plate,well,cell_type,timepoint,compound,perturbation,broad_sample,control_type,moas,umap_1,umap_2
BR00117010,A01,U2OS,48,gabapentin-enacarbil,compound,BRD-A86665761-001-01-1,,,1.8465468,18.163311
BR00117010,A02,U2OS,48,DMSO,compound,,negcon,,2.0679343,18.48731
BR00117010,A03,U2OS,48,amlodipine,compound,BRD-A22032524-074-09-9,,['calcium channel blocker'],1.5364413,17.95467
BR00117010,A04,U2OS,48,hexestrol,compound,BRD-A01078468-001-14-8,,,1.6195858,18.377565
BR00117010,A05,U2OS,48,quinine,compound,BRD-K48278478-001-01-2,,,2.9698331,18.325888
BR00117010,A06,U2OS,48,LOXO-101,compound,BRD-K36574127-001-01-3,,,1.8355718,18.957283
BR00117010,A07,U2OS,48,brinzolamide,compound,BRD-K74913225-001-14-0,,['carbonic anhydrase inhibitor'],2.1955528,18.30546
BR00117010,A08,U2OS,48,NS-11021,compound,BRD-K94342292-001-01-3,,['calcium-activated potassium channel activator'],1.4925022,16.123959
BR00117010,A09,U2OS,48,DMSO,compound,,negcon,,2.5837123,18.442266
BR00117010,A10,U2OS,48,GNF-5837,compound,BRD-K19975102-001-01-2,,['growth factor receptor inhibitor'],1.6266282,16.966797
BR00117010,A11,U2OS,48,apatinib,compound,BRD-K25244359-066-02-6,,['RET tyrosine kinase inhibitor'],1.9823878,18.199135
BR00117010,A12,U2OS,48,ethoxzolamide,compound,BRD-K18131774-001-18-4,,['carbonic anhydrase inhibitor'],2.395413,18.181486
BR00117010,A13,U2OS,48,ascorbic-acid,compound,BRD-A85242401-001-11-5,,,3.8789017,16.813398
BR00117010,A14,U2OS,48,ryuvidine,compound,BRD-K06426971-001-02-7,,['histone lysine methyltransferase inhibitor'],8.161244,8.460872
BR00117010,A15,U2OS,48,BAN-ORL-24,compound,BRD-K47049295-300-03-1,,,6.6506133,12.413783
BR00117010,A16,U2OS,48,NNC-55-0396,compound,BRD-K78122587-300-04-3,,,7.427002,13.238734
BR00117010,A17,U2OS,48,DMSO,compound,,negcon,,2.4630752,18.583866
BR00117010,A18,U2OS,48,WH-4-023,compound,BRD-K50199947-001-03-4,,['src inhibitor'],6.5818334,12.678938
BR00117010,A19,U2OS,48,flupirtine,compound,BRD-K50720187-051-03-1,,['glutamate receptor antagonist'],3.1895368,17.550451
BR00117010,A20,U2OS,48,ZK811752,compound,BRD-K91825936-001-03-9,,,2.7361562,17.751673
BR00117010,A21,U2OS,48,dexamethasone,compound,BRD-K38775274-001-22-1,,['glucocorticoid receptor agonist'],1.5541757,19.465048
BR00117010,A22,U2OS,48,PP-1,compound,BRD-K47598052-001-14-1,,['src inhibitor'],5.7787457,13.487592
BR00117010,A23,U2OS,48,DDR1-IN-1,compound,BRD-K61845293-300-01-9,,,7.738012,13.742597
BR00117010,A24,U2OS,48,AVL-292,compound,BRD-K87782578-001-01-4,,"[""Bruton's tyrosine kinase (BTK) inhibitor""]",6.0041037,12.337081
BR00117010,B01,U2OS,48,H2L-5765834,compound,BRD-K26439554-001-01-3,,['lysophosphatidic acid receptor antagonist'],3.0945761,18.970112
BR00117010,B02,U2OS,48,thiostrepton,compound,BRD-K58049875-001-03-9,,['protein synthesis inhibitor'],8.504044,9.471994
BR00117010,B03,U2OS,48,DMSO,compound,,negcon,,3.191336,18.325619
BR00117010,B04,U2OS,48,arcyriaflavin-a,compound,BRD-K72726508-001-02-1,,['CDK inhibitor'],5.5302453,12.520571
BR00117010,B05,U2OS,48,CYM-5520,compound,BRD-K29151923-001-01-5,,['sphingosine 1 phosphate receptor agonist'],4.0453205,18.39599
BR00117010,B06,U2OS,48,fludarabine,compound,BRD-K66788707-001-14-3,,['ribonucleotide reductase inhibitor'],3.5198715,11.99089
BR00117010,B07,U2OS,48,alda-1,compound,BRD-K06890060-001-09-1,,,2.909945,18.868406
BR00117010,B08,U2OS,48,meclofenamic-acid,compound,BRD-K50398167-236-22-7,,"['cyclooxygenase inhibitor', 'prostanoid receptor antagonist']",3.5109782,18.671228
BR00117010,B09,U2OS,48,GNF-5,compound,BRD-K87632963-001-03-0,,['Bcr-Abl kinase inhibitor'],2.644726,18.399567
BR00117010,B10,U2OS,48,NS-309,compound,BRD-K37602296-001-01-6,,['calcium-activated potassium channel activator'],3.202661,18.846636
BR00117010,B11,U2OS,48,AK-7,compound,BRD-K09143580-001-01-0,,['SIRT inhibitor'],2.1397846,16.871946
BR00117010,B12,U2OS,48,BVT-948,compound,BRD-A22713669-001-04-3,,,7.8897986,8.420788
BR00117010,B13,U2OS,48,SirReal-2,compound,BRD-K16472653-001-01-6,,['SIRT inhibitor'],1.5840449,18.808344
BR00117010,B14,U2OS,48,DMSO,compound,,negcon,,2.6239636,18.446566
BR00117010,B15,U2OS,48,BMS-536924,compound,BRD-K34581968-001-05-3,,['IGF-1 inhibitor'],5.9817123,12.678096
BR00117010,B16,U2OS,48,PP-121,compound,BRD-K81801188-001-02-8,,['protein tyrosine kinase inhibitor'],7.328699,10.335
BR00117010,B17,U2OS,48,MCOPPB,compound,BRD-K73276278-305-01-1,,,7.925135,12.758011
BR00117010,B18,U2OS,48,ozagrel,compound,BRD-K53061490-003-13-9,,,2.859461,19.11156
BR00117010,B19,U2OS,48,CYM-5442,compound,BRD-A43005764-003-01-5,,['sphingosine 1 phosphate receptor agonist'],7.57296,13.533012
BR00117010,B20,U2OS,48,CVT-10216,compound,BRD-K60659193-001-01-0,,,3.058056,18.833235
BR00117010,B21,U2OS,48,TCN201,compound,BRD-K09787262-001-02-7,,['glutamate receptor antagonist'],2.0214922,18.662426
BR00117010,B22,U2OS,48,fomepizole,compound,BRD-K56810756-003-07-7,,['alcohol dehydrogenase inhibitor'],0.65920866,19.066444
BR00117010,B23,U2OS,48,benzamil,compound,BRD-K87158025-003-08-7,,['sodium channel blocker'],2.5218866,18.624985
BR00117010,B24,U2OS,48,lercanidipine,compound,BRD-A18992208-003-02-7,,['calcium channel blocker'],1.4347557,18.367804
BR00117010,C01,U2OS,48,4-CMTB,compound,BRD-A54139254-001-09-2,,['free fatty acid receptor agonist'],3.076999,18.556503
BR00117010,C02,U2OS,48,ML-228,compound,BRD-K44432556-001-05-5,,,4.0610957,18.516903
BR00117010,C03,U2OS,48,DMSO,compound,,negcon,,3.1545806,18.149637
BR00117010,C04,U2OS,48,GSK1070916,compound,BRD-K36740062-001-06-6,,['Aurora kinase inhibitor'],5.8505507,11.410009
BR00117010,C05,U2OS,48,ML-193,compound,BRD-K27539181-001-08-5,,,3.0438797,18.566181
BR00117010,C06,U2OS,48,DMSO,compound,,negcon,,3.1551824,18.850513
BR00117010,C07,U2OS,48,M-25,compound,BRD-K51265828-001-01-0,,['smoothened receptor antagonist'],3.148484,18.752735
BR00117010,C08,U2OS,48,azeliragon,compound,BRD-K51899933-001-02-6,,['RAGE receptor antagonist'],7.7746253,9.807444
BR00117010,C09,U2OS,48,CYT-997,compound,BRD-K23363278-001-02-1,poscon_diverse,['tubulin polymerization inhibitor'],8.651226,10.25606
BR00117010,C10,U2OS,48,AR-12,compound,BRD-K90497590-001-05-9,,,8.518491,8.915608
BR00117010,C11,U2OS,48,CYM-50260,compound,BRD-K69877120-001-01-7,,['sphingosine 1 phosphate receptor agonist'],3.7617955,18.560549
BR00117010,C12,U2OS,48,DMSO,compound,,negcon,,3.0852282,18.667902
BR00117010,C13,U2OS,48,KG-5,compound,BRD-K90747162-001-01-4,poscon_cp,['RAF inhibitor'],6.6184154,11.484191
BR00117010,C14,U2OS,48,JTE-607,compound,BRD-K81405859-300-01-4,,,3.862514,11.681597
BR00117010,C15,U2OS,48,DMSO,compound,,negcon,,2.7215672,18.644562
BR00117010,C16,U2OS,48,ilomastat,compound,BRD-K51662849-001-05-4,,['matrix metalloprotease inhibitor'],2.5766482,18.439894
BR00117010,C17,U2OS,48,RX-821002,compound,BRD-A65597028-003-08-1,,['adrenergic receptor antagonist'],3.55914,18.57427
BR00117010,C18,U2OS,48,DMSO,compound,,negcon,,3.175572,18.789438
BR00117010,C19,U2OS,48,TUG-891,compound,BRD-K24282351-001-01-4,,['free fatty acid receptor agonist'],3.3651497,18.646656
BR00117010,C20,U2OS,48,ponatinib,compound,BRD-K44227013-001-08-0,,"['PDGFR tyrosine kinase receptor inhibitor', 'FLT3 inhibitor', 'Bcr-Abl kinase inhibitor']",8.567028,9.068195
BR00117010,C21,U2OS,48,DMSO,compound,,negcon,,2.667164,18.799562
BR00117010,C22,U2OS,48,puromycin,compound,BRD-K01824976-300-02-9,,['protein synthesis inhibitor'],8.446078,9.0227995
BR00117010,C23,U2OS,48,SRC-kinase-inhibitor-I,compound,BRD-K50495309-001-02-0,,['src inhibitor'],7.8620305,13.485032
BR00117010,C24,U2OS,48,acetylcysteine,compound,BRD-K59058747-001-19-1,,,1.3105305,19.224092
BR00117010,D01,U2OS,48,NSC-625987,compound,BRD-K62949423-001-03-1,,['CDK inhibitor'],2.6700096,18.978424
BR00117010,D02,U2OS,48,dalfampridine,compound,BRD-K22482860-001-20-6,,['potassium channel blocker'],3.0123866,19.098967
BR00117010,D03,U2OS,48,NSC-95397,compound,BRD-K68143200-001-11-7,,['CDC inhibitor'],8.035282,8.679158
BR00117010,D04,U2OS,48,alrestatin,compound,BRD-K35498378-001-06-1,,['aldose reductase inhibitor'],2.1367667,19.117952
BR00117010,D05,U2OS,48,PF-03758309,compound,BRD-K37764012-001-03-3,poscon_diverse,['p21 activated kinase inhibitor'],3.905573,18.3836
BR00117010,D06,U2OS,48,IRL-2500,compound,BRD-K98357249-001-02-9,,['endothelin receptor antagonist'],3.0794897,18.957855
BR00117010,D07,U2OS,48,PF-04217903,compound,BRD-K73319509-001-08-0,poscon_cp,,2.6354797,18.990572
BR00117010,D08,U2OS,48,FK-866,compound,BRD-K58550667-001-08-7,poscon_diverse,,5.1292353,8.151361
BR00117010,D09,U2OS,48,amlexanox,compound,BRD-K29530284-001-06-2,,,3.5507445,18.52053
BR00117010,D10,U2OS,48,GW-311616,compound,BRD-K37864785-001-01-0,,['elastase inhibitor'],3.3908927,18.312845
BR00117010,D11,U2OS,48,buparlisib,compound,BRD-K42191735-001-08-7,poscon_diverse,,8.925058,10.135883
BR00117010,D12,U2OS,48,amiloride,compound,BRD-K97181089-003-24-7,,['sodium channel blocker'],2.2946284,18.813883
BR00117010,D13,U2OS,48,DG-172,compound,BRD-K75748943-300-01-3,,,7.8033013,13.750264
BR00117010,D14,U2OS,48,DMSO,compound,,negcon,,2.9527185,18.70965
BR00117010,D15,U2OS,48,DMSO,compound,,negcon,,2.9518495,19.062391
BR00117010,D16,U2OS,48,NVP-ADW742,compound,BRD-K15179513-001-04-2,poscon_cp,,7.646334,12.632252
BR00117010,D17,U2OS,48,misoprostol,compound,BRD-A72351335-001-04-5,,['prostanoid receptor agonist'],1.9539403,18.673985
BR00117010,D18,U2OS,48,conivaptan,compound,BRD-K37385792-003-02-1,,,1.2914771,17.366564
BR00117010,D19,U2OS,48,spiroxatrine,compound,BRD-A72483914-001-03-7,,['serotonin receptor antagonist'],2.3557787,18.711922
BR00117010,D20,U2OS,48,diacerein,compound,BRD-K69122748-001-10-1,,,2.124419,18.906626
BR00117010,D21,U2OS,48,DMSO,compound,,negcon,,3.025233,18.405905
BR00117010,D22,U2OS,48,DMSO,compound,,negcon,,2.665356,18.615618
BR00117010,D23,U2OS,48,glyburide,compound,BRD-K36927236-001-36-7,,['ATP channel blocker'],1.2643739,19.064009
BR00117010,D24,U2OS,48,ANR-94,compound,BRD-K31170746-001-01-6,,,1.1919961,19.111908
BR00117010,E01,U2OS,48,TFC-007,compound,BRD-K57708067-001-01-3,,,2.7471907,18.706968
BR00117010,E02,U2OS,48,trihexyphenidyl,compound,BRD-A48180038-003-24-3,,['acetylcholine receptor antagonist'],2.7309115,18.989565
BR00117010,E03,U2OS,48,epoprostenol,compound,BRD-K64054020-001-02-7,,,3.623705,18.692638
BR00117010,E04,U2OS,48,sacubitril,compound,BRD-K91456750-001-01-9,,,3.2003844,18.174023
BR00117010,E05,U2OS,48,danusertib,compound,BRD-K07881437-001-03-8,poscon_diverse,"['growth factor receptor inhibitor', 'Aurora kinase inhibitor']",4.1847243,11.501846
BR00117010,E06,U2OS,48,CYT-997,compound,BRD-K23363278-001-02-1,poscon_diverse,['tubulin polymerization inhibitor'],8.623452,10.417847
BR00117010,E07,U2OS,48,DMSO,compound,,negcon,,3.2075744,18.43443
BR00117010,E08,U2OS,48,BQ-788,compound,BRD-K02490038-236-03-8,,['endothelin receptor antagonist'],3.7384796,18.530499
BR00117010,E09,U2OS,48,SB-202190,compound,BRD-K54330070-001-19-6,poscon_orf,['p38 MAPK inhibitor'],2.8119318,16.051548
BR00117010,E10,U2OS,48,GSK2110183,compound,BRD-K25412176-001-01-9,poscon_diverse,,4.962198,16.434776
BR00117010,E11,U2OS,48,GSK3787,compound,BRD-K03155172-001-03-0,,['PPAR receptor antagonist'],3.2784643,18.704744
BR00117010,E12,U2OS,48,BAM7,compound,BRD-K07442505-001-03-6,,,2.4014153,18.531923
BR00117010,E13,U2OS,48,PHA-793887,compound,BRD-K64800655-001-09-0,poscon_diverse,['CDK inhibitor'],6.489281,10.286442
BR00117010,E14,U2OS,48,DMSO,compound,,negcon,,3.0902827,18.753262
BR00117010,E15,U2OS,48,GSK-37647,compound,BRD-K26514105-001-01-7,,['free fatty acid receptor agonist'],2.5176752,18.635529
BR00117010,E16,U2OS,48,desonide,compound,BRD-K21528677-001-04-4,,['glucocorticoid receptor agonist'],2.7192855,19.464031
BR00117010,E17,U2OS,48,DMSO,compound,,negcon,,3.0405698,18.327753
BR00117010,E18,U2OS,48,aloxistatin,compound,BRD-K91188791-001-17-5,,,2.7532704,17.212301
BR00117010,E19,U2OS,48,azathioprine,compound,BRD-K32821942-001-22-1,,,1.9515074,18.889612
BR00117010,E20,U2OS,48,ZK-93423,compound,BRD-K33882852-003-02-8,poscon_diverse,['benzodiazepine receptor agonist'],1.9962696,16.933771
BR00117010,E21,U2OS,48,BI-2536,compound,BRD-K64890080-001-02-1,poscon_diverse,,8.35319,11.151838
BR00117010,E22,U2OS,48,EI1,compound,BRD-K91535048-001-01-2,poscon_cp,['histone lysine methyltransferase inhibitor'],1.6235743,19.04782
BR00117010,E23,U2OS,48,NVP-HSP990,compound,BRD-K67915505-001-01-2,,['HSP inhibitor'],7.4075937,9.614208
BR00117010,E24,U2OS,48,DMSO,compound,,negcon,,2.5054827,18.871115
BR00117010,F01,U2OS,48,DMSO,compound,,negcon,,2.6409829,19.156092
BR00117010,F02,U2OS,48,nialamide,compound,BRD-K12102668-001-25-5,,,2.9713144,19.252548
BR00117010,F03,U2OS,48,DMSO,compound,,negcon,,2.8796682,19.00781
BR00117010,F04,U2OS,48,arundic-acid,compound,BRD-K49223707-001-01-0,,,3.6247826,19.080482
BR00117010,F05,U2OS,48,torcitabine,compound,BRD-K91822704-003-07-2,,,3.1045623,19.250034
BR00117010,F06,U2OS,48,DMSO,compound,,negcon,,2.9278705,18.81291
BR00117010,F07,U2OS,48,epothilone-b,compound,BRD-K68164687-001-01-6,,"['microtubule stabilizing agent', 'tubulin polymerization inhibitor']",7.2002087,11.246571
BR00117010,F08,U2OS,48,dyphylline,compound,BRD-A00827783-001-24-6,,['phosphodiesterase inhibitor'],2.5977714,19.312199
BR00117010,F09,U2OS,48,DMSO,compound,,negcon,,3.212917,18.382915
BR00117010,F10,U2OS,48,quinidine,compound,BRD-K59632282-052-03-1,,['sodium channel blocker'],4.1841874,17.767923
BR00117010,F11,U2OS,48,halopemide,compound,BRD-K50055394-001-03-6,,,0.88527316,16.697952
BR00117010,F12,U2OS,48,sulfinpyrazone,compound,BRD-A36217750-001-16-3,,,2.4776235,18.681116
BR00117010,F13,U2OS,48,ML-323,compound,BRD-K93942811-001-01-3,poscon_cp,['ubiquitin specific protease inhibitor'],3.0037591,18.565136
BR00117010,F14,U2OS,48,racecadotril,compound,BRD-A08187463-001-12-9,,,2.50958,18.709166
BR00117010,F15,U2OS,48,BRL-50481,compound,BRD-K84266862-001-03-2,,['phosphodiesterase inhibitor'],3.205746,18.11661
BR00117010,F16,U2OS,48,GSK2110183,compound,BRD-K25412176-001-01-9,poscon_diverse,,5.022159,16.354235
BR00117010,F17,U2OS,48,bufexamac,compound,BRD-K36660044-001-24-2,,['cyclooxygenase inhibitor'],2.692377,18.39926
BR00117010,F18,U2OS,48,anandamide,compound,BRD-K42352790-001-05-3,,,2.553569,18.678968
BR00117010,F19,U2OS,48,thioguanine,compound,BRD-K49350383-001-13-7,poscon_diverse,,4.899944,12.598725
BR00117010,F20,U2OS,48,IWP-L6,compound,BRD-K53234107-001-01-6,,['porcupine inhibitor'],1.8938557,18.550478
BR00117010,F21,U2OS,48,edoxaban,compound,BRD-K29322660-001-01-9,,['coagulation factor inhibitor'],3.6323826,18.661116
BR00117010,F22,U2OS,48,lonafarnib,compound,BRD-K41599323-001-02-3,poscon_diverse,,4.894809,13.548156
BR00117010,F23,U2OS,48,ibutamoren,compound,BRD-K44771174-066-01-0,,,2.316477,18.987316
BR00117010,F24,U2OS,48,somatostatin,compound,BRD-K14681867-001-01-6,,['somatostatin receptor agonist'],2.779168,18.896885
BR00117010,G01,U2OS,48,L-proline,compound,BRD-K01666412-001-02-0,,,3.0458717,18.65012
BR00117010,G02,U2OS,48,zamifenacin,compound,BRD-K80451230-051-02-6,,['acetylcholine receptor antagonist'],2.8010464,18.612103
BR00117010,G03,U2OS,48,YC-1,compound,BRD-K60476892-001-16-1,,,5.390978,11.085703
BR00117010,G04,U2OS,48,DMSO,compound,,negcon,,3.3277993,18.857626
BR00117010,G05,U2OS,48,ME-0328,compound,BRD-K24283677-001-01-9,,['PPAR receptor antagonist'],2.3747413,19.205841
BR00117010,G06,U2OS,48,NSC-663284,compound,BRD-K03109492-001-02-2,,['CDC inhibitor'],7.8455873,8.500741
BR00117010,G07,U2OS,48,CYM-50358,compound,BRD-K80666802-003-01-0,,,2.6205597,18.844997
BR00117010,G08,U2OS,48,trazodone,compound,BRD-K70778732-003-27-5,,"['adrenergic receptor antagonist', 'serotonin receptor antagonist']",3.097793,18.679983
BR00117010,G09,U2OS,48,DMSO,compound,,negcon,,3.156024,18.724276
BR00117010,G10,U2OS,48,DMSO,compound,,negcon,,3.0589418,19.160307
BR00117010,G11,U2OS,48,sulfasalazine,compound,BRD-K10670311-001-17-1,,['cyclooxygenase inhibitor'],3.1761281,18.720057
BR00117010,G12,U2OS,48,"2,5-furandimethanol",compound,BRD-K29791386-001-01-8,,,3.2229395,18.686867
BR00117010,G13,U2OS,48,DMSO,compound,,negcon,,2.899661,18.274502
BR00117010,G14,U2OS,48,dilazep,compound,BRD-K48722258-300-11-0,,,2.9526947,18.419582
BR00117010,G15,U2OS,48,felodipine,compound,BRD-A30815329-001-12-1,,['calcium channel blocker'],2.848644,18.997509
BR00117010,G16,U2OS,48,paliperidone,compound,BRD-A99888680-001-05-3,,"['dopamine receptor antagonist', 'serotonin receptor antagonist']",2.153816,18.82483
BR00117010,G17,U2OS,48,purvalanol-a,compound,BRD-K50836978-001-03-3,poscon_orf,['CDK inhibitor'],4.079442,13.247875
BR00117010,G18,U2OS,48,DMSO,compound,,negcon,,2.9033477,18.465712
BR00117010,G19,U2OS,48,Ro-1138452,compound,BRD-K77220725-003-01-5,,['prostanoid receptor antagonist'],2.7542245,19.0792
BR00117010,G20,U2OS,48,sorbinil,compound,BRD-A89164055-001-03-3,,['aldose reductase inhibitor'],2.6160202,18.751549
BR00117010,G21,U2OS,48,TC-S-7004,compound,BRD-K89517477-001-01-4,poscon_cp,['DYRK inhibitor'],2.8844118,17.114792
BR00117010,G22,U2OS,48,saclofen,compound,BRD-A24122750-001-03-7,,['GABA receptor antagonist'],2.9025362,18.213612
BR00117010,G23,U2OS,48,BAY-87-2243,compound,BRD-K70463136-001-01-5,,,1.7480571,16.999035
BR00117010,G24,U2OS,48,ibudilast,compound,BRD-K16444452-001-09-1,,['phosphodiesterase inhibitor'],3.1664188,18.47698
BR00117010,H01,U2OS,48,briciclib,compound,BRD-K05531427-001-01-7,,,8.730194,10.197303
BR00117010,H02,U2OS,48,2-Oleoylglycerol,compound,BRD-K77087341-001-02-4,,,3.2354958,19.21615
BR00117010,H03,U2OS,48,RGFP966,compound,BRD-K61688984-001-02-9,poscon_cp,['HDAC inhibitor'],3.267948,16.577711
BR00117010,H04,U2OS,48,DMSO,compound,,negcon,,3.3039973,18.506247
BR00117010,H05,U2OS,48,azacitidine,compound,BRD-K03406345-001-21-1,poscon_diverse,,3.125713,18.471296
BR00117010,H06,U2OS,48,N6-cyclopentyladenosine,compound,BRD-K60150510-001-15-6,,,3.2412271,18.934444
BR00117010,H07,U2OS,48,filgotinib,compound,BRD-K16803204-001-01-6,poscon_cp,['JAK inhibitor'],2.80327,18.923555
BR00117010,H08,U2OS,48,guanidine,compound,BRD-K76037122-001-02-5,,['HSP inhibitor'],3.265797,18.845247
BR00117010,H09,U2OS,48,coumarin,compound,BRD-K23913458-001-20-7,,,3.0676832,18.51249
BR00117010,H10,U2OS,48,DMSO,compound,,negcon,,2.9262152,18.244236
BR00117010,H11,U2OS,48,ZM-336372,compound,BRD-K73789395-001-09-9,poscon_orf,['RAF inhibitor'],2.6912036,18.919855
BR00117010,H12,U2OS,48,citric-acid,compound,BRD-K76792669-001-08-1,,['coagulation factor inhibitor'],2.8777936,19.135965
BR00117010,H13,U2OS,48,DMSO,compound,,negcon,,2.8210373,18.757393
BR00117010,H14,U2OS,48,CCG-63802,compound,BRD-K26970495-001-02-7,,['G protein signaling inhibitor'],3.6785593,18.1995
BR00117010,H15,U2OS,48,ibutilide,compound,BRD-A74391928-051-03-9,,['potassium channel blocker'],2.863868,18.885246
BR00117010,H16,U2OS,48,batimastat,compound,BRD-K82818427-001-04-8,,['matrix metalloprotease inhibitor'],3.3364213,17.067375
BR00117010,H17,U2OS,48,DMSO,compound,,negcon,,3.2407568,18.145437
BR00117010,H18,U2OS,48,DMSO,compound,,negcon,,2.9353108,18.70624
BR00117010,H19,U2OS,48,UNC1999,compound,BRD-K26989966-001-04-3,poscon_cp,['histone lysine methyltransferase inhibitor'],7.8447413,9.661147
BR00117010,H20,U2OS,48,glutamine-(l),compound,BRD-K83896451-001-06-7,,,3.1623743,18.76815
BR00117010,H21,U2OS,48,PD-98059,compound,BRD-K62810658-001-11-4,poscon_orf,,2.3106928,19.04436
BR00117010,H22,U2OS,48,enilconazole,compound,BRD-K01825690-065-01-9,,,3.9630477,18.528711
BR00117010,H23,U2OS,48,N-alpha-Methylhistamine-dihydrochloride,compound,BRD-K75390981-300-04-9,,['histamine receptor agonist'],2.4173715,18.927452
BR00117010,H24,U2OS,48,GK921,compound,BRD-K38272302-001-02-7,,,6.717448,9.5406885
BR00117010,I01,U2OS,48,nilvadipine,compound,BRD-A84687895-001-03-2,,['calcium channel blocker'],3.1900418,18.752363
BR00117010,I02,U2OS,48,DMSO,compound,,negcon,,3.0888026,17.936752
BR00117010,I03,U2OS,48,AC-710,compound,BRD-K15819326-001-01-6,,['PDGFR tyrosine kinase receptor inhibitor'],7.3629827,12.844131
BR00117010,I04,U2OS,48,PETCM,compound,BRD-A93477898-001-04-2,,,2.9033887,19.101004
BR00117010,I05,U2OS,48,AZD7762,compound,BRD-K86525559-001-07-8,poscon_diverse,['CHK inhibitor'],8.028113,9.016743
BR00117010,I06,U2OS,48,PHA-793887,compound,BRD-K64800655-001-09-0,poscon_diverse,['CDK inhibitor'],6.556312,10.223151
BR00117010,I07,U2OS,48,KU-60019,compound,BRD-K36016295-001-05-2,,['ATM kinase inhibitor'],5.9457607,10.237076
BR00117010,I08,U2OS,48,nafamostat,compound,BRD-K06674495-334-04-0,,,2.6424227,17.050236
BR00117010,I09,U2OS,48,DMSO,compound,,negcon,,3.0862966,19.125984
BR00117010,I10,U2OS,48,DMSO,compound,,negcon,,3.327409,18.53638
BR00117010,I11,U2OS,48,taladegib,compound,BRD-K50498985-001-03-3,,['smoothened receptor antagonist'],2.5569782,19.44418
BR00117010,I12,U2OS,48,acetohexamide,compound,BRD-K52960356-001-13-0,,['ATP channel blocker'],3.3591106,18.436945
BR00117010,I13,U2OS,48,minocycline,compound,BRD-A69651145-003-11-4,,,3.1301649,18.107647
BR00117010,I14,U2OS,48,BI-2536,compound,BRD-K64890080-001-02-1,poscon_diverse,,8.3103485,11.041389
BR00117010,I15,U2OS,48,riociguat,compound,BRD-K84783599-001-01-0,,,1.9739306,19.251833
BR00117010,I16,U2OS,48,CP-724714,compound,BRD-K76908866-001-07-6,poscon_cp,"['EGFR inhibitor', 'protein tyrosine kinase inhibitor']",1.6927892,18.67222
BR00117010,I17,U2OS,48,ganetespib,compound,BRD-K38852836-001-04-9,poscon_diverse,['HSP inhibitor'],7.2882423,9.70093
BR00117010,I18,U2OS,48,AZ191,compound,BRD-K80935598-001-01-1,poscon_cp,['DYRK inhibitor'],8.007439,12.562637
BR00117010,I19,U2OS,48,BAX-channel-blocker,compound,BRD-A18763547-300-06-3,,,7.5105834,12.375257
BR00117010,I20,U2OS,48,SU3327,compound,BRD-K32730239-001-01-0,,['JNK inhibitor'],8.466075,9.027016
BR00117010,I21,U2OS,48,DMSO,compound,,negcon,,3.0006185,18.938208
BR00117010,I22,U2OS,48,DMSO,compound,,negcon,,3.062156,18.12448
BR00117010,I23,U2OS,48,octreotide,compound,BRD-A64173453-015-03-1,,['somatostatin receptor agonist'],2.786391,19.176916
BR00117010,I24,U2OS,48,1-octanol,compound,BRD-K09338665-001-08-9,,,2.1153948,18.812902
BR00117010,J01,U2OS,48,acalabrutinib,compound,BRD-K64034691-001-01-9,,"[""Bruton's tyrosine kinase (BTK) inhibitor""]",3.5697215,19.019987
BR00117010,J02,U2OS,48,rifamycin,compound,BRD-K38512030-001-01-7,,,3.0755148,18.967525
BR00117010,J03,U2OS,48,pazopanib,compound,BRD-K74514084-003-09-2,,"['KIT inhibitor', 'VEGFR inhibitor', 'PDGFR tyrosine kinase receptor inhibitor']",4.634192,16.805002
BR00117010,J04,U2OS,48,RKI-1447,compound,BRD-K19333160-001-01-3,poscon_cp,,4.9345965,15.268642
BR00117010,J05,U2OS,48,vitamin-E,compound,BRD-K97091514-001-11-4,,['PKC inhibitor'],3.3986213,18.798174
BR00117010,J06,U2OS,48,lonafarnib,compound,BRD-K41599323-001-02-3,poscon_diverse,,4.8674383,13.582817
BR00117010,J07,U2OS,48,ethyl-pyruvate,compound,BRD-K47738867-001-01-5,,,3.269125,19.105125
BR00117010,J08,U2OS,48,picrotin,compound,BRD-A91822151-001-05-0,,['GABA receptor antagonist'],2.2765028,19.212486
BR00117010,J09,U2OS,48,SGX523,compound,BRD-K19477839-001-07-6,poscon_cp,,2.9214802,19.0697
BR00117010,J10,U2OS,48,PP-2,compound,BRD-K95785537-001-22-3,,['src inhibitor'],5.8048654,13.32429
BR00117010,J11,U2OS,48,ME-0328,compound,BRD-A63444178-001-01-5,,['PPAR receptor antagonist'],2.790084,18.725775
BR00117010,J12,U2OS,48,AZD9668,compound,BRD-K31476763-001-01-5,,['elastase inhibitor'],3.8956084,18.88562
BR00117010,J13,U2OS,48,NQDI-1,compound,BRD-K61918008-001-07-1,,,2.422554,19.229124
BR00117010,J14,U2OS,48,DMSO,compound,,negcon,,3.0394647,18.239475
BR00117010,J15,U2OS,48,carzenide,compound,BRD-K09295674-001-09-8,,,3.5566227,18.668177
BR00117010,J16,U2OS,48,KU-55933,compound,BRD-K25311561-001-10-7,,['ATM kinase inhibitor'],2.8796647,20.419651
BR00117010,J17,U2OS,48,NVP-AEW541,compound,BRD-K24696047-001-02-3,poscon_cp,['IGF-1 inhibitor'],7.6540303,13.412051
BR00117010,J18,U2OS,48,leflunomide,compound,BRD-K78692225-001-24-5,,['PDGFR tyrosine kinase receptor inhibitor'],2.4916508,18.780462
BR00117010,J19,U2OS,48,DMSO,compound,,negcon,,3.1533015,18.758204
BR00117010,J20,U2OS,48,azacitidine,compound,BRD-K03406345-001-21-1,poscon_diverse,,3.3087366,19.22439
BR00117010,J21,U2OS,48,ixabepilone,compound,BRD-K03601870-001-01-2,,['microtubule stabilizing agent'],8.289733,10.790795
BR00117010,J22,U2OS,48,KH-CB19,compound,BRD-K66430217-001-03-8,poscon_cp,['CDC inhibitor'],2.7976213,18.930601
BR00117010,J23,U2OS,48,DMSO,compound,,negcon,,2.6140149,18.872585
BR00117010,J24,U2OS,48,PF-05190457,compound,BRD-K02554563-001-01-6,,,1.0625161,18.653252
BR00117010,K01,U2OS,48,LDN-212854,compound,BRD-K59831625-001-03-9,,,8.201209,8.894392
BR00117010,K02,U2OS,48,formononetin,compound,BRD-K55567017-001-12-3,,['alcohol dehydrogenase inhibitor'],3.2297187,18.130592
BR00117010,K03,U2OS,48,aminopurvalanol-a,compound,BRD-K07762753-001-05-1,poscon_orf,['CDK inhibitor'],4.4122996,12.770556
BR00117010,K04,U2OS,48,ruxolitinib,compound,BRD-K53972329-001-01-3,poscon_cp,['JAK inhibitor'],2.4810662,19.37609
BR00117010,K05,U2OS,48,DMSO,compound,,negcon,,2.9953647,18.369093
BR00117010,K06,U2OS,48,DMSO,compound,,negcon,,3.073504,18.3292
BR00117010,K07,U2OS,48,LGK-974,compound,BRD-K16810791-001-01-0,,['porcupine inhibitor'],3.2652776,18.938313
BR00117010,K08,U2OS,48,polydatin,compound,BRD-K43236057-001-07-1,,['ICAM1 expression inhibitor'],5.363695,12.97724
BR00117010,K09,U2OS,48,enflurane,compound,BRD-A51831848-001-01-7,,,3.7391496,19.025568
BR00117010,K10,U2OS,48,PFI-1,compound,BRD-K13094524-001-04-2,poscon_cp,,3.2692285,18.702005
BR00117010,K11,U2OS,48,AZD7762,compound,BRD-K86525559-001-07-8,poscon_diverse,['CHK inhibitor'],7.8913493,9.131331
BR00117010,K12,U2OS,48,sotrastaurin,compound,BRD-K16761703-001-03-8,,['PKC inhibitor'],3.0408387,15.773536
BR00117010,K13,U2OS,48,DMSO,compound,,negcon,,3.4050508,18.256836
BR00117010,K14,U2OS,48,cycloheximide,compound,BRD-K36055864-001-20-0,,['protein synthesis inhibitor'],5.859803,10.9436655
BR00117010,K15,U2OS,48,oxytocin,compound,BRD-K25243230-001-01-2,,,3.5635312,18.913774
BR00117010,K16,U2OS,48,DMSO,compound,,negcon,,3.1082354,18.093931
BR00117010,K17,U2OS,48,colchicine,compound,BRD-K00259736-001-16-4,,,8.697792,10.192529
BR00117010,K18,U2OS,48,afimoxifene,compound,BRD-K04210847-001-21-9,,,3.0134017,18.959948
BR00117010,K19,U2OS,48,DMSO,compound,,negcon,,3.1963122,18.39012
BR00117010,K20,U2OS,48,ZK-93423,compound,BRD-K33882852-003-02-8,poscon_diverse,['benzodiazepine receptor agonist'],2.0531375,17.149683
BR00117010,K21,U2OS,48,RGB-286638,compound,BRD-K20986415-001-02-6,,['CDK inhibitor'],6.2336364,9.95847
BR00117010,K22,U2OS,48,FPS-ZM1,compound,BRD-K87691185-001-01-2,,['RAGE receptor antagonist'],3.6277618,18.533934
BR00117010,K23,U2OS,48,flindokalner,compound,BRD-K56740996-001-02-1,,,3.235685,18.568213
BR00117010,K24,U2OS,48,motesanib,compound,BRD-K99616396-316-05-3,,"['KIT inhibitor', 'VEGFR inhibitor', 'PDGFR tyrosine kinase receptor inhibitor']",1.2194713,18.499653
BR00117010,L01,U2OS,48,geldanamycin,compound,BRD-K43570081-001-02-4,,['HSP inhibitor'],7.242765,9.747731
BR00117010,L02,U2OS,48,DMSO,compound,,negcon,,3.1312463,18.101223
BR00117010,L03,U2OS,48,CGP-53353,compound,BRD-K32292990-001-03-6,,"['PKC inhibitor', 'EGFR inhibitor']",3.3354642,18.691517
BR00117010,L04,U2OS,48,7-hydroxystaurosporine,compound,BRD-K45293975-001-02-0,,"['CDK inhibitor', 'PKC inhibitor', 'CHK inhibitor']",7.6298122,9.071522
BR00117010,L05,U2OS,48,DMSO,compound,,negcon,,3.1520076,19.21067
BR00117010,L06,U2OS,48,DMSO,compound,,negcon,,3.1496618,19.131704
BR00117010,L07,U2OS,48,efaproxiral,compound,BRD-K37355418-236-01-6,,,3.2496789,19.082863
BR00117010,L08,U2OS,48,SB-203580,compound,BRD-A37704979-001-12-3,poscon_orf,['p38 MAPK inhibitor'],3.6125712,14.905172
BR00117010,L09,U2OS,48,FK-866,compound,BRD-K58550667-001-08-7,poscon_diverse,,5.105839,8.137721
BR00117010,L10,U2OS,48,bepridil,compound,BRD-A91008255-003-24-8,,['calcium channel blocker'],2.506733,19.248194
BR00117010,L11,U2OS,48,delanzomib,compound,BRD-K59325863-001-04-4,,,8.228852,9.210726
BR00117010,L12,U2OS,48,buparlisib,compound,BRD-K42191735-001-08-7,poscon_diverse,,8.901463,10.094841
BR00117010,L13,U2OS,48,phenylbutazone,compound,BRD-K10843433-001-23-5,,"['cyclooxygenase inhibitor', 'prostanoid receptor antagonist']",3.0096755,19.175646
BR00117010,L14,U2OS,48,deferasirox,compound,BRD-K97010173-001-04-1,,,3.854335,11.787206
BR00117010,L15,U2OS,48,DMSO,compound,,negcon,,2.8908815,18.99861
BR00117010,L16,U2OS,48,cediranib,compound,BRD-K86930074-001-05-0,,"['KIT inhibitor', 'VEGFR inhibitor']",7.9777346,12.850652
BR00117010,L17,U2OS,48,isoflurane,compound,BRD-A31564021-001-02-6,,,3.0704904,18.887766
BR00117010,L18,U2OS,48,DMSO,compound,,negcon,,2.8052325,18.466105
BR00117010,L19,U2OS,48,CCG-50014,compound,BRD-K08893438-001-06-4,,['G protein signaling inhibitor'],8.754766,9.410427
BR00117010,L20,U2OS,48,PF-431396,compound,BRD-K93788137-001-04-1,,,4.4624324,11.0586405
BR00117010,L21,U2OS,48,TG-02,compound,BRD-K14560436-001-01-4,,"['CDK inhibitor', 'FLT3 inhibitor', 'JAK inhibitor']",7.2414618,9.785383
BR00117010,L22,U2OS,48,baclofen,compound,BRD-K01826724-003-07-9,,['benzodiazepine receptor agonist'],3.0925844,18.763933
BR00117010,L23,U2OS,48,thiostrepton,compound,BRD-A20697603-001-07-2,,['protein synthesis inhibitor'],3.9628785,16.536293
BR00117010,L24,U2OS,48,flufenamic-acid,compound,BRD-K44067360-001-29-5,,,2.4885266,19.126587
BR00117010,M01,U2OS,48,DMSO,compound,,negcon,,2.971897,19.338562
BR00117010,M02,U2OS,48,LY2109761,compound,BRD-K47557313-001-02-7,,,3.5952668,14.977453
BR00117010,M03,U2OS,48,olopatadine,compound,BRD-K67637637-003-11-8,,['histamine receptor antagonist'],3.821757,18.423971
BR00117010,M04,U2OS,48,DMSO,compound,,negcon,,3.119595,18.8711
BR00117010,M05,U2OS,48,castanospermine,compound,BRD-K20897876-001-11-8,,['glucosidase inhibitor'],3.4094362,18.95599
BR00117010,M06,U2OS,48,A205804,compound,BRD-K77627880-001-04-0,,['ICAM1 expression inhibitor'],0.70912373,17.085115
BR00117010,M07,U2OS,48,VU591,compound,BRD-K72063794-003-01-0,,['potassium channel blocker'],3.391272,18.552336
BR00117010,M08,U2OS,48,dalbavancin,compound,BRD-K30177383-001-01-0,,['bacterial cell wall synthesis inhibitor'],3.3819768,19.025621
BR00117010,M09,U2OS,48,CC-401,compound,BRD-K45746021-003-01-9,,['JNK inhibitor'],1.7641512,19.409485
BR00117010,M10,U2OS,48,ganetespib,compound,BRD-K38852836-001-04-9,poscon_diverse,['HSP inhibitor'],7.3095016,9.632151
BR00117010,M11,U2OS,48,ingenol-mebutate,compound,BRD-K93779381-001-01-9,,,3.478037,17.098555
BR00117010,M12,U2OS,48,menadione,compound,BRD-K78126613-001-27-7,,,5.703652,10.471667
BR00117010,M13,U2OS,48,cetilistat,compound,BRD-K94863486-001-02-2,,,3.0313096,18.947155
BR00117010,M14,U2OS,48,methoxsalen,compound,BRD-K63430059-001-16-4,,['DNA synthesis inhibitor'],3.4661794,18.972538
BR00117010,M15,U2OS,48,cyclosporine,compound,BRD-K13533483-001-16-2,,,4.768519,13.153773
BR00117010,M16,U2OS,48,NSC-632839,compound,BRD-K81197548-003-01-4,poscon_cp,['ubiquitin specific protease inhibitor'],8.58116,9.499019
BR00117010,M17,U2OS,48,DMSO,compound,,negcon,,2.9264936,18.484497
BR00117010,M18,U2OS,48,TG-003,compound,BRD-K97072811-001-11-4,poscon_cp,,3.7686708,18.643389
BR00117010,M19,U2OS,48,oxibendazole,compound,BRD-K52075715-001-06-7,,['tubulin polymerization inhibitor'],8.586542,10.424094
BR00117010,M20,U2OS,48,TG-101348,compound,BRD-K12502280-001-11-4,poscon_cp,"['JAK inhibitor', 'FLT3 inhibitor']",8.226733,10.242229
BR00117010,M21,U2OS,48,miglitol,compound,BRD-A63310107-001-04-8,,['glucosidase inhibitor'],3.3467846,18.808464
BR00117010,M22,U2OS,48,DMSO,compound,,negcon,,2.730347,18.745127
BR00117010,M23,U2OS,48,DMSO,compound,,negcon,,2.4504886,19.201334
BR00117010,M24,U2OS,48,tranilast,compound,BRD-K17849083-001-32-9,,,3.0019066,18.870481
BR00117010,N01,U2OS,48,4-methylhistamine,compound,BRD-K70821460-300-02-4,,['histamine receptor agonist'],2.797181,19.031748
BR00117010,N02,U2OS,48,LDN-27219,compound,BRD-K51485109-001-01-4,,,3.1076748,19.291338
BR00117010,N03,U2OS,48,anisomycin,compound,BRD-K91370081-001-25-1,,['DNA synthesis inhibitor'],7.9582834,9.668917
BR00117010,N04,U2OS,48,thioguanine,compound,BRD-K49350383-001-13-7,poscon_diverse,,4.8384657,12.579592
BR00117010,N05,U2OS,48,droxinostat,compound,BRD-K11558771-001-13-9,,['HDAC inhibitor'],0.5421396,17.365068
BR00117010,N06,U2OS,48,UNC2025,compound,BRD-K91283740-003-01-6,poscon_cp,['FLT3 inhibitor'],7.3411202,10.010324
BR00117010,N07,U2OS,48,DMSO,compound,,negcon,,2.9870808,19.307838
BR00117010,N08,U2OS,48,DMSO,compound,,negcon,,3.170097,18.81048
BR00117010,N09,U2OS,48,AMG900,compound,BRD-K21728777-001-02-3,poscon_cp,['Aurora kinase inhibitor'],4.39742,11.235587
BR00117010,N10,U2OS,48,PF-06463922,compound,BRD-A23124853-001-01-4,,['ALK tyrosine kinase receptor inhibitor'],4.423969,17.194836
BR00117010,N11,U2OS,48,orantinib,compound,BRD-K55966568-001-09-6,poscon_cp,"['FGFR inhibitor', 'PDGFR tyrosine kinase receptor inhibitor', 'VEGFR inhibitor']",3.2136059,19.174313
BR00117010,N12,U2OS,48,fludarabine-phosphate,compound,BRD-K71106091-001-09-5,,['ribonucleotide reductase inhibitor'],3.748653,11.645375
BR00117010,N13,U2OS,48,ceritinib,compound,BRD-K22149900-001-06-2,,['ALK tyrosine kinase receptor inhibitor'],4.139084,17.639845
BR00117010,N14,U2OS,48,NVS-PAK1-1,compound,BRD-K28132190-001-02-0,poscon_cp,['p21 activated kinase inhibitor'],5.540746,14.360015
BR00117010,N15,U2OS,48,homoharringtonine,compound,BRD-K76674262-001-03-3,,['protein synthesis inhibitor'],7.9605746,9.638731
BR00117010,N16,U2OS,48,picrotoxinin,compound,BRD-K36461289-001-05-8,,['GABA receptor antagonist'],3.0972905,18.609303
BR00117010,N17,U2OS,48,DMSO,compound,,negcon,,3.1336002,18.43166
BR00117010,N18,U2OS,48,danusertib,compound,BRD-K07881437-001-03-8,poscon_diverse,"['growth factor receptor inhibitor', 'Aurora kinase inhibitor']",4.2219486,11.446161
BR00117010,N19,U2OS,48,romidepsin,compound,BRD-K61397605-001-01-8,poscon_cp,['HDAC inhibitor'],8.57069,9.428781
BR00117010,N20,U2OS,48,FERb-033,compound,BRD-K61642990-001-01-0,poscon_cp,['EGFR inhibitor'],2.469725,19.502653
BR00117010,N21,U2OS,48,PF-03758309,compound,BRD-K37764012-001-03-3,poscon_diverse,['p21 activated kinase inhibitor'],7.5494432,9.619257
BR00117010,N22,U2OS,48,DMSO,compound,,negcon,,2.8712094,18.803982
BR00117010,N23,U2OS,48,trometamol,compound,BRD-K47978074-001-03-2,,,2.5535445,19.204586
BR00117010,N24,U2OS,48,simvastatin,compound,BRD-K22134346-001-22-3,,['HMGCR inhibitor'],5.680729,13.925382
BR00117010,O01,U2OS,48,zaprinast,compound,BRD-K16542329-001-16-8,,['phosphodiesterase inhibitor'],2.71728,18.674448
BR00117010,O02,U2OS,48,dexamethasone,compound,BRD-A10188456-001-04-9,,['glucocorticoid receptor agonist'],3.1563735,19.251352
BR00117010,O03,U2OS,48,salicylic-acid,compound,BRD-K93632104-001-17-2,,['cyclooxygenase inhibitor'],3.0655103,19.196749
BR00117010,O04,U2OS,48,diltiazem,compound,BRD-A69636825-003-04-7,,['calcium channel blocker'],3.3132515,19.215532
BR00117010,O05,U2OS,48,phenolphthalein,compound,BRD-K19227686-001-18-6,,,2.959943,19.342657
BR00117010,O06,U2OS,48,niflumic-acid,compound,BRD-K98763141-001-30-8,,['cyclooxygenase inhibitor'],2.9505477,19.431711
BR00117010,O07,U2OS,48,DMSO,compound,,negcon,,2.926641,18.840042
BR00117010,O08,U2OS,48,L-Cystine,compound,BRD-A15397381-001-02-5,,,3.2606626,19.519672
BR00117010,O09,U2OS,48,ozanimod,compound,BRD-K46625559-001-01-8,,['sphingosine 1 phosphate receptor agonist'],1.2122724,17.773281
BR00117010,O10,U2OS,48,efaroxan,compound,BRD-A10739734-003-09-8,,['adrenergic receptor antagonist'],3.372658,18.883823
BR00117010,O11,U2OS,48,NBQX,compound,BRD-K11796549-001-05-2,,['glutamate receptor antagonist'],3.379245,19.314754
BR00117010,O12,U2OS,48,dinoprostone,compound,BRD-K26521938-001-07-2,,['prostanoid receptor agonist'],2.8484693,18.535486
BR00117010,O13,U2OS,48,Ro-20-1724,compound,BRD-A07207424-001-14-0,,['phosphodiesterase inhibitor'],3.6708043,18.7033
BR00117010,O14,U2OS,48,xanomeline,compound,BRD-K72815923-034-02-0,,['acetylcholine receptor agonist'],2.9246666,19.506939
BR00117010,O15,U2OS,48,terazosin,compound,BRD-K01825589-310-02-9,,['adrenergic receptor antagonist'],3.2181313,18.590998
BR00117010,O16,U2OS,48,BVT-948,compound,BRD-K68567222-001-01-2,,,6.1522727,9.602609
BR00117010,O17,U2OS,48,nicotine,compound,BRD-K01825660-322-01-9,,['acetylcholine receptor agonist'],2.0679772,18.907675
BR00117010,O18,U2OS,48,DMSO,compound,,negcon,,2.6764228,18.390118
BR00117010,O19,U2OS,48,U-0521,compound,BRD-K08953028-001-09-6,,,2.3432717,19.181746
BR00117010,O20,U2OS,48,BMS-587101,compound,BRD-K20093108-001-02-3,,,3.283924,18.89588
BR00117010,O21,U2OS,48,nimodipine,compound,BRD-A58048407-001-20-4,,['calcium channel blocker'],1.8860813,19.050879
BR00117010,O22,U2OS,48,pyrrolidine-dithiocarbamate,compound,BRD-K80970344-201-08-6,,,8.6281185,9.023584
BR00117010,O23,U2OS,48,PF-915275,compound,BRD-K18289362-001-02-2,,,2.6186056,19.297096
BR00117010,O24,U2OS,48,JTE-013,compound,BRD-K43330982-001-02-3,,,2.2187886,18.63587
BR00117010,P01,U2OS,48,sodium-butyrate,compound,BRD-K05878375-236-05-7,,['HDAC inhibitor'],3.1512938,19.669977
BR00117010,P02,U2OS,48,pentostatin,compound,BRD-K91543828-001-02-0,,['ribonucleotide reductase inhibitor'],3.0029488,19.25768
BR00117010,P03,U2OS,48,OMDM-2,compound,BRD-K48830578-001-01-9,,,2.3161466,18.858395
BR00117010,P04,U2OS,48,nalmefene,compound,BRD-A72767275-003-01-6,,,3.0032527,19.232256
BR00117010,P05,U2OS,48,DMSO,compound,,negcon,,2.6124442,19.103222
BR00117010,P06,U2OS,48,1-EBIO,compound,BRD-K70586315-001-02-4,,,3.047363,19.501507
BR00117010,P07,U2OS,48,SB-505124,compound,BRD-K40109029-001-02-9,,['ALK tyrosine kinase receptor inhibitor'],3.8548772,16.792744
BR00117010,P08,U2OS,48,prasugrel,compound,BRD-A83029242-001-06-1,,['purinergic receptor antagonist'],2.496641,19.193405
BR00117010,P09,U2OS,48,pidolic-acid,compound,BRD-K57313110-001-06-8,,,2.42574,18.819906
BR00117010,P10,U2OS,48,DMSO,compound,,negcon,,2.659624,18.52232
BR00117010,P11,U2OS,48,nevirapine,compound,BRD-K15502390-001-20-9,,,3.4400158,18.94006
BR00117010,P12,U2OS,48,triamterene,compound,BRD-K92049597-001-20-8,,['sodium channel blocker'],1.6560982,18.127968
BR00117010,P13,U2OS,48,regorafenib,compound,BRD-K16730910-001-07-3,,"['PDGFR tyrosine kinase receptor inhibitor', 'RAF inhibitor', 'KIT inhibitor', 'RET tyrosine kinase inhibitor', 'FGFR inhibitor', 'VEGFR inhibitor']",3.6322038,17.684921
BR00117010,P14,U2OS,48,cyclophosphamide,compound,BRD-A09722536-002-18-0,,,1.7882011,19.166334
BR00117010,P15,U2OS,48,olanzapine,compound,BRD-K18895904-001-16-1,,"['dopamine receptor antagonist', 'serotonin receptor antagonist']",1.4346985,18.962126
BR00117010,P16,U2OS,48,KI-16425,compound,BRD-A25569250-001-03-3,,['lysophosphatidic acid receptor antagonist'],3.0465887,18.920517
BR00117010,P17,U2OS,48,SKLB1002,compound,BRD-K29895144-001-01-0,,['VEGFR inhibitor'],3.8673077,11.593234
BR00117010,P18,U2OS,48,cilostazol,compound,BRD-K67017579-001-28-1,,['phosphodiesterase inhibitor'],2.41409,18.646297
BR00117010,P19,U2OS,48,AZD1283,compound,BRD-K77060810-001-01-5,,['purinergic receptor antagonist'],2.354276,18.895092
BR00117010,P20,U2OS,48,A-987306,compound,BRD-K68982262-001-01-4,,['histamine receptor antagonist'],7.7152805,13.889343
BR00117010,P21,U2OS,48,procaine,compound,BRD-K24616672-003-20-1,,['HMGCR inhibitor'],2.7203724,19.105907
BR00117010,P22,U2OS,48,miconazole,compound,BRD-A82396632-008-30-8,,['bacterial cell wall synthesis inhibitor'],2.0151987,19.521673
BR00117010,P23,U2OS,48,loperamide,compound,BRD-K61250553-003-30-6,,,1.7975739,20.130325
BR00117010,P24,U2OS,48,aripiprazole,compound,BRD-K70358946-001-17-3,,['serotonin receptor antagonist'],1.8452994,20.283047
BR00117011,A01,U2OS,48,gabapentin-enacarbil,compound,BRD-A86665761-001-01-1,,,2.3145707,18.34964
BR00117011,A02,U2OS,48,DMSO,compound,,negcon,,1.9517083,18.012024
BR00117011,A03,U2OS,48,amlodipine,compound,BRD-A22032524-074-09-9,,['calcium channel blocker'],1.4453317,17.513603
BR00117011,A04,U2OS,48,hexestrol,compound,BRD-A01078468-001-14-8,,,1.8515263,18.27741
BR00117011,A05,U2OS,48,quinine,compound,BRD-K48278478-001-01-2,,,1.9411627,18.334015
BR00117011,A06,U2OS,48,LOXO-101,compound,BRD-K36574127-001-01-3,,,2.4608393,18.141382
BR00117011,A07,U2OS,48,brinzolamide,compound,BRD-K74913225-001-14-0,,['carbonic anhydrase inhibitor'],2.1251812,17.872675
BR00117011,A08,U2OS,48,NS-11021,compound,BRD-K94342292-001-01-3,,['calcium-activated potassium channel activator'],1.4719207,16.131557
BR00117011,A09,U2OS,48,DMSO,compound,,negcon,,1.991257,17.96641
BR00117011,A10,U2OS,48,GNF-5837,compound,BRD-K19975102-001-01-2,,['growth factor receptor inhibitor'],1.675178,16.948534
BR00117011,A11,U2OS,48,apatinib,compound,BRD-K25244359-066-02-6,,['RET tyrosine kinase inhibitor'],2.1186404,18.213049
BR00117011,A12,U2OS,48,ethoxzolamide,compound,BRD-K18131774-001-18-4,,['carbonic anhydrase inhibitor'],2.0858407,18.675383
BR00117011,A13,U2OS,48,ascorbic-acid,compound,BRD-A85242401-001-11-5,,,3.821353,17.0019
BR00117011,A14,U2OS,48,ryuvidine,compound,BRD-K06426971-001-02-7,,['histone lysine methyltransferase inhibitor'],8.37148,8.6409445
BR00117011,A15,U2OS,48,BAN-ORL-24,compound,BRD-K47049295-300-03-1,,,6.620135,12.264085
BR00117011,A16,U2OS,48,NNC-55-0396,compound,BRD-K78122587-300-04-3,,,7.4071383,13.205367
BR00117011,A17,U2OS,48,DMSO,compound,,negcon,,2.1596656,17.836412
BR00117011,A18,U2OS,48,WH-4-023,compound,BRD-K50199947-001-03-4,,['src inhibitor'],6.344391,12.799699
BR00117011,A19,U2OS,48,flupirtine,compound,BRD-K50720187-051-03-1,,['glutamate receptor antagonist'],2.7558222,17.561272
BR00117011,A20,U2OS,48,ZK811752,compound,BRD-K91825936-001-03-9,,,3.5284526,18.199097
BR00117011,A21,U2OS,48,dexamethasone,compound,BRD-K38775274-001-22-1,,['glucocorticoid receptor agonist'],2.0000105,18.410875
BR00117011,A22,U2OS,48,PP-1,compound,BRD-K47598052-001-14-1,,['src inhibitor'],5.8228326,13.347868
BR00117011,A23,U2OS,48,DDR1-IN-1,compound,BRD-K61845293-300-01-9,,,7.6307073,13.79314
BR00117011,A24,U2OS,48,AVL-292,compound,BRD-K87782578-001-01-4,,"[""Bruton's tyrosine kinase (BTK) inhibitor""]",5.9698625,12.324811
BR00117011,B01,U2OS,48,H2L-5765834,compound,BRD-K26439554-001-01-3,,['lysophosphatidic acid receptor antagonist'],3.1911805,19.251814
BR00117011,B02,U2OS,48,thiostrepton,compound,BRD-K58049875-001-03-9,,['protein synthesis inhibitor'],8.391039,9.47291
BR00117011,B03,U2OS,48,DMSO,compound,,negcon,,2.1942976,17.889029
BR00117011,B04,U2OS,48,arcyriaflavin-a,compound,BRD-K72726508-001-02-1,,['CDK inhibitor'],5.482238,12.502284
BR00117011,B05,U2OS,48,CYM-5520,compound,BRD-K29151923-001-01-5,,['sphingosine 1 phosphate receptor agonist'],3.1669385,19.153543
BR00117011,B06,U2OS,48,fludarabine,compound,BRD-K66788707-001-14-3,,['ribonucleotide reductase inhibitor'],3.5890148,11.909541
BR00117011,B07,U2OS,48,alda-1,compound,BRD-K06890060-001-09-1,,,3.2093365,18.45894
BR00117011,B08,U2OS,48,meclofenamic-acid,compound,BRD-K50398167-236-22-7,,"['cyclooxygenase inhibitor', 'prostanoid receptor antagonist']",2.0117252,17.982922
BR00117011,B09,U2OS,48,GNF-5,compound,BRD-K87632963-001-03-0,,['Bcr-Abl kinase inhibitor'],1.7455658,18.386765
BR00117011,B10,U2OS,48,NS-309,compound,BRD-K37602296-001-01-6,,['calcium-activated potassium channel activator'],3.6884332,18.969875
BR00117011,B11,U2OS,48,AK-7,compound,BRD-K09143580-001-01-0,,['SIRT inhibitor'],2.3056195,17.156322
BR00117011,B12,U2OS,48,BVT-948,compound,BRD-A22713669-001-04-3,,,7.9790654,8.389311
BR00117011,B13,U2OS,48,SirReal-2,compound,BRD-K16472653-001-01-6,,['SIRT inhibitor'],2.8968706,19.526045
BR00117011,B14,U2OS,48,DMSO,compound,,negcon,,1.9419855,17.499952
BR00117011,B15,U2OS,48,BMS-536924,compound,BRD-K34581968-001-05-3,,['IGF-1 inhibitor'],5.958575,12.615578
BR00117011,B16,U2OS,48,PP-121,compound,BRD-K81801188-001-02-8,,['protein tyrosine kinase inhibitor'],6.2754655,11.698218
BR00117011,B17,U2OS,48,MCOPPB,compound,BRD-K73276278-305-01-1,,,8.005394,12.733644
BR00117011,B18,U2OS,48,ozagrel,compound,BRD-K53061490-003-13-9,,,2.124032,17.843601
BR00117011,B19,U2OS,48,CYM-5442,compound,BRD-A43005764-003-01-5,,['sphingosine 1 phosphate receptor agonist'],7.665562,13.559824
BR00117011,B20,U2OS,48,CVT-10216,compound,BRD-K60659193-001-01-0,,,2.1815488,18.416756
BR00117011,B21,U2OS,48,TCN201,compound,BRD-K09787262-001-02-7,,['glutamate receptor antagonist'],1.8759987,19.293507
BR00117011,B22,U2OS,48,fomepizole,compound,BRD-K56810756-003-07-7,,['alcohol dehydrogenase inhibitor'],2.6676142,18.765879
BR00117011,B23,U2OS,48,benzamil,compound,BRD-K87158025-003-08-7,,['sodium channel blocker'],2.2861094,19.392813
BR00117011,B24,U2OS,48,lercanidipine,compound,BRD-A18992208-003-02-7,,['calcium channel blocker'],1.5716982,18.42194
BR00117011,C01,U2OS,48,4-CMTB,compound,BRD-A54139254-001-09-2,,['free fatty acid receptor agonist'],2.9185994,18.227982
BR00117011,C02,U2OS,48,ML-228,compound,BRD-K44432556-001-05-5,,,2.3374467,17.742086
BR00117011,C03,U2OS,48,DMSO,compound,,negcon,,2.3174033,17.600864
BR00117011,C04,U2OS,48,GSK1070916,compound,BRD-K36740062-001-06-6,,['Aurora kinase inhibitor'],5.6087837,11.421614
BR00117011,C05,U2OS,48,ML-193,compound,BRD-K27539181-001-08-5,,,2.4433565,17.979664
BR00117011,C06,U2OS,48,DMSO,compound,,negcon,,2.0888665,17.645058
BR00117011,C07,U2OS,48,M-25,compound,BRD-K51265828-001-01-0,,['smoothened receptor antagonist'],2.514726,18.189766
BR00117011,C08,U2OS,48,azeliragon,compound,BRD-K51899933-001-02-6,,['RAGE receptor antagonist'],7.7612057,9.828339
BR00117011,C09,U2OS,48,CYT-997,compound,BRD-K23363278-001-02-1,poscon_diverse,['tubulin polymerization inhibitor'],8.6771965,10.275269
BR00117011,C10,U2OS,48,AR-12,compound,BRD-K90497590-001-05-9,,,7.964151,8.640462
BR00117011,C11,U2OS,48,CYM-50260,compound,BRD-K69877120-001-01-7,,['sphingosine 1 phosphate receptor agonist'],2.5546641,18.15655
BR00117011,C12,U2OS,48,DMSO,compound,,negcon,,2.5689821,17.758837
BR00117011,C13,U2OS,48,KG-5,compound,BRD-K90747162-001-01-4,poscon_cp,['RAF inhibitor'],6.8620353,11.342025
BR00117011,C14,U2OS,48,JTE-607,compound,BRD-K81405859-300-01-4,,,3.9239008,11.724653
BR00117011,C15,U2OS,48,DMSO,compound,,negcon,,2.2744036,17.825628
BR00117011,C16,U2OS,48,ilomastat,compound,BRD-K51662849-001-05-4,,['matrix metalloprotease inhibitor'],2.120624,17.611584
BR00117011,C17,U2OS,48,RX-821002,compound,BRD-A65597028-003-08-1,,['adrenergic receptor antagonist'],2.360067,17.959047
BR00117011,C18,U2OS,48,DMSO,compound,,negcon,,2.15843,17.682524
BR00117011,C19,U2OS,48,TUG-891,compound,BRD-K24282351-001-01-4,,['free fatty acid receptor agonist'],3.096342,18.472769
BR00117011,C20,U2OS,48,ponatinib,compound,BRD-K44227013-001-08-0,,"['PDGFR tyrosine kinase receptor inhibitor', 'FLT3 inhibitor', 'Bcr-Abl kinase inhibitor']",8.650744,9.340272
BR00117011,C21,U2OS,48,DMSO,compound,,negcon,,2.3560467,18.131395
BR00117011,C22,U2OS,48,puromycin,compound,BRD-K01824976-300-02-9,,['protein synthesis inhibitor'],8.607258,9.10939
BR00117011,C23,U2OS,48,SRC-kinase-inhibitor-I,compound,BRD-K50495309-001-02-0,,['src inhibitor'],7.827113,13.645632
BR00117011,C24,U2OS,48,acetylcysteine,compound,BRD-K59058747-001-19-1,,,2.5970297,18.651388
BR00117011,D01,U2OS,48,NSC-625987,compound,BRD-K62949423-001-03-1,,['CDK inhibitor'],2.6207345,18.101341
BR00117011,D02,U2OS,48,dalfampridine,compound,BRD-K22482860-001-20-6,,['potassium channel blocker'],3.2493746,18.10926
BR00117011,D03,U2OS,48,NSC-95397,compound,BRD-K68143200-001-11-7,,['CDC inhibitor'],7.659146,8.839176
BR00117011,D04,U2OS,48,alrestatin,compound,BRD-K35498378-001-06-1,,['aldose reductase inhibitor'],2.3672822,17.97498
BR00117011,D05,U2OS,48,PF-03758309,compound,BRD-K37764012-001-03-3,poscon_diverse,['p21 activated kinase inhibitor'],2.671456,18.372807
BR00117011,D06,U2OS,48,IRL-2500,compound,BRD-K98357249-001-02-9,,['endothelin receptor antagonist'],3.0251772,18.058636
BR00117011,D07,U2OS,48,PF-04217903,compound,BRD-K73319509-001-08-0,poscon_cp,,2.8118992,17.96091
BR00117011,D08,U2OS,48,FK-866,compound,BRD-K58550667-001-08-7,poscon_diverse,,5.053429,8.084444
BR00117011,D09,U2OS,48,amlexanox,compound,BRD-K29530284-001-06-2,,,2.2700086,17.761728
BR00117011,D10,U2OS,48,GW-311616,compound,BRD-K37864785-001-01-0,,['elastase inhibitor'],2.2235737,17.994783
BR00117011,D11,U2OS,48,buparlisib,compound,BRD-K42191735-001-08-7,poscon_diverse,,8.942181,10.143295
BR00117011,D12,U2OS,48,amiloride,compound,BRD-K97181089-003-24-7,,['sodium channel blocker'],2.4886253,18.950579
BR00117011,D13,U2OS,48,DG-172,compound,BRD-K75748943-300-01-3,,,7.7045145,13.8518915
BR00117011,D14,U2OS,48,DMSO,compound,,negcon,,2.553354,18.039291
BR00117011,D15,U2OS,48,DMSO,compound,,negcon,,2.143343,17.912998
BR00117011,D16,U2OS,48,NVP-ADW742,compound,BRD-K15179513-001-04-2,poscon_cp,,7.604657,12.667414
BR00117011,D17,U2OS,48,misoprostol,compound,BRD-A72351335-001-04-5,,['prostanoid receptor agonist'],2.4604163,17.878359
BR00117011,D18,U2OS,48,conivaptan,compound,BRD-K37385792-003-02-1,,,1.2869457,17.493273
BR00117011,D19,U2OS,48,spiroxatrine,compound,BRD-A72483914-001-03-7,,['serotonin receptor antagonist'],2.0103488,19.367813
BR00117011,D20,U2OS,48,diacerein,compound,BRD-K69122748-001-10-1,,,2.511945,17.435583
BR00117011,D21,U2OS,48,DMSO,compound,,negcon,,2.568401,17.813587
BR00117011,D22,U2OS,48,DMSO,compound,,negcon,,2.027336,17.921192
BR00117011,D23,U2OS,48,glyburide,compound,BRD-K36927236-001-36-7,,['ATP channel blocker'],1.8501104,18.474173
BR00117011,D24,U2OS,48,ANR-94,compound,BRD-K31170746-001-01-6,,,1.9385194,18.364622
BR00117011,E01,U2OS,48,TFC-007,compound,BRD-K57708067-001-01-3,,,2.3454988,17.756636
BR00117011,E02,U2OS,48,trihexyphenidyl,compound,BRD-A48180038-003-24-3,,['acetylcholine receptor antagonist'],3.1787648,17.963032
BR00117011,E03,U2OS,48,epoprostenol,compound,BRD-K64054020-001-02-7,,,2.6038055,18.858719
BR00117011,E04,U2OS,48,sacubitril,compound,BRD-K91456750-001-01-9,,,2.5970201,18.206982
BR00117011,E05,U2OS,48,danusertib,compound,BRD-K07881437-001-03-8,poscon_diverse,"['growth factor receptor inhibitor', 'Aurora kinase inhibitor']",4.3001914,11.350758
BR00117011,E06,U2OS,48,CYT-997,compound,BRD-K23363278-001-02-1,poscon_diverse,['tubulin polymerization inhibitor'],8.774991,10.442923
BR00117011,E07,U2OS,48,DMSO,compound,,negcon,,2.2395036,17.693733
BR00117011,E08,U2OS,48,BQ-788,compound,BRD-K02490038-236-03-8,,['endothelin receptor antagonist'],3.0625768,18.574594
BR00117011,E09,U2OS,48,SB-202190,compound,BRD-K54330070-001-19-6,poscon_orf,['p38 MAPK inhibitor'],2.7559924,15.92945
BR00117011,E10,U2OS,48,GSK2110183,compound,BRD-K25412176-001-01-9,poscon_diverse,,4.9356775,16.43924
BR00117011,E11,U2OS,48,GSK3787,compound,BRD-K03155172-001-03-0,,['PPAR receptor antagonist'],2.6203198,18.072535
BR00117011,E12,U2OS,48,BAM7,compound,BRD-K07442505-001-03-6,,,3.280196,19.200928
BR00117011,E13,U2OS,48,PHA-793887,compound,BRD-K64800655-001-09-0,poscon_diverse,['CDK inhibitor'],6.511636,10.275753
BR00117011,E14,U2OS,48,DMSO,compound,,negcon,,1.846025,17.574213
BR00117011,E15,U2OS,48,GSK-37647,compound,BRD-K26514105-001-01-7,,['free fatty acid receptor agonist'],1.9874983,18.186602
BR00117011,E16,U2OS,48,desonide,compound,BRD-K21528677-001-04-4,,['glucocorticoid receptor agonist'],2.3237069,19.284971
BR00117011,E17,U2OS,48,DMSO,compound,,negcon,,1.8868375,17.766695
BR00117011,E18,U2OS,48,aloxistatin,compound,BRD-K91188791-001-17-5,,,2.8893964,17.114523
BR00117011,E19,U2OS,48,azathioprine,compound,BRD-K32821942-001-22-1,,,3.2300894,18.331804
BR00117011,E20,U2OS,48,ZK-93423,compound,BRD-K33882852-003-02-8,poscon_diverse,['benzodiazepine receptor agonist'],1.8685706,17.027174
BR00117011,E21,U2OS,48,BI-2536,compound,BRD-K64890080-001-02-1,poscon_diverse,,8.304855,11.193233
BR00117011,E22,U2OS,48,EI1,compound,BRD-K91535048-001-01-2,poscon_cp,['histone lysine methyltransferase inhibitor'],2.940824,18.581913
BR00117011,E23,U2OS,48,NVP-HSP990,compound,BRD-K67915505-001-01-2,,['HSP inhibitor'],7.3879356,9.826853
BR00117011,E24,U2OS,48,DMSO,compound,,negcon,,1.7108959,18.047068
BR00117011,F01,U2OS,48,DMSO,compound,,negcon,,2.2205126,17.645023
BR00117011,F02,U2OS,48,nialamide,compound,BRD-K12102668-001-25-5,,,2.6782598,17.875048
BR00117011,F03,U2OS,48,DMSO,compound,,negcon,,2.2835548,17.60996
BR00117011,F04,U2OS,48,arundic-acid,compound,BRD-K49223707-001-01-0,,,2.537687,17.78183
BR00117011,F05,U2OS,48,torcitabine,compound,BRD-K91822704-003-07-2,,,2.9441369,18.727646
BR00117011,F06,U2OS,48,DMSO,compound,,negcon,,1.7072766,17.765612
BR00117011,F07,U2OS,48,epothilone-b,compound,BRD-K68164687-001-01-6,,"['microtubule stabilizing agent', 'tubulin polymerization inhibitor']",7.052171,11.332977
BR00117011,F08,U2OS,48,dyphylline,compound,BRD-A00827783-001-24-6,,['phosphodiesterase inhibitor'],2.0575545,17.988995
BR00117011,F09,U2OS,48,DMSO,compound,,negcon,,1.6927153,17.692547
BR00117011,F10,U2OS,48,quinidine,compound,BRD-K59632282-052-03-1,,['sodium channel blocker'],3.51875,17.931055
BR00117011,F11,U2OS,48,halopemide,compound,BRD-K50055394-001-03-6,,,0.942771,16.653816
BR00117011,F12,U2OS,48,sulfinpyrazone,compound,BRD-A36217750-001-16-3,,,2.831049,18.0671
BR00117011,F13,U2OS,48,ML-323,compound,BRD-K93942811-001-01-3,poscon_cp,['ubiquitin specific protease inhibitor'],2.8187172,18.3293
BR00117011,F14,U2OS,48,racecadotril,compound,BRD-A08187463-001-12-9,,,2.376075,18.981878
BR00117011,F15,U2OS,48,BRL-50481,compound,BRD-K84266862-001-03-2,,['phosphodiesterase inhibitor'],1.990685,18.72725
BR00117011,F16,U2OS,48,GSK2110183,compound,BRD-K25412176-001-01-9,poscon_diverse,,4.973839,16.359976
BR00117011,F17,U2OS,48,bufexamac,compound,BRD-K36660044-001-24-2,,['cyclooxygenase inhibitor'],1.6722509,17.650198
BR00117011,F18,U2OS,48,anandamide,compound,BRD-K42352790-001-05-3,,,2.6181543,18.077679
BR00117011,F19,U2OS,48,thioguanine,compound,BRD-K49350383-001-13-7,poscon_diverse,,4.848636,12.621971
BR00117011,F20,U2OS,48,IWP-L6,compound,BRD-K53234107-001-01-6,,['porcupine inhibitor'],1.2718987,18.848732
BR00117011,F21,U2OS,48,edoxaban,compound,BRD-K29322660-001-01-9,,['coagulation factor inhibitor'],3.1029887,18.817167
BR00117011,F22,U2OS,48,lonafarnib,compound,BRD-K41599323-001-02-3,poscon_diverse,,4.8931155,13.574428
BR00117011,F23,U2OS,48,ibutamoren,compound,BRD-K44771174-066-01-0,,,2.9966242,18.32173
BR00117011,F24,U2OS,48,somatostatin,compound,BRD-K14681867-001-01-6,,['somatostatin receptor agonist'],2.2841177,18.35392
BR00117011,G01,U2OS,48,L-proline,compound,BRD-K01666412-001-02-0,,,1.7099667,18.272373
BR00117011,G02,U2OS,48,zamifenacin,compound,BRD-K80451230-051-02-6,,['acetylcholine receptor antagonist'],2.9011986,18.480192
BR00117011,G03,U2OS,48,YC-1,compound,BRD-K60476892-001-16-1,,,5.2587023,11.127433
BR00117011,G04,U2OS,48,DMSO,compound,,negcon,,2.0996675,17.687557
BR00117011,G05,U2OS,48,ME-0328,compound,BRD-K24283677-001-01-9,,['PPAR receptor antagonist'],2.4749813,17.780716
BR00117011,G06,U2OS,48,NSC-663284,compound,BRD-K03109492-001-02-2,,['CDC inhibitor'],7.996012,8.5424
BR00117011,G07,U2OS,48,CYM-50358,compound,BRD-K80666802-003-01-0,,,1.7106397,18.056091
BR00117011,G08,U2OS,48,trazodone,compound,BRD-K70778732-003-27-5,,"['adrenergic receptor antagonist', 'serotonin receptor antagonist']",3.2445958,18.156206
BR00117011,G09,U2OS,48,DMSO,compound,,negcon,,2.6848218,17.95853
BR00117011,G10,U2OS,48,DMSO,compound,,negcon,,1.9659798,17.784267
BR00117011,G11,U2OS,48,sulfasalazine,compound,BRD-K10670311-001-17-1,,['cyclooxygenase inhibitor'],3.01421,18.360838
BR00117011,G12,U2OS,48,"2,5-furandimethanol",compound,BRD-K29791386-001-01-8,,,2.4189987,18.7758
BR00117011,G13,U2OS,48,DMSO,compound,,negcon,,1.9508445,18.042585
BR00117011,G14,U2OS,48,dilazep,compound,BRD-K48722258-300-11-0,,,1.8304062,18.99111
BR00117011,G15,U2OS,48,felodipine,compound,BRD-A30815329-001-12-1,,['calcium channel blocker'],2.145605,19.112473
BR00117011,G16,U2OS,48,paliperidone,compound,BRD-A99888680-001-05-3,,"['dopamine receptor antagonist', 'serotonin receptor antagonist']",1.8630495,17.830011
BR00117011,G17,U2OS,48,purvalanol-a,compound,BRD-K50836978-001-03-3,poscon_orf,['CDK inhibitor'],4.047507,13.262338
BR00117011,G18,U2OS,48,DMSO,compound,,negcon,,1.8159175,17.868948
BR00117011,G19,U2OS,48,Ro-1138452,compound,BRD-K77220725-003-01-5,,['prostanoid receptor antagonist'],3.2987409,18.570084
BR00117011,G20,U2OS,48,sorbinil,compound,BRD-A89164055-001-03-3,,['aldose reductase inhibitor'],2.5346112,18.958055
BR00117011,G21,U2OS,48,TC-S-7004,compound,BRD-K89517477-001-01-4,poscon_cp,['DYRK inhibitor'],2.886755,17.134182
BR00117011,G22,U2OS,48,saclofen,compound,BRD-A24122750-001-03-7,,['GABA receptor antagonist'],2.277555,18.715923
BR00117011,G23,U2OS,48,BAY-87-2243,compound,BRD-K70463136-001-01-5,,,1.7982653,16.906385
BR00117011,G24,U2OS,48,ibudilast,compound,BRD-K16444452-001-09-1,,['phosphodiesterase inhibitor'],1.6659474,18.662537
BR00117011,H01,U2OS,48,briciclib,compound,BRD-K05531427-001-01-7,,,8.764446,10.32796
BR00117011,H02,U2OS,48,2-Oleoylglycerol,compound,BRD-K77087341-001-02-4,,,1.8298692,19.038246
BR00117011,H03,U2OS,48,RGFP966,compound,BRD-K61688984-001-02-9,poscon_cp,['HDAC inhibitor'],3.264062,16.50411
BR00117011,H04,U2OS,48,DMSO,compound,,negcon,,2.1370947,17.514086
BR00117011,H05,U2OS,48,azacitidine,compound,BRD-K03406345-001-21-1,poscon_diverse,,2.8918505,19.477562
BR00117011,H06,U2OS,48,N6-cyclopentyladenosine,compound,BRD-K60150510-001-15-6,,,3.3727555,19.291344
BR00117011,H07,U2OS,48,filgotinib,compound,BRD-K16803204-001-01-6,poscon_cp,['JAK inhibitor'],2.863665,19.443727
BR00117011,H08,U2OS,48,guanidine,compound,BRD-K76037122-001-02-5,,['HSP inhibitor'],2.879435,18.506632
BR00117011,H09,U2OS,48,coumarin,compound,BRD-K23913458-001-20-7,,,2.4328775,18.031752
BR00117011,H10,U2OS,48,DMSO,compound,,negcon,,2.316298,17.739084
BR00117011,H11,U2OS,48,ZM-336372,compound,BRD-K73789395-001-09-9,poscon_orf,['RAF inhibitor'],2.0563707,18.241627
BR00117011,H12,U2OS,48,citric-acid,compound,BRD-K76792669-001-08-1,,['coagulation factor inhibitor'],2.4716713,18.213747
BR00117011,H13,U2OS,48,DMSO,compound,,negcon,,2.2449925,18.13596
BR00117011,H14,U2OS,48,CCG-63802,compound,BRD-K26970495-001-02-7,,['G protein signaling inhibitor'],2.522708,17.678041
BR00117011,H15,U2OS,48,ibutilide,compound,BRD-A74391928-051-03-9,,['potassium channel blocker'],3.4416068,18.36954
BR00117011,H16,U2OS,48,batimastat,compound,BRD-K82818427-001-04-8,,['matrix metalloprotease inhibitor'],3.3295517,17.136536
BR00117011,H17,U2OS,48,DMSO,compound,,negcon,,2.3130164,17.464388
BR00117011,H18,U2OS,48,DMSO,compound,,negcon,,2.053134,17.44322
BR00117011,H19,U2OS,48,UNC1999,compound,BRD-K26989966-001-04-3,poscon_cp,['histone lysine methyltransferase inhibitor'],7.83586,9.934923
BR00117011,H20,U2OS,48,glutamine-(l),compound,BRD-K83896451-001-06-7,,,2.142011,18.45309
BR00117011,H21,U2OS,48,PD-98059,compound,BRD-K62810658-001-11-4,poscon_orf,,2.2365637,18.73897
BR00117011,H22,U2OS,48,enilconazole,compound,BRD-K01825690-065-01-9,,,2.8118281,18.210135
BR00117011,H23,U2OS,48,N-alpha-Methylhistamine-dihydrochloride,compound,BRD-K75390981-300-04-9,,['histamine receptor agonist'],1.9856002,18.443052
BR00117011,H24,U2OS,48,GK921,compound,BRD-K38272302-001-02-7,,,6.5534286,9.696903
BR00117011,I01,U2OS,48,nilvadipine,compound,BRD-A84687895-001-03-2,,['calcium channel blocker'],2.206,18.210455
BR00117011,I02,U2OS,48,DMSO,compound,,negcon,,2.5355966,17.82312
BR00117011,I03,U2OS,48,AC-710,compound,BRD-K15819326-001-01-6,,['PDGFR tyrosine kinase receptor inhibitor'],7.302226,12.904951
BR00117011,I04,U2OS,48,PETCM,compound,BRD-A93477898-001-04-2,,,2.5351992,18.241533
BR00117011,I05,U2OS,48,AZD7762,compound,BRD-K86525559-001-07-8,poscon_diverse,['CHK inhibitor'],7.962991,9.065745
BR00117011,I06,U2OS,48,PHA-793887,compound,BRD-K64800655-001-09-0,poscon_diverse,['CDK inhibitor'],6.4913483,10.237687
BR00117011,I07,U2OS,48,KU-60019,compound,BRD-K36016295-001-05-2,,['ATM kinase inhibitor'],5.904872,10.180248
BR00117011,I08,U2OS,48,nafamostat,compound,BRD-K06674495-334-04-0,,,2.6429667,17.088896
BR00117011,I09,U2OS,48,DMSO,compound,,negcon,,2.4186506,17.680279
BR00117011,I10,U2OS,48,DMSO,compound,,negcon,,2.1264954,17.459091
BR00117011,I11,U2OS,48,taladegib,compound,BRD-K50498985-001-03-3,,['smoothened receptor antagonist'],2.3381777,17.700422
BR00117011,I12,U2OS,48,acetohexamide,compound,BRD-K52960356-001-13-0,,['ATP channel blocker'],2.9538467,18.288277
BR00117011,I13,U2OS,48,minocycline,compound,BRD-A69651145-003-11-4,,,2.2133775,17.718758
BR00117011,I14,U2OS,48,BI-2536,compound,BRD-K64890080-001-02-1,poscon_diverse,,8.398365,11.099861
BR00117011,I15,U2OS,48,riociguat,compound,BRD-K84783599-001-01-0,,,2.0807197,19.213833
BR00117011,I16,U2OS,48,CP-724714,compound,BRD-K76908866-001-07-6,poscon_cp,"['EGFR inhibitor', 'protein tyrosine kinase inhibitor']",2.6911733,18.742249
BR00117011,I17,U2OS,48,ganetespib,compound,BRD-K38852836-001-04-9,poscon_diverse,['HSP inhibitor'],7.344788,9.753662
BR00117011,I18,U2OS,48,AZ191,compound,BRD-K80935598-001-01-1,poscon_cp,['DYRK inhibitor'],8.065844,12.466012
BR00117011,I19,U2OS,48,BAX-channel-blocker,compound,BRD-A18763547-300-06-3,,,7.5082436,12.373099
BR00117011,I20,U2OS,48,SU3327,compound,BRD-K32730239-001-01-0,,['JNK inhibitor'],8.49991,8.916071
BR00117011,I21,U2OS,48,DMSO,compound,,negcon,,1.7513785,17.89076
BR00117011,I22,U2OS,48,DMSO,compound,,negcon,,2.3627539,17.413025
BR00117011,I23,U2OS,48,octreotide,compound,BRD-A64173453-015-03-1,,['somatostatin receptor agonist'],2.253227,17.930344
BR00117011,I24,U2OS,48,1-octanol,compound,BRD-K09338665-001-08-9,,,2.4684598,18.615324
BR00117011,J01,U2OS,48,acalabrutinib,compound,BRD-K64034691-001-01-9,,"[""Bruton's tyrosine kinase (BTK) inhibitor""]",2.7380304,19.118917
BR00117011,J02,U2OS,48,rifamycin,compound,BRD-K38512030-001-01-7,,,2.5225706,17.999504
BR00117011,J03,U2OS,48,pazopanib,compound,BRD-K74514084-003-09-2,,"['KIT inhibitor', 'VEGFR inhibitor', 'PDGFR tyrosine kinase receptor inhibitor']",4.53095,16.679152
BR00117011,J04,U2OS,48,RKI-1447,compound,BRD-K19333160-001-01-3,poscon_cp,,4.8719516,15.324307
BR00117011,J05,U2OS,48,vitamin-E,compound,BRD-K97091514-001-11-4,,['PKC inhibitor'],2.4490788,18.00544
BR00117011,J06,U2OS,48,lonafarnib,compound,BRD-K41599323-001-02-3,poscon_diverse,,4.8612576,13.650194
BR00117011,J07,U2OS,48,ethyl-pyruvate,compound,BRD-K47738867-001-01-5,,,2.4041014,18.671072
BR00117011,J08,U2OS,48,picrotin,compound,BRD-A91822151-001-05-0,,['GABA receptor antagonist'],2.704314,17.907127
BR00117011,J09,U2OS,48,SGX523,compound,BRD-K19477839-001-07-6,poscon_cp,,2.8474255,17.98302
BR00117011,J10,U2OS,48,PP-2,compound,BRD-K95785537-001-22-3,,['src inhibitor'],5.8374076,13.404079
BR00117011,J11,U2OS,48,ME-0328,compound,BRD-A63444178-001-01-5,,['PPAR receptor antagonist'],2.404217,18.121115
BR00117011,J12,U2OS,48,AZD9668,compound,BRD-K31476763-001-01-5,,['elastase inhibitor'],3.104428,18.341995
BR00117011,J13,U2OS,48,NQDI-1,compound,BRD-K61918008-001-07-1,,,2.6781833,18.579569
BR00117011,J14,U2OS,48,DMSO,compound,,negcon,,2.2697525,17.727024
BR00117011,J15,U2OS,48,carzenide,compound,BRD-K09295674-001-09-8,,,2.3321102,17.749178
BR00117011,J16,U2OS,48,KU-55933,compound,BRD-K25311561-001-10-7,,['ATM kinase inhibitor'],2.8903484,20.395357
BR00117011,J17,U2OS,48,NVP-AEW541,compound,BRD-K24696047-001-02-3,poscon_cp,['IGF-1 inhibitor'],7.6705284,13.478998
BR00117011,J18,U2OS,48,leflunomide,compound,BRD-K78692225-001-24-5,,['PDGFR tyrosine kinase receptor inhibitor'],2.1626081,18.480358
BR00117011,J19,U2OS,48,DMSO,compound,,negcon,,2.5882142,17.574518
BR00117011,J20,U2OS,48,azacitidine,compound,BRD-K03406345-001-21-1,poscon_diverse,,2.2690961,19.088436
BR00117011,J21,U2OS,48,ixabepilone,compound,BRD-K03601870-001-01-2,,['microtubule stabilizing agent'],8.418465,10.66147
BR00117011,J22,U2OS,48,KH-CB19,compound,BRD-K66430217-001-03-8,poscon_cp,['CDC inhibitor'],2.552449,18.941088
BR00117011,J23,U2OS,48,DMSO,compound,,negcon,,2.3647296,17.885643
BR00117011,J24,U2OS,48,PF-05190457,compound,BRD-K02554563-001-01-6,,,1.984302,18.131748
BR00117011,K01,U2OS,48,LDN-212854,compound,BRD-K59831625-001-03-9,,,8.487544,8.893314
BR00117011,K02,U2OS,48,formononetin,compound,BRD-K55567017-001-12-3,,['alcohol dehydrogenase inhibitor'],2.4043653,18.417864
BR00117011,K03,U2OS,48,aminopurvalanol-a,compound,BRD-K07762753-001-05-1,poscon_orf,['CDK inhibitor'],4.3277383,12.728305
BR00117011,K04,U2OS,48,ruxolitinib,compound,BRD-K53972329-001-01-3,poscon_cp,['JAK inhibitor'],1.7314577,18.000582
BR00117011,K05,U2OS,48,DMSO,compound,,negcon,,2.2201405,17.841772
BR00117011,K06,U2OS,48,DMSO,compound,,negcon,,1.7787141,17.876198
BR00117011,K07,U2OS,48,LGK-974,compound,BRD-K16810791-001-01-0,,['porcupine inhibitor'],3.395554,18.541195
BR00117011,K08,U2OS,48,polydatin,compound,BRD-K43236057-001-07-1,,['ICAM1 expression inhibitor'],5.3473005,13.094542
BR00117011,K09,U2OS,48,enflurane,compound,BRD-A51831848-001-01-7,,,2.6004303,18.22773
BR00117011,K10,U2OS,48,PFI-1,compound,BRD-K13094524-001-04-2,poscon_cp,,2.6844242,17.863926
BR00117011,K11,U2OS,48,AZD7762,compound,BRD-K86525559-001-07-8,poscon_diverse,['CHK inhibitor'],7.9614544,9.067747
BR00117011,K12,U2OS,48,sotrastaurin,compound,BRD-K16761703-001-03-8,,['PKC inhibitor'],3.002814,15.828184
BR00117011,K13,U2OS,48,DMSO,compound,,negcon,,1.8887656,18.029867
BR00117011,K14,U2OS,48,cycloheximide,compound,BRD-K36055864-001-20-0,,['protein synthesis inhibitor'],5.9033737,10.952021
BR00117011,K15,U2OS,48,oxytocin,compound,BRD-K25243230-001-01-2,,,2.1455402,18.199808
BR00117011,K16,U2OS,48,DMSO,compound,,negcon,,2.3308072,17.799225
BR00117011,K17,U2OS,48,colchicine,compound,BRD-K00259736-001-16-4,,,8.683481,10.201092
BR00117011,K18,U2OS,48,afimoxifene,compound,BRD-K04210847-001-21-9,,,1.5623721,19.030256
BR00117011,K19,U2OS,48,DMSO,compound,,negcon,,1.8520784,17.567041
BR00117011,K20,U2OS,48,ZK-93423,compound,BRD-K33882852-003-02-8,poscon_diverse,['benzodiazepine receptor agonist'],1.9191025,16.849531
BR00117011,K21,U2OS,48,RGB-286638,compound,BRD-K20986415-001-02-6,,['CDK inhibitor'],6.1296124,9.988439
BR00117011,K22,U2OS,48,FPS-ZM1,compound,BRD-K87691185-001-01-2,,['RAGE receptor antagonist'],2.7539406,18.204395
BR00117011,K23,U2OS,48,flindokalner,compound,BRD-K56740996-001-02-1,,,2.4938521,19.042013
BR00117011,K24,U2OS,48,motesanib,compound,BRD-K99616396-316-05-3,,"['KIT inhibitor', 'VEGFR inhibitor', 'PDGFR tyrosine kinase receptor inhibitor']",1.3443589,18.567503
BR00117011,L01,U2OS,48,geldanamycin,compound,BRD-K43570081-001-02-4,,['HSP inhibitor'],7.3363647,9.684749
BR00117011,L02,U2OS,48,DMSO,compound,,negcon,,1.945119,17.815363
BR00117011,L03,U2OS,48,CGP-53353,compound,BRD-K32292990-001-03-6,,"['PKC inhibitor', 'EGFR inhibitor']",3.1315172,18.06932
BR00117011,L04,U2OS,48,7-hydroxystaurosporine,compound,BRD-K45293975-001-02-0,,"['CDK inhibitor', 'PKC inhibitor', 'CHK inhibitor']",7.7184043,8.996831
BR00117011,L05,U2OS,48,DMSO,compound,,negcon,,2.5111268,17.719954
BR00117011,L06,U2OS,48,DMSO,compound,,negcon,,1.6358969,17.763521
BR00117011,L07,U2OS,48,efaproxiral,compound,BRD-K37355418-236-01-6,,,3.433153,18.609573
BR00117011,L08,U2OS,48,SB-203580,compound,BRD-A37704979-001-12-3,poscon_orf,['p38 MAPK inhibitor'],3.5353224,14.99364
BR00117011,L09,U2OS,48,FK-866,compound,BRD-K58550667-001-08-7,poscon_diverse,,5.1262555,8.152737
BR00117011,L10,U2OS,48,bepridil,compound,BRD-A91008255-003-24-8,,['calcium channel blocker'],1.9968358,18.479704
BR00117011,L11,U2OS,48,delanzomib,compound,BRD-K59325863-001-04-4,,,8.10454,9.218332
BR00117011,L12,U2OS,48,buparlisib,compound,BRD-K42191735-001-08-7,poscon_diverse,,8.958846,10.231948
BR00117011,L13,U2OS,48,phenylbutazone,compound,BRD-K10843433-001-23-5,,"['cyclooxygenase inhibitor', 'prostanoid receptor antagonist']",2.2409067,19.223608
BR00117011,L14,U2OS,48,deferasirox,compound,BRD-K97010173-001-04-1,,,3.807327,11.881714
BR00117011,L15,U2OS,48,DMSO,compound,,negcon,,2.0720446,17.614859
BR00117011,L16,U2OS,48,cediranib,compound,BRD-K86930074-001-05-0,,"['KIT inhibitor', 'VEGFR inhibitor']",8.030615,12.939933
BR00117011,L17,U2OS,48,isoflurane,compound,BRD-A31564021-001-02-6,,,2.477655,18.48574
BR00117011,L18,U2OS,48,DMSO,compound,,negcon,,2.1235561,17.839024
BR00117011,L19,U2OS,48,CCG-50014,compound,BRD-K08893438-001-06-4,,['G protein signaling inhibitor'],2.1938205,17.516012
BR00117011,L20,U2OS,48,PF-431396,compound,BRD-K93788137-001-04-1,,,4.558211,11.151647
BR00117011,L21,U2OS,48,TG-02,compound,BRD-K14560436-001-01-4,,"['CDK inhibitor', 'FLT3 inhibitor', 'JAK inhibitor']",6.806286,9.985086
BR00117011,L22,U2OS,48,baclofen,compound,BRD-K01826724-003-07-9,,['benzodiazepine receptor agonist'],1.9866372,18.659853
BR00117011,L23,U2OS,48,thiostrepton,compound,BRD-A20697603-001-07-2,,['protein synthesis inhibitor'],5.4153433,12.933945
BR00117011,L24,U2OS,48,flufenamic-acid,compound,BRD-K44067360-001-29-5,,,1.9620858,18.9912
BR00117011,M01,U2OS,48,DMSO,compound,,negcon,,2.0163414,17.72043
BR00117011,M02,U2OS,48,LY2109761,compound,BRD-K47557313-001-02-7,,,3.616668,14.929558
BR00117011,M03,U2OS,48,olopatadine,compound,BRD-K67637637-003-11-8,,['histamine receptor antagonist'],2.1738863,17.727272
BR00117011,M04,U2OS,48,DMSO,compound,,negcon,,2.390621,17.587677
BR00117011,M05,U2OS,48,castanospermine,compound,BRD-K20897876-001-11-8,,['glucosidase inhibitor'],2.3905995,17.559303
BR00117011,M06,U2OS,48,A205804,compound,BRD-K77627880-001-04-0,,['ICAM1 expression inhibitor'],0.45643377,17.024214
BR00117011,M07,U2OS,48,VU591,compound,BRD-K72063794-003-01-0,,['potassium channel blocker'],2.7227957,17.876205
BR00117011,M08,U2OS,48,dalbavancin,compound,BRD-K30177383-001-01-0,,['bacterial cell wall synthesis inhibitor'],2.5656433,17.980452
BR00117011,M09,U2OS,48,CC-401,compound,BRD-K45746021-003-01-9,,['JNK inhibitor'],1.0600084,19.419176
BR00117011,M10,U2OS,48,ganetespib,compound,BRD-K38852836-001-04-9,poscon_diverse,['HSP inhibitor'],7.3453197,9.687624
BR00117011,M11,U2OS,48,ingenol-mebutate,compound,BRD-K93779381-001-01-9,,,3.5978005,17.037186
BR00117011,M12,U2OS,48,menadione,compound,BRD-K78126613-001-27-7,,,5.7085614,10.695428
BR00117011,M13,U2OS,48,cetilistat,compound,BRD-K94863486-001-02-2,,,2.7621481,17.632792
BR00117011,M14,U2OS,48,methoxsalen,compound,BRD-K63430059-001-16-4,,['DNA synthesis inhibitor'],2.7190785,18.185472
BR00117011,M15,U2OS,48,cyclosporine,compound,BRD-K13533483-001-16-2,,,4.8172946,13.182842
BR00117011,M16,U2OS,48,NSC-632839,compound,BRD-K81197548-003-01-4,poscon_cp,['ubiquitin specific protease inhibitor'],8.5411415,9.516534
BR00117011,M17,U2OS,48,DMSO,compound,,negcon,,2.0545957,17.727274
BR00117011,M18,U2OS,48,TG-003,compound,BRD-K97072811-001-11-4,poscon_cp,,1.7880367,18.68726
BR00117011,M19,U2OS,48,oxibendazole,compound,BRD-K52075715-001-06-7,,['tubulin polymerization inhibitor'],8.229027,10.6648655
BR00117011,M20,U2OS,48,TG-101348,compound,BRD-K12502280-001-11-4,poscon_cp,"['JAK inhibitor', 'FLT3 inhibitor']",7.9558215,10.814184
BR00117011,M21,U2OS,48,miglitol,compound,BRD-A63310107-001-04-8,,['glucosidase inhibitor'],2.1784663,18.495287
BR00117011,M22,U2OS,48,DMSO,compound,,negcon,,1.9707662,17.953026
BR00117011,M23,U2OS,48,DMSO,compound,,negcon,,2.3693953,17.977476
BR00117011,M24,U2OS,48,tranilast,compound,BRD-K17849083-001-32-9,,,2.1185524,18.277649
BR00117011,N01,U2OS,48,4-methylhistamine,compound,BRD-K70821460-300-02-4,,['histamine receptor agonist'],2.1711378,18.643906
BR00117011,N02,U2OS,48,LDN-27219,compound,BRD-K51485109-001-01-4,,,2.504587,18.137094
BR00117011,N03,U2OS,48,anisomycin,compound,BRD-K91370081-001-25-1,,['DNA synthesis inhibitor'],7.935436,9.607937
BR00117011,N04,U2OS,48,thioguanine,compound,BRD-K49350383-001-13-7,poscon_diverse,,4.902237,12.543979
BR00117011,N05,U2OS,48,droxinostat,compound,BRD-K11558771-001-13-9,,['HDAC inhibitor'],0.48620445,17.27124
BR00117011,N06,U2OS,48,UNC2025,compound,BRD-K91283740-003-01-6,poscon_cp,['FLT3 inhibitor'],7.317237,9.963989
BR00117011,N07,U2OS,48,DMSO,compound,,negcon,,1.6701536,17.796991
BR00117011,N08,U2OS,48,DMSO,compound,,negcon,,2.167341,17.48535
BR00117011,N09,U2OS,48,AMG900,compound,BRD-K21728777-001-02-3,poscon_cp,['Aurora kinase inhibitor'],4.386946,11.277153
BR00117011,N10,U2OS,48,PF-06463922,compound,BRD-A23124853-001-01-4,,['ALK tyrosine kinase receptor inhibitor'],4.447303,17.103043
BR00117011,N11,U2OS,48,orantinib,compound,BRD-K55966568-001-09-6,poscon_cp,"['FGFR inhibitor', 'PDGFR tyrosine kinase receptor inhibitor', 'VEGFR inhibitor']",1.709266,19.169672
BR00117011,N12,U2OS,48,fludarabine-phosphate,compound,BRD-K71106091-001-09-5,,['ribonucleotide reductase inhibitor'],3.7668087,11.57109
BR00117011,N13,U2OS,48,ceritinib,compound,BRD-K22149900-001-06-2,,['ALK tyrosine kinase receptor inhibitor'],4.2548103,17.643557
BR00117011,N14,U2OS,48,NVS-PAK1-1,compound,BRD-K28132190-001-02-0,poscon_cp,['p21 activated kinase inhibitor'],5.509254,14.355956
BR00117011,N15,U2OS,48,homoharringtonine,compound,BRD-K76674262-001-03-3,,['protein synthesis inhibitor'],7.8356886,9.6399145
BR00117011,N16,U2OS,48,picrotoxinin,compound,BRD-K36461289-001-05-8,,['GABA receptor antagonist'],2.1493387,18.583405
BR00117011,N17,U2OS,48,DMSO,compound,,negcon,,2.7538512,17.82153
BR00117011,N18,U2OS,48,danusertib,compound,BRD-K07881437-001-03-8,poscon_diverse,"['growth factor receptor inhibitor', 'Aurora kinase inhibitor']",4.2605815,11.407199
BR00117011,N19,U2OS,48,romidepsin,compound,BRD-K61397605-001-01-8,poscon_cp,['HDAC inhibitor'],8.449076,9.4974165
BR00117011,N20,U2OS,48,FERb-033,compound,BRD-K61642990-001-01-0,poscon_cp,['EGFR inhibitor'],1.7755139,18.493263
BR00117011,N21,U2OS,48,PF-03758309,compound,BRD-K37764012-001-03-3,poscon_diverse,['p21 activated kinase inhibitor'],6.734735,10.240857
BR00117011,N22,U2OS,48,DMSO,compound,,negcon,,1.4139557,17.804514
BR00117011,N23,U2OS,48,trometamol,compound,BRD-K47978074-001-03-2,,,2.6524756,18.550085
BR00117011,N24,U2OS,48,simvastatin,compound,BRD-K22134346-001-22-3,,['HMGCR inhibitor'],5.680499,13.960193
BR00117011,O01,U2OS,48,zaprinast,compound,BRD-K16542329-001-16-8,,['phosphodiesterase inhibitor'],2.0701125,17.881208
BR00117011,O02,U2OS,48,dexamethasone,compound,BRD-A10188456-001-04-9,,['glucocorticoid receptor agonist'],1.9816539,18.999704
BR00117011,O03,U2OS,48,salicylic-acid,compound,BRD-K93632104-001-17-2,,['cyclooxygenase inhibitor'],2.732953,17.685068
BR00117011,O04,U2OS,48,diltiazem,compound,BRD-A69636825-003-04-7,,['calcium channel blocker'],1.5623215,17.857437
BR00117011,O05,U2OS,48,phenolphthalein,compound,BRD-K19227686-001-18-6,,,2.5710933,17.725943
BR00117011,O06,U2OS,48,niflumic-acid,compound,BRD-K98763141-001-30-8,,['cyclooxygenase inhibitor'],2.507512,17.57645
BR00117011,O07,U2OS,48,DMSO,compound,,negcon,,2.4458408,17.558634
BR00117011,O08,U2OS,48,L-Cystine,compound,BRD-A15397381-001-02-5,,,2.277424,18.450775
BR00117011,O09,U2OS,48,ozanimod,compound,BRD-K46625559-001-01-8,,['sphingosine 1 phosphate receptor agonist'],0.9290306,17.909203
BR00117011,O10,U2OS,48,efaroxan,compound,BRD-A10739734-003-09-8,,['adrenergic receptor antagonist'],2.4709074,18.20083
BR00117011,O11,U2OS,48,NBQX,compound,BRD-K11796549-001-05-2,,['glutamate receptor antagonist'],2.3867333,17.961843
BR00117011,O12,U2OS,48,dinoprostone,compound,BRD-K26521938-001-07-2,,['prostanoid receptor agonist'],2.6275353,17.863977
BR00117011,O13,U2OS,48,Ro-20-1724,compound,BRD-A07207424-001-14-0,,['phosphodiesterase inhibitor'],2.979564,18.042103
BR00117011,O14,U2OS,48,xanomeline,compound,BRD-K72815923-034-02-0,,['acetylcholine receptor agonist'],2.2503612,17.716152
BR00117011,O15,U2OS,48,terazosin,compound,BRD-K01825589-310-02-9,,['adrenergic receptor antagonist'],2.222523,17.623938
BR00117011,O16,U2OS,48,BVT-948,compound,BRD-K68567222-001-01-2,,,6.324327,9.493655
BR00117011,O17,U2OS,48,nicotine,compound,BRD-K01825660-322-01-9,,['acetylcholine receptor agonist'],2.460771,17.628893
BR00117011,O18,U2OS,48,DMSO,compound,,negcon,,2.2064962,17.542952
BR00117011,O19,U2OS,48,U-0521,compound,BRD-K08953028-001-09-6,,,2.1808083,17.491776
BR00117011,O20,U2OS,48,BMS-587101,compound,BRD-K20093108-001-02-3,,,1.8782133,17.86407
BR00117011,O21,U2OS,48,nimodipine,compound,BRD-A58048407-001-20-4,,['calcium channel blocker'],1.7744542,17.91785
BR00117011,O22,U2OS,48,pyrrolidine-dithiocarbamate,compound,BRD-K80970344-201-08-6,,,8.759646,9.374143
BR00117011,O23,U2OS,48,PF-915275,compound,BRD-K18289362-001-02-2,,,2.4733038,17.510038
BR00117011,O24,U2OS,48,JTE-013,compound,BRD-K43330982-001-02-3,,,3.7432556,17.588642
BR00117011,P01,U2OS,48,sodium-butyrate,compound,BRD-K05878375-236-05-7,,['HDAC inhibitor'],2.939828,19.863749
BR00117011,P02,U2OS,48,pentostatin,compound,BRD-K91543828-001-02-0,,['ribonucleotide reductase inhibitor'],1.7065214,18.252146
BR00117011,P03,U2OS,48,OMDM-2,compound,BRD-K48830578-001-01-9,,,1.4975802,18.308577
BR00117011,P04,U2OS,48,nalmefene,compound,BRD-A72767275-003-01-6,,,2.1106756,17.59914
BR00117011,P05,U2OS,48,DMSO,compound,,negcon,,1.9114836,17.55971
BR00117011,P06,U2OS,48,1-EBIO,compound,BRD-K70586315-001-02-4,,,1.939779,18.18862
BR00117011,P07,U2OS,48,SB-505124,compound,BRD-K40109029-001-02-9,,['ALK tyrosine kinase receptor inhibitor'],3.9487634,16.713707
BR00117011,P08,U2OS,48,prasugrel,compound,BRD-A83029242-001-06-1,,['purinergic receptor antagonist'],1.9258944,18.90095
BR00117011,P09,U2OS,48,pidolic-acid,compound,BRD-K57313110-001-06-8,,,1.9323938,18.376438
BR00117011,P10,U2OS,48,DMSO,compound,,negcon,,1.8659046,17.741844
BR00117011,P11,U2OS,48,nevirapine,compound,BRD-K15502390-001-20-9,,,2.1653302,18.936563
BR00117011,P12,U2OS,48,triamterene,compound,BRD-K92049597-001-20-8,,['sodium channel blocker'],1.9411782,17.253183
BR00117011,P13,U2OS,48,regorafenib,compound,BRD-K16730910-001-07-3,,"['PDGFR tyrosine kinase receptor inhibitor', 'RAF inhibitor', 'KIT inhibitor', 'RET tyrosine kinase inhibitor', 'FGFR inhibitor', 'VEGFR inhibitor']",3.63713,17.653109
BR00117011,P14,U2OS,48,cyclophosphamide,compound,BRD-A09722536-002-18-0,,,2.3097725,17.713322
BR00117011,P15,U2OS,48,olanzapine,compound,BRD-K18895904-001-16-1,,"['dopamine receptor antagonist', 'serotonin receptor antagonist']",1.7271295,18.697046
BR00117011,P16,U2OS,48,KI-16425,compound,BRD-A25569250-001-03-3,,['lysophosphatidic acid receptor antagonist'],1.7978755,18.403227
BR00117011,P17,U2OS,48,SKLB1002,compound,BRD-K29895144-001-01-0,,['VEGFR inhibitor'],3.8751233,11.607811
BR00117011,P18,U2OS,48,cilostazol,compound,BRD-K67017579-001-28-1,,['phosphodiesterase inhibitor'],1.4010884,18.414614
BR00117011,P19,U2OS,48,AZD1283,compound,BRD-K77060810-001-01-5,,['purinergic receptor antagonist'],3.5463445,18.386835
BR00117011,P20,U2OS,48,A-987306,compound,BRD-K68982262-001-01-4,,['histamine receptor antagonist'],7.660336,13.922499
BR00117011,P21,U2OS,48,procaine,compound,BRD-K24616672-003-20-1,,['HMGCR inhibitor'],2.3638108,18.342314
BR00117011,P22,U2OS,48,miconazole,compound,BRD-A82396632-008-30-8,,['bacterial cell wall synthesis inhibitor'],1.8423009,18.488691
BR00117011,P23,U2OS,48,loperamide,compound,BRD-K61250553-003-30-6,,,1.4763168,18.983866
BR00117011,P24,U2OS,48,aripiprazole,compound,BRD-K70358946-001-17-3,,['serotonin receptor antagonist'],1.8400227,20.38664
BR00117012,A01,U2OS,48,gabapentin-enacarbil,compound,BRD-A86665761-001-01-1,,,4.2525554,18.885046
BR00117012,A02,U2OS,48,DMSO,compound,,negcon,,4.970091,18.7222
BR00117012,A03,U2OS,48,amlodipine,compound,BRD-A22032524-074-09-9,,['calcium channel blocker'],1.9809562,19.248745
BR00117012,A04,U2OS,48,hexestrol,compound,BRD-A01078468-001-14-8,,,4.3809,18.899784
BR00117012,A05,U2OS,48,quinine,compound,BRD-K48278478-001-01-2,,,2.0198262,19.359835
BR00117012,A06,U2OS,48,LOXO-101,compound,BRD-K36574127-001-01-3,,,4.264419,18.837296
BR00117012,A07,U2OS,48,brinzolamide,compound,BRD-K74913225-001-14-0,,['carbonic anhydrase inhibitor'],4.268566,18.930489
BR00117012,A08,U2OS,48,NS-11021,compound,BRD-K94342292-001-01-3,,['calcium-activated potassium channel activator'],1.4924203,16.109169
BR00117012,A09,U2OS,48,DMSO,compound,,negcon,,4.7891746,18.500465
BR00117012,A10,U2OS,48,GNF-5837,compound,BRD-K19975102-001-01-2,,['growth factor receptor inhibitor'],1.6598569,16.93088
BR00117012,A11,U2OS,48,apatinib,compound,BRD-K25244359-066-02-6,,['RET tyrosine kinase inhibitor'],4.338395,18.398542
BR00117012,A12,U2OS,48,ethoxzolamide,compound,BRD-K18131774-001-18-4,,['carbonic anhydrase inhibitor'],4.500629,18.452429
BR00117012,A13,U2OS,48,ascorbic-acid,compound,BRD-A85242401-001-11-5,,,3.1137195,17.941029
BR00117012,A14,U2OS,48,ryuvidine,compound,BRD-K06426971-001-02-7,,['histone lysine methyltransferase inhibitor'],8.108144,8.478402
BR00117012,A15,U2OS,48,BAN-ORL-24,compound,BRD-K47049295-300-03-1,,,6.655721,12.381102
BR00117012,A16,U2OS,48,NNC-55-0396,compound,BRD-K78122587-300-04-3,,,7.43591,13.160983
BR00117012,A17,U2OS,48,DMSO,compound,,negcon,,4.655814,18.055162
BR00117012,A18,U2OS,48,WH-4-023,compound,BRD-K50199947-001-03-4,,['src inhibitor'],6.857482,12.724927
BR00117012,A19,U2OS,48,flupirtine,compound,BRD-K50720187-051-03-1,,['glutamate receptor antagonist'],4.1135645,18.103754
BR00117012,A20,U2OS,48,ZK811752,compound,BRD-K91825936-001-03-9,,,3.5323973,18.042377
BR00117012,A21,U2OS,48,dexamethasone,compound,BRD-K38775274-001-22-1,,['glucocorticoid receptor agonist'],4.3960986,18.202404
BR00117012,A22,U2OS,48,PP-1,compound,BRD-K47598052-001-14-1,,['src inhibitor'],5.7857537,13.582885
BR00117012,A23,U2OS,48,DDR1-IN-1,compound,BRD-K61845293-300-01-9,,,7.740236,13.719096
BR00117012,A24,U2OS,48,AVL-292,compound,BRD-K87782578-001-01-4,,"[""Bruton's tyrosine kinase (BTK) inhibitor""]",5.9888654,12.363099
BR00117012,B01,U2OS,48,H2L-5765834,compound,BRD-K26439554-001-01-3,,['lysophosphatidic acid receptor antagonist'],4.8320103,18.436808
BR00117012,B02,U2OS,48,thiostrepton,compound,BRD-K58049875-001-03-9,,['protein synthesis inhibitor'],8.444067,9.551079
BR00117012,B03,U2OS,48,DMSO,compound,,negcon,,4.8470106,18.120983
BR00117012,B04,U2OS,48,arcyriaflavin-a,compound,BRD-K72726508-001-02-1,,['CDK inhibitor'],5.4593725,12.488735
BR00117012,B05,U2OS,48,CYM-5520,compound,BRD-K29151923-001-01-5,,['sphingosine 1 phosphate receptor agonist'],4.8479257,18.469318
BR00117012,B06,U2OS,48,fludarabine,compound,BRD-K66788707-001-14-3,,['ribonucleotide reductase inhibitor'],3.613633,11.887896
BR00117012,B07,U2OS,48,alda-1,compound,BRD-K06890060-001-09-1,,,4.8047304,18.405844
BR00117012,B08,U2OS,48,meclofenamic-acid,compound,BRD-K50398167-236-22-7,,"['cyclooxygenase inhibitor', 'prostanoid receptor antagonist']",4.7707133,18.275187
BR00117012,B09,U2OS,48,GNF-5,compound,BRD-K87632963-001-03-0,,['Bcr-Abl kinase inhibitor'],4.716147,18.474522
BR00117012,B10,U2OS,48,NS-309,compound,BRD-K37602296-001-01-6,,['calcium-activated potassium channel activator'],4.7201633,18.184086
BR00117012,B11,U2OS,48,AK-7,compound,BRD-K09143580-001-01-0,,['SIRT inhibitor'],2.4919014,16.860563
BR00117012,B12,U2OS,48,BVT-948,compound,BRD-A22713669-001-04-3,,,7.9489994,8.432949
BR00117012,B13,U2OS,48,SirReal-2,compound,BRD-K16472653-001-01-6,,['SIRT inhibitor'],4.790723,18.329477
BR00117012,B14,U2OS,48,DMSO,compound,,negcon,,4.9594774,18.286081
BR00117012,B15,U2OS,48,BMS-536924,compound,BRD-K34581968-001-05-3,,['IGF-1 inhibitor'],5.9423447,12.543671
BR00117012,B16,U2OS,48,PP-121,compound,BRD-K81801188-001-02-8,,['protein tyrosine kinase inhibitor'],7.38159,10.420425
BR00117012,B17,U2OS,48,MCOPPB,compound,BRD-K73276278-305-01-1,,,8.037219,12.871367
BR00117012,B18,U2OS,48,ozagrel,compound,BRD-K53061490-003-13-9,,,4.6754823,18.431616
BR00117012,B19,U2OS,48,CYM-5442,compound,BRD-A43005764-003-01-5,,['sphingosine 1 phosphate receptor agonist'],7.701914,13.437564
BR00117012,B20,U2OS,48,CVT-10216,compound,BRD-K60659193-001-01-0,,,4.69753,18.407537
BR00117012,B21,U2OS,48,TCN201,compound,BRD-K09787262-001-02-7,,['glutamate receptor antagonist'],4.704331,17.960798
BR00117012,B22,U2OS,48,fomepizole,compound,BRD-K56810756-003-07-7,,['alcohol dehydrogenase inhibitor'],3.5872793,17.878399
BR00117012,B23,U2OS,48,benzamil,compound,BRD-K87158025-003-08-7,,['sodium channel blocker'],3.1202343,17.853432
BR00117012,B24,U2OS,48,lercanidipine,compound,BRD-A18992208-003-02-7,,['calcium channel blocker'],4.460481,18.21208
BR00117012,C01,U2OS,48,4-CMTB,compound,BRD-A54139254-001-09-2,,['free fatty acid receptor agonist'],4.4968233,18.794693
BR00117012,C02,U2OS,48,ML-228,compound,BRD-K44432556-001-05-5,,,4.690677,19.353685
BR00117012,C03,U2OS,48,DMSO,compound,,negcon,,4.9399734,18.68187
BR00117012,C04,U2OS,48,GSK1070916,compound,BRD-K36740062-001-06-6,,['Aurora kinase inhibitor'],5.617588,11.391298
BR00117012,C05,U2OS,48,ML-193,compound,BRD-K27539181-001-08-5,,,4.546098,18.958689
BR00117012,C06,U2OS,48,DMSO,compound,,negcon,,5.044917,18.3806
BR00117012,C07,U2OS,48,M-25,compound,BRD-K51265828-001-01-0,,['smoothened receptor antagonist'],4.240391,18.797503
BR00117012,C08,U2OS,48,azeliragon,compound,BRD-K51899933-001-02-6,,['RAGE receptor antagonist'],7.8333273,9.875816
BR00117012,C09,U2OS,48,CYT-997,compound,BRD-K23363278-001-02-1,poscon_diverse,['tubulin polymerization inhibitor'],6.65375,10.4265
BR00117012,C10,U2OS,48,AR-12,compound,BRD-K90497590-001-05-9,,,7.910999,8.485548
BR00117012,C11,U2OS,48,CYM-50260,compound,BRD-K69877120-001-01-7,,['sphingosine 1 phosphate receptor agonist'],4.697199,18.264748
BR00117012,C12,U2OS,48,DMSO,compound,,negcon,,4.84581,17.9838
BR00117012,C13,U2OS,48,KG-5,compound,BRD-K90747162-001-01-4,poscon_cp,['RAF inhibitor'],6.810618,11.362589
BR00117012,C14,U2OS,48,JTE-607,compound,BRD-K81405859-300-01-4,,,3.7960625,11.71647
BR00117012,C15,U2OS,48,DMSO,compound,,negcon,,4.831444,18.376198
BR00117012,C16,U2OS,48,ilomastat,compound,BRD-K51662849-001-05-4,,['matrix metalloprotease inhibitor'],4.807778,18.551329
BR00117012,C17,U2OS,48,RX-821002,compound,BRD-A65597028-003-08-1,,['adrenergic receptor antagonist'],4.6872945,18.38579
BR00117012,C18,U2OS,48,DMSO,compound,,negcon,,5.0813403,18.080236
BR00117012,C19,U2OS,48,TUG-891,compound,BRD-K24282351-001-01-4,,['free fatty acid receptor agonist'],4.5833416,18.142214
BR00117012,C20,U2OS,48,ponatinib,compound,BRD-K44227013-001-08-0,,"['PDGFR tyrosine kinase receptor inhibitor', 'FLT3 inhibitor', 'Bcr-Abl kinase inhibitor']",8.257632,9.269744
BR00117012,C21,U2OS,48,DMSO,compound,,negcon,,4.7382946,18.351374
BR00117012,C22,U2OS,48,puromycin,compound,BRD-K01824976-300-02-9,,['protein synthesis inhibitor'],8.505585,9.017672
BR00117012,C23,U2OS,48,SRC-kinase-inhibitor-I,compound,BRD-K50495309-001-02-0,,['src inhibitor'],7.792145,13.426152
BR00117012,C24,U2OS,48,acetylcysteine,compound,BRD-K59058747-001-19-1,,,4.4863706,18.112698
BR00117012,D01,U2OS,48,NSC-625987,compound,BRD-K62949423-001-03-1,,['CDK inhibitor'],4.691046,18.359056
BR00117012,D02,U2OS,48,dalfampridine,compound,BRD-K22482860-001-20-6,,['potassium channel blocker'],4.709555,18.22268
BR00117012,D03,U2OS,48,NSC-95397,compound,BRD-K68143200-001-11-7,,['CDC inhibitor'],7.891338,8.934742
BR00117012,D04,U2OS,48,alrestatin,compound,BRD-K35498378-001-06-1,,['aldose reductase inhibitor'],4.9467964,18.342993
BR00117012,D05,U2OS,48,PF-03758309,compound,BRD-K37764012-001-03-3,poscon_diverse,['p21 activated kinase inhibitor'],4.7715573,18.27694
BR00117012,D06,U2OS,48,IRL-2500,compound,BRD-K98357249-001-02-9,,['endothelin receptor antagonist'],4.825633,18.25143
BR00117012,D07,U2OS,48,PF-04217903,compound,BRD-K73319509-001-08-0,poscon_cp,,4.655033,18.383228
BR00117012,D08,U2OS,48,FK-866,compound,BRD-K58550667-001-08-7,poscon_diverse,,5.085165,8.119774
BR00117012,D09,U2OS,48,amlexanox,compound,BRD-K29530284-001-06-2,,,4.822925,18.439905
BR00117012,D10,U2OS,48,GW-311616,compound,BRD-K37864785-001-01-0,,['elastase inhibitor'],4.780833,18.367392
BR00117012,D11,U2OS,48,buparlisib,compound,BRD-K42191735-001-08-7,poscon_diverse,,8.877751,10.065227
BR00117012,D12,U2OS,48,amiloride,compound,BRD-K97181089-003-24-7,,['sodium channel blocker'],4.837338,18.26648
BR00117012,D13,U2OS,48,DG-172,compound,BRD-K75748943-300-01-3,,,7.7368445,13.834589
BR00117012,D14,U2OS,48,DMSO,compound,,negcon,,5.134222,18.096888
BR00117012,D15,U2OS,48,DMSO,compound,,negcon,,5.1646333,18.220798
BR00117012,D16,U2OS,48,NVP-ADW742,compound,BRD-K15179513-001-04-2,poscon_cp,,7.6214046,12.574927
BR00117012,D17,U2OS,48,misoprostol,compound,BRD-A72351335-001-04-5,,['prostanoid receptor agonist'],4.8797374,18.41357
BR00117012,D18,U2OS,48,conivaptan,compound,BRD-K37385792-003-02-1,,,4.767617,17.837198
BR00117012,D19,U2OS,48,spiroxatrine,compound,BRD-A72483914-001-03-7,,['serotonin receptor antagonist'],4.9271235,18.537783
BR00117012,D20,U2OS,48,diacerein,compound,BRD-K69122748-001-10-1,,,4.726939,18.282309
BR00117012,D21,U2OS,48,DMSO,compound,,negcon,,5.2040906,17.948599
BR00117012,D22,U2OS,48,DMSO,compound,,negcon,,4.900777,18.053846
BR00117012,D23,U2OS,48,glyburide,compound,BRD-K36927236-001-36-7,,['ATP channel blocker'],5.0713296,17.932402
BR00117012,D24,U2OS,48,ANR-94,compound,BRD-K31170746-001-01-6,,,4.4759107,18.152582
BR00117012,E01,U2OS,48,TFC-007,compound,BRD-K57708067-001-01-3,,,5.098665,18.968716
BR00117012,E02,U2OS,48,trihexyphenidyl,compound,BRD-A48180038-003-24-3,,['acetylcholine receptor antagonist'],5.0260196,18.877113
BR00117012,E03,U2OS,48,epoprostenol,compound,BRD-K64054020-001-02-7,,,4.9266496,19.256645
BR00117012,E04,U2OS,48,sacubitril,compound,BRD-K91456750-001-01-9,,,4.7055864,18.858768
BR00117012,E05,U2OS,48,danusertib,compound,BRD-K07881437-001-03-8,poscon_diverse,"['growth factor receptor inhibitor', 'Aurora kinase inhibitor']",4.461081,11.452615
BR00117012,E06,U2OS,48,CYT-997,compound,BRD-K23363278-001-02-1,poscon_diverse,['tubulin polymerization inhibitor'],8.701337,10.145327
BR00117012,E07,U2OS,48,DMSO,compound,,negcon,,4.7836733,18.655708
BR00117012,E08,U2OS,48,BQ-788,compound,BRD-K02490038-236-03-8,,['endothelin receptor antagonist'],4.9463997,18.759972
BR00117012,E09,U2OS,48,SB-202190,compound,BRD-K54330070-001-19-6,poscon_orf,['p38 MAPK inhibitor'],4.6774054,18.545279
BR00117012,E10,U2OS,48,GSK2110183,compound,BRD-K25412176-001-01-9,poscon_diverse,,4.994033,16.384796
BR00117012,E11,U2OS,48,GSK3787,compound,BRD-K03155172-001-03-0,,['PPAR receptor antagonist'],4.72374,18.660824
BR00117012,E12,U2OS,48,BAM7,compound,BRD-K07442505-001-03-6,,,4.5876193,18.357544
BR00117012,E13,U2OS,48,PHA-793887,compound,BRD-K64800655-001-09-0,poscon_diverse,['CDK inhibitor'],6.589265,10.230188
BR00117012,E14,U2OS,48,DMSO,compound,,negcon,,4.787292,18.43105
BR00117012,E15,U2OS,48,GSK-37647,compound,BRD-K26514105-001-01-7,,['free fatty acid receptor agonist'],4.6656585,18.042961
BR00117012,E16,U2OS,48,desonide,compound,BRD-K21528677-001-04-4,,['glucocorticoid receptor agonist'],4.726922,18.362906
BR00117012,E17,U2OS,48,DMSO,compound,,negcon,,4.7052336,18.407007
BR00117012,E18,U2OS,48,aloxistatin,compound,BRD-K91188791-001-17-5,,,3.0815356,17.000978
BR00117012,E19,U2OS,48,azathioprine,compound,BRD-K32821942-001-22-1,,,4.751881,18.122185
BR00117012,E20,U2OS,48,ZK-93423,compound,BRD-K33882852-003-02-8,poscon_diverse,['benzodiazepine receptor agonist'],3.1200006,17.74667
BR00117012,E21,U2OS,48,BI-2536,compound,BRD-K64890080-001-02-1,poscon_diverse,,8.19928,11.305253
BR00117012,E22,U2OS,48,EI1,compound,BRD-K91535048-001-01-2,poscon_cp,['histone lysine methyltransferase inhibitor'],4.776557,18.306757
BR00117012,E23,U2OS,48,NVP-HSP990,compound,BRD-K67915505-001-01-2,,['HSP inhibitor'],7.330175,9.627879
BR00117012,E24,U2OS,48,DMSO,compound,,negcon,,4.8513865,18.337818
BR00117012,F01,U2OS,48,DMSO,compound,,negcon,,5.091313,18.24906
BR00117012,F02,U2OS,48,nialamide,compound,BRD-K12102668-001-25-5,,,5.2635813,18.23483
BR00117012,F03,U2OS,48,DMSO,compound,,negcon,,5.0151043,18.295158
BR00117012,F04,U2OS,48,arundic-acid,compound,BRD-K49223707-001-01-0,,,4.9750137,18.420794
BR00117012,F05,U2OS,48,torcitabine,compound,BRD-K91822704-003-07-2,,,4.9446597,18.23759
BR00117012,F06,U2OS,48,DMSO,compound,,negcon,,4.899604,18.019674
BR00117012,F07,U2OS,48,epothilone-b,compound,BRD-K68164687-001-01-6,,"['microtubule stabilizing agent', 'tubulin polymerization inhibitor']",7.264231,11.214028
BR00117012,F08,U2OS,48,dyphylline,compound,BRD-A00827783-001-24-6,,['phosphodiesterase inhibitor'],5.039438,18.63041
BR00117012,F09,U2OS,48,DMSO,compound,,negcon,,5.0466747,17.976915
BR00117012,F10,U2OS,48,quinidine,compound,BRD-K59632282-052-03-1,,['sodium channel blocker'],4.4553432,17.643969
BR00117012,F11,U2OS,48,halopemide,compound,BRD-K50055394-001-03-6,,,0.9541436,16.602541
BR00117012,F12,U2OS,48,sulfinpyrazone,compound,BRD-A36217750-001-16-3,,,5.1679068,18.488827
BR00117012,F13,U2OS,48,ML-323,compound,BRD-K93942811-001-01-3,poscon_cp,['ubiquitin specific protease inhibitor'],5.0087175,18.535654
BR00117012,F14,U2OS,48,racecadotril,compound,BRD-A08187463-001-12-9,,,5.1170907,18.66074
BR00117012,F15,U2OS,48,BRL-50481,compound,BRD-K84266862-001-03-2,,['phosphodiesterase inhibitor'],5.232958,18.420332
BR00117012,F16,U2OS,48,GSK2110183,compound,BRD-K25412176-001-01-9,poscon_diverse,,5.0357704,16.32795
BR00117012,F17,U2OS,48,bufexamac,compound,BRD-K36660044-001-24-2,,['cyclooxygenase inhibitor'],4.0285215,18.238718
BR00117012,F18,U2OS,48,anandamide,compound,BRD-K42352790-001-05-3,,,4.983177,18.180939
BR00117012,F19,U2OS,48,thioguanine,compound,BRD-K49350383-001-13-7,poscon_diverse,,4.8462987,12.578976
BR00117012,F20,U2OS,48,IWP-L6,compound,BRD-K53234107-001-01-6,,['porcupine inhibitor'],4.9814773,18.096334
BR00117012,F21,U2OS,48,edoxaban,compound,BRD-K29322660-001-01-9,,['coagulation factor inhibitor'],5.1631074,18.121632
BR00117012,F22,U2OS,48,lonafarnib,compound,BRD-K41599323-001-02-3,poscon_diverse,,4.987785,13.490678
BR00117012,F23,U2OS,48,ibutamoren,compound,BRD-K44771174-066-01-0,,,5.040131,17.869589
BR00117012,F24,U2OS,48,somatostatin,compound,BRD-K14681867-001-01-6,,['somatostatin receptor agonist'],3.823591,18.657578
BR00117012,G01,U2OS,48,L-proline,compound,BRD-K01666412-001-02-0,,,4.1227307,18.458632
BR00117012,G02,U2OS,48,zamifenacin,compound,BRD-K80451230-051-02-6,,['acetylcholine receptor antagonist'],4.8060174,19.026628
BR00117012,G03,U2OS,48,YC-1,compound,BRD-K60476892-001-16-1,,,4.995553,11.387083
BR00117012,G04,U2OS,48,DMSO,compound,,negcon,,4.980337,17.910467
BR00117012,G05,U2OS,48,ME-0328,compound,BRD-K24283677-001-01-9,,['PPAR receptor antagonist'],5.064443,18.93483
BR00117012,G06,U2OS,48,NSC-663284,compound,BRD-K03109492-001-02-2,,['CDC inhibitor'],7.974565,8.457298
BR00117012,G07,U2OS,48,CYM-50358,compound,BRD-K80666802-003-01-0,,,4.698509,19.28766
BR00117012,G08,U2OS,48,trazodone,compound,BRD-K70778732-003-27-5,,"['adrenergic receptor antagonist', 'serotonin receptor antagonist']",4.173155,19.042925
BR00117012,G09,U2OS,48,DMSO,compound,,negcon,,4.9873605,18.853464
BR00117012,G10,U2OS,48,DMSO,compound,,negcon,,5.0397234,18.736132
BR00117012,G11,U2OS,48,sulfasalazine,compound,BRD-K10670311-001-17-1,,['cyclooxygenase inhibitor'],4.9708557,18.94102
BR00117012,G12,U2OS,48,"2,5-furandimethanol",compound,BRD-K29791386-001-01-8,,,4.4885135,18.867401
BR00117012,G13,U2OS,48,DMSO,compound,,negcon,,5.160383,18.013777
BR00117012,G14,U2OS,48,dilazep,compound,BRD-K48722258-300-11-0,,,5.1163664,18.503332
BR00117012,G15,U2OS,48,felodipine,compound,BRD-A30815329-001-12-1,,['calcium channel blocker'],4.9553623,18.305891
BR00117012,G16,U2OS,48,paliperidone,compound,BRD-A99888680-001-05-3,,"['dopamine receptor antagonist', 'serotonin receptor antagonist']",4.7527404,18.689863
BR00117012,G17,U2OS,48,purvalanol-a,compound,BRD-K50836978-001-03-3,poscon_orf,['CDK inhibitor'],4.5049095,18.719625
BR00117012,G18,U2OS,48,DMSO,compound,,negcon,,5.1570435,18.612097
BR00117012,G19,U2OS,48,Ro-1138452,compound,BRD-K77220725-003-01-5,,['prostanoid receptor antagonist'],4.7958975,18.476225
BR00117012,G20,U2OS,48,sorbinil,compound,BRD-A89164055-001-03-3,,['aldose reductase inhibitor'],4.9393716,18.661667
BR00117012,G21,U2OS,48,TC-S-7004,compound,BRD-K89517477-001-01-4,poscon_cp,['DYRK inhibitor'],2.9362357,17.199974
BR00117012,G22,U2OS,48,saclofen,compound,BRD-A24122750-001-03-7,,['GABA receptor antagonist'],5.037787,18.387632
BR00117012,G23,U2OS,48,BAY-87-2243,compound,BRD-K70463136-001-01-5,,,3.2220023,17.809595
BR00117012,G24,U2OS,48,ibudilast,compound,BRD-K16444452-001-09-1,,['phosphodiesterase inhibitor'],5.2689986,18.10769
BR00117012,H01,U2OS,48,briciclib,compound,BRD-K05531427-001-01-7,,,8.832459,10.293321
BR00117012,H02,U2OS,48,2-Oleoylglycerol,compound,BRD-K77087341-001-02-4,,,4.8905306,18.006897
BR00117012,H03,U2OS,48,RGFP966,compound,BRD-K61688984-001-02-9,poscon_cp,['HDAC inhibitor'],3.337962,16.565826
BR00117012,H04,U2OS,48,DMSO,compound,,negcon,,5.1817417,18.62189
BR00117012,H05,U2OS,48,azacitidine,compound,BRD-K03406345-001-21-1,poscon_diverse,,4.9175544,18.273342
BR00117012,H06,U2OS,48,N6-cyclopentyladenosine,compound,BRD-K60150510-001-15-6,,,4.899386,18.532606
BR00117012,H07,U2OS,48,filgotinib,compound,BRD-K16803204-001-01-6,poscon_cp,['JAK inhibitor'],5.118002,18.125917
BR00117012,H08,U2OS,48,guanidine,compound,BRD-K76037122-001-02-5,,['HSP inhibitor'],4.8968215,18.427074
BR00117012,H09,U2OS,48,coumarin,compound,BRD-K23913458-001-20-7,,,5.1165137,18.37176
BR00117012,H10,U2OS,48,DMSO,compound,,negcon,,4.909703,18.29201
BR00117012,H11,U2OS,48,ZM-336372,compound,BRD-K73789395-001-09-9,poscon_orf,['RAF inhibitor'],5.290579,18.518158
BR00117012,H12,U2OS,48,citric-acid,compound,BRD-K76792669-001-08-1,,['coagulation factor inhibitor'],5.141713,18.202723
BR00117012,H13,U2OS,48,DMSO,compound,,negcon,,5.1009126,18.055792
BR00117012,H14,U2OS,48,CCG-63802,compound,BRD-K26970495-001-02-7,,['G protein signaling inhibitor'],5.3225236,18.385576
BR00117012,H15,U2OS,48,ibutilide,compound,BRD-A74391928-051-03-9,,['potassium channel blocker'],5.3340406,18.50302
BR00117012,H16,U2OS,48,batimastat,compound,BRD-K82818427-001-04-8,,['matrix metalloprotease inhibitor'],3.4550343,17.147472
BR00117012,H17,U2OS,48,DMSO,compound,,negcon,,5.2073736,18.107439
BR00117012,H18,U2OS,48,DMSO,compound,,negcon,,4.864539,18.29546
BR00117012,H19,U2OS,48,UNC1999,compound,BRD-K26989966-001-04-3,poscon_cp,['histone lysine methyltransferase inhibitor'],7.907252,9.714692
BR00117012,H20,U2OS,48,glutamine-(l),compound,BRD-K83896451-001-06-7,,,4.93926,18.153673
BR00117012,H21,U2OS,48,PD-98059,compound,BRD-K62810658-001-11-4,poscon_orf,,4.478701,18.327217
BR00117012,H22,U2OS,48,enilconazole,compound,BRD-K01825690-065-01-9,,,5.053017,18.161335
BR00117012,H23,U2OS,48,N-alpha-Methylhistamine-dihydrochloride,compound,BRD-K75390981-300-04-9,,['histamine receptor agonist'],4.9933405,18.352465
BR00117012,H24,U2OS,48,GK921,compound,BRD-K38272302-001-02-7,,,6.6419554,9.617703
BR00117012,I01,U2OS,48,nilvadipine,compound,BRD-A84687895-001-03-2,,['calcium channel blocker'],4.546232,18.722536
BR00117012,I02,U2OS,48,DMSO,compound,,negcon,,5.1948647,18.748556
BR00117012,I03,U2OS,48,AC-710,compound,BRD-K15819326-001-01-6,,['PDGFR tyrosine kinase receptor inhibitor'],7.2571445,8.854989
BR00117012,I04,U2OS,48,PETCM,compound,BRD-A93477898-001-04-2,,,4.280758,18.735846
BR00117012,I05,U2OS,48,AZD7762,compound,BRD-K86525559-001-07-8,poscon_diverse,['CHK inhibitor'],8.1812935,8.99913
BR00117012,I06,U2OS,48,PHA-793887,compound,BRD-K64800655-001-09-0,poscon_diverse,['CDK inhibitor'],6.4325867,10.356164
BR00117012,I07,U2OS,48,KU-60019,compound,BRD-K36016295-001-05-2,,['ATM kinase inhibitor'],6.213296,9.690461
BR00117012,I08,U2OS,48,nafamostat,compound,BRD-K06674495-334-04-0,,,4.349774,19.087921
BR00117012,I09,U2OS,48,DMSO,compound,,negcon,,5.0675516,18.023352
BR00117012,I10,U2OS,48,DMSO,compound,,negcon,,4.8065867,17.993618
BR00117012,I11,U2OS,48,taladegib,compound,BRD-K50498985-001-03-3,,['smoothened receptor antagonist'],5.0696354,18.450848
BR00117012,I12,U2OS,48,acetohexamide,compound,BRD-K52960356-001-13-0,,['ATP channel blocker'],5.1055336,18.58092
BR00117012,I13,U2OS,48,minocycline,compound,BRD-A69651145-003-11-4,,,3.8556144,18.318626
BR00117012,I14,U2OS,48,BI-2536,compound,BRD-K64890080-001-02-1,poscon_diverse,,8.347305,11.177928
BR00117012,I15,U2OS,48,riociguat,compound,BRD-K84783599-001-01-0,,,4.955577,18.307568
BR00117012,I16,U2OS,48,CP-724714,compound,BRD-K76908866-001-07-6,poscon_cp,"['EGFR inhibitor', 'protein tyrosine kinase inhibitor']",3.4737296,17.66329
BR00117012,I17,U2OS,48,ganetespib,compound,BRD-K38852836-001-04-9,poscon_diverse,['HSP inhibitor'],7.263541,9.631628
BR00117012,I18,U2OS,48,AZ191,compound,BRD-K80935598-001-01-1,poscon_cp,['DYRK inhibitor'],8.032757,12.482264
BR00117012,I19,U2OS,48,BAX-channel-blocker,compound,BRD-A18763547-300-06-3,,,7.5131006,12.39055
BR00117012,I20,U2OS,48,SU3327,compound,BRD-K32730239-001-01-0,,['JNK inhibitor'],8.560008,8.965671
BR00117012,I21,U2OS,48,DMSO,compound,,negcon,,5.2892675,18.28837
BR00117012,I22,U2OS,48,DMSO,compound,,negcon,,4.9901757,17.921522
BR00117012,I23,U2OS,48,octreotide,compound,BRD-A64173453-015-03-1,,['somatostatin receptor agonist'],4.698541,17.909323
BR00117012,I24,U2OS,48,1-octanol,compound,BRD-K09338665-001-08-9,,,5.1357026,18.214504
BR00117012,J01,U2OS,48,acalabrutinib,compound,BRD-K64034691-001-01-9,,"[""Bruton's tyrosine kinase (BTK) inhibitor""]",5.3015695,18.545147
BR00117012,J02,U2OS,48,rifamycin,compound,BRD-K38512030-001-01-7,,,4.8545513,18.291275
BR00117012,J03,U2OS,48,pazopanib,compound,BRD-K74514084-003-09-2,,"['KIT inhibitor', 'VEGFR inhibitor', 'PDGFR tyrosine kinase receptor inhibitor']",4.750874,16.876131
BR00117012,J04,U2OS,48,RKI-1447,compound,BRD-K19333160-001-01-3,poscon_cp,,4.888379,15.285934
BR00117012,J05,U2OS,48,vitamin-E,compound,BRD-K97091514-001-11-4,,['PKC inhibitor'],5.0933685,18.631453
BR00117012,J06,U2OS,48,lonafarnib,compound,BRD-K41599323-001-02-3,poscon_diverse,,4.89845,13.620793
BR00117012,J07,U2OS,48,ethyl-pyruvate,compound,BRD-K47738867-001-01-5,,,4.768698,18.321327
BR00117012,J08,U2OS,48,picrotin,compound,BRD-A91822151-001-05-0,,['GABA receptor antagonist'],5.1769805,17.975092
BR00117012,J09,U2OS,48,SGX523,compound,BRD-K19477839-001-07-6,poscon_cp,,5.2506704,18.34765
BR00117012,J10,U2OS,48,PP-2,compound,BRD-K95785537-001-22-3,,['src inhibitor'],5.852851,13.370461
BR00117012,J11,U2OS,48,ME-0328,compound,BRD-A63444178-001-01-5,,['PPAR receptor antagonist'],5.1743765,17.855852
BR00117012,J12,U2OS,48,AZD9668,compound,BRD-K31476763-001-01-5,,['elastase inhibitor'],5.1106453,18.37056
BR00117012,J13,U2OS,48,NQDI-1,compound,BRD-K61918008-001-07-1,,,5.239845,18.265814
BR00117012,J14,U2OS,48,DMSO,compound,,negcon,,4.9547534,18.382277
BR00117012,J15,U2OS,48,carzenide,compound,BRD-K09295674-001-09-8,,,5.014554,18.207247
BR00117012,J16,U2OS,48,KU-55933,compound,BRD-K25311561-001-10-7,,['ATM kinase inhibitor'],3.133599,20.388983
BR00117012,J17,U2OS,48,NVP-AEW541,compound,BRD-K24696047-001-02-3,poscon_cp,['IGF-1 inhibitor'],7.6914353,13.472284
BR00117012,J18,U2OS,48,leflunomide,compound,BRD-K78692225-001-24-5,,['PDGFR tyrosine kinase receptor inhibitor'],4.9897995,18.517733
BR00117012,J19,U2OS,48,DMSO,compound,,negcon,,5.438007,18.330631
BR00117012,J20,U2OS,48,azacitidine,compound,BRD-K03406345-001-21-1,poscon_diverse,,5.039589,18.335854
BR00117012,J21,U2OS,48,ixabepilone,compound,BRD-K03601870-001-01-2,,['microtubule stabilizing agent'],8.210711,10.791912
BR00117012,J22,U2OS,48,KH-CB19,compound,BRD-K66430217-001-03-8,poscon_cp,['CDC inhibitor'],5.1561007,18.182888
BR00117012,J23,U2OS,48,DMSO,compound,,negcon,,4.93623,17.874798
BR00117012,J24,U2OS,48,PF-05190457,compound,BRD-K02554563-001-01-6,,,4.122826,18.14578
BR00117012,K01,U2OS,48,LDN-212854,compound,BRD-K59831625-001-03-9,,,8.291947,8.79129
BR00117012,K02,U2OS,48,formononetin,compound,BRD-K55567017-001-12-3,,['alcohol dehydrogenase inhibitor'],4.8272104,19.342049
BR00117012,K03,U2OS,48,aminopurvalanol-a,compound,BRD-K07762753-001-05-1,poscon_orf,['CDK inhibitor'],4.1556263,12.851043
BR00117012,K04,U2OS,48,ruxolitinib,compound,BRD-K53972329-001-01-3,poscon_cp,['JAK inhibitor'],5.007008,18.956745
BR00117012,K05,U2OS,48,DMSO,compound,,negcon,,5.1187778,17.941786
BR00117012,K06,U2OS,48,DMSO,compound,,negcon,,4.7372427,18.49697
BR00117012,K07,U2OS,48,LGK-974,compound,BRD-K16810791-001-01-0,,['porcupine inhibitor'],5.08538,19.073017
BR00117012,K08,U2OS,48,polydatin,compound,BRD-K43236057-001-07-1,,['ICAM1 expression inhibitor'],6.152004,10.394689
BR00117012,K09,U2OS,48,enflurane,compound,BRD-A51831848-001-01-7,,,5.088422,18.33277
BR00117012,K10,U2OS,48,PFI-1,compound,BRD-K13094524-001-04-2,poscon_cp,,4.9673395,18.087246
BR00117012,K11,U2OS,48,AZD7762,compound,BRD-K86525559-001-07-8,poscon_diverse,['CHK inhibitor'],7.90061,9.09867
BR00117012,K12,U2OS,48,sotrastaurin,compound,BRD-K16761703-001-03-8,,['PKC inhibitor'],3.2641532,15.894782
BR00117012,K13,U2OS,48,DMSO,compound,,negcon,,5.2145195,18.164707
BR00117012,K14,U2OS,48,cycloheximide,compound,BRD-K36055864-001-20-0,,['protein synthesis inhibitor'],5.8478756,10.935659
BR00117012,K15,U2OS,48,oxytocin,compound,BRD-K25243230-001-01-2,,,4.589055,18.78494
BR00117012,K16,U2OS,48,DMSO,compound,,negcon,,5.3967714,18.458069
BR00117012,K17,U2OS,48,colchicine,compound,BRD-K00259736-001-16-4,,,8.772423,10.2731905
BR00117012,K18,U2OS,48,afimoxifene,compound,BRD-K04210847-001-21-9,,,5.0679502,18.580986
BR00117012,K19,U2OS,48,DMSO,compound,,negcon,,5.252186,18.415651
BR00117012,K20,U2OS,48,ZK-93423,compound,BRD-K33882852-003-02-8,poscon_diverse,['benzodiazepine receptor agonist'],3.0720043,17.83141
BR00117012,K21,U2OS,48,RGB-286638,compound,BRD-K20986415-001-02-6,,['CDK inhibitor'],6.0683966,9.989356
BR00117012,K22,U2OS,48,FPS-ZM1,compound,BRD-K87691185-001-01-2,,['RAGE receptor antagonist'],5.0921865,18.153423
BR00117012,K23,U2OS,48,flindokalner,compound,BRD-K56740996-001-02-1,,,4.8430924,17.878637
BR00117012,K24,U2OS,48,motesanib,compound,BRD-K99616396-316-05-3,,"['KIT inhibitor', 'VEGFR inhibitor', 'PDGFR tyrosine kinase receptor inhibitor']",4.3197308,18.021868
BR00117012,L01,U2OS,48,geldanamycin,compound,BRD-K43570081-001-02-4,,['HSP inhibitor'],7.385172,9.74301
BR00117012,L02,U2OS,48,DMSO,compound,,negcon,,5.286059,18.05676
BR00117012,L03,U2OS,48,CGP-53353,compound,BRD-K32292990-001-03-6,,"['PKC inhibitor', 'EGFR inhibitor']",5.0752616,18.220303
BR00117012,L04,U2OS,48,7-hydroxystaurosporine,compound,BRD-K45293975-001-02-0,,"['CDK inhibitor', 'PKC inhibitor', 'CHK inhibitor']",7.7837796,9.155544
BR00117012,L05,U2OS,48,DMSO,compound,,negcon,,5.3261886,18.060806
BR00117012,L06,U2OS,48,DMSO,compound,,negcon,,5.1813855,17.844696
BR00117012,L07,U2OS,48,efaproxiral,compound,BRD-K37355418-236-01-6,,,5.130208,18.122623
BR00117012,L08,U2OS,48,SB-203580,compound,BRD-A37704979-001-12-3,poscon_orf,['p38 MAPK inhibitor'],3.703641,14.810775
BR00117012,L09,U2OS,48,FK-866,compound,BRD-K58550667-001-08-7,poscon_diverse,,5.0891147,8.138252
BR00117012,L10,U2OS,48,bepridil,compound,BRD-A91008255-003-24-8,,['calcium channel blocker'],5.2191386,18.115807
BR00117012,L11,U2OS,48,delanzomib,compound,BRD-K59325863-001-04-4,,,8.207168,9.241176
BR00117012,L12,U2OS,48,buparlisib,compound,BRD-K42191735-001-08-7,poscon_diverse,,8.763753,9.8330965
BR00117012,L13,U2OS,48,phenylbutazone,compound,BRD-K10843433-001-23-5,,"['cyclooxygenase inhibitor', 'prostanoid receptor antagonist']",4.997001,18.127663
BR00117012,L14,U2OS,48,deferasirox,compound,BRD-K97010173-001-04-1,,,3.8381817,11.798337
BR00117012,L15,U2OS,48,DMSO,compound,,negcon,,5.394412,18.023668
BR00117012,L16,U2OS,48,cediranib,compound,BRD-K86930074-001-05-0,,"['KIT inhibitor', 'VEGFR inhibitor']",7.9758363,12.894106
BR00117012,L17,U2OS,48,isoflurane,compound,BRD-A31564021-001-02-6,,,5.164393,18.146988
BR00117012,L18,U2OS,48,DMSO,compound,,negcon,,4.9437914,18.010092
BR00117012,L19,U2OS,48,CCG-50014,compound,BRD-K08893438-001-06-4,,['G protein signaling inhibitor'],4.966269,17.980484
BR00117012,L20,U2OS,48,PF-431396,compound,BRD-K93788137-001-04-1,,,4.6021276,11.254646
BR00117012,L21,U2OS,48,TG-02,compound,BRD-K14560436-001-01-4,,"['CDK inhibitor', 'FLT3 inhibitor', 'JAK inhibitor']",7.009437,9.841849
BR00117012,L22,U2OS,48,baclofen,compound,BRD-K01826724-003-07-9,,['benzodiazepine receptor agonist'],4.9913015,18.231243
BR00117012,L23,U2OS,48,thiostrepton,compound,BRD-A20697603-001-07-2,,['protein synthesis inhibitor'],5.526,12.718154
BR00117012,L24,U2OS,48,flufenamic-acid,compound,BRD-K44067360-001-29-5,,,2.9150274,19.202599
BR00117012,M01,U2OS,48,DMSO,compound,,negcon,,4.872835,18.741138
BR00117012,M02,U2OS,48,LY2109761,compound,BRD-K47557313-001-02-7,,,3.6125574,15.010677
BR00117012,M03,U2OS,48,olopatadine,compound,BRD-K67637637-003-11-8,,['histamine receptor antagonist'],5.0285997,19.105999
BR00117012,M04,U2OS,48,DMSO,compound,,negcon,,5.203166,18.827143
BR00117012,M05,U2OS,48,castanospermine,compound,BRD-K20897876-001-11-8,,['glucosidase inhibitor'],5.0120435,19.056017
BR00117012,M06,U2OS,48,A205804,compound,BRD-K77627880-001-04-0,,['ICAM1 expression inhibitor'],3.8701658,19.136599
BR00117012,M07,U2OS,48,VU591,compound,BRD-K72063794-003-01-0,,['potassium channel blocker'],4.1491084,19.244152
BR00117012,M08,U2OS,48,dalbavancin,compound,BRD-K30177383-001-01-0,,['bacterial cell wall synthesis inhibitor'],4.2767057,19.005817
BR00117012,M09,U2OS,48,CC-401,compound,BRD-K45746021-003-01-9,,['JNK inhibitor'],5.2120667,18.767687
BR00117012,M10,U2OS,48,ganetespib,compound,BRD-K38852836-001-04-9,poscon_diverse,['HSP inhibitor'],7.338358,9.524761
BR00117012,M11,U2OS,48,ingenol-mebutate,compound,BRD-K93779381-001-01-9,,,3.5502656,17.262846
BR00117012,M12,U2OS,48,menadione,compound,BRD-K78126613-001-27-7,,,5.6523924,10.590273
BR00117012,M13,U2OS,48,cetilistat,compound,BRD-K94863486-001-02-2,,,5.250981,18.687035
BR00117012,M14,U2OS,48,methoxsalen,compound,BRD-K63430059-001-16-4,,['DNA synthesis inhibitor'],5.092275,18.224604
BR00117012,M15,U2OS,48,cyclosporine,compound,BRD-K13533483-001-16-2,,,4.697128,13.142051
BR00117012,M16,U2OS,48,NSC-632839,compound,BRD-K81197548-003-01-4,poscon_cp,['ubiquitin specific protease inhibitor'],8.706051,9.490047
BR00117012,M17,U2OS,48,DMSO,compound,,negcon,,5.0472994,18.43501
BR00117012,M18,U2OS,48,TG-003,compound,BRD-K97072811-001-11-4,poscon_cp,,5.399483,18.316483
BR00117012,M19,U2OS,48,oxibendazole,compound,BRD-K52075715-001-06-7,,['tubulin polymerization inhibitor'],8.652804,10.533567
BR00117012,M20,U2OS,48,TG-101348,compound,BRD-K12502280-001-11-4,poscon_cp,"['JAK inhibitor', 'FLT3 inhibitor']",7.951003,10.976374
BR00117012,M21,U2OS,48,miglitol,compound,BRD-A63310107-001-04-8,,['glucosidase inhibitor'],5.335226,18.632662
BR00117012,M22,U2OS,48,DMSO,compound,,negcon,,5.335538,18.420916
BR00117012,M23,U2OS,48,DMSO,compound,,negcon,,5.048483,17.967289
BR00117012,M24,U2OS,48,tranilast,compound,BRD-K17849083-001-32-9,,,4.000831,18.204477
BR00117012,N01,U2OS,48,4-methylhistamine,compound,BRD-K70821460-300-02-4,,['histamine receptor agonist'],5.6408315,18.338068
BR00117012,N02,U2OS,48,LDN-27219,compound,BRD-K51485109-001-01-4,,,5.476366,18.141623
BR00117012,N03,U2OS,48,anisomycin,compound,BRD-K91370081-001-25-1,,['DNA synthesis inhibitor'],8.002748,9.672237
BR00117012,N04,U2OS,48,thioguanine,compound,BRD-K49350383-001-13-7,poscon_diverse,,4.826099,12.525063
BR00117012,N05,U2OS,48,droxinostat,compound,BRD-K11558771-001-13-9,,['HDAC inhibitor'],0.57717246,17.211115
BR00117012,N06,U2OS,48,UNC2025,compound,BRD-K91283740-003-01-6,poscon_cp,['FLT3 inhibitor'],7.2587414,9.959349
BR00117012,N07,U2OS,48,DMSO,compound,,negcon,,5.2630506,18.4889
BR00117012,N08,U2OS,48,DMSO,compound,,negcon,,5.164934,18.644587
BR00117012,N09,U2OS,48,AMG900,compound,BRD-K21728777-001-02-3,poscon_cp,['Aurora kinase inhibitor'],4.424837,11.242137
BR00117012,N10,U2OS,48,PF-06463922,compound,BRD-A23124853-001-01-4,,['ALK tyrosine kinase receptor inhibitor'],4.6382017,17.278517
BR00117012,N11,U2OS,48,orantinib,compound,BRD-K55966568-001-09-6,poscon_cp,"['FGFR inhibitor', 'PDGFR tyrosine kinase receptor inhibitor', 'VEGFR inhibitor']",5.290873,18.200066
BR00117012,N12,U2OS,48,fludarabine-phosphate,compound,BRD-K71106091-001-09-5,,['ribonucleotide reductase inhibitor'],3.7818377,11.56321
BR00117012,N13,U2OS,48,ceritinib,compound,BRD-K22149900-001-06-2,,['ALK tyrosine kinase receptor inhibitor'],4.66469,17.56327
BR00117012,N14,U2OS,48,NVS-PAK1-1,compound,BRD-K28132190-001-02-0,poscon_cp,['p21 activated kinase inhibitor'],5.5529356,14.448555
BR00117012,N15,U2OS,48,homoharringtonine,compound,BRD-K76674262-001-03-3,,['protein synthesis inhibitor'],7.852933,9.732926
BR00117012,N16,U2OS,48,picrotoxinin,compound,BRD-K36461289-001-05-8,,['GABA receptor antagonist'],5.2876735,18.621962
BR00117012,N17,U2OS,48,DMSO,compound,,negcon,,5.397166,18.568823
BR00117012,N18,U2OS,48,danusertib,compound,BRD-K07881437-001-03-8,poscon_diverse,"['growth factor receptor inhibitor', 'Aurora kinase inhibitor']",4.228733,11.410378
BR00117012,N19,U2OS,48,romidepsin,compound,BRD-K61397605-001-01-8,poscon_cp,['HDAC inhibitor'],8.615462,9.441196
BR00117012,N20,U2OS,48,FERb-033,compound,BRD-K61642990-001-01-0,poscon_cp,['EGFR inhibitor'],5.2849474,17.875048
BR00117012,N21,U2OS,48,PF-03758309,compound,BRD-K37764012-001-03-3,poscon_diverse,['p21 activated kinase inhibitor'],7.4192786,9.889732
BR00117012,N22,U2OS,48,DMSO,compound,,negcon,,5.398509,18.28907
BR00117012,N23,U2OS,48,trometamol,compound,BRD-K47978074-001-03-2,,,5.4462214,18.245146
BR00117012,N24,U2OS,48,simvastatin,compound,BRD-K22134346-001-22-3,,['HMGCR inhibitor'],5.7218637,13.832881
BR00117012,O01,U2OS,48,zaprinast,compound,BRD-K16542329-001-16-8,,['phosphodiesterase inhibitor'],4.9408565,19.04793
BR00117012,O02,U2OS,48,dexamethasone,compound,BRD-A10188456-001-04-9,,['glucocorticoid receptor agonist'],3.9380467,18.947632
BR00117012,O03,U2OS,48,salicylic-acid,compound,BRD-K93632104-001-17-2,,['cyclooxygenase inhibitor'],5.087796,19.085667
BR00117012,O04,U2OS,48,diltiazem,compound,BRD-A69636825-003-04-7,,['calcium channel blocker'],4.24259,19.05197
BR00117012,O05,U2OS,48,phenolphthalein,compound,BRD-K19227686-001-18-6,,,4.8127418,18.896513
BR00117012,O06,U2OS,48,niflumic-acid,compound,BRD-K98763141-001-30-8,,['cyclooxygenase inhibitor'],4.574029,18.920837
BR00117012,O07,U2OS,48,DMSO,compound,,negcon,,5.107878,17.878448
BR00117012,O08,U2OS,48,L-Cystine,compound,BRD-A15397381-001-02-5,,,4.3902926,18.910316
BR00117012,O09,U2OS,48,ozanimod,compound,BRD-K46625559-001-01-8,,['sphingosine 1 phosphate receptor agonist'],3.961709,19.453415
BR00117012,O10,U2OS,48,efaroxan,compound,BRD-A10739734-003-09-8,,['adrenergic receptor antagonist'],5.2058845,18.860289
BR00117012,O11,U2OS,48,NBQX,compound,BRD-K11796549-001-05-2,,['glutamate receptor antagonist'],5.418262,18.005682
BR00117012,O12,U2OS,48,dinoprostone,compound,BRD-K26521938-001-07-2,,['prostanoid receptor agonist'],5.1178837,18.487026
BR00117012,O13,U2OS,48,Ro-20-1724,compound,BRD-A07207424-001-14-0,,['phosphodiesterase inhibitor'],4.94446,18.523674
BR00117012,O14,U2OS,48,xanomeline,compound,BRD-K72815923-034-02-0,,['acetylcholine receptor agonist'],5.296002,17.897621
BR00117012,O15,U2OS,48,terazosin,compound,BRD-K01825589-310-02-9,,['adrenergic receptor antagonist'],5.15379,18.64976
BR00117012,O16,U2OS,48,BVT-948,compound,BRD-K68567222-001-01-2,,,6.0865483,9.675126
BR00117012,O17,U2OS,48,nicotine,compound,BRD-K01825660-322-01-9,,['acetylcholine receptor agonist'],5.344902,18.253819
BR00117012,O18,U2OS,48,DMSO,compound,,negcon,,5.3679056,17.973509
BR00117012,O19,U2OS,48,U-0521,compound,BRD-K08953028-001-09-6,,,5.29585,18.066902
BR00117012,O20,U2OS,48,BMS-587101,compound,BRD-K20093108-001-02-3,,,4.906316,17.78342
BR00117012,O21,U2OS,48,nimodipine,compound,BRD-A58048407-001-20-4,,['calcium channel blocker'],5.48635,17.968174
BR00117012,O22,U2OS,48,pyrrolidine-dithiocarbamate,compound,BRD-K80970344-201-08-6,,,8.74983,9.231665
BR00117012,O23,U2OS,48,PF-915275,compound,BRD-K18289362-001-02-2,,,4.9284496,17.947905
BR00117012,O24,U2OS,48,JTE-013,compound,BRD-K43330982-001-02-3,,,4.191724,18.078428
BR00117012,P01,U2OS,48,sodium-butyrate,compound,BRD-K05878375-236-05-7,,['HDAC inhibitor'],4.4256973,19.118145
BR00117012,P02,U2OS,48,pentostatin,compound,BRD-K91543828-001-02-0,,['ribonucleotide reductase inhibitor'],5.5402837,18.397362
BR00117012,P03,U2OS,48,OMDM-2,compound,BRD-K48830578-001-01-9,,,5.439729,18.401745
BR00117012,P04,U2OS,48,nalmefene,compound,BRD-A72767275-003-01-6,,,5.390401,18.181368
BR00117012,P05,U2OS,48,DMSO,compound,,negcon,,5.4508715,18.609808
BR00117012,P06,U2OS,48,1-EBIO,compound,BRD-K70586315-001-02-4,,,5.4487934,18.553877
BR00117012,P07,U2OS,48,SB-505124,compound,BRD-K40109029-001-02-9,,['ALK tyrosine kinase receptor inhibitor'],3.8932223,16.720713
BR00117012,P08,U2OS,48,prasugrel,compound,BRD-A83029242-001-06-1,,['purinergic receptor antagonist'],5.5566163,18.20159
BR00117012,P09,U2OS,48,pidolic-acid,compound,BRD-K57313110-001-06-8,,,5.360341,18.207064
BR00117012,P10,U2OS,48,DMSO,compound,,negcon,,5.5172606,18.215668
BR00117012,P11,U2OS,48,nevirapine,compound,BRD-K15502390-001-20-9,,,5.383549,18.059875
BR00117012,P12,U2OS,48,triamterene,compound,BRD-K92049597-001-20-8,,['sodium channel blocker'],5.502644,18.401665
BR00117012,P13,U2OS,48,regorafenib,compound,BRD-K16730910-001-07-3,,"['PDGFR tyrosine kinase receptor inhibitor', 'RAF inhibitor', 'KIT inhibitor', 'RET tyrosine kinase inhibitor', 'FGFR inhibitor', 'VEGFR inhibitor']",4.156541,17.740671
BR00117012,P14,U2OS,48,cyclophosphamide,compound,BRD-A09722536-002-18-0,,,5.6364317,18.11605
BR00117012,P15,U2OS,48,olanzapine,compound,BRD-K18895904-001-16-1,,"['dopamine receptor antagonist', 'serotonin receptor antagonist']",5.3887863,17.932407
BR00117012,P16,U2OS,48,KI-16425,compound,BRD-A25569250-001-03-3,,['lysophosphatidic acid receptor antagonist'],5.5280714,18.335415
BR00117012,P17,U2OS,48,SKLB1002,compound,BRD-K29895144-001-01-0,,['VEGFR inhibitor'],3.9620066,11.597362
BR00117012,P18,U2OS,48,cilostazol,compound,BRD-K67017579-001-28-1,,['phosphodiesterase inhibitor'],5.2196784,18.143826
BR00117012,P19,U2OS,48,AZD1283,compound,BRD-K77060810-001-01-5,,['purinergic receptor antagonist'],4.1441975,18.739168
BR00117012,P20,U2OS,48,A-987306,compound,BRD-K68982262-001-01-4,,['histamine receptor antagonist'],7.7013645,13.919594
BR00117012,P21,U2OS,48,procaine,compound,BRD-K24616672-003-20-1,,['HMGCR inhibitor'],5.2842503,18.46048
BR00117012,P22,U2OS,48,miconazole,compound,BRD-A82396632-008-30-8,,['bacterial cell wall synthesis inhibitor'],5.4082623,18.653608
BR00117012,P23,U2OS,48,loperamide,compound,BRD-K61250553-003-30-6,,,3.7774324,18.195358
BR00117012,P24,U2OS,48,aripiprazole,compound,BRD-K70358946-001-17-3,,['serotonin receptor antagonist'],3.524801,18.057262
BR00117013,A01,U2OS,48,gabapentin-enacarbil,compound,BRD-A86665761-001-01-1,,,2.3585603,19.772272
BR00117013,A02,U2OS,48,DMSO,compound,,negcon,,1.2024277,19.43041
BR00117013,A03,U2OS,48,amlodipine,compound,BRD-A22032524-074-09-9,,['calcium channel blocker'],1.4977998,17.598452
BR00117013,A04,U2OS,48,hexestrol,compound,BRD-A01078468-001-14-8,,,1.615869,19.589785
BR00117013,A05,U2OS,48,quinine,compound,BRD-K48278478-001-01-2,,,1.6566192,19.359125
BR00117013,A06,U2OS,48,LOXO-101,compound,BRD-K36574127-001-01-3,,,1.9501845,19.207506
BR00117013,A07,U2OS,48,brinzolamide,compound,BRD-K74913225-001-14-0,,['carbonic anhydrase inhibitor'],1.9028237,19.333418
BR00117013,A08,U2OS,48,NS-11021,compound,BRD-K94342292-001-01-3,,['calcium-activated potassium channel activator'],1.4904838,16.157495
BR00117013,A09,U2OS,48,DMSO,compound,,negcon,,1.0389813,19.222603
BR00117013,A10,U2OS,48,GNF-5837,compound,BRD-K19975102-001-01-2,,['growth factor receptor inhibitor'],1.7019817,16.837206
BR00117013,A11,U2OS,48,apatinib,compound,BRD-K25244359-066-02-6,,['RET tyrosine kinase inhibitor'],1.6944236,19.349197
BR00117013,A12,U2OS,48,ethoxzolamide,compound,BRD-K18131774-001-18-4,,['carbonic anhydrase inhibitor'],2.0429962,19.351366
BR00117013,A13,U2OS,48,ascorbic-acid,compound,BRD-A85242401-001-11-5,,,3.8683605,17.15914
BR00117013,A14,U2OS,48,ryuvidine,compound,BRD-K06426971-001-02-7,,['histone lysine methyltransferase inhibitor'],7.980385,8.411383
BR00117013,A15,U2OS,48,BAN-ORL-24,compound,BRD-K47049295-300-03-1,,,6.7074413,12.394424
BR00117013,A16,U2OS,48,NNC-55-0396,compound,BRD-K78122587-300-04-3,,,7.389875,13.092026
BR00117013,A17,U2OS,48,DMSO,compound,,negcon,,0.6512347,18.722885
BR00117013,A18,U2OS,48,WH-4-023,compound,BRD-K50199947-001-03-4,,['src inhibitor'],6.55563,12.599714
BR00117013,A19,U2OS,48,flupirtine,compound,BRD-K50720187-051-03-1,,['glutamate receptor antagonist'],4.245398,17.829042
BR00117013,A20,U2OS,48,ZK811752,compound,BRD-K91825936-001-03-9,,,1.6096026,18.92563
BR00117013,A21,U2OS,48,dexamethasone,compound,BRD-K38775274-001-22-1,,['glucocorticoid receptor agonist'],1.7509196,19.016325
BR00117013,A22,U2OS,48,PP-1,compound,BRD-K47598052-001-14-1,,['src inhibitor'],5.815829,13.447496
BR00117013,A23,U2OS,48,DDR1-IN-1,compound,BRD-K61845293-300-01-9,,,7.6339264,13.897407
BR00117013,A24,U2OS,48,AVL-292,compound,BRD-K87782578-001-01-4,,"[""Bruton's tyrosine kinase (BTK) inhibitor""]",5.8913937,12.305883
BR00117013,B01,U2OS,48,H2L-5765834,compound,BRD-K26439554-001-01-3,,['lysophosphatidic acid receptor antagonist'],1.599658,19.047764
BR00117013,B02,U2OS,48,thiostrepton,compound,BRD-K58049875-001-03-9,,['protein synthesis inhibitor'],8.5689335,9.669343
BR00117013,B03,U2OS,48,DMSO,compound,,negcon,,0.61209446,18.474215
BR00117013,B04,U2OS,48,arcyriaflavin-a,compound,BRD-K72726508-001-02-1,,['CDK inhibitor'],5.3635488,12.6102915
BR00117013,B05,U2OS,48,CYM-5520,compound,BRD-K29151923-001-01-5,,['sphingosine 1 phosphate receptor agonist'],2.7209938,18.764994
BR00117013,B06,U2OS,48,fludarabine,compound,BRD-K66788707-001-14-3,,['ribonucleotide reductase inhibitor'],3.5632036,11.938206
BR00117013,B07,U2OS,48,alda-1,compound,BRD-K06890060-001-09-1,,,4.0184484,18.814718
BR00117013,B08,U2OS,48,meclofenamic-acid,compound,BRD-K50398167-236-22-7,,"['cyclooxygenase inhibitor', 'prostanoid receptor antagonist']",1.0785773,18.583607
BR00117013,B09,U2OS,48,GNF-5,compound,BRD-K87632963-001-03-0,,['Bcr-Abl kinase inhibitor'],1.220415,17.951271
BR00117013,B10,U2OS,48,NS-309,compound,BRD-K37602296-001-01-6,,['calcium-activated potassium channel activator'],3.6519969,18.452652
BR00117013,B11,U2OS,48,AK-7,compound,BRD-K09143580-001-01-0,,['SIRT inhibitor'],2.1444428,16.848377
BR00117013,B12,U2OS,48,BVT-948,compound,BRD-A22713669-001-04-3,,,7.844069,8.402073
BR00117013,B13,U2OS,48,SirReal-2,compound,BRD-K16472653-001-01-6,,['SIRT inhibitor'],4.3969917,19.048489
BR00117013,B14,U2OS,48,DMSO,compound,,negcon,,0.46776256,18.853285
BR00117013,B15,U2OS,48,BMS-536924,compound,BRD-K34581968-001-05-3,,['IGF-1 inhibitor'],6.0021915,12.519736
BR00117013,B16,U2OS,48,PP-121,compound,BRD-K81801188-001-02-8,,['protein tyrosine kinase inhibitor'],6.271305,11.731724
BR00117013,B17,U2OS,48,MCOPPB,compound,BRD-K73276278-305-01-1,,,7.913433,12.656825
BR00117013,B18,U2OS,48,ozagrel,compound,BRD-K53061490-003-13-9,,,1.9491501,19.593468
BR00117013,B19,U2OS,48,CYM-5442,compound,BRD-A43005764-003-01-5,,['sphingosine 1 phosphate receptor agonist'],7.7325554,13.476514
BR00117013,B20,U2OS,48,CVT-10216,compound,BRD-K60659193-001-01-0,,,1.1469768,19.03769
BR00117013,B21,U2OS,48,TCN201,compound,BRD-K09787262-001-02-7,,['glutamate receptor antagonist'],1.7579589,18.941643
BR00117013,B22,U2OS,48,fomepizole,compound,BRD-K56810756-003-07-7,,['alcohol dehydrogenase inhibitor'],2.1468835,18.666103
BR00117013,B23,U2OS,48,benzamil,compound,BRD-K87158025-003-08-7,,['sodium channel blocker'],0.9463006,18.546894
BR00117013,B24,U2OS,48,lercanidipine,compound,BRD-A18992208-003-02-7,,['calcium channel blocker'],0.93909,18.16129
BR00117013,C01,U2OS,48,4-CMTB,compound,BRD-A54139254-001-09-2,,['free fatty acid receptor agonist'],1.8127054,19.51472
BR00117013,C02,U2OS,48,ML-228,compound,BRD-K44432556-001-05-5,,,1.4281374,19.28542
BR00117013,C03,U2OS,48,DMSO,compound,,negcon,,1.2838084,19.7834
BR00117013,C04,U2OS,48,GSK1070916,compound,BRD-K36740062-001-06-6,,['Aurora kinase inhibitor'],5.784894,11.406352
BR00117013,C05,U2OS,48,ML-193,compound,BRD-K27539181-001-08-5,,,1.7504622,19.773714
BR00117013,C06,U2OS,48,DMSO,compound,,negcon,,0.952508,19.422491
BR00117013,C07,U2OS,48,M-25,compound,BRD-K51265828-001-01-0,,['smoothened receptor antagonist'],1.2376617,19.66806
BR00117013,C08,U2OS,48,azeliragon,compound,BRD-K51899933-001-02-6,,['RAGE receptor antagonist'],7.815391,9.982412
BR00117013,C09,U2OS,48,CYT-997,compound,BRD-K23363278-001-02-1,poscon_diverse,['tubulin polymerization inhibitor'],8.738482,10.265428
BR00117013,C10,U2OS,48,AR-12,compound,BRD-K90497590-001-05-9,,,8.31442,8.575331
BR00117013,C11,U2OS,48,CYM-50260,compound,BRD-K69877120-001-01-7,,['sphingosine 1 phosphate receptor agonist'],1.5909559,18.15682
BR00117013,C12,U2OS,48,DMSO,compound,,negcon,,0.34340623,18.589003
BR00117013,C13,U2OS,48,KG-5,compound,BRD-K90747162-001-01-4,poscon_cp,['RAF inhibitor'],6.7901955,11.462959
BR00117013,C14,U2OS,48,JTE-607,compound,BRD-K81405859-300-01-4,,,3.9201224,11.642824
BR00117013,C15,U2OS,48,DMSO,compound,,negcon,,0.5021462,19.345922
BR00117013,C16,U2OS,48,ilomastat,compound,BRD-K51662849-001-05-4,,['matrix metalloprotease inhibitor'],1.883127,18.81285
BR00117013,C17,U2OS,48,RX-821002,compound,BRD-A65597028-003-08-1,,['adrenergic receptor antagonist'],1.0638928,18.637314
BR00117013,C18,U2OS,48,DMSO,compound,,negcon,,0.58477294,19.449802
BR00117013,C19,U2OS,48,TUG-891,compound,BRD-K24282351-001-01-4,,['free fatty acid receptor agonist'],1.6598204,18.649363
BR00117013,C20,U2OS,48,ponatinib,compound,BRD-K44227013-001-08-0,,"['PDGFR tyrosine kinase receptor inhibitor', 'FLT3 inhibitor', 'Bcr-Abl kinase inhibitor']",8.543155,9.347576
BR00117013,C21,U2OS,48,DMSO,compound,,negcon,,0.9247422,19.145996
BR00117013,C22,U2OS,48,puromycin,compound,BRD-K01824976-300-02-9,,['protein synthesis inhibitor'],8.427341,9.21814
BR00117013,C23,U2OS,48,SRC-kinase-inhibitor-I,compound,BRD-K50495309-001-02-0,,['src inhibitor'],7.7981787,13.641812
BR00117013,C24,U2OS,48,acetylcysteine,compound,BRD-K59058747-001-19-1,,,1.4910787,18.9136
BR00117013,D01,U2OS,48,NSC-625987,compound,BRD-K62949423-001-03-1,,['CDK inhibitor'],1.6019156,18.412659
BR00117013,D02,U2OS,48,dalfampridine,compound,BRD-K22482860-001-20-6,,['potassium channel blocker'],1.3179939,19.164114
BR00117013,D03,U2OS,48,NSC-95397,compound,BRD-K68143200-001-11-7,,['CDC inhibitor'],7.723382,8.78793
BR00117013,D04,U2OS,48,alrestatin,compound,BRD-K35498378-001-06-1,,['aldose reductase inhibitor'],1.1045729,18.628187
BR00117013,D05,U2OS,48,PF-03758309,compound,BRD-K37764012-001-03-3,poscon_diverse,['p21 activated kinase inhibitor'],1.7690908,19.267538
BR00117013,D06,U2OS,48,IRL-2500,compound,BRD-K98357249-001-02-9,,['endothelin receptor antagonist'],1.461615,18.993063
BR00117013,D07,U2OS,48,PF-04217903,compound,BRD-K73319509-001-08-0,poscon_cp,,1.1747335,18.919436
BR00117013,D08,U2OS,48,FK-866,compound,BRD-K58550667-001-08-7,poscon_diverse,,5.091248,8.137008
BR00117013,D09,U2OS,48,amlexanox,compound,BRD-K29530284-001-06-2,,,1.2653134,18.78302
BR00117013,D10,U2OS,48,GW-311616,compound,BRD-K37864785-001-01-0,,['elastase inhibitor'],2.7311404,19.42653
BR00117013,D11,U2OS,48,buparlisib,compound,BRD-K42191735-001-08-7,poscon_diverse,,8.836569,10.017392
BR00117013,D12,U2OS,48,amiloride,compound,BRD-K97181089-003-24-7,,['sodium channel blocker'],1.7395008,18.645857
BR00117013,D13,U2OS,48,DG-172,compound,BRD-K75748943-300-01-3,,,7.768342,13.825016
BR00117013,D14,U2OS,48,DMSO,compound,,negcon,,0.5824711,18.426655
BR00117013,D15,U2OS,48,DMSO,compound,,negcon,,0.19744217,19.23936
BR00117013,D16,U2OS,48,NVP-ADW742,compound,BRD-K15179513-001-04-2,poscon_cp,,7.654127,12.56296
BR00117013,D17,U2OS,48,misoprostol,compound,BRD-A72351335-001-04-5,,['prostanoid receptor agonist'],3.4824963,18.94149
BR00117013,D18,U2OS,48,conivaptan,compound,BRD-K37385792-003-02-1,,,1.2561038,17.58252
BR00117013,D19,U2OS,48,spiroxatrine,compound,BRD-A72483914-001-03-7,,['serotonin receptor antagonist'],1.8934135,18.62344
BR00117013,D20,U2OS,48,diacerein,compound,BRD-K69122748-001-10-1,,,1.082172,18.815273
BR00117013,D21,U2OS,48,DMSO,compound,,negcon,,0.55697393,18.869556
BR00117013,D22,U2OS,48,DMSO,compound,,negcon,,0.69389874,18.64769
BR00117013,D23,U2OS,48,glyburide,compound,BRD-K36927236-001-36-7,,['ATP channel blocker'],1.0877682,18.77243
BR00117013,D24,U2OS,48,ANR-94,compound,BRD-K31170746-001-01-6,,,0.8232657,18.931892
BR00117013,E01,U2OS,48,TFC-007,compound,BRD-K57708067-001-01-3,,,1.5914428,19.88656
BR00117013,E02,U2OS,48,trihexyphenidyl,compound,BRD-A48180038-003-24-3,,['acetylcholine receptor antagonist'],1.244592,19.546398
BR00117013,E03,U2OS,48,epoprostenol,compound,BRD-K64054020-001-02-7,,,1.4118932,19.685001
BR00117013,E04,U2OS,48,sacubitril,compound,BRD-K91456750-001-01-9,,,1.8590614,19.654509
BR00117013,E05,U2OS,48,danusertib,compound,BRD-K07881437-001-03-8,poscon_diverse,"['growth factor receptor inhibitor', 'Aurora kinase inhibitor']",4.291137,11.390982
BR00117013,E06,U2OS,48,CYT-997,compound,BRD-K23363278-001-02-1,poscon_diverse,['tubulin polymerization inhibitor'],8.745928,10.442755
BR00117013,E07,U2OS,48,DMSO,compound,,negcon,,1.1934714,19.612316
BR00117013,E08,U2OS,48,BQ-788,compound,BRD-K02490038-236-03-8,,['endothelin receptor antagonist'],1.8546779,19.466063
BR00117013,E09,U2OS,48,SB-202190,compound,BRD-K54330070-001-19-6,poscon_orf,['p38 MAPK inhibitor'],2.7593353,15.976607
BR00117013,E10,U2OS,48,GSK2110183,compound,BRD-K25412176-001-01-9,poscon_diverse,,4.996106,16.393593
BR00117013,E11,U2OS,48,GSK3787,compound,BRD-K03155172-001-03-0,,['PPAR receptor antagonist'],3.102023,18.610281
BR00117013,E12,U2OS,48,BAM7,compound,BRD-K07442505-001-03-6,,,1.4144729,19.204908
BR00117013,E13,U2OS,48,PHA-793887,compound,BRD-K64800655-001-09-0,poscon_diverse,['CDK inhibitor'],6.596458,10.170741
BR00117013,E14,U2OS,48,DMSO,compound,,negcon,,0.72340304,19.188128
BR00117013,E15,U2OS,48,GSK-37647,compound,BRD-K26514105-001-01-7,,['free fatty acid receptor agonist'],1.3361547,19.53362
BR00117013,E16,U2OS,48,desonide,compound,BRD-K21528677-001-04-4,,['glucocorticoid receptor agonist'],1.5541742,19.579332
BR00117013,E17,U2OS,48,DMSO,compound,,negcon,,-0.05263689,18.810156
BR00117013,E18,U2OS,48,aloxistatin,compound,BRD-K91188791-001-17-5,,,2.8682518,16.942835
BR00117013,E19,U2OS,48,azathioprine,compound,BRD-K32821942-001-22-1,,,1.3184186,19.454737
BR00117013,E20,U2OS,48,ZK-93423,compound,BRD-K33882852-003-02-8,poscon_diverse,['benzodiazepine receptor agonist'],1.8688462,16.94136
BR00117013,E21,U2OS,48,BI-2536,compound,BRD-K64890080-001-02-1,poscon_diverse,,8.383881,10.959758
BR00117013,E22,U2OS,48,EI1,compound,BRD-K91535048-001-01-2,poscon_cp,['histone lysine methyltransferase inhibitor'],1.4828197,19.308928
BR00117013,E23,U2OS,48,NVP-HSP990,compound,BRD-K67915505-001-01-2,,['HSP inhibitor'],7.3305593,9.779854
BR00117013,E24,U2OS,48,DMSO,compound,,negcon,,0.823195,18.66052
BR00117013,F01,U2OS,48,DMSO,compound,,negcon,,0.32390854,18.603254
BR00117013,F02,U2OS,48,nialamide,compound,BRD-K12102668-001-25-5,,,0.74914145,19.164906
BR00117013,F03,U2OS,48,DMSO,compound,,negcon,,0.61627734,19.08534
BR00117013,F04,U2OS,48,arundic-acid,compound,BRD-K49223707-001-01-0,,,0.96123004,18.380058
BR00117013,F05,U2OS,48,torcitabine,compound,BRD-K91822704-003-07-2,,,1.4229854,18.695658
BR00117013,F06,U2OS,48,DMSO,compound,,negcon,,0.77735025,18.559168
BR00117013,F07,U2OS,48,epothilone-b,compound,BRD-K68164687-001-01-6,,"['microtubule stabilizing agent', 'tubulin polymerization inhibitor']",7.27905,11.267154
BR00117013,F08,U2OS,48,dyphylline,compound,BRD-A00827783-001-24-6,,['phosphodiesterase inhibitor'],0.99928087,18.66552
BR00117013,F09,U2OS,48,DMSO,compound,,negcon,,0.54923075,18.694332
BR00117013,F10,U2OS,48,quinidine,compound,BRD-K59632282-052-03-1,,['sodium channel blocker'],1.6916907,18.731436
BR00117013,F11,U2OS,48,halopemide,compound,BRD-K50055394-001-03-6,,,0.9457478,16.646767
BR00117013,F12,U2OS,48,sulfinpyrazone,compound,BRD-A36217750-001-16-3,,,3.6067488,19.220716
BR00117013,F13,U2OS,48,ML-323,compound,BRD-K93942811-001-01-3,poscon_cp,['ubiquitin specific protease inhibitor'],3.9179976,18.772747
BR00117013,F14,U2OS,48,racecadotril,compound,BRD-A08187463-001-12-9,,,1.5365162,18.794296
BR00117013,F15,U2OS,48,BRL-50481,compound,BRD-K84266862-001-03-2,,['phosphodiesterase inhibitor'],3.9842062,18.892895
BR00117013,F16,U2OS,48,GSK2110183,compound,BRD-K25412176-001-01-9,poscon_diverse,,4.9763412,16.37056
BR00117013,F17,U2OS,48,bufexamac,compound,BRD-K36660044-001-24-2,,['cyclooxygenase inhibitor'],2.5788896,18.45037
BR00117013,F18,U2OS,48,anandamide,compound,BRD-K42352790-001-05-3,,,2.6605752,18.43224
BR00117013,F19,U2OS,48,thioguanine,compound,BRD-K49350383-001-13-7,poscon_diverse,,4.8494067,12.518986
BR00117013,F20,U2OS,48,IWP-L6,compound,BRD-K53234107-001-01-6,,['porcupine inhibitor'],1.1299406,18.429628
BR00117013,F21,U2OS,48,edoxaban,compound,BRD-K29322660-001-01-9,,['coagulation factor inhibitor'],0.7098412,18.969355
BR00117013,F22,U2OS,48,lonafarnib,compound,BRD-K41599323-001-02-3,poscon_diverse,,4.891425,13.591636
BR00117013,F23,U2OS,48,ibutamoren,compound,BRD-K44771174-066-01-0,,,0.9416419,18.611023
BR00117013,F24,U2OS,48,somatostatin,compound,BRD-K14681867-001-01-6,,['somatostatin receptor agonist'],1.2758826,18.939566
BR00117013,G01,U2OS,48,L-proline,compound,BRD-K01666412-001-02-0,,,1.2737656,19.591192
BR00117013,G02,U2OS,48,zamifenacin,compound,BRD-K80451230-051-02-6,,['acetylcholine receptor antagonist'],1.4580667,19.16567
BR00117013,G03,U2OS,48,YC-1,compound,BRD-K60476892-001-16-1,,,5.8274674,11.025003
BR00117013,G04,U2OS,48,DMSO,compound,,negcon,,0.8575834,19.932802
BR00117013,G05,U2OS,48,ME-0328,compound,BRD-K24283677-001-01-9,,['PPAR receptor antagonist'],1.718208,19.742691
BR00117013,G06,U2OS,48,NSC-663284,compound,BRD-K03109492-001-02-2,,['CDC inhibitor'],7.9812436,8.370911
BR00117013,G07,U2OS,48,CYM-50358,compound,BRD-K80666802-003-01-0,,,1.1388236,19.849304
BR00117013,G08,U2OS,48,trazodone,compound,BRD-K70778732-003-27-5,,"['adrenergic receptor antagonist', 'serotonin receptor antagonist']",1.4976233,19.709286
BR00117013,G09,U2OS,48,DMSO,compound,,negcon,,0.84525305,19.161638
BR00117013,G10,U2OS,48,DMSO,compound,,negcon,,0.6432828,19.698946
BR00117013,G11,U2OS,48,sulfasalazine,compound,BRD-K10670311-001-17-1,,['cyclooxygenase inhibitor'],1.7690696,19.079062
BR00117013,G12,U2OS,48,"2,5-furandimethanol",compound,BRD-K29791386-001-01-8,,,1.4745647,19.47879
BR00117013,G13,U2OS,48,DMSO,compound,,negcon,,0.6023707,18.619497
BR00117013,G14,U2OS,48,dilazep,compound,BRD-K48722258-300-11-0,,,1.7594385,19.71136
BR00117013,G15,U2OS,48,felodipine,compound,BRD-A30815329-001-12-1,,['calcium channel blocker'],2.3860557,19.390411
BR00117013,G16,U2OS,48,paliperidone,compound,BRD-A99888680-001-05-3,,"['dopamine receptor antagonist', 'serotonin receptor antagonist']",1.6235938,19.163254
BR00117013,G17,U2OS,48,purvalanol-a,compound,BRD-K50836978-001-03-3,poscon_orf,['CDK inhibitor'],4.1160507,13.29974
BR00117013,G18,U2OS,48,DMSO,compound,,negcon,,1.1306751,19.21844
BR00117013,G19,U2OS,48,Ro-1138452,compound,BRD-K77220725-003-01-5,,['prostanoid receptor antagonist'],3.4965913,18.731396
BR00117013,G20,U2OS,48,sorbinil,compound,BRD-A89164055-001-03-3,,['aldose reductase inhibitor'],5.2113466,19.007149
BR00117013,G21,U2OS,48,TC-S-7004,compound,BRD-K89517477-001-01-4,poscon_cp,['DYRK inhibitor'],2.9644587,17.056553
BR00117013,G22,U2OS,48,saclofen,compound,BRD-A24122750-001-03-7,,['GABA receptor antagonist'],4.488636,19.104645
BR00117013,G23,U2OS,48,BAY-87-2243,compound,BRD-K70463136-001-01-5,,,1.6451952,16.89957
BR00117013,G24,U2OS,48,ibudilast,compound,BRD-K16444452-001-09-1,,['phosphodiesterase inhibitor'],4.815359,19.232206
BR00117013,H01,U2OS,48,briciclib,compound,BRD-K05531427-001-01-7,,,8.703717,10.340042
BR00117013,H02,U2OS,48,2-Oleoylglycerol,compound,BRD-K77087341-001-02-4,,,1.084955,19.172121
BR00117013,H03,U2OS,48,RGFP966,compound,BRD-K61688984-001-02-9,poscon_cp,['HDAC inhibitor'],3.2830417,16.50141
BR00117013,H04,U2OS,48,DMSO,compound,,negcon,,0.7515823,19.114172
BR00117013,H05,U2OS,48,azacitidine,compound,BRD-K03406345-001-21-1,poscon_diverse,,1.4750308,19.354004
BR00117013,H06,U2OS,48,N6-cyclopentyladenosine,compound,BRD-K60150510-001-15-6,,,1.4006693,19.421059
BR00117013,H07,U2OS,48,filgotinib,compound,BRD-K16803204-001-01-6,poscon_cp,['JAK inhibitor'],3.8611417,19.183998
BR00117013,H08,U2OS,48,guanidine,compound,BRD-K76037122-001-02-5,,['HSP inhibitor'],0.7368849,18.415815
BR00117013,H09,U2OS,48,coumarin,compound,BRD-K23913458-001-20-7,,,1.1535043,18.79274
BR00117013,H10,U2OS,48,DMSO,compound,,negcon,,0.6284797,18.574776
BR00117013,H11,U2OS,48,ZM-336372,compound,BRD-K73789395-001-09-9,poscon_orf,['RAF inhibitor'],3.3280334,18.314716
BR00117013,H12,U2OS,48,citric-acid,compound,BRD-K76792669-001-08-1,,['coagulation factor inhibitor'],1.157117,19.139328
BR00117013,H13,U2OS,48,DMSO,compound,,negcon,,0.6946507,19.553223
BR00117013,H14,U2OS,48,CCG-63802,compound,BRD-K26970495-001-02-7,,['G protein signaling inhibitor'],3.8428066,17.508091
BR00117013,H15,U2OS,48,ibutilide,compound,BRD-A74391928-051-03-9,,['potassium channel blocker'],1.4132321,19.118244
BR00117013,H16,U2OS,48,batimastat,compound,BRD-K82818427-001-04-8,,['matrix metalloprotease inhibitor'],3.326774,17.095917
BR00117013,H17,U2OS,48,DMSO,compound,,negcon,,0.3820021,18.955006
BR00117013,H18,U2OS,48,DMSO,compound,,negcon,,1.5313275,19.468424
BR00117013,H19,U2OS,48,UNC1999,compound,BRD-K26989966-001-04-3,poscon_cp,['histone lysine methyltransferase inhibitor'],8.133242,9.442183
BR00117013,H20,U2OS,48,glutamine-(l),compound,BRD-K83896451-001-06-7,,,1.4707294,19.48187
BR00117013,H21,U2OS,48,PD-98059,compound,BRD-K62810658-001-11-4,poscon_orf,,1.2404795,19.348652
BR00117013,H22,U2OS,48,enilconazole,compound,BRD-K01825690-065-01-9,,,1.0469894,18.79043
BR00117013,H23,U2OS,48,N-alpha-Methylhistamine-dihydrochloride,compound,BRD-K75390981-300-04-9,,['histamine receptor agonist'],1.1583844,19.103905
BR00117013,H24,U2OS,48,GK921,compound,BRD-K38272302-001-02-7,,,6.36484,9.801066
BR00117013,I01,U2OS,48,nilvadipine,compound,BRD-A84687895-001-03-2,,['calcium channel blocker'],1.1134557,19.8256
BR00117013,I02,U2OS,48,DMSO,compound,,negcon,,0.5224519,19.447124
BR00117013,I03,U2OS,48,AC-710,compound,BRD-K15819326-001-01-6,,['PDGFR tyrosine kinase receptor inhibitor'],7.383208,12.892384
BR00117013,I04,U2OS,48,PETCM,compound,BRD-A93477898-001-04-2,,,1.1451372,19.670603
BR00117013,I05,U2OS,48,AZD7762,compound,BRD-K86525559-001-07-8,poscon_diverse,['CHK inhibitor'],7.9741135,9.058204
BR00117013,I06,U2OS,48,PHA-793887,compound,BRD-K64800655-001-09-0,poscon_diverse,['CDK inhibitor'],6.6065707,10.123925
BR00117013,I07,U2OS,48,KU-60019,compound,BRD-K36016295-001-05-2,,['ATM kinase inhibitor'],5.9167066,10.168848
BR00117013,I08,U2OS,48,nafamostat,compound,BRD-K06674495-334-04-0,,,2.663534,17.075235
BR00117013,I09,U2OS,48,DMSO,compound,,negcon,,0.93022543,19.801468
BR00117013,I10,U2OS,48,DMSO,compound,,negcon,,1.0377432,19.642904
BR00117013,I11,U2OS,48,taladegib,compound,BRD-K50498985-001-03-3,,['smoothened receptor antagonist'],1.3943342,19.533638
BR00117013,I12,U2OS,48,acetohexamide,compound,BRD-K52960356-001-13-0,,['ATP channel blocker'],1.5046725,19.413628
BR00117013,I13,U2OS,48,minocycline,compound,BRD-A69651145-003-11-4,,,3.4488716,18.267458
BR00117013,I14,U2OS,48,BI-2536,compound,BRD-K64890080-001-02-1,poscon_diverse,,8.465814,11.056075
BR00117013,I15,U2OS,48,riociguat,compound,BRD-K84783599-001-01-0,,,1.0487854,19.069355
BR00117013,I16,U2OS,48,CP-724714,compound,BRD-K76908866-001-07-6,poscon_cp,"['EGFR inhibitor', 'protein tyrosine kinase inhibitor']",3.8494031,18.822798
BR00117013,I17,U2OS,48,ganetespib,compound,BRD-K38852836-001-04-9,poscon_diverse,['HSP inhibitor'],7.310355,9.740646
BR00117013,I18,U2OS,48,AZ191,compound,BRD-K80935598-001-01-1,poscon_cp,['DYRK inhibitor'],8.098794,12.511017
BR00117013,I19,U2OS,48,BAX-channel-blocker,compound,BRD-A18763547-300-06-3,,,7.490796,12.389895
BR00117013,I20,U2OS,48,SU3327,compound,BRD-K32730239-001-01-0,,['JNK inhibitor'],8.449069,8.958057
BR00117013,I21,U2OS,48,DMSO,compound,,negcon,,0.92383766,18.97801
BR00117013,I22,U2OS,48,DMSO,compound,,negcon,,0.71282756,18.62851
BR00117013,I23,U2OS,48,octreotide,compound,BRD-A64173453-015-03-1,,['somatostatin receptor agonist'],1.4025705,18.807343
BR00117013,I24,U2OS,48,1-octanol,compound,BRD-K09338665-001-08-9,,,0.87755567,18.812916
BR00117013,J01,U2OS,48,acalabrutinib,compound,BRD-K64034691-001-01-9,,"[""Bruton's tyrosine kinase (BTK) inhibitor""]",1.0329776,19.622387
BR00117013,J02,U2OS,48,rifamycin,compound,BRD-K38512030-001-01-7,,,1.5905938,18.837597
BR00117013,J03,U2OS,48,pazopanib,compound,BRD-K74514084-003-09-2,,"['KIT inhibitor', 'VEGFR inhibitor', 'PDGFR tyrosine kinase receptor inhibitor']",4.5772576,16.643711
BR00117013,J04,U2OS,48,RKI-1447,compound,BRD-K19333160-001-01-3,poscon_cp,,4.87191,15.317613
BR00117013,J05,U2OS,48,vitamin-E,compound,BRD-K97091514-001-11-4,,['PKC inhibitor'],1.0536851,18.73377
BR00117013,J06,U2OS,48,lonafarnib,compound,BRD-K41599323-001-02-3,poscon_diverse,,4.908175,13.59476
BR00117013,J07,U2OS,48,ethyl-pyruvate,compound,BRD-K47738867-001-01-5,,,1.1857499,18.632969
BR00117013,J08,U2OS,48,picrotin,compound,BRD-A91822151-001-05-0,,['GABA receptor antagonist'],0.8444015,18.645372
BR00117013,J09,U2OS,48,SGX523,compound,BRD-K19477839-001-07-6,poscon_cp,,4.4562993,18.51732
BR00117013,J10,U2OS,48,PP-2,compound,BRD-K95785537-001-22-3,,['src inhibitor'],5.7901425,13.392063
BR00117013,J11,U2OS,48,ME-0328,compound,BRD-A63444178-001-01-5,,['PPAR receptor antagonist'],1.331603,19.272755
BR00117013,J12,U2OS,48,AZD9668,compound,BRD-K31476763-001-01-5,,['elastase inhibitor'],1.1916814,19.065378
BR00117013,J13,U2OS,48,NQDI-1,compound,BRD-K61918008-001-07-1,,,1.2283299,19.578857
BR00117013,J14,U2OS,48,DMSO,compound,,negcon,,0.76275045,19.610058
BR00117013,J15,U2OS,48,carzenide,compound,BRD-K09295674-001-09-8,,,3.5821402,19.063814
BR00117013,J16,U2OS,48,KU-55933,compound,BRD-K25311561-001-10-7,,['ATM kinase inhibitor'],2.7753744,20.400661
BR00117013,J17,U2OS,48,NVP-AEW541,compound,BRD-K24696047-001-02-3,poscon_cp,['IGF-1 inhibitor'],7.679211,13.436292
BR00117013,J18,U2OS,48,leflunomide,compound,BRD-K78692225-001-24-5,,['PDGFR tyrosine kinase receptor inhibitor'],2.0927567,19.352667
BR00117013,J19,U2OS,48,DMSO,compound,,negcon,,1.0995576,18.931168
BR00117013,J20,U2OS,48,azacitidine,compound,BRD-K03406345-001-21-1,poscon_diverse,,1.8580228,19.896128
BR00117013,J21,U2OS,48,ixabepilone,compound,BRD-K03601870-001-01-2,,['microtubule stabilizing agent'],8.537307,10.561447
BR00117013,J22,U2OS,48,KH-CB19,compound,BRD-K66430217-001-03-8,poscon_cp,['CDC inhibitor'],1.3582666,18.982477
BR00117013,J23,U2OS,48,DMSO,compound,,negcon,,0.2567653,19.083693
BR00117013,J24,U2OS,48,PF-05190457,compound,BRD-K02554563-001-01-6,,,1.3967925,18.675545
BR00117013,K01,U2OS,48,LDN-212854,compound,BRD-K59831625-001-03-9,,,7.895475,8.833639
BR00117013,K02,U2OS,48,formononetin,compound,BRD-K55567017-001-12-3,,['alcohol dehydrogenase inhibitor'],1.623684,19.658602
BR00117013,K03,U2OS,48,aminopurvalanol-a,compound,BRD-K07762753-001-05-1,poscon_orf,['CDK inhibitor'],4.486391,12.81264
BR00117013,K04,U2OS,48,ruxolitinib,compound,BRD-K53972329-001-01-3,poscon_cp,['JAK inhibitor'],1.5749846,19.57549
BR00117013,K05,U2OS,48,DMSO,compound,,negcon,,1.2772788,19.471575
BR00117013,K06,U2OS,48,DMSO,compound,,negcon,,0.71385133,19.578188
BR00117013,K07,U2OS,48,LGK-974,compound,BRD-K16810791-001-01-0,,['porcupine inhibitor'],1.4436535,19.31789
BR00117013,K08,U2OS,48,polydatin,compound,BRD-K43236057-001-07-1,,['ICAM1 expression inhibitor'],5.459372,12.942926
BR00117013,K09,U2OS,48,enflurane,compound,BRD-A51831848-001-01-7,,,1.5923057,19.87176
BR00117013,K10,U2OS,48,PFI-1,compound,BRD-K13094524-001-04-2,poscon_cp,,1.881555,19.803654
BR00117013,K11,U2OS,48,AZD7762,compound,BRD-K86525559-001-07-8,poscon_diverse,['CHK inhibitor'],7.831786,9.032747
BR00117013,K12,U2OS,48,sotrastaurin,compound,BRD-K16761703-001-03-8,,['PKC inhibitor'],3.0637126,15.730211
BR00117013,K13,U2OS,48,DMSO,compound,,negcon,,0.49340767,18.619226
BR00117013,K14,U2OS,48,cycloheximide,compound,BRD-K36055864-001-20-0,,['protein synthesis inhibitor'],5.8950477,10.810631
BR00117013,K15,U2OS,48,oxytocin,compound,BRD-K25243230-001-01-2,,,1.380801,19.273039
BR00117013,K16,U2OS,48,DMSO,compound,,negcon,,0.93687797,18.773333
BR00117013,K17,U2OS,48,colchicine,compound,BRD-K00259736-001-16-4,,,8.725953,10.340331
BR00117013,K18,U2OS,48,afimoxifene,compound,BRD-K04210847-001-21-9,,,2.270094,19.556385
BR00117013,K19,U2OS,48,DMSO,compound,,negcon,,0.67275345,19.719687
BR00117013,K20,U2OS,48,ZK-93423,compound,BRD-K33882852-003-02-8,poscon_diverse,['benzodiazepine receptor agonist'],1.9863851,16.97479
BR00117013,K21,U2OS,48,RGB-286638,compound,BRD-K20986415-001-02-6,,['CDK inhibitor'],6.1731567,9.929429
BR00117013,K22,U2OS,48,FPS-ZM1,compound,BRD-K87691185-001-01-2,,['RAGE receptor antagonist'],1.386813,19.043365
BR00117013,K23,U2OS,48,flindokalner,compound,BRD-K56740996-001-02-1,,,1.7236367,18.745798
BR00117013,K24,U2OS,48,motesanib,compound,BRD-K99616396-316-05-3,,"['KIT inhibitor', 'VEGFR inhibitor', 'PDGFR tyrosine kinase receptor inhibitor']",1.30216,18.45733
BR00117013,L01,U2OS,48,geldanamycin,compound,BRD-K43570081-001-02-4,,['HSP inhibitor'],7.4174747,9.70654
BR00117013,L02,U2OS,48,DMSO,compound,,negcon,,0.4082679,18.82799
BR00117013,L03,U2OS,48,CGP-53353,compound,BRD-K32292990-001-03-6,,"['PKC inhibitor', 'EGFR inhibitor']",1.1803948,19.312737
BR00117013,L04,U2OS,48,7-hydroxystaurosporine,compound,BRD-K45293975-001-02-0,,"['CDK inhibitor', 'PKC inhibitor', 'CHK inhibitor']",7.6581593,9.032881
BR00117013,L05,U2OS,48,DMSO,compound,,negcon,,0.26224545,19.37998
BR00117013,L06,U2OS,48,DMSO,compound,,negcon,,0.6092653,19.154171
BR00117013,L07,U2OS,48,efaproxiral,compound,BRD-K37355418-236-01-6,,,1.3973835,19.458364
BR00117013,L08,U2OS,48,SB-203580,compound,BRD-A37704979-001-12-3,poscon_orf,['p38 MAPK inhibitor'],3.6824162,14.826955
BR00117013,L09,U2OS,48,FK-866,compound,BRD-K58550667-001-08-7,poscon_diverse,,5.127502,8.129314
BR00117013,L10,U2OS,48,bepridil,compound,BRD-A91008255-003-24-8,,['calcium channel blocker'],0.9263394,18.951319
BR00117013,L11,U2OS,48,delanzomib,compound,BRD-K59325863-001-04-4,,,8.039763,9.109477
BR00117013,L12,U2OS,48,buparlisib,compound,BRD-K42191735-001-08-7,poscon_diverse,,8.911988,10.040368
BR00117013,L13,U2OS,48,phenylbutazone,compound,BRD-K10843433-001-23-5,,"['cyclooxygenase inhibitor', 'prostanoid receptor antagonist']",1.0533749,19.166033
BR00117013,L14,U2OS,48,deferasirox,compound,BRD-K97010173-001-04-1,,,3.8215508,11.729471
BR00117013,L15,U2OS,48,DMSO,compound,,negcon,,1.1069567,19.308117
BR00117013,L16,U2OS,48,cediranib,compound,BRD-K86930074-001-05-0,,"['KIT inhibitor', 'VEGFR inhibitor']",7.963915,12.790986
BR00117013,L17,U2OS,48,isoflurane,compound,BRD-A31564021-001-02-6,,,1.2982597,19.236855
BR00117013,L18,U2OS,48,DMSO,compound,,negcon,,0.58661443,18.899773
BR00117013,L19,U2OS,48,CCG-50014,compound,BRD-K08893438-001-06-4,,['G protein signaling inhibitor'],8.811446,9.769146
BR00117013,L20,U2OS,48,PF-431396,compound,BRD-K93788137-001-04-1,,,4.485469,11.19034
BR00117013,L21,U2OS,48,TG-02,compound,BRD-K14560436-001-01-4,,"['CDK inhibitor', 'FLT3 inhibitor', 'JAK inhibitor']",6.71551,10.067653
BR00117013,L22,U2OS,48,baclofen,compound,BRD-K01826724-003-07-9,,['benzodiazepine receptor agonist'],1.799988,19.41173
BR00117013,L23,U2OS,48,thiostrepton,compound,BRD-A20697603-001-07-2,,['protein synthesis inhibitor'],5.395737,12.840072
BR00117013,L24,U2OS,48,flufenamic-acid,compound,BRD-K44067360-001-29-5,,,0.93871117,19.373188
BR00117013,M01,U2OS,48,DMSO,compound,,negcon,,1.3580592,19.918835
BR00117013,M02,U2OS,48,LY2109761,compound,BRD-K47557313-001-02-7,,,3.6444638,14.939547
BR00117013,M03,U2OS,48,olopatadine,compound,BRD-K67637637-003-11-8,,['histamine receptor antagonist'],1.4049722,19.897514
BR00117013,M04,U2OS,48,DMSO,compound,,negcon,,0.9741208,19.527767
BR00117013,M05,U2OS,48,castanospermine,compound,BRD-K20897876-001-11-8,,['glucosidase inhibitor'],1.3429446,19.884666
BR00117013,M06,U2OS,48,A205804,compound,BRD-K77627880-001-04-0,,['ICAM1 expression inhibitor'],0.698207,17.204756
BR00117013,M07,U2OS,48,VU591,compound,BRD-K72063794-003-01-0,,['potassium channel blocker'],1.5351007,19.99592
BR00117013,M08,U2OS,48,dalbavancin,compound,BRD-K30177383-001-01-0,,['bacterial cell wall synthesis inhibitor'],1.3807731,19.839136
BR00117013,M09,U2OS,48,CC-401,compound,BRD-K45746021-003-01-9,,['JNK inhibitor'],1.2736081,19.52218
BR00117013,M10,U2OS,48,ganetespib,compound,BRD-K38852836-001-04-9,poscon_diverse,['HSP inhibitor'],7.2780986,9.681977
BR00117013,M11,U2OS,48,ingenol-mebutate,compound,BRD-K93779381-001-01-9,,,3.6237698,17.138142
BR00117013,M12,U2OS,48,menadione,compound,BRD-K78126613-001-27-7,,,5.7161098,10.597539
BR00117013,M13,U2OS,48,cetilistat,compound,BRD-K94863486-001-02-2,,,0.9944798,19.058605
BR00117013,M14,U2OS,48,methoxsalen,compound,BRD-K63430059-001-16-4,,['DNA synthesis inhibitor'],2.1606617,19.726849
BR00117013,M15,U2OS,48,cyclosporine,compound,BRD-K13533483-001-16-2,,,4.764923,13.15385
BR00117013,M16,U2OS,48,NSC-632839,compound,BRD-K81197548-003-01-4,poscon_cp,['ubiquitin specific protease inhibitor'],8.651602,9.607986
BR00117013,M17,U2OS,48,DMSO,compound,,negcon,,0.28727788,18.583014
BR00117013,M18,U2OS,48,TG-003,compound,BRD-K97072811-001-11-4,poscon_cp,,1.2073064,19.08504
BR00117013,M19,U2OS,48,oxibendazole,compound,BRD-K52075715-001-06-7,,['tubulin polymerization inhibitor'],8.751844,10.461003
BR00117013,M20,U2OS,48,TG-101348,compound,BRD-K12502280-001-11-4,poscon_cp,"['JAK inhibitor', 'FLT3 inhibitor']",7.9519367,10.367777
BR00117013,M21,U2OS,48,miglitol,compound,BRD-A63310107-001-04-8,,['glucosidase inhibitor'],1.1843473,18.969679
BR00117013,M22,U2OS,48,DMSO,compound,,negcon,,0.9757714,18.683016
BR00117013,M23,U2OS,48,DMSO,compound,,negcon,,0.47194988,18.912317
BR00117013,M24,U2OS,48,tranilast,compound,BRD-K17849083-001-32-9,,,0.9558621,19.493563
BR00117013,N01,U2OS,48,4-methylhistamine,compound,BRD-K70821460-300-02-4,,['histamine receptor agonist'],1.5389906,19.728802
BR00117013,N02,U2OS,48,LDN-27219,compound,BRD-K51485109-001-01-4,,,1.1460418,19.381075
BR00117013,N03,U2OS,48,anisomycin,compound,BRD-K91370081-001-25-1,,['DNA synthesis inhibitor'],7.9614167,9.78618
BR00117013,N04,U2OS,48,thioguanine,compound,BRD-K49350383-001-13-7,poscon_diverse,,4.8897033,12.534997
BR00117013,N05,U2OS,48,droxinostat,compound,BRD-K11558771-001-13-9,,['HDAC inhibitor'],0.46799415,17.378788
BR00117013,N06,U2OS,48,UNC2025,compound,BRD-K91283740-003-01-6,poscon_cp,['FLT3 inhibitor'],7.286194,9.921152
BR00117013,N07,U2OS,48,DMSO,compound,,negcon,,0.99951214,18.550451
BR00117013,N08,U2OS,48,DMSO,compound,,negcon,,1.1610521,18.971272
BR00117013,N09,U2OS,48,AMG900,compound,BRD-K21728777-001-02-3,poscon_cp,['Aurora kinase inhibitor'],4.4882236,11.188389
BR00117013,N10,U2OS,48,PF-06463922,compound,BRD-A23124853-001-01-4,,['ALK tyrosine kinase receptor inhibitor'],4.3249483,17.072466
BR00117013,N11,U2OS,48,orantinib,compound,BRD-K55966568-001-09-6,poscon_cp,"['FGFR inhibitor', 'PDGFR tyrosine kinase receptor inhibitor', 'VEGFR inhibitor']",2.0319889,19.80712
BR00117013,N12,U2OS,48,fludarabine-phosphate,compound,BRD-K71106091-001-09-5,,['ribonucleotide reductase inhibitor'],3.8001978,11.608479
BR00117013,N13,U2OS,48,ceritinib,compound,BRD-K22149900-001-06-2,,['ALK tyrosine kinase receptor inhibitor'],4.2066736,17.399475
BR00117013,N14,U2OS,48,NVS-PAK1-1,compound,BRD-K28132190-001-02-0,poscon_cp,['p21 activated kinase inhibitor'],5.5381374,14.430998
BR00117013,N15,U2OS,48,homoharringtonine,compound,BRD-K76674262-001-03-3,,['protein synthesis inhibitor'],7.9679823,9.551167
BR00117013,N16,U2OS,48,picrotoxinin,compound,BRD-K36461289-001-05-8,,['GABA receptor antagonist'],1.0724282,19.21552
BR00117013,N17,U2OS,48,DMSO,compound,,negcon,,0.8808644,19.273808
BR00117013,N18,U2OS,48,danusertib,compound,BRD-K07881437-001-03-8,poscon_diverse,"['growth factor receptor inhibitor', 'Aurora kinase inhibitor']",4.268382,11.44151
BR00117013,N19,U2OS,48,romidepsin,compound,BRD-K61397605-001-01-8,poscon_cp,['HDAC inhibitor'],8.62215,9.358619
BR00117013,N20,U2OS,48,FERb-033,compound,BRD-K61642990-001-01-0,poscon_cp,['EGFR inhibitor'],1.2879081,19.498148
BR00117013,N21,U2OS,48,PF-03758309,compound,BRD-K37764012-001-03-3,poscon_diverse,['p21 activated kinase inhibitor'],7.29871,9.818376
BR00117013,N22,U2OS,48,DMSO,compound,,negcon,,0.9392943,19.126228
BR00117013,N23,U2OS,48,trometamol,compound,BRD-K47978074-001-03-2,,,1.0525815,19.322502
BR00117013,N24,U2OS,48,simvastatin,compound,BRD-K22134346-001-22-3,,['HMGCR inhibitor'],5.6500406,14.060662
BR00117013,O01,U2OS,48,zaprinast,compound,BRD-K16542329-001-16-8,,['phosphodiesterase inhibitor'],1.2951605,19.823679
BR00117013,O02,U2OS,48,dexamethasone,compound,BRD-A10188456-001-04-9,,['glucocorticoid receptor agonist'],1.4977866,19.944204
BR00117013,O03,U2OS,48,salicylic-acid,compound,BRD-K93632104-001-17-2,,['cyclooxygenase inhibitor'],1.2841871,19.809874
BR00117013,O04,U2OS,48,diltiazem,compound,BRD-A69636825-003-04-7,,['calcium channel blocker'],1.3336806,19.932217
BR00117013,O05,U2OS,48,phenolphthalein,compound,BRD-K19227686-001-18-6,,,1.2139989,20.052835
BR00117013,O06,U2OS,48,niflumic-acid,compound,BRD-K98763141-001-30-8,,['cyclooxygenase inhibitor'],1.6793196,19.524837
BR00117013,O07,U2OS,48,DMSO,compound,,negcon,,1.3230724,19.738056
BR00117013,O08,U2OS,48,L-Cystine,compound,BRD-A15397381-001-02-5,,,1.2085251,19.887611
BR00117013,O09,U2OS,48,ozanimod,compound,BRD-K46625559-001-01-8,,['sphingosine 1 phosphate receptor agonist'],1.272984,19.848782
BR00117013,O10,U2OS,48,efaroxan,compound,BRD-A10739734-003-09-8,,['adrenergic receptor antagonist'],1.4000673,19.83724
BR00117013,O11,U2OS,48,NBQX,compound,BRD-K11796549-001-05-2,,['glutamate receptor antagonist'],0.776353,19.041288
BR00117013,O12,U2OS,48,dinoprostone,compound,BRD-K26521938-001-07-2,,['prostanoid receptor agonist'],0.998477,19.221872
BR00117013,O13,U2OS,48,Ro-20-1724,compound,BRD-A07207424-001-14-0,,['phosphodiesterase inhibitor'],1.3717163,19.757732
BR00117013,O14,U2OS,48,xanomeline,compound,BRD-K72815923-034-02-0,,['acetylcholine receptor agonist'],1.2085953,18.864656
BR00117013,O15,U2OS,48,terazosin,compound,BRD-K01825589-310-02-9,,['adrenergic receptor antagonist'],1.4770175,19.776653
BR00117013,O16,U2OS,48,BVT-948,compound,BRD-K68567222-001-01-2,,,6.0910845,9.684545
BR00117013,O17,U2OS,48,nicotine,compound,BRD-K01825660-322-01-9,,['acetylcholine receptor agonist'],1.3264076,19.146942
BR00117013,O18,U2OS,48,DMSO,compound,,negcon,,0.5957951,19.011328
BR00117013,O19,U2OS,48,U-0521,compound,BRD-K08953028-001-09-6,,,0.97208995,19.576715
BR00117013,O20,U2OS,48,BMS-587101,compound,BRD-K20093108-001-02-3,,,0.9371773,18.707144
BR00117013,O21,U2OS,48,nimodipine,compound,BRD-A58048407-001-20-4,,['calcium channel blocker'],1.0952525,19.025928
BR00117013,O22,U2OS,48,pyrrolidine-dithiocarbamate,compound,BRD-K80970344-201-08-6,,,8.752053,9.151401
BR00117013,O23,U2OS,48,PF-915275,compound,BRD-K18289362-001-02-2,,,1.6835723,19.518791
BR00117013,O24,U2OS,48,JTE-013,compound,BRD-K43330982-001-02-3,,,1.156982,19.133362
BR00117013,P01,U2OS,48,sodium-butyrate,compound,BRD-K05878375-236-05-7,,['HDAC inhibitor'],2.4056962,19.970137
BR00117013,P02,U2OS,48,pentostatin,compound,BRD-K91543828-001-02-0,,['ribonucleotide reductase inhibitor'],0.7438454,19.730526
BR00117013,P03,U2OS,48,OMDM-2,compound,BRD-K48830578-001-01-9,,,1.2883276,18.868935
BR00117013,P04,U2OS,48,nalmefene,compound,BRD-A72767275-003-01-6,,,1.4483114,19.657251
BR00117013,P05,U2OS,48,DMSO,compound,,negcon,,0.7296822,19.145845
BR00117013,P06,U2OS,48,1-EBIO,compound,BRD-K70586315-001-02-4,,,1.6725236,19.60396
BR00117013,P07,U2OS,48,SB-505124,compound,BRD-K40109029-001-02-9,,['ALK tyrosine kinase receptor inhibitor'],3.869353,16.726532
BR00117013,P08,U2OS,48,prasugrel,compound,BRD-A83029242-001-06-1,,['purinergic receptor antagonist'],1.6519753,19.193235
BR00117013,P09,U2OS,48,pidolic-acid,compound,BRD-K57313110-001-06-8,,,1.3446051,19.607887
BR00117013,P10,U2OS,48,DMSO,compound,,negcon,,1.0731682,18.938486
BR00117013,P11,U2OS,48,nevirapine,compound,BRD-K15502390-001-20-9,,,1.130242,19.774261
BR00117013,P12,U2OS,48,triamterene,compound,BRD-K92049597-001-20-8,,['sodium channel blocker'],1.6226269,19.759361
BR00117013,P13,U2OS,48,regorafenib,compound,BRD-K16730910-001-07-3,,"['PDGFR tyrosine kinase receptor inhibitor', 'RAF inhibitor', 'KIT inhibitor', 'RET tyrosine kinase inhibitor', 'FGFR inhibitor', 'VEGFR inhibitor']",3.5635924,17.675995
BR00117013,P14,U2OS,48,cyclophosphamide,compound,BRD-A09722536-002-18-0,,,1.5157602,20.0971
BR00117013,P15,U2OS,48,olanzapine,compound,BRD-K18895904-001-16-1,,"['dopamine receptor antagonist', 'serotonin receptor antagonist']",0.8968574,18.70046
BR00117013,P16,U2OS,48,KI-16425,compound,BRD-A25569250-001-03-3,,['lysophosphatidic acid receptor antagonist'],2.868556,18.757555
BR00117013,P17,U2OS,48,SKLB1002,compound,BRD-K29895144-001-01-0,,['VEGFR inhibitor'],3.8172872,11.541332
BR00117013,P18,U2OS,48,cilostazol,compound,BRD-K67017579-001-28-1,,['phosphodiesterase inhibitor'],1.7206779,19.52288
BR00117013,P19,U2OS,48,AZD1283,compound,BRD-K77060810-001-01-5,,['purinergic receptor antagonist'],2.087803,19.440994
BR00117013,P20,U2OS,48,A-987306,compound,BRD-K68982262-001-01-4,,['histamine receptor antagonist'],7.6721406,13.972894
BR00117013,P21,U2OS,48,procaine,compound,BRD-K24616672-003-20-1,,['HMGCR inhibitor'],1.0433494,19.123922
BR00117013,P22,U2OS,48,miconazole,compound,BRD-A82396632-008-30-8,,['bacterial cell wall synthesis inhibitor'],1.1651511,19.733217
BR00117013,P23,U2OS,48,loperamide,compound,BRD-K61250553-003-30-6,,,1.3471755,19.455593
BR00117013,P24,U2OS,48,aripiprazole,compound,BRD-K70358946-001-17-3,,['serotonin receptor antagonist'],1.8283913,20.417173
BR00117024,A01,U2OS,24,gabapentin-enacarbil,compound,BRD-A86665761-001-01-1,,,1.654668,20.599785
BR00117024,A02,U2OS,24,DMSO,compound,,negcon,,-1.4004965,18.168728
BR00117024,A03,U2OS,24,amlodipine,compound,BRD-A22032524-074-09-9,,['calcium channel blocker'],7.5503564,13.397156
BR00117024,A04,U2OS,24,hexestrol,compound,BRD-A01078468-001-14-8,,,-1.3827792,18.50912
BR00117024,A05,U2OS,24,quinine,compound,BRD-K48278478-001-01-2,,,1.3510232,19.963688
BR00117024,A06,U2OS,24,LOXO-101,compound,BRD-K36574127-001-01-3,,,1.5597061,19.62676
BR00117024,A07,U2OS,24,brinzolamide,compound,BRD-K74913225-001-14-0,,['carbonic anhydrase inhibitor'],-1.3040776,18.374357
BR00117024,A08,U2OS,24,NS-11021,compound,BRD-K94342292-001-01-3,,['calcium-activated potassium channel activator'],1.3813748,16.054174
BR00117024,A09,U2OS,24,DMSO,compound,,negcon,,-1.6338716,17.979752
BR00117024,A10,U2OS,24,GNF-5837,compound,BRD-K19975102-001-01-2,,['growth factor receptor inhibitor'],1.5486152,16.721024
BR00117024,A11,U2OS,24,apatinib,compound,BRD-K25244359-066-02-6,,['RET tyrosine kinase inhibitor'],-0.27331588,18.02405
BR00117024,A12,U2OS,24,ethoxzolamide,compound,BRD-K18131774-001-18-4,,['carbonic anhydrase inhibitor'],-0.6774322,18.229212
BR00117024,A13,U2OS,24,ascorbic-acid,compound,BRD-A85242401-001-11-5,,,1.704865,17.485378
BR00117024,A14,U2OS,24,ryuvidine,compound,BRD-K06426971-001-02-7,,['histone lysine methyltransferase inhibitor'],7.551668,8.52103
BR00117024,A15,U2OS,24,BAN-ORL-24,compound,BRD-K47049295-300-03-1,,,6.6071763,12.386546
BR00117024,A16,U2OS,24,NNC-55-0396,compound,BRD-K78122587-300-04-3,,,7.447625,13.118429
BR00117024,A17,U2OS,24,DMSO,compound,,negcon,,-1.6169511,18.282017
BR00117024,A18,U2OS,24,WH-4-023,compound,BRD-K50199947-001-03-4,,['src inhibitor'],6.181277,12.770385
BR00117024,A19,U2OS,24,flupirtine,compound,BRD-K50720187-051-03-1,,['glutamate receptor antagonist'],-0.3555105,18.52601
BR00117024,A20,U2OS,24,ZK811752,compound,BRD-K91825936-001-03-9,,,-0.38163486,18.544971
BR00117024,A21,U2OS,24,dexamethasone,compound,BRD-K38775274-001-22-1,,['glucocorticoid receptor agonist'],1.5288632,19.95772
BR00117024,A22,U2OS,24,PP-1,compound,BRD-K47598052-001-14-1,,['src inhibitor'],5.810182,13.2860775
BR00117024,A23,U2OS,24,DDR1-IN-1,compound,BRD-K61845293-300-01-9,,,7.546494,14.02949
BR00117024,A24,U2OS,24,AVL-292,compound,BRD-K87782578-001-01-4,,"[""Bruton's tyrosine kinase (BTK) inhibitor""]",5.9524674,12.263745
BR00117024,B01,U2OS,24,H2L-5765834,compound,BRD-K26439554-001-01-3,,['lysophosphatidic acid receptor antagonist'],0.87471527,18.90127
BR00117024,B02,U2OS,24,thiostrepton,compound,BRD-K58049875-001-03-9,,['protein synthesis inhibitor'],7.8632736,9.343388
BR00117024,B03,U2OS,24,DMSO,compound,,negcon,,-1.6528336,17.885721
BR00117024,B04,U2OS,24,arcyriaflavin-a,compound,BRD-K72726508-001-02-1,,['CDK inhibitor'],5.5123954,12.463135
BR00117024,B05,U2OS,24,CYM-5520,compound,BRD-K29151923-001-01-5,,['sphingosine 1 phosphate receptor agonist'],-1.0227594,18.482117
BR00117024,B06,U2OS,24,fludarabine,compound,BRD-K66788707-001-14-3,,['ribonucleotide reductase inhibitor'],-1.8955507,17.895338
BR00117024,B07,U2OS,24,alda-1,compound,BRD-K06890060-001-09-1,,,0.18777527,18.964252
BR00117024,B08,U2OS,24,meclofenamic-acid,compound,BRD-K50398167-236-22-7,,"['cyclooxygenase inhibitor', 'prostanoid receptor antagonist']",-1.0110676,17.761065
BR00117024,B09,U2OS,24,GNF-5,compound,BRD-K87632963-001-03-0,,['Bcr-Abl kinase inhibitor'],-0.6132608,18.397682
BR00117024,B10,U2OS,24,NS-309,compound,BRD-K37602296-001-01-6,,['calcium-activated potassium channel activator'],-1.2674516,18.78017
BR00117024,B11,U2OS,24,AK-7,compound,BRD-K09143580-001-01-0,,['SIRT inhibitor'],2.08013,16.727093
BR00117024,B12,U2OS,24,BVT-948,compound,BRD-A22713669-001-04-3,,,5.8790674,9.776578
BR00117024,B13,U2OS,24,SirReal-2,compound,BRD-K16472653-001-01-6,,['SIRT inhibitor'],-0.16550918,18.17011
BR00117024,B14,U2OS,24,DMSO,compound,,negcon,,-1.3659631,18.187077
BR00117024,B15,U2OS,24,BMS-536924,compound,BRD-K34581968-001-05-3,,['IGF-1 inhibitor'],5.9725804,12.665611
BR00117024,B16,U2OS,24,PP-121,compound,BRD-K81801188-001-02-8,,['protein tyrosine kinase inhibitor'],6.133472,12.001913
BR00117024,B17,U2OS,24,MCOPPB,compound,BRD-K73276278-305-01-1,,,7.972943,12.827469
BR00117024,B18,U2OS,24,ozagrel,compound,BRD-K53061490-003-13-9,,,1.0163106,18.17025
BR00117024,B19,U2OS,24,CYM-5442,compound,BRD-A43005764-003-01-5,,['sphingosine 1 phosphate receptor agonist'],7.7140064,13.382465
BR00117024,B20,U2OS,24,CVT-10216,compound,BRD-K60659193-001-01-0,,,-0.01436363,19.295755
BR00117024,B21,U2OS,24,TCN201,compound,BRD-K09787262-001-02-7,,['glutamate receptor antagonist'],0.9090795,18.470736
BR00117024,B22,U2OS,24,fomepizole,compound,BRD-K56810756-003-07-7,,['alcohol dehydrogenase inhibitor'],1.5783497,17.49614
BR00117024,B23,U2OS,24,benzamil,compound,BRD-K87158025-003-08-7,,['sodium channel blocker'],0.8687527,19.017878
BR00117024,B24,U2OS,24,lercanidipine,compound,BRD-A18992208-003-02-7,,['calcium channel blocker'],1.2341342,18.236273
BR00117024,C01,U2OS,24,4-CMTB,compound,BRD-A54139254-001-09-2,,['free fatty acid receptor agonist'],0.7340822,18.19328
BR00117024,C02,U2OS,24,ML-228,compound,BRD-K44432556-001-05-5,,,-0.04093243,18.873028
BR00117024,C03,U2OS,24,DMSO,compound,,negcon,,-1.7955737,18.307594
BR00117024,C04,U2OS,24,GSK1070916,compound,BRD-K36740062-001-06-6,,['Aurora kinase inhibitor'],5.943248,11.556022
BR00117024,C05,U2OS,24,ML-193,compound,BRD-K27539181-001-08-5,,,0.5251624,18.076424
BR00117024,C06,U2OS,24,DMSO,compound,,negcon,,-1.4210471,18.048674
BR00117024,C07,U2OS,24,M-25,compound,BRD-K51265828-001-01-0,,['smoothened receptor antagonist'],0.8360641,19.065636
BR00117024,C08,U2OS,24,azeliragon,compound,BRD-K51899933-001-02-6,,['RAGE receptor antagonist'],7.4464054,12.62754
BR00117024,C09,U2OS,24,CYT-997,compound,BRD-K23363278-001-02-1,poscon_diverse,['tubulin polymerization inhibitor'],9.295685,10.760703
BR00117024,C10,U2OS,24,AR-12,compound,BRD-K90497590-001-05-9,,,8.008688,8.338098
BR00117024,C11,U2OS,24,CYM-50260,compound,BRD-K69877120-001-01-7,,['sphingosine 1 phosphate receptor agonist'],0.25286755,19.11067
BR00117024,C12,U2OS,24,DMSO,compound,,negcon,,-1.7070315,17.690435
BR00117024,C13,U2OS,24,KG-5,compound,BRD-K90747162-001-01-4,poscon_cp,['RAF inhibitor'],8.437125,10.919947
BR00117024,C14,U2OS,24,JTE-607,compound,BRD-K81405859-300-01-4,,,3.6824322,11.736595
BR00117024,C15,U2OS,24,DMSO,compound,,negcon,,-1.663808,17.838964
BR00117024,C16,U2OS,24,ilomastat,compound,BRD-K51662849-001-05-4,,['matrix metalloprotease inhibitor'],1.5686661,18.621101
BR00117024,C17,U2OS,24,RX-821002,compound,BRD-A65597028-003-08-1,,['adrenergic receptor antagonist'],-0.0415891,18.498703
BR00117024,C18,U2OS,24,DMSO,compound,,negcon,,-1.7061101,18.297745
BR00117024,C19,U2OS,24,TUG-891,compound,BRD-K24282351-001-01-4,,['free fatty acid receptor agonist'],1.5741184,18.026918
BR00117024,C20,U2OS,24,ponatinib,compound,BRD-K44227013-001-08-0,,"['PDGFR tyrosine kinase receptor inhibitor', 'FLT3 inhibitor', 'Bcr-Abl kinase inhibitor']",7.7869167,9.038017
BR00117024,C21,U2OS,24,DMSO,compound,,negcon,,-1.4434319,17.938099
BR00117024,C22,U2OS,24,puromycin,compound,BRD-K01824976-300-02-9,,['protein synthesis inhibitor'],7.6527047,9.367991
BR00117024,C23,U2OS,24,SRC-kinase-inhibitor-I,compound,BRD-K50495309-001-02-0,,['src inhibitor'],7.8814387,13.373735
BR00117024,C24,U2OS,24,acetylcysteine,compound,BRD-K59058747-001-19-1,,,0.45364556,19.141922
BR00117024,D01,U2OS,24,NSC-625987,compound,BRD-K62949423-001-03-1,,['CDK inhibitor'],-1.2941527,18.632107
BR00117024,D02,U2OS,24,dalfampridine,compound,BRD-K22482860-001-20-6,,['potassium channel blocker'],-0.47525972,18.716446
BR00117024,D03,U2OS,24,NSC-95397,compound,BRD-K68143200-001-11-7,,['CDC inhibitor'],5.862578,9.800096
BR00117024,D04,U2OS,24,alrestatin,compound,BRD-K35498378-001-06-1,,['aldose reductase inhibitor'],-1.6678112,18.089252
BR00117024,D05,U2OS,24,PF-03758309,compound,BRD-K37764012-001-03-3,poscon_diverse,['p21 activated kinase inhibitor'],-1.0675678,18.274569
BR00117024,D06,U2OS,24,IRL-2500,compound,BRD-K98357249-001-02-9,,['endothelin receptor antagonist'],-0.70704836,18.471317
BR00117024,D07,U2OS,24,PF-04217903,compound,BRD-K73319509-001-08-0,poscon_cp,,-0.9754099,18.384354
BR00117024,D08,U2OS,24,FK-866,compound,BRD-K58550667-001-08-7,poscon_diverse,,0.8109249,18.389803
BR00117024,D09,U2OS,24,amlexanox,compound,BRD-K29530284-001-06-2,,,-0.8565977,18.726622
BR00117024,D10,U2OS,24,GW-311616,compound,BRD-K37864785-001-01-0,,['elastase inhibitor'],-0.049633484,18.936075
BR00117024,D11,U2OS,24,buparlisib,compound,BRD-K42191735-001-08-7,poscon_diverse,,9.149374,10.492494
BR00117024,D12,U2OS,24,amiloride,compound,BRD-K97181089-003-24-7,,['sodium channel blocker'],-0.732407,17.79174
BR00117024,D13,U2OS,24,DG-172,compound,BRD-K75748943-300-01-3,,,7.792543,13.935234
BR00117024,D14,U2OS,24,DMSO,compound,,negcon,,-1.5305469,17.843195
BR00117024,D15,U2OS,24,DMSO,compound,,negcon,,-1.899782,18.25678
BR00117024,D16,U2OS,24,NVP-ADW742,compound,BRD-K15179513-001-04-2,poscon_cp,,7.62762,12.95612
BR00117024,D17,U2OS,24,misoprostol,compound,BRD-A72351335-001-04-5,,['prostanoid receptor agonist'],-1.0405557,18.438826
BR00117024,D18,U2OS,24,conivaptan,compound,BRD-K37385792-003-02-1,,,1.2000396,17.204634
BR00117024,D19,U2OS,24,spiroxatrine,compound,BRD-A72483914-001-03-7,,['serotonin receptor antagonist'],0.7157124,18.893986
BR00117024,D20,U2OS,24,diacerein,compound,BRD-K69122748-001-10-1,,,0.85436565,19.456215
BR00117024,D21,U2OS,24,DMSO,compound,,negcon,,-1.7862169,18.13864
BR00117024,D22,U2OS,24,DMSO,compound,,negcon,,-1.6648362,17.922613
BR00117024,D23,U2OS,24,glyburide,compound,BRD-K36927236-001-36-7,,['ATP channel blocker'],1.0010835,19.597736
BR00117024,D24,U2OS,24,ANR-94,compound,BRD-K31170746-001-01-6,,,0.39656,18.525429
BR00117024,E01,U2OS,24,TFC-007,compound,BRD-K57708067-001-01-3,,,-0.4299931,18.68109
BR00117024,E02,U2OS,24,trihexyphenidyl,compound,BRD-A48180038-003-24-3,,['acetylcholine receptor antagonist'],-1.0436826,18.930159
BR00117024,E03,U2OS,24,epoprostenol,compound,BRD-K64054020-001-02-7,,,-0.5783286,18.472183
BR00117024,E04,U2OS,24,sacubitril,compound,BRD-K91456750-001-01-9,,,1.2372389,18.729254
BR00117024,E05,U2OS,24,danusertib,compound,BRD-K07881437-001-03-8,poscon_diverse,"['growth factor receptor inhibitor', 'Aurora kinase inhibitor']",4.39626,11.211059
BR00117024,E06,U2OS,24,CYT-997,compound,BRD-K23363278-001-02-1,poscon_diverse,['tubulin polymerization inhibitor'],9.242097,10.72724
BR00117024,E07,U2OS,24,DMSO,compound,,negcon,,-1.3386425,17.766922
BR00117024,E08,U2OS,24,BQ-788,compound,BRD-K02490038-236-03-8,,['endothelin receptor antagonist'],-1.4962692,18.4761
BR00117024,E09,U2OS,24,SB-202190,compound,BRD-K54330070-001-19-6,poscon_orf,['p38 MAPK inhibitor'],2.877043,15.746835
BR00117024,E10,U2OS,24,GSK2110183,compound,BRD-K25412176-001-01-9,poscon_diverse,,5.059372,16.340143
BR00117024,E11,U2OS,24,GSK3787,compound,BRD-K03155172-001-03-0,,['PPAR receptor antagonist'],0.39757717,19.122532
BR00117024,E12,U2OS,24,BAM7,compound,BRD-K07442505-001-03-6,,,-1.272194,17.878422
BR00117024,E13,U2OS,24,PHA-793887,compound,BRD-K64800655-001-09-0,poscon_diverse,['CDK inhibitor'],6.35694,10.426247
BR00117024,E14,U2OS,24,DMSO,compound,,negcon,,-1.5389266,17.647205
BR00117024,E15,U2OS,24,GSK-37647,compound,BRD-K26514105-001-01-7,,['free fatty acid receptor agonist'],0.14106633,18.37273
BR00117024,E16,U2OS,24,desonide,compound,BRD-K21528677-001-04-4,,['glucocorticoid receptor agonist'],1.8849859,19.702461
BR00117024,E17,U2OS,24,DMSO,compound,,negcon,,-1.7375946,18.12964
BR00117024,E18,U2OS,24,aloxistatin,compound,BRD-K91188791-001-17-5,,,7.975063,13.33939
BR00117024,E19,U2OS,24,azathioprine,compound,BRD-K32821942-001-22-1,,,0.13045807,18.732006
BR00117024,E20,U2OS,24,ZK-93423,compound,BRD-K33882852-003-02-8,poscon_diverse,['benzodiazepine receptor agonist'],-1.0374883,17.574253
BR00117024,E21,U2OS,24,BI-2536,compound,BRD-K64890080-001-02-1,poscon_diverse,,8.650077,11.066951
BR00117024,E22,U2OS,24,EI1,compound,BRD-K91535048-001-01-2,poscon_cp,['histone lysine methyltransferase inhibitor'],-0.45626163,18.891344
BR00117024,E23,U2OS,24,NVP-HSP990,compound,BRD-K67915505-001-01-2,,['HSP inhibitor'],5.758512,12.14317
BR00117024,E24,U2OS,24,DMSO,compound,,negcon,,-1.5895996,17.914207
BR00117024,F01,U2OS,24,DMSO,compound,,negcon,,-1.7577533,18.118504
BR00117024,F02,U2OS,24,nialamide,compound,BRD-K12102668-001-25-5,,,0.58318186,18.997673
BR00117024,F03,U2OS,24,DMSO,compound,,negcon,,-1.9268556,17.965115
BR00117024,F04,U2OS,24,arundic-acid,compound,BRD-K49223707-001-01-0,,,0.5052028,18.404552
BR00117024,F05,U2OS,24,torcitabine,compound,BRD-K91822704-003-07-2,,,-1.3810433,18.528547
BR00117024,F06,U2OS,24,DMSO,compound,,negcon,,-1.5822021,17.957315
BR00117024,F07,U2OS,24,epothilone-b,compound,BRD-K68164687-001-01-6,,"['microtubule stabilizing agent', 'tubulin polymerization inhibitor']",7.207751,11.296769
BR00117024,F08,U2OS,24,dyphylline,compound,BRD-A00827783-001-24-6,,['phosphodiesterase inhibitor'],-1.2923312,17.702765
BR00117024,F09,U2OS,24,DMSO,compound,,negcon,,-1.4029331,17.76967
BR00117024,F10,U2OS,24,quinidine,compound,BRD-K59632282-052-03-1,,['sodium channel blocker'],1.676316,17.639608
BR00117024,F11,U2OS,24,halopemide,compound,BRD-K50055394-001-03-6,,,0.7728823,16.627565
BR00117024,F12,U2OS,24,sulfinpyrazone,compound,BRD-A36217750-001-16-3,,,0.4126533,18.982563
BR00117024,F13,U2OS,24,ML-323,compound,BRD-K93942811-001-01-3,poscon_cp,['ubiquitin specific protease inhibitor'],-0.74889857,18.448557
BR00117024,F14,U2OS,24,racecadotril,compound,BRD-A08187463-001-12-9,,,-0.7461815,18.200584
BR00117024,F15,U2OS,24,BRL-50481,compound,BRD-K84266862-001-03-2,,['phosphodiesterase inhibitor'],1.1928439,18.325523
BR00117024,F16,U2OS,24,GSK2110183,compound,BRD-K25412176-001-01-9,poscon_diverse,,4.9831038,16.372784
BR00117024,F17,U2OS,24,bufexamac,compound,BRD-K36660044-001-24-2,,['cyclooxygenase inhibitor'],0.55632097,17.778046
BR00117024,F18,U2OS,24,anandamide,compound,BRD-K42352790-001-05-3,,,-0.32701835,18.284721
BR00117024,F19,U2OS,24,thioguanine,compound,BRD-K49350383-001-13-7,poscon_diverse,,4.871932,12.539355
BR00117024,F20,U2OS,24,IWP-L6,compound,BRD-K53234107-001-01-6,,['porcupine inhibitor'],-0.032821305,17.776619
BR00117024,F21,U2OS,24,edoxaban,compound,BRD-K29322660-001-01-9,,['coagulation factor inhibitor'],-1.601443,18.263887
BR00117024,F22,U2OS,24,lonafarnib,compound,BRD-K41599323-001-02-3,poscon_diverse,,4.8102,13.6886835
BR00117024,F23,U2OS,24,ibutamoren,compound,BRD-K44771174-066-01-0,,,0.7841958,20.026438
BR00117024,F24,U2OS,24,somatostatin,compound,BRD-K14681867-001-01-6,,['somatostatin receptor agonist'],-0.28311536,19.040817
BR00117024,G01,U2OS,24,L-proline,compound,BRD-K01666412-001-02-0,,,-1.1309834,18.632359
BR00117024,G02,U2OS,24,zamifenacin,compound,BRD-K80451230-051-02-6,,['acetylcholine receptor antagonist'],0.15367629,19.103273
BR00117024,G03,U2OS,24,YC-1,compound,BRD-K60476892-001-16-1,,,5.1674657,11.245614
BR00117024,G04,U2OS,24,DMSO,compound,,negcon,,-1.6619582,18.189762
BR00117024,G05,U2OS,24,ME-0328,compound,BRD-K24283677-001-01-9,,['PPAR receptor antagonist'],0.65638566,18.223192
BR00117024,G06,U2OS,24,NSC-663284,compound,BRD-K03109492-001-02-2,,['CDC inhibitor'],7.409745,8.536052
BR00117024,G07,U2OS,24,CYM-50358,compound,BRD-K80666802-003-01-0,,,0.8779568,19.385326
BR00117024,G08,U2OS,24,trazodone,compound,BRD-K70778732-003-27-5,,"['adrenergic receptor antagonist', 'serotonin receptor antagonist']",-0.041743092,18.510838
BR00117024,G09,U2OS,24,DMSO,compound,,negcon,,-1.6154318,17.908558
BR00117024,G10,U2OS,24,DMSO,compound,,negcon,,-1.791149,18.026619
BR00117024,G11,U2OS,24,sulfasalazine,compound,BRD-K10670311-001-17-1,,['cyclooxygenase inhibitor'],-0.9174325,18.063929
BR00117024,G12,U2OS,24,"2,5-furandimethanol",compound,BRD-K29791386-001-01-8,,,0.73427325,19.75588
BR00117024,G13,U2OS,24,DMSO,compound,,negcon,,-1.8413209,17.96062
BR00117024,G14,U2OS,24,dilazep,compound,BRD-K48722258-300-11-0,,,-1.8891125,17.91353
BR00117024,G15,U2OS,24,felodipine,compound,BRD-A30815329-001-12-1,,['calcium channel blocker'],-0.06047076,18.261667
BR00117024,G16,U2OS,24,paliperidone,compound,BRD-A99888680-001-05-3,,"['dopamine receptor antagonist', 'serotonin receptor antagonist']",0.9531858,18.86271
BR00117024,G17,U2OS,24,purvalanol-a,compound,BRD-K50836978-001-03-3,poscon_orf,['CDK inhibitor'],4.0366592,13.180605
BR00117024,G18,U2OS,24,DMSO,compound,,negcon,,-1.9526528,18.018393
BR00117024,G19,U2OS,24,Ro-1138452,compound,BRD-K77220725-003-01-5,,['prostanoid receptor antagonist'],0.95239943,19.500244
BR00117024,G20,U2OS,24,sorbinil,compound,BRD-A89164055-001-03-3,,['aldose reductase inhibitor'],-0.9991641,18.243103
BR00117024,G21,U2OS,24,TC-S-7004,compound,BRD-K89517477-001-01-4,poscon_cp,['DYRK inhibitor'],2.8060365,16.712368
BR00117024,G22,U2OS,24,saclofen,compound,BRD-A24122750-001-03-7,,['GABA receptor antagonist'],-1.4135945,17.995804
BR00117024,G23,U2OS,24,BAY-87-2243,compound,BRD-K70463136-001-01-5,,,1.1939557,16.856281
BR00117024,G24,U2OS,24,ibudilast,compound,BRD-K16444452-001-09-1,,['phosphodiesterase inhibitor'],-0.13397107,17.97011
BR00117024,H01,U2OS,24,briciclib,compound,BRD-K05531427-001-01-7,,,9.199983,10.723187
BR00117024,H02,U2OS,24,2-Oleoylglycerol,compound,BRD-K77087341-001-02-4,,,2.1553836,18.941666
BR00117024,H03,U2OS,24,RGFP966,compound,BRD-K61688984-001-02-9,poscon_cp,['HDAC inhibitor'],3.09925,16.503975
BR00117024,H04,U2OS,24,DMSO,compound,,negcon,,-1.5990039,17.96914
BR00117024,H05,U2OS,24,azacitidine,compound,BRD-K03406345-001-21-1,poscon_diverse,,2.547326,16.631805
BR00117024,H06,U2OS,24,N6-cyclopentyladenosine,compound,BRD-K60150510-001-15-6,,,-1.0667504,18.070368
BR00117024,H07,U2OS,24,filgotinib,compound,BRD-K16803204-001-01-6,poscon_cp,['JAK inhibitor'],1.5679013,19.985365
BR00117024,H08,U2OS,24,guanidine,compound,BRD-K76037122-001-02-5,,['HSP inhibitor'],-0.2588078,18.699556
BR00117024,H09,U2OS,24,coumarin,compound,BRD-K23913458-001-20-7,,,-1.5163814,17.947706
BR00117024,H10,U2OS,24,DMSO,compound,,negcon,,-1.7625154,18.114187
BR00117024,H11,U2OS,24,ZM-336372,compound,BRD-K73789395-001-09-9,poscon_orf,['RAF inhibitor'],-0.68485713,17.98806
BR00117024,H12,U2OS,24,citric-acid,compound,BRD-K76792669-001-08-1,,['coagulation factor inhibitor'],-1.0964224,17.694735
BR00117024,H13,U2OS,24,DMSO,compound,,negcon,,-1.5438905,17.792223
BR00117024,H14,U2OS,24,CCG-63802,compound,BRD-K26970495-001-02-7,,['G protein signaling inhibitor'],-1.0068383,17.594904
BR00117024,H15,U2OS,24,ibutilide,compound,BRD-A74391928-051-03-9,,['potassium channel blocker'],-1.9017419,17.705399
BR00117024,H16,U2OS,24,batimastat,compound,BRD-K82818427-001-04-8,,['matrix metalloprotease inhibitor'],3.170518,17.136854
BR00117024,H17,U2OS,24,DMSO,compound,,negcon,,-1.545485,17.928108
BR00117024,H18,U2OS,24,DMSO,compound,,negcon,,-0.9820368,18.202887
BR00117024,H19,U2OS,24,UNC1999,compound,BRD-K26989966-001-04-3,poscon_cp,['histone lysine methyltransferase inhibitor'],7.8778286,11.779513
BR00117024,H20,U2OS,24,glutamine-(l),compound,BRD-K83896451-001-06-7,,,-1.2044463,18.117678
BR00117024,H21,U2OS,24,PD-98059,compound,BRD-K62810658-001-11-4,poscon_orf,,-1.0151132,18.418633
BR00117024,H22,U2OS,24,enilconazole,compound,BRD-K01825690-065-01-9,,,0.47184366,18.531145
BR00117024,H23,U2OS,24,N-alpha-Methylhistamine-dihydrochloride,compound,BRD-K75390981-300-04-9,,['histamine receptor agonist'],1.0034523,18.738546
BR00117024,H24,U2OS,24,GK921,compound,BRD-K38272302-001-02-7,,,5.9284267,10.4599695
BR00117024,I01,U2OS,24,nilvadipine,compound,BRD-A84687895-001-03-2,,['calcium channel blocker'],-0.6972051,18.651775
BR00117024,I02,U2OS,24,DMSO,compound,,negcon,,-1.6140865,17.965822
BR00117024,I03,U2OS,24,AC-710,compound,BRD-K15819326-001-01-6,,['PDGFR tyrosine kinase receptor inhibitor'],7.291729,12.910886
BR00117024,I04,U2OS,24,PETCM,compound,BRD-A93477898-001-04-2,,,1.9283415,17.644127
BR00117024,I05,U2OS,24,AZD7762,compound,BRD-K86525559-001-07-8,poscon_diverse,['CHK inhibitor'],7.664303,8.942653
BR00117024,I06,U2OS,24,PHA-793887,compound,BRD-K64800655-001-09-0,poscon_diverse,['CDK inhibitor'],6.390263,10.504262
BR00117024,I07,U2OS,24,KU-60019,compound,BRD-K36016295-001-05-2,,['ATM kinase inhibitor'],5.949332,10.211593
BR00117024,I08,U2OS,24,nafamostat,compound,BRD-K06674495-334-04-0,,,-0.96303713,18.504528
BR00117024,I09,U2OS,24,DMSO,compound,,negcon,,-1.7829286,17.977585
BR00117024,I10,U2OS,24,DMSO,compound,,negcon,,-1.8237057,17.665415
BR00117024,I11,U2OS,24,taladegib,compound,BRD-K50498985-001-03-3,,['smoothened receptor antagonist'],-1.3575014,18.238348
BR00117024,I12,U2OS,24,acetohexamide,compound,BRD-K52960356-001-13-0,,['ATP channel blocker'],-1.3830436,18.146395
BR00117024,I13,U2OS,24,minocycline,compound,BRD-A69651145-003-11-4,,,1.7302665,17.624613
BR00117024,I14,U2OS,24,BI-2536,compound,BRD-K64890080-001-02-1,poscon_diverse,,8.586143,10.973948
BR00117024,I15,U2OS,24,riociguat,compound,BRD-K84783599-001-01-0,,,0.5841528,19.896687
BR00117024,I16,U2OS,24,CP-724714,compound,BRD-K76908866-001-07-6,poscon_cp,"['EGFR inhibitor', 'protein tyrosine kinase inhibitor']",0.4870678,18.387499
BR00117024,I17,U2OS,24,ganetespib,compound,BRD-K38852836-001-04-9,poscon_diverse,['HSP inhibitor'],5.795789,12.169204
BR00117024,I18,U2OS,24,AZ191,compound,BRD-K80935598-001-01-1,poscon_cp,['DYRK inhibitor'],8.08078,12.457721
BR00117024,I19,U2OS,24,BAX-channel-blocker,compound,BRD-A18763547-300-06-3,,,7.374714,12.621723
BR00117024,I20,U2OS,24,SU3327,compound,BRD-K32730239-001-01-0,,['JNK inhibitor'],7.9620814,8.877486
BR00117024,I21,U2OS,24,DMSO,compound,,negcon,,-1.4946233,17.6466
BR00117024,I22,U2OS,24,DMSO,compound,,negcon,,-1.5463319,18.075216
BR00117024,I23,U2OS,24,octreotide,compound,BRD-A64173453-015-03-1,,['somatostatin receptor agonist'],1.02027,19.91324
BR00117024,I24,U2OS,24,1-octanol,compound,BRD-K09338665-001-08-9,,,1.1890123,20.07831
BR00117024,J01,U2OS,24,acalabrutinib,compound,BRD-K64034691-001-01-9,,"[""Bruton's tyrosine kinase (BTK) inhibitor""]",1.7926079,17.674252
BR00117024,J02,U2OS,24,rifamycin,compound,BRD-K38512030-001-01-7,,,0.10400188,18.66046
BR00117024,J03,U2OS,24,pazopanib,compound,BRD-K74514084-003-09-2,,"['KIT inhibitor', 'VEGFR inhibitor', 'PDGFR tyrosine kinase receptor inhibitor']",4.6489105,16.674843
BR00117024,J04,U2OS,24,RKI-1447,compound,BRD-K19333160-001-01-3,poscon_cp,,4.8908224,15.291912
BR00117024,J05,U2OS,24,vitamin-E,compound,BRD-K97091514-001-11-4,,['PKC inhibitor'],-0.1978274,18.90455
BR00117024,J06,U2OS,24,lonafarnib,compound,BRD-K41599323-001-02-3,poscon_diverse,,4.764648,13.72047
BR00117024,J07,U2OS,24,ethyl-pyruvate,compound,BRD-K47738867-001-01-5,,,-1.4121325,17.688772
BR00117024,J08,U2OS,24,picrotin,compound,BRD-A91822151-001-05-0,,['GABA receptor antagonist'],-1.089796,17.857878
BR00117024,J09,U2OS,24,SGX523,compound,BRD-K19477839-001-07-6,poscon_cp,,-1.9090663,17.865734
BR00117024,J10,U2OS,24,PP-2,compound,BRD-K95785537-001-22-3,,['src inhibitor'],5.88541,13.218692
BR00117024,J11,U2OS,24,ME-0328,compound,BRD-A63444178-001-01-5,,['PPAR receptor antagonist'],-1.0721223,17.767406
BR00117024,J12,U2OS,24,AZD9668,compound,BRD-K31476763-001-01-5,,['elastase inhibitor'],-0.7133131,17.93568
BR00117024,J13,U2OS,24,NQDI-1,compound,BRD-K61918008-001-07-1,,,0.9747252,19.807087
BR00117024,J14,U2OS,24,DMSO,compound,,negcon,,-0.72402173,18.002777
BR00117024,J15,U2OS,24,carzenide,compound,BRD-K09295674-001-09-8,,,-0.95076364,18.439169
BR00117024,J16,U2OS,24,KU-55933,compound,BRD-K25311561-001-10-7,,['ATM kinase inhibitor'],2.915817,20.482395
BR00117024,J17,U2OS,24,NVP-AEW541,compound,BRD-K24696047-001-02-3,poscon_cp,['IGF-1 inhibitor'],7.685877,13.36742
BR00117024,J18,U2OS,24,leflunomide,compound,BRD-K78692225-001-24-5,,['PDGFR tyrosine kinase receptor inhibitor'],-0.99736077,17.980984
BR00117024,J19,U2OS,24,DMSO,compound,,negcon,,-1.5915545,18.31931
BR00117024,J20,U2OS,24,azacitidine,compound,BRD-K03406345-001-21-1,poscon_diverse,,2.5018153,16.720106
BR00117024,J21,U2OS,24,ixabepilone,compound,BRD-K03601870-001-01-2,,['microtubule stabilizing agent'],8.951827,10.732328
BR00117024,J22,U2OS,24,KH-CB19,compound,BRD-K66430217-001-03-8,poscon_cp,['CDC inhibitor'],0.13787055,18.558483
BR00117024,J23,U2OS,24,DMSO,compound,,negcon,,-1.8244962,17.637224
BR00117024,J24,U2OS,24,PF-05190457,compound,BRD-K02554563-001-01-6,,,-0.8636134,18.743149
BR00117024,K01,U2OS,24,LDN-212854,compound,BRD-K59831625-001-03-9,,,8.104315,8.793633
BR00117024,K02,U2OS,24,formononetin,compound,BRD-K55567017-001-12-3,,['alcohol dehydrogenase inhibitor'],0.06084022,18.814344
BR00117024,K03,U2OS,24,aminopurvalanol-a,compound,BRD-K07762753-001-05-1,poscon_orf,['CDK inhibitor'],4.457247,12.795819
BR00117024,K04,U2OS,24,ruxolitinib,compound,BRD-K53972329-001-01-3,poscon_cp,['JAK inhibitor'],1.6448961,19.519764
BR00117024,K05,U2OS,24,DMSO,compound,,negcon,,-1.9919115,18.063314
BR00117024,K06,U2OS,24,DMSO,compound,,negcon,,-1.5048211,17.647144
BR00117024,K07,U2OS,24,LGK-974,compound,BRD-K16810791-001-01-0,,['porcupine inhibitor'],-0.014733522,18.443726
BR00117024,K08,U2OS,24,polydatin,compound,BRD-K43236057-001-07-1,,['ICAM1 expression inhibitor'],5.2928295,13.145302
BR00117024,K09,U2OS,24,enflurane,compound,BRD-A51831848-001-01-7,,,-1.8063129,17.92107
BR00117024,K10,U2OS,24,PFI-1,compound,BRD-K13094524-001-04-2,poscon_cp,,-1.381183,18.118994
BR00117024,K11,U2OS,24,AZD7762,compound,BRD-K86525559-001-07-8,poscon_diverse,['CHK inhibitor'],7.656612,9.008977
BR00117024,K12,U2OS,24,sotrastaurin,compound,BRD-K16761703-001-03-8,,['PKC inhibitor'],3.0312953,15.66247
BR00117024,K13,U2OS,24,DMSO,compound,,negcon,,-1.9079497,18.041306
BR00117024,K14,U2OS,24,cycloheximide,compound,BRD-K36055864-001-20-0,,['protein synthesis inhibitor'],5.6537433,11.296262
BR00117024,K15,U2OS,24,oxytocin,compound,BRD-K25243230-001-01-2,,,0.2105274,18.359266
BR00117024,K16,U2OS,24,DMSO,compound,,negcon,,-1.9023371,18.206732
BR00117024,K17,U2OS,24,colchicine,compound,BRD-K00259736-001-16-4,,,9.22266,10.696105
BR00117024,K18,U2OS,24,afimoxifene,compound,BRD-K04210847-001-21-9,,,0.9059268,19.523954
BR00117024,K19,U2OS,24,DMSO,compound,,negcon,,-1.8687664,18.088003
BR00117024,K20,U2OS,24,ZK-93423,compound,BRD-K33882852-003-02-8,poscon_diverse,['benzodiazepine receptor agonist'],-1.6003052,17.429222
BR00117024,K21,U2OS,24,RGB-286638,compound,BRD-K20986415-001-02-6,,['CDK inhibitor'],6.0703897,10.072846
BR00117024,K22,U2OS,24,FPS-ZM1,compound,BRD-K87691185-001-01-2,,['RAGE receptor antagonist'],0.09777771,19.73938
BR00117024,K23,U2OS,24,flindokalner,compound,BRD-K56740996-001-02-1,,,1.246818,19.744717
BR00117024,K24,U2OS,24,motesanib,compound,BRD-K99616396-316-05-3,,"['KIT inhibitor', 'VEGFR inhibitor', 'PDGFR tyrosine kinase receptor inhibitor']",1.1188552,19.471956
BR00117024,L01,U2OS,24,geldanamycin,compound,BRD-K43570081-001-02-4,,['HSP inhibitor'],5.74064,12.080857
BR00117024,L02,U2OS,24,DMSO,compound,,negcon,,-1.5750883,17.938358
BR00117024,L03,U2OS,24,CGP-53353,compound,BRD-K32292990-001-03-6,,"['PKC inhibitor', 'EGFR inhibitor']",-1.5069869,18.299597
BR00117024,L04,U2OS,24,7-hydroxystaurosporine,compound,BRD-K45293975-001-02-0,,"['CDK inhibitor', 'PKC inhibitor', 'CHK inhibitor']",7.6788664,9.272288
BR00117024,L05,U2OS,24,DMSO,compound,,negcon,,-1.3709362,18.25621
BR00117024,L06,U2OS,24,DMSO,compound,,negcon,,-1.6261497,17.798565
BR00117024,L07,U2OS,24,efaproxiral,compound,BRD-K37355418-236-01-6,,,0.70489025,19.47047
BR00117024,L08,U2OS,24,SB-203580,compound,BRD-A37704979-001-12-3,poscon_orf,['p38 MAPK inhibitor'],3.546661,14.962589
BR00117024,L09,U2OS,24,FK-866,compound,BRD-K58550667-001-08-7,poscon_diverse,,0.65933114,18.13178
BR00117024,L10,U2OS,24,bepridil,compound,BRD-A91008255-003-24-8,,['calcium channel blocker'],0.93981636,20.032267
BR00117024,L11,U2OS,24,delanzomib,compound,BRD-K59325863-001-04-4,,,7.6114435,9.190563
BR00117024,L12,U2OS,24,buparlisib,compound,BRD-K42191735-001-08-7,poscon_diverse,,9.114603,10.605438
BR00117024,L13,U2OS,24,phenylbutazone,compound,BRD-K10843433-001-23-5,,"['cyclooxygenase inhibitor', 'prostanoid receptor antagonist']",0.64392936,20.02094
BR00117024,L14,U2OS,24,deferasirox,compound,BRD-K97010173-001-04-1,,,-1.7737197,17.398096
BR00117024,L15,U2OS,24,DMSO,compound,,negcon,,-1.755763,17.72316
BR00117024,L16,U2OS,24,cediranib,compound,BRD-K86930074-001-05-0,,"['KIT inhibitor', 'VEGFR inhibitor']",8.063885,12.859255
BR00117024,L17,U2OS,24,isoflurane,compound,BRD-A31564021-001-02-6,,,-0.35902676,17.960123
BR00117024,L18,U2OS,24,DMSO,compound,,negcon,,-1.7264571,18.120499
BR00117024,L19,U2OS,24,CCG-50014,compound,BRD-K08893438-001-06-4,,['G protein signaling inhibitor'],-0.8793058,17.769773
BR00117024,L20,U2OS,24,PF-431396,compound,BRD-K93788137-001-04-1,,,4.506965,11.214196
BR00117024,L21,U2OS,24,TG-02,compound,BRD-K14560436-001-01-4,,"['CDK inhibitor', 'FLT3 inhibitor', 'JAK inhibitor']",6.4067903,10.455604
BR00117024,L22,U2OS,24,baclofen,compound,BRD-K01826724-003-07-9,,['benzodiazepine receptor agonist'],-0.89271075,18.168844
BR00117024,L23,U2OS,24,thiostrepton,compound,BRD-A20697603-001-07-2,,['protein synthesis inhibitor'],5.0174956,13.001969
BR00117024,L24,U2OS,24,flufenamic-acid,compound,BRD-K44067360-001-29-5,,,0.8072553,19.672361
BR00117024,M01,U2OS,24,DMSO,compound,,negcon,,-1.561339,17.891977
BR00117024,M02,U2OS,24,LY2109761,compound,BRD-K47557313-001-02-7,,,3.5685685,14.970239
BR00117024,M03,U2OS,24,olopatadine,compound,BRD-K67637637-003-11-8,,['histamine receptor antagonist'],0.10529253,18.036783
BR00117024,M04,U2OS,24,DMSO,compound,,negcon,,-1.8768687,18.010914
BR00117024,M05,U2OS,24,castanospermine,compound,BRD-K20897876-001-11-8,,['glucosidase inhibitor'],-1.2390665,18.279434
BR00117024,M06,U2OS,24,A205804,compound,BRD-K77627880-001-04-0,,['ICAM1 expression inhibitor'],0.09411753,16.991716
BR00117024,M07,U2OS,24,VU591,compound,BRD-K72063794-003-01-0,,['potassium channel blocker'],0.97087455,18.044434
BR00117024,M08,U2OS,24,dalbavancin,compound,BRD-K30177383-001-01-0,,['bacterial cell wall synthesis inhibitor'],0.5898777,18.466743
BR00117024,M09,U2OS,24,CC-401,compound,BRD-K45746021-003-01-9,,['JNK inhibitor'],0.88273364,19.570015
BR00117024,M10,U2OS,24,ganetespib,compound,BRD-K38852836-001-04-9,poscon_diverse,['HSP inhibitor'],5.7990713,12.148025
BR00117024,M11,U2OS,24,ingenol-mebutate,compound,BRD-K93779381-001-01-9,,,3.93349,16.697884
BR00117024,M12,U2OS,24,menadione,compound,BRD-K78126613-001-27-7,,,3.8749926,16.822098
BR00117024,M13,U2OS,24,cetilistat,compound,BRD-K94863486-001-02-2,,,0.9543544,18.388384
BR00117024,M14,U2OS,24,methoxsalen,compound,BRD-K63430059-001-16-4,,['DNA synthesis inhibitor'],0.08258083,18.703697
BR00117024,M15,U2OS,24,cyclosporine,compound,BRD-K13533483-001-16-2,,,4.7628527,13.219089
BR00117024,M16,U2OS,24,NSC-632839,compound,BRD-K81197548-003-01-4,poscon_cp,['ubiquitin specific protease inhibitor'],7.8109574,9.191118
BR00117024,M17,U2OS,24,DMSO,compound,,negcon,,-1.8640095,18.218548
BR00117024,M18,U2OS,24,TG-003,compound,BRD-K97072811-001-11-4,poscon_cp,,-1.3419685,17.945343
BR00117024,M19,U2OS,24,oxibendazole,compound,BRD-K52075715-001-06-7,,['tubulin polymerization inhibitor'],9.147014,10.809864
BR00117024,M20,U2OS,24,TG-101348,compound,BRD-K12502280-001-11-4,poscon_cp,"['JAK inhibitor', 'FLT3 inhibitor']",7.9461823,11.812902
BR00117024,M21,U2OS,24,miglitol,compound,BRD-A63310107-001-04-8,,['glucosidase inhibitor'],-0.11390892,18.197908
BR00117024,M22,U2OS,24,DMSO,compound,,negcon,,-1.5861106,17.594837
BR00117024,M23,U2OS,24,DMSO,compound,,negcon,,-1.6902344,17.84585
BR00117024,M24,U2OS,24,tranilast,compound,BRD-K17849083-001-32-9,,,-0.4022054,19.275627
BR00117024,N01,U2OS,24,4-methylhistamine,compound,BRD-K70821460-300-02-4,,['histamine receptor agonist'],-1.3436575,18.515259
BR00117024,N02,U2OS,24,LDN-27219,compound,BRD-K51485109-001-01-4,,,-1.5778077,18.266943
BR00117024,N03,U2OS,24,anisomycin,compound,BRD-K91370081-001-25-1,,['DNA synthesis inhibitor'],7.8886075,9.856459
BR00117024,N04,U2OS,24,thioguanine,compound,BRD-K49350383-001-13-7,poscon_diverse,,4.8062577,12.62166
BR00117024,N05,U2OS,24,droxinostat,compound,BRD-K11558771-001-13-9,,['HDAC inhibitor'],0.22602351,17.20492
BR00117024,N06,U2OS,24,UNC2025,compound,BRD-K91283740-003-01-6,poscon_cp,['FLT3 inhibitor'],6.176649,11.529674
BR00117024,N07,U2OS,24,DMSO,compound,,negcon,,-1.7589214,18.072063
BR00117024,N08,U2OS,24,DMSO,compound,,negcon,,-1.6529168,17.737574
BR00117024,N09,U2OS,24,AMG900,compound,BRD-K21728777-001-02-3,poscon_cp,['Aurora kinase inhibitor'],4.4557834,11.21603
BR00117024,N10,U2OS,24,PF-06463922,compound,BRD-A23124853-001-01-4,,['ALK tyrosine kinase receptor inhibitor'],4.4734116,17.005924
BR00117024,N11,U2OS,24,orantinib,compound,BRD-K55966568-001-09-6,poscon_cp,"['FGFR inhibitor', 'PDGFR tyrosine kinase receptor inhibitor', 'VEGFR inhibitor']",1.4036961,19.726755
BR00117024,N12,U2OS,24,fludarabine-phosphate,compound,BRD-K71106091-001-09-5,,['ribonucleotide reductase inhibitor'],3.6398566,11.697463
BR00117024,N13,U2OS,24,ceritinib,compound,BRD-K22149900-001-06-2,,['ALK tyrosine kinase receptor inhibitor'],4.266092,17.236551
BR00117024,N14,U2OS,24,NVS-PAK1-1,compound,BRD-K28132190-001-02-0,poscon_cp,['p21 activated kinase inhibitor'],5.5485015,14.423957
BR00117024,N15,U2OS,24,homoharringtonine,compound,BRD-K76674262-001-03-3,,['protein synthesis inhibitor'],7.2949805,10.198368
BR00117024,N16,U2OS,24,picrotoxinin,compound,BRD-K36461289-001-05-8,,['GABA receptor antagonist'],0.05874671,17.846329
BR00117024,N17,U2OS,24,DMSO,compound,,negcon,,-1.7925385,17.768755
BR00117024,N18,U2OS,24,danusertib,compound,BRD-K07881437-001-03-8,poscon_diverse,"['growth factor receptor inhibitor', 'Aurora kinase inhibitor']",4.409888,11.193367
BR00117024,N19,U2OS,24,romidepsin,compound,BRD-K61397605-001-01-8,poscon_cp,['HDAC inhibitor'],8.113781,9.788348
BR00117024,N20,U2OS,24,FERb-033,compound,BRD-K61642990-001-01-0,poscon_cp,['EGFR inhibitor'],-1.0260943,18.111387
BR00117024,N21,U2OS,24,PF-03758309,compound,BRD-K37764012-001-03-3,poscon_diverse,['p21 activated kinase inhibitor'],6.2846003,10.618791
BR00117024,N22,U2OS,24,DMSO,compound,,negcon,,-1.3754228,18.004395
BR00117024,N23,U2OS,24,trometamol,compound,BRD-K47978074-001-03-2,,,0.45830202,19.928518
BR00117024,N24,U2OS,24,simvastatin,compound,BRD-K22134346-001-22-3,,['HMGCR inhibitor'],5.34579,14.546798
BR00117024,O01,U2OS,24,zaprinast,compound,BRD-K16542329-001-16-8,,['phosphodiesterase inhibitor'],2.0926385,19.86653
BR00117024,O02,U2OS,24,dexamethasone,compound,BRD-A10188456-001-04-9,,['glucocorticoid receptor agonist'],1.327455,19.929504
BR00117024,O03,U2OS,24,salicylic-acid,compound,BRD-K93632104-001-17-2,,['cyclooxygenase inhibitor'],-1.3310429,18.676756
BR00117024,O04,U2OS,24,diltiazem,compound,BRD-A69636825-003-04-7,,['calcium channel blocker'],-0.7989918,18.088406
BR00117024,O05,U2OS,24,phenolphthalein,compound,BRD-K19227686-001-18-6,,,-1.2553208,18.300331
BR00117024,O06,U2OS,24,niflumic-acid,compound,BRD-K98763141-001-30-8,,['cyclooxygenase inhibitor'],0.7155993,19.652859
BR00117024,O07,U2OS,24,DMSO,compound,,negcon,,-1.8759357,18.04733
BR00117024,O08,U2OS,24,L-Cystine,compound,BRD-A15397381-001-02-5,,,-1.2720814,18.485796
BR00117024,O09,U2OS,24,ozanimod,compound,BRD-K46625559-001-01-8,,['sphingosine 1 phosphate receptor agonist'],0.85905135,18.202524
BR00117024,O10,U2OS,24,efaroxan,compound,BRD-A10739734-003-09-8,,['adrenergic receptor antagonist'],-1.3447481,17.557423
BR00117024,O11,U2OS,24,NBQX,compound,BRD-K11796549-001-05-2,,['glutamate receptor antagonist'],-1.786278,18.134682
BR00117024,O12,U2OS,24,dinoprostone,compound,BRD-K26521938-001-07-2,,['prostanoid receptor agonist'],0.06977288,18.662046
BR00117024,O13,U2OS,24,Ro-20-1724,compound,BRD-A07207424-001-14-0,,['phosphodiesterase inhibitor'],-1.6197045,17.950323
BR00117024,O14,U2OS,24,xanomeline,compound,BRD-K72815923-034-02-0,,['acetylcholine receptor agonist'],0.20248969,18.14982
BR00117024,O15,U2OS,24,terazosin,compound,BRD-K01825589-310-02-9,,['adrenergic receptor antagonist'],-0.9330021,18.281647
BR00117024,O16,U2OS,24,BVT-948,compound,BRD-K68567222-001-01-2,,,5.7755594,9.866923
BR00117024,O17,U2OS,24,nicotine,compound,BRD-K01825660-322-01-9,,['acetylcholine receptor agonist'],-0.8308157,18.501787
BR00117024,O18,U2OS,24,DMSO,compound,,negcon,,-1.7022092,17.7477
BR00117024,O19,U2OS,24,U-0521,compound,BRD-K08953028-001-09-6,,,1.2094646,18.200558
BR00117024,O20,U2OS,24,BMS-587101,compound,BRD-K20093108-001-02-3,,,-0.29745874,18.605526
BR00117024,O21,U2OS,24,nimodipine,compound,BRD-A58048407-001-20-4,,['calcium channel blocker'],-0.3727557,18.557165
BR00117024,O22,U2OS,24,pyrrolidine-dithiocarbamate,compound,BRD-K80970344-201-08-6,,,7.440378,9.622026
BR00117024,O23,U2OS,24,PF-915275,compound,BRD-K18289362-001-02-2,,,-1.417261,17.954218
BR00117024,O24,U2OS,24,JTE-013,compound,BRD-K43330982-001-02-3,,,0.9879572,20.178944
BR00117024,P01,U2OS,24,sodium-butyrate,compound,BRD-K05878375-236-05-7,,['HDAC inhibitor'],1.7058678,20.674807
BR00117024,P02,U2OS,24,pentostatin,compound,BRD-K91543828-001-02-0,,['ribonucleotide reductase inhibitor'],1.2196112,20.355078
BR00117024,P03,U2OS,24,OMDM-2,compound,BRD-K48830578-001-01-9,,,0.8087852,18.967424
BR00117024,P04,U2OS,24,nalmefene,compound,BRD-A72767275-003-01-6,,,-0.99041945,18.22642
BR00117024,P05,U2OS,24,DMSO,compound,,negcon,,-1.8913895,17.979752
BR00117024,P06,U2OS,24,1-EBIO,compound,BRD-K70586315-001-02-4,,,1.2335879,17.51063
BR00117024,P07,U2OS,24,SB-505124,compound,BRD-K40109029-001-02-9,,['ALK tyrosine kinase receptor inhibitor'],3.7512748,17.182661
BR00117024,P08,U2OS,24,prasugrel,compound,BRD-A83029242-001-06-1,,['purinergic receptor antagonist'],-0.24119116,18.11988
BR00117024,P09,U2OS,24,pidolic-acid,compound,BRD-K57313110-001-06-8,,,1.3172597,17.494478
BR00117024,P10,U2OS,24,DMSO,compound,,negcon,,-1.7049783,17.769491
BR00117024,P11,U2OS,24,nevirapine,compound,BRD-K15502390-001-20-9,,,-1.9523141,18.22477
BR00117024,P12,U2OS,24,triamterene,compound,BRD-K92049597-001-20-8,,['sodium channel blocker'],0.7077214,19.29887
BR00117024,P13,U2OS,24,regorafenib,compound,BRD-K16730910-001-07-3,,"['PDGFR tyrosine kinase receptor inhibitor', 'RAF inhibitor', 'KIT inhibitor', 'RET tyrosine kinase inhibitor', 'FGFR inhibitor', 'VEGFR inhibitor']",3.7338643,17.482288
BR00117024,P14,U2OS,24,cyclophosphamide,compound,BRD-A09722536-002-18-0,,,-0.76131344,17.981226
BR00117024,P15,U2OS,24,olanzapine,compound,BRD-K18895904-001-16-1,,"['dopamine receptor antagonist', 'serotonin receptor antagonist']",-0.9390517,18.124891
BR00117024,P16,U2OS,24,KI-16425,compound,BRD-A25569250-001-03-3,,['lysophosphatidic acid receptor antagonist'],1.2112398,17.886484
BR00117024,P17,U2OS,24,SKLB1002,compound,BRD-K29895144-001-01-0,,['VEGFR inhibitor'],2.9330387,17.88742
BR00117024,P18,U2OS,24,cilostazol,compound,BRD-K67017579-001-28-1,,['phosphodiesterase inhibitor'],-0.17222986,18.20476
BR00117024,P19,U2OS,24,AZD1283,compound,BRD-K77060810-001-01-5,,['purinergic receptor antagonist'],-1.4222642,18.414831
BR00117024,P20,U2OS,24,A-987306,compound,BRD-K68982262-001-01-4,,['histamine receptor antagonist'],7.7100787,13.884871
BR00117024,P21,U2OS,24,procaine,compound,BRD-K24616672-003-20-1,,['HMGCR inhibitor'],-0.31487995,18.397013
BR00117024,P22,U2OS,24,miconazole,compound,BRD-A82396632-008-30-8,,['bacterial cell wall synthesis inhibitor'],-0.5550632,18.413046
BR00117024,P23,U2OS,24,loperamide,compound,BRD-K61250553-003-30-6,,,7.559672,14.107658
BR00117024,P24,U2OS,24,aripiprazole,compound,BRD-K70358946-001-17-3,,['serotonin receptor antagonist'],1.6459782,20.396242
BR00117025,A01,U2OS,24,gabapentin-enacarbil,compound,BRD-A86665761-001-01-1,,,1.7292739,20.678753
BR00117025,A02,U2OS,24,DMSO,compound,,negcon,,-1.0975889,17.8363
BR00117025,A03,U2OS,24,amlodipine,compound,BRD-A22032524-074-09-9,,['calcium channel blocker'],7.4397326,13.33403
BR00117025,A04,U2OS,24,hexestrol,compound,BRD-A01078468-001-14-8,,,-0.23422465,19.312788
BR00117025,A05,U2OS,24,quinine,compound,BRD-K48278478-001-01-2,,,0.64975595,19.877758
BR00117025,A06,U2OS,24,LOXO-101,compound,BRD-K36574127-001-01-3,,,0.57690376,18.11298
BR00117025,A07,U2OS,24,brinzolamide,compound,BRD-K74913225-001-14-0,,['carbonic anhydrase inhibitor'],-0.48453334,19.135012
BR00117025,A08,U2OS,24,NS-11021,compound,BRD-K94342292-001-01-3,,['calcium-activated potassium channel activator'],1.3610266,16.041534
BR00117025,A09,U2OS,24,DMSO,compound,,negcon,,-1.0781673,17.762926
BR00117025,A10,U2OS,24,GNF-5837,compound,BRD-K19975102-001-01-2,,['growth factor receptor inhibitor'],1.5793941,16.800352
BR00117025,A11,U2OS,24,apatinib,compound,BRD-K25244359-066-02-6,,['RET tyrosine kinase inhibitor'],1.0766689,18.202496
BR00117025,A12,U2OS,24,ethoxzolamide,compound,BRD-K18131774-001-18-4,,['carbonic anhydrase inhibitor'],-1.0030662,18.62071
BR00117025,A13,U2OS,24,ascorbic-acid,compound,BRD-A85242401-001-11-5,,,-0.7916871,17.712166
BR00117025,A14,U2OS,24,ryuvidine,compound,BRD-K06426971-001-02-7,,['histone lysine methyltransferase inhibitor'],7.520788,8.509012
BR00117025,A15,U2OS,24,BAN-ORL-24,compound,BRD-K47049295-300-03-1,,,6.728867,12.3401985
BR00117025,A16,U2OS,24,NNC-55-0396,compound,BRD-K78122587-300-04-3,,,7.5438924,13.258256
BR00117025,A17,U2OS,24,DMSO,compound,,negcon,,-0.8514601,18.17706
BR00117025,A18,U2OS,24,WH-4-023,compound,BRD-K50199947-001-03-4,,['src inhibitor'],6.097879,12.860948
BR00117025,A19,U2OS,24,flupirtine,compound,BRD-K50720187-051-03-1,,['glutamate receptor antagonist'],0.80094874,19.174307
BR00117025,A20,U2OS,24,ZK811752,compound,BRD-K91825936-001-03-9,,,-1.0151508,18.930878
BR00117025,A21,U2OS,24,dexamethasone,compound,BRD-K38775274-001-22-1,,['glucocorticoid receptor agonist'],1.8900954,19.8495
BR00117025,A22,U2OS,24,PP-1,compound,BRD-K47598052-001-14-1,,['src inhibitor'],5.7310166,13.338629
BR00117025,A23,U2OS,24,DDR1-IN-1,compound,BRD-K61845293-300-01-9,,,7.6768856,13.906385
BR00117025,A24,U2OS,24,AVL-292,compound,BRD-K87782578-001-01-4,,"[""Bruton's tyrosine kinase (BTK) inhibitor""]",5.9897704,12.3148575
BR00117025,B01,U2OS,24,H2L-5765834,compound,BRD-K26439554-001-01-3,,['lysophosphatidic acid receptor antagonist'],-0.7933304,17.588142
BR00117025,B02,U2OS,24,thiostrepton,compound,BRD-K58049875-001-03-9,,['protein synthesis inhibitor'],7.749162,9.265831
BR00117025,B03,U2OS,24,DMSO,compound,,negcon,,-0.97444326,17.923649
BR00117025,B04,U2OS,24,arcyriaflavin-a,compound,BRD-K72726508-001-02-1,,['CDK inhibitor'],5.4771795,12.493483
BR00117025,B05,U2OS,24,CYM-5520,compound,BRD-K29151923-001-01-5,,['sphingosine 1 phosphate receptor agonist'],0.24874577,19.0103
BR00117025,B06,U2OS,24,fludarabine,compound,BRD-K66788707-001-14-3,,['ribonucleotide reductase inhibitor'],3.542738,11.888708
BR00117025,B07,U2OS,24,alda-1,compound,BRD-K06890060-001-09-1,,,-1.2302152,17.848173
BR00117025,B08,U2OS,24,meclofenamic-acid,compound,BRD-K50398167-236-22-7,,"['cyclooxygenase inhibitor', 'prostanoid receptor antagonist']",2.638584,19.573864
BR00117025,B09,U2OS,24,GNF-5,compound,BRD-K87632963-001-03-0,,['Bcr-Abl kinase inhibitor'],1.1037383,17.6138
BR00117025,B10,U2OS,24,NS-309,compound,BRD-K37602296-001-01-6,,['calcium-activated potassium channel activator'],0.036324434,19.045334
BR00117025,B11,U2OS,24,AK-7,compound,BRD-K09143580-001-01-0,,['SIRT inhibitor'],2.1281037,16.90912
BR00117025,B12,U2OS,24,BVT-948,compound,BRD-A22713669-001-04-3,,,5.842169,9.725541
BR00117025,B13,U2OS,24,SirReal-2,compound,BRD-K16472653-001-01-6,,['SIRT inhibitor'],-1.1640673,17.870872
BR00117025,B14,U2OS,24,DMSO,compound,,negcon,,-0.76418775,18.209972
BR00117025,B15,U2OS,24,BMS-536924,compound,BRD-K34581968-001-05-3,,['IGF-1 inhibitor'],5.8859534,12.569333
BR00117025,B16,U2OS,24,PP-121,compound,BRD-K81801188-001-02-8,,['protein tyrosine kinase inhibitor'],6.1861954,11.961419
BR00117025,B17,U2OS,24,MCOPPB,compound,BRD-K73276278-305-01-1,,,7.987877,12.945369
BR00117025,B18,U2OS,24,ozagrel,compound,BRD-K53061490-003-13-9,,,-1.2754356,18.629538
BR00117025,B19,U2OS,24,CYM-5442,compound,BRD-A43005764-003-01-5,,['sphingosine 1 phosphate receptor agonist'],7.6486425,13.355343
BR00117025,B20,U2OS,24,CVT-10216,compound,BRD-K60659193-001-01-0,,,-1.1660465,18.60425
BR00117025,B21,U2OS,24,TCN201,compound,BRD-K09787262-001-02-7,,['glutamate receptor antagonist'],0.13361607,17.665472
BR00117025,B22,U2OS,24,fomepizole,compound,BRD-K56810756-003-07-7,,['alcohol dehydrogenase inhibitor'],0.0017373533,18.674263
BR00117025,B23,U2OS,24,benzamil,compound,BRD-K87158025-003-08-7,,['sodium channel blocker'],0.8629343,19.521935
BR00117025,B24,U2OS,24,lercanidipine,compound,BRD-A18992208-003-02-7,,['calcium channel blocker'],1.0056684,18.9681
BR00117025,C01,U2OS,24,4-CMTB,compound,BRD-A54139254-001-09-2,,['free fatty acid receptor agonist'],-0.25001973,18.12827
BR00117025,C02,U2OS,24,ML-228,compound,BRD-K44432556-001-05-5,,,-1.4103941,17.971334
BR00117025,C03,U2OS,24,DMSO,compound,,negcon,,-0.09862367,18.019852
BR00117025,C04,U2OS,24,GSK1070916,compound,BRD-K36740062-001-06-6,,['Aurora kinase inhibitor'],5.977528,11.538016
BR00117025,C05,U2OS,24,ML-193,compound,BRD-K27539181-001-08-5,,,1.6091579,17.57027
BR00117025,C06,U2OS,24,DMSO,compound,,negcon,,-0.9540313,18.335337
BR00117025,C07,U2OS,24,M-25,compound,BRD-K51265828-001-01-0,,['smoothened receptor antagonist'],-0.3652862,18.058838
BR00117025,C08,U2OS,24,azeliragon,compound,BRD-K51899933-001-02-6,,['RAGE receptor antagonist'],7.440441,12.624236
BR00117025,C09,U2OS,24,CYT-997,compound,BRD-K23363278-001-02-1,poscon_diverse,['tubulin polymerization inhibitor'],9.217725,10.69585
BR00117025,C10,U2OS,24,AR-12,compound,BRD-K90497590-001-05-9,,,8.228656,8.580563
BR00117025,C11,U2OS,24,CYM-50260,compound,BRD-K69877120-001-01-7,,['sphingosine 1 phosphate receptor agonist'],0.16500218,18.47124
BR00117025,C12,U2OS,24,DMSO,compound,,negcon,,-0.72504604,17.72018
BR00117025,C13,U2OS,24,KG-5,compound,BRD-K90747162-001-01-4,poscon_cp,['RAF inhibitor'],8.877005,10.883668
BR00117025,C14,U2OS,24,JTE-607,compound,BRD-K81405859-300-01-4,,,3.6650019,11.752893
BR00117025,C15,U2OS,24,DMSO,compound,,negcon,,-0.9952961,18.341148
BR00117025,C16,U2OS,24,ilomastat,compound,BRD-K51662849-001-05-4,,['matrix metalloprotease inhibitor'],0.7910983,18.632126
BR00117025,C17,U2OS,24,RX-821002,compound,BRD-A65597028-003-08-1,,['adrenergic receptor antagonist'],-0.49093142,18.443958
BR00117025,C18,U2OS,24,DMSO,compound,,negcon,,-0.93370026,18.07308
BR00117025,C19,U2OS,24,TUG-891,compound,BRD-K24282351-001-01-4,,['free fatty acid receptor agonist'],1.5103364,17.729952
BR00117025,C20,U2OS,24,ponatinib,compound,BRD-K44227013-001-08-0,,"['PDGFR tyrosine kinase receptor inhibitor', 'FLT3 inhibitor', 'Bcr-Abl kinase inhibitor']",7.7903214,9.108967
BR00117025,C21,U2OS,24,DMSO,compound,,negcon,,-0.9550867,18.301773
BR00117025,C22,U2OS,24,puromycin,compound,BRD-K01824976-300-02-9,,['protein synthesis inhibitor'],7.6665273,9.359152
BR00117025,C23,U2OS,24,SRC-kinase-inhibitor-I,compound,BRD-K50495309-001-02-0,,['src inhibitor'],7.84182,13.458374
BR00117025,C24,U2OS,24,acetylcysteine,compound,BRD-K59058747-001-19-1,,,0.5026189,19.200062
BR00117025,D01,U2OS,24,NSC-625987,compound,BRD-K62949423-001-03-1,,['CDK inhibitor'],-1.4391772,18.330605
BR00117025,D02,U2OS,24,dalfampridine,compound,BRD-K22482860-001-20-6,,['potassium channel blocker'],0.29304722,18.580746
BR00117025,D03,U2OS,24,NSC-95397,compound,BRD-K68143200-001-11-7,,['CDC inhibitor'],5.9005885,9.79236
BR00117025,D04,U2OS,24,alrestatin,compound,BRD-K35498378-001-06-1,,['aldose reductase inhibitor'],-0.2917812,18.348839
BR00117025,D05,U2OS,24,PF-03758309,compound,BRD-K37764012-001-03-3,poscon_diverse,['p21 activated kinase inhibitor'],2.324911,19.909023
BR00117025,D06,U2OS,24,IRL-2500,compound,BRD-K98357249-001-02-9,,['endothelin receptor antagonist'],2.0459805,19.725859
BR00117025,D07,U2OS,24,PF-04217903,compound,BRD-K73319509-001-08-0,poscon_cp,,-1.3948265,17.757458
BR00117025,D08,U2OS,24,FK-866,compound,BRD-K58550667-001-08-7,poscon_diverse,,0.76218265,18.368515
BR00117025,D09,U2OS,24,amlexanox,compound,BRD-K29530284-001-06-2,,,1.2791688,18.337965
BR00117025,D10,U2OS,24,GW-311616,compound,BRD-K37864785-001-01-0,,['elastase inhibitor'],0.45648077,19.323372
BR00117025,D11,U2OS,24,buparlisib,compound,BRD-K42191735-001-08-7,poscon_diverse,,9.209447,10.52205
BR00117025,D12,U2OS,24,amiloride,compound,BRD-K97181089-003-24-7,,['sodium channel blocker'],0.91437423,19.014967
BR00117025,D13,U2OS,24,DG-172,compound,BRD-K75748943-300-01-3,,,7.7553983,13.885953
BR00117025,D14,U2OS,24,DMSO,compound,,negcon,,-1.0192982,17.740294
BR00117025,D15,U2OS,24,DMSO,compound,,negcon,,-0.15030193,18.394552
BR00117025,D16,U2OS,24,NVP-ADW742,compound,BRD-K15179513-001-04-2,poscon_cp,,7.674564,12.803078
BR00117025,D17,U2OS,24,misoprostol,compound,BRD-A72351335-001-04-5,,['prostanoid receptor agonist'],1.7695448,17.513752
BR00117025,D18,U2OS,24,conivaptan,compound,BRD-K37385792-003-02-1,,,1.2518469,17.121855
BR00117025,D19,U2OS,24,spiroxatrine,compound,BRD-A72483914-001-03-7,,['serotonin receptor antagonist'],-1.1276425,18.17427
BR00117025,D20,U2OS,24,diacerein,compound,BRD-K69122748-001-10-1,,,0.59069246,17.649452
BR00117025,D21,U2OS,24,DMSO,compound,,negcon,,-1.1892912,17.914858
BR00117025,D22,U2OS,24,DMSO,compound,,negcon,,-0.7995465,17.921627
BR00117025,D23,U2OS,24,glyburide,compound,BRD-K36927236-001-36-7,,['ATP channel blocker'],0.9107818,19.334095
BR00117025,D24,U2OS,24,ANR-94,compound,BRD-K31170746-001-01-6,,,-0.34485245,18.590057
BR00117025,E01,U2OS,24,TFC-007,compound,BRD-K57708067-001-01-3,,,0.8839356,19.47831
BR00117025,E02,U2OS,24,trihexyphenidyl,compound,BRD-A48180038-003-24-3,,['acetylcholine receptor antagonist'],0.51824,19.072283
BR00117025,E03,U2OS,24,epoprostenol,compound,BRD-K64054020-001-02-7,,,0.27670383,18.09099
BR00117025,E04,U2OS,24,sacubitril,compound,BRD-K91456750-001-01-9,,,-1.4479187,17.670979
BR00117025,E05,U2OS,24,danusertib,compound,BRD-K07881437-001-03-8,poscon_diverse,"['growth factor receptor inhibitor', 'Aurora kinase inhibitor']",4.285946,11.246687
BR00117025,E06,U2OS,24,CYT-997,compound,BRD-K23363278-001-02-1,poscon_diverse,['tubulin polymerization inhibitor'],9.229344,10.668496
BR00117025,E07,U2OS,24,DMSO,compound,,negcon,,-1.241854,17.638353
BR00117025,E08,U2OS,24,BQ-788,compound,BRD-K02490038-236-03-8,,['endothelin receptor antagonist'],-1.6153474,17.955976
BR00117025,E09,U2OS,24,SB-202190,compound,BRD-K54330070-001-19-6,poscon_orf,['p38 MAPK inhibitor'],3.0348508,15.546054
BR00117025,E10,U2OS,24,GSK2110183,compound,BRD-K25412176-001-01-9,poscon_diverse,,4.9873943,16.369137
BR00117025,E11,U2OS,24,GSK3787,compound,BRD-K03155172-001-03-0,,['PPAR receptor antagonist'],1.3553737,18.303144
BR00117025,E12,U2OS,24,BAM7,compound,BRD-K07442505-001-03-6,,,-0.3699144,18.6464
BR00117025,E13,U2OS,24,PHA-793887,compound,BRD-K64800655-001-09-0,poscon_diverse,['CDK inhibitor'],6.331919,10.468344
BR00117025,E14,U2OS,24,DMSO,compound,,negcon,,-1.0431571,17.736967
BR00117025,E15,U2OS,24,GSK-37647,compound,BRD-K26514105-001-01-7,,['free fatty acid receptor agonist'],0.4717926,18.898087
BR00117025,E16,U2OS,24,desonide,compound,BRD-K21528677-001-04-4,,['glucocorticoid receptor agonist'],2.877184,19.525616
BR00117025,E17,U2OS,24,DMSO,compound,,negcon,,-0.7823802,17.875557
BR00117025,E18,U2OS,24,aloxistatin,compound,BRD-K91188791-001-17-5,,,7.955189,13.415156
BR00117025,E19,U2OS,24,azathioprine,compound,BRD-K32821942-001-22-1,,,2.6611621,19.807188
BR00117025,E20,U2OS,24,ZK-93423,compound,BRD-K33882852-003-02-8,poscon_diverse,['benzodiazepine receptor agonist'],-1.5359409,17.48013
BR00117025,E21,U2OS,24,BI-2536,compound,BRD-K64890080-001-02-1,poscon_diverse,,8.623197,10.941706
BR00117025,E22,U2OS,24,EI1,compound,BRD-K91535048-001-01-2,poscon_cp,['histone lysine methyltransferase inhibitor'],-0.2623724,17.685358
BR00117025,E23,U2OS,24,NVP-HSP990,compound,BRD-K67915505-001-01-2,,['HSP inhibitor'],5.820612,12.210356
BR00117025,E24,U2OS,24,DMSO,compound,,negcon,,-0.7203544,18.123875
BR00117025,F01,U2OS,24,DMSO,compound,,negcon,,-0.22737895,17.972612
BR00117025,F02,U2OS,24,nialamide,compound,BRD-K12102668-001-25-5,,,-1.3065623,18.407835
BR00117025,F03,U2OS,24,DMSO,compound,,negcon,,-1.1817483,18.233526
BR00117025,F04,U2OS,24,arundic-acid,compound,BRD-K49223707-001-01-0,,,5.050349,18.837416
BR00117025,F05,U2OS,24,torcitabine,compound,BRD-K91822704-003-07-2,,,0.5343127,19.072348
BR00117025,F06,U2OS,24,DMSO,compound,,negcon,,-0.5816103,17.450056
BR00117025,F07,U2OS,24,epothilone-b,compound,BRD-K68164687-001-01-6,,"['microtubule stabilizing agent', 'tubulin polymerization inhibitor']",7.380898,11.2053385
BR00117025,F08,U2OS,24,dyphylline,compound,BRD-A00827783-001-24-6,,['phosphodiesterase inhibitor'],-0.4685693,18.223732
BR00117025,F09,U2OS,24,DMSO,compound,,negcon,,-0.91894126,18.108856
BR00117025,F10,U2OS,24,quinidine,compound,BRD-K59632282-052-03-1,,['sodium channel blocker'],1.5203722,18.339184
BR00117025,F11,U2OS,24,halopemide,compound,BRD-K50055394-001-03-6,,,0.81817126,16.70468
BR00117025,F12,U2OS,24,sulfinpyrazone,compound,BRD-A36217750-001-16-3,,,0.6481326,18.879797
BR00117025,F13,U2OS,24,ML-323,compound,BRD-K93942811-001-01-3,poscon_cp,['ubiquitin specific protease inhibitor'],-1.2306818,17.679998
BR00117025,F14,U2OS,24,racecadotril,compound,BRD-A08187463-001-12-9,,,0.11190336,19.380611
BR00117025,F15,U2OS,24,BRL-50481,compound,BRD-K84266862-001-03-2,,['phosphodiesterase inhibitor'],1.1306776,19.481714
BR00117025,F16,U2OS,24,GSK2110183,compound,BRD-K25412176-001-01-9,poscon_diverse,,4.8840795,16.32518
BR00117025,F17,U2OS,24,bufexamac,compound,BRD-K36660044-001-24-2,,['cyclooxygenase inhibitor'],0.20761181,17.405025
BR00117025,F18,U2OS,24,anandamide,compound,BRD-K42352790-001-05-3,,,-1.5961689,18.308819
BR00117025,F19,U2OS,24,thioguanine,compound,BRD-K49350383-001-13-7,poscon_diverse,,4.875192,12.554351
BR00117025,F20,U2OS,24,IWP-L6,compound,BRD-K53234107-001-01-6,,['porcupine inhibitor'],0.584924,19.579292
BR00117025,F21,U2OS,24,edoxaban,compound,BRD-K29322660-001-01-9,,['coagulation factor inhibitor'],0.66178066,19.77542
BR00117025,F22,U2OS,24,lonafarnib,compound,BRD-K41599323-001-02-3,poscon_diverse,,4.8045044,13.6517515
BR00117025,F23,U2OS,24,ibutamoren,compound,BRD-K44771174-066-01-0,,,0.6535343,19.777847
BR00117025,F24,U2OS,24,somatostatin,compound,BRD-K14681867-001-01-6,,['somatostatin receptor agonist'],0.06708769,19.204596
BR00117025,G01,U2OS,24,L-proline,compound,BRD-K01666412-001-02-0,,,-0.9137785,17.773508
BR00117025,G02,U2OS,24,zamifenacin,compound,BRD-K80451230-051-02-6,,['acetylcholine receptor antagonist'],0.036202077,17.930384
BR00117025,G03,U2OS,24,YC-1,compound,BRD-K60476892-001-16-1,,,5.2232695,11.201172
BR00117025,G04,U2OS,24,DMSO,compound,,negcon,,-1.1300758,17.850702
BR00117025,G05,U2OS,24,ME-0328,compound,BRD-K24283677-001-01-9,,['PPAR receptor antagonist'],0.84626013,19.404106
BR00117025,G06,U2OS,24,NSC-663284,compound,BRD-K03109492-001-02-2,,['CDC inhibitor'],7.486242,8.545278
BR00117025,G07,U2OS,24,CYM-50358,compound,BRD-K80666802-003-01-0,,,0.962896,19.710188
BR00117025,G08,U2OS,24,trazodone,compound,BRD-K70778732-003-27-5,,"['adrenergic receptor antagonist', 'serotonin receptor antagonist']",0.16134624,17.654963
BR00117025,G09,U2OS,24,DMSO,compound,,negcon,,-0.81979984,17.978542
BR00117025,G10,U2OS,24,DMSO,compound,,negcon,,-1.2543123,18.180792
BR00117025,G11,U2OS,24,sulfasalazine,compound,BRD-K10670311-001-17-1,,['cyclooxygenase inhibitor'],0.7250631,18.804508
BR00117025,G12,U2OS,24,"2,5-furandimethanol",compound,BRD-K29791386-001-01-8,,,0.2141085,18.587093
BR00117025,G13,U2OS,24,DMSO,compound,,negcon,,-0.8964467,17.929644
BR00117025,G14,U2OS,24,dilazep,compound,BRD-K48722258-300-11-0,,,0.36031604,19.394323
BR00117025,G15,U2OS,24,felodipine,compound,BRD-A30815329-001-12-1,,['calcium channel blocker'],1.3778414,19.487907
BR00117025,G16,U2OS,24,paliperidone,compound,BRD-A99888680-001-05-3,,"['dopamine receptor antagonist', 'serotonin receptor antagonist']",0.53279334,17.734966
BR00117025,G17,U2OS,24,purvalanol-a,compound,BRD-K50836978-001-03-3,poscon_orf,['CDK inhibitor'],4.170477,13.085564
BR00117025,G18,U2OS,24,DMSO,compound,,negcon,,-1.0285728,17.387154
BR00117025,G19,U2OS,24,Ro-1138452,compound,BRD-K77220725-003-01-5,,['prostanoid receptor antagonist'],-1.5514563,17.633009
BR00117025,G20,U2OS,24,sorbinil,compound,BRD-A89164055-001-03-3,,['aldose reductase inhibitor'],0.54239786,19.635176
BR00117025,G21,U2OS,24,TC-S-7004,compound,BRD-K89517477-001-01-4,poscon_cp,['DYRK inhibitor'],2.8761387,16.689405
BR00117025,G22,U2OS,24,saclofen,compound,BRD-A24122750-001-03-7,,['GABA receptor antagonist'],0.3521178,18.99199
BR00117025,G23,U2OS,24,BAY-87-2243,compound,BRD-K70463136-001-01-5,,,1.0417403,16.978842
BR00117025,G24,U2OS,24,ibudilast,compound,BRD-K16444452-001-09-1,,['phosphodiesterase inhibitor'],0.19452284,18.924814
BR00117025,H01,U2OS,24,briciclib,compound,BRD-K05531427-001-01-7,,,9.263782,10.770881
BR00117025,H02,U2OS,24,2-Oleoylglycerol,compound,BRD-K77087341-001-02-4,,,-0.1972748,17.59174
BR00117025,H03,U2OS,24,RGFP966,compound,BRD-K61688984-001-02-9,poscon_cp,['HDAC inhibitor'],3.1881018,16.608381
BR00117025,H04,U2OS,24,DMSO,compound,,negcon,,-0.65870684,17.877138
BR00117025,H05,U2OS,24,azacitidine,compound,BRD-K03406345-001-21-1,poscon_diverse,,2.6612952,16.645777
BR00117025,H06,U2OS,24,N6-cyclopentyladenosine,compound,BRD-K60150510-001-15-6,,,-0.32843658,18.325438
BR00117025,H07,U2OS,24,filgotinib,compound,BRD-K16803204-001-01-6,poscon_cp,['JAK inhibitor'],1.1853698,19.97078
BR00117025,H08,U2OS,24,guanidine,compound,BRD-K76037122-001-02-5,,['HSP inhibitor'],1.374474,17.847166
BR00117025,H09,U2OS,24,coumarin,compound,BRD-K23913458-001-20-7,,,1.9615226,19.600637
BR00117025,H10,U2OS,24,DMSO,compound,,negcon,,-0.5161924,18.79179
BR00117025,H11,U2OS,24,ZM-336372,compound,BRD-K73789395-001-09-9,poscon_orf,['RAF inhibitor'],-0.87896305,19.375778
BR00117025,H12,U2OS,24,citric-acid,compound,BRD-K76792669-001-08-1,,['coagulation factor inhibitor'],0.512838,18.328678
BR00117025,H13,U2OS,24,DMSO,compound,,negcon,,-0.99177015,17.981071
BR00117025,H14,U2OS,24,CCG-63802,compound,BRD-K26970495-001-02-7,,['G protein signaling inhibitor'],-0.96019953,17.521414
BR00117025,H15,U2OS,24,ibutilide,compound,BRD-A74391928-051-03-9,,['potassium channel blocker'],-1.6114125,17.444183
BR00117025,H16,U2OS,24,batimastat,compound,BRD-K82818427-001-04-8,,['matrix metalloprotease inhibitor'],3.2348661,17.142603
BR00117025,H17,U2OS,24,DMSO,compound,,negcon,,-0.41073963,17.563715
BR00117025,H18,U2OS,24,DMSO,compound,,negcon,,-0.35552117,18.84678
BR00117025,H19,U2OS,24,UNC1999,compound,BRD-K26989966-001-04-3,poscon_cp,['histone lysine methyltransferase inhibitor'],7.840531,10.741195
BR00117025,H20,U2OS,24,glutamine-(l),compound,BRD-K83896451-001-06-7,,,-1.0735624,18.003012
BR00117025,H21,U2OS,24,PD-98059,compound,BRD-K62810658-001-11-4,poscon_orf,,1.6688491,17.533102
BR00117025,H22,U2OS,24,enilconazole,compound,BRD-K01825690-065-01-9,,,-0.8162677,17.49533
BR00117025,H23,U2OS,24,N-alpha-Methylhistamine-dihydrochloride,compound,BRD-K75390981-300-04-9,,['histamine receptor agonist'],0.72107023,18.784098
BR00117025,H24,U2OS,24,GK921,compound,BRD-K38272302-001-02-7,,,5.917978,10.348399
BR00117025,I01,U2OS,24,nilvadipine,compound,BRD-A84687895-001-03-2,,['calcium channel blocker'],-0.1631163,19.08935
BR00117025,I02,U2OS,24,DMSO,compound,,negcon,,-0.5444079,17.675442
BR00117025,I03,U2OS,24,AC-710,compound,BRD-K15819326-001-01-6,,['PDGFR tyrosine kinase receptor inhibitor'],7.287119,12.837022
BR00117025,I04,U2OS,24,PETCM,compound,BRD-A93477898-001-04-2,,,-1.5479366,17.838413
BR00117025,I05,U2OS,24,AZD7762,compound,BRD-K86525559-001-07-8,poscon_diverse,['CHK inhibitor'],7.723622,9.074967
BR00117025,I06,U2OS,24,PHA-793887,compound,BRD-K64800655-001-09-0,poscon_diverse,['CDK inhibitor'],6.27525,10.535401
BR00117025,I07,U2OS,24,KU-60019,compound,BRD-K36016295-001-05-2,,['ATM kinase inhibitor'],5.9678345,10.234788
BR00117025,I08,U2OS,24,nafamostat,compound,BRD-K06674495-334-04-0,,,1.377094,17.31594
BR00117025,I09,U2OS,24,DMSO,compound,,negcon,,-0.73423326,17.534916
BR00117025,I10,U2OS,24,DMSO,compound,,negcon,,-0.7430305,17.468472
BR00117025,I11,U2OS,24,taladegib,compound,BRD-K50498985-001-03-3,,['smoothened receptor antagonist'],0.15977035,18.624584
BR00117025,I12,U2OS,24,acetohexamide,compound,BRD-K52960356-001-13-0,,['ATP channel blocker'],0.83158326,19.43997
BR00117025,I13,U2OS,24,minocycline,compound,BRD-A69651145-003-11-4,,,2.5910912,17.22723
BR00117025,I14,U2OS,24,BI-2536,compound,BRD-K64890080-001-02-1,poscon_diverse,,8.658306,11.02953
BR00117025,I15,U2OS,24,riociguat,compound,BRD-K84783599-001-01-0,,,0.18510526,19.150373
BR00117025,I16,U2OS,24,CP-724714,compound,BRD-K76908866-001-07-6,poscon_cp,"['EGFR inhibitor', 'protein tyrosine kinase inhibitor']",-1.1163254,17.970434
BR00117025,I17,U2OS,24,ganetespib,compound,BRD-K38852836-001-04-9,poscon_diverse,['HSP inhibitor'],5.8377314,12.200457
BR00117025,I18,U2OS,24,AZ191,compound,BRD-K80935598-001-01-1,poscon_cp,['DYRK inhibitor'],8.033126,12.579648
BR00117025,I19,U2OS,24,BAX-channel-blocker,compound,BRD-A18763547-300-06-3,,,7.4422736,12.631496
BR00117025,I20,U2OS,24,SU3327,compound,BRD-K32730239-001-01-0,,['JNK inhibitor'],8.053767,8.849137
BR00117025,I21,U2OS,24,DMSO,compound,,negcon,,-0.995474,17.664108
BR00117025,I22,U2OS,24,DMSO,compound,,negcon,,-0.7889899,17.716547
BR00117025,I23,U2OS,24,octreotide,compound,BRD-A64173453-015-03-1,,['somatostatin receptor agonist'],0.9739783,18.785666
BR00117025,I24,U2OS,24,1-octanol,compound,BRD-K09338665-001-08-9,,,0.36809024,19.00828
BR00117025,J01,U2OS,24,acalabrutinib,compound,BRD-K64034691-001-01-9,,"[""Bruton's tyrosine kinase (BTK) inhibitor""]",0.40405795,18.800983
BR00117025,J02,U2OS,24,rifamycin,compound,BRD-K38512030-001-01-7,,,-0.0029892426,17.860054
BR00117025,J03,U2OS,24,pazopanib,compound,BRD-K74514084-003-09-2,,"['KIT inhibitor', 'VEGFR inhibitor', 'PDGFR tyrosine kinase receptor inhibitor']",4.5009203,16.510042
BR00117025,J04,U2OS,24,RKI-1447,compound,BRD-K19333160-001-01-3,poscon_cp,,4.8794804,15.294748
BR00117025,J05,U2OS,24,vitamin-E,compound,BRD-K97091514-001-11-4,,['PKC inhibitor'],0.32435164,18.516384
BR00117025,J06,U2OS,24,lonafarnib,compound,BRD-K41599323-001-02-3,poscon_diverse,,4.8688607,13.614632
BR00117025,J07,U2OS,24,ethyl-pyruvate,compound,BRD-K47738867-001-01-5,,,0.7641717,18.964882
BR00117025,J08,U2OS,24,picrotin,compound,BRD-A91822151-001-05-0,,['GABA receptor antagonist'],-0.3358219,18.37439
BR00117025,J09,U2OS,24,SGX523,compound,BRD-K19477839-001-07-6,poscon_cp,,-1.455748,18.62669
BR00117025,J10,U2OS,24,PP-2,compound,BRD-K95785537-001-22-3,,['src inhibitor'],5.8091865,13.265595
BR00117025,J11,U2OS,24,ME-0328,compound,BRD-A63444178-001-01-5,,['PPAR receptor antagonist'],0.13214053,18.090809
BR00117025,J12,U2OS,24,AZD9668,compound,BRD-K31476763-001-01-5,,['elastase inhibitor'],0.55402845,19.183786
BR00117025,J13,U2OS,24,NQDI-1,compound,BRD-K61918008-001-07-1,,,1.3701252,19.697227
BR00117025,J14,U2OS,24,DMSO,compound,,negcon,,-0.41875756,17.898565
BR00117025,J15,U2OS,24,carzenide,compound,BRD-K09295674-001-09-8,,,1.0361217,18.253925
BR00117025,J16,U2OS,24,KU-55933,compound,BRD-K25311561-001-10-7,,['ATM kinase inhibitor'],2.9829922,20.497568
BR00117025,J17,U2OS,24,NVP-AEW541,compound,BRD-K24696047-001-02-3,poscon_cp,['IGF-1 inhibitor'],7.6852064,13.250915
BR00117025,J18,U2OS,24,leflunomide,compound,BRD-K78692225-001-24-5,,['PDGFR tyrosine kinase receptor inhibitor'],0.88380337,19.090483
BR00117025,J19,U2OS,24,DMSO,compound,,negcon,,-1.0760595,17.697319
BR00117025,J20,U2OS,24,azacitidine,compound,BRD-K03406345-001-21-1,poscon_diverse,,2.6152997,16.609499
BR00117025,J21,U2OS,24,ixabepilone,compound,BRD-K03601870-001-01-2,,['microtubule stabilizing agent'],8.840927,10.678183
BR00117025,J22,U2OS,24,KH-CB19,compound,BRD-K66430217-001-03-8,poscon_cp,['CDC inhibitor'],-1.6646323,17.484676
BR00117025,J23,U2OS,24,DMSO,compound,,negcon,,-0.9917613,17.958818
BR00117025,J24,U2OS,24,PF-05190457,compound,BRD-K02554563-001-01-6,,,0.36689517,18.494068
BR00117025,K01,U2OS,24,LDN-212854,compound,BRD-K59831625-001-03-9,,,8.273644,8.8729515
BR00117025,K02,U2OS,24,formononetin,compound,BRD-K55567017-001-12-3,,['alcohol dehydrogenase inhibitor'],0.8505194,18.704334
BR00117025,K03,U2OS,24,aminopurvalanol-a,compound,BRD-K07762753-001-05-1,poscon_orf,['CDK inhibitor'],4.566208,12.832713
BR00117025,K04,U2OS,24,ruxolitinib,compound,BRD-K53972329-001-01-3,poscon_cp,['JAK inhibitor'],1.567782,19.36381
BR00117025,K05,U2OS,24,DMSO,compound,,negcon,,-0.86538374,17.483479
BR00117025,K06,U2OS,24,DMSO,compound,,negcon,,-0.27384514,17.835918
BR00117025,K07,U2OS,24,LGK-974,compound,BRD-K16810791-001-01-0,,['porcupine inhibitor'],1.6410471,19.318087
BR00117025,K08,U2OS,24,polydatin,compound,BRD-K43236057-001-07-1,,['ICAM1 expression inhibitor'],5.332901,13.070084
BR00117025,K09,U2OS,24,enflurane,compound,BRD-A51831848-001-01-7,,,0.6744573,19.787912
BR00117025,K10,U2OS,24,PFI-1,compound,BRD-K13094524-001-04-2,poscon_cp,,-1.4696914,17.95571
BR00117025,K11,U2OS,24,AZD7762,compound,BRD-K86525559-001-07-8,poscon_diverse,['CHK inhibitor'],7.656211,9.058839
BR00117025,K12,U2OS,24,sotrastaurin,compound,BRD-K16761703-001-03-8,,['PKC inhibitor'],3.0701287,15.607513
BR00117025,K13,U2OS,24,DMSO,compound,,negcon,,0.15217823,18.395159
BR00117025,K14,U2OS,24,cycloheximide,compound,BRD-K36055864-001-20-0,,['protein synthesis inhibitor'],5.6805744,11.290412
BR00117025,K15,U2OS,24,oxytocin,compound,BRD-K25243230-001-01-2,,,0.45087838,19.790827
BR00117025,K16,U2OS,24,DMSO,compound,,negcon,,-0.6123062,17.757114
BR00117025,K17,U2OS,24,colchicine,compound,BRD-K00259736-001-16-4,,,9.214293,10.681174
BR00117025,K18,U2OS,24,afimoxifene,compound,BRD-K04210847-001-21-9,,,-1.8380936,18.29676
BR00117025,K19,U2OS,24,DMSO,compound,,negcon,,-0.9858878,17.716654
BR00117025,K20,U2OS,24,ZK-93423,compound,BRD-K33882852-003-02-8,poscon_diverse,['benzodiazepine receptor agonist'],-1.7562999,17.618975
BR00117025,K21,U2OS,24,RGB-286638,compound,BRD-K20986415-001-02-6,,['CDK inhibitor'],6.0463133,10.151984
BR00117025,K22,U2OS,24,FPS-ZM1,compound,BRD-K87691185-001-01-2,,['RAGE receptor antagonist'],0.39559612,18.792215
BR00117025,K23,U2OS,24,flindokalner,compound,BRD-K56740996-001-02-1,,,0.8336258,19.53105
BR00117025,K24,U2OS,24,motesanib,compound,BRD-K99616396-316-05-3,,"['KIT inhibitor', 'VEGFR inhibitor', 'PDGFR tyrosine kinase receptor inhibitor']",0.93252254,18.696192
BR00117025,L01,U2OS,24,geldanamycin,compound,BRD-K43570081-001-02-4,,['HSP inhibitor'],5.7766943,12.073963
BR00117025,L02,U2OS,24,DMSO,compound,,negcon,,-0.060140174,18.18266
BR00117025,L03,U2OS,24,CGP-53353,compound,BRD-K32292990-001-03-6,,"['PKC inhibitor', 'EGFR inhibitor']",-0.13888833,18.32757
BR00117025,L04,U2OS,24,7-hydroxystaurosporine,compound,BRD-K45293975-001-02-0,,"['CDK inhibitor', 'PKC inhibitor', 'CHK inhibitor']",7.658951,9.484762
BR00117025,L05,U2OS,24,DMSO,compound,,negcon,,-0.91251147,18.309853
BR00117025,L06,U2OS,24,DMSO,compound,,negcon,,-0.5891103,17.62746
BR00117025,L07,U2OS,24,efaproxiral,compound,BRD-K37355418-236-01-6,,,0.39386806,19.186167
BR00117025,L08,U2OS,24,SB-203580,compound,BRD-A37704979-001-12-3,poscon_orf,['p38 MAPK inhibitor'],3.5300527,14.978674
BR00117025,L09,U2OS,24,FK-866,compound,BRD-K58550667-001-08-7,poscon_diverse,,0.28900135,17.996208
BR00117025,L10,U2OS,24,bepridil,compound,BRD-A91008255-003-24-8,,['calcium channel blocker'],1.5428239,19.8773
BR00117025,L11,U2OS,24,delanzomib,compound,BRD-K59325863-001-04-4,,,7.7012334,9.213392
BR00117025,L12,U2OS,24,buparlisib,compound,BRD-K42191735-001-08-7,poscon_diverse,,9.127689,10.538854
BR00117025,L13,U2OS,24,phenylbutazone,compound,BRD-K10843433-001-23-5,,"['cyclooxygenase inhibitor', 'prostanoid receptor antagonist']",-0.47068864,17.75786
BR00117025,L14,U2OS,24,deferasirox,compound,BRD-K97010173-001-04-1,,,-1.7705718,17.221313
BR00117025,L15,U2OS,24,DMSO,compound,,negcon,,-0.6666783,17.709593
BR00117025,L16,U2OS,24,cediranib,compound,BRD-K86930074-001-05-0,,"['KIT inhibitor', 'VEGFR inhibitor']",8.061871,12.927645
BR00117025,L17,U2OS,24,isoflurane,compound,BRD-A31564021-001-02-6,,,-0.94035536,18.274792
BR00117025,L18,U2OS,24,DMSO,compound,,negcon,,-0.3856657,17.98187
BR00117025,L19,U2OS,24,CCG-50014,compound,BRD-K08893438-001-06-4,,['G protein signaling inhibitor'],-0.80460525,17.45776
BR00117025,L20,U2OS,24,PF-431396,compound,BRD-K93788137-001-04-1,,,4.5344534,11.261392
BR00117025,L21,U2OS,24,TG-02,compound,BRD-K14560436-001-01-4,,"['CDK inhibitor', 'FLT3 inhibitor', 'JAK inhibitor']",6.3898554,10.459973
BR00117025,L22,U2OS,24,baclofen,compound,BRD-K01826724-003-07-9,,['benzodiazepine receptor agonist'],-0.71866566,18.190105
BR00117025,L23,U2OS,24,thiostrepton,compound,BRD-A20697603-001-07-2,,['protein synthesis inhibitor'],4.9638886,12.94038
BR00117025,L24,U2OS,24,flufenamic-acid,compound,BRD-K44067360-001-29-5,,,-1.3688029,18.996447
BR00117025,M01,U2OS,24,DMSO,compound,,negcon,,-0.36573863,17.757982
BR00117025,M02,U2OS,24,LY2109761,compound,BRD-K47557313-001-02-7,,,3.6638021,14.885665
BR00117025,M03,U2OS,24,olopatadine,compound,BRD-K67637637-003-11-8,,['histamine receptor antagonist'],1.3917092,18.445034
BR00117025,M04,U2OS,24,DMSO,compound,,negcon,,-0.045648705,18.25771
BR00117025,M05,U2OS,24,castanospermine,compound,BRD-K20897876-001-11-8,,['glucosidase inhibitor'],0.08215215,19.443155
BR00117025,M06,U2OS,24,A205804,compound,BRD-K77627880-001-04-0,,['ICAM1 expression inhibitor'],-0.0068829614,17.057997
BR00117025,M07,U2OS,24,VU591,compound,BRD-K72063794-003-01-0,,['potassium channel blocker'],1.321306,18.257559
BR00117025,M08,U2OS,24,dalbavancin,compound,BRD-K30177383-001-01-0,,['bacterial cell wall synthesis inhibitor'],0.7681477,19.894043
BR00117025,M09,U2OS,24,CC-401,compound,BRD-K45746021-003-01-9,,['JNK inhibitor'],0.94380516,19.794188
BR00117025,M10,U2OS,24,ganetespib,compound,BRD-K38852836-001-04-9,poscon_diverse,['HSP inhibitor'],5.730208,12.106094
BR00117025,M11,U2OS,24,ingenol-mebutate,compound,BRD-K93779381-001-01-9,,,3.8617592,16.658731
BR00117025,M12,U2OS,24,menadione,compound,BRD-K78126613-001-27-7,,,3.7777412,16.846529
BR00117025,M13,U2OS,24,cetilistat,compound,BRD-K94863486-001-02-2,,,0.40296963,19.0052
BR00117025,M14,U2OS,24,methoxsalen,compound,BRD-K63430059-001-16-4,,['DNA synthesis inhibitor'],0.6637384,18.16246
BR00117025,M15,U2OS,24,cyclosporine,compound,BRD-K13533483-001-16-2,,,4.760046,13.277924
BR00117025,M16,U2OS,24,NSC-632839,compound,BRD-K81197548-003-01-4,poscon_cp,['ubiquitin specific protease inhibitor'],7.6867814,9.1228075
BR00117025,M17,U2OS,24,DMSO,compound,,negcon,,-0.6389777,18.107265
BR00117025,M18,U2OS,24,TG-003,compound,BRD-K97072811-001-11-4,poscon_cp,,-0.040339593,19.236513
BR00117025,M19,U2OS,24,oxibendazole,compound,BRD-K52075715-001-06-7,,['tubulin polymerization inhibitor'],9.056713,10.772198
BR00117025,M20,U2OS,24,TG-101348,compound,BRD-K12502280-001-11-4,poscon_cp,"['JAK inhibitor', 'FLT3 inhibitor']",7.988362,11.617087
BR00117025,M21,U2OS,24,miglitol,compound,BRD-A63310107-001-04-8,,['glucosidase inhibitor'],2.2141366,18.67345
BR00117025,M22,U2OS,24,DMSO,compound,,negcon,,-0.76552814,17.697237
BR00117025,M23,U2OS,24,DMSO,compound,,negcon,,-0.5363154,17.88509
BR00117025,M24,U2OS,24,tranilast,compound,BRD-K17849083-001-32-9,,,-1.1720022,18.794672
BR00117025,N01,U2OS,24,4-methylhistamine,compound,BRD-K70821460-300-02-4,,['histamine receptor agonist'],-0.89712703,17.529284
BR00117025,N02,U2OS,24,LDN-27219,compound,BRD-K51485109-001-01-4,,,-0.5614061,17.906103
BR00117025,N03,U2OS,24,anisomycin,compound,BRD-K91370081-001-25-1,,['DNA synthesis inhibitor'],7.901935,9.831275
BR00117025,N04,U2OS,24,thioguanine,compound,BRD-K49350383-001-13-7,poscon_diverse,,4.84542,12.655184
BR00117025,N05,U2OS,24,droxinostat,compound,BRD-K11558771-001-13-9,,['HDAC inhibitor'],0.42908257,17.185883
BR00117025,N06,U2OS,24,UNC2025,compound,BRD-K91283740-003-01-6,poscon_cp,['FLT3 inhibitor'],6.1929207,11.430743
BR00117025,N07,U2OS,24,DMSO,compound,,negcon,,-0.69976026,17.603724
BR00117025,N08,U2OS,24,DMSO,compound,,negcon,,-0.5779761,18.073095
BR00117025,N09,U2OS,24,AMG900,compound,BRD-K21728777-001-02-3,poscon_cp,['Aurora kinase inhibitor'],4.480388,11.137544
BR00117025,N10,U2OS,24,PF-06463922,compound,BRD-A23124853-001-01-4,,['ALK tyrosine kinase receptor inhibitor'],4.511547,17.02542
BR00117025,N11,U2OS,24,orantinib,compound,BRD-K55966568-001-09-6,poscon_cp,"['FGFR inhibitor', 'PDGFR tyrosine kinase receptor inhibitor', 'VEGFR inhibitor']",0.5175644,19.5587
BR00117025,N12,U2OS,24,fludarabine-phosphate,compound,BRD-K71106091-001-09-5,,['ribonucleotide reductase inhibitor'],3.5851219,11.767795
BR00117025,N13,U2OS,24,ceritinib,compound,BRD-K22149900-001-06-2,,['ALK tyrosine kinase receptor inhibitor'],4.071205,17.36239
BR00117025,N14,U2OS,24,NVS-PAK1-1,compound,BRD-K28132190-001-02-0,poscon_cp,['p21 activated kinase inhibitor'],5.5610204,14.393545
BR00117025,N15,U2OS,24,homoharringtonine,compound,BRD-K76674262-001-03-3,,['protein synthesis inhibitor'],7.459489,9.995563
BR00117025,N16,U2OS,24,picrotoxinin,compound,BRD-K36461289-001-05-8,,['GABA receptor antagonist'],-0.35354367,18.40167
BR00117025,N17,U2OS,24,DMSO,compound,,negcon,,-0.88549554,17.719069
BR00117025,N18,U2OS,24,danusertib,compound,BRD-K07881437-001-03-8,poscon_diverse,"['growth factor receptor inhibitor', 'Aurora kinase inhibitor']",4.4509044,11.153995
BR00117025,N19,U2OS,24,romidepsin,compound,BRD-K61397605-001-01-8,poscon_cp,['HDAC inhibitor'],7.9695134,9.948353
BR00117025,N20,U2OS,24,FERb-033,compound,BRD-K61642990-001-01-0,poscon_cp,['EGFR inhibitor'],-0.39165813,17.989178
BR00117025,N21,U2OS,24,PF-03758309,compound,BRD-K37764012-001-03-3,poscon_diverse,['p21 activated kinase inhibitor'],6.348132,10.534822
BR00117025,N22,U2OS,24,DMSO,compound,,negcon,,-0.9106029,17.525877
BR00117025,N23,U2OS,24,trometamol,compound,BRD-K47978074-001-03-2,,,0.30506182,18.933285
BR00117025,N24,U2OS,24,simvastatin,compound,BRD-K22134346-001-22-3,,['HMGCR inhibitor'],5.327677,14.5966
BR00117025,O01,U2OS,24,zaprinast,compound,BRD-K16542329-001-16-8,,['phosphodiesterase inhibitor'],1.0835314,20.245298
BR00117025,O02,U2OS,24,dexamethasone,compound,BRD-A10188456-001-04-9,,['glucocorticoid receptor agonist'],1.5571283,20.084146
BR00117025,O03,U2OS,24,salicylic-acid,compound,BRD-K93632104-001-17-2,,['cyclooxygenase inhibitor'],-0.002559485,18.71219
BR00117025,O04,U2OS,24,diltiazem,compound,BRD-A69636825-003-04-7,,['calcium channel blocker'],-0.21587853,18.041298
BR00117025,O05,U2OS,24,phenolphthalein,compound,BRD-K19227686-001-18-6,,,0.11485452,18.219358
BR00117025,O06,U2OS,24,niflumic-acid,compound,BRD-K98763141-001-30-8,,['cyclooxygenase inhibitor'],-1.1558019,18.133015
BR00117025,O07,U2OS,24,DMSO,compound,,negcon,,-1.0074344,17.860811
BR00117025,O08,U2OS,24,L-Cystine,compound,BRD-A15397381-001-02-5,,,-0.061787844,18.06686
BR00117025,O09,U2OS,24,ozanimod,compound,BRD-K46625559-001-01-8,,['sphingosine 1 phosphate receptor agonist'],0.98736197,17.696657
BR00117025,O10,U2OS,24,efaroxan,compound,BRD-A10739734-003-09-8,,['adrenergic receptor antagonist'],1.0211972,18.233644
BR00117025,O11,U2OS,24,NBQX,compound,BRD-K11796549-001-05-2,,['glutamate receptor antagonist'],0.60357434,19.228619
BR00117025,O12,U2OS,24,dinoprostone,compound,BRD-K26521938-001-07-2,,['prostanoid receptor agonist'],1.3319392,19.07085
BR00117025,O13,U2OS,24,Ro-20-1724,compound,BRD-A07207424-001-14-0,,['phosphodiesterase inhibitor'],-0.54549813,17.951565
BR00117025,O14,U2OS,24,xanomeline,compound,BRD-K72815923-034-02-0,,['acetylcholine receptor agonist'],0.46706703,18.150803
BR00117025,O15,U2OS,24,terazosin,compound,BRD-K01825589-310-02-9,,['adrenergic receptor antagonist'],-1.4242729,18.335684
BR00117025,O16,U2OS,24,BVT-948,compound,BRD-K68567222-001-01-2,,,5.7746663,9.869821
BR00117025,O17,U2OS,24,nicotine,compound,BRD-K01825660-322-01-9,,['acetylcholine receptor agonist'],0.57632,18.870861
BR00117025,O18,U2OS,24,DMSO,compound,,negcon,,-1.1544772,17.69943
BR00117025,O19,U2OS,24,U-0521,compound,BRD-K08953028-001-09-6,,,0.809805,18.232231
BR00117025,O20,U2OS,24,BMS-587101,compound,BRD-K20093108-001-02-3,,,0.5899842,18.439001
BR00117025,O21,U2OS,24,nimodipine,compound,BRD-A58048407-001-20-4,,['calcium channel blocker'],0.65699744,18.873
BR00117025,O22,U2OS,24,pyrrolidine-dithiocarbamate,compound,BRD-K80970344-201-08-6,,,8.050621,9.751925
BR00117025,O23,U2OS,24,PF-915275,compound,BRD-K18289362-001-02-2,,,0.45849237,19.952795
BR00117025,O24,U2OS,24,JTE-013,compound,BRD-K43330982-001-02-3,,,0.894368,20.264471
BR00117025,P01,U2OS,24,sodium-butyrate,compound,BRD-K05878375-236-05-7,,['HDAC inhibitor'],1.6483593,20.66321
BR00117025,P02,U2OS,24,pentostatin,compound,BRD-K91543828-001-02-0,,['ribonucleotide reductase inhibitor'],1.3697397,20.533567
BR00117025,P03,U2OS,24,OMDM-2,compound,BRD-K48830578-001-01-9,,,1.2169094,18.5444
BR00117025,P04,U2OS,24,nalmefene,compound,BRD-A72767275-003-01-6,,,-0.66275156,17.73518
BR00117025,P05,U2OS,24,DMSO,compound,,negcon,,-1.0060359,17.916626
BR00117025,P06,U2OS,24,1-EBIO,compound,BRD-K70586315-001-02-4,,,-0.88489306,17.609982
BR00117025,P07,U2OS,24,SB-505124,compound,BRD-K40109029-001-02-9,,['ALK tyrosine kinase receptor inhibitor'],3.8782904,17.032534
BR00117025,P08,U2OS,24,prasugrel,compound,BRD-A83029242-001-06-1,,['purinergic receptor antagonist'],0.84642947,19.778767
BR00117025,P09,U2OS,24,pidolic-acid,compound,BRD-K57313110-001-06-8,,,0.84265083,18.433992
BR00117025,P10,U2OS,24,DMSO,compound,,negcon,,-0.8684974,17.682505
BR00117025,P11,U2OS,24,nevirapine,compound,BRD-K15502390-001-20-9,,,-0.4779361,17.8444
BR00117025,P12,U2OS,24,triamterene,compound,BRD-K92049597-001-20-8,,['sodium channel blocker'],-0.24589291,17.974884
BR00117025,P13,U2OS,24,regorafenib,compound,BRD-K16730910-001-07-3,,"['PDGFR tyrosine kinase receptor inhibitor', 'RAF inhibitor', 'KIT inhibitor', 'RET tyrosine kinase inhibitor', 'FGFR inhibitor', 'VEGFR inhibitor']",3.8662875,17.427841
BR00117025,P14,U2OS,24,cyclophosphamide,compound,BRD-A09722536-002-18-0,,,0.48790023,18.811274
BR00117025,P15,U2OS,24,olanzapine,compound,BRD-K18895904-001-16-1,,"['dopamine receptor antagonist', 'serotonin receptor antagonist']",0.60545725,19.167767
BR00117025,P16,U2OS,24,KI-16425,compound,BRD-A25569250-001-03-3,,['lysophosphatidic acid receptor antagonist'],0.5540826,19.452753
BR00117025,P17,U2OS,24,SKLB1002,compound,BRD-K29895144-001-01-0,,['VEGFR inhibitor'],1.1937165,18.173721
BR00117025,P18,U2OS,24,cilostazol,compound,BRD-K67017579-001-28-1,,['phosphodiesterase inhibitor'],-1.0587851,18.652685
BR00117025,P19,U2OS,24,AZD1283,compound,BRD-K77060810-001-01-5,,['purinergic receptor antagonist'],1.3080707,18.066221
BR00117025,P20,U2OS,24,A-987306,compound,BRD-K68982262-001-01-4,,['histamine receptor antagonist'],7.536655,14.163764
BR00117025,P21,U2OS,24,procaine,compound,BRD-K24616672-003-20-1,,['HMGCR inhibitor'],-0.690461,18.34865
BR00117025,P22,U2OS,24,miconazole,compound,BRD-A82396632-008-30-8,,['bacterial cell wall synthesis inhibitor'],0.54283637,19.286913
BR00117025,P23,U2OS,24,loperamide,compound,BRD-K61250553-003-30-6,,,1.569633,19.26399
BR00117025,P24,U2OS,24,aripiprazole,compound,BRD-K70358946-001-17-3,,['serotonin receptor antagonist'],1.7964139,20.513548
BR00117026,A01,U2OS,24,gabapentin-enacarbil,compound,BRD-A86665761-001-01-1,,,1.5656577,20.75722
BR00117026,A02,U2OS,24,DMSO,compound,,negcon,,-1.0612335,18.704927
BR00117026,A03,U2OS,24,amlodipine,compound,BRD-A22032524-074-09-9,,['calcium channel blocker'],7.567975,13.561404
BR00117026,A04,U2OS,24,hexestrol,compound,BRD-A01078468-001-14-8,,,-0.34861565,17.741854
BR00117026,A05,U2OS,24,quinine,compound,BRD-K48278478-001-01-2,,,-0.6278112,18.248074
BR00117026,A06,U2OS,24,LOXO-101,compound,BRD-K36574127-001-01-3,,,-0.24832736,17.522299
BR00117026,A07,U2OS,24,brinzolamide,compound,BRD-K74913225-001-14-0,,['carbonic anhydrase inhibitor'],-0.77924925,18.021496
BR00117026,A08,U2OS,24,NS-11021,compound,BRD-K94342292-001-01-3,,['calcium-activated potassium channel activator'],1.3056408,16.078894
BR00117026,A09,U2OS,24,DMSO,compound,,negcon,,-1.1521814,18.918207
BR00117026,A10,U2OS,24,GNF-5837,compound,BRD-K19975102-001-01-2,,['growth factor receptor inhibitor'],1.5034748,16.722801
BR00117026,A11,U2OS,24,apatinib,compound,BRD-K25244359-066-02-6,,['RET tyrosine kinase inhibitor'],1.441014,17.961487
BR00117026,A12,U2OS,24,ethoxzolamide,compound,BRD-K18131774-001-18-4,,['carbonic anhydrase inhibitor'],-0.98884284,17.936836
BR00117026,A13,U2OS,24,ascorbic-acid,compound,BRD-A85242401-001-11-5,,,4.8994694,17.640429
BR00117026,A14,U2OS,24,ryuvidine,compound,BRD-K06426971-001-02-7,,['histone lysine methyltransferase inhibitor'],7.5437007,8.522675
BR00117026,A15,U2OS,24,BAN-ORL-24,compound,BRD-K47049295-300-03-1,,,6.7833915,12.246832
BR00117026,A16,U2OS,24,NNC-55-0396,compound,BRD-K78122587-300-04-3,,,7.47809,13.159098
BR00117026,A17,U2OS,24,DMSO,compound,,negcon,,-1.0394102,19.026505
BR00117026,A18,U2OS,24,WH-4-023,compound,BRD-K50199947-001-03-4,,['src inhibitor'],6.192497,12.673385
BR00117026,A19,U2OS,24,flupirtine,compound,BRD-K50720187-051-03-1,,['glutamate receptor antagonist'],1.1400439,18.85576
BR00117026,A20,U2OS,24,ZK811752,compound,BRD-K91825936-001-03-9,,,-1.1479293,18.488098
BR00117026,A21,U2OS,24,dexamethasone,compound,BRD-K38775274-001-22-1,,['glucocorticoid receptor agonist'],2.869271,19.654242
BR00117026,A22,U2OS,24,PP-1,compound,BRD-K47598052-001-14-1,,['src inhibitor'],5.8519983,13.305507
BR00117026,A23,U2OS,24,DDR1-IN-1,compound,BRD-K61845293-300-01-9,,,7.4201603,14.205324
BR00117026,A24,U2OS,24,AVL-292,compound,BRD-K87782578-001-01-4,,"[""Bruton's tyrosine kinase (BTK) inhibitor""]",5.930702,12.31271
BR00117026,B01,U2OS,24,H2L-5765834,compound,BRD-K26439554-001-01-3,,['lysophosphatidic acid receptor antagonist'],1.595409,18.188774
BR00117026,B02,U2OS,24,thiostrepton,compound,BRD-K58049875-001-03-9,,['protein synthesis inhibitor'],8.025786,9.397315
BR00117026,B03,U2OS,24,DMSO,compound,,negcon,,-0.9766691,18.407843
BR00117026,B04,U2OS,24,arcyriaflavin-a,compound,BRD-K72726508-001-02-1,,['CDK inhibitor'],5.4604383,12.505977
BR00117026,B05,U2OS,24,CYM-5520,compound,BRD-K29151923-001-01-5,,['sphingosine 1 phosphate receptor agonist'],-0.0020568138,17.490267
BR00117026,B06,U2OS,24,fludarabine,compound,BRD-K66788707-001-14-3,,['ribonucleotide reductase inhibitor'],3.4820864,11.922709
BR00117026,B07,U2OS,24,alda-1,compound,BRD-K06890060-001-09-1,,,0.26124135,18.582012
BR00117026,B08,U2OS,24,meclofenamic-acid,compound,BRD-K50398167-236-22-7,,"['cyclooxygenase inhibitor', 'prostanoid receptor antagonist']",-0.21377596,17.887205
BR00117026,B09,U2OS,24,GNF-5,compound,BRD-K87632963-001-03-0,,['Bcr-Abl kinase inhibitor'],1.9842209,17.48792
BR00117026,B10,U2OS,24,NS-309,compound,BRD-K37602296-001-01-6,,['calcium-activated potassium channel activator'],1.6348089,18.62541
BR00117026,B11,U2OS,24,AK-7,compound,BRD-K09143580-001-01-0,,['SIRT inhibitor'],2.205883,16.78479
BR00117026,B12,U2OS,24,BVT-948,compound,BRD-A22713669-001-04-3,,,5.8301272,9.733209
BR00117026,B13,U2OS,24,SirReal-2,compound,BRD-K16472653-001-01-6,,['SIRT inhibitor'],0.7134217,19.191362
BR00117026,B14,U2OS,24,DMSO,compound,,negcon,,-0.8855785,18.954517
BR00117026,B15,U2OS,24,BMS-536924,compound,BRD-K34581968-001-05-3,,['IGF-1 inhibitor'],5.9343467,12.54682
BR00117026,B16,U2OS,24,PP-121,compound,BRD-K81801188-001-02-8,,['protein tyrosine kinase inhibitor'],6.0514145,12.110334
BR00117026,B17,U2OS,24,MCOPPB,compound,BRD-K73276278-305-01-1,,,7.927063,12.874067
BR00117026,B18,U2OS,24,ozagrel,compound,BRD-K53061490-003-13-9,,,0.58405226,18.990843
BR00117026,B19,U2OS,24,CYM-5442,compound,BRD-A43005764-003-01-5,,['sphingosine 1 phosphate receptor agonist'],7.652546,13.327383
BR00117026,B20,U2OS,24,CVT-10216,compound,BRD-K60659193-001-01-0,,,0.57888895,18.468601
BR00117026,B21,U2OS,24,TCN201,compound,BRD-K09787262-001-02-7,,['glutamate receptor antagonist'],-0.26896182,17.772562
BR00117026,B22,U2OS,24,fomepizole,compound,BRD-K56810756-003-07-7,,['alcohol dehydrogenase inhibitor'],0.90469944,18.541323
BR00117026,B23,U2OS,24,benzamil,compound,BRD-K87158025-003-08-7,,['sodium channel blocker'],1.1213092,18.646587
BR00117026,B24,U2OS,24,lercanidipine,compound,BRD-A18992208-003-02-7,,['calcium channel blocker'],0.5190862,17.964119
BR00117026,C01,U2OS,24,4-CMTB,compound,BRD-A54139254-001-09-2,,['free fatty acid receptor agonist'],-1.3417866,17.476467
BR00117026,C02,U2OS,24,ML-228,compound,BRD-K44432556-001-05-5,,,-0.8192328,18.035225
BR00117026,C03,U2OS,24,DMSO,compound,,negcon,,-1.1665784,18.977236
BR00117026,C04,U2OS,24,GSK1070916,compound,BRD-K36740062-001-06-6,,['Aurora kinase inhibitor'],5.9126444,11.423715
BR00117026,C05,U2OS,24,ML-193,compound,BRD-K27539181-001-08-5,,,1.2787398,18.380697
BR00117026,C06,U2OS,24,DMSO,compound,,negcon,,-0.8598478,18.570312
BR00117026,C07,U2OS,24,M-25,compound,BRD-K51265828-001-01-0,,['smoothened receptor antagonist'],0.21818054,18.986692
BR00117026,C08,U2OS,24,azeliragon,compound,BRD-K51899933-001-02-6,,['RAGE receptor antagonist'],7.450712,12.665477
BR00117026,C09,U2OS,24,CYT-997,compound,BRD-K23363278-001-02-1,poscon_diverse,['tubulin polymerization inhibitor'],9.227957,10.740014
BR00117026,C10,U2OS,24,AR-12,compound,BRD-K90497590-001-05-9,,,7.805895,8.426673
BR00117026,C11,U2OS,24,CYM-50260,compound,BRD-K69877120-001-01-7,,['sphingosine 1 phosphate receptor agonist'],-1.6669953,17.621172
BR00117026,C12,U2OS,24,DMSO,compound,,negcon,,-0.80823475,18.82219
BR00117026,C13,U2OS,24,KG-5,compound,BRD-K90747162-001-01-4,poscon_cp,['RAF inhibitor'],8.873388,10.90383
BR00117026,C14,U2OS,24,JTE-607,compound,BRD-K81405859-300-01-4,,,3.6944985,11.785697
BR00117026,C15,U2OS,24,DMSO,compound,,negcon,,-0.4406987,18.500072
BR00117026,C16,U2OS,24,ilomastat,compound,BRD-K51662849-001-05-4,,['matrix metalloprotease inhibitor'],1.4733553,17.703154
BR00117026,C17,U2OS,24,RX-821002,compound,BRD-A65597028-003-08-1,,['adrenergic receptor antagonist'],3.4927347,18.28019
BR00117026,C18,U2OS,24,DMSO,compound,,negcon,,-1.0871601,18.355255
BR00117026,C19,U2OS,24,TUG-891,compound,BRD-K24282351-001-01-4,,['free fatty acid receptor agonist'],1.1080719,17.504278
BR00117026,C20,U2OS,24,ponatinib,compound,BRD-K44227013-001-08-0,,"['PDGFR tyrosine kinase receptor inhibitor', 'FLT3 inhibitor', 'Bcr-Abl kinase inhibitor']",7.807362,9.052839
BR00117026,C21,U2OS,24,DMSO,compound,,negcon,,-0.72191006,18.68411
BR00117026,C22,U2OS,24,puromycin,compound,BRD-K01824976-300-02-9,,['protein synthesis inhibitor'],7.609845,9.487971
BR00117026,C23,U2OS,24,SRC-kinase-inhibitor-I,compound,BRD-K50495309-001-02-0,,['src inhibitor'],7.9573593,13.442406
BR00117026,C24,U2OS,24,acetylcysteine,compound,BRD-K59058747-001-19-1,,,1.0080216,18.892649
BR00117026,D01,U2OS,24,NSC-625987,compound,BRD-K62949423-001-03-1,,['CDK inhibitor'],0.10694203,18.996119
BR00117026,D02,U2OS,24,dalfampridine,compound,BRD-K22482860-001-20-6,,['potassium channel blocker'],0.26569548,18.781004
BR00117026,D03,U2OS,24,NSC-95397,compound,BRD-K68143200-001-11-7,,['CDC inhibitor'],5.847592,9.799471
BR00117026,D04,U2OS,24,alrestatin,compound,BRD-K35498378-001-06-1,,['aldose reductase inhibitor'],-1.3190746,17.482603
BR00117026,D05,U2OS,24,PF-03758309,compound,BRD-K37764012-001-03-3,poscon_diverse,['p21 activated kinase inhibitor'],0.42058456,18.806004
BR00117026,D06,U2OS,24,IRL-2500,compound,BRD-K98357249-001-02-9,,['endothelin receptor antagonist'],-0.65302044,18.545446
BR00117026,D07,U2OS,24,PF-04217903,compound,BRD-K73319509-001-08-0,poscon_cp,,-0.8861628,19.091932
BR00117026,D08,U2OS,24,FK-866,compound,BRD-K58550667-001-08-7,poscon_diverse,,0.67576045,18.439445
BR00117026,D09,U2OS,24,amlexanox,compound,BRD-K29530284-001-06-2,,,1.3899417,17.76516
BR00117026,D10,U2OS,24,GW-311616,compound,BRD-K37864785-001-01-0,,['elastase inhibitor'],0.7528191,19.300596
BR00117026,D11,U2OS,24,buparlisib,compound,BRD-K42191735-001-08-7,poscon_diverse,,9.149232,10.574298
BR00117026,D12,U2OS,24,amiloride,compound,BRD-K97181089-003-24-7,,['sodium channel blocker'],-0.35605547,17.514963
BR00117026,D13,U2OS,24,DG-172,compound,BRD-K75748943-300-01-3,,,7.753843,13.80385
BR00117026,D14,U2OS,24,DMSO,compound,,negcon,,-0.73914164,19.218237
BR00117026,D15,U2OS,24,DMSO,compound,,negcon,,-1.3173987,18.776194
BR00117026,D16,U2OS,24,NVP-ADW742,compound,BRD-K15179513-001-04-2,poscon_cp,,7.7375193,12.844738
BR00117026,D17,U2OS,24,misoprostol,compound,BRD-A72351335-001-04-5,,['prostanoid receptor agonist'],0.8535156,18.884823
BR00117026,D18,U2OS,24,conivaptan,compound,BRD-K37385792-003-02-1,,,1.2124271,17.18401
BR00117026,D19,U2OS,24,spiroxatrine,compound,BRD-A72483914-001-03-7,,['serotonin receptor antagonist'],0.29745114,19.525537
BR00117026,D20,U2OS,24,diacerein,compound,BRD-K69122748-001-10-1,,,0.73382235,19.217506
BR00117026,D21,U2OS,24,DMSO,compound,,negcon,,-0.74090993,19.11295
BR00117026,D22,U2OS,24,DMSO,compound,,negcon,,-1.1608127,18.707413
BR00117026,D23,U2OS,24,glyburide,compound,BRD-K36927236-001-36-7,,['ATP channel blocker'],-1.1873021,17.403584
BR00117026,D24,U2OS,24,ANR-94,compound,BRD-K31170746-001-01-6,,,1.1226631,19.04271
BR00117026,E01,U2OS,24,TFC-007,compound,BRD-K57708067-001-01-3,,,-0.3159026,17.941072
BR00117026,E02,U2OS,24,trihexyphenidyl,compound,BRD-A48180038-003-24-3,,['acetylcholine receptor antagonist'],-1.6091849,18.481981
BR00117026,E03,U2OS,24,epoprostenol,compound,BRD-K64054020-001-02-7,,,0.8253134,18.555529
BR00117026,E04,U2OS,24,sacubitril,compound,BRD-K91456750-001-01-9,,,0.6983041,18.180502
BR00117026,E05,U2OS,24,danusertib,compound,BRD-K07881437-001-03-8,poscon_diverse,"['growth factor receptor inhibitor', 'Aurora kinase inhibitor']",4.334832,11.257039
BR00117026,E06,U2OS,24,CYT-997,compound,BRD-K23363278-001-02-1,poscon_diverse,['tubulin polymerization inhibitor'],9.265009,10.754356
BR00117026,E07,U2OS,24,DMSO,compound,,negcon,,-0.832377,18.81081
BR00117026,E08,U2OS,24,BQ-788,compound,BRD-K02490038-236-03-8,,['endothelin receptor antagonist'],-0.07893048,18.165436
BR00117026,E09,U2OS,24,SB-202190,compound,BRD-K54330070-001-19-6,poscon_orf,['p38 MAPK inhibitor'],2.8070273,15.834868
BR00117026,E10,U2OS,24,GSK2110183,compound,BRD-K25412176-001-01-9,poscon_diverse,,4.984175,16.367958
BR00117026,E11,U2OS,24,GSK3787,compound,BRD-K03155172-001-03-0,,['PPAR receptor antagonist'],0.22986126,17.60839
BR00117026,E12,U2OS,24,BAM7,compound,BRD-K07442505-001-03-6,,,-1.336731,17.88256
BR00117026,E13,U2OS,24,PHA-793887,compound,BRD-K64800655-001-09-0,poscon_diverse,['CDK inhibitor'],6.329671,10.474479
BR00117026,E14,U2OS,24,DMSO,compound,,negcon,,-1.0586278,18.873253
BR00117026,E15,U2OS,24,GSK-37647,compound,BRD-K26514105-001-01-7,,['free fatty acid receptor agonist'],-1.0913606,17.607292
BR00117026,E16,U2OS,24,desonide,compound,BRD-K21528677-001-04-4,,['glucocorticoid receptor agonist'],0.9517361,19.898582
BR00117026,E17,U2OS,24,DMSO,compound,,negcon,,-0.5147505,18.740917
BR00117026,E18,U2OS,24,aloxistatin,compound,BRD-K91188791-001-17-5,,,8.0093355,13.243999
BR00117026,E19,U2OS,24,azathioprine,compound,BRD-K32821942-001-22-1,,,1.4454536,18.719841
BR00117026,E20,U2OS,24,ZK-93423,compound,BRD-K33882852-003-02-8,poscon_diverse,['benzodiazepine receptor agonist'],-1.6718724,17.457623
BR00117026,E21,U2OS,24,BI-2536,compound,BRD-K64890080-001-02-1,poscon_diverse,,8.619839,10.988465
BR00117026,E22,U2OS,24,EI1,compound,BRD-K91535048-001-01-2,poscon_cp,['histone lysine methyltransferase inhibitor'],0.47670904,19.380018
BR00117026,E23,U2OS,24,NVP-HSP990,compound,BRD-K67915505-001-01-2,,['HSP inhibitor'],5.7222295,12.101004
BR00117026,E24,U2OS,24,DMSO,compound,,negcon,,-1.1272017,18.962334
BR00117026,F01,U2OS,24,DMSO,compound,,negcon,,-1.1815248,18.906631
BR00117026,F02,U2OS,24,nialamide,compound,BRD-K12102668-001-25-5,,,-1.3832297,17.514452
BR00117026,F03,U2OS,24,DMSO,compound,,negcon,,-1.231751,19.119953
BR00117026,F04,U2OS,24,arundic-acid,compound,BRD-K49223707-001-01-0,,,-0.11182088,19.894934
BR00117026,F05,U2OS,24,torcitabine,compound,BRD-K91822704-003-07-2,,,0.43010676,19.126709
BR00117026,F06,U2OS,24,DMSO,compound,,negcon,,-1.0409511,18.587315
BR00117026,F07,U2OS,24,epothilone-b,compound,BRD-K68164687-001-01-6,,"['microtubule stabilizing agent', 'tubulin polymerization inhibitor']",7.3428354,11.236896
BR00117026,F08,U2OS,24,dyphylline,compound,BRD-A00827783-001-24-6,,['phosphodiesterase inhibitor'],0.3147789,18.129969
BR00117026,F09,U2OS,24,DMSO,compound,,negcon,,-0.70018965,19.193768
BR00117026,F10,U2OS,24,quinidine,compound,BRD-K59632282-052-03-1,,['sodium channel blocker'],1.091951,19.336998
BR00117026,F11,U2OS,24,halopemide,compound,BRD-K50055394-001-03-6,,,0.87234104,16.610558
BR00117026,F12,U2OS,24,sulfinpyrazone,compound,BRD-A36217750-001-16-3,,,0.32450554,18.45635
BR00117026,F13,U2OS,24,ML-323,compound,BRD-K93942811-001-01-3,poscon_cp,['ubiquitin specific protease inhibitor'],-0.7818992,18.302753
BR00117026,F14,U2OS,24,racecadotril,compound,BRD-A08187463-001-12-9,,,0.5425944,19.324831
BR00117026,F15,U2OS,24,BRL-50481,compound,BRD-K84266862-001-03-2,,['phosphodiesterase inhibitor'],1.191524,18.86807
BR00117026,F16,U2OS,24,GSK2110183,compound,BRD-K25412176-001-01-9,poscon_diverse,,5.078401,16.270617
BR00117026,F17,U2OS,24,bufexamac,compound,BRD-K36660044-001-24-2,,['cyclooxygenase inhibitor'],-1.2357043,17.433527
BR00117026,F18,U2OS,24,anandamide,compound,BRD-K42352790-001-05-3,,,0.27041346,19.727211
BR00117026,F19,U2OS,24,thioguanine,compound,BRD-K49350383-001-13-7,poscon_diverse,,4.9648423,12.556574
BR00117026,F20,U2OS,24,IWP-L6,compound,BRD-K53234107-001-01-6,,['porcupine inhibitor'],-0.4142256,17.563614
BR00117026,F21,U2OS,24,edoxaban,compound,BRD-K29322660-001-01-9,,['coagulation factor inhibitor'],0.7752134,19.167192
BR00117026,F22,U2OS,24,lonafarnib,compound,BRD-K41599323-001-02-3,poscon_diverse,,4.8257,13.670552
BR00117026,F23,U2OS,24,ibutamoren,compound,BRD-K44771174-066-01-0,,,0.5596797,20.067535
BR00117026,F24,U2OS,24,somatostatin,compound,BRD-K14681867-001-01-6,,['somatostatin receptor agonist'],-1.061265,18.375341
BR00117026,G01,U2OS,24,L-proline,compound,BRD-K01666412-001-02-0,,,-1.5367151,18.825745
BR00117026,G02,U2OS,24,zamifenacin,compound,BRD-K80451230-051-02-6,,['acetylcholine receptor antagonist'],-0.446095,18.51936
BR00117026,G03,U2OS,24,YC-1,compound,BRD-K60476892-001-16-1,,,5.1460037,11.225737
BR00117026,G04,U2OS,24,DMSO,compound,,negcon,,-0.9211411,18.73899
BR00117026,G05,U2OS,24,ME-0328,compound,BRD-K24283677-001-01-9,,['PPAR receptor antagonist'],0.9206114,19.07161
BR00117026,G06,U2OS,24,NSC-663284,compound,BRD-K03109492-001-02-2,,['CDC inhibitor'],7.421696,8.634305
BR00117026,G07,U2OS,24,CYM-50358,compound,BRD-K80666802-003-01-0,,,0.41470045,19.667448
BR00117026,G08,U2OS,24,trazodone,compound,BRD-K70778732-003-27-5,,"['adrenergic receptor antagonist', 'serotonin receptor antagonist']",0.5846298,20.113186
BR00117026,G09,U2OS,24,DMSO,compound,,negcon,,-0.86705905,19.146236
BR00117026,G10,U2OS,24,DMSO,compound,,negcon,,-1.0576733,18.90801
BR00117026,G11,U2OS,24,sulfasalazine,compound,BRD-K10670311-001-17-1,,['cyclooxygenase inhibitor'],0.49269873,19.44492
BR00117026,G12,U2OS,24,"2,5-furandimethanol",compound,BRD-K29791386-001-01-8,,,-1.053326,18.48878
BR00117026,G13,U2OS,24,DMSO,compound,,negcon,,-0.71565354,18.901419
BR00117026,G14,U2OS,24,dilazep,compound,BRD-K48722258-300-11-0,,,0.8720324,19.990942
BR00117026,G15,U2OS,24,felodipine,compound,BRD-A30815329-001-12-1,,['calcium channel blocker'],-0.06061767,18.787712
BR00117026,G16,U2OS,24,paliperidone,compound,BRD-A99888680-001-05-3,,"['dopamine receptor antagonist', 'serotonin receptor antagonist']",-1.3354586,18.58666
BR00117026,G17,U2OS,24,purvalanol-a,compound,BRD-K50836978-001-03-3,poscon_orf,['CDK inhibitor'],4.093122,13.151124
BR00117026,G18,U2OS,24,DMSO,compound,,negcon,,-0.9061254,18.900732
BR00117026,G19,U2OS,24,Ro-1138452,compound,BRD-K77220725-003-01-5,,['prostanoid receptor antagonist'],-1.2933546,17.593277
BR00117026,G20,U2OS,24,sorbinil,compound,BRD-A89164055-001-03-3,,['aldose reductase inhibitor'],0.11306312,17.936388
BR00117026,G21,U2OS,24,TC-S-7004,compound,BRD-K89517477-001-01-4,poscon_cp,['DYRK inhibitor'],2.7808468,16.726273
BR00117026,G22,U2OS,24,saclofen,compound,BRD-A24122750-001-03-7,,['GABA receptor antagonist'],0.39800024,19.735956
BR00117026,G23,U2OS,24,BAY-87-2243,compound,BRD-K70463136-001-01-5,,,1.4373453,16.931255
BR00117026,G24,U2OS,24,ibudilast,compound,BRD-K16444452-001-09-1,,['phosphodiesterase inhibitor'],5.3130517,18.579382
BR00117026,H01,U2OS,24,briciclib,compound,BRD-K05531427-001-01-7,,,9.240101,10.751869
BR00117026,H02,U2OS,24,2-Oleoylglycerol,compound,BRD-K77087341-001-02-4,,,-0.2034975,19.093422
BR00117026,H03,U2OS,24,RGFP966,compound,BRD-K61688984-001-02-9,poscon_cp,['HDAC inhibitor'],3.2107477,16.555655
BR00117026,H04,U2OS,24,DMSO,compound,,negcon,,-1.0470245,18.824604
BR00117026,H05,U2OS,24,azacitidine,compound,BRD-K03406345-001-21-1,poscon_diverse,,2.5724962,16.65244
BR00117026,H06,U2OS,24,N6-cyclopentyladenosine,compound,BRD-K60150510-001-15-6,,,0.80428606,18.505793
BR00117026,H07,U2OS,24,filgotinib,compound,BRD-K16803204-001-01-6,poscon_cp,['JAK inhibitor'],1.0257362,20.23919
BR00117026,H08,U2OS,24,guanidine,compound,BRD-K76037122-001-02-5,,['HSP inhibitor'],0.03347922,19.142653
BR00117026,H09,U2OS,24,coumarin,compound,BRD-K23913458-001-20-7,,,0.8177826,19.377108
BR00117026,H10,U2OS,24,DMSO,compound,,negcon,,-0.7955916,18.953184
BR00117026,H11,U2OS,24,ZM-336372,compound,BRD-K73789395-001-09-9,poscon_orf,['RAF inhibitor'],0.12341278,19.333273
BR00117026,H12,U2OS,24,citric-acid,compound,BRD-K76792669-001-08-1,,['coagulation factor inhibitor'],-0.87024784,18.345703
BR00117026,H13,U2OS,24,DMSO,compound,,negcon,,-0.80040646,18.848751
BR00117026,H14,U2OS,24,CCG-63802,compound,BRD-K26970495-001-02-7,,['G protein signaling inhibitor'],0.42514277,18.933697
BR00117026,H15,U2OS,24,ibutilide,compound,BRD-A74391928-051-03-9,,['potassium channel blocker'],-0.883436,17.99779
BR00117026,H16,U2OS,24,batimastat,compound,BRD-K82818427-001-04-8,,['matrix metalloprotease inhibitor'],3.2341263,17.103989
BR00117026,H17,U2OS,24,DMSO,compound,,negcon,,-0.72201157,19.303505
BR00117026,H18,U2OS,24,DMSO,compound,,negcon,,-1.236475,19.152012
BR00117026,H19,U2OS,24,UNC1999,compound,BRD-K26989966-001-04-3,poscon_cp,['histone lysine methyltransferase inhibitor'],7.8538475,10.394349
BR00117026,H20,U2OS,24,glutamine-(l),compound,BRD-K83896451-001-06-7,,,-1.5021437,18.229038
BR00117026,H21,U2OS,24,PD-98059,compound,BRD-K62810658-001-11-4,poscon_orf,,-0.5099805,17.80577
BR00117026,H22,U2OS,24,enilconazole,compound,BRD-K01825690-065-01-9,,,-1.7971222,17.709671
BR00117026,H23,U2OS,24,N-alpha-Methylhistamine-dihydrochloride,compound,BRD-K75390981-300-04-9,,['histamine receptor agonist'],1.0237824,19.204027
BR00117026,H24,U2OS,24,GK921,compound,BRD-K38272302-001-02-7,,,5.92413,10.410161
BR00117026,I01,U2OS,24,nilvadipine,compound,BRD-A84687895-001-03-2,,['calcium channel blocker'],0.9302002,20.006472
BR00117026,I02,U2OS,24,DMSO,compound,,negcon,,-0.7659136,19.125221
BR00117026,I03,U2OS,24,AC-710,compound,BRD-K15819326-001-01-6,,['PDGFR tyrosine kinase receptor inhibitor'],7.359477,12.865902
BR00117026,I04,U2OS,24,PETCM,compound,BRD-A93477898-001-04-2,,,-1.0536479,18.72449
BR00117026,I05,U2OS,24,AZD7762,compound,BRD-K86525559-001-07-8,poscon_diverse,['CHK inhibitor'],7.7703857,9.066148
BR00117026,I06,U2OS,24,PHA-793887,compound,BRD-K64800655-001-09-0,poscon_diverse,['CDK inhibitor'],6.312826,10.5097885
BR00117026,I07,U2OS,24,KU-60019,compound,BRD-K36016295-001-05-2,,['ATM kinase inhibitor'],5.974139,10.239025
BR00117026,I08,U2OS,24,nafamostat,compound,BRD-K06674495-334-04-0,,,2.2909632,17.098907
BR00117026,I09,U2OS,24,DMSO,compound,,negcon,,-0.692161,18.79742
BR00117026,I10,U2OS,24,DMSO,compound,,negcon,,-1.0384955,18.814651
BR00117026,I11,U2OS,24,taladegib,compound,BRD-K50498985-001-03-3,,['smoothened receptor antagonist'],-0.6465274,19.147974
BR00117026,I12,U2OS,24,acetohexamide,compound,BRD-K52960356-001-13-0,,['ATP channel blocker'],-1.3169181,19.133043
BR00117026,I13,U2OS,24,minocycline,compound,BRD-A69651145-003-11-4,,,1.2608134,17.805038
BR00117026,I14,U2OS,24,BI-2536,compound,BRD-K64890080-001-02-1,poscon_diverse,,8.749432,10.976111
BR00117026,I15,U2OS,24,riociguat,compound,BRD-K84783599-001-01-0,,,-0.6574848,19.029943
BR00117026,I16,U2OS,24,CP-724714,compound,BRD-K76908866-001-07-6,poscon_cp,"['EGFR inhibitor', 'protein tyrosine kinase inhibitor']",0.25162414,18.16595
BR00117026,I17,U2OS,24,ganetespib,compound,BRD-K38852836-001-04-9,poscon_diverse,['HSP inhibitor'],5.8086624,12.1612835
BR00117026,I18,U2OS,24,AZ191,compound,BRD-K80935598-001-01-1,poscon_cp,['DYRK inhibitor'],8.041675,12.563352
BR00117026,I19,U2OS,24,BAX-channel-blocker,compound,BRD-A18763547-300-06-3,,,7.461036,12.629791
BR00117026,I20,U2OS,24,SU3327,compound,BRD-K32730239-001-01-0,,['JNK inhibitor'],7.9499803,8.839822
BR00117026,I21,U2OS,24,DMSO,compound,,negcon,,-0.9256442,18.953789
BR00117026,I22,U2OS,24,DMSO,compound,,negcon,,-0.9544131,18.732384
BR00117026,I23,U2OS,24,octreotide,compound,BRD-A64173453-015-03-1,,['somatostatin receptor agonist'],0.08647053,19.220192
BR00117026,I24,U2OS,24,1-octanol,compound,BRD-K09338665-001-08-9,,,0.4658412,19.15123
BR00117026,J01,U2OS,24,acalabrutinib,compound,BRD-K64034691-001-01-9,,"[""Bruton's tyrosine kinase (BTK) inhibitor""]",1.5796274,17.466024
BR00117026,J02,U2OS,24,rifamycin,compound,BRD-K38512030-001-01-7,,,-1.5896276,18.521412
BR00117026,J03,U2OS,24,pazopanib,compound,BRD-K74514084-003-09-2,,"['KIT inhibitor', 'VEGFR inhibitor', 'PDGFR tyrosine kinase receptor inhibitor']",4.489492,16.531883
BR00117026,J04,U2OS,24,RKI-1447,compound,BRD-K19333160-001-01-3,poscon_cp,,4.866962,15.3135605
BR00117026,J05,U2OS,24,vitamin-E,compound,BRD-K97091514-001-11-4,,['PKC inhibitor'],-0.8215128,18.632076
BR00117026,J06,U2OS,24,lonafarnib,compound,BRD-K41599323-001-02-3,poscon_diverse,,4.8488207,13.650556
BR00117026,J07,U2OS,24,ethyl-pyruvate,compound,BRD-K47738867-001-01-5,,,-1.3447962,17.897732
BR00117026,J08,U2OS,24,picrotin,compound,BRD-A91822151-001-05-0,,['GABA receptor antagonist'],-0.11980996,18.642765
BR00117026,J09,U2OS,24,SGX523,compound,BRD-K19477839-001-07-6,poscon_cp,,-0.61695457,18.576653
BR00117026,J10,U2OS,24,PP-2,compound,BRD-K95785537-001-22-3,,['src inhibitor'],5.8244104,13.291399
BR00117026,J11,U2OS,24,ME-0328,compound,BRD-A63444178-001-01-5,,['PPAR receptor antagonist'],-0.15822338,19.014257
BR00117026,J12,U2OS,24,AZD9668,compound,BRD-K31476763-001-01-5,,['elastase inhibitor'],-0.4788958,18.42916
BR00117026,J13,U2OS,24,NQDI-1,compound,BRD-K61918008-001-07-1,,,0.5704639,19.960592
BR00117026,J14,U2OS,24,DMSO,compound,,negcon,,-1.2221744,19.143305
BR00117026,J15,U2OS,24,carzenide,compound,BRD-K09295674-001-09-8,,,-0.45598698,18.263008
BR00117026,J16,U2OS,24,KU-55933,compound,BRD-K25311561-001-10-7,,['ATM kinase inhibitor'],2.876459,20.447329
BR00117026,J17,U2OS,24,NVP-AEW541,compound,BRD-K24696047-001-02-3,poscon_cp,['IGF-1 inhibitor'],7.630547,13.387059
BR00117026,J18,U2OS,24,leflunomide,compound,BRD-K78692225-001-24-5,,['PDGFR tyrosine kinase receptor inhibitor'],-0.09207332,19.430439
BR00117026,J19,U2OS,24,DMSO,compound,,negcon,,-1.3452148,18.67585
BR00117026,J20,U2OS,24,azacitidine,compound,BRD-K03406345-001-21-1,poscon_diverse,,2.4846132,16.601126
BR00117026,J21,U2OS,24,ixabepilone,compound,BRD-K03601870-001-01-2,,['microtubule stabilizing agent'],8.878811,10.730685
BR00117026,J22,U2OS,24,KH-CB19,compound,BRD-K66430217-001-03-8,poscon_cp,['CDC inhibitor'],-0.33622703,18.64932
BR00117026,J23,U2OS,24,DMSO,compound,,negcon,,-1.557859,18.814098
BR00117026,J24,U2OS,24,PF-05190457,compound,BRD-K02554563-001-01-6,,,0.124817096,19.021347
BR00117026,K01,U2OS,24,LDN-212854,compound,BRD-K59831625-001-03-9,,,8.268398,8.907855
BR00117026,K02,U2OS,24,formononetin,compound,BRD-K55567017-001-12-3,,['alcohol dehydrogenase inhibitor'],1.7584018,17.858925
BR00117026,K03,U2OS,24,aminopurvalanol-a,compound,BRD-K07762753-001-05-1,poscon_orf,['CDK inhibitor'],4.594021,12.728403
BR00117026,K04,U2OS,24,ruxolitinib,compound,BRD-K53972329-001-01-3,poscon_cp,['JAK inhibitor'],1.8420383,19.790928
BR00117026,K05,U2OS,24,DMSO,compound,,negcon,,-1.1563884,19.114067
BR00117026,K06,U2OS,24,DMSO,compound,,negcon,,-1.1842138,19.026339
BR00117026,K07,U2OS,24,LGK-974,compound,BRD-K16810791-001-01-0,,['porcupine inhibitor'],-0.64702994,19.036747
BR00117026,K08,U2OS,24,polydatin,compound,BRD-K43236057-001-07-1,,['ICAM1 expression inhibitor'],5.306975,13.136276
BR00117026,K09,U2OS,24,enflurane,compound,BRD-A51831848-001-01-7,,,-1.4935461,18.71101
BR00117026,K10,U2OS,24,PFI-1,compound,BRD-K13094524-001-04-2,poscon_cp,,-1.4088459,18.80817
BR00117026,K11,U2OS,24,AZD7762,compound,BRD-K86525559-001-07-8,poscon_diverse,['CHK inhibitor'],7.662257,8.938085
BR00117026,K12,U2OS,24,sotrastaurin,compound,BRD-K16761703-001-03-8,,['PKC inhibitor'],3.099917,15.569671
BR00117026,K13,U2OS,24,DMSO,compound,,negcon,,-1.097036,18.85784
BR00117026,K14,U2OS,24,cycloheximide,compound,BRD-K36055864-001-20-0,,['protein synthesis inhibitor'],5.675579,11.357731
BR00117026,K15,U2OS,24,oxytocin,compound,BRD-K25243230-001-01-2,,,-0.6586673,18.151245
BR00117026,K16,U2OS,24,DMSO,compound,,negcon,,-1.3309,18.931335
BR00117026,K17,U2OS,24,colchicine,compound,BRD-K00259736-001-16-4,,,9.196274,10.731469
BR00117026,K18,U2OS,24,afimoxifene,compound,BRD-K04210847-001-21-9,,,-0.9858497,18.168877
BR00117026,K19,U2OS,24,DMSO,compound,,negcon,,-1.1960146,18.898373
BR00117026,K20,U2OS,24,ZK-93423,compound,BRD-K33882852-003-02-8,poscon_diverse,['benzodiazepine receptor agonist'],-1.7602065,17.614792
BR00117026,K21,U2OS,24,RGB-286638,compound,BRD-K20986415-001-02-6,,['CDK inhibitor'],6.0783224,10.107521
BR00117026,K22,U2OS,24,FPS-ZM1,compound,BRD-K87691185-001-01-2,,['RAGE receptor antagonist'],0.007065861,18.132624
BR00117026,K23,U2OS,24,flindokalner,compound,BRD-K56740996-001-02-1,,,-0.85239017,17.39526
BR00117026,K24,U2OS,24,motesanib,compound,BRD-K99616396-316-05-3,,"['KIT inhibitor', 'VEGFR inhibitor', 'PDGFR tyrosine kinase receptor inhibitor']",0.96112025,18.672863
BR00117026,L01,U2OS,24,geldanamycin,compound,BRD-K43570081-001-02-4,,['HSP inhibitor'],5.657874,12.101811
BR00117026,L02,U2OS,24,DMSO,compound,,negcon,,-0.81316406,19.257332
BR00117026,L03,U2OS,24,CGP-53353,compound,BRD-K32292990-001-03-6,,"['PKC inhibitor', 'EGFR inhibitor']",-1.1253699,18.57268
BR00117026,L04,U2OS,24,7-hydroxystaurosporine,compound,BRD-K45293975-001-02-0,,"['CDK inhibitor', 'PKC inhibitor', 'CHK inhibitor']",7.7203856,9.3366995
BR00117026,L05,U2OS,24,DMSO,compound,,negcon,,-0.92759037,18.832916
BR00117026,L06,U2OS,24,DMSO,compound,,negcon,,-1.3518692,18.915752
BR00117026,L07,U2OS,24,efaproxiral,compound,BRD-K37355418-236-01-6,,,-1.3384595,19.158209
BR00117026,L08,U2OS,24,SB-203580,compound,BRD-A37704979-001-12-3,poscon_orf,['p38 MAPK inhibitor'],3.474426,15.031592
BR00117026,L09,U2OS,24,FK-866,compound,BRD-K58550667-001-08-7,poscon_diverse,,0.46500555,18.533997
BR00117026,L10,U2OS,24,bepridil,compound,BRD-A91008255-003-24-8,,['calcium channel blocker'],0.37511262,19.537836
BR00117026,L11,U2OS,24,delanzomib,compound,BRD-K59325863-001-04-4,,,7.6706514,9.132092
BR00117026,L12,U2OS,24,buparlisib,compound,BRD-K42191735-001-08-7,poscon_diverse,,9.187163,10.459803
BR00117026,L13,U2OS,24,phenylbutazone,compound,BRD-K10843433-001-23-5,,"['cyclooxygenase inhibitor', 'prostanoid receptor antagonist']",0.5319628,19.683126
BR00117026,L14,U2OS,24,deferasirox,compound,BRD-K97010173-001-04-1,,,-1.6862247,17.23339
BR00117026,L15,U2OS,24,DMSO,compound,,negcon,,-1.6033752,19.003834
BR00117026,L16,U2OS,24,cediranib,compound,BRD-K86930074-001-05-0,,"['KIT inhibitor', 'VEGFR inhibitor']",8.047839,12.891808
BR00117026,L17,U2OS,24,isoflurane,compound,BRD-A31564021-001-02-6,,,-1.1582563,18.48004
BR00117026,L18,U2OS,24,DMSO,compound,,negcon,,-0.89934534,18.665556
BR00117026,L19,U2OS,24,CCG-50014,compound,BRD-K08893438-001-06-4,,['G protein signaling inhibitor'],-1.4512119,18.114532
BR00117026,L20,U2OS,24,PF-431396,compound,BRD-K93788137-001-04-1,,,4.4678693,11.215462
BR00117026,L21,U2OS,24,TG-02,compound,BRD-K14560436-001-01-4,,"['CDK inhibitor', 'FLT3 inhibitor', 'JAK inhibitor']",6.385307,10.456213
BR00117026,L22,U2OS,24,baclofen,compound,BRD-K01826724-003-07-9,,['benzodiazepine receptor agonist'],0.09477274,18.719067
BR00117026,L23,U2OS,24,thiostrepton,compound,BRD-A20697603-001-07-2,,['protein synthesis inhibitor'],4.982628,13.007611
BR00117026,L24,U2OS,24,flufenamic-acid,compound,BRD-K44067360-001-29-5,,,0.48713106,19.775532
BR00117026,M01,U2OS,24,DMSO,compound,,negcon,,-1.2301749,18.95829
BR00117026,M02,U2OS,24,LY2109761,compound,BRD-K47557313-001-02-7,,,3.607349,14.881309
BR00117026,M03,U2OS,24,olopatadine,compound,BRD-K67637637-003-11-8,,['histamine receptor antagonist'],0.2706606,18.500984
BR00117026,M04,U2OS,24,DMSO,compound,,negcon,,-1.2407447,18.904005
BR00117026,M05,U2OS,24,castanospermine,compound,BRD-K20897876-001-11-8,,['glucosidase inhibitor'],0.51284385,19.404348
BR00117026,M06,U2OS,24,A205804,compound,BRD-K77627880-001-04-0,,['ICAM1 expression inhibitor'],0.075254366,17.02402
BR00117026,M07,U2OS,24,VU591,compound,BRD-K72063794-003-01-0,,['potassium channel blocker'],0.3627869,19.54193
BR00117026,M08,U2OS,24,dalbavancin,compound,BRD-K30177383-001-01-0,,['bacterial cell wall synthesis inhibitor'],-1.1685374,19.29502
BR00117026,M09,U2OS,24,CC-401,compound,BRD-K45746021-003-01-9,,['JNK inhibitor'],0.7176211,19.419924
BR00117026,M10,U2OS,24,ganetespib,compound,BRD-K38852836-001-04-9,poscon_diverse,['HSP inhibitor'],5.735547,12.159392
BR00117026,M11,U2OS,24,ingenol-mebutate,compound,BRD-K93779381-001-01-9,,,3.8569899,16.782207
BR00117026,M12,U2OS,24,menadione,compound,BRD-K78126613-001-27-7,,,3.7372587,16.875679
BR00117026,M13,U2OS,24,cetilistat,compound,BRD-K94863486-001-02-2,,,-0.2877361,18.081358
BR00117026,M14,U2OS,24,methoxsalen,compound,BRD-K63430059-001-16-4,,['DNA synthesis inhibitor'],0.024016446,18.854626
BR00117026,M15,U2OS,24,cyclosporine,compound,BRD-K13533483-001-16-2,,,4.7415733,13.180373
BR00117026,M16,U2OS,24,NSC-632839,compound,BRD-K81197548-003-01-4,poscon_cp,['ubiquitin specific protease inhibitor'],7.6696825,9.103885
BR00117026,M17,U2OS,24,DMSO,compound,,negcon,,-1.012766,18.82455
BR00117026,M18,U2OS,24,TG-003,compound,BRD-K97072811-001-11-4,poscon_cp,,-0.0003729444,18.827759
BR00117026,M19,U2OS,24,oxibendazole,compound,BRD-K52075715-001-06-7,,['tubulin polymerization inhibitor'],9.134926,10.738673
BR00117026,M20,U2OS,24,TG-101348,compound,BRD-K12502280-001-11-4,poscon_cp,"['JAK inhibitor', 'FLT3 inhibitor']",7.95815,11.858923
BR00117026,M21,U2OS,24,miglitol,compound,BRD-A63310107-001-04-8,,['glucosidase inhibitor'],-0.42448953,19.324684
BR00117026,M22,U2OS,24,DMSO,compound,,negcon,,-1.294018,18.898539
BR00117026,M23,U2OS,24,DMSO,compound,,negcon,,-1.3382237,18.915972
BR00117026,M24,U2OS,24,tranilast,compound,BRD-K17849083-001-32-9,,,-1.1955053,19.021713
BR00117026,N01,U2OS,24,4-methylhistamine,compound,BRD-K70821460-300-02-4,,['histamine receptor agonist'],0.41858715,19.575298
BR00117026,N02,U2OS,24,LDN-27219,compound,BRD-K51485109-001-01-4,,,-1.1017334,17.581724
BR00117026,N03,U2OS,24,anisomycin,compound,BRD-K91370081-001-25-1,,['DNA synthesis inhibitor'],7.5872507,9.92224
BR00117026,N04,U2OS,24,thioguanine,compound,BRD-K49350383-001-13-7,poscon_diverse,,4.9050603,12.589577
BR00117026,N05,U2OS,24,droxinostat,compound,BRD-K11558771-001-13-9,,['HDAC inhibitor'],0.16398855,17.229996
BR00117026,N06,U2OS,24,UNC2025,compound,BRD-K91283740-003-01-6,poscon_cp,['FLT3 inhibitor'],6.0921726,11.709828
BR00117026,N07,U2OS,24,DMSO,compound,,negcon,,-0.78303254,18.906345
BR00117026,N08,U2OS,24,DMSO,compound,,negcon,,-1.1363559,19.056433
BR00117026,N09,U2OS,24,AMG900,compound,BRD-K21728777-001-02-3,poscon_cp,['Aurora kinase inhibitor'],4.485381,11.222749
BR00117026,N10,U2OS,24,PF-06463922,compound,BRD-A23124853-001-01-4,,['ALK tyrosine kinase receptor inhibitor'],4.493291,17.155218
BR00117026,N11,U2OS,24,orantinib,compound,BRD-K55966568-001-09-6,poscon_cp,"['FGFR inhibitor', 'PDGFR tyrosine kinase receptor inhibitor', 'VEGFR inhibitor']",-0.5704526,17.834955
BR00117026,N12,U2OS,24,fludarabine-phosphate,compound,BRD-K71106091-001-09-5,,['ribonucleotide reductase inhibitor'],3.6412446,11.661584
BR00117026,N13,U2OS,24,ceritinib,compound,BRD-K22149900-001-06-2,,['ALK tyrosine kinase receptor inhibitor'],4.1399693,17.30536
BR00117026,N14,U2OS,24,NVS-PAK1-1,compound,BRD-K28132190-001-02-0,poscon_cp,['p21 activated kinase inhibitor'],5.560252,14.310576
BR00117026,N15,U2OS,24,homoharringtonine,compound,BRD-K76674262-001-03-3,,['protein synthesis inhibitor'],7.4639287,10.068809
BR00117026,N16,U2OS,24,picrotoxinin,compound,BRD-K36461289-001-05-8,,['GABA receptor antagonist'],-0.077221,19.019442
BR00117026,N17,U2OS,24,DMSO,compound,,negcon,,-0.8938969,18.988176
BR00117026,N18,U2OS,24,danusertib,compound,BRD-K07881437-001-03-8,poscon_diverse,"['growth factor receptor inhibitor', 'Aurora kinase inhibitor']",4.4444685,11.153962
BR00117026,N19,U2OS,24,romidepsin,compound,BRD-K61397605-001-01-8,poscon_cp,['HDAC inhibitor'],7.936383,9.847745
BR00117026,N20,U2OS,24,FERb-033,compound,BRD-K61642990-001-01-0,poscon_cp,['EGFR inhibitor'],0.49130723,19.33715
BR00117026,N21,U2OS,24,PF-03758309,compound,BRD-K37764012-001-03-3,poscon_diverse,['p21 activated kinase inhibitor'],6.2260656,10.650409
BR00117026,N22,U2OS,24,DMSO,compound,,negcon,,-1.1353834,19.03253
BR00117026,N23,U2OS,24,trometamol,compound,BRD-K47978074-001-03-2,,,-0.7253136,18.41945
BR00117026,N24,U2OS,24,simvastatin,compound,BRD-K22134346-001-22-3,,['HMGCR inhibitor'],5.415828,14.502776
BR00117026,O01,U2OS,24,zaprinast,compound,BRD-K16542329-001-16-8,,['phosphodiesterase inhibitor'],1.2087717,20.363525
BR00117026,O02,U2OS,24,dexamethasone,compound,BRD-A10188456-001-04-9,,['glucocorticoid receptor agonist'],0.42455012,18.253988
BR00117026,O03,U2OS,24,salicylic-acid,compound,BRD-K93632104-001-17-2,,['cyclooxygenase inhibitor'],-0.25133216,19.257545
BR00117026,O04,U2OS,24,diltiazem,compound,BRD-A69636825-003-04-7,,['calcium channel blocker'],0.16619319,19.045118
BR00117026,O05,U2OS,24,phenolphthalein,compound,BRD-K19227686-001-18-6,,,0.21585867,19.164528
BR00117026,O06,U2OS,24,niflumic-acid,compound,BRD-K98763141-001-30-8,,['cyclooxygenase inhibitor'],0.32429484,18.78336
BR00117026,O07,U2OS,24,DMSO,compound,,negcon,,-0.70064795,18.915083
BR00117026,O08,U2OS,24,L-Cystine,compound,BRD-A15397381-001-02-5,,,0.6953856,19.308558
BR00117026,O09,U2OS,24,ozanimod,compound,BRD-K46625559-001-01-8,,['sphingosine 1 phosphate receptor agonist'],0.97329324,17.837004
BR00117026,O10,U2OS,24,efaroxan,compound,BRD-A10739734-003-09-8,,['adrenergic receptor antagonist'],-0.101672955,19.505932
BR00117026,O11,U2OS,24,NBQX,compound,BRD-K11796549-001-05-2,,['glutamate receptor antagonist'],-1.4780667,18.626654
BR00117026,O12,U2OS,24,dinoprostone,compound,BRD-K26521938-001-07-2,,['prostanoid receptor agonist'],0.423592,19.052452
BR00117026,O13,U2OS,24,Ro-20-1724,compound,BRD-A07207424-001-14-0,,['phosphodiesterase inhibitor'],0.14756355,19.562689
BR00117026,O14,U2OS,24,xanomeline,compound,BRD-K72815923-034-02-0,,['acetylcholine receptor agonist'],0.34467337,19.224258
BR00117026,O15,U2OS,24,terazosin,compound,BRD-K01825589-310-02-9,,['adrenergic receptor antagonist'],1.7247779,18.71686
BR00117026,O16,U2OS,24,BVT-948,compound,BRD-K68567222-001-01-2,,,5.768694,9.879306
BR00117026,O17,U2OS,24,nicotine,compound,BRD-K01825660-322-01-9,,['acetylcholine receptor agonist'],0.87812567,18.690878
BR00117026,O18,U2OS,24,DMSO,compound,,negcon,,-0.82307357,19.00799
BR00117026,O19,U2OS,24,U-0521,compound,BRD-K08953028-001-09-6,,,-0.64650244,18.334538
BR00117026,O20,U2OS,24,BMS-587101,compound,BRD-K20093108-001-02-3,,,0.7159515,19.908442
BR00117026,O21,U2OS,24,nimodipine,compound,BRD-A58048407-001-20-4,,['calcium channel blocker'],-0.64552677,17.8595
BR00117026,O22,U2OS,24,pyrrolidine-dithiocarbamate,compound,BRD-K80970344-201-08-6,,,6.573412,9.929167
BR00117026,O23,U2OS,24,PF-915275,compound,BRD-K18289362-001-02-2,,,0.25810057,19.304455
BR00117026,O24,U2OS,24,JTE-013,compound,BRD-K43330982-001-02-3,,,1.3242412,20.305387
BR00117026,P01,U2OS,24,sodium-butyrate,compound,BRD-K05878375-236-05-7,,['HDAC inhibitor'],1.6978052,20.683067
BR00117026,P02,U2OS,24,pentostatin,compound,BRD-K91543828-001-02-0,,['ribonucleotide reductase inhibitor'],1.286084,20.518494
BR00117026,P03,U2OS,24,OMDM-2,compound,BRD-K48830578-001-01-9,,,1.7824457,17.768904
BR00117026,P04,U2OS,24,nalmefene,compound,BRD-A72767275-003-01-6,,,0.5856215,18.903015
BR00117026,P05,U2OS,24,DMSO,compound,,negcon,,-1.0686455,18.855953
BR00117026,P06,U2OS,24,1-EBIO,compound,BRD-K70586315-001-02-4,,,-0.68984675,19.152086
BR00117026,P07,U2OS,24,SB-505124,compound,BRD-K40109029-001-02-9,,['ALK tyrosine kinase receptor inhibitor'],4.0467706,17.40358
BR00117026,P08,U2OS,24,prasugrel,compound,BRD-A83029242-001-06-1,,['purinergic receptor antagonist'],0.3438132,19.595947
BR00117026,P09,U2OS,24,pidolic-acid,compound,BRD-K57313110-001-06-8,,,0.5857249,20.215944
BR00117026,P10,U2OS,24,DMSO,compound,,negcon,,-1.137617,18.804173
BR00117026,P11,U2OS,24,nevirapine,compound,BRD-K15502390-001-20-9,,,-0.36348042,18.836676
BR00117026,P12,U2OS,24,triamterene,compound,BRD-K92049597-001-20-8,,['sodium channel blocker'],0.17398572,19.389492
BR00117026,P13,U2OS,24,regorafenib,compound,BRD-K16730910-001-07-3,,"['PDGFR tyrosine kinase receptor inhibitor', 'RAF inhibitor', 'KIT inhibitor', 'RET tyrosine kinase inhibitor', 'FGFR inhibitor', 'VEGFR inhibitor']",3.9122617,17.173153
BR00117026,P14,U2OS,24,cyclophosphamide,compound,BRD-A09722536-002-18-0,,,-0.6202229,17.489206
BR00117026,P15,U2OS,24,olanzapine,compound,BRD-K18895904-001-16-1,,"['dopamine receptor antagonist', 'serotonin receptor antagonist']",-0.046437755,19.440683
BR00117026,P16,U2OS,24,KI-16425,compound,BRD-A25569250-001-03-3,,['lysophosphatidic acid receptor antagonist'],-1.2057856,17.846468
BR00117026,P17,U2OS,24,SKLB1002,compound,BRD-K29895144-001-01-0,,['VEGFR inhibitor'],1.4470541,18.01495
BR00117026,P18,U2OS,24,cilostazol,compound,BRD-K67017579-001-28-1,,['phosphodiesterase inhibitor'],1.6928667,17.694845
BR00117026,P19,U2OS,24,AZD1283,compound,BRD-K77060810-001-01-5,,['purinergic receptor antagonist'],-0.3254128,19.053152
BR00117026,P20,U2OS,24,A-987306,compound,BRD-K68982262-001-01-4,,['histamine receptor antagonist'],7.525741,14.162953
BR00117026,P21,U2OS,24,procaine,compound,BRD-K24616672-003-20-1,,['HMGCR inhibitor'],0.07080991,18.750397
BR00117026,P22,U2OS,24,miconazole,compound,BRD-A82396632-008-30-8,,['bacterial cell wall synthesis inhibitor'],-0.28368223,19.41285
BR00117026,P23,U2OS,24,loperamide,compound,BRD-K61250553-003-30-6,,,2.0901735,18.906187
BR00117026,P24,U2OS,24,aripiprazole,compound,BRD-K70358946-001-17-3,,['serotonin receptor antagonist'],1.5156455,20.533527
