plate,well,cell_type,timepoint,compound,perturbation,broad_sample,control_type,moas,umap_1,umap_2
BR00117010,A01,U2OS,48,gabapentin-enacarbil,compound,BRD-A86665761-001-01-1,,,10.509154,1.1876464
BR00117010,A02,U2OS,48,DMSO,compound,,negcon,,8.630493,0.24118665
BR00117010,A03,U2OS,48,amlodipine,compound,BRD-A22032524-074-09-9,,['calcium channel blocker'],11.649468,1.3484911
BR00117010,A04,U2OS,48,hexestrol,compound,BRD-A01078468-001-14-8,,,7.983277,0.31564313
BR00117010,A05,U2OS,48,quinine,compound,BRD-K48278478-001-01-2,,,8.734664,0.9465596
BR00117010,A06,U2OS,48,LOXO-101,compound,BRD-K36574127-001-01-3,,,9.158269,0.5885825
BR00117010,A07,U2OS,48,brinzolamide,compound,BRD-K74913225-001-14-0,,['carbonic anhydrase inhibitor'],9.435479,1.1265149
BR00117010,A08,U2OS,48,NS-11021,compound,BRD-K94342292-001-01-3,,['calcium-activated potassium channel activator'],11.056454,0.85279006
BR00117010,A09,U2OS,48,DMSO,compound,,negcon,,8.61597,0.1221864
BR00117010,A10,U2OS,48,GNF-5837,compound,BRD-K19975102-001-01-2,,['growth factor receptor inhibitor'],10.460349,1.9715824
BR00117010,A11,U2OS,48,apatinib,compound,BRD-K25244359-066-02-6,,['RET tyrosine kinase inhibitor'],10.664928,1.8282188
BR00117010,A12,U2OS,48,ethoxzolamide,compound,BRD-K18131774-001-18-4,,['carbonic anhydrase inhibitor'],8.722822,-0.034098785
BR00117010,A13,U2OS,48,ascorbic-acid,compound,BRD-A85242401-001-11-5,,,10.342915,2.7361546
BR00117010,A14,U2OS,48,ryuvidine,compound,BRD-K06426971-001-02-7,,['histone lysine methyltransferase inhibitor'],16.266142,-0.11880694
BR00117010,A15,U2OS,48,BAN-ORL-24,compound,BRD-K47049295-300-03-1,,,13.012169,2.0928605
BR00117010,A16,U2OS,48,NNC-55-0396,compound,BRD-K78122587-300-04-3,,,12.543971,2.483493
BR00117010,A17,U2OS,48,DMSO,compound,,negcon,,8.820344,-0.040058367
BR00117010,A18,U2OS,48,WH-4-023,compound,BRD-K50199947-001-03-4,,['src inhibitor'],12.967331,2.1445801
BR00117010,A19,U2OS,48,flupirtine,compound,BRD-K50720187-051-03-1,,['glutamate receptor antagonist'],10.6208105,2.5916378
BR00117010,A20,U2OS,48,ZK811752,compound,BRD-K91825936-001-03-9,,,10.340234,2.5000625
BR00117010,A21,U2OS,48,dexamethasone,compound,BRD-K38775274-001-22-1,,['glucocorticoid receptor agonist'],10.984835,1.0490147
BR00117010,A22,U2OS,48,PP-1,compound,BRD-K47598052-001-14-1,,['src inhibitor'],12.188709,0.7659547
BR00117010,A23,U2OS,48,DDR1-IN-1,compound,BRD-K61845293-300-01-9,,,12.023891,2.6858113
BR00117010,A24,U2OS,48,AVL-292,compound,BRD-K87782578-001-01-4,,"[""Bruton's tyrosine kinase (BTK) inhibitor""]",13.468397,0.42116863
BR00117010,B01,U2OS,48,H2L-5765834,compound,BRD-K26439554-001-01-3,,['lysophosphatidic acid receptor antagonist'],8.255155,1.7849313
BR00117010,B02,U2OS,48,thiostrepton,compound,BRD-K58049875-001-03-9,,['protein synthesis inhibitor'],15.977811,-0.27281713
BR00117010,B03,U2OS,48,DMSO,compound,,negcon,,9.073666,0.51000667
BR00117010,B04,U2OS,48,arcyriaflavin-a,compound,BRD-K72726508-001-02-1,,['CDK inhibitor'],12.521617,0.85384846
BR00117010,B05,U2OS,48,CYM-5520,compound,BRD-K29151923-001-01-5,,['sphingosine 1 phosphate receptor agonist'],10.027121,1.2006696
BR00117010,B06,U2OS,48,fludarabine,compound,BRD-K66788707-001-14-3,,['ribonucleotide reductase inhibitor'],11.67822,-1.1501127
BR00117010,B07,U2OS,48,alda-1,compound,BRD-K06890060-001-09-1,,,8.552009,1.3608723
BR00117010,B08,U2OS,48,meclofenamic-acid,compound,BRD-K50398167-236-22-7,,"['cyclooxygenase inhibitor', 'prostanoid receptor antagonist']",9.475587,1.2694407
BR00117010,B09,U2OS,48,GNF-5,compound,BRD-K87632963-001-03-0,,['Bcr-Abl kinase inhibitor'],9.841334,1.7038419
BR00117010,B10,U2OS,48,NS-309,compound,BRD-K37602296-001-01-6,,['calcium-activated potassium channel activator'],9.816223,1.5790248
BR00117010,B11,U2OS,48,AK-7,compound,BRD-K09143580-001-01-0,,['SIRT inhibitor'],9.6831,1.6474085
BR00117010,B12,U2OS,48,BVT-948,compound,BRD-A22713669-001-04-3,,,16.2304,-0.34881875
BR00117010,B13,U2OS,48,SirReal-2,compound,BRD-K16472653-001-01-6,,['SIRT inhibitor'],10.365263,1.8186125
BR00117010,B14,U2OS,48,DMSO,compound,,negcon,,8.838222,1.3653888
BR00117010,B15,U2OS,48,BMS-536924,compound,BRD-K34581968-001-05-3,,['IGF-1 inhibitor'],12.805695,0.7312785
BR00117010,B16,U2OS,48,PP-121,compound,BRD-K81801188-001-02-8,,['protein tyrosine kinase inhibitor'],14.705492,0.3663427
BR00117010,B17,U2OS,48,MCOPPB,compound,BRD-K73276278-305-01-1,,,13.121099,2.7921479
BR00117010,B18,U2OS,48,ozagrel,compound,BRD-K53061490-003-13-9,,,9.105193,-0.47920704
BR00117010,B19,U2OS,48,CYM-5442,compound,BRD-A43005764-003-01-5,,['sphingosine 1 phosphate receptor agonist'],12.194199,2.6978688
BR00117010,B20,U2OS,48,CVT-10216,compound,BRD-K60659193-001-01-0,,,9.28425,-0.06080667
BR00117010,B21,U2OS,48,TCN201,compound,BRD-K09787262-001-02-7,,['glutamate receptor antagonist'],10.050233,-0.02799493
BR00117010,B22,U2OS,48,fomepizole,compound,BRD-K56810756-003-07-7,,['alcohol dehydrogenase inhibitor'],9.422673,1.2287974
BR00117010,B23,U2OS,48,benzamil,compound,BRD-K87158025-003-08-7,,['sodium channel blocker'],10.514656,0.58591944
BR00117010,B24,U2OS,48,lercanidipine,compound,BRD-A18992208-003-02-7,,['calcium channel blocker'],10.320417,2.4084625
BR00117010,C01,U2OS,48,4-CMTB,compound,BRD-A54139254-001-09-2,,['free fatty acid receptor agonist'],9.289127,-0.28115556
BR00117010,C02,U2OS,48,ML-228,compound,BRD-K44432556-001-05-5,,,8.826044,-1.3719699
BR00117010,C03,U2OS,48,DMSO,compound,,negcon,,8.421373,-1.1747
BR00117010,C04,U2OS,48,GSK1070916,compound,BRD-K36740062-001-06-6,,['Aurora kinase inhibitor'],13.91725,0.91473705
BR00117010,C05,U2OS,48,ML-193,compound,BRD-K27539181-001-08-5,,,9.321375,-0.93008494
BR00117010,C06,U2OS,48,DMSO,compound,,negcon,,8.685451,-1.2997649
BR00117010,C07,U2OS,48,M-25,compound,BRD-K51265828-001-01-0,,['smoothened receptor antagonist'],8.864539,-1.1912901
BR00117010,C08,U2OS,48,azeliragon,compound,BRD-K51899933-001-02-6,,['RAGE receptor antagonist'],15.140037,0.1717101
BR00117010,C09,U2OS,48,CYT-997,compound,BRD-K23363278-001-02-1,poscon_diverse,['tubulin polymerization inhibitor'],15.068331,0.8122104
BR00117010,C10,U2OS,48,AR-12,compound,BRD-K90497590-001-05-9,,,16.150745,0.13193676
BR00117010,C11,U2OS,48,CYM-50260,compound,BRD-K69877120-001-01-7,,['sphingosine 1 phosphate receptor agonist'],8.664914,-1.2000024
BR00117010,C12,U2OS,48,DMSO,compound,,negcon,,8.427007,-1.4138999
BR00117010,C13,U2OS,48,KG-5,compound,BRD-K90747162-001-01-4,poscon_cp,['RAF inhibitor'],14.064873,0.87125236
BR00117010,C14,U2OS,48,JTE-607,compound,BRD-K81405859-300-01-4,,,12.473379,-1.2010198
BR00117010,C15,U2OS,48,DMSO,compound,,negcon,,8.807221,-1.1216719
BR00117010,C16,U2OS,48,ilomastat,compound,BRD-K51662849-001-05-4,,['matrix metalloprotease inhibitor'],9.539964,-0.39829698
BR00117010,C17,U2OS,48,RX-821002,compound,BRD-A65597028-003-08-1,,['adrenergic receptor antagonist'],9.110378,-1.1446371
BR00117010,C18,U2OS,48,DMSO,compound,,negcon,,8.599012,-1.231755
BR00117010,C19,U2OS,48,TUG-891,compound,BRD-K24282351-001-01-4,,['free fatty acid receptor agonist'],9.958129,-0.65181714
BR00117010,C20,U2OS,48,ponatinib,compound,BRD-K44227013-001-08-0,,"['PDGFR tyrosine kinase receptor inhibitor', 'FLT3 inhibitor', 'Bcr-Abl kinase inhibitor']",16.048243,0.20080101
BR00117010,C21,U2OS,48,DMSO,compound,,negcon,,8.498679,-0.8850984
BR00117010,C22,U2OS,48,puromycin,compound,BRD-K01824976-300-02-9,,['protein synthesis inhibitor'],15.888145,0.099266686
BR00117010,C23,U2OS,48,SRC-kinase-inhibitor-I,compound,BRD-K50495309-001-02-0,,['src inhibitor'],12.3388815,2.7624888
BR00117010,C24,U2OS,48,acetylcysteine,compound,BRD-K59058747-001-19-1,,,10.376653,2.7177804
BR00117010,D01,U2OS,48,NSC-625987,compound,BRD-K62949423-001-03-1,,['CDK inhibitor'],13.236327,-0.50046057
BR00117010,D02,U2OS,48,dalfampridine,compound,BRD-K22482860-001-20-6,,['potassium channel blocker'],8.589529,0.65502167
BR00117010,D03,U2OS,48,NSC-95397,compound,BRD-K68143200-001-11-7,,['CDC inhibitor'],15.5954275,-0.20727389
BR00117010,D04,U2OS,48,alrestatin,compound,BRD-K35498378-001-06-1,,['aldose reductase inhibitor'],8.642214,0.57114464
BR00117010,D05,U2OS,48,PF-03758309,compound,BRD-K37764012-001-03-3,poscon_diverse,['p21 activated kinase inhibitor'],8.030078,-0.23832747
BR00117010,D06,U2OS,48,IRL-2500,compound,BRD-K98357249-001-02-9,,['endothelin receptor antagonist'],9.2689085,-0.56438553
BR00117010,D07,U2OS,48,PF-04217903,compound,BRD-K73319509-001-08-0,poscon_cp,,8.65252,0.21401137
BR00117010,D08,U2OS,48,FK-866,compound,BRD-K58550667-001-08-7,poscon_diverse,,14.780022,-1.2820827
BR00117010,D09,U2OS,48,amlexanox,compound,BRD-K29530284-001-06-2,,,9.375549,0.21934235
BR00117010,D10,U2OS,48,GW-311616,compound,BRD-K37864785-001-01-0,,['elastase inhibitor'],10.192798,0.24853899
BR00117010,D11,U2OS,48,buparlisib,compound,BRD-K42191735-001-08-7,poscon_diverse,,15.067988,0.8150826
BR00117010,D12,U2OS,48,amiloride,compound,BRD-K97181089-003-24-7,,['sodium channel blocker'],10.118917,1.1037465
BR00117010,D13,U2OS,48,DG-172,compound,BRD-K75748943-300-01-3,,,12.210472,2.8538673
BR00117010,D14,U2OS,48,DMSO,compound,,negcon,,8.365076,-0.7659207
BR00117010,D15,U2OS,48,DMSO,compound,,negcon,,7.9229875,-0.78164005
BR00117010,D16,U2OS,48,NVP-ADW742,compound,BRD-K15179513-001-04-2,poscon_cp,,13.221343,2.6193092
BR00117010,D17,U2OS,48,misoprostol,compound,BRD-A72351335-001-04-5,,['prostanoid receptor agonist'],11.738943,-0.39388868
BR00117010,D18,U2OS,48,conivaptan,compound,BRD-K37385792-003-02-1,,,11.233623,2.2528749
BR00117010,D19,U2OS,48,spiroxatrine,compound,BRD-A72483914-001-03-7,,['serotonin receptor antagonist'],11.971304,2.6583338
BR00117010,D20,U2OS,48,diacerein,compound,BRD-K69122748-001-10-1,,,8.630147,-0.30923662
BR00117010,D21,U2OS,48,DMSO,compound,,negcon,,9.370147,-0.3049585
BR00117010,D22,U2OS,48,DMSO,compound,,negcon,,8.319019,-0.7110194
BR00117010,D23,U2OS,48,glyburide,compound,BRD-K36927236-001-36-7,,['ATP channel blocker'],9.110881,0.8978643
BR00117010,D24,U2OS,48,ANR-94,compound,BRD-K31170746-001-01-6,,,9.397262,1.6127131
BR00117010,E01,U2OS,48,TFC-007,compound,BRD-K57708067-001-01-3,,,9.484891,-0.543751
BR00117010,E02,U2OS,48,trihexyphenidyl,compound,BRD-A48180038-003-24-3,,['acetylcholine receptor antagonist'],8.670511,-1.1513062
BR00117010,E03,U2OS,48,epoprostenol,compound,BRD-K64054020-001-02-7,,,8.450995,-1.5359571
BR00117010,E04,U2OS,48,sacubitril,compound,BRD-K91456750-001-01-9,,,8.912412,-1.064643
BR00117010,E05,U2OS,48,danusertib,compound,BRD-K07881437-001-03-8,poscon_diverse,"['growth factor receptor inhibitor', 'Aurora kinase inhibitor']",12.473483,-1.3540677
BR00117010,E06,U2OS,48,CYT-997,compound,BRD-K23363278-001-02-1,poscon_diverse,['tubulin polymerization inhibitor'],15.049693,0.8457007
BR00117010,E07,U2OS,48,DMSO,compound,,negcon,,8.033313,-1.3191625
BR00117010,E08,U2OS,48,BQ-788,compound,BRD-K02490038-236-03-8,,['endothelin receptor antagonist'],9.178855,-0.95710397
BR00117010,E09,U2OS,48,SB-202190,compound,BRD-K54330070-001-19-6,poscon_orf,['p38 MAPK inhibitor'],10.924491,-0.47107217
BR00117010,E10,U2OS,48,GSK2110183,compound,BRD-K25412176-001-01-9,poscon_diverse,,11.1274605,0.75308454
BR00117010,E11,U2OS,48,GSK3787,compound,BRD-K03155172-001-03-0,,['PPAR receptor antagonist'],8.991545,-1.0867747
BR00117010,E12,U2OS,48,BAM7,compound,BRD-K07442505-001-03-6,,,10.0160885,0.631257
BR00117010,E13,U2OS,48,PHA-793887,compound,BRD-K64800655-001-09-0,poscon_diverse,['CDK inhibitor'],14.331495,0.24521315
BR00117010,E14,U2OS,48,DMSO,compound,,negcon,,8.362564,-1.1829927
BR00117010,E15,U2OS,48,GSK-37647,compound,BRD-K26514105-001-01-7,,['free fatty acid receptor agonist'],9.800207,-0.597805
BR00117010,E16,U2OS,48,desonide,compound,BRD-K21528677-001-04-4,,['glucocorticoid receptor agonist'],10.668454,0.7125314
BR00117010,E17,U2OS,48,DMSO,compound,,negcon,,8.542545,-1.3408618
BR00117010,E18,U2OS,48,aloxistatin,compound,BRD-K91188791-001-17-5,,,12.2782135,2.9174948
BR00117010,E19,U2OS,48,azathioprine,compound,BRD-K32821942-001-22-1,,,9.831513,-0.40082797
BR00117010,E20,U2OS,48,ZK-93423,compound,BRD-K33882852-003-02-8,poscon_diverse,['benzodiazepine receptor agonist'],10.770763,2.5055842
BR00117010,E21,U2OS,48,BI-2536,compound,BRD-K64890080-001-02-1,poscon_diverse,,14.580723,1.2316577
BR00117010,E22,U2OS,48,EI1,compound,BRD-K91535048-001-01-2,poscon_cp,['histone lysine methyltransferase inhibitor'],9.514355,-0.20528574
BR00117010,E23,U2OS,48,NVP-HSP990,compound,BRD-K67915505-001-01-2,,['HSP inhibitor'],15.1222725,0.17578316
BR00117010,E24,U2OS,48,DMSO,compound,,negcon,,8.474987,0.18859194
BR00117010,F01,U2OS,48,DMSO,compound,,negcon,,8.515948,1.7732357
BR00117010,F02,U2OS,48,nialamide,compound,BRD-K12102668-001-25-5,,,8.242717,1.2296432
BR00117010,F03,U2OS,48,DMSO,compound,,negcon,,8.676424,-0.054604027
BR00117010,F04,U2OS,48,arundic-acid,compound,BRD-K49223707-001-01-0,,,9.079072,-0.12951767
BR00117010,F05,U2OS,48,torcitabine,compound,BRD-K91822704-003-07-2,,,8.520361,0.21302141
BR00117010,F06,U2OS,48,DMSO,compound,,negcon,,8.17413,-0.39143434
BR00117010,F07,U2OS,48,epothilone-b,compound,BRD-K68164687-001-01-6,,"['microtubule stabilizing agent', 'tubulin polymerization inhibitor']",14.299618,1.0704697
BR00117010,F08,U2OS,48,dyphylline,compound,BRD-A00827783-001-24-6,,['phosphodiesterase inhibitor'],7.7262363,-0.8020307
BR00117010,F09,U2OS,48,DMSO,compound,,negcon,,8.672454,0.11623718
BR00117010,F10,U2OS,48,quinidine,compound,BRD-K59632282-052-03-1,,['sodium channel blocker'],10.348797,2.6533983
BR00117010,F11,U2OS,48,halopemide,compound,BRD-K50055394-001-03-6,,,10.550695,0.8302234
BR00117010,F12,U2OS,48,sulfinpyrazone,compound,BRD-A36217750-001-16-3,,,9.760885,0.86010104
BR00117010,F13,U2OS,48,ML-323,compound,BRD-K93942811-001-01-3,poscon_cp,['ubiquitin specific protease inhibitor'],8.848301,1.3468008
BR00117010,F14,U2OS,48,racecadotril,compound,BRD-A08187463-001-12-9,,,8.906254,0.76300967
BR00117010,F15,U2OS,48,BRL-50481,compound,BRD-K84266862-001-03-2,,['phosphodiesterase inhibitor'],9.156016,0.5685484
BR00117010,F16,U2OS,48,GSK2110183,compound,BRD-K25412176-001-01-9,poscon_diverse,,11.3035965,1.0703888
BR00117010,F17,U2OS,48,bufexamac,compound,BRD-K36660044-001-24-2,,['cyclooxygenase inhibitor'],11.346682,1.7273011
BR00117010,F18,U2OS,48,anandamide,compound,BRD-K42352790-001-05-3,,,9.768268,0.041438233
BR00117010,F19,U2OS,48,thioguanine,compound,BRD-K49350383-001-13-7,poscon_diverse,,12.460632,0.21964523
BR00117010,F20,U2OS,48,IWP-L6,compound,BRD-K53234107-001-01-6,,['porcupine inhibitor'],10.576721,1.6040087
BR00117010,F21,U2OS,48,edoxaban,compound,BRD-K29322660-001-01-9,,['coagulation factor inhibitor'],10.233688,0.82503456
BR00117010,F22,U2OS,48,lonafarnib,compound,BRD-K41599323-001-02-3,poscon_diverse,,11.979682,0.7366617
BR00117010,F23,U2OS,48,ibutamoren,compound,BRD-K44771174-066-01-0,,,10.681713,1.5131246
BR00117010,F24,U2OS,48,somatostatin,compound,BRD-K14681867-001-01-6,,['somatostatin receptor agonist'],10.526429,1.6650064
BR00117010,G01,U2OS,48,L-proline,compound,BRD-K01666412-001-02-0,,,9.256044,-0.6717255
BR00117010,G02,U2OS,48,zamifenacin,compound,BRD-K80451230-051-02-6,,['acetylcholine receptor antagonist'],8.656352,-0.83669555
BR00117010,G03,U2OS,48,YC-1,compound,BRD-K60476892-001-16-1,,,14.950573,0.3804324
BR00117010,G04,U2OS,48,DMSO,compound,,negcon,,8.321052,-1.4315736
BR00117010,G05,U2OS,48,ME-0328,compound,BRD-K24283677-001-01-9,,['PPAR receptor antagonist'],9.45459,-0.51241034
BR00117010,G06,U2OS,48,NSC-663284,compound,BRD-K03109492-001-02-2,,['CDC inhibitor'],16.198795,-0.19189028
BR00117010,G07,U2OS,48,CYM-50358,compound,BRD-K80666802-003-01-0,,,11.368651,2.3552663
BR00117010,G08,U2OS,48,trazodone,compound,BRD-K70778732-003-27-5,,"['adrenergic receptor antagonist', 'serotonin receptor antagonist']",8.553155,-0.8829654
BR00117010,G09,U2OS,48,DMSO,compound,,negcon,,8.18943,-1.3629594
BR00117010,G10,U2OS,48,DMSO,compound,,negcon,,7.926711,-1.250965
BR00117010,G11,U2OS,48,sulfasalazine,compound,BRD-K10670311-001-17-1,,['cyclooxygenase inhibitor'],8.897267,-1.0357482
BR00117010,G12,U2OS,48,"2,5-furandimethanol",compound,BRD-K29791386-001-01-8,,,8.009334,-1.3760263
BR00117010,G13,U2OS,48,DMSO,compound,,negcon,,8.314682,-1.1157717
BR00117010,G14,U2OS,48,dilazep,compound,BRD-K48722258-300-11-0,,,8.487299,-0.7490514
BR00117010,G15,U2OS,48,felodipine,compound,BRD-A30815329-001-12-1,,['calcium channel blocker'],9.906311,-0.74374586
BR00117010,G16,U2OS,48,paliperidone,compound,BRD-A99888680-001-05-3,,"['dopamine receptor antagonist', 'serotonin receptor antagonist']",8.904077,-0.71333456
BR00117010,G17,U2OS,48,purvalanol-a,compound,BRD-K50836978-001-03-3,poscon_orf,['CDK inhibitor'],12.244593,-0.64164966
BR00117010,G18,U2OS,48,DMSO,compound,,negcon,,8.271499,-0.5448252
BR00117010,G19,U2OS,48,Ro-1138452,compound,BRD-K77220725-003-01-5,,['prostanoid receptor antagonist'],10.527062,0.24767792
BR00117010,G20,U2OS,48,sorbinil,compound,BRD-A89164055-001-03-3,,['aldose reductase inhibitor'],8.714759,-0.5737746
BR00117010,G21,U2OS,48,TC-S-7004,compound,BRD-K89517477-001-01-4,poscon_cp,['DYRK inhibitor'],10.988787,0.16627918
BR00117010,G22,U2OS,48,saclofen,compound,BRD-A24122750-001-03-7,,['GABA receptor antagonist'],8.577004,0.37908512
BR00117010,G23,U2OS,48,BAY-87-2243,compound,BRD-K70463136-001-01-5,,,10.448655,2.415917
BR00117010,G24,U2OS,48,ibudilast,compound,BRD-K16444452-001-09-1,,['phosphodiesterase inhibitor'],10.330197,1.8795168
BR00117010,H01,U2OS,48,briciclib,compound,BRD-K05531427-001-01-7,,,15.362177,0.7637118
BR00117010,H02,U2OS,48,2-Oleoylglycerol,compound,BRD-K77087341-001-02-4,,,8.011204,0.8156256
BR00117010,H03,U2OS,48,RGFP966,compound,BRD-K61688984-001-02-9,poscon_cp,['HDAC inhibitor'],11.846179,0.07237341
BR00117010,H04,U2OS,48,DMSO,compound,,negcon,,8.575922,-0.5382869
BR00117010,H05,U2OS,48,azacitidine,compound,BRD-K03406345-001-21-1,poscon_diverse,,10.791724,-0.5749676
BR00117010,H06,U2OS,48,N6-cyclopentyladenosine,compound,BRD-K60150510-001-15-6,,,9.4219885,1.1178623
BR00117010,H07,U2OS,48,filgotinib,compound,BRD-K16803204-001-01-6,poscon_cp,['JAK inhibitor'],10.116025,-0.13772829
BR00117010,H08,U2OS,48,guanidine,compound,BRD-K76037122-001-02-5,,['HSP inhibitor'],8.869137,0.7821079
BR00117010,H09,U2OS,48,coumarin,compound,BRD-K23913458-001-20-7,,,9.44457,0.76912385
BR00117010,H10,U2OS,48,DMSO,compound,,negcon,,8.404755,-0.15607694
BR00117010,H11,U2OS,48,ZM-336372,compound,BRD-K73789395-001-09-9,poscon_orf,['RAF inhibitor'],9.015472,0.27135205
BR00117010,H12,U2OS,48,citric-acid,compound,BRD-K76792669-001-08-1,,['coagulation factor inhibitor'],9.630819,0.69054383
BR00117010,H13,U2OS,48,DMSO,compound,,negcon,,8.799899,-0.20160833
BR00117010,H14,U2OS,48,CCG-63802,compound,BRD-K26970495-001-02-7,,['G protein signaling inhibitor'],10.170221,2.50962
BR00117010,H15,U2OS,48,ibutilide,compound,BRD-A74391928-051-03-9,,['potassium channel blocker'],11.322771,1.5574756
BR00117010,H16,U2OS,48,batimastat,compound,BRD-K82818427-001-04-8,,['matrix metalloprotease inhibitor'],10.699287,2.3229976
BR00117010,H17,U2OS,48,DMSO,compound,,negcon,,8.198858,-0.64684725
BR00117010,H18,U2OS,48,DMSO,compound,,negcon,,8.265067,-0.49148065
BR00117010,H19,U2OS,48,UNC1999,compound,BRD-K26989966-001-04-3,poscon_cp,['histone lysine methyltransferase inhibitor'],15.427997,0.1453875
BR00117010,H20,U2OS,48,glutamine-(l),compound,BRD-K83896451-001-06-7,,,9.296532,-0.27956292
BR00117010,H21,U2OS,48,PD-98059,compound,BRD-K62810658-001-11-4,poscon_orf,,10.624745,1.3147477
BR00117010,H22,U2OS,48,enilconazole,compound,BRD-K01825690-065-01-9,,,9.449707,2.1809623
BR00117010,H23,U2OS,48,N-alpha-Methylhistamine-dihydrochloride,compound,BRD-K75390981-300-04-9,,['histamine receptor agonist'],10.123802,0.3528525
BR00117010,H24,U2OS,48,GK921,compound,BRD-K38272302-001-02-7,,,14.830798,0.4901431
BR00117010,I01,U2OS,48,nilvadipine,compound,BRD-A84687895-001-03-2,,['calcium channel blocker'],9.366932,-0.2768175
BR00117010,I02,U2OS,48,DMSO,compound,,negcon,,8.171819,-1.3915699
BR00117010,I03,U2OS,48,AC-710,compound,BRD-K15819326-001-01-6,,['PDGFR tyrosine kinase receptor inhibitor'],12.627856,2.3819845
BR00117010,I04,U2OS,48,PETCM,compound,BRD-A93477898-001-04-2,,,8.91275,-1.5368046
BR00117010,I05,U2OS,48,AZD7762,compound,BRD-K86525559-001-07-8,poscon_diverse,['CHK inhibitor'],15.8667345,-0.47325528
BR00117010,I06,U2OS,48,PHA-793887,compound,BRD-K64800655-001-09-0,poscon_diverse,['CDK inhibitor'],14.38055,0.11614122
BR00117010,I07,U2OS,48,KU-60019,compound,BRD-K36016295-001-05-2,,['ATM kinase inhibitor'],13.442195,1.900145
BR00117010,I08,U2OS,48,nafamostat,compound,BRD-K06674495-334-04-0,,,10.665065,-0.106797084
BR00117010,I09,U2OS,48,DMSO,compound,,negcon,,7.9449964,-1.2070899
BR00117010,I10,U2OS,48,DMSO,compound,,negcon,,8.246047,-0.9965997
BR00117010,I11,U2OS,48,taladegib,compound,BRD-K50498985-001-03-3,,['smoothened receptor antagonist'],9.71198,-0.37029588
BR00117010,I12,U2OS,48,acetohexamide,compound,BRD-K52960356-001-13-0,,['ATP channel blocker'],10.220002,2.687342
BR00117010,I13,U2OS,48,minocycline,compound,BRD-A69651145-003-11-4,,,10.552013,-0.26277584
BR00117010,I14,U2OS,48,BI-2536,compound,BRD-K64890080-001-02-1,poscon_diverse,,14.723811,1.1491702
BR00117010,I15,U2OS,48,riociguat,compound,BRD-K84783599-001-01-0,,,8.633346,-1.0331415
BR00117010,I16,U2OS,48,CP-724714,compound,BRD-K76908866-001-07-6,poscon_cp,"['EGFR inhibitor', 'protein tyrosine kinase inhibitor']",10.78627,1.7294316
BR00117010,I17,U2OS,48,ganetespib,compound,BRD-K38852836-001-04-9,poscon_diverse,['HSP inhibitor'],15.18542,0.24706666
BR00117010,I18,U2OS,48,AZ191,compound,BRD-K80935598-001-01-1,poscon_cp,['DYRK inhibitor'],13.228068,2.7958026
BR00117010,I19,U2OS,48,BAX-channel-blocker,compound,BRD-A18763547-300-06-3,,,13.963644,1.6037319
BR00117010,I20,U2OS,48,SU3327,compound,BRD-K32730239-001-01-0,,['JNK inhibitor'],15.777123,0.26692176
BR00117010,I21,U2OS,48,DMSO,compound,,negcon,,8.427668,-1.0503422
BR00117010,I22,U2OS,48,DMSO,compound,,negcon,,8.269657,-1.3729995
BR00117010,I23,U2OS,48,octreotide,compound,BRD-A64173453-015-03-1,,['somatostatin receptor agonist'],8.686055,-0.22109444
BR00117010,I24,U2OS,48,1-octanol,compound,BRD-K09338665-001-08-9,,,10.391998,1.3957725
BR00117010,J01,U2OS,48,acalabrutinib,compound,BRD-K64034691-001-01-9,,"[""Bruton's tyrosine kinase (BTK) inhibitor""]",9.204832,0.55748713
BR00117010,J02,U2OS,48,rifamycin,compound,BRD-K38512030-001-01-7,,,9.699617,0.3376372
BR00117010,J03,U2OS,48,pazopanib,compound,BRD-K74514084-003-09-2,,"['KIT inhibitor', 'VEGFR inhibitor', 'PDGFR tyrosine kinase receptor inhibitor']",11.636,0.8887547
BR00117010,J04,U2OS,48,RKI-1447,compound,BRD-K19333160-001-01-3,poscon_cp,,12.118058,1.6364921
BR00117010,J05,U2OS,48,vitamin-E,compound,BRD-K97091514-001-11-4,,['PKC inhibitor'],9.254142,-0.48601893
BR00117010,J06,U2OS,48,lonafarnib,compound,BRD-K41599323-001-02-3,poscon_diverse,,11.759421,0.8237028
BR00117010,J07,U2OS,48,ethyl-pyruvate,compound,BRD-K47738867-001-01-5,,,8.638579,0.08375517
BR00117010,J08,U2OS,48,picrotin,compound,BRD-A91822151-001-05-0,,['GABA receptor antagonist'],9.244482,0.32021922
BR00117010,J09,U2OS,48,SGX523,compound,BRD-K19477839-001-07-6,poscon_cp,,9.257646,0.43654993
BR00117010,J10,U2OS,48,PP-2,compound,BRD-K95785537-001-22-3,,['src inhibitor'],12.278892,0.7424752
BR00117010,J11,U2OS,48,ME-0328,compound,BRD-A63444178-001-01-5,,['PPAR receptor antagonist'],9.789352,0.20380117
BR00117010,J12,U2OS,48,AZD9668,compound,BRD-K31476763-001-01-5,,['elastase inhibitor'],8.767126,0.114393115
BR00117010,J13,U2OS,48,NQDI-1,compound,BRD-K61918008-001-07-1,,,9.712405,0.8774724
BR00117010,J14,U2OS,48,DMSO,compound,,negcon,,7.9090447,-0.71003747
BR00117010,J15,U2OS,48,carzenide,compound,BRD-K09295674-001-09-8,,,10.654482,-0.468707
BR00117010,J16,U2OS,48,KU-55933,compound,BRD-K25311561-001-10-7,,['ATM kinase inhibitor'],11.273734,0.57715267
BR00117010,J17,U2OS,48,NVP-AEW541,compound,BRD-K24696047-001-02-3,poscon_cp,['IGF-1 inhibitor'],12.38224,2.697541
BR00117010,J18,U2OS,48,leflunomide,compound,BRD-K78692225-001-24-5,,['PDGFR tyrosine kinase receptor inhibitor'],10.592933,1.5190998
BR00117010,J19,U2OS,48,DMSO,compound,,negcon,,8.670832,-0.13466921
BR00117010,J20,U2OS,48,azacitidine,compound,BRD-K03406345-001-21-1,poscon_diverse,,10.167551,-0.3746868
BR00117010,J21,U2OS,48,ixabepilone,compound,BRD-K03601870-001-01-2,,['microtubule stabilizing agent'],14.653817,0.9961558
BR00117010,J22,U2OS,48,KH-CB19,compound,BRD-K66430217-001-03-8,poscon_cp,['CDC inhibitor'],9.339917,-1.0714372
BR00117010,J23,U2OS,48,DMSO,compound,,negcon,,9.084379,-0.6930352
BR00117010,J24,U2OS,48,PF-05190457,compound,BRD-K02554563-001-01-6,,,10.442187,1.9630011
BR00117010,K01,U2OS,48,LDN-212854,compound,BRD-K59831625-001-03-9,,,15.736207,0.01835578
BR00117010,K02,U2OS,48,formononetin,compound,BRD-K55567017-001-12-3,,['alcohol dehydrogenase inhibitor'],8.972054,-1.2956083
BR00117010,K03,U2OS,48,aminopurvalanol-a,compound,BRD-K07762753-001-05-1,poscon_orf,['CDK inhibitor'],12.354886,-0.65753895
BR00117010,K04,U2OS,48,ruxolitinib,compound,BRD-K53972329-001-01-3,poscon_cp,['JAK inhibitor'],10.490108,-0.59517175
BR00117010,K05,U2OS,48,DMSO,compound,,negcon,,7.906938,-0.8143291
BR00117010,K06,U2OS,48,DMSO,compound,,negcon,,8.200995,-1.3790648
BR00117010,K07,U2OS,48,LGK-974,compound,BRD-K16810791-001-01-0,,['porcupine inhibitor'],9.434877,-1.1095978
BR00117010,K08,U2OS,48,polydatin,compound,BRD-K43236057-001-07-1,,['ICAM1 expression inhibitor'],13.047719,0.7838763
BR00117010,K09,U2OS,48,enflurane,compound,BRD-A51831848-001-01-7,,,9.209074,-1.0701157
BR00117010,K10,U2OS,48,PFI-1,compound,BRD-K13094524-001-04-2,poscon_cp,,8.156769,-1.3261766
BR00117010,K11,U2OS,48,AZD7762,compound,BRD-K86525559-001-07-8,poscon_diverse,['CHK inhibitor'],15.816293,-0.5400349
BR00117010,K12,U2OS,48,sotrastaurin,compound,BRD-K16761703-001-03-8,,['PKC inhibitor'],10.900096,-0.48924157
BR00117010,K13,U2OS,48,DMSO,compound,,negcon,,8.126731,-1.2741766
BR00117010,K14,U2OS,48,cycloheximide,compound,BRD-K36055864-001-20-0,,['protein synthesis inhibitor'],14.391745,0.43702805
BR00117010,K15,U2OS,48,oxytocin,compound,BRD-K25243230-001-01-2,,,8.119871,-0.8914385
BR00117010,K16,U2OS,48,DMSO,compound,,negcon,,7.9048862,-0.88826436
BR00117010,K17,U2OS,48,colchicine,compound,BRD-K00259736-001-16-4,,,15.290516,0.8240029
BR00117010,K18,U2OS,48,afimoxifene,compound,BRD-K04210847-001-21-9,,,9.508411,-0.065992475
BR00117010,K19,U2OS,48,DMSO,compound,,negcon,,8.504741,-1.0963993
BR00117010,K20,U2OS,48,ZK-93423,compound,BRD-K33882852-003-02-8,poscon_diverse,['benzodiazepine receptor agonist'],10.581181,2.0840824
BR00117010,K21,U2OS,48,RGB-286638,compound,BRD-K20986415-001-02-6,,['CDK inhibitor'],13.955189,1.4513761
BR00117010,K22,U2OS,48,FPS-ZM1,compound,BRD-K87691185-001-01-2,,['RAGE receptor antagonist'],8.542287,-0.117084384
BR00117010,K23,U2OS,48,flindokalner,compound,BRD-K56740996-001-02-1,,,8.599327,-0.3293452
BR00117010,K24,U2OS,48,motesanib,compound,BRD-K99616396-316-05-3,,"['KIT inhibitor', 'VEGFR inhibitor', 'PDGFR tyrosine kinase receptor inhibitor']",10.744219,1.9975322
BR00117010,L01,U2OS,48,geldanamycin,compound,BRD-K43570081-001-02-4,,['HSP inhibitor'],15.078333,0.15327144
BR00117010,L02,U2OS,48,DMSO,compound,,negcon,,8.283135,-0.40151912
BR00117010,L03,U2OS,48,CGP-53353,compound,BRD-K32292990-001-03-6,,"['PKC inhibitor', 'EGFR inhibitor']",10.725372,-0.22057247
BR00117010,L04,U2OS,48,7-hydroxystaurosporine,compound,BRD-K45293975-001-02-0,,"['CDK inhibitor', 'PKC inhibitor', 'CHK inhibitor']",15.458429,-0.44935006
BR00117010,L05,U2OS,48,DMSO,compound,,negcon,,8.672015,-0.06696403
BR00117010,L06,U2OS,48,DMSO,compound,,negcon,,8.218096,-0.0049741296
BR00117010,L07,U2OS,48,efaproxiral,compound,BRD-K37355418-236-01-6,,,9.023072,-0.25675645
BR00117010,L08,U2OS,48,SB-203580,compound,BRD-A37704979-001-12-3,poscon_orf,['p38 MAPK inhibitor'],11.540393,-0.06981848
BR00117010,L09,U2OS,48,FK-866,compound,BRD-K58550667-001-08-7,poscon_diverse,,14.932885,-1.203522
BR00117010,L10,U2OS,48,bepridil,compound,BRD-A91008255-003-24-8,,['calcium channel blocker'],9.583261,0.6220658
BR00117010,L11,U2OS,48,delanzomib,compound,BRD-K59325863-001-04-4,,,15.847035,-0.1622815
BR00117010,L12,U2OS,48,buparlisib,compound,BRD-K42191735-001-08-7,poscon_diverse,,14.983629,0.83596367
BR00117010,L13,U2OS,48,phenylbutazone,compound,BRD-K10843433-001-23-5,,"['cyclooxygenase inhibitor', 'prostanoid receptor antagonist']",9.939368,1.1408612
BR00117010,L14,U2OS,48,deferasirox,compound,BRD-K97010173-001-04-1,,,12.101199,-1.0809194
BR00117010,L15,U2OS,48,DMSO,compound,,negcon,,8.862311,-0.19832504
BR00117010,L16,U2OS,48,cediranib,compound,BRD-K86930074-001-05-0,,"['KIT inhibitor', 'VEGFR inhibitor']",12.573459,2.835202
BR00117010,L17,U2OS,48,isoflurane,compound,BRD-A31564021-001-02-6,,,9.452846,-0.32331616
BR00117010,L18,U2OS,48,DMSO,compound,,negcon,,7.9285574,-0.47178143
BR00117010,L19,U2OS,48,CCG-50014,compound,BRD-K08893438-001-06-4,,['G protein signaling inhibitor'],15.604619,0.43783882
BR00117010,L20,U2OS,48,PF-431396,compound,BRD-K93788137-001-04-1,,,12.608916,-1.4550822
BR00117010,L21,U2OS,48,TG-02,compound,BRD-K14560436-001-01-4,,"['CDK inhibitor', 'FLT3 inhibitor', 'JAK inhibitor']",14.986185,0.1989606
BR00117010,L22,U2OS,48,baclofen,compound,BRD-K01826724-003-07-9,,['benzodiazepine receptor agonist'],8.83251,-0.548458
BR00117010,L23,U2OS,48,thiostrepton,compound,BRD-A20697603-001-07-2,,['protein synthesis inhibitor'],10.569102,2.7423677
BR00117010,L24,U2OS,48,flufenamic-acid,compound,BRD-K44067360-001-29-5,,,9.6980505,1.4904317
BR00117010,M01,U2OS,48,DMSO,compound,,negcon,,9.003285,-0.80638146
BR00117010,M02,U2OS,48,LY2109761,compound,BRD-K47557313-001-02-7,,,11.371211,-0.117316715
BR00117010,M03,U2OS,48,olopatadine,compound,BRD-K67637637-003-11-8,,['histamine receptor antagonist'],9.543625,-1.4696946
BR00117010,M04,U2OS,48,DMSO,compound,,negcon,,8.2303915,-1.466634
BR00117010,M05,U2OS,48,castanospermine,compound,BRD-K20897876-001-11-8,,['glucosidase inhibitor'],8.171597,-1.1881832
BR00117010,M06,U2OS,48,A205804,compound,BRD-K77627880-001-04-0,,['ICAM1 expression inhibitor'],10.824367,-1.1116742
BR00117010,M07,U2OS,48,VU591,compound,BRD-K72063794-003-01-0,,['potassium channel blocker'],8.7860775,-1.3255974
BR00117010,M08,U2OS,48,dalbavancin,compound,BRD-K30177383-001-01-0,,['bacterial cell wall synthesis inhibitor'],8.518494,-1.3817116
BR00117010,M09,U2OS,48,CC-401,compound,BRD-K45746021-003-01-9,,['JNK inhibitor'],10.433864,-0.60406715
BR00117010,M10,U2OS,48,ganetespib,compound,BRD-K38852836-001-04-9,poscon_diverse,['HSP inhibitor'],15.209196,0.21068418
BR00117010,M11,U2OS,48,ingenol-mebutate,compound,BRD-K93779381-001-01-9,,,11.1512785,1.6130271
BR00117010,M12,U2OS,48,menadione,compound,BRD-K78126613-001-27-7,,,14.093819,0.56948984
BR00117010,M13,U2OS,48,cetilistat,compound,BRD-K94863486-001-02-2,,,8.276313,-1.2417785
BR00117010,M14,U2OS,48,methoxsalen,compound,BRD-K63430059-001-16-4,,['DNA synthesis inhibitor'],8.6414,-0.9321584
BR00117010,M15,U2OS,48,cyclosporine,compound,BRD-K13533483-001-16-2,,,12.421234,0.37858677
BR00117010,M16,U2OS,48,NSC-632839,compound,BRD-K81197548-003-01-4,poscon_cp,['ubiquitin specific protease inhibitor'],15.577017,-0.14420529
BR00117010,M17,U2OS,48,DMSO,compound,,negcon,,8.054395,-1.3336351
BR00117010,M18,U2OS,48,TG-003,compound,BRD-K97072811-001-11-4,poscon_cp,,8.75162,-0.84382826
BR00117010,M19,U2OS,48,oxibendazole,compound,BRD-K52075715-001-06-7,,['tubulin polymerization inhibitor'],15.053024,0.89011395
BR00117010,M20,U2OS,48,TG-101348,compound,BRD-K12502280-001-11-4,poscon_cp,"['JAK inhibitor', 'FLT3 inhibitor']",14.876207,1.0782636
BR00117010,M21,U2OS,48,miglitol,compound,BRD-A63310107-001-04-8,,['glucosidase inhibitor'],8.328755,-0.536825
BR00117010,M22,U2OS,48,DMSO,compound,,negcon,,7.883051,-1.1327041
BR00117010,M23,U2OS,48,DMSO,compound,,negcon,,8.391066,-1.1410773
BR00117010,M24,U2OS,48,tranilast,compound,BRD-K17849083-001-32-9,,,10.123176,2.0807931
BR00117010,N01,U2OS,48,4-methylhistamine,compound,BRD-K70821460-300-02-4,,['histamine receptor agonist'],9.443783,2.2767026
BR00117010,N02,U2OS,48,LDN-27219,compound,BRD-K51485109-001-01-4,,,8.781365,0.4538923
BR00117010,N03,U2OS,48,anisomycin,compound,BRD-K91370081-001-25-1,,['DNA synthesis inhibitor'],15.0884495,-0.0936209
BR00117010,N04,U2OS,48,thioguanine,compound,BRD-K49350383-001-13-7,poscon_diverse,,12.404609,0.33475995
BR00117010,N05,U2OS,48,droxinostat,compound,BRD-K11558771-001-13-9,,['HDAC inhibitor'],10.962297,1.0977176
BR00117010,N06,U2OS,48,UNC2025,compound,BRD-K91283740-003-01-6,poscon_cp,['FLT3 inhibitor'],15.194891,0.17755032
BR00117010,N07,U2OS,48,DMSO,compound,,negcon,,8.495165,-0.3137412
BR00117010,N08,U2OS,48,DMSO,compound,,negcon,,8.121033,-0.17548443
BR00117010,N09,U2OS,48,AMG900,compound,BRD-K21728777-001-02-3,poscon_cp,['Aurora kinase inhibitor'],12.553794,-1.5200008
BR00117010,N10,U2OS,48,PF-06463922,compound,BRD-A23124853-001-01-4,,['ALK tyrosine kinase receptor inhibitor'],11.743099,1.3747962
BR00117010,N11,U2OS,48,orantinib,compound,BRD-K55966568-001-09-6,poscon_cp,"['FGFR inhibitor', 'PDGFR tyrosine kinase receptor inhibitor', 'VEGFR inhibitor']",10.26666,1.0441681
BR00117010,N12,U2OS,48,fludarabine-phosphate,compound,BRD-K71106091-001-09-5,,['ribonucleotide reductase inhibitor'],12.171642,-1.2221516
BR00117010,N13,U2OS,48,ceritinib,compound,BRD-K22149900-001-06-2,,['ALK tyrosine kinase receptor inhibitor'],11.801903,2.2050602
BR00117010,N14,U2OS,48,NVS-PAK1-1,compound,BRD-K28132190-001-02-0,poscon_cp,['p21 activated kinase inhibitor'],12.246193,1.1587495
BR00117010,N15,U2OS,48,homoharringtonine,compound,BRD-K76674262-001-03-3,,['protein synthesis inhibitor'],15.104307,-0.11145075
BR00117010,N16,U2OS,48,picrotoxinin,compound,BRD-K36461289-001-05-8,,['GABA receptor antagonist'],8.482283,-0.061666824
BR00117010,N17,U2OS,48,DMSO,compound,,negcon,,9.378598,0.20872487
BR00117010,N18,U2OS,48,danusertib,compound,BRD-K07881437-001-03-8,poscon_diverse,"['growth factor receptor inhibitor', 'Aurora kinase inhibitor']",12.624216,-1.3994579
BR00117010,N19,U2OS,48,romidepsin,compound,BRD-K61397605-001-01-8,poscon_cp,['HDAC inhibitor'],15.543256,0.28571472
BR00117010,N20,U2OS,48,FERb-033,compound,BRD-K61642990-001-01-0,poscon_cp,['EGFR inhibitor'],11.676903,0.638259
BR00117010,N21,U2OS,48,PF-03758309,compound,BRD-K37764012-001-03-3,poscon_diverse,['p21 activated kinase inhibitor'],15.184688,-0.20193677
BR00117010,N22,U2OS,48,DMSO,compound,,negcon,,8.107516,0.0019174833
BR00117010,N23,U2OS,48,trometamol,compound,BRD-K47978074-001-03-2,,,9.347954,1.7005136
BR00117010,N24,U2OS,48,simvastatin,compound,BRD-K22134346-001-22-3,,['HMGCR inhibitor'],12.175197,1.0469985
BR00117010,O01,U2OS,48,zaprinast,compound,BRD-K16542329-001-16-8,,['phosphodiesterase inhibitor'],9.197316,-0.19081604
BR00117010,O02,U2OS,48,dexamethasone,compound,BRD-A10188456-001-04-9,,['glucocorticoid receptor agonist'],9.975061,-0.69589543
BR00117010,O03,U2OS,48,salicylic-acid,compound,BRD-K93632104-001-17-2,,['cyclooxygenase inhibitor'],9.010823,-0.8760089
BR00117010,O04,U2OS,48,diltiazem,compound,BRD-A69636825-003-04-7,,['calcium channel blocker'],9.119359,-1.1643151
BR00117010,O05,U2OS,48,phenolphthalein,compound,BRD-K19227686-001-18-6,,,8.330723,-1.0276577
BR00117010,O06,U2OS,48,niflumic-acid,compound,BRD-K98763141-001-30-8,,['cyclooxygenase inhibitor'],8.480994,-1.3118585
BR00117010,O07,U2OS,48,DMSO,compound,,negcon,,8.382712,-1.1986918
BR00117010,O08,U2OS,48,L-Cystine,compound,BRD-A15397381-001-02-5,,,8.580744,-1.4533906
BR00117010,O09,U2OS,48,ozanimod,compound,BRD-K46625559-001-01-8,,['sphingosine 1 phosphate receptor agonist'],11.884539,2.5697238
BR00117010,O10,U2OS,48,efaroxan,compound,BRD-A10739734-003-09-8,,['adrenergic receptor antagonist'],8.146653,-1.3489506
BR00117010,O11,U2OS,48,NBQX,compound,BRD-K11796549-001-05-2,,['glutamate receptor antagonist'],8.237962,-1.3744193
BR00117010,O12,U2OS,48,dinoprostone,compound,BRD-K26521938-001-07-2,,['prostanoid receptor agonist'],9.488124,-0.95250005
BR00117010,O13,U2OS,48,Ro-20-1724,compound,BRD-A07207424-001-14-0,,['phosphodiesterase inhibitor'],7.937166,-1.2832686
BR00117010,O14,U2OS,48,xanomeline,compound,BRD-K72815923-034-02-0,,['acetylcholine receptor agonist'],8.082643,-1.2461305
BR00117010,O15,U2OS,48,terazosin,compound,BRD-K01825589-310-02-9,,['adrenergic receptor antagonist'],7.7657394,-1.0450326
BR00117010,O16,U2OS,48,BVT-948,compound,BRD-K68567222-001-01-2,,,14.235103,-0.47215492
BR00117010,O17,U2OS,48,nicotine,compound,BRD-K01825660-322-01-9,,['acetylcholine receptor agonist'],8.444575,-1.0225364
BR00117010,O18,U2OS,48,DMSO,compound,,negcon,,7.927281,-1.0328274
BR00117010,O19,U2OS,48,U-0521,compound,BRD-K08953028-001-09-6,,,9.360725,0.038504567
BR00117010,O20,U2OS,48,BMS-587101,compound,BRD-K20093108-001-02-3,,,8.79666,1.1252047
BR00117010,O21,U2OS,48,nimodipine,compound,BRD-A58048407-001-20-4,,['calcium channel blocker'],9.511454,1.0371544
BR00117010,O22,U2OS,48,pyrrolidine-dithiocarbamate,compound,BRD-K80970344-201-08-6,,,16.032396,0.31038556
BR00117010,O23,U2OS,48,PF-915275,compound,BRD-K18289362-001-02-2,,,8.692612,-0.045427147
BR00117010,O24,U2OS,48,JTE-013,compound,BRD-K43330982-001-02-3,,,10.024528,2.5107913
BR00117010,P01,U2OS,48,sodium-butyrate,compound,BRD-K05878375-236-05-7,,['HDAC inhibitor'],9.47541,2.7489007
BR00117010,P02,U2OS,48,pentostatin,compound,BRD-K91543828-001-02-0,,['ribonucleotide reductase inhibitor'],8.73086,1.9705627
BR00117010,P03,U2OS,48,OMDM-2,compound,BRD-K48830578-001-01-9,,,9.066182,1.8342541
BR00117010,P04,U2OS,48,nalmefene,compound,BRD-A72767275-003-01-6,,,8.658641,1.9230769
BR00117010,P05,U2OS,48,DMSO,compound,,negcon,,9.035057,2.0104535
BR00117010,P06,U2OS,48,1-EBIO,compound,BRD-K70586315-001-02-4,,,8.862444,1.8130915
BR00117010,P07,U2OS,48,SB-505124,compound,BRD-K40109029-001-02-9,,['ALK tyrosine kinase receptor inhibitor'],10.418749,2.6776655
BR00117010,P08,U2OS,48,prasugrel,compound,BRD-A83029242-001-06-1,,['purinergic receptor antagonist'],9.8067465,2.3322513
BR00117010,P09,U2OS,48,pidolic-acid,compound,BRD-K57313110-001-06-8,,,9.406268,2.0913
BR00117010,P10,U2OS,48,DMSO,compound,,negcon,,8.983692,2.067731
BR00117010,P11,U2OS,48,nevirapine,compound,BRD-K15502390-001-20-9,,,8.58878,1.7546338
BR00117010,P12,U2OS,48,triamterene,compound,BRD-K92049597-001-20-8,,['sodium channel blocker'],9.664975,2.0610335
BR00117010,P13,U2OS,48,regorafenib,compound,BRD-K16730910-001-07-3,,"['PDGFR tyrosine kinase receptor inhibitor', 'RAF inhibitor', 'KIT inhibitor', 'RET tyrosine kinase inhibitor', 'FGFR inhibitor', 'VEGFR inhibitor']",10.7414055,1.1536565
BR00117010,P14,U2OS,48,cyclophosphamide,compound,BRD-A09722536-002-18-0,,,8.908582,1.8847718
BR00117010,P15,U2OS,48,olanzapine,compound,BRD-K18895904-001-16-1,,"['dopamine receptor antagonist', 'serotonin receptor antagonist']",11.954331,2.777635
BR00117010,P16,U2OS,48,KI-16425,compound,BRD-A25569250-001-03-3,,['lysophosphatidic acid receptor antagonist'],9.595088,2.0544095
BR00117010,P17,U2OS,48,SKLB1002,compound,BRD-K29895144-001-01-0,,['VEGFR inhibitor'],12.431438,-1.2581395
BR00117010,P18,U2OS,48,cilostazol,compound,BRD-K67017579-001-28-1,,['phosphodiesterase inhibitor'],9.312187,1.3756825
BR00117010,P19,U2OS,48,AZD1283,compound,BRD-K77060810-001-01-5,,['purinergic receptor antagonist'],9.647695,1.4803811
BR00117010,P20,U2OS,48,A-987306,compound,BRD-K68982262-001-01-4,,['histamine receptor antagonist'],12.223422,2.823627
BR00117010,P21,U2OS,48,procaine,compound,BRD-K24616672-003-20-1,,['HMGCR inhibitor'],9.336311,1.6766567
BR00117010,P22,U2OS,48,miconazole,compound,BRD-A82396632-008-30-8,,['bacterial cell wall synthesis inhibitor'],9.9575,2.0658784
BR00117010,P23,U2OS,48,loperamide,compound,BRD-K61250553-003-30-6,,,11.899354,1.1750271
BR00117010,P24,U2OS,48,aripiprazole,compound,BRD-K70358946-001-17-3,,['serotonin receptor antagonist'],10.124648,2.9683874
BR00117011,A01,U2OS,48,gabapentin-enacarbil,compound,BRD-A86665761-001-01-1,,,8.474672,2.2129164
BR00117011,A02,U2OS,48,DMSO,compound,,negcon,,8.171051,0.3734431
BR00117011,A03,U2OS,48,amlodipine,compound,BRD-A22032524-074-09-9,,['calcium channel blocker'],15.161419,1.5776696
BR00117011,A04,U2OS,48,hexestrol,compound,BRD-A01078468-001-14-8,,,10.014372,1.4720825
BR00117011,A05,U2OS,48,quinine,compound,BRD-K48278478-001-01-2,,,9.693226,0.72933984
BR00117011,A06,U2OS,48,LOXO-101,compound,BRD-K36574127-001-01-3,,,8.958943,1.1342288
BR00117011,A07,U2OS,48,brinzolamide,compound,BRD-K74913225-001-14-0,,['carbonic anhydrase inhibitor'],8.765892,1.7901503
BR00117011,A08,U2OS,48,NS-11021,compound,BRD-K94342292-001-01-3,,['calcium-activated potassium channel activator'],10.930145,1.0538591
BR00117011,A09,U2OS,48,DMSO,compound,,negcon,,8.972715,1.5936422
BR00117011,A10,U2OS,48,GNF-5837,compound,BRD-K19975102-001-01-2,,['growth factor receptor inhibitor'],10.4967,1.968843
BR00117011,A11,U2OS,48,apatinib,compound,BRD-K25244359-066-02-6,,['RET tyrosine kinase inhibitor'],11.04007,2.036669
BR00117011,A12,U2OS,48,ethoxzolamide,compound,BRD-K18131774-001-18-4,,['carbonic anhydrase inhibitor'],12.868765,2.7310133
BR00117011,A13,U2OS,48,ascorbic-acid,compound,BRD-A85242401-001-11-5,,,10.158751,2.7375865
BR00117011,A14,U2OS,48,ryuvidine,compound,BRD-K06426971-001-02-7,,['histone lysine methyltransferase inhibitor'],16.230385,-0.26122096
BR00117011,A15,U2OS,48,BAN-ORL-24,compound,BRD-K47049295-300-03-1,,,13.211494,2.0826657
BR00117011,A16,U2OS,48,NNC-55-0396,compound,BRD-K78122587-300-04-3,,,12.409769,2.5515995
BR00117011,A17,U2OS,48,DMSO,compound,,negcon,,8.835134,1.9400961
BR00117011,A18,U2OS,48,WH-4-023,compound,BRD-K50199947-001-03-4,,['src inhibitor'],12.756458,1.8830087
BR00117011,A19,U2OS,48,flupirtine,compound,BRD-K50720187-051-03-1,,['glutamate receptor antagonist'],10.538854,2.342775
BR00117011,A20,U2OS,48,ZK811752,compound,BRD-K91825936-001-03-9,,,10.5696945,2.4704783
BR00117011,A21,U2OS,48,dexamethasone,compound,BRD-K38775274-001-22-1,,['glucocorticoid receptor agonist'],11.156609,1.5542208
BR00117011,A22,U2OS,48,PP-1,compound,BRD-K47598052-001-14-1,,['src inhibitor'],12.359126,0.75568306
BR00117011,A23,U2OS,48,DDR1-IN-1,compound,BRD-K61845293-300-01-9,,,11.949492,2.5810618
BR00117011,A24,U2OS,48,AVL-292,compound,BRD-K87782578-001-01-4,,"[""Bruton's tyrosine kinase (BTK) inhibitor""]",13.367292,0.3363114
BR00117011,B01,U2OS,48,H2L-5765834,compound,BRD-K26439554-001-01-3,,['lysophosphatidic acid receptor antagonist'],8.568702,1.6244525
BR00117011,B02,U2OS,48,thiostrepton,compound,BRD-K58049875-001-03-9,,['protein synthesis inhibitor'],15.793584,-0.28280392
BR00117011,B03,U2OS,48,DMSO,compound,,negcon,,8.099834,0.19445448
BR00117011,B04,U2OS,48,arcyriaflavin-a,compound,BRD-K72726508-001-02-1,,['CDK inhibitor'],12.553846,0.7954883
BR00117011,B05,U2OS,48,CYM-5520,compound,BRD-K29151923-001-01-5,,['sphingosine 1 phosphate receptor agonist'],8.705102,0.59442925
BR00117011,B06,U2OS,48,fludarabine,compound,BRD-K66788707-001-14-3,,['ribonucleotide reductase inhibitor'],11.790117,-1.2320257
BR00117011,B07,U2OS,48,alda-1,compound,BRD-K06890060-001-09-1,,,9.272895,0.43007937
BR00117011,B08,U2OS,48,meclofenamic-acid,compound,BRD-K50398167-236-22-7,,"['cyclooxygenase inhibitor', 'prostanoid receptor antagonist']",8.790328,0.6649195
BR00117011,B09,U2OS,48,GNF-5,compound,BRD-K87632963-001-03-0,,['Bcr-Abl kinase inhibitor'],9.080939,1.5600728
BR00117011,B10,U2OS,48,NS-309,compound,BRD-K37602296-001-01-6,,['calcium-activated potassium channel activator'],9.397383,1.1324869
BR00117011,B11,U2OS,48,AK-7,compound,BRD-K09143580-001-01-0,,['SIRT inhibitor'],9.889432,1.5290132
BR00117011,B12,U2OS,48,BVT-948,compound,BRD-A22713669-001-04-3,,,16.272818,-0.36971068
BR00117011,B13,U2OS,48,SirReal-2,compound,BRD-K16472653-001-01-6,,['SIRT inhibitor'],10.81404,1.3897251
BR00117011,B14,U2OS,48,DMSO,compound,,negcon,,8.592585,0.82350177
BR00117011,B15,U2OS,48,BMS-536924,compound,BRD-K34581968-001-05-3,,['IGF-1 inhibitor'],12.937966,0.6120458
BR00117011,B16,U2OS,48,PP-121,compound,BRD-K81801188-001-02-8,,['protein tyrosine kinase inhibitor'],14.117831,0.34477964
BR00117011,B17,U2OS,48,MCOPPB,compound,BRD-K73276278-305-01-1,,,13.149241,2.8545523
BR00117011,B18,U2OS,48,ozagrel,compound,BRD-K53061490-003-13-9,,,9.131312,0.8401096
BR00117011,B19,U2OS,48,CYM-5442,compound,BRD-A43005764-003-01-5,,['sphingosine 1 phosphate receptor agonist'],12.264298,2.754736
BR00117011,B20,U2OS,48,CVT-10216,compound,BRD-K60659193-001-01-0,,,8.8433485,0.24538471
BR00117011,B21,U2OS,48,TCN201,compound,BRD-K09787262-001-02-7,,['glutamate receptor antagonist'],10.622691,1.5317434
BR00117011,B22,U2OS,48,fomepizole,compound,BRD-K56810756-003-07-7,,['alcohol dehydrogenase inhibitor'],9.543547,-0.21391805
BR00117011,B23,U2OS,48,benzamil,compound,BRD-K87158025-003-08-7,,['sodium channel blocker'],10.665224,1.1427412
BR00117011,B24,U2OS,48,lercanidipine,compound,BRD-A18992208-003-02-7,,['calcium channel blocker'],10.824389,2.2031994
BR00117011,C01,U2OS,48,4-CMTB,compound,BRD-A54139254-001-09-2,,['free fatty acid receptor agonist'],8.875936,0.5484274
BR00117011,C02,U2OS,48,ML-228,compound,BRD-K44432556-001-05-5,,,8.43028,-0.76253825
BR00117011,C03,U2OS,48,DMSO,compound,,negcon,,7.5102177,-1.1212726
BR00117011,C04,U2OS,48,GSK1070916,compound,BRD-K36740062-001-06-6,,['Aurora kinase inhibitor'],13.653317,1.1435983
BR00117011,C05,U2OS,48,ML-193,compound,BRD-K27539181-001-08-5,,,8.467775,-1.5234249
BR00117011,C06,U2OS,48,DMSO,compound,,negcon,,7.805966,-1.201967
BR00117011,C07,U2OS,48,M-25,compound,BRD-K51265828-001-01-0,,['smoothened receptor antagonist'],9.009385,-0.41746554
BR00117011,C08,U2OS,48,azeliragon,compound,BRD-K51899933-001-02-6,,['RAGE receptor antagonist'],15.162986,0.28327775
BR00117011,C09,U2OS,48,CYT-997,compound,BRD-K23363278-001-02-1,poscon_diverse,['tubulin polymerization inhibitor'],15.229406,0.8917726
BR00117011,C10,U2OS,48,AR-12,compound,BRD-K90497590-001-05-9,,,16.260551,-0.3220865
BR00117011,C11,U2OS,48,CYM-50260,compound,BRD-K69877120-001-01-7,,['sphingosine 1 phosphate receptor agonist'],9.375121,0.26772907
BR00117011,C12,U2OS,48,DMSO,compound,,negcon,,7.6480026,-1.0822748
BR00117011,C13,U2OS,48,KG-5,compound,BRD-K90747162-001-01-4,poscon_cp,['RAF inhibitor'],14.287027,0.94116074
BR00117011,C14,U2OS,48,JTE-607,compound,BRD-K81405859-300-01-4,,,12.582017,-1.1282588
BR00117011,C15,U2OS,48,DMSO,compound,,negcon,,8.3945,-1.2374866
BR00117011,C16,U2OS,48,ilomastat,compound,BRD-K51662849-001-05-4,,['matrix metalloprotease inhibitor'],8.938518,-0.013817058
BR00117011,C17,U2OS,48,RX-821002,compound,BRD-A65597028-003-08-1,,['adrenergic receptor antagonist'],8.723042,-0.1792492
BR00117011,C18,U2OS,48,DMSO,compound,,negcon,,7.6854453,-0.9037693
BR00117011,C19,U2OS,48,TUG-891,compound,BRD-K24282351-001-01-4,,['free fatty acid receptor agonist'],9.487343,-0.41086876
BR00117011,C20,U2OS,48,ponatinib,compound,BRD-K44227013-001-08-0,,"['PDGFR tyrosine kinase receptor inhibitor', 'FLT3 inhibitor', 'Bcr-Abl kinase inhibitor']",15.873772,0.28298485
BR00117011,C21,U2OS,48,DMSO,compound,,negcon,,8.829248,-0.6713568
BR00117011,C22,U2OS,48,puromycin,compound,BRD-K01824976-300-02-9,,['protein synthesis inhibitor'],16.027792,0.20726529
BR00117011,C23,U2OS,48,SRC-kinase-inhibitor-I,compound,BRD-K50495309-001-02-0,,['src inhibitor'],12.0739155,2.7749474
BR00117011,C24,U2OS,48,acetylcysteine,compound,BRD-K59058747-001-19-1,,,9.766249,2.2575643
BR00117011,D01,U2OS,48,NSC-625987,compound,BRD-K62949423-001-03-1,,['CDK inhibitor'],8.328528,1.4853735
BR00117011,D02,U2OS,48,dalfampridine,compound,BRD-K22482860-001-20-6,,['potassium channel blocker'],7.6684527,-0.6757296
BR00117011,D03,U2OS,48,NSC-95397,compound,BRD-K68143200-001-11-7,,['CDC inhibitor'],15.41143,-0.21983255
BR00117011,D04,U2OS,48,alrestatin,compound,BRD-K35498378-001-06-1,,['aldose reductase inhibitor'],8.512785,0.3644057
BR00117011,D05,U2OS,48,PF-03758309,compound,BRD-K37764012-001-03-3,poscon_diverse,['p21 activated kinase inhibitor'],7.8815866,0.2239946
BR00117011,D06,U2OS,48,IRL-2500,compound,BRD-K98357249-001-02-9,,['endothelin receptor antagonist'],8.746603,-0.4425883
BR00117011,D07,U2OS,48,PF-04217903,compound,BRD-K73319509-001-08-0,poscon_cp,,8.864875,-0.70842034
BR00117011,D08,U2OS,48,FK-866,compound,BRD-K58550667-001-08-7,poscon_diverse,,14.861657,-1.2420853
BR00117011,D09,U2OS,48,amlexanox,compound,BRD-K29530284-001-06-2,,,8.174869,-0.7974119
BR00117011,D10,U2OS,48,GW-311616,compound,BRD-K37864785-001-01-0,,['elastase inhibitor'],8.968208,-0.6948018
BR00117011,D11,U2OS,48,buparlisib,compound,BRD-K42191735-001-08-7,poscon_diverse,,15.043604,0.8743012
BR00117011,D12,U2OS,48,amiloride,compound,BRD-K97181089-003-24-7,,['sodium channel blocker'],8.420383,-0.5211987
BR00117011,D13,U2OS,48,DG-172,compound,BRD-K75748943-300-01-3,,,12.121798,2.774426
BR00117011,D14,U2OS,48,DMSO,compound,,negcon,,9.83135,-1.2195317
BR00117011,D15,U2OS,48,DMSO,compound,,negcon,,8.072568,0.14483759
BR00117011,D16,U2OS,48,NVP-ADW742,compound,BRD-K15179513-001-04-2,poscon_cp,,13.117215,2.535988
BR00117011,D17,U2OS,48,misoprostol,compound,BRD-A72351335-001-04-5,,['prostanoid receptor agonist'],10.603954,1.4563277
BR00117011,D18,U2OS,48,conivaptan,compound,BRD-K37385792-003-02-1,,,11.202318,2.1703594
BR00117011,D19,U2OS,48,spiroxatrine,compound,BRD-A72483914-001-03-7,,['serotonin receptor antagonist'],10.018028,-0.30996522
BR00117011,D20,U2OS,48,diacerein,compound,BRD-K69122748-001-10-1,,,7.7734356,-0.5882376
BR00117011,D21,U2OS,48,DMSO,compound,,negcon,,8.025155,-0.905331
BR00117011,D22,U2OS,48,DMSO,compound,,negcon,,7.6385784,-1.1695725
BR00117011,D23,U2OS,48,glyburide,compound,BRD-K36927236-001-36-7,,['ATP channel blocker'],9.513024,0.8294726
BR00117011,D24,U2OS,48,ANR-94,compound,BRD-K31170746-001-01-6,,,9.347093,1.6638558
BR00117011,E01,U2OS,48,TFC-007,compound,BRD-K57708067-001-01-3,,,9.063461,0.6466784
BR00117011,E02,U2OS,48,trihexyphenidyl,compound,BRD-A48180038-003-24-3,,['acetylcholine receptor antagonist'],9.870278,-0.5153955
BR00117011,E03,U2OS,48,epoprostenol,compound,BRD-K64054020-001-02-7,,,8.133958,-1.4952815
BR00117011,E04,U2OS,48,sacubitril,compound,BRD-K91456750-001-01-9,,,8.040506,-1.0859356
BR00117011,E05,U2OS,48,danusertib,compound,BRD-K07881437-001-03-8,poscon_diverse,"['growth factor receptor inhibitor', 'Aurora kinase inhibitor']",12.492932,-1.4141424
BR00117011,E06,U2OS,48,CYT-997,compound,BRD-K23363278-001-02-1,poscon_diverse,['tubulin polymerization inhibitor'],14.850195,1.1251272
BR00117011,E07,U2OS,48,DMSO,compound,,negcon,,8.062496,-1.0972778
BR00117011,E08,U2OS,48,BQ-788,compound,BRD-K02490038-236-03-8,,['endothelin receptor antagonist'],8.094988,-0.7392461
BR00117011,E09,U2OS,48,SB-202190,compound,BRD-K54330070-001-19-6,poscon_orf,['p38 MAPK inhibitor'],10.874351,-0.03457777
BR00117011,E10,U2OS,48,GSK2110183,compound,BRD-K25412176-001-01-9,poscon_diverse,,11.219484,0.8407544
BR00117011,E11,U2OS,48,GSK3787,compound,BRD-K03155172-001-03-0,,['PPAR receptor antagonist'],8.364891,-0.9184734
BR00117011,E12,U2OS,48,BAM7,compound,BRD-K07442505-001-03-6,,,10.2622385,0.13372886
BR00117011,E13,U2OS,48,PHA-793887,compound,BRD-K64800655-001-09-0,poscon_diverse,['CDK inhibitor'],14.237702,0.11175451
BR00117011,E14,U2OS,48,DMSO,compound,,negcon,,9.380862,0.04618526
BR00117011,E15,U2OS,48,GSK-37647,compound,BRD-K26514105-001-01-7,,['free fatty acid receptor agonist'],10.386056,-0.3718254
BR00117011,E16,U2OS,48,desonide,compound,BRD-K21528677-001-04-4,,['glucocorticoid receptor agonist'],10.64841,0.7556593
BR00117011,E17,U2OS,48,DMSO,compound,,negcon,,8.51298,-0.67376685
BR00117011,E18,U2OS,48,aloxistatin,compound,BRD-K91188791-001-17-5,,,12.226281,3.0527775
BR00117011,E19,U2OS,48,azathioprine,compound,BRD-K32821942-001-22-1,,,9.496978,-0.09684441
BR00117011,E20,U2OS,48,ZK-93423,compound,BRD-K33882852-003-02-8,poscon_diverse,['benzodiazepine receptor agonist'],10.55816,2.3417475
BR00117011,E21,U2OS,48,BI-2536,compound,BRD-K64890080-001-02-1,poscon_diverse,,14.684376,1.329975
BR00117011,E22,U2OS,48,EI1,compound,BRD-K91535048-001-01-2,poscon_cp,['histone lysine methyltransferase inhibitor'],10.48742,1.6619714
BR00117011,E23,U2OS,48,NVP-HSP990,compound,BRD-K67915505-001-01-2,,['HSP inhibitor'],14.988661,0.22083236
BR00117011,E24,U2OS,48,DMSO,compound,,negcon,,9.412375,1.9677527
BR00117011,F01,U2OS,48,DMSO,compound,,negcon,,8.090296,0.9950407
BR00117011,F02,U2OS,48,nialamide,compound,BRD-K12102668-001-25-5,,,8.925281,-0.30634594
BR00117011,F03,U2OS,48,DMSO,compound,,negcon,,8.104774,-0.16096623
BR00117011,F04,U2OS,48,arundic-acid,compound,BRD-K49223707-001-01-0,,,8.203215,-0.042423073
BR00117011,F05,U2OS,48,torcitabine,compound,BRD-K91822704-003-07-2,,,8.240122,-0.084322296
BR00117011,F06,U2OS,48,DMSO,compound,,negcon,,8.685543,-0.18689841
BR00117011,F07,U2OS,48,epothilone-b,compound,BRD-K68164687-001-01-6,,"['microtubule stabilizing agent', 'tubulin polymerization inhibitor']",14.210896,1.0196995
BR00117011,F08,U2OS,48,dyphylline,compound,BRD-A00827783-001-24-6,,['phosphodiesterase inhibitor'],8.684474,0.19368196
BR00117011,F09,U2OS,48,DMSO,compound,,negcon,,7.835997,-0.48040792
BR00117011,F10,U2OS,48,quinidine,compound,BRD-K59632282-052-03-1,,['sodium channel blocker'],10.075249,2.432154
BR00117011,F11,U2OS,48,halopemide,compound,BRD-K50055394-001-03-6,,,10.726937,0.8201998
BR00117011,F12,U2OS,48,sulfinpyrazone,compound,BRD-A36217750-001-16-3,,,8.261236,0.085874595
BR00117011,F13,U2OS,48,ML-323,compound,BRD-K93942811-001-01-3,poscon_cp,['ubiquitin specific protease inhibitor'],10.299028,2.314908
BR00117011,F14,U2OS,48,racecadotril,compound,BRD-A08187463-001-12-9,,,9.142032,0.87348807
BR00117011,F15,U2OS,48,BRL-50481,compound,BRD-K84266862-001-03-2,,['phosphodiesterase inhibitor'],8.072675,-0.75260496
BR00117011,F16,U2OS,48,GSK2110183,compound,BRD-K25412176-001-01-9,poscon_diverse,,11.161601,0.7398999
BR00117011,F17,U2OS,48,bufexamac,compound,BRD-K36660044-001-24-2,,['cyclooxygenase inhibitor'],11.079629,0.2207835
BR00117011,F18,U2OS,48,anandamide,compound,BRD-K42352790-001-05-3,,,8.324193,-0.08778127
BR00117011,F19,U2OS,48,thioguanine,compound,BRD-K49350383-001-13-7,poscon_diverse,,12.44362,0.26652455
BR00117011,F20,U2OS,48,IWP-L6,compound,BRD-K53234107-001-01-6,,['porcupine inhibitor'],10.318141,1.5493344
BR00117011,F21,U2OS,48,edoxaban,compound,BRD-K29322660-001-01-9,,['coagulation factor inhibitor'],8.940779,0.1833914
BR00117011,F22,U2OS,48,lonafarnib,compound,BRD-K41599323-001-02-3,poscon_diverse,,11.911627,0.7535597
BR00117011,F23,U2OS,48,ibutamoren,compound,BRD-K44771174-066-01-0,,,10.248165,0.72993517
BR00117011,F24,U2OS,48,somatostatin,compound,BRD-K14681867-001-01-6,,['somatostatin receptor agonist'],9.523368,1.7985077
BR00117011,G01,U2OS,48,L-proline,compound,BRD-K01666412-001-02-0,,,9.011708,0.6335322
BR00117011,G02,U2OS,48,zamifenacin,compound,BRD-K80451230-051-02-6,,['acetylcholine receptor antagonist'],8.155537,-0.4694723
BR00117011,G03,U2OS,48,YC-1,compound,BRD-K60476892-001-16-1,,,14.81921,0.45707357
BR00117011,G04,U2OS,48,DMSO,compound,,negcon,,8.261562,-1.5534934
BR00117011,G05,U2OS,48,ME-0328,compound,BRD-K24283677-001-01-9,,['PPAR receptor antagonist'],10.066156,0.2895243
BR00117011,G06,U2OS,48,NSC-663284,compound,BRD-K03109492-001-02-2,,['CDC inhibitor'],16.14998,-0.20875832
BR00117011,G07,U2OS,48,CYM-50358,compound,BRD-K80666802-003-01-0,,,10.304174,0.3916628
BR00117011,G08,U2OS,48,trazodone,compound,BRD-K70778732-003-27-5,,"['adrenergic receptor antagonist', 'serotonin receptor antagonist']",8.31483,-0.8043422
BR00117011,G09,U2OS,48,DMSO,compound,,negcon,,7.7713118,-1.2031459
BR00117011,G10,U2OS,48,DMSO,compound,,negcon,,8.112969,-1.2081059
BR00117011,G11,U2OS,48,sulfasalazine,compound,BRD-K10670311-001-17-1,,['cyclooxygenase inhibitor'],8.50207,-1.1419326
BR00117011,G12,U2OS,48,"2,5-furandimethanol",compound,BRD-K29791386-001-01-8,,,8.066601,-0.6535732
BR00117011,G13,U2OS,48,DMSO,compound,,negcon,,8.276469,-0.9635748
BR00117011,G14,U2OS,48,dilazep,compound,BRD-K48722258-300-11-0,,,8.883424,1.0542291
BR00117011,G15,U2OS,48,felodipine,compound,BRD-A30815329-001-12-1,,['calcium channel blocker'],10.430508,0.50047153
BR00117011,G16,U2OS,48,paliperidone,compound,BRD-A99888680-001-05-3,,"['dopamine receptor antagonist', 'serotonin receptor antagonist']",8.984738,-0.10344712
BR00117011,G17,U2OS,48,purvalanol-a,compound,BRD-K50836978-001-03-3,poscon_orf,['CDK inhibitor'],12.193103,-0.7765134
BR00117011,G18,U2OS,48,DMSO,compound,,negcon,,7.7070475,-0.7250157
BR00117011,G19,U2OS,48,Ro-1138452,compound,BRD-K77220725-003-01-5,,['prostanoid receptor antagonist'],9.222879,-0.31851226
BR00117011,G20,U2OS,48,sorbinil,compound,BRD-A89164055-001-03-3,,['aldose reductase inhibitor'],8.029523,-0.26636043
BR00117011,G21,U2OS,48,TC-S-7004,compound,BRD-K89517477-001-01-4,poscon_cp,['DYRK inhibitor'],11.155072,0.18622315
BR00117011,G22,U2OS,48,saclofen,compound,BRD-A24122750-001-03-7,,['GABA receptor antagonist'],9.6503315,0.98210776
BR00117011,G23,U2OS,48,BAY-87-2243,compound,BRD-K70463136-001-01-5,,,10.410642,2.1495442
BR00117011,G24,U2OS,48,ibudilast,compound,BRD-K16444452-001-09-1,,['phosphodiesterase inhibitor'],10.90883,1.4121917
BR00117011,H01,U2OS,48,briciclib,compound,BRD-K05531427-001-01-7,,,15.224725,0.90936697
BR00117011,H02,U2OS,48,2-Oleoylglycerol,compound,BRD-K77087341-001-02-4,,,8.759598,0.2224845
BR00117011,H03,U2OS,48,RGFP966,compound,BRD-K61688984-001-02-9,poscon_cp,['HDAC inhibitor'],11.702737,0.18716757
BR00117011,H04,U2OS,48,DMSO,compound,,negcon,,8.385252,-0.8283185
BR00117011,H05,U2OS,48,azacitidine,compound,BRD-K03406345-001-21-1,poscon_diverse,,10.30288,-0.193274
BR00117011,H06,U2OS,48,N6-cyclopentyladenosine,compound,BRD-K60150510-001-15-6,,,10.679271,-0.91683733
BR00117011,H07,U2OS,48,filgotinib,compound,BRD-K16803204-001-01-6,poscon_cp,['JAK inhibitor'],10.352044,-0.5538896
BR00117011,H08,U2OS,48,guanidine,compound,BRD-K76037122-001-02-5,,['HSP inhibitor'],10.864473,0.7892643
BR00117011,H09,U2OS,48,coumarin,compound,BRD-K23913458-001-20-7,,,9.056994,-0.61709696
BR00117011,H10,U2OS,48,DMSO,compound,,negcon,,7.9512544,0.059027806
BR00117011,H11,U2OS,48,ZM-336372,compound,BRD-K73789395-001-09-9,poscon_orf,['RAF inhibitor'],9.15861,0.6414483
BR00117011,H12,U2OS,48,citric-acid,compound,BRD-K76792669-001-08-1,,['coagulation factor inhibitor'],7.776738,-0.12102391
BR00117011,H13,U2OS,48,DMSO,compound,,negcon,,8.015053,-0.009417433
BR00117011,H14,U2OS,48,CCG-63802,compound,BRD-K26970495-001-02-7,,['G protein signaling inhibitor'],9.727937,1.8983039
BR00117011,H15,U2OS,48,ibutilide,compound,BRD-A74391928-051-03-9,,['potassium channel blocker'],9.988873,0.87183934
BR00117011,H16,U2OS,48,batimastat,compound,BRD-K82818427-001-04-8,,['matrix metalloprotease inhibitor'],11.029927,1.7811012
BR00117011,H17,U2OS,48,DMSO,compound,,negcon,,8.452327,-0.30461222
BR00117011,H18,U2OS,48,DMSO,compound,,negcon,,7.9755025,-0.88934106
BR00117011,H19,U2OS,48,UNC1999,compound,BRD-K26989966-001-04-3,poscon_cp,['histone lysine methyltransferase inhibitor'],15.180351,0.2208906
BR00117011,H20,U2OS,48,glutamine-(l),compound,BRD-K83896451-001-06-7,,,8.706699,0.677215
BR00117011,H21,U2OS,48,PD-98059,compound,BRD-K62810658-001-11-4,poscon_orf,,8.784622,0.89098537
BR00117011,H22,U2OS,48,enilconazole,compound,BRD-K01825690-065-01-9,,,8.025284,0.017135615
BR00117011,H23,U2OS,48,N-alpha-Methylhistamine-dihydrochloride,compound,BRD-K75390981-300-04-9,,['histamine receptor agonist'],9.079068,0.97341555
BR00117011,H24,U2OS,48,GK921,compound,BRD-K38272302-001-02-7,,,14.554342,0.3983513
BR00117011,I01,U2OS,48,nilvadipine,compound,BRD-A84687895-001-03-2,,['calcium channel blocker'],9.17378,1.0214641
BR00117011,I02,U2OS,48,DMSO,compound,,negcon,,7.850992,-0.64198834
BR00117011,I03,U2OS,48,AC-710,compound,BRD-K15819326-001-01-6,,['PDGFR tyrosine kinase receptor inhibitor'],12.542581,2.3880663
BR00117011,I04,U2OS,48,PETCM,compound,BRD-A93477898-001-04-2,,,8.854558,-0.4901205
BR00117011,I05,U2OS,48,AZD7762,compound,BRD-K86525559-001-07-8,poscon_diverse,['CHK inhibitor'],15.82498,-0.34224695
BR00117011,I06,U2OS,48,PHA-793887,compound,BRD-K64800655-001-09-0,poscon_diverse,['CDK inhibitor'],14.360189,0.10285954
BR00117011,I07,U2OS,48,KU-60019,compound,BRD-K36016295-001-05-2,,['ATM kinase inhibitor'],13.432714,2.0224605
BR00117011,I08,U2OS,48,nafamostat,compound,BRD-K06674495-334-04-0,,,10.7903,0.057019416
BR00117011,I09,U2OS,48,DMSO,compound,,negcon,,8.358287,-0.480982
BR00117011,I10,U2OS,48,DMSO,compound,,negcon,,8.586872,-1.0221539
BR00117011,I11,U2OS,48,taladegib,compound,BRD-K50498985-001-03-3,,['smoothened receptor antagonist'],9.437962,1.2088935
BR00117011,I12,U2OS,48,acetohexamide,compound,BRD-K52960356-001-13-0,,['ATP channel blocker'],8.198537,-0.57421243
BR00117011,I13,U2OS,48,minocycline,compound,BRD-A69651145-003-11-4,,,11.024993,0.55015534
BR00117011,I14,U2OS,48,BI-2536,compound,BRD-K64890080-001-02-1,poscon_diverse,,14.7280655,1.1652061
BR00117011,I15,U2OS,48,riociguat,compound,BRD-K84783599-001-01-0,,,8.513737,-0.6254302
BR00117011,I16,U2OS,48,CP-724714,compound,BRD-K76908866-001-07-6,poscon_cp,"['EGFR inhibitor', 'protein tyrosine kinase inhibitor']",10.938192,1.9946724
BR00117011,I17,U2OS,48,ganetespib,compound,BRD-K38852836-001-04-9,poscon_diverse,['HSP inhibitor'],15.047983,-0.023653785
BR00117011,I18,U2OS,48,AZ191,compound,BRD-K80935598-001-01-1,poscon_cp,['DYRK inhibitor'],13.196756,2.77048
BR00117011,I19,U2OS,48,BAX-channel-blocker,compound,BRD-A18763547-300-06-3,,,14.273478,1.2877445
BR00117011,I20,U2OS,48,SU3327,compound,BRD-K32730239-001-01-0,,['JNK inhibitor'],15.817822,0.13357796
BR00117011,I21,U2OS,48,DMSO,compound,,negcon,,8.480669,0.24656424
BR00117011,I22,U2OS,48,DMSO,compound,,negcon,,8.359954,-0.45711428
BR00117011,I23,U2OS,48,octreotide,compound,BRD-A64173453-015-03-1,,['somatostatin receptor agonist'],8.585815,-0.16202903
BR00117011,I24,U2OS,48,1-octanol,compound,BRD-K09338665-001-08-9,,,9.954758,2.0808585
BR00117011,J01,U2OS,48,acalabrutinib,compound,BRD-K64034691-001-01-9,,"[""Bruton's tyrosine kinase (BTK) inhibitor""]",8.335122,1.5291197
BR00117011,J02,U2OS,48,rifamycin,compound,BRD-K38512030-001-01-7,,,9.225222,0.20506617
BR00117011,J03,U2OS,48,pazopanib,compound,BRD-K74514084-003-09-2,,"['KIT inhibitor', 'VEGFR inhibitor', 'PDGFR tyrosine kinase receptor inhibitor']",11.615189,0.79559714
BR00117011,J04,U2OS,48,RKI-1447,compound,BRD-K19333160-001-01-3,poscon_cp,,12.069645,1.6081305
BR00117011,J05,U2OS,48,vitamin-E,compound,BRD-K97091514-001-11-4,,['PKC inhibitor'],8.327585,-0.7683017
BR00117011,J06,U2OS,48,lonafarnib,compound,BRD-K41599323-001-02-3,poscon_diverse,,11.741624,0.95259476
BR00117011,J07,U2OS,48,ethyl-pyruvate,compound,BRD-K47738867-001-01-5,,,8.44675,0.30765724
BR00117011,J08,U2OS,48,picrotin,compound,BRD-A91822151-001-05-0,,['GABA receptor antagonist'],8.037163,-0.24864659
BR00117011,J09,U2OS,48,SGX523,compound,BRD-K19477839-001-07-6,poscon_cp,,8.750105,0.71816164
BR00117011,J10,U2OS,48,PP-2,compound,BRD-K95785537-001-22-3,,['src inhibitor'],12.154812,0.47937903
BR00117011,J11,U2OS,48,ME-0328,compound,BRD-A63444178-001-01-5,,['PPAR receptor antagonist'],10.136186,0.8844601
BR00117011,J12,U2OS,48,AZD9668,compound,BRD-K31476763-001-01-5,,['elastase inhibitor'],10.008292,0.69363374
BR00117011,J13,U2OS,48,NQDI-1,compound,BRD-K61918008-001-07-1,,,9.689607,0.7082662
BR00117011,J14,U2OS,48,DMSO,compound,,negcon,,8.20859,-0.36809105
BR00117011,J15,U2OS,48,carzenide,compound,BRD-K09295674-001-09-8,,,9.552741,-0.8306814
BR00117011,J16,U2OS,48,KU-55933,compound,BRD-K25311561-001-10-7,,['ATM kinase inhibitor'],10.96445,0.31505132
BR00117011,J17,U2OS,48,NVP-AEW541,compound,BRD-K24696047-001-02-3,poscon_cp,['IGF-1 inhibitor'],12.302583,2.7650666
BR00117011,J18,U2OS,48,leflunomide,compound,BRD-K78692225-001-24-5,,['PDGFR tyrosine kinase receptor inhibitor'],9.29371,0.63699627
BR00117011,J19,U2OS,48,DMSO,compound,,negcon,,8.11489,-0.6152978
BR00117011,J20,U2OS,48,azacitidine,compound,BRD-K03406345-001-21-1,poscon_diverse,,10.257609,-0.35564274
BR00117011,J21,U2OS,48,ixabepilone,compound,BRD-K03601870-001-01-2,,['microtubule stabilizing agent'],14.729601,0.9319316
BR00117011,J22,U2OS,48,KH-CB19,compound,BRD-K66430217-001-03-8,poscon_cp,['CDC inhibitor'],9.490324,0.7992767
BR00117011,J23,U2OS,48,DMSO,compound,,negcon,,9.361055,-0.6540483
BR00117011,J24,U2OS,48,PF-05190457,compound,BRD-K02554563-001-01-6,,,10.447867,1.764032
BR00117011,K01,U2OS,48,LDN-212854,compound,BRD-K59831625-001-03-9,,,15.795372,-0.008204691
BR00117011,K02,U2OS,48,formononetin,compound,BRD-K55567017-001-12-3,,['alcohol dehydrogenase inhibitor'],8.276959,0.29590338
BR00117011,K03,U2OS,48,aminopurvalanol-a,compound,BRD-K07762753-001-05-1,poscon_orf,['CDK inhibitor'],12.418037,-0.75643677
BR00117011,K04,U2OS,48,ruxolitinib,compound,BRD-K53972329-001-01-3,poscon_cp,['JAK inhibitor'],10.501177,-0.56993055
BR00117011,K05,U2OS,48,DMSO,compound,,negcon,,7.7469707,-1.1731384
BR00117011,K06,U2OS,48,DMSO,compound,,negcon,,7.922314,-1.2445002
BR00117011,K07,U2OS,48,LGK-974,compound,BRD-K16810791-001-01-0,,['porcupine inhibitor'],10.283694,-0.17362714
BR00117011,K08,U2OS,48,polydatin,compound,BRD-K43236057-001-07-1,,['ICAM1 expression inhibitor'],12.575351,1.003245
BR00117011,K09,U2OS,48,enflurane,compound,BRD-A51831848-001-01-7,,,7.6636076,-0.7680195
BR00117011,K10,U2OS,48,PFI-1,compound,BRD-K13094524-001-04-2,poscon_cp,,7.614675,-0.46692118
BR00117011,K11,U2OS,48,AZD7762,compound,BRD-K86525559-001-07-8,poscon_diverse,['CHK inhibitor'],15.74936,-0.4992291
BR00117011,K12,U2OS,48,sotrastaurin,compound,BRD-K16761703-001-03-8,,['PKC inhibitor'],10.939325,-0.21863346
BR00117011,K13,U2OS,48,DMSO,compound,,negcon,,7.9708614,-1.2569748
BR00117011,K14,U2OS,48,cycloheximide,compound,BRD-K36055864-001-20-0,,['protein synthesis inhibitor'],14.4055195,0.36881068
BR00117011,K15,U2OS,48,oxytocin,compound,BRD-K25243230-001-01-2,,,8.38375,-0.3118856
BR00117011,K16,U2OS,48,DMSO,compound,,negcon,,7.846859,-0.8807098
BR00117011,K17,U2OS,48,colchicine,compound,BRD-K00259736-001-16-4,,,15.353521,0.78385717
BR00117011,K18,U2OS,48,afimoxifene,compound,BRD-K04210847-001-21-9,,,11.064694,2.1054144
BR00117011,K19,U2OS,48,DMSO,compound,,negcon,,8.153173,-0.6647272
BR00117011,K20,U2OS,48,ZK-93423,compound,BRD-K33882852-003-02-8,poscon_diverse,['benzodiazepine receptor agonist'],10.4242325,2.2956555
BR00117011,K21,U2OS,48,RGB-286638,compound,BRD-K20986415-001-02-6,,['CDK inhibitor'],13.769862,1.701256
BR00117011,K22,U2OS,48,FPS-ZM1,compound,BRD-K87691185-001-01-2,,['RAGE receptor antagonist'],9.892872,1.482946
BR00117011,K23,U2OS,48,flindokalner,compound,BRD-K56740996-001-02-1,,,9.515934,1.2457439
BR00117011,K24,U2OS,48,motesanib,compound,BRD-K99616396-316-05-3,,"['KIT inhibitor', 'VEGFR inhibitor', 'PDGFR tyrosine kinase receptor inhibitor']",11.231903,2.2373118
BR00117011,L01,U2OS,48,geldanamycin,compound,BRD-K43570081-001-02-4,,['HSP inhibitor'],15.049868,0.22030713
BR00117011,L02,U2OS,48,DMSO,compound,,negcon,,8.37061,-0.10373529
BR00117011,L03,U2OS,48,CGP-53353,compound,BRD-K32292990-001-03-6,,"['PKC inhibitor', 'EGFR inhibitor']",9.004945,0.4298506
BR00117011,L04,U2OS,48,7-hydroxystaurosporine,compound,BRD-K45293975-001-02-0,,"['CDK inhibitor', 'PKC inhibitor', 'CHK inhibitor']",15.57131,-0.40091944
BR00117011,L05,U2OS,48,DMSO,compound,,negcon,,8.078694,-0.49416512
BR00117011,L06,U2OS,48,DMSO,compound,,negcon,,7.843222,-0.42755908
BR00117011,L07,U2OS,48,efaproxiral,compound,BRD-K37355418-236-01-6,,,7.706331,-0.44139278
BR00117011,L08,U2OS,48,SB-203580,compound,BRD-A37704979-001-12-3,poscon_orf,['p38 MAPK inhibitor'],11.27946,-0.3206365
BR00117011,L09,U2OS,48,FK-866,compound,BRD-K58550667-001-08-7,poscon_diverse,,14.856712,-1.2732219
BR00117011,L10,U2OS,48,bepridil,compound,BRD-A91008255-003-24-8,,['calcium channel blocker'],10.229202,1.4869173
BR00117011,L11,U2OS,48,delanzomib,compound,BRD-K59325863-001-04-4,,,15.76587,-0.058066376
BR00117011,L12,U2OS,48,buparlisib,compound,BRD-K42191735-001-08-7,poscon_diverse,,14.824675,1.0040756
BR00117011,L13,U2OS,48,phenylbutazone,compound,BRD-K10843433-001-23-5,,"['cyclooxygenase inhibitor', 'prostanoid receptor antagonist']",9.495427,0.26106912
BR00117011,L14,U2OS,48,deferasirox,compound,BRD-K97010173-001-04-1,,,12.013733,-1.0850953
BR00117011,L15,U2OS,48,DMSO,compound,,negcon,,7.8155923,-0.42145553
BR00117011,L16,U2OS,48,cediranib,compound,BRD-K86930074-001-05-0,,"['KIT inhibitor', 'VEGFR inhibitor']",12.5808325,2.9564834
BR00117011,L17,U2OS,48,isoflurane,compound,BRD-A31564021-001-02-6,,,11.442476,0.45333123
BR00117011,L18,U2OS,48,DMSO,compound,,negcon,,7.874154,0.049770437
BR00117011,L19,U2OS,48,CCG-50014,compound,BRD-K08893438-001-06-4,,['G protein signaling inhibitor'],15.596874,-0.1409173
BR00117011,L20,U2OS,48,PF-431396,compound,BRD-K93788137-001-04-1,,,12.60041,-1.4734304
BR00117011,L21,U2OS,48,TG-02,compound,BRD-K14560436-001-01-4,,"['CDK inhibitor', 'FLT3 inhibitor', 'JAK inhibitor']",14.865631,0.11152977
BR00117011,L22,U2OS,48,baclofen,compound,BRD-K01826724-003-07-9,,['benzodiazepine receptor agonist'],9.40755,-0.4446288
BR00117011,L23,U2OS,48,thiostrepton,compound,BRD-A20697603-001-07-2,,['protein synthesis inhibitor'],13.8441725,1.0082583
BR00117011,L24,U2OS,48,flufenamic-acid,compound,BRD-K44067360-001-29-5,,,8.79783,0.38839886
BR00117011,M01,U2OS,48,DMSO,compound,,negcon,,8.6181,1.4425256
BR00117011,M02,U2OS,48,LY2109761,compound,BRD-K47557313-001-02-7,,,11.574299,0.012710181
BR00117011,M03,U2OS,48,olopatadine,compound,BRD-K67637637-003-11-8,,['histamine receptor antagonist'],7.7659383,-1.273419
BR00117011,M04,U2OS,48,DMSO,compound,,negcon,,7.808638,-1.3345183
BR00117011,M05,U2OS,48,castanospermine,compound,BRD-K20897876-001-11-8,,['glucosidase inhibitor'],8.792602,-1.7271656
BR00117011,M06,U2OS,48,A205804,compound,BRD-K77627880-001-04-0,,['ICAM1 expression inhibitor'],10.991988,-0.95786136
BR00117011,M07,U2OS,48,VU591,compound,BRD-K72063794-003-01-0,,['potassium channel blocker'],9.049092,0.27312273
BR00117011,M08,U2OS,48,dalbavancin,compound,BRD-K30177383-001-01-0,,['bacterial cell wall synthesis inhibitor'],9.664516,0.6613585
BR00117011,M09,U2OS,48,CC-401,compound,BRD-K45746021-003-01-9,,['JNK inhibitor'],10.493608,-0.5375362
BR00117011,M10,U2OS,48,ganetespib,compound,BRD-K38852836-001-04-9,poscon_diverse,['HSP inhibitor'],15.096732,0.15875405
BR00117011,M11,U2OS,48,ingenol-mebutate,compound,BRD-K93779381-001-01-9,,,11.260262,1.5965708
BR00117011,M12,U2OS,48,menadione,compound,BRD-K78126613-001-27-7,,,14.085319,0.5910158
BR00117011,M13,U2OS,48,cetilistat,compound,BRD-K94863486-001-02-2,,,8.91027,-0.84829366
BR00117011,M14,U2OS,48,methoxsalen,compound,BRD-K63430059-001-16-4,,['DNA synthesis inhibitor'],8.686885,-0.31082237
BR00117011,M15,U2OS,48,cyclosporine,compound,BRD-K13533483-001-16-2,,,12.307363,0.4455039
BR00117011,M16,U2OS,48,NSC-632839,compound,BRD-K81197548-003-01-4,poscon_cp,['ubiquitin specific protease inhibitor'],15.682028,0.004457201
BR00117011,M17,U2OS,48,DMSO,compound,,negcon,,8.343531,-1.3023999
BR00117011,M18,U2OS,48,TG-003,compound,BRD-K97072811-001-11-4,poscon_cp,,8.414034,0.4302144
BR00117011,M19,U2OS,48,oxibendazole,compound,BRD-K52075715-001-06-7,,['tubulin polymerization inhibitor'],14.780294,0.9223485
BR00117011,M20,U2OS,48,TG-101348,compound,BRD-K12502280-001-11-4,poscon_cp,"['JAK inhibitor', 'FLT3 inhibitor']",14.592832,1.3865725
BR00117011,M21,U2OS,48,miglitol,compound,BRD-A63310107-001-04-8,,['glucosidase inhibitor'],9.178468,1.1116582
BR00117011,M22,U2OS,48,DMSO,compound,,negcon,,8.488058,-0.70093715
BR00117011,M23,U2OS,48,DMSO,compound,,negcon,,8.345286,0.22903775
BR00117011,M24,U2OS,48,tranilast,compound,BRD-K17849083-001-32-9,,,10.426335,1.2912346
BR00117011,N01,U2OS,48,4-methylhistamine,compound,BRD-K70821460-300-02-4,,['histamine receptor agonist'],9.103307,1.8726854
BR00117011,N02,U2OS,48,LDN-27219,compound,BRD-K51485109-001-01-4,,,8.426596,0.65243965
BR00117011,N03,U2OS,48,anisomycin,compound,BRD-K91370081-001-25-1,,['DNA synthesis inhibitor'],15.191903,-0.09212534
BR00117011,N04,U2OS,48,thioguanine,compound,BRD-K49350383-001-13-7,poscon_diverse,,12.510789,0.17169107
BR00117011,N05,U2OS,48,droxinostat,compound,BRD-K11558771-001-13-9,,['HDAC inhibitor'],11.009169,1.1282665
BR00117011,N06,U2OS,48,UNC2025,compound,BRD-K91283740-003-01-6,poscon_cp,['FLT3 inhibitor'],14.888538,0.4951301
BR00117011,N07,U2OS,48,DMSO,compound,,negcon,,7.998777,-0.29010662
BR00117011,N08,U2OS,48,DMSO,compound,,negcon,,8.10169,-0.14553249
BR00117011,N09,U2OS,48,AMG900,compound,BRD-K21728777-001-02-3,poscon_cp,['Aurora kinase inhibitor'],12.522199,-1.5334159
BR00117011,N10,U2OS,48,PF-06463922,compound,BRD-A23124853-001-01-4,,['ALK tyrosine kinase receptor inhibitor'],11.719658,1.3640859
BR00117011,N11,U2OS,48,orantinib,compound,BRD-K55966568-001-09-6,poscon_cp,"['FGFR inhibitor', 'PDGFR tyrosine kinase receptor inhibitor', 'VEGFR inhibitor']",9.910099,0.8444445
BR00117011,N12,U2OS,48,fludarabine-phosphate,compound,BRD-K71106091-001-09-5,,['ribonucleotide reductase inhibitor'],12.280999,-1.2511739
BR00117011,N13,U2OS,48,ceritinib,compound,BRD-K22149900-001-06-2,,['ALK tyrosine kinase receptor inhibitor'],12.103525,2.109448
BR00117011,N14,U2OS,48,NVS-PAK1-1,compound,BRD-K28132190-001-02-0,poscon_cp,['p21 activated kinase inhibitor'],12.187198,1.3220575
BR00117011,N15,U2OS,48,homoharringtonine,compound,BRD-K76674262-001-03-3,,['protein synthesis inhibitor'],15.075907,-0.19358079
BR00117011,N16,U2OS,48,picrotoxinin,compound,BRD-K36461289-001-05-8,,['GABA receptor antagonist'],8.436944,0.40355265
BR00117011,N17,U2OS,48,DMSO,compound,,negcon,,7.6535153,-1.1448174
BR00117011,N18,U2OS,48,danusertib,compound,BRD-K07881437-001-03-8,poscon_diverse,"['growth factor receptor inhibitor', 'Aurora kinase inhibitor']",12.456844,-1.2820697
BR00117011,N19,U2OS,48,romidepsin,compound,BRD-K61397605-001-01-8,poscon_cp,['HDAC inhibitor'],15.619314,0.14486402
BR00117011,N20,U2OS,48,FERb-033,compound,BRD-K61642990-001-01-0,poscon_cp,['EGFR inhibitor'],11.214625,1.942697
BR00117011,N21,U2OS,48,PF-03758309,compound,BRD-K37764012-001-03-3,poscon_diverse,['p21 activated kinase inhibitor'],14.515241,-0.057004098
BR00117011,N22,U2OS,48,DMSO,compound,,negcon,,8.52313,0.9469336
BR00117011,N23,U2OS,48,trometamol,compound,BRD-K47978074-001-03-2,,,7.9948235,0.70999503
BR00117011,N24,U2OS,48,simvastatin,compound,BRD-K22134346-001-22-3,,['HMGCR inhibitor'],12.240798,0.97577155
BR00117011,O01,U2OS,48,zaprinast,compound,BRD-K16542329-001-16-8,,['phosphodiesterase inhibitor'],8.776035,1.1833446
BR00117011,O02,U2OS,48,dexamethasone,compound,BRD-A10188456-001-04-9,,['glucocorticoid receptor agonist'],10.423669,0.7313046
BR00117011,O03,U2OS,48,salicylic-acid,compound,BRD-K93632104-001-17-2,,['cyclooxygenase inhibitor'],7.711371,-1.2069414
BR00117011,O04,U2OS,48,diltiazem,compound,BRD-A69636825-003-04-7,,['calcium channel blocker'],10.595025,-0.7463991
BR00117011,O05,U2OS,48,phenolphthalein,compound,BRD-K19227686-001-18-6,,,9.156203,-1.0276186
BR00117011,O06,U2OS,48,niflumic-acid,compound,BRD-K98763141-001-30-8,,['cyclooxygenase inhibitor'],8.9674015,0.46813735
BR00117011,O07,U2OS,48,DMSO,compound,,negcon,,8.456348,-0.10635645
BR00117011,O08,U2OS,48,L-Cystine,compound,BRD-A15397381-001-02-5,,,8.425093,-0.20882826
BR00117011,O09,U2OS,48,ozanimod,compound,BRD-K46625559-001-01-8,,['sphingosine 1 phosphate receptor agonist'],11.882014,2.5919158
BR00117011,O10,U2OS,48,efaroxan,compound,BRD-A10739734-003-09-8,,['adrenergic receptor antagonist'],7.6929903,-0.51615137
BR00117011,O11,U2OS,48,NBQX,compound,BRD-K11796549-001-05-2,,['glutamate receptor antagonist'],7.7078867,-0.6963451
BR00117011,O12,U2OS,48,dinoprostone,compound,BRD-K26521938-001-07-2,,['prostanoid receptor agonist'],9.134824,-0.836751
BR00117011,O13,U2OS,48,Ro-20-1724,compound,BRD-A07207424-001-14-0,,['phosphodiesterase inhibitor'],8.330397,-0.29934847
BR00117011,O14,U2OS,48,xanomeline,compound,BRD-K72815923-034-02-0,,['acetylcholine receptor agonist'],8.848038,-0.26140395
BR00117011,O15,U2OS,48,terazosin,compound,BRD-K01825589-310-02-9,,['adrenergic receptor antagonist'],7.842424,0.24511924
BR00117011,O16,U2OS,48,BVT-948,compound,BRD-K68567222-001-01-2,,,14.328419,-0.44704384
BR00117011,O17,U2OS,48,nicotine,compound,BRD-K01825660-322-01-9,,['acetylcholine receptor agonist'],9.6575985,0.347046
BR00117011,O18,U2OS,48,DMSO,compound,,negcon,,8.152617,-0.7173344
BR00117011,O19,U2OS,48,U-0521,compound,BRD-K08953028-001-09-6,,,9.613876,0.67587674
BR00117011,O20,U2OS,48,BMS-587101,compound,BRD-K20093108-001-02-3,,,9.201597,0.36735547
BR00117011,O21,U2OS,48,nimodipine,compound,BRD-A58048407-001-20-4,,['calcium channel blocker'],9.603679,1.2496266
BR00117011,O22,U2OS,48,pyrrolidine-dithiocarbamate,compound,BRD-K80970344-201-08-6,,,15.916379,0.3375085
BR00117011,O23,U2OS,48,PF-915275,compound,BRD-K18289362-001-02-2,,,9.8717985,2.1126268
BR00117011,O24,U2OS,48,JTE-013,compound,BRD-K43330982-001-02-3,,,10.063643,2.676486
BR00117011,P01,U2OS,48,sodium-butyrate,compound,BRD-K05878375-236-05-7,,['HDAC inhibitor'],8.9189005,2.8104296
BR00117011,P02,U2OS,48,pentostatin,compound,BRD-K91543828-001-02-0,,['ribonucleotide reductase inhibitor'],8.725997,2.1939514
BR00117011,P03,U2OS,48,OMDM-2,compound,BRD-K48830578-001-01-9,,,9.139942,1.8817966
BR00117011,P04,U2OS,48,nalmefene,compound,BRD-A72767275-003-01-6,,,8.76062,1.9466124
BR00117011,P05,U2OS,48,DMSO,compound,,negcon,,8.299411,-0.13768871
BR00117011,P06,U2OS,48,1-EBIO,compound,BRD-K70586315-001-02-4,,,8.768451,1.7442805
BR00117011,P07,U2OS,48,SB-505124,compound,BRD-K40109029-001-02-9,,['ALK tyrosine kinase receptor inhibitor'],10.35969,2.7451327
BR00117011,P08,U2OS,48,prasugrel,compound,BRD-A83029242-001-06-1,,['purinergic receptor antagonist'],10.302954,1.9166758
BR00117011,P09,U2OS,48,pidolic-acid,compound,BRD-K57313110-001-06-8,,,9.124203,1.9690721
BR00117011,P10,U2OS,48,DMSO,compound,,negcon,,8.784557,2.312142
BR00117011,P11,U2OS,48,nevirapine,compound,BRD-K15502390-001-20-9,,,11.558178,2.306152
BR00117011,P12,U2OS,48,triamterene,compound,BRD-K92049597-001-20-8,,['sodium channel blocker'],9.639142,2.0315971
BR00117011,P13,U2OS,48,regorafenib,compound,BRD-K16730910-001-07-3,,"['PDGFR tyrosine kinase receptor inhibitor', 'RAF inhibitor', 'KIT inhibitor', 'RET tyrosine kinase inhibitor', 'FGFR inhibitor', 'VEGFR inhibitor']",10.803705,1.1213739
BR00117011,P14,U2OS,48,cyclophosphamide,compound,BRD-A09722536-002-18-0,,,9.007847,1.8757408
BR00117011,P15,U2OS,48,olanzapine,compound,BRD-K18895904-001-16-1,,"['dopamine receptor antagonist', 'serotonin receptor antagonist']",11.900584,2.75474
BR00117011,P16,U2OS,48,KI-16425,compound,BRD-A25569250-001-03-3,,['lysophosphatidic acid receptor antagonist'],8.902095,2.103252
BR00117011,P17,U2OS,48,SKLB1002,compound,BRD-K29895144-001-01-0,,['VEGFR inhibitor'],12.483809,-1.1617922
BR00117011,P18,U2OS,48,cilostazol,compound,BRD-K67017579-001-28-1,,['phosphodiesterase inhibitor'],9.941496,2.2615404
BR00117011,P19,U2OS,48,AZD1283,compound,BRD-K77060810-001-01-5,,['purinergic receptor antagonist'],8.709378,1.4291599
BR00117011,P20,U2OS,48,A-987306,compound,BRD-K68982262-001-01-4,,['histamine receptor antagonist'],12.262357,2.9494195
BR00117011,P21,U2OS,48,procaine,compound,BRD-K24616672-003-20-1,,['HMGCR inhibitor'],9.441591,1.492597
BR00117011,P22,U2OS,48,miconazole,compound,BRD-A82396632-008-30-8,,['bacterial cell wall synthesis inhibitor'],10.640622,1.8520224
BR00117011,P23,U2OS,48,loperamide,compound,BRD-K61250553-003-30-6,,,10.74126,2.0682347
BR00117011,P24,U2OS,48,aripiprazole,compound,BRD-K70358946-001-17-3,,['serotonin receptor antagonist'],9.706494,2.9988184
BR00117012,A01,U2OS,48,gabapentin-enacarbil,compound,BRD-A86665761-001-01-1,,,10.308091,-2.13773
BR00117012,A02,U2OS,48,DMSO,compound,,negcon,,9.741681,-2.1251612
BR00117012,A03,U2OS,48,amlodipine,compound,BRD-A22032524-074-09-9,,['calcium channel blocker'],10.883522,-1.5212833
BR00117012,A04,U2OS,48,hexestrol,compound,BRD-A01078468-001-14-8,,,10.342041,-1.944486
BR00117012,A05,U2OS,48,quinine,compound,BRD-K48278478-001-01-2,,,10.703439,-1.6126267
BR00117012,A06,U2OS,48,LOXO-101,compound,BRD-K36574127-001-01-3,,,10.426513,-1.9226086
BR00117012,A07,U2OS,48,brinzolamide,compound,BRD-K74913225-001-14-0,,['carbonic anhydrase inhibitor'],10.400096,-2.0133324
BR00117012,A08,U2OS,48,NS-11021,compound,BRD-K94342292-001-01-3,,['calcium-activated potassium channel activator'],11.147139,-1.1186463
BR00117012,A09,U2OS,48,DMSO,compound,,negcon,,9.564106,-1.4847442
BR00117012,A10,U2OS,48,GNF-5837,compound,BRD-K19975102-001-01-2,,['growth factor receptor inhibitor'],10.263652,-0.5641119
BR00117012,A11,U2OS,48,apatinib,compound,BRD-K25244359-066-02-6,,['RET tyrosine kinase inhibitor'],10.350747,-1.0146515
BR00117012,A12,U2OS,48,ethoxzolamide,compound,BRD-K18131774-001-18-4,,['carbonic anhydrase inhibitor'],10.321661,-1.448155
BR00117012,A13,U2OS,48,ascorbic-acid,compound,BRD-A85242401-001-11-5,,,10.919049,-1.2357317
BR00117012,A14,U2OS,48,ryuvidine,compound,BRD-K06426971-001-02-7,,['histone lysine methyltransferase inhibitor'],15.326924,0.17669265
BR00117012,A15,U2OS,48,BAN-ORL-24,compound,BRD-K47049295-300-03-1,,,13.242974,0.96587336
BR00117012,A16,U2OS,48,NNC-55-0396,compound,BRD-K78122587-300-04-3,,,12.655109,2.109389
BR00117012,A17,U2OS,48,DMSO,compound,,negcon,,10.460344,-1.3926771
BR00117012,A18,U2OS,48,WH-4-023,compound,BRD-K50199947-001-03-4,,['src inhibitor'],13.25473,1.1052763
BR00117012,A19,U2OS,48,flupirtine,compound,BRD-K50720187-051-03-1,,['glutamate receptor antagonist'],10.913853,-1.3358059
BR00117012,A20,U2OS,48,ZK811752,compound,BRD-K91825936-001-03-9,,,10.6659565,-1.4925584
BR00117012,A21,U2OS,48,dexamethasone,compound,BRD-K38775274-001-22-1,,['glucocorticoid receptor agonist'],10.58592,-1.5300956
BR00117012,A22,U2OS,48,PP-1,compound,BRD-K47598052-001-14-1,,['src inhibitor'],12.075378,-0.08384319
BR00117012,A23,U2OS,48,DDR1-IN-1,compound,BRD-K61845293-300-01-9,,,10.952048,-1.0203108
BR00117012,A24,U2OS,48,AVL-292,compound,BRD-K87782578-001-01-4,,"[""Bruton's tyrosine kinase (BTK) inhibitor""]",12.484819,-0.18278752
BR00117012,B01,U2OS,48,H2L-5765834,compound,BRD-K26439554-001-01-3,,['lysophosphatidic acid receptor antagonist'],9.722384,1.6580038
BR00117012,B02,U2OS,48,thiostrepton,compound,BRD-K58049875-001-03-9,,['protein synthesis inhibitor'],15.835691,-0.107707165
BR00117012,B03,U2OS,48,DMSO,compound,,negcon,,8.807527,-0.18667339
BR00117012,B04,U2OS,48,arcyriaflavin-a,compound,BRD-K72726508-001-02-1,,['CDK inhibitor'],12.452432,0.6862048
BR00117012,B05,U2OS,48,CYM-5520,compound,BRD-K29151923-001-01-5,,['sphingosine 1 phosphate receptor agonist'],10.118059,0.435166
BR00117012,B06,U2OS,48,fludarabine,compound,BRD-K66788707-001-14-3,,['ribonucleotide reductase inhibitor'],11.748031,-1.2460887
BR00117012,B07,U2OS,48,alda-1,compound,BRD-K06890060-001-09-1,,,8.965526,-0.74280125
BR00117012,B08,U2OS,48,meclofenamic-acid,compound,BRD-K50398167-236-22-7,,"['cyclooxygenase inhibitor', 'prostanoid receptor antagonist']",9.508778,-0.49865907
BR00117012,B09,U2OS,48,GNF-5,compound,BRD-K87632963-001-03-0,,['Bcr-Abl kinase inhibitor'],10.591657,0.67261314
BR00117012,B10,U2OS,48,NS-309,compound,BRD-K37602296-001-01-6,,['calcium-activated potassium channel activator'],10.225232,-0.34554645
BR00117012,B11,U2OS,48,AK-7,compound,BRD-K09143580-001-01-0,,['SIRT inhibitor'],10.1662855,1.6722438
BR00117012,B12,U2OS,48,BVT-948,compound,BRD-A22713669-001-04-3,,,16.173494,-0.40373516
BR00117012,B13,U2OS,48,SirReal-2,compound,BRD-K16472653-001-01-6,,['SIRT inhibitor'],10.127918,1.3591752
BR00117012,B14,U2OS,48,DMSO,compound,,negcon,,8.631022,0.6063156
BR00117012,B15,U2OS,48,BMS-536924,compound,BRD-K34581968-001-05-3,,['IGF-1 inhibitor'],12.8185835,0.4676781
BR00117012,B16,U2OS,48,PP-121,compound,BRD-K81801188-001-02-8,,['protein tyrosine kinase inhibitor'],14.48814,0.3301098
BR00117012,B17,U2OS,48,MCOPPB,compound,BRD-K73276278-305-01-1,,,13.224594,2.856095
BR00117012,B18,U2OS,48,ozagrel,compound,BRD-K53061490-003-13-9,,,8.982819,-1.1012381
BR00117012,B19,U2OS,48,CYM-5442,compound,BRD-A43005764-003-01-5,,['sphingosine 1 phosphate receptor agonist'],12.180604,2.5308783
BR00117012,B20,U2OS,48,CVT-10216,compound,BRD-K60659193-001-01-0,,,9.547411,-1.5851473
BR00117012,B21,U2OS,48,TCN201,compound,BRD-K09787262-001-02-7,,['glutamate receptor antagonist'],9.915368,-1.5832961
BR00117012,B22,U2OS,48,fomepizole,compound,BRD-K56810756-003-07-7,,['alcohol dehydrogenase inhibitor'],10.223918,-1.3346952
BR00117012,B23,U2OS,48,benzamil,compound,BRD-K87158025-003-08-7,,['sodium channel blocker'],10.407322,-1.3021514
BR00117012,B24,U2OS,48,lercanidipine,compound,BRD-A18992208-003-02-7,,['calcium channel blocker'],10.5834675,-0.9435497
BR00117012,C01,U2OS,48,4-CMTB,compound,BRD-A54139254-001-09-2,,['free fatty acid receptor agonist'],10.417392,-2.0990832
BR00117012,C02,U2OS,48,ML-228,compound,BRD-K44432556-001-05-5,,,9.700743,-2.375717
BR00117012,C03,U2OS,48,DMSO,compound,,negcon,,9.971672,-2.240106
BR00117012,C04,U2OS,48,GSK1070916,compound,BRD-K36740062-001-06-6,,['Aurora kinase inhibitor'],12.85189,-0.86019087
BR00117012,C05,U2OS,48,ML-193,compound,BRD-K27539181-001-08-5,,,10.275871,-2.138206
BR00117012,C06,U2OS,48,DMSO,compound,,negcon,,9.9405575,-2.0086899
BR00117012,C07,U2OS,48,M-25,compound,BRD-K51265828-001-01-0,,['smoothened receptor antagonist'],10.298878,-2.0344553
BR00117012,C08,U2OS,48,azeliragon,compound,BRD-K51899933-001-02-6,,['RAGE receptor antagonist'],15.082684,0.18719083
BR00117012,C09,U2OS,48,CYT-997,compound,BRD-K23363278-001-02-1,poscon_diverse,['tubulin polymerization inhibitor'],11.302838,-1.6806142
BR00117012,C10,U2OS,48,AR-12,compound,BRD-K90497590-001-05-9,,,16.292088,-0.12066017
BR00117012,C11,U2OS,48,CYM-50260,compound,BRD-K69877120-001-01-7,,['sphingosine 1 phosphate receptor agonist'],9.240833,-2.0900605
BR00117012,C12,U2OS,48,DMSO,compound,,negcon,,10.355246,-1.875422
BR00117012,C13,U2OS,48,KG-5,compound,BRD-K90747162-001-01-4,poscon_cp,['RAF inhibitor'],14.237826,0.7962154
BR00117012,C14,U2OS,48,JTE-607,compound,BRD-K81405859-300-01-4,,,12.501467,-1.229686
BR00117012,C15,U2OS,48,DMSO,compound,,negcon,,9.170487,-1.81242
BR00117012,C16,U2OS,48,ilomastat,compound,BRD-K51662849-001-05-4,,['matrix metalloprotease inhibitor'],10.807304,-1.7369915
BR00117012,C17,U2OS,48,RX-821002,compound,BRD-A65597028-003-08-1,,['adrenergic receptor antagonist'],9.200528,-1.4960189
BR00117012,C18,U2OS,48,DMSO,compound,,negcon,,9.422839,-1.9243332
BR00117012,C19,U2OS,48,TUG-891,compound,BRD-K24282351-001-01-4,,['free fatty acid receptor agonist'],10.040149,-1.2999732
BR00117012,C20,U2OS,48,ponatinib,compound,BRD-K44227013-001-08-0,,"['PDGFR tyrosine kinase receptor inhibitor', 'FLT3 inhibitor', 'Bcr-Abl kinase inhibitor']",15.514573,0.27148905
BR00117012,C21,U2OS,48,DMSO,compound,,negcon,,9.381481,-1.775951
BR00117012,C22,U2OS,48,puromycin,compound,BRD-K01824976-300-02-9,,['protein synthesis inhibitor'],15.606532,0.33276543
BR00117012,C23,U2OS,48,SRC-kinase-inhibitor-I,compound,BRD-K50495309-001-02-0,,['src inhibitor'],11.405471,-0.69682544
BR00117012,C24,U2OS,48,acetylcysteine,compound,BRD-K59058747-001-19-1,,,10.6350975,-1.4676584
BR00117012,D01,U2OS,48,NSC-625987,compound,BRD-K62949423-001-03-1,,['CDK inhibitor'],8.963433,1.6937982
BR00117012,D02,U2OS,48,dalfampridine,compound,BRD-K22482860-001-20-6,,['potassium channel blocker'],9.341155,0.29482642
BR00117012,D03,U2OS,48,NSC-95397,compound,BRD-K68143200-001-11-7,,['CDC inhibitor'],15.455692,-0.22408617
BR00117012,D04,U2OS,48,alrestatin,compound,BRD-K35498378-001-06-1,,['aldose reductase inhibitor'],9.168273,-0.06688307
BR00117012,D05,U2OS,48,PF-03758309,compound,BRD-K37764012-001-03-3,poscon_diverse,['p21 activated kinase inhibitor'],8.933572,-0.3592627
BR00117012,D06,U2OS,48,IRL-2500,compound,BRD-K98357249-001-02-9,,['endothelin receptor antagonist'],9.641487,0.12625454
BR00117012,D07,U2OS,48,PF-04217903,compound,BRD-K73319509-001-08-0,poscon_cp,,9.932794,-0.79112184
BR00117012,D08,U2OS,48,FK-866,compound,BRD-K58550667-001-08-7,poscon_diverse,,14.796395,-1.2299389
BR00117012,D09,U2OS,48,amlexanox,compound,BRD-K29530284-001-06-2,,,9.770943,-0.1331753
BR00117012,D10,U2OS,48,GW-311616,compound,BRD-K37864785-001-01-0,,['elastase inhibitor'],9.842405,-0.35304224
BR00117012,D11,U2OS,48,buparlisib,compound,BRD-K42191735-001-08-7,poscon_diverse,,14.940172,0.862117
BR00117012,D12,U2OS,48,amiloride,compound,BRD-K97181089-003-24-7,,['sodium channel blocker'],9.491686,-0.4311982
BR00117012,D13,U2OS,48,DG-172,compound,BRD-K75748943-300-01-3,,,12.079896,2.6942167
BR00117012,D14,U2OS,48,DMSO,compound,,negcon,,10.658116,-0.14664719
BR00117012,D15,U2OS,48,DMSO,compound,,negcon,,9.196797,-1.1447575
BR00117012,D16,U2OS,48,NVP-ADW742,compound,BRD-K15179513-001-04-2,poscon_cp,,13.184449,2.5505695
BR00117012,D17,U2OS,48,misoprostol,compound,BRD-A72351335-001-04-5,,['prostanoid receptor agonist'],12.311457,-1.1776537
BR00117012,D18,U2OS,48,conivaptan,compound,BRD-K37385792-003-02-1,,,11.046491,1.786808
BR00117012,D19,U2OS,48,spiroxatrine,compound,BRD-A72483914-001-03-7,,['serotonin receptor antagonist'],9.731955,-1.3262335
BR00117012,D20,U2OS,48,diacerein,compound,BRD-K69122748-001-10-1,,,9.504089,-1.5069982
BR00117012,D21,U2OS,48,DMSO,compound,,negcon,,9.595066,-1.7757002
BR00117012,D22,U2OS,48,DMSO,compound,,negcon,,9.824473,-1.7261631
BR00117012,D23,U2OS,48,glyburide,compound,BRD-K36927236-001-36-7,,['ATP channel blocker'],10.307295,-1.6322641
BR00117012,D24,U2OS,48,ANR-94,compound,BRD-K31170746-001-01-6,,,10.450791,-1.5948553
BR00117012,E01,U2OS,48,TFC-007,compound,BRD-K57708067-001-01-3,,,9.785184,-2.4695106
BR00117012,E02,U2OS,48,trihexyphenidyl,compound,BRD-A48180038-003-24-3,,['acetylcholine receptor antagonist'],9.785732,-2.569488
BR00117012,E03,U2OS,48,epoprostenol,compound,BRD-K64054020-001-02-7,,,9.8113785,-2.5439348
BR00117012,E04,U2OS,48,sacubitril,compound,BRD-K91456750-001-01-9,,,10.029975,-2.4779809
BR00117012,E05,U2OS,48,danusertib,compound,BRD-K07881437-001-03-8,poscon_diverse,"['growth factor receptor inhibitor', 'Aurora kinase inhibitor']",12.148388,-1.3972855
BR00117012,E06,U2OS,48,CYT-997,compound,BRD-K23363278-001-02-1,poscon_diverse,['tubulin polymerization inhibitor'],15.138389,0.5486639
BR00117012,E07,U2OS,48,DMSO,compound,,negcon,,9.596655,-2.3093984
BR00117012,E08,U2OS,48,BQ-788,compound,BRD-K02490038-236-03-8,,['endothelin receptor antagonist'],9.504274,-2.1035335
BR00117012,E09,U2OS,48,SB-202190,compound,BRD-K54330070-001-19-6,poscon_orf,['p38 MAPK inhibitor'],10.677098,-1.5306646
BR00117012,E10,U2OS,48,GSK2110183,compound,BRD-K25412176-001-01-9,poscon_diverse,,11.087065,0.3561224
BR00117012,E11,U2OS,48,GSK3787,compound,BRD-K03155172-001-03-0,,['PPAR receptor antagonist'],9.241387,-2.2010934
BR00117012,E12,U2OS,48,BAM7,compound,BRD-K07442505-001-03-6,,,9.178282,-1.9704355
BR00117012,E13,U2OS,48,PHA-793887,compound,BRD-K64800655-001-09-0,poscon_diverse,['CDK inhibitor'],14.499617,0.2746929
BR00117012,E14,U2OS,48,DMSO,compound,,negcon,,9.313492,-2.0582647
BR00117012,E15,U2OS,48,GSK-37647,compound,BRD-K26514105-001-01-7,,['free fatty acid receptor agonist'],9.6588545,-1.3136619
BR00117012,E16,U2OS,48,desonide,compound,BRD-K21528677-001-04-4,,['glucocorticoid receptor agonist'],9.452781,-1.9206675
BR00117012,E17,U2OS,48,DMSO,compound,,negcon,,9.980242,-1.8378386
BR00117012,E18,U2OS,48,aloxistatin,compound,BRD-K91188791-001-17-5,,,9.787236,-1.4526271
BR00117012,E19,U2OS,48,azathioprine,compound,BRD-K32821942-001-22-1,,,9.502557,-1.4735899
BR00117012,E20,U2OS,48,ZK-93423,compound,BRD-K33882852-003-02-8,poscon_diverse,['benzodiazepine receptor agonist'],10.526382,-1.3585899
BR00117012,E21,U2OS,48,BI-2536,compound,BRD-K64890080-001-02-1,poscon_diverse,,14.571213,0.8822156
BR00117012,E22,U2OS,48,EI1,compound,BRD-K91535048-001-01-2,poscon_cp,['histone lysine methyltransferase inhibitor'],10.072315,-1.5741111
BR00117012,E23,U2OS,48,NVP-HSP990,compound,BRD-K67915505-001-01-2,,['HSP inhibitor'],15.102989,0.3256057
BR00117012,E24,U2OS,48,DMSO,compound,,negcon,,10.221174,-1.6973749
BR00117012,F01,U2OS,48,DMSO,compound,,negcon,,9.179384,1.7434796
BR00117012,F02,U2OS,48,nialamide,compound,BRD-K12102668-001-25-5,,,8.832566,0.52676696
BR00117012,F03,U2OS,48,DMSO,compound,,negcon,,8.990893,-0.222407
BR00117012,F04,U2OS,48,arundic-acid,compound,BRD-K49223707-001-01-0,,,9.341451,0.02589182
BR00117012,F05,U2OS,48,torcitabine,compound,BRD-K91822704-003-07-2,,,9.824885,0.32998982
BR00117012,F06,U2OS,48,DMSO,compound,,negcon,,9.223237,-0.40522707
BR00117012,F07,U2OS,48,epothilone-b,compound,BRD-K68164687-001-01-6,,"['microtubule stabilizing agent', 'tubulin polymerization inhibitor']",14.311541,1.0303315
BR00117012,F08,U2OS,48,dyphylline,compound,BRD-A00827783-001-24-6,,['phosphodiesterase inhibitor'],10.158518,-0.41371688
BR00117012,F09,U2OS,48,DMSO,compound,,negcon,,9.972269,-0.32706237
BR00117012,F10,U2OS,48,quinidine,compound,BRD-K59632282-052-03-1,,['sodium channel blocker'],10.229363,2.5844657
BR00117012,F11,U2OS,48,halopemide,compound,BRD-K50055394-001-03-6,,,10.754041,0.83772796
BR00117012,F12,U2OS,48,sulfinpyrazone,compound,BRD-A36217750-001-16-3,,,10.007788,0.29754916
BR00117012,F13,U2OS,48,ML-323,compound,BRD-K93942811-001-01-3,poscon_cp,['ubiquitin specific protease inhibitor'],9.913089,0.26498398
BR00117012,F14,U2OS,48,racecadotril,compound,BRD-A08187463-001-12-9,,,9.553925,-1.0865992
BR00117012,F15,U2OS,48,BRL-50481,compound,BRD-K84266862-001-03-2,,['phosphodiesterase inhibitor'],10.107318,-0.38223013
BR00117012,F16,U2OS,48,GSK2110183,compound,BRD-K25412176-001-01-9,poscon_diverse,,11.372727,0.5739246
BR00117012,F17,U2OS,48,bufexamac,compound,BRD-K36660044-001-24-2,,['cyclooxygenase inhibitor'],11.419663,-0.04683441
BR00117012,F18,U2OS,48,anandamide,compound,BRD-K42352790-001-05-3,,,9.410018,-1.0531638
BR00117012,F19,U2OS,48,thioguanine,compound,BRD-K49350383-001-13-7,poscon_diverse,,12.537221,0.04709055
BR00117012,F20,U2OS,48,IWP-L6,compound,BRD-K53234107-001-01-6,,['porcupine inhibitor'],10.172134,-1.0276359
BR00117012,F21,U2OS,48,edoxaban,compound,BRD-K29322660-001-01-9,,['coagulation factor inhibitor'],9.310293,-1.4795033
BR00117012,F22,U2OS,48,lonafarnib,compound,BRD-K41599323-001-02-3,poscon_diverse,,12.035513,-0.026873192
BR00117012,F23,U2OS,48,ibutamoren,compound,BRD-K44771174-066-01-0,,,10.016403,-1.7589164
BR00117012,F24,U2OS,48,somatostatin,compound,BRD-K14681867-001-01-6,,['somatostatin receptor agonist'],10.440853,-1.7167443
BR00117012,G01,U2OS,48,L-proline,compound,BRD-K01666412-001-02-0,,,10.353902,-1.9008152
BR00117012,G02,U2OS,48,zamifenacin,compound,BRD-K80451230-051-02-6,,['acetylcholine receptor antagonist'],9.913749,-2.490707
BR00117012,G03,U2OS,48,YC-1,compound,BRD-K60476892-001-16-1,,,14.414875,-0.013051075
BR00117012,G04,U2OS,48,DMSO,compound,,negcon,,9.429443,-1.0110036
BR00117012,G05,U2OS,48,ME-0328,compound,BRD-K24283677-001-01-9,,['PPAR receptor antagonist'],9.898013,-2.5667763
BR00117012,G06,U2OS,48,NSC-663284,compound,BRD-K03109492-001-02-2,,['CDC inhibitor'],16.288393,-0.27428615
BR00117012,G07,U2OS,48,CYM-50358,compound,BRD-K80666802-003-01-0,,,9.795858,-2.4621847
BR00117012,G08,U2OS,48,trazodone,compound,BRD-K70778732-003-27-5,,"['adrenergic receptor antagonist', 'serotonin receptor antagonist']",10.182234,-1.9034814
BR00117012,G09,U2OS,48,DMSO,compound,,negcon,,9.887441,-2.356456
BR00117012,G10,U2OS,48,DMSO,compound,,negcon,,9.816008,-2.3339262
BR00117012,G11,U2OS,48,sulfasalazine,compound,BRD-K10670311-001-17-1,,['cyclooxygenase inhibitor'],9.699262,-2.3436425
BR00117012,G12,U2OS,48,"2,5-furandimethanol",compound,BRD-K29791386-001-01-8,,,9.947308,-2.0391698
BR00117012,G13,U2OS,48,DMSO,compound,,negcon,,9.653374,-1.9607372
BR00117012,G14,U2OS,48,dilazep,compound,BRD-K48722258-300-11-0,,,9.172547,-2.031029
BR00117012,G15,U2OS,48,felodipine,compound,BRD-A30815329-001-12-1,,['calcium channel blocker'],9.812859,-1.906497
BR00117012,G16,U2OS,48,paliperidone,compound,BRD-A99888680-001-05-3,,"['dopamine receptor antagonist', 'serotonin receptor antagonist']",10.268692,-1.8413501
BR00117012,G17,U2OS,48,purvalanol-a,compound,BRD-K50836978-001-03-3,poscon_orf,['CDK inhibitor'],11.085554,-1.6857458
BR00117012,G18,U2OS,48,DMSO,compound,,negcon,,9.573023,-1.9377911
BR00117012,G19,U2OS,48,Ro-1138452,compound,BRD-K77220725-003-01-5,,['prostanoid receptor antagonist'],9.335735,-1.7899315
BR00117012,G20,U2OS,48,sorbinil,compound,BRD-A89164055-001-03-3,,['aldose reductase inhibitor'],9.408822,-2.2352645
BR00117012,G21,U2OS,48,TC-S-7004,compound,BRD-K89517477-001-01-4,poscon_cp,['DYRK inhibitor'],10.651277,-1.2826641
BR00117012,G22,U2OS,48,saclofen,compound,BRD-A24122750-001-03-7,,['GABA receptor antagonist'],10.138931,-1.9842267
BR00117012,G23,U2OS,48,BAY-87-2243,compound,BRD-K70463136-001-01-5,,,10.542688,-1.3182288
BR00117012,G24,U2OS,48,ibudilast,compound,BRD-K16444452-001-09-1,,['phosphodiesterase inhibitor'],9.963309,-1.6317832
BR00117012,H01,U2OS,48,briciclib,compound,BRD-K05531427-001-01-7,,,15.091096,0.87737095
BR00117012,H02,U2OS,48,2-Oleoylglycerol,compound,BRD-K77087341-001-02-4,,,9.186204,0.80451715
BR00117012,H03,U2OS,48,RGFP966,compound,BRD-K61688984-001-02-9,poscon_cp,['HDAC inhibitor'],11.776826,0.07797859
BR00117012,H04,U2OS,48,DMSO,compound,,negcon,,9.285423,-0.01746302
BR00117012,H05,U2OS,48,azacitidine,compound,BRD-K03406345-001-21-1,poscon_diverse,,10.584609,-0.67438686
BR00117012,H06,U2OS,48,N6-cyclopentyladenosine,compound,BRD-K60150510-001-15-6,,,9.726917,-0.64076585
BR00117012,H07,U2OS,48,filgotinib,compound,BRD-K16803204-001-01-6,poscon_cp,['JAK inhibitor'],10.092727,-0.28269562
BR00117012,H08,U2OS,48,guanidine,compound,BRD-K76037122-001-02-5,,['HSP inhibitor'],10.393326,0.39766952
BR00117012,H09,U2OS,48,coumarin,compound,BRD-K23913458-001-20-7,,,11.772668,0.8133904
BR00117012,H10,U2OS,48,DMSO,compound,,negcon,,9.9314375,-0.25158456
BR00117012,H11,U2OS,48,ZM-336372,compound,BRD-K73789395-001-09-9,poscon_orf,['RAF inhibitor'],9.8587675,0.0154793635
BR00117012,H12,U2OS,48,citric-acid,compound,BRD-K76792669-001-08-1,,['coagulation factor inhibitor'],9.338283,-0.7132665
BR00117012,H13,U2OS,48,DMSO,compound,,negcon,,9.1072645,-0.6970266
BR00117012,H14,U2OS,48,CCG-63802,compound,BRD-K26970495-001-02-7,,['G protein signaling inhibitor'],10.247707,2.4947546
BR00117012,H15,U2OS,48,ibutilide,compound,BRD-A74391928-051-03-9,,['potassium channel blocker'],10.189993,0.047293637
BR00117012,H16,U2OS,48,batimastat,compound,BRD-K82818427-001-04-8,,['matrix metalloprotease inhibitor'],11.914139,0.5493571
BR00117012,H17,U2OS,48,DMSO,compound,,negcon,,8.895328,-1.0368253
BR00117012,H18,U2OS,48,DMSO,compound,,negcon,,9.320348,-1.2338563
BR00117012,H19,U2OS,48,UNC1999,compound,BRD-K26989966-001-04-3,poscon_cp,['histone lysine methyltransferase inhibitor'],15.315812,0.17918034
BR00117012,H20,U2OS,48,glutamine-(l),compound,BRD-K83896451-001-06-7,,,9.267436,-1.5470167
BR00117012,H21,U2OS,48,PD-98059,compound,BRD-K62810658-001-11-4,poscon_orf,,10.190075,-1.5410546
BR00117012,H22,U2OS,48,enilconazole,compound,BRD-K01825690-065-01-9,,,9.308939,-1.8397673
BR00117012,H23,U2OS,48,N-alpha-Methylhistamine-dihydrochloride,compound,BRD-K75390981-300-04-9,,['histamine receptor agonist'],9.695204,-1.5678505
BR00117012,H24,U2OS,48,GK921,compound,BRD-K38272302-001-02-7,,,14.768705,0.3301574
BR00117012,I01,U2OS,48,nilvadipine,compound,BRD-A84687895-001-03-2,,['calcium channel blocker'],10.514033,-2.029106
BR00117012,I02,U2OS,48,DMSO,compound,,negcon,,10.017245,-2.0262983
BR00117012,I03,U2OS,48,AC-710,compound,BRD-K15819326-001-01-6,,['PDGFR tyrosine kinase receptor inhibitor'],12.050404,1.99201
BR00117012,I04,U2OS,48,PETCM,compound,BRD-A93477898-001-04-2,,,9.713995,-1.3214288
BR00117012,I05,U2OS,48,AZD7762,compound,BRD-K86525559-001-07-8,poscon_diverse,['CHK inhibitor'],15.812041,0.071063735
BR00117012,I06,U2OS,48,PHA-793887,compound,BRD-K64800655-001-09-0,poscon_diverse,['CDK inhibitor'],14.645809,0.1572265
BR00117012,I07,U2OS,48,KU-60019,compound,BRD-K36016295-001-05-2,,['ATM kinase inhibitor'],11.13532,-1.7528031
BR00117012,I08,U2OS,48,nafamostat,compound,BRD-K06674495-334-04-0,,,10.401869,-1.979432
BR00117012,I09,U2OS,48,DMSO,compound,,negcon,,9.229158,-2.005762
BR00117012,I10,U2OS,48,DMSO,compound,,negcon,,9.428396,-1.8685251
BR00117012,I11,U2OS,48,taladegib,compound,BRD-K50498985-001-03-3,,['smoothened receptor antagonist'],9.682833,-1.7822218
BR00117012,I12,U2OS,48,acetohexamide,compound,BRD-K52960356-001-13-0,,['ATP channel blocker'],9.324133,-1.9306215
BR00117012,I13,U2OS,48,minocycline,compound,BRD-A69651145-003-11-4,,,10.392755,-1.1654044
BR00117012,I14,U2OS,48,BI-2536,compound,BRD-K64890080-001-02-1,poscon_diverse,,14.605978,0.7949977
BR00117012,I15,U2OS,48,riociguat,compound,BRD-K84783599-001-01-0,,,9.842511,-1.5674256
BR00117012,I16,U2OS,48,CP-724714,compound,BRD-K76908866-001-07-6,poscon_cp,"['EGFR inhibitor', 'protein tyrosine kinase inhibitor']",10.840651,-1.0431077
BR00117012,I17,U2OS,48,ganetespib,compound,BRD-K38852836-001-04-9,poscon_diverse,['HSP inhibitor'],15.110844,0.3967796
BR00117012,I18,U2OS,48,AZ191,compound,BRD-K80935598-001-01-1,poscon_cp,['DYRK inhibitor'],13.181749,2.723518
BR00117012,I19,U2OS,48,BAX-channel-blocker,compound,BRD-A18763547-300-06-3,,,14.37975,0.9450159
BR00117012,I20,U2OS,48,SU3327,compound,BRD-K32730239-001-01-0,,['JNK inhibitor'],15.838273,0.31543458
BR00117012,I21,U2OS,48,DMSO,compound,,negcon,,10.092527,-1.6694326
BR00117012,I22,U2OS,48,DMSO,compound,,negcon,,9.149393,-1.6948614
BR00117012,I23,U2OS,48,octreotide,compound,BRD-A64173453-015-03-1,,['somatostatin receptor agonist'],10.154932,-1.7845957
BR00117012,I24,U2OS,48,1-octanol,compound,BRD-K09338665-001-08-9,,,10.267009,-1.6481596
BR00117012,J01,U2OS,48,acalabrutinib,compound,BRD-K64034691-001-01-9,,"[""Bruton's tyrosine kinase (BTK) inhibitor""]",9.452254,1.0106729
BR00117012,J02,U2OS,48,rifamycin,compound,BRD-K38512030-001-01-7,,,9.062575,0.20098503
BR00117012,J03,U2OS,48,pazopanib,compound,BRD-K74514084-003-09-2,,"['KIT inhibitor', 'VEGFR inhibitor', 'PDGFR tyrosine kinase receptor inhibitor']",11.64414,0.9875838
BR00117012,J04,U2OS,48,RKI-1447,compound,BRD-K19333160-001-01-3,poscon_cp,,12.216153,1.7183902
BR00117012,J05,U2OS,48,vitamin-E,compound,BRD-K97091514-001-11-4,,['PKC inhibitor'],9.746036,-0.6737517
BR00117012,J06,U2OS,48,lonafarnib,compound,BRD-K41599323-001-02-3,poscon_diverse,,11.945709,0.72313255
BR00117012,J07,U2OS,48,ethyl-pyruvate,compound,BRD-K47738867-001-01-5,,,9.960478,0.22072141
BR00117012,J08,U2OS,48,picrotin,compound,BRD-A91822151-001-05-0,,['GABA receptor antagonist'],10.062811,0.06556455
BR00117012,J09,U2OS,48,SGX523,compound,BRD-K19477839-001-07-6,poscon_cp,,10.513465,0.7105698
BR00117012,J10,U2OS,48,PP-2,compound,BRD-K95785537-001-22-3,,['src inhibitor'],12.079935,0.5266107
BR00117012,J11,U2OS,48,ME-0328,compound,BRD-A63444178-001-01-5,,['PPAR receptor antagonist'],9.966053,-0.010120811
BR00117012,J12,U2OS,48,AZD9668,compound,BRD-K31476763-001-01-5,,['elastase inhibitor'],9.849314,-0.19691917
BR00117012,J13,U2OS,48,NQDI-1,compound,BRD-K61918008-001-07-1,,,10.6991825,1.1982411
BR00117012,J14,U2OS,48,DMSO,compound,,negcon,,9.392505,-0.80817276
BR00117012,J15,U2OS,48,carzenide,compound,BRD-K09295674-001-09-8,,,10.559397,-0.12891425
BR00117012,J16,U2OS,48,KU-55933,compound,BRD-K25311561-001-10-7,,['ATM kinase inhibitor'],11.245284,0.0364869
BR00117012,J17,U2OS,48,NVP-AEW541,compound,BRD-K24696047-001-02-3,poscon_cp,['IGF-1 inhibitor'],12.353182,2.7380397
BR00117012,J18,U2OS,48,leflunomide,compound,BRD-K78692225-001-24-5,,['PDGFR tyrosine kinase receptor inhibitor'],9.532223,-0.65800667
BR00117012,J19,U2OS,48,DMSO,compound,,negcon,,9.109805,-1.416282
BR00117012,J20,U2OS,48,azacitidine,compound,BRD-K03406345-001-21-1,poscon_diverse,,10.593735,-0.9712205
BR00117012,J21,U2OS,48,ixabepilone,compound,BRD-K03601870-001-01-2,,['microtubule stabilizing agent'],14.532744,0.80547166
BR00117012,J22,U2OS,48,KH-CB19,compound,BRD-K66430217-001-03-8,poscon_cp,['CDC inhibitor'],9.627774,-1.4543068
BR00117012,J23,U2OS,48,DMSO,compound,,negcon,,9.591466,-1.7563893
BR00117012,J24,U2OS,48,PF-05190457,compound,BRD-K02554563-001-01-6,,,10.24066,-1.416177
BR00117012,K01,U2OS,48,LDN-212854,compound,BRD-K59831625-001-03-9,,,15.750911,-0.0020459024
BR00117012,K02,U2OS,48,formononetin,compound,BRD-K55567017-001-12-3,,['alcohol dehydrogenase inhibitor'],9.738692,-2.3908064
BR00117012,K03,U2OS,48,aminopurvalanol-a,compound,BRD-K07762753-001-05-1,poscon_orf,['CDK inhibitor'],11.732616,-1.5454812
BR00117012,K04,U2OS,48,ruxolitinib,compound,BRD-K53972329-001-01-3,poscon_cp,['JAK inhibitor'],10.560765,-2.2184658
BR00117012,K05,U2OS,48,DMSO,compound,,negcon,,9.4529915,-1.4439249
BR00117012,K06,U2OS,48,DMSO,compound,,negcon,,9.576233,-1.7569581
BR00117012,K07,U2OS,48,LGK-974,compound,BRD-K16810791-001-01-0,,['porcupine inhibitor'],9.834477,-2.3817804
BR00117012,K08,U2OS,48,polydatin,compound,BRD-K43236057-001-07-1,,['ICAM1 expression inhibitor'],11.208861,-1.6051186
BR00117012,K09,U2OS,48,enflurane,compound,BRD-A51831848-001-01-7,,,9.118753,-2.0665705
BR00117012,K10,U2OS,48,PFI-1,compound,BRD-K13094524-001-04-2,poscon_cp,,9.079407,-2.1631367
BR00117012,K11,U2OS,48,AZD7762,compound,BRD-K86525559-001-07-8,poscon_diverse,['CHK inhibitor'],15.799714,-0.19137938
BR00117012,K12,U2OS,48,sotrastaurin,compound,BRD-K16761703-001-03-8,,['PKC inhibitor'],10.79957,-0.9496881
BR00117012,K13,U2OS,48,DMSO,compound,,negcon,,9.216172,-2.1652534
BR00117012,K14,U2OS,48,cycloheximide,compound,BRD-K36055864-001-20-0,,['protein synthesis inhibitor'],14.337396,0.5182997
BR00117012,K15,U2OS,48,oxytocin,compound,BRD-K25243230-001-01-2,,,9.97985,-1.990036
BR00117012,K16,U2OS,48,DMSO,compound,,negcon,,9.152302,-2.0107841
BR00117012,K17,U2OS,48,colchicine,compound,BRD-K00259736-001-16-4,,,15.066465,0.6356285
BR00117012,K18,U2OS,48,afimoxifene,compound,BRD-K04210847-001-21-9,,,10.192381,-2.00912
BR00117012,K19,U2OS,48,DMSO,compound,,negcon,,9.160215,-1.8135031
BR00117012,K20,U2OS,48,ZK-93423,compound,BRD-K33882852-003-02-8,poscon_diverse,['benzodiazepine receptor agonist'],10.213213,-1.5798614
BR00117012,K21,U2OS,48,RGB-286638,compound,BRD-K20986415-001-02-6,,['CDK inhibitor'],13.909167,1.4498211
BR00117012,K22,U2OS,48,FPS-ZM1,compound,BRD-K87691185-001-01-2,,['RAGE receptor antagonist'],9.819284,-1.7198021
BR00117012,K23,U2OS,48,flindokalner,compound,BRD-K56740996-001-02-1,,,10.456508,-1.4856676
BR00117012,K24,U2OS,48,motesanib,compound,BRD-K99616396-316-05-3,,"['KIT inhibitor', 'VEGFR inhibitor', 'PDGFR tyrosine kinase receptor inhibitor']",10.767798,-1.2805383
BR00117012,L01,U2OS,48,geldanamycin,compound,BRD-K43570081-001-02-4,,['HSP inhibitor'],15.104115,0.18317069
BR00117012,L02,U2OS,48,DMSO,compound,,negcon,,9.029509,-0.12132767
BR00117012,L03,U2OS,48,CGP-53353,compound,BRD-K32292990-001-03-6,,"['PKC inhibitor', 'EGFR inhibitor']",10.027511,0.2735783
BR00117012,L04,U2OS,48,7-hydroxystaurosporine,compound,BRD-K45293975-001-02-0,,"['CDK inhibitor', 'PKC inhibitor', 'CHK inhibitor']",15.535001,-0.34051988
BR00117012,L05,U2OS,48,DMSO,compound,,negcon,,9.732936,-0.16208002
BR00117012,L06,U2OS,48,DMSO,compound,,negcon,,11.971477,0.57601047
BR00117012,L07,U2OS,48,efaproxiral,compound,BRD-K37355418-236-01-6,,,10.099548,-0.0015519699
BR00117012,L08,U2OS,48,SB-203580,compound,BRD-A37704979-001-12-3,poscon_orf,['p38 MAPK inhibitor'],11.467946,-0.15845914
BR00117012,L09,U2OS,48,FK-866,compound,BRD-K58550667-001-08-7,poscon_diverse,,14.809048,-1.2274861
BR00117012,L10,U2OS,48,bepridil,compound,BRD-A91008255-003-24-8,,['calcium channel blocker'],11.613554,2.3905697
BR00117012,L11,U2OS,48,delanzomib,compound,BRD-K59325863-001-04-4,,,15.86646,-0.15568139
BR00117012,L12,U2OS,48,buparlisib,compound,BRD-K42191735-001-08-7,poscon_diverse,,15.466251,0.61863625
BR00117012,L13,U2OS,48,phenylbutazone,compound,BRD-K10843433-001-23-5,,"['cyclooxygenase inhibitor', 'prostanoid receptor antagonist']",9.793205,0.09837463
BR00117012,L14,U2OS,48,deferasirox,compound,BRD-K97010173-001-04-1,,,12.100515,-1.2648587
BR00117012,L15,U2OS,48,DMSO,compound,,negcon,,9.152504,-0.7759088
BR00117012,L16,U2OS,48,cediranib,compound,BRD-K86930074-001-05-0,,"['KIT inhibitor', 'VEGFR inhibitor']",12.720537,2.8880088
BR00117012,L17,U2OS,48,isoflurane,compound,BRD-A31564021-001-02-6,,,10.558826,0.030469738
BR00117012,L18,U2OS,48,DMSO,compound,,negcon,,8.991345,-0.06810424
BR00117012,L19,U2OS,48,CCG-50014,compound,BRD-K08893438-001-06-4,,['G protein signaling inhibitor'],14.890997,0.45406246
BR00117012,L20,U2OS,48,PF-431396,compound,BRD-K93788137-001-04-1,,,12.606106,-1.447674
BR00117012,L21,U2OS,48,TG-02,compound,BRD-K14560436-001-01-4,,"['CDK inhibitor', 'FLT3 inhibitor', 'JAK inhibitor']",14.759136,0.3211645
BR00117012,L22,U2OS,48,baclofen,compound,BRD-K01826724-003-07-9,,['benzodiazepine receptor agonist'],9.3743105,-1.6996989
BR00117012,L23,U2OS,48,thiostrepton,compound,BRD-A20697603-001-07-2,,['protein synthesis inhibitor'],13.518932,0.7471568
BR00117012,L24,U2OS,48,flufenamic-acid,compound,BRD-K44067360-001-29-5,,,10.480407,-1.72846
BR00117012,M01,U2OS,48,DMSO,compound,,negcon,,10.234692,-2.0949507
BR00117012,M02,U2OS,48,LY2109761,compound,BRD-K47557313-001-02-7,,,10.1742935,-2.4446378
BR00117012,M03,U2OS,48,olopatadine,compound,BRD-K67637637-003-11-8,,['histamine receptor antagonist'],9.83357,-2.5665205
BR00117012,M04,U2OS,48,DMSO,compound,,negcon,,10.001829,-2.350425
BR00117012,M05,U2OS,48,castanospermine,compound,BRD-K20897876-001-11-8,,['glucosidase inhibitor'],9.998566,-2.5827057
BR00117012,M06,U2OS,48,A205804,compound,BRD-K77627880-001-04-0,,['ICAM1 expression inhibitor'],11.379228,-1.5149822
BR00117012,M07,U2OS,48,VU591,compound,BRD-K72063794-003-01-0,,['potassium channel blocker'],10.51481,-1.5932775
BR00117012,M08,U2OS,48,dalbavancin,compound,BRD-K30177383-001-01-0,,['bacterial cell wall synthesis inhibitor'],9.720275,-1.9510682
BR00117012,M09,U2OS,48,CC-401,compound,BRD-K45746021-003-01-9,,['JNK inhibitor'],9.52781,-2.2105782
BR00117012,M10,U2OS,48,ganetespib,compound,BRD-K38852836-001-04-9,poscon_diverse,['HSP inhibitor'],15.313641,0.22476086
BR00117012,M11,U2OS,48,ingenol-mebutate,compound,BRD-K93779381-001-01-9,,,11.222887,1.3421476
BR00117012,M12,U2OS,48,menadione,compound,BRD-K78126613-001-27-7,,,14.09119,0.4974654
BR00117012,M13,U2OS,48,cetilistat,compound,BRD-K94863486-001-02-2,,,9.354298,-2.2835774
BR00117012,M14,U2OS,48,methoxsalen,compound,BRD-K63430059-001-16-4,,['DNA synthesis inhibitor'],9.599477,-1.5253781
BR00117012,M15,U2OS,48,cyclosporine,compound,BRD-K13533483-001-16-2,,,12.283316,0.03681828
BR00117012,M16,U2OS,48,NSC-632839,compound,BRD-K81197548-003-01-4,poscon_cp,['ubiquitin specific protease inhibitor'],15.699447,0.38670814
BR00117012,M17,U2OS,48,DMSO,compound,,negcon,,9.137639,-2.1435812
BR00117012,M18,U2OS,48,TG-003,compound,BRD-K97072811-001-11-4,poscon_cp,,9.610192,-1.3172901
BR00117012,M19,U2OS,48,oxibendazole,compound,BRD-K52075715-001-06-7,,['tubulin polymerization inhibitor'],14.792615,0.7559114
BR00117012,M20,U2OS,48,TG-101348,compound,BRD-K12502280-001-11-4,poscon_cp,"['JAK inhibitor', 'FLT3 inhibitor']",14.768903,1.1777948
BR00117012,M21,U2OS,48,miglitol,compound,BRD-A63310107-001-04-8,,['glucosidase inhibitor'],9.254801,-1.6523935
BR00117012,M22,U2OS,48,DMSO,compound,,negcon,,9.243147,-1.8768654
BR00117012,M23,U2OS,48,DMSO,compound,,negcon,,9.658067,-1.9454708
BR00117012,M24,U2OS,48,tranilast,compound,BRD-K17849083-001-32-9,,,10.51914,-1.6068143
BR00117012,N01,U2OS,48,4-methylhistamine,compound,BRD-K70821460-300-02-4,,['histamine receptor agonist'],8.853232,1.8189948
BR00117012,N02,U2OS,48,LDN-27219,compound,BRD-K51485109-001-01-4,,,9.022054,0.9689492
BR00117012,N03,U2OS,48,anisomycin,compound,BRD-K91370081-001-25-1,,['DNA synthesis inhibitor'],15.108354,-0.061790217
BR00117012,N04,U2OS,48,thioguanine,compound,BRD-K49350383-001-13-7,poscon_diverse,,12.558035,0.1469333
BR00117012,N05,U2OS,48,droxinostat,compound,BRD-K11558771-001-13-9,,['HDAC inhibitor'],11.053273,1.1780813
BR00117012,N06,U2OS,48,UNC2025,compound,BRD-K91283740-003-01-6,poscon_cp,['FLT3 inhibitor'],15.261089,0.20314665
BR00117012,N07,U2OS,48,DMSO,compound,,negcon,,9.672853,0.14213301
BR00117012,N08,U2OS,48,DMSO,compound,,negcon,,8.990693,-0.42673558
BR00117012,N09,U2OS,48,AMG900,compound,BRD-K21728777-001-02-3,poscon_cp,['Aurora kinase inhibitor'],12.608232,-1.506588
BR00117012,N10,U2OS,48,PF-06463922,compound,BRD-A23124853-001-01-4,,['ALK tyrosine kinase receptor inhibitor'],11.709729,1.3071809
BR00117012,N11,U2OS,48,orantinib,compound,BRD-K55966568-001-09-6,poscon_cp,"['FGFR inhibitor', 'PDGFR tyrosine kinase receptor inhibitor', 'VEGFR inhibitor']",9.7936,0.2933374
BR00117012,N12,U2OS,48,fludarabine-phosphate,compound,BRD-K71106091-001-09-5,,['ribonucleotide reductase inhibitor'],12.294667,-1.2773528
BR00117012,N13,U2OS,48,ceritinib,compound,BRD-K22149900-001-06-2,,['ALK tyrosine kinase receptor inhibitor'],12.084251,2.2377045
BR00117012,N14,U2OS,48,NVS-PAK1-1,compound,BRD-K28132190-001-02-0,poscon_cp,['p21 activated kinase inhibitor'],12.183367,1.2398965
BR00117012,N15,U2OS,48,homoharringtonine,compound,BRD-K76674262-001-03-3,,['protein synthesis inhibitor'],14.999821,-0.120506726
BR00117012,N16,U2OS,48,picrotoxinin,compound,BRD-K36461289-001-05-8,,['GABA receptor antagonist'],9.347166,-0.38623294
BR00117012,N17,U2OS,48,DMSO,compound,,negcon,,9.131704,-0.61464894
BR00117012,N18,U2OS,48,danusertib,compound,BRD-K07881437-001-03-8,poscon_diverse,"['growth factor receptor inhibitor', 'Aurora kinase inhibitor']",12.552758,-1.3239774
BR00117012,N19,U2OS,48,romidepsin,compound,BRD-K61397605-001-01-8,poscon_cp,['HDAC inhibitor'],15.750278,0.28333625
BR00117012,N20,U2OS,48,FERb-033,compound,BRD-K61642990-001-01-0,poscon_cp,['EGFR inhibitor'],9.897764,-0.99313325
BR00117012,N21,U2OS,48,PF-03758309,compound,BRD-K37764012-001-03-3,poscon_diverse,['p21 activated kinase inhibitor'],14.945302,0.36230823
BR00117012,N22,U2OS,48,DMSO,compound,,negcon,,9.300593,-1.8445336
BR00117012,N23,U2OS,48,trometamol,compound,BRD-K47978074-001-03-2,,,9.381489,-1.7541342
BR00117012,N24,U2OS,48,simvastatin,compound,BRD-K22134346-001-22-3,,['HMGCR inhibitor'],12.070781,0.19145001
BR00117012,O01,U2OS,48,zaprinast,compound,BRD-K16542329-001-16-8,,['phosphodiesterase inhibitor'],10.083778,-2.2659135
BR00117012,O02,U2OS,48,dexamethasone,compound,BRD-A10188456-001-04-9,,['glucocorticoid receptor agonist'],10.0852165,-1.744128
BR00117012,O03,U2OS,48,salicylic-acid,compound,BRD-K93632104-001-17-2,,['cyclooxygenase inhibitor'],9.896289,-2.342023
BR00117012,O04,U2OS,48,diltiazem,compound,BRD-A69636825-003-04-7,,['calcium channel blocker'],10.8257675,-2.1463208
BR00117012,O05,U2OS,48,phenolphthalein,compound,BRD-K19227686-001-18-6,,,10.130166,-1.917964
BR00117012,O06,U2OS,48,niflumic-acid,compound,BRD-K98763141-001-30-8,,['cyclooxygenase inhibitor'],10.295462,-2.070337
BR00117012,O07,U2OS,48,DMSO,compound,,negcon,,9.561783,-1.4314057
BR00117012,O08,U2OS,48,L-Cystine,compound,BRD-A15397381-001-02-5,,,9.712968,-1.3599906
BR00117012,O09,U2OS,48,ozanimod,compound,BRD-K46625559-001-01-8,,['sphingosine 1 phosphate receptor agonist'],9.996775,-2.040766
BR00117012,O10,U2OS,48,efaroxan,compound,BRD-A10739734-003-09-8,,['adrenergic receptor antagonist'],9.621131,-2.152396
BR00117012,O11,U2OS,48,NBQX,compound,BRD-K11796549-001-05-2,,['glutamate receptor antagonist'],9.258946,-1.8733091
BR00117012,O12,U2OS,48,dinoprostone,compound,BRD-K26521938-001-07-2,,['prostanoid receptor agonist'],10.253424,-1.1124504
BR00117012,O13,U2OS,48,Ro-20-1724,compound,BRD-A07207424-001-14-0,,['phosphodiesterase inhibitor'],10.021354,-1.3600023
BR00117012,O14,U2OS,48,xanomeline,compound,BRD-K72815923-034-02-0,,['acetylcholine receptor agonist'],9.720443,-1.5262975
BR00117012,O15,U2OS,48,terazosin,compound,BRD-K01825589-310-02-9,,['adrenergic receptor antagonist'],10.050528,-1.6227341
BR00117012,O16,U2OS,48,BVT-948,compound,BRD-K68567222-001-01-2,,,14.101844,-0.20554174
BR00117012,O17,U2OS,48,nicotine,compound,BRD-K01825660-322-01-9,,['acetylcholine receptor agonist'],9.553581,-1.8183367
BR00117012,O18,U2OS,48,DMSO,compound,,negcon,,9.629758,-1.722721
BR00117012,O19,U2OS,48,U-0521,compound,BRD-K08953028-001-09-6,,,10.415553,-1.4107916
BR00117012,O20,U2OS,48,BMS-587101,compound,BRD-K20093108-001-02-3,,,10.330161,-1.7477375
BR00117012,O21,U2OS,48,nimodipine,compound,BRD-A58048407-001-20-4,,['calcium channel blocker'],10.019997,-1.6782985
BR00117012,O22,U2OS,48,pyrrolidine-dithiocarbamate,compound,BRD-K80970344-201-08-6,,,15.544284,0.41493163
BR00117012,O23,U2OS,48,PF-915275,compound,BRD-K18289362-001-02-2,,,10.22285,-1.5828332
BR00117012,O24,U2OS,48,JTE-013,compound,BRD-K43330982-001-02-3,,,10.766905,-1.4998484
BR00117012,P01,U2OS,48,sodium-butyrate,compound,BRD-K05878375-236-05-7,,['HDAC inhibitor'],8.895288,2.896981
BR00117012,P02,U2OS,48,pentostatin,compound,BRD-K91543828-001-02-0,,['ribonucleotide reductase inhibitor'],8.911114,2.0139723
BR00117012,P03,U2OS,48,OMDM-2,compound,BRD-K48830578-001-01-9,,,9.669124,1.8924114
BR00117012,P04,U2OS,48,nalmefene,compound,BRD-A72767275-003-01-6,,,8.820556,1.9953048
BR00117012,P05,U2OS,48,DMSO,compound,,negcon,,9.133753,1.9506279
BR00117012,P06,U2OS,48,1-EBIO,compound,BRD-K70586315-001-02-4,,,9.506042,1.6897378
BR00117012,P07,U2OS,48,SB-505124,compound,BRD-K40109029-001-02-9,,['ALK tyrosine kinase receptor inhibitor'],10.401175,2.7700922
BR00117012,P08,U2OS,48,prasugrel,compound,BRD-A83029242-001-06-1,,['purinergic receptor antagonist'],10.068085,1.3066176
BR00117012,P09,U2OS,48,pidolic-acid,compound,BRD-K57313110-001-06-8,,,9.684266,1.5751976
BR00117012,P10,U2OS,48,DMSO,compound,,negcon,,9.500944,2.2022712
BR00117012,P11,U2OS,48,nevirapine,compound,BRD-K15502390-001-20-9,,,9.728598,1.6482164
BR00117012,P12,U2OS,48,triamterene,compound,BRD-K92049597-001-20-8,,['sodium channel blocker'],9.686947,1.8829997
BR00117012,P13,U2OS,48,regorafenib,compound,BRD-K16730910-001-07-3,,"['PDGFR tyrosine kinase receptor inhibitor', 'RAF inhibitor', 'KIT inhibitor', 'RET tyrosine kinase inhibitor', 'FGFR inhibitor', 'VEGFR inhibitor']",10.366929,1.1475021
BR00117012,P14,U2OS,48,cyclophosphamide,compound,BRD-A09722536-002-18-0,,,9.377712,1.3929888
BR00117012,P15,U2OS,48,olanzapine,compound,BRD-K18895904-001-16-1,,"['dopamine receptor antagonist', 'serotonin receptor antagonist']",11.983224,2.8664944
BR00117012,P16,U2OS,48,KI-16425,compound,BRD-A25569250-001-03-3,,['lysophosphatidic acid receptor antagonist'],9.117707,1.6218172
BR00117012,P17,U2OS,48,SKLB1002,compound,BRD-K29895144-001-01-0,,['VEGFR inhibitor'],12.425973,-1.1405507
BR00117012,P18,U2OS,48,cilostazol,compound,BRD-K67017579-001-28-1,,['phosphodiesterase inhibitor'],10.040874,1.2660187
BR00117012,P19,U2OS,48,AZD1283,compound,BRD-K77060810-001-01-5,,['purinergic receptor antagonist'],9.461115,0.56819713
BR00117012,P20,U2OS,48,A-987306,compound,BRD-K68982262-001-01-4,,['histamine receptor antagonist'],12.370819,2.7277145
BR00117012,P21,U2OS,48,procaine,compound,BRD-K24616672-003-20-1,,['HMGCR inhibitor'],9.761233,-0.54506874
BR00117012,P22,U2OS,48,miconazole,compound,BRD-A82396632-008-30-8,,['bacterial cell wall synthesis inhibitor'],9.788336,-0.39888743
BR00117012,P23,U2OS,48,loperamide,compound,BRD-K61250553-003-30-6,,,10.55797,-0.82914495
BR00117012,P24,U2OS,48,aripiprazole,compound,BRD-K70358946-001-17-3,,['serotonin receptor antagonist'],10.469238,-0.9816103
BR00117013,A01,U2OS,48,gabapentin-enacarbil,compound,BRD-A86665761-001-01-1,,,8.839934,2.6255147
BR00117013,A02,U2OS,48,DMSO,compound,,negcon,,9.126147,2.1651785
BR00117013,A03,U2OS,48,amlodipine,compound,BRD-A22032524-074-09-9,,['calcium channel blocker'],12.433297,0.9311534
BR00117013,A04,U2OS,48,hexestrol,compound,BRD-A01078468-001-14-8,,,9.383503,1.5181961
BR00117013,A05,U2OS,48,quinine,compound,BRD-K48278478-001-01-2,,,9.74995,1.9890442
BR00117013,A06,U2OS,48,LOXO-101,compound,BRD-K36574127-001-01-3,,,9.673795,1.612261
BR00117013,A07,U2OS,48,brinzolamide,compound,BRD-K74913225-001-14-0,,['carbonic anhydrase inhibitor'],9.374028,2.219306
BR00117013,A08,U2OS,48,NS-11021,compound,BRD-K94342292-001-01-3,,['calcium-activated potassium channel activator'],11.3310995,0.8798115
BR00117013,A09,U2OS,48,DMSO,compound,,negcon,,9.094519,1.4154278
BR00117013,A10,U2OS,48,GNF-5837,compound,BRD-K19975102-001-01-2,,['growth factor receptor inhibitor'],10.754915,2.061771
BR00117013,A11,U2OS,48,apatinib,compound,BRD-K25244359-066-02-6,,['RET tyrosine kinase inhibitor'],11.391033,2.044588
BR00117013,A12,U2OS,48,ethoxzolamide,compound,BRD-K18131774-001-18-4,,['carbonic anhydrase inhibitor'],9.241381,1.1517642
BR00117013,A13,U2OS,48,ascorbic-acid,compound,BRD-A85242401-001-11-5,,,10.2786045,2.6756432
BR00117013,A14,U2OS,48,ryuvidine,compound,BRD-K06426971-001-02-7,,['histone lysine methyltransferase inhibitor'],16.248337,-0.23001829
BR00117013,A15,U2OS,48,BAN-ORL-24,compound,BRD-K47049295-300-03-1,,,13.083866,2.1058214
BR00117013,A16,U2OS,48,NNC-55-0396,compound,BRD-K78122587-300-04-3,,,12.620171,2.5050464
BR00117013,A17,U2OS,48,DMSO,compound,,negcon,,8.783271,0.34059113
BR00117013,A18,U2OS,48,WH-4-023,compound,BRD-K50199947-001-03-4,,['src inhibitor'],13.027762,2.1453145
BR00117013,A19,U2OS,48,flupirtine,compound,BRD-K50720187-051-03-1,,['glutamate receptor antagonist'],10.553908,2.7136512
BR00117013,A20,U2OS,48,ZK811752,compound,BRD-K91825936-001-03-9,,,10.473651,2.6124363
BR00117013,A21,U2OS,48,dexamethasone,compound,BRD-K38775274-001-22-1,,['glucocorticoid receptor agonist'],10.791661,0.9960211
BR00117013,A22,U2OS,48,PP-1,compound,BRD-K47598052-001-14-1,,['src inhibitor'],12.092539,0.66234154
BR00117013,A23,U2OS,48,DDR1-IN-1,compound,BRD-K61845293-300-01-9,,,11.971014,2.4930496
BR00117013,A24,U2OS,48,AVL-292,compound,BRD-K87782578-001-01-4,,"[""Bruton's tyrosine kinase (BTK) inhibitor""]",13.526566,0.33815202
BR00117013,B01,U2OS,48,H2L-5765834,compound,BRD-K26439554-001-01-3,,['lysophosphatidic acid receptor antagonist'],8.439363,1.2093507
BR00117013,B02,U2OS,48,thiostrepton,compound,BRD-K58049875-001-03-9,,['protein synthesis inhibitor'],15.892497,-0.17569035
BR00117013,B03,U2OS,48,DMSO,compound,,negcon,,7.974456,-0.74889475
BR00117013,B04,U2OS,48,arcyriaflavin-a,compound,BRD-K72726508-001-02-1,,['CDK inhibitor'],12.232072,0.6295683
BR00117013,B05,U2OS,48,CYM-5520,compound,BRD-K29151923-001-01-5,,['sphingosine 1 phosphate receptor agonist'],9.497809,-1.0540102
BR00117013,B06,U2OS,48,fludarabine,compound,BRD-K66788707-001-14-3,,['ribonucleotide reductase inhibitor'],11.41882,-1.3244516
BR00117013,B07,U2OS,48,alda-1,compound,BRD-K06890060-001-09-1,,,8.960463,-1.3492833
BR00117013,B08,U2OS,48,meclofenamic-acid,compound,BRD-K50398167-236-22-7,,"['cyclooxygenase inhibitor', 'prostanoid receptor antagonist']",9.376481,-1.0217758
BR00117013,B09,U2OS,48,GNF-5,compound,BRD-K87632963-001-03-0,,['Bcr-Abl kinase inhibitor'],9.302546,-0.85053146
BR00117013,B10,U2OS,48,NS-309,compound,BRD-K37602296-001-01-6,,['calcium-activated potassium channel activator'],10.628058,-0.23109159
BR00117013,B11,U2OS,48,AK-7,compound,BRD-K09143580-001-01-0,,['SIRT inhibitor'],9.868768,1.3139963
BR00117013,B12,U2OS,48,BVT-948,compound,BRD-A22713669-001-04-3,,,16.18954,-0.43866056
BR00117013,B13,U2OS,48,SirReal-2,compound,BRD-K16472653-001-01-6,,['SIRT inhibitor'],10.172196,0.8611915
BR00117013,B14,U2OS,48,DMSO,compound,,negcon,,7.766897,-0.41627687
BR00117013,B15,U2OS,48,BMS-536924,compound,BRD-K34581968-001-05-3,,['IGF-1 inhibitor'],12.980369,0.36924127
BR00117013,B16,U2OS,48,PP-121,compound,BRD-K81801188-001-02-8,,['protein tyrosine kinase inhibitor'],14.279096,0.36374605
BR00117013,B17,U2OS,48,MCOPPB,compound,BRD-K73276278-305-01-1,,,13.224619,2.828399
BR00117013,B18,U2OS,48,ozagrel,compound,BRD-K53061490-003-13-9,,,9.382731,-0.94017696
BR00117013,B19,U2OS,48,CYM-5442,compound,BRD-A43005764-003-01-5,,['sphingosine 1 phosphate receptor agonist'],12.4603815,2.7545097
BR00117013,B20,U2OS,48,CVT-10216,compound,BRD-K60659193-001-01-0,,,9.378745,-0.2767168
BR00117013,B21,U2OS,48,TCN201,compound,BRD-K09787262-001-02-7,,['glutamate receptor antagonist'],9.135863,-0.72873867
BR00117013,B22,U2OS,48,fomepizole,compound,BRD-K56810756-003-07-7,,['alcohol dehydrogenase inhibitor'],9.641723,-0.37100878
BR00117013,B23,U2OS,48,benzamil,compound,BRD-K87158025-003-08-7,,['sodium channel blocker'],10.161673,0.31583488
BR00117013,B24,U2OS,48,lercanidipine,compound,BRD-A18992208-003-02-7,,['calcium channel blocker'],10.644262,2.579201
BR00117013,C01,U2OS,48,4-CMTB,compound,BRD-A54139254-001-09-2,,['free fatty acid receptor agonist'],8.809155,1.3744781
BR00117013,C02,U2OS,48,ML-228,compound,BRD-K44432556-001-05-5,,,9.245413,0.048576824
BR00117013,C03,U2OS,48,DMSO,compound,,negcon,,9.210981,-0.64608806
BR00117013,C04,U2OS,48,GSK1070916,compound,BRD-K36740062-001-06-6,,['Aurora kinase inhibitor'],13.750619,0.9492852
BR00117013,C05,U2OS,48,ML-193,compound,BRD-K27539181-001-08-5,,,8.908334,-0.31387362
BR00117013,C06,U2OS,48,DMSO,compound,,negcon,,9.06603,-0.2575413
BR00117013,C07,U2OS,48,M-25,compound,BRD-K51265828-001-01-0,,['smoothened receptor antagonist'],9.493466,0.11684429
BR00117013,C08,U2OS,48,azeliragon,compound,BRD-K51899933-001-02-6,,['RAGE receptor antagonist'],15.348778,0.34256157
BR00117013,C09,U2OS,48,CYT-997,compound,BRD-K23363278-001-02-1,poscon_diverse,['tubulin polymerization inhibitor'],15.458222,0.6415258
BR00117013,C10,U2OS,48,AR-12,compound,BRD-K90497590-001-05-9,,,16.42333,-0.14521225
BR00117013,C11,U2OS,48,CYM-50260,compound,BRD-K69877120-001-01-7,,['sphingosine 1 phosphate receptor agonist'],10.019958,0.8089807
BR00117013,C12,U2OS,48,DMSO,compound,,negcon,,7.501749,-0.4823868
BR00117013,C13,U2OS,48,KG-5,compound,BRD-K90747162-001-01-4,poscon_cp,['RAF inhibitor'],14.310374,0.99575174
BR00117013,C14,U2OS,48,JTE-607,compound,BRD-K81405859-300-01-4,,,12.470305,-1.1782742
BR00117013,C15,U2OS,48,DMSO,compound,,negcon,,8.37688,-1.1914073
BR00117013,C16,U2OS,48,ilomastat,compound,BRD-K51662849-001-05-4,,['matrix metalloprotease inhibitor'],10.261066,-0.6071381
BR00117013,C17,U2OS,48,RX-821002,compound,BRD-A65597028-003-08-1,,['adrenergic receptor antagonist'],9.248764,-0.6826936
BR00117013,C18,U2OS,48,DMSO,compound,,negcon,,8.026295,-0.78759813
BR00117013,C19,U2OS,48,TUG-891,compound,BRD-K24282351-001-01-4,,['free fatty acid receptor agonist'],10.055277,0.04809286
BR00117013,C20,U2OS,48,ponatinib,compound,BRD-K44227013-001-08-0,,"['PDGFR tyrosine kinase receptor inhibitor', 'FLT3 inhibitor', 'Bcr-Abl kinase inhibitor']",15.962513,0.2306725
BR00117013,C21,U2OS,48,DMSO,compound,,negcon,,8.696769,-1.25576
BR00117013,C22,U2OS,48,puromycin,compound,BRD-K01824976-300-02-9,,['protein synthesis inhibitor'],15.935217,0.15337305
BR00117013,C23,U2OS,48,SRC-kinase-inhibitor-I,compound,BRD-K50495309-001-02-0,,['src inhibitor'],12.177527,2.8158875
BR00117013,C24,U2OS,48,acetylcysteine,compound,BRD-K59058747-001-19-1,,,10.049198,2.6349227
BR00117013,D01,U2OS,48,NSC-625987,compound,BRD-K62949423-001-03-1,,['CDK inhibitor'],8.782751,1.081167
BR00117013,D02,U2OS,48,dalfampridine,compound,BRD-K22482860-001-20-6,,['potassium channel blocker'],8.455316,-0.7829938
BR00117013,D03,U2OS,48,NSC-95397,compound,BRD-K68143200-001-11-7,,['CDC inhibitor'],15.569205,-0.18009816
BR00117013,D04,U2OS,48,alrestatin,compound,BRD-K35498378-001-06-1,,['aldose reductase inhibitor'],8.797369,-1.4288715
BR00117013,D05,U2OS,48,PF-03758309,compound,BRD-K37764012-001-03-3,poscon_diverse,['p21 activated kinase inhibitor'],8.507364,-1.3794485
BR00117013,D06,U2OS,48,IRL-2500,compound,BRD-K98357249-001-02-9,,['endothelin receptor antagonist'],8.492746,-1.6440533
BR00117013,D07,U2OS,48,PF-04217903,compound,BRD-K73319509-001-08-0,poscon_cp,,8.468993,-0.99545914
BR00117013,D08,U2OS,48,FK-866,compound,BRD-K58550667-001-08-7,poscon_diverse,,14.874657,-1.2725716
BR00117013,D09,U2OS,48,amlexanox,compound,BRD-K29530284-001-06-2,,,9.630422,-1.1292528
BR00117013,D10,U2OS,48,GW-311616,compound,BRD-K37864785-001-01-0,,['elastase inhibitor'],9.682514,-1.0156521
BR00117013,D11,U2OS,48,buparlisib,compound,BRD-K42191735-001-08-7,poscon_diverse,,15.253217,0.9326351
BR00117013,D12,U2OS,48,amiloride,compound,BRD-K97181089-003-24-7,,['sodium channel blocker'],9.589212,-0.886658
BR00117013,D13,U2OS,48,DG-172,compound,BRD-K75748943-300-01-3,,,12.089063,2.8750236
BR00117013,D14,U2OS,48,DMSO,compound,,negcon,,7.918887,-1.0532582
BR00117013,D15,U2OS,48,DMSO,compound,,negcon,,8.196092,-1.6356417
BR00117013,D16,U2OS,48,NVP-ADW742,compound,BRD-K15179513-001-04-2,poscon_cp,,13.209606,2.5606303
BR00117013,D17,U2OS,48,misoprostol,compound,BRD-A72351335-001-04-5,,['prostanoid receptor agonist'],12.133343,-0.421918
BR00117013,D18,U2OS,48,conivaptan,compound,BRD-K37385792-003-02-1,,,11.21866,2.095226
BR00117013,D19,U2OS,48,spiroxatrine,compound,BRD-A72483914-001-03-7,,['serotonin receptor antagonist'],9.665477,0.2906648
BR00117013,D20,U2OS,48,diacerein,compound,BRD-K69122748-001-10-1,,,8.125299,-0.67828786
BR00117013,D21,U2OS,48,DMSO,compound,,negcon,,8.703174,-1.4075582
BR00117013,D22,U2OS,48,DMSO,compound,,negcon,,8.726093,-0.6704697
BR00117013,D23,U2OS,48,glyburide,compound,BRD-K36927236-001-36-7,,['ATP channel blocker'],9.602048,1.146237
BR00117013,D24,U2OS,48,ANR-94,compound,BRD-K31170746-001-01-6,,,9.380848,2.1210647
BR00117013,E01,U2OS,48,TFC-007,compound,BRD-K57708067-001-01-3,,,8.801204,1.5324079
BR00117013,E02,U2OS,48,trihexyphenidyl,compound,BRD-A48180038-003-24-3,,['acetylcholine receptor antagonist'],9.286515,0.62306184
BR00117013,E03,U2OS,48,epoprostenol,compound,BRD-K64054020-001-02-7,,,9.4271965,-0.15428904
BR00117013,E04,U2OS,48,sacubitril,compound,BRD-K91456750-001-01-9,,,9.555748,0.3884697
BR00117013,E05,U2OS,48,danusertib,compound,BRD-K07881437-001-03-8,poscon_diverse,"['growth factor receptor inhibitor', 'Aurora kinase inhibitor']",12.524772,-1.271872
BR00117013,E06,U2OS,48,CYT-997,compound,BRD-K23363278-001-02-1,poscon_diverse,['tubulin polymerization inhibitor'],15.191437,0.8807838
BR00117013,E07,U2OS,48,DMSO,compound,,negcon,,8.860962,-0.5762447
BR00117013,E08,U2OS,48,BQ-788,compound,BRD-K02490038-236-03-8,,['endothelin receptor antagonist'],10.195551,-0.056194305
BR00117013,E09,U2OS,48,SB-202190,compound,BRD-K54330070-001-19-6,poscon_orf,['p38 MAPK inhibitor'],11.075921,-0.2807098
BR00117013,E10,U2OS,48,GSK2110183,compound,BRD-K25412176-001-01-9,poscon_diverse,,11.380635,0.7494396
BR00117013,E11,U2OS,48,GSK3787,compound,BRD-K03155172-001-03-0,,['PPAR receptor antagonist'],9.631562,-0.82931125
BR00117013,E12,U2OS,48,BAM7,compound,BRD-K07442505-001-03-6,,,8.519851,0.0004542652
BR00117013,E13,U2OS,48,PHA-793887,compound,BRD-K64800655-001-09-0,poscon_diverse,['CDK inhibitor'],14.51454,0.14276387
BR00117013,E14,U2OS,48,DMSO,compound,,negcon,,8.259873,-1.1075974
BR00117013,E15,U2OS,48,GSK-37647,compound,BRD-K26514105-001-01-7,,['free fatty acid receptor agonist'],9.929581,-0.16596796
BR00117013,E16,U2OS,48,desonide,compound,BRD-K21528677-001-04-4,,['glucocorticoid receptor agonist'],9.841768,-0.7269544
BR00117013,E17,U2OS,48,DMSO,compound,,negcon,,7.8836656,-0.39309716
BR00117013,E18,U2OS,48,aloxistatin,compound,BRD-K91188791-001-17-5,,,12.526726,3.091496
BR00117013,E19,U2OS,48,azathioprine,compound,BRD-K32821942-001-22-1,,,10.390076,-0.062802486
BR00117013,E20,U2OS,48,ZK-93423,compound,BRD-K33882852-003-02-8,poscon_diverse,['benzodiazepine receptor agonist'],10.675292,2.4032137
BR00117013,E21,U2OS,48,BI-2536,compound,BRD-K64890080-001-02-1,poscon_diverse,,14.901385,0.9632796
BR00117013,E22,U2OS,48,EI1,compound,BRD-K91535048-001-01-2,poscon_cp,['histone lysine methyltransferase inhibitor'],9.9137745,0.71058583
BR00117013,E23,U2OS,48,NVP-HSP990,compound,BRD-K67915505-001-01-2,,['HSP inhibitor'],15.082661,0.21489254
BR00117013,E24,U2OS,48,DMSO,compound,,negcon,,8.887099,1.6450727
BR00117013,F01,U2OS,48,DMSO,compound,,negcon,,8.77963,0.57996225
BR00117013,F02,U2OS,48,nialamide,compound,BRD-K12102668-001-25-5,,,8.470352,-1.4920865
BR00117013,F03,U2OS,48,DMSO,compound,,negcon,,7.987747,-0.8470739
BR00117013,F04,U2OS,48,arundic-acid,compound,BRD-K49223707-001-01-0,,,8.702298,-0.9260739
BR00117013,F05,U2OS,48,torcitabine,compound,BRD-K91822704-003-07-2,,,8.860421,-1.2948467
BR00117013,F06,U2OS,48,DMSO,compound,,negcon,,8.550737,-1.7722379
BR00117013,F07,U2OS,48,epothilone-b,compound,BRD-K68164687-001-01-6,,"['microtubule stabilizing agent', 'tubulin polymerization inhibitor']",14.38644,1.0013459
BR00117013,F08,U2OS,48,dyphylline,compound,BRD-A00827783-001-24-6,,['phosphodiesterase inhibitor'],8.930084,-1.5833045
BR00117013,F09,U2OS,48,DMSO,compound,,negcon,,8.4605055,-1.7121338
BR00117013,F10,U2OS,48,quinidine,compound,BRD-K59632282-052-03-1,,['sodium channel blocker'],10.2839985,2.7027032
BR00117013,F11,U2OS,48,halopemide,compound,BRD-K50055394-001-03-6,,,10.93253,0.52719533
BR00117013,F12,U2OS,48,sulfinpyrazone,compound,BRD-A36217750-001-16-3,,,8.547543,-0.9437913
BR00117013,F13,U2OS,48,ML-323,compound,BRD-K93942811-001-01-3,poscon_cp,['ubiquitin specific protease inhibitor'],9.262547,-0.0783075
BR00117013,F14,U2OS,48,racecadotril,compound,BRD-A08187463-001-12-9,,,9.564139,-0.5024016
BR00117013,F15,U2OS,48,BRL-50481,compound,BRD-K84266862-001-03-2,,['phosphodiesterase inhibitor'],8.765438,-0.5897828
BR00117013,F16,U2OS,48,GSK2110183,compound,BRD-K25412176-001-01-9,poscon_diverse,,11.333377,0.5815496
BR00117013,F17,U2OS,48,bufexamac,compound,BRD-K36660044-001-24-2,,['cyclooxygenase inhibitor'],12.860339,-0.35598966
BR00117013,F18,U2OS,48,anandamide,compound,BRD-K42352790-001-05-3,,,9.405979,-0.57140785
BR00117013,F19,U2OS,48,thioguanine,compound,BRD-K49350383-001-13-7,poscon_diverse,,12.624316,0.054078486
BR00117013,F20,U2OS,48,IWP-L6,compound,BRD-K53234107-001-01-6,,['porcupine inhibitor'],10.42201,1.4265934
BR00117013,F21,U2OS,48,edoxaban,compound,BRD-K29322660-001-01-9,,['coagulation factor inhibitor'],9.863879,-0.66621435
BR00117013,F22,U2OS,48,lonafarnib,compound,BRD-K41599323-001-02-3,poscon_diverse,,11.989067,0.6895439
BR00117013,F23,U2OS,48,ibutamoren,compound,BRD-K44771174-066-01-0,,,9.57772,0.077156335
BR00117013,F24,U2OS,48,somatostatin,compound,BRD-K14681867-001-01-6,,['somatostatin receptor agonist'],9.62538,2.3280008
BR00117013,G01,U2OS,48,L-proline,compound,BRD-K01666412-001-02-0,,,8.961363,1.9081657
BR00117013,G02,U2OS,48,zamifenacin,compound,BRD-K80451230-051-02-6,,['acetylcholine receptor antagonist'],9.285422,-0.17802909
BR00117013,G03,U2OS,48,YC-1,compound,BRD-K60476892-001-16-1,,,14.964458,0.13745281
BR00117013,G04,U2OS,48,DMSO,compound,,negcon,,9.198499,0.14902703
BR00117013,G05,U2OS,48,ME-0328,compound,BRD-K24283677-001-01-9,,['PPAR receptor antagonist'],9.402204,0.49130854
BR00117013,G06,U2OS,48,NSC-663284,compound,BRD-K03109492-001-02-2,,['CDC inhibitor'],16.227974,-0.30108348
BR00117013,G07,U2OS,48,CYM-50358,compound,BRD-K80666802-003-01-0,,,10.123463,0.30301613
BR00117013,G08,U2OS,48,trazodone,compound,BRD-K70778732-003-27-5,,"['adrenergic receptor antagonist', 'serotonin receptor antagonist']",9.261747,-0.54919314
BR00117013,G09,U2OS,48,DMSO,compound,,negcon,,9.137885,-0.28861582
BR00117013,G10,U2OS,48,DMSO,compound,,negcon,,9.100961,-0.6670436
BR00117013,G11,U2OS,48,sulfasalazine,compound,BRD-K10670311-001-17-1,,['cyclooxygenase inhibitor'],9.586957,-1.0082285
BR00117013,G12,U2OS,48,"2,5-furandimethanol",compound,BRD-K29791386-001-01-8,,,9.200995,-0.5067014
BR00117013,G13,U2OS,48,DMSO,compound,,negcon,,8.63141,-1.3296633
BR00117013,G14,U2OS,48,dilazep,compound,BRD-K48722258-300-11-0,,,8.688702,0.54838544
BR00117013,G15,U2OS,48,felodipine,compound,BRD-A30815329-001-12-1,,['calcium channel blocker'],9.985167,-0.7060149
BR00117013,G16,U2OS,48,paliperidone,compound,BRD-A99888680-001-05-3,,"['dopamine receptor antagonist', 'serotonin receptor antagonist']",8.776777,-0.17831005
BR00117013,G17,U2OS,48,purvalanol-a,compound,BRD-K50836978-001-03-3,poscon_orf,['CDK inhibitor'],12.28204,-0.68260705
BR00117013,G18,U2OS,48,DMSO,compound,,negcon,,8.702512,-1.0855721
BR00117013,G19,U2OS,48,Ro-1138452,compound,BRD-K77220725-003-01-5,,['prostanoid receptor antagonist'],10.839927,0.13191324
BR00117013,G20,U2OS,48,sorbinil,compound,BRD-A89164055-001-03-3,,['aldose reductase inhibitor'],9.288158,-1.2080395
BR00117013,G21,U2OS,48,TC-S-7004,compound,BRD-K89517477-001-01-4,poscon_cp,['DYRK inhibitor'],11.453146,0.047743548
BR00117013,G22,U2OS,48,saclofen,compound,BRD-A24122750-001-03-7,,['GABA receptor antagonist'],8.764862,0.041406263
BR00117013,G23,U2OS,48,BAY-87-2243,compound,BRD-K70463136-001-01-5,,,10.46908,2.0269072
BR00117013,G24,U2OS,48,ibudilast,compound,BRD-K16444452-001-09-1,,['phosphodiesterase inhibitor'],9.794699,1.7186348
BR00117013,H01,U2OS,48,briciclib,compound,BRD-K05531427-001-01-7,,,15.30067,0.8993858
BR00117013,H02,U2OS,48,2-Oleoylglycerol,compound,BRD-K77087341-001-02-4,,,8.633428,-0.67933357
BR00117013,H03,U2OS,48,RGFP966,compound,BRD-K61688984-001-02-9,poscon_cp,['HDAC inhibitor'],11.726984,-0.037318245
BR00117013,H04,U2OS,48,DMSO,compound,,negcon,,8.263906,-1.3469157
BR00117013,H05,U2OS,48,azacitidine,compound,BRD-K03406345-001-21-1,poscon_diverse,,10.700088,-0.9581404
BR00117013,H06,U2OS,48,N6-cyclopentyladenosine,compound,BRD-K60150510-001-15-6,,,8.843987,-1.6493015
BR00117013,H07,U2OS,48,filgotinib,compound,BRD-K16803204-001-01-6,poscon_cp,['JAK inhibitor'],9.921334,-0.96375084
BR00117013,H08,U2OS,48,guanidine,compound,BRD-K76037122-001-02-5,,['HSP inhibitor'],8.719786,-1.6919504
BR00117013,H09,U2OS,48,coumarin,compound,BRD-K23913458-001-20-7,,,8.817462,-1.4251281
BR00117013,H10,U2OS,48,DMSO,compound,,negcon,,8.151022,-1.6367526
BR00117013,H11,U2OS,48,ZM-336372,compound,BRD-K73789395-001-09-9,poscon_orf,['RAF inhibitor'],9.222751,-0.014295566
BR00117013,H12,U2OS,48,citric-acid,compound,BRD-K76792669-001-08-1,,['coagulation factor inhibitor'],9.013947,-1.254457
BR00117013,H13,U2OS,48,DMSO,compound,,negcon,,7.9228396,-1.4373183
BR00117013,H14,U2OS,48,CCG-63802,compound,BRD-K26970495-001-02-7,,['G protein signaling inhibitor'],10.243326,2.5453658
BR00117013,H15,U2OS,48,ibutilide,compound,BRD-A74391928-051-03-9,,['potassium channel blocker'],9.657971,0.2809293
BR00117013,H16,U2OS,48,batimastat,compound,BRD-K82818427-001-04-8,,['matrix metalloprotease inhibitor'],11.421138,0.39808884
BR00117013,H17,U2OS,48,DMSO,compound,,negcon,,8.139927,-0.46925086
BR00117013,H18,U2OS,48,DMSO,compound,,negcon,,8.352589,-0.89963514
BR00117013,H19,U2OS,48,UNC1999,compound,BRD-K26989966-001-04-3,poscon_cp,['histone lysine methyltransferase inhibitor'],15.582633,0.12499637
BR00117013,H20,U2OS,48,glutamine-(l),compound,BRD-K83896451-001-06-7,,,10.102988,-1.0462022
BR00117013,H21,U2OS,48,PD-98059,compound,BRD-K62810658-001-11-4,poscon_orf,,9.578913,-0.32856327
BR00117013,H22,U2OS,48,enilconazole,compound,BRD-K01825690-065-01-9,,,8.686772,-0.80121773
BR00117013,H23,U2OS,48,N-alpha-Methylhistamine-dihydrochloride,compound,BRD-K75390981-300-04-9,,['histamine receptor agonist'],9.745859,0.66189206
BR00117013,H24,U2OS,48,GK921,compound,BRD-K38272302-001-02-7,,,14.442376,0.5736205
BR00117013,I01,U2OS,48,nilvadipine,compound,BRD-A84687895-001-03-2,,['calcium channel blocker'],9.10423,1.275438
BR00117013,I02,U2OS,48,DMSO,compound,,negcon,,9.335221,-0.031939045
BR00117013,I03,U2OS,48,AC-710,compound,BRD-K15819326-001-01-6,,['PDGFR tyrosine kinase receptor inhibitor'],12.685317,2.4958432
BR00117013,I04,U2OS,48,PETCM,compound,BRD-A93477898-001-04-2,,,9.130738,0.35842112
BR00117013,I05,U2OS,48,AZD7762,compound,BRD-K86525559-001-07-8,poscon_diverse,['CHK inhibitor'],15.937124,-0.61361265
BR00117013,I06,U2OS,48,PHA-793887,compound,BRD-K64800655-001-09-0,poscon_diverse,['CDK inhibitor'],14.342965,0.10548975
BR00117013,I07,U2OS,48,KU-60019,compound,BRD-K36016295-001-05-2,,['ATM kinase inhibitor'],13.548781,1.8894848
BR00117013,I08,U2OS,48,nafamostat,compound,BRD-K06674495-334-04-0,,,10.697544,-0.15251547
BR00117013,I09,U2OS,48,DMSO,compound,,negcon,,9.152493,-0.25874949
BR00117013,I10,U2OS,48,DMSO,compound,,negcon,,9.337171,-0.6942655
BR00117013,I11,U2OS,48,taladegib,compound,BRD-K50498985-001-03-3,,['smoothened receptor antagonist'],10.665261,-0.19785678
BR00117013,I12,U2OS,48,acetohexamide,compound,BRD-K52960356-001-13-0,,['ATP channel blocker'],8.580165,-0.8726334
BR00117013,I13,U2OS,48,minocycline,compound,BRD-A69651145-003-11-4,,,11.736852,0.14024742
BR00117013,I14,U2OS,48,BI-2536,compound,BRD-K64890080-001-02-1,poscon_diverse,,14.885126,1.0959711
BR00117013,I15,U2OS,48,riociguat,compound,BRD-K84783599-001-01-0,,,8.315779,-0.36891016
BR00117013,I16,U2OS,48,CP-724714,compound,BRD-K76908866-001-07-6,poscon_cp,"['EGFR inhibitor', 'protein tyrosine kinase inhibitor']",10.577355,1.7110572
BR00117013,I17,U2OS,48,ganetespib,compound,BRD-K38852836-001-04-9,poscon_diverse,['HSP inhibitor'],14.97189,0.09205856
BR00117013,I18,U2OS,48,AZ191,compound,BRD-K80935598-001-01-1,poscon_cp,['DYRK inhibitor'],13.271506,2.7481184
BR00117013,I19,U2OS,48,BAX-channel-blocker,compound,BRD-A18763547-300-06-3,,,14.196076,1.4279985
BR00117013,I20,U2OS,48,SU3327,compound,BRD-K32730239-001-01-0,,['JNK inhibitor'],15.691667,0.22809009
BR00117013,I21,U2OS,48,DMSO,compound,,negcon,,8.347775,-0.5097884
BR00117013,I22,U2OS,48,DMSO,compound,,negcon,,8.192936,-1.5224894
BR00117013,I23,U2OS,48,octreotide,compound,BRD-A64173453-015-03-1,,['somatostatin receptor agonist'],9.432108,0.86099946
BR00117013,I24,U2OS,48,1-octanol,compound,BRD-K09338665-001-08-9,,,8.650863,0.74272215
BR00117013,J01,U2OS,48,acalabrutinib,compound,BRD-K64034691-001-01-9,,"[""Bruton's tyrosine kinase (BTK) inhibitor""]",9.388519,0.7290381
BR00117013,J02,U2OS,48,rifamycin,compound,BRD-K38512030-001-01-7,,,8.979795,-1.2268983
BR00117013,J03,U2OS,48,pazopanib,compound,BRD-K74514084-003-09-2,,"['KIT inhibitor', 'VEGFR inhibitor', 'PDGFR tyrosine kinase receptor inhibitor']",11.436161,0.74696165
BR00117013,J04,U2OS,48,RKI-1447,compound,BRD-K19333160-001-01-3,poscon_cp,,12.117063,1.6805054
BR00117013,J05,U2OS,48,vitamin-E,compound,BRD-K97091514-001-11-4,,['PKC inhibitor'],8.680345,-1.7817308
BR00117013,J06,U2OS,48,lonafarnib,compound,BRD-K41599323-001-02-3,poscon_diverse,,11.831908,0.49688008
BR00117013,J07,U2OS,48,ethyl-pyruvate,compound,BRD-K47738867-001-01-5,,,8.447208,-1.6551558
BR00117013,J08,U2OS,48,picrotin,compound,BRD-A91822151-001-05-0,,['GABA receptor antagonist'],8.714883,-1.8240632
BR00117013,J09,U2OS,48,SGX523,compound,BRD-K19477839-001-07-6,poscon_cp,,9.295293,-0.09323733
BR00117013,J10,U2OS,48,PP-2,compound,BRD-K95785537-001-22-3,,['src inhibitor'],12.070486,0.2843746
BR00117013,J11,U2OS,48,ME-0328,compound,BRD-A63444178-001-01-5,,['PPAR receptor antagonist'],8.830546,-1.2323406
BR00117013,J12,U2OS,48,AZD9668,compound,BRD-K31476763-001-01-5,,['elastase inhibitor'],8.526103,-0.66216403
BR00117013,J13,U2OS,48,NQDI-1,compound,BRD-K61918008-001-07-1,,,11.054029,0.25506103
BR00117013,J14,U2OS,48,DMSO,compound,,negcon,,7.6371017,-1.0526916
BR00117013,J15,U2OS,48,carzenide,compound,BRD-K09295674-001-09-8,,,9.949164,-0.71509856
BR00117013,J16,U2OS,48,KU-55933,compound,BRD-K25311561-001-10-7,,['ATM kinase inhibitor'],10.909812,-0.5099951
BR00117013,J17,U2OS,48,NVP-AEW541,compound,BRD-K24696047-001-02-3,poscon_cp,['IGF-1 inhibitor'],12.394331,2.5842412
BR00117013,J18,U2OS,48,leflunomide,compound,BRD-K78692225-001-24-5,,['PDGFR tyrosine kinase receptor inhibitor'],9.733019,-0.20162605
BR00117013,J19,U2OS,48,DMSO,compound,,negcon,,8.190911,-0.6578857
BR00117013,J20,U2OS,48,azacitidine,compound,BRD-K03406345-001-21-1,poscon_diverse,,10.566807,-0.9047349
BR00117013,J21,U2OS,48,ixabepilone,compound,BRD-K03601870-001-01-2,,['microtubule stabilizing agent'],14.689495,0.8570397
BR00117013,J22,U2OS,48,KH-CB19,compound,BRD-K66430217-001-03-8,poscon_cp,['CDC inhibitor'],8.726008,-0.70071894
BR00117013,J23,U2OS,48,DMSO,compound,,negcon,,8.259336,-1.0065861
BR00117013,J24,U2OS,48,PF-05190457,compound,BRD-K02554563-001-01-6,,,10.345453,1.2434478
BR00117013,K01,U2OS,48,LDN-212854,compound,BRD-K59831625-001-03-9,,,15.707015,-0.1754625
BR00117013,K02,U2OS,48,formononetin,compound,BRD-K55567017-001-12-3,,['alcohol dehydrogenase inhibitor'],9.567132,0.03818629
BR00117013,K03,U2OS,48,aminopurvalanol-a,compound,BRD-K07762753-001-05-1,poscon_orf,['CDK inhibitor'],12.4608345,-0.61027074
BR00117013,K04,U2OS,48,ruxolitinib,compound,BRD-K53972329-001-01-3,poscon_cp,['JAK inhibitor'],10.288572,-0.50364524
BR00117013,K05,U2OS,48,DMSO,compound,,negcon,,9.10092,-0.6383423
BR00117013,K06,U2OS,48,DMSO,compound,,negcon,,8.617887,-0.6537344
BR00117013,K07,U2OS,48,LGK-974,compound,BRD-K16810791-001-01-0,,['porcupine inhibitor'],10.08122,0.75202703
BR00117013,K08,U2OS,48,polydatin,compound,BRD-K43236057-001-07-1,,['ICAM1 expression inhibitor'],12.938107,0.81337935
BR00117013,K09,U2OS,48,enflurane,compound,BRD-A51831848-001-01-7,,,9.798928,0.10084142
BR00117013,K10,U2OS,48,PFI-1,compound,BRD-K13094524-001-04-2,poscon_cp,,7.9315104,0.48317686
BR00117013,K11,U2OS,48,AZD7762,compound,BRD-K86525559-001-07-8,poscon_diverse,['CHK inhibitor'],15.952454,-0.6868757
BR00117013,K12,U2OS,48,sotrastaurin,compound,BRD-K16761703-001-03-8,,['PKC inhibitor'],11.11494,-0.43979988
BR00117013,K13,U2OS,48,DMSO,compound,,negcon,,7.773929,-1.2232318
BR00117013,K14,U2OS,48,cycloheximide,compound,BRD-K36055864-001-20-0,,['protein synthesis inhibitor'],14.364273,0.47779337
BR00117013,K15,U2OS,48,oxytocin,compound,BRD-K25243230-001-01-2,,,8.174199,-0.58370465
BR00117013,K16,U2OS,48,DMSO,compound,,negcon,,8.296158,-1.664269
BR00117013,K17,U2OS,48,colchicine,compound,BRD-K00259736-001-16-4,,,15.171704,1.0767235
BR00117013,K18,U2OS,48,afimoxifene,compound,BRD-K04210847-001-21-9,,,7.640094,-1.0724868
BR00117013,K19,U2OS,48,DMSO,compound,,negcon,,8.190139,-1.5619379
BR00117013,K20,U2OS,48,ZK-93423,compound,BRD-K33882852-003-02-8,poscon_diverse,['benzodiazepine receptor agonist'],10.981667,2.5326037
BR00117013,K21,U2OS,48,RGB-286638,compound,BRD-K20986415-001-02-6,,['CDK inhibitor'],13.945633,1.4830058
BR00117013,K22,U2OS,48,FPS-ZM1,compound,BRD-K87691185-001-01-2,,['RAGE receptor antagonist'],8.425466,-1.0711967
BR00117013,K23,U2OS,48,flindokalner,compound,BRD-K56740996-001-02-1,,,8.006257,-0.4854825
BR00117013,K24,U2OS,48,motesanib,compound,BRD-K99616396-316-05-3,,"['KIT inhibitor', 'VEGFR inhibitor', 'PDGFR tyrosine kinase receptor inhibitor']",11.115715,2.2260013
BR00117013,L01,U2OS,48,geldanamycin,compound,BRD-K43570081-001-02-4,,['HSP inhibitor'],15.098836,0.22998327
BR00117013,L02,U2OS,48,DMSO,compound,,negcon,,8.366563,-1.5672786
BR00117013,L03,U2OS,48,CGP-53353,compound,BRD-K32292990-001-03-6,,"['PKC inhibitor', 'EGFR inhibitor']",10.014355,-0.9660536
BR00117013,L04,U2OS,48,7-hydroxystaurosporine,compound,BRD-K45293975-001-02-0,,"['CDK inhibitor', 'PKC inhibitor', 'CHK inhibitor']",15.560478,-0.52583194
BR00117013,L05,U2OS,48,DMSO,compound,,negcon,,8.319413,-1.6147405
BR00117013,L06,U2OS,48,DMSO,compound,,negcon,,8.273699,-1.6797146
BR00117013,L07,U2OS,48,efaproxiral,compound,BRD-K37355418-236-01-6,,,10.322578,-0.25293672
BR00117013,L08,U2OS,48,SB-203580,compound,BRD-A37704979-001-12-3,poscon_orf,['p38 MAPK inhibitor'],11.380558,-0.42028695
BR00117013,L09,U2OS,48,FK-866,compound,BRD-K58550667-001-08-7,poscon_diverse,,14.795114,-1.2745209
BR00117013,L10,U2OS,48,bepridil,compound,BRD-A91008255-003-24-8,,['calcium channel blocker'],11.012587,-0.15977174
BR00117013,L11,U2OS,48,delanzomib,compound,BRD-K59325863-001-04-4,,,15.815065,0.03356217
BR00117013,L12,U2OS,48,buparlisib,compound,BRD-K42191735-001-08-7,poscon_diverse,,15.02108,0.76692826
BR00117013,L13,U2OS,48,phenylbutazone,compound,BRD-K10843433-001-23-5,,"['cyclooxygenase inhibitor', 'prostanoid receptor antagonist']",8.46219,-0.68289083
BR00117013,L14,U2OS,48,deferasirox,compound,BRD-K97010173-001-04-1,,,12.210336,-1.0769138
BR00117013,L15,U2OS,48,DMSO,compound,,negcon,,8.053584,-1.5397501
BR00117013,L16,U2OS,48,cediranib,compound,BRD-K86930074-001-05-0,,"['KIT inhibitor', 'VEGFR inhibitor']",12.8476715,2.9010062
BR00117013,L17,U2OS,48,isoflurane,compound,BRD-A31564021-001-02-6,,,9.003239,-0.55249673
BR00117013,L18,U2OS,48,DMSO,compound,,negcon,,8.369554,-1.1131884
BR00117013,L19,U2OS,48,CCG-50014,compound,BRD-K08893438-001-06-4,,['G protein signaling inhibitor'],15.7328,0.47819453
BR00117013,L20,U2OS,48,PF-431396,compound,BRD-K93788137-001-04-1,,,12.668229,-1.533821
BR00117013,L21,U2OS,48,TG-02,compound,BRD-K14560436-001-01-4,,"['CDK inhibitor', 'FLT3 inhibitor', 'JAK inhibitor']",14.615739,0.19462848
BR00117013,L22,U2OS,48,baclofen,compound,BRD-K01826724-003-07-9,,['benzodiazepine receptor agonist'],9.537725,0.15910281
BR00117013,L23,U2OS,48,thiostrepton,compound,BRD-A20697603-001-07-2,,['protein synthesis inhibitor'],13.420443,0.89815974
BR00117013,L24,U2OS,48,flufenamic-acid,compound,BRD-K44067360-001-29-5,,,9.229838,1.6954204
BR00117013,M01,U2OS,48,DMSO,compound,,negcon,,8.806255,1.8439984
BR00117013,M02,U2OS,48,LY2109761,compound,BRD-K47557313-001-02-7,,,11.677804,0.26241928
BR00117013,M03,U2OS,48,olopatadine,compound,BRD-K67637637-003-11-8,,['histamine receptor antagonist'],8.992692,-0.08109481
BR00117013,M04,U2OS,48,DMSO,compound,,negcon,,9.063979,-0.5523652
BR00117013,M05,U2OS,48,castanospermine,compound,BRD-K20897876-001-11-8,,['glucosidase inhibitor'],9.4221525,-0.017291602
BR00117013,M06,U2OS,48,A205804,compound,BRD-K77627880-001-04-0,,['ICAM1 expression inhibitor'],11.058924,-0.87437457
BR00117013,M07,U2OS,48,VU591,compound,BRD-K72063794-003-01-0,,['potassium channel blocker'],8.835569,-0.35818863
BR00117013,M08,U2OS,48,dalbavancin,compound,BRD-K30177383-001-01-0,,['bacterial cell wall synthesis inhibitor'],10.1351795,-0.44927776
BR00117013,M09,U2OS,48,CC-401,compound,BRD-K45746021-003-01-9,,['JNK inhibitor'],10.509503,-0.3235955
BR00117013,M10,U2OS,48,ganetespib,compound,BRD-K38852836-001-04-9,poscon_diverse,['HSP inhibitor'],15.025836,0.21341416
BR00117013,M11,U2OS,48,ingenol-mebutate,compound,BRD-K93779381-001-01-9,,,11.049463,1.5865253
BR00117013,M12,U2OS,48,menadione,compound,BRD-K78126613-001-27-7,,,14.02907,0.3997529
BR00117013,M13,U2OS,48,cetilistat,compound,BRD-K94863486-001-02-2,,,9.4279175,-0.73590684
BR00117013,M14,U2OS,48,methoxsalen,compound,BRD-K63430059-001-16-4,,['DNA synthesis inhibitor'],8.328837,-1.1807996
BR00117013,M15,U2OS,48,cyclosporine,compound,BRD-K13533483-001-16-2,,,12.380059,0.24163665
BR00117013,M16,U2OS,48,NSC-632839,compound,BRD-K81197548-003-01-4,poscon_cp,['ubiquitin specific protease inhibitor'],15.834507,0.2033182
BR00117013,M17,U2OS,48,DMSO,compound,,negcon,,8.1270895,-0.8680593
BR00117013,M18,U2OS,48,TG-003,compound,BRD-K97072811-001-11-4,poscon_cp,,9.839586,-1.0098451
BR00117013,M19,U2OS,48,oxibendazole,compound,BRD-K52075715-001-06-7,,['tubulin polymerization inhibitor'],14.985788,0.8956192
BR00117013,M20,U2OS,48,TG-101348,compound,BRD-K12502280-001-11-4,poscon_cp,"['JAK inhibitor', 'FLT3 inhibitor']",15.128103,0.75933504
BR00117013,M21,U2OS,48,miglitol,compound,BRD-A63310107-001-04-8,,['glucosidase inhibitor'],9.537577,0.12187951
BR00117013,M22,U2OS,48,DMSO,compound,,negcon,,8.117456,-0.6794249
BR00117013,M23,U2OS,48,DMSO,compound,,negcon,,8.104425,-0.8689652
BR00117013,M24,U2OS,48,tranilast,compound,BRD-K17849083-001-32-9,,,10.246039,1.8604409
BR00117013,N01,U2OS,48,4-methylhistamine,compound,BRD-K70821460-300-02-4,,['histamine receptor agonist'],8.43709,0.9848093
BR00117013,N02,U2OS,48,LDN-27219,compound,BRD-K51485109-001-01-4,,,7.7870884,-0.4522023
BR00117013,N03,U2OS,48,anisomycin,compound,BRD-K91370081-001-25-1,,['DNA synthesis inhibitor'],15.368437,0.053116154
BR00117013,N04,U2OS,48,thioguanine,compound,BRD-K49350383-001-13-7,poscon_diverse,,12.557649,0.06544642
BR00117013,N05,U2OS,48,droxinostat,compound,BRD-K11558771-001-13-9,,['HDAC inhibitor'],8.748516,-1.4771565
BR00117013,N06,U2OS,48,UNC2025,compound,BRD-K91283740-003-01-6,poscon_cp,['FLT3 inhibitor'],14.820058,0.6078993
BR00117013,N07,U2OS,48,DMSO,compound,,negcon,,8.960217,-1.1797683
BR00117013,N08,U2OS,48,DMSO,compound,,negcon,,8.276691,-1.77526
BR00117013,N09,U2OS,48,AMG900,compound,BRD-K21728777-001-02-3,poscon_cp,['Aurora kinase inhibitor'],12.495312,-1.4446284
BR00117013,N10,U2OS,48,PF-06463922,compound,BRD-A23124853-001-01-4,,['ALK tyrosine kinase receptor inhibitor'],11.699794,1.0493782
BR00117013,N11,U2OS,48,orantinib,compound,BRD-K55966568-001-09-6,poscon_cp,"['FGFR inhibitor', 'PDGFR tyrosine kinase receptor inhibitor', 'VEGFR inhibitor']",9.211555,-0.05933514
BR00117013,N12,U2OS,48,fludarabine-phosphate,compound,BRD-K71106091-001-09-5,,['ribonucleotide reductase inhibitor'],12.261125,-1.338233
BR00117013,N13,U2OS,48,ceritinib,compound,BRD-K22149900-001-06-2,,['ALK tyrosine kinase receptor inhibitor'],11.703143,1.9160177
BR00117013,N14,U2OS,48,NVS-PAK1-1,compound,BRD-K28132190-001-02-0,poscon_cp,['p21 activated kinase inhibitor'],12.160603,1.3030267
BR00117013,N15,U2OS,48,homoharringtonine,compound,BRD-K76674262-001-03-3,,['protein synthesis inhibitor'],15.217685,0.06770119
BR00117013,N16,U2OS,48,picrotoxinin,compound,BRD-K36461289-001-05-8,,['GABA receptor antagonist'],8.465862,-0.80615014
BR00117013,N17,U2OS,48,DMSO,compound,,negcon,,8.684748,-0.75853664
BR00117013,N18,U2OS,48,danusertib,compound,BRD-K07881437-001-03-8,poscon_diverse,"['growth factor receptor inhibitor', 'Aurora kinase inhibitor']",12.454723,-1.3360742
BR00117013,N19,U2OS,48,romidepsin,compound,BRD-K61397605-001-01-8,poscon_cp,['HDAC inhibitor'],15.659683,0.23770085
BR00117013,N20,U2OS,48,FERb-033,compound,BRD-K61642990-001-01-0,poscon_cp,['EGFR inhibitor'],11.922418,1.1740423
BR00117013,N21,U2OS,48,PF-03758309,compound,BRD-K37764012-001-03-3,poscon_diverse,['p21 activated kinase inhibitor'],14.845846,0.060117528
BR00117013,N22,U2OS,48,DMSO,compound,,negcon,,8.172781,-1.5762746
BR00117013,N23,U2OS,48,trometamol,compound,BRD-K47978074-001-03-2,,,8.233618,-0.9652302
BR00117013,N24,U2OS,48,simvastatin,compound,BRD-K22134346-001-22-3,,['HMGCR inhibitor'],12.148341,0.9932053
BR00117013,O01,U2OS,48,zaprinast,compound,BRD-K16542329-001-16-8,,['phosphodiesterase inhibitor'],8.672704,1.95044
BR00117013,O02,U2OS,48,dexamethasone,compound,BRD-A10188456-001-04-9,,['glucocorticoid receptor agonist'],10.856551,1.2258375
BR00117013,O03,U2OS,48,salicylic-acid,compound,BRD-K93632104-001-17-2,,['cyclooxygenase inhibitor'],8.91776,-0.0045621153
BR00117013,O04,U2OS,48,diltiazem,compound,BRD-A69636825-003-04-7,,['calcium channel blocker'],9.645501,0.32563007
BR00117013,O05,U2OS,48,phenolphthalein,compound,BRD-K19227686-001-18-6,,,9.285973,-0.23502871
BR00117013,O06,U2OS,48,niflumic-acid,compound,BRD-K98763141-001-30-8,,['cyclooxygenase inhibitor'],9.415182,0.5729275
BR00117013,O07,U2OS,48,DMSO,compound,,negcon,,9.221312,0.11827305
BR00117013,O08,U2OS,48,L-Cystine,compound,BRD-A15397381-001-02-5,,,9.194433,0.650031
BR00117013,O09,U2OS,48,ozanimod,compound,BRD-K46625559-001-01-8,,['sphingosine 1 phosphate receptor agonist'],11.496679,2.3446953
BR00117013,O10,U2OS,48,efaroxan,compound,BRD-A10739734-003-09-8,,['adrenergic receptor antagonist'],9.176665,0.605091
BR00117013,O11,U2OS,48,NBQX,compound,BRD-K11796549-001-05-2,,['glutamate receptor antagonist'],8.389648,-0.32062528
BR00117013,O12,U2OS,48,dinoprostone,compound,BRD-K26521938-001-07-2,,['prostanoid receptor agonist'],9.739666,1.8257688
BR00117013,O13,U2OS,48,Ro-20-1724,compound,BRD-A07207424-001-14-0,,['phosphodiesterase inhibitor'],8.161338,-0.37277335
BR00117013,O14,U2OS,48,xanomeline,compound,BRD-K72815923-034-02-0,,['acetylcholine receptor agonist'],8.656359,0.02665523
BR00117013,O15,U2OS,48,terazosin,compound,BRD-K01825589-310-02-9,,['adrenergic receptor antagonist'],9.2810955,-1.0043583
BR00117013,O16,U2OS,48,BVT-948,compound,BRD-K68567222-001-01-2,,,14.110143,-0.43407708
BR00117013,O17,U2OS,48,nicotine,compound,BRD-K01825660-322-01-9,,['acetylcholine receptor agonist'],9.560792,0.5453775
BR00117013,O18,U2OS,48,DMSO,compound,,negcon,,8.405741,-0.5358543
BR00117013,O19,U2OS,48,U-0521,compound,BRD-K08953028-001-09-6,,,9.557012,-0.20472264
BR00117013,O20,U2OS,48,BMS-587101,compound,BRD-K20093108-001-02-3,,,8.962951,-0.22739218
BR00117013,O21,U2OS,48,nimodipine,compound,BRD-A58048407-001-20-4,,['calcium channel blocker'],9.44143,0.7458513
BR00117013,O22,U2OS,48,pyrrolidine-dithiocarbamate,compound,BRD-K80970344-201-08-6,,,15.873328,0.4286892
BR00117013,O23,U2OS,48,PF-915275,compound,BRD-K18289362-001-02-2,,,9.735507,0.8169483
BR00117013,O24,U2OS,48,JTE-013,compound,BRD-K43330982-001-02-3,,,9.950653,2.2855582
BR00117013,P01,U2OS,48,sodium-butyrate,compound,BRD-K05878375-236-05-7,,['HDAC inhibitor'],8.821492,2.6087172
BR00117013,P02,U2OS,48,pentostatin,compound,BRD-K91543828-001-02-0,,['ribonucleotide reductase inhibitor'],8.429993,1.5449486
BR00117013,P03,U2OS,48,OMDM-2,compound,BRD-K48830578-001-01-9,,,9.400093,1.187909
BR00117013,P04,U2OS,48,nalmefene,compound,BRD-A72767275-003-01-6,,,8.82079,1.6917125
BR00117013,P05,U2OS,48,DMSO,compound,,negcon,,8.953449,-0.41263208
BR00117013,P06,U2OS,48,1-EBIO,compound,BRD-K70586315-001-02-4,,,9.114146,0.99386203
BR00117013,P07,U2OS,48,SB-505124,compound,BRD-K40109029-001-02-9,,['ALK tyrosine kinase receptor inhibitor'],10.368087,2.8263402
BR00117013,P08,U2OS,48,prasugrel,compound,BRD-A83029242-001-06-1,,['purinergic receptor antagonist'],10.099851,0.6917539
BR00117013,P09,U2OS,48,pidolic-acid,compound,BRD-K57313110-001-06-8,,,8.467598,1.8591752
BR00117013,P10,U2OS,48,DMSO,compound,,negcon,,9.117603,0.80253357
BR00117013,P11,U2OS,48,nevirapine,compound,BRD-K15502390-001-20-9,,,8.988175,1.6338197
BR00117013,P12,U2OS,48,triamterene,compound,BRD-K92049597-001-20-8,,['sodium channel blocker'],9.243112,1.8097541
BR00117013,P13,U2OS,48,regorafenib,compound,BRD-K16730910-001-07-3,,"['PDGFR tyrosine kinase receptor inhibitor', 'RAF inhibitor', 'KIT inhibitor', 'RET tyrosine kinase inhibitor', 'FGFR inhibitor', 'VEGFR inhibitor']",10.427968,0.8740093
BR00117013,P14,U2OS,48,cyclophosphamide,compound,BRD-A09722536-002-18-0,,,9.451898,2.775126
BR00117013,P15,U2OS,48,olanzapine,compound,BRD-K18895904-001-16-1,,"['dopamine receptor antagonist', 'serotonin receptor antagonist']",12.036431,2.9524794
BR00117013,P16,U2OS,48,KI-16425,compound,BRD-A25569250-001-03-3,,['lysophosphatidic acid receptor antagonist'],9.697864,2.6083663
BR00117013,P17,U2OS,48,SKLB1002,compound,BRD-K29895144-001-01-0,,['VEGFR inhibitor'],12.397562,-1.1806715
BR00117013,P18,U2OS,48,cilostazol,compound,BRD-K67017579-001-28-1,,['phosphodiesterase inhibitor'],9.259795,1.3834075
BR00117013,P19,U2OS,48,AZD1283,compound,BRD-K77060810-001-01-5,,['purinergic receptor antagonist'],8.934156,1.283646
BR00117013,P20,U2OS,48,A-987306,compound,BRD-K68982262-001-01-4,,['histamine receptor antagonist'],12.196909,3.0515714
BR00117013,P21,U2OS,48,procaine,compound,BRD-K24616672-003-20-1,,['HMGCR inhibitor'],9.185059,1.5402399
BR00117013,P22,U2OS,48,miconazole,compound,BRD-A82396632-008-30-8,,['bacterial cell wall synthesis inhibitor'],10.238561,1.4783878
BR00117013,P23,U2OS,48,loperamide,compound,BRD-K61250553-003-30-6,,,10.576273,2.6826468
BR00117013,P24,U2OS,48,aripiprazole,compound,BRD-K70358946-001-17-3,,['serotonin receptor antagonist'],9.877044,3.110169
BR00117024,A01,U2OS,24,gabapentin-enacarbil,compound,BRD-A86665761-001-01-1,,,8.492932,2.9494967
BR00117024,A02,U2OS,24,DMSO,compound,,negcon,,8.161166,1.8235037
BR00117024,A03,U2OS,24,amlodipine,compound,BRD-A22032524-074-09-9,,['calcium channel blocker'],12.696485,2.5910788
BR00117024,A04,U2OS,24,hexestrol,compound,BRD-A01078468-001-14-8,,,7.6375265,1.3785858
BR00117024,A05,U2OS,24,quinine,compound,BRD-K48278478-001-01-2,,,9.042399,0.799702
BR00117024,A06,U2OS,24,LOXO-101,compound,BRD-K36574127-001-01-3,,,8.66894,0.40751576
BR00117024,A07,U2OS,24,brinzolamide,compound,BRD-K74913225-001-14-0,,['carbonic anhydrase inhibitor'],8.431098,1.4098701
BR00117024,A08,U2OS,24,NS-11021,compound,BRD-K94342292-001-01-3,,['calcium-activated potassium channel activator'],10.780256,1.0702956
BR00117024,A09,U2OS,24,DMSO,compound,,negcon,,8.33295,1.6092688
BR00117024,A10,U2OS,24,GNF-5837,compound,BRD-K19975102-001-01-2,,['growth factor receptor inhibitor'],10.636132,2.164866
BR00117024,A11,U2OS,24,apatinib,compound,BRD-K25244359-066-02-6,,['RET tyrosine kinase inhibitor'],11.848484,2.5272691
BR00117024,A12,U2OS,24,ethoxzolamide,compound,BRD-K18131774-001-18-4,,['carbonic anhydrase inhibitor'],9.777433,2.2346134
BR00117024,A13,U2OS,24,ascorbic-acid,compound,BRD-A85242401-001-11-5,,,8.395797,1.5515224
BR00117024,A14,U2OS,24,ryuvidine,compound,BRD-K06426971-001-02-7,,['histone lysine methyltransferase inhibitor'],16.165663,-0.62208366
BR00117024,A15,U2OS,24,BAN-ORL-24,compound,BRD-K47049295-300-03-1,,,13.016247,2.1467476
BR00117024,A16,U2OS,24,NNC-55-0396,compound,BRD-K78122587-300-04-3,,,12.586536,2.7207582
BR00117024,A17,U2OS,24,DMSO,compound,,negcon,,7.8992577,1.4867165
BR00117024,A18,U2OS,24,WH-4-023,compound,BRD-K50199947-001-03-4,,['src inhibitor'],12.972734,1.8862824
BR00117024,A19,U2OS,24,flupirtine,compound,BRD-K50720187-051-03-1,,['glutamate receptor antagonist'],11.404683,1.3903391
BR00117024,A20,U2OS,24,ZK811752,compound,BRD-K91825936-001-03-9,,,8.968865,2.278293
BR00117024,A21,U2OS,24,dexamethasone,compound,BRD-K38775274-001-22-1,,['glucocorticoid receptor agonist'],11.55928,2.1571653
BR00117024,A22,U2OS,24,PP-1,compound,BRD-K47598052-001-14-1,,['src inhibitor'],12.253375,0.7028583
BR00117024,A23,U2OS,24,DDR1-IN-1,compound,BRD-K61845293-300-01-9,,,12.063473,2.5005186
BR00117024,A24,U2OS,24,AVL-292,compound,BRD-K87782578-001-01-4,,"[""Bruton's tyrosine kinase (BTK) inhibitor""]",13.197019,0.48530465
BR00117024,B01,U2OS,24,H2L-5765834,compound,BRD-K26439554-001-01-3,,['lysophosphatidic acid receptor antagonist'],8.048546,1.9554671
BR00117024,B02,U2OS,24,thiostrepton,compound,BRD-K58049875-001-03-9,,['protein synthesis inhibitor'],15.752101,-0.6692216
BR00117024,B03,U2OS,24,DMSO,compound,,negcon,,7.16366,0.9310005
BR00117024,B04,U2OS,24,arcyriaflavin-a,compound,BRD-K72726508-001-02-1,,['CDK inhibitor'],12.265671,0.5231798
BR00117024,B05,U2OS,24,CYM-5520,compound,BRD-K29151923-001-01-5,,['sphingosine 1 phosphate receptor agonist'],8.503045,0.6390013
BR00117024,B06,U2OS,24,fludarabine,compound,BRD-K66788707-001-14-3,,['ribonucleotide reductase inhibitor'],11.570811,-0.9722095
BR00117024,B07,U2OS,24,alda-1,compound,BRD-K06890060-001-09-1,,,7.9303417,0.9215687
BR00117024,B08,U2OS,24,meclofenamic-acid,compound,BRD-K50398167-236-22-7,,"['cyclooxygenase inhibitor', 'prostanoid receptor antagonist']",7.6485085,1.5167251
BR00117024,B09,U2OS,24,GNF-5,compound,BRD-K87632963-001-03-0,,['Bcr-Abl kinase inhibitor'],10.231151,0.93414825
BR00117024,B10,U2OS,24,NS-309,compound,BRD-K37602296-001-01-6,,['calcium-activated potassium channel activator'],8.325197,1.6348965
BR00117024,B11,U2OS,24,AK-7,compound,BRD-K09143580-001-01-0,,['SIRT inhibitor'],9.967118,1.7552557
BR00117024,B12,U2OS,24,BVT-948,compound,BRD-A22713669-001-04-3,,,13.771313,-0.4563409
BR00117024,B13,U2OS,24,SirReal-2,compound,BRD-K16472653-001-01-6,,['SIRT inhibitor'],11.361973,2.0620933
BR00117024,B14,U2OS,24,DMSO,compound,,negcon,,8.375532,2.3131049
BR00117024,B15,U2OS,24,BMS-536924,compound,BRD-K34581968-001-05-3,,['IGF-1 inhibitor'],12.814907,0.6662807
BR00117024,B16,U2OS,24,PP-121,compound,BRD-K81801188-001-02-8,,['protein tyrosine kinase inhibitor'],13.552127,0.42931637
BR00117024,B17,U2OS,24,MCOPPB,compound,BRD-K73276278-305-01-1,,,13.064605,2.7845893
BR00117024,B18,U2OS,24,ozagrel,compound,BRD-K53061490-003-13-9,,,8.629592,0.75184363
BR00117024,B19,U2OS,24,CYM-5442,compound,BRD-A43005764-003-01-5,,['sphingosine 1 phosphate receptor agonist'],12.576815,2.8494372
BR00117024,B20,U2OS,24,CVT-10216,compound,BRD-K60659193-001-01-0,,,8.737194,0.88736933
BR00117024,B21,U2OS,24,TCN201,compound,BRD-K09787262-001-02-7,,['glutamate receptor antagonist'],9.154747,0.32874006
BR00117024,B22,U2OS,24,fomepizole,compound,BRD-K56810756-003-07-7,,['alcohol dehydrogenase inhibitor'],7.674711,0.84755236
BR00117024,B23,U2OS,24,benzamil,compound,BRD-K87158025-003-08-7,,['sodium channel blocker'],9.629484,1.0568395
BR00117024,B24,U2OS,24,lercanidipine,compound,BRD-A18992208-003-02-7,,['calcium channel blocker'],10.79857,2.400058
BR00117024,C01,U2OS,24,4-CMTB,compound,BRD-A54139254-001-09-2,,['free fatty acid receptor agonist'],8.278932,1.3388005
BR00117024,C02,U2OS,24,ML-228,compound,BRD-K44432556-001-05-5,,,7.8229256,0.7591365
BR00117024,C03,U2OS,24,DMSO,compound,,negcon,,7.0834675,-0.03489304
BR00117024,C04,U2OS,24,GSK1070916,compound,BRD-K36740062-001-06-6,,['Aurora kinase inhibitor'],13.327555,1.7071949
BR00117024,C05,U2OS,24,ML-193,compound,BRD-K27539181-001-08-5,,,8.686554,0.3932319
BR00117024,C06,U2OS,24,DMSO,compound,,negcon,,7.4618244,0.1238966
BR00117024,C07,U2OS,24,M-25,compound,BRD-K51265828-001-01-0,,['smoothened receptor antagonist'],8.25965,0.54711866
BR00117024,C08,U2OS,24,azeliragon,compound,BRD-K51899933-001-02-6,,['RAGE receptor antagonist'],13.050993,2.4757495
BR00117024,C09,U2OS,24,CYT-997,compound,BRD-K23363278-001-02-1,poscon_diverse,['tubulin polymerization inhibitor'],15.294947,1.6931398
BR00117024,C10,U2OS,24,AR-12,compound,BRD-K90497590-001-05-9,,,16.349127,-0.04033796
BR00117024,C11,U2OS,24,CYM-50260,compound,BRD-K69877120-001-01-7,,['sphingosine 1 phosphate receptor agonist'],8.226992,1.0962138
BR00117024,C12,U2OS,24,DMSO,compound,,negcon,,7.9957957,-0.057341695
BR00117024,C13,U2OS,24,KG-5,compound,BRD-K90747162-001-01-4,poscon_cp,['RAF inhibitor'],14.679019,1.4074284
BR00117024,C14,U2OS,24,JTE-607,compound,BRD-K81405859-300-01-4,,,11.84215,-1.1228597
BR00117024,C15,U2OS,24,DMSO,compound,,negcon,,7.28592,1.0333729
BR00117024,C16,U2OS,24,ilomastat,compound,BRD-K51662849-001-05-4,,['matrix metalloprotease inhibitor'],8.17579,0.56651604
BR00117024,C17,U2OS,24,RX-821002,compound,BRD-A65597028-003-08-1,,['adrenergic receptor antagonist'],10.408872,0.36125574
BR00117024,C18,U2OS,24,DMSO,compound,,negcon,,7.8013287,0.58310866
BR00117024,C19,U2OS,24,TUG-891,compound,BRD-K24282351-001-01-4,,['free fatty acid receptor agonist'],8.521424,0.65095747
BR00117024,C20,U2OS,24,ponatinib,compound,BRD-K44227013-001-08-0,,"['PDGFR tyrosine kinase receptor inhibitor', 'FLT3 inhibitor', 'Bcr-Abl kinase inhibitor']",15.839902,-0.8363835
BR00117024,C21,U2OS,24,DMSO,compound,,negcon,,7.505483,0.23977791
BR00117024,C22,U2OS,24,puromycin,compound,BRD-K01824976-300-02-9,,['protein synthesis inhibitor'],15.698482,-0.45508015
BR00117024,C23,U2OS,24,SRC-kinase-inhibitor-I,compound,BRD-K50495309-001-02-0,,['src inhibitor'],12.448215,2.6912768
BR00117024,C24,U2OS,24,acetylcysteine,compound,BRD-K59058747-001-19-1,,,8.952468,2.1826892
BR00117024,D01,U2OS,24,NSC-625987,compound,BRD-K62949423-001-03-1,,['CDK inhibitor'],8.150589,2.1392722
BR00117024,D02,U2OS,24,dalfampridine,compound,BRD-K22482860-001-20-6,,['potassium channel blocker'],7.9468193,1.376739
BR00117024,D03,U2OS,24,NSC-95397,compound,BRD-K68143200-001-11-7,,['CDC inhibitor'],13.812339,-0.5640044
BR00117024,D04,U2OS,24,alrestatin,compound,BRD-K35498378-001-06-1,,['aldose reductase inhibitor'],7.609303,0.65573454
BR00117024,D05,U2OS,24,PF-03758309,compound,BRD-K37764012-001-03-3,poscon_diverse,['p21 activated kinase inhibitor'],7.5688972,0.37660715
BR00117024,D06,U2OS,24,IRL-2500,compound,BRD-K98357249-001-02-9,,['endothelin receptor antagonist'],7.9617133,0.25961086
BR00117024,D07,U2OS,24,PF-04217903,compound,BRD-K73319509-001-08-0,poscon_cp,,7.8393373,0.5296179
BR00117024,D08,U2OS,24,FK-866,compound,BRD-K58550667-001-08-7,poscon_diverse,,10.379834,1.0249361
BR00117024,D09,U2OS,24,amlexanox,compound,BRD-K29530284-001-06-2,,,8.460435,-0.48655725
BR00117024,D10,U2OS,24,GW-311616,compound,BRD-K37864785-001-01-0,,['elastase inhibitor'],8.139022,0.14198433
BR00117024,D11,U2OS,24,buparlisib,compound,BRD-K42191735-001-08-7,poscon_diverse,,15.070548,1.4066641
BR00117024,D12,U2OS,24,amiloride,compound,BRD-K97181089-003-24-7,,['sodium channel blocker'],8.589359,1.2136717
BR00117024,D13,U2OS,24,DG-172,compound,BRD-K75748943-300-01-3,,,12.456545,2.9122403
BR00117024,D14,U2OS,24,DMSO,compound,,negcon,,8.166191,1.3244853
BR00117024,D15,U2OS,24,DMSO,compound,,negcon,,7.4639807,0.46725896
BR00117024,D16,U2OS,24,NVP-ADW742,compound,BRD-K15179513-001-04-2,poscon_cp,,12.85195,2.7254462
BR00117024,D17,U2OS,24,misoprostol,compound,BRD-A72351335-001-04-5,,['prostanoid receptor agonist'],10.632891,0.4557191
BR00117024,D18,U2OS,24,conivaptan,compound,BRD-K37385792-003-02-1,,,11.854087,2.7436109
BR00117024,D19,U2OS,24,spiroxatrine,compound,BRD-A72483914-001-03-7,,['serotonin receptor antagonist'],8.60556,1.3635888
BR00117024,D20,U2OS,24,diacerein,compound,BRD-K69122748-001-10-1,,,7.9730716,1.0629481
BR00117024,D21,U2OS,24,DMSO,compound,,negcon,,6.8969865,0.6728155
BR00117024,D22,U2OS,24,DMSO,compound,,negcon,,7.518889,0.73054653
BR00117024,D23,U2OS,24,glyburide,compound,BRD-K36927236-001-36-7,,['ATP channel blocker'],10.837783,0.2709501
BR00117024,D24,U2OS,24,ANR-94,compound,BRD-K31170746-001-01-6,,,8.915121,2.2368908
BR00117024,E01,U2OS,24,TFC-007,compound,BRD-K57708067-001-01-3,,,8.201163,1.8585739
BR00117024,E02,U2OS,24,trihexyphenidyl,compound,BRD-A48180038-003-24-3,,['acetylcholine receptor antagonist'],7.5437093,0.3362862
BR00117024,E03,U2OS,24,epoprostenol,compound,BRD-K64054020-001-02-7,,,7.146985,-0.10115495
BR00117024,E04,U2OS,24,sacubitril,compound,BRD-K91456750-001-01-9,,,7.7707133,0.075663894
BR00117024,E05,U2OS,24,danusertib,compound,BRD-K07881437-001-03-8,poscon_diverse,"['growth factor receptor inhibitor', 'Aurora kinase inhibitor']",12.353614,-1.621177
BR00117024,E06,U2OS,24,CYT-997,compound,BRD-K23363278-001-02-1,poscon_diverse,['tubulin polymerization inhibitor'],15.264098,1.737325
BR00117024,E07,U2OS,24,DMSO,compound,,negcon,,7.0035005,0.35905594
BR00117024,E08,U2OS,24,BQ-788,compound,BRD-K02490038-236-03-8,,['endothelin receptor antagonist'],7.882918,0.06612237
BR00117024,E09,U2OS,24,SB-202190,compound,BRD-K54330070-001-19-6,poscon_orf,['p38 MAPK inhibitor'],11.509409,-0.07583452
BR00117024,E10,U2OS,24,GSK2110183,compound,BRD-K25412176-001-01-9,poscon_diverse,,11.360382,1.1316284
BR00117024,E11,U2OS,24,GSK3787,compound,BRD-K03155172-001-03-0,,['PPAR receptor antagonist'],7.9030023,1.2712504
BR00117024,E12,U2OS,24,BAM7,compound,BRD-K07442505-001-03-6,,,7.606057,0.50078005
BR00117024,E13,U2OS,24,PHA-793887,compound,BRD-K64800655-001-09-0,poscon_diverse,['CDK inhibitor'],13.752089,-0.030582368
BR00117024,E14,U2OS,24,DMSO,compound,,negcon,,7.743625,0.64582354
BR00117024,E15,U2OS,24,GSK-37647,compound,BRD-K26514105-001-01-7,,['free fatty acid receptor agonist'],10.83354,-0.43324906
BR00117024,E16,U2OS,24,desonide,compound,BRD-K21528677-001-04-4,,['glucocorticoid receptor agonist'],10.604111,1.0098294
BR00117024,E17,U2OS,24,DMSO,compound,,negcon,,7.258886,0.6731623
BR00117024,E18,U2OS,24,aloxistatin,compound,BRD-K91188791-001-17-5,,,12.684662,2.9663465
BR00117024,E19,U2OS,24,azathioprine,compound,BRD-K32821942-001-22-1,,,8.732487,1.1086206
BR00117024,E20,U2OS,24,ZK-93423,compound,BRD-K33882852-003-02-8,poscon_diverse,['benzodiazepine receptor agonist'],10.303249,2.1112883
BR00117024,E21,U2OS,24,BI-2536,compound,BRD-K64890080-001-02-1,poscon_diverse,,14.834674,1.5168011
BR00117024,E22,U2OS,24,EI1,compound,BRD-K91535048-001-01-2,poscon_cp,['histone lysine methyltransferase inhibitor'],9.730096,1.4902453
BR00117024,E23,U2OS,24,NVP-HSP990,compound,BRD-K67915505-001-01-2,,['HSP inhibitor'],13.074309,0.06848037
BR00117024,E24,U2OS,24,DMSO,compound,,negcon,,7.7237496,1.6992434
BR00117024,F01,U2OS,24,DMSO,compound,,negcon,,7.85102,2.003584
BR00117024,F02,U2OS,24,nialamide,compound,BRD-K12102668-001-25-5,,,8.445171,1.8486649
BR00117024,F03,U2OS,24,DMSO,compound,,negcon,,7.1453133,0.29089338
BR00117024,F04,U2OS,24,arundic-acid,compound,BRD-K49223707-001-01-0,,,7.604204,0.8127252
BR00117024,F05,U2OS,24,torcitabine,compound,BRD-K91822704-003-07-2,,,7.9586124,0.2301289
BR00117024,F06,U2OS,24,DMSO,compound,,negcon,,7.3916764,0.5379022
BR00117024,F07,U2OS,24,epothilone-b,compound,BRD-K68164687-001-01-6,,"['microtubule stabilizing agent', 'tubulin polymerization inhibitor']",14.3796,1.1498309
BR00117024,F08,U2OS,24,dyphylline,compound,BRD-A00827783-001-24-6,,['phosphodiesterase inhibitor'],8.202885,1.1976525
BR00117024,F09,U2OS,24,DMSO,compound,,negcon,,7.9955416,1.0621843
BR00117024,F10,U2OS,24,quinidine,compound,BRD-K59632282-052-03-1,,['sodium channel blocker'],9.040777,1.173286
BR00117024,F11,U2OS,24,halopemide,compound,BRD-K50055394-001-03-6,,,10.352326,0.930707
BR00117024,F12,U2OS,24,sulfinpyrazone,compound,BRD-A36217750-001-16-3,,,8.148304,1.0699383
BR00117024,F13,U2OS,24,ML-323,compound,BRD-K93942811-001-01-3,poscon_cp,['ubiquitin specific protease inhibitor'],9.216712,1.5531839
BR00117024,F14,U2OS,24,racecadotril,compound,BRD-A08187463-001-12-9,,,9.373667,1.6932881
BR00117024,F15,U2OS,24,BRL-50481,compound,BRD-K84266862-001-03-2,,['phosphodiesterase inhibitor'],10.466559,-0.46092018
BR00117024,F16,U2OS,24,GSK2110183,compound,BRD-K25412176-001-01-9,poscon_diverse,,11.166465,0.98307747
BR00117024,F17,U2OS,24,bufexamac,compound,BRD-K36660044-001-24-2,,['cyclooxygenase inhibitor'],10.330686,1.4043573
BR00117024,F18,U2OS,24,anandamide,compound,BRD-K42352790-001-05-3,,,8.04664,1.4927629
BR00117024,F19,U2OS,24,thioguanine,compound,BRD-K49350383-001-13-7,poscon_diverse,,12.332267,0.3183685
BR00117024,F20,U2OS,24,IWP-L6,compound,BRD-K53234107-001-01-6,,['porcupine inhibitor'],10.219111,1.0414215
BR00117024,F21,U2OS,24,edoxaban,compound,BRD-K29322660-001-01-9,,['coagulation factor inhibitor'],11.2787,1.8107275
BR00117024,F22,U2OS,24,lonafarnib,compound,BRD-K41599323-001-02-3,poscon_diverse,,12.01726,0.8398723
BR00117024,F23,U2OS,24,ibutamoren,compound,BRD-K44771174-066-01-0,,,11.930469,2.2975001
BR00117024,F24,U2OS,24,somatostatin,compound,BRD-K14681867-001-01-6,,['somatostatin receptor agonist'],8.840451,2.297549
BR00117024,G01,U2OS,24,L-proline,compound,BRD-K01666412-001-02-0,,,7.884929,1.883173
BR00117024,G02,U2OS,24,zamifenacin,compound,BRD-K80451230-051-02-6,,['acetylcholine receptor antagonist'],7.7359085,0.3423596
BR00117024,G03,U2OS,24,YC-1,compound,BRD-K60476892-001-16-1,,,14.994775,-0.5016206
BR00117024,G04,U2OS,24,DMSO,compound,,negcon,,6.910662,0.55629236
BR00117024,G05,U2OS,24,ME-0328,compound,BRD-K24283677-001-01-9,,['PPAR receptor antagonist'],8.068337,0.6177727
BR00117024,G06,U2OS,24,NSC-663284,compound,BRD-K03109492-001-02-2,,['CDC inhibitor'],15.986452,-0.7830718
BR00117024,G07,U2OS,24,CYM-50358,compound,BRD-K80666802-003-01-0,,,12.061728,2.9305081
BR00117024,G08,U2OS,24,trazodone,compound,BRD-K70778732-003-27-5,,"['adrenergic receptor antagonist', 'serotonin receptor antagonist']",10.042151,0.81179804
BR00117024,G09,U2OS,24,DMSO,compound,,negcon,,7.8117228,1.18264
BR00117024,G10,U2OS,24,DMSO,compound,,negcon,,7.5578227,0.8286832
BR00117024,G11,U2OS,24,sulfasalazine,compound,BRD-K10670311-001-17-1,,['cyclooxygenase inhibitor'],7.2717338,-0.3037857
BR00117024,G12,U2OS,24,"2,5-furandimethanol",compound,BRD-K29791386-001-01-8,,,9.736898,0.24691387
BR00117024,G13,U2OS,24,DMSO,compound,,negcon,,7.174112,0.7045077
BR00117024,G14,U2OS,24,dilazep,compound,BRD-K48722258-300-11-0,,,7.8273344,1.3125519
BR00117024,G15,U2OS,24,felodipine,compound,BRD-A30815329-001-12-1,,['calcium channel blocker'],9.981973,0.25028569
BR00117024,G16,U2OS,24,paliperidone,compound,BRD-A99888680-001-05-3,,"['dopamine receptor antagonist', 'serotonin receptor antagonist']",8.62141,0.3533259
BR00117024,G17,U2OS,24,purvalanol-a,compound,BRD-K50836978-001-03-3,poscon_orf,['CDK inhibitor'],12.138871,-0.52200794
BR00117024,G18,U2OS,24,DMSO,compound,,negcon,,8.35349,0.6201418
BR00117024,G19,U2OS,24,Ro-1138452,compound,BRD-K77220725-003-01-5,,['prostanoid receptor antagonist'],9.243119,0.9277391
BR00117024,G20,U2OS,24,sorbinil,compound,BRD-A89164055-001-03-3,,['aldose reductase inhibitor'],9.619148,0.9885708
BR00117024,G21,U2OS,24,TC-S-7004,compound,BRD-K89517477-001-01-4,poscon_cp,['DYRK inhibitor'],11.029796,0.1518205
BR00117024,G22,U2OS,24,saclofen,compound,BRD-A24122750-001-03-7,,['GABA receptor antagonist'],7.6806655,1.1064489
BR00117024,G23,U2OS,24,BAY-87-2243,compound,BRD-K70463136-001-01-5,,,10.20949,2.0587738
BR00117024,G24,U2OS,24,ibudilast,compound,BRD-K16444452-001-09-1,,['phosphodiesterase inhibitor'],8.149345,1.8055865
BR00117024,H01,U2OS,24,briciclib,compound,BRD-K05531427-001-01-7,,,15.371187,1.7287022
BR00117024,H02,U2OS,24,2-Oleoylglycerol,compound,BRD-K77087341-001-02-4,,,8.1047945,0.4080899
BR00117024,H03,U2OS,24,RGFP966,compound,BRD-K61688984-001-02-9,poscon_cp,['HDAC inhibitor'],11.068355,0.33940727
BR00117024,H04,U2OS,24,DMSO,compound,,negcon,,7.3346934,0.625684
BR00117024,H05,U2OS,24,azacitidine,compound,BRD-K03406345-001-21-1,poscon_diverse,,10.659045,0.14614213
BR00117024,H06,U2OS,24,N6-cyclopentyladenosine,compound,BRD-K60150510-001-15-6,,,8.30287,1.7689111
BR00117024,H07,U2OS,24,filgotinib,compound,BRD-K16803204-001-01-6,poscon_cp,['JAK inhibitor'],10.669899,-0.4729374
BR00117024,H08,U2OS,24,guanidine,compound,BRD-K76037122-001-02-5,,['HSP inhibitor'],7.6850796,0.67374146
BR00117024,H09,U2OS,24,coumarin,compound,BRD-K23913458-001-20-7,,,7.854239,0.51187724
BR00117024,H10,U2OS,24,DMSO,compound,,negcon,,7.3063226,-0.07224108
BR00117024,H11,U2OS,24,ZM-336372,compound,BRD-K73789395-001-09-9,poscon_orf,['RAF inhibitor'],7.4935317,0.6430485
BR00117024,H12,U2OS,24,citric-acid,compound,BRD-K76792669-001-08-1,,['coagulation factor inhibitor'],8.315959,0.5500612
BR00117024,H13,U2OS,24,DMSO,compound,,negcon,,7.317197,0.39175454
BR00117024,H14,U2OS,24,CCG-63802,compound,BRD-K26970495-001-02-7,,['G protein signaling inhibitor'],8.469779,0.13630776
BR00117024,H15,U2OS,24,ibutilide,compound,BRD-A74391928-051-03-9,,['potassium channel blocker'],8.83564,1.2714552
BR00117024,H16,U2OS,24,batimastat,compound,BRD-K82818427-001-04-8,,['matrix metalloprotease inhibitor'],11.081147,0.7651311
BR00117024,H17,U2OS,24,DMSO,compound,,negcon,,7.6201506,0.55077827
BR00117024,H18,U2OS,24,DMSO,compound,,negcon,,8.095596,0.36798927
BR00117024,H19,U2OS,24,UNC1999,compound,BRD-K26989966-001-04-3,poscon_cp,['histone lysine methyltransferase inhibitor'],13.713946,2.2964754
BR00117024,H20,U2OS,24,glutamine-(l),compound,BRD-K83896451-001-06-7,,,8.181392,0.22811839
BR00117024,H21,U2OS,24,PD-98059,compound,BRD-K62810658-001-11-4,poscon_orf,,10.716973,0.902014
BR00117024,H22,U2OS,24,enilconazole,compound,BRD-K01825690-065-01-9,,,8.66429,1.1045535
BR00117024,H23,U2OS,24,N-alpha-Methylhistamine-dihydrochloride,compound,BRD-K75390981-300-04-9,,['histamine receptor agonist'],7.99387,1.1866325
BR00117024,H24,U2OS,24,GK921,compound,BRD-K38272302-001-02-7,,,13.638418,0.07848101
BR00117024,I01,U2OS,24,nilvadipine,compound,BRD-A84687895-001-03-2,,['calcium channel blocker'],8.281369,1.6666969
BR00117024,I02,U2OS,24,DMSO,compound,,negcon,,6.9273524,0.4595265
BR00117024,I03,U2OS,24,AC-710,compound,BRD-K15819326-001-01-6,,['PDGFR tyrosine kinase receptor inhibitor'],12.533975,2.4550345
BR00117024,I04,U2OS,24,PETCM,compound,BRD-A93477898-001-04-2,,,7.452023,-0.25161973
BR00117024,I05,U2OS,24,AZD7762,compound,BRD-K86525559-001-07-8,poscon_diverse,['CHK inhibitor'],15.847481,-0.78945345
BR00117024,I06,U2OS,24,PHA-793887,compound,BRD-K64800655-001-09-0,poscon_diverse,['CDK inhibitor'],13.695693,-0.049667493
BR00117024,I07,U2OS,24,KU-60019,compound,BRD-K36016295-001-05-2,,['ATM kinase inhibitor'],13.4603615,1.9611415
BR00117024,I08,U2OS,24,nafamostat,compound,BRD-K06674495-334-04-0,,,10.454477,0.4774709
BR00117024,I09,U2OS,24,DMSO,compound,,negcon,,7.232783,0.2936351
BR00117024,I10,U2OS,24,DMSO,compound,,negcon,,7.7081823,0.34276345
BR00117024,I11,U2OS,24,taladegib,compound,BRD-K50498985-001-03-3,,['smoothened receptor antagonist'],7.567067,-0.04184804
BR00117024,I12,U2OS,24,acetohexamide,compound,BRD-K52960356-001-13-0,,['ATP channel blocker'],9.1820135,0.25986063
BR00117024,I13,U2OS,24,minocycline,compound,BRD-A69651145-003-11-4,,,11.233856,0.62254465
BR00117024,I14,U2OS,24,BI-2536,compound,BRD-K64890080-001-02-1,poscon_diverse,,14.885438,1.4283829
BR00117024,I15,U2OS,24,riociguat,compound,BRD-K84783599-001-01-0,,,9.841805,0.90301603
BR00117024,I16,U2OS,24,CP-724714,compound,BRD-K76908866-001-07-6,poscon_cp,"['EGFR inhibitor', 'protein tyrosine kinase inhibitor']",10.486692,1.8253634
BR00117024,I17,U2OS,24,ganetespib,compound,BRD-K38852836-001-04-9,poscon_diverse,['HSP inhibitor'],13.070609,0.046189684
BR00117024,I18,U2OS,24,AZ191,compound,BRD-K80935598-001-01-1,poscon_cp,['DYRK inhibitor'],13.1419735,2.7389407
BR00117024,I19,U2OS,24,BAX-channel-blocker,compound,BRD-A18763547-300-06-3,,,12.876384,2.490296
BR00117024,I20,U2OS,24,SU3327,compound,BRD-K32730239-001-01-0,,['JNK inhibitor'],15.803789,-0.65973765
BR00117024,I21,U2OS,24,DMSO,compound,,negcon,,7.9291735,1.3291632
BR00117024,I22,U2OS,24,DMSO,compound,,negcon,,7.2966394,-0.32294947
BR00117024,I23,U2OS,24,octreotide,compound,BRD-A64173453-015-03-1,,['somatostatin receptor agonist'],8.461785,1.6516926
BR00117024,I24,U2OS,24,1-octanol,compound,BRD-K09338665-001-08-9,,,9.487123,2.7584398
BR00117024,J01,U2OS,24,acalabrutinib,compound,BRD-K64034691-001-01-9,,"[""Bruton's tyrosine kinase (BTK) inhibitor""]",12.894791,2.3698707
BR00117024,J02,U2OS,24,rifamycin,compound,BRD-K38512030-001-01-7,,,7.8168483,0.7104349
BR00117024,J03,U2OS,24,pazopanib,compound,BRD-K74514084-003-09-2,,"['KIT inhibitor', 'VEGFR inhibitor', 'PDGFR tyrosine kinase receptor inhibitor']",11.858034,0.7762497
BR00117024,J04,U2OS,24,RKI-1447,compound,BRD-K19333160-001-01-3,poscon_cp,,12.288635,1.6229477
BR00117024,J05,U2OS,24,vitamin-E,compound,BRD-K97091514-001-11-4,,['PKC inhibitor'],9.076727,1.0705475
BR00117024,J06,U2OS,24,lonafarnib,compound,BRD-K41599323-001-02-3,poscon_diverse,,11.894486,0.8139203
BR00117024,J07,U2OS,24,ethyl-pyruvate,compound,BRD-K47738867-001-01-5,,,9.567774,0.95512444
BR00117024,J08,U2OS,24,picrotin,compound,BRD-A91822151-001-05-0,,['GABA receptor antagonist'],8.1524935,1.3256518
BR00117024,J09,U2OS,24,SGX523,compound,BRD-K19477839-001-07-6,poscon_cp,,8.740417,0.32058293
BR00117024,J10,U2OS,24,PP-2,compound,BRD-K95785537-001-22-3,,['src inhibitor'],12.117589,0.51535636
BR00117024,J11,U2OS,24,ME-0328,compound,BRD-A63444178-001-01-5,,['PPAR receptor antagonist'],8.040061,0.5719845
BR00117024,J12,U2OS,24,AZD9668,compound,BRD-K31476763-001-01-5,,['elastase inhibitor'],8.292976,0.70004827
BR00117024,J13,U2OS,24,NQDI-1,compound,BRD-K61918008-001-07-1,,,11.273791,1.6383163
BR00117024,J14,U2OS,24,DMSO,compound,,negcon,,8.243518,0.87031835
BR00117024,J15,U2OS,24,carzenide,compound,BRD-K09295674-001-09-8,,,8.615915,1.1096958
BR00117024,J16,U2OS,24,KU-55933,compound,BRD-K25311561-001-10-7,,['ATM kinase inhibitor'],11.035344,0.56022066
BR00117024,J17,U2OS,24,NVP-AEW541,compound,BRD-K24696047-001-02-3,poscon_cp,['IGF-1 inhibitor'],12.269792,2.6266263
BR00117024,J18,U2OS,24,leflunomide,compound,BRD-K78692225-001-24-5,,['PDGFR tyrosine kinase receptor inhibitor'],9.451656,1.0145072
BR00117024,J19,U2OS,24,DMSO,compound,,negcon,,7.304091,0.25804445
BR00117024,J20,U2OS,24,azacitidine,compound,BRD-K03406345-001-21-1,poscon_diverse,,10.621326,0.067799956
BR00117024,J21,U2OS,24,ixabepilone,compound,BRD-K03601870-001-01-2,,['microtubule stabilizing agent'],14.820495,1.3886043
BR00117024,J22,U2OS,24,KH-CB19,compound,BRD-K66430217-001-03-8,poscon_cp,['CDC inhibitor'],8.514513,-0.26735848
BR00117024,J23,U2OS,24,DMSO,compound,,negcon,,7.3473353,0.20168296
BR00117024,J24,U2OS,24,PF-05190457,compound,BRD-K02554563-001-01-6,,,9.447432,2.689444
BR00117024,K01,U2OS,24,LDN-212854,compound,BRD-K59831625-001-03-9,,,15.766274,-0.3263296
BR00117024,K02,U2OS,24,formononetin,compound,BRD-K55567017-001-12-3,,['alcohol dehydrogenase inhibitor'],7.5371666,-0.03106146
BR00117024,K03,U2OS,24,aminopurvalanol-a,compound,BRD-K07762753-001-05-1,poscon_orf,['CDK inhibitor'],12.280488,-0.395821
BR00117024,K04,U2OS,24,ruxolitinib,compound,BRD-K53972329-001-01-3,poscon_cp,['JAK inhibitor'],11.083216,-0.1933194
BR00117024,K05,U2OS,24,DMSO,compound,,negcon,,6.8851905,0.08799011
BR00117024,K06,U2OS,24,DMSO,compound,,negcon,,7.3127213,-0.07811024
BR00117024,K07,U2OS,24,LGK-974,compound,BRD-K16810791-001-01-0,,['porcupine inhibitor'],8.947873,0.39396954
BR00117024,K08,U2OS,24,polydatin,compound,BRD-K43236057-001-07-1,,['ICAM1 expression inhibitor'],12.074413,1.1018363
BR00117024,K09,U2OS,24,enflurane,compound,BRD-A51831848-001-01-7,,,9.148977,0.4903266
BR00117024,K10,U2OS,24,PFI-1,compound,BRD-K13094524-001-04-2,poscon_cp,,7.372143,0.15747352
BR00117024,K11,U2OS,24,AZD7762,compound,BRD-K86525559-001-07-8,poscon_diverse,['CHK inhibitor'],15.914659,-0.82351255
BR00117024,K12,U2OS,24,sotrastaurin,compound,BRD-K16761703-001-03-8,,['PKC inhibitor'],11.3351755,-0.24602705
BR00117024,K13,U2OS,24,DMSO,compound,,negcon,,7.735875,0.5472935
BR00117024,K14,U2OS,24,cycloheximide,compound,BRD-K36055864-001-20-0,,['protein synthesis inhibitor'],12.889526,0.1702697
BR00117024,K15,U2OS,24,oxytocin,compound,BRD-K25243230-001-01-2,,,7.392323,-0.14506829
BR00117024,K16,U2OS,24,DMSO,compound,,negcon,,7.0997,-0.2300305
BR00117024,K17,U2OS,24,colchicine,compound,BRD-K00259736-001-16-4,,,15.369027,1.7441536
BR00117024,K18,U2OS,24,afimoxifene,compound,BRD-K04210847-001-21-9,,,10.424735,1.235495
BR00117024,K19,U2OS,24,DMSO,compound,,negcon,,7.4502444,0.21669078
BR00117024,K20,U2OS,24,ZK-93423,compound,BRD-K33882852-003-02-8,poscon_diverse,['benzodiazepine receptor agonist'],10.277403,2.0616264
BR00117024,K21,U2OS,24,RGB-286638,compound,BRD-K20986415-001-02-6,,['CDK inhibitor'],13.5979395,1.6994191
BR00117024,K22,U2OS,24,FPS-ZM1,compound,BRD-K87691185-001-01-2,,['RAGE receptor antagonist'],11.487509,1.3596898
BR00117024,K23,U2OS,24,flindokalner,compound,BRD-K56740996-001-02-1,,,9.137074,0.90517986
BR00117024,K24,U2OS,24,motesanib,compound,BRD-K99616396-316-05-3,,"['KIT inhibitor', 'VEGFR inhibitor', 'PDGFR tyrosine kinase receptor inhibitor']",10.87697,2.0522878
BR00117024,L01,U2OS,24,geldanamycin,compound,BRD-K43570081-001-02-4,,['HSP inhibitor'],13.088061,0.041347917
BR00117024,L02,U2OS,24,DMSO,compound,,negcon,,7.0128465,0.903351
BR00117024,L03,U2OS,24,CGP-53353,compound,BRD-K32292990-001-03-6,,"['PKC inhibitor', 'EGFR inhibitor']",7.597235,1.2047944
BR00117024,L04,U2OS,24,7-hydroxystaurosporine,compound,BRD-K45293975-001-02-0,,"['CDK inhibitor', 'PKC inhibitor', 'CHK inhibitor']",15.598871,-0.61275095
BR00117024,L05,U2OS,24,DMSO,compound,,negcon,,7.608568,0.53947276
BR00117024,L06,U2OS,24,DMSO,compound,,negcon,,7.0909405,0.33695102
BR00117024,L07,U2OS,24,efaproxiral,compound,BRD-K37355418-236-01-6,,,8.127198,0.6551383
BR00117024,L08,U2OS,24,SB-203580,compound,BRD-A37704979-001-12-3,poscon_orf,['p38 MAPK inhibitor'],11.564356,-0.07946503
BR00117024,L09,U2OS,24,FK-866,compound,BRD-K58550667-001-08-7,poscon_diverse,,10.480588,0.710134
BR00117024,L10,U2OS,24,bepridil,compound,BRD-A91008255-003-24-8,,['calcium channel blocker'],9.984628,0.90937984
BR00117024,L11,U2OS,24,delanzomib,compound,BRD-K59325863-001-04-4,,,15.668193,-0.46597537
BR00117024,L12,U2OS,24,buparlisib,compound,BRD-K42191735-001-08-7,poscon_diverse,,15.095192,1.4931877
BR00117024,L13,U2OS,24,phenylbutazone,compound,BRD-K10843433-001-23-5,,"['cyclooxygenase inhibitor', 'prostanoid receptor antagonist']",7.6429477,1.1083701
BR00117024,L14,U2OS,24,deferasirox,compound,BRD-K97010173-001-04-1,,,11.6195135,-1.0658597
BR00117024,L15,U2OS,24,DMSO,compound,,negcon,,7.130029,0.32283622
BR00117024,L16,U2OS,24,cediranib,compound,BRD-K86930074-001-05-0,,"['KIT inhibitor', 'VEGFR inhibitor']",12.580017,2.9881709
BR00117024,L17,U2OS,24,isoflurane,compound,BRD-A31564021-001-02-6,,,7.929484,0.6319859
BR00117024,L18,U2OS,24,DMSO,compound,,negcon,,7.6932282,-0.074630566
BR00117024,L19,U2OS,24,CCG-50014,compound,BRD-K08893438-001-06-4,,['G protein signaling inhibitor'],15.733609,-0.6293769
BR00117024,L20,U2OS,24,PF-431396,compound,BRD-K93788137-001-04-1,,,12.443215,-1.6278056
BR00117024,L21,U2OS,24,TG-02,compound,BRD-K14560436-001-01-4,,"['CDK inhibitor', 'FLT3 inhibitor', 'JAK inhibitor']",14.034023,0.089742206
BR00117024,L22,U2OS,24,baclofen,compound,BRD-K01826724-003-07-9,,['benzodiazepine receptor agonist'],10.655234,-0.03948181
BR00117024,L23,U2OS,24,thiostrepton,compound,BRD-A20697603-001-07-2,,['protein synthesis inhibitor'],12.623725,0.61167556
BR00117024,L24,U2OS,24,flufenamic-acid,compound,BRD-K44067360-001-29-5,,,9.531822,2.780236
BR00117024,M01,U2OS,24,DMSO,compound,,negcon,,7.767133,1.7277814
BR00117024,M02,U2OS,24,LY2109761,compound,BRD-K47557313-001-02-7,,,11.255796,0.31989157
BR00117024,M03,U2OS,24,olopatadine,compound,BRD-K67637637-003-11-8,,['histamine receptor antagonist'],6.9852805,0.3054336
BR00117024,M04,U2OS,24,DMSO,compound,,negcon,,6.963507,0.17064981
BR00117024,M05,U2OS,24,castanospermine,compound,BRD-K20897876-001-11-8,,['glucosidase inhibitor'],8.016438,0.051080637
BR00117024,M06,U2OS,24,A205804,compound,BRD-K77627880-001-04-0,,['ICAM1 expression inhibitor'],10.835255,-0.93816113
BR00117024,M07,U2OS,24,VU591,compound,BRD-K72063794-003-01-0,,['potassium channel blocker'],8.921383,0.47727898
BR00117024,M08,U2OS,24,dalbavancin,compound,BRD-K30177383-001-01-0,,['bacterial cell wall synthesis inhibitor'],9.915831,-0.76663667
BR00117024,M09,U2OS,24,CC-401,compound,BRD-K45746021-003-01-9,,['JNK inhibitor'],10.740363,-0.33240387
BR00117024,M10,U2OS,24,ganetespib,compound,BRD-K38852836-001-04-9,poscon_diverse,['HSP inhibitor'],13.081562,0.0154023
BR00117024,M11,U2OS,24,ingenol-mebutate,compound,BRD-K93779381-001-01-9,,,11.416635,1.5274659
BR00117024,M12,U2OS,24,menadione,compound,BRD-K78126613-001-27-7,,,12.677311,0.32136875
BR00117024,M13,U2OS,24,cetilistat,compound,BRD-K94863486-001-02-2,,,8.168682,1.261543
BR00117024,M14,U2OS,24,methoxsalen,compound,BRD-K63430059-001-16-4,,['DNA synthesis inhibitor'],7.101446,0.2731006
BR00117024,M15,U2OS,24,cyclosporine,compound,BRD-K13533483-001-16-2,,,12.398075,0.3684826
BR00117024,M16,U2OS,24,NSC-632839,compound,BRD-K81197548-003-01-4,poscon_cp,['ubiquitin specific protease inhibitor'],15.724965,-0.6488787
BR00117024,M17,U2OS,24,DMSO,compound,,negcon,,7.5484486,0.16093904
BR00117024,M18,U2OS,24,TG-003,compound,BRD-K97072811-001-11-4,poscon_cp,,8.041325,1.0943719
BR00117024,M19,U2OS,24,oxibendazole,compound,BRD-K52075715-001-06-7,,['tubulin polymerization inhibitor'],15.105066,1.5894126
BR00117024,M20,U2OS,24,TG-101348,compound,BRD-K12502280-001-11-4,poscon_cp,"['JAK inhibitor', 'FLT3 inhibitor']",13.571451,2.3855135
BR00117024,M21,U2OS,24,miglitol,compound,BRD-A63310107-001-04-8,,['glucosidase inhibitor'],9.912598,0.9225825
BR00117024,M22,U2OS,24,DMSO,compound,,negcon,,7.4337735,0.93089175
BR00117024,M23,U2OS,24,DMSO,compound,,negcon,,7.384324,0.43179256
BR00117024,M24,U2OS,24,tranilast,compound,BRD-K17849083-001-32-9,,,10.403195,0.9724388
BR00117024,N01,U2OS,24,4-methylhistamine,compound,BRD-K70821460-300-02-4,,['histamine receptor agonist'],8.453319,2.7503805
BR00117024,N02,U2OS,24,LDN-27219,compound,BRD-K51485109-001-01-4,,,7.770131,1.9423654
BR00117024,N03,U2OS,24,anisomycin,compound,BRD-K91370081-001-25-1,,['DNA synthesis inhibitor'],15.030585,-0.41727585
BR00117024,N04,U2OS,24,thioguanine,compound,BRD-K49350383-001-13-7,poscon_diverse,,12.171425,0.4586328
BR00117024,N05,U2OS,24,droxinostat,compound,BRD-K11558771-001-13-9,,['HDAC inhibitor'],11.44758,1.7354236
BR00117024,N06,U2OS,24,UNC2025,compound,BRD-K91283740-003-01-6,poscon_cp,['FLT3 inhibitor'],13.576259,1.507129
BR00117024,N07,U2OS,24,DMSO,compound,,negcon,,8.30805,1.2461773
BR00117024,N08,U2OS,24,DMSO,compound,,negcon,,7.583555,1.0246569
BR00117024,N09,U2OS,24,AMG900,compound,BRD-K21728777-001-02-3,poscon_cp,['Aurora kinase inhibitor'],12.399733,-1.629676
BR00117024,N10,U2OS,24,PF-06463922,compound,BRD-A23124853-001-01-4,,['ALK tyrosine kinase receptor inhibitor'],11.512529,1.245118
BR00117024,N11,U2OS,24,orantinib,compound,BRD-K55966568-001-09-6,poscon_cp,"['FGFR inhibitor', 'PDGFR tyrosine kinase receptor inhibitor', 'VEGFR inhibitor']",9.939921,2.224663
BR00117024,N12,U2OS,24,fludarabine-phosphate,compound,BRD-K71106091-001-09-5,,['ribonucleotide reductase inhibitor'],11.985487,-1.2391112
BR00117024,N13,U2OS,24,ceritinib,compound,BRD-K22149900-001-06-2,,['ALK tyrosine kinase receptor inhibitor'],11.576002,1.8773888
BR00117024,N14,U2OS,24,NVS-PAK1-1,compound,BRD-K28132190-001-02-0,poscon_cp,['p21 activated kinase inhibitor'],12.126523,1.347876
BR00117024,N15,U2OS,24,homoharringtonine,compound,BRD-K76674262-001-03-3,,['protein synthesis inhibitor'],14.517635,-0.12787838
BR00117024,N16,U2OS,24,picrotoxinin,compound,BRD-K36461289-001-05-8,,['GABA receptor antagonist'],9.58299,1.3698189
BR00117024,N17,U2OS,24,DMSO,compound,,negcon,,7.535161,0.36473435
BR00117024,N18,U2OS,24,danusertib,compound,BRD-K07881437-001-03-8,poscon_diverse,"['growth factor receptor inhibitor', 'Aurora kinase inhibitor']",12.361325,-1.5696272
BR00117024,N19,U2OS,24,romidepsin,compound,BRD-K61397605-001-01-8,poscon_cp,['HDAC inhibitor'],15.233401,0.38929018
BR00117024,N20,U2OS,24,FERb-033,compound,BRD-K61642990-001-01-0,poscon_cp,['EGFR inhibitor'],10.189931,1.375882
BR00117024,N21,U2OS,24,PF-03758309,compound,BRD-K37764012-001-03-3,poscon_diverse,['p21 activated kinase inhibitor'],13.597092,0.012291812
BR00117024,N22,U2OS,24,DMSO,compound,,negcon,,7.026549,0.6846349
BR00117024,N23,U2OS,24,trometamol,compound,BRD-K47978074-001-03-2,,,8.652126,1.940268
BR00117024,N24,U2OS,24,simvastatin,compound,BRD-K22134346-001-22-3,,['HMGCR inhibitor'],11.864737,1.6765927
BR00117024,O01,U2OS,24,zaprinast,compound,BRD-K16542329-001-16-8,,['phosphodiesterase inhibitor'],8.32731,2.8068786
BR00117024,O02,U2OS,24,dexamethasone,compound,BRD-A10188456-001-04-9,,['glucocorticoid receptor agonist'],9.986723,1.0002853
BR00117024,O03,U2OS,24,salicylic-acid,compound,BRD-K93632104-001-17-2,,['cyclooxygenase inhibitor'],7.19977,0.8647793
BR00117024,O04,U2OS,24,diltiazem,compound,BRD-A69636825-003-04-7,,['calcium channel blocker'],7.1478944,1.1808575
BR00117024,O05,U2OS,24,phenolphthalein,compound,BRD-K19227686-001-18-6,,,8.092459,0.75971293
BR00117024,O06,U2OS,24,niflumic-acid,compound,BRD-K98763141-001-30-8,,['cyclooxygenase inhibitor'],7.914666,0.81301993
BR00117024,O07,U2OS,24,DMSO,compound,,negcon,,7.5000153,1.3240373
BR00117024,O08,U2OS,24,L-Cystine,compound,BRD-A15397381-001-02-5,,,8.142808,1.2168963
BR00117024,O09,U2OS,24,ozanimod,compound,BRD-K46625559-001-01-8,,['sphingosine 1 phosphate receptor agonist'],12.292695,2.728596
BR00117024,O10,U2OS,24,efaroxan,compound,BRD-A10739734-003-09-8,,['adrenergic receptor antagonist'],7.627179,0.014677686
BR00117024,O11,U2OS,24,NBQX,compound,BRD-K11796549-001-05-2,,['glutamate receptor antagonist'],8.453478,1.2239923
BR00117024,O12,U2OS,24,dinoprostone,compound,BRD-K26521938-001-07-2,,['prostanoid receptor agonist'],9.61045,1.011104
BR00117024,O13,U2OS,24,Ro-20-1724,compound,BRD-A07207424-001-14-0,,['phosphodiesterase inhibitor'],7.4724493,1.1881748
BR00117024,O14,U2OS,24,xanomeline,compound,BRD-K72815923-034-02-0,,['acetylcholine receptor agonist'],7.916691,-0.07546124
BR00117024,O15,U2OS,24,terazosin,compound,BRD-K01825589-310-02-9,,['adrenergic receptor antagonist'],9.849417,1.5655746
BR00117024,O16,U2OS,24,BVT-948,compound,BRD-K68567222-001-01-2,,,13.629372,-0.51066476
BR00117024,O17,U2OS,24,nicotine,compound,BRD-K01825660-322-01-9,,['acetylcholine receptor agonist'],8.565326,2.0501695
BR00117024,O18,U2OS,24,DMSO,compound,,negcon,,7.4687653,1.475245
BR00117024,O19,U2OS,24,U-0521,compound,BRD-K08953028-001-09-6,,,8.62621,1.5004098
BR00117024,O20,U2OS,24,BMS-587101,compound,BRD-K20093108-001-02-3,,,8.813421,1.8743984
BR00117024,O21,U2OS,24,nimodipine,compound,BRD-A58048407-001-20-4,,['calcium channel blocker'],10.124409,1.7785879
BR00117024,O22,U2OS,24,pyrrolidine-dithiocarbamate,compound,BRD-K80970344-201-08-6,,,14.6087,0.27621877
BR00117024,O23,U2OS,24,PF-915275,compound,BRD-K18289362-001-02-2,,,8.576439,0.55680156
BR00117024,O24,U2OS,24,JTE-013,compound,BRD-K43330982-001-02-3,,,9.471261,2.7031944
BR00117024,P01,U2OS,24,sodium-butyrate,compound,BRD-K05878375-236-05-7,,['HDAC inhibitor'],8.834829,3.0572412
BR00117024,P02,U2OS,24,pentostatin,compound,BRD-K91543828-001-02-0,,['ribonucleotide reductase inhibitor'],8.658862,2.9531965
BR00117024,P03,U2OS,24,OMDM-2,compound,BRD-K48830578-001-01-9,,,8.700193,2.8408105
BR00117024,P04,U2OS,24,nalmefene,compound,BRD-A72767275-003-01-6,,,8.591672,2.7704258
BR00117024,P05,U2OS,24,DMSO,compound,,negcon,,8.796508,2.824688
BR00117024,P06,U2OS,24,1-EBIO,compound,BRD-K70586315-001-02-4,,,8.837341,2.477469
BR00117024,P07,U2OS,24,SB-505124,compound,BRD-K40109029-001-02-9,,['ALK tyrosine kinase receptor inhibitor'],10.1041565,2.7164285
BR00117024,P08,U2OS,24,prasugrel,compound,BRD-A83029242-001-06-1,,['purinergic receptor antagonist'],9.424904,2.8178217
BR00117024,P09,U2OS,24,pidolic-acid,compound,BRD-K57313110-001-06-8,,,8.951641,2.6902282
BR00117024,P10,U2OS,24,DMSO,compound,,negcon,,8.852759,2.7394645
BR00117024,P11,U2OS,24,nevirapine,compound,BRD-K15502390-001-20-9,,,8.962695,2.7211955
BR00117024,P12,U2OS,24,triamterene,compound,BRD-K92049597-001-20-8,,['sodium channel blocker'],9.141256,2.885354
BR00117024,P13,U2OS,24,regorafenib,compound,BRD-K16730910-001-07-3,,"['PDGFR tyrosine kinase receptor inhibitor', 'RAF inhibitor', 'KIT inhibitor', 'RET tyrosine kinase inhibitor', 'FGFR inhibitor', 'VEGFR inhibitor']",11.197666,1.4198383
BR00117024,P14,U2OS,24,cyclophosphamide,compound,BRD-A09722536-002-18-0,,,9.319944,2.8165786
BR00117024,P15,U2OS,24,olanzapine,compound,BRD-K18895904-001-16-1,,"['dopamine receptor antagonist', 'serotonin receptor antagonist']",11.798623,2.9548643
BR00117024,P16,U2OS,24,KI-16425,compound,BRD-A25569250-001-03-3,,['lysophosphatidic acid receptor antagonist'],8.992434,2.8802872
BR00117024,P17,U2OS,24,SKLB1002,compound,BRD-K29895144-001-01-0,,['VEGFR inhibitor'],12.057062,-0.1815895
BR00117024,P18,U2OS,24,cilostazol,compound,BRD-K67017579-001-28-1,,['phosphodiesterase inhibitor'],9.086948,2.8875372
BR00117024,P19,U2OS,24,AZD1283,compound,BRD-K77060810-001-01-5,,['purinergic receptor antagonist'],9.150462,2.9184573
BR00117024,P20,U2OS,24,A-987306,compound,BRD-K68982262-001-01-4,,['histamine receptor antagonist'],12.3108835,2.976344
BR00117024,P21,U2OS,24,procaine,compound,BRD-K24616672-003-20-1,,['HMGCR inhibitor'],9.187692,2.935521
BR00117024,P22,U2OS,24,miconazole,compound,BRD-A82396632-008-30-8,,['bacterial cell wall synthesis inhibitor'],9.100954,2.8024676
BR00117024,P23,U2OS,24,loperamide,compound,BRD-K61250553-003-30-6,,,12.078115,3.114363
BR00117024,P24,U2OS,24,aripiprazole,compound,BRD-K70358946-001-17-3,,['serotonin receptor antagonist'],9.394162,3.2137246
BR00117025,A01,U2OS,24,gabapentin-enacarbil,compound,BRD-A86665761-001-01-1,,,8.276331,2.7609203
BR00117025,A02,U2OS,24,DMSO,compound,,negcon,,7.869311,2.2278013
BR00117025,A03,U2OS,24,amlodipine,compound,BRD-A22032524-074-09-9,,['calcium channel blocker'],12.695485,2.5745888
BR00117025,A04,U2OS,24,hexestrol,compound,BRD-A01078468-001-14-8,,,8.288663,0.5835595
BR00117025,A05,U2OS,24,quinine,compound,BRD-K48278478-001-01-2,,,9.21934,1.8700211
BR00117025,A06,U2OS,24,LOXO-101,compound,BRD-K36574127-001-01-3,,,8.203799,0.6429105
BR00117025,A07,U2OS,24,brinzolamide,compound,BRD-K74913225-001-14-0,,['carbonic anhydrase inhibitor'],10.031118,1.785198
BR00117025,A08,U2OS,24,NS-11021,compound,BRD-K94342292-001-01-3,,['calcium-activated potassium channel activator'],10.998915,0.94867927
BR00117025,A09,U2OS,24,DMSO,compound,,negcon,,8.010254,1.8031428
BR00117025,A10,U2OS,24,GNF-5837,compound,BRD-K19975102-001-01-2,,['growth factor receptor inhibitor'],10.391887,2.1844738
BR00117025,A11,U2OS,24,apatinib,compound,BRD-K25244359-066-02-6,,['RET tyrosine kinase inhibitor'],10.764503,2.1514134
BR00117025,A12,U2OS,24,ethoxzolamide,compound,BRD-K18131774-001-18-4,,['carbonic anhydrase inhibitor'],11.758978,-0.99336886
BR00117025,A13,U2OS,24,ascorbic-acid,compound,BRD-A85242401-001-11-5,,,9.30847,1.8064973
BR00117025,A14,U2OS,24,ryuvidine,compound,BRD-K06426971-001-02-7,,['histone lysine methyltransferase inhibitor'],16.079197,-0.7433981
BR00117025,A15,U2OS,24,BAN-ORL-24,compound,BRD-K47049295-300-03-1,,,12.912642,2.4121158
BR00117025,A16,U2OS,24,NNC-55-0396,compound,BRD-K78122587-300-04-3,,,12.339024,2.878809
BR00117025,A17,U2OS,24,DMSO,compound,,negcon,,8.357747,2.6322565
BR00117025,A18,U2OS,24,WH-4-023,compound,BRD-K50199947-001-03-4,,['src inhibitor'],12.867889,1.648282
BR00117025,A19,U2OS,24,flupirtine,compound,BRD-K50720187-051-03-1,,['glutamate receptor antagonist'],8.819033,2.4703624
BR00117025,A20,U2OS,24,ZK811752,compound,BRD-K91825936-001-03-9,,,9.768967,2.0170605
BR00117025,A21,U2OS,24,dexamethasone,compound,BRD-K38775274-001-22-1,,['glucocorticoid receptor agonist'],10.265698,0.9844845
BR00117025,A22,U2OS,24,PP-1,compound,BRD-K47598052-001-14-1,,['src inhibitor'],12.185979,0.6426738
BR00117025,A23,U2OS,24,DDR1-IN-1,compound,BRD-K61845293-300-01-9,,,12.149835,2.4921353
BR00117025,A24,U2OS,24,AVL-292,compound,BRD-K87782578-001-01-4,,"[""Bruton's tyrosine kinase (BTK) inhibitor""]",13.299551,0.3826056
BR00117025,B01,U2OS,24,H2L-5765834,compound,BRD-K26439554-001-01-3,,['lysophosphatidic acid receptor antagonist'],8.104235,2.0460544
BR00117025,B02,U2OS,24,thiostrepton,compound,BRD-K58049875-001-03-9,,['protein synthesis inhibitor'],15.802723,-0.6991307
BR00117025,B03,U2OS,24,DMSO,compound,,negcon,,7.740347,1.0584383
BR00117025,B04,U2OS,24,arcyriaflavin-a,compound,BRD-K72726508-001-02-1,,['CDK inhibitor'],12.29129,0.72242475
BR00117025,B05,U2OS,24,CYM-5520,compound,BRD-K29151923-001-01-5,,['sphingosine 1 phosphate receptor agonist'],8.185013,0.5859325
BR00117025,B06,U2OS,24,fludarabine,compound,BRD-K66788707-001-14-3,,['ribonucleotide reductase inhibitor'],11.566829,-1.1621063
BR00117025,B07,U2OS,24,alda-1,compound,BRD-K06890060-001-09-1,,,8.621676,0.96398354
BR00117025,B08,U2OS,24,meclofenamic-acid,compound,BRD-K50398167-236-22-7,,"['cyclooxygenase inhibitor', 'prostanoid receptor antagonist']",7.792592,-0.1130061
BR00117025,B09,U2OS,24,GNF-5,compound,BRD-K87632963-001-03-0,,['Bcr-Abl kinase inhibitor'],10.028533,1.6515582
BR00117025,B10,U2OS,24,NS-309,compound,BRD-K37602296-001-01-6,,['calcium-activated potassium channel activator'],9.964219,1.4505287
BR00117025,B11,U2OS,24,AK-7,compound,BRD-K09143580-001-01-0,,['SIRT inhibitor'],9.618784,1.8399875
BR00117025,B12,U2OS,24,BVT-948,compound,BRD-A22713669-001-04-3,,,13.883472,-0.56607014
BR00117025,B13,U2OS,24,SirReal-2,compound,BRD-K16472653-001-01-6,,['SIRT inhibitor'],10.364791,1.5833709
BR00117025,B14,U2OS,24,DMSO,compound,,negcon,,7.504018,1.3386109
BR00117025,B15,U2OS,24,BMS-536924,compound,BRD-K34581968-001-05-3,,['IGF-1 inhibitor'],12.993504,0.52594286
BR00117025,B16,U2OS,24,PP-121,compound,BRD-K81801188-001-02-8,,['protein tyrosine kinase inhibitor'],13.535686,0.5577281
BR00117025,B17,U2OS,24,MCOPPB,compound,BRD-K73276278-305-01-1,,,13.026388,2.8406963
BR00117025,B18,U2OS,24,ozagrel,compound,BRD-K53061490-003-13-9,,,8.66261,1.2593008
BR00117025,B19,U2OS,24,CYM-5442,compound,BRD-A43005764-003-01-5,,['sphingosine 1 phosphate receptor agonist'],12.468941,2.8654535
BR00117025,B20,U2OS,24,CVT-10216,compound,BRD-K60659193-001-01-0,,,7.970778,1.4486107
BR00117025,B21,U2OS,24,TCN201,compound,BRD-K09787262-001-02-7,,['glutamate receptor antagonist'],11.214785,-0.7975166
BR00117025,B22,U2OS,24,fomepizole,compound,BRD-K56810756-003-07-7,,['alcohol dehydrogenase inhibitor'],8.169815,1.8833139
BR00117025,B23,U2OS,24,benzamil,compound,BRD-K87158025-003-08-7,,['sodium channel blocker'],9.976741,1.2143314
BR00117025,B24,U2OS,24,lercanidipine,compound,BRD-A18992208-003-02-7,,['calcium channel blocker'],12.608616,-1.0481286
BR00117025,C01,U2OS,24,4-CMTB,compound,BRD-A54139254-001-09-2,,['free fatty acid receptor agonist'],8.093747,2.01814
BR00117025,C02,U2OS,24,ML-228,compound,BRD-K44432556-001-05-5,,,7.437799,0.9555564
BR00117025,C03,U2OS,24,DMSO,compound,,negcon,,6.961406,-0.130771
BR00117025,C04,U2OS,24,GSK1070916,compound,BRD-K36740062-001-06-6,,['Aurora kinase inhibitor'],13.396215,1.7191151
BR00117025,C05,U2OS,24,ML-193,compound,BRD-K27539181-001-08-5,,,7.3891582,-0.396091
BR00117025,C06,U2OS,24,DMSO,compound,,negcon,,6.9853096,0.11373076
BR00117025,C07,U2OS,24,M-25,compound,BRD-K51265828-001-01-0,,['smoothened receptor antagonist'],7.451946,1.2807611
BR00117025,C08,U2OS,24,azeliragon,compound,BRD-K51899933-001-02-6,,['RAGE receptor antagonist'],13.003974,2.4416301
BR00117025,C09,U2OS,24,CYT-997,compound,BRD-K23363278-001-02-1,poscon_diverse,['tubulin polymerization inhibitor'],15.391418,1.7834294
BR00117025,C10,U2OS,24,AR-12,compound,BRD-K90497590-001-05-9,,,16.361906,-0.4471929
BR00117025,C11,U2OS,24,CYM-50260,compound,BRD-K69877120-001-01-7,,['sphingosine 1 phosphate receptor agonist'],7.7161264,1.1860769
BR00117025,C12,U2OS,24,DMSO,compound,,negcon,,7.2916217,-0.64461166
BR00117025,C13,U2OS,24,KG-5,compound,BRD-K90747162-001-01-4,poscon_cp,['RAF inhibitor'],14.902234,1.5806037
BR00117025,C14,U2OS,24,JTE-607,compound,BRD-K81405859-300-01-4,,,11.925869,-1.2956555
BR00117025,C15,U2OS,24,DMSO,compound,,negcon,,7.1664944,-0.09709624
BR00117025,C16,U2OS,24,ilomastat,compound,BRD-K51662849-001-05-4,,['matrix metalloprotease inhibitor'],9.793143,0.9765632
BR00117025,C17,U2OS,24,RX-821002,compound,BRD-A65597028-003-08-1,,['adrenergic receptor antagonist'],7.535124,-0.2698293
BR00117025,C18,U2OS,24,DMSO,compound,,negcon,,7.2844176,0.1889043
BR00117025,C19,U2OS,24,TUG-891,compound,BRD-K24282351-001-01-4,,['free fatty acid receptor agonist'],9.908113,0.63781595
BR00117025,C20,U2OS,24,ponatinib,compound,BRD-K44227013-001-08-0,,"['PDGFR tyrosine kinase receptor inhibitor', 'FLT3 inhibitor', 'Bcr-Abl kinase inhibitor']",15.870939,-0.8070398
BR00117025,C21,U2OS,24,DMSO,compound,,negcon,,7.127884,0.9938738
BR00117025,C22,U2OS,24,puromycin,compound,BRD-K01824976-300-02-9,,['protein synthesis inhibitor'],15.790677,-0.44869238
BR00117025,C23,U2OS,24,SRC-kinase-inhibitor-I,compound,BRD-K50495309-001-02-0,,['src inhibitor'],12.235324,2.9212852
BR00117025,C24,U2OS,24,acetylcysteine,compound,BRD-K59058747-001-19-1,,,8.693139,2.049751
BR00117025,D01,U2OS,24,NSC-625987,compound,BRD-K62949423-001-03-1,,['CDK inhibitor'],8.39208,1.5013733
BR00117025,D02,U2OS,24,dalfampridine,compound,BRD-K22482860-001-20-6,,['potassium channel blocker'],7.294365,1.4476776
BR00117025,D03,U2OS,24,NSC-95397,compound,BRD-K68143200-001-11-7,,['CDC inhibitor'],13.714819,-0.5073889
BR00117025,D04,U2OS,24,alrestatin,compound,BRD-K35498378-001-06-1,,['aldose reductase inhibitor'],8.310094,0.39436805
BR00117025,D05,U2OS,24,PF-03758309,compound,BRD-K37764012-001-03-3,poscon_diverse,['p21 activated kinase inhibitor'],9.1198435,0.3663848
BR00117025,D06,U2OS,24,IRL-2500,compound,BRD-K98357249-001-02-9,,['endothelin receptor antagonist'],8.847382,-0.09391036
BR00117025,D07,U2OS,24,PF-04217903,compound,BRD-K73319509-001-08-0,poscon_cp,,9.495597,0.63515663
BR00117025,D08,U2OS,24,FK-866,compound,BRD-K58550667-001-08-7,poscon_diverse,,10.292328,0.75436085
BR00117025,D09,U2OS,24,amlexanox,compound,BRD-K29530284-001-06-2,,,9.367638,0.9480595
BR00117025,D10,U2OS,24,GW-311616,compound,BRD-K37864785-001-01-0,,['elastase inhibitor'],8.198759,0.12538065
BR00117025,D11,U2OS,24,buparlisib,compound,BRD-K42191735-001-08-7,poscon_diverse,,15.109979,1.5160518
BR00117025,D12,U2OS,24,amiloride,compound,BRD-K97181089-003-24-7,,['sodium channel blocker'],8.356997,0.79821014
BR00117025,D13,U2OS,24,DG-172,compound,BRD-K75748943-300-01-3,,,12.187731,2.7129622
BR00117025,D14,U2OS,24,DMSO,compound,,negcon,,7.8800397,-0.14584091
BR00117025,D15,U2OS,24,DMSO,compound,,negcon,,7.644201,1.2218554
BR00117025,D16,U2OS,24,NVP-ADW742,compound,BRD-K15179513-001-04-2,poscon_cp,,12.99873,2.6594858
BR00117025,D17,U2OS,24,misoprostol,compound,BRD-A72351335-001-04-5,,['prostanoid receptor agonist'],10.97807,-0.47453606
BR00117025,D18,U2OS,24,conivaptan,compound,BRD-K37385792-003-02-1,,,11.843985,2.512371
BR00117025,D19,U2OS,24,spiroxatrine,compound,BRD-A72483914-001-03-7,,['serotonin receptor antagonist'],11.672193,2.9334526
BR00117025,D20,U2OS,24,diacerein,compound,BRD-K69122748-001-10-1,,,9.487583,0.1976778
BR00117025,D21,U2OS,24,DMSO,compound,,negcon,,12.265465,-0.58270144
BR00117025,D22,U2OS,24,DMSO,compound,,negcon,,7.6459427,0.8709509
BR00117025,D23,U2OS,24,glyburide,compound,BRD-K36927236-001-36-7,,['ATP channel blocker'],9.742574,1.4207515
BR00117025,D24,U2OS,24,ANR-94,compound,BRD-K31170746-001-01-6,,,14.75117,-1.1548325
BR00117025,E01,U2OS,24,TFC-007,compound,BRD-K57708067-001-01-3,,,8.236565,2.1985812
BR00117025,E02,U2OS,24,trihexyphenidyl,compound,BRD-A48180038-003-24-3,,['acetylcholine receptor antagonist'],7.860289,0.19059749
BR00117025,E03,U2OS,24,epoprostenol,compound,BRD-K64054020-001-02-7,,,7.5379267,0.06938968
BR00117025,E04,U2OS,24,sacubitril,compound,BRD-K91456750-001-01-9,,,8.051594,-0.35033655
BR00117025,E05,U2OS,24,danusertib,compound,BRD-K07881437-001-03-8,poscon_diverse,"['growth factor receptor inhibitor', 'Aurora kinase inhibitor']",12.345491,-1.51724
BR00117025,E06,U2OS,24,CYT-997,compound,BRD-K23363278-001-02-1,poscon_diverse,['tubulin polymerization inhibitor'],15.326018,1.6408311
BR00117025,E07,U2OS,24,DMSO,compound,,negcon,,8.64071,-0.17683761
BR00117025,E08,U2OS,24,BQ-788,compound,BRD-K02490038-236-03-8,,['endothelin receptor antagonist'],7.7553177,0.35159808
BR00117025,E09,U2OS,24,SB-202190,compound,BRD-K54330070-001-19-6,poscon_orf,['p38 MAPK inhibitor'],11.541579,-0.1373143
BR00117025,E10,U2OS,24,GSK2110183,compound,BRD-K25412176-001-01-9,poscon_diverse,,11.431267,1.1646546
BR00117025,E11,U2OS,24,GSK3787,compound,BRD-K03155172-001-03-0,,['PPAR receptor antagonist'],10.8496,0.7528586
BR00117025,E12,U2OS,24,BAM7,compound,BRD-K07442505-001-03-6,,,8.760857,0.9450815
BR00117025,E13,U2OS,24,PHA-793887,compound,BRD-K64800655-001-09-0,poscon_diverse,['CDK inhibitor'],13.769478,0.017208673
BR00117025,E14,U2OS,24,DMSO,compound,,negcon,,7.4103227,-0.21611999
BR00117025,E15,U2OS,24,GSK-37647,compound,BRD-K26514105-001-01-7,,['free fatty acid receptor agonist'],10.078095,0.772269
BR00117025,E16,U2OS,24,desonide,compound,BRD-K21528677-001-04-4,,['glucocorticoid receptor agonist'],11.995162,0.27062967
BR00117025,E17,U2OS,24,DMSO,compound,,negcon,,7.216739,0.46739405
BR00117025,E18,U2OS,24,aloxistatin,compound,BRD-K91188791-001-17-5,,,12.602051,2.9986532
BR00117025,E19,U2OS,24,azathioprine,compound,BRD-K32821942-001-22-1,,,9.173023,0.9506081
BR00117025,E20,U2OS,24,ZK-93423,compound,BRD-K33882852-003-02-8,poscon_diverse,['benzodiazepine receptor agonist'],10.221446,1.9955341
BR00117025,E21,U2OS,24,BI-2536,compound,BRD-K64890080-001-02-1,poscon_diverse,,14.989003,1.4140428
BR00117025,E22,U2OS,24,EI1,compound,BRD-K91535048-001-01-2,poscon_cp,['histone lysine methyltransferase inhibitor'],8.091318,1.7281274
BR00117025,E23,U2OS,24,NVP-HSP990,compound,BRD-K67915505-001-01-2,,['HSP inhibitor'],13.085722,0.049217187
BR00117025,E24,U2OS,24,DMSO,compound,,negcon,,8.412734,2.2141585
BR00117025,F01,U2OS,24,DMSO,compound,,negcon,,8.15833,2.3912873
BR00117025,F02,U2OS,24,nialamide,compound,BRD-K12102668-001-25-5,,,8.51422,1.0508106
BR00117025,F03,U2OS,24,DMSO,compound,,negcon,,8.196582,0.4662335
BR00117025,F04,U2OS,24,arundic-acid,compound,BRD-K49223707-001-01-0,,,8.423599,-0.0050529516
BR00117025,F05,U2OS,24,torcitabine,compound,BRD-K91822704-003-07-2,,,8.994911,1.3166096
BR00117025,F06,U2OS,24,DMSO,compound,,negcon,,8.0194645,1.3624092
BR00117025,F07,U2OS,24,epothilone-b,compound,BRD-K68164687-001-01-6,,"['microtubule stabilizing agent', 'tubulin polymerization inhibitor']",14.353439,1.2314787
BR00117025,F08,U2OS,24,dyphylline,compound,BRD-A00827783-001-24-6,,['phosphodiesterase inhibitor'],8.382592,0.97993904
BR00117025,F09,U2OS,24,DMSO,compound,,negcon,,7.205727,1.1072677
BR00117025,F10,U2OS,24,quinidine,compound,BRD-K59632282-052-03-1,,['sodium channel blocker'],8.637361,0.5273968
BR00117025,F11,U2OS,24,halopemide,compound,BRD-K50055394-001-03-6,,,10.604701,0.83689797
BR00117025,F12,U2OS,24,sulfinpyrazone,compound,BRD-A36217750-001-16-3,,,7.8841143,1.0575294
BR00117025,F13,U2OS,24,ML-323,compound,BRD-K93942811-001-01-3,poscon_cp,['ubiquitin specific protease inhibitor'],9.95685,1.901053
BR00117025,F14,U2OS,24,racecadotril,compound,BRD-A08187463-001-12-9,,,9.40286,0.9601603
BR00117025,F15,U2OS,24,BRL-50481,compound,BRD-K84266862-001-03-2,,['phosphodiesterase inhibitor'],9.767209,0.5232256
BR00117025,F16,U2OS,24,GSK2110183,compound,BRD-K25412176-001-01-9,poscon_diverse,,11.322308,0.8207006
BR00117025,F17,U2OS,24,bufexamac,compound,BRD-K36660044-001-24-2,,['cyclooxygenase inhibitor'],9.294706,2.014097
BR00117025,F18,U2OS,24,anandamide,compound,BRD-K42352790-001-05-3,,,8.986286,0.8879203
BR00117025,F19,U2OS,24,thioguanine,compound,BRD-K49350383-001-13-7,poscon_diverse,,12.228297,0.31168813
BR00117025,F20,U2OS,24,IWP-L6,compound,BRD-K53234107-001-01-6,,['porcupine inhibitor'],9.990918,1.4396402
BR00117025,F21,U2OS,24,edoxaban,compound,BRD-K29322660-001-01-9,,['coagulation factor inhibitor'],10.975466,1.0762286
BR00117025,F22,U2OS,24,lonafarnib,compound,BRD-K41599323-001-02-3,poscon_diverse,,11.949917,0.86231524
BR00117025,F23,U2OS,24,ibutamoren,compound,BRD-K44771174-066-01-0,,,10.881821,2.253139
BR00117025,F24,U2OS,24,somatostatin,compound,BRD-K14681867-001-01-6,,['somatostatin receptor agonist'],7.938259,0.7586437
BR00117025,G01,U2OS,24,L-proline,compound,BRD-K01666412-001-02-0,,,10.639978,0.030339153
BR00117025,G02,U2OS,24,zamifenacin,compound,BRD-K80451230-051-02-6,,['acetylcholine receptor antagonist'],7.5452933,1.4995978
BR00117025,G03,U2OS,24,YC-1,compound,BRD-K60476892-001-16-1,,,14.723584,-0.42418796
BR00117025,G04,U2OS,24,DMSO,compound,,negcon,,7.123359,-0.19370678
BR00117025,G05,U2OS,24,ME-0328,compound,BRD-K24283677-001-01-9,,['PPAR receptor antagonist'],9.557805,0.55173254
BR00117025,G06,U2OS,24,NSC-663284,compound,BRD-K03109492-001-02-2,,['CDC inhibitor'],16.049324,-0.792431
BR00117025,G07,U2OS,24,CYM-50358,compound,BRD-K80666802-003-01-0,,,12.205923,2.9550514
BR00117025,G08,U2OS,24,trazodone,compound,BRD-K70778732-003-27-5,,"['adrenergic receptor antagonist', 'serotonin receptor antagonist']",10.028613,-0.06778479
BR00117025,G09,U2OS,24,DMSO,compound,,negcon,,7.3650665,-0.1357575
BR00117025,G10,U2OS,24,DMSO,compound,,negcon,,7.139456,0.89639497
BR00117025,G11,U2OS,24,sulfasalazine,compound,BRD-K10670311-001-17-1,,['cyclooxygenase inhibitor'],9.116988,0.14416237
BR00117025,G12,U2OS,24,"2,5-furandimethanol",compound,BRD-K29791386-001-01-8,,,7.9281387,0.25029588
BR00117025,G13,U2OS,24,DMSO,compound,,negcon,,7.717107,0.44472688
BR00117025,G14,U2OS,24,dilazep,compound,BRD-K48722258-300-11-0,,,10.529406,-0.6057856
BR00117025,G15,U2OS,24,felodipine,compound,BRD-A30815329-001-12-1,,['calcium channel blocker'],10.057847,0.20090872
BR00117025,G16,U2OS,24,paliperidone,compound,BRD-A99888680-001-05-3,,"['dopamine receptor antagonist', 'serotonin receptor antagonist']",9.7158,0.48046702
BR00117025,G17,U2OS,24,purvalanol-a,compound,BRD-K50836978-001-03-3,poscon_orf,['CDK inhibitor'],12.287095,-0.5954638
BR00117025,G18,U2OS,24,DMSO,compound,,negcon,,7.2267756,-0.59967095
BR00117025,G19,U2OS,24,Ro-1138452,compound,BRD-K77220725-003-01-5,,['prostanoid receptor antagonist'],8.830074,0.91367054
BR00117025,G20,U2OS,24,sorbinil,compound,BRD-A89164055-001-03-3,,['aldose reductase inhibitor'],7.692802,-0.23231462
BR00117025,G21,U2OS,24,TC-S-7004,compound,BRD-K89517477-001-01-4,poscon_cp,['DYRK inhibitor'],11.396027,0.10905407
BR00117025,G22,U2OS,24,saclofen,compound,BRD-A24122750-001-03-7,,['GABA receptor antagonist'],8.264927,1.2817025
BR00117025,G23,U2OS,24,BAY-87-2243,compound,BRD-K70463136-001-01-5,,,10.340479,2.0603888
BR00117025,G24,U2OS,24,ibudilast,compound,BRD-K16444452-001-09-1,,['phosphodiesterase inhibitor'],9.0458555,2.103968
BR00117025,H01,U2OS,24,briciclib,compound,BRD-K05531427-001-01-7,,,15.314229,1.7159516
BR00117025,H02,U2OS,24,2-Oleoylglycerol,compound,BRD-K77087341-001-02-4,,,7.6658425,1.1105207
BR00117025,H03,U2OS,24,RGFP966,compound,BRD-K61688984-001-02-9,poscon_cp,['HDAC inhibitor'],10.84412,0.323184
BR00117025,H04,U2OS,24,DMSO,compound,,negcon,,7.436934,1.5566179
BR00117025,H05,U2OS,24,azacitidine,compound,BRD-K03406345-001-21-1,poscon_diverse,,10.296279,0.072622195
BR00117025,H06,U2OS,24,N6-cyclopentyladenosine,compound,BRD-K60150510-001-15-6,,,7.5800395,0.5029125
BR00117025,H07,U2OS,24,filgotinib,compound,BRD-K16803204-001-01-6,poscon_cp,['JAK inhibitor'],10.681815,-0.72523266
BR00117025,H08,U2OS,24,guanidine,compound,BRD-K76037122-001-02-5,,['HSP inhibitor'],8.876196,0.72278386
BR00117025,H09,U2OS,24,coumarin,compound,BRD-K23913458-001-20-7,,,9.08197,0.504145
BR00117025,H10,U2OS,24,DMSO,compound,,negcon,,7.6996756,1.0493649
BR00117025,H11,U2OS,24,ZM-336372,compound,BRD-K73789395-001-09-9,poscon_orf,['RAF inhibitor'],8.054663,1.1031309
BR00117025,H12,U2OS,24,citric-acid,compound,BRD-K76792669-001-08-1,,['coagulation factor inhibitor'],7.294991,1.1272134
BR00117025,H13,U2OS,24,DMSO,compound,,negcon,,8.320905,0.90833986
BR00117025,H14,U2OS,24,CCG-63802,compound,BRD-K26970495-001-02-7,,['G protein signaling inhibitor'],9.226154,1.6289861
BR00117025,H15,U2OS,24,ibutilide,compound,BRD-A74391928-051-03-9,,['potassium channel blocker'],10.643509,1.5190473
BR00117025,H16,U2OS,24,batimastat,compound,BRD-K82818427-001-04-8,,['matrix metalloprotease inhibitor'],11.264454,0.5764045
BR00117025,H17,U2OS,24,DMSO,compound,,negcon,,7.452454,-0.38720033
BR00117025,H18,U2OS,24,DMSO,compound,,negcon,,9.063215,1.9003183
BR00117025,H19,U2OS,24,UNC1999,compound,BRD-K26989966-001-04-3,poscon_cp,['histone lysine methyltransferase inhibitor'],14.212773,1.7296551
BR00117025,H20,U2OS,24,glutamine-(l),compound,BRD-K83896451-001-06-7,,,9.525142,0.53383565
BR00117025,H21,U2OS,24,PD-98059,compound,BRD-K62810658-001-11-4,poscon_orf,,9.953008,0.66968143
BR00117025,H22,U2OS,24,enilconazole,compound,BRD-K01825690-065-01-9,,,7.77344,-0.17696021
BR00117025,H23,U2OS,24,N-alpha-Methylhistamine-dihydrochloride,compound,BRD-K75390981-300-04-9,,['histamine receptor agonist'],8.555612,0.69071764
BR00117025,H24,U2OS,24,GK921,compound,BRD-K38272302-001-02-7,,,13.619014,0.041855164
BR00117025,I01,U2OS,24,nilvadipine,compound,BRD-A84687895-001-03-2,,['calcium channel blocker'],10.183912,1.562154
BR00117025,I02,U2OS,24,DMSO,compound,,negcon,,7.414954,1.6212941
BR00117025,I03,U2OS,24,AC-710,compound,BRD-K15819326-001-01-6,,['PDGFR tyrosine kinase receptor inhibitor'],12.635814,2.5232613
BR00117025,I04,U2OS,24,PETCM,compound,BRD-A93477898-001-04-2,,,7.2790284,-0.33120126
BR00117025,I05,U2OS,24,AZD7762,compound,BRD-K86525559-001-07-8,poscon_diverse,['CHK inhibitor'],15.928192,-0.7799384
BR00117025,I06,U2OS,24,PHA-793887,compound,BRD-K64800655-001-09-0,poscon_diverse,['CDK inhibitor'],13.65373,-0.012328032
BR00117025,I07,U2OS,24,KU-60019,compound,BRD-K36016295-001-05-2,,['ATM kinase inhibitor'],13.495202,1.9285612
BR00117025,I08,U2OS,24,nafamostat,compound,BRD-K06674495-334-04-0,,,10.7348795,0.62511706
BR00117025,I09,U2OS,24,DMSO,compound,,negcon,,7.327095,0.8371687
BR00117025,I10,U2OS,24,DMSO,compound,,negcon,,7.1793804,0.7357388
BR00117025,I11,U2OS,24,taladegib,compound,BRD-K50498985-001-03-3,,['smoothened receptor antagonist'],8.855776,0.67387486
BR00117025,I12,U2OS,24,acetohexamide,compound,BRD-K52960356-001-13-0,,['ATP channel blocker'],8.342443,0.52133495
BR00117025,I13,U2OS,24,minocycline,compound,BRD-A69651145-003-11-4,,,10.860257,0.54771495
BR00117025,I14,U2OS,24,BI-2536,compound,BRD-K64890080-001-02-1,poscon_diverse,,14.964343,1.4512622
BR00117025,I15,U2OS,24,riociguat,compound,BRD-K84783599-001-01-0,,,7.7220616,0.4484035
BR00117025,I16,U2OS,24,CP-724714,compound,BRD-K76908866-001-07-6,poscon_cp,"['EGFR inhibitor', 'protein tyrosine kinase inhibitor']",10.581435,1.4689536
BR00117025,I17,U2OS,24,ganetespib,compound,BRD-K38852836-001-04-9,poscon_diverse,['HSP inhibitor'],13.008507,0.05105386
BR00117025,I18,U2OS,24,AZ191,compound,BRD-K80935598-001-01-1,poscon_cp,['DYRK inhibitor'],13.157457,2.8357122
BR00117025,I19,U2OS,24,BAX-channel-blocker,compound,BRD-A18763547-300-06-3,,,13.053338,2.4118373
BR00117025,I20,U2OS,24,SU3327,compound,BRD-K32730239-001-01-0,,['JNK inhibitor'],15.930184,-0.6438579
BR00117025,I21,U2OS,24,DMSO,compound,,negcon,,6.990979,0.2576507
BR00117025,I22,U2OS,24,DMSO,compound,,negcon,,7.4528847,0.5230894
BR00117025,I23,U2OS,24,octreotide,compound,BRD-A64173453-015-03-1,,['somatostatin receptor agonist'],11.437753,-1.095557
BR00117025,I24,U2OS,24,1-octanol,compound,BRD-K09338665-001-08-9,,,8.191605,1.1475842
BR00117025,J01,U2OS,24,acalabrutinib,compound,BRD-K64034691-001-01-9,,"[""Bruton's tyrosine kinase (BTK) inhibitor""]",8.15656,2.10916
BR00117025,J02,U2OS,24,rifamycin,compound,BRD-K38512030-001-01-7,,,8.053424,0.72800106
BR00117025,J03,U2OS,24,pazopanib,compound,BRD-K74514084-003-09-2,,"['KIT inhibitor', 'VEGFR inhibitor', 'PDGFR tyrosine kinase receptor inhibitor']",11.737204,0.9081864
BR00117025,J04,U2OS,24,RKI-1447,compound,BRD-K19333160-001-01-3,poscon_cp,,12.2302,1.7084864
BR00117025,J05,U2OS,24,vitamin-E,compound,BRD-K97091514-001-11-4,,['PKC inhibitor'],8.12562,0.89903146
BR00117025,J06,U2OS,24,lonafarnib,compound,BRD-K41599323-001-02-3,poscon_diverse,,11.767183,0.9077479
BR00117025,J07,U2OS,24,ethyl-pyruvate,compound,BRD-K47738867-001-01-5,,,9.009843,1.8411834
BR00117025,J08,U2OS,24,picrotin,compound,BRD-A91822151-001-05-0,,['GABA receptor antagonist'],10.755774,-0.647113
BR00117025,J09,U2OS,24,SGX523,compound,BRD-K19477839-001-07-6,poscon_cp,,11.043428,0.030221134
BR00117025,J10,U2OS,24,PP-2,compound,BRD-K95785537-001-22-3,,['src inhibitor'],12.093832,0.44751316
BR00117025,J11,U2OS,24,ME-0328,compound,BRD-A63444178-001-01-5,,['PPAR receptor antagonist'],7.1753097,1.320195
BR00117025,J12,U2OS,24,AZD9668,compound,BRD-K31476763-001-01-5,,['elastase inhibitor'],8.748448,1.0518749
BR00117025,J13,U2OS,24,NQDI-1,compound,BRD-K61918008-001-07-1,,,11.53619,1.0422665
BR00117025,J14,U2OS,24,DMSO,compound,,negcon,,9.368107,-0.019665789
BR00117025,J15,U2OS,24,carzenide,compound,BRD-K09295674-001-09-8,,,8.274518,0.9659803
BR00117025,J16,U2OS,24,KU-55933,compound,BRD-K25311561-001-10-7,,['ATM kinase inhibitor'],11.005841,0.25267065
BR00117025,J17,U2OS,24,NVP-AEW541,compound,BRD-K24696047-001-02-3,poscon_cp,['IGF-1 inhibitor'],12.509635,2.6952705
BR00117025,J18,U2OS,24,leflunomide,compound,BRD-K78692225-001-24-5,,['PDGFR tyrosine kinase receptor inhibitor'],11.221044,1.3497299
BR00117025,J19,U2OS,24,DMSO,compound,,negcon,,7.222451,0.32018426
BR00117025,J20,U2OS,24,azacitidine,compound,BRD-K03406345-001-21-1,poscon_diverse,,10.906156,0.16481979
BR00117025,J21,U2OS,24,ixabepilone,compound,BRD-K03601870-001-01-2,,['microtubule stabilizing agent'],14.984335,1.5327928
BR00117025,J22,U2OS,24,KH-CB19,compound,BRD-K66430217-001-03-8,poscon_cp,['CDC inhibitor'],8.917718,0.44895267
BR00117025,J23,U2OS,24,DMSO,compound,,negcon,,8.34208,1.2690578
BR00117025,J24,U2OS,24,PF-05190457,compound,BRD-K02554563-001-01-6,,,9.683827,1.8366716
BR00117025,K01,U2OS,24,LDN-212854,compound,BRD-K59831625-001-03-9,,,15.934861,-0.3306898
BR00117025,K02,U2OS,24,formononetin,compound,BRD-K55567017-001-12-3,,['alcohol dehydrogenase inhibitor'],7.6587873,0.2518784
BR00117025,K03,U2OS,24,aminopurvalanol-a,compound,BRD-K07762753-001-05-1,poscon_orf,['CDK inhibitor'],12.117294,-0.11206956
BR00117025,K04,U2OS,24,ruxolitinib,compound,BRD-K53972329-001-01-3,poscon_cp,['JAK inhibitor'],10.9592,-0.30900544
BR00117025,K05,U2OS,24,DMSO,compound,,negcon,,7.1642585,-0.49657303
BR00117025,K06,U2OS,24,DMSO,compound,,negcon,,7.4842334,0.9292609
BR00117025,K07,U2OS,24,LGK-974,compound,BRD-K16810791-001-01-0,,['porcupine inhibitor'],9.3188505,1.24532
BR00117025,K08,U2OS,24,polydatin,compound,BRD-K43236057-001-07-1,,['ICAM1 expression inhibitor'],12.251924,0.99255073
BR00117025,K09,U2OS,24,enflurane,compound,BRD-A51831848-001-01-7,,,8.113623,0.5664672
BR00117025,K10,U2OS,24,PFI-1,compound,BRD-K13094524-001-04-2,poscon_cp,,7.0743,0.9367505
BR00117025,K11,U2OS,24,AZD7762,compound,BRD-K86525559-001-07-8,poscon_diverse,['CHK inhibitor'],15.930638,-0.9303913
BR00117025,K12,U2OS,24,sotrastaurin,compound,BRD-K16761703-001-03-8,,['PKC inhibitor'],11.391068,-0.24151933
BR00117025,K13,U2OS,24,DMSO,compound,,negcon,,8.777706,1.0497313
BR00117025,K14,U2OS,24,cycloheximide,compound,BRD-K36055864-001-20-0,,['protein synthesis inhibitor'],13.266657,0.22811845
BR00117025,K15,U2OS,24,oxytocin,compound,BRD-K25243230-001-01-2,,,8.41931,0.35172132
BR00117025,K16,U2OS,24,DMSO,compound,,negcon,,7.2454796,-0.35881653
BR00117025,K17,U2OS,24,colchicine,compound,BRD-K00259736-001-16-4,,,15.336498,1.596993
BR00117025,K18,U2OS,24,afimoxifene,compound,BRD-K04210847-001-21-9,,,9.327286,1.5432447
BR00117025,K19,U2OS,24,DMSO,compound,,negcon,,7.307721,-0.16538131
BR00117025,K20,U2OS,24,ZK-93423,compound,BRD-K33882852-003-02-8,poscon_diverse,['benzodiazepine receptor agonist'],10.357735,1.908811
BR00117025,K21,U2OS,24,RGB-286638,compound,BRD-K20986415-001-02-6,,['CDK inhibitor'],13.595068,1.7365084
BR00117025,K22,U2OS,24,FPS-ZM1,compound,BRD-K87691185-001-01-2,,['RAGE receptor antagonist'],8.845368,0.3330201
BR00117025,K23,U2OS,24,flindokalner,compound,BRD-K56740996-001-02-1,,,8.720925,1.4333522
BR00117025,K24,U2OS,24,motesanib,compound,BRD-K99616396-316-05-3,,"['KIT inhibitor', 'VEGFR inhibitor', 'PDGFR tyrosine kinase receptor inhibitor']",10.4575205,2.0016468
BR00117025,L01,U2OS,24,geldanamycin,compound,BRD-K43570081-001-02-4,,['HSP inhibitor'],13.25068,0.05493984
BR00117025,L02,U2OS,24,DMSO,compound,,negcon,,7.670656,1.0590335
BR00117025,L03,U2OS,24,CGP-53353,compound,BRD-K32292990-001-03-6,,"['PKC inhibitor', 'EGFR inhibitor']",8.919199,1.243498
BR00117025,L04,U2OS,24,7-hydroxystaurosporine,compound,BRD-K45293975-001-02-0,,"['CDK inhibitor', 'PKC inhibitor', 'CHK inhibitor']",15.470918,-0.6023723
BR00117025,L05,U2OS,24,DMSO,compound,,negcon,,7.552615,1.2396349
BR00117025,L06,U2OS,24,DMSO,compound,,negcon,,7.589095,0.583491
BR00117025,L07,U2OS,24,efaproxiral,compound,BRD-K37355418-236-01-6,,,9.464025,0.60347027
BR00117025,L08,U2OS,24,SB-203580,compound,BRD-A37704979-001-12-3,poscon_orf,['p38 MAPK inhibitor'],11.6036005,-0.020054298
BR00117025,L09,U2OS,24,FK-866,compound,BRD-K58550667-001-08-7,poscon_diverse,,10.401031,0.77089316
BR00117025,L10,U2OS,24,bepridil,compound,BRD-A91008255-003-24-8,,['calcium channel blocker'],9.600738,0.2690904
BR00117025,L11,U2OS,24,delanzomib,compound,BRD-K59325863-001-04-4,,,15.773254,-0.49897227
BR00117025,L12,U2OS,24,buparlisib,compound,BRD-K42191735-001-08-7,poscon_diverse,,15.136163,1.374652
BR00117025,L13,U2OS,24,phenylbutazone,compound,BRD-K10843433-001-23-5,,"['cyclooxygenase inhibitor', 'prostanoid receptor antagonist']",9.2088585,1.1124103
BR00117025,L14,U2OS,24,deferasirox,compound,BRD-K97010173-001-04-1,,,11.419651,-0.9352549
BR00117025,L15,U2OS,24,DMSO,compound,,negcon,,8.474449,0.08212126
BR00117025,L16,U2OS,24,cediranib,compound,BRD-K86930074-001-05-0,,"['KIT inhibitor', 'VEGFR inhibitor']",12.527889,2.9900668
BR00117025,L17,U2OS,24,isoflurane,compound,BRD-A31564021-001-02-6,,,8.016395,0.10984086
BR00117025,L18,U2OS,24,DMSO,compound,,negcon,,7.3587575,0.070949554
BR00117025,L19,U2OS,24,CCG-50014,compound,BRD-K08893438-001-06-4,,['G protein signaling inhibitor'],8.022575,0.22464265
BR00117025,L20,U2OS,24,PF-431396,compound,BRD-K93788137-001-04-1,,,12.564146,-1.6683525
BR00117025,L21,U2OS,24,TG-02,compound,BRD-K14560436-001-01-4,,"['CDK inhibitor', 'FLT3 inhibitor', 'JAK inhibitor']",13.894726,0.04853259
BR00117025,L22,U2OS,24,baclofen,compound,BRD-K01826724-003-07-9,,['benzodiazepine receptor agonist'],7.8969393,1.6597189
BR00117025,L23,U2OS,24,thiostrepton,compound,BRD-A20697603-001-07-2,,['protein synthesis inhibitor'],12.864349,0.5694619
BR00117025,L24,U2OS,24,flufenamic-acid,compound,BRD-K44067360-001-29-5,,,9.112619,1.826255
BR00117025,M01,U2OS,24,DMSO,compound,,negcon,,7.9695005,2.0509179
BR00117025,M02,U2OS,24,LY2109761,compound,BRD-K47557313-001-02-7,,,11.373967,0.16956684
BR00117025,M03,U2OS,24,olopatadine,compound,BRD-K67637637-003-11-8,,['histamine receptor antagonist'],7.0449963,-0.20993334
BR00117025,M04,U2OS,24,DMSO,compound,,negcon,,6.8490887,0.0020497495
BR00117025,M05,U2OS,24,castanospermine,compound,BRD-K20897876-001-11-8,,['glucosidase inhibitor'],8.422243,0.75884837
BR00117025,M06,U2OS,24,A205804,compound,BRD-K77627880-001-04-0,,['ICAM1 expression inhibitor'],10.988488,-0.92964214
BR00117025,M07,U2OS,24,VU591,compound,BRD-K72063794-003-01-0,,['potassium channel blocker'],8.966445,0.5372023
BR00117025,M08,U2OS,24,dalbavancin,compound,BRD-K30177383-001-01-0,,['bacterial cell wall synthesis inhibitor'],9.789203,1.4080349
BR00117025,M09,U2OS,24,CC-401,compound,BRD-K45746021-003-01-9,,['JNK inhibitor'],10.963901,-0.018698355
BR00117025,M10,U2OS,24,ganetespib,compound,BRD-K38852836-001-04-9,poscon_diverse,['HSP inhibitor'],13.032159,0.009894359
BR00117025,M11,U2OS,24,ingenol-mebutate,compound,BRD-K93779381-001-01-9,,,11.4326105,1.5474297
BR00117025,M12,U2OS,24,menadione,compound,BRD-K78126613-001-27-7,,,12.472929,0.0012813717
BR00117025,M13,U2OS,24,cetilistat,compound,BRD-K94863486-001-02-2,,,9.322382,0.8047239
BR00117025,M14,U2OS,24,methoxsalen,compound,BRD-K63430059-001-16-4,,['DNA synthesis inhibitor'],9.726426,-0.15980099
BR00117025,M15,U2OS,24,cyclosporine,compound,BRD-K13533483-001-16-2,,,12.273588,0.42139822
BR00117025,M16,U2OS,24,NSC-632839,compound,BRD-K81197548-003-01-4,poscon_cp,['ubiquitin specific protease inhibitor'],15.764833,-0.6915855
BR00117025,M17,U2OS,24,DMSO,compound,,negcon,,7.4120584,0.6612879
BR00117025,M18,U2OS,24,TG-003,compound,BRD-K97072811-001-11-4,poscon_cp,,8.559467,0.9150427
BR00117025,M19,U2OS,24,oxibendazole,compound,BRD-K52075715-001-06-7,,['tubulin polymerization inhibitor'],15.145315,1.5663906
BR00117025,M20,U2OS,24,TG-101348,compound,BRD-K12502280-001-11-4,poscon_cp,"['JAK inhibitor', 'FLT3 inhibitor']",13.663638,2.3542278
BR00117025,M21,U2OS,24,miglitol,compound,BRD-A63310107-001-04-8,,['glucosidase inhibitor'],7.090542,0.27973232
BR00117025,M22,U2OS,24,DMSO,compound,,negcon,,7.1359954,-0.39330518
BR00117025,M23,U2OS,24,DMSO,compound,,negcon,,7.874821,0.7234884
BR00117025,M24,U2OS,24,tranilast,compound,BRD-K17849083-001-32-9,,,10.263757,1.0751363
BR00117025,N01,U2OS,24,4-methylhistamine,compound,BRD-K70821460-300-02-4,,['histamine receptor agonist'],8.690242,2.6753843
BR00117025,N02,U2OS,24,LDN-27219,compound,BRD-K51485109-001-01-4,,,7.769686,1.8762594
BR00117025,N03,U2OS,24,anisomycin,compound,BRD-K91370081-001-25-1,,['DNA synthesis inhibitor'],15.051286,-0.27231053
BR00117025,N04,U2OS,24,thioguanine,compound,BRD-K49350383-001-13-7,poscon_diverse,,12.272139,0.37180272
BR00117025,N05,U2OS,24,droxinostat,compound,BRD-K11558771-001-13-9,,['HDAC inhibitor'],11.096423,1.225125
BR00117025,N06,U2OS,24,UNC2025,compound,BRD-K91283740-003-01-6,poscon_cp,['FLT3 inhibitor'],13.602729,1.3297246
BR00117025,N07,U2OS,24,DMSO,compound,,negcon,,7.7732615,1.1857892
BR00117025,N08,U2OS,24,DMSO,compound,,negcon,,8.768783,2.0875733
BR00117025,N09,U2OS,24,AMG900,compound,BRD-K21728777-001-02-3,poscon_cp,['Aurora kinase inhibitor'],12.442166,-1.6501687
BR00117025,N10,U2OS,24,PF-06463922,compound,BRD-A23124853-001-01-4,,['ALK tyrosine kinase receptor inhibitor'],11.556037,1.1988335
BR00117025,N11,U2OS,24,orantinib,compound,BRD-K55966568-001-09-6,poscon_cp,"['FGFR inhibitor', 'PDGFR tyrosine kinase receptor inhibitor', 'VEGFR inhibitor']",10.362186,1.2376767
BR00117025,N12,U2OS,24,fludarabine-phosphate,compound,BRD-K71106091-001-09-5,,['ribonucleotide reductase inhibitor'],11.849126,-1.2004428
BR00117025,N13,U2OS,24,ceritinib,compound,BRD-K22149900-001-06-2,,['ALK tyrosine kinase receptor inhibitor'],11.794449,2.0702584
BR00117025,N14,U2OS,24,NVS-PAK1-1,compound,BRD-K28132190-001-02-0,poscon_cp,['p21 activated kinase inhibitor'],12.16623,1.1993278
BR00117025,N15,U2OS,24,homoharringtonine,compound,BRD-K76674262-001-03-3,,['protein synthesis inhibitor'],14.662116,-0.16254975
BR00117025,N16,U2OS,24,picrotoxinin,compound,BRD-K36461289-001-05-8,,['GABA receptor antagonist'],10.111555,-0.51838833
BR00117025,N17,U2OS,24,DMSO,compound,,negcon,,7.7034492,0.95934236
BR00117025,N18,U2OS,24,danusertib,compound,BRD-K07881437-001-03-8,poscon_diverse,"['growth factor receptor inhibitor', 'Aurora kinase inhibitor']",12.395409,-1.6616523
BR00117025,N19,U2OS,24,romidepsin,compound,BRD-K61397605-001-01-8,poscon_cp,['HDAC inhibitor'],15.161918,0.3186495
BR00117025,N20,U2OS,24,FERb-033,compound,BRD-K61642990-001-01-0,poscon_cp,['EGFR inhibitor'],7.828897,1.3036503
BR00117025,N21,U2OS,24,PF-03758309,compound,BRD-K37764012-001-03-3,poscon_diverse,['p21 activated kinase inhibitor'],13.62974,-0.05006755
BR00117025,N22,U2OS,24,DMSO,compound,,negcon,,7.133029,0.7214378
BR00117025,N23,U2OS,24,trometamol,compound,BRD-K47978074-001-03-2,,,8.466755,0.59182227
BR00117025,N24,U2OS,24,simvastatin,compound,BRD-K22134346-001-22-3,,['HMGCR inhibitor'],11.889463,1.4124467
BR00117025,O01,U2OS,24,zaprinast,compound,BRD-K16542329-001-16-8,,['phosphodiesterase inhibitor'],8.226879,2.6832256
BR00117025,O02,U2OS,24,dexamethasone,compound,BRD-A10188456-001-04-9,,['glucocorticoid receptor agonist'],9.896676,1.3642585
BR00117025,O03,U2OS,24,salicylic-acid,compound,BRD-K93632104-001-17-2,,['cyclooxygenase inhibitor'],7.1726866,0.9729219
BR00117025,O04,U2OS,24,diltiazem,compound,BRD-A69636825-003-04-7,,['calcium channel blocker'],7.520547,1.5515893
BR00117025,O05,U2OS,24,phenolphthalein,compound,BRD-K19227686-001-18-6,,,7.9026723,1.5116887
BR00117025,O06,U2OS,24,niflumic-acid,compound,BRD-K98763141-001-30-8,,['cyclooxygenase inhibitor'],7.489967,1.61261
BR00117025,O07,U2OS,24,DMSO,compound,,negcon,,7.3398924,1.1226503
BR00117025,O08,U2OS,24,L-Cystine,compound,BRD-A15397381-001-02-5,,,8.12655,1.5296267
BR00117025,O09,U2OS,24,ozanimod,compound,BRD-K46625559-001-01-8,,['sphingosine 1 phosphate receptor agonist'],12.029354,2.6222782
BR00117025,O10,U2OS,24,efaroxan,compound,BRD-A10739734-003-09-8,,['adrenergic receptor antagonist'],8.92681,1.1628709
BR00117025,O11,U2OS,24,NBQX,compound,BRD-K11796549-001-05-2,,['glutamate receptor antagonist'],8.332272,0.3224093
BR00117025,O12,U2OS,24,dinoprostone,compound,BRD-K26521938-001-07-2,,['prostanoid receptor agonist'],9.333947,0.003733578
BR00117025,O13,U2OS,24,Ro-20-1724,compound,BRD-A07207424-001-14-0,,['phosphodiesterase inhibitor'],8.095897,-0.08628874
BR00117025,O14,U2OS,24,xanomeline,compound,BRD-K72815923-034-02-0,,['acetylcholine receptor agonist'],8.220661,0.2387976
BR00117025,O15,U2OS,24,terazosin,compound,BRD-K01825589-310-02-9,,['adrenergic receptor antagonist'],9.517055,1.3940436
BR00117025,O16,U2OS,24,BVT-948,compound,BRD-K68567222-001-01-2,,,13.489487,-0.5131942
BR00117025,O17,U2OS,24,nicotine,compound,BRD-K01825660-322-01-9,,['acetylcholine receptor agonist'],10.195866,-0.09237868
BR00117025,O18,U2OS,24,DMSO,compound,,negcon,,7.7328405,0.37097043
BR00117025,O19,U2OS,24,U-0521,compound,BRD-K08953028-001-09-6,,,7.953848,0.52816546
BR00117025,O20,U2OS,24,BMS-587101,compound,BRD-K20093108-001-02-3,,,8.981844,-0.29358476
BR00117025,O21,U2OS,24,nimodipine,compound,BRD-A58048407-001-20-4,,['calcium channel blocker'],7.928371,1.3259377
BR00117025,O22,U2OS,24,pyrrolidine-dithiocarbamate,compound,BRD-K80970344-201-08-6,,,14.798284,0.4831961
BR00117025,O23,U2OS,24,PF-915275,compound,BRD-K18289362-001-02-2,,,10.217754,0.82726663
BR00117025,O24,U2OS,24,JTE-013,compound,BRD-K43330982-001-02-3,,,9.326555,2.5850606
BR00117025,P01,U2OS,24,sodium-butyrate,compound,BRD-K05878375-236-05-7,,['HDAC inhibitor'],8.550472,3.031545
BR00117025,P02,U2OS,24,pentostatin,compound,BRD-K91543828-001-02-0,,['ribonucleotide reductase inhibitor'],8.471616,2.893739
BR00117025,P03,U2OS,24,OMDM-2,compound,BRD-K48830578-001-01-9,,,9.026015,2.7412572
BR00117025,P04,U2OS,24,nalmefene,compound,BRD-A72767275-003-01-6,,,8.527112,2.6114683
BR00117025,P05,U2OS,24,DMSO,compound,,negcon,,8.80562,2.7566032
BR00117025,P06,U2OS,24,1-EBIO,compound,BRD-K70586315-001-02-4,,,8.436329,2.5204399
BR00117025,P07,U2OS,24,SB-505124,compound,BRD-K40109029-001-02-9,,['ALK tyrosine kinase receptor inhibitor'],10.1158285,2.5697746
BR00117025,P08,U2OS,24,prasugrel,compound,BRD-A83029242-001-06-1,,['purinergic receptor antagonist'],9.273686,2.557303
BR00117025,P09,U2OS,24,pidolic-acid,compound,BRD-K57313110-001-06-8,,,8.775541,2.723415
BR00117025,P10,U2OS,24,DMSO,compound,,negcon,,8.550806,2.77056
BR00117025,P11,U2OS,24,nevirapine,compound,BRD-K15502390-001-20-9,,,8.503675,2.3420084
BR00117025,P12,U2OS,24,triamterene,compound,BRD-K92049597-001-20-8,,['sodium channel blocker'],9.420666,2.6959226
BR00117025,P13,U2OS,24,regorafenib,compound,BRD-K16730910-001-07-3,,"['PDGFR tyrosine kinase receptor inhibitor', 'RAF inhibitor', 'KIT inhibitor', 'RET tyrosine kinase inhibitor', 'FGFR inhibitor', 'VEGFR inhibitor']",11.41823,1.3918782
BR00117025,P14,U2OS,24,cyclophosphamide,compound,BRD-A09722536-002-18-0,,,8.832504,2.4639285
BR00117025,P15,U2OS,24,olanzapine,compound,BRD-K18895904-001-16-1,,"['dopamine receptor antagonist', 'serotonin receptor antagonist']",12.257084,3.0398827
BR00117025,P16,U2OS,24,KI-16425,compound,BRD-A25569250-001-03-3,,['lysophosphatidic acid receptor antagonist'],9.099557,2.7703362
BR00117025,P17,U2OS,24,SKLB1002,compound,BRD-K29895144-001-01-0,,['VEGFR inhibitor'],11.956674,-0.510889
BR00117025,P18,U2OS,24,cilostazol,compound,BRD-K67017579-001-28-1,,['phosphodiesterase inhibitor'],8.237826,2.3512135
BR00117025,P19,U2OS,24,AZD1283,compound,BRD-K77060810-001-01-5,,['purinergic receptor antagonist'],8.522825,2.1949234
BR00117025,P20,U2OS,24,A-987306,compound,BRD-K68982262-001-01-4,,['histamine receptor antagonist'],12.265585,3.119034
BR00117025,P21,U2OS,24,procaine,compound,BRD-K24616672-003-20-1,,['HMGCR inhibitor'],8.701211,2.292552
BR00117025,P22,U2OS,24,miconazole,compound,BRD-A82396632-008-30-8,,['bacterial cell wall synthesis inhibitor'],9.085203,2.443432
BR00117025,P23,U2OS,24,loperamide,compound,BRD-K61250553-003-30-6,,,12.237428,3.1231468
BR00117025,P24,U2OS,24,aripiprazole,compound,BRD-K70358946-001-17-3,,['serotonin receptor antagonist'],9.5478735,3.1682568
BR00117026,A01,U2OS,24,gabapentin-enacarbil,compound,BRD-A86665761-001-01-1,,,8.495887,2.8536572
BR00117026,A02,U2OS,24,DMSO,compound,,negcon,,7.550145,1.8261815
BR00117026,A03,U2OS,24,amlodipine,compound,BRD-A22032524-074-09-9,,['calcium channel blocker'],12.129676,2.380716
BR00117026,A04,U2OS,24,hexestrol,compound,BRD-A01078468-001-14-8,,,8.236317,0.84232634
BR00117026,A05,U2OS,24,quinine,compound,BRD-K48278478-001-01-2,,,8.750817,1.5785495
BR00117026,A06,U2OS,24,LOXO-101,compound,BRD-K36574127-001-01-3,,,8.648962,0.6199385
BR00117026,A07,U2OS,24,brinzolamide,compound,BRD-K74913225-001-14-0,,['carbonic anhydrase inhibitor'],9.346061,2.2435055
BR00117026,A08,U2OS,24,NS-11021,compound,BRD-K94342292-001-01-3,,['calcium-activated potassium channel activator'],11.15646,0.8317911
BR00117026,A09,U2OS,24,DMSO,compound,,negcon,,8.234028,1.8034375
BR00117026,A10,U2OS,24,GNF-5837,compound,BRD-K19975102-001-01-2,,['growth factor receptor inhibitor'],10.716169,2.3886952
BR00117026,A11,U2OS,24,apatinib,compound,BRD-K25244359-066-02-6,,['RET tyrosine kinase inhibitor'],11.6783285,2.4764888
BR00117026,A12,U2OS,24,ethoxzolamide,compound,BRD-K18131774-001-18-4,,['carbonic anhydrase inhibitor'],8.428214,1.8047124
BR00117026,A13,U2OS,24,ascorbic-acid,compound,BRD-A85242401-001-11-5,,,10.279651,1.4308448
BR00117026,A14,U2OS,24,ryuvidine,compound,BRD-K06426971-001-02-7,,['histone lysine methyltransferase inhibitor'],16.181482,-0.6593069
BR00117026,A15,U2OS,24,BAN-ORL-24,compound,BRD-K47049295-300-03-1,,,13.079672,2.234911
BR00117026,A16,U2OS,24,NNC-55-0396,compound,BRD-K78122587-300-04-3,,,12.39788,2.802969
BR00117026,A17,U2OS,24,DMSO,compound,,negcon,,8.036586,1.8177569
BR00117026,A18,U2OS,24,WH-4-023,compound,BRD-K50199947-001-03-4,,['src inhibitor'],12.845939,1.9694535
BR00117026,A19,U2OS,24,flupirtine,compound,BRD-K50720187-051-03-1,,['glutamate receptor antagonist'],11.512979,0.77219915
BR00117026,A20,U2OS,24,ZK811752,compound,BRD-K91825936-001-03-9,,,9.870825,2.479935
BR00117026,A21,U2OS,24,dexamethasone,compound,BRD-K38775274-001-22-1,,['glucocorticoid receptor agonist'],11.52702,1.806415
BR00117026,A22,U2OS,24,PP-1,compound,BRD-K47598052-001-14-1,,['src inhibitor'],12.258092,0.71828896
BR00117026,A23,U2OS,24,DDR1-IN-1,compound,BRD-K61845293-300-01-9,,,12.434057,2.5409412
BR00117026,A24,U2OS,24,AVL-292,compound,BRD-K87782578-001-01-4,,"[""Bruton's tyrosine kinase (BTK) inhibitor""]",13.19231,0.41124287
BR00117026,B01,U2OS,24,H2L-5765834,compound,BRD-K26439554-001-01-3,,['lysophosphatidic acid receptor antagonist'],8.859046,2.3853734
BR00117026,B02,U2OS,24,thiostrepton,compound,BRD-K58049875-001-03-9,,['protein synthesis inhibitor'],15.826292,-0.61643684
BR00117026,B03,U2OS,24,DMSO,compound,,negcon,,7.0026813,0.73293287
BR00117026,B04,U2OS,24,arcyriaflavin-a,compound,BRD-K72726508-001-02-1,,['CDK inhibitor'],12.270101,0.6445196
BR00117026,B05,U2OS,24,CYM-5520,compound,BRD-K29151923-001-01-5,,['sphingosine 1 phosphate receptor agonist'],8.732311,0.8349753
BR00117026,B06,U2OS,24,fludarabine,compound,BRD-K66788707-001-14-3,,['ribonucleotide reductase inhibitor'],11.611216,-1.1715413
BR00117026,B07,U2OS,24,alda-1,compound,BRD-K06890060-001-09-1,,,8.654716,0.59357893
BR00117026,B08,U2OS,24,meclofenamic-acid,compound,BRD-K50398167-236-22-7,,"['cyclooxygenase inhibitor', 'prostanoid receptor antagonist']",9.1651945,1.254361
BR00117026,B09,U2OS,24,GNF-5,compound,BRD-K87632963-001-03-0,,['Bcr-Abl kinase inhibitor'],10.386808,1.364961
BR00117026,B10,U2OS,24,NS-309,compound,BRD-K37602296-001-01-6,,['calcium-activated potassium channel activator'],9.744741,1.1814178
BR00117026,B11,U2OS,24,AK-7,compound,BRD-K09143580-001-01-0,,['SIRT inhibitor'],9.685503,1.6968066
BR00117026,B12,U2OS,24,BVT-948,compound,BRD-A22713669-001-04-3,,,13.803294,-0.5220526
BR00117026,B13,U2OS,24,SirReal-2,compound,BRD-K16472653-001-01-6,,['SIRT inhibitor'],11.052157,1.8261814
BR00117026,B14,U2OS,24,DMSO,compound,,negcon,,7.005934,0.47494453
BR00117026,B15,U2OS,24,BMS-536924,compound,BRD-K34581968-001-05-3,,['IGF-1 inhibitor'],12.904289,0.55842656
BR00117026,B16,U2OS,24,PP-121,compound,BRD-K81801188-001-02-8,,['protein tyrosine kinase inhibitor'],13.413579,0.42027652
BR00117026,B17,U2OS,24,MCOPPB,compound,BRD-K73276278-305-01-1,,,12.994754,2.8636167
BR00117026,B18,U2OS,24,ozagrel,compound,BRD-K53061490-003-13-9,,,8.380788,1.8708419
BR00117026,B19,U2OS,24,CYM-5442,compound,BRD-A43005764-003-01-5,,['sphingosine 1 phosphate receptor agonist'],12.493325,2.7026486
BR00117026,B20,U2OS,24,CVT-10216,compound,BRD-K60659193-001-01-0,,,9.270793,0.82637924
BR00117026,B21,U2OS,24,TCN201,compound,BRD-K09787262-001-02-7,,['glutamate receptor antagonist'],8.506281,0.79989743
BR00117026,B22,U2OS,24,fomepizole,compound,BRD-K56810756-003-07-7,,['alcohol dehydrogenase inhibitor'],8.928844,1.8105811
BR00117026,B23,U2OS,24,benzamil,compound,BRD-K87158025-003-08-7,,['sodium channel blocker'],10.699003,0.9492659
BR00117026,B24,U2OS,24,lercanidipine,compound,BRD-A18992208-003-02-7,,['calcium channel blocker'],9.710483,2.7047796
BR00117026,C01,U2OS,24,4-CMTB,compound,BRD-A54139254-001-09-2,,['free fatty acid receptor agonist'],9.452628,0.63265795
BR00117026,C02,U2OS,24,ML-228,compound,BRD-K44432556-001-05-5,,,7.6336904,0.55842435
BR00117026,C03,U2OS,24,DMSO,compound,,negcon,,7.1633697,-0.5137599
BR00117026,C04,U2OS,24,GSK1070916,compound,BRD-K36740062-001-06-6,,['Aurora kinase inhibitor'],13.31153,1.6691272
BR00117026,C05,U2OS,24,ML-193,compound,BRD-K27539181-001-08-5,,,7.1173844,0.9723498
BR00117026,C06,U2OS,24,DMSO,compound,,negcon,,7.333743,-0.1540638
BR00117026,C07,U2OS,24,M-25,compound,BRD-K51265828-001-01-0,,['smoothened receptor antagonist'],8.162943,1.6276637
BR00117026,C08,U2OS,24,azeliragon,compound,BRD-K51899933-001-02-6,,['RAGE receptor antagonist'],12.978976,2.4406617
BR00117026,C09,U2OS,24,CYT-997,compound,BRD-K23363278-001-02-1,poscon_diverse,['tubulin polymerization inhibitor'],15.342793,1.7561879
BR00117026,C10,U2OS,24,AR-12,compound,BRD-K90497590-001-05-9,,,16.412203,-0.35442993
BR00117026,C11,U2OS,24,CYM-50260,compound,BRD-K69877120-001-01-7,,['sphingosine 1 phosphate receptor agonist'],7.675961,1.4233905
BR00117026,C12,U2OS,24,DMSO,compound,,negcon,,6.896601,0.19523065
BR00117026,C13,U2OS,24,KG-5,compound,BRD-K90747162-001-01-4,poscon_cp,['RAF inhibitor'],15.008678,1.6552079
BR00117026,C14,U2OS,24,JTE-607,compound,BRD-K81405859-300-01-4,,,11.890484,-1.2043188
BR00117026,C15,U2OS,24,DMSO,compound,,negcon,,7.2246575,0.5221598
BR00117026,C16,U2OS,24,ilomastat,compound,BRD-K51662849-001-05-4,,['matrix metalloprotease inhibitor'],11.015256,0.89880747
BR00117026,C17,U2OS,24,RX-821002,compound,BRD-A65597028-003-08-1,,['adrenergic receptor antagonist'],9.076291,0.29826137
BR00117026,C18,U2OS,24,DMSO,compound,,negcon,,7.1354136,1.00645
BR00117026,C19,U2OS,24,TUG-891,compound,BRD-K24282351-001-01-4,,['free fatty acid receptor agonist'],8.801741,1.0145454
BR00117026,C20,U2OS,24,ponatinib,compound,BRD-K44227013-001-08-0,,"['PDGFR tyrosine kinase receptor inhibitor', 'FLT3 inhibitor', 'Bcr-Abl kinase inhibitor']",15.762228,-0.75748634
BR00117026,C21,U2OS,24,DMSO,compound,,negcon,,7.190223,0.69322574
BR00117026,C22,U2OS,24,puromycin,compound,BRD-K01824976-300-02-9,,['protein synthesis inhibitor'],15.621503,-0.36899137
BR00117026,C23,U2OS,24,SRC-kinase-inhibitor-I,compound,BRD-K50495309-001-02-0,,['src inhibitor'],12.470163,2.989059
BR00117026,C24,U2OS,24,acetylcysteine,compound,BRD-K59058747-001-19-1,,,8.908131,1.6990387
BR00117026,D01,U2OS,24,NSC-625987,compound,BRD-K62949423-001-03-1,,['CDK inhibitor'],8.480065,1.6075131
BR00117026,D02,U2OS,24,dalfampridine,compound,BRD-K22482860-001-20-6,,['potassium channel blocker'],10.286474,0.31244716
BR00117026,D03,U2OS,24,NSC-95397,compound,BRD-K68143200-001-11-7,,['CDC inhibitor'],13.745948,-0.55920076
BR00117026,D04,U2OS,24,alrestatin,compound,BRD-K35498378-001-06-1,,['aldose reductase inhibitor'],7.2079587,0.60766095
BR00117026,D05,U2OS,24,PF-03758309,compound,BRD-K37764012-001-03-3,poscon_diverse,['p21 activated kinase inhibitor'],8.370661,0.67928284
BR00117026,D06,U2OS,24,IRL-2500,compound,BRD-K98357249-001-02-9,,['endothelin receptor antagonist'],7.817711,0.71232307
BR00117026,D07,U2OS,24,PF-04217903,compound,BRD-K73319509-001-08-0,poscon_cp,,8.216991,0.4126702
BR00117026,D08,U2OS,24,FK-866,compound,BRD-K58550667-001-08-7,poscon_diverse,,10.094042,0.8308419
BR00117026,D09,U2OS,24,amlexanox,compound,BRD-K29530284-001-06-2,,,8.622747,0.5166319
BR00117026,D10,U2OS,24,GW-311616,compound,BRD-K37864785-001-01-0,,['elastase inhibitor'],7.6726723,0.08840576
BR00117026,D11,U2OS,24,buparlisib,compound,BRD-K42191735-001-08-7,poscon_diverse,,15.169708,1.5320048
BR00117026,D12,U2OS,24,amiloride,compound,BRD-K97181089-003-24-7,,['sodium channel blocker'],8.420476,0.74259883
BR00117026,D13,U2OS,24,DG-172,compound,BRD-K75748943-300-01-3,,,12.416786,2.970045
BR00117026,D14,U2OS,24,DMSO,compound,,negcon,,8.717901,0.89997923
BR00117026,D15,U2OS,24,DMSO,compound,,negcon,,8.076512,0.98395884
BR00117026,D16,U2OS,24,NVP-ADW742,compound,BRD-K15179513-001-04-2,poscon_cp,,12.891967,2.7928426
BR00117026,D17,U2OS,24,misoprostol,compound,BRD-A72351335-001-04-5,,['prostanoid receptor agonist'],10.819307,-0.32597807
BR00117026,D18,U2OS,24,conivaptan,compound,BRD-K37385792-003-02-1,,,11.585026,2.6247628
BR00117026,D19,U2OS,24,spiroxatrine,compound,BRD-A72483914-001-03-7,,['serotonin receptor antagonist'],11.752336,2.559776
BR00117026,D20,U2OS,24,diacerein,compound,BRD-K69122748-001-10-1,,,9.354093,0.9514615
BR00117026,D21,U2OS,24,DMSO,compound,,negcon,,6.8279424,0.54399
BR00117026,D22,U2OS,24,DMSO,compound,,negcon,,7.214909,0.8440103
BR00117026,D23,U2OS,24,glyburide,compound,BRD-K36927236-001-36-7,,['ATP channel blocker'],14.077742,0.94283134
BR00117026,D24,U2OS,24,ANR-94,compound,BRD-K31170746-001-01-6,,,9.261133,1.3125007
BR00117026,E01,U2OS,24,TFC-007,compound,BRD-K57708067-001-01-3,,,9.214895,0.61363274
BR00117026,E02,U2OS,24,trihexyphenidyl,compound,BRD-A48180038-003-24-3,,['acetylcholine receptor antagonist'],8.745172,1.315254
BR00117026,E03,U2OS,24,epoprostenol,compound,BRD-K64054020-001-02-7,,,7.4681516,-0.27501923
BR00117026,E04,U2OS,24,sacubitril,compound,BRD-K91456750-001-01-9,,,7.5069823,-0.5372333
BR00117026,E05,U2OS,24,danusertib,compound,BRD-K07881437-001-03-8,poscon_diverse,"['growth factor receptor inhibitor', 'Aurora kinase inhibitor']",12.407422,-1.5531611
BR00117026,E06,U2OS,24,CYT-997,compound,BRD-K23363278-001-02-1,poscon_diverse,['tubulin polymerization inhibitor'],15.310385,1.6847991
BR00117026,E07,U2OS,24,DMSO,compound,,negcon,,7.102902,-0.3912854
BR00117026,E08,U2OS,24,BQ-788,compound,BRD-K02490038-236-03-8,,['endothelin receptor antagonist'],9.550873,0.5724871
BR00117026,E09,U2OS,24,SB-202190,compound,BRD-K54330070-001-19-6,poscon_orf,['p38 MAPK inhibitor'],11.344518,-0.20105039
BR00117026,E10,U2OS,24,GSK2110183,compound,BRD-K25412176-001-01-9,poscon_diverse,,11.392133,0.88329846
BR00117026,E11,U2OS,24,GSK3787,compound,BRD-K03155172-001-03-0,,['PPAR receptor antagonist'],7.3668876,-0.08251619
BR00117026,E12,U2OS,24,BAM7,compound,BRD-K07442505-001-03-6,,,9.840125,1.3664149
BR00117026,E13,U2OS,24,PHA-793887,compound,BRD-K64800655-001-09-0,poscon_diverse,['CDK inhibitor'],13.721669,-0.014949905
BR00117026,E14,U2OS,24,DMSO,compound,,negcon,,7.258096,-0.16144717
BR00117026,E15,U2OS,24,GSK-37647,compound,BRD-K26514105-001-01-7,,['free fatty acid receptor agonist'],11.292517,1.3222958
BR00117026,E16,U2OS,24,desonide,compound,BRD-K21528677-001-04-4,,['glucocorticoid receptor agonist'],10.746844,0.7014483
BR00117026,E17,U2OS,24,DMSO,compound,,negcon,,8.528992,1.6080269
BR00117026,E18,U2OS,24,aloxistatin,compound,BRD-K91188791-001-17-5,,,12.631743,3.0435302
BR00117026,E19,U2OS,24,azathioprine,compound,BRD-K32821942-001-22-1,,,9.393008,0.5559959
BR00117026,E20,U2OS,24,ZK-93423,compound,BRD-K33882852-003-02-8,poscon_diverse,['benzodiazepine receptor agonist'],10.567595,2.0317633
BR00117026,E21,U2OS,24,BI-2536,compound,BRD-K64890080-001-02-1,poscon_diverse,,14.8959,1.416185
BR00117026,E22,U2OS,24,EI1,compound,BRD-K91535048-001-01-2,poscon_cp,['histone lysine methyltransferase inhibitor'],9.640848,1.4419249
BR00117026,E23,U2OS,24,NVP-HSP990,compound,BRD-K67915505-001-01-2,,['HSP inhibitor'],13.038115,0.038590375
BR00117026,E24,U2OS,24,DMSO,compound,,negcon,,8.4291935,1.9367852
BR00117026,F01,U2OS,24,DMSO,compound,,negcon,,8.046115,2.4058886
BR00117026,F02,U2OS,24,nialamide,compound,BRD-K12102668-001-25-5,,,8.5719185,1.2803925
BR00117026,F03,U2OS,24,DMSO,compound,,negcon,,7.2120485,1.0625976
BR00117026,F04,U2OS,24,arundic-acid,compound,BRD-K49223707-001-01-0,,,8.898721,1.5328412
BR00117026,F05,U2OS,24,torcitabine,compound,BRD-K91822704-003-07-2,,,8.888537,1.1991692
BR00117026,F06,U2OS,24,DMSO,compound,,negcon,,7.5433292,0.9884491
BR00117026,F07,U2OS,24,epothilone-b,compound,BRD-K68164687-001-01-6,,"['microtubule stabilizing agent', 'tubulin polymerization inhibitor']",14.372705,1.192714
BR00117026,F08,U2OS,24,dyphylline,compound,BRD-A00827783-001-24-6,,['phosphodiesterase inhibitor'],10.536767,-0.709953
BR00117026,F09,U2OS,24,DMSO,compound,,negcon,,7.2532644,0.10936461
BR00117026,F10,U2OS,24,quinidine,compound,BRD-K59632282-052-03-1,,['sodium channel blocker'],9.176965,0.891094
BR00117026,F11,U2OS,24,halopemide,compound,BRD-K50055394-001-03-6,,,10.554935,0.8192483
BR00117026,F12,U2OS,24,sulfinpyrazone,compound,BRD-A36217750-001-16-3,,,8.042089,0.741719
BR00117026,F13,U2OS,24,ML-323,compound,BRD-K93942811-001-01-3,poscon_cp,['ubiquitin specific protease inhibitor'],9.898727,1.0224528
BR00117026,F14,U2OS,24,racecadotril,compound,BRD-A08187463-001-12-9,,,7.7096877,0.5310356
BR00117026,F15,U2OS,24,BRL-50481,compound,BRD-K84266862-001-03-2,,['phosphodiesterase inhibitor'],9.828875,0.18463914
BR00117026,F16,U2OS,24,GSK2110183,compound,BRD-K25412176-001-01-9,poscon_diverse,,11.420278,1.1287156
BR00117026,F17,U2OS,24,bufexamac,compound,BRD-K36660044-001-24-2,,['cyclooxygenase inhibitor'],11.09146,0.58775175
BR00117026,F18,U2OS,24,anandamide,compound,BRD-K42352790-001-05-3,,,9.638303,2.033483
BR00117026,F19,U2OS,24,thioguanine,compound,BRD-K49350383-001-13-7,poscon_diverse,,12.381766,0.23805839
BR00117026,F20,U2OS,24,IWP-L6,compound,BRD-K53234107-001-01-6,,['porcupine inhibitor'],10.130256,1.2663687
BR00117026,F21,U2OS,24,edoxaban,compound,BRD-K29322660-001-01-9,,['coagulation factor inhibitor'],10.243766,0.3350977
BR00117026,F22,U2OS,24,lonafarnib,compound,BRD-K41599323-001-02-3,poscon_diverse,,11.849186,0.8711152
BR00117026,F23,U2OS,24,ibutamoren,compound,BRD-K44771174-066-01-0,,,10.726684,1.5250887
BR00117026,F24,U2OS,24,somatostatin,compound,BRD-K14681867-001-01-6,,['somatostatin receptor agonist'],8.12221,1.9328579
BR00117026,G01,U2OS,24,L-proline,compound,BRD-K01666412-001-02-0,,,7.967043,1.915659
BR00117026,G02,U2OS,24,zamifenacin,compound,BRD-K80451230-051-02-6,,['acetylcholine receptor antagonist'],7.9920206,0.110846624
BR00117026,G03,U2OS,24,YC-1,compound,BRD-K60476892-001-16-1,,,14.907949,-0.51800764
BR00117026,G04,U2OS,24,DMSO,compound,,negcon,,7.2298884,-0.21926698
BR00117026,G05,U2OS,24,ME-0328,compound,BRD-K24283677-001-01-9,,['PPAR receptor antagonist'],10.229893,0.41049954
BR00117026,G06,U2OS,24,NSC-663284,compound,BRD-K03109492-001-02-2,,['CDC inhibitor'],16.063858,-0.7571472
BR00117026,G07,U2OS,24,CYM-50358,compound,BRD-K80666802-003-01-0,,,11.921517,3.0220442
BR00117026,G08,U2OS,24,trazodone,compound,BRD-K70778732-003-27-5,,"['adrenergic receptor antagonist', 'serotonin receptor antagonist']",8.854001,1.235019
BR00117026,G09,U2OS,24,DMSO,compound,,negcon,,7.969834,0.9741426
BR00117026,G10,U2OS,24,DMSO,compound,,negcon,,7.6533413,-0.21942121
BR00117026,G11,U2OS,24,sulfasalazine,compound,BRD-K10670311-001-17-1,,['cyclooxygenase inhibitor'],8.101252,1.0435057
BR00117026,G12,U2OS,24,"2,5-furandimethanol",compound,BRD-K29791386-001-01-8,,,7.934695,-0.28221515
BR00117026,G13,U2OS,24,DMSO,compound,,negcon,,7.1897902,0.35167775
BR00117026,G14,U2OS,24,dilazep,compound,BRD-K48722258-300-11-0,,,8.21145,0.93887615
BR00117026,G15,U2OS,24,felodipine,compound,BRD-A30815329-001-12-1,,['calcium channel blocker'],9.716522,-0.24564813
BR00117026,G16,U2OS,24,paliperidone,compound,BRD-A99888680-001-05-3,,"['dopamine receptor antagonist', 'serotonin receptor antagonist']",8.063452,0.073242605
BR00117026,G17,U2OS,24,purvalanol-a,compound,BRD-K50836978-001-03-3,poscon_orf,['CDK inhibitor'],12.204952,-0.6028509
BR00117026,G18,U2OS,24,DMSO,compound,,negcon,,7.160337,0.07510967
BR00117026,G19,U2OS,24,Ro-1138452,compound,BRD-K77220725-003-01-5,,['prostanoid receptor antagonist'],9.569792,0.4327628
BR00117026,G20,U2OS,24,sorbinil,compound,BRD-A89164055-001-03-3,,['aldose reductase inhibitor'],8.843584,0.56596506
BR00117026,G21,U2OS,24,TC-S-7004,compound,BRD-K89517477-001-01-4,poscon_cp,['DYRK inhibitor'],11.026756,0.09592823
BR00117026,G22,U2OS,24,saclofen,compound,BRD-A24122750-001-03-7,,['GABA receptor antagonist'],8.318301,0.84029794
BR00117026,G23,U2OS,24,BAY-87-2243,compound,BRD-K70463136-001-01-5,,,10.66132,2.1472692
BR00117026,G24,U2OS,24,ibudilast,compound,BRD-K16444452-001-09-1,,['phosphodiesterase inhibitor'],9.116306,2.3701787
BR00117026,H01,U2OS,24,briciclib,compound,BRD-K05531427-001-01-7,,,15.2732525,1.74341
BR00117026,H02,U2OS,24,2-Oleoylglycerol,compound,BRD-K77087341-001-02-4,,,8.540168,1.2080042
BR00117026,H03,U2OS,24,RGFP966,compound,BRD-K61688984-001-02-9,poscon_cp,['HDAC inhibitor'],11.05735,0.20213798
BR00117026,H04,U2OS,24,DMSO,compound,,negcon,,7.5043435,0.8701339
BR00117026,H05,U2OS,24,azacitidine,compound,BRD-K03406345-001-21-1,poscon_diverse,,10.582291,0.16146359
BR00117026,H06,U2OS,24,N6-cyclopentyladenosine,compound,BRD-K60150510-001-15-6,,,7.3198285,1.2736821
BR00117026,H07,U2OS,24,filgotinib,compound,BRD-K16803204-001-01-6,poscon_cp,['JAK inhibitor'],10.706785,-0.59056336
BR00117026,H08,U2OS,24,guanidine,compound,BRD-K76037122-001-02-5,,['HSP inhibitor'],7.843791,1.4086814
BR00117026,H09,U2OS,24,coumarin,compound,BRD-K23913458-001-20-7,,,8.307195,1.1264174
BR00117026,H10,U2OS,24,DMSO,compound,,negcon,,7.3785725,0.02522602
BR00117026,H11,U2OS,24,ZM-336372,compound,BRD-K73789395-001-09-9,poscon_orf,['RAF inhibitor'],7.9466295,0.90013665
BR00117026,H12,U2OS,24,citric-acid,compound,BRD-K76792669-001-08-1,,['coagulation factor inhibitor'],8.451021,0.96689504
BR00117026,H13,U2OS,24,DMSO,compound,,negcon,,8.106268,1.077408
BR00117026,H14,U2OS,24,CCG-63802,compound,BRD-K26970495-001-02-7,,['G protein signaling inhibitor'],9.797824,0.104096666
BR00117026,H15,U2OS,24,ibutilide,compound,BRD-A74391928-051-03-9,,['potassium channel blocker'],9.348136,1.8456057
BR00117026,H16,U2OS,24,batimastat,compound,BRD-K82818427-001-04-8,,['matrix metalloprotease inhibitor'],11.455121,0.62782264
BR00117026,H17,U2OS,24,DMSO,compound,,negcon,,7.4908876,0.94675905
BR00117026,H18,U2OS,24,DMSO,compound,,negcon,,7.277788,-0.44740856
BR00117026,H19,U2OS,24,UNC1999,compound,BRD-K26989966-001-04-3,poscon_cp,['histone lysine methyltransferase inhibitor'],14.450913,1.2821836
BR00117026,H20,U2OS,24,glutamine-(l),compound,BRD-K83896451-001-06-7,,,7.683972,1.1301574
BR00117026,H21,U2OS,24,PD-98059,compound,BRD-K62810658-001-11-4,poscon_orf,,9.690801,0.62691367
BR00117026,H22,U2OS,24,enilconazole,compound,BRD-K01825690-065-01-9,,,8.476009,0.5603881
BR00117026,H23,U2OS,24,N-alpha-Methylhistamine-dihydrochloride,compound,BRD-K75390981-300-04-9,,['histamine receptor agonist'],8.9852705,1.1660444
BR00117026,H24,U2OS,24,GK921,compound,BRD-K38272302-001-02-7,,,13.425111,0.11729874
BR00117026,I01,U2OS,24,nilvadipine,compound,BRD-A84687895-001-03-2,,['calcium channel blocker'],9.64249,1.5182024
BR00117026,I02,U2OS,24,DMSO,compound,,negcon,,7.1131086,0.8460061
BR00117026,I03,U2OS,24,AC-710,compound,BRD-K15819326-001-01-6,,['PDGFR tyrosine kinase receptor inhibitor'],12.602039,2.396389
BR00117026,I04,U2OS,24,PETCM,compound,BRD-A93477898-001-04-2,,,7.3895283,0.61060804
BR00117026,I05,U2OS,24,AZD7762,compound,BRD-K86525559-001-07-8,poscon_diverse,['CHK inhibitor'],15.858311,-0.7891811
BR00117026,I06,U2OS,24,PHA-793887,compound,BRD-K64800655-001-09-0,poscon_diverse,['CDK inhibitor'],13.788271,-0.052122295
BR00117026,I07,U2OS,24,KU-60019,compound,BRD-K36016295-001-05-2,,['ATM kinase inhibitor'],13.54528,1.8867348
BR00117026,I08,U2OS,24,nafamostat,compound,BRD-K06674495-334-04-0,,,10.630071,0.4681224
BR00117026,I09,U2OS,24,DMSO,compound,,negcon,,7.112894,0.26756808
BR00117026,I10,U2OS,24,DMSO,compound,,negcon,,7.996662,-0.027303465
BR00117026,I11,U2OS,24,taladegib,compound,BRD-K50498985-001-03-3,,['smoothened receptor antagonist'],8.316787,1.5544772
BR00117026,I12,U2OS,24,acetohexamide,compound,BRD-K52960356-001-13-0,,['ATP channel blocker'],7.878698,-0.29688165
BR00117026,I13,U2OS,24,minocycline,compound,BRD-A69651145-003-11-4,,,10.75109,0.6634791
BR00117026,I14,U2OS,24,BI-2536,compound,BRD-K64890080-001-02-1,poscon_diverse,,14.913542,1.2829581
BR00117026,I15,U2OS,24,riociguat,compound,BRD-K84783599-001-01-0,,,9.489548,1.011049
BR00117026,I16,U2OS,24,CP-724714,compound,BRD-K76908866-001-07-6,poscon_cp,"['EGFR inhibitor', 'protein tyrosine kinase inhibitor']",10.31835,1.5334748
BR00117026,I17,U2OS,24,ganetespib,compound,BRD-K38852836-001-04-9,poscon_diverse,['HSP inhibitor'],13.0561495,0.09284877
BR00117026,I18,U2OS,24,AZ191,compound,BRD-K80935598-001-01-1,poscon_cp,['DYRK inhibitor'],13.05501,2.8293214
BR00117026,I19,U2OS,24,BAX-channel-blocker,compound,BRD-A18763547-300-06-3,,,13.014388,2.4655967
BR00117026,I20,U2OS,24,SU3327,compound,BRD-K32730239-001-01-0,,['JNK inhibitor'],15.896711,-0.7611717
BR00117026,I21,U2OS,24,DMSO,compound,,negcon,,9.301545,1.4184163
BR00117026,I22,U2OS,24,DMSO,compound,,negcon,,9.015729,0.6411853
BR00117026,I23,U2OS,24,octreotide,compound,BRD-A64173453-015-03-1,,['somatostatin receptor agonist'],8.403031,1.6067661
BR00117026,I24,U2OS,24,1-octanol,compound,BRD-K09338665-001-08-9,,,9.301654,2.462457
BR00117026,J01,U2OS,24,acalabrutinib,compound,BRD-K64034691-001-01-9,,"[""Bruton's tyrosine kinase (BTK) inhibitor""]",10.165453,0.59790945
BR00117026,J02,U2OS,24,rifamycin,compound,BRD-K38512030-001-01-7,,,8.207708,0.8676995
BR00117026,J03,U2OS,24,pazopanib,compound,BRD-K74514084-003-09-2,,"['KIT inhibitor', 'VEGFR inhibitor', 'PDGFR tyrosine kinase receptor inhibitor']",11.496566,0.97911835
BR00117026,J04,U2OS,24,RKI-1447,compound,BRD-K19333160-001-01-3,poscon_cp,,12.132973,1.7381917
BR00117026,J05,U2OS,24,vitamin-E,compound,BRD-K97091514-001-11-4,,['PKC inhibitor'],9.142766,1.1117696
BR00117026,J06,U2OS,24,lonafarnib,compound,BRD-K41599323-001-02-3,poscon_diverse,,11.829668,0.87771064
BR00117026,J07,U2OS,24,ethyl-pyruvate,compound,BRD-K47738867-001-01-5,,,10.34663,0.5940886
BR00117026,J08,U2OS,24,picrotin,compound,BRD-A91822151-001-05-0,,['GABA receptor antagonist'],9.086417,0.6236933
BR00117026,J09,U2OS,24,SGX523,compound,BRD-K19477839-001-07-6,poscon_cp,,10.694701,-0.77849656
BR00117026,J10,U2OS,24,PP-2,compound,BRD-K95785537-001-22-3,,['src inhibitor'],12.205931,0.5441833
BR00117026,J11,U2OS,24,ME-0328,compound,BRD-A63444178-001-01-5,,['PPAR receptor antagonist'],8.934405,2.3602571
BR00117026,J12,U2OS,24,AZD9668,compound,BRD-K31476763-001-01-5,,['elastase inhibitor'],8.381318,1.1529474
BR00117026,J13,U2OS,24,NQDI-1,compound,BRD-K61918008-001-07-1,,,10.667717,1.4410726
BR00117026,J14,U2OS,24,DMSO,compound,,negcon,,7.2596016,0.38419124
BR00117026,J15,U2OS,24,carzenide,compound,BRD-K09295674-001-09-8,,,8.090207,0.5118387
BR00117026,J16,U2OS,24,KU-55933,compound,BRD-K25311561-001-10-7,,['ATM kinase inhibitor'],11.464872,0.48829713
BR00117026,J17,U2OS,24,NVP-AEW541,compound,BRD-K24696047-001-02-3,poscon_cp,['IGF-1 inhibitor'],12.349615,2.5765083
BR00117026,J18,U2OS,24,leflunomide,compound,BRD-K78692225-001-24-5,,['PDGFR tyrosine kinase receptor inhibitor'],9.976473,1.4688741
BR00117026,J19,U2OS,24,DMSO,compound,,negcon,,7.4809527,0.927238
BR00117026,J20,U2OS,24,azacitidine,compound,BRD-K03406345-001-21-1,poscon_diverse,,10.477547,0.33308494
BR00117026,J21,U2OS,24,ixabepilone,compound,BRD-K03601870-001-01-2,,['microtubule stabilizing agent'],14.968445,1.6356603
BR00117026,J22,U2OS,24,KH-CB19,compound,BRD-K66430217-001-03-8,poscon_cp,['CDC inhibitor'],9.762663,0.018989937
BR00117026,J23,U2OS,24,DMSO,compound,,negcon,,8.628946,2.1232452
BR00117026,J24,U2OS,24,PF-05190457,compound,BRD-K02554563-001-01-6,,,9.372657,2.3892424
BR00117026,K01,U2OS,24,LDN-212854,compound,BRD-K59831625-001-03-9,,,15.996297,-0.35492513
BR00117026,K02,U2OS,24,formononetin,compound,BRD-K55567017-001-12-3,,['alcohol dehydrogenase inhibitor'],7.6132183,0.12542555
BR00117026,K03,U2OS,24,aminopurvalanol-a,compound,BRD-K07762753-001-05-1,poscon_orf,['CDK inhibitor'],12.166899,-0.27384755
BR00117026,K04,U2OS,24,ruxolitinib,compound,BRD-K53972329-001-01-3,poscon_cp,['JAK inhibitor'],10.641806,-0.38168392
BR00117026,K05,U2OS,24,DMSO,compound,,negcon,,6.995042,-0.4040088
BR00117026,K06,U2OS,24,DMSO,compound,,negcon,,6.845015,0.13631853
BR00117026,K07,U2OS,24,LGK-974,compound,BRD-K16810791-001-01-0,,['porcupine inhibitor'],6.864566,-0.63896155
BR00117026,K08,U2OS,24,polydatin,compound,BRD-K43236057-001-07-1,,['ICAM1 expression inhibitor'],12.2709465,1.2118299
BR00117026,K09,U2OS,24,enflurane,compound,BRD-A51831848-001-01-7,,,6.9475718,-0.47580987
BR00117026,K10,U2OS,24,PFI-1,compound,BRD-K13094524-001-04-2,poscon_cp,,7.187309,0.6083757
BR00117026,K11,U2OS,24,AZD7762,compound,BRD-K86525559-001-07-8,poscon_diverse,['CHK inhibitor'],15.965353,-0.9130805
BR00117026,K12,U2OS,24,sotrastaurin,compound,BRD-K16761703-001-03-8,,['PKC inhibitor'],11.2656,-0.20199029
BR00117026,K13,U2OS,24,DMSO,compound,,negcon,,7.2112823,-0.15789871
BR00117026,K14,U2OS,24,cycloheximide,compound,BRD-K36055864-001-20-0,,['protein synthesis inhibitor'],13.135649,0.27169508
BR00117026,K15,U2OS,24,oxytocin,compound,BRD-K25243230-001-01-2,,,7.5320597,-0.56028384
BR00117026,K16,U2OS,24,DMSO,compound,,negcon,,10.8178,-0.009016529
BR00117026,K17,U2OS,24,colchicine,compound,BRD-K00259736-001-16-4,,,15.350788,1.7335119
BR00117026,K18,U2OS,24,afimoxifene,compound,BRD-K04210847-001-21-9,,,8.178142,0.7100419
BR00117026,K19,U2OS,24,DMSO,compound,,negcon,,7.3565965,0.6078831
BR00117026,K20,U2OS,24,ZK-93423,compound,BRD-K33882852-003-02-8,poscon_diverse,['benzodiazepine receptor agonist'],10.49022,2.1682258
BR00117026,K21,U2OS,24,RGB-286638,compound,BRD-K20986415-001-02-6,,['CDK inhibitor'],13.574994,1.7167257
BR00117026,K22,U2OS,24,FPS-ZM1,compound,BRD-K87691185-001-01-2,,['RAGE receptor antagonist'],10.720401,1.7458955
BR00117026,K23,U2OS,24,flindokalner,compound,BRD-K56740996-001-02-1,,,9.530144,1.0598046
BR00117026,K24,U2OS,24,motesanib,compound,BRD-K99616396-316-05-3,,"['KIT inhibitor', 'VEGFR inhibitor', 'PDGFR tyrosine kinase receptor inhibitor']",10.864921,2.1280117
BR00117026,L01,U2OS,24,geldanamycin,compound,BRD-K43570081-001-02-4,,['HSP inhibitor'],13.088876,0.06965489
BR00117026,L02,U2OS,24,DMSO,compound,,negcon,,7.544157,1.6024315
BR00117026,L03,U2OS,24,CGP-53353,compound,BRD-K32292990-001-03-6,,"['PKC inhibitor', 'EGFR inhibitor']",9.107313,0.8441569
BR00117026,L04,U2OS,24,7-hydroxystaurosporine,compound,BRD-K45293975-001-02-0,,"['CDK inhibitor', 'PKC inhibitor', 'CHK inhibitor']",15.537776,-0.56649595
BR00117026,L05,U2OS,24,DMSO,compound,,negcon,,7.302373,1.4473819
BR00117026,L06,U2OS,24,DMSO,compound,,negcon,,6.99175,0.94471335
BR00117026,L07,U2OS,24,efaproxiral,compound,BRD-K37355418-236-01-6,,,7.0101957,1.231076
BR00117026,L08,U2OS,24,SB-203580,compound,BRD-A37704979-001-12-3,poscon_orf,['p38 MAPK inhibitor'],11.460298,-0.12858635
BR00117026,L09,U2OS,24,FK-866,compound,BRD-K58550667-001-08-7,poscon_diverse,,10.236814,0.65117306
BR00117026,L10,U2OS,24,bepridil,compound,BRD-A91008255-003-24-8,,['calcium channel blocker'],9.608784,0.95528406
BR00117026,L11,U2OS,24,delanzomib,compound,BRD-K59325863-001-04-4,,,15.635387,-0.4674323
BR00117026,L12,U2OS,24,buparlisib,compound,BRD-K42191735-001-08-7,poscon_diverse,,14.998333,1.2451541
BR00117026,L13,U2OS,24,phenylbutazone,compound,BRD-K10843433-001-23-5,,"['cyclooxygenase inhibitor', 'prostanoid receptor antagonist']",7.7685447,1.4016474
BR00117026,L14,U2OS,24,deferasirox,compound,BRD-K97010173-001-04-1,,,11.354159,-0.9937438
BR00117026,L15,U2OS,24,DMSO,compound,,negcon,,7.2643795,0.45523942
BR00117026,L16,U2OS,24,cediranib,compound,BRD-K86930074-001-05-0,,"['KIT inhibitor', 'VEGFR inhibitor']",12.693687,2.7937217
BR00117026,L17,U2OS,24,isoflurane,compound,BRD-A31564021-001-02-6,,,8.49195,-0.2817357
BR00117026,L18,U2OS,24,DMSO,compound,,negcon,,7.2746615,0.9517282
BR00117026,L19,U2OS,24,CCG-50014,compound,BRD-K08893438-001-06-4,,['G protein signaling inhibitor'],8.036801,1.1566492
BR00117026,L20,U2OS,24,PF-431396,compound,BRD-K93788137-001-04-1,,,12.559412,-1.6876081
BR00117026,L21,U2OS,24,TG-02,compound,BRD-K14560436-001-01-4,,"['CDK inhibitor', 'FLT3 inhibitor', 'JAK inhibitor']",13.834544,-0.0054083453
BR00117026,L22,U2OS,24,baclofen,compound,BRD-K01826724-003-07-9,,['benzodiazepine receptor agonist'],8.274869,0.4043917
BR00117026,L23,U2OS,24,thiostrepton,compound,BRD-A20697603-001-07-2,,['protein synthesis inhibitor'],12.74561,0.6388643
BR00117026,L24,U2OS,24,flufenamic-acid,compound,BRD-K44067360-001-29-5,,,11.526402,2.8977518
BR00117026,M01,U2OS,24,DMSO,compound,,negcon,,7.863246,2.2633588
BR00117026,M02,U2OS,24,LY2109761,compound,BRD-K47557313-001-02-7,,,11.565056,0.11194014
BR00117026,M03,U2OS,24,olopatadine,compound,BRD-K67637637-003-11-8,,['histamine receptor antagonist'],7.028407,0.21628714
BR00117026,M04,U2OS,24,DMSO,compound,,negcon,,6.8091846,-0.0034911642
BR00117026,M05,U2OS,24,castanospermine,compound,BRD-K20897876-001-11-8,,['glucosidase inhibitor'],7.791905,0.39414737
BR00117026,M06,U2OS,24,A205804,compound,BRD-K77627880-001-04-0,,['ICAM1 expression inhibitor'],10.963271,-0.9132896
BR00117026,M07,U2OS,24,VU591,compound,BRD-K72063794-003-01-0,,['potassium channel blocker'],9.186722,0.42563134
BR00117026,M08,U2OS,24,dalbavancin,compound,BRD-K30177383-001-01-0,,['bacterial cell wall synthesis inhibitor'],7.016491,1.5272362
BR00117026,M09,U2OS,24,CC-401,compound,BRD-K45746021-003-01-9,,['JNK inhibitor'],11.258838,-0.292144
BR00117026,M10,U2OS,24,ganetespib,compound,BRD-K38852836-001-04-9,poscon_diverse,['HSP inhibitor'],13.051403,0.13590226
BR00117026,M11,U2OS,24,ingenol-mebutate,compound,BRD-K93779381-001-01-9,,,10.972736,1.4341242
BR00117026,M12,U2OS,24,menadione,compound,BRD-K78126613-001-27-7,,,12.388792,-0.16049086
BR00117026,M13,U2OS,24,cetilistat,compound,BRD-K94863486-001-02-2,,,7.222183,-0.49771056
BR00117026,M14,U2OS,24,methoxsalen,compound,BRD-K63430059-001-16-4,,['DNA synthesis inhibitor'],7.272275,1.2152452
BR00117026,M15,U2OS,24,cyclosporine,compound,BRD-K13533483-001-16-2,,,12.181444,0.45720398
BR00117026,M16,U2OS,24,NSC-632839,compound,BRD-K81197548-003-01-4,poscon_cp,['ubiquitin specific protease inhibitor'],15.81659,-0.6163659
BR00117026,M17,U2OS,24,DMSO,compound,,negcon,,7.391751,0.49836522
BR00117026,M18,U2OS,24,TG-003,compound,BRD-K97072811-001-11-4,poscon_cp,,9.579787,-0.21650581
BR00117026,M19,U2OS,24,oxibendazole,compound,BRD-K52075715-001-06-7,,['tubulin polymerization inhibitor'],15.172962,1.643729
BR00117026,M20,U2OS,24,TG-101348,compound,BRD-K12502280-001-11-4,poscon_cp,"['JAK inhibitor', 'FLT3 inhibitor']",13.649141,2.277222
BR00117026,M21,U2OS,24,miglitol,compound,BRD-A63310107-001-04-8,,['glucosidase inhibitor'],7.643159,0.81116915
BR00117026,M22,U2OS,24,DMSO,compound,,negcon,,6.859376,0.5728517
BR00117026,M23,U2OS,24,DMSO,compound,,negcon,,7.975961,1.2306466
BR00117026,M24,U2OS,24,tranilast,compound,BRD-K17849083-001-32-9,,,10.570904,1.019085
BR00117026,N01,U2OS,24,4-methylhistamine,compound,BRD-K70821460-300-02-4,,['histamine receptor agonist'],8.383227,2.522772
BR00117026,N02,U2OS,24,LDN-27219,compound,BRD-K51485109-001-01-4,,,7.7227435,0.52709883
BR00117026,N03,U2OS,24,anisomycin,compound,BRD-K91370081-001-25-1,,['DNA synthesis inhibitor'],14.981534,-0.37805346
BR00117026,N04,U2OS,24,thioguanine,compound,BRD-K49350383-001-13-7,poscon_diverse,,12.170068,0.31807992
BR00117026,N05,U2OS,24,droxinostat,compound,BRD-K11558771-001-13-9,,['HDAC inhibitor'],11.99897,2.023492
BR00117026,N06,U2OS,24,UNC2025,compound,BRD-K91283740-003-01-6,poscon_cp,['FLT3 inhibitor'],13.525182,1.5243579
BR00117026,N07,U2OS,24,DMSO,compound,,negcon,,7.156381,1.1843886
BR00117026,N08,U2OS,24,DMSO,compound,,negcon,,7.734995,0.96275294
BR00117026,N09,U2OS,24,AMG900,compound,BRD-K21728777-001-02-3,poscon_cp,['Aurora kinase inhibitor'],12.469774,-1.6195905
BR00117026,N10,U2OS,24,PF-06463922,compound,BRD-A23124853-001-01-4,,['ALK tyrosine kinase receptor inhibitor'],11.740762,1.3187052
BR00117026,N11,U2OS,24,orantinib,compound,BRD-K55966568-001-09-6,poscon_cp,"['FGFR inhibitor', 'PDGFR tyrosine kinase receptor inhibitor', 'VEGFR inhibitor']",10.842761,1.1807212
BR00117026,N12,U2OS,24,fludarabine-phosphate,compound,BRD-K71106091-001-09-5,,['ribonucleotide reductase inhibitor'],11.932103,-1.299073
BR00117026,N13,U2OS,24,ceritinib,compound,BRD-K22149900-001-06-2,,['ALK tyrosine kinase receptor inhibitor'],11.952916,2.1405733
BR00117026,N14,U2OS,24,NVS-PAK1-1,compound,BRD-K28132190-001-02-0,poscon_cp,['p21 activated kinase inhibitor'],12.197428,1.1679155
BR00117026,N15,U2OS,24,homoharringtonine,compound,BRD-K76674262-001-03-3,,['protein synthesis inhibitor'],14.663269,-0.20086983
BR00117026,N16,U2OS,24,picrotoxinin,compound,BRD-K36461289-001-05-8,,['GABA receptor antagonist'],8.823205,0.059045725
BR00117026,N17,U2OS,24,DMSO,compound,,negcon,,7.8245583,1.0794734
BR00117026,N18,U2OS,24,danusertib,compound,BRD-K07881437-001-03-8,poscon_diverse,"['growth factor receptor inhibitor', 'Aurora kinase inhibitor']",12.471521,-1.6903708
BR00117026,N19,U2OS,24,romidepsin,compound,BRD-K61397605-001-01-8,poscon_cp,['HDAC inhibitor'],15.323448,0.33823535
BR00117026,N20,U2OS,24,FERb-033,compound,BRD-K61642990-001-01-0,poscon_cp,['EGFR inhibitor'],9.607562,-0.3381178
BR00117026,N21,U2OS,24,PF-03758309,compound,BRD-K37764012-001-03-3,poscon_diverse,['p21 activated kinase inhibitor'],13.60283,-0.15609376
BR00117026,N22,U2OS,24,DMSO,compound,,negcon,,7.0532317,0.7722067
BR00117026,N23,U2OS,24,trometamol,compound,BRD-K47978074-001-03-2,,,7.212411,0.8392673
BR00117026,N24,U2OS,24,simvastatin,compound,BRD-K22134346-001-22-3,,['HMGCR inhibitor'],11.826849,1.5900522
BR00117026,O01,U2OS,24,zaprinast,compound,BRD-K16542329-001-16-8,,['phosphodiesterase inhibitor'],8.405325,2.881196
BR00117026,O02,U2OS,24,dexamethasone,compound,BRD-A10188456-001-04-9,,['glucocorticoid receptor agonist'],10.525345,0.4019388
BR00117026,O03,U2OS,24,salicylic-acid,compound,BRD-K93632104-001-17-2,,['cyclooxygenase inhibitor'],7.259495,1.4031048
BR00117026,O04,U2OS,24,diltiazem,compound,BRD-A69636825-003-04-7,,['calcium channel blocker'],9.306794,1.7128552
BR00117026,O05,U2OS,24,phenolphthalein,compound,BRD-K19227686-001-18-6,,,7.878443,1.6026428
BR00117026,O06,U2OS,24,niflumic-acid,compound,BRD-K98763141-001-30-8,,['cyclooxygenase inhibitor'],7.1367645,0.31488165
BR00117026,O07,U2OS,24,DMSO,compound,,negcon,,7.416819,1.0793971
BR00117026,O08,U2OS,24,L-Cystine,compound,BRD-A15397381-001-02-5,,,9.265787,1.9963461
BR00117026,O09,U2OS,24,ozanimod,compound,BRD-K46625559-001-01-8,,['sphingosine 1 phosphate receptor agonist'],12.010615,2.853749
BR00117026,O10,U2OS,24,efaroxan,compound,BRD-A10739734-003-09-8,,['adrenergic receptor antagonist'],8.244449,1.7135141
BR00117026,O11,U2OS,24,NBQX,compound,BRD-K11796549-001-05-2,,['glutamate receptor antagonist'],12.368938,0.9181007
BR00117026,O12,U2OS,24,dinoprostone,compound,BRD-K26521938-001-07-2,,['prostanoid receptor agonist'],9.901062,1.1606803
BR00117026,O13,U2OS,24,Ro-20-1724,compound,BRD-A07207424-001-14-0,,['phosphodiesterase inhibitor'],7.4132276,0.32919276
BR00117026,O14,U2OS,24,xanomeline,compound,BRD-K72815923-034-02-0,,['acetylcholine receptor agonist'],7.3177047,0.61813605
BR00117026,O15,U2OS,24,terazosin,compound,BRD-K01825589-310-02-9,,['adrenergic receptor antagonist'],7.81863,0.04008978
BR00117026,O16,U2OS,24,BVT-948,compound,BRD-K68567222-001-01-2,,,13.46167,-0.50424516
BR00117026,O17,U2OS,24,nicotine,compound,BRD-K01825660-322-01-9,,['acetylcholine receptor agonist'],7.2244453,1.0544977
BR00117026,O18,U2OS,24,DMSO,compound,,negcon,,7.2298098,1.3486408
BR00117026,O19,U2OS,24,U-0521,compound,BRD-K08953028-001-09-6,,,7.4139323,1.2996215
BR00117026,O20,U2OS,24,BMS-587101,compound,BRD-K20093108-001-02-3,,,9.949833,1.3897477
BR00117026,O21,U2OS,24,nimodipine,compound,BRD-A58048407-001-20-4,,['calcium channel blocker'],10.218367,1.6780018
BR00117026,O22,U2OS,24,pyrrolidine-dithiocarbamate,compound,BRD-K80970344-201-08-6,,,14.461242,0.3770418
BR00117026,O23,U2OS,24,PF-915275,compound,BRD-K18289362-001-02-2,,,8.445754,1.022609
BR00117026,O24,U2OS,24,JTE-013,compound,BRD-K43330982-001-02-3,,,9.440825,2.891645
BR00117026,P01,U2OS,24,sodium-butyrate,compound,BRD-K05878375-236-05-7,,['HDAC inhibitor'],8.587692,2.9809763
BR00117026,P02,U2OS,24,pentostatin,compound,BRD-K91543828-001-02-0,,['ribonucleotide reductase inhibitor'],8.427251,3.015149
BR00117026,P03,U2OS,24,OMDM-2,compound,BRD-K48830578-001-01-9,,,9.389162,2.5763385
BR00117026,P04,U2OS,24,nalmefene,compound,BRD-A72767275-003-01-6,,,8.846186,2.8719494
BR00117026,P05,U2OS,24,DMSO,compound,,negcon,,8.226071,2.3711874
BR00117026,P06,U2OS,24,1-EBIO,compound,BRD-K70586315-001-02-4,,,8.513463,2.6321201
BR00117026,P07,U2OS,24,SB-505124,compound,BRD-K40109029-001-02-9,,['ALK tyrosine kinase receptor inhibitor'],9.804959,2.7723258
BR00117026,P08,U2OS,24,prasugrel,compound,BRD-A83029242-001-06-1,,['purinergic receptor antagonist'],9.582176,2.703965
BR00117026,P09,U2OS,24,pidolic-acid,compound,BRD-K57313110-001-06-8,,,9.144668,2.5902395
BR00117026,P10,U2OS,24,DMSO,compound,,negcon,,8.121708,2.0369337
BR00117026,P11,U2OS,24,nevirapine,compound,BRD-K15502390-001-20-9,,,8.56857,2.742656
BR00117026,P12,U2OS,24,triamterene,compound,BRD-K92049597-001-20-8,,['sodium channel blocker'],9.111978,2.716155
BR00117026,P13,U2OS,24,regorafenib,compound,BRD-K16730910-001-07-3,,"['PDGFR tyrosine kinase receptor inhibitor', 'RAF inhibitor', 'KIT inhibitor', 'RET tyrosine kinase inhibitor', 'FGFR inhibitor', 'VEGFR inhibitor']",11.108846,1.2520944
BR00117026,P14,U2OS,24,cyclophosphamide,compound,BRD-A09722536-002-18-0,,,9.41842,2.5556707
BR00117026,P15,U2OS,24,olanzapine,compound,BRD-K18895904-001-16-1,,"['dopamine receptor antagonist', 'serotonin receptor antagonist']",9.029828,2.9878657
BR00117026,P16,U2OS,24,KI-16425,compound,BRD-A25569250-001-03-3,,['lysophosphatidic acid receptor antagonist'],8.402026,2.5679696
BR00117026,P17,U2OS,24,SKLB1002,compound,BRD-K29895144-001-01-0,,['VEGFR inhibitor'],11.83568,-0.19419909
BR00117026,P18,U2OS,24,cilostazol,compound,BRD-K67017579-001-28-1,,['phosphodiesterase inhibitor'],9.157213,2.7315147
BR00117026,P19,U2OS,24,AZD1283,compound,BRD-K77060810-001-01-5,,['purinergic receptor antagonist'],8.6197,2.45703
BR00117026,P20,U2OS,24,A-987306,compound,BRD-K68982262-001-01-4,,['histamine receptor antagonist'],12.286178,3.0862477
BR00117026,P21,U2OS,24,procaine,compound,BRD-K24616672-003-20-1,,['HMGCR inhibitor'],8.734401,2.5439346
BR00117026,P22,U2OS,24,miconazole,compound,BRD-A82396632-008-30-8,,['bacterial cell wall synthesis inhibitor'],10.481883,2.286902
BR00117026,P23,U2OS,24,loperamide,compound,BRD-K61250553-003-30-6,,,12.239965,3.143686
BR00117026,P24,U2OS,24,aripiprazole,compound,BRD-K70358946-001-17-3,,['serotonin receptor antagonist'],9.571536,3.1807885
