plate,well,cell_type,timepoint,compound,perturbation,broad_sample,control_type,moas,umap_1,umap_2
BR00116991,A01,A549,24,gabapentin-enacarbil,compound,BRD-A86665761-001-01-1,,,6.882826,6.7332706
BR00116991,A02,A549,24,DMSO,compound,,negcon,,6.8463545,6.6881313
BR00116991,A03,A549,24,amlodipine,compound,BRD-A22032524-074-09-9,,['calcium channel blocker'],6.734355,6.824803
BR00116991,A04,A549,24,hexestrol,compound,BRD-A01078468-001-14-8,,,6.67879,6.891148
BR00116991,A05,A549,24,quinine,compound,BRD-K48278478-001-01-2,,,7.4869995,7.8680987
BR00116991,A06,A549,24,LOXO-101,compound,BRD-K36574127-001-01-3,,,6.6192245,6.9012103
BR00116991,A07,A549,24,brinzolamide,compound,BRD-K74913225-001-14-0,,['carbonic anhydrase inhibitor'],6.709941,6.827391
BR00116991,A08,A549,24,NS-11021,compound,BRD-K94342292-001-01-3,,['calcium-activated potassium channel activator'],6.7358074,6.843152
BR00116991,A09,A549,24,DMSO,compound,,negcon,,6.9163413,6.6589274
BR00116991,A10,A549,24,GNF-5837,compound,BRD-K19975102-001-01-2,,['growth factor receptor inhibitor'],16.541573,4.80033
BR00116991,A11,A549,24,apatinib,compound,BRD-K25244359-066-02-6,,['RET tyrosine kinase inhibitor'],16.43196,4.7973733
BR00116991,A12,A549,24,ethoxzolamide,compound,BRD-K18131774-001-18-4,,['carbonic anhydrase inhibitor'],18.319817,5.144195
BR00116991,A13,A549,24,ascorbic-acid,compound,BRD-A85242401-001-11-5,,,16.909248,4.8430176
BR00116991,A14,A549,24,ryuvidine,compound,BRD-K06426971-001-02-7,,['histone lysine methyltransferase inhibitor'],9.112875,10.078224
BR00116991,A15,A549,24,BAN-ORL-24,compound,BRD-K47049295-300-03-1,,,10.054511,10.523969
BR00116991,A16,A549,24,NNC-55-0396,compound,BRD-K78122587-300-04-3,,,13.742417,9.233528
BR00116991,A17,A549,24,DMSO,compound,,negcon,,17.576344,5.2943926
BR00116991,A18,A549,24,WH-4-023,compound,BRD-K50199947-001-03-4,,['src inhibitor'],12.399666,8.048391
BR00116991,A19,A549,24,flupirtine,compound,BRD-K50720187-051-03-1,,['glutamate receptor antagonist'],16.678484,5.5961394
BR00116991,A20,A549,24,ZK811752,compound,BRD-K91825936-001-03-9,,,16.647219,4.8648973
BR00116991,A21,A549,24,dexamethasone,compound,BRD-K38775274-001-22-1,,['glucocorticoid receptor agonist'],14.688524,6.1165504
BR00116991,A22,A549,24,PP-1,compound,BRD-K47598052-001-14-1,,['src inhibitor'],12.566557,8.251336
BR00116991,A23,A549,24,DDR1-IN-1,compound,BRD-K61845293-300-01-9,,,15.7558155,6.3543773
BR00116991,A24,A549,24,AVL-292,compound,BRD-K87782578-001-01-4,,"[""Bruton's tyrosine kinase (BTK) inhibitor""]",12.084949,8.066337
BR00116991,B01,A549,24,H2L-5765834,compound,BRD-K26439554-001-01-3,,['lysophosphatidic acid receptor antagonist'],19.881865,5.340181
BR00116991,B02,A549,24,thiostrepton,compound,BRD-K58049875-001-03-9,,['protein synthesis inhibitor'],13.157221,9.757189
BR00116991,B03,A549,24,DMSO,compound,,negcon,,20.193151,6.2453117
BR00116991,B04,A549,24,arcyriaflavin-a,compound,BRD-K72726508-001-02-1,,['CDK inhibitor'],12.94843,6.2122006
BR00116991,B05,A549,24,CYM-5520,compound,BRD-K29151923-001-01-5,,['sphingosine 1 phosphate receptor agonist'],14.583724,9.012449
BR00116991,B06,A549,24,fludarabine,compound,BRD-K66788707-001-14-3,,['ribonucleotide reductase inhibitor'],15.197239,6.4741807
BR00116991,B07,A549,24,alda-1,compound,BRD-K06890060-001-09-1,,,17.595278,4.270945
BR00116991,B08,A549,24,meclofenamic-acid,compound,BRD-K50398167-236-22-7,,"['cyclooxygenase inhibitor', 'prostanoid receptor antagonist']",15.736116,5.425369
BR00116991,B09,A549,24,GNF-5,compound,BRD-K87632963-001-03-0,,['Bcr-Abl kinase inhibitor'],15.783479,7.9180217
BR00116991,B10,A549,24,NS-309,compound,BRD-K37602296-001-01-6,,['calcium-activated potassium channel activator'],12.647781,8.350057
BR00116991,B11,A549,24,AK-7,compound,BRD-K09143580-001-01-0,,['SIRT inhibitor'],15.194495,9.805093
BR00116991,B12,A549,24,BVT-948,compound,BRD-A22713669-001-04-3,,,12.702092,8.331225
BR00116991,B13,A549,24,SirReal-2,compound,BRD-K16472653-001-01-6,,['SIRT inhibitor'],12.883502,7.352737
BR00116991,B14,A549,24,DMSO,compound,,negcon,,17.357996,5.229507
BR00116991,B15,A549,24,BMS-536924,compound,BRD-K34581968-001-05-3,,['IGF-1 inhibitor'],12.068798,8.314519
BR00116991,B16,A549,24,PP-121,compound,BRD-K81801188-001-02-8,,['protein tyrosine kinase inhibitor'],13.808969,10.559354
BR00116991,B17,A549,24,MCOPPB,compound,BRD-K73276278-305-01-1,,,13.935323,9.031024
BR00116991,B18,A549,24,ozagrel,compound,BRD-K53061490-003-13-9,,,17.638432,8.038266
BR00116991,B19,A549,24,CYM-5442,compound,BRD-A43005764-003-01-5,,['sphingosine 1 phosphate receptor agonist'],15.469206,8.015517
BR00116991,B20,A549,24,CVT-10216,compound,BRD-K60659193-001-01-0,,,17.57489,7.938544
BR00116991,B21,A549,24,TCN201,compound,BRD-K09787262-001-02-7,,['glutamate receptor antagonist'],17.717068,8.021925
BR00116991,B22,A549,24,fomepizole,compound,BRD-K56810756-003-07-7,,['alcohol dehydrogenase inhibitor'],17.668823,8.0597515
BR00116991,B23,A549,24,benzamil,compound,BRD-K87158025-003-08-7,,['sodium channel blocker'],17.625673,8.025911
BR00116991,B24,A549,24,lercanidipine,compound,BRD-A18992208-003-02-7,,['calcium channel blocker'],17.626883,8.0016365
BR00116991,C01,A549,24,4-CMTB,compound,BRD-A54139254-001-09-2,,['free fatty acid receptor agonist'],6.982019,6.5927186
BR00116991,C02,A549,24,ML-228,compound,BRD-K44432556-001-05-5,,,6.696064,6.8625674
BR00116991,C03,A549,24,DMSO,compound,,negcon,,6.8050623,6.768854
BR00116991,C04,A549,24,GSK1070916,compound,BRD-K36740062-001-06-6,,['Aurora kinase inhibitor'],11.185228,9.0727625
BR00116991,C05,A549,24,ML-193,compound,BRD-K27539181-001-08-5,,,6.6358786,6.946624
BR00116991,C06,A549,24,DMSO,compound,,negcon,,6.6945443,6.8415027
BR00116991,C07,A549,24,M-25,compound,BRD-K51265828-001-01-0,,['smoothened receptor antagonist'],6.7876124,6.7839518
BR00116991,C08,A549,24,azeliragon,compound,BRD-K51899933-001-02-6,,['RAGE receptor antagonist'],13.848999,10.2738
BR00116991,C09,A549,24,CYT-997,compound,BRD-K23363278-001-02-1,poscon_diverse,['tubulin polymerization inhibitor'],9.294321,9.973366
BR00116991,C10,A549,24,AR-12,compound,BRD-K90497590-001-05-9,,,8.34719,9.221555
BR00116991,C11,A549,24,CYM-50260,compound,BRD-K69877120-001-01-7,,['sphingosine 1 phosphate receptor agonist'],18.658192,6.5570498
BR00116991,C12,A549,24,DMSO,compound,,negcon,,17.310572,8.886014
BR00116991,C13,A549,24,KG-5,compound,BRD-K90747162-001-01-4,poscon_cp,['RAF inhibitor'],9.178403,10.926026
BR00116991,C14,A549,24,JTE-607,compound,BRD-K81405859-300-01-4,,,15.148195,6.565211
BR00116991,C15,A549,24,DMSO,compound,,negcon,,17.390163,7.31022
BR00116991,C16,A549,24,ilomastat,compound,BRD-K51662849-001-05-4,,['matrix metalloprotease inhibitor'],18.417482,6.6169395
BR00116991,C17,A549,24,RX-821002,compound,BRD-A65597028-003-08-1,,['adrenergic receptor antagonist'],17.663897,6.331055
BR00116991,C18,A549,24,DMSO,compound,,negcon,,18.042393,7.267309
BR00116991,C19,A549,24,TUG-891,compound,BRD-K24282351-001-01-4,,['free fatty acid receptor agonist'],16.13886,5.842619
BR00116991,C20,A549,24,ponatinib,compound,BRD-K44227013-001-08-0,,"['PDGFR tyrosine kinase receptor inhibitor', 'FLT3 inhibitor', 'Bcr-Abl kinase inhibitor']",8.70085,9.617758
BR00116991,C21,A549,24,DMSO,compound,,negcon,,18.031015,7.823636
BR00116991,C22,A549,24,puromycin,compound,BRD-K01824976-300-02-9,,['protein synthesis inhibitor'],8.901594,9.909848
BR00116991,C23,A549,24,SRC-kinase-inhibitor-I,compound,BRD-K50495309-001-02-0,,['src inhibitor'],12.981691,7.001156
BR00116991,C24,A549,24,acetylcysteine,compound,BRD-K59058747-001-19-1,,,17.7969,8.068258
BR00116991,D01,A549,24,NSC-625987,compound,BRD-K62949423-001-03-1,,['CDK inhibitor'],20.180159,5.791953
BR00116991,D02,A549,24,dalfampridine,compound,BRD-K22482860-001-20-6,,['potassium channel blocker'],20.627892,6.4446025
BR00116991,D03,A549,24,NSC-95397,compound,BRD-K68143200-001-11-7,,['CDC inhibitor'],11.911745,8.525073
BR00116991,D04,A549,24,alrestatin,compound,BRD-K35498378-001-06-1,,['aldose reductase inhibitor'],20.611336,6.668201
BR00116991,D05,A549,24,PF-03758309,compound,BRD-K37764012-001-03-3,poscon_diverse,['p21 activated kinase inhibitor'],14.83786,8.853049
BR00116991,D06,A549,24,IRL-2500,compound,BRD-K98357249-001-02-9,,['endothelin receptor antagonist'],14.772827,8.937651
BR00116991,D07,A549,24,PF-04217903,compound,BRD-K73319509-001-08-0,poscon_cp,,15.229009,9.889866
BR00116991,D08,A549,24,FK-866,compound,BRD-K58550667-001-08-7,poscon_diverse,,13.400598,7.194149
BR00116991,D09,A549,24,amlexanox,compound,BRD-K29530284-001-06-2,,,14.976398,9.26829
BR00116991,D10,A549,24,GW-311616,compound,BRD-K37864785-001-01-0,,['elastase inhibitor'],13.404547,8.324945
BR00116991,D11,A549,24,buparlisib,compound,BRD-K42191735-001-08-7,poscon_diverse,,9.237418,10.234271
BR00116991,D12,A549,24,amiloride,compound,BRD-K97181089-003-24-7,,['sodium channel blocker'],12.9044695,8.25414
BR00116991,D13,A549,24,DG-172,compound,BRD-K75748943-300-01-3,,,13.383745,9.043954
BR00116991,D14,A549,24,DMSO,compound,,negcon,,15.248551,8.011489
BR00116991,D15,A549,24,DMSO,compound,,negcon,,14.971857,8.006717
BR00116991,D16,A549,24,NVP-ADW742,compound,BRD-K15179513-001-04-2,poscon_cp,,13.391744,9.593963
BR00116991,D17,A549,24,misoprostol,compound,BRD-A72351335-001-04-5,,['prostanoid receptor agonist'],15.621315,7.2488666
BR00116991,D18,A549,24,conivaptan,compound,BRD-K37385792-003-02-1,,,15.080506,8.835037
BR00116991,D19,A549,24,spiroxatrine,compound,BRD-A72483914-001-03-7,,['serotonin receptor antagonist'],16.349585,7.706126
BR00116991,D20,A549,24,diacerein,compound,BRD-K69122748-001-10-1,,,17.0147,7.869199
BR00116991,D21,A549,24,DMSO,compound,,negcon,,17.667694,8.076021
BR00116991,D22,A549,24,DMSO,compound,,negcon,,17.633148,8.071591
BR00116991,D23,A549,24,glyburide,compound,BRD-K36927236-001-36-7,,['ATP channel blocker'],17.576082,7.881914
BR00116991,D24,A549,24,ANR-94,compound,BRD-K31170746-001-01-6,,,17.897675,7.877778
BR00116991,E01,A549,24,TFC-007,compound,BRD-K57708067-001-01-3,,,6.877134,6.6735873
BR00116991,E02,A549,24,trihexyphenidyl,compound,BRD-A48180038-003-24-3,,['acetylcholine receptor antagonist'],6.699091,6.841836
BR00116991,E03,A549,24,epoprostenol,compound,BRD-K64054020-001-02-7,,,6.79638,6.7450137
BR00116991,E04,A549,24,sacubitril,compound,BRD-K91456750-001-01-9,,,6.6766977,6.908326
BR00116991,E05,A549,24,danusertib,compound,BRD-K07881437-001-03-8,poscon_diverse,"['growth factor receptor inhibitor', 'Aurora kinase inhibitor']",11.254589,9.268188
BR00116991,E06,A549,24,CYT-997,compound,BRD-K23363278-001-02-1,poscon_diverse,['tubulin polymerization inhibitor'],9.133121,9.991335
BR00116991,E07,A549,24,DMSO,compound,,negcon,,6.739774,6.807821
BR00116991,E08,A549,24,BQ-788,compound,BRD-K02490038-236-03-8,,['endothelin receptor antagonist'],7.510093,7.972827
BR00116991,E09,A549,24,SB-202190,compound,BRD-K54330070-001-19-6,poscon_orf,['p38 MAPK inhibitor'],6.8158045,6.8005486
BR00116991,E10,A549,24,GSK2110183,compound,BRD-K25412176-001-01-9,poscon_diverse,,14.053251,8.971759
BR00116991,E11,A549,24,GSK3787,compound,BRD-K03155172-001-03-0,,['PPAR receptor antagonist'],18.521383,6.5910587
BR00116991,E12,A549,24,BAM7,compound,BRD-K07442505-001-03-6,,,16.781544,8.932685
BR00116991,E13,A549,24,PHA-793887,compound,BRD-K64800655-001-09-0,poscon_diverse,['CDK inhibitor'],10.171616,9.503746
BR00116991,E14,A549,24,DMSO,compound,,negcon,,18.650822,6.5026417
BR00116991,E15,A549,24,GSK-37647,compound,BRD-K26514105-001-01-7,,['free fatty acid receptor agonist'],18.403921,7.183714
BR00116991,E16,A549,24,desonide,compound,BRD-K21528677-001-04-4,,['glucocorticoid receptor agonist'],14.653547,6.1210666
BR00116991,E17,A549,24,DMSO,compound,,negcon,,15.955454,6.9490447
BR00116991,E18,A549,24,aloxistatin,compound,BRD-K91188791-001-17-5,,,13.989142,8.979359
BR00116991,E19,A549,24,azathioprine,compound,BRD-K32821942-001-22-1,,,17.839294,7.3010435
BR00116991,E20,A549,24,ZK-93423,compound,BRD-K33882852-003-02-8,poscon_diverse,['benzodiazepine receptor agonist'],16.118536,7.371609
BR00116991,E21,A549,24,BI-2536,compound,BRD-K64890080-001-02-1,poscon_diverse,,9.948146,11.013309
BR00116991,E22,A549,24,EI1,compound,BRD-K91535048-001-01-2,poscon_cp,['histone lysine methyltransferase inhibitor'],17.279198,8.287408
BR00116991,E23,A549,24,NVP-HSP990,compound,BRD-K67915505-001-01-2,,['HSP inhibitor'],12.166491,6.270178
BR00116991,E24,A549,24,DMSO,compound,,negcon,,17.716162,7.905392
BR00116991,F01,A549,24,DMSO,compound,,negcon,,20.26793,6.2089415
BR00116991,F02,A549,24,nialamide,compound,BRD-K12102668-001-25-5,,,20.413898,5.9025645
BR00116991,F03,A549,24,DMSO,compound,,negcon,,14.694996,9.194212
BR00116991,F04,A549,24,arundic-acid,compound,BRD-K49223707-001-01-0,,,14.917144,8.882928
BR00116991,F05,A549,24,torcitabine,compound,BRD-K91822704-003-07-2,,,14.799129,9.00771
BR00116991,F06,A549,24,DMSO,compound,,negcon,,14.599895,8.89018
BR00116991,F07,A549,24,epothilone-b,compound,BRD-K68164687-001-01-6,,"['microtubule stabilizing agent', 'tubulin polymerization inhibitor']",9.273116,11.228403
BR00116991,F08,A549,24,dyphylline,compound,BRD-A00827783-001-24-6,,['phosphodiesterase inhibitor'],15.0594015,8.748776
BR00116991,F09,A549,24,DMSO,compound,,negcon,,14.724629,8.997404
BR00116991,F10,A549,24,quinidine,compound,BRD-K59632282-052-03-1,,['sodium channel blocker'],14.363537,9.163482
BR00116991,F11,A549,24,halopemide,compound,BRD-K50055394-001-03-6,,,13.718659,9.520548
BR00116991,F12,A549,24,sulfinpyrazone,compound,BRD-A36217750-001-16-3,,,15.031624,8.283387
BR00116991,F13,A549,24,ML-323,compound,BRD-K93942811-001-01-3,poscon_cp,['ubiquitin specific protease inhibitor'],15.172268,9.563496
BR00116991,F14,A549,24,racecadotril,compound,BRD-A08187463-001-12-9,,,15.170808,9.418333
BR00116991,F15,A549,24,BRL-50481,compound,BRD-K84266862-001-03-2,,['phosphodiesterase inhibitor'],15.889394,8.628622
BR00116991,F16,A549,24,GSK2110183,compound,BRD-K25412176-001-01-9,poscon_diverse,,14.164636,8.9206295
BR00116991,F17,A549,24,bufexamac,compound,BRD-K36660044-001-24-2,,['cyclooxygenase inhibitor'],16.41303,8.574947
BR00116991,F18,A549,24,anandamide,compound,BRD-K42352790-001-05-3,,,16.171043,8.396486
BR00116991,F19,A549,24,thioguanine,compound,BRD-K49350383-001-13-7,poscon_diverse,,13.105302,5.8668146
BR00116991,F20,A549,24,IWP-L6,compound,BRD-K53234107-001-01-6,,['porcupine inhibitor'],15.961876,7.729139
BR00116991,F21,A549,24,edoxaban,compound,BRD-K29322660-001-01-9,,['coagulation factor inhibitor'],17.658522,7.960657
BR00116991,F22,A549,24,lonafarnib,compound,BRD-K41599323-001-02-3,poscon_diverse,,15.668014,9.447539
BR00116991,F23,A549,24,ibutamoren,compound,BRD-K44771174-066-01-0,,,17.363678,7.9952707
BR00116991,F24,A549,24,somatostatin,compound,BRD-K14681867-001-01-6,,['somatostatin receptor agonist'],17.518631,7.762288
BR00116991,G01,A549,24,L-proline,compound,BRD-K01666412-001-02-0,,,6.9075155,6.662681
BR00116991,G02,A549,24,zamifenacin,compound,BRD-K80451230-051-02-6,,['acetylcholine receptor antagonist'],6.7766027,6.7738523
BR00116991,G03,A549,24,YC-1,compound,BRD-K60476892-001-16-1,,,6.76818,6.7318625
BR00116991,G04,A549,24,DMSO,compound,,negcon,,6.855116,7.068788
BR00116991,G05,A549,24,ME-0328,compound,BRD-K24283677-001-01-9,,['PPAR receptor antagonist'],6.6873612,6.795467
BR00116991,G06,A549,24,NSC-663284,compound,BRD-K03109492-001-02-2,,['CDC inhibitor'],7.5887637,8.000341
BR00116991,G07,A549,24,CYM-50358,compound,BRD-K80666802-003-01-0,,,6.6533756,6.8373284
BR00116991,G08,A549,24,trazodone,compound,BRD-K70778732-003-27-5,,"['adrenergic receptor antagonist', 'serotonin receptor antagonist']",6.645493,6.881756
BR00116991,G09,A549,24,DMSO,compound,,negcon,,19.509434,6.573277
BR00116991,G10,A549,24,DMSO,compound,,negcon,,19.024612,6.355322
BR00116991,G11,A549,24,sulfasalazine,compound,BRD-K10670311-001-17-1,,['cyclooxygenase inhibitor'],19.079132,6.754754
BR00116991,G12,A549,24,"2,5-furandimethanol",compound,BRD-K29791386-001-01-8,,,15.465352,7.055981
BR00116991,G13,A549,24,DMSO,compound,,negcon,,18.782742,6.820286
BR00116991,G14,A549,24,dilazep,compound,BRD-K48722258-300-11-0,,,15.0086355,7.020156
BR00116991,G15,A549,24,felodipine,compound,BRD-A30815329-001-12-1,,['calcium channel blocker'],15.08462,7.4198976
BR00116991,G16,A549,24,paliperidone,compound,BRD-A99888680-001-05-3,,"['dopamine receptor antagonist', 'serotonin receptor antagonist']",14.436946,8.246382
BR00116991,G17,A549,24,purvalanol-a,compound,BRD-K50836978-001-03-3,poscon_orf,['CDK inhibitor'],12.098564,8.6324625
BR00116991,G18,A549,24,DMSO,compound,,negcon,,18.005068,7.381654
BR00116991,G19,A549,24,Ro-1138452,compound,BRD-K77220725-003-01-5,,['prostanoid receptor antagonist'],14.224898,9.136015
BR00116991,G20,A549,24,sorbinil,compound,BRD-A89164055-001-03-3,,['aldose reductase inhibitor'],15.909293,7.89842
BR00116991,G21,A549,24,TC-S-7004,compound,BRD-K89517477-001-01-4,poscon_cp,['DYRK inhibitor'],14.297639,7.9370894
BR00116991,G22,A549,24,saclofen,compound,BRD-A24122750-001-03-7,,['GABA receptor antagonist'],17.554932,7.9289885
BR00116991,G23,A549,24,BAY-87-2243,compound,BRD-K70463136-001-01-5,,,17.540323,7.9068923
BR00116991,G24,A549,24,ibudilast,compound,BRD-K16444452-001-09-1,,['phosphodiesterase inhibitor'],17.80911,8.105479
BR00116991,H01,A549,24,briciclib,compound,BRD-K05531427-001-01-7,,,9.307786,11.068081
BR00116991,H02,A549,24,2-Oleoylglycerol,compound,BRD-K77087341-001-02-4,,,14.928048,9.059024
BR00116991,H03,A549,24,RGFP966,compound,BRD-K61688984-001-02-9,poscon_cp,['HDAC inhibitor'],14.012219,8.519652
BR00116991,H04,A549,24,DMSO,compound,,negcon,,20.741447,6.740615
BR00116991,H05,A549,24,azacitidine,compound,BRD-K03406345-001-21-1,poscon_diverse,,13.156727,10.570167
BR00116991,H06,A549,24,N6-cyclopentyladenosine,compound,BRD-K60150510-001-15-6,,,15.028814,9.0780735
BR00116991,H07,A549,24,filgotinib,compound,BRD-K16803204-001-01-6,poscon_cp,['JAK inhibitor'],13.720658,8.015604
BR00116991,H08,A549,24,guanidine,compound,BRD-K76037122-001-02-5,,['HSP inhibitor'],14.562489,8.806692
BR00116991,H09,A549,24,coumarin,compound,BRD-K23913458-001-20-7,,,14.459642,8.811518
BR00116991,H10,A549,24,DMSO,compound,,negcon,,14.894212,8.760357
BR00116991,H11,A549,24,ZM-336372,compound,BRD-K73789395-001-09-9,poscon_orf,['RAF inhibitor'],15.093269,9.962676
BR00116991,H12,A549,24,citric-acid,compound,BRD-K76792669-001-08-1,,['coagulation factor inhibitor'],14.895651,8.474436
BR00116991,H13,A549,24,DMSO,compound,,negcon,,15.038706,8.570791
BR00116991,H14,A549,24,CCG-63802,compound,BRD-K26970495-001-02-7,,['G protein signaling inhibitor'],14.8538265,9.653991
BR00116991,H15,A549,24,ibutilide,compound,BRD-A74391928-051-03-9,,['potassium channel blocker'],15.258951,9.027236
BR00116991,H16,A549,24,batimastat,compound,BRD-K82818427-001-04-8,,['matrix metalloprotease inhibitor'],15.088644,7.316206
BR00116991,H17,A549,24,DMSO,compound,,negcon,,15.104213,8.073538
BR00116991,H18,A549,24,DMSO,compound,,negcon,,16.03655,7.9573607
BR00116991,H19,A549,24,UNC1999,compound,BRD-K26989966-001-04-3,poscon_cp,['histone lysine methyltransferase inhibitor'],8.619409,9.612938
BR00116991,H20,A549,24,glutamine-(l),compound,BRD-K83896451-001-06-7,,,17.613062,8.078995
BR00116991,H21,A549,24,PD-98059,compound,BRD-K62810658-001-11-4,poscon_orf,,17.601444,8.062212
BR00116991,H22,A549,24,enilconazole,compound,BRD-K01825690-065-01-9,,,17.596882,7.982865
BR00116991,H23,A549,24,N-alpha-Methylhistamine-dihydrochloride,compound,BRD-K75390981-300-04-9,,['histamine receptor agonist'],17.566484,7.9271
BR00116991,H24,A549,24,GK921,compound,BRD-K38272302-001-02-7,,,9.029371,10.12399
BR00116991,I01,A549,24,nilvadipine,compound,BRD-A84687895-001-03-2,,['calcium channel blocker'],6.9066973,6.691333
BR00116991,I02,A549,24,DMSO,compound,,negcon,,6.5810137,6.8549914
BR00116991,I03,A549,24,AC-710,compound,BRD-K15819326-001-01-6,,['PDGFR tyrosine kinase receptor inhibitor'],6.989464,7.1034956
BR00116991,I04,A549,24,PETCM,compound,BRD-A93477898-001-04-2,,,6.729833,7.018693
BR00116991,I05,A549,24,AZD7762,compound,BRD-K86525559-001-07-8,poscon_diverse,['CHK inhibitor'],8.987581,9.464327
BR00116991,I06,A549,24,PHA-793887,compound,BRD-K64800655-001-09-0,poscon_diverse,['CDK inhibitor'],6.9093657,7.1690106
BR00116991,I07,A549,24,KU-60019,compound,BRD-K36016295-001-05-2,,['ATM kinase inhibitor'],12.207141,9.803331
BR00116991,I08,A549,24,nafamostat,compound,BRD-K06674495-334-04-0,,,19.74652,6.311786
BR00116991,I09,A549,24,DMSO,compound,,negcon,,19.504208,6.157671
BR00116991,I10,A549,24,DMSO,compound,,negcon,,19.151857,6.279214
BR00116991,I11,A549,24,taladegib,compound,BRD-K50498985-001-03-3,,['smoothened receptor antagonist'],19.387272,6.812483
BR00116991,I12,A549,24,acetohexamide,compound,BRD-K52960356-001-13-0,,['ATP channel blocker'],18.544905,6.4599442
BR00116991,I13,A549,24,minocycline,compound,BRD-A69651145-003-11-4,,,19.217737,6.5841217
BR00116991,I14,A549,24,BI-2536,compound,BRD-K64890080-001-02-1,poscon_diverse,,9.835186,11.211399
BR00116991,I15,A549,24,riociguat,compound,BRD-K84783599-001-01-0,,,18.772806,6.465652
BR00116991,I16,A549,24,CP-724714,compound,BRD-K76908866-001-07-6,poscon_cp,"['EGFR inhibitor', 'protein tyrosine kinase inhibitor']",12.944557,6.729868
BR00116991,I17,A549,24,ganetespib,compound,BRD-K38852836-001-04-9,poscon_diverse,['HSP inhibitor'],12.104417,6.2836776
BR00116991,I18,A549,24,AZ191,compound,BRD-K80935598-001-01-1,poscon_cp,['DYRK inhibitor'],12.064388,7.2265472
BR00116991,I19,A549,24,BAX-channel-blocker,compound,BRD-A18763547-300-06-3,,,13.338473,9.295853
BR00116991,I20,A549,24,SU3327,compound,BRD-K32730239-001-01-0,,['JNK inhibitor'],12.973406,10.290298
BR00116991,I21,A549,24,DMSO,compound,,negcon,,16.484716,8.046705
BR00116991,I22,A549,24,DMSO,compound,,negcon,,17.44342,8.200545
BR00116991,I23,A549,24,octreotide,compound,BRD-A64173453-015-03-1,,['somatostatin receptor agonist'],17.802397,7.838798
BR00116991,I24,A549,24,1-octanol,compound,BRD-K09338665-001-08-9,,,17.603825,8.0039625
BR00116991,J01,A549,24,acalabrutinib,compound,BRD-K64034691-001-01-9,,"[""Bruton's tyrosine kinase (BTK) inhibitor""]",15.753338,5.1006465
BR00116991,J02,A549,24,rifamycin,compound,BRD-K38512030-001-01-7,,,20.641624,6.5118184
BR00116991,J03,A549,24,pazopanib,compound,BRD-K74514084-003-09-2,,"['KIT inhibitor', 'VEGFR inhibitor', 'PDGFR tyrosine kinase receptor inhibitor']",14.0230665,10.121356
BR00116991,J04,A549,24,RKI-1447,compound,BRD-K19333160-001-01-3,poscon_cp,,15.487157,10.67578
BR00116991,J05,A549,24,vitamin-E,compound,BRD-K97091514-001-11-4,,['PKC inhibitor'],14.625807,8.868208
BR00116991,J06,A549,24,lonafarnib,compound,BRD-K41599323-001-02-3,poscon_diverse,,15.439866,9.500193
BR00116991,J07,A549,24,ethyl-pyruvate,compound,BRD-K47738867-001-01-5,,,14.740221,8.966849
BR00116991,J08,A549,24,picrotin,compound,BRD-A91822151-001-05-0,,['GABA receptor antagonist'],14.681563,8.761085
BR00116991,J09,A549,24,SGX523,compound,BRD-K19477839-001-07-6,poscon_cp,,14.56861,8.506796
BR00116991,J10,A549,24,PP-2,compound,BRD-K95785537-001-22-3,,['src inhibitor'],12.549332,8.2724905
BR00116991,J11,A549,24,ME-0328,compound,BRD-A63444178-001-01-5,,['PPAR receptor antagonist'],14.665921,8.695565
BR00116991,J12,A549,24,AZD9668,compound,BRD-K31476763-001-01-5,,['elastase inhibitor'],14.991659,8.582643
BR00116991,J13,A549,24,NQDI-1,compound,BRD-K61918008-001-07-1,,,14.957623,8.361144
BR00116991,J14,A549,24,DMSO,compound,,negcon,,15.036432,9.435732
BR00116991,J15,A549,24,carzenide,compound,BRD-K09295674-001-09-8,,,14.919977,7.482223
BR00116991,J16,A549,24,KU-55933,compound,BRD-K25311561-001-10-7,,['ATM kinase inhibitor'],13.501622,8.172653
BR00116991,J17,A549,24,NVP-AEW541,compound,BRD-K24696047-001-02-3,poscon_cp,['IGF-1 inhibitor'],13.339316,9.071643
BR00116991,J18,A549,24,leflunomide,compound,BRD-K78692225-001-24-5,,['PDGFR tyrosine kinase receptor inhibitor'],14.470927,7.3713574
BR00116991,J19,A549,24,DMSO,compound,,negcon,,16.1243,7.6809635
BR00116991,J20,A549,24,azacitidine,compound,BRD-K03406345-001-21-1,poscon_diverse,,13.278254,10.54798
BR00116991,J21,A549,24,ixabepilone,compound,BRD-K03601870-001-01-2,,['microtubule stabilizing agent'],9.365962,11.168603
BR00116991,J22,A549,24,KH-CB19,compound,BRD-K66430217-001-03-8,poscon_cp,['CDC inhibitor'],17.69275,8.156382
BR00116991,J23,A549,24,DMSO,compound,,negcon,,17.453934,7.8518524
BR00116991,J24,A549,24,PF-05190457,compound,BRD-K02554563-001-01-6,,,17.630129,7.9168606
BR00116991,K01,A549,24,LDN-212854,compound,BRD-K59831625-001-03-9,,,8.748896,9.513947
BR00116991,K02,A549,24,formononetin,compound,BRD-K55567017-001-12-3,,['alcohol dehydrogenase inhibitor'],6.7573757,6.7344913
BR00116991,K03,A549,24,aminopurvalanol-a,compound,BRD-K07762753-001-05-1,poscon_orf,['CDK inhibitor'],7.332229,6.7536125
BR00116991,K04,A549,24,ruxolitinib,compound,BRD-K53972329-001-01-3,poscon_cp,['JAK inhibitor'],6.587401,7.0085654
BR00116991,K05,A549,24,DMSO,compound,,negcon,,6.659993,6.933144
BR00116991,K06,A549,24,DMSO,compound,,negcon,,7.527047,7.8802137
BR00116991,K07,A549,24,LGK-974,compound,BRD-K16810791-001-01-0,,['porcupine inhibitor'],6.757707,6.8467693
BR00116991,K08,A549,24,polydatin,compound,BRD-K43236057-001-07-1,,['ICAM1 expression inhibitor'],11.353582,8.939066
BR00116991,K09,A549,24,enflurane,compound,BRD-A51831848-001-01-7,,,19.913418,6.4729714
BR00116991,K10,A549,24,PFI-1,compound,BRD-K13094524-001-04-2,poscon_cp,,15.006399,6.755991
BR00116991,K11,A549,24,AZD7762,compound,BRD-K86525559-001-07-8,poscon_diverse,['CHK inhibitor'],8.825222,9.589314
BR00116991,K12,A549,24,sotrastaurin,compound,BRD-K16761703-001-03-8,,['PKC inhibitor'],13.514786,8.149194
BR00116991,K13,A549,24,DMSO,compound,,negcon,,19.16452,6.7252917
BR00116991,K14,A549,24,cycloheximide,compound,BRD-K36055864-001-20-0,,['protein synthesis inhibitor'],10.786603,9.288772
BR00116991,K15,A549,24,oxytocin,compound,BRD-K25243230-001-01-2,,,17.11935,9.136375
BR00116991,K16,A549,24,DMSO,compound,,negcon,,18.341908,6.8388762
BR00116991,K17,A549,24,colchicine,compound,BRD-K00259736-001-16-4,,,9.130185,10.781907
BR00116991,K18,A549,24,afimoxifene,compound,BRD-K04210847-001-21-9,,,16.9357,8.9211445
BR00116991,K19,A549,24,DMSO,compound,,negcon,,18.370132,7.405294
BR00116991,K20,A549,24,ZK-93423,compound,BRD-K33882852-003-02-8,poscon_diverse,['benzodiazepine receptor agonist'],17.676117,7.65133
BR00116991,K21,A549,24,RGB-286638,compound,BRD-K20986415-001-02-6,,['CDK inhibitor'],9.160831,9.501996
BR00116991,K22,A549,24,FPS-ZM1,compound,BRD-K87691185-001-01-2,,['RAGE receptor antagonist'],17.4614,8.158341
BR00116991,K23,A549,24,flindokalner,compound,BRD-K56740996-001-02-1,,,17.302565,8.098829
BR00116991,K24,A549,24,motesanib,compound,BRD-K99616396-316-05-3,,"['KIT inhibitor', 'VEGFR inhibitor', 'PDGFR tyrosine kinase receptor inhibitor']",17.541822,8.12693
BR00116991,L01,A549,24,geldanamycin,compound,BRD-K43570081-001-02-4,,['HSP inhibitor'],12.172582,6.213336
BR00116991,L02,A549,24,DMSO,compound,,negcon,,20.545048,6.4731765
BR00116991,L03,A549,24,CGP-53353,compound,BRD-K32292990-001-03-6,,"['PKC inhibitor', 'EGFR inhibitor']",14.890213,8.575189
BR00116991,L04,A549,24,7-hydroxystaurosporine,compound,BRD-K45293975-001-02-0,,"['CDK inhibitor', 'PKC inhibitor', 'CHK inhibitor']",9.537036,8.744367
BR00116991,L05,A549,24,DMSO,compound,,negcon,,14.943372,8.92064
BR00116991,L06,A549,24,DMSO,compound,,negcon,,15.070251,8.99383
BR00116991,L07,A549,24,efaproxiral,compound,BRD-K37355418-236-01-6,,,15.603821,8.514131
BR00116991,L08,A549,24,SB-203580,compound,BRD-A37704979-001-12-3,poscon_orf,['p38 MAPK inhibitor'],12.712886,6.336151
BR00116991,L09,A549,24,FK-866,compound,BRD-K58550667-001-08-7,poscon_diverse,,13.313784,7.2133555
BR00116991,L10,A549,24,bepridil,compound,BRD-A91008255-003-24-8,,['calcium channel blocker'],14.927258,8.556684
BR00116991,L11,A549,24,delanzomib,compound,BRD-K59325863-001-04-4,,,8.254421,10.175259
BR00116991,L12,A549,24,buparlisib,compound,BRD-K42191735-001-08-7,poscon_diverse,,9.044036,10.296983
BR00116991,L13,A549,24,phenylbutazone,compound,BRD-K10843433-001-23-5,,"['cyclooxygenase inhibitor', 'prostanoid receptor antagonist']",15.45724,9.3315325
BR00116991,L14,A549,24,deferasirox,compound,BRD-K97010173-001-04-1,,,15.344107,7.473926
BR00116991,L15,A549,24,DMSO,compound,,negcon,,15.597865,8.240939
BR00116991,L16,A549,24,cediranib,compound,BRD-K86930074-001-05-0,,"['KIT inhibitor', 'VEGFR inhibitor']",13.156863,8.907329
BR00116991,L17,A549,24,isoflurane,compound,BRD-A31564021-001-02-6,,,16.043161,7.710546
BR00116991,L18,A549,24,DMSO,compound,,negcon,,16.36736,8.106928
BR00116991,L19,A549,24,CCG-50014,compound,BRD-K08893438-001-06-4,,['G protein signaling inhibitor'],16.87212,8.478725
BR00116991,L20,A549,24,PF-431396,compound,BRD-K93788137-001-04-1,,,11.289347,9.5266075
BR00116991,L21,A549,24,TG-02,compound,BRD-K14560436-001-01-4,,"['CDK inhibitor', 'FLT3 inhibitor', 'JAK inhibitor']",10.2786455,9.465229
BR00116991,L22,A549,24,baclofen,compound,BRD-K01826724-003-07-9,,['benzodiazepine receptor agonist'],17.763557,8.012305
BR00116991,L23,A549,24,thiostrepton,compound,BRD-A20697603-001-07-2,,['protein synthesis inhibitor'],13.021471,9.190931
BR00116991,L24,A549,24,flufenamic-acid,compound,BRD-K44067360-001-29-5,,,17.757793,8.023143
BR00116991,M01,A549,24,DMSO,compound,,negcon,,6.8625255,6.616778
BR00116991,M02,A549,24,LY2109761,compound,BRD-K47557313-001-02-7,,,6.822433,6.7928433
BR00116991,M03,A549,24,olopatadine,compound,BRD-K67637637-003-11-8,,['histamine receptor antagonist'],6.7894053,6.7445064
BR00116991,M04,A549,24,DMSO,compound,,negcon,,7.44416,7.8215322
BR00116991,M05,A549,24,castanospermine,compound,BRD-K20897876-001-11-8,,['glucosidase inhibitor'],6.5994186,6.9514017
BR00116991,M06,A549,24,A205804,compound,BRD-K77627880-001-04-0,,['ICAM1 expression inhibitor'],6.6611743,7.0136275
BR00116991,M07,A549,24,VU591,compound,BRD-K72063794-003-01-0,,['potassium channel blocker'],6.9646235,6.597527
BR00116991,M08,A549,24,dalbavancin,compound,BRD-K30177383-001-01-0,,['bacterial cell wall synthesis inhibitor'],19.706854,6.7810593
BR00116991,M09,A549,24,CC-401,compound,BRD-K45746021-003-01-9,,['JNK inhibitor'],13.556488,7.4925447
BR00116991,M10,A549,24,ganetespib,compound,BRD-K38852836-001-04-9,poscon_diverse,['HSP inhibitor'],12.174679,6.220546
BR00116991,M11,A549,24,ingenol-mebutate,compound,BRD-K93779381-001-01-9,,,14.343456,10.700689
BR00116991,M12,A549,24,menadione,compound,BRD-K78126613-001-27-7,,,12.5395,8.077244
BR00116991,M13,A549,24,cetilistat,compound,BRD-K94863486-001-02-2,,,18.404623,6.4917665
BR00116991,M14,A549,24,methoxsalen,compound,BRD-K63430059-001-16-4,,['DNA synthesis inhibitor'],15.91729,7.1929636
BR00116991,M15,A549,24,cyclosporine,compound,BRD-K13533483-001-16-2,,,12.385542,8.780052
BR00116991,M16,A549,24,NSC-632839,compound,BRD-K81197548-003-01-4,poscon_cp,['ubiquitin specific protease inhibitor'],9.133529,10.9182
BR00116991,M17,A549,24,DMSO,compound,,negcon,,15.820042,7.100095
BR00116991,M18,A549,24,TG-003,compound,BRD-K97072811-001-11-4,poscon_cp,,14.131775,7.4144316
BR00116991,M19,A549,24,oxibendazole,compound,BRD-K52075715-001-06-7,,['tubulin polymerization inhibitor'],9.278854,11.039276
BR00116991,M20,A549,24,TG-101348,compound,BRD-K12502280-001-11-4,poscon_cp,"['JAK inhibitor', 'FLT3 inhibitor']",8.67076,9.631341
BR00116991,M21,A549,24,miglitol,compound,BRD-A63310107-001-04-8,,['glucosidase inhibitor'],17.798273,8.299461
BR00116991,M22,A549,24,DMSO,compound,,negcon,,17.56634,7.9010367
BR00116991,M23,A549,24,DMSO,compound,,negcon,,17.61197,7.838281
BR00116991,M24,A549,24,tranilast,compound,BRD-K17849083-001-32-9,,,17.668678,8.180846
BR00116991,N01,A549,24,4-methylhistamine,compound,BRD-K70821460-300-02-4,,['histamine receptor agonist'],20.385237,6.1537786
BR00116991,N02,A549,24,LDN-27219,compound,BRD-K51485109-001-01-4,,,20.75337,6.756005
BR00116991,N03,A549,24,anisomycin,compound,BRD-K91370081-001-25-1,,['DNA synthesis inhibitor'],9.201539,9.5685215
BR00116991,N04,A549,24,thioguanine,compound,BRD-K49350383-001-13-7,poscon_diverse,,13.099433,5.872382
BR00116991,N05,A549,24,droxinostat,compound,BRD-K11558771-001-13-9,,['HDAC inhibitor'],15.008834,9.191743
BR00116991,N06,A549,24,UNC2025,compound,BRD-K91283740-003-01-6,poscon_cp,['FLT3 inhibitor'],10.316936,9.111626
BR00116991,N07,A549,24,DMSO,compound,,negcon,,15.595581,8.851335
BR00116991,N08,A549,24,DMSO,compound,,negcon,,20.29643,6.240909
BR00116991,N09,A549,24,AMG900,compound,BRD-K21728777-001-02-3,poscon_cp,['Aurora kinase inhibitor'],11.268269,9.59354
BR00116991,N10,A549,24,PF-06463922,compound,BRD-A23124853-001-01-4,,['ALK tyrosine kinase receptor inhibitor'],12.586927,7.4833074
BR00116991,N11,A549,24,orantinib,compound,BRD-K55966568-001-09-6,poscon_cp,"['FGFR inhibitor', 'PDGFR tyrosine kinase receptor inhibitor', 'VEGFR inhibitor']",14.427482,9.921934
BR00116991,N12,A549,24,fludarabine-phosphate,compound,BRD-K71106091-001-09-5,,['ribonucleotide reductase inhibitor'],14.967299,6.3493543
BR00116991,N13,A549,24,ceritinib,compound,BRD-K22149900-001-06-2,,['ALK tyrosine kinase receptor inhibitor'],13.312849,6.656682
BR00116991,N14,A549,24,NVS-PAK1-1,compound,BRD-K28132190-001-02-0,poscon_cp,['p21 activated kinase inhibitor'],15.299174,7.063395
BR00116991,N15,A549,24,homoharringtonine,compound,BRD-K76674262-001-03-3,,['protein synthesis inhibitor'],9.175783,9.630147
BR00116991,N16,A549,24,picrotoxinin,compound,BRD-K36461289-001-05-8,,['GABA receptor antagonist'],15.081193,9.415933
BR00116991,N17,A549,24,DMSO,compound,,negcon,,16.780846,7.420578
BR00116991,N18,A549,24,danusertib,compound,BRD-K07881437-001-03-8,poscon_diverse,"['growth factor receptor inhibitor', 'Aurora kinase inhibitor']",11.446268,9.265972
BR00116991,N19,A549,24,romidepsin,compound,BRD-K61397605-001-01-8,poscon_cp,['HDAC inhibitor'],8.608461,9.536003
BR00116991,N20,A549,24,FERb-033,compound,BRD-K61642990-001-01-0,poscon_cp,['EGFR inhibitor'],16.568678,8.6478195
BR00116991,N21,A549,24,PF-03758309,compound,BRD-K37764012-001-03-3,poscon_diverse,['p21 activated kinase inhibitor'],10.011492,9.338539
BR00116991,N22,A549,24,DMSO,compound,,negcon,,17.737963,8.175962
BR00116991,N23,A549,24,trometamol,compound,BRD-K47978074-001-03-2,,,17.589577,8.118739
BR00116991,N24,A549,24,simvastatin,compound,BRD-K22134346-001-22-3,,['HMGCR inhibitor'],17.700396,8.092335
BR00116991,O01,A549,24,zaprinast,compound,BRD-K16542329-001-16-8,,['phosphodiesterase inhibitor'],6.808739,6.740588
BR00116991,O02,A549,24,dexamethasone,compound,BRD-A10188456-001-04-9,,['glucocorticoid receptor agonist'],6.8320436,6.8149285
BR00116991,O03,A549,24,salicylic-acid,compound,BRD-K93632104-001-17-2,,['cyclooxygenase inhibitor'],6.76957,6.766789
BR00116991,O04,A549,24,diltiazem,compound,BRD-A69636825-003-04-7,,['calcium channel blocker'],6.630255,6.9325557
BR00116991,O05,A549,24,phenolphthalein,compound,BRD-K19227686-001-18-6,,,6.625439,6.913164
BR00116991,O06,A549,24,niflumic-acid,compound,BRD-K98763141-001-30-8,,['cyclooxygenase inhibitor'],6.6235695,6.909928
BR00116991,O07,A549,24,DMSO,compound,,negcon,,7.454431,7.8419976
BR00116991,O08,A549,24,L-Cystine,compound,BRD-A15397381-001-02-5,,,6.5617704,6.963037
BR00116991,O09,A549,24,ozanimod,compound,BRD-K46625559-001-01-8,,['sphingosine 1 phosphate receptor agonist'],7.000494,6.7455544
BR00116991,O10,A549,24,efaroxan,compound,BRD-A10739734-003-09-8,,['adrenergic receptor antagonist'],19.298372,6.8492417
BR00116991,O11,A549,24,NBQX,compound,BRD-K11796549-001-05-2,,['glutamate receptor antagonist'],19.276814,6.8721747
BR00116991,O12,A549,24,dinoprostone,compound,BRD-K26521938-001-07-2,,['prostanoid receptor agonist'],19.318901,6.7368703
BR00116991,O13,A549,24,Ro-20-1724,compound,BRD-A07207424-001-14-0,,['phosphodiesterase inhibitor'],19.374445,6.7343516
BR00116991,O14,A549,24,xanomeline,compound,BRD-K72815923-034-02-0,,['acetylcholine receptor agonist'],18.908186,7.1852694
BR00116991,O15,A549,24,terazosin,compound,BRD-K01825589-310-02-9,,['adrenergic receptor antagonist'],18.80817,6.849901
BR00116991,O16,A549,24,BVT-948,compound,BRD-K68567222-001-01-2,,,18.274223,7.7233343
BR00116991,O17,A549,24,nicotine,compound,BRD-K01825660-322-01-9,,['acetylcholine receptor agonist'],18.884422,7.141321
BR00116991,O18,A549,24,DMSO,compound,,negcon,,18.771881,7.4654837
BR00116991,O19,A549,24,U-0521,compound,BRD-K08953028-001-09-6,,,18.32985,7.4222994
BR00116991,O20,A549,24,BMS-587101,compound,BRD-K20093108-001-02-3,,,18.172195,7.8748755
BR00116991,O21,A549,24,nimodipine,compound,BRD-A58048407-001-20-4,,['calcium channel blocker'],17.63053,8.395575
BR00116991,O22,A549,24,pyrrolidine-dithiocarbamate,compound,BRD-K80970344-201-08-6,,,14.644167,6.1858406
BR00116991,O23,A549,24,PF-915275,compound,BRD-K18289362-001-02-2,,,17.68269,8.221515
BR00116991,O24,A549,24,JTE-013,compound,BRD-K43330982-001-02-3,,,17.468552,7.6129193
BR00116991,P01,A549,24,sodium-butyrate,compound,BRD-K05878375-236-05-7,,['HDAC inhibitor'],19.26727,4.857037
BR00116991,P02,A549,24,pentostatin,compound,BRD-K91543828-001-02-0,,['ribonucleotide reductase inhibitor'],19.923296,4.9192476
BR00116991,P03,A549,24,OMDM-2,compound,BRD-K48830578-001-01-9,,,19.820873,4.884223
BR00116991,P04,A549,24,nalmefene,compound,BRD-A72767275-003-01-6,,,19.842356,4.9594183
BR00116991,P05,A549,24,DMSO,compound,,negcon,,20.004004,5.141516
BR00116991,P06,A549,24,1-EBIO,compound,BRD-K70586315-001-02-4,,,19.89194,4.9754767
BR00116991,P07,A549,24,SB-505124,compound,BRD-K40109029-001-02-9,,['ALK tyrosine kinase receptor inhibitor'],19.870663,5.0009995
BR00116991,P08,A549,24,prasugrel,compound,BRD-A83029242-001-06-1,,['purinergic receptor antagonist'],19.687597,4.689059
BR00116991,P09,A549,24,pidolic-acid,compound,BRD-K57313110-001-06-8,,,19.748585,4.7725763
BR00116991,P10,A549,24,DMSO,compound,,negcon,,19.789768,4.967441
BR00116991,P11,A549,24,nevirapine,compound,BRD-K15502390-001-20-9,,,18.551334,4.4710455
BR00116991,P12,A549,24,triamterene,compound,BRD-K92049597-001-20-8,,['sodium channel blocker'],19.057314,4.50715
BR00116991,P13,A549,24,regorafenib,compound,BRD-K16730910-001-07-3,,"['PDGFR tyrosine kinase receptor inhibitor', 'RAF inhibitor', 'KIT inhibitor', 'RET tyrosine kinase inhibitor', 'FGFR inhibitor', 'VEGFR inhibitor']",18.518345,4.659378
BR00116991,P14,A549,24,cyclophosphamide,compound,BRD-A09722536-002-18-0,,,19.565725,4.6754594
BR00116991,P15,A549,24,olanzapine,compound,BRD-K18895904-001-16-1,,"['dopamine receptor antagonist', 'serotonin receptor antagonist']",18.99834,4.495767
BR00116991,P16,A549,24,KI-16425,compound,BRD-A25569250-001-03-3,,['lysophosphatidic acid receptor antagonist'],12.591598,8.139745
BR00116991,P17,A549,24,SKLB1002,compound,BRD-K29895144-001-01-0,,['VEGFR inhibitor'],17.963541,4.6478324
BR00116991,P18,A549,24,cilostazol,compound,BRD-K67017579-001-28-1,,['phosphodiesterase inhibitor'],18.296509,4.2949886
BR00116991,P19,A549,24,AZD1283,compound,BRD-K77060810-001-01-5,,['purinergic receptor antagonist'],17.47165,5.0331826
BR00116991,P20,A549,24,A-987306,compound,BRD-K68982262-001-01-4,,['histamine receptor antagonist'],15.537755,5.7450485
BR00116991,P21,A549,24,procaine,compound,BRD-K24616672-003-20-1,,['HMGCR inhibitor'],17.711946,8.291098
BR00116991,P22,A549,24,miconazole,compound,BRD-A82396632-008-30-8,,['bacterial cell wall synthesis inhibitor'],19.234282,7.648969
BR00116991,P23,A549,24,loperamide,compound,BRD-K61250553-003-30-6,,,15.916987,6.4187956
BR00116991,P24,A549,24,aripiprazole,compound,BRD-K70358946-001-17-3,,['serotonin receptor antagonist'],9.090897,8.968591
BR00116992,A01,A549,24,gabapentin-enacarbil,compound,BRD-A86665761-001-01-1,,,18.996666,5.3071632
BR00116992,A02,A549,24,DMSO,compound,,negcon,,19.337503,5.4497643
BR00116992,A03,A549,24,amlodipine,compound,BRD-A22032524-074-09-9,,['calcium channel blocker'],15.083277,5.4722667
BR00116992,A04,A549,24,hexestrol,compound,BRD-A01078468-001-14-8,,,18.112385,5.3232274
BR00116992,A05,A549,24,quinine,compound,BRD-K48278478-001-01-2,,,19.064217,5.4136424
BR00116992,A06,A549,24,LOXO-101,compound,BRD-K36574127-001-01-3,,,18.93864,5.3821683
BR00116992,A07,A549,24,brinzolamide,compound,BRD-K74913225-001-14-0,,['carbonic anhydrase inhibitor'],19.384356,5.7046733
BR00116992,A08,A549,24,NS-11021,compound,BRD-K94342292-001-01-3,,['calcium-activated potassium channel activator'],16.94349,4.4963565
BR00116992,A09,A549,24,DMSO,compound,,negcon,,19.20212,5.5115547
BR00116992,A10,A549,24,GNF-5837,compound,BRD-K19975102-001-01-2,,['growth factor receptor inhibitor'],16.357233,4.7604284
BR00116992,A11,A549,24,apatinib,compound,BRD-K25244359-066-02-6,,['RET tyrosine kinase inhibitor'],16.52893,4.754457
BR00116992,A12,A549,24,ethoxzolamide,compound,BRD-K18131774-001-18-4,,['carbonic anhydrase inhibitor'],17.844038,5.2079554
BR00116992,A13,A549,24,ascorbic-acid,compound,BRD-A85242401-001-11-5,,,16.433802,5.7926702
BR00116992,A14,A549,24,ryuvidine,compound,BRD-K06426971-001-02-7,,['histone lysine methyltransferase inhibitor'],9.400525,10.047236
BR00116992,A15,A549,24,BAN-ORL-24,compound,BRD-K47049295-300-03-1,,,10.248804,10.483671
BR00116992,A16,A549,24,NNC-55-0396,compound,BRD-K78122587-300-04-3,,,13.665185,9.204975
BR00116992,A17,A549,24,DMSO,compound,,negcon,,16.1401,6.124731
BR00116992,A18,A549,24,WH-4-023,compound,BRD-K50199947-001-03-4,,['src inhibitor'],12.273418,8.241447
BR00116992,A19,A549,24,flupirtine,compound,BRD-K50720187-051-03-1,,['glutamate receptor antagonist'],16.36882,5.418171
BR00116992,A20,A549,24,ZK811752,compound,BRD-K91825936-001-03-9,,,16.245014,5.3171644
BR00116992,A21,A549,24,dexamethasone,compound,BRD-K38775274-001-22-1,,['glucocorticoid receptor agonist'],15.209115,5.743262
BR00116992,A22,A549,24,PP-1,compound,BRD-K47598052-001-14-1,,['src inhibitor'],12.315283,8.138734
BR00116992,A23,A549,24,DDR1-IN-1,compound,BRD-K61845293-300-01-9,,,15.849977,6.1126757
BR00116992,A24,A549,24,AVL-292,compound,BRD-K87782578-001-01-4,,"[""Bruton's tyrosine kinase (BTK) inhibitor""]",12.063819,8.067663
BR00116992,B01,A549,24,H2L-5765834,compound,BRD-K26439554-001-01-3,,['lysophosphatidic acid receptor antagonist'],19.838491,5.437328
BR00116992,B02,A549,24,thiostrepton,compound,BRD-K58049875-001-03-9,,['protein synthesis inhibitor'],13.072896,9.674857
BR00116992,B03,A549,24,DMSO,compound,,negcon,,19.887388,6.125848
BR00116992,B04,A549,24,arcyriaflavin-a,compound,BRD-K72726508-001-02-1,,['CDK inhibitor'],13.03624,6.225776
BR00116992,B05,A549,24,CYM-5520,compound,BRD-K29151923-001-01-5,,['sphingosine 1 phosphate receptor agonist'],20.21369,6.686067
BR00116992,B06,A549,24,fludarabine,compound,BRD-K66788707-001-14-3,,['ribonucleotide reductase inhibitor'],15.258846,6.171016
BR00116992,B07,A549,24,alda-1,compound,BRD-K06890060-001-09-1,,,19.83616,5.038485
BR00116992,B08,A549,24,meclofenamic-acid,compound,BRD-K50398167-236-22-7,,"['cyclooxygenase inhibitor', 'prostanoid receptor antagonist']",20.322899,6.4169235
BR00116992,B09,A549,24,GNF-5,compound,BRD-K87632963-001-03-0,,['Bcr-Abl kinase inhibitor'],15.835861,8.27054
BR00116992,B10,A549,24,NS-309,compound,BRD-K37602296-001-01-6,,['calcium-activated potassium channel activator'],12.657638,8.170508
BR00116992,B11,A549,24,AK-7,compound,BRD-K09143580-001-01-0,,['SIRT inhibitor'],15.112154,9.9764185
BR00116992,B12,A549,24,BVT-948,compound,BRD-A22713669-001-04-3,,,13.877418,10.294364
BR00116992,B13,A549,24,SirReal-2,compound,BRD-K16472653-001-01-6,,['SIRT inhibitor'],13.126707,6.4372025
BR00116992,B14,A549,24,DMSO,compound,,negcon,,16.997019,5.956588
BR00116992,B15,A549,24,BMS-536924,compound,BRD-K34581968-001-05-3,,['IGF-1 inhibitor'],12.18198,8.211549
BR00116992,B16,A549,24,PP-121,compound,BRD-K81801188-001-02-8,,['protein tyrosine kinase inhibitor'],13.77969,10.489588
BR00116992,B17,A549,24,MCOPPB,compound,BRD-K73276278-305-01-1,,,13.900639,9.060728
BR00116992,B18,A549,24,ozagrel,compound,BRD-K53061490-003-13-9,,,16.487556,6.3330574
BR00116992,B19,A549,24,CYM-5442,compound,BRD-A43005764-003-01-5,,['sphingosine 1 phosphate receptor agonist'],15.289343,7.7815433
BR00116992,B20,A549,24,CVT-10216,compound,BRD-K60659193-001-01-0,,,16.43748,5.9290047
BR00116992,B21,A549,24,TCN201,compound,BRD-K09787262-001-02-7,,['glutamate receptor antagonist'],17.312782,6.966567
BR00116992,B22,A549,24,fomepizole,compound,BRD-K56810756-003-07-7,,['alcohol dehydrogenase inhibitor'],16.717167,6.7153487
BR00116992,B23,A549,24,benzamil,compound,BRD-K87158025-003-08-7,,['sodium channel blocker'],16.555235,5.9658146
BR00116992,B24,A549,24,lercanidipine,compound,BRD-A18992208-003-02-7,,['calcium channel blocker'],16.289898,5.8175364
BR00116992,C01,A549,24,4-CMTB,compound,BRD-A54139254-001-09-2,,['free fatty acid receptor agonist'],19.611547,6.1616254
BR00116992,C02,A549,24,ML-228,compound,BRD-K44432556-001-05-5,,,20.191315,7.1407385
BR00116992,C03,A549,24,DMSO,compound,,negcon,,20.143719,7.380828
BR00116992,C04,A549,24,GSK1070916,compound,BRD-K36740062-001-06-6,,['Aurora kinase inhibitor'],11.249272,9.127695
BR00116992,C05,A549,24,ML-193,compound,BRD-K27539181-001-08-5,,,20.276997,7.638303
BR00116992,C06,A549,24,DMSO,compound,,negcon,,19.97827,8.26643
BR00116992,C07,A549,24,M-25,compound,BRD-K51265828-001-01-0,,['smoothened receptor antagonist'],14.99209,7.2640166
BR00116992,C08,A549,24,azeliragon,compound,BRD-K51899933-001-02-6,,['RAGE receptor antagonist'],14.0120325,10.2763
BR00116992,C09,A549,24,CYT-997,compound,BRD-K23363278-001-02-1,poscon_diverse,['tubulin polymerization inhibitor'],9.199004,11.146579
BR00116992,C10,A549,24,AR-12,compound,BRD-K90497590-001-05-9,,,8.379213,9.304243
BR00116992,C11,A549,24,CYM-50260,compound,BRD-K69877120-001-01-7,,['sphingosine 1 phosphate receptor agonist'],16.807234,8.380855
BR00116992,C12,A549,24,DMSO,compound,,negcon,,16.904665,5.648816
BR00116992,C13,A549,24,KG-5,compound,BRD-K90747162-001-01-4,poscon_cp,['RAF inhibitor'],9.177659,11.124807
BR00116992,C14,A549,24,JTE-607,compound,BRD-K81405859-300-01-4,,,15.102952,6.2984495
BR00116992,C15,A549,24,DMSO,compound,,negcon,,16.032202,5.542788
BR00116992,C16,A549,24,ilomastat,compound,BRD-K51662849-001-05-4,,['matrix metalloprotease inhibitor'],16.205473,5.3762455
BR00116992,C17,A549,24,RX-821002,compound,BRD-A65597028-003-08-1,,['adrenergic receptor antagonist'],16.093498,5.290912
BR00116992,C18,A549,24,DMSO,compound,,negcon,,15.798744,7.3819947
BR00116992,C19,A549,24,TUG-891,compound,BRD-K24282351-001-01-4,,['free fatty acid receptor agonist'],16.688635,6.5733037
BR00116992,C20,A549,24,ponatinib,compound,BRD-K44227013-001-08-0,,"['PDGFR tyrosine kinase receptor inhibitor', 'FLT3 inhibitor', 'Bcr-Abl kinase inhibitor']",8.761131,9.624142
BR00116992,C21,A549,24,DMSO,compound,,negcon,,16.570787,6.4543853
BR00116992,C22,A549,24,puromycin,compound,BRD-K01824976-300-02-9,,['protein synthesis inhibitor'],9.002709,9.98457
BR00116992,C23,A549,24,SRC-kinase-inhibitor-I,compound,BRD-K50495309-001-02-0,,['src inhibitor'],13.025044,6.9295635
BR00116992,C24,A549,24,acetylcysteine,compound,BRD-K59058747-001-19-1,,,16.425636,5.9967155
BR00116992,D01,A549,24,NSC-625987,compound,BRD-K62949423-001-03-1,,['CDK inhibitor'],20.130896,5.9046173
BR00116992,D02,A549,24,dalfampridine,compound,BRD-K22482860-001-20-6,,['potassium channel blocker'],20.348566,6.9388022
BR00116992,D03,A549,24,NSC-95397,compound,BRD-K68143200-001-11-7,,['CDC inhibitor'],13.625742,10.120782
BR00116992,D04,A549,24,alrestatin,compound,BRD-K35498378-001-06-1,,['aldose reductase inhibitor'],15.699128,4.864828
BR00116992,D05,A549,24,PF-03758309,compound,BRD-K37764012-001-03-3,poscon_diverse,['p21 activated kinase inhibitor'],20.351347,6.81541
BR00116992,D06,A549,24,IRL-2500,compound,BRD-K98357249-001-02-9,,['endothelin receptor antagonist'],20.119476,5.8014207
BR00116992,D07,A549,24,PF-04217903,compound,BRD-K73319509-001-08-0,poscon_cp,,20.208698,6.5884514
BR00116992,D08,A549,24,FK-866,compound,BRD-K58550667-001-08-7,poscon_diverse,,12.996769,7.0586634
BR00116992,D09,A549,24,amlexanox,compound,BRD-K29530284-001-06-2,,,20.434654,6.6342196
BR00116992,D10,A549,24,GW-311616,compound,BRD-K37864785-001-01-0,,['elastase inhibitor'],14.902053,9.817954
BR00116992,D11,A549,24,buparlisib,compound,BRD-K42191735-001-08-7,poscon_diverse,,9.249826,10.753906
BR00116992,D12,A549,24,amiloride,compound,BRD-K97181089-003-24-7,,['sodium channel blocker'],12.823757,8.044175
BR00116992,D13,A549,24,DG-172,compound,BRD-K75748943-300-01-3,,,13.596739,9.171786
BR00116992,D14,A549,24,DMSO,compound,,negcon,,16.48078,5.2503805
BR00116992,D15,A549,24,DMSO,compound,,negcon,,16.470806,5.5376754
BR00116992,D16,A549,24,NVP-ADW742,compound,BRD-K15179513-001-04-2,poscon_cp,,13.318976,9.537381
BR00116992,D17,A549,24,misoprostol,compound,BRD-A72351335-001-04-5,,['prostanoid receptor agonist'],15.443833,7.0567155
BR00116992,D18,A549,24,conivaptan,compound,BRD-K37385792-003-02-1,,,14.655351,9.113632
BR00116992,D19,A549,24,spiroxatrine,compound,BRD-A72483914-001-03-7,,['serotonin receptor antagonist'],16.304943,7.6597567
BR00116992,D20,A549,24,diacerein,compound,BRD-K69122748-001-10-1,,,16.300411,7.472936
BR00116992,D21,A549,24,DMSO,compound,,negcon,,16.98878,7.114832
BR00116992,D22,A549,24,DMSO,compound,,negcon,,16.61272,7.429606
BR00116992,D23,A549,24,glyburide,compound,BRD-K36927236-001-36-7,,['ATP channel blocker'],16.96024,7.874847
BR00116992,D24,A549,24,ANR-94,compound,BRD-K31170746-001-01-6,,,16.618967,6.2948103
BR00116992,E01,A549,24,TFC-007,compound,BRD-K57708067-001-01-3,,,19.62506,6.075427
BR00116992,E02,A549,24,trihexyphenidyl,compound,BRD-A48180038-003-24-3,,['acetylcholine receptor antagonist'],20.272776,6.8357987
BR00116992,E03,A549,24,epoprostenol,compound,BRD-K64054020-001-02-7,,,20.071001,7.329844
BR00116992,E04,A549,24,sacubitril,compound,BRD-K91456750-001-01-9,,,19.773865,7.6587887
BR00116992,E05,A549,24,danusertib,compound,BRD-K07881437-001-03-8,poscon_diverse,"['growth factor receptor inhibitor', 'Aurora kinase inhibitor']",11.491582,9.344659
BR00116992,E06,A549,24,CYT-997,compound,BRD-K23363278-001-02-1,poscon_diverse,['tubulin polymerization inhibitor'],9.207508,11.124434
BR00116992,E07,A549,24,DMSO,compound,,negcon,,20.450314,7.312841
BR00116992,E08,A549,24,BQ-788,compound,BRD-K02490038-236-03-8,,['endothelin receptor antagonist'],13.500039,8.455017
BR00116992,E09,A549,24,SB-202190,compound,BRD-K54330070-001-19-6,poscon_orf,['p38 MAPK inhibitor'],14.175907,10.1166935
BR00116992,E10,A549,24,GSK2110183,compound,BRD-K25412176-001-01-9,poscon_diverse,,14.018177,9.154741
BR00116992,E11,A549,24,GSK3787,compound,BRD-K03155172-001-03-0,,['PPAR receptor antagonist'],14.09946,8.319479
BR00116992,E12,A549,24,BAM7,compound,BRD-K07442505-001-03-6,,,15.97226,8.397352
BR00116992,E13,A549,24,PHA-793887,compound,BRD-K64800655-001-09-0,poscon_diverse,['CDK inhibitor'],10.35983,9.520343
BR00116992,E14,A549,24,DMSO,compound,,negcon,,13.827895,7.982465
BR00116992,E15,A549,24,GSK-37647,compound,BRD-K26514105-001-01-7,,['free fatty acid receptor agonist'],14.334575,9.142603
BR00116992,E16,A549,24,desonide,compound,BRD-K21528677-001-04-4,,['glucocorticoid receptor agonist'],14.680124,6.251873
BR00116992,E17,A549,24,DMSO,compound,,negcon,,16.520954,8.77499
BR00116992,E18,A549,24,aloxistatin,compound,BRD-K91188791-001-17-5,,,13.717686,8.813708
BR00116992,E19,A549,24,azathioprine,compound,BRD-K32821942-001-22-1,,,13.577453,7.3712363
BR00116992,E20,A549,24,ZK-93423,compound,BRD-K33882852-003-02-8,poscon_diverse,['benzodiazepine receptor agonist'],15.925821,6.882838
BR00116992,E21,A549,24,BI-2536,compound,BRD-K64890080-001-02-1,poscon_diverse,,9.977734,11.136897
BR00116992,E22,A549,24,EI1,compound,BRD-K91535048-001-01-2,poscon_cp,['histone lysine methyltransferase inhibitor'],15.942979,7.4163065
BR00116992,E23,A549,24,NVP-HSP990,compound,BRD-K67915505-001-01-2,,['HSP inhibitor'],12.123279,6.2265067
BR00116992,E24,A549,24,DMSO,compound,,negcon,,16.530031,6.1076946
BR00116992,F01,A549,24,DMSO,compound,,negcon,,19.717701,5.9372134
BR00116992,F02,A549,24,nialamide,compound,BRD-K12102668-001-25-5,,,20.602926,6.3766313
BR00116992,F03,A549,24,DMSO,compound,,negcon,,20.706964,7.0652986
BR00116992,F04,A549,24,arundic-acid,compound,BRD-K49223707-001-01-0,,,16.14185,10.092131
BR00116992,F05,A549,24,torcitabine,compound,BRD-K91822704-003-07-2,,,15.526955,8.774816
BR00116992,F06,A549,24,DMSO,compound,,negcon,,14.819312,8.888893
BR00116992,F07,A549,24,epothilone-b,compound,BRD-K68164687-001-01-6,,"['microtubule stabilizing agent', 'tubulin polymerization inhibitor']",9.30522,11.187181
BR00116992,F08,A549,24,dyphylline,compound,BRD-A00827783-001-24-6,,['phosphodiesterase inhibitor'],15.210709,9.106177
BR00116992,F09,A549,24,DMSO,compound,,negcon,,16.085535,9.064193
BR00116992,F10,A549,24,quinidine,compound,BRD-K59632282-052-03-1,,['sodium channel blocker'],15.9565,9.84626
BR00116992,F11,A549,24,halopemide,compound,BRD-K50055394-001-03-6,,,13.509517,9.214407
BR00116992,F12,A549,24,sulfinpyrazone,compound,BRD-A36217750-001-16-3,,,15.310498,8.900341
BR00116992,F13,A549,24,ML-323,compound,BRD-K93942811-001-01-3,poscon_cp,['ubiquitin specific protease inhibitor'],15.583328,7.7412524
BR00116992,F14,A549,24,racecadotril,compound,BRD-A08187463-001-12-9,,,15.646195,8.689075
BR00116992,F15,A549,24,BRL-50481,compound,BRD-K84266862-001-03-2,,['phosphodiesterase inhibitor'],15.873036,8.747524
BR00116992,F16,A549,24,GSK2110183,compound,BRD-K25412176-001-01-9,poscon_diverse,,14.039211,9.07053
BR00116992,F17,A549,24,bufexamac,compound,BRD-K36660044-001-24-2,,['cyclooxygenase inhibitor'],16.57431,9.329478
BR00116992,F18,A549,24,anandamide,compound,BRD-K42352790-001-05-3,,,12.712046,8.247949
BR00116992,F19,A549,24,thioguanine,compound,BRD-K49350383-001-13-7,poscon_diverse,,13.062088,5.878462
BR00116992,F20,A549,24,IWP-L6,compound,BRD-K53234107-001-01-6,,['porcupine inhibitor'],16.146067,8.017708
BR00116992,F21,A549,24,edoxaban,compound,BRD-K29322660-001-01-9,,['coagulation factor inhibitor'],17.57821,7.841188
BR00116992,F22,A549,24,lonafarnib,compound,BRD-K41599323-001-02-3,poscon_diverse,,15.520812,9.695421
BR00116992,F23,A549,24,ibutamoren,compound,BRD-K44771174-066-01-0,,,15.429274,7.5699525
BR00116992,F24,A549,24,somatostatin,compound,BRD-K14681867-001-01-6,,['somatostatin receptor agonist'],16.511316,5.89937
BR00116992,G01,A549,24,L-proline,compound,BRD-K01666412-001-02-0,,,20.009527,6.642847
BR00116992,G02,A549,24,zamifenacin,compound,BRD-K80451230-051-02-6,,['acetylcholine receptor antagonist'],20.197433,7.246092
BR00116992,G03,A549,24,YC-1,compound,BRD-K60476892-001-16-1,,,19.999977,7.965514
BR00116992,G04,A549,24,DMSO,compound,,negcon,,19.852837,8.13498
BR00116992,G05,A549,24,ME-0328,compound,BRD-K24283677-001-01-9,,['PPAR receptor antagonist'],20.047335,7.638296
BR00116992,G06,A549,24,NSC-663284,compound,BRD-K03109492-001-02-2,,['CDC inhibitor'],12.920655,10.165048
BR00116992,G07,A549,24,CYM-50358,compound,BRD-K80666802-003-01-0,,,13.9625845,9.048263
BR00116992,G08,A549,24,trazodone,compound,BRD-K70778732-003-27-5,,"['adrenergic receptor antagonist', 'serotonin receptor antagonist']",14.448183,8.338716
BR00116992,G09,A549,24,DMSO,compound,,negcon,,18.421688,8.023988
BR00116992,G10,A549,24,DMSO,compound,,negcon,,15.513687,7.9728737
BR00116992,G11,A549,24,sulfasalazine,compound,BRD-K10670311-001-17-1,,['cyclooxygenase inhibitor'],14.323032,8.147138
BR00116992,G12,A549,24,"2,5-furandimethanol",compound,BRD-K29791386-001-01-8,,,15.30722,7.5244884
BR00116992,G13,A549,24,DMSO,compound,,negcon,,16.733614,9.095282
BR00116992,G14,A549,24,dilazep,compound,BRD-K48722258-300-11-0,,,15.146084,8.274517
BR00116992,G15,A549,24,felodipine,compound,BRD-A30815329-001-12-1,,['calcium channel blocker'],14.413291,7.930212
BR00116992,G16,A549,24,paliperidone,compound,BRD-A99888680-001-05-3,,"['dopamine receptor antagonist', 'serotonin receptor antagonist']",15.39707,8.012043
BR00116992,G17,A549,24,purvalanol-a,compound,BRD-K50836978-001-03-3,poscon_orf,['CDK inhibitor'],12.32474,8.720162
BR00116992,G18,A549,24,DMSO,compound,,negcon,,15.948648,8.172124
BR00116992,G19,A549,24,Ro-1138452,compound,BRD-K77220725-003-01-5,,['prostanoid receptor antagonist'],15.276005,8.410202
BR00116992,G20,A549,24,sorbinil,compound,BRD-A89164055-001-03-3,,['aldose reductase inhibitor'],16.300201,8.691594
BR00116992,G21,A549,24,TC-S-7004,compound,BRD-K89517477-001-01-4,poscon_cp,['DYRK inhibitor'],14.426523,7.8290005
BR00116992,G22,A549,24,saclofen,compound,BRD-A24122750-001-03-7,,['GABA receptor antagonist'],16.45064,7.773999
BR00116992,G23,A549,24,BAY-87-2243,compound,BRD-K70463136-001-01-5,,,16.196672,6.4702725
BR00116992,G24,A549,24,ibudilast,compound,BRD-K16444452-001-09-1,,['phosphodiesterase inhibitor'],16.641464,7.466751
BR00116992,H01,A549,24,briciclib,compound,BRD-K05531427-001-01-7,,,9.269605,11.0893135
BR00116992,H02,A549,24,2-Oleoylglycerol,compound,BRD-K77087341-001-02-4,,,20.396542,6.599892
BR00116992,H03,A549,24,RGFP966,compound,BRD-K61688984-001-02-9,poscon_cp,['HDAC inhibitor'],13.744836,8.215963
BR00116992,H04,A549,24,DMSO,compound,,negcon,,20.428953,6.445792
BR00116992,H05,A549,24,azacitidine,compound,BRD-K03406345-001-21-1,poscon_diverse,,13.204048,10.629384
BR00116992,H06,A549,24,N6-cyclopentyladenosine,compound,BRD-K60150510-001-15-6,,,20.365776,6.3154626
BR00116992,H07,A549,24,filgotinib,compound,BRD-K16803204-001-01-6,poscon_cp,['JAK inhibitor'],13.486244,7.9359164
BR00116992,H08,A549,24,guanidine,compound,BRD-K76037122-001-02-5,,['HSP inhibitor'],15.326572,9.402343
BR00116992,H09,A549,24,coumarin,compound,BRD-K23913458-001-20-7,,,15.369163,8.8858185
BR00116992,H10,A549,24,DMSO,compound,,negcon,,14.948141,8.758044
BR00116992,H11,A549,24,ZM-336372,compound,BRD-K73789395-001-09-9,poscon_orf,['RAF inhibitor'],14.983065,10.223365
BR00116992,H12,A549,24,citric-acid,compound,BRD-K76792669-001-08-1,,['coagulation factor inhibitor'],15.321934,8.862294
BR00116992,H13,A549,24,DMSO,compound,,negcon,,15.406902,8.086326
BR00116992,H14,A549,24,CCG-63802,compound,BRD-K26970495-001-02-7,,['G protein signaling inhibitor'],15.1726265,9.814946
BR00116992,H15,A549,24,ibutilide,compound,BRD-A74391928-051-03-9,,['potassium channel blocker'],16.800192,9.904771
BR00116992,H16,A549,24,batimastat,compound,BRD-K82818427-001-04-8,,['matrix metalloprotease inhibitor'],15.240353,7.2795663
BR00116992,H17,A549,24,DMSO,compound,,negcon,,15.433532,8.018726
BR00116992,H18,A549,24,DMSO,compound,,negcon,,15.955812,8.549488
BR00116992,H19,A549,24,UNC1999,compound,BRD-K26989966-001-04-3,poscon_cp,['histone lysine methyltransferase inhibitor'],8.782058,9.851683
BR00116992,H20,A549,24,glutamine-(l),compound,BRD-K83896451-001-06-7,,,16.336494,8.830675
BR00116992,H21,A549,24,PD-98059,compound,BRD-K62810658-001-11-4,poscon_orf,,14.187664,6.922086
BR00116992,H22,A549,24,enilconazole,compound,BRD-K01825690-065-01-9,,,17.11532,7.882189
BR00116992,H23,A549,24,N-alpha-Methylhistamine-dihydrochloride,compound,BRD-K75390981-300-04-9,,['histamine receptor agonist'],16.538723,7.8488197
BR00116992,H24,A549,24,GK921,compound,BRD-K38272302-001-02-7,,,9.160881,10.4954195
BR00116992,I01,A549,24,nilvadipine,compound,BRD-A84687895-001-03-2,,['calcium channel blocker'],19.791327,6.487214
BR00116992,I02,A549,24,DMSO,compound,,negcon,,19.991766,6.957897
BR00116992,I03,A549,24,AC-710,compound,BRD-K15819326-001-01-6,,['PDGFR tyrosine kinase receptor inhibitor'],13.823832,9.950058
BR00116992,I04,A549,24,PETCM,compound,BRD-A93477898-001-04-2,,,20.195652,7.9450107
BR00116992,I05,A549,24,AZD7762,compound,BRD-K86525559-001-07-8,poscon_diverse,['CHK inhibitor'],8.914683,9.509557
BR00116992,I06,A549,24,PHA-793887,compound,BRD-K64800655-001-09-0,poscon_diverse,['CDK inhibitor'],10.448885,9.454076
BR00116992,I07,A549,24,KU-60019,compound,BRD-K36016295-001-05-2,,['ATM kinase inhibitor'],12.482689,9.533948
BR00116992,I08,A549,24,nafamostat,compound,BRD-K06674495-334-04-0,,,13.775055,5.8965306
BR00116992,I09,A549,24,DMSO,compound,,negcon,,15.009592,7.1809607
BR00116992,I10,A549,24,DMSO,compound,,negcon,,15.242225,7.69748
BR00116992,I11,A549,24,taladegib,compound,BRD-K50498985-001-03-3,,['smoothened receptor antagonist'],15.201772,8.096826
BR00116992,I12,A549,24,acetohexamide,compound,BRD-K52960356-001-13-0,,['ATP channel blocker'],15.090471,8.006848
BR00116992,I13,A549,24,minocycline,compound,BRD-A69651145-003-11-4,,,18.663977,8.633337
BR00116992,I14,A549,24,BI-2536,compound,BRD-K64890080-001-02-1,poscon_diverse,,9.876716,11.147984
BR00116992,I15,A549,24,riociguat,compound,BRD-K84783599-001-01-0,,,15.199089,8.467334
BR00116992,I16,A549,24,CP-724714,compound,BRD-K76908866-001-07-6,poscon_cp,"['EGFR inhibitor', 'protein tyrosine kinase inhibitor']",13.104181,6.693532
BR00116992,I17,A549,24,ganetespib,compound,BRD-K38852836-001-04-9,poscon_diverse,['HSP inhibitor'],12.090543,6.181281
BR00116992,I18,A549,24,AZ191,compound,BRD-K80935598-001-01-1,poscon_cp,['DYRK inhibitor'],12.0235815,7.326552
BR00116992,I19,A549,24,BAX-channel-blocker,compound,BRD-A18763547-300-06-3,,,13.561177,9.581429
BR00116992,I20,A549,24,SU3327,compound,BRD-K32730239-001-01-0,,['JNK inhibitor'],12.962025,10.3990345
BR00116992,I21,A549,24,DMSO,compound,,negcon,,16.6578,8.563884
BR00116992,I22,A549,24,DMSO,compound,,negcon,,16.382904,7.5220294
BR00116992,I23,A549,24,octreotide,compound,BRD-A64173453-015-03-1,,['somatostatin receptor agonist'],16.963402,8.412268
BR00116992,I24,A549,24,1-octanol,compound,BRD-K09338665-001-08-9,,,16.47609,6.8046203
BR00116992,J01,A549,24,acalabrutinib,compound,BRD-K64034691-001-01-9,,"[""Bruton's tyrosine kinase (BTK) inhibitor""]",20.07591,6.371989
BR00116992,J02,A549,24,rifamycin,compound,BRD-K38512030-001-01-7,,,20.358133,7.0809846
BR00116992,J03,A549,24,pazopanib,compound,BRD-K74514084-003-09-2,,"['KIT inhibitor', 'VEGFR inhibitor', 'PDGFR tyrosine kinase receptor inhibitor']",14.168021,10.390437
BR00116992,J04,A549,24,RKI-1447,compound,BRD-K19333160-001-01-3,poscon_cp,,15.543665,10.694272
BR00116992,J05,A549,24,vitamin-E,compound,BRD-K97091514-001-11-4,,['PKC inhibitor'],15.516701,9.413453
BR00116992,J06,A549,24,lonafarnib,compound,BRD-K41599323-001-02-3,poscon_diverse,,15.569548,9.5665045
BR00116992,J07,A549,24,ethyl-pyruvate,compound,BRD-K47738867-001-01-5,,,15.254004,8.955162
BR00116992,J08,A549,24,picrotin,compound,BRD-A91822151-001-05-0,,['GABA receptor antagonist'],15.1246395,8.9599495
BR00116992,J09,A549,24,SGX523,compound,BRD-K19477839-001-07-6,poscon_cp,,15.029077,8.637955
BR00116992,J10,A549,24,PP-2,compound,BRD-K95785537-001-22-3,,['src inhibitor'],12.645553,8.271874
BR00116992,J11,A549,24,ME-0328,compound,BRD-A63444178-001-01-5,,['PPAR receptor antagonist'],15.109497,8.49758
BR00116992,J12,A549,24,AZD9668,compound,BRD-K31476763-001-01-5,,['elastase inhibitor'],15.656042,8.437074
BR00116992,J13,A549,24,NQDI-1,compound,BRD-K61918008-001-07-1,,,15.314254,8.905203
BR00116992,J14,A549,24,DMSO,compound,,negcon,,15.766156,8.604546
BR00116992,J15,A549,24,carzenide,compound,BRD-K09295674-001-09-8,,,15.253363,7.451421
BR00116992,J16,A549,24,KU-55933,compound,BRD-K25311561-001-10-7,,['ATM kinase inhibitor'],13.7609005,8.255642
BR00116992,J17,A549,24,NVP-AEW541,compound,BRD-K24696047-001-02-3,poscon_cp,['IGF-1 inhibitor'],13.1521225,9.289405
BR00116992,J18,A549,24,leflunomide,compound,BRD-K78692225-001-24-5,,['PDGFR tyrosine kinase receptor inhibitor'],15.17276,7.323708
BR00116992,J19,A549,24,DMSO,compound,,negcon,,16.090214,8.342103
BR00116992,J20,A549,24,azacitidine,compound,BRD-K03406345-001-21-1,poscon_diverse,,13.155933,10.613084
BR00116992,J21,A549,24,ixabepilone,compound,BRD-K03601870-001-01-2,,['microtubule stabilizing agent'],9.322468,11.194515
BR00116992,J22,A549,24,KH-CB19,compound,BRD-K66430217-001-03-8,poscon_cp,['CDC inhibitor'],16.032131,7.4932475
BR00116992,J23,A549,24,DMSO,compound,,negcon,,16.686665,7.773356
BR00116992,J24,A549,24,PF-05190457,compound,BRD-K02554563-001-01-6,,,16.907814,7.0181055
BR00116992,K01,A549,24,LDN-212854,compound,BRD-K59831625-001-03-9,,,8.817396,9.848714
BR00116992,K02,A549,24,formononetin,compound,BRD-K55567017-001-12-3,,['alcohol dehydrogenase inhibitor'],20.376009,7.424103
BR00116992,K03,A549,24,aminopurvalanol-a,compound,BRD-K07762753-001-05-1,poscon_orf,['CDK inhibitor'],11.6339445,8.861837
BR00116992,K04,A549,24,ruxolitinib,compound,BRD-K53972329-001-01-3,poscon_cp,['JAK inhibitor'],15.683412,10.255748
BR00116992,K05,A549,24,DMSO,compound,,negcon,,20.4251,7.7526035
BR00116992,K06,A549,24,DMSO,compound,,negcon,,14.936356,10.538663
BR00116992,K07,A549,24,LGK-974,compound,BRD-K16810791-001-01-0,,['porcupine inhibitor'],14.87213,6.6691256
BR00116992,K08,A549,24,polydatin,compound,BRD-K43236057-001-07-1,,['ICAM1 expression inhibitor'],11.220142,9.07658
BR00116992,K09,A549,24,enflurane,compound,BRD-A51831848-001-01-7,,,20.394493,7.50423
BR00116992,K10,A549,24,PFI-1,compound,BRD-K13094524-001-04-2,poscon_cp,,15.292043,7.7808437
BR00116992,K11,A549,24,AZD7762,compound,BRD-K86525559-001-07-8,poscon_diverse,['CHK inhibitor'],8.896996,9.57692
BR00116992,K12,A549,24,sotrastaurin,compound,BRD-K16761703-001-03-8,,['PKC inhibitor'],13.83238,8.160271
BR00116992,K13,A549,24,DMSO,compound,,negcon,,16.244293,8.6520405
BR00116992,K14,A549,24,cycloheximide,compound,BRD-K36055864-001-20-0,,['protein synthesis inhibitor'],11.006735,9.231685
BR00116992,K15,A549,24,oxytocin,compound,BRD-K25243230-001-01-2,,,15.673146,7.836129
BR00116992,K16,A549,24,DMSO,compound,,negcon,,16.082731,7.9413824
BR00116992,K17,A549,24,colchicine,compound,BRD-K00259736-001-16-4,,,9.222584,11.160116
BR00116992,K18,A549,24,afimoxifene,compound,BRD-K04210847-001-21-9,,,16.518984,9.2463665
BR00116992,K19,A549,24,DMSO,compound,,negcon,,16.525402,8.61484
BR00116992,K20,A549,24,ZK-93423,compound,BRD-K33882852-003-02-8,poscon_diverse,['benzodiazepine receptor agonist'],16.256132,7.584363
BR00116992,K21,A549,24,RGB-286638,compound,BRD-K20986415-001-02-6,,['CDK inhibitor'],9.213785,9.535729
BR00116992,K22,A549,24,FPS-ZM1,compound,BRD-K87691185-001-01-2,,['RAGE receptor antagonist'],16.833046,8.541823
BR00116992,K23,A549,24,flindokalner,compound,BRD-K56740996-001-02-1,,,17.002012,8.535345
BR00116992,K24,A549,24,motesanib,compound,BRD-K99616396-316-05-3,,"['KIT inhibitor', 'VEGFR inhibitor', 'PDGFR tyrosine kinase receptor inhibitor']",16.19267,6.338757
BR00116992,L01,A549,24,geldanamycin,compound,BRD-K43570081-001-02-4,,['HSP inhibitor'],12.280869,6.117177
BR00116992,L02,A549,24,DMSO,compound,,negcon,,20.390005,6.4955945
BR00116992,L03,A549,24,CGP-53353,compound,BRD-K32292990-001-03-6,,"['PKC inhibitor', 'EGFR inhibitor']",20.516052,6.9023957
BR00116992,L04,A549,24,7-hydroxystaurosporine,compound,BRD-K45293975-001-02-0,,"['CDK inhibitor', 'PKC inhibitor', 'CHK inhibitor']",9.582279,8.744942
BR00116992,L05,A549,24,DMSO,compound,,negcon,,15.278067,8.43026
BR00116992,L06,A549,24,DMSO,compound,,negcon,,14.911717,9.058338
BR00116992,L07,A549,24,efaproxiral,compound,BRD-K37355418-236-01-6,,,15.7710285,8.851443
BR00116992,L08,A549,24,SB-203580,compound,BRD-A37704979-001-12-3,poscon_orf,['p38 MAPK inhibitor'],12.752788,6.3290825
BR00116992,L09,A549,24,FK-866,compound,BRD-K58550667-001-08-7,poscon_diverse,,13.103049,7.0299187
BR00116992,L10,A549,24,bepridil,compound,BRD-A91008255-003-24-8,,['calcium channel blocker'],14.797764,7.594872
BR00116992,L11,A549,24,delanzomib,compound,BRD-K59325863-001-04-4,,,8.260978,10.222261
BR00116992,L12,A549,24,buparlisib,compound,BRD-K42191735-001-08-7,poscon_diverse,,9.260883,10.590577
BR00116992,L13,A549,24,phenylbutazone,compound,BRD-K10843433-001-23-5,,"['cyclooxygenase inhibitor', 'prostanoid receptor antagonist']",15.559817,8.415842
BR00116992,L14,A549,24,deferasirox,compound,BRD-K97010173-001-04-1,,,15.450448,7.561777
BR00116992,L15,A549,24,DMSO,compound,,negcon,,15.6357155,9.142175
BR00116992,L16,A549,24,cediranib,compound,BRD-K86930074-001-05-0,,"['KIT inhibitor', 'VEGFR inhibitor']",13.001922,9.005409
BR00116992,L17,A549,24,isoflurane,compound,BRD-A31564021-001-02-6,,,15.539682,7.6875057
BR00116992,L18,A549,24,DMSO,compound,,negcon,,16.167961,8.26903
BR00116992,L19,A549,24,CCG-50014,compound,BRD-K08893438-001-06-4,,['G protein signaling inhibitor'],16.91765,8.640243
BR00116992,L20,A549,24,PF-431396,compound,BRD-K93788137-001-04-1,,,11.294107,9.482946
BR00116992,L21,A549,24,TG-02,compound,BRD-K14560436-001-01-4,,"['CDK inhibitor', 'FLT3 inhibitor', 'JAK inhibitor']",10.385974,9.414527
BR00116992,L22,A549,24,baclofen,compound,BRD-K01826724-003-07-9,,['benzodiazepine receptor agonist'],16.232513,7.962369
BR00116992,L23,A549,24,thiostrepton,compound,BRD-A20697603-001-07-2,,['protein synthesis inhibitor'],13.471999,9.726138
BR00116992,L24,A549,24,flufenamic-acid,compound,BRD-K44067360-001-29-5,,,16.727657,6.2607446
BR00116992,M01,A549,24,DMSO,compound,,negcon,,19.93617,6.51014
BR00116992,M02,A549,24,LY2109761,compound,BRD-K47557313-001-02-7,,,13.033985,7.667424
BR00116992,M03,A549,24,olopatadine,compound,BRD-K67637637-003-11-8,,['histamine receptor antagonist'],20.072289,7.3872075
BR00116992,M04,A549,24,DMSO,compound,,negcon,,20.287466,7.443041
BR00116992,M05,A549,24,castanospermine,compound,BRD-K20897876-001-11-8,,['glucosidase inhibitor'],19.960825,7.679189
BR00116992,M06,A549,24,A205804,compound,BRD-K77627880-001-04-0,,['ICAM1 expression inhibitor'],15.066832,5.7668467
BR00116992,M07,A549,24,VU591,compound,BRD-K72063794-003-01-0,,['potassium channel blocker'],19.983294,7.6613216
BR00116992,M08,A549,24,dalbavancin,compound,BRD-K30177383-001-01-0,,['bacterial cell wall synthesis inhibitor'],20.34701,7.221576
BR00116992,M09,A549,24,CC-401,compound,BRD-K45746021-003-01-9,,['JNK inhibitor'],13.507301,7.5080657
BR00116992,M10,A549,24,ganetespib,compound,BRD-K38852836-001-04-9,poscon_diverse,['HSP inhibitor'],12.077174,6.1914167
BR00116992,M11,A549,24,ingenol-mebutate,compound,BRD-K93779381-001-01-9,,,14.401001,10.701344
BR00116992,M12,A549,24,menadione,compound,BRD-K78126613-001-27-7,,,14.600091,10.2295475
BR00116992,M13,A549,24,cetilistat,compound,BRD-K94863486-001-02-2,,,18.629515,8.182791
BR00116992,M14,A549,24,methoxsalen,compound,BRD-K63430059-001-16-4,,['DNA synthesis inhibitor'],15.359434,7.4955587
BR00116992,M15,A549,24,cyclosporine,compound,BRD-K13533483-001-16-2,,,12.366181,8.827517
BR00116992,M16,A549,24,NSC-632839,compound,BRD-K81197548-003-01-4,poscon_cp,['ubiquitin specific protease inhibitor'],9.11543,10.711814
BR00116992,M17,A549,24,DMSO,compound,,negcon,,16.583374,8.272581
BR00116992,M18,A549,24,TG-003,compound,BRD-K97072811-001-11-4,poscon_cp,,14.7094145,7.71377
BR00116992,M19,A549,24,oxibendazole,compound,BRD-K52075715-001-06-7,,['tubulin polymerization inhibitor'],9.248184,11.136079
BR00116992,M20,A549,24,TG-101348,compound,BRD-K12502280-001-11-4,poscon_cp,"['JAK inhibitor', 'FLT3 inhibitor']",8.609005,9.582238
BR00116992,M21,A549,24,miglitol,compound,BRD-A63310107-001-04-8,,['glucosidase inhibitor'],16.502214,7.1882324
BR00116992,M22,A549,24,DMSO,compound,,negcon,,17.030659,8.712233
BR00116992,M23,A549,24,DMSO,compound,,negcon,,16.55496,6.8646297
BR00116992,M24,A549,24,tranilast,compound,BRD-K17849083-001-32-9,,,17.013288,5.92793
BR00116992,N01,A549,24,4-methylhistamine,compound,BRD-K70821460-300-02-4,,['histamine receptor agonist'],20.287542,6.3377175
BR00116992,N02,A549,24,LDN-27219,compound,BRD-K51485109-001-01-4,,,20.378326,6.715841
BR00116992,N03,A549,24,anisomycin,compound,BRD-K91370081-001-25-1,,['DNA synthesis inhibitor'],9.126855,9.78635
BR00116992,N04,A549,24,thioguanine,compound,BRD-K49350383-001-13-7,poscon_diverse,,13.117634,5.8235984
BR00116992,N05,A549,24,droxinostat,compound,BRD-K11558771-001-13-9,,['HDAC inhibitor'],20.528313,7.367474
BR00116992,N06,A549,24,UNC2025,compound,BRD-K91283740-003-01-6,poscon_cp,['FLT3 inhibitor'],10.326782,9.049732
BR00116992,N07,A549,24,DMSO,compound,,negcon,,19.676058,5.271749
BR00116992,N08,A549,24,DMSO,compound,,negcon,,20.36166,6.649739
BR00116992,N09,A549,24,AMG900,compound,BRD-K21728777-001-02-3,poscon_cp,['Aurora kinase inhibitor'],11.335415,9.521185
BR00116992,N10,A549,24,PF-06463922,compound,BRD-A23124853-001-01-4,,['ALK tyrosine kinase receptor inhibitor'],12.942818,6.5663333
BR00116992,N11,A549,24,orantinib,compound,BRD-K55966568-001-09-6,poscon_cp,"['FGFR inhibitor', 'PDGFR tyrosine kinase receptor inhibitor', 'VEGFR inhibitor']",12.618078,7.997737
BR00116992,N12,A549,24,fludarabine-phosphate,compound,BRD-K71106091-001-09-5,,['ribonucleotide reductase inhibitor'],15.065551,6.2496767
BR00116992,N13,A549,24,ceritinib,compound,BRD-K22149900-001-06-2,,['ALK tyrosine kinase receptor inhibitor'],13.138152,6.7466373
BR00116992,N14,A549,24,NVS-PAK1-1,compound,BRD-K28132190-001-02-0,poscon_cp,['p21 activated kinase inhibitor'],15.331039,7.088842
BR00116992,N15,A549,24,homoharringtonine,compound,BRD-K76674262-001-03-3,,['protein synthesis inhibitor'],9.18524,9.740849
BR00116992,N16,A549,24,picrotoxinin,compound,BRD-K36461289-001-05-8,,['GABA receptor antagonist'],16.84325,5.7070947
BR00116992,N17,A549,24,DMSO,compound,,negcon,,17.222921,8.613716
BR00116992,N18,A549,24,danusertib,compound,BRD-K07881437-001-03-8,poscon_diverse,"['growth factor receptor inhibitor', 'Aurora kinase inhibitor']",11.493496,9.355723
BR00116992,N19,A549,24,romidepsin,compound,BRD-K61397605-001-01-8,poscon_cp,['HDAC inhibitor'],8.671653,9.713282
BR00116992,N20,A549,24,FERb-033,compound,BRD-K61642990-001-01-0,poscon_cp,['EGFR inhibitor'],16.639776,7.5032177
BR00116992,N21,A549,24,PF-03758309,compound,BRD-K37764012-001-03-3,poscon_diverse,['p21 activated kinase inhibitor'],10.275717,9.204768
BR00116992,N22,A549,24,DMSO,compound,,negcon,,18.596054,7.5336485
BR00116992,N23,A549,24,trometamol,compound,BRD-K47978074-001-03-2,,,17.308025,6.872816
BR00116992,N24,A549,24,simvastatin,compound,BRD-K22134346-001-22-3,,['HMGCR inhibitor'],17.59827,5.1959023
BR00116992,O01,A549,24,zaprinast,compound,BRD-K16542329-001-16-8,,['phosphodiesterase inhibitor'],19.76055,6.085006
BR00116992,O02,A549,24,dexamethasone,compound,BRD-A10188456-001-04-9,,['glucocorticoid receptor agonist'],14.5736,5.912519
BR00116992,O03,A549,24,salicylic-acid,compound,BRD-K93632104-001-17-2,,['cyclooxygenase inhibitor'],20.086443,7.179612
BR00116992,O04,A549,24,diltiazem,compound,BRD-A69636825-003-04-7,,['calcium channel blocker'],19.986626,7.072633
BR00116992,O05,A549,24,phenolphthalein,compound,BRD-K19227686-001-18-6,,,19.65025,6.927489
BR00116992,O06,A549,24,niflumic-acid,compound,BRD-K98763141-001-30-8,,['cyclooxygenase inhibitor'],20.26243,7.805078
BR00116992,O07,A549,24,DMSO,compound,,negcon,,19.307003,7.6929073
BR00116992,O08,A549,24,L-Cystine,compound,BRD-A15397381-001-02-5,,,19.759388,6.971741
BR00116992,O09,A549,24,ozanimod,compound,BRD-K46625559-001-01-8,,['sphingosine 1 phosphate receptor agonist'],13.906673,7.0401835
BR00116992,O10,A549,24,efaroxan,compound,BRD-A10739734-003-09-8,,['adrenergic receptor antagonist'],18.439577,7.7114425
BR00116992,O11,A549,24,NBQX,compound,BRD-K11796549-001-05-2,,['glutamate receptor antagonist'],19.61228,7.1178885
BR00116992,O12,A549,24,dinoprostone,compound,BRD-K26521938-001-07-2,,['prostanoid receptor agonist'],19.54431,7.004442
BR00116992,O13,A549,24,Ro-20-1724,compound,BRD-A07207424-001-14-0,,['phosphodiesterase inhibitor'],19.355888,6.786453
BR00116992,O14,A549,24,xanomeline,compound,BRD-K72815923-034-02-0,,['acetylcholine receptor agonist'],18.71699,7.582595
BR00116992,O15,A549,24,terazosin,compound,BRD-K01825589-310-02-9,,['adrenergic receptor antagonist'],19.714758,7.1001315
BR00116992,O16,A549,24,BVT-948,compound,BRD-K68567222-001-01-2,,,17.0516,7.2647886
BR00116992,O17,A549,24,nicotine,compound,BRD-K01825660-322-01-9,,['acetylcholine receptor agonist'],17.485226,6.455796
BR00116992,O18,A549,24,DMSO,compound,,negcon,,17.62574,6.02348
BR00116992,O19,A549,24,U-0521,compound,BRD-K08953028-001-09-6,,,16.452337,6.3035984
BR00116992,O20,A549,24,BMS-587101,compound,BRD-K20093108-001-02-3,,,17.177795,6.7199044
BR00116992,O21,A549,24,nimodipine,compound,BRD-A58048407-001-20-4,,['calcium channel blocker'],19.151844,7.4841213
BR00116992,O22,A549,24,pyrrolidine-dithiocarbamate,compound,BRD-K80970344-201-08-6,,,13.871394,6.0820665
BR00116992,O23,A549,24,PF-915275,compound,BRD-K18289362-001-02-2,,,16.965563,6.718511
BR00116992,O24,A549,24,JTE-013,compound,BRD-K43330982-001-02-3,,,16.798176,6.211168
BR00116992,P01,A549,24,sodium-butyrate,compound,BRD-K05878375-236-05-7,,['HDAC inhibitor'],19.609257,5.1735277
BR00116992,P02,A549,24,pentostatin,compound,BRD-K91543828-001-02-0,,['ribonucleotide reductase inhibitor'],20.003927,5.0973153
BR00116992,P03,A549,24,OMDM-2,compound,BRD-K48830578-001-01-9,,,19.77214,4.9183655
BR00116992,P04,A549,24,nalmefene,compound,BRD-A72767275-003-01-6,,,20.005388,5.280189
BR00116992,P05,A549,24,DMSO,compound,,negcon,,20.00449,5.2240157
BR00116992,P06,A549,24,1-EBIO,compound,BRD-K70586315-001-02-4,,,19.805925,4.920955
BR00116992,P07,A549,24,SB-505124,compound,BRD-K40109029-001-02-9,,['ALK tyrosine kinase receptor inhibitor'],20.11564,5.327151
BR00116992,P08,A549,24,prasugrel,compound,BRD-A83029242-001-06-1,,['purinergic receptor antagonist'],19.249811,4.5194707
BR00116992,P09,A549,24,pidolic-acid,compound,BRD-K57313110-001-06-8,,,19.16684,4.8326964
BR00116992,P10,A549,24,DMSO,compound,,negcon,,19.090105,4.562226
BR00116992,P11,A549,24,nevirapine,compound,BRD-K15502390-001-20-9,,,19.370173,4.799654
BR00116992,P12,A549,24,triamterene,compound,BRD-K92049597-001-20-8,,['sodium channel blocker'],18.605438,4.358503
BR00116992,P13,A549,24,regorafenib,compound,BRD-K16730910-001-07-3,,"['PDGFR tyrosine kinase receptor inhibitor', 'RAF inhibitor', 'KIT inhibitor', 'RET tyrosine kinase inhibitor', 'FGFR inhibitor', 'VEGFR inhibitor']",18.418085,4.818067
BR00116992,P14,A549,24,cyclophosphamide,compound,BRD-A09722536-002-18-0,,,17.066025,5.52057
BR00116992,P15,A549,24,olanzapine,compound,BRD-K18895904-001-16-1,,"['dopamine receptor antagonist', 'serotonin receptor antagonist']",19.656183,4.977838
BR00116992,P16,A549,24,KI-16425,compound,BRD-A25569250-001-03-3,,['lysophosphatidic acid receptor antagonist'],12.510493,7.833397
BR00116992,P17,A549,24,SKLB1002,compound,BRD-K29895144-001-01-0,,['VEGFR inhibitor'],18.096083,4.550194
BR00116992,P18,A549,24,cilostazol,compound,BRD-K67017579-001-28-1,,['phosphodiesterase inhibitor'],18.433481,4.356813
BR00116992,P19,A549,24,AZD1283,compound,BRD-K77060810-001-01-5,,['purinergic receptor antagonist'],18.382816,4.439331
BR00116992,P20,A549,24,A-987306,compound,BRD-K68982262-001-01-4,,['histamine receptor antagonist'],15.56535,5.6975026
BR00116992,P21,A549,24,procaine,compound,BRD-K24616672-003-20-1,,['HMGCR inhibitor'],19.554981,4.8977075
BR00116992,P22,A549,24,miconazole,compound,BRD-A82396632-008-30-8,,['bacterial cell wall synthesis inhibitor'],18.08745,5.013874
BR00116992,P23,A549,24,loperamide,compound,BRD-K61250553-003-30-6,,,15.804183,5.8540936
BR00116992,P24,A549,24,aripiprazole,compound,BRD-K70358946-001-17-3,,['serotonin receptor antagonist'],16.206161,5.757886
BR00116993,A01,A549,24,gabapentin-enacarbil,compound,BRD-A86665761-001-01-1,,,19.540466,5.779288
BR00116993,A02,A549,24,DMSO,compound,,negcon,,19.583326,5.758857
BR00116993,A03,A549,24,amlodipine,compound,BRD-A22032524-074-09-9,,['calcium channel blocker'],15.155362,5.460679
BR00116993,A04,A549,24,hexestrol,compound,BRD-A01078468-001-14-8,,,19.160587,5.566832
BR00116993,A05,A549,24,quinine,compound,BRD-K48278478-001-01-2,,,18.6993,5.2616253
BR00116993,A06,A549,24,LOXO-101,compound,BRD-K36574127-001-01-3,,,19.512413,5.8945804
BR00116993,A07,A549,24,brinzolamide,compound,BRD-K74913225-001-14-0,,['carbonic anhydrase inhibitor'],18.462002,5.2235227
BR00116993,A08,A549,24,NS-11021,compound,BRD-K94342292-001-01-3,,['calcium-activated potassium channel activator'],16.779718,4.4581413
BR00116993,A09,A549,24,DMSO,compound,,negcon,,17.512308,5.02617
BR00116993,A10,A549,24,GNF-5837,compound,BRD-K19975102-001-01-2,,['growth factor receptor inhibitor'],16.527075,4.474609
BR00116993,A11,A549,24,apatinib,compound,BRD-K25244359-066-02-6,,['RET tyrosine kinase inhibitor'],15.935549,4.7529607
BR00116993,A12,A549,24,ethoxzolamide,compound,BRD-K18131774-001-18-4,,['carbonic anhydrase inhibitor'],17.802525,4.970333
BR00116993,A13,A549,24,ascorbic-acid,compound,BRD-A85242401-001-11-5,,,17.505035,5.162056
BR00116993,A14,A549,24,ryuvidine,compound,BRD-K06426971-001-02-7,,['histone lysine methyltransferase inhibitor'],9.414523,9.918148
BR00116993,A15,A549,24,BAN-ORL-24,compound,BRD-K47049295-300-03-1,,,9.914034,10.325344
BR00116993,A16,A549,24,NNC-55-0396,compound,BRD-K78122587-300-04-3,,,13.820311,9.26188
BR00116993,A17,A549,24,DMSO,compound,,negcon,,17.217337,5.311837
BR00116993,A18,A549,24,WH-4-023,compound,BRD-K50199947-001-03-4,,['src inhibitor'],12.316039,8.145484
BR00116993,A19,A549,24,flupirtine,compound,BRD-K50720187-051-03-1,,['glutamate receptor antagonist'],16.931047,5.1899023
BR00116993,A20,A549,24,ZK811752,compound,BRD-K91825936-001-03-9,,,17.624475,5.2419214
BR00116993,A21,A549,24,dexamethasone,compound,BRD-K38775274-001-22-1,,['glucocorticoid receptor agonist'],14.6981535,6.0265436
BR00116993,A22,A549,24,PP-1,compound,BRD-K47598052-001-14-1,,['src inhibitor'],12.454678,8.258661
BR00116993,A23,A549,24,DDR1-IN-1,compound,BRD-K61845293-300-01-9,,,15.876701,6.085406
BR00116993,A24,A549,24,AVL-292,compound,BRD-K87782578-001-01-4,,"[""Bruton's tyrosine kinase (BTK) inhibitor""]",12.07921,8.04014
BR00116993,B01,A549,24,H2L-5765834,compound,BRD-K26439554-001-01-3,,['lysophosphatidic acid receptor antagonist'],20.112434,5.769674
BR00116993,B02,A549,24,thiostrepton,compound,BRD-K58049875-001-03-9,,['protein synthesis inhibitor'],13.012621,9.442332
BR00116993,B03,A549,24,DMSO,compound,,negcon,,20.359594,6.6525087
BR00116993,B04,A549,24,arcyriaflavin-a,compound,BRD-K72726508-001-02-1,,['CDK inhibitor'],12.906711,6.2904773
BR00116993,B05,A549,24,CYM-5520,compound,BRD-K29151923-001-01-5,,['sphingosine 1 phosphate receptor agonist'],12.709482,8.014692
BR00116993,B06,A549,24,fludarabine,compound,BRD-K66788707-001-14-3,,['ribonucleotide reductase inhibitor'],15.127191,6.3196945
BR00116993,B07,A549,24,alda-1,compound,BRD-K06890060-001-09-1,,,19.959312,5.110369
BR00116993,B08,A549,24,meclofenamic-acid,compound,BRD-K50398167-236-22-7,,"['cyclooxygenase inhibitor', 'prostanoid receptor antagonist']",15.692277,7.795368
BR00116993,B09,A549,24,GNF-5,compound,BRD-K87632963-001-03-0,,['Bcr-Abl kinase inhibitor'],16.031597,8.441625
BR00116993,B10,A549,24,NS-309,compound,BRD-K37602296-001-01-6,,['calcium-activated potassium channel activator'],12.568912,7.910318
BR00116993,B11,A549,24,AK-7,compound,BRD-K09143580-001-01-0,,['SIRT inhibitor'],15.090212,10.187854
BR00116993,B12,A549,24,BVT-948,compound,BRD-A22713669-001-04-3,,,17.108284,6.963154
BR00116993,B13,A549,24,SirReal-2,compound,BRD-K16472653-001-01-6,,['SIRT inhibitor'],13.631759,6.253268
BR00116993,B14,A549,24,DMSO,compound,,negcon,,12.657123,8.18455
BR00116993,B15,A549,24,BMS-536924,compound,BRD-K34581968-001-05-3,,['IGF-1 inhibitor'],12.193873,8.253954
BR00116993,B16,A549,24,PP-121,compound,BRD-K81801188-001-02-8,,['protein tyrosine kinase inhibitor'],13.616132,10.562213
BR00116993,B17,A549,24,MCOPPB,compound,BRD-K73276278-305-01-1,,,13.964077,8.903207
BR00116993,B18,A549,24,ozagrel,compound,BRD-K53061490-003-13-9,,,16.57731,7.942789
BR00116993,B19,A549,24,CYM-5442,compound,BRD-A43005764-003-01-5,,['sphingosine 1 phosphate receptor agonist'],15.492287,8.277838
BR00116993,B20,A549,24,CVT-10216,compound,BRD-K60659193-001-01-0,,,16.725674,6.387733
BR00116993,B21,A549,24,TCN201,compound,BRD-K09787262-001-02-7,,['glutamate receptor antagonist'],12.926872,8.014663
BR00116993,B22,A549,24,fomepizole,compound,BRD-K56810756-003-07-7,,['alcohol dehydrogenase inhibitor'],16.685562,6.3964486
BR00116993,B23,A549,24,benzamil,compound,BRD-K87158025-003-08-7,,['sodium channel blocker'],16.579315,6.486321
BR00116993,B24,A549,24,lercanidipine,compound,BRD-A18992208-003-02-7,,['calcium channel blocker'],16.296425,6.0000553
BR00116993,C01,A549,24,4-CMTB,compound,BRD-A54139254-001-09-2,,['free fatty acid receptor agonist'],19.759436,6.298685
BR00116993,C02,A549,24,ML-228,compound,BRD-K44432556-001-05-5,,,20.249565,6.947294
BR00116993,C03,A549,24,DMSO,compound,,negcon,,20.220041,7.6752696
BR00116993,C04,A549,24,GSK1070916,compound,BRD-K36740062-001-06-6,,['Aurora kinase inhibitor'],11.121547,9.039915
BR00116993,C05,A549,24,ML-193,compound,BRD-K27539181-001-08-5,,,19.987692,7.7369885
BR00116993,C06,A549,24,DMSO,compound,,negcon,,19.68752,7.3857594
BR00116993,C07,A549,24,M-25,compound,BRD-K51265828-001-01-0,,['smoothened receptor antagonist'],14.990903,6.8327675
BR00116993,C08,A549,24,azeliragon,compound,BRD-K51899933-001-02-6,,['RAGE receptor antagonist'],13.753695,10.347141
BR00116993,C09,A549,24,CYT-997,compound,BRD-K23363278-001-02-1,poscon_diverse,['tubulin polymerization inhibitor'],9.162198,11.212499
BR00116993,C10,A549,24,AR-12,compound,BRD-K90497590-001-05-9,,,8.340479,9.206991
BR00116993,C11,A549,24,CYM-50260,compound,BRD-K69877120-001-01-7,,['sphingosine 1 phosphate receptor agonist'],14.304306,6.7674785
BR00116993,C12,A549,24,DMSO,compound,,negcon,,16.084139,6.8540297
BR00116993,C13,A549,24,KG-5,compound,BRD-K90747162-001-01-4,poscon_cp,['RAF inhibitor'],9.247209,11.06134
BR00116993,C14,A549,24,JTE-607,compound,BRD-K81405859-300-01-4,,,15.0983715,6.75181
BR00116993,C15,A549,24,DMSO,compound,,negcon,,16.591436,6.9949527
BR00116993,C16,A549,24,ilomastat,compound,BRD-K51662849-001-05-4,,['matrix metalloprotease inhibitor'],16.204212,6.918234
BR00116993,C17,A549,24,RX-821002,compound,BRD-A65597028-003-08-1,,['adrenergic receptor antagonist'],16.042955,8.319251
BR00116993,C18,A549,24,DMSO,compound,,negcon,,16.256414,8.420905
BR00116993,C19,A549,24,TUG-891,compound,BRD-K24282351-001-01-4,,['free fatty acid receptor agonist'],16.27383,6.7068877
BR00116993,C20,A549,24,ponatinib,compound,BRD-K44227013-001-08-0,,"['PDGFR tyrosine kinase receptor inhibitor', 'FLT3 inhibitor', 'Bcr-Abl kinase inhibitor']",8.715251,9.641454
BR00116993,C21,A549,24,DMSO,compound,,negcon,,16.711065,7.6922054
BR00116993,C22,A549,24,puromycin,compound,BRD-K01824976-300-02-9,,['protein synthesis inhibitor'],8.939116,10.119174
BR00116993,C23,A549,24,SRC-kinase-inhibitor-I,compound,BRD-K50495309-001-02-0,,['src inhibitor'],12.995671,6.9326444
BR00116993,C24,A549,24,acetylcysteine,compound,BRD-K59058747-001-19-1,,,16.549576,6.1692567
BR00116993,D01,A549,24,NSC-625987,compound,BRD-K62949423-001-03-1,,['CDK inhibitor'],20.23223,6.3354607
BR00116993,D02,A549,24,dalfampridine,compound,BRD-K22482860-001-20-6,,['potassium channel blocker'],20.24348,6.7865505
BR00116993,D03,A549,24,NSC-95397,compound,BRD-K68143200-001-11-7,,['CDC inhibitor'],13.866871,10.24019
BR00116993,D04,A549,24,alrestatin,compound,BRD-K35498378-001-06-1,,['aldose reductase inhibitor'],20.393297,5.9823313
BR00116993,D05,A549,24,PF-03758309,compound,BRD-K37764012-001-03-3,poscon_diverse,['p21 activated kinase inhibitor'],20.464735,6.2080135
BR00116993,D06,A549,24,IRL-2500,compound,BRD-K98357249-001-02-9,,['endothelin receptor antagonist'],14.932395,10.440226
BR00116993,D07,A549,24,PF-04217903,compound,BRD-K73319509-001-08-0,poscon_cp,,15.631595,8.833728
BR00116993,D08,A549,24,FK-866,compound,BRD-K58550667-001-08-7,poscon_diverse,,13.107322,6.9842443
BR00116993,D09,A549,24,amlexanox,compound,BRD-K29530284-001-06-2,,,15.262673,7.8729434
BR00116993,D10,A549,24,GW-311616,compound,BRD-K37864785-001-01-0,,['elastase inhibitor'],14.865873,9.794833
BR00116993,D11,A549,24,buparlisib,compound,BRD-K42191735-001-08-7,poscon_diverse,,9.226269,10.438504
BR00116993,D12,A549,24,amiloride,compound,BRD-K97181089-003-24-7,,['sodium channel blocker'],12.651153,8.357411
BR00116993,D13,A549,24,DG-172,compound,BRD-K75748943-300-01-3,,,13.746224,9.3974
BR00116993,D14,A549,24,DMSO,compound,,negcon,,14.967923,7.932022
BR00116993,D15,A549,24,DMSO,compound,,negcon,,15.821943,7.671626
BR00116993,D16,A549,24,NVP-ADW742,compound,BRD-K15179513-001-04-2,poscon_cp,,13.25643,9.545908
BR00116993,D17,A549,24,misoprostol,compound,BRD-A72351335-001-04-5,,['prostanoid receptor agonist'],15.032734,7.7482953
BR00116993,D18,A549,24,conivaptan,compound,BRD-K37385792-003-02-1,,,15.075937,8.637244
BR00116993,D19,A549,24,spiroxatrine,compound,BRD-A72483914-001-03-7,,['serotonin receptor antagonist'],16.501625,7.8283105
BR00116993,D20,A549,24,diacerein,compound,BRD-K69122748-001-10-1,,,16.136538,6.9423203
BR00116993,D21,A549,24,DMSO,compound,,negcon,,16.672527,7.843063
BR00116993,D22,A549,24,DMSO,compound,,negcon,,16.588089,7.677786
BR00116993,D23,A549,24,glyburide,compound,BRD-K36927236-001-36-7,,['ATP channel blocker'],16.86935,7.9138126
BR00116993,D24,A549,24,ANR-94,compound,BRD-K31170746-001-01-6,,,16.588938,5.8589
BR00116993,E01,A549,24,TFC-007,compound,BRD-K57708067-001-01-3,,,19.69403,6.2978806
BR00116993,E02,A549,24,trihexyphenidyl,compound,BRD-A48180038-003-24-3,,['acetylcholine receptor antagonist'],20.39214,7.2917194
BR00116993,E03,A549,24,epoprostenol,compound,BRD-K64054020-001-02-7,,,19.554754,8.134859
BR00116993,E04,A549,24,sacubitril,compound,BRD-K91456750-001-01-9,,,19.676273,8.569332
BR00116993,E05,A549,24,danusertib,compound,BRD-K07881437-001-03-8,poscon_diverse,"['growth factor receptor inhibitor', 'Aurora kinase inhibitor']",11.45523,9.320571
BR00116993,E06,A549,24,CYT-997,compound,BRD-K23363278-001-02-1,poscon_diverse,['tubulin polymerization inhibitor'],9.123372,11.172982
BR00116993,E07,A549,24,DMSO,compound,,negcon,,19.695005,8.5452
BR00116993,E08,A549,24,BQ-788,compound,BRD-K02490038-236-03-8,,['endothelin receptor antagonist'],20.034895,7.8776517
BR00116993,E09,A549,24,SB-202190,compound,BRD-K54330070-001-19-6,poscon_orf,['p38 MAPK inhibitor'],14.069452,10.226842
BR00116993,E10,A549,24,GSK2110183,compound,BRD-K25412176-001-01-9,poscon_diverse,,14.07316,9.093729
BR00116993,E11,A549,24,GSK3787,compound,BRD-K03155172-001-03-0,,['PPAR receptor antagonist'],14.469771,8.336732
BR00116993,E12,A549,24,BAM7,compound,BRD-K07442505-001-03-6,,,15.719458,7.753223
BR00116993,E13,A549,24,PHA-793887,compound,BRD-K64800655-001-09-0,poscon_diverse,['CDK inhibitor'],10.380795,9.45489
BR00116993,E14,A549,24,DMSO,compound,,negcon,,18.152729,7.737714
BR00116993,E15,A549,24,GSK-37647,compound,BRD-K26514105-001-01-7,,['free fatty acid receptor agonist'],14.287923,8.666922
BR00116993,E16,A549,24,desonide,compound,BRD-K21528677-001-04-4,,['glucocorticoid receptor agonist'],14.742497,6.373434
BR00116993,E17,A549,24,DMSO,compound,,negcon,,15.896653,8.141378
BR00116993,E18,A549,24,aloxistatin,compound,BRD-K91188791-001-17-5,,,13.7765,8.796038
BR00116993,E19,A549,24,azathioprine,compound,BRD-K32821942-001-22-1,,,15.919122,7.760805
BR00116993,E20,A549,24,ZK-93423,compound,BRD-K33882852-003-02-8,poscon_diverse,['benzodiazepine receptor agonist'],15.93073,7.0194774
BR00116993,E21,A549,24,BI-2536,compound,BRD-K64890080-001-02-1,poscon_diverse,,9.756566,11.179821
BR00116993,E22,A549,24,EI1,compound,BRD-K91535048-001-01-2,poscon_cp,['histone lysine methyltransferase inhibitor'],15.759393,7.120892
BR00116993,E23,A549,24,NVP-HSP990,compound,BRD-K67915505-001-01-2,,['HSP inhibitor'],12.124298,6.1698775
BR00116993,E24,A549,24,DMSO,compound,,negcon,,16.434023,6.0324464
BR00116993,F01,A549,24,DMSO,compound,,negcon,,19.938776,6.225678
BR00116993,F02,A549,24,nialamide,compound,BRD-K12102668-001-25-5,,,20.416815,6.435917
BR00116993,F03,A549,24,DMSO,compound,,negcon,,20.507145,6.778176
BR00116993,F04,A549,24,arundic-acid,compound,BRD-K49223707-001-01-0,,,20.593386,6.695453
BR00116993,F05,A549,24,torcitabine,compound,BRD-K91822704-003-07-2,,,20.492342,6.5154586
BR00116993,F06,A549,24,DMSO,compound,,negcon,,15.3236,9.166907
BR00116993,F07,A549,24,epothilone-b,compound,BRD-K68164687-001-01-6,,"['microtubule stabilizing agent', 'tubulin polymerization inhibitor']",9.304711,11.197218
BR00116993,F08,A549,24,dyphylline,compound,BRD-A00827783-001-24-6,,['phosphodiesterase inhibitor'],15.211203,8.685194
BR00116993,F09,A549,24,DMSO,compound,,negcon,,15.870695,9.95863
BR00116993,F10,A549,24,quinidine,compound,BRD-K59632282-052-03-1,,['sodium channel blocker'],15.151449,9.431119
BR00116993,F11,A549,24,halopemide,compound,BRD-K50055394-001-03-6,,,13.638157,9.296513
BR00116993,F12,A549,24,sulfinpyrazone,compound,BRD-A36217750-001-16-3,,,16.27626,9.687216
BR00116993,F13,A549,24,ML-323,compound,BRD-K93942811-001-01-3,poscon_cp,['ubiquitin specific protease inhibitor'],15.649883,8.267552
BR00116993,F14,A549,24,racecadotril,compound,BRD-A08187463-001-12-9,,,16.230337,9.177346
BR00116993,F15,A549,24,BRL-50481,compound,BRD-K84266862-001-03-2,,['phosphodiesterase inhibitor'],15.753751,7.9200106
BR00116993,F16,A549,24,GSK2110183,compound,BRD-K25412176-001-01-9,poscon_diverse,,14.020254,9.061838
BR00116993,F17,A549,24,bufexamac,compound,BRD-K36660044-001-24-2,,['cyclooxygenase inhibitor'],16.441118,9.772793
BR00116993,F18,A549,24,anandamide,compound,BRD-K42352790-001-05-3,,,14.28142,10.007886
BR00116993,F19,A549,24,thioguanine,compound,BRD-K49350383-001-13-7,poscon_diverse,,13.127821,5.821992
BR00116993,F20,A549,24,IWP-L6,compound,BRD-K53234107-001-01-6,,['porcupine inhibitor'],15.739846,7.607413
BR00116993,F21,A549,24,edoxaban,compound,BRD-K29322660-001-01-9,,['coagulation factor inhibitor'],16.91645,8.463417
BR00116993,F22,A549,24,lonafarnib,compound,BRD-K41599323-001-02-3,poscon_diverse,,15.579093,9.5715885
BR00116993,F23,A549,24,ibutamoren,compound,BRD-K44771174-066-01-0,,,15.656951,7.669261
BR00116993,F24,A549,24,somatostatin,compound,BRD-K14681867-001-01-6,,['somatostatin receptor agonist'],16.445112,6.01887
BR00116993,G01,A549,24,L-proline,compound,BRD-K01666412-001-02-0,,,19.79409,6.499116
BR00116993,G02,A549,24,zamifenacin,compound,BRD-K80451230-051-02-6,,['acetylcholine receptor antagonist'],20.077637,6.9336925
BR00116993,G03,A549,24,YC-1,compound,BRD-K60476892-001-16-1,,,20.151125,7.8262815
BR00116993,G04,A549,24,DMSO,compound,,negcon,,20.026411,7.508252
BR00116993,G05,A549,24,ME-0328,compound,BRD-K24283677-001-01-9,,['PPAR receptor antagonist'],15.494467,7.865735
BR00116993,G06,A549,24,NSC-663284,compound,BRD-K03109492-001-02-2,,['CDC inhibitor'],12.986388,10.310537
BR00116993,G07,A549,24,CYM-50358,compound,BRD-K80666802-003-01-0,,,13.899689,8.89009
BR00116993,G08,A549,24,trazodone,compound,BRD-K70778732-003-27-5,,"['adrenergic receptor antagonist', 'serotonin receptor antagonist']",18.446186,9.248652
BR00116993,G09,A549,24,DMSO,compound,,negcon,,19.440323,8.312712
BR00116993,G10,A549,24,DMSO,compound,,negcon,,18.58795,8.831271
BR00116993,G11,A549,24,sulfasalazine,compound,BRD-K10670311-001-17-1,,['cyclooxygenase inhibitor'],14.533656,7.7007136
BR00116993,G12,A549,24,"2,5-furandimethanol",compound,BRD-K29791386-001-01-8,,,15.256151,8.754887
BR00116993,G13,A549,24,DMSO,compound,,negcon,,15.452664,7.93532
BR00116993,G14,A549,24,dilazep,compound,BRD-K48722258-300-11-0,,,15.300332,7.8840923
BR00116993,G15,A549,24,felodipine,compound,BRD-A30815329-001-12-1,,['calcium channel blocker'],14.421992,7.8695474
BR00116993,G16,A549,24,paliperidone,compound,BRD-A99888680-001-05-3,,"['dopamine receptor antagonist', 'serotonin receptor antagonist']",15.259854,7.9417896
BR00116993,G17,A549,24,purvalanol-a,compound,BRD-K50836978-001-03-3,poscon_orf,['CDK inhibitor'],12.185135,8.741476
BR00116993,G18,A549,24,DMSO,compound,,negcon,,15.653526,8.031467
BR00116993,G19,A549,24,Ro-1138452,compound,BRD-K77220725-003-01-5,,['prostanoid receptor antagonist'],14.712802,8.388848
BR00116993,G20,A549,24,sorbinil,compound,BRD-A89164055-001-03-3,,['aldose reductase inhibitor'],15.3380165,8.189798
BR00116993,G21,A549,24,TC-S-7004,compound,BRD-K89517477-001-01-4,poscon_cp,['DYRK inhibitor'],14.370241,7.931133
BR00116993,G22,A549,24,saclofen,compound,BRD-A24122750-001-03-7,,['GABA receptor antagonist'],15.795044,7.0187335
BR00116993,G23,A549,24,BAY-87-2243,compound,BRD-K70463136-001-01-5,,,16.241102,6.4449005
BR00116993,G24,A549,24,ibudilast,compound,BRD-K16444452-001-09-1,,['phosphodiesterase inhibitor'],16.631268,5.7654185
BR00116993,H01,A549,24,briciclib,compound,BRD-K05531427-001-01-7,,,9.29342,11.100992
BR00116993,H02,A549,24,2-Oleoylglycerol,compound,BRD-K77087341-001-02-4,,,20.236675,6.437215
BR00116993,H03,A549,24,RGFP966,compound,BRD-K61688984-001-02-9,poscon_cp,['HDAC inhibitor'],13.830839,8.38157
BR00116993,H04,A549,24,DMSO,compound,,negcon,,15.267784,8.829606
BR00116993,H05,A549,24,azacitidine,compound,BRD-K03406345-001-21-1,poscon_diverse,,13.240715,10.557393
BR00116993,H06,A549,24,N6-cyclopentyladenosine,compound,BRD-K60150510-001-15-6,,,20.53555,6.274327
BR00116993,H07,A549,24,filgotinib,compound,BRD-K16803204-001-01-6,poscon_cp,['JAK inhibitor'],13.422636,7.899966
BR00116993,H08,A549,24,guanidine,compound,BRD-K76037122-001-02-5,,['HSP inhibitor'],15.251037,9.307363
BR00116993,H09,A549,24,coumarin,compound,BRD-K23913458-001-20-7,,,14.370943,8.618848
BR00116993,H10,A549,24,DMSO,compound,,negcon,,15.396599,9.167703
BR00116993,H11,A549,24,ZM-336372,compound,BRD-K73789395-001-09-9,poscon_orf,['RAF inhibitor'],15.048446,10.262023
BR00116993,H12,A549,24,citric-acid,compound,BRD-K76792669-001-08-1,,['coagulation factor inhibitor'],15.414158,8.676633
BR00116993,H13,A549,24,DMSO,compound,,negcon,,15.269301,8.229557
BR00116993,H14,A549,24,CCG-63802,compound,BRD-K26970495-001-02-7,,['G protein signaling inhibitor'],15.013233,9.728778
BR00116993,H15,A549,24,ibutilide,compound,BRD-A74391928-051-03-9,,['potassium channel blocker'],15.1469965,8.940046
BR00116993,H16,A549,24,batimastat,compound,BRD-K82818427-001-04-8,,['matrix metalloprotease inhibitor'],15.190869,7.071961
BR00116993,H17,A549,24,DMSO,compound,,negcon,,15.806982,8.440651
BR00116993,H18,A549,24,DMSO,compound,,negcon,,15.745638,8.190811
BR00116993,H19,A549,24,UNC1999,compound,BRD-K26989966-001-04-3,poscon_cp,['histone lysine methyltransferase inhibitor'],8.7264185,9.772461
BR00116993,H20,A549,24,glutamine-(l),compound,BRD-K83896451-001-06-7,,,16.398577,7.9617286
BR00116993,H21,A549,24,PD-98059,compound,BRD-K62810658-001-11-4,poscon_orf,,14.385369,6.627415
BR00116993,H22,A549,24,enilconazole,compound,BRD-K01825690-065-01-9,,,16.566437,7.7813344
BR00116993,H23,A549,24,N-alpha-Methylhistamine-dihydrochloride,compound,BRD-K75390981-300-04-9,,['histamine receptor agonist'],16.76365,6.511467
BR00116993,H24,A549,24,GK921,compound,BRD-K38272302-001-02-7,,,9.129195,10.599853
BR00116993,I01,A549,24,nilvadipine,compound,BRD-A84687895-001-03-2,,['calcium channel blocker'],19.771505,6.3932
BR00116993,I02,A549,24,DMSO,compound,,negcon,,20.02813,6.9885287
BR00116993,I03,A549,24,AC-710,compound,BRD-K15819326-001-01-6,,['PDGFR tyrosine kinase receptor inhibitor'],13.846726,9.933194
BR00116993,I04,A549,24,PETCM,compound,BRD-A93477898-001-04-2,,,19.981413,7.339316
BR00116993,I05,A549,24,AZD7762,compound,BRD-K86525559-001-07-8,poscon_diverse,['CHK inhibitor'],8.995873,9.426722
BR00116993,I06,A549,24,PHA-793887,compound,BRD-K64800655-001-09-0,poscon_diverse,['CDK inhibitor'],10.411794,9.4580345
BR00116993,I07,A549,24,KU-60019,compound,BRD-K36016295-001-05-2,,['ATM kinase inhibitor'],12.509098,9.610187
BR00116993,I08,A549,24,nafamostat,compound,BRD-K06674495-334-04-0,,,13.594833,5.8264823
BR00116993,I09,A549,24,DMSO,compound,,negcon,,16.17289,5.1714845
BR00116993,I10,A549,24,DMSO,compound,,negcon,,15.265475,8.169528
BR00116993,I11,A549,24,taladegib,compound,BRD-K50498985-001-03-3,,['smoothened receptor antagonist'],15.217596,7.905107
BR00116993,I12,A549,24,acetohexamide,compound,BRD-K52960356-001-13-0,,['ATP channel blocker'],15.301409,7.606481
BR00116993,I13,A549,24,minocycline,compound,BRD-A69651145-003-11-4,,,15.107768,8.078992
BR00116993,I14,A549,24,BI-2536,compound,BRD-K64890080-001-02-1,poscon_diverse,,9.815519,11.174792
BR00116993,I15,A549,24,riociguat,compound,BRD-K84783599-001-01-0,,,14.560441,8.28307
BR00116993,I16,A549,24,CP-724714,compound,BRD-K76908866-001-07-6,poscon_cp,"['EGFR inhibitor', 'protein tyrosine kinase inhibitor']",12.95919,6.836352
BR00116993,I17,A549,24,ganetespib,compound,BRD-K38852836-001-04-9,poscon_diverse,['HSP inhibitor'],12.138799,6.2671285
BR00116993,I18,A549,24,AZ191,compound,BRD-K80935598-001-01-1,poscon_cp,['DYRK inhibitor'],11.935421,7.372507
BR00116993,I19,A549,24,BAX-channel-blocker,compound,BRD-A18763547-300-06-3,,,13.395068,9.4361725
BR00116993,I20,A549,24,SU3327,compound,BRD-K32730239-001-01-0,,['JNK inhibitor'],12.847498,10.337787
BR00116993,I21,A549,24,DMSO,compound,,negcon,,16.326645,8.262169
BR00116993,I22,A549,24,DMSO,compound,,negcon,,16.541677,7.442914
BR00116993,I23,A549,24,octreotide,compound,BRD-A64173453-015-03-1,,['somatostatin receptor agonist'],16.907476,7.80193
BR00116993,I24,A549,24,1-octanol,compound,BRD-K09338665-001-08-9,,,16.80151,5.982672
BR00116993,J01,A549,24,acalabrutinib,compound,BRD-K64034691-001-01-9,,"[""Bruton's tyrosine kinase (BTK) inhibitor""]",19.864424,6.488652
BR00116993,J02,A549,24,rifamycin,compound,BRD-K38512030-001-01-7,,,20.170135,6.708454
BR00116993,J03,A549,24,pazopanib,compound,BRD-K74514084-003-09-2,,"['KIT inhibitor', 'VEGFR inhibitor', 'PDGFR tyrosine kinase receptor inhibitor']",14.095326,10.345702
BR00116993,J04,A549,24,RKI-1447,compound,BRD-K19333160-001-01-3,poscon_cp,,15.5004635,10.6296
BR00116993,J05,A549,24,vitamin-E,compound,BRD-K97091514-001-11-4,,['PKC inhibitor'],12.910523,8.2542925
BR00116993,J06,A549,24,lonafarnib,compound,BRD-K41599323-001-02-3,poscon_diverse,,15.476797,9.463205
BR00116993,J07,A549,24,ethyl-pyruvate,compound,BRD-K47738867-001-01-5,,,20.529322,6.7678766
BR00116993,J08,A549,24,picrotin,compound,BRD-A91822151-001-05-0,,['GABA receptor antagonist'],14.905503,9.1838255
BR00116993,J09,A549,24,SGX523,compound,BRD-K19477839-001-07-6,poscon_cp,,16.105518,9.539536
BR00116993,J10,A549,24,PP-2,compound,BRD-K95785537-001-22-3,,['src inhibitor'],12.636365,8.291936
BR00116993,J11,A549,24,ME-0328,compound,BRD-A63444178-001-01-5,,['PPAR receptor antagonist'],15.527891,8.981646
BR00116993,J12,A549,24,AZD9668,compound,BRD-K31476763-001-01-5,,['elastase inhibitor'],15.795835,8.44493
BR00116993,J13,A549,24,NQDI-1,compound,BRD-K61918008-001-07-1,,,15.711444,8.141828
BR00116993,J14,A549,24,DMSO,compound,,negcon,,15.859825,9.013102
BR00116993,J15,A549,24,carzenide,compound,BRD-K09295674-001-09-8,,,15.628195,7.733614
BR00116993,J16,A549,24,KU-55933,compound,BRD-K25311561-001-10-7,,['ATM kinase inhibitor'],13.621283,8.160979
BR00116993,J17,A549,24,NVP-AEW541,compound,BRD-K24696047-001-02-3,poscon_cp,['IGF-1 inhibitor'],13.324111,9.070917
BR00116993,J18,A549,24,leflunomide,compound,BRD-K78692225-001-24-5,,['PDGFR tyrosine kinase receptor inhibitor'],15.316583,7.030099
BR00116993,J19,A549,24,DMSO,compound,,negcon,,15.626825,7.9640207
BR00116993,J20,A549,24,azacitidine,compound,BRD-K03406345-001-21-1,poscon_diverse,,13.166885,10.646552
BR00116993,J21,A549,24,ixabepilone,compound,BRD-K03601870-001-01-2,,['microtubule stabilizing agent'],9.310813,11.192001
BR00116993,J22,A549,24,KH-CB19,compound,BRD-K66430217-001-03-8,poscon_cp,['CDC inhibitor'],16.036259,7.0750103
BR00116993,J23,A549,24,DMSO,compound,,negcon,,16.732342,7.642545
BR00116993,J24,A549,24,PF-05190457,compound,BRD-K02554563-001-01-6,,,16.62397,5.7533336
BR00116993,K01,A549,24,LDN-212854,compound,BRD-K59831625-001-03-9,,,15.702195,4.874508
BR00116993,K02,A549,24,formononetin,compound,BRD-K55567017-001-12-3,,['alcohol dehydrogenase inhibitor'],19.962645,7.228238
BR00116993,K03,A549,24,aminopurvalanol-a,compound,BRD-K07762753-001-05-1,poscon_orf,['CDK inhibitor'],11.632984,8.9429655
BR00116993,K04,A549,24,ruxolitinib,compound,BRD-K53972329-001-01-3,poscon_cp,['JAK inhibitor'],15.451006,10.4543295
BR00116993,K05,A549,24,DMSO,compound,,negcon,,18.373323,8.0460825
BR00116993,K06,A549,24,DMSO,compound,,negcon,,20.103037,7.7151423
BR00116993,K07,A549,24,LGK-974,compound,BRD-K16810791-001-01-0,,['porcupine inhibitor'],14.85438,6.567905
BR00116993,K08,A549,24,polydatin,compound,BRD-K43236057-001-07-1,,['ICAM1 expression inhibitor'],11.302713,9.006809
BR00116993,K09,A549,24,enflurane,compound,BRD-A51831848-001-01-7,,,15.493007,8.10038
BR00116993,K10,A549,24,PFI-1,compound,BRD-K13094524-001-04-2,poscon_cp,,15.11851,7.3516836
BR00116993,K11,A549,24,AZD7762,compound,BRD-K86525559-001-07-8,poscon_diverse,['CHK inhibitor'],8.964243,9.486744
BR00116993,K12,A549,24,sotrastaurin,compound,BRD-K16761703-001-03-8,,['PKC inhibitor'],13.587793,8.064066
BR00116993,K13,A549,24,DMSO,compound,,negcon,,16.6572,8.276018
BR00116993,K14,A549,24,cycloheximide,compound,BRD-K36055864-001-20-0,,['protein synthesis inhibitor'],10.84008,9.368466
BR00116993,K15,A549,24,oxytocin,compound,BRD-K25243230-001-01-2,,,15.472839,8.129709
BR00116993,K16,A549,24,DMSO,compound,,negcon,,8.835949,8.690592
BR00116993,K17,A549,24,colchicine,compound,BRD-K00259736-001-16-4,,,9.170584,11.121127
BR00116993,K18,A549,24,afimoxifene,compound,BRD-K04210847-001-21-9,,,16.448483,8.758544
BR00116993,K19,A549,24,DMSO,compound,,negcon,,16.288914,8.175183
BR00116993,K20,A549,24,ZK-93423,compound,BRD-K33882852-003-02-8,poscon_diverse,['benzodiazepine receptor agonist'],15.911007,7.288383
BR00116993,K21,A549,24,RGB-286638,compound,BRD-K20986415-001-02-6,,['CDK inhibitor'],9.245667,9.5591545
BR00116993,K22,A549,24,FPS-ZM1,compound,BRD-K87691185-001-01-2,,['RAGE receptor antagonist'],16.26103,8.2386055
BR00116993,K23,A549,24,flindokalner,compound,BRD-K56740996-001-02-1,,,17.029106,6.980016
BR00116993,K24,A549,24,motesanib,compound,BRD-K99616396-316-05-3,,"['KIT inhibitor', 'VEGFR inhibitor', 'PDGFR tyrosine kinase receptor inhibitor']",13.593322,6.206126
BR00116993,L01,A549,24,geldanamycin,compound,BRD-K43570081-001-02-4,,['HSP inhibitor'],15.652945,4.8967004
BR00116993,L02,A549,24,DMSO,compound,,negcon,,20.529324,6.592555
BR00116993,L03,A549,24,CGP-53353,compound,BRD-K32292990-001-03-6,,"['PKC inhibitor', 'EGFR inhibitor']",20.659037,6.885729
BR00116993,L04,A549,24,7-hydroxystaurosporine,compound,BRD-K45293975-001-02-0,,"['CDK inhibitor', 'PKC inhibitor', 'CHK inhibitor']",9.53516,8.753018
BR00116993,L05,A549,24,DMSO,compound,,negcon,,20.452784,6.255487
BR00116993,L06,A549,24,DMSO,compound,,negcon,,16.31006,9.370255
BR00116993,L07,A549,24,efaproxiral,compound,BRD-K37355418-236-01-6,,,15.986103,9.076172
BR00116993,L08,A549,24,SB-203580,compound,BRD-A37704979-001-12-3,poscon_orf,['p38 MAPK inhibitor'],12.750345,6.334773
BR00116993,L09,A549,24,FK-866,compound,BRD-K58550667-001-08-7,poscon_diverse,,13.20629,7.0499144
BR00116993,L10,A549,24,bepridil,compound,BRD-A91008255-003-24-8,,['calcium channel blocker'],14.714544,8.615221
BR00116993,L11,A549,24,delanzomib,compound,BRD-K59325863-001-04-4,,,8.192727,10.282094
BR00116993,L12,A549,24,buparlisib,compound,BRD-K42191735-001-08-7,poscon_diverse,,9.158621,10.561316
BR00116993,L13,A549,24,phenylbutazone,compound,BRD-K10843433-001-23-5,,"['cyclooxygenase inhibitor', 'prostanoid receptor antagonist']",15.741195,8.983776
BR00116993,L14,A549,24,deferasirox,compound,BRD-K97010173-001-04-1,,,15.492549,7.6565347
BR00116993,L15,A549,24,DMSO,compound,,negcon,,16.830042,9.130084
BR00116993,L16,A549,24,cediranib,compound,BRD-K86930074-001-05-0,,"['KIT inhibitor', 'VEGFR inhibitor']",13.044255,8.96155
BR00116993,L17,A549,24,isoflurane,compound,BRD-A31564021-001-02-6,,,16.745905,9.16758
BR00116993,L18,A549,24,DMSO,compound,,negcon,,16.670511,8.377651
BR00116993,L19,A549,24,CCG-50014,compound,BRD-K08893438-001-06-4,,['G protein signaling inhibitor'],15.536609,7.596083
BR00116993,L20,A549,24,PF-431396,compound,BRD-K93788137-001-04-1,,,11.296887,9.497863
BR00116993,L21,A549,24,TG-02,compound,BRD-K14560436-001-01-4,,"['CDK inhibitor', 'FLT3 inhibitor', 'JAK inhibitor']",10.32813,9.520122
BR00116993,L22,A549,24,baclofen,compound,BRD-K01826724-003-07-9,,['benzodiazepine receptor agonist'],16.442568,7.9319305
BR00116993,L23,A549,24,thiostrepton,compound,BRD-A20697603-001-07-2,,['protein synthesis inhibitor'],13.729946,9.653468
BR00116993,L24,A549,24,flufenamic-acid,compound,BRD-K44067360-001-29-5,,,16.658619,5.822451
BR00116993,M01,A549,24,DMSO,compound,,negcon,,15.61763,4.85978
BR00116993,M02,A549,24,LY2109761,compound,BRD-K47557313-001-02-7,,,13.178762,7.5746098
BR00116993,M03,A549,24,olopatadine,compound,BRD-K67637637-003-11-8,,['histamine receptor antagonist'],20.084597,7.5629783
BR00116993,M04,A549,24,DMSO,compound,,negcon,,20.314224,7.575355
BR00116993,M05,A549,24,castanospermine,compound,BRD-K20897876-001-11-8,,['glucosidase inhibitor'],20.057487,7.857538
BR00116993,M06,A549,24,A205804,compound,BRD-K77627880-001-04-0,,['ICAM1 expression inhibitor'],14.84209,5.9503136
BR00116993,M07,A549,24,VU591,compound,BRD-K72063794-003-01-0,,['potassium channel blocker'],19.020115,7.986082
BR00116993,M08,A549,24,dalbavancin,compound,BRD-K30177383-001-01-0,,['bacterial cell wall synthesis inhibitor'],20.419445,7.7498307
BR00116993,M09,A549,24,CC-401,compound,BRD-K45746021-003-01-9,,['JNK inhibitor'],13.607718,7.4234433
BR00116993,M10,A549,24,ganetespib,compound,BRD-K38852836-001-04-9,poscon_diverse,['HSP inhibitor'],12.094279,6.245011
BR00116993,M11,A549,24,ingenol-mebutate,compound,BRD-K93779381-001-01-9,,,14.263147,10.73435
BR00116993,M12,A549,24,menadione,compound,BRD-K78126613-001-27-7,,,12.454545,8.526921
BR00116993,M13,A549,24,cetilistat,compound,BRD-K94863486-001-02-2,,,18.849337,8.296462
BR00116993,M14,A549,24,methoxsalen,compound,BRD-K63430059-001-16-4,,['DNA synthesis inhibitor'],15.716817,7.6858964
BR00116993,M15,A549,24,cyclosporine,compound,BRD-K13533483-001-16-2,,,12.30419,8.6475
BR00116993,M16,A549,24,NSC-632839,compound,BRD-K81197548-003-01-4,poscon_cp,['ubiquitin specific protease inhibitor'],9.150978,10.829629
BR00116993,M17,A549,24,DMSO,compound,,negcon,,16.790096,7.9326305
BR00116993,M18,A549,24,TG-003,compound,BRD-K97072811-001-11-4,poscon_cp,,14.294141,7.5635962
BR00116993,M19,A549,24,oxibendazole,compound,BRD-K52075715-001-06-7,,['tubulin polymerization inhibitor'],9.211493,11.034553
BR00116993,M20,A549,24,TG-101348,compound,BRD-K12502280-001-11-4,poscon_cp,"['JAK inhibitor', 'FLT3 inhibitor']",8.666443,9.835244
BR00116993,M21,A549,24,miglitol,compound,BRD-A63310107-001-04-8,,['glucosidase inhibitor'],16.682425,7.6559944
BR00116993,M22,A549,24,DMSO,compound,,negcon,,17.075523,7.990402
BR00116993,M23,A549,24,DMSO,compound,,negcon,,16.787855,6.7545013
BR00116993,M24,A549,24,tranilast,compound,BRD-K17849083-001-32-9,,,16.589888,5.7415175
BR00116993,N02,A549,24,LDN-27219,compound,BRD-K51485109-001-01-4,,,20.401815,6.1434193
BR00116993,N03,A549,24,anisomycin,compound,BRD-K91370081-001-25-1,,['DNA synthesis inhibitor'],9.109103,9.661627
BR00116993,N04,A549,24,thioguanine,compound,BRD-K49350383-001-13-7,poscon_diverse,,13.153735,5.756857
BR00116993,N05,A549,24,droxinostat,compound,BRD-K11558771-001-13-9,,['HDAC inhibitor'],12.925901,7.805034
BR00116993,N06,A549,24,UNC2025,compound,BRD-K91283740-003-01-6,poscon_cp,['FLT3 inhibitor'],10.14917,9.146075
BR00116993,N07,A549,24,DMSO,compound,,negcon,,16.200958,9.762184
BR00116993,N08,A549,24,DMSO,compound,,negcon,,15.697685,8.4036455
BR00116993,N09,A549,24,AMG900,compound,BRD-K21728777-001-02-3,poscon_cp,['Aurora kinase inhibitor'],11.248693,9.548889
BR00116993,N10,A549,24,PF-06463922,compound,BRD-A23124853-001-01-4,,['ALK tyrosine kinase receptor inhibitor'],12.77449,6.522903
BR00116993,N11,A549,24,orantinib,compound,BRD-K55966568-001-09-6,poscon_cp,"['FGFR inhibitor', 'PDGFR tyrosine kinase receptor inhibitor', 'VEGFR inhibitor']",20.569124,6.9205256
BR00116993,N12,A549,24,fludarabine-phosphate,compound,BRD-K71106091-001-09-5,,['ribonucleotide reductase inhibitor'],14.9927435,6.3020334
BR00116993,N13,A549,24,ceritinib,compound,BRD-K22149900-001-06-2,,['ALK tyrosine kinase receptor inhibitor'],13.354989,6.4430227
BR00116993,N14,A549,24,NVS-PAK1-1,compound,BRD-K28132190-001-02-0,poscon_cp,['p21 activated kinase inhibitor'],15.186761,6.781373
BR00116993,N15,A549,24,homoharringtonine,compound,BRD-K76674262-001-03-3,,['protein synthesis inhibitor'],9.092107,9.67032
BR00116993,N16,A549,24,picrotoxinin,compound,BRD-K36461289-001-05-8,,['GABA receptor antagonist'],16.71769,8.527518
BR00116993,N17,A549,24,DMSO,compound,,negcon,,16.913176,8.719199
BR00116993,N18,A549,24,danusertib,compound,BRD-K07881437-001-03-8,poscon_diverse,"['growth factor receptor inhibitor', 'Aurora kinase inhibitor']",11.461426,9.2756405
BR00116993,N19,A549,24,romidepsin,compound,BRD-K61397605-001-01-8,poscon_cp,['HDAC inhibitor'],8.711816,9.670927
BR00116993,N20,A549,24,FERb-033,compound,BRD-K61642990-001-01-0,poscon_cp,['EGFR inhibitor'],16.385246,6.9692597
BR00116993,N21,A549,24,PF-03758309,compound,BRD-K37764012-001-03-3,poscon_diverse,['p21 activated kinase inhibitor'],10.171125,9.3217945
BR00116993,N22,A549,24,DMSO,compound,,negcon,,16.66197,7.152408
BR00116993,N23,A549,24,trometamol,compound,BRD-K47978074-001-03-2,,,18.045547,7.42029
BR00116993,N24,A549,24,simvastatin,compound,BRD-K22134346-001-22-3,,['HMGCR inhibitor'],16.935427,5.939942
BR00116993,O01,A549,24,zaprinast,compound,BRD-K16542329-001-16-8,,['phosphodiesterase inhibitor'],15.734715,4.859807
BR00116993,O02,A549,24,dexamethasone,compound,BRD-A10188456-001-04-9,,['glucocorticoid receptor agonist'],14.678561,5.8454804
BR00116993,O03,A549,24,salicylic-acid,compound,BRD-K93632104-001-17-2,,['cyclooxygenase inhibitor'],19.800781,7.0905523
BR00116993,O04,A549,24,diltiazem,compound,BRD-A69636825-003-04-7,,['calcium channel blocker'],20.236383,7.375958
BR00116993,O05,A549,24,phenolphthalein,compound,BRD-K19227686-001-18-6,,,19.997952,7.4275484
BR00116993,O06,A549,24,niflumic-acid,compound,BRD-K98763141-001-30-8,,['cyclooxygenase inhibitor'],19.967762,7.728838
BR00116993,O07,A549,24,DMSO,compound,,negcon,,19.755445,7.281279
BR00116993,O08,A549,24,L-Cystine,compound,BRD-A15397381-001-02-5,,,20.324526,7.6647754
BR00116993,O09,A549,24,ozanimod,compound,BRD-K46625559-001-01-8,,['sphingosine 1 phosphate receptor agonist'],15.021473,7.178481
BR00116993,O10,A549,24,efaroxan,compound,BRD-A10739734-003-09-8,,['adrenergic receptor antagonist'],19.462889,7.063275
BR00116993,O11,A549,24,NBQX,compound,BRD-K11796549-001-05-2,,['glutamate receptor antagonist'],19.042501,7.2196317
BR00116993,O12,A549,24,dinoprostone,compound,BRD-K26521938-001-07-2,,['prostanoid receptor agonist'],17.923912,7.886992
BR00116993,O13,A549,24,Ro-20-1724,compound,BRD-A07207424-001-14-0,,['phosphodiesterase inhibitor'],19.3046,6.7939553
BR00116993,O14,A549,24,xanomeline,compound,BRD-K72815923-034-02-0,,['acetylcholine receptor agonist'],18.811632,7.8549747
BR00116993,O15,A549,24,terazosin,compound,BRD-K01825589-310-02-9,,['adrenergic receptor antagonist'],15.952232,6.86154
BR00116993,O16,A549,24,BVT-948,compound,BRD-K68567222-001-01-2,,,18.762833,8.100502
BR00116993,O17,A549,24,nicotine,compound,BRD-K01825660-322-01-9,,['acetylcholine receptor agonist'],16.84651,8.164553
BR00116993,O18,A549,24,DMSO,compound,,negcon,,17.581894,7.134909
BR00116993,O19,A549,24,U-0521,compound,BRD-K08953028-001-09-6,,,16.529749,6.8188844
BR00116993,O20,A549,24,BMS-587101,compound,BRD-K20093108-001-02-3,,,17.990604,7.8316994
BR00116993,O21,A549,24,nimodipine,compound,BRD-A58048407-001-20-4,,['calcium channel blocker'],17.02866,6.565819
BR00116993,O22,A549,24,pyrrolidine-dithiocarbamate,compound,BRD-K80970344-201-08-6,,,12.313037,6.1633587
BR00116993,O23,A549,24,PF-915275,compound,BRD-K18289362-001-02-2,,,17.14855,6.2874255
BR00116993,O24,A549,24,JTE-013,compound,BRD-K43330982-001-02-3,,,17.06221,6.01671
BR00116993,P01,A549,24,sodium-butyrate,compound,BRD-K05878375-236-05-7,,['HDAC inhibitor'],15.663594,4.8725495
BR00116993,P02,A549,24,pentostatin,compound,BRD-K91543828-001-02-0,,['ribonucleotide reductase inhibitor'],19.930079,5.5664654
BR00116993,P03,A549,24,OMDM-2,compound,BRD-K48830578-001-01-9,,,19.925459,5.111889
BR00116993,P04,A549,24,nalmefene,compound,BRD-A72767275-003-01-6,,,19.807657,5.1547403
BR00116993,P05,A549,24,DMSO,compound,,negcon,,19.76079,5.208682
BR00116993,P06,A549,24,1-EBIO,compound,BRD-K70586315-001-02-4,,,19.880785,5.1021023
BR00116993,P07,A549,24,SB-505124,compound,BRD-K40109029-001-02-9,,['ALK tyrosine kinase receptor inhibitor'],20.109318,5.4847975
BR00116993,P08,A549,24,prasugrel,compound,BRD-A83029242-001-06-1,,['purinergic receptor antagonist'],19.53199,4.898457
BR00116993,P09,A549,24,pidolic-acid,compound,BRD-K57313110-001-06-8,,,19.748894,5.1764927
BR00116993,P10,A549,24,DMSO,compound,,negcon,,19.604609,5.1842537
BR00116993,P11,A549,24,nevirapine,compound,BRD-K15502390-001-20-9,,,19.541798,4.927021
BR00116993,P12,A549,24,triamterene,compound,BRD-K92049597-001-20-8,,['sodium channel blocker'],19.646997,5.1063275
BR00116993,P13,A549,24,regorafenib,compound,BRD-K16730910-001-07-3,,"['PDGFR tyrosine kinase receptor inhibitor', 'RAF inhibitor', 'KIT inhibitor', 'RET tyrosine kinase inhibitor', 'FGFR inhibitor', 'VEGFR inhibitor']",19.258768,5.56208
BR00116993,P14,A549,24,cyclophosphamide,compound,BRD-A09722536-002-18-0,,,19.76681,5.854032
BR00116993,P15,A549,24,olanzapine,compound,BRD-K18895904-001-16-1,,"['dopamine receptor antagonist', 'serotonin receptor antagonist']",19.766064,4.909586
BR00116993,P16,A549,24,KI-16425,compound,BRD-A25569250-001-03-3,,['lysophosphatidic acid receptor antagonist'],12.637497,7.8614593
BR00116993,P17,A549,24,SKLB1002,compound,BRD-K29895144-001-01-0,,['VEGFR inhibitor'],17.92737,4.6986594
BR00116993,P18,A549,24,cilostazol,compound,BRD-K67017579-001-28-1,,['phosphodiesterase inhibitor'],18.678593,4.554187
BR00116993,P19,A549,24,AZD1283,compound,BRD-K77060810-001-01-5,,['purinergic receptor antagonist'],19.27098,5.5086493
BR00116993,P20,A549,24,A-987306,compound,BRD-K68982262-001-01-4,,['histamine receptor antagonist'],15.295286,5.7722874
BR00116993,P21,A549,24,procaine,compound,BRD-K24616672-003-20-1,,['HMGCR inhibitor'],18.965664,4.96346
BR00116993,P22,A549,24,miconazole,compound,BRD-A82396632-008-30-8,,['bacterial cell wall synthesis inhibitor'],17.318693,5.1128516
BR00116993,P23,A549,24,loperamide,compound,BRD-K61250553-003-30-6,,,15.696489,5.964416
BR00116993,P24,A549,24,aripiprazole,compound,BRD-K70358946-001-17-3,,['serotonin receptor antagonist'],16.326769,5.5172067
BR00116994,A01,A549,24,gabapentin-enacarbil,compound,BRD-A86665761-001-01-1,,,19.047426,5.291461
BR00116994,A02,A549,24,DMSO,compound,,negcon,,19.087059,5.4408956
BR00116994,A03,A549,24,amlodipine,compound,BRD-A22032524-074-09-9,,['calcium channel blocker'],14.708962,5.4724407
BR00116994,A04,A549,24,hexestrol,compound,BRD-A01078468-001-14-8,,,18.191189,5.3343925
BR00116994,A05,A549,24,quinine,compound,BRD-K48278478-001-01-2,,,17.975554,5.0928564
BR00116994,A06,A549,24,LOXO-101,compound,BRD-K36574127-001-01-3,,,18.110228,5.1633835
BR00116994,A07,A549,24,brinzolamide,compound,BRD-K74913225-001-14-0,,['carbonic anhydrase inhibitor'],19.189926,5.337877
BR00116994,A08,A549,24,NS-11021,compound,BRD-K94342292-001-01-3,,['calcium-activated potassium channel activator'],16.873571,4.504413
BR00116994,A09,A549,24,DMSO,compound,,negcon,,18.591442,5.313395
BR00116994,A10,A549,24,GNF-5837,compound,BRD-K19975102-001-01-2,,['growth factor receptor inhibitor'],16.460875,4.5638924
BR00116994,A11,A549,24,apatinib,compound,BRD-K25244359-066-02-6,,['RET tyrosine kinase inhibitor'],16.23904,4.844019
BR00116994,A12,A549,24,ethoxzolamide,compound,BRD-K18131774-001-18-4,,['carbonic anhydrase inhibitor'],18.13083,5.0488105
BR00116994,A13,A549,24,ascorbic-acid,compound,BRD-A85242401-001-11-5,,,16.29469,5.2355533
BR00116994,A14,A549,24,ryuvidine,compound,BRD-K06426971-001-02-7,,['histone lysine methyltransferase inhibitor'],9.366961,10.0241375
BR00116994,A15,A549,24,BAN-ORL-24,compound,BRD-K47049295-300-03-1,,,10.211271,10.515125
BR00116994,A16,A549,24,NNC-55-0396,compound,BRD-K78122587-300-04-3,,,13.810399,9.251279
BR00116994,A17,A549,24,DMSO,compound,,negcon,,17.92908,4.9784217
BR00116994,A18,A549,24,WH-4-023,compound,BRD-K50199947-001-03-4,,['src inhibitor'],12.424459,8.004731
BR00116994,A19,A549,24,flupirtine,compound,BRD-K50720187-051-03-1,,['glutamate receptor antagonist'],17.312153,4.860516
BR00116994,A20,A549,24,ZK811752,compound,BRD-K91825936-001-03-9,,,17.764465,5.021574
BR00116994,A21,A549,24,dexamethasone,compound,BRD-K38775274-001-22-1,,['glucocorticoid receptor agonist'],14.70582,6.002991
BR00116994,A22,A549,24,PP-1,compound,BRD-K47598052-001-14-1,,['src inhibitor'],12.5523615,8.207751
BR00116994,A23,A549,24,DDR1-IN-1,compound,BRD-K61845293-300-01-9,,,15.786305,5.9442196
BR00116994,A24,A549,24,AVL-292,compound,BRD-K87782578-001-01-4,,"[""Bruton's tyrosine kinase (BTK) inhibitor""]",12.00889,8.036999
BR00116994,B01,A549,24,H2L-5765834,compound,BRD-K26439554-001-01-3,,['lysophosphatidic acid receptor antagonist'],19.857868,5.477626
BR00116994,B02,A549,24,thiostrepton,compound,BRD-K58049875-001-03-9,,['protein synthesis inhibitor'],13.046129,9.491758
BR00116994,B03,A549,24,DMSO,compound,,negcon,,20.275658,6.4460073
BR00116994,B04,A549,24,arcyriaflavin-a,compound,BRD-K72726508-001-02-1,,['CDK inhibitor'],12.756002,6.3170652
BR00116994,B05,A549,24,CYM-5520,compound,BRD-K29151923-001-01-5,,['sphingosine 1 phosphate receptor agonist'],20.136986,5.9769363
BR00116994,B06,A549,24,fludarabine,compound,BRD-K66788707-001-14-3,,['ribonucleotide reductase inhibitor'],15.128629,6.2578926
BR00116994,B07,A549,24,alda-1,compound,BRD-K06890060-001-09-1,,,19.222757,4.718382
BR00116994,B08,A549,24,meclofenamic-acid,compound,BRD-K50398167-236-22-7,,"['cyclooxygenase inhibitor', 'prostanoid receptor antagonist']",12.7432575,7.792075
BR00116994,B09,A549,24,GNF-5,compound,BRD-K87632963-001-03-0,,['Bcr-Abl kinase inhibitor'],16.20183,5.2117047
BR00116994,B10,A549,24,NS-309,compound,BRD-K37602296-001-01-6,,['calcium-activated potassium channel activator'],15.966184,5.3317876
BR00116994,B11,A549,24,AK-7,compound,BRD-K09143580-001-01-0,,['SIRT inhibitor'],15.156256,9.922611
BR00116994,B12,A549,24,BVT-948,compound,BRD-A22713669-001-04-3,,,18.125319,7.3191266
BR00116994,B13,A549,24,SirReal-2,compound,BRD-K16472653-001-01-6,,['SIRT inhibitor'],16.027554,5.23881
BR00116994,B14,A549,24,DMSO,compound,,negcon,,15.900673,5.287895
BR00116994,B15,A549,24,BMS-536924,compound,BRD-K34581968-001-05-3,,['IGF-1 inhibitor'],12.153316,8.252208
BR00116994,B16,A549,24,PP-121,compound,BRD-K81801188-001-02-8,,['protein tyrosine kinase inhibitor'],13.63655,10.565769
BR00116994,B17,A549,24,MCOPPB,compound,BRD-K73276278-305-01-1,,,13.852395,9.001936
BR00116994,B18,A549,24,ozagrel,compound,BRD-K53061490-003-13-9,,,16.931215,5.9928765
BR00116994,B19,A549,24,CYM-5442,compound,BRD-A43005764-003-01-5,,['sphingosine 1 phosphate receptor agonist'],15.099358,8.366632
BR00116994,B20,A549,24,CVT-10216,compound,BRD-K60659193-001-01-0,,,16.548578,6.3195586
BR00116994,B21,A549,24,TCN201,compound,BRD-K09787262-001-02-7,,['glutamate receptor antagonist'],19.238358,6.979781
BR00116994,B22,A549,24,fomepizole,compound,BRD-K56810756-003-07-7,,['alcohol dehydrogenase inhibitor'],13.002605,8.135945
BR00116994,B23,A549,24,benzamil,compound,BRD-K87158025-003-08-7,,['sodium channel blocker'],16.127588,6.47246
BR00116994,B24,A549,24,lercanidipine,compound,BRD-A18992208-003-02-7,,['calcium channel blocker'],16.437971,6.3121195
BR00116994,C01,A549,24,4-CMTB,compound,BRD-A54139254-001-09-2,,['free fatty acid receptor agonist'],19.578484,6.522401
BR00116994,C02,A549,24,ML-228,compound,BRD-K44432556-001-05-5,,,20.343267,7.219548
BR00116994,C03,A549,24,DMSO,compound,,negcon,,20.070265,7.435056
BR00116994,C04,A549,24,GSK1070916,compound,BRD-K36740062-001-06-6,,['Aurora kinase inhibitor'],11.28431,9.0672865
BR00116994,C05,A549,24,ML-193,compound,BRD-K27539181-001-08-5,,,12.875442,8.092781
BR00116994,C06,A549,24,DMSO,compound,,negcon,,14.95883,6.958338
BR00116994,C07,A549,24,M-25,compound,BRD-K51265828-001-01-0,,['smoothened receptor antagonist'],20.359922,7.723542
BR00116994,C08,A549,24,azeliragon,compound,BRD-K51899933-001-02-6,,['RAGE receptor antagonist'],13.94731,10.437946
BR00116994,C09,A549,24,CYT-997,compound,BRD-K23363278-001-02-1,poscon_diverse,['tubulin polymerization inhibitor'],9.195535,11.172571
BR00116994,C10,A549,24,AR-12,compound,BRD-K90497590-001-05-9,,,8.270944,9.148717
BR00116994,C11,A549,24,CYM-50260,compound,BRD-K69877120-001-01-7,,['sphingosine 1 phosphate receptor agonist'],14.642394,6.6725426
BR00116994,C12,A549,24,DMSO,compound,,negcon,,12.548141,8.175267
BR00116994,C13,A549,24,KG-5,compound,BRD-K90747162-001-01-4,poscon_cp,['RAF inhibitor'],9.194974,11.19952
BR00116994,C14,A549,24,JTE-607,compound,BRD-K81405859-300-01-4,,,14.928018,6.6587787
BR00116994,C15,A549,24,DMSO,compound,,negcon,,16.62693,7.1267567
BR00116994,C16,A549,24,ilomastat,compound,BRD-K51662849-001-05-4,,['matrix metalloprotease inhibitor'],15.430442,7.576587
BR00116994,C17,A549,24,RX-821002,compound,BRD-A65597028-003-08-1,,['adrenergic receptor antagonist'],15.393668,7.273225
BR00116994,C18,A549,24,DMSO,compound,,negcon,,16.946394,6.9256454
BR00116994,C19,A549,24,TUG-891,compound,BRD-K24282351-001-01-4,,['free fatty acid receptor agonist'],16.658762,7.31538
BR00116994,C20,A549,24,ponatinib,compound,BRD-K44227013-001-08-0,,"['PDGFR tyrosine kinase receptor inhibitor', 'FLT3 inhibitor', 'Bcr-Abl kinase inhibitor']",8.82948,9.681051
BR00116994,C21,A549,24,DMSO,compound,,negcon,,16.629383,7.6788692
BR00116994,C22,A549,24,puromycin,compound,BRD-K01824976-300-02-9,,['protein synthesis inhibitor'],8.941303,9.960127
BR00116994,C23,A549,24,SRC-kinase-inhibitor-I,compound,BRD-K50495309-001-02-0,,['src inhibitor'],12.876597,7.1583724
BR00116994,C24,A549,24,acetylcysteine,compound,BRD-K59058747-001-19-1,,,16.452906,6.0641737
BR00116994,D01,A549,24,NSC-625987,compound,BRD-K62949423-001-03-1,,['CDK inhibitor'],20.001944,5.931978
BR00116994,D02,A549,24,dalfampridine,compound,BRD-K22482860-001-20-6,,['potassium channel blocker'],20.499926,6.2183757
BR00116994,D03,A549,24,NSC-95397,compound,BRD-K68143200-001-11-7,,['CDC inhibitor'],13.31753,10.39256
BR00116994,D04,A549,24,alrestatin,compound,BRD-K35498378-001-06-1,,['aldose reductase inhibitor'],20.641367,6.7058744
BR00116994,D05,A549,24,PF-03758309,compound,BRD-K37764012-001-03-3,poscon_diverse,['p21 activated kinase inhibitor'],20.565458,6.5534906
BR00116994,D06,A549,24,IRL-2500,compound,BRD-K98357249-001-02-9,,['endothelin receptor antagonist'],20.180784,6.4671297
BR00116994,D07,A549,24,PF-04217903,compound,BRD-K73319509-001-08-0,poscon_cp,,15.229377,9.197433
BR00116994,D08,A549,24,FK-866,compound,BRD-K58550667-001-08-7,poscon_diverse,,13.227402,6.932546
BR00116994,D09,A549,24,amlexanox,compound,BRD-K29530284-001-06-2,,,14.98812,9.0944395
BR00116994,D10,A549,24,GW-311616,compound,BRD-K37864785-001-01-0,,['elastase inhibitor'],14.654656,8.702839
BR00116994,D11,A549,24,buparlisib,compound,BRD-K42191735-001-08-7,poscon_diverse,,9.29004,10.628949
BR00116994,D12,A549,24,amiloride,compound,BRD-K97181089-003-24-7,,['sodium channel blocker'],12.968691,8.131092
BR00116994,D13,A549,24,DG-172,compound,BRD-K75748943-300-01-3,,,13.975889,9.563618
BR00116994,D14,A549,24,DMSO,compound,,negcon,,16.788282,9.370095
BR00116994,D15,A549,24,DMSO,compound,,negcon,,15.369359,7.7660217
BR00116994,D16,A549,24,NVP-ADW742,compound,BRD-K15179513-001-04-2,poscon_cp,,13.311605,9.496795
BR00116994,D17,A549,24,misoprostol,compound,BRD-A72351335-001-04-5,,['prostanoid receptor agonist'],15.293737,7.0432014
BR00116994,D18,A549,24,conivaptan,compound,BRD-K37385792-003-02-1,,,14.791884,9.252067
BR00116994,D19,A549,24,spiroxatrine,compound,BRD-A72483914-001-03-7,,['serotonin receptor antagonist'],16.212885,7.7086654
BR00116994,D20,A549,24,diacerein,compound,BRD-K69122748-001-10-1,,,16.110603,7.851755
BR00116994,D21,A549,24,DMSO,compound,,negcon,,16.497692,7.5982423
BR00116994,D22,A549,24,DMSO,compound,,negcon,,16.789593,6.7751594
BR00116994,D23,A549,24,glyburide,compound,BRD-K36927236-001-36-7,,['ATP channel blocker'],16.643145,7.3922353
BR00116994,D24,A549,24,ANR-94,compound,BRD-K31170746-001-01-6,,,16.659157,5.9975085
BR00116994,E01,A549,24,TFC-007,compound,BRD-K57708067-001-01-3,,,19.641685,6.248843
BR00116994,E02,A549,24,trihexyphenidyl,compound,BRD-A48180038-003-24-3,,['acetylcholine receptor antagonist'],20.345625,7.313454
BR00116994,E03,A549,24,epoprostenol,compound,BRD-K64054020-001-02-7,,,20.08875,7.510227
BR00116994,E04,A549,24,sacubitril,compound,BRD-K91456750-001-01-9,,,19.765938,7.8061595
BR00116994,E05,A549,24,danusertib,compound,BRD-K07881437-001-03-8,poscon_diverse,"['growth factor receptor inhibitor', 'Aurora kinase inhibitor']",11.529097,9.224054
BR00116994,E06,A549,24,CYT-997,compound,BRD-K23363278-001-02-1,poscon_diverse,['tubulin polymerization inhibitor'],9.125571,11.239486
BR00116994,E07,A549,24,DMSO,compound,,negcon,,18.624805,7.8335066
BR00116994,E08,A549,24,BQ-788,compound,BRD-K02490038-236-03-8,,['endothelin receptor antagonist'],14.695746,9.01111
BR00116994,E09,A549,24,SB-202190,compound,BRD-K54330070-001-19-6,poscon_orf,['p38 MAPK inhibitor'],14.129028,10.272705
BR00116994,E10,A549,24,GSK2110183,compound,BRD-K25412176-001-01-9,poscon_diverse,,14.098001,9.17115
BR00116994,E11,A549,24,GSK3787,compound,BRD-K03155172-001-03-0,,['PPAR receptor antagonist'],15.29716,8.211247
BR00116994,E12,A549,24,BAM7,compound,BRD-K07442505-001-03-6,,,15.931253,8.508059
BR00116994,E13,A549,24,PHA-793887,compound,BRD-K64800655-001-09-0,poscon_diverse,['CDK inhibitor'],10.471419,9.467884
BR00116994,E14,A549,24,DMSO,compound,,negcon,,15.226694,7.565545
BR00116994,E15,A549,24,GSK-37647,compound,BRD-K26514105-001-01-7,,['free fatty acid receptor agonist'],14.143755,9.198643
BR00116994,E16,A549,24,desonide,compound,BRD-K21528677-001-04-4,,['glucocorticoid receptor agonist'],14.680872,6.2433987
BR00116994,E17,A549,24,DMSO,compound,,negcon,,16.46077,7.545173
BR00116994,E18,A549,24,aloxistatin,compound,BRD-K91188791-001-17-5,,,13.798006,8.81837
BR00116994,E19,A549,24,azathioprine,compound,BRD-K32821942-001-22-1,,,16.367733,8.144746
BR00116994,E20,A549,24,ZK-93423,compound,BRD-K33882852-003-02-8,poscon_diverse,['benzodiazepine receptor agonist'],15.939641,7.7738214
BR00116994,E21,A549,24,BI-2536,compound,BRD-K64890080-001-02-1,poscon_diverse,,9.951306,11.179444
BR00116994,E22,A549,24,EI1,compound,BRD-K91535048-001-01-2,poscon_cp,['histone lysine methyltransferase inhibitor'],16.381899,6.267485
BR00116994,E23,A549,24,NVP-HSP990,compound,BRD-K67915505-001-01-2,,['HSP inhibitor'],12.163748,6.2199326
BR00116994,E24,A549,24,DMSO,compound,,negcon,,16.57526,6.300798
BR00116994,F01,A549,24,DMSO,compound,,negcon,,20.265537,6.4624944
BR00116994,F02,A549,24,nialamide,compound,BRD-K12102668-001-25-5,,,20.240267,5.683768
BR00116994,F03,A549,24,DMSO,compound,,negcon,,20.621473,6.3869405
BR00116994,F04,A549,24,arundic-acid,compound,BRD-K49223707-001-01-0,,,20.589212,6.518164
BR00116994,F05,A549,24,torcitabine,compound,BRD-K91822704-003-07-2,,,20.519217,6.3236065
BR00116994,F06,A549,24,DMSO,compound,,negcon,,15.542968,8.631843
BR00116994,F07,A549,24,epothilone-b,compound,BRD-K68164687-001-01-6,,"['microtubule stabilizing agent', 'tubulin polymerization inhibitor']",9.367302,11.178105
BR00116994,F08,A549,24,dyphylline,compound,BRD-A00827783-001-24-6,,['phosphodiesterase inhibitor'],14.8144045,8.979505
BR00116994,F09,A549,24,DMSO,compound,,negcon,,20.279684,6.7975907
BR00116994,F10,A549,24,quinidine,compound,BRD-K59632282-052-03-1,,['sodium channel blocker'],15.617428,10.085041
BR00116994,F11,A549,24,halopemide,compound,BRD-K50055394-001-03-6,,,13.442494,9.260525
BR00116994,F12,A549,24,sulfinpyrazone,compound,BRD-A36217750-001-16-3,,,15.111019,7.5572248
BR00116994,F13,A549,24,ML-323,compound,BRD-K93942811-001-01-3,poscon_cp,['ubiquitin specific protease inhibitor'],15.047647,9.546828
BR00116994,F14,A549,24,racecadotril,compound,BRD-A08187463-001-12-9,,,15.876974,9.07092
BR00116994,F15,A549,24,BRL-50481,compound,BRD-K84266862-001-03-2,,['phosphodiesterase inhibitor'],15.905057,9.683641
BR00116994,F16,A549,24,GSK2110183,compound,BRD-K25412176-001-01-9,poscon_diverse,,14.302643,8.905226
BR00116994,F17,A549,24,bufexamac,compound,BRD-K36660044-001-24-2,,['cyclooxygenase inhibitor'],15.631032,8.871794
BR00116994,F18,A549,24,anandamide,compound,BRD-K42352790-001-05-3,,,15.503133,8.730364
BR00116994,F19,A549,24,thioguanine,compound,BRD-K49350383-001-13-7,poscon_diverse,,13.046124,5.858889
BR00116994,F20,A549,24,IWP-L6,compound,BRD-K53234107-001-01-6,,['porcupine inhibitor'],15.912575,8.01031
BR00116994,F21,A549,24,edoxaban,compound,BRD-K29322660-001-01-9,,['coagulation factor inhibitor'],16.280167,8.564971
BR00116994,F22,A549,24,lonafarnib,compound,BRD-K41599323-001-02-3,poscon_diverse,,15.429936,9.491633
BR00116994,F23,A549,24,ibutamoren,compound,BRD-K44771174-066-01-0,,,15.941748,7.9890857
BR00116994,F24,A549,24,somatostatin,compound,BRD-K14681867-001-01-6,,['somatostatin receptor agonist'],16.367474,6.518249
BR00116994,G01,A549,24,L-proline,compound,BRD-K01666412-001-02-0,,,19.860285,6.442611
BR00116994,G02,A549,24,zamifenacin,compound,BRD-K80451230-051-02-6,,['acetylcholine receptor antagonist'],20.199942,7.25436
BR00116994,G03,A549,24,YC-1,compound,BRD-K60476892-001-16-1,,,19.698103,8.237206
BR00116994,G04,A549,24,DMSO,compound,,negcon,,20.265377,7.7592354
BR00116994,G05,A549,24,ME-0328,compound,BRD-K24283677-001-01-9,,['PPAR receptor antagonist'],19.531374,7.705467
BR00116994,G06,A549,24,NSC-663284,compound,BRD-K03109492-001-02-2,,['CDC inhibitor'],12.997708,10.183191
BR00116994,G07,A549,24,CYM-50358,compound,BRD-K80666802-003-01-0,,,13.8396435,8.842101
BR00116994,G08,A549,24,trazodone,compound,BRD-K70778732-003-27-5,,"['adrenergic receptor antagonist', 'serotonin receptor antagonist']",14.99709,7.0513
BR00116994,G09,A549,24,DMSO,compound,,negcon,,18.499706,8.74314
BR00116994,G10,A549,24,DMSO,compound,,negcon,,15.5838995,8.515435
BR00116994,G11,A549,24,sulfasalazine,compound,BRD-K10670311-001-17-1,,['cyclooxygenase inhibitor'],14.163683,8.23974
BR00116994,G12,A549,24,"2,5-furandimethanol",compound,BRD-K29791386-001-01-8,,,15.147324,7.971355
BR00116994,G13,A549,24,DMSO,compound,,negcon,,14.78486,10.353961
BR00116994,G14,A549,24,dilazep,compound,BRD-K48722258-300-11-0,,,15.033666,7.533336
BR00116994,G15,A549,24,felodipine,compound,BRD-A30815329-001-12-1,,['calcium channel blocker'],15.16627,7.792421
BR00116994,G16,A549,24,paliperidone,compound,BRD-A99888680-001-05-3,,"['dopamine receptor antagonist', 'serotonin receptor antagonist']",15.218222,8.204549
BR00116994,G17,A549,24,purvalanol-a,compound,BRD-K50836978-001-03-3,poscon_orf,['CDK inhibitor'],12.296872,8.548854
BR00116994,G18,A549,24,DMSO,compound,,negcon,,16.006845,8.5113735
BR00116994,G19,A549,24,Ro-1138452,compound,BRD-K77220725-003-01-5,,['prostanoid receptor antagonist'],15.359885,8.025526
BR00116994,G20,A549,24,sorbinil,compound,BRD-A89164055-001-03-3,,['aldose reductase inhibitor'],16.236404,8.327385
BR00116994,G21,A549,24,TC-S-7004,compound,BRD-K89517477-001-01-4,poscon_cp,['DYRK inhibitor'],14.457577,7.937872
BR00116994,G22,A549,24,saclofen,compound,BRD-A24122750-001-03-7,,['GABA receptor antagonist'],16.530567,7.7176576
BR00116994,G23,A549,24,BAY-87-2243,compound,BRD-K70463136-001-01-5,,,16.099373,6.5332074
BR00116994,G24,A549,24,ibudilast,compound,BRD-K16444452-001-09-1,,['phosphodiesterase inhibitor'],16.423084,6.504054
BR00116994,H01,A549,24,briciclib,compound,BRD-K05531427-001-01-7,,,9.28443,11.20414
BR00116994,H02,A549,24,2-Oleoylglycerol,compound,BRD-K77087341-001-02-4,,,20.484526,6.873348
BR00116994,H03,A549,24,RGFP966,compound,BRD-K61688984-001-02-9,poscon_cp,['HDAC inhibitor'],13.792806,8.26476
BR00116994,H04,A549,24,DMSO,compound,,negcon,,20.463797,6.761295
BR00116994,H05,A549,24,azacitidine,compound,BRD-K03406345-001-21-1,poscon_diverse,,13.180349,10.556624
BR00116994,H06,A549,24,N6-cyclopentyladenosine,compound,BRD-K60150510-001-15-6,,,15.374635,8.861404
BR00116994,H07,A549,24,filgotinib,compound,BRD-K16803204-001-01-6,poscon_cp,['JAK inhibitor'],13.353539,8.025387
BR00116994,H08,A549,24,guanidine,compound,BRD-K76037122-001-02-5,,['HSP inhibitor'],15.562035,8.904192
BR00116994,H09,A549,24,coumarin,compound,BRD-K23913458-001-20-7,,,15.036753,9.1139965
BR00116994,H10,A549,24,DMSO,compound,,negcon,,16.072657,9.157178
BR00116994,H11,A549,24,ZM-336372,compound,BRD-K73789395-001-09-9,poscon_orf,['RAF inhibitor'],14.934772,10.1476965
BR00116994,H12,A549,24,citric-acid,compound,BRD-K76792669-001-08-1,,['coagulation factor inhibitor'],15.633371,8.838579
BR00116994,H13,A549,24,DMSO,compound,,negcon,,15.254835,8.484479
BR00116994,H14,A549,24,CCG-63802,compound,BRD-K26970495-001-02-7,,['G protein signaling inhibitor'],15.049971,10.063329
BR00116994,H15,A549,24,ibutilide,compound,BRD-A74391928-051-03-9,,['potassium channel blocker'],15.70766,9.288788
BR00116994,H16,A549,24,batimastat,compound,BRD-K82818427-001-04-8,,['matrix metalloprotease inhibitor'],15.113918,7.022237
BR00116994,H17,A549,24,DMSO,compound,,negcon,,15.870013,8.5971
BR00116994,H18,A549,24,DMSO,compound,,negcon,,15.363049,7.777922
BR00116994,H19,A549,24,UNC1999,compound,BRD-K26989966-001-04-3,poscon_cp,['histone lysine methyltransferase inhibitor'],8.890302,9.960636
BR00116994,H20,A549,24,glutamine-(l),compound,BRD-K83896451-001-06-7,,,15.846673,8.568112
BR00116994,H21,A549,24,PD-98059,compound,BRD-K62810658-001-11-4,poscon_orf,,14.40989,6.6559467
BR00116994,H22,A549,24,enilconazole,compound,BRD-K01825690-065-01-9,,,16.430244,8.0477915
BR00116994,H23,A549,24,N-alpha-Methylhistamine-dihydrochloride,compound,BRD-K75390981-300-04-9,,['histamine receptor agonist'],16.713612,7.053002
BR00116994,H24,A549,24,GK921,compound,BRD-K38272302-001-02-7,,,9.144939,10.455244
BR00116994,I01,A549,24,nilvadipine,compound,BRD-A84687895-001-03-2,,['calcium channel blocker'],19.767805,6.4037313
BR00116994,I02,A549,24,DMSO,compound,,negcon,,20.208149,6.9821925
BR00116994,I03,A549,24,AC-710,compound,BRD-K15819326-001-01-6,,['PDGFR tyrosine kinase receptor inhibitor'],13.984456,10.021937
BR00116994,I04,A549,24,PETCM,compound,BRD-A93477898-001-04-2,,,19.922852,7.8116155
BR00116994,I05,A549,24,AZD7762,compound,BRD-K86525559-001-07-8,poscon_diverse,['CHK inhibitor'],8.906739,9.317853
BR00116994,I06,A549,24,PHA-793887,compound,BRD-K64800655-001-09-0,poscon_diverse,['CDK inhibitor'],10.429657,9.488092
BR00116994,I07,A549,24,KU-60019,compound,BRD-K36016295-001-05-2,,['ATM kinase inhibitor'],12.524356,9.538518
BR00116994,I08,A549,24,nafamostat,compound,BRD-K06674495-334-04-0,,,13.564079,5.8449936
BR00116994,I09,A549,24,DMSO,compound,,negcon,,15.008371,7.6713824
BR00116994,I10,A549,24,DMSO,compound,,negcon,,15.16385,7.8619375
BR00116994,I11,A549,24,taladegib,compound,BRD-K50498985-001-03-3,,['smoothened receptor antagonist'],14.778477,9.566569
BR00116994,I12,A549,24,acetohexamide,compound,BRD-K52960356-001-13-0,,['ATP channel blocker'],15.199787,7.4305267
BR00116994,I13,A549,24,minocycline,compound,BRD-A69651145-003-11-4,,,14.753136,8.325675
BR00116994,I14,A549,24,BI-2536,compound,BRD-K64890080-001-02-1,poscon_diverse,,9.825488,11.159354
BR00116994,I15,A549,24,riociguat,compound,BRD-K84783599-001-01-0,,,15.142973,8.185952
BR00116994,I16,A549,24,CP-724714,compound,BRD-K76908866-001-07-6,poscon_cp,"['EGFR inhibitor', 'protein tyrosine kinase inhibitor']",13.14138,6.8309937
BR00116994,I17,A549,24,ganetespib,compound,BRD-K38852836-001-04-9,poscon_diverse,['HSP inhibitor'],12.151838,6.247587
BR00116994,I18,A549,24,AZ191,compound,BRD-K80935598-001-01-1,poscon_cp,['DYRK inhibitor'],11.957639,7.3688393
BR00116994,I19,A549,24,BAX-channel-blocker,compound,BRD-A18763547-300-06-3,,,13.453964,9.510314
BR00116994,I20,A549,24,SU3327,compound,BRD-K32730239-001-01-0,,['JNK inhibitor'],12.625564,10.224175
BR00116994,I21,A549,24,DMSO,compound,,negcon,,16.555347,8.002365
BR00116994,I22,A549,24,DMSO,compound,,negcon,,16.879889,8.716308
BR00116994,I23,A549,24,octreotide,compound,BRD-A64173453-015-03-1,,['somatostatin receptor agonist'],18.723331,8.293783
BR00116994,I24,A549,24,1-octanol,compound,BRD-K09338665-001-08-9,,,16.61051,6.8541594
BR00116994,J01,A549,24,acalabrutinib,compound,BRD-K64034691-001-01-9,,"[""Bruton's tyrosine kinase (BTK) inhibitor""]",20.064035,5.97662
BR00116994,J02,A549,24,rifamycin,compound,BRD-K38512030-001-01-7,,,20.511383,6.7661047
BR00116994,J03,A549,24,pazopanib,compound,BRD-K74514084-003-09-2,,"['KIT inhibitor', 'VEGFR inhibitor', 'PDGFR tyrosine kinase receptor inhibitor']",14.135852,10.3046
BR00116994,J04,A549,24,RKI-1447,compound,BRD-K19333160-001-01-3,poscon_cp,,15.452402,10.689635
BR00116994,J05,A549,24,vitamin-E,compound,BRD-K97091514-001-11-4,,['PKC inhibitor'],20.585304,6.628722
BR00116994,J06,A549,24,lonafarnib,compound,BRD-K41599323-001-02-3,poscon_diverse,,15.514561,9.570012
BR00116994,J07,A549,24,ethyl-pyruvate,compound,BRD-K47738867-001-01-5,,,15.059809,8.951723
BR00116994,J08,A549,24,picrotin,compound,BRD-A91822151-001-05-0,,['GABA receptor antagonist'],15.316728,9.127215
BR00116994,J09,A549,24,SGX523,compound,BRD-K19477839-001-07-6,poscon_cp,,17.42072,8.8581
BR00116994,J10,A549,24,PP-2,compound,BRD-K95785537-001-22-3,,['src inhibitor'],12.516688,8.185871
BR00116994,J11,A549,24,ME-0328,compound,BRD-A63444178-001-01-5,,['PPAR receptor antagonist'],15.259508,9.332324
BR00116994,J12,A549,24,AZD9668,compound,BRD-K31476763-001-01-5,,['elastase inhibitor'],15.530733,9.101463
BR00116994,J13,A549,24,NQDI-1,compound,BRD-K61918008-001-07-1,,,15.259578,9.154157
BR00116994,J14,A549,24,DMSO,compound,,negcon,,15.94536,8.932208
BR00116994,J15,A549,24,carzenide,compound,BRD-K09295674-001-09-8,,,15.084368,7.240937
BR00116994,J16,A549,24,KU-55933,compound,BRD-K25311561-001-10-7,,['ATM kinase inhibitor'],13.452823,8.255724
BR00116994,J17,A549,24,NVP-AEW541,compound,BRD-K24696047-001-02-3,poscon_cp,['IGF-1 inhibitor'],13.338765,9.066848
BR00116994,J18,A549,24,leflunomide,compound,BRD-K78692225-001-24-5,,['PDGFR tyrosine kinase receptor inhibitor'],14.760085,7.8232007
BR00116994,J19,A549,24,DMSO,compound,,negcon,,16.307848,8.517514
BR00116994,J20,A549,24,azacitidine,compound,BRD-K03406345-001-21-1,poscon_diverse,,13.054992,10.602918
BR00116994,J21,A549,24,ixabepilone,compound,BRD-K03601870-001-01-2,,['microtubule stabilizing agent'],9.258261,11.198393
BR00116994,J22,A549,24,KH-CB19,compound,BRD-K66430217-001-03-8,poscon_cp,['CDC inhibitor'],16.43023,6.610434
BR00116994,J23,A549,24,DMSO,compound,,negcon,,16.799337,7.544477
BR00116994,J24,A549,24,PF-05190457,compound,BRD-K02554563-001-01-6,,,16.146564,7.272629
BR00116994,K01,A549,24,LDN-212854,compound,BRD-K59831625-001-03-9,,,8.657427,9.587443
BR00116994,K02,A549,24,formononetin,compound,BRD-K55567017-001-12-3,,['alcohol dehydrogenase inhibitor'],20.372337,7.399094
BR00116994,K03,A549,24,aminopurvalanol-a,compound,BRD-K07762753-001-05-1,poscon_orf,['CDK inhibitor'],11.625686,8.901134
BR00116994,K04,A549,24,ruxolitinib,compound,BRD-K53972329-001-01-3,poscon_cp,['JAK inhibitor'],15.757378,10.381222
BR00116994,K05,A549,24,DMSO,compound,,negcon,,19.249517,7.803078
BR00116994,K06,A549,24,DMSO,compound,,negcon,,18.73633,8.31608
BR00116994,K07,A549,24,LGK-974,compound,BRD-K16810791-001-01-0,,['porcupine inhibitor'],14.806259,6.573396
BR00116994,K08,A549,24,polydatin,compound,BRD-K43236057-001-07-1,,['ICAM1 expression inhibitor'],11.348855,8.931897
BR00116994,K09,A549,24,enflurane,compound,BRD-A51831848-001-01-7,,,15.516957,7.827672
BR00116994,K10,A549,24,PFI-1,compound,BRD-K13094524-001-04-2,poscon_cp,,15.032117,6.9950337
BR00116994,K11,A549,24,AZD7762,compound,BRD-K86525559-001-07-8,poscon_diverse,['CHK inhibitor'],9.029899,9.40483
BR00116994,K12,A549,24,sotrastaurin,compound,BRD-K16761703-001-03-8,,['PKC inhibitor'],13.75045,8.0095625
BR00116994,K13,A549,24,DMSO,compound,,negcon,,15.427214,8.335648
BR00116994,K14,A549,24,cycloheximide,compound,BRD-K36055864-001-20-0,,['protein synthesis inhibitor'],10.950119,9.246308
BR00116994,K15,A549,24,oxytocin,compound,BRD-K25243230-001-01-2,,,15.65851,8.743481
BR00116994,K16,A549,24,DMSO,compound,,negcon,,16.637272,8.582716
BR00116994,K17,A549,24,colchicine,compound,BRD-K00259736-001-16-4,,,9.259791,11.241927
BR00116994,K18,A549,24,afimoxifene,compound,BRD-K04210847-001-21-9,,,15.215225,8.476169
BR00116994,K19,A549,24,DMSO,compound,,negcon,,15.945711,8.666948
BR00116994,K20,A549,24,ZK-93423,compound,BRD-K33882852-003-02-8,poscon_diverse,['benzodiazepine receptor agonist'],16.451387,7.8840747
BR00116994,K21,A549,24,RGB-286638,compound,BRD-K20986415-001-02-6,,['CDK inhibitor'],9.192408,9.457117
BR00116994,K22,A549,24,FPS-ZM1,compound,BRD-K87691185-001-01-2,,['RAGE receptor antagonist'],16.592434,8.35915
BR00116994,K23,A549,24,flindokalner,compound,BRD-K56740996-001-02-1,,,8.760302,8.798058
BR00116994,K24,A549,24,motesanib,compound,BRD-K99616396-316-05-3,,"['KIT inhibitor', 'VEGFR inhibitor', 'PDGFR tyrosine kinase receptor inhibitor']",16.45731,7.4925027
BR00116994,L01,A549,24,geldanamycin,compound,BRD-K43570081-001-02-4,,['HSP inhibitor'],12.326644,6.0935836
BR00116994,L02,A549,24,DMSO,compound,,negcon,,20.7026,6.959724
BR00116994,L03,A549,24,CGP-53353,compound,BRD-K32292990-001-03-6,,"['PKC inhibitor', 'EGFR inhibitor']",20.078941,6.6228886
BR00116994,L04,A549,24,7-hydroxystaurosporine,compound,BRD-K45293975-001-02-0,,"['CDK inhibitor', 'PKC inhibitor', 'CHK inhibitor']",9.624157,8.664668
BR00116994,L05,A549,24,DMSO,compound,,negcon,,20.803793,7.262446
BR00116994,L06,A549,24,DMSO,compound,,negcon,,20.382662,6.9180846
BR00116994,L07,A549,24,efaproxiral,compound,BRD-K37355418-236-01-6,,,19.848528,5.041063
BR00116994,L08,A549,24,SB-203580,compound,BRD-A37704979-001-12-3,poscon_orf,['p38 MAPK inhibitor'],12.809972,6.267008
BR00116994,L09,A549,24,FK-866,compound,BRD-K58550667-001-08-7,poscon_diverse,,13.069968,7.1018715
BR00116994,L10,A549,24,bepridil,compound,BRD-A91008255-003-24-8,,['calcium channel blocker'],15.575739,9.3207445
BR00116994,L11,A549,24,delanzomib,compound,BRD-K59325863-001-04-4,,,8.192497,10.253456
BR00116994,L12,A549,24,buparlisib,compound,BRD-K42191735-001-08-7,poscon_diverse,,9.219045,10.48792
BR00116994,L13,A549,24,phenylbutazone,compound,BRD-K10843433-001-23-5,,"['cyclooxygenase inhibitor', 'prostanoid receptor antagonist']",15.2543745,9.52065
BR00116994,L14,A549,24,deferasirox,compound,BRD-K97010173-001-04-1,,,15.204043,7.1631126
BR00116994,L15,A549,24,DMSO,compound,,negcon,,15.684051,8.305702
BR00116994,L16,A549,24,cediranib,compound,BRD-K86930074-001-05-0,,"['KIT inhibitor', 'VEGFR inhibitor']",13.0583105,9.023921
BR00116994,L17,A549,24,isoflurane,compound,BRD-A31564021-001-02-6,,,15.631166,8.128443
BR00116994,L18,A549,24,DMSO,compound,,negcon,,16.324776,8.67779
BR00116994,L19,A549,24,CCG-50014,compound,BRD-K08893438-001-06-4,,['G protein signaling inhibitor'],15.721859,8.616368
BR00116994,L20,A549,24,PF-431396,compound,BRD-K93788137-001-04-1,,,11.331291,9.536642
BR00116994,L21,A549,24,TG-02,compound,BRD-K14560436-001-01-4,,"['CDK inhibitor', 'FLT3 inhibitor', 'JAK inhibitor']",10.366791,9.421992
BR00116994,L22,A549,24,baclofen,compound,BRD-K01826724-003-07-9,,['benzodiazepine receptor agonist'],16.706617,7.6605163
BR00116994,L23,A549,24,thiostrepton,compound,BRD-A20697603-001-07-2,,['protein synthesis inhibitor'],13.475676,9.701832
BR00116994,L24,A549,24,flufenamic-acid,compound,BRD-K44067360-001-29-5,,,16.539434,6.2310295
BR00116994,M01,A549,24,DMSO,compound,,negcon,,19.647339,6.2277536
BR00116994,M02,A549,24,LY2109761,compound,BRD-K47557313-001-02-7,,,13.1591,7.6214767
BR00116994,M03,A549,24,olopatadine,compound,BRD-K67637637-003-11-8,,['histamine receptor antagonist'],19.732916,7.5927343
BR00116994,M04,A549,24,DMSO,compound,,negcon,,20.118195,7.6377563
BR00116994,M05,A549,24,castanospermine,compound,BRD-K20897876-001-11-8,,['glucosidase inhibitor'],20.164595,7.519509
BR00116994,M06,A549,24,A205804,compound,BRD-K77627880-001-04-0,,['ICAM1 expression inhibitor'],14.734237,5.9739556
BR00116994,M07,A549,24,VU591,compound,BRD-K72063794-003-01-0,,['potassium channel blocker'],14.356055,9.794592
BR00116994,M08,A549,24,dalbavancin,compound,BRD-K30177383-001-01-0,,['bacterial cell wall synthesis inhibitor'],16.985598,7.68485
BR00116994,M09,A549,24,CC-401,compound,BRD-K45746021-003-01-9,,['JNK inhibitor'],13.585712,7.401376
BR00116994,M10,A549,24,ganetespib,compound,BRD-K38852836-001-04-9,poscon_diverse,['HSP inhibitor'],12.140776,6.1939588
BR00116994,M11,A549,24,ingenol-mebutate,compound,BRD-K93779381-001-01-9,,,14.288552,10.727601
BR00116994,M12,A549,24,menadione,compound,BRD-K78126613-001-27-7,,,8.64875,8.841335
BR00116994,M13,A549,24,cetilistat,compound,BRD-K94863486-001-02-2,,,13.14377,7.6293216
BR00116994,M14,A549,24,methoxsalen,compound,BRD-K63430059-001-16-4,,['DNA synthesis inhibitor'],14.691698,6.7898955
BR00116994,M15,A549,24,cyclosporine,compound,BRD-K13533483-001-16-2,,,12.298251,8.818684
BR00116994,M16,A549,24,NSC-632839,compound,BRD-K81197548-003-01-4,poscon_cp,['ubiquitin specific protease inhibitor'],9.1562395,10.840265
BR00116994,M17,A549,24,DMSO,compound,,negcon,,16.441568,8.060495
BR00116994,M18,A549,24,TG-003,compound,BRD-K97072811-001-11-4,poscon_cp,,14.289039,7.719016
BR00116994,M19,A549,24,oxibendazole,compound,BRD-K52075715-001-06-7,,['tubulin polymerization inhibitor'],9.1986885,11.240915
BR00116994,M20,A549,24,TG-101348,compound,BRD-K12502280-001-11-4,poscon_cp,"['JAK inhibitor', 'FLT3 inhibitor']",8.639381,9.483363
BR00116994,M21,A549,24,miglitol,compound,BRD-A63310107-001-04-8,,['glucosidase inhibitor'],16.977442,8.829408
BR00116994,M22,A549,24,DMSO,compound,,negcon,,16.928774,6.9401608
BR00116994,M23,A549,24,DMSO,compound,,negcon,,19.080656,7.684235
BR00116994,M24,A549,24,tranilast,compound,BRD-K17849083-001-32-9,,,16.471638,6.1997976
BR00116994,N01,A549,24,4-methylhistamine,compound,BRD-K70821460-300-02-4,,['histamine receptor agonist'],19.796757,5.4853578
BR00116994,N02,A549,24,LDN-27219,compound,BRD-K51485109-001-01-4,,,20.340338,6.708745
BR00116994,N03,A549,24,anisomycin,compound,BRD-K91370081-001-25-1,,['DNA synthesis inhibitor'],9.132133,9.696974
BR00116994,N04,A549,24,thioguanine,compound,BRD-K49350383-001-13-7,poscon_diverse,,13.091474,5.7974963
BR00116994,N05,A549,24,droxinostat,compound,BRD-K11558771-001-13-9,,['HDAC inhibitor'],20.519396,7.0781107
BR00116994,N06,A549,24,UNC2025,compound,BRD-K91283740-003-01-6,poscon_cp,['FLT3 inhibitor'],9.983004,9.057278
BR00116994,N07,A549,24,DMSO,compound,,negcon,,20.408407,5.8963356
BR00116994,N08,A549,24,DMSO,compound,,negcon,,8.614372,8.896734
BR00116994,N09,A549,24,AMG900,compound,BRD-K21728777-001-02-3,poscon_cp,['Aurora kinase inhibitor'],11.302247,9.506836
BR00116994,N10,A549,24,PF-06463922,compound,BRD-A23124853-001-01-4,,['ALK tyrosine kinase receptor inhibitor'],12.765559,6.947943
BR00116994,N11,A549,24,orantinib,compound,BRD-K55966568-001-09-6,poscon_cp,"['FGFR inhibitor', 'PDGFR tyrosine kinase receptor inhibitor', 'VEGFR inhibitor']",12.53106,7.9535866
BR00116994,N12,A549,24,fludarabine-phosphate,compound,BRD-K71106091-001-09-5,,['ribonucleotide reductase inhibitor'],14.95825,6.2541924
BR00116994,N13,A549,24,ceritinib,compound,BRD-K22149900-001-06-2,,['ALK tyrosine kinase receptor inhibitor'],13.473486,6.5861926
BR00116994,N14,A549,24,NVS-PAK1-1,compound,BRD-K28132190-001-02-0,poscon_cp,['p21 activated kinase inhibitor'],15.220421,6.857901
BR00116994,N15,A549,24,homoharringtonine,compound,BRD-K76674262-001-03-3,,['protein synthesis inhibitor'],9.141158,9.594904
BR00116994,N16,A549,24,picrotoxinin,compound,BRD-K36461289-001-05-8,,['GABA receptor antagonist'],16.122105,6.7019243
BR00116994,N17,A549,24,DMSO,compound,,negcon,,16.818405,6.8448205
BR00116994,N18,A549,24,danusertib,compound,BRD-K07881437-001-03-8,poscon_diverse,"['growth factor receptor inhibitor', 'Aurora kinase inhibitor']",11.4853945,9.311929
BR00116994,N19,A549,24,romidepsin,compound,BRD-K61397605-001-01-8,poscon_cp,['HDAC inhibitor'],8.623403,9.428583
BR00116994,N20,A549,24,FERb-033,compound,BRD-K61642990-001-01-0,poscon_cp,['EGFR inhibitor'],16.629704,7.1648817
BR00116994,N21,A549,24,PF-03758309,compound,BRD-K37764012-001-03-3,poscon_diverse,['p21 activated kinase inhibitor'],10.210393,9.245363
BR00116994,N22,A549,24,DMSO,compound,,negcon,,16.77809,7.701234
BR00116994,N23,A549,24,trometamol,compound,BRD-K47978074-001-03-2,,,16.979254,8.22746
BR00116994,N24,A549,24,simvastatin,compound,BRD-K22134346-001-22-3,,['HMGCR inhibitor'],16.767075,6.716569
BR00116994,O01,A549,24,zaprinast,compound,BRD-K16542329-001-16-8,,['phosphodiesterase inhibitor'],19.058758,5.329336
BR00116994,O02,A549,24,dexamethasone,compound,BRD-A10188456-001-04-9,,['glucocorticoid receptor agonist'],14.757115,5.806958
BR00116994,O03,A549,24,salicylic-acid,compound,BRD-K93632104-001-17-2,,['cyclooxygenase inhibitor'],20.220945,7.363858
BR00116994,O04,A549,24,diltiazem,compound,BRD-A69636825-003-04-7,,['calcium channel blocker'],20.322039,7.396835
BR00116994,O05,A549,24,phenolphthalein,compound,BRD-K19227686-001-18-6,,,19.897684,7.49038
BR00116994,O06,A549,24,niflumic-acid,compound,BRD-K98763141-001-30-8,,['cyclooxygenase inhibitor'],20.05942,7.8330116
BR00116994,O07,A549,24,DMSO,compound,,negcon,,19.691069,7.2914853
BR00116994,O08,A549,24,L-Cystine,compound,BRD-A15397381-001-02-5,,,19.449947,7.3057017
BR00116994,O09,A549,24,ozanimod,compound,BRD-K46625559-001-01-8,,['sphingosine 1 phosphate receptor agonist'],14.357413,7.2681975
BR00116994,O10,A549,24,efaroxan,compound,BRD-A10739734-003-09-8,,['adrenergic receptor antagonist'],19.00581,7.4480424
BR00116994,O11,A549,24,NBQX,compound,BRD-K11796549-001-05-2,,['glutamate receptor antagonist'],7.171292,6.588324
BR00116994,O12,A549,24,dinoprostone,compound,BRD-K26521938-001-07-2,,['prostanoid receptor agonist'],19.253145,7.219925
BR00116994,O13,A549,24,Ro-20-1724,compound,BRD-A07207424-001-14-0,,['phosphodiesterase inhibitor'],19.272486,7.7718277
BR00116994,O14,A549,24,xanomeline,compound,BRD-K72815923-034-02-0,,['acetylcholine receptor agonist'],18.370728,7.796535
BR00116994,O15,A549,24,terazosin,compound,BRD-K01825589-310-02-9,,['adrenergic receptor antagonist'],16.390253,5.350885
BR00116994,O16,A549,24,BVT-948,compound,BRD-K68567222-001-01-2,,,16.889874,7.859632
BR00116994,O17,A549,24,nicotine,compound,BRD-K01825660-322-01-9,,['acetylcholine receptor agonist'],18.798294,7.170841
BR00116994,O18,A549,24,DMSO,compound,,negcon,,18.996504,7.299313
BR00116994,O19,A549,24,U-0521,compound,BRD-K08953028-001-09-6,,,16.934584,6.369415
BR00116994,O20,A549,24,BMS-587101,compound,BRD-K20093108-001-02-3,,,16.8627,6.3930507
BR00116994,O21,A549,24,nimodipine,compound,BRD-A58048407-001-20-4,,['calcium channel blocker'],17.103361,6.556095
BR00116994,O22,A549,24,pyrrolidine-dithiocarbamate,compound,BRD-K80970344-201-08-6,,,12.483784,6.0571766
BR00116994,O23,A549,24,PF-915275,compound,BRD-K18289362-001-02-2,,,16.633047,6.3490777
BR00116994,O24,A549,24,JTE-013,compound,BRD-K43330982-001-02-3,,,16.664764,6.3730435
BR00116994,P01,A549,24,sodium-butyrate,compound,BRD-K05878375-236-05-7,,['HDAC inhibitor'],15.805127,4.857459
BR00116994,P02,A549,24,pentostatin,compound,BRD-K91543828-001-02-0,,['ribonucleotide reductase inhibitor'],19.604422,5.224723
BR00116994,P03,A549,24,OMDM-2,compound,BRD-K48830578-001-01-9,,,19.86825,4.983026
BR00116994,P04,A549,24,nalmefene,compound,BRD-A72767275-003-01-6,,,20.030481,5.164654
BR00116994,P05,A549,24,DMSO,compound,,negcon,,19.700243,4.8414197
BR00116994,P06,A549,24,1-EBIO,compound,BRD-K70586315-001-02-4,,,19.439398,5.2358384
BR00116994,P07,A549,24,SB-505124,compound,BRD-K40109029-001-02-9,,['ALK tyrosine kinase receptor inhibitor'],12.9060545,7.9544144
BR00116994,P08,A549,24,prasugrel,compound,BRD-A83029242-001-06-1,,['purinergic receptor antagonist'],19.386816,4.8821616
BR00116994,P09,A549,24,pidolic-acid,compound,BRD-K57313110-001-06-8,,,19.683586,4.845684
BR00116994,P10,A549,24,DMSO,compound,,negcon,,18.954943,4.6769457
BR00116994,P11,A549,24,nevirapine,compound,BRD-K15502390-001-20-9,,,19.381931,5.020763
BR00116994,P12,A549,24,triamterene,compound,BRD-K92049597-001-20-8,,['sodium channel blocker'],19.49925,4.6977158
BR00116994,P13,A549,24,regorafenib,compound,BRD-K16730910-001-07-3,,"['PDGFR tyrosine kinase receptor inhibitor', 'RAF inhibitor', 'KIT inhibitor', 'RET tyrosine kinase inhibitor', 'FGFR inhibitor', 'VEGFR inhibitor']",18.588514,4.9635406
BR00116994,P14,A549,24,cyclophosphamide,compound,BRD-A09722536-002-18-0,,,19.476732,4.9655724
BR00116994,P15,A549,24,olanzapine,compound,BRD-K18895904-001-16-1,,"['dopamine receptor antagonist', 'serotonin receptor antagonist']",19.650496,5.2946324
BR00116994,P16,A549,24,KI-16425,compound,BRD-A25569250-001-03-3,,['lysophosphatidic acid receptor antagonist'],12.728297,7.592405
BR00116994,P17,A549,24,SKLB1002,compound,BRD-K29895144-001-01-0,,['VEGFR inhibitor'],18.074196,4.478395
BR00116994,P18,A549,24,cilostazol,compound,BRD-K67017579-001-28-1,,['phosphodiesterase inhibitor'],18.44012,4.664306
BR00116994,P19,A549,24,AZD1283,compound,BRD-K77060810-001-01-5,,['purinergic receptor antagonist'],18.24488,4.7055516
BR00116994,P20,A549,24,A-987306,compound,BRD-K68982262-001-01-4,,['histamine receptor antagonist'],15.530154,5.6357064
BR00116994,P21,A549,24,procaine,compound,BRD-K24616672-003-20-1,,['HMGCR inhibitor'],17.370914,5.331975
BR00116994,P22,A549,24,miconazole,compound,BRD-A82396632-008-30-8,,['bacterial cell wall synthesis inhibitor'],16.547144,6.171086
BR00116994,P23,A549,24,loperamide,compound,BRD-K61250553-003-30-6,,,15.832642,6.153832
BR00116994,P24,A549,24,aripiprazole,compound,BRD-K70358946-001-17-3,,['serotonin receptor antagonist'],16.191023,5.5579457
BR00117015,A01,A549,48,gabapentin-enacarbil,compound,BRD-A86665761-001-01-1,,,18.849302,5.2404356
BR00117015,A02,A549,48,DMSO,compound,,negcon,,19.303856,6.186486
BR00117015,A03,A549,48,amlodipine,compound,BRD-A22032524-074-09-9,,['calcium channel blocker'],15.353477,5.206093
BR00117015,A04,A549,48,hexestrol,compound,BRD-A01078468-001-14-8,,,18.680923,5.316534
BR00117015,A05,A549,48,quinine,compound,BRD-K48278478-001-01-2,,,18.481289,5.07657
BR00117015,A06,A549,48,LOXO-101,compound,BRD-K36574127-001-01-3,,,18.137575,4.9399962
BR00117015,A07,A549,48,brinzolamide,compound,BRD-K74913225-001-14-0,,['carbonic anhydrase inhibitor'],18.670208,4.9659424
BR00117015,A08,A549,48,NS-11021,compound,BRD-K94342292-001-01-3,,['calcium-activated potassium channel activator'],17.148748,4.355933
BR00117015,A09,A549,48,DMSO,compound,,negcon,,18.567902,5.1674085
BR00117015,A10,A549,48,GNF-5837,compound,BRD-K19975102-001-01-2,,['growth factor receptor inhibitor'],16.453089,4.689121
BR00117015,A11,A549,48,apatinib,compound,BRD-K25244359-066-02-6,,['RET tyrosine kinase inhibitor'],16.019592,4.7386355
BR00117015,A12,A549,48,ethoxzolamide,compound,BRD-K18131774-001-18-4,,['carbonic anhydrase inhibitor'],18.50698,4.999402
BR00117015,A13,A549,48,ascorbic-acid,compound,BRD-A85242401-001-11-5,,,18.516628,5.1295924
BR00117015,A14,A549,48,ryuvidine,compound,BRD-K06426971-001-02-7,,['histone lysine methyltransferase inhibitor'],8.104413,10.299189
BR00117015,A15,A549,48,BAN-ORL-24,compound,BRD-K47049295-300-03-1,,,11.853587,9.767905
BR00117015,A16,A549,48,NNC-55-0396,compound,BRD-K78122587-300-04-3,,,13.530105,9.450933
BR00117015,A17,A549,48,DMSO,compound,,negcon,,18.157824,4.7728033
BR00117015,A18,A549,48,WH-4-023,compound,BRD-K50199947-001-03-4,,['src inhibitor'],12.249315,8.492359
BR00117015,A19,A549,48,flupirtine,compound,BRD-K50720187-051-03-1,,['glutamate receptor antagonist'],17.34117,4.6475453
BR00117015,A20,A549,48,ZK811752,compound,BRD-K91825936-001-03-9,,,17.622513,4.7865458
BR00117015,A21,A549,48,dexamethasone,compound,BRD-K38775274-001-22-1,,['glucocorticoid receptor agonist'],14.586388,5.8905883
BR00117015,A22,A549,48,PP-1,compound,BRD-K47598052-001-14-1,,['src inhibitor'],12.385026,7.939105
BR00117015,A23,A549,48,DDR1-IN-1,compound,BRD-K61845293-300-01-9,,,15.514116,5.7314887
BR00117015,A24,A549,48,AVL-292,compound,BRD-K87782578-001-01-4,,"[""Bruton's tyrosine kinase (BTK) inhibitor""]",12.054179,7.723112
BR00117015,B01,A549,48,H2L-5765834,compound,BRD-K26439554-001-01-3,,['lysophosphatidic acid receptor antagonist'],19.330137,5.9521976
BR00117015,B02,A549,48,thiostrepton,compound,BRD-K58049875-001-03-9,,['protein synthesis inhibitor'],12.8194,9.890733
BR00117015,B03,A549,48,DMSO,compound,,negcon,,19.693218,6.7099757
BR00117015,B04,A549,48,arcyriaflavin-a,compound,BRD-K72726508-001-02-1,,['CDK inhibitor'],12.96727,6.210063
BR00117015,B05,A549,48,CYM-5520,compound,BRD-K29151923-001-01-5,,['sphingosine 1 phosphate receptor agonist'],19.71386,7.0699177
BR00117015,B06,A549,48,fludarabine,compound,BRD-K66788707-001-14-3,,['ribonucleotide reductase inhibitor'],15.104652,6.4866605
BR00117015,B07,A549,48,alda-1,compound,BRD-K06890060-001-09-1,,,17.7378,4.502117
BR00117015,B08,A549,48,meclofenamic-acid,compound,BRD-K50398167-236-22-7,,"['cyclooxygenase inhibitor', 'prostanoid receptor antagonist']",18.572708,7.114898
BR00117015,B09,A549,48,GNF-5,compound,BRD-K87632963-001-03-0,,['Bcr-Abl kinase inhibitor'],16.056467,8.309304
BR00117015,B10,A549,48,NS-309,compound,BRD-K37602296-001-01-6,,['calcium-activated potassium channel activator'],18.457575,8.092048
BR00117015,B11,A549,48,AK-7,compound,BRD-K09143580-001-01-0,,['SIRT inhibitor'],15.260694,10.135156
BR00117015,B12,A549,48,BVT-948,compound,BRD-A22713669-001-04-3,,,18.77446,7.5461946
BR00117015,B13,A549,48,SirReal-2,compound,BRD-K16472653-001-01-6,,['SIRT inhibitor'],18.024462,4.67183
BR00117015,B14,A549,48,DMSO,compound,,negcon,,17.563704,5.128972
BR00117015,B15,A549,48,BMS-536924,compound,BRD-K34581968-001-05-3,,['IGF-1 inhibitor'],11.276207,8.759405
BR00117015,B16,A549,48,PP-121,compound,BRD-K81801188-001-02-8,,['protein tyrosine kinase inhibitor'],8.706686,9.872121
BR00117015,B17,A549,48,MCOPPB,compound,BRD-K73276278-305-01-1,,,13.655466,8.819606
BR00117015,B18,A549,48,ozagrel,compound,BRD-K53061490-003-13-9,,,17.859722,6.4208894
BR00117015,B19,A549,48,CYM-5442,compound,BRD-A43005764-003-01-5,,['sphingosine 1 phosphate receptor agonist'],13.794048,8.585654
BR00117015,B20,A549,48,CVT-10216,compound,BRD-K60659193-001-01-0,,,17.628788,5.9406586
BR00117015,B21,A549,48,TCN201,compound,BRD-K09787262-001-02-7,,['glutamate receptor antagonist'],17.925747,6.5321894
BR00117015,B22,A549,48,fomepizole,compound,BRD-K56810756-003-07-7,,['alcohol dehydrogenase inhibitor'],17.785913,6.388515
BR00117015,B23,A549,48,benzamil,compound,BRD-K87158025-003-08-7,,['sodium channel blocker'],17.750275,6.388737
BR00117015,B24,A549,48,lercanidipine,compound,BRD-A18992208-003-02-7,,['calcium channel blocker'],17.042534,4.903226
BR00117015,C01,A549,48,4-CMTB,compound,BRD-A54139254-001-09-2,,['free fatty acid receptor agonist'],19.48084,6.8377357
BR00117015,C02,A549,48,ML-228,compound,BRD-K44432556-001-05-5,,,19.601606,7.700568
BR00117015,C03,A549,48,DMSO,compound,,negcon,,19.435293,7.9055333
BR00117015,C04,A549,48,GSK1070916,compound,BRD-K36740062-001-06-6,,['Aurora kinase inhibitor'],10.614113,9.456345
BR00117015,C05,A549,48,ML-193,compound,BRD-K27539181-001-08-5,,,18.884758,7.5403414
BR00117015,C06,A549,48,DMSO,compound,,negcon,,18.825125,9.019053
BR00117015,C07,A549,48,M-25,compound,BRD-K51265828-001-01-0,,['smoothened receptor antagonist'],17.60948,5.931562
BR00117015,C08,A549,48,azeliragon,compound,BRD-K51899933-001-02-6,,['RAGE receptor antagonist'],8.844589,10.133458
BR00117015,C09,A549,48,CYT-997,compound,BRD-K23363278-001-02-1,poscon_diverse,['tubulin polymerization inhibitor'],10.296168,10.323545
BR00117015,C10,A549,48,AR-12,compound,BRD-K90497590-001-05-9,,,8.260903,9.322097
BR00117015,C11,A549,48,CYM-50260,compound,BRD-K69877120-001-01-7,,['sphingosine 1 phosphate receptor agonist'],14.219537,6.7270775
BR00117015,C12,A549,48,DMSO,compound,,negcon,,19.033768,9.039559
BR00117015,C13,A549,48,KG-5,compound,BRD-K90747162-001-01-4,poscon_cp,['RAF inhibitor'],10.299386,10.287043
BR00117015,C14,A549,48,JTE-607,compound,BRD-K81405859-300-01-4,,,15.024732,6.532132
BR00117015,C15,A549,48,DMSO,compound,,negcon,,17.955105,6.8316054
BR00117015,C16,A549,48,ilomastat,compound,BRD-K51662849-001-05-4,,['matrix metalloprotease inhibitor'],15.581655,6.602978
BR00117015,C17,A549,48,RX-821002,compound,BRD-A65597028-003-08-1,,['adrenergic receptor antagonist'],17.457941,5.8553596
BR00117015,C18,A549,48,DMSO,compound,,negcon,,18.018934,6.911438
BR00117015,C19,A549,48,TUG-891,compound,BRD-K24282351-001-01-4,,['free fatty acid receptor agonist'],17.901913,7.037216
BR00117015,C20,A549,48,ponatinib,compound,BRD-K44227013-001-08-0,,"['PDGFR tyrosine kinase receptor inhibitor', 'FLT3 inhibitor', 'Bcr-Abl kinase inhibitor']",8.710067,9.121645
BR00117015,C21,A549,48,DMSO,compound,,negcon,,17.747467,6.4379883
BR00117015,C22,A549,48,puromycin,compound,BRD-K01824976-300-02-9,,['protein synthesis inhibitor'],8.725979,9.514915
BR00117015,C23,A549,48,SRC-kinase-inhibitor-I,compound,BRD-K50495309-001-02-0,,['src inhibitor'],12.882336,6.879049
BR00117015,C24,A549,48,acetylcysteine,compound,BRD-K59058747-001-19-1,,,17.38668,5.3374114
BR00117015,D01,A549,48,NSC-625987,compound,BRD-K62949423-001-03-1,,['CDK inhibitor'],19.54179,6.549398
BR00117015,D02,A549,48,dalfampridine,compound,BRD-K22482860-001-20-6,,['potassium channel blocker'],19.705578,7.5451927
BR00117015,D03,A549,48,NSC-95397,compound,BRD-K68143200-001-11-7,,['CDC inhibitor'],13.020753,10.437091
BR00117015,D04,A549,48,alrestatin,compound,BRD-K35498378-001-06-1,,['aldose reductase inhibitor'],19.50064,7.522694
BR00117015,D05,A549,48,PF-03758309,compound,BRD-K37764012-001-03-3,poscon_diverse,['p21 activated kinase inhibitor'],17.949396,8.541636
BR00117015,D06,A549,48,IRL-2500,compound,BRD-K98357249-001-02-9,,['endothelin receptor antagonist'],18.539547,9.602948
BR00117015,D07,A549,48,PF-04217903,compound,BRD-K73319509-001-08-0,poscon_cp,,18.259443,8.616503
BR00117015,D08,A549,48,FK-866,compound,BRD-K58550667-001-08-7,poscon_diverse,,12.69592,5.9290805
BR00117015,D09,A549,48,amlexanox,compound,BRD-K29530284-001-06-2,,,18.348957,9.592572
BR00117015,D10,A549,48,GW-311616,compound,BRD-K37864785-001-01-0,,['elastase inhibitor'],17.007624,10.343846
BR00117015,D11,A549,48,buparlisib,compound,BRD-K42191735-001-08-7,poscon_diverse,,9.737534,10.01772
BR00117015,D12,A549,48,amiloride,compound,BRD-K97181089-003-24-7,,['sodium channel blocker'],12.818587,8.1279955
BR00117015,D13,A549,48,DG-172,compound,BRD-K75748943-300-01-3,,,13.948241,9.690893
BR00117015,D14,A549,48,DMSO,compound,,negcon,,17.664898,9.122674
BR00117015,D15,A549,48,DMSO,compound,,negcon,,15.974575,7.887935
BR00117015,D16,A549,48,NVP-ADW742,compound,BRD-K15179513-001-04-2,poscon_cp,,13.194706,9.412221
BR00117015,D17,A549,48,misoprostol,compound,BRD-A72351335-001-04-5,,['prostanoid receptor agonist'],15.727121,7.4751267
BR00117015,D18,A549,48,conivaptan,compound,BRD-K37385792-003-02-1,,,15.650053,9.386539
BR00117015,D19,A549,48,spiroxatrine,compound,BRD-A72483914-001-03-7,,['serotonin receptor antagonist'],16.40796,8.25265
BR00117015,D20,A549,48,diacerein,compound,BRD-K69122748-001-10-1,,,16.523169,8.6264305
BR00117015,D21,A549,48,DMSO,compound,,negcon,,13.035202,8.4204645
BR00117015,D22,A549,48,DMSO,compound,,negcon,,17.525576,7.078221
BR00117015,D23,A549,48,glyburide,compound,BRD-K36927236-001-36-7,,['ATP channel blocker'],17.541824,6.873634
BR00117015,D24,A549,48,ANR-94,compound,BRD-K31170746-001-01-6,,,16.994526,5.626899
BR00117015,E01,A549,48,TFC-007,compound,BRD-K57708067-001-01-3,,,19.694414,7.205241
BR00117015,E02,A549,48,trihexyphenidyl,compound,BRD-A48180038-003-24-3,,['acetylcholine receptor antagonist'],19.369137,8.747521
BR00117015,E03,A549,48,epoprostenol,compound,BRD-K64054020-001-02-7,,,19.570372,8.504258
BR00117015,E04,A549,48,sacubitril,compound,BRD-K91456750-001-01-9,,,19.800236,8.423684
BR00117015,E05,A549,48,danusertib,compound,BRD-K07881437-001-03-8,poscon_diverse,"['growth factor receptor inhibitor', 'Aurora kinase inhibitor']",11.648866,9.472343
BR00117015,E06,A549,48,CYT-997,compound,BRD-K23363278-001-02-1,poscon_diverse,['tubulin polymerization inhibitor'],10.232066,10.257171
BR00117015,E07,A549,48,DMSO,compound,,negcon,,19.180857,8.666647
BR00117015,E08,A549,48,BQ-788,compound,BRD-K02490038-236-03-8,,['endothelin receptor antagonist'],18.510708,9.333105
BR00117015,E09,A549,48,SB-202190,compound,BRD-K54330070-001-19-6,poscon_orf,['p38 MAPK inhibitor'],14.232824,10.337385
BR00117015,E10,A549,48,GSK2110183,compound,BRD-K25412176-001-01-9,poscon_diverse,,14.092342,9.291297
BR00117015,E11,A549,48,GSK3787,compound,BRD-K03155172-001-03-0,,['PPAR receptor antagonist'],17.944786,9.40264
BR00117015,E12,A549,48,BAM7,compound,BRD-K07442505-001-03-6,,,16.372675,9.399755
BR00117015,E13,A549,48,PHA-793887,compound,BRD-K64800655-001-09-0,poscon_diverse,['CDK inhibitor'],10.219944,9.869855
BR00117015,E14,A549,48,DMSO,compound,,negcon,,18.244026,9.458177
BR00117015,E15,A549,48,GSK-37647,compound,BRD-K26514105-001-01-7,,['free fatty acid receptor agonist'],18.26347,9.261113
BR00117015,E16,A549,48,desonide,compound,BRD-K21528677-001-04-4,,['glucocorticoid receptor agonist'],14.4344635,5.92974
BR00117015,E17,A549,48,DMSO,compound,,negcon,,17.549805,6.839534
BR00117015,E18,A549,48,aloxistatin,compound,BRD-K91188791-001-17-5,,,13.762093,8.808101
BR00117015,E19,A549,48,azathioprine,compound,BRD-K32821942-001-22-1,,,13.856709,7.7698255
BR00117015,E20,A549,48,ZK-93423,compound,BRD-K33882852-003-02-8,poscon_diverse,['benzodiazepine receptor agonist'],15.867186,7.37776
BR00117015,E21,A549,48,BI-2536,compound,BRD-K64890080-001-02-1,poscon_diverse,,11.884759,10.337588
BR00117015,E22,A549,48,EI1,compound,BRD-K91535048-001-01-2,poscon_cp,['histone lysine methyltransferase inhibitor'],15.408708,6.6633873
BR00117015,E23,A549,48,NVP-HSP990,compound,BRD-K67915505-001-01-2,,['HSP inhibitor'],10.419676,8.399501
BR00117015,E24,A549,48,DMSO,compound,,negcon,,17.270756,5.2377706
BR00117015,F01,A549,48,DMSO,compound,,negcon,,19.71532,6.645859
BR00117015,F02,A549,48,nialamide,compound,BRD-K12102668-001-25-5,,,19.847095,7.9409
BR00117015,F03,A549,48,DMSO,compound,,negcon,,19.780035,8.125556
BR00117015,F04,A549,48,arundic-acid,compound,BRD-K49223707-001-01-0,,,19.118082,8.316621
BR00117015,F05,A549,48,torcitabine,compound,BRD-K91822704-003-07-2,,,17.64733,10.065437
BR00117015,F06,A549,48,DMSO,compound,,negcon,,18.442268,9.870117
BR00117015,F07,A549,48,epothilone-b,compound,BRD-K68164687-001-01-6,,"['microtubule stabilizing agent', 'tubulin polymerization inhibitor']",10.781339,9.892549
BR00117015,F08,A549,48,dyphylline,compound,BRD-A00827783-001-24-6,,['phosphodiesterase inhibitor'],17.920464,9.603553
BR00117015,F09,A549,48,DMSO,compound,,negcon,,18.154049,9.701453
BR00117015,F10,A549,48,quinidine,compound,BRD-K59632282-052-03-1,,['sodium channel blocker'],14.561682,9.907662
BR00117015,F11,A549,48,halopemide,compound,BRD-K50055394-001-03-6,,,13.118837,9.514196
BR00117015,F12,A549,48,sulfinpyrazone,compound,BRD-A36217750-001-16-3,,,17.094864,9.890701
BR00117015,F13,A549,48,ML-323,compound,BRD-K93942811-001-01-3,poscon_cp,['ubiquitin specific protease inhibitor'],15.966316,9.712126
BR00117015,F14,A549,48,racecadotril,compound,BRD-A08187463-001-12-9,,,16.647812,9.961499
BR00117015,F15,A549,48,BRL-50481,compound,BRD-K84266862-001-03-2,,['phosphodiesterase inhibitor'],16.579641,9.675489
BR00117015,F16,A549,48,GSK2110183,compound,BRD-K25412176-001-01-9,poscon_diverse,,13.951698,9.266441
BR00117015,F17,A549,48,bufexamac,compound,BRD-K36660044-001-24-2,,['cyclooxygenase inhibitor'],16.304958,9.858667
BR00117015,F18,A549,48,anandamide,compound,BRD-K42352790-001-05-3,,,17.029118,10.309026
BR00117015,F19,A549,48,thioguanine,compound,BRD-K49350383-001-13-7,poscon_diverse,,13.112644,5.911111
BR00117015,F20,A549,48,IWP-L6,compound,BRD-K53234107-001-01-6,,['porcupine inhibitor'],15.891187,8.332502
BR00117015,F21,A549,48,edoxaban,compound,BRD-K29322660-001-01-9,,['coagulation factor inhibitor'],15.945871,7.7458687
BR00117015,F22,A549,48,lonafarnib,compound,BRD-K41599323-001-02-3,poscon_diverse,,15.510286,9.91302
BR00117015,F23,A549,48,ibutamoren,compound,BRD-K44771174-066-01-0,,,14.884945,8.107027
BR00117015,F24,A549,48,somatostatin,compound,BRD-K14681867-001-01-6,,['somatostatin receptor agonist'],17.089022,5.59783
BR00117015,G01,A549,48,L-proline,compound,BRD-K01666412-001-02-0,,,19.420443,6.8255095
BR00117015,G02,A549,48,zamifenacin,compound,BRD-K80451230-051-02-6,,['acetylcholine receptor antagonist'],19.862143,6.830896
BR00117015,G03,A549,48,YC-1,compound,BRD-K60476892-001-16-1,,,19.833174,8.415748
BR00117015,G04,A549,48,DMSO,compound,,negcon,,19.74438,8.457583
BR00117015,G05,A549,48,ME-0328,compound,BRD-K24283677-001-01-9,,['PPAR receptor antagonist'],19.449116,8.3136635
BR00117015,G06,A549,48,NSC-663284,compound,BRD-K03109492-001-02-2,,['CDC inhibitor'],13.157736,10.163947
BR00117015,G07,A549,48,CYM-50358,compound,BRD-K80666802-003-01-0,,,13.646369,8.769648
BR00117015,G08,A549,48,trazodone,compound,BRD-K70778732-003-27-5,,"['adrenergic receptor antagonist', 'serotonin receptor antagonist']",18.485413,9.457687
BR00117015,G09,A549,48,DMSO,compound,,negcon,,18.269331,9.52354
BR00117015,G10,A549,48,DMSO,compound,,negcon,,18.219065,9.766951
BR00117015,G11,A549,48,sulfasalazine,compound,BRD-K10670311-001-17-1,,['cyclooxygenase inhibitor'],18.612679,9.6227255
BR00117015,G12,A549,48,"2,5-furandimethanol",compound,BRD-K29791386-001-01-8,,,18.03684,9.492424
BR00117015,G13,A549,48,DMSO,compound,,negcon,,17.843103,9.592451
BR00117015,G14,A549,48,dilazep,compound,BRD-K48722258-300-11-0,,,17.678219,9.481628
BR00117015,G15,A549,48,felodipine,compound,BRD-A30815329-001-12-1,,['calcium channel blocker'],17.551249,9.338462
BR00117015,G16,A549,48,paliperidone,compound,BRD-A99888680-001-05-3,,"['dopamine receptor antagonist', 'serotonin receptor antagonist']",16.894253,9.793664
BR00117015,G17,A549,48,purvalanol-a,compound,BRD-K50836978-001-03-3,poscon_orf,['CDK inhibitor'],12.10681,8.686012
BR00117015,G18,A549,48,DMSO,compound,,negcon,,16.720278,9.55358
BR00117015,G19,A549,48,Ro-1138452,compound,BRD-K77220725-003-01-5,,['prostanoid receptor antagonist'],13.774175,9.408947
BR00117015,G20,A549,48,sorbinil,compound,BRD-A89164055-001-03-3,,['aldose reductase inhibitor'],16.515188,8.975147
BR00117015,G21,A549,48,TC-S-7004,compound,BRD-K89517477-001-01-4,poscon_cp,['DYRK inhibitor'],14.3250265,8.079054
BR00117015,G22,A549,48,saclofen,compound,BRD-A24122750-001-03-7,,['GABA receptor antagonist'],16.494238,7.389988
BR00117015,G23,A549,48,BAY-87-2243,compound,BRD-K70463136-001-01-5,,,16.13188,6.03153
BR00117015,G24,A549,48,ibudilast,compound,BRD-K16444452-001-09-1,,['phosphodiesterase inhibitor'],16.990032,5.523547
BR00117015,H01,A549,48,briciclib,compound,BRD-K05531427-001-01-7,,,10.298375,10.319922
BR00117015,H02,A549,48,2-Oleoylglycerol,compound,BRD-K77087341-001-02-4,,,20.148863,6.976368
BR00117015,H03,A549,48,RGFP966,compound,BRD-K61688984-001-02-9,poscon_cp,['HDAC inhibitor'],13.530168,8.683135
BR00117015,H04,A549,48,DMSO,compound,,negcon,,19.961582,8.139046
BR00117015,H05,A549,48,azacitidine,compound,BRD-K03406345-001-21-1,poscon_diverse,,12.723221,10.155938
BR00117015,H06,A549,48,N6-cyclopentyladenosine,compound,BRD-K60150510-001-15-6,,,17.90414,10.10016
BR00117015,H07,A549,48,filgotinib,compound,BRD-K16803204-001-01-6,poscon_cp,['JAK inhibitor'],13.372124,7.957663
BR00117015,H08,A549,48,guanidine,compound,BRD-K76037122-001-02-5,,['HSP inhibitor'],17.583035,9.914849
BR00117015,H09,A549,48,coumarin,compound,BRD-K23913458-001-20-7,,,18.110363,9.86671
BR00117015,H10,A549,48,DMSO,compound,,negcon,,17.824944,9.973116
BR00117015,H11,A549,48,ZM-336372,compound,BRD-K73789395-001-09-9,poscon_orf,['RAF inhibitor'],14.825144,10.427877
BR00117015,H12,A549,48,citric-acid,compound,BRD-K76792669-001-08-1,,['coagulation factor inhibitor'],17.226343,10.04889
BR00117015,H13,A549,48,DMSO,compound,,negcon,,17.340073,10.034961
BR00117015,H14,A549,48,CCG-63802,compound,BRD-K26970495-001-02-7,,['G protein signaling inhibitor'],15.328178,10.356001
BR00117015,H15,A549,48,ibutilide,compound,BRD-A74391928-051-03-9,,['potassium channel blocker'],16.170397,9.619382
BR00117015,H16,A549,48,batimastat,compound,BRD-K82818427-001-04-8,,['matrix metalloprotease inhibitor'],15.44891,7.166743
BR00117015,H17,A549,48,DMSO,compound,,negcon,,16.961681,9.608431
BR00117015,H18,A549,48,DMSO,compound,,negcon,,17.191914,9.604293
BR00117015,H19,A549,48,UNC1999,compound,BRD-K26989966-001-04-3,poscon_cp,['histone lysine methyltransferase inhibitor'],8.6937685,9.145931
BR00117015,H20,A549,48,glutamine-(l),compound,BRD-K83896451-001-06-7,,,16.780588,9.115134
BR00117015,H21,A549,48,PD-98059,compound,BRD-K62810658-001-11-4,poscon_orf,,14.3366,6.7395077
BR00117015,H22,A549,48,enilconazole,compound,BRD-K01825690-065-01-9,,,16.734848,7.145998
BR00117015,H23,A549,48,N-alpha-Methylhistamine-dihydrochloride,compound,BRD-K75390981-300-04-9,,['histamine receptor agonist'],16.655895,6.9871597
BR00117015,H24,A549,48,GK921,compound,BRD-K38272302-001-02-7,,,8.855093,10.103071
BR00117015,I01,A549,48,nilvadipine,compound,BRD-A84687895-001-03-2,,['calcium channel blocker'],19.575983,6.795325
BR00117015,I02,A549,48,DMSO,compound,,negcon,,19.802052,8.120687
BR00117015,I03,A549,48,AC-710,compound,BRD-K15819326-001-01-6,,['PDGFR tyrosine kinase receptor inhibitor'],13.655713,9.875259
BR00117015,I04,A549,48,PETCM,compound,BRD-A93477898-001-04-2,,,19.816662,8.413408
BR00117015,I05,A549,48,AZD7762,compound,BRD-K86525559-001-07-8,poscon_diverse,['CHK inhibitor'],9.094247,9.03262
BR00117015,I06,A549,48,PHA-793887,compound,BRD-K64800655-001-09-0,poscon_diverse,['CDK inhibitor'],10.22961,9.832665
BR00117015,I07,A549,48,KU-60019,compound,BRD-K36016295-001-05-2,,['ATM kinase inhibitor'],12.65032,9.668202
BR00117015,I08,A549,48,nafamostat,compound,BRD-K06674495-334-04-0,,,13.173405,6.11019
BR00117015,I09,A549,48,DMSO,compound,,negcon,,18.854012,9.508623
BR00117015,I10,A549,48,DMSO,compound,,negcon,,18.84872,9.156043
BR00117015,I11,A549,48,taladegib,compound,BRD-K50498985-001-03-3,,['smoothened receptor antagonist'],16.352945,9.535562
BR00117015,I12,A549,48,acetohexamide,compound,BRD-K52960356-001-13-0,,['ATP channel blocker'],17.754557,9.502941
BR00117015,I13,A549,48,minocycline,compound,BRD-A69651145-003-11-4,,,17.45033,9.614188
BR00117015,I14,A549,48,BI-2536,compound,BRD-K64890080-001-02-1,poscon_diverse,,11.664502,10.392993
BR00117015,I15,A549,48,riociguat,compound,BRD-K84783599-001-01-0,,,17.043095,10.179627
BR00117015,I16,A549,48,CP-724714,compound,BRD-K76908866-001-07-6,poscon_cp,"['EGFR inhibitor', 'protein tyrosine kinase inhibitor']",13.296324,6.6210694
BR00117015,I17,A549,48,ganetespib,compound,BRD-K38852836-001-04-9,poscon_diverse,['HSP inhibitor'],10.492363,8.420687
BR00117015,I18,A549,48,AZ191,compound,BRD-K80935598-001-01-1,poscon_cp,['DYRK inhibitor'],13.075684,8.745816
BR00117015,I19,A549,48,BAX-channel-blocker,compound,BRD-A18763547-300-06-3,,,12.928015,9.502978
BR00117015,I20,A549,48,SU3327,compound,BRD-K32730239-001-01-0,,['JNK inhibitor'],8.040824,10.348054
BR00117015,I21,A549,48,DMSO,compound,,negcon,,16.443268,6.968979
BR00117015,I22,A549,48,DMSO,compound,,negcon,,16.4285,7.022421
BR00117015,I23,A549,48,octreotide,compound,BRD-A64173453-015-03-1,,['somatostatin receptor agonist'],17.664412,5.385589
BR00117015,I24,A549,48,1-octanol,compound,BRD-K09338665-001-08-9,,,17.508472,4.812584
BR00117015,J01,A549,48,acalabrutinib,compound,BRD-K64034691-001-01-9,,"[""Bruton's tyrosine kinase (BTK) inhibitor""]",19.490084,6.829527
BR00117015,J02,A549,48,rifamycin,compound,BRD-K38512030-001-01-7,,,19.806694,7.995686
BR00117015,J03,A549,48,pazopanib,compound,BRD-K74514084-003-09-2,,"['KIT inhibitor', 'VEGFR inhibitor', 'PDGFR tyrosine kinase receptor inhibitor']",14.024795,10.377752
BR00117015,J04,A549,48,RKI-1447,compound,BRD-K19333160-001-01-3,poscon_cp,,15.386364,10.738139
BR00117015,J05,A549,48,vitamin-E,compound,BRD-K97091514-001-11-4,,['PKC inhibitor'],19.081486,8.498114
BR00117015,J06,A549,48,lonafarnib,compound,BRD-K41599323-001-02-3,poscon_diverse,,15.378625,9.872338
BR00117015,J07,A549,48,ethyl-pyruvate,compound,BRD-K47738867-001-01-5,,,17.978786,10.322809
BR00117015,J08,A549,48,picrotin,compound,BRD-A91822151-001-05-0,,['GABA receptor antagonist'],17.742706,10.227089
BR00117015,J09,A549,48,SGX523,compound,BRD-K19477839-001-07-6,poscon_cp,,18.271246,9.9078
BR00117015,J10,A549,48,PP-2,compound,BRD-K95785537-001-22-3,,['src inhibitor'],12.474661,8.1727495
BR00117015,J11,A549,48,ME-0328,compound,BRD-A63444178-001-01-5,,['PPAR receptor antagonist'],17.693745,9.91548
BR00117015,J12,A549,48,AZD9668,compound,BRD-K31476763-001-01-5,,['elastase inhibitor'],17.347479,9.823183
BR00117015,J13,A549,48,NQDI-1,compound,BRD-K61918008-001-07-1,,,16.337381,9.602893
BR00117015,J14,A549,48,DMSO,compound,,negcon,,17.152544,9.830339
BR00117015,J15,A549,48,carzenide,compound,BRD-K09295674-001-09-8,,,15.57233,7.5144663
BR00117015,J16,A549,48,KU-55933,compound,BRD-K25311561-001-10-7,,['ATM kinase inhibitor'],13.510715,8.167101
BR00117015,J17,A549,48,NVP-AEW541,compound,BRD-K24696047-001-02-3,poscon_cp,['IGF-1 inhibitor'],13.331568,9.270084
BR00117015,J18,A549,48,leflunomide,compound,BRD-K78692225-001-24-5,,['PDGFR tyrosine kinase receptor inhibitor'],14.715383,7.3501287
BR00117015,J19,A549,48,DMSO,compound,,negcon,,16.906473,9.438321
BR00117015,J20,A549,48,azacitidine,compound,BRD-K03406345-001-21-1,poscon_diverse,,12.870172,10.0901985
BR00117015,J21,A549,48,ixabepilone,compound,BRD-K03601870-001-01-2,,['microtubule stabilizing agent'],10.249437,10.285096
BR00117015,J22,A549,48,KH-CB19,compound,BRD-K66430217-001-03-8,poscon_cp,['CDC inhibitor'],16.422974,6.98834
BR00117015,J23,A549,48,DMSO,compound,,negcon,,17.249626,6.5997443
BR00117015,J24,A549,48,PF-05190457,compound,BRD-K02554563-001-01-6,,,16.762201,5.258312
BR00117015,K01,A549,48,LDN-212854,compound,BRD-K59831625-001-03-9,,,8.8348255,9.101722
BR00117015,K02,A549,48,formononetin,compound,BRD-K55567017-001-12-3,,['alcohol dehydrogenase inhibitor'],19.880867,8.090109
BR00117015,K03,A549,48,aminopurvalanol-a,compound,BRD-K07762753-001-05-1,poscon_orf,['CDK inhibitor'],11.712346,9.215945
BR00117015,K04,A549,48,ruxolitinib,compound,BRD-K53972329-001-01-3,poscon_cp,['JAK inhibitor'],19.27125,8.997033
BR00117015,K05,A549,48,DMSO,compound,,negcon,,19.406763,8.924176
BR00117015,K06,A549,48,DMSO,compound,,negcon,,18.225895,9.815273
BR00117015,K07,A549,48,LGK-974,compound,BRD-K16810791-001-01-0,,['porcupine inhibitor'],14.775935,6.761205
BR00117015,K08,A549,48,polydatin,compound,BRD-K43236057-001-07-1,,['ICAM1 expression inhibitor'],11.090784,9.76665
BR00117015,K09,A549,48,enflurane,compound,BRD-A51831848-001-01-7,,,18.275856,10.047982
BR00117015,K10,A549,48,PFI-1,compound,BRD-K13094524-001-04-2,poscon_cp,,15.047805,7.1851406
BR00117015,K11,A549,48,AZD7762,compound,BRD-K86525559-001-07-8,poscon_diverse,['CHK inhibitor'],9.024579,9.122416
BR00117015,K12,A549,48,sotrastaurin,compound,BRD-K16761703-001-03-8,,['PKC inhibitor'],16.39201,9.434976
BR00117015,K13,A549,48,DMSO,compound,,negcon,,16.741047,9.974048
BR00117015,K14,A549,48,cycloheximide,compound,BRD-K36055864-001-20-0,,['protein synthesis inhibitor'],12.41377,10.474437
BR00117015,K15,A549,48,oxytocin,compound,BRD-K25243230-001-01-2,,,16.4151,9.3422985
BR00117015,K16,A549,48,DMSO,compound,,negcon,,16.810293,9.519865
BR00117015,K17,A549,48,colchicine,compound,BRD-K00259736-001-16-4,,,10.330751,10.346243
BR00117015,K18,A549,48,afimoxifene,compound,BRD-K04210847-001-21-9,,,16.010809,9.64095
BR00117015,K19,A549,48,DMSO,compound,,negcon,,17.156189,9.737764
BR00117015,K20,A549,48,ZK-93423,compound,BRD-K33882852-003-02-8,poscon_diverse,['benzodiazepine receptor agonist'],16.086426,8.559991
BR00117015,K21,A549,48,RGB-286638,compound,BRD-K20986415-001-02-6,,['CDK inhibitor'],9.216142,9.254941
BR00117015,K22,A549,48,FPS-ZM1,compound,BRD-K87691185-001-01-2,,['RAGE receptor antagonist'],16.689747,5.5569267
BR00117015,K23,A549,48,flindokalner,compound,BRD-K56740996-001-02-1,,,17.329546,6.9929304
BR00117015,K24,A549,48,motesanib,compound,BRD-K99616396-316-05-3,,"['KIT inhibitor', 'VEGFR inhibitor', 'PDGFR tyrosine kinase receptor inhibitor']",16.447315,5.087898
BR00117015,L01,A549,48,geldanamycin,compound,BRD-K43570081-001-02-4,,['HSP inhibitor'],10.360686,8.3363495
BR00117015,L02,A549,48,DMSO,compound,,negcon,,19.63012,7.520468
BR00117015,L03,A549,48,CGP-53353,compound,BRD-K32292990-001-03-6,,"['PKC inhibitor', 'EGFR inhibitor']",19.64101,7.3427157
BR00117015,L04,A549,48,7-hydroxystaurosporine,compound,BRD-K45293975-001-02-0,,"['CDK inhibitor', 'PKC inhibitor', 'CHK inhibitor']",9.570966,8.805492
BR00117015,L05,A549,48,DMSO,compound,,negcon,,18.97435,8.387227
BR00117015,L06,A549,48,DMSO,compound,,negcon,,17.757156,9.819999
BR00117015,L07,A549,48,efaproxiral,compound,BRD-K37355418-236-01-6,,,16.549255,9.115519
BR00117015,L08,A549,48,SB-203580,compound,BRD-A37704979-001-12-3,poscon_orf,['p38 MAPK inhibitor'],12.774842,6.282457
BR00117015,L09,A549,48,FK-866,compound,BRD-K58550667-001-08-7,poscon_diverse,,12.613161,5.9299526
BR00117015,L10,A549,48,bepridil,compound,BRD-A91008255-003-24-8,,['calcium channel blocker'],14.800358,8.653811
BR00117015,L11,A549,48,delanzomib,compound,BRD-K59325863-001-04-4,,,8.176398,10.206117
BR00117015,L12,A549,48,buparlisib,compound,BRD-K42191735-001-08-7,poscon_diverse,,9.821382,10.045194
BR00117015,L13,A549,48,phenylbutazone,compound,BRD-K10843433-001-23-5,,"['cyclooxygenase inhibitor', 'prostanoid receptor antagonist']",16.968815,9.739637
BR00117015,L14,A549,48,deferasirox,compound,BRD-K97010173-001-04-1,,,15.499803,7.263617
BR00117015,L15,A549,48,DMSO,compound,,negcon,,16.738344,8.856055
BR00117015,L16,A549,48,cediranib,compound,BRD-K86930074-001-05-0,,"['KIT inhibitor', 'VEGFR inhibitor']",13.0299,8.972603
BR00117015,L17,A549,48,isoflurane,compound,BRD-A31564021-001-02-6,,,16.654703,8.975037
BR00117015,L18,A549,48,DMSO,compound,,negcon,,16.634087,9.0729
BR00117015,L19,A549,48,CCG-50014,compound,BRD-K08893438-001-06-4,,['G protein signaling inhibitor'],16.883862,9.649688
BR00117015,L20,A549,48,PF-431396,compound,BRD-K93788137-001-04-1,,,11.227042,9.707349
BR00117015,L21,A549,48,TG-02,compound,BRD-K14560436-001-01-4,,"['CDK inhibitor', 'FLT3 inhibitor', 'JAK inhibitor']",9.371767,9.848374
BR00117015,L22,A549,48,baclofen,compound,BRD-K01826724-003-07-9,,['benzodiazepine receptor agonist'],16.821423,7.137625
BR00117015,L23,A549,48,thiostrepton,compound,BRD-A20697603-001-07-2,,['protein synthesis inhibitor'],12.242838,7.917956
BR00117015,L24,A549,48,flufenamic-acid,compound,BRD-K44067360-001-29-5,,,17.409527,4.8111873
BR00117015,M01,A549,48,DMSO,compound,,negcon,,19.33324,6.4892397
BR00117015,M02,A549,48,LY2109761,compound,BRD-K47557313-001-02-7,,,12.895756,7.820243
BR00117015,M03,A549,48,olopatadine,compound,BRD-K67637637-003-11-8,,['histamine receptor antagonist'],19.42721,8.12355
BR00117015,M04,A549,48,DMSO,compound,,negcon,,19.760632,8.386765
BR00117015,M05,A549,48,castanospermine,compound,BRD-K20897876-001-11-8,,['glucosidase inhibitor'],19.47052,8.45523
BR00117015,M06,A549,48,A205804,compound,BRD-K77627880-001-04-0,,['ICAM1 expression inhibitor'],15.088118,6.298627
BR00117015,M07,A549,48,VU591,compound,BRD-K72063794-003-01-0,,['potassium channel blocker'],18.916632,8.931941
BR00117015,M08,A549,48,dalbavancin,compound,BRD-K30177383-001-01-0,,['bacterial cell wall synthesis inhibitor'],19.29137,8.934421
BR00117015,M09,A549,48,CC-401,compound,BRD-K45746021-003-01-9,,['JNK inhibitor'],13.287482,7.571029
BR00117015,M10,A549,48,ganetespib,compound,BRD-K38852836-001-04-9,poscon_diverse,['HSP inhibitor'],10.511449,8.378671
BR00117015,M11,A549,48,ingenol-mebutate,compound,BRD-K93779381-001-01-9,,,14.299539,10.714823
BR00117015,M12,A549,48,menadione,compound,BRD-K78126613-001-27-7,,,14.738177,10.50728
BR00117015,M13,A549,48,cetilistat,compound,BRD-K94863486-001-02-2,,,18.247541,9.591529
BR00117015,M14,A549,48,methoxsalen,compound,BRD-K63430059-001-16-4,,['DNA synthesis inhibitor'],15.15839,7.3597317
BR00117015,M15,A549,48,cyclosporine,compound,BRD-K13533483-001-16-2,,,12.678668,9.761352
BR00117015,M16,A549,48,NSC-632839,compound,BRD-K81197548-003-01-4,poscon_cp,['ubiquitin specific protease inhibitor'],8.938368,10.675215
BR00117015,M17,A549,48,DMSO,compound,,negcon,,16.28139,6.8683352
BR00117015,M18,A549,48,TG-003,compound,BRD-K97072811-001-11-4,poscon_cp,,13.633257,7.646411
BR00117015,M19,A549,48,oxibendazole,compound,BRD-K52075715-001-06-7,,['tubulin polymerization inhibitor'],10.309871,10.31947
BR00117015,M20,A549,48,TG-101348,compound,BRD-K12502280-001-11-4,poscon_cp,"['JAK inhibitor', 'FLT3 inhibitor']",8.798009,9.0910635
BR00117015,M21,A549,48,miglitol,compound,BRD-A63310107-001-04-8,,['glucosidase inhibitor'],17.330671,7.052272
BR00117015,M22,A549,48,DMSO,compound,,negcon,,17.83164,6.316369
BR00117015,M23,A549,48,DMSO,compound,,negcon,,17.729103,6.245377
BR00117015,M24,A549,48,tranilast,compound,BRD-K17849083-001-32-9,,,17.346607,4.8572116
BR00117015,N01,A549,48,4-methylhistamine,compound,BRD-K70821460-300-02-4,,['histamine receptor agonist'],18.731049,5.0039005
BR00117015,N02,A549,48,LDN-27219,compound,BRD-K51485109-001-01-4,,,19.430458,7.178775
BR00117015,N03,A549,48,anisomycin,compound,BRD-K91370081-001-25-1,,['DNA synthesis inhibitor'],9.029567,9.319738
BR00117015,N04,A549,48,thioguanine,compound,BRD-K49350383-001-13-7,poscon_diverse,,13.098787,5.895431
BR00117015,N05,A549,48,droxinostat,compound,BRD-K11558771-001-13-9,,['HDAC inhibitor'],13.823147,8.93168
BR00117015,N06,A549,48,UNC2025,compound,BRD-K91283740-003-01-6,poscon_cp,['FLT3 inhibitor'],9.493557,9.056664
BR00117015,N07,A549,48,DMSO,compound,,negcon,,17.027292,6.7100525
BR00117015,N08,A549,48,DMSO,compound,,negcon,,16.66829,6.2172756
BR00117015,N09,A549,48,AMG900,compound,BRD-K21728777-001-02-3,poscon_cp,['Aurora kinase inhibitor'],11.31344,9.664347
BR00117015,N10,A549,48,PF-06463922,compound,BRD-A23124853-001-01-4,,['ALK tyrosine kinase receptor inhibitor'],13.555098,6.9422097
BR00117015,N11,A549,48,orantinib,compound,BRD-K55966568-001-09-6,poscon_cp,"['FGFR inhibitor', 'PDGFR tyrosine kinase receptor inhibitor', 'VEGFR inhibitor']",15.291127,10.333269
BR00117015,N12,A549,48,fludarabine-phosphate,compound,BRD-K71106091-001-09-5,,['ribonucleotide reductase inhibitor'],12.377097,10.245128
BR00117015,N13,A549,48,ceritinib,compound,BRD-K22149900-001-06-2,,['ALK tyrosine kinase receptor inhibitor'],13.308102,8.365682
BR00117015,N14,A549,48,NVS-PAK1-1,compound,BRD-K28132190-001-02-0,poscon_cp,['p21 activated kinase inhibitor'],15.468113,7.190821
BR00117015,N15,A549,48,homoharringtonine,compound,BRD-K76674262-001-03-3,,['protein synthesis inhibitor'],8.970622,9.366393
BR00117015,N16,A549,48,picrotoxinin,compound,BRD-K36461289-001-05-8,,['GABA receptor antagonist'],17.322279,7.016986
BR00117015,N17,A549,48,DMSO,compound,,negcon,,17.025158,6.706968
BR00117015,N18,A549,48,danusertib,compound,BRD-K07881437-001-03-8,poscon_diverse,"['growth factor receptor inhibitor', 'Aurora kinase inhibitor']",11.619314,9.453996
BR00117015,N19,A549,48,romidepsin,compound,BRD-K61397605-001-01-8,poscon_cp,['HDAC inhibitor'],8.6638365,8.938858
BR00117015,N20,A549,48,FERb-033,compound,BRD-K61642990-001-01-0,poscon_cp,['EGFR inhibitor'],14.986854,10.152755
BR00117015,N21,A549,48,PF-03758309,compound,BRD-K37764012-001-03-3,poscon_diverse,['p21 activated kinase inhibitor'],9.680547,9.496271
BR00117015,N22,A549,48,DMSO,compound,,negcon,,17.545584,6.7340994
BR00117015,N23,A549,48,trometamol,compound,BRD-K47978074-001-03-2,,,17.219093,6.4769154
BR00117015,N24,A549,48,simvastatin,compound,BRD-K22134346-001-22-3,,['HMGCR inhibitor'],17.138226,5.4858136
BR00117015,O01,A549,48,zaprinast,compound,BRD-K16542329-001-16-8,,['phosphodiesterase inhibitor'],18.461845,4.9412417
BR00117015,O02,A549,48,dexamethasone,compound,BRD-A10188456-001-04-9,,['glucocorticoid receptor agonist'],14.5105,5.879327
BR00117015,O03,A549,48,salicylic-acid,compound,BRD-K93632104-001-17-2,,['cyclooxygenase inhibitor'],19.274643,7.204012
BR00117015,O04,A549,48,diltiazem,compound,BRD-A69636825-003-04-7,,['calcium channel blocker'],14.29048,6.1691375
BR00117015,O05,A549,48,phenolphthalein,compound,BRD-K19227686-001-18-6,,,19.09726,7.033356
BR00117015,O06,A549,48,niflumic-acid,compound,BRD-K98763141-001-30-8,,['cyclooxygenase inhibitor'],18.72481,6.679262
BR00117015,O07,A549,48,DMSO,compound,,negcon,,18.845932,6.497815
BR00117015,O08,A549,48,L-Cystine,compound,BRD-A15397381-001-02-5,,,18.685371,6.3808513
BR00117015,O09,A549,48,ozanimod,compound,BRD-K46625559-001-01-8,,['sphingosine 1 phosphate receptor agonist'],14.328494,6.7351866
BR00117015,O10,A549,48,efaroxan,compound,BRD-A10739734-003-09-8,,['adrenergic receptor antagonist'],19.102852,7.974187
BR00117015,O11,A549,48,NBQX,compound,BRD-K11796549-001-05-2,,['glutamate receptor antagonist'],18.342464,6.9428244
BR00117015,O12,A549,48,dinoprostone,compound,BRD-K26521938-001-07-2,,['prostanoid receptor agonist'],18.476944,7.8319216
BR00117015,O13,A549,48,Ro-20-1724,compound,BRD-A07207424-001-14-0,,['phosphodiesterase inhibitor'],19.463083,7.811036
BR00117015,O14,A549,48,xanomeline,compound,BRD-K72815923-034-02-0,,['acetylcholine receptor agonist'],14.448002,10.184687
BR00117015,O15,A549,48,terazosin,compound,BRD-K01825589-310-02-9,,['adrenergic receptor antagonist'],17.862675,6.6128836
BR00117015,O16,A549,48,BVT-948,compound,BRD-K68567222-001-01-2,,,15.078101,10.209197
BR00117015,O17,A549,48,nicotine,compound,BRD-K01825660-322-01-9,,['acetylcholine receptor agonist'],18.240757,6.305882
BR00117015,O18,A549,48,DMSO,compound,,negcon,,18.170706,6.2809396
BR00117015,O19,A549,48,U-0521,compound,BRD-K08953028-001-09-6,,,16.968008,5.329697
BR00117015,O20,A549,48,BMS-587101,compound,BRD-K20093108-001-02-3,,,17.80867,6.152597
BR00117015,O21,A549,48,nimodipine,compound,BRD-A58048407-001-20-4,,['calcium channel blocker'],17.359278,4.868593
BR00117015,O22,A549,48,pyrrolidine-dithiocarbamate,compound,BRD-K80970344-201-08-6,,,8.315329,10.287468
BR00117015,O23,A549,48,PF-915275,compound,BRD-K18289362-001-02-2,,,17.426268,4.949788
BR00117015,O24,A549,48,JTE-013,compound,BRD-K43330982-001-02-3,,,16.794828,5.8208704
BR00117015,P01,A549,48,sodium-butyrate,compound,BRD-K05878375-236-05-7,,['HDAC inhibitor'],18.49667,4.725338
BR00117015,P02,A549,48,pentostatin,compound,BRD-K91543828-001-02-0,,['ribonucleotide reductase inhibitor'],18.699732,4.465575
BR00117015,P03,A549,48,OMDM-2,compound,BRD-K48830578-001-01-9,,,18.305613,4.206983
BR00117015,P04,A549,48,nalmefene,compound,BRD-A72767275-003-01-6,,,17.995974,4.3717346
BR00117015,P05,A549,48,DMSO,compound,,negcon,,18.168728,4.1923256
BR00117015,P06,A549,48,1-EBIO,compound,BRD-K70586315-001-02-4,,,18.172756,4.122027
BR00117015,P07,A549,48,SB-505124,compound,BRD-K40109029-001-02-9,,['ALK tyrosine kinase receptor inhibitor'],12.363252,7.875139
BR00117015,P08,A549,48,prasugrel,compound,BRD-A83029242-001-06-1,,['purinergic receptor antagonist'],18.210857,4.233044
BR00117015,P09,A549,48,pidolic-acid,compound,BRD-K57313110-001-06-8,,,18.095999,4.15013
BR00117015,P10,A549,48,DMSO,compound,,negcon,,18.251951,4.115771
BR00117015,P11,A549,48,nevirapine,compound,BRD-K15502390-001-20-9,,,18.283747,4.3483353
BR00117015,P12,A549,48,triamterene,compound,BRD-K92049597-001-20-8,,['sodium channel blocker'],17.972416,4.338363
BR00117015,P13,A549,48,regorafenib,compound,BRD-K16730910-001-07-3,,"['PDGFR tyrosine kinase receptor inhibitor', 'RAF inhibitor', 'KIT inhibitor', 'RET tyrosine kinase inhibitor', 'FGFR inhibitor', 'VEGFR inhibitor']",18.385809,4.7114754
BR00117015,P14,A549,48,cyclophosphamide,compound,BRD-A09722536-002-18-0,,,18.337202,4.08017
BR00117015,P15,A549,48,olanzapine,compound,BRD-K18895904-001-16-1,,"['dopamine receptor antagonist', 'serotonin receptor antagonist']",18.176739,4.1023383
BR00117015,P16,A549,48,KI-16425,compound,BRD-A25569250-001-03-3,,['lysophosphatidic acid receptor antagonist'],12.613484,7.6904407
BR00117015,P17,A549,48,SKLB1002,compound,BRD-K29895144-001-01-0,,['VEGFR inhibitor'],16.931837,4.8716645
BR00117015,P18,A549,48,cilostazol,compound,BRD-K67017579-001-28-1,,['phosphodiesterase inhibitor'],18.011559,4.2258363
BR00117015,P19,A549,48,AZD1283,compound,BRD-K77060810-001-01-5,,['purinergic receptor antagonist'],17.349424,4.5205307
BR00117015,P20,A549,48,A-987306,compound,BRD-K68982262-001-01-4,,['histamine receptor antagonist'],8.79032,8.841759
BR00117015,P21,A549,48,procaine,compound,BRD-K24616672-003-20-1,,['HMGCR inhibitor'],17.265028,4.854034
BR00117015,P22,A549,48,miconazole,compound,BRD-A82396632-008-30-8,,['bacterial cell wall synthesis inhibitor'],17.182486,4.93106
BR00117015,P23,A549,48,loperamide,compound,BRD-K61250553-003-30-6,,,15.856629,5.8597794
BR00117015,P24,A549,48,aripiprazole,compound,BRD-K70358946-001-17-3,,['serotonin receptor antagonist'],16.34979,5.6628113
BR00117016,A01,A549,48,gabapentin-enacarbil,compound,BRD-A86665761-001-01-1,,,18.217607,5.038171
BR00117016,A02,A549,48,DMSO,compound,,negcon,,18.686157,5.290124
BR00117016,A03,A549,48,amlodipine,compound,BRD-A22032524-074-09-9,,['calcium channel blocker'],15.380115,5.404686
BR00117016,A04,A549,48,hexestrol,compound,BRD-A01078468-001-14-8,,,18.561844,5.1222267
BR00117016,A05,A549,48,quinine,compound,BRD-K48278478-001-01-2,,,17.795668,4.8787727
BR00117016,A06,A549,48,LOXO-101,compound,BRD-K36574127-001-01-3,,,17.926714,4.862052
BR00117016,A07,A549,48,brinzolamide,compound,BRD-K74913225-001-14-0,,['carbonic anhydrase inhibitor'],18.394787,5.0457516
BR00117016,A08,A549,48,NS-11021,compound,BRD-K94342292-001-01-3,,['calcium-activated potassium channel activator'],17.136166,4.2510767
BR00117016,A09,A549,48,DMSO,compound,,negcon,,18.174755,5.03376
BR00117016,A10,A549,48,GNF-5837,compound,BRD-K19975102-001-01-2,,['growth factor receptor inhibitor'],16.763536,4.424303
BR00117016,A11,A549,48,apatinib,compound,BRD-K25244359-066-02-6,,['RET tyrosine kinase inhibitor'],16.757942,4.5608706
BR00117016,A12,A549,48,ethoxzolamide,compound,BRD-K18131774-001-18-4,,['carbonic anhydrase inhibitor'],18.117409,4.7318034
BR00117016,A13,A549,48,ascorbic-acid,compound,BRD-A85242401-001-11-5,,,17.91008,4.970045
BR00117016,A14,A549,48,ryuvidine,compound,BRD-K06426971-001-02-7,,['histone lysine methyltransferase inhibitor'],8.140179,10.322398
BR00117016,A15,A549,48,BAN-ORL-24,compound,BRD-K47049295-300-03-1,,,12.018071,9.704778
BR00117016,A16,A549,48,NNC-55-0396,compound,BRD-K78122587-300-04-3,,,13.480519,9.346929
BR00117016,A17,A549,48,DMSO,compound,,negcon,,17.848463,4.977119
BR00117016,A18,A549,48,WH-4-023,compound,BRD-K50199947-001-03-4,,['src inhibitor'],12.411239,8.408425
BR00117016,A19,A549,48,flupirtine,compound,BRD-K50720187-051-03-1,,['glutamate receptor antagonist'],17.373411,4.7430553
BR00117016,A20,A549,48,ZK811752,compound,BRD-K91825936-001-03-9,,,17.751902,4.593359
BR00117016,A21,A549,48,dexamethasone,compound,BRD-K38775274-001-22-1,,['glucocorticoid receptor agonist'],14.545593,5.922432
BR00117016,A22,A549,48,PP-1,compound,BRD-K47598052-001-14-1,,['src inhibitor'],12.351278,7.989527
BR00117016,A23,A549,48,DDR1-IN-1,compound,BRD-K61845293-300-01-9,,,15.622872,5.611358
BR00117016,A24,A549,48,AVL-292,compound,BRD-K87782578-001-01-4,,"[""Bruton's tyrosine kinase (BTK) inhibitor""]",12.049238,7.7630596
BR00117016,B01,A549,48,H2L-5765834,compound,BRD-K26439554-001-01-3,,['lysophosphatidic acid receptor antagonist'],19.394987,5.852397
BR00117016,B02,A549,48,thiostrepton,compound,BRD-K58049875-001-03-9,,['protein synthesis inhibitor'],12.876895,9.779146
BR00117016,B03,A549,48,DMSO,compound,,negcon,,19.966883,7.3846693
BR00117016,B04,A549,48,arcyriaflavin-a,compound,BRD-K72726508-001-02-1,,['CDK inhibitor'],12.789978,6.2905464
BR00117016,B05,A549,48,CYM-5520,compound,BRD-K29151923-001-01-5,,['sphingosine 1 phosphate receptor agonist'],18.655106,9.061434
BR00117016,B06,A549,48,fludarabine,compound,BRD-K66788707-001-14-3,,['ribonucleotide reductase inhibitor'],15.153504,6.6148033
BR00117016,B07,A549,48,alda-1,compound,BRD-K06890060-001-09-1,,,19.862907,6.981794
BR00117016,B08,A549,48,meclofenamic-acid,compound,BRD-K50398167-236-22-7,,"['cyclooxygenase inhibitor', 'prostanoid receptor antagonist']",18.976673,7.2167726
BR00117016,B09,A549,48,GNF-5,compound,BRD-K87632963-001-03-0,,['Bcr-Abl kinase inhibitor'],15.931145,8.76035
BR00117016,B10,A549,48,NS-309,compound,BRD-K37602296-001-01-6,,['calcium-activated potassium channel activator'],12.621591,7.814896
BR00117016,B11,A549,48,AK-7,compound,BRD-K09143580-001-01-0,,['SIRT inhibitor'],15.246883,10.262844
BR00117016,B12,A549,48,BVT-948,compound,BRD-A22713669-001-04-3,,,18.47177,6.1950235
BR00117016,B13,A549,48,SirReal-2,compound,BRD-K16472653-001-01-6,,['SIRT inhibitor'],17.694695,4.5671434
BR00117016,B14,A549,48,DMSO,compound,,negcon,,17.803303,5.257164
BR00117016,B15,A549,48,BMS-536924,compound,BRD-K34581968-001-05-3,,['IGF-1 inhibitor'],11.551007,8.587479
BR00117016,B16,A549,48,PP-121,compound,BRD-K81801188-001-02-8,,['protein tyrosine kinase inhibitor'],8.801254,9.973127
BR00117016,B17,A549,48,MCOPPB,compound,BRD-K73276278-305-01-1,,,13.80912,8.768418
BR00117016,B18,A549,48,ozagrel,compound,BRD-K53061490-003-13-9,,,18.046955,6.1516514
BR00117016,B19,A549,48,CYM-5442,compound,BRD-A43005764-003-01-5,,['sphingosine 1 phosphate receptor agonist'],13.853078,8.457051
BR00117016,B20,A549,48,CVT-10216,compound,BRD-K60659193-001-01-0,,,16.79869,7.222264
BR00117016,B21,A549,48,TCN201,compound,BRD-K09787262-001-02-7,,['glutamate receptor antagonist'],17.556,6.4605484
BR00117016,B22,A549,48,fomepizole,compound,BRD-K56810756-003-07-7,,['alcohol dehydrogenase inhibitor'],19.30529,7.1703453
BR00117016,B23,A549,48,benzamil,compound,BRD-K87158025-003-08-7,,['sodium channel blocker'],13.306611,7.1271696
BR00117016,B24,A549,48,lercanidipine,compound,BRD-A18992208-003-02-7,,['calcium channel blocker'],16.428038,5.310807
BR00117016,C01,A549,48,4-CMTB,compound,BRD-A54139254-001-09-2,,['free fatty acid receptor agonist'],19.488228,7.361024
BR00117016,C02,A549,48,ML-228,compound,BRD-K44432556-001-05-5,,,19.677654,7.7848706
BR00117016,C03,A549,48,DMSO,compound,,negcon,,19.73482,8.223336
BR00117016,C04,A549,48,GSK1070916,compound,BRD-K36740062-001-06-6,,['Aurora kinase inhibitor'],10.831053,9.181859
BR00117016,C05,A549,48,ML-193,compound,BRD-K27539181-001-08-5,,,13.322095,7.9005756
BR00117016,C06,A549,48,DMSO,compound,,negcon,,19.293758,8.568082
BR00117016,C07,A549,48,M-25,compound,BRD-K51265828-001-01-0,,['smoothened receptor antagonist'],18.148588,9.190571
BR00117016,C08,A549,48,azeliragon,compound,BRD-K51899933-001-02-6,,['RAGE receptor antagonist'],8.950277,10.4222975
BR00117016,C09,A549,48,CYT-997,compound,BRD-K23363278-001-02-1,poscon_diverse,['tubulin polymerization inhibitor'],10.211724,10.301304
BR00117016,C10,A549,48,AR-12,compound,BRD-K90497590-001-05-9,,,8.538428,9.303164
BR00117016,C11,A549,48,CYM-50260,compound,BRD-K69877120-001-01-7,,['sphingosine 1 phosphate receptor agonist'],14.253191,6.7507024
BR00117016,C12,A549,48,DMSO,compound,,negcon,,18.374626,6.3269486
BR00117016,C13,A549,48,KG-5,compound,BRD-K90747162-001-01-4,poscon_cp,['RAF inhibitor'],10.378819,10.2878275
BR00117016,C14,A549,48,JTE-607,compound,BRD-K81405859-300-01-4,,,14.999036,6.4844804
BR00117016,C15,A549,48,DMSO,compound,,negcon,,18.533669,9.108961
BR00117016,C16,A549,48,ilomastat,compound,BRD-K51662849-001-05-4,,['matrix metalloprotease inhibitor'],16.1646,7.908516
BR00117016,C17,A549,48,RX-821002,compound,BRD-A65597028-003-08-1,,['adrenergic receptor antagonist'],15.648533,6.8245287
BR00117016,C18,A549,48,DMSO,compound,,negcon,,17.551435,5.3868575
BR00117016,C19,A549,48,TUG-891,compound,BRD-K24282351-001-01-4,,['free fatty acid receptor agonist'],17.93298,7.217947
BR00117016,C20,A549,48,ponatinib,compound,BRD-K44227013-001-08-0,,"['PDGFR tyrosine kinase receptor inhibitor', 'FLT3 inhibitor', 'Bcr-Abl kinase inhibitor']",8.648742,9.2485695
BR00117016,C21,A549,48,DMSO,compound,,negcon,,18.036543,6.868124
BR00117016,C22,A549,48,puromycin,compound,BRD-K01824976-300-02-9,,['protein synthesis inhibitor'],8.882366,9.461335
BR00117016,C23,A549,48,SRC-kinase-inhibitor-I,compound,BRD-K50495309-001-02-0,,['src inhibitor'],12.834747,6.9268904
BR00117016,C24,A549,48,acetylcysteine,compound,BRD-K59058747-001-19-1,,,17.20271,5.3570747
BR00117016,D01,A549,48,NSC-625987,compound,BRD-K62949423-001-03-1,,['CDK inhibitor'],19.527348,6.438497
BR00117016,D02,A549,48,dalfampridine,compound,BRD-K22482860-001-20-6,,['potassium channel blocker'],19.881584,7.6480465
BR00117016,D03,A549,48,NSC-95397,compound,BRD-K68143200-001-11-7,,['CDC inhibitor'],13.227321,10.346922
BR00117016,D04,A549,48,alrestatin,compound,BRD-K35498378-001-06-1,,['aldose reductase inhibitor'],19.25302,7.4500885
BR00117016,D05,A549,48,PF-03758309,compound,BRD-K37764012-001-03-3,poscon_diverse,['p21 activated kinase inhibitor'],18.814615,7.2319627
BR00117016,D06,A549,48,IRL-2500,compound,BRD-K98357249-001-02-9,,['endothelin receptor antagonist'],19.535372,8.521389
BR00117016,D07,A549,48,PF-04217903,compound,BRD-K73319509-001-08-0,poscon_cp,,15.382584,10.3220415
BR00117016,D08,A549,48,FK-866,compound,BRD-K58550667-001-08-7,poscon_diverse,,12.681552,5.9132
BR00117016,D09,A549,48,amlexanox,compound,BRD-K29530284-001-06-2,,,18.747301,9.34422
BR00117016,D10,A549,48,GW-311616,compound,BRD-K37864785-001-01-0,,['elastase inhibitor'],17.674387,10.1125555
BR00117016,D11,A549,48,buparlisib,compound,BRD-K42191735-001-08-7,poscon_diverse,,9.80233,9.970227
BR00117016,D12,A549,48,amiloride,compound,BRD-K97181089-003-24-7,,['sodium channel blocker'],12.993734,8.402395
BR00117016,D13,A549,48,DG-172,compound,BRD-K75748943-300-01-3,,,13.982675,9.706898
BR00117016,D14,A549,48,DMSO,compound,,negcon,,17.462437,9.734693
BR00117016,D15,A549,48,DMSO,compound,,negcon,,18.366121,9.203748
BR00117016,D16,A549,48,NVP-ADW742,compound,BRD-K15179513-001-04-2,poscon_cp,,13.161555,9.526965
BR00117016,D17,A549,48,misoprostol,compound,BRD-A72351335-001-04-5,,['prostanoid receptor agonist'],15.817025,7.6776347
BR00117016,D18,A549,48,conivaptan,compound,BRD-K37385792-003-02-1,,,15.535798,9.082566
BR00117016,D19,A549,48,spiroxatrine,compound,BRD-A72483914-001-03-7,,['serotonin receptor antagonist'],17.865835,5.6412163
BR00117016,D20,A549,48,diacerein,compound,BRD-K69122748-001-10-1,,,17.425827,7.339416
BR00117016,D21,A549,48,DMSO,compound,,negcon,,13.625899,7.571883
BR00117016,D22,A549,48,DMSO,compound,,negcon,,17.797855,7.077656
BR00117016,D23,A549,48,glyburide,compound,BRD-K36927236-001-36-7,,['ATP channel blocker'],16.969894,7.0414395
BR00117016,D24,A549,48,ANR-94,compound,BRD-K31170746-001-01-6,,,16.84655,5.89209
BR00117016,E01,A549,48,TFC-007,compound,BRD-K57708067-001-01-3,,,19.085943,5.917675
BR00117016,E02,A549,48,trihexyphenidyl,compound,BRD-A48180038-003-24-3,,['acetylcholine receptor antagonist'],19.186628,8.504133
BR00117016,E03,A549,48,epoprostenol,compound,BRD-K64054020-001-02-7,,,19.088642,9.1784115
BR00117016,E04,A549,48,sacubitril,compound,BRD-K91456750-001-01-9,,,19.305841,8.69553
BR00117016,E05,A549,48,danusertib,compound,BRD-K07881437-001-03-8,poscon_diverse,"['growth factor receptor inhibitor', 'Aurora kinase inhibitor']",11.671149,9.402745
BR00117016,E06,A549,48,CYT-997,compound,BRD-K23363278-001-02-1,poscon_diverse,['tubulin polymerization inhibitor'],10.348776,10.363179
BR00117016,E07,A549,48,DMSO,compound,,negcon,,19.013557,9.091713
BR00117016,E08,A549,48,BQ-788,compound,BRD-K02490038-236-03-8,,['endothelin receptor antagonist'],19.134638,8.822325
BR00117016,E09,A549,48,SB-202190,compound,BRD-K54330070-001-19-6,poscon_orf,['p38 MAPK inhibitor'],14.199883,10.30712
BR00117016,E10,A549,48,GSK2110183,compound,BRD-K25412176-001-01-9,poscon_diverse,,14.005559,9.349152
BR00117016,E11,A549,48,GSK3787,compound,BRD-K03155172-001-03-0,,['PPAR receptor antagonist'],18.042076,9.740686
BR00117016,E12,A549,48,BAM7,compound,BRD-K07442505-001-03-6,,,16.8934,10.044146
BR00117016,E13,A549,48,PHA-793887,compound,BRD-K64800655-001-09-0,poscon_diverse,['CDK inhibitor'],10.184453,9.735688
BR00117016,E14,A549,48,DMSO,compound,,negcon,,17.57755,10.274148
BR00117016,E15,A549,48,GSK-37647,compound,BRD-K26514105-001-01-7,,['free fatty acid receptor agonist'],17.188797,9.601107
BR00117016,E16,A549,48,desonide,compound,BRD-K21528677-001-04-4,,['glucocorticoid receptor agonist'],14.445686,6.003502
BR00117016,E17,A549,48,DMSO,compound,,negcon,,16.901062,8.900969
BR00117016,E18,A549,48,aloxistatin,compound,BRD-K91188791-001-17-5,,,13.899014,8.829233
BR00117016,E19,A549,48,azathioprine,compound,BRD-K32821942-001-22-1,,,14.760132,7.657543
BR00117016,E20,A549,48,ZK-93423,compound,BRD-K33882852-003-02-8,poscon_diverse,['benzodiazepine receptor agonist'],15.846238,7.607813
BR00117016,E21,A549,48,BI-2536,compound,BRD-K64890080-001-02-1,poscon_diverse,,11.81912,10.387978
BR00117016,E22,A549,48,EI1,compound,BRD-K91535048-001-01-2,poscon_cp,['histone lysine methyltransferase inhibitor'],15.343543,6.636516
BR00117016,E23,A549,48,NVP-HSP990,compound,BRD-K67915505-001-01-2,,['HSP inhibitor'],10.443693,8.379209
BR00117016,E24,A549,48,DMSO,compound,,negcon,,17.050611,5.4010906
BR00117016,F01,A549,48,DMSO,compound,,negcon,,19.685486,6.8594728
BR00117016,F02,A549,48,nialamide,compound,BRD-K12102668-001-25-5,,,19.559252,8.512594
BR00117016,F03,A549,48,DMSO,compound,,negcon,,18.108248,10.116447
BR00117016,F04,A549,48,arundic-acid,compound,BRD-K49223707-001-01-0,,,19.287743,8.870237
BR00117016,F05,A549,48,torcitabine,compound,BRD-K91822704-003-07-2,,,18.869425,8.352618
BR00117016,F06,A549,48,DMSO,compound,,negcon,,17.543577,10.03785
BR00117016,F07,A549,48,epothilone-b,compound,BRD-K68164687-001-01-6,,"['microtubule stabilizing agent', 'tubulin polymerization inhibitor']",10.802663,9.947208
BR00117016,F08,A549,48,dyphylline,compound,BRD-A00827783-001-24-6,,['phosphodiesterase inhibitor'],17.685757,10.086885
BR00117016,F09,A549,48,DMSO,compound,,negcon,,17.548315,10.0260935
BR00117016,F10,A549,48,quinidine,compound,BRD-K59632282-052-03-1,,['sodium channel blocker'],14.396948,9.828698
BR00117016,F11,A549,48,halopemide,compound,BRD-K50055394-001-03-6,,,13.144035,9.356796
BR00117016,F12,A549,48,sulfinpyrazone,compound,BRD-A36217750-001-16-3,,,17.407598,9.947605
BR00117016,F13,A549,48,ML-323,compound,BRD-K93942811-001-01-3,poscon_cp,['ubiquitin specific protease inhibitor'],15.895373,9.193065
BR00117016,F14,A549,48,racecadotril,compound,BRD-A08187463-001-12-9,,,16.339527,9.934814
BR00117016,F15,A549,48,BRL-50481,compound,BRD-K84266862-001-03-2,,['phosphodiesterase inhibitor'],16.180971,9.04602
BR00117016,F16,A549,48,GSK2110183,compound,BRD-K25412176-001-01-9,poscon_diverse,,14.018737,9.264596
BR00117016,F17,A549,48,bufexamac,compound,BRD-K36660044-001-24-2,,['cyclooxygenase inhibitor'],17.085915,9.2311
BR00117016,F18,A549,48,anandamide,compound,BRD-K42352790-001-05-3,,,16.58008,9.630118
BR00117016,F19,A549,48,thioguanine,compound,BRD-K49350383-001-13-7,poscon_diverse,,13.0236635,5.980568
BR00117016,F20,A549,48,IWP-L6,compound,BRD-K53234107-001-01-6,,['porcupine inhibitor'],15.810336,8.013773
BR00117016,F21,A549,48,edoxaban,compound,BRD-K29322660-001-01-9,,['coagulation factor inhibitor'],16.403885,8.387694
BR00117016,F22,A549,48,lonafarnib,compound,BRD-K41599323-001-02-3,poscon_diverse,,15.48319,9.761216
BR00117016,F23,A549,48,ibutamoren,compound,BRD-K44771174-066-01-0,,,15.06373,8.266356
BR00117016,F24,A549,48,somatostatin,compound,BRD-K14681867-001-01-6,,['somatostatin receptor agonist'],17.01647,5.7053146
BR00117016,G01,A549,48,L-proline,compound,BRD-K01666412-001-02-0,,,19.020536,4.7492065
BR00117016,G02,A549,48,zamifenacin,compound,BRD-K80451230-051-02-6,,['acetylcholine receptor antagonist'],19.806593,7.4956937
BR00117016,G03,A549,48,YC-1,compound,BRD-K60476892-001-16-1,,,19.725273,8.555617
BR00117016,G04,A549,48,DMSO,compound,,negcon,,18.58189,9.361402
BR00117016,G05,A549,48,ME-0328,compound,BRD-K24283677-001-01-9,,['PPAR receptor antagonist'],19.044117,9.287841
BR00117016,G06,A549,48,NSC-663284,compound,BRD-K03109492-001-02-2,,['CDC inhibitor'],13.040951,10.082241
BR00117016,G07,A549,48,CYM-50358,compound,BRD-K80666802-003-01-0,,,13.5761595,8.743879
BR00117016,G08,A549,48,trazodone,compound,BRD-K70778732-003-27-5,,"['adrenergic receptor antagonist', 'serotonin receptor antagonist']",18.70916,9.332128
BR00117016,G09,A549,48,DMSO,compound,,negcon,,18.956675,9.410974
BR00117016,G10,A549,48,DMSO,compound,,negcon,,18.097075,9.544421
BR00117016,G11,A549,48,sulfasalazine,compound,BRD-K10670311-001-17-1,,['cyclooxygenase inhibitor'],18.57688,9.483568
BR00117016,G12,A549,48,"2,5-furandimethanol",compound,BRD-K29791386-001-01-8,,,18.644566,9.601532
BR00117016,G13,A549,48,DMSO,compound,,negcon,,17.254416,9.821888
BR00117016,G14,A549,48,dilazep,compound,BRD-K48722258-300-11-0,,,17.388046,9.299374
BR00117016,G15,A549,48,felodipine,compound,BRD-A30815329-001-12-1,,['calcium channel blocker'],17.428808,9.412997
BR00117016,G16,A549,48,paliperidone,compound,BRD-A99888680-001-05-3,,"['dopamine receptor antagonist', 'serotonin receptor antagonist']",16.31611,9.108719
BR00117016,G17,A549,48,purvalanol-a,compound,BRD-K50836978-001-03-3,poscon_orf,['CDK inhibitor'],11.95928,8.799172
BR00117016,G18,A549,48,DMSO,compound,,negcon,,15.693426,8.2216
BR00117016,G19,A549,48,Ro-1138452,compound,BRD-K77220725-003-01-5,,['prostanoid receptor antagonist'],14.137957,9.722513
BR00117016,G20,A549,48,sorbinil,compound,BRD-A89164055-001-03-3,,['aldose reductase inhibitor'],15.921362,8.216109
BR00117016,G21,A549,48,TC-S-7004,compound,BRD-K89517477-001-01-4,poscon_cp,['DYRK inhibitor'],14.429465,8.197152
BR00117016,G22,A549,48,saclofen,compound,BRD-A24122750-001-03-7,,['GABA receptor antagonist'],16.50374,6.951687
BR00117016,G23,A549,48,BAY-87-2243,compound,BRD-K70463136-001-01-5,,,16.081451,6.147391
BR00117016,G24,A549,48,ibudilast,compound,BRD-K16444452-001-09-1,,['phosphodiesterase inhibitor'],17.040487,5.5082088
BR00117016,H01,A549,48,briciclib,compound,BRD-K05531427-001-01-7,,,10.348754,10.359706
BR00117016,H02,A549,48,2-Oleoylglycerol,compound,BRD-K77087341-001-02-4,,,19.429998,8.072292
BR00117016,H03,A549,48,RGFP966,compound,BRD-K61688984-001-02-9,poscon_cp,['HDAC inhibitor'],13.636198,8.603162
BR00117016,H04,A549,48,DMSO,compound,,negcon,,18.929892,8.94877
BR00117016,H05,A549,48,azacitidine,compound,BRD-K03406345-001-21-1,poscon_diverse,,12.745282,9.93936
BR00117016,H06,A549,48,N6-cyclopentyladenosine,compound,BRD-K60150510-001-15-6,,,17.922165,9.977771
BR00117016,H07,A549,48,filgotinib,compound,BRD-K16803204-001-01-6,poscon_cp,['JAK inhibitor'],13.271894,7.9918766
BR00117016,H08,A549,48,guanidine,compound,BRD-K76037122-001-02-5,,['HSP inhibitor'],17.700518,10.278896
BR00117016,H09,A549,48,coumarin,compound,BRD-K23913458-001-20-7,,,18.070084,9.590144
BR00117016,H10,A549,48,DMSO,compound,,negcon,,18.275326,9.9311285
BR00117016,H11,A549,48,ZM-336372,compound,BRD-K73789395-001-09-9,poscon_orf,['RAF inhibitor'],14.963981,10.493576
BR00117016,H12,A549,48,citric-acid,compound,BRD-K76792669-001-08-1,,['coagulation factor inhibitor'],17.454548,10.091821
BR00117016,H13,A549,48,DMSO,compound,,negcon,,17.294195,10.027534
BR00117016,H14,A549,48,CCG-63802,compound,BRD-K26970495-001-02-7,,['G protein signaling inhibitor'],15.216249,10.435676
BR00117016,H15,A549,48,ibutilide,compound,BRD-A74391928-051-03-9,,['potassium channel blocker'],15.904493,9.262656
BR00117016,H16,A549,48,batimastat,compound,BRD-K82818427-001-04-8,,['matrix metalloprotease inhibitor'],15.538213,7.040041
BR00117016,H17,A549,48,DMSO,compound,,negcon,,16.634645,9.863228
BR00117016,H18,A549,48,DMSO,compound,,negcon,,17.117971,9.12707
BR00117016,H19,A549,48,UNC1999,compound,BRD-K26989966-001-04-3,poscon_cp,['histone lysine methyltransferase inhibitor'],8.665008,9.136247
BR00117016,H20,A549,48,glutamine-(l),compound,BRD-K83896451-001-06-7,,,16.19462,9.191967
BR00117016,H21,A549,48,PD-98059,compound,BRD-K62810658-001-11-4,poscon_orf,,14.111861,6.8474507
BR00117016,H22,A549,48,enilconazole,compound,BRD-K01825690-065-01-9,,,16.807041,7.606922
BR00117016,H23,A549,48,N-alpha-Methylhistamine-dihydrochloride,compound,BRD-K75390981-300-04-9,,['histamine receptor agonist'],16.94038,7.139889
BR00117016,H24,A549,48,GK921,compound,BRD-K38272302-001-02-7,,,8.887884,10.410029
BR00117016,I01,A549,48,nilvadipine,compound,BRD-A84687895-001-03-2,,['calcium channel blocker'],19.461134,7.611817
BR00117016,I02,A549,48,DMSO,compound,,negcon,,19.48768,8.881612
BR00117016,I03,A549,48,AC-710,compound,BRD-K15819326-001-01-6,,['PDGFR tyrosine kinase receptor inhibitor'],13.726015,9.89298
BR00117016,I04,A549,48,PETCM,compound,BRD-A93477898-001-04-2,,,19.964735,8.279073
BR00117016,I05,A549,48,AZD7762,compound,BRD-K86525559-001-07-8,poscon_diverse,['CHK inhibitor'],8.942123,9.051814
BR00117016,I06,A549,48,PHA-793887,compound,BRD-K64800655-001-09-0,poscon_diverse,['CDK inhibitor'],10.258574,9.805206
BR00117016,I07,A549,48,KU-60019,compound,BRD-K36016295-001-05-2,,['ATM kinase inhibitor'],12.648803,9.592687
BR00117016,I08,A549,48,nafamostat,compound,BRD-K06674495-334-04-0,,,12.954567,6.275703
BR00117016,I09,A549,48,DMSO,compound,,negcon,,18.847088,9.457258
BR00117016,I10,A549,48,DMSO,compound,,negcon,,18.21878,9.67059
BR00117016,I11,A549,48,taladegib,compound,BRD-K50498985-001-03-3,,['smoothened receptor antagonist'],16.144697,9.280719
BR00117016,I12,A549,48,acetohexamide,compound,BRD-K52960356-001-13-0,,['ATP channel blocker'],17.751396,9.662106
BR00117016,I13,A549,48,minocycline,compound,BRD-A69651145-003-11-4,,,17.301538,9.798179
BR00117016,I14,A549,48,BI-2536,compound,BRD-K64890080-001-02-1,poscon_diverse,,11.723969,10.330474
BR00117016,I15,A549,48,riociguat,compound,BRD-K84783599-001-01-0,,,17.163614,9.288559
BR00117016,I16,A549,48,CP-724714,compound,BRD-K76908866-001-07-6,poscon_cp,"['EGFR inhibitor', 'protein tyrosine kinase inhibitor']",13.117851,6.715725
BR00117016,I17,A549,48,ganetespib,compound,BRD-K38852836-001-04-9,poscon_diverse,['HSP inhibitor'],10.445052,8.464665
BR00117016,I18,A549,48,AZ191,compound,BRD-K80935598-001-01-1,poscon_cp,['DYRK inhibitor'],13.000728,8.694569
BR00117016,I19,A549,48,BAX-channel-blocker,compound,BRD-A18763547-300-06-3,,,12.941723,9.463207
BR00117016,I20,A549,48,SU3327,compound,BRD-K32730239-001-01-0,,['JNK inhibitor'],8.058388,10.340422
BR00117016,I21,A549,48,DMSO,compound,,negcon,,16.191004,7.028312
BR00117016,I22,A549,48,DMSO,compound,,negcon,,17.09062,6.355895
BR00117016,I23,A549,48,octreotide,compound,BRD-A64173453-015-03-1,,['somatostatin receptor agonist'],17.125967,6.8114767
BR00117016,I24,A549,48,1-octanol,compound,BRD-K09338665-001-08-9,,,16.963785,5.648153
BR00117016,J01,A549,48,acalabrutinib,compound,BRD-K64034691-001-01-9,,"[""Bruton's tyrosine kinase (BTK) inhibitor""]",19.206,5.6661415
BR00117016,J02,A549,48,rifamycin,compound,BRD-K38512030-001-01-7,,,19.673075,8.100599
BR00117016,J03,A549,48,pazopanib,compound,BRD-K74514084-003-09-2,,"['KIT inhibitor', 'VEGFR inhibitor', 'PDGFR tyrosine kinase receptor inhibitor']",14.202534,10.42565
BR00117016,J04,A549,48,RKI-1447,compound,BRD-K19333160-001-01-3,poscon_cp,,15.351869,10.739195
BR00117016,J05,A549,48,vitamin-E,compound,BRD-K97091514-001-11-4,,['PKC inhibitor'],19.15469,8.407615
BR00117016,J06,A549,48,lonafarnib,compound,BRD-K41599323-001-02-3,poscon_diverse,,15.524385,9.8211975
BR00117016,J07,A549,48,ethyl-pyruvate,compound,BRD-K47738867-001-01-5,,,17.148502,10.089397
BR00117016,J08,A549,48,picrotin,compound,BRD-A91822151-001-05-0,,['GABA receptor antagonist'],17.79593,10.339775
BR00117016,J09,A549,48,SGX523,compound,BRD-K19477839-001-07-6,poscon_cp,,18.388708,9.808877
BR00117016,J10,A549,48,PP-2,compound,BRD-K95785537-001-22-3,,['src inhibitor'],12.382955,8.1466675
BR00117016,J11,A549,48,ME-0328,compound,BRD-A63444178-001-01-5,,['PPAR receptor antagonist'],13.937006,8.007153
BR00117016,J12,A549,48,AZD9668,compound,BRD-K31476763-001-01-5,,['elastase inhibitor'],17.328175,10.104685
BR00117016,J13,A549,48,NQDI-1,compound,BRD-K61918008-001-07-1,,,14.334431,9.287028
BR00117016,J14,A549,48,DMSO,compound,,negcon,,16.856997,10.004969
BR00117016,J15,A549,48,carzenide,compound,BRD-K09295674-001-09-8,,,15.465093,7.276318
BR00117016,J16,A549,48,KU-55933,compound,BRD-K25311561-001-10-7,,['ATM kinase inhibitor'],13.448432,8.118104
BR00117016,J17,A549,48,NVP-AEW541,compound,BRD-K24696047-001-02-3,poscon_cp,['IGF-1 inhibitor'],13.1944275,9.0910425
BR00117016,J18,A549,48,leflunomide,compound,BRD-K78692225-001-24-5,,['PDGFR tyrosine kinase receptor inhibitor'],14.885787,7.3203597
BR00117016,J19,A549,48,DMSO,compound,,negcon,,16.264467,8.052661
BR00117016,J20,A549,48,azacitidine,compound,BRD-K03406345-001-21-1,poscon_diverse,,12.790315,10.055599
BR00117016,J21,A549,48,ixabepilone,compound,BRD-K03601870-001-01-2,,['microtubule stabilizing agent'],10.280645,10.244833
BR00117016,J22,A549,48,KH-CB19,compound,BRD-K66430217-001-03-8,poscon_cp,['CDC inhibitor'],17.020248,7.0644493
BR00117016,J23,A549,48,DMSO,compound,,negcon,,17.616255,6.3118367
BR00117016,J24,A549,48,PF-05190457,compound,BRD-K02554563-001-01-6,,,16.74798,5.335713
BR00117016,K01,A549,48,LDN-212854,compound,BRD-K59831625-001-03-9,,,8.71842,8.964701
BR00117016,K02,A549,48,formononetin,compound,BRD-K55567017-001-12-3,,['alcohol dehydrogenase inhibitor'],19.832523,7.7402873
BR00117016,K03,A549,48,aminopurvalanol-a,compound,BRD-K07762753-001-05-1,poscon_orf,['CDK inhibitor'],11.724303,9.094324
BR00117016,K04,A549,48,ruxolitinib,compound,BRD-K53972329-001-01-3,poscon_cp,['JAK inhibitor'],15.506551,10.356157
BR00117016,K05,A549,48,DMSO,compound,,negcon,,18.97737,9.208716
BR00117016,K06,A549,48,DMSO,compound,,negcon,,19.855614,8.084576
BR00117016,K07,A549,48,LGK-974,compound,BRD-K16810791-001-01-0,,['porcupine inhibitor'],14.905516,7.0069323
BR00117016,K08,A549,48,polydatin,compound,BRD-K43236057-001-07-1,,['ICAM1 expression inhibitor'],11.011866,9.790054
BR00117016,K09,A549,48,enflurane,compound,BRD-A51831848-001-01-7,,,18.485462,9.91752
BR00117016,K10,A549,48,PFI-1,compound,BRD-K13094524-001-04-2,poscon_cp,,15.130952,6.977623
BR00117016,K11,A549,48,AZD7762,compound,BRD-K86525559-001-07-8,poscon_diverse,['CHK inhibitor'],8.846932,9.098741
BR00117016,K12,A549,48,sotrastaurin,compound,BRD-K16761703-001-03-8,,['PKC inhibitor'],16.452593,9.401914
BR00117016,K13,A549,48,DMSO,compound,,negcon,,17.347187,9.812321
BR00117016,K14,A549,48,cycloheximide,compound,BRD-K36055864-001-20-0,,['protein synthesis inhibitor'],12.530078,10.495309
BR00117016,K15,A549,48,oxytocin,compound,BRD-K25243230-001-01-2,,,16.207787,8.5269785
BR00117016,K16,A549,48,DMSO,compound,,negcon,,16.373636,8.6654005
BR00117016,K17,A549,48,colchicine,compound,BRD-K00259736-001-16-4,,,10.3425045,10.383061
BR00117016,K18,A549,48,afimoxifene,compound,BRD-K04210847-001-21-9,,,16.003933,9.196437
BR00117016,K19,A549,48,DMSO,compound,,negcon,,16.673576,8.9137
BR00117016,K20,A549,48,ZK-93423,compound,BRD-K33882852-003-02-8,poscon_diverse,['benzodiazepine receptor agonist'],16.021664,7.2839313
BR00117016,K21,A549,48,RGB-286638,compound,BRD-K20986415-001-02-6,,['CDK inhibitor'],9.185454,9.183604
BR00117016,K22,A549,48,FPS-ZM1,compound,BRD-K87691185-001-01-2,,['RAGE receptor antagonist'],17.814383,6.506548
BR00117016,K23,A549,48,flindokalner,compound,BRD-K56740996-001-02-1,,,16.970154,6.664319
BR00117016,K24,A549,48,motesanib,compound,BRD-K99616396-316-05-3,,"['KIT inhibitor', 'VEGFR inhibitor', 'PDGFR tyrosine kinase receptor inhibitor']",16.038883,5.095261
BR00117016,L01,A549,48,geldanamycin,compound,BRD-K43570081-001-02-4,,['HSP inhibitor'],10.396903,8.318661
BR00117016,L02,A549,48,DMSO,compound,,negcon,,19.719381,7.685871
BR00117016,L03,A549,48,CGP-53353,compound,BRD-K32292990-001-03-6,,"['PKC inhibitor', 'EGFR inhibitor']",20.202326,7.299309
BR00117016,L04,A549,48,7-hydroxystaurosporine,compound,BRD-K45293975-001-02-0,,"['CDK inhibitor', 'PKC inhibitor', 'CHK inhibitor']",9.478326,8.879828
BR00117016,L05,A549,48,DMSO,compound,,negcon,,18.02591,9.845401
BR00117016,L06,A549,48,DMSO,compound,,negcon,,18.70532,8.467718
BR00117016,L07,A549,48,efaproxiral,compound,BRD-K37355418-236-01-6,,,16.693426,9.623434
BR00117016,L08,A549,48,SB-203580,compound,BRD-A37704979-001-12-3,poscon_orf,['p38 MAPK inhibitor'],12.724279,6.2660747
BR00117016,L09,A549,48,FK-866,compound,BRD-K58550667-001-08-7,poscon_diverse,,12.636306,5.9283276
BR00117016,L10,A549,48,bepridil,compound,BRD-A91008255-003-24-8,,['calcium channel blocker'],15.085925,8.364369
BR00117016,L11,A549,48,delanzomib,compound,BRD-K59325863-001-04-4,,,8.261572,10.162624
BR00117016,L12,A549,48,buparlisib,compound,BRD-K42191735-001-08-7,poscon_diverse,,9.770901,9.936191
BR00117016,L13,A549,48,phenylbutazone,compound,BRD-K10843433-001-23-5,,"['cyclooxygenase inhibitor', 'prostanoid receptor antagonist']",16.668228,9.66851
BR00117016,L14,A549,48,deferasirox,compound,BRD-K97010173-001-04-1,,,15.342683,7.110906
BR00117016,L15,A549,48,DMSO,compound,,negcon,,16.268267,6.243779
BR00117016,L16,A549,48,cediranib,compound,BRD-K86930074-001-05-0,,"['KIT inhibitor', 'VEGFR inhibitor']",12.908099,8.9529295
BR00117016,L17,A549,48,isoflurane,compound,BRD-A31564021-001-02-6,,,15.894122,8.623037
BR00117016,L18,A549,48,DMSO,compound,,negcon,,15.932377,8.299249
BR00117016,L19,A549,48,CCG-50014,compound,BRD-K08893438-001-06-4,,['G protein signaling inhibitor'],16.433466,8.394428
BR00117016,L20,A549,48,PF-431396,compound,BRD-K93788137-001-04-1,,,11.374459,9.626146
BR00117016,L21,A549,48,TG-02,compound,BRD-K14560436-001-01-4,,"['CDK inhibitor', 'FLT3 inhibitor', 'JAK inhibitor']",9.996955,10.089404
BR00117016,L22,A549,48,baclofen,compound,BRD-K01826724-003-07-9,,['benzodiazepine receptor agonist'],17.261581,6.313245
BR00117016,L23,A549,48,thiostrepton,compound,BRD-A20697603-001-07-2,,['protein synthesis inhibitor'],12.497411,8.488454
BR00117016,L24,A549,48,flufenamic-acid,compound,BRD-K44067360-001-29-5,,,17.175293,5.533247
BR00117016,M01,A549,48,DMSO,compound,,negcon,,19.292498,6.3648744
BR00117016,M02,A549,48,LY2109761,compound,BRD-K47557313-001-02-7,,,12.708063,7.852657
BR00117016,M03,A549,48,olopatadine,compound,BRD-K67637637-003-11-8,,['histamine receptor antagonist'],19.597393,8.583171
BR00117016,M04,A549,48,DMSO,compound,,negcon,,19.312277,8.21173
BR00117016,M05,A549,48,castanospermine,compound,BRD-K20897876-001-11-8,,['glucosidase inhibitor'],19.292688,8.973155
BR00117016,M06,A549,48,A205804,compound,BRD-K77627880-001-04-0,,['ICAM1 expression inhibitor'],15.0918255,6.0076427
BR00117016,M07,A549,48,VU591,compound,BRD-K72063794-003-01-0,,['potassium channel blocker'],18.94438,8.877779
BR00117016,M08,A549,48,dalbavancin,compound,BRD-K30177383-001-01-0,,['bacterial cell wall synthesis inhibitor'],18.115566,6.3067136
BR00117016,M09,A549,48,CC-401,compound,BRD-K45746021-003-01-9,,['JNK inhibitor'],13.429355,7.394818
BR00117016,M10,A549,48,ganetespib,compound,BRD-K38852836-001-04-9,poscon_diverse,['HSP inhibitor'],10.426299,8.427632
BR00117016,M11,A549,48,ingenol-mebutate,compound,BRD-K93779381-001-01-9,,,14.1872,10.716369
BR00117016,M12,A549,48,menadione,compound,BRD-K78126613-001-27-7,,,14.484414,10.284865
BR00117016,M13,A549,48,cetilistat,compound,BRD-K94863486-001-02-2,,,18.49611,8.094492
BR00117016,M14,A549,48,methoxsalen,compound,BRD-K63430059-001-16-4,,['DNA synthesis inhibitor'],14.363829,7.05797
BR00117016,M15,A549,48,cyclosporine,compound,BRD-K13533483-001-16-2,,,12.6501875,9.488995
BR00117016,M16,A549,48,NSC-632839,compound,BRD-K81197548-003-01-4,poscon_cp,['ubiquitin specific protease inhibitor'],8.90034,10.625418
BR00117016,M17,A549,48,DMSO,compound,,negcon,,16.53251,8.626768
BR00117016,M18,A549,48,TG-003,compound,BRD-K97072811-001-11-4,poscon_cp,,13.682034,7.5195584
BR00117016,M19,A549,48,oxibendazole,compound,BRD-K52075715-001-06-7,,['tubulin polymerization inhibitor'],10.398037,10.358586
BR00117016,M20,A549,48,TG-101348,compound,BRD-K12502280-001-11-4,poscon_cp,"['JAK inhibitor', 'FLT3 inhibitor']",8.74427,9.027798
BR00117016,M21,A549,48,miglitol,compound,BRD-A63310107-001-04-8,,['glucosidase inhibitor'],17.010616,7.151502
BR00117016,M22,A549,48,DMSO,compound,,negcon,,17.87456,6.7692566
BR00117016,M23,A549,48,DMSO,compound,,negcon,,17.813675,6.1558886
BR00117016,M24,A549,48,tranilast,compound,BRD-K17849083-001-32-9,,,18.611565,4.2648587
BR00117016,N01,A549,48,4-methylhistamine,compound,BRD-K70821460-300-02-4,,['histamine receptor agonist'],19.332489,5.9985657
BR00117016,N02,A549,48,LDN-27219,compound,BRD-K51485109-001-01-4,,,19.822586,7.4748554
BR00117016,N03,A549,48,anisomycin,compound,BRD-K91370081-001-25-1,,['DNA synthesis inhibitor'],9.132939,9.3598995
BR00117016,N04,A549,48,thioguanine,compound,BRD-K49350383-001-13-7,poscon_diverse,,13.089673,5.870674
BR00117016,N05,A549,48,droxinostat,compound,BRD-K11558771-001-13-9,,['HDAC inhibitor'],13.3469515,9.238328
BR00117016,N06,A549,48,UNC2025,compound,BRD-K91283740-003-01-6,poscon_cp,['FLT3 inhibitor'],9.711733,8.917834
BR00117016,N07,A549,48,DMSO,compound,,negcon,,17.156712,6.5130806
BR00117016,N08,A549,48,DMSO,compound,,negcon,,17.283787,7.182922
BR00117016,N09,A549,48,AMG900,compound,BRD-K21728777-001-02-3,poscon_cp,['Aurora kinase inhibitor'],11.33569,9.647349
BR00117016,N10,A549,48,PF-06463922,compound,BRD-A23124853-001-01-4,,['ALK tyrosine kinase receptor inhibitor'],12.431998,7.6597524
BR00117016,N11,A549,48,orantinib,compound,BRD-K55966568-001-09-6,poscon_cp,"['FGFR inhibitor', 'PDGFR tyrosine kinase receptor inhibitor', 'VEGFR inhibitor']",15.195024,10.165407
BR00117016,N12,A549,48,fludarabine-phosphate,compound,BRD-K71106091-001-09-5,,['ribonucleotide reductase inhibitor'],12.439314,10.278678
BR00117016,N13,A549,48,ceritinib,compound,BRD-K22149900-001-06-2,,['ALK tyrosine kinase receptor inhibitor'],13.558926,7.1231236
BR00117016,N14,A549,48,NVS-PAK1-1,compound,BRD-K28132190-001-02-0,poscon_cp,['p21 activated kinase inhibitor'],15.5223675,7.039886
BR00117016,N15,A549,48,homoharringtonine,compound,BRD-K76674262-001-03-3,,['protein synthesis inhibitor'],9.08223,9.411418
BR00117016,N16,A549,48,picrotoxinin,compound,BRD-K36461289-001-05-8,,['GABA receptor antagonist'],16.985193,6.7744336
BR00117016,N17,A549,48,DMSO,compound,,negcon,,15.67944,8.295579
BR00117016,N18,A549,48,danusertib,compound,BRD-K07881437-001-03-8,poscon_diverse,"['growth factor receptor inhibitor', 'Aurora kinase inhibitor']",11.605547,9.477853
BR00117016,N19,A549,48,romidepsin,compound,BRD-K61397605-001-01-8,poscon_cp,['HDAC inhibitor'],8.654263,8.938903
BR00117016,N20,A549,48,FERb-033,compound,BRD-K61642990-001-01-0,poscon_cp,['EGFR inhibitor'],17.072994,7.2726884
BR00117016,N21,A549,48,PF-03758309,compound,BRD-K37764012-001-03-3,poscon_diverse,['p21 activated kinase inhibitor'],9.732828,9.4364605
BR00117016,N22,A549,48,DMSO,compound,,negcon,,17.928085,6.0987954
BR00117016,N23,A549,48,trometamol,compound,BRD-K47978074-001-03-2,,,17.817438,6.244314
BR00117016,N24,A549,48,simvastatin,compound,BRD-K22134346-001-22-3,,['HMGCR inhibitor'],17.205763,5.072458
BR00117016,O01,A549,48,zaprinast,compound,BRD-K16542329-001-16-8,,['phosphodiesterase inhibitor'],18.183714,4.7756
BR00117016,O02,A549,48,dexamethasone,compound,BRD-A10188456-001-04-9,,['glucocorticoid receptor agonist'],14.47157,5.820496
BR00117016,O03,A549,48,salicylic-acid,compound,BRD-K93632104-001-17-2,,['cyclooxygenase inhibitor'],19.18499,7.5681434
BR00117016,O04,A549,48,diltiazem,compound,BRD-A69636825-003-04-7,,['calcium channel blocker'],14.300573,6.2090893
BR00117016,O05,A549,48,phenolphthalein,compound,BRD-K19227686-001-18-6,,,16.366743,5.370074
BR00117016,O06,A549,48,niflumic-acid,compound,BRD-K98763141-001-30-8,,['cyclooxygenase inhibitor'],18.962042,6.934291
BR00117016,O07,A549,48,DMSO,compound,,negcon,,18.63435,6.59822
BR00117016,O08,A549,48,L-Cystine,compound,BRD-A15397381-001-02-5,,,19.199995,7.158771
BR00117016,O09,A549,48,ozanimod,compound,BRD-K46625559-001-01-8,,['sphingosine 1 phosphate receptor agonist'],14.12063,6.805716
BR00117016,O10,A549,48,efaroxan,compound,BRD-A10739734-003-09-8,,['adrenergic receptor antagonist'],19.487785,7.7115326
BR00117016,O11,A549,48,NBQX,compound,BRD-K11796549-001-05-2,,['glutamate receptor antagonist'],17.444954,6.7639217
BR00117016,O12,A549,48,dinoprostone,compound,BRD-K26521938-001-07-2,,['prostanoid receptor agonist'],18.28835,6.092207
BR00117016,O13,A549,48,Ro-20-1724,compound,BRD-A07207424-001-14-0,,['phosphodiesterase inhibitor'],18.465452,6.919492
BR00117016,O14,A549,48,xanomeline,compound,BRD-K72815923-034-02-0,,['acetylcholine receptor agonist'],18.409864,6.274239
BR00117016,O15,A549,48,terazosin,compound,BRD-K01825589-310-02-9,,['adrenergic receptor antagonist'],17.939924,7.023821
BR00117016,O16,A549,48,BVT-948,compound,BRD-K68567222-001-01-2,,,15.549268,10.300466
BR00117016,O17,A549,48,nicotine,compound,BRD-K01825660-322-01-9,,['acetylcholine receptor agonist'],17.111845,7.426621
BR00117016,O18,A549,48,DMSO,compound,,negcon,,17.925549,6.106903
BR00117016,O19,A549,48,U-0521,compound,BRD-K08953028-001-09-6,,,17.11247,6.278693
BR00117016,O20,A549,48,BMS-587101,compound,BRD-K20093108-001-02-3,,,17.2731,6.3388243
BR00117016,O21,A549,48,nimodipine,compound,BRD-A58048407-001-20-4,,['calcium channel blocker'],17.064587,7.487566
BR00117016,O22,A549,48,pyrrolidine-dithiocarbamate,compound,BRD-K80970344-201-08-6,,,8.683184,10.599492
BR00117016,O23,A549,48,PF-915275,compound,BRD-K18289362-001-02-2,,,18.919416,7.3467464
BR00117016,O24,A549,48,JTE-013,compound,BRD-K43330982-001-02-3,,,16.795937,6.0760245
BR00117016,P01,A549,48,sodium-butyrate,compound,BRD-K05878375-236-05-7,,['HDAC inhibitor'],18.52301,4.7445154
BR00117016,P02,A549,48,pentostatin,compound,BRD-K91543828-001-02-0,,['ribonucleotide reductase inhibitor'],18.141088,4.4975433
BR00117016,P03,A549,48,OMDM-2,compound,BRD-K48830578-001-01-9,,,18.371964,4.206357
BR00117016,P04,A549,48,nalmefene,compound,BRD-A72767275-003-01-6,,,17.88871,4.3594866
BR00117016,P05,A549,48,DMSO,compound,,negcon,,18.205214,4.132709
BR00117016,P06,A549,48,1-EBIO,compound,BRD-K70586315-001-02-4,,,18.135117,4.1666493
BR00117016,P07,A549,48,SB-505124,compound,BRD-K40109029-001-02-9,,['ALK tyrosine kinase receptor inhibitor'],12.331294,7.7286925
BR00117016,P08,A549,48,prasugrel,compound,BRD-A83029242-001-06-1,,['purinergic receptor antagonist'],18.032852,4.137674
BR00117016,P09,A549,48,pidolic-acid,compound,BRD-K57313110-001-06-8,,,17.908422,4.187235
BR00117016,P10,A549,48,DMSO,compound,,negcon,,18.57288,4.613745
BR00117016,P11,A549,48,nevirapine,compound,BRD-K15502390-001-20-9,,,18.102375,4.0823317
BR00117016,P12,A549,48,triamterene,compound,BRD-K92049597-001-20-8,,['sodium channel blocker'],18.060507,4.3141737
BR00117016,P13,A549,48,regorafenib,compound,BRD-K16730910-001-07-3,,"['PDGFR tyrosine kinase receptor inhibitor', 'RAF inhibitor', 'KIT inhibitor', 'RET tyrosine kinase inhibitor', 'FGFR inhibitor', 'VEGFR inhibitor']",18.276804,4.744763
BR00117016,P14,A549,48,cyclophosphamide,compound,BRD-A09722536-002-18-0,,,18.205069,4.192599
BR00117016,P15,A549,48,olanzapine,compound,BRD-K18895904-001-16-1,,"['dopamine receptor antagonist', 'serotonin receptor antagonist']",17.613503,4.2738404
BR00117016,P16,A549,48,KI-16425,compound,BRD-A25569250-001-03-3,,['lysophosphatidic acid receptor antagonist'],12.675624,7.686149
BR00117016,P17,A549,48,SKLB1002,compound,BRD-K29895144-001-01-0,,['VEGFR inhibitor'],16.896336,4.7659388
BR00117016,P18,A549,48,cilostazol,compound,BRD-K67017579-001-28-1,,['phosphodiesterase inhibitor'],17.753832,4.4852595
BR00117016,P19,A549,48,AZD1283,compound,BRD-K77060810-001-01-5,,['purinergic receptor antagonist'],17.076603,5.440423
BR00117016,P20,A549,48,A-987306,compound,BRD-K68982262-001-01-4,,['histamine receptor antagonist'],15.558575,5.753369
BR00117016,P21,A549,48,procaine,compound,BRD-K24616672-003-20-1,,['HMGCR inhibitor'],17.620913,4.6073575
BR00117016,P22,A549,48,miconazole,compound,BRD-A82396632-008-30-8,,['bacterial cell wall synthesis inhibitor'],17.503431,4.6890664
BR00117016,P23,A549,48,loperamide,compound,BRD-K61250553-003-30-6,,,15.872559,5.8504496
BR00117016,P24,A549,48,aripiprazole,compound,BRD-K70358946-001-17-3,,['serotonin receptor antagonist'],16.402546,5.558578
BR00117017,A01,A549,48,gabapentin-enacarbil,compound,BRD-A86665761-001-01-1,,,18.686926,4.9518304
BR00117017,A02,A549,48,DMSO,compound,,negcon,,18.838398,5.305054
BR00117017,A03,A549,48,amlodipine,compound,BRD-A22032524-074-09-9,,['calcium channel blocker'],15.282381,5.566894
BR00117017,A04,A549,48,hexestrol,compound,BRD-A01078468-001-14-8,,,18.655977,5.1761312
BR00117017,A05,A549,48,quinine,compound,BRD-K48278478-001-01-2,,,18.507519,5.1318207
BR00117017,A06,A549,48,LOXO-101,compound,BRD-K36574127-001-01-3,,,18.374601,4.990581
BR00117017,A07,A549,48,brinzolamide,compound,BRD-K74913225-001-14-0,,['carbonic anhydrase inhibitor'],18.257479,4.930692
BR00117017,A08,A549,48,NS-11021,compound,BRD-K94342292-001-01-3,,['calcium-activated potassium channel activator'],17.375368,4.291407
BR00117017,A09,A549,48,DMSO,compound,,negcon,,18.476389,5.1728683
BR00117017,A10,A549,48,GNF-5837,compound,BRD-K19975102-001-01-2,,['growth factor receptor inhibitor'],16.460728,4.561986
BR00117017,A11,A549,48,apatinib,compound,BRD-K25244359-066-02-6,,['RET tyrosine kinase inhibitor'],15.652449,4.888972
BR00117017,A12,A549,48,ethoxzolamide,compound,BRD-K18131774-001-18-4,,['carbonic anhydrase inhibitor'],18.363302,4.9434776
BR00117017,A13,A549,48,ascorbic-acid,compound,BRD-A85242401-001-11-5,,,18.16379,4.878383
BR00117017,A14,A549,48,ryuvidine,compound,BRD-K06426971-001-02-7,,['histone lysine methyltransferase inhibitor'],8.213088,10.260378
BR00117017,A15,A549,48,BAN-ORL-24,compound,BRD-K47049295-300-03-1,,,12.088961,9.719931
BR00117017,A16,A549,48,NNC-55-0396,compound,BRD-K78122587-300-04-3,,,13.623469,9.496788
BR00117017,A17,A549,48,DMSO,compound,,negcon,,16.728245,5.113401
BR00117017,A18,A549,48,WH-4-023,compound,BRD-K50199947-001-03-4,,['src inhibitor'],12.341382,8.465454
BR00117017,A19,A549,48,flupirtine,compound,BRD-K50720187-051-03-1,,['glutamate receptor antagonist'],17.10594,4.923345
BR00117017,A20,A549,48,ZK811752,compound,BRD-K91825936-001-03-9,,,17.596525,4.6847725
BR00117017,A21,A549,48,dexamethasone,compound,BRD-K38775274-001-22-1,,['glucocorticoid receptor agonist'],14.61893,5.8756876
BR00117017,A22,A549,48,PP-1,compound,BRD-K47598052-001-14-1,,['src inhibitor'],12.426163,8.005996
BR00117017,A23,A549,48,DDR1-IN-1,compound,BRD-K61845293-300-01-9,,,15.700652,5.625102
BR00117017,A24,A549,48,AVL-292,compound,BRD-K87782578-001-01-4,,"[""Bruton's tyrosine kinase (BTK) inhibitor""]",12.243455,7.551051
BR00117017,B01,A549,48,H2L-5765834,compound,BRD-K26439554-001-01-3,,['lysophosphatidic acid receptor antagonist'],19.182953,5.3341064
BR00117017,B02,A549,48,thiostrepton,compound,BRD-K58049875-001-03-9,,['protein synthesis inhibitor'],12.899305,9.8150625
BR00117017,B03,A549,48,DMSO,compound,,negcon,,19.657278,6.325588
BR00117017,B04,A549,48,arcyriaflavin-a,compound,BRD-K72726508-001-02-1,,['CDK inhibitor'],12.900233,6.222411
BR00117017,B05,A549,48,CYM-5520,compound,BRD-K29151923-001-01-5,,['sphingosine 1 phosphate receptor agonist'],19.257805,6.4121966
BR00117017,B06,A549,48,fludarabine,compound,BRD-K66788707-001-14-3,,['ribonucleotide reductase inhibitor'],15.143455,6.54909
BR00117017,B07,A549,48,alda-1,compound,BRD-K06890060-001-09-1,,,18.65193,4.494254
BR00117017,B08,A549,48,meclofenamic-acid,compound,BRD-K50398167-236-22-7,,"['cyclooxygenase inhibitor', 'prostanoid receptor antagonist']",18.411695,4.9061112
BR00117017,B09,A549,48,GNF-5,compound,BRD-K87632963-001-03-0,,['Bcr-Abl kinase inhibitor'],16.183002,8.2632885
BR00117017,B10,A549,48,NS-309,compound,BRD-K37602296-001-01-6,,['calcium-activated potassium channel activator'],18.965757,7.3334036
BR00117017,B11,A549,48,AK-7,compound,BRD-K09143580-001-01-0,,['SIRT inhibitor'],15.405437,10.124624
BR00117017,B12,A549,48,BVT-948,compound,BRD-A22713669-001-04-3,,,18.39263,8.338854
BR00117017,B13,A549,48,SirReal-2,compound,BRD-K16472653-001-01-6,,['SIRT inhibitor'],17.952585,4.836421
BR00117017,B14,A549,48,DMSO,compound,,negcon,,17.724848,5.0265765
BR00117017,B15,A549,48,BMS-536924,compound,BRD-K34581968-001-05-3,,['IGF-1 inhibitor'],11.712742,8.488356
BR00117017,B16,A549,48,PP-121,compound,BRD-K81801188-001-02-8,,['protein tyrosine kinase inhibitor'],8.822096,9.932356
BR00117017,B17,A549,48,MCOPPB,compound,BRD-K73276278-305-01-1,,,13.786467,8.861597
BR00117017,B18,A549,48,ozagrel,compound,BRD-K53061490-003-13-9,,,17.700874,5.8739405
BR00117017,B19,A549,48,CYM-5442,compound,BRD-A43005764-003-01-5,,['sphingosine 1 phosphate receptor agonist'],13.993752,8.4925585
BR00117017,B20,A549,48,CVT-10216,compound,BRD-K60659193-001-01-0,,,17.682177,6.217331
BR00117017,B21,A549,48,TCN201,compound,BRD-K09787262-001-02-7,,['glutamate receptor antagonist'],17.821863,6.3295574
BR00117017,B22,A549,48,fomepizole,compound,BRD-K56810756-003-07-7,,['alcohol dehydrogenase inhibitor'],17.820696,6.396531
BR00117017,B23,A549,48,benzamil,compound,BRD-K87158025-003-08-7,,['sodium channel blocker'],17.752693,6.224513
BR00117017,B24,A549,48,lercanidipine,compound,BRD-A18992208-003-02-7,,['calcium channel blocker'],17.17347,5.159524
BR00117017,C01,A549,48,4-CMTB,compound,BRD-A54139254-001-09-2,,['free fatty acid receptor agonist'],19.314024,6.3764505
BR00117017,C02,A549,48,ML-228,compound,BRD-K44432556-001-05-5,,,19.51001,7.1356077
BR00117017,C03,A549,48,DMSO,compound,,negcon,,19.555899,8.375957
BR00117017,C04,A549,48,GSK1070916,compound,BRD-K36740062-001-06-6,,['Aurora kinase inhibitor'],10.904127,9.420012
BR00117017,C05,A549,48,ML-193,compound,BRD-K27539181-001-08-5,,,13.142198,7.7747297
BR00117017,C06,A549,48,DMSO,compound,,negcon,,19.40237,7.6468143
BR00117017,C07,A549,48,M-25,compound,BRD-K51265828-001-01-0,,['smoothened receptor antagonist'],18.567974,8.600264
BR00117017,C08,A549,48,azeliragon,compound,BRD-K51899933-001-02-6,,['RAGE receptor antagonist'],9.026314,10.415775
BR00117017,C09,A549,48,CYT-997,compound,BRD-K23363278-001-02-1,poscon_diverse,['tubulin polymerization inhibitor'],10.304784,10.295737
BR00117017,C10,A549,48,AR-12,compound,BRD-K90497590-001-05-9,,,8.376353,9.291186
BR00117017,C11,A549,48,CYM-50260,compound,BRD-K69877120-001-01-7,,['sphingosine 1 phosphate receptor agonist'],14.158087,6.7528462
BR00117017,C12,A549,48,DMSO,compound,,negcon,,13.158575,8.3351345
BR00117017,C13,A549,48,KG-5,compound,BRD-K90747162-001-01-4,poscon_cp,['RAF inhibitor'],10.311305,10.331777
BR00117017,C14,A549,48,JTE-607,compound,BRD-K81405859-300-01-4,,,14.995513,6.509941
BR00117017,C15,A549,48,DMSO,compound,,negcon,,17.826042,6.6165986
BR00117017,C16,A549,48,ilomastat,compound,BRD-K51662849-001-05-4,,['matrix metalloprotease inhibitor'],17.267658,6.165608
BR00117017,C17,A549,48,RX-821002,compound,BRD-A65597028-003-08-1,,['adrenergic receptor antagonist'],16.897223,6.4961514
BR00117017,C18,A549,48,DMSO,compound,,negcon,,17.699518,6.477633
BR00117017,C19,A549,48,TUG-891,compound,BRD-K24282351-001-01-4,,['free fatty acid receptor agonist'],17.72911,6.8706975
BR00117017,C20,A549,48,ponatinib,compound,BRD-K44227013-001-08-0,,"['PDGFR tyrosine kinase receptor inhibitor', 'FLT3 inhibitor', 'Bcr-Abl kinase inhibitor']",8.724943,9.277835
BR00117017,C21,A549,48,DMSO,compound,,negcon,,17.659851,6.66384
BR00117017,C22,A549,48,puromycin,compound,BRD-K01824976-300-02-9,,['protein synthesis inhibitor'],8.789551,9.295163
BR00117017,C23,A549,48,SRC-kinase-inhibitor-I,compound,BRD-K50495309-001-02-0,,['src inhibitor'],12.884552,6.7872524
BR00117017,C24,A549,48,acetylcysteine,compound,BRD-K59058747-001-19-1,,,17.303757,5.3261266
BR00117017,D01,A549,48,NSC-625987,compound,BRD-K62949423-001-03-1,,['CDK inhibitor'],19.304487,5.7579317
BR00117017,D02,A549,48,dalfampridine,compound,BRD-K22482860-001-20-6,,['potassium channel blocker'],19.98465,7.0179963
BR00117017,D03,A549,48,NSC-95397,compound,BRD-K68143200-001-11-7,,['CDC inhibitor'],13.595181,10.500149
BR00117017,D04,A549,48,alrestatin,compound,BRD-K35498378-001-06-1,,['aldose reductase inhibitor'],19.084991,7.698292
BR00117017,D05,A549,48,PF-03758309,compound,BRD-K37764012-001-03-3,poscon_diverse,['p21 activated kinase inhibitor'],17.895817,10.11442
BR00117017,D06,A549,48,IRL-2500,compound,BRD-K98357249-001-02-9,,['endothelin receptor antagonist'],19.326477,8.053865
BR00117017,D07,A549,48,PF-04217903,compound,BRD-K73319509-001-08-0,poscon_cp,,18.369453,8.669496
BR00117017,D08,A549,48,FK-866,compound,BRD-K58550667-001-08-7,poscon_diverse,,12.642158,5.8809123
BR00117017,D09,A549,48,amlexanox,compound,BRD-K29530284-001-06-2,,,18.697536,9.41206
BR00117017,D10,A549,48,GW-311616,compound,BRD-K37864785-001-01-0,,['elastase inhibitor'],17.29536,10.371201
BR00117017,D11,A549,48,buparlisib,compound,BRD-K42191735-001-08-7,poscon_diverse,,9.782323,9.914088
BR00117017,D12,A549,48,amiloride,compound,BRD-K97181089-003-24-7,,['sodium channel blocker'],12.955167,8.200575
BR00117017,D13,A549,48,DG-172,compound,BRD-K75748943-300-01-3,,,13.963553,9.621776
BR00117017,D14,A549,48,DMSO,compound,,negcon,,18.01771,8.618103
BR00117017,D15,A549,48,DMSO,compound,,negcon,,17.746876,8.816704
BR00117017,D16,A549,48,NVP-ADW742,compound,BRD-K15179513-001-04-2,poscon_cp,,13.22497,9.468239
BR00117017,D17,A549,48,misoprostol,compound,BRD-A72351335-001-04-5,,['prostanoid receptor agonist'],15.591075,7.023511
BR00117017,D18,A549,48,conivaptan,compound,BRD-K37385792-003-02-1,,,15.685213,8.896124
BR00117017,D19,A549,48,spiroxatrine,compound,BRD-A72483914-001-03-7,,['serotonin receptor antagonist'],17.747877,9.0442915
BR00117017,D20,A549,48,diacerein,compound,BRD-K69122748-001-10-1,,,18.110222,8.14757
BR00117017,D21,A549,48,DMSO,compound,,negcon,,17.68938,6.9703817
BR00117017,D22,A549,48,DMSO,compound,,negcon,,17.858934,6.8388906
BR00117017,D23,A549,48,glyburide,compound,BRD-K36927236-001-36-7,,['ATP channel blocker'],17.239883,6.6930127
BR00117017,D24,A549,48,ANR-94,compound,BRD-K31170746-001-01-6,,,17.181957,5.6287766
BR00117017,E01,A549,48,TFC-007,compound,BRD-K57708067-001-01-3,,,19.382513,6.184966
BR00117017,E02,A549,48,trihexyphenidyl,compound,BRD-A48180038-003-24-3,,['acetylcholine receptor antagonist'],19.749111,7.5310264
BR00117017,E03,A549,48,epoprostenol,compound,BRD-K64054020-001-02-7,,,19.803509,8.31489
BR00117017,E04,A549,48,sacubitril,compound,BRD-K91456750-001-01-9,,,19.956722,8.406525
BR00117017,E05,A549,48,danusertib,compound,BRD-K07881437-001-03-8,poscon_diverse,"['growth factor receptor inhibitor', 'Aurora kinase inhibitor']",11.636129,9.481979
BR00117017,E06,A549,48,CYT-997,compound,BRD-K23363278-001-02-1,poscon_diverse,['tubulin polymerization inhibitor'],10.391733,10.3136425
BR00117017,E07,A549,48,DMSO,compound,,negcon,,19.44706,8.820436
BR00117017,E08,A549,48,BQ-788,compound,BRD-K02490038-236-03-8,,['endothelin receptor antagonist'],18.766073,9.152452
BR00117017,E09,A549,48,SB-202190,compound,BRD-K54330070-001-19-6,poscon_orf,['p38 MAPK inhibitor'],14.333244,10.472207
BR00117017,E10,A549,48,GSK2110183,compound,BRD-K25412176-001-01-9,poscon_diverse,,14.055527,9.308329
BR00117017,E11,A549,48,GSK3787,compound,BRD-K03155172-001-03-0,,['PPAR receptor antagonist'],18.43371,8.974429
BR00117017,E12,A549,48,BAM7,compound,BRD-K07442505-001-03-6,,,16.106691,9.049216
BR00117017,E13,A549,48,PHA-793887,compound,BRD-K64800655-001-09-0,poscon_diverse,['CDK inhibitor'],10.245348,9.801934
BR00117017,E14,A549,48,DMSO,compound,,negcon,,17.985907,9.455463
BR00117017,E15,A549,48,GSK-37647,compound,BRD-K26514105-001-01-7,,['free fatty acid receptor agonist'],9.040688,9.014441
BR00117017,E16,A549,48,desonide,compound,BRD-K21528677-001-04-4,,['glucocorticoid receptor agonist'],14.353517,5.9526935
BR00117017,E17,A549,48,DMSO,compound,,negcon,,17.444725,9.077684
BR00117017,E18,A549,48,aloxistatin,compound,BRD-K91188791-001-17-5,,,13.88751,8.86429
BR00117017,E19,A549,48,azathioprine,compound,BRD-K32821942-001-22-1,,,14.186528,7.732614
BR00117017,E20,A549,48,ZK-93423,compound,BRD-K33882852-003-02-8,poscon_diverse,['benzodiazepine receptor agonist'],16.009779,7.521952
BR00117017,E21,A549,48,BI-2536,compound,BRD-K64890080-001-02-1,poscon_diverse,,11.830162,10.361431
BR00117017,E22,A549,48,EI1,compound,BRD-K91535048-001-01-2,poscon_cp,['histone lysine methyltransferase inhibitor'],15.544465,6.8325057
BR00117017,E23,A549,48,NVP-HSP990,compound,BRD-K67915505-001-01-2,,['HSP inhibitor'],10.468597,8.33543
BR00117017,E24,A549,48,DMSO,compound,,negcon,,17.110228,5.4768887
BR00117017,F01,A549,48,DMSO,compound,,negcon,,19.477968,6.1457853
BR00117017,F02,A549,48,nialamide,compound,BRD-K12102668-001-25-5,,,19.728073,7.406649
BR00117017,F03,A549,48,DMSO,compound,,negcon,,19.954565,7.616457
BR00117017,F04,A549,48,arundic-acid,compound,BRD-K49223707-001-01-0,,,19.128004,8.589888
BR00117017,F05,A549,48,torcitabine,compound,BRD-K91822704-003-07-2,,,17.978954,10.281355
BR00117017,F06,A549,48,DMSO,compound,,negcon,,19.193096,9.131999
BR00117017,F07,A549,48,epothilone-b,compound,BRD-K68164687-001-01-6,,"['microtubule stabilizing agent', 'tubulin polymerization inhibitor']",10.798767,9.921008
BR00117017,F08,A549,48,dyphylline,compound,BRD-A00827783-001-24-6,,['phosphodiesterase inhibitor'],17.541153,10.248422
BR00117017,F09,A549,48,DMSO,compound,,negcon,,17.941448,10.033771
BR00117017,F10,A549,48,quinidine,compound,BRD-K59632282-052-03-1,,['sodium channel blocker'],14.565077,9.761186
BR00117017,F11,A549,48,halopemide,compound,BRD-K50055394-001-03-6,,,13.148582,9.520993
BR00117017,F12,A549,48,sulfinpyrazone,compound,BRD-A36217750-001-16-3,,,17.701893,9.847257
BR00117017,F13,A549,48,ML-323,compound,BRD-K93942811-001-01-3,poscon_cp,['ubiquitin specific protease inhibitor'],15.791642,9.552303
BR00117017,F14,A549,48,racecadotril,compound,BRD-A08187463-001-12-9,,,16.826937,9.873451
BR00117017,F15,A549,48,BRL-50481,compound,BRD-K84266862-001-03-2,,['phosphodiesterase inhibitor'],16.9836,9.568416
BR00117017,F16,A549,48,GSK2110183,compound,BRD-K25412176-001-01-9,poscon_diverse,,14.000339,9.243893
BR00117017,F17,A549,48,bufexamac,compound,BRD-K36660044-001-24-2,,['cyclooxygenase inhibitor'],14.58565,9.604317
BR00117017,F18,A549,48,anandamide,compound,BRD-K42352790-001-05-3,,,16.040829,8.102633
BR00117017,F19,A549,48,thioguanine,compound,BRD-K49350383-001-13-7,poscon_diverse,,13.099655,5.9222894
BR00117017,F20,A549,48,IWP-L6,compound,BRD-K53234107-001-01-6,,['porcupine inhibitor'],15.741138,8.197849
BR00117017,F21,A549,48,edoxaban,compound,BRD-K29322660-001-01-9,,['coagulation factor inhibitor'],16.926401,7.316199
BR00117017,F22,A549,48,lonafarnib,compound,BRD-K41599323-001-02-3,poscon_diverse,,15.542143,9.728055
BR00117017,F23,A549,48,ibutamoren,compound,BRD-K44771174-066-01-0,,,15.237569,7.854578
BR00117017,F24,A549,48,somatostatin,compound,BRD-K14681867-001-01-6,,['somatostatin receptor agonist'],17.082726,5.521909
BR00117017,G01,A549,48,L-proline,compound,BRD-K01666412-001-02-0,,,18.912773,4.581053
BR00117017,G02,A549,48,zamifenacin,compound,BRD-K80451230-051-02-6,,['acetylcholine receptor antagonist'],19.654575,8.435752
BR00117017,G03,A549,48,YC-1,compound,BRD-K60476892-001-16-1,,,19.85092,8.449514
BR00117017,G04,A549,48,DMSO,compound,,negcon,,19.780441,8.61275
BR00117017,G05,A549,48,ME-0328,compound,BRD-K24283677-001-01-9,,['PPAR receptor antagonist'],19.661665,8.693322
BR00117017,G06,A549,48,NSC-663284,compound,BRD-K03109492-001-02-2,,['CDC inhibitor'],13.143026,10.152469
BR00117017,G07,A549,48,CYM-50358,compound,BRD-K80666802-003-01-0,,,13.698937,8.845619
BR00117017,G08,A549,48,trazodone,compound,BRD-K70778732-003-27-5,,"['adrenergic receptor antagonist', 'serotonin receptor antagonist']",19.025053,9.357038
BR00117017,G09,A549,48,DMSO,compound,,negcon,,19.06305,9.309207
BR00117017,G10,A549,48,DMSO,compound,,negcon,,18.654356,9.391725
BR00117017,G11,A549,48,sulfasalazine,compound,BRD-K10670311-001-17-1,,['cyclooxygenase inhibitor'],18.921293,9.289961
BR00117017,G12,A549,48,"2,5-furandimethanol",compound,BRD-K29791386-001-01-8,,,18.456123,9.400142
BR00117017,G13,A549,48,DMSO,compound,,negcon,,17.22237,9.03354
BR00117017,G14,A549,48,dilazep,compound,BRD-K48722258-300-11-0,,,17.410847,9.389743
BR00117017,G15,A549,48,felodipine,compound,BRD-A30815329-001-12-1,,['calcium channel blocker'],14.125469,7.39079
BR00117017,G16,A549,48,paliperidone,compound,BRD-A99888680-001-05-3,,"['dopamine receptor antagonist', 'serotonin receptor antagonist']",18.17566,9.60076
BR00117017,G17,A549,48,purvalanol-a,compound,BRD-K50836978-001-03-3,poscon_orf,['CDK inhibitor'],12.192687,8.624429
BR00117017,G18,A549,48,DMSO,compound,,negcon,,16.349169,9.356308
BR00117017,G19,A549,48,Ro-1138452,compound,BRD-K77220725-003-01-5,,['prostanoid receptor antagonist'],14.309238,9.431429
BR00117017,G20,A549,48,sorbinil,compound,BRD-A89164055-001-03-3,,['aldose reductase inhibitor'],16.278534,8.616905
BR00117017,G21,A549,48,TC-S-7004,compound,BRD-K89517477-001-01-4,poscon_cp,['DYRK inhibitor'],14.362658,8.066827
BR00117017,G22,A549,48,saclofen,compound,BRD-A24122750-001-03-7,,['GABA receptor antagonist'],17.524752,6.4702315
BR00117017,G23,A549,48,BAY-87-2243,compound,BRD-K70463136-001-01-5,,,16.114391,6.4848657
BR00117017,G24,A549,48,ibudilast,compound,BRD-K16444452-001-09-1,,['phosphodiesterase inhibitor'],17.144257,5.557148
BR00117017,H01,A549,48,briciclib,compound,BRD-K05531427-001-01-7,,,10.296021,10.371559
BR00117017,H02,A549,48,2-Oleoylglycerol,compound,BRD-K77087341-001-02-4,,,19.681896,8.078685
BR00117017,H03,A549,48,RGFP966,compound,BRD-K61688984-001-02-9,poscon_cp,['HDAC inhibitor'],13.538636,8.6440525
BR00117017,H04,A549,48,DMSO,compound,,negcon,,19.677074,8.294151
BR00117017,H05,A549,48,azacitidine,compound,BRD-K03406345-001-21-1,poscon_diverse,,12.797026,10.0243845
BR00117017,H06,A549,48,N6-cyclopentyladenosine,compound,BRD-K60150510-001-15-6,,,18.008257,10.245277
BR00117017,H07,A549,48,filgotinib,compound,BRD-K16803204-001-01-6,poscon_cp,['JAK inhibitor'],13.350277,7.8953686
BR00117017,H08,A549,48,guanidine,compound,BRD-K76037122-001-02-5,,['HSP inhibitor'],17.861492,10.13779
BR00117017,H09,A549,48,coumarin,compound,BRD-K23913458-001-20-7,,,17.883137,10.055027
BR00117017,H10,A549,48,DMSO,compound,,negcon,,17.85765,10.198292
BR00117017,H11,A549,48,ZM-336372,compound,BRD-K73789395-001-09-9,poscon_orf,['RAF inhibitor'],14.725512,10.498249
BR00117017,H12,A549,48,citric-acid,compound,BRD-K76792669-001-08-1,,['coagulation factor inhibitor'],17.78934,9.857236
BR00117017,H13,A549,48,DMSO,compound,,negcon,,17.367682,9.86766
BR00117017,H14,A549,48,CCG-63802,compound,BRD-K26970495-001-02-7,,['G protein signaling inhibitor'],15.094481,10.413633
BR00117017,H15,A549,48,ibutilide,compound,BRD-A74391928-051-03-9,,['potassium channel blocker'],16.029785,9.266014
BR00117017,H16,A549,48,batimastat,compound,BRD-K82818427-001-04-8,,['matrix metalloprotease inhibitor'],15.407633,7.062921
BR00117017,H17,A549,48,DMSO,compound,,negcon,,17.61559,9.720767
BR00117017,H18,A549,48,DMSO,compound,,negcon,,16.660915,9.228991
BR00117017,H19,A549,48,UNC1999,compound,BRD-K26989966-001-04-3,poscon_cp,['histone lysine methyltransferase inhibitor'],8.624974,9.039903
BR00117017,H20,A549,48,glutamine-(l),compound,BRD-K83896451-001-06-7,,,16.159506,9.8109
BR00117017,H21,A549,48,PD-98059,compound,BRD-K62810658-001-11-4,poscon_orf,,14.1948595,6.821096
BR00117017,H22,A549,48,enilconazole,compound,BRD-K01825690-065-01-9,,,16.837791,7.161256
BR00117017,H23,A549,48,N-alpha-Methylhistamine-dihydrochloride,compound,BRD-K75390981-300-04-9,,['histamine receptor agonist'],16.596455,6.856403
BR00117017,H24,A549,48,GK921,compound,BRD-K38272302-001-02-7,,,8.851594,10.282762
BR00117017,I01,A549,48,nilvadipine,compound,BRD-A84687895-001-03-2,,['calcium channel blocker'],19.346958,7.498033
BR00117017,I02,A549,48,DMSO,compound,,negcon,,19.775105,8.429327
BR00117017,I03,A549,48,AC-710,compound,BRD-K15819326-001-01-6,,['PDGFR tyrosine kinase receptor inhibitor'],13.776037,9.75007
BR00117017,I04,A549,48,PETCM,compound,BRD-A93477898-001-04-2,,,19.776136,8.566993
BR00117017,I05,A549,48,AZD7762,compound,BRD-K86525559-001-07-8,poscon_diverse,['CHK inhibitor'],9.127851,9.029109
BR00117017,I06,A549,48,PHA-793887,compound,BRD-K64800655-001-09-0,poscon_diverse,['CDK inhibitor'],10.339663,9.831681
BR00117017,I07,A549,48,KU-60019,compound,BRD-K36016295-001-05-2,,['ATM kinase inhibitor'],12.625137,9.542445
BR00117017,I08,A549,48,nafamostat,compound,BRD-K06674495-334-04-0,,,13.126583,6.255751
BR00117017,I09,A549,48,DMSO,compound,,negcon,,18.754625,9.462505
BR00117017,I10,A549,48,DMSO,compound,,negcon,,18.68703,9.76873
BR00117017,I11,A549,48,taladegib,compound,BRD-K50498985-001-03-3,,['smoothened receptor antagonist'],16.959394,9.709601
BR00117017,I12,A549,48,acetohexamide,compound,BRD-K52960356-001-13-0,,['ATP channel blocker'],17.61153,9.438242
BR00117017,I13,A549,48,minocycline,compound,BRD-A69651145-003-11-4,,,14.898899,10.319684
BR00117017,I14,A549,48,BI-2536,compound,BRD-K64890080-001-02-1,poscon_diverse,,11.901203,10.356517
BR00117017,I15,A549,48,riociguat,compound,BRD-K84783599-001-01-0,,,17.280617,9.4447975
BR00117017,I16,A549,48,CP-724714,compound,BRD-K76908866-001-07-6,poscon_cp,"['EGFR inhibitor', 'protein tyrosine kinase inhibitor']",13.116317,6.7996573
BR00117017,I17,A549,48,ganetespib,compound,BRD-K38852836-001-04-9,poscon_diverse,['HSP inhibitor'],10.470737,8.421914
BR00117017,I18,A549,48,AZ191,compound,BRD-K80935598-001-01-1,poscon_cp,['DYRK inhibitor'],13.126792,8.776425
BR00117017,I19,A549,48,BAX-channel-blocker,compound,BRD-A18763547-300-06-3,,,12.958047,9.507486
BR00117017,I20,A549,48,SU3327,compound,BRD-K32730239-001-01-0,,['JNK inhibitor'],8.071362,10.328036
BR00117017,I21,A549,48,DMSO,compound,,negcon,,16.541279,7.1440573
BR00117017,I22,A549,48,DMSO,compound,,negcon,,16.637587,7.218009
BR00117017,I23,A549,48,octreotide,compound,BRD-A64173453-015-03-1,,['somatostatin receptor agonist'],17.195194,6.549599
BR00117017,I24,A549,48,1-octanol,compound,BRD-K09338665-001-08-9,,,17.148043,5.84027
BR00117017,J01,A549,48,acalabrutinib,compound,BRD-K64034691-001-01-9,,"[""Bruton's tyrosine kinase (BTK) inhibitor""]",19.443417,6.334037
BR00117017,J02,A549,48,rifamycin,compound,BRD-K38512030-001-01-7,,,20.1827,7.531888
BR00117017,J03,A549,48,pazopanib,compound,BRD-K74514084-003-09-2,,"['KIT inhibitor', 'VEGFR inhibitor', 'PDGFR tyrosine kinase receptor inhibitor']",14.138435,10.554403
BR00117017,J04,A549,48,RKI-1447,compound,BRD-K19333160-001-01-3,poscon_cp,,15.4365,10.708068
BR00117017,J05,A549,48,vitamin-E,compound,BRD-K97091514-001-11-4,,['PKC inhibitor'],19.946774,8.115307
BR00117017,J06,A549,48,lonafarnib,compound,BRD-K41599323-001-02-3,poscon_diverse,,15.5424,9.894024
BR00117017,J07,A549,48,ethyl-pyruvate,compound,BRD-K47738867-001-01-5,,,18.022633,10.259771
BR00117017,J08,A549,48,picrotin,compound,BRD-A91822151-001-05-0,,['GABA receptor antagonist'],17.30574,10.054954
BR00117017,J09,A549,48,SGX523,compound,BRD-K19477839-001-07-6,poscon_cp,,18.835167,9.446071
BR00117017,J10,A549,48,PP-2,compound,BRD-K95785537-001-22-3,,['src inhibitor'],12.594678,8.226043
BR00117017,J11,A549,48,ME-0328,compound,BRD-A63444178-001-01-5,,['PPAR receptor antagonist'],17.645498,9.961753
BR00117017,J12,A549,48,AZD9668,compound,BRD-K31476763-001-01-5,,['elastase inhibitor'],17.37306,10.117286
BR00117017,J13,A549,48,NQDI-1,compound,BRD-K61918008-001-07-1,,,17.30659,9.855537
BR00117017,J14,A549,48,DMSO,compound,,negcon,,17.18427,9.83524
BR00117017,J15,A549,48,carzenide,compound,BRD-K09295674-001-09-8,,,15.415507,7.5783243
BR00117017,J16,A549,48,KU-55933,compound,BRD-K25311561-001-10-7,,['ATM kinase inhibitor'],13.319965,8.133245
BR00117017,J17,A549,48,NVP-AEW541,compound,BRD-K24696047-001-02-3,poscon_cp,['IGF-1 inhibitor'],13.16158,9.154561
BR00117017,J18,A549,48,leflunomide,compound,BRD-K78692225-001-24-5,,['PDGFR tyrosine kinase receptor inhibitor'],14.531868,7.3581924
BR00117017,J19,A549,48,DMSO,compound,,negcon,,17.914799,9.890581
BR00117017,J20,A549,48,azacitidine,compound,BRD-K03406345-001-21-1,poscon_diverse,,12.860803,10.191921
BR00117017,J21,A549,48,ixabepilone,compound,BRD-K03601870-001-01-2,,['microtubule stabilizing agent'],10.360555,10.2814455
BR00117017,J22,A549,48,KH-CB19,compound,BRD-K66430217-001-03-8,poscon_cp,['CDC inhibitor'],16.969353,7.908739
BR00117017,J23,A549,48,DMSO,compound,,negcon,,17.060175,6.5655274
BR00117017,J24,A549,48,PF-05190457,compound,BRD-K02554563-001-01-6,,,16.90718,5.6550126
BR00117017,K01,A549,48,LDN-212854,compound,BRD-K59831625-001-03-9,,,8.730838,8.901191
BR00117017,K02,A549,48,formononetin,compound,BRD-K55567017-001-12-3,,['alcohol dehydrogenase inhibitor'],19.873175,8.020823
BR00117017,K03,A549,48,aminopurvalanol-a,compound,BRD-K07762753-001-05-1,poscon_orf,['CDK inhibitor'],11.763565,9.226969
BR00117017,K04,A549,48,ruxolitinib,compound,BRD-K53972329-001-01-3,poscon_cp,['JAK inhibitor'],15.866139,10.367336
BR00117017,K05,A549,48,DMSO,compound,,negcon,,19.160204,9.1147175
BR00117017,K06,A549,48,DMSO,compound,,negcon,,18.891724,9.3195305
BR00117017,K07,A549,48,LGK-974,compound,BRD-K16810791-001-01-0,,['porcupine inhibitor'],14.830888,6.7440443
BR00117017,K08,A549,48,polydatin,compound,BRD-K43236057-001-07-1,,['ICAM1 expression inhibitor'],11.168837,9.645883
BR00117017,K09,A549,48,enflurane,compound,BRD-A51831848-001-01-7,,,18.791086,9.443398
BR00117017,K10,A549,48,PFI-1,compound,BRD-K13094524-001-04-2,poscon_cp,,15.2125025,7.183885
BR00117017,K11,A549,48,AZD7762,compound,BRD-K86525559-001-07-8,poscon_diverse,['CHK inhibitor'],8.985589,9.11019
BR00117017,K12,A549,48,sotrastaurin,compound,BRD-K16761703-001-03-8,,['PKC inhibitor'],16.537046,9.551362
BR00117017,K13,A549,48,DMSO,compound,,negcon,,17.340778,9.93294
BR00117017,K14,A549,48,cycloheximide,compound,BRD-K36055864-001-20-0,,['protein synthesis inhibitor'],12.54941,10.452461
BR00117017,K15,A549,48,oxytocin,compound,BRD-K25243230-001-01-2,,,17.217903,9.459101
BR00117017,K16,A549,48,DMSO,compound,,negcon,,16.980463,9.266636
BR00117017,K17,A549,48,colchicine,compound,BRD-K00259736-001-16-4,,,10.433383,10.279306
BR00117017,K18,A549,48,afimoxifene,compound,BRD-K04210847-001-21-9,,,16.224728,9.592579
BR00117017,K19,A549,48,DMSO,compound,,negcon,,17.171867,9.896278
BR00117017,K20,A549,48,ZK-93423,compound,BRD-K33882852-003-02-8,poscon_diverse,['benzodiazepine receptor agonist'],15.975556,7.667929
BR00117017,K21,A549,48,RGB-286638,compound,BRD-K20986415-001-02-6,,['CDK inhibitor'],9.245159,9.1824875
BR00117017,K22,A549,48,FPS-ZM1,compound,BRD-K87691185-001-01-2,,['RAGE receptor antagonist'],16.574408,5.869526
BR00117017,K23,A549,48,flindokalner,compound,BRD-K56740996-001-02-1,,,16.213556,5.4270716
BR00117017,K24,A549,48,motesanib,compound,BRD-K99616396-316-05-3,,"['KIT inhibitor', 'VEGFR inhibitor', 'PDGFR tyrosine kinase receptor inhibitor']",16.64947,4.9693365
BR00117017,L01,A549,48,geldanamycin,compound,BRD-K43570081-001-02-4,,['HSP inhibitor'],10.453048,8.3102255
BR00117017,L02,A549,48,DMSO,compound,,negcon,,19.912418,7.696791
BR00117017,L03,A549,48,CGP-53353,compound,BRD-K32292990-001-03-6,,"['PKC inhibitor', 'EGFR inhibitor']",20.340076,7.2551484
BR00117017,L04,A549,48,7-hydroxystaurosporine,compound,BRD-K45293975-001-02-0,,"['CDK inhibitor', 'PKC inhibitor', 'CHK inhibitor']",9.5281515,8.82021
BR00117017,L05,A549,48,DMSO,compound,,negcon,,19.080505,9.168634
BR00117017,L06,A549,48,DMSO,compound,,negcon,,18.070011,9.902038
BR00117017,L07,A549,48,efaproxiral,compound,BRD-K37355418-236-01-6,,,16.518839,9.880357
BR00117017,L08,A549,48,SB-203580,compound,BRD-A37704979-001-12-3,poscon_orf,['p38 MAPK inhibitor'],12.705781,6.4222465
BR00117017,L09,A549,48,FK-866,compound,BRD-K58550667-001-08-7,poscon_diverse,,12.612634,6.0026126
BR00117017,L10,A549,48,bepridil,compound,BRD-A91008255-003-24-8,,['calcium channel blocker'],14.7593155,8.463064
BR00117017,L11,A549,48,delanzomib,compound,BRD-K59325863-001-04-4,,,8.260772,10.063937
BR00117017,L12,A549,48,buparlisib,compound,BRD-K42191735-001-08-7,poscon_diverse,,9.83231,10.002249
BR00117017,L13,A549,48,phenylbutazone,compound,BRD-K10843433-001-23-5,,"['cyclooxygenase inhibitor', 'prostanoid receptor antagonist']",16.247875,9.437569
BR00117017,L14,A549,48,deferasirox,compound,BRD-K97010173-001-04-1,,,15.367824,7.127374
BR00117017,L15,A549,48,DMSO,compound,,negcon,,16.9689,9.484967
BR00117017,L16,A549,48,cediranib,compound,BRD-K86930074-001-05-0,,"['KIT inhibitor', 'VEGFR inhibitor']",12.809229,8.862357
BR00117017,L17,A549,48,isoflurane,compound,BRD-A31564021-001-02-6,,,16.767694,9.552259
BR00117017,L18,A549,48,DMSO,compound,,negcon,,17.032211,9.670231
BR00117017,L19,A549,48,CCG-50014,compound,BRD-K08893438-001-06-4,,['G protein signaling inhibitor'],16.764095,9.157879
BR00117017,L20,A549,48,PF-431396,compound,BRD-K93788137-001-04-1,,,11.336841,9.624084
BR00117017,L21,A549,48,TG-02,compound,BRD-K14560436-001-01-4,,"['CDK inhibitor', 'FLT3 inhibitor', 'JAK inhibitor']",9.838886,9.905192
BR00117017,L22,A549,48,baclofen,compound,BRD-K01826724-003-07-9,,['benzodiazepine receptor agonist'],16.905806,6.7963834
BR00117017,L23,A549,48,thiostrepton,compound,BRD-A20697603-001-07-2,,['protein synthesis inhibitor'],12.436824,8.299156
BR00117017,L24,A549,48,flufenamic-acid,compound,BRD-K44067360-001-29-5,,,17.103594,5.7664676
BR00117017,M01,A549,48,DMSO,compound,,negcon,,19.295088,6.7053766
BR00117017,M02,A549,48,LY2109761,compound,BRD-K47557313-001-02-7,,,12.781937,7.9360714
BR00117017,M03,A549,48,olopatadine,compound,BRD-K67637637-003-11-8,,['histamine receptor antagonist'],19.562551,8.006761
BR00117017,M04,A549,48,DMSO,compound,,negcon,,19.804598,8.400926
BR00117017,M05,A549,48,castanospermine,compound,BRD-K20897876-001-11-8,,['glucosidase inhibitor'],19.488552,8.243663
BR00117017,M06,A549,48,A205804,compound,BRD-K77627880-001-04-0,,['ICAM1 expression inhibitor'],15.159835,6.328423
BR00117017,M07,A549,48,VU591,compound,BRD-K72063794-003-01-0,,['potassium channel blocker'],19.01791,8.899577
BR00117017,M08,A549,48,dalbavancin,compound,BRD-K30177383-001-01-0,,['bacterial cell wall synthesis inhibitor'],14.291574,10.201898
BR00117017,M09,A549,48,CC-401,compound,BRD-K45746021-003-01-9,,['JNK inhibitor'],13.289892,7.5645475
BR00117017,M10,A549,48,ganetespib,compound,BRD-K38852836-001-04-9,poscon_diverse,['HSP inhibitor'],10.5053,8.422802
BR00117017,M11,A549,48,ingenol-mebutate,compound,BRD-K93779381-001-01-9,,,14.288295,10.821023
BR00117017,M12,A549,48,menadione,compound,BRD-K78126613-001-27-7,,,14.873,10.44364
BR00117017,M13,A549,48,cetilistat,compound,BRD-K94863486-001-02-2,,,16.854694,9.788156
BR00117017,M14,A549,48,methoxsalen,compound,BRD-K63430059-001-16-4,,['DNA synthesis inhibitor'],19.240232,8.4679985
BR00117017,M15,A549,48,cyclosporine,compound,BRD-K13533483-001-16-2,,,12.717708,9.672872
BR00117017,M16,A549,48,NSC-632839,compound,BRD-K81197548-003-01-4,poscon_cp,['ubiquitin specific protease inhibitor'],8.958512,10.690283
BR00117017,M17,A549,48,DMSO,compound,,negcon,,17.866697,6.8580847
BR00117017,M18,A549,48,TG-003,compound,BRD-K97072811-001-11-4,poscon_cp,,13.499594,7.7297244
BR00117017,M19,A549,48,oxibendazole,compound,BRD-K52075715-001-06-7,,['tubulin polymerization inhibitor'],10.436593,10.219198
BR00117017,M20,A549,48,TG-101348,compound,BRD-K12502280-001-11-4,poscon_cp,"['JAK inhibitor', 'FLT3 inhibitor']",8.772113,8.982406
BR00117017,M21,A549,48,miglitol,compound,BRD-A63310107-001-04-8,,['glucosidase inhibitor'],17.203293,6.9144263
BR00117017,M22,A549,48,DMSO,compound,,negcon,,17.565645,5.7316585
BR00117017,M23,A549,48,DMSO,compound,,negcon,,17.392723,6.857607
BR00117017,M24,A549,48,tranilast,compound,BRD-K17849083-001-32-9,,,17.083267,4.958505
BR00117017,N01,A549,48,4-methylhistamine,compound,BRD-K70821460-300-02-4,,['histamine receptor agonist'],19.057737,5.2728004
BR00117017,N02,A549,48,LDN-27219,compound,BRD-K51485109-001-01-4,,,19.885582,7.535517
BR00117017,N03,A549,48,anisomycin,compound,BRD-K91370081-001-25-1,,['DNA synthesis inhibitor'],9.051734,9.442143
BR00117017,N04,A549,48,thioguanine,compound,BRD-K49350383-001-13-7,poscon_diverse,,13.050596,5.9257
BR00117017,N05,A549,48,droxinostat,compound,BRD-K11558771-001-13-9,,['HDAC inhibitor'],13.939684,9.045555
BR00117017,N06,A549,48,UNC2025,compound,BRD-K91283740-003-01-6,poscon_cp,['FLT3 inhibitor'],9.850839,8.943088
BR00117017,N07,A549,48,DMSO,compound,,negcon,,17.408577,9.723786
BR00117017,N08,A549,48,DMSO,compound,,negcon,,18.973343,8.481885
BR00117017,N09,A549,48,AMG900,compound,BRD-K21728777-001-02-3,poscon_cp,['Aurora kinase inhibitor'],11.374363,9.637976
BR00117017,N10,A549,48,PF-06463922,compound,BRD-A23124853-001-01-4,,['ALK tyrosine kinase receptor inhibitor'],12.662046,7.7054815
BR00117017,N11,A549,48,orantinib,compound,BRD-K55966568-001-09-6,poscon_cp,"['FGFR inhibitor', 'PDGFR tyrosine kinase receptor inhibitor', 'VEGFR inhibitor']",14.650704,10.207354
BR00117017,N12,A549,48,fludarabine-phosphate,compound,BRD-K71106091-001-09-5,,['ribonucleotide reductase inhibitor'],12.36668,10.208439
BR00117017,N13,A549,48,ceritinib,compound,BRD-K22149900-001-06-2,,['ALK tyrosine kinase receptor inhibitor'],13.298575,7.7554646
BR00117017,N14,A549,48,NVS-PAK1-1,compound,BRD-K28132190-001-02-0,poscon_cp,['p21 activated kinase inhibitor'],15.438697,7.2499733
BR00117017,N15,A549,48,homoharringtonine,compound,BRD-K76674262-001-03-3,,['protein synthesis inhibitor'],9.077041,9.210725
BR00117017,N16,A549,48,picrotoxinin,compound,BRD-K36461289-001-05-8,,['GABA receptor antagonist'],17.024769,6.8142314
BR00117017,N17,A549,48,DMSO,compound,,negcon,,17.662468,6.167171
BR00117017,N18,A549,48,danusertib,compound,BRD-K07881437-001-03-8,poscon_diverse,"['growth factor receptor inhibitor', 'Aurora kinase inhibitor']",11.674856,9.517544
BR00117017,N19,A549,48,romidepsin,compound,BRD-K61397605-001-01-8,poscon_cp,['HDAC inhibitor'],8.718983,8.925954
BR00117017,N20,A549,48,FERb-033,compound,BRD-K61642990-001-01-0,poscon_cp,['EGFR inhibitor'],15.34187,10.205148
BR00117017,N21,A549,48,PF-03758309,compound,BRD-K37764012-001-03-3,poscon_diverse,['p21 activated kinase inhibitor'],9.8899555,9.334903
BR00117017,N22,A549,48,DMSO,compound,,negcon,,17.471697,6.4606295
BR00117017,N23,A549,48,trometamol,compound,BRD-K47978074-001-03-2,,,17.281353,6.0056367
BR00117017,N24,A549,48,simvastatin,compound,BRD-K22134346-001-22-3,,['HMGCR inhibitor'],17.341015,5.406246
BR00117017,O01,A549,48,zaprinast,compound,BRD-K16542329-001-16-8,,['phosphodiesterase inhibitor'],18.931171,5.3960752
BR00117017,O02,A549,48,dexamethasone,compound,BRD-A10188456-001-04-9,,['glucocorticoid receptor agonist'],14.463364,5.887803
BR00117017,O03,A549,48,salicylic-acid,compound,BRD-K93632104-001-17-2,,['cyclooxygenase inhibitor'],19.87092,8.353474
BR00117017,O04,A549,48,diltiazem,compound,BRD-A69636825-003-04-7,,['calcium channel blocker'],13.749348,6.493883
BR00117017,O05,A549,48,phenolphthalein,compound,BRD-K19227686-001-18-6,,,19.703024,8.099044
BR00117017,O06,A549,48,niflumic-acid,compound,BRD-K98763141-001-30-8,,['cyclooxygenase inhibitor'],19.600058,7.3009963
BR00117017,O07,A549,48,DMSO,compound,,negcon,,19.653122,8.1519575
BR00117017,O08,A549,48,L-Cystine,compound,BRD-A15397381-001-02-5,,,18.681246,6.590089
BR00117017,O09,A549,48,ozanimod,compound,BRD-K46625559-001-01-8,,['sphingosine 1 phosphate receptor agonist'],14.14458,6.8340373
BR00117017,O10,A549,48,efaroxan,compound,BRD-A10739734-003-09-8,,['adrenergic receptor antagonist'],18.739944,6.2301984
BR00117017,O11,A549,48,NBQX,compound,BRD-K11796549-001-05-2,,['glutamate receptor antagonist'],18.290987,7.838029
BR00117017,O12,A549,48,dinoprostone,compound,BRD-K26521938-001-07-2,,['prostanoid receptor agonist'],18.72553,7.197694
BR00117017,O13,A549,48,Ro-20-1724,compound,BRD-A07207424-001-14-0,,['phosphodiesterase inhibitor'],18.953915,8.085656
BR00117017,O14,A549,48,xanomeline,compound,BRD-K72815923-034-02-0,,['acetylcholine receptor agonist'],17.784782,7.6048384
BR00117017,O15,A549,48,terazosin,compound,BRD-K01825589-310-02-9,,['adrenergic receptor antagonist'],17.565552,7.080305
BR00117017,O16,A549,48,BVT-948,compound,BRD-K68567222-001-01-2,,,17.088867,7.7044883
BR00117017,O17,A549,48,nicotine,compound,BRD-K01825660-322-01-9,,['acetylcholine receptor agonist'],17.343065,7.217897
BR00117017,O18,A549,48,DMSO,compound,,negcon,,17.918266,5.808997
BR00117017,O19,A549,48,U-0521,compound,BRD-K08953028-001-09-6,,,16.863878,6.8387575
BR00117017,O20,A549,48,BMS-587101,compound,BRD-K20093108-001-02-3,,,17.524923,6.108914
BR00117017,O21,A549,48,nimodipine,compound,BRD-A58048407-001-20-4,,['calcium channel blocker'],17.101664,7.3917074
BR00117017,O22,A549,48,pyrrolidine-dithiocarbamate,compound,BRD-K80970344-201-08-6,,,8.672708,10.509391
BR00117017,O23,A549,48,PF-915275,compound,BRD-K18289362-001-02-2,,,17.275883,6.2146053
BR00117017,O24,A549,48,JTE-013,compound,BRD-K43330982-001-02-3,,,16.953957,6.1869116
BR00117017,P01,A549,48,sodium-butyrate,compound,BRD-K05878375-236-05-7,,['HDAC inhibitor'],18.627033,4.7526126
BR00117017,P02,A549,48,pentostatin,compound,BRD-K91543828-001-02-0,,['ribonucleotide reductase inhibitor'],18.868118,4.5477
BR00117017,P03,A549,48,OMDM-2,compound,BRD-K48830578-001-01-9,,,18.935001,4.4611893
BR00117017,P04,A549,48,nalmefene,compound,BRD-A72767275-003-01-6,,,18.965103,4.567145
BR00117017,P05,A549,48,DMSO,compound,,negcon,,18.745804,4.314268
BR00117017,P06,A549,48,1-EBIO,compound,BRD-K70586315-001-02-4,,,18.869102,4.3069263
BR00117017,P07,A549,48,SB-505124,compound,BRD-K40109029-001-02-9,,['ALK tyrosine kinase receptor inhibitor'],12.282169,7.9526234
BR00117017,P08,A549,48,prasugrel,compound,BRD-A83029242-001-06-1,,['purinergic receptor antagonist'],18.31505,4.1976824
BR00117017,P09,A549,48,pidolic-acid,compound,BRD-K57313110-001-06-8,,,17.611448,4.3824053
BR00117017,P10,A549,48,DMSO,compound,,negcon,,18.506462,4.263019
BR00117017,P11,A549,48,nevirapine,compound,BRD-K15502390-001-20-9,,,18.038736,4.1773567
BR00117017,P12,A549,48,triamterene,compound,BRD-K92049597-001-20-8,,['sodium channel blocker'],17.964972,4.48252
BR00117017,P13,A549,48,regorafenib,compound,BRD-K16730910-001-07-3,,"['PDGFR tyrosine kinase receptor inhibitor', 'RAF inhibitor', 'KIT inhibitor', 'RET tyrosine kinase inhibitor', 'FGFR inhibitor', 'VEGFR inhibitor']",18.304146,4.7594724
BR00117017,P14,A549,48,cyclophosphamide,compound,BRD-A09722536-002-18-0,,,18.274082,4.2842884
BR00117017,P15,A549,48,olanzapine,compound,BRD-K18895904-001-16-1,,"['dopamine receptor antagonist', 'serotonin receptor antagonist']",17.503992,4.3563766
BR00117017,P16,A549,48,KI-16425,compound,BRD-A25569250-001-03-3,,['lysophosphatidic acid receptor antagonist'],12.690534,7.452282
BR00117017,P17,A549,48,SKLB1002,compound,BRD-K29895144-001-01-0,,['VEGFR inhibitor'],17.460312,4.374741
BR00117017,P18,A549,48,cilostazol,compound,BRD-K67017579-001-28-1,,['phosphodiesterase inhibitor'],17.65686,4.5950785
BR00117017,P19,A549,48,AZD1283,compound,BRD-K77060810-001-01-5,,['purinergic receptor antagonist'],17.034931,5.042438
BR00117017,P20,A549,48,A-987306,compound,BRD-K68982262-001-01-4,,['histamine receptor antagonist'],15.438206,5.930211
BR00117017,P21,A549,48,procaine,compound,BRD-K24616672-003-20-1,,['HMGCR inhibitor'],17.04785,5.051846
BR00117017,P22,A549,48,miconazole,compound,BRD-A82396632-008-30-8,,['bacterial cell wall synthesis inhibitor'],16.761974,5.2398796
BR00117017,P23,A549,48,loperamide,compound,BRD-K61250553-003-30-6,,,15.721471,6.0615225
BR00117017,P24,A549,48,aripiprazole,compound,BRD-K70358946-001-17-3,,['serotonin receptor antagonist'],16.309587,5.641029
BR00117019,A01,A549,48,gabapentin-enacarbil,compound,BRD-A86665761-001-01-1,,,18.774109,5.234387
BR00117019,A02,A549,48,DMSO,compound,,negcon,,18.954565,5.5627837
BR00117019,A03,A549,48,amlodipine,compound,BRD-A22032524-074-09-9,,['calcium channel blocker'],14.964528,5.4205737
BR00117019,A04,A549,48,hexestrol,compound,BRD-A01078468-001-14-8,,,18.797045,5.496131
BR00117019,A05,A549,48,quinine,compound,BRD-K48278478-001-01-2,,,17.923527,4.989441
BR00117019,A06,A549,48,LOXO-101,compound,BRD-K36574127-001-01-3,,,18.192303,4.8736925
BR00117019,A07,A549,48,brinzolamide,compound,BRD-K74913225-001-14-0,,['carbonic anhydrase inhibitor'],18.188078,4.925558
BR00117019,A08,A549,48,NS-11021,compound,BRD-K94342292-001-01-3,,['calcium-activated potassium channel activator'],17.25004,4.3287854
BR00117019,A09,A549,48,DMSO,compound,,negcon,,18.336279,5.003165
BR00117019,A10,A549,48,GNF-5837,compound,BRD-K19975102-001-01-2,,['growth factor receptor inhibitor'],16.705883,4.5558467
BR00117019,A11,A549,48,apatinib,compound,BRD-K25244359-066-02-6,,['RET tyrosine kinase inhibitor'],16.931177,4.568645
BR00117019,A12,A549,48,ethoxzolamide,compound,BRD-K18131774-001-18-4,,['carbonic anhydrase inhibitor'],18.003334,4.887025
BR00117019,A13,A549,48,ascorbic-acid,compound,BRD-A85242401-001-11-5,,,18.020388,4.9082828
BR00117019,A14,A549,48,ryuvidine,compound,BRD-K06426971-001-02-7,,['histone lysine methyltransferase inhibitor'],8.057084,10.283502
BR00117019,A15,A549,48,BAN-ORL-24,compound,BRD-K47049295-300-03-1,,,11.983499,9.725687
BR00117019,A16,A549,48,NNC-55-0396,compound,BRD-K78122587-300-04-3,,,13.576931,9.509681
BR00117019,A17,A549,48,DMSO,compound,,negcon,,17.99987,4.785578
BR00117019,A18,A549,48,WH-4-023,compound,BRD-K50199947-001-03-4,,['src inhibitor'],12.306781,8.392723
BR00117019,A19,A549,48,flupirtine,compound,BRD-K50720187-051-03-1,,['glutamate receptor antagonist'],17.440771,4.8237085
BR00117019,A20,A549,48,ZK811752,compound,BRD-K91825936-001-03-9,,,17.787292,4.91341
BR00117019,A21,A549,48,dexamethasone,compound,BRD-K38775274-001-22-1,,['glucocorticoid receptor agonist'],14.575753,5.8181686
BR00117019,A22,A549,48,PP-1,compound,BRD-K47598052-001-14-1,,['src inhibitor'],12.346679,7.9113393
BR00117019,A23,A549,48,DDR1-IN-1,compound,BRD-K61845293-300-01-9,,,15.630095,5.6349893
BR00117019,A24,A549,48,AVL-292,compound,BRD-K87782578-001-01-4,,"[""Bruton's tyrosine kinase (BTK) inhibitor""]",12.128311,7.5285826
BR00117019,B01,A549,48,H2L-5765834,compound,BRD-K26439554-001-01-3,,['lysophosphatidic acid receptor antagonist'],19.121044,4.860782
BR00117019,B02,A549,48,thiostrepton,compound,BRD-K58049875-001-03-9,,['protein synthesis inhibitor'],12.897836,9.85021
BR00117019,B03,A549,48,DMSO,compound,,negcon,,19.856247,6.923678
BR00117019,B04,A549,48,arcyriaflavin-a,compound,BRD-K72726508-001-02-1,,['CDK inhibitor'],12.881479,6.2295275
BR00117019,B05,A549,48,CYM-5520,compound,BRD-K29151923-001-01-5,,['sphingosine 1 phosphate receptor agonist'],19.430916,5.9863772
BR00117019,B06,A549,48,fludarabine,compound,BRD-K66788707-001-14-3,,['ribonucleotide reductase inhibitor'],15.190133,6.5027823
BR00117019,B07,A549,48,alda-1,compound,BRD-K06890060-001-09-1,,,19.186712,6.3152056
BR00117019,B08,A549,48,meclofenamic-acid,compound,BRD-K50398167-236-22-7,,"['cyclooxygenase inhibitor', 'prostanoid receptor antagonist']",19.037508,6.5820804
BR00117019,B09,A549,48,GNF-5,compound,BRD-K87632963-001-03-0,,['Bcr-Abl kinase inhibitor'],15.88385,8.724538
BR00117019,B10,A549,48,NS-309,compound,BRD-K37602296-001-01-6,,['calcium-activated potassium channel activator'],19.02109,7.37627
BR00117019,B11,A549,48,AK-7,compound,BRD-K09143580-001-01-0,,['SIRT inhibitor'],15.21093,10.272583
BR00117019,B12,A549,48,BVT-948,compound,BRD-A22713669-001-04-3,,,18.773659,8.137702
BR00117019,B13,A549,48,SirReal-2,compound,BRD-K16472653-001-01-6,,['SIRT inhibitor'],18.169971,4.7530665
BR00117019,B14,A549,48,DMSO,compound,,negcon,,18.191465,5.9766116
BR00117019,B15,A549,48,BMS-536924,compound,BRD-K34581968-001-05-3,,['IGF-1 inhibitor'],11.301502,8.819066
BR00117019,B16,A549,48,PP-121,compound,BRD-K81801188-001-02-8,,['protein tyrosine kinase inhibitor'],8.890694,10.02882
BR00117019,B17,A549,48,MCOPPB,compound,BRD-K73276278-305-01-1,,,13.684175,8.815532
BR00117019,B18,A549,48,ozagrel,compound,BRD-K53061490-003-13-9,,,16.783007,6.3003206
BR00117019,B19,A549,48,CYM-5442,compound,BRD-A43005764-003-01-5,,['sphingosine 1 phosphate receptor agonist'],13.916929,8.455253
BR00117019,B20,A549,48,CVT-10216,compound,BRD-K60659193-001-01-0,,,17.926308,5.968262
BR00117019,B21,A549,48,TCN201,compound,BRD-K09787262-001-02-7,,['glutamate receptor antagonist'],18.249258,6.799817
BR00117019,B22,A549,48,fomepizole,compound,BRD-K56810756-003-07-7,,['alcohol dehydrogenase inhibitor'],17.812183,5.057267
BR00117019,B23,A549,48,benzamil,compound,BRD-K87158025-003-08-7,,['sodium channel blocker'],13.06835,6.7531304
BR00117019,B24,A549,48,lercanidipine,compound,BRD-A18992208-003-02-7,,['calcium channel blocker'],16.7442,5.105336
BR00117019,C01,A549,48,4-CMTB,compound,BRD-A54139254-001-09-2,,['free fatty acid receptor agonist'],19.5195,6.842734
BR00117019,C02,A549,48,ML-228,compound,BRD-K44432556-001-05-5,,,19.87247,7.9672356
BR00117019,C03,A549,48,DMSO,compound,,negcon,,19.714785,8.323704
BR00117019,C04,A549,48,GSK1070916,compound,BRD-K36740062-001-06-6,,['Aurora kinase inhibitor'],10.724004,9.43102
BR00117019,C05,A549,48,ML-193,compound,BRD-K27539181-001-08-5,,,18.724564,8.110055
BR00117019,C06,A549,48,DMSO,compound,,negcon,,19.406425,8.366299
BR00117019,C07,A549,48,M-25,compound,BRD-K51265828-001-01-0,,['smoothened receptor antagonist'],18.828365,9.051909
BR00117019,C08,A549,48,azeliragon,compound,BRD-K51899933-001-02-6,,['RAGE receptor antagonist'],8.855911,10.189208
BR00117019,C09,A549,48,CYT-997,compound,BRD-K23363278-001-02-1,poscon_diverse,['tubulin polymerization inhibitor'],10.3621,10.364359
BR00117019,C10,A549,48,AR-12,compound,BRD-K90497590-001-05-9,,,8.377006,9.305984
BR00117019,C11,A549,48,CYM-50260,compound,BRD-K69877120-001-01-7,,['sphingosine 1 phosphate receptor agonist'],14.337041,6.8687744
BR00117019,C12,A549,48,DMSO,compound,,negcon,,19.340345,8.931198
BR00117019,C13,A549,48,KG-5,compound,BRD-K90747162-001-01-4,poscon_cp,['RAF inhibitor'],10.2140875,10.190232
BR00117019,C14,A549,48,JTE-607,compound,BRD-K81405859-300-01-4,,,14.920731,6.47988
BR00117019,C15,A549,48,DMSO,compound,,negcon,,17.979311,7.0495353
BR00117019,C16,A549,48,ilomastat,compound,BRD-K51662849-001-05-4,,['matrix metalloprotease inhibitor'],16.255121,7.1166067
BR00117019,C17,A549,48,RX-821002,compound,BRD-A65597028-003-08-1,,['adrenergic receptor antagonist'],17.410923,7.167414
BR00117019,C18,A549,48,DMSO,compound,,negcon,,17.881104,6.3150687
BR00117019,C19,A549,48,TUG-891,compound,BRD-K24282351-001-01-4,,['free fatty acid receptor agonist'],17.857962,6.729836
BR00117019,C20,A549,48,ponatinib,compound,BRD-K44227013-001-08-0,,"['PDGFR tyrosine kinase receptor inhibitor', 'FLT3 inhibitor', 'Bcr-Abl kinase inhibitor']",8.854418,9.347197
BR00117019,C21,A549,48,DMSO,compound,,negcon,,17.839136,7.1057754
BR00117019,C22,A549,48,puromycin,compound,BRD-K01824976-300-02-9,,['protein synthesis inhibitor'],8.878646,9.302522
BR00117019,C23,A549,48,SRC-kinase-inhibitor-I,compound,BRD-K50495309-001-02-0,,['src inhibitor'],12.948629,6.7843733
BR00117019,C24,A549,48,acetylcysteine,compound,BRD-K59058747-001-19-1,,,16.975376,5.5701075
BR00117019,D01,A549,48,NSC-625987,compound,BRD-K62949423-001-03-1,,['CDK inhibitor'],19.467834,5.817881
BR00117019,D02,A549,48,dalfampridine,compound,BRD-K22482860-001-20-6,,['potassium channel blocker'],20.001917,7.7972326
BR00117019,D03,A549,48,NSC-95397,compound,BRD-K68143200-001-11-7,,['CDC inhibitor'],13.310118,10.413224
BR00117019,D04,A549,48,alrestatin,compound,BRD-K35498378-001-06-1,,['aldose reductase inhibitor'],19.110676,7.966269
BR00117019,D05,A549,48,PF-03758309,compound,BRD-K37764012-001-03-3,poscon_diverse,['p21 activated kinase inhibitor'],20.21766,7.0673637
BR00117019,D06,A549,48,IRL-2500,compound,BRD-K98357249-001-02-9,,['endothelin receptor antagonist'],15.27448,10.419134
BR00117019,D07,A549,48,PF-04217903,compound,BRD-K73319509-001-08-0,poscon_cp,,19.422253,7.9781055
BR00117019,D08,A549,48,FK-866,compound,BRD-K58550667-001-08-7,poscon_diverse,,12.59175,5.9108944
BR00117019,D09,A549,48,amlexanox,compound,BRD-K29530284-001-06-2,,,8.713157,8.7601
BR00117019,D10,A549,48,GW-311616,compound,BRD-K37864785-001-01-0,,['elastase inhibitor'],16.979708,10.246809
BR00117019,D11,A549,48,buparlisib,compound,BRD-K42191735-001-08-7,poscon_diverse,,9.798389,10.057049
BR00117019,D12,A549,48,amiloride,compound,BRD-K97181089-003-24-7,,['sodium channel blocker'],13.1028185,8.314883
BR00117019,D13,A549,48,DG-172,compound,BRD-K75748943-300-01-3,,,13.910089,9.655036
BR00117019,D14,A549,48,DMSO,compound,,negcon,,18.473576,7.46611
BR00117019,D15,A549,48,DMSO,compound,,negcon,,16.78945,9.601953
BR00117019,D16,A549,48,NVP-ADW742,compound,BRD-K15179513-001-04-2,poscon_cp,,13.158695,9.532601
BR00117019,D17,A549,48,misoprostol,compound,BRD-A72351335-001-04-5,,['prostanoid receptor agonist'],15.290257,6.786049
BR00117019,D18,A549,48,conivaptan,compound,BRD-K37385792-003-02-1,,,15.567442,8.611251
BR00117019,D19,A549,48,spiroxatrine,compound,BRD-A72483914-001-03-7,,['serotonin receptor antagonist'],16.439566,8.278801
BR00117019,D20,A549,48,diacerein,compound,BRD-K69122748-001-10-1,,,17.31384,7.5182257
BR00117019,D21,A549,48,DMSO,compound,,negcon,,17.789886,6.682006
BR00117019,D22,A549,48,DMSO,compound,,negcon,,17.973259,5.884133
BR00117019,D23,A549,48,glyburide,compound,BRD-K36927236-001-36-7,,['ATP channel blocker'],17.37508,6.745995
BR00117019,D24,A549,48,ANR-94,compound,BRD-K31170746-001-01-6,,,17.290842,5.097799
BR00117019,E01,A549,48,TFC-007,compound,BRD-K57708067-001-01-3,,,19.246613,6.2519526
BR00117019,E02,A549,48,trihexyphenidyl,compound,BRD-A48180038-003-24-3,,['acetylcholine receptor antagonist'],19.343945,8.990926
BR00117019,E03,A549,48,epoprostenol,compound,BRD-K64054020-001-02-7,,,19.6532,8.717246
BR00117019,E04,A549,48,sacubitril,compound,BRD-K91456750-001-01-9,,,19.424734,8.776522
BR00117019,E05,A549,48,danusertib,compound,BRD-K07881437-001-03-8,poscon_diverse,"['growth factor receptor inhibitor', 'Aurora kinase inhibitor']",11.693489,9.388316
BR00117019,E06,A549,48,CYT-997,compound,BRD-K23363278-001-02-1,poscon_diverse,['tubulin polymerization inhibitor'],10.380358,10.368111
BR00117019,E07,A549,48,DMSO,compound,,negcon,,18.339174,9.144888
BR00117019,E08,A549,48,BQ-788,compound,BRD-K02490038-236-03-8,,['endothelin receptor antagonist'],18.846128,9.292644
BR00117019,E09,A549,48,SB-202190,compound,BRD-K54330070-001-19-6,poscon_orf,['p38 MAPK inhibitor'],14.23623,10.362868
BR00117019,E10,A549,48,GSK2110183,compound,BRD-K25412176-001-01-9,poscon_diverse,,14.142555,9.37962
BR00117019,E11,A549,48,GSK3787,compound,BRD-K03155172-001-03-0,,['PPAR receptor antagonist'],18.420395,9.297538
BR00117019,E12,A549,48,BAM7,compound,BRD-K07442505-001-03-6,,,16.966055,9.501594
BR00117019,E13,A549,48,PHA-793887,compound,BRD-K64800655-001-09-0,poscon_diverse,['CDK inhibitor'],10.233221,9.821175
BR00117019,E14,A549,48,DMSO,compound,,negcon,,18.336632,9.327087
BR00117019,E15,A549,48,GSK-37647,compound,BRD-K26514105-001-01-7,,['free fatty acid receptor agonist'],14.617648,9.854723
BR00117019,E16,A549,48,desonide,compound,BRD-K21528677-001-04-4,,['glucocorticoid receptor agonist'],14.474044,5.9680552
BR00117019,E17,A549,48,DMSO,compound,,negcon,,17.449945,8.505259
BR00117019,E18,A549,48,aloxistatin,compound,BRD-K91188791-001-17-5,,,13.937581,8.807751
BR00117019,E19,A549,48,azathioprine,compound,BRD-K32821942-001-22-1,,,13.974294,7.732429
BR00117019,E20,A549,48,ZK-93423,compound,BRD-K33882852-003-02-8,poscon_diverse,['benzodiazepine receptor agonist'],16.036886,7.3636127
BR00117019,E21,A549,48,BI-2536,compound,BRD-K64890080-001-02-1,poscon_diverse,,11.807915,10.395234
BR00117019,E22,A549,48,EI1,compound,BRD-K91535048-001-01-2,poscon_cp,['histone lysine methyltransferase inhibitor'],15.778791,7.0689735
BR00117019,E23,A549,48,NVP-HSP990,compound,BRD-K67915505-001-01-2,,['HSP inhibitor'],10.491954,8.350126
BR00117019,E24,A549,48,DMSO,compound,,negcon,,17.06593,5.5115266
BR00117019,F01,A549,48,DMSO,compound,,negcon,,19.720127,6.8099093
BR00117019,F02,A549,48,nialamide,compound,BRD-K12102668-001-25-5,,,20.100996,7.4830627
BR00117019,F03,A549,48,DMSO,compound,,negcon,,20.226164,7.285223
BR00117019,F04,A549,48,arundic-acid,compound,BRD-K49223707-001-01-0,,,18.288696,10.217201
BR00117019,F05,A549,48,torcitabine,compound,BRD-K91822704-003-07-2,,,18.208883,10.066525
BR00117019,F06,A549,48,DMSO,compound,,negcon,,18.334467,9.873366
BR00117019,F07,A549,48,epothilone-b,compound,BRD-K68164687-001-01-6,,"['microtubule stabilizing agent', 'tubulin polymerization inhibitor']",10.73198,10.04246
BR00117019,F08,A549,48,dyphylline,compound,BRD-A00827783-001-24-6,,['phosphodiesterase inhibitor'],18.040993,10.381304
BR00117019,F09,A549,48,DMSO,compound,,negcon,,18.027548,10.071275
BR00117019,F10,A549,48,quinidine,compound,BRD-K59632282-052-03-1,,['sodium channel blocker'],16.450275,9.9315815
BR00117019,F11,A549,48,halopemide,compound,BRD-K50055394-001-03-6,,,13.331042,9.347332
BR00117019,F12,A549,48,sulfinpyrazone,compound,BRD-A36217750-001-16-3,,,17.003641,9.666954
BR00117019,F13,A549,48,ML-323,compound,BRD-K93942811-001-01-3,poscon_cp,['ubiquitin specific protease inhibitor'],16.023655,9.171062
BR00117019,F14,A549,48,racecadotril,compound,BRD-A08187463-001-12-9,,,15.848257,9.401375
BR00117019,F15,A549,48,BRL-50481,compound,BRD-K84266862-001-03-2,,['phosphodiesterase inhibitor'],16.991499,9.721992
BR00117019,F16,A549,48,GSK2110183,compound,BRD-K25412176-001-01-9,poscon_diverse,,14.130854,9.238798
BR00117019,F17,A549,48,bufexamac,compound,BRD-K36660044-001-24-2,,['cyclooxygenase inhibitor'],14.110311,8.5548
BR00117019,F18,A549,48,anandamide,compound,BRD-K42352790-001-05-3,,,17.010132,10.172782
BR00117019,F19,A549,48,thioguanine,compound,BRD-K49350383-001-13-7,poscon_diverse,,12.970007,5.965348
BR00117019,F20,A549,48,IWP-L6,compound,BRD-K53234107-001-01-6,,['porcupine inhibitor'],15.887025,8.123844
BR00117019,F21,A549,48,edoxaban,compound,BRD-K29322660-001-01-9,,['coagulation factor inhibitor'],16.797981,7.2802978
BR00117019,F22,A549,48,lonafarnib,compound,BRD-K41599323-001-02-3,poscon_diverse,,15.443955,9.777316
BR00117019,F23,A549,48,ibutamoren,compound,BRD-K44771174-066-01-0,,,14.758141,8.076409
BR00117019,F24,A549,48,somatostatin,compound,BRD-K14681867-001-01-6,,['somatostatin receptor agonist'],16.930033,5.3513813
BR00117019,G01,A549,48,L-proline,compound,BRD-K01666412-001-02-0,,,19.42834,7.700503
BR00117019,G02,A549,48,zamifenacin,compound,BRD-K80451230-051-02-6,,['acetylcholine receptor antagonist'],19.867521,7.753415
BR00117019,G03,A549,48,YC-1,compound,BRD-K60476892-001-16-1,,,19.704216,8.674159
BR00117019,G04,A549,48,DMSO,compound,,negcon,,19.402027,9.057946
BR00117019,G05,A549,48,ME-0328,compound,BRD-K24283677-001-01-9,,['PPAR receptor antagonist'],19.242546,8.812992
BR00117019,G06,A549,48,NSC-663284,compound,BRD-K03109492-001-02-2,,['CDC inhibitor'],13.150059,10.236724
BR00117019,G07,A549,48,CYM-50358,compound,BRD-K80666802-003-01-0,,,13.632604,8.698297
BR00117019,G08,A549,48,trazodone,compound,BRD-K70778732-003-27-5,,"['adrenergic receptor antagonist', 'serotonin receptor antagonist']",18.883615,9.371678
BR00117019,G09,A549,48,DMSO,compound,,negcon,,18.636154,9.487817
BR00117019,G10,A549,48,DMSO,compound,,negcon,,18.19916,9.487953
BR00117019,G11,A549,48,sulfasalazine,compound,BRD-K10670311-001-17-1,,['cyclooxygenase inhibitor'],18.444622,9.4118185
BR00117019,G12,A549,48,"2,5-furandimethanol",compound,BRD-K29791386-001-01-8,,,17.83446,9.49332
BR00117019,G13,A549,48,DMSO,compound,,negcon,,17.74485,9.572976
BR00117019,G14,A549,48,dilazep,compound,BRD-K48722258-300-11-0,,,17.820057,9.445051
BR00117019,G15,A549,48,felodipine,compound,BRD-A30815329-001-12-1,,['calcium channel blocker'],18.003225,9.343606
BR00117019,G16,A549,48,paliperidone,compound,BRD-A99888680-001-05-3,,"['dopamine receptor antagonist', 'serotonin receptor antagonist']",16.192896,8.960322
BR00117019,G17,A549,48,purvalanol-a,compound,BRD-K50836978-001-03-3,poscon_orf,['CDK inhibitor'],12.023429,8.803107
BR00117019,G18,A549,48,DMSO,compound,,negcon,,17.00232,9.480406
BR00117019,G19,A549,48,Ro-1138452,compound,BRD-K77220725-003-01-5,,['prostanoid receptor antagonist'],14.134066,9.603235
BR00117019,G20,A549,48,sorbinil,compound,BRD-A89164055-001-03-3,,['aldose reductase inhibitor'],16.760002,8.797587
BR00117019,G21,A549,48,TC-S-7004,compound,BRD-K89517477-001-01-4,poscon_cp,['DYRK inhibitor'],14.442227,8.043436
BR00117019,G22,A549,48,saclofen,compound,BRD-A24122750-001-03-7,,['GABA receptor antagonist'],16.795933,7.384316
BR00117019,G23,A549,48,BAY-87-2243,compound,BRD-K70463136-001-01-5,,,16.020918,6.2632327
BR00117019,G24,A549,48,ibudilast,compound,BRD-K16444452-001-09-1,,['phosphodiesterase inhibitor'],17.111414,5.636395
BR00117019,H01,A549,48,briciclib,compound,BRD-K05531427-001-01-7,,,10.417709,10.410342
BR00117019,H02,A549,48,2-Oleoylglycerol,compound,BRD-K77087341-001-02-4,,,20.300207,7.022902
BR00117019,H03,A549,48,RGFP966,compound,BRD-K61688984-001-02-9,poscon_cp,['HDAC inhibitor'],13.617642,8.574693
BR00117019,H04,A549,48,DMSO,compound,,negcon,,19.116323,8.258154
BR00117019,H05,A549,48,azacitidine,compound,BRD-K03406345-001-21-1,poscon_diverse,,12.718118,10.069033
BR00117019,H06,A549,48,N6-cyclopentyladenosine,compound,BRD-K60150510-001-15-6,,,18.153547,10.264732
BR00117019,H07,A549,48,filgotinib,compound,BRD-K16803204-001-01-6,poscon_cp,['JAK inhibitor'],13.230688,7.9269724
BR00117019,H08,A549,48,guanidine,compound,BRD-K76037122-001-02-5,,['HSP inhibitor'],17.648798,10.219472
BR00117019,H09,A549,48,coumarin,compound,BRD-K23913458-001-20-7,,,17.687273,10.344198
BR00117019,H10,A549,48,DMSO,compound,,negcon,,18.238853,10.073671
BR00117019,H11,A549,48,ZM-336372,compound,BRD-K73789395-001-09-9,poscon_orf,['RAF inhibitor'],14.827451,10.4567585
BR00117019,H12,A549,48,citric-acid,compound,BRD-K76792669-001-08-1,,['coagulation factor inhibitor'],16.883698,9.46791
BR00117019,H13,A549,48,DMSO,compound,,negcon,,17.174715,10.157389
BR00117019,H14,A549,48,CCG-63802,compound,BRD-K26970495-001-02-7,,['G protein signaling inhibitor'],15.535132,10.03072
BR00117019,H15,A549,48,ibutilide,compound,BRD-A74391928-051-03-9,,['potassium channel blocker'],15.933062,9.093084
BR00117019,H16,A549,48,batimastat,compound,BRD-K82818427-001-04-8,,['matrix metalloprotease inhibitor'],15.380258,7.0082736
BR00117019,H17,A549,48,DMSO,compound,,negcon,,16.939604,9.233943
BR00117019,H18,A549,48,DMSO,compound,,negcon,,19.80341,5.027286
BR00117019,H19,A549,48,UNC1999,compound,BRD-K26989966-001-04-3,poscon_cp,['histone lysine methyltransferase inhibitor'],8.656718,9.254107
BR00117019,H20,A549,48,glutamine-(l),compound,BRD-K83896451-001-06-7,,,16.606531,8.978873
BR00117019,H21,A549,48,PD-98059,compound,BRD-K62810658-001-11-4,poscon_orf,,13.917455,6.6847315
BR00117019,H22,A549,48,enilconazole,compound,BRD-K01825690-065-01-9,,,16.63065,7.081164
BR00117019,H23,A549,48,N-alpha-Methylhistamine-dihydrochloride,compound,BRD-K75390981-300-04-9,,['histamine receptor agonist'],16.91226,6.314243
BR00117019,H24,A549,48,GK921,compound,BRD-K38272302-001-02-7,,,8.912788,10.378544
BR00117019,I01,A549,48,nilvadipine,compound,BRD-A84687895-001-03-2,,['calcium channel blocker'],19.535172,6.9210896
BR00117019,I02,A549,48,DMSO,compound,,negcon,,19.94363,8.148335
BR00117019,I03,A549,48,AC-710,compound,BRD-K15819326-001-01-6,,['PDGFR tyrosine kinase receptor inhibitor'],13.743198,9.961404
BR00117019,I04,A549,48,PETCM,compound,BRD-A93477898-001-04-2,,,19.537699,8.857236
BR00117019,I05,A549,48,AZD7762,compound,BRD-K86525559-001-07-8,poscon_diverse,['CHK inhibitor'],9.193497,8.988476
BR00117019,I06,A549,48,PHA-793887,compound,BRD-K64800655-001-09-0,poscon_diverse,['CDK inhibitor'],10.228598,9.803362
BR00117019,I07,A549,48,KU-60019,compound,BRD-K36016295-001-05-2,,['ATM kinase inhibitor'],12.588686,9.6019945
BR00117019,I08,A549,48,nafamostat,compound,BRD-K06674495-334-04-0,,,13.102164,6.206422
BR00117019,I09,A549,48,DMSO,compound,,negcon,,19.241446,9.106213
BR00117019,I10,A549,48,DMSO,compound,,negcon,,18.775955,9.717655
BR00117019,I11,A549,48,taladegib,compound,BRD-K50498985-001-03-3,,['smoothened receptor antagonist'],17.236326,9.342331
BR00117019,I12,A549,48,acetohexamide,compound,BRD-K52960356-001-13-0,,['ATP channel blocker'],17.929731,9.705925
BR00117019,I13,A549,48,minocycline,compound,BRD-A69651145-003-11-4,,,17.339994,9.93255
BR00117019,I14,A549,48,BI-2536,compound,BRD-K64890080-001-02-1,poscon_diverse,,11.899367,10.431993
BR00117019,I15,A549,48,riociguat,compound,BRD-K84783599-001-01-0,,,17.507843,9.603397
BR00117019,I16,A549,48,CP-724714,compound,BRD-K76908866-001-07-6,poscon_cp,"['EGFR inhibitor', 'protein tyrosine kinase inhibitor']",13.250489,6.8039994
BR00117019,I17,A549,48,ganetespib,compound,BRD-K38852836-001-04-9,poscon_diverse,['HSP inhibitor'],10.498276,8.405843
BR00117019,I18,A549,48,AZ191,compound,BRD-K80935598-001-01-1,poscon_cp,['DYRK inhibitor'],13.098455,8.734576
BR00117019,I19,A549,48,BAX-channel-blocker,compound,BRD-A18763547-300-06-3,,,12.821277,9.495083
BR00117019,I20,A549,48,SU3327,compound,BRD-K32730239-001-01-0,,['JNK inhibitor'],8.035884,10.343479
BR00117019,I21,A549,48,DMSO,compound,,negcon,,16.60636,7.9685197
BR00117019,I22,A549,48,DMSO,compound,,negcon,,16.980387,8.265214
BR00117019,I23,A549,48,octreotide,compound,BRD-A64173453-015-03-1,,['somatostatin receptor agonist'],17.111004,7.2312255
BR00117019,I24,A549,48,1-octanol,compound,BRD-K09338665-001-08-9,,,16.88628,5.498714
BR00117019,J01,A549,48,acalabrutinib,compound,BRD-K64034691-001-01-9,,"[""Bruton's tyrosine kinase (BTK) inhibitor""]",19.363401,6.325396
BR00117019,J02,A549,48,rifamycin,compound,BRD-K38512030-001-01-7,,,19.830696,8.096112
BR00117019,J03,A549,48,pazopanib,compound,BRD-K74514084-003-09-2,,"['KIT inhibitor', 'VEGFR inhibitor', 'PDGFR tyrosine kinase receptor inhibitor']",14.143075,10.431188
BR00117019,J04,A549,48,RKI-1447,compound,BRD-K19333160-001-01-3,poscon_cp,,15.394014,10.795859
BR00117019,J05,A549,48,vitamin-E,compound,BRD-K97091514-001-11-4,,['PKC inhibitor'],19.676218,8.215171
BR00117019,J06,A549,48,lonafarnib,compound,BRD-K41599323-001-02-3,poscon_diverse,,15.547959,9.9057255
BR00117019,J07,A549,48,ethyl-pyruvate,compound,BRD-K47738867-001-01-5,,,17.905876,10.252692
BR00117019,J08,A549,48,picrotin,compound,BRD-A91822151-001-05-0,,['GABA receptor antagonist'],18.018358,10.350373
BR00117019,J09,A549,48,SGX523,compound,BRD-K19477839-001-07-6,poscon_cp,,16.994337,10.429847
BR00117019,J10,A549,48,PP-2,compound,BRD-K95785537-001-22-3,,['src inhibitor'],12.412424,8.2817335
BR00117019,J11,A549,48,ME-0328,compound,BRD-A63444178-001-01-5,,['PPAR receptor antagonist'],17.081472,10.145822
BR00117019,J12,A549,48,AZD9668,compound,BRD-K31476763-001-01-5,,['elastase inhibitor'],17.348639,10.045136
BR00117019,J13,A549,48,NQDI-1,compound,BRD-K61918008-001-07-1,,,16.726345,9.546514
BR00117019,J14,A549,48,DMSO,compound,,negcon,,17.461365,9.558705
BR00117019,J15,A549,48,carzenide,compound,BRD-K09295674-001-09-8,,,15.563629,7.5335135
BR00117019,J16,A549,48,KU-55933,compound,BRD-K25311561-001-10-7,,['ATM kinase inhibitor'],13.467686,8.149359
BR00117019,J17,A549,48,NVP-AEW541,compound,BRD-K24696047-001-02-3,poscon_cp,['IGF-1 inhibitor'],13.16762,9.113876
BR00117019,J18,A549,48,leflunomide,compound,BRD-K78692225-001-24-5,,['PDGFR tyrosine kinase receptor inhibitor'],15.473054,7.722763
BR00117019,J19,A549,48,DMSO,compound,,negcon,,17.004444,8.934549
BR00117019,J20,A549,48,azacitidine,compound,BRD-K03406345-001-21-1,poscon_diverse,,12.708709,10.206822
BR00117019,J21,A549,48,ixabepilone,compound,BRD-K03601870-001-01-2,,['microtubule stabilizing agent'],10.192339,10.244766
BR00117019,J22,A549,48,KH-CB19,compound,BRD-K66430217-001-03-8,poscon_cp,['CDC inhibitor'],16.875692,7.604291
BR00117019,J23,A549,48,DMSO,compound,,negcon,,16.774479,7.001127
BR00117019,J24,A549,48,PF-05190457,compound,BRD-K02554563-001-01-6,,,16.787334,5.521409
BR00117019,K01,A549,48,LDN-212854,compound,BRD-K59831625-001-03-9,,,8.6893015,8.8892
BR00117019,K02,A549,48,formononetin,compound,BRD-K55567017-001-12-3,,['alcohol dehydrogenase inhibitor'],19.856691,8.221926
BR00117019,K03,A549,48,aminopurvalanol-a,compound,BRD-K07762753-001-05-1,poscon_orf,['CDK inhibitor'],11.75701,9.158548
BR00117019,K04,A549,48,ruxolitinib,compound,BRD-K53972329-001-01-3,poscon_cp,['JAK inhibitor'],15.78452,10.47852
BR00117019,K05,A549,48,DMSO,compound,,negcon,,19.34341,9.035506
BR00117019,K06,A549,48,DMSO,compound,,negcon,,17.614073,9.545261
BR00117019,K07,A549,48,LGK-974,compound,BRD-K16810791-001-01-0,,['porcupine inhibitor'],14.703862,6.6351857
BR00117019,K08,A549,48,polydatin,compound,BRD-K43236057-001-07-1,,['ICAM1 expression inhibitor'],11.045866,9.770094
BR00117019,K09,A549,48,enflurane,compound,BRD-A51831848-001-01-7,,,18.342884,9.669879
BR00117019,K10,A549,48,PFI-1,compound,BRD-K13094524-001-04-2,poscon_cp,,15.258521,7.1919117
BR00117019,K11,A549,48,AZD7762,compound,BRD-K86525559-001-07-8,poscon_diverse,['CHK inhibitor'],8.924673,9.066287
BR00117019,K12,A549,48,sotrastaurin,compound,BRD-K16761703-001-03-8,,['PKC inhibitor'],16.592606,9.363751
BR00117019,K13,A549,48,DMSO,compound,,negcon,,17.482368,9.392968
BR00117019,K14,A549,48,cycloheximide,compound,BRD-K36055864-001-20-0,,['protein synthesis inhibitor'],12.424445,10.489533
BR00117019,K15,A549,48,oxytocin,compound,BRD-K25243230-001-01-2,,,16.934671,9.813086
BR00117019,K16,A549,48,DMSO,compound,,negcon,,17.08562,9.662123
BR00117019,K17,A549,48,colchicine,compound,BRD-K00259736-001-16-4,,,10.253027,10.411567
BR00117019,K18,A549,48,afimoxifene,compound,BRD-K04210847-001-21-9,,,15.8332615,8.895637
BR00117019,K19,A549,48,DMSO,compound,,negcon,,17.195366,9.111155
BR00117019,K20,A549,48,ZK-93423,compound,BRD-K33882852-003-02-8,poscon_diverse,['benzodiazepine receptor agonist'],15.939309,7.9718847
BR00117019,K21,A549,48,RGB-286638,compound,BRD-K20986415-001-02-6,,['CDK inhibitor'],9.116112,9.12458
BR00117019,K22,A549,48,FPS-ZM1,compound,BRD-K87691185-001-01-2,,['RAGE receptor antagonist'],16.49959,8.715191
BR00117019,K23,A549,48,flindokalner,compound,BRD-K56740996-001-02-1,,,16.975056,6.991586
BR00117019,K24,A549,48,motesanib,compound,BRD-K99616396-316-05-3,,"['KIT inhibitor', 'VEGFR inhibitor', 'PDGFR tyrosine kinase receptor inhibitor']",16.563103,4.9813323
BR00117019,L01,A549,48,geldanamycin,compound,BRD-K43570081-001-02-4,,['HSP inhibitor'],10.259991,8.359023
BR00117019,L02,A549,48,DMSO,compound,,negcon,,20.01452,7.0689363
BR00117019,L03,A549,48,CGP-53353,compound,BRD-K32292990-001-03-6,,"['PKC inhibitor', 'EGFR inhibitor']",19.908342,7.206284
BR00117019,L04,A549,48,7-hydroxystaurosporine,compound,BRD-K45293975-001-02-0,,"['CDK inhibitor', 'PKC inhibitor', 'CHK inhibitor']",9.500903,8.780403
BR00117019,L05,A549,48,DMSO,compound,,negcon,,20.272305,6.956172
BR00117019,L06,A549,48,DMSO,compound,,negcon,,17.918797,9.962948
BR00117019,L07,A549,48,efaproxiral,compound,BRD-K37355418-236-01-6,,,16.172024,9.0344925
BR00117019,L08,A549,48,SB-203580,compound,BRD-A37704979-001-12-3,poscon_orf,['p38 MAPK inhibitor'],12.8006115,6.291554
BR00117019,L09,A549,48,FK-866,compound,BRD-K58550667-001-08-7,poscon_diverse,,12.690139,5.9404244
BR00117019,L10,A549,48,bepridil,compound,BRD-A91008255-003-24-8,,['calcium channel blocker'],14.679161,8.33678
BR00117019,L11,A549,48,delanzomib,compound,BRD-K59325863-001-04-4,,,8.079876,10.274566
BR00117019,L12,A549,48,buparlisib,compound,BRD-K42191735-001-08-7,poscon_diverse,,9.7694025,10.050509
BR00117019,L13,A549,48,phenylbutazone,compound,BRD-K10843433-001-23-5,,"['cyclooxygenase inhibitor', 'prostanoid receptor antagonist']",15.236213,10.028813
BR00117019,L14,A549,48,deferasirox,compound,BRD-K97010173-001-04-1,,,15.465891,7.2239547
BR00117019,L15,A549,48,DMSO,compound,,negcon,,16.447365,8.876061
BR00117019,L16,A549,48,cediranib,compound,BRD-K86930074-001-05-0,,"['KIT inhibitor', 'VEGFR inhibitor']",12.968601,8.91679
BR00117019,L17,A549,48,isoflurane,compound,BRD-A31564021-001-02-6,,,16.61079,9.037573
BR00117019,L18,A549,48,DMSO,compound,,negcon,,15.498708,8.473403
BR00117019,L19,A549,48,CCG-50014,compound,BRD-K08893438-001-06-4,,['G protein signaling inhibitor'],16.1631,8.106091
BR00117019,L20,A549,48,PF-431396,compound,BRD-K93788137-001-04-1,,,11.3524275,9.643537
BR00117019,L21,A549,48,TG-02,compound,BRD-K14560436-001-01-4,,"['CDK inhibitor', 'FLT3 inhibitor', 'JAK inhibitor']",9.960721,9.951641
BR00117019,L22,A549,48,baclofen,compound,BRD-K01826724-003-07-9,,['benzodiazepine receptor agonist'],17.425386,6.8514047
BR00117019,L23,A549,48,thiostrepton,compound,BRD-A20697603-001-07-2,,['protein synthesis inhibitor'],12.404759,8.036334
BR00117019,L24,A549,48,flufenamic-acid,compound,BRD-K44067360-001-29-5,,,17.13402,5.210354
BR00117019,M01,A549,48,DMSO,compound,,negcon,,19.122005,6.167304
BR00117019,M02,A549,48,LY2109761,compound,BRD-K47557313-001-02-7,,,12.760782,7.8521867
BR00117019,M03,A549,48,olopatadine,compound,BRD-K67637637-003-11-8,,['histamine receptor antagonist'],19.714766,8.397215
BR00117019,M04,A549,48,DMSO,compound,,negcon,,19.464407,8.477054
BR00117019,M05,A549,48,castanospermine,compound,BRD-K20897876-001-11-8,,['glucosidase inhibitor'],19.34892,8.4963875
BR00117019,M06,A549,48,A205804,compound,BRD-K77627880-001-04-0,,['ICAM1 expression inhibitor'],15.010727,6.192329
BR00117019,M07,A549,48,VU591,compound,BRD-K72063794-003-01-0,,['potassium channel blocker'],19.12911,9.047865
BR00117019,M08,A549,48,dalbavancin,compound,BRD-K30177383-001-01-0,,['bacterial cell wall synthesis inhibitor'],18.229277,9.421176
BR00117019,M09,A549,48,CC-401,compound,BRD-K45746021-003-01-9,,['JNK inhibitor'],13.38177,7.632371
BR00117019,M10,A549,48,ganetespib,compound,BRD-K38852836-001-04-9,poscon_diverse,['HSP inhibitor'],10.523192,8.461552
BR00117019,M11,A549,48,ingenol-mebutate,compound,BRD-K93779381-001-01-9,,,14.370936,10.7335205
BR00117019,M12,A549,48,menadione,compound,BRD-K78126613-001-27-7,,,14.591513,10.460675
BR00117019,M13,A549,48,cetilistat,compound,BRD-K94863486-001-02-2,,,12.886373,8.083005
BR00117019,M14,A549,48,methoxsalen,compound,BRD-K63430059-001-16-4,,['DNA synthesis inhibitor'],14.271206,7.0056314
BR00117019,M15,A549,48,cyclosporine,compound,BRD-K13533483-001-16-2,,,12.644503,9.576248
BR00117019,M16,A549,48,NSC-632839,compound,BRD-K81197548-003-01-4,poscon_cp,['ubiquitin specific protease inhibitor'],8.913161,10.779457
BR00117019,M17,A549,48,DMSO,compound,,negcon,,17.30308,7.532865
BR00117019,M18,A549,48,TG-003,compound,BRD-K97072811-001-11-4,poscon_cp,,13.745981,7.50934
BR00117019,M19,A549,48,oxibendazole,compound,BRD-K52075715-001-06-7,,['tubulin polymerization inhibitor'],10.382069,10.354255
BR00117019,M20,A549,48,TG-101348,compound,BRD-K12502280-001-11-4,poscon_cp,"['JAK inhibitor', 'FLT3 inhibitor']",8.745996,9.041087
BR00117019,M21,A549,48,miglitol,compound,BRD-A63310107-001-04-8,,['glucosidase inhibitor'],17.377665,7.099777
BR00117019,M22,A549,48,DMSO,compound,,negcon,,17.029724,7.3269024
BR00117019,M23,A549,48,DMSO,compound,,negcon,,17.657492,6.3610563
BR00117019,M24,A549,48,tranilast,compound,BRD-K17849083-001-32-9,,,17.022493,5.1213884
BR00117019,N01,A549,48,4-methylhistamine,compound,BRD-K70821460-300-02-4,,['histamine receptor agonist'],19.200367,5.910933
BR00117019,N02,A549,48,LDN-27219,compound,BRD-K51485109-001-01-4,,,19.57388,7.5656223
BR00117019,N03,A549,48,anisomycin,compound,BRD-K91370081-001-25-1,,['DNA synthesis inhibitor'],9.058137,9.425325
BR00117019,N04,A549,48,thioguanine,compound,BRD-K49350383-001-13-7,poscon_diverse,,13.111745,5.810094
BR00117019,N05,A549,48,droxinostat,compound,BRD-K11558771-001-13-9,,['HDAC inhibitor'],12.9499445,8.675145
BR00117019,N06,A549,48,UNC2025,compound,BRD-K91283740-003-01-6,poscon_cp,['FLT3 inhibitor'],9.869498,8.902672
BR00117019,N07,A549,48,DMSO,compound,,negcon,,19.721708,6.7310724
BR00117019,N08,A549,48,DMSO,compound,,negcon,,19.291914,7.5379286
BR00117019,N09,A549,48,AMG900,compound,BRD-K21728777-001-02-3,poscon_cp,['Aurora kinase inhibitor'],11.373923,9.654774
BR00117019,N10,A549,48,PF-06463922,compound,BRD-A23124853-001-01-4,,['ALK tyrosine kinase receptor inhibitor'],12.736494,7.303475
BR00117019,N11,A549,48,orantinib,compound,BRD-K55966568-001-09-6,poscon_cp,"['FGFR inhibitor', 'PDGFR tyrosine kinase receptor inhibitor', 'VEGFR inhibitor']",14.50887,10.304598
BR00117019,N12,A549,48,fludarabine-phosphate,compound,BRD-K71106091-001-09-5,,['ribonucleotide reductase inhibitor'],12.527205,10.268551
BR00117019,N13,A549,48,ceritinib,compound,BRD-K22149900-001-06-2,,['ALK tyrosine kinase receptor inhibitor'],13.579515,7.1928606
BR00117019,N14,A549,48,NVS-PAK1-1,compound,BRD-K28132190-001-02-0,poscon_cp,['p21 activated kinase inhibitor'],15.469333,7.1031814
BR00117019,N15,A549,48,homoharringtonine,compound,BRD-K76674262-001-03-3,,['protein synthesis inhibitor'],9.029726,9.342452
BR00117019,N16,A549,48,picrotoxinin,compound,BRD-K36461289-001-05-8,,['GABA receptor antagonist'],17.358654,6.8480334
BR00117019,N17,A549,48,DMSO,compound,,negcon,,17.741114,5.693717
BR00117019,N18,A549,48,danusertib,compound,BRD-K07881437-001-03-8,poscon_diverse,"['growth factor receptor inhibitor', 'Aurora kinase inhibitor']",11.650499,9.528147
BR00117019,N19,A549,48,romidepsin,compound,BRD-K61397605-001-01-8,poscon_cp,['HDAC inhibitor'],8.671091,8.9001665
BR00117019,N20,A549,48,FERb-033,compound,BRD-K61642990-001-01-0,poscon_cp,['EGFR inhibitor'],17.82888,4.233473
BR00117019,N21,A549,48,PF-03758309,compound,BRD-K37764012-001-03-3,poscon_diverse,['p21 activated kinase inhibitor'],9.755165,9.444761
BR00117019,N22,A549,48,DMSO,compound,,negcon,,17.859701,6.120188
BR00117019,N23,A549,48,trometamol,compound,BRD-K47978074-001-03-2,,,17.513979,6.08877
BR00117019,N24,A549,48,simvastatin,compound,BRD-K22134346-001-22-3,,['HMGCR inhibitor'],17.386568,4.9070826
BR00117019,O01,A549,48,zaprinast,compound,BRD-K16542329-001-16-8,,['phosphodiesterase inhibitor'],18.688211,5.41051
BR00117019,O02,A549,48,dexamethasone,compound,BRD-A10188456-001-04-9,,['glucocorticoid receptor agonist'],14.503283,5.839693
BR00117019,O03,A549,48,salicylic-acid,compound,BRD-K93632104-001-17-2,,['cyclooxygenase inhibitor'],19.446735,8.179964
BR00117019,O04,A549,48,diltiazem,compound,BRD-A69636825-003-04-7,,['calcium channel blocker'],19.252491,7.9423656
BR00117019,O05,A549,48,phenolphthalein,compound,BRD-K19227686-001-18-6,,,19.527596,7.8417563
BR00117019,O06,A549,48,niflumic-acid,compound,BRD-K98763141-001-30-8,,['cyclooxygenase inhibitor'],18.448223,7.0782323
BR00117019,O07,A549,48,DMSO,compound,,negcon,,19.522577,7.7447147
BR00117019,O08,A549,48,L-Cystine,compound,BRD-A15397381-001-02-5,,,18.287296,7.410696
BR00117019,O09,A549,48,ozanimod,compound,BRD-K46625559-001-01-8,,['sphingosine 1 phosphate receptor agonist'],14.085944,6.782979
BR00117019,O10,A549,48,efaroxan,compound,BRD-A10739734-003-09-8,,['adrenergic receptor antagonist'],18.136326,7.569944
BR00117019,O11,A549,48,NBQX,compound,BRD-K11796549-001-05-2,,['glutamate receptor antagonist'],18.184875,7.6561303
BR00117019,O12,A549,48,dinoprostone,compound,BRD-K26521938-001-07-2,,['prostanoid receptor agonist'],18.071617,6.5530777
BR00117019,O13,A549,48,Ro-20-1724,compound,BRD-A07207424-001-14-0,,['phosphodiesterase inhibitor'],18.276337,6.7252765
BR00117019,O14,A549,48,xanomeline,compound,BRD-K72815923-034-02-0,,['acetylcholine receptor agonist'],17.72123,6.393356
BR00117019,O15,A549,48,terazosin,compound,BRD-K01825589-310-02-9,,['adrenergic receptor antagonist'],17.907454,6.575584
BR00117019,O16,A549,48,BVT-948,compound,BRD-K68567222-001-01-2,,,17.239483,7.4159436
BR00117019,O17,A549,48,nicotine,compound,BRD-K01825660-322-01-9,,['acetylcholine receptor agonist'],17.277864,5.9523215
BR00117019,O18,A549,48,DMSO,compound,,negcon,,17.489845,6.3853116
BR00117019,O19,A549,48,U-0521,compound,BRD-K08953028-001-09-6,,,17.134056,6.8574758
BR00117019,O20,A549,48,BMS-587101,compound,BRD-K20093108-001-02-3,,,17.175991,7.437854
BR00117019,O21,A549,48,nimodipine,compound,BRD-A58048407-001-20-4,,['calcium channel blocker'],17.281116,7.055165
BR00117019,O22,A549,48,pyrrolidine-dithiocarbamate,compound,BRD-K80970344-201-08-6,,,8.794954,10.732353
BR00117019,O23,A549,48,PF-915275,compound,BRD-K18289362-001-02-2,,,17.369717,6.0164294
BR00117019,O24,A549,48,JTE-013,compound,BRD-K43330982-001-02-3,,,16.760324,5.6872506
BR00117019,P01,A549,48,sodium-butyrate,compound,BRD-K05878375-236-05-7,,['HDAC inhibitor'],18.396618,4.3865485
BR00117019,P02,A549,48,pentostatin,compound,BRD-K91543828-001-02-0,,['ribonucleotide reductase inhibitor'],18.565084,4.382351
BR00117019,P03,A549,48,OMDM-2,compound,BRD-K48830578-001-01-9,,,18.208963,4.072686
BR00117019,P04,A549,48,nalmefene,compound,BRD-A72767275-003-01-6,,,17.838305,4.1424584
BR00117019,P05,A549,48,DMSO,compound,,negcon,,18.127981,4.055047
BR00117019,P06,A549,48,1-EBIO,compound,BRD-K70586315-001-02-4,,,18.083357,4.1876445
BR00117019,P07,A549,48,SB-505124,compound,BRD-K40109029-001-02-9,,['ALK tyrosine kinase receptor inhibitor'],12.281604,7.836422
BR00117019,P08,A549,48,prasugrel,compound,BRD-A83029242-001-06-1,,['purinergic receptor antagonist'],17.872305,4.09501
BR00117019,P09,A549,48,pidolic-acid,compound,BRD-K57313110-001-06-8,,,18.000582,4.0539494
BR00117019,P10,A549,48,DMSO,compound,,negcon,,17.998446,4.0840435
BR00117019,P11,A549,48,nevirapine,compound,BRD-K15502390-001-20-9,,,18.051321,4.0765696
BR00117019,P12,A549,48,triamterene,compound,BRD-K92049597-001-20-8,,['sodium channel blocker'],17.985134,4.30458
BR00117019,P13,A549,48,regorafenib,compound,BRD-K16730910-001-07-3,,"['PDGFR tyrosine kinase receptor inhibitor', 'RAF inhibitor', 'KIT inhibitor', 'RET tyrosine kinase inhibitor', 'FGFR inhibitor', 'VEGFR inhibitor']",18.336521,4.644673
BR00117019,P14,A549,48,cyclophosphamide,compound,BRD-A09722536-002-18-0,,,17.958221,4.415072
BR00117019,P15,A549,48,olanzapine,compound,BRD-K18895904-001-16-1,,"['dopamine receptor antagonist', 'serotonin receptor antagonist']",17.618034,4.1823416
BR00117019,P16,A549,48,KI-16425,compound,BRD-A25569250-001-03-3,,['lysophosphatidic acid receptor antagonist'],12.665499,7.4712915
BR00117019,P17,A549,48,SKLB1002,compound,BRD-K29895144-001-01-0,,['VEGFR inhibitor'],16.987837,4.535684
BR00117019,P18,A549,48,cilostazol,compound,BRD-K67017579-001-28-1,,['phosphodiesterase inhibitor'],17.841211,4.33584
BR00117019,P19,A549,48,AZD1283,compound,BRD-K77060810-001-01-5,,['purinergic receptor antagonist'],17.642721,4.303301
BR00117019,P20,A549,48,A-987306,compound,BRD-K68982262-001-01-4,,['histamine receptor antagonist'],15.624169,5.643859
BR00117019,P21,A549,48,procaine,compound,BRD-K24616672-003-20-1,,['HMGCR inhibitor'],17.551579,4.624721
BR00117019,P22,A549,48,miconazole,compound,BRD-A82396632-008-30-8,,['bacterial cell wall synthesis inhibitor'],17.259296,4.7011566
BR00117019,P23,A549,48,loperamide,compound,BRD-K61250553-003-30-6,,,15.621778,5.8984814
BR00117019,P24,A549,48,aripiprazole,compound,BRD-K70358946-001-17-3,,['serotonin receptor antagonist'],9.395877,9.350438
