plate,well,cell_type,timepoint,compound,perturbation,broad_sample,control_type,moas,umap_1,umap_2
BR00117010,A01,U2OS,48,gabapentin-enacarbil,compound,BRD-A86665761-001-01-1,,,0.40739614,-6.504416
BR00117010,A02,U2OS,48,DMSO,compound,,negcon,,2.3306406,-8.215972
BR00117010,A03,U2OS,48,amlodipine,compound,BRD-A22032524-074-09-9,,['calcium channel blocker'],-0.4755752,-9.070344
BR00117010,A04,U2OS,48,hexestrol,compound,BRD-A01078468-001-14-8,,,2.4107676,-8.411766
BR00117010,A05,U2OS,48,quinine,compound,BRD-K48278478-001-01-2,,,-0.05455249,-9.233099
BR00117010,A06,U2OS,48,LOXO-101,compound,BRD-K36574127-001-01-3,,,0.71283686,-8.594999
BR00117010,A07,U2OS,48,brinzolamide,compound,BRD-K74913225-001-14-0,,['carbonic anhydrase inhibitor'],0.858434,-8.105191
BR00117010,A08,U2OS,48,NS-11021,compound,BRD-K94342292-001-01-3,,['calcium-activated potassium channel activator'],-1.3700613,-8.437113
BR00117010,A09,U2OS,48,DMSO,compound,,negcon,,1.3940206,-8.82825
BR00117010,A10,U2OS,48,GNF-5837,compound,BRD-K19975102-001-01-2,,['growth factor receptor inhibitor'],-0.7664492,-8.963372
BR00117010,A11,U2OS,48,apatinib,compound,BRD-K25244359-066-02-6,,['RET tyrosine kinase inhibitor'],-1.0381647,-8.325396
BR00117010,A12,U2OS,48,ethoxzolamide,compound,BRD-K18131774-001-18-4,,['carbonic anhydrase inhibitor'],0.51702344,-8.2255125
BR00117010,A13,U2OS,48,ascorbic-acid,compound,BRD-A85242401-001-11-5,,,-0.29850107,-9.673735
BR00117010,A14,U2OS,48,ryuvidine,compound,BRD-K06426971-001-02-7,,['histone lysine methyltransferase inhibitor'],-5.648169,-5.4273157
BR00117010,A15,U2OS,48,BAN-ORL-24,compound,BRD-K47049295-300-03-1,,,-3.011579,-8.407509
BR00117010,A16,U2OS,48,NNC-55-0396,compound,BRD-K78122587-300-04-3,,,-2.851346,-8.839471
BR00117010,A17,U2OS,48,DMSO,compound,,negcon,,-0.056561667,-8.70172
BR00117010,A18,U2OS,48,WH-4-023,compound,BRD-K50199947-001-03-4,,['src inhibitor'],-3.1081812,-8.27092
BR00117010,A19,U2OS,48,flupirtine,compound,BRD-K50720187-051-03-1,,['glutamate receptor antagonist'],-0.7723336,-9.739116
BR00117010,A20,U2OS,48,ZK811752,compound,BRD-K91825936-001-03-9,,,-0.6173862,-9.423155
BR00117010,A21,U2OS,48,dexamethasone,compound,BRD-K38775274-001-22-1,,['glucocorticoid receptor agonist'],-0.9493569,-8.056317
BR00117010,A22,U2OS,48,PP-1,compound,BRD-K47598052-001-14-1,,['src inhibitor'],-1.6022563,-6.562255
BR00117010,A23,U2OS,48,DDR1-IN-1,compound,BRD-K61845293-300-01-9,,,-2.1871545,-9.025934
BR00117010,A24,U2OS,48,AVL-292,compound,BRD-K87782578-001-01-4,,"[""Bruton's tyrosine kinase (BTK) inhibitor""]",-2.5150137,-7.184098
BR00117010,B01,U2OS,48,H2L-5765834,compound,BRD-K26439554-001-01-3,,['lysophosphatidic acid receptor antagonist'],1.9725714,-7.6330137
BR00117010,B02,U2OS,48,thiostrepton,compound,BRD-K58049875-001-03-9,,['protein synthesis inhibitor'],-5.127649,-5.901248
BR00117010,B03,U2OS,48,DMSO,compound,,negcon,,2.3136296,-8.434493
BR00117010,B04,U2OS,48,arcyriaflavin-a,compound,BRD-K72726508-001-02-1,,['CDK inhibitor'],-2.2236319,-7.245207
BR00117010,B05,U2OS,48,CYM-5520,compound,BRD-K29151923-001-01-5,,['sphingosine 1 phosphate receptor agonist'],0.3240751,-8.506091
BR00117010,B06,U2OS,48,fludarabine,compound,BRD-K66788707-001-14-3,,['ribonucleotide reductase inhibitor'],0.99010855,-5.5595465
BR00117010,B07,U2OS,48,alda-1,compound,BRD-K06890060-001-09-1,,,2.011098,-8.110808
BR00117010,B08,U2OS,48,meclofenamic-acid,compound,BRD-K50398167-236-22-7,,"['cyclooxygenase inhibitor', 'prostanoid receptor antagonist']",0.848389,-7.2290506
BR00117010,B09,U2OS,48,GNF-5,compound,BRD-K87632963-001-03-0,,['Bcr-Abl kinase inhibitor'],-0.66856027,-8.853423
BR00117010,B10,U2OS,48,NS-309,compound,BRD-K37602296-001-01-6,,['calcium-activated potassium channel activator'],1.3309389,-6.6330585
BR00117010,B11,U2OS,48,AK-7,compound,BRD-K09143580-001-01-0,,['SIRT inhibitor'],-0.021152718,-8.794957
BR00117010,B12,U2OS,48,BVT-948,compound,BRD-A22713669-001-04-3,,,-5.4059815,-5.226201
BR00117010,B13,U2OS,48,SirReal-2,compound,BRD-K16472653-001-01-6,,['SIRT inhibitor'],-0.9275861,-8.730896
BR00117010,B14,U2OS,48,DMSO,compound,,negcon,,0.59777594,-8.734563
BR00117010,B15,U2OS,48,BMS-536924,compound,BRD-K34581968-001-05-3,,['IGF-1 inhibitor'],-2.4232607,-7.079772
BR00117010,B16,U2OS,48,PP-121,compound,BRD-K81801188-001-02-8,,['protein tyrosine kinase inhibitor'],-5.544393,-6.0245705
BR00117010,B17,U2OS,48,MCOPPB,compound,BRD-K73276278-305-01-1,,,-3.289392,-8.75989
BR00117010,B18,U2OS,48,ozagrel,compound,BRD-K53061490-003-13-9,,,0.7245749,-8.057343
BR00117010,B19,U2OS,48,CYM-5442,compound,BRD-A43005764-003-01-5,,['sphingosine 1 phosphate receptor agonist'],-2.8758852,-8.935853
BR00117010,B20,U2OS,48,CVT-10216,compound,BRD-K60659193-001-01-0,,,1.6242782,-8.886306
BR00117010,B21,U2OS,48,TCN201,compound,BRD-K09787262-001-02-7,,['glutamate receptor antagonist'],0.19603343,-7.57585
BR00117010,B22,U2OS,48,fomepizole,compound,BRD-K56810756-003-07-7,,['alcohol dehydrogenase inhibitor'],0.5539947,-8.111287
BR00117010,B23,U2OS,48,benzamil,compound,BRD-K87158025-003-08-7,,['sodium channel blocker'],-0.47172642,-8.456949
BR00117010,B24,U2OS,48,lercanidipine,compound,BRD-A18992208-003-02-7,,['calcium channel blocker'],-0.59950536,-8.907199
BR00117010,C01,U2OS,48,4-CMTB,compound,BRD-A54139254-001-09-2,,['free fatty acid receptor agonist'],0.88581747,-9.281113
BR00117010,C02,U2OS,48,ML-228,compound,BRD-K44432556-001-05-5,,,2.4378026,-8.720066
BR00117010,C03,U2OS,48,DMSO,compound,,negcon,,2.1569974,-9.3064575
BR00117010,C04,U2OS,48,GSK1070916,compound,BRD-K36740062-001-06-6,,['Aurora kinase inhibitor'],-3.785923,-7.52183
BR00117010,C05,U2OS,48,ML-193,compound,BRD-K27539181-001-08-5,,,1.5465204,-9.33094
BR00117010,C06,U2OS,48,DMSO,compound,,negcon,,1.9977993,-9.4249735
BR00117010,C07,U2OS,48,M-25,compound,BRD-K51265828-001-01-0,,['smoothened receptor antagonist'],1.5357572,-9.523074
BR00117010,C08,U2OS,48,azeliragon,compound,BRD-K51899933-001-02-6,,['RAGE receptor antagonist'],-4.925596,-6.322504
BR00117010,C09,U2OS,48,CYT-997,compound,BRD-K23363278-001-02-1,poscon_diverse,['tubulin polymerization inhibitor'],-4.99698,-6.754968
BR00117010,C10,U2OS,48,AR-12,compound,BRD-K90497590-001-05-9,,,-5.736981,-5.5647187
BR00117010,C11,U2OS,48,CYM-50260,compound,BRD-K69877120-001-01-7,,['sphingosine 1 phosphate receptor agonist'],1.9653648,-9.383673
BR00117010,C12,U2OS,48,DMSO,compound,,negcon,,2.2668014,-9.646615
BR00117010,C13,U2OS,48,KG-5,compound,BRD-K90747162-001-01-4,poscon_cp,['RAF inhibitor'],-3.9173815,-7.3638277
BR00117010,C14,U2OS,48,JTE-607,compound,BRD-K81405859-300-01-4,,,0.47143492,-5.2359495
BR00117010,C15,U2OS,48,DMSO,compound,,negcon,,1.9560201,-9.503509
BR00117010,C16,U2OS,48,ilomastat,compound,BRD-K51662849-001-05-4,,['matrix metalloprotease inhibitor'],-0.08726366,-8.846279
BR00117010,C17,U2OS,48,RX-821002,compound,BRD-A65597028-003-08-1,,['adrenergic receptor antagonist'],1.2641003,-9.220468
BR00117010,C18,U2OS,48,DMSO,compound,,negcon,,2.687387,-9.119155
BR00117010,C19,U2OS,48,TUG-891,compound,BRD-K24282351-001-01-4,,['free fatty acid receptor agonist'],2.004295,-8.338396
BR00117010,C20,U2OS,48,ponatinib,compound,BRD-K44227013-001-08-0,,"['PDGFR tyrosine kinase receptor inhibitor', 'FLT3 inhibitor', 'Bcr-Abl kinase inhibitor']",-5.6761947,-5.7366767
BR00117010,C21,U2OS,48,DMSO,compound,,negcon,,1.650618,-9.175645
BR00117010,C22,U2OS,48,puromycin,compound,BRD-K01824976-300-02-9,,['protein synthesis inhibitor'],-5.7093983,-5.855943
BR00117010,C23,U2OS,48,SRC-kinase-inhibitor-I,compound,BRD-K50495309-001-02-0,,['src inhibitor'],-2.5021472,-9.228164
BR00117010,C24,U2OS,48,acetylcysteine,compound,BRD-K59058747-001-19-1,,,-0.20463277,-9.582178
BR00117010,D01,U2OS,48,NSC-625987,compound,BRD-K62949423-001-03-1,,['CDK inhibitor'],-0.3320329,-7.3034124
BR00117010,D02,U2OS,48,dalfampridine,compound,BRD-K22482860-001-20-6,,['potassium channel blocker'],2.259876,-7.8261375
BR00117010,D03,U2OS,48,NSC-95397,compound,BRD-K68143200-001-11-7,,['CDC inhibitor'],-5.403017,-5.526115
BR00117010,D04,U2OS,48,alrestatin,compound,BRD-K35498378-001-06-1,,['aldose reductase inhibitor'],2.8632069,-8.126744
BR00117010,D05,U2OS,48,PF-03758309,compound,BRD-K37764012-001-03-3,poscon_diverse,['p21 activated kinase inhibitor'],2.7722712,-8.171687
BR00117010,D06,U2OS,48,IRL-2500,compound,BRD-K98357249-001-02-9,,['endothelin receptor antagonist'],2.568032,-8.530283
BR00117010,D07,U2OS,48,PF-04217903,compound,BRD-K73319509-001-08-0,poscon_cp,,0.34405702,-6.590234
BR00117010,D08,U2OS,48,FK-866,compound,BRD-K58550667-001-08-7,poscon_diverse,,-3.5783954,-4.929569
BR00117010,D09,U2OS,48,amlexanox,compound,BRD-K29530284-001-06-2,,,0.27577603,-8.465374
BR00117010,D10,U2OS,48,GW-311616,compound,BRD-K37864785-001-01-0,,['elastase inhibitor'],-0.865861,-7.617326
BR00117010,D11,U2OS,48,buparlisib,compound,BRD-K42191735-001-08-7,poscon_diverse,,-5.138103,-6.574327
BR00117010,D12,U2OS,48,amiloride,compound,BRD-K97181089-003-24-7,,['sodium channel blocker'],-0.3191838,-8.182465
BR00117010,D13,U2OS,48,DG-172,compound,BRD-K75748943-300-01-3,,,-2.540726,-9.22403
BR00117010,D14,U2OS,48,DMSO,compound,,negcon,,2.2794502,-8.710634
BR00117010,D15,U2OS,48,DMSO,compound,,negcon,,2.6826906,-8.652942
BR00117010,D16,U2OS,48,NVP-ADW742,compound,BRD-K15179513-001-04-2,poscon_cp,,-3.2575905,-8.473821
BR00117010,D17,U2OS,48,misoprostol,compound,BRD-A72351335-001-04-5,,['prostanoid receptor agonist'],0.28579012,-5.659947
BR00117010,D18,U2OS,48,conivaptan,compound,BRD-K37385792-003-02-1,,,-1.2477766,-8.9158325
BR00117010,D19,U2OS,48,spiroxatrine,compound,BRD-A72483914-001-03-7,,['serotonin receptor antagonist'],-2.383009,-9.287465
BR00117010,D20,U2OS,48,diacerein,compound,BRD-K69122748-001-10-1,,,2.0862699,-8.851082
BR00117010,D21,U2OS,48,DMSO,compound,,negcon,,1.1138477,-8.945432
BR00117010,D22,U2OS,48,DMSO,compound,,negcon,,2.5673711,-8.645257
BR00117010,D23,U2OS,48,glyburide,compound,BRD-K36927236-001-36-7,,['ATP channel blocker'],1.2099745,-8.244781
BR00117010,D24,U2OS,48,ANR-94,compound,BRD-K31170746-001-01-6,,,0.7771315,-9.095848
BR00117010,E01,U2OS,48,TFC-007,compound,BRD-K57708067-001-01-3,,,1.0838633,-9.17256
BR00117010,E02,U2OS,48,trihexyphenidyl,compound,BRD-A48180038-003-24-3,,['acetylcholine receptor antagonist'],1.8564527,-9.168807
BR00117010,E03,U2OS,48,epoprostenol,compound,BRD-K64054020-001-02-7,,,2.2571785,-9.401689
BR00117010,E04,U2OS,48,sacubitril,compound,BRD-K91456750-001-01-9,,,2.2948272,-9.028147
BR00117010,E05,U2OS,48,danusertib,compound,BRD-K07881437-001-03-8,poscon_diverse,"['growth factor receptor inhibitor', 'Aurora kinase inhibitor']",0.32878217,-5.017131
BR00117010,E06,U2OS,48,CYT-997,compound,BRD-K23363278-001-02-1,poscon_diverse,['tubulin polymerization inhibitor'],-4.8983417,-6.803618
BR00117010,E07,U2OS,48,DMSO,compound,,negcon,,2.3671894,-9.09104
BR00117010,E08,U2OS,48,BQ-788,compound,BRD-K02490038-236-03-8,,['endothelin receptor antagonist'],1.2004799,-9.110441
BR00117010,E09,U2OS,48,SB-202190,compound,BRD-K54330070-001-19-6,poscon_orf,['p38 MAPK inhibitor'],-0.21850803,-6.9839926
BR00117010,E10,U2OS,48,GSK2110183,compound,BRD-K25412176-001-01-9,poscon_diverse,,-1.261767,-8.289908
BR00117010,E11,U2OS,48,GSK3787,compound,BRD-K03155172-001-03-0,,['PPAR receptor antagonist'],1.5161929,-9.268128
BR00117010,E12,U2OS,48,BAM7,compound,BRD-K07442505-001-03-6,,,0.45926258,-8.458808
BR00117010,E13,U2OS,48,PHA-793887,compound,BRD-K64800655-001-09-0,poscon_diverse,['CDK inhibitor'],-3.9803743,-6.1636825
BR00117010,E14,U2OS,48,DMSO,compound,,negcon,,2.27145,-9.602915
BR00117010,E15,U2OS,48,GSK-37647,compound,BRD-K26514105-001-01-7,,['free fatty acid receptor agonist'],0.8902431,-7.87999
BR00117010,E16,U2OS,48,desonide,compound,BRD-K21528677-001-04-4,,['glucocorticoid receptor agonist'],-0.79458684,-7.951474
BR00117010,E17,U2OS,48,DMSO,compound,,negcon,,2.8125553,-9.323774
BR00117010,E18,U2OS,48,aloxistatin,compound,BRD-K91188791-001-17-5,,,-3.151597,-9.133394
BR00117010,E19,U2OS,48,azathioprine,compound,BRD-K32821942-001-22-1,,,1.3230771,-8.470974
BR00117010,E20,U2OS,48,ZK-93423,compound,BRD-K33882852-003-02-8,poscon_diverse,['benzodiazepine receptor agonist'],-0.84586793,-9.498583
BR00117010,E21,U2OS,48,BI-2536,compound,BRD-K64890080-001-02-1,poscon_diverse,,-4.307578,-7.5012407
BR00117010,E22,U2OS,48,EI1,compound,BRD-K91535048-001-01-2,poscon_cp,['histone lysine methyltransferase inhibitor'],0.15925923,-8.583649
BR00117010,E23,U2OS,48,NVP-HSP990,compound,BRD-K67915505-001-01-2,,['HSP inhibitor'],-4.636635,-6.0175347
BR00117010,E24,U2OS,48,DMSO,compound,,negcon,,1.5760086,-8.917573
BR00117010,F01,U2OS,48,DMSO,compound,,negcon,,2.1190124,-9.1820965
BR00117010,F02,U2OS,48,nialamide,compound,BRD-K12102668-001-25-5,,,1.7578405,-7.401543
BR00117010,F03,U2OS,48,DMSO,compound,,negcon,,2.658006,-8.32262
BR00117010,F04,U2OS,48,arundic-acid,compound,BRD-K49223707-001-01-0,,,2.0829618,-8.099799
BR00117010,F05,U2OS,48,torcitabine,compound,BRD-K91822704-003-07-2,,,1.6216394,-7.9330153
BR00117010,F06,U2OS,48,DMSO,compound,,negcon,,2.395717,-8.828592
BR00117010,F07,U2OS,48,epothilone-b,compound,BRD-K68164687-001-01-6,,"['microtubule stabilizing agent', 'tubulin polymerization inhibitor']",-4.2794666,-7.298888
BR00117010,F08,U2OS,48,dyphylline,compound,BRD-A00827783-001-24-6,,['phosphodiesterase inhibitor'],3.048433,-8.344798
BR00117010,F09,U2OS,48,DMSO,compound,,negcon,,2.1706834,-8.272193
BR00117010,F10,U2OS,48,quinidine,compound,BRD-K59632282-052-03-1,,['sodium channel blocker'],-0.42367697,-9.575719
BR00117010,F11,U2OS,48,halopemide,compound,BRD-K50055394-001-03-6,,,-0.5068864,-8.021669
BR00117010,F12,U2OS,48,sulfinpyrazone,compound,BRD-A36217750-001-16-3,,,1.2407186,-7.8395305
BR00117010,F13,U2OS,48,ML-323,compound,BRD-K93942811-001-01-3,poscon_cp,['ubiquitin specific protease inhibitor'],-0.4332159,-9.156587
BR00117010,F14,U2OS,48,racecadotril,compound,BRD-A08187463-001-12-9,,,0.6868968,-7.9659157
BR00117010,F15,U2OS,48,BRL-50481,compound,BRD-K84266862-001-03-2,,['phosphodiesterase inhibitor'],1.8501339,-7.401337
BR00117010,F16,U2OS,48,GSK2110183,compound,BRD-K25412176-001-01-9,poscon_diverse,,-1.4181397,-7.868791
BR00117010,F17,U2OS,48,bufexamac,compound,BRD-K36660044-001-24-2,,['cyclooxygenase inhibitor'],0.06666634,-8.473964
BR00117010,F18,U2OS,48,anandamide,compound,BRD-K42352790-001-05-3,,,-0.9820815,-7.3654957
BR00117010,F19,U2OS,48,thioguanine,compound,BRD-K49350383-001-13-7,poscon_diverse,,-1.9611043,-7.133988
BR00117010,F20,U2OS,48,IWP-L6,compound,BRD-K53234107-001-01-6,,['porcupine inhibitor'],-1.1602334,-8.698967
BR00117010,F21,U2OS,48,edoxaban,compound,BRD-K29322660-001-01-9,,['coagulation factor inhibitor'],-0.40135098,-8.046039
BR00117010,F22,U2OS,48,lonafarnib,compound,BRD-K41599323-001-02-3,poscon_diverse,,-1.747606,-7.6206145
BR00117010,F23,U2OS,48,ibutamoren,compound,BRD-K44771174-066-01-0,,,-1.7700224,-9.0594
BR00117010,F24,U2OS,48,somatostatin,compound,BRD-K14681867-001-01-6,,['somatostatin receptor agonist'],0.10122864,-8.83914
BR00117010,G01,U2OS,48,L-proline,compound,BRD-K01666412-001-02-0,,,1.0576935,-9.460104
BR00117010,G02,U2OS,48,zamifenacin,compound,BRD-K80451230-051-02-6,,['acetylcholine receptor antagonist'],1.2019324,-8.951335
BR00117010,G03,U2OS,48,YC-1,compound,BRD-K60476892-001-16-1,,,-4.833643,-6.3920503
BR00117010,G04,U2OS,48,DMSO,compound,,negcon,,2.7771835,-9.329276
BR00117010,G05,U2OS,48,ME-0328,compound,BRD-K24283677-001-01-9,,['PPAR receptor antagonist'],2.0466418,-9.5265665
BR00117010,G06,U2OS,48,NSC-663284,compound,BRD-K03109492-001-02-2,,['CDC inhibitor'],-5.3004208,-5.322378
BR00117010,G07,U2OS,48,CYM-50358,compound,BRD-K80666802-003-01-0,,,-2.3319223,-9.049202
BR00117010,G08,U2OS,48,trazodone,compound,BRD-K70778732-003-27-5,,"['adrenergic receptor antagonist', 'serotonin receptor antagonist']",0.64700335,-8.634003
BR00117010,G09,U2OS,48,DMSO,compound,,negcon,,1.9117172,-9.101891
BR00117010,G10,U2OS,48,DMSO,compound,,negcon,,2.7569418,-8.501792
BR00117010,G11,U2OS,48,sulfasalazine,compound,BRD-K10670311-001-17-1,,['cyclooxygenase inhibitor'],1.5877055,-9.534782
BR00117010,G12,U2OS,48,"2,5-furandimethanol",compound,BRD-K29791386-001-01-8,,,2.569734,-8.592792
BR00117010,G13,U2OS,48,DMSO,compound,,negcon,,1.6948686,-9.220144
BR00117010,G14,U2OS,48,dilazep,compound,BRD-K48722258-300-11-0,,,1.1100137,-7.9740386
BR00117010,G15,U2OS,48,felodipine,compound,BRD-A30815329-001-12-1,,['calcium channel blocker'],0.8137013,-8.71246
BR00117010,G16,U2OS,48,paliperidone,compound,BRD-A99888680-001-05-3,,"['dopamine receptor antagonist', 'serotonin receptor antagonist']",0.8129674,-8.350785
BR00117010,G17,U2OS,48,purvalanol-a,compound,BRD-K50836978-001-03-3,poscon_orf,['CDK inhibitor'],0.21902168,-5.669805
BR00117010,G18,U2OS,48,DMSO,compound,,negcon,,1.0319353,-8.421151
BR00117010,G19,U2OS,48,Ro-1138452,compound,BRD-K77220725-003-01-5,,['prostanoid receptor antagonist'],-0.37424847,-6.779435
BR00117010,G20,U2OS,48,sorbinil,compound,BRD-A89164055-001-03-3,,['aldose reductase inhibitor'],2.7699544,-8.258042
BR00117010,G21,U2OS,48,TC-S-7004,compound,BRD-K89517477-001-01-4,poscon_cp,['DYRK inhibitor'],-0.45485973,-8.299164
BR00117010,G22,U2OS,48,saclofen,compound,BRD-A24122750-001-03-7,,['GABA receptor antagonist'],2.5835211,-8.52251
BR00117010,G23,U2OS,48,BAY-87-2243,compound,BRD-K70463136-001-01-5,,,-0.677054,-9.35496
BR00117010,G24,U2OS,48,ibudilast,compound,BRD-K16444452-001-09-1,,['phosphodiesterase inhibitor'],0.16716325,-9.237496
BR00117010,H01,U2OS,48,briciclib,compound,BRD-K05531427-001-01-7,,,-5.0315366,-6.633873
BR00117010,H02,U2OS,48,2-Oleoylglycerol,compound,BRD-K77087341-001-02-4,,,2.744247,-8.119628
BR00117010,H03,U2OS,48,RGFP966,compound,BRD-K61688984-001-02-9,poscon_cp,['HDAC inhibitor'],-1.4824232,-6.8755555
BR00117010,H04,U2OS,48,DMSO,compound,,negcon,,2.210946,-8.026832
BR00117010,H05,U2OS,48,azacitidine,compound,BRD-K03406345-001-21-1,poscon_diverse,,0.73324805,-6.3458276
BR00117010,H06,U2OS,48,N6-cyclopentyladenosine,compound,BRD-K60150510-001-15-6,,,1.170688,-8.585218
BR00117010,H07,U2OS,48,filgotinib,compound,BRD-K16803204-001-01-6,poscon_cp,['JAK inhibitor'],0.30747008,-6.7890606
BR00117010,H08,U2OS,48,guanidine,compound,BRD-K76037122-001-02-5,,['HSP inhibitor'],1.9815601,-6.7840323
BR00117010,H09,U2OS,48,coumarin,compound,BRD-K23913458-001-20-7,,,1.2666745,-7.167119
BR00117010,H10,U2OS,48,DMSO,compound,,negcon,,2.5982711,-8.839951
BR00117010,H11,U2OS,48,ZM-336372,compound,BRD-K73789395-001-09-9,poscon_orf,['RAF inhibitor'],2.2186036,-7.239961
BR00117010,H12,U2OS,48,citric-acid,compound,BRD-K76792669-001-08-1,,['coagulation factor inhibitor'],1.1125371,-7.0225754
BR00117010,H13,U2OS,48,DMSO,compound,,negcon,,1.1603166,-9.359334
BR00117010,H14,U2OS,48,CCG-63802,compound,BRD-K26970495-001-02-7,,['G protein signaling inhibitor'],0.012570855,-9.563253
BR00117010,H15,U2OS,48,ibutilide,compound,BRD-A74391928-051-03-9,,['potassium channel blocker'],-0.5096118,-8.636075
BR00117010,H16,U2OS,48,batimastat,compound,BRD-K82818427-001-04-8,,['matrix metalloprotease inhibitor'],-0.6219906,-9.264235
BR00117010,H17,U2OS,48,DMSO,compound,,negcon,,1.9915075,-8.823858
BR00117010,H18,U2OS,48,DMSO,compound,,negcon,,1.5763472,-8.27144
BR00117010,H19,U2OS,48,UNC1999,compound,BRD-K26989966-001-04-3,poscon_cp,['histone lysine methyltransferase inhibitor'],-5.0012703,-6.147761
BR00117010,H20,U2OS,48,glutamine-(l),compound,BRD-K83896451-001-06-7,,,2.1868014,-8.58621
BR00117010,H21,U2OS,48,PD-98059,compound,BRD-K62810658-001-11-4,poscon_orf,,-0.28833637,-7.5975404
BR00117010,H22,U2OS,48,enilconazole,compound,BRD-K01825690-065-01-9,,,0.97977686,-8.468295
BR00117010,H23,U2OS,48,N-alpha-Methylhistamine-dihydrochloride,compound,BRD-K75390981-300-04-9,,['histamine receptor agonist'],-0.09456853,-8.802362
BR00117010,H24,U2OS,48,GK921,compound,BRD-K38272302-001-02-7,,,-4.5799384,-5.917062
BR00117010,I01,U2OS,48,nilvadipine,compound,BRD-A84687895-001-03-2,,['calcium channel blocker'],1.033818,-9.482222
BR00117010,I02,U2OS,48,DMSO,compound,,negcon,,2.4913514,-9.046482
BR00117010,I03,U2OS,48,AC-710,compound,BRD-K15819326-001-01-6,,['PDGFR tyrosine kinase receptor inhibitor'],-2.728286,-8.384091
BR00117010,I04,U2OS,48,PETCM,compound,BRD-A93477898-001-04-2,,,2.2877398,-9.733697
BR00117010,I05,U2OS,48,AZD7762,compound,BRD-K86525559-001-07-8,poscon_diverse,['CHK inhibitor'],-5.066135,-5.5342765
BR00117010,I06,U2OS,48,PHA-793887,compound,BRD-K64800655-001-09-0,poscon_diverse,['CDK inhibitor'],-3.9218109,-6.123785
BR00117010,I07,U2OS,48,KU-60019,compound,BRD-K36016295-001-05-2,,['ATM kinase inhibitor'],-3.2805245,-7.7497067
BR00117010,I08,U2OS,48,nafamostat,compound,BRD-K06674495-334-04-0,,,0.011916975,-8.837358
BR00117010,I09,U2OS,48,DMSO,compound,,negcon,,2.64583,-8.750079
BR00117010,I10,U2OS,48,DMSO,compound,,negcon,,1.7063054,-9.350764
BR00117010,I11,U2OS,48,taladegib,compound,BRD-K50498985-001-03-3,,['smoothened receptor antagonist'],0.09924257,-6.8247323
BR00117010,I12,U2OS,48,acetohexamide,compound,BRD-K52960356-001-13-0,,['ATP channel blocker'],0.68762136,-9.404556
BR00117010,I13,U2OS,48,minocycline,compound,BRD-A69651145-003-11-4,,,-0.03246732,-8.109336
BR00117010,I14,U2OS,48,BI-2536,compound,BRD-K64890080-001-02-1,poscon_diverse,,-4.5564184,-7.1968575
BR00117010,I15,U2OS,48,riociguat,compound,BRD-K84783599-001-01-0,,,1.4262358,-8.180413
BR00117010,I16,U2OS,48,CP-724714,compound,BRD-K76908866-001-07-6,poscon_cp,"['EGFR inhibitor', 'protein tyrosine kinase inhibitor']",-0.8114552,-8.697854
BR00117010,I17,U2OS,48,ganetespib,compound,BRD-K38852836-001-04-9,poscon_diverse,['HSP inhibitor'],-4.6719036,-6.0770774
BR00117010,I18,U2OS,48,AZ191,compound,BRD-K80935598-001-01-1,poscon_cp,['DYRK inhibitor'],-3.4409838,-8.616685
BR00117010,I19,U2OS,48,BAX-channel-blocker,compound,BRD-A18763547-300-06-3,,,-3.4480965,-7.9890594
BR00117010,I20,U2OS,48,SU3327,compound,BRD-K32730239-001-01-0,,['JNK inhibitor'],-5.8493214,-5.8684244
BR00117010,I21,U2OS,48,DMSO,compound,,negcon,,2.0616372,-8.830487
BR00117010,I22,U2OS,48,DMSO,compound,,negcon,,2.9736311,-8.856218
BR00117010,I23,U2OS,48,octreotide,compound,BRD-A64173453-015-03-1,,['somatostatin receptor agonist'],1.8056915,-8.421795
BR00117010,I24,U2OS,48,1-octanol,compound,BRD-K09338665-001-08-9,,,0.7449411,-9.195792
BR00117010,J01,U2OS,48,acalabrutinib,compound,BRD-K64034691-001-01-9,,"[""Bruton's tyrosine kinase (BTK) inhibitor""]",1.1272542,-5.863896
BR00117010,J02,U2OS,48,rifamycin,compound,BRD-K38512030-001-01-7,,,2.0409908,-8.125542
BR00117010,J03,U2OS,48,pazopanib,compound,BRD-K74514084-003-09-2,,"['KIT inhibitor', 'VEGFR inhibitor', 'PDGFR tyrosine kinase receptor inhibitor']",-1.4639683,-7.7331333
BR00117010,J04,U2OS,48,RKI-1447,compound,BRD-K19333160-001-01-3,poscon_cp,,-0.56748366,-6.0842524
BR00117010,J05,U2OS,48,vitamin-E,compound,BRD-K97091514-001-11-4,,['PKC inhibitor'],1.7245474,-8.702715
BR00117010,J06,U2OS,48,lonafarnib,compound,BRD-K41599323-001-02-3,poscon_diverse,,-1.7249936,-7.6212583
BR00117010,J07,U2OS,48,ethyl-pyruvate,compound,BRD-K47738867-001-01-5,,,2.203466,-8.02657
BR00117010,J08,U2OS,48,picrotin,compound,BRD-A91822151-001-05-0,,['GABA receptor antagonist'],1.5903496,-7.87097
BR00117010,J09,U2OS,48,SGX523,compound,BRD-K19477839-001-07-6,poscon_cp,,2.1189706,-7.8692203
BR00117010,J10,U2OS,48,PP-2,compound,BRD-K95785537-001-22-3,,['src inhibitor'],-1.5949768,-6.470798
BR00117010,J11,U2OS,48,ME-0328,compound,BRD-A63444178-001-01-5,,['PPAR receptor antagonist'],-0.52665323,-7.448859
BR00117010,J12,U2OS,48,AZD9668,compound,BRD-K31476763-001-01-5,,['elastase inhibitor'],1.4604341,-6.11726
BR00117010,J13,U2OS,48,NQDI-1,compound,BRD-K61918008-001-07-1,,,-0.30087683,-8.444357
BR00117010,J14,U2OS,48,DMSO,compound,,negcon,,1.8460293,-8.834169
BR00117010,J15,U2OS,48,carzenide,compound,BRD-K09295674-001-09-8,,,1.4541743,-6.0516543
BR00117010,J16,U2OS,48,KU-55933,compound,BRD-K25311561-001-10-7,,['ATM kinase inhibitor'],-0.5650119,-6.774932
BR00117010,J17,U2OS,48,NVP-AEW541,compound,BRD-K24696047-001-02-3,poscon_cp,['IGF-1 inhibitor'],-2.5841246,-8.824074
BR00117010,J18,U2OS,48,leflunomide,compound,BRD-K78692225-001-24-5,,['PDGFR tyrosine kinase receptor inhibitor'],0.24464794,-7.3439274
BR00117010,J19,U2OS,48,DMSO,compound,,negcon,,2.2716622,-8.361926
BR00117010,J20,U2OS,48,azacitidine,compound,BRD-K03406345-001-21-1,poscon_diverse,,0.72223234,-6.366042
BR00117010,J21,U2OS,48,ixabepilone,compound,BRD-K03601870-001-01-2,,['microtubule stabilizing agent'],-4.573684,-6.8399744
BR00117010,J22,U2OS,48,KH-CB19,compound,BRD-K66430217-001-03-8,poscon_cp,['CDC inhibitor'],2.4306507,-8.704225
BR00117010,J23,U2OS,48,DMSO,compound,,negcon,,1.6555926,-8.878796
BR00117010,J24,U2OS,48,PF-05190457,compound,BRD-K02554563-001-01-6,,,-0.3711245,-8.683342
BR00117010,K01,U2OS,48,LDN-212854,compound,BRD-K59831625-001-03-9,,,-5.5558753,-5.6279554
BR00117010,K02,U2OS,48,formononetin,compound,BRD-K55567017-001-12-3,,['alcohol dehydrogenase inhibitor'],0.49040556,-8.838767
BR00117010,K03,U2OS,48,aminopurvalanol-a,compound,BRD-K07762753-001-05-1,poscon_orf,['CDK inhibitor'],0.08116397,-5.4996943
BR00117010,K04,U2OS,48,ruxolitinib,compound,BRD-K53972329-001-01-3,poscon_cp,['JAK inhibitor'],0.57307625,-7.882072
BR00117010,K05,U2OS,48,DMSO,compound,,negcon,,2.2484965,-9.661901
BR00117010,K06,U2OS,48,DMSO,compound,,negcon,,1.8121096,-9.375463
BR00117010,K07,U2OS,48,LGK-974,compound,BRD-K16810791-001-01-0,,['porcupine inhibitor'],1.5858576,-9.243569
BR00117010,K08,U2OS,48,polydatin,compound,BRD-K43236057-001-07-1,,['ICAM1 expression inhibitor'],-2.1329985,-7.881837
BR00117010,K09,U2OS,48,enflurane,compound,BRD-A51831848-001-01-7,,,2.2989135,-9.502387
BR00117010,K10,U2OS,48,PFI-1,compound,BRD-K13094524-001-04-2,poscon_cp,,2.1192515,-9.075063
BR00117010,K11,U2OS,48,AZD7762,compound,BRD-K86525559-001-07-8,poscon_diverse,['CHK inhibitor'],-4.9366226,-5.459664
BR00117010,K12,U2OS,48,sotrastaurin,compound,BRD-K16761703-001-03-8,,['PKC inhibitor'],-0.17616238,-6.5478125
BR00117010,K13,U2OS,48,DMSO,compound,,negcon,,2.0463424,-9.546673
BR00117010,K14,U2OS,48,cycloheximide,compound,BRD-K36055864-001-20-0,,['protein synthesis inhibitor'],-3.985384,-6.394763
BR00117010,K15,U2OS,48,oxytocin,compound,BRD-K25243230-001-01-2,,,1.8858621,-8.572086
BR00117010,K16,U2OS,48,DMSO,compound,,negcon,,1.9809215,-8.694926
BR00117010,K17,U2OS,48,colchicine,compound,BRD-K00259736-001-16-4,,,-5.0140877,-6.6216717
BR00117010,K18,U2OS,48,afimoxifene,compound,BRD-K04210847-001-21-9,,,0.564461,-8.518037
BR00117010,K19,U2OS,48,DMSO,compound,,negcon,,2.4140162,-9.162673
BR00117010,K20,U2OS,48,ZK-93423,compound,BRD-K33882852-003-02-8,poscon_diverse,['benzodiazepine receptor agonist'],-0.77237004,-9.434753
BR00117010,K21,U2OS,48,RGB-286638,compound,BRD-K20986415-001-02-6,,['CDK inhibitor'],-3.5453908,-7.4712453
BR00117010,K22,U2OS,48,FPS-ZM1,compound,BRD-K87691185-001-01-2,,['RAGE receptor antagonist'],1.4464568,-8.45267
BR00117010,K23,U2OS,48,flindokalner,compound,BRD-K56740996-001-02-1,,,2.4339385,-8.679193
BR00117010,K24,U2OS,48,motesanib,compound,BRD-K99616396-316-05-3,,"['KIT inhibitor', 'VEGFR inhibitor', 'PDGFR tyrosine kinase receptor inhibitor']",-1.0464237,-8.665785
BR00117010,L01,U2OS,48,geldanamycin,compound,BRD-K43570081-001-02-4,,['HSP inhibitor'],-4.5871043,-6.091703
BR00117010,L02,U2OS,48,DMSO,compound,,negcon,,1.9342568,-8.127116
BR00117010,L03,U2OS,48,CGP-53353,compound,BRD-K32292990-001-03-6,,"['PKC inhibitor', 'EGFR inhibitor']",0.8362571,-6.480543
BR00117010,L04,U2OS,48,7-hydroxystaurosporine,compound,BRD-K45293975-001-02-0,,"['CDK inhibitor', 'PKC inhibitor', 'CHK inhibitor']",-4.849338,-5.4475355
BR00117010,L05,U2OS,48,DMSO,compound,,negcon,,2.6459787,-7.934314
BR00117010,L06,U2OS,48,DMSO,compound,,negcon,,2.7010984,-8.276987
BR00117010,L07,U2OS,48,efaproxiral,compound,BRD-K37355418-236-01-6,,,2.1153088,-8.302151
BR00117010,L08,U2OS,48,SB-203580,compound,BRD-A37704979-001-12-3,poscon_orf,['p38 MAPK inhibitor'],-0.7889178,-6.653338
BR00117010,L09,U2OS,48,FK-866,compound,BRD-K58550667-001-08-7,poscon_diverse,,-3.5782752,-4.897388
BR00117010,L10,U2OS,48,bepridil,compound,BRD-A91008255-003-24-8,,['calcium channel blocker'],1.4520483,-7.4904103
BR00117010,L11,U2OS,48,delanzomib,compound,BRD-K59325863-001-04-4,,,-5.3924556,-5.695285
BR00117010,L12,U2OS,48,buparlisib,compound,BRD-K42191735-001-08-7,poscon_diverse,,-5.1982455,-6.505901
BR00117010,L13,U2OS,48,phenylbutazone,compound,BRD-K10843433-001-23-5,,"['cyclooxygenase inhibitor', 'prostanoid receptor antagonist']",0.008617768,-8.1397
BR00117010,L14,U2OS,48,deferasirox,compound,BRD-K97010173-001-04-1,,,0.5819816,-5.3326015
BR00117010,L15,U2OS,48,DMSO,compound,,negcon,,1.8020927,-8.116806
BR00117010,L16,U2OS,48,cediranib,compound,BRD-K86930074-001-05-0,,"['KIT inhibitor', 'VEGFR inhibitor']",-3.0908327,-8.819922
BR00117010,L17,U2OS,48,isoflurane,compound,BRD-A31564021-001-02-6,,,1.6093135,-8.407634
BR00117010,L18,U2OS,48,DMSO,compound,,negcon,,0.9120706,-5.1983304
BR00117010,L19,U2OS,48,CCG-50014,compound,BRD-K08893438-001-06-4,,['G protein signaling inhibitor'],-5.770489,-5.960319
BR00117010,L20,U2OS,48,PF-431396,compound,BRD-K93788137-001-04-1,,,0.27361324,-4.9020205
BR00117010,L21,U2OS,48,TG-02,compound,BRD-K14560436-001-01-4,,"['CDK inhibitor', 'FLT3 inhibitor', 'JAK inhibitor']",-4.7445664,-6.178989
BR00117010,L22,U2OS,48,baclofen,compound,BRD-K01826724-003-07-9,,['benzodiazepine receptor agonist'],1.9986384,-8.2649765
BR00117010,L23,U2OS,48,thiostrepton,compound,BRD-A20697603-001-07-2,,['protein synthesis inhibitor'],-0.9011459,-9.591351
BR00117010,L24,U2OS,48,flufenamic-acid,compound,BRD-K44067360-001-29-5,,,0.19370483,-8.407706
BR00117010,M01,U2OS,48,DMSO,compound,,negcon,,1.179002,-9.422508
BR00117010,M02,U2OS,48,LY2109761,compound,BRD-K47557313-001-02-7,,,-0.9056064,-6.6767936
BR00117010,M03,U2OS,48,olopatadine,compound,BRD-K67637637-003-11-8,,['histamine receptor antagonist'],1.3462404,-9.5857935
BR00117010,M04,U2OS,48,DMSO,compound,,negcon,,2.6329272,-9.225833
BR00117010,M05,U2OS,48,castanospermine,compound,BRD-K20897876-001-11-8,,['glucosidase inhibitor'],1.6951628,-9.241977
BR00117010,M06,U2OS,48,A205804,compound,BRD-K77627880-001-04-0,,['ICAM1 expression inhibitor'],1.2744087,-5.698415
BR00117010,M07,U2OS,48,VU591,compound,BRD-K72063794-003-01-0,,['potassium channel blocker'],2.0440278,-9.598772
BR00117010,M08,U2OS,48,dalbavancin,compound,BRD-K30177383-001-01-0,,['bacterial cell wall synthesis inhibitor'],1.7523516,-9.609122
BR00117010,M09,U2OS,48,CC-401,compound,BRD-K45746021-003-01-9,,['JNK inhibitor'],0.07468643,-7.6298127
BR00117010,M10,U2OS,48,ganetespib,compound,BRD-K38852836-001-04-9,poscon_diverse,['HSP inhibitor'],-4.7086444,-5.96367
BR00117010,M11,U2OS,48,ingenol-mebutate,compound,BRD-K93779381-001-01-9,,,-0.4601382,-8.844573
BR00117010,M12,U2OS,48,menadione,compound,BRD-K78126613-001-27-7,,,-3.615378,-6.7879343
BR00117010,M13,U2OS,48,cetilistat,compound,BRD-K94863486-001-02-2,,,1.946717,-9.430944
BR00117010,M14,U2OS,48,methoxsalen,compound,BRD-K63430059-001-16-4,,['DNA synthesis inhibitor'],2.10225,-9.326056
BR00117010,M15,U2OS,48,cyclosporine,compound,BRD-K13533483-001-16-2,,,-2.2033875,-7.4289827
BR00117010,M16,U2OS,48,NSC-632839,compound,BRD-K81197548-003-01-4,poscon_cp,['ubiquitin specific protease inhibitor'],-5.3891096,-5.953179
BR00117010,M17,U2OS,48,DMSO,compound,,negcon,,2.0732398,-9.2663965
BR00117010,M18,U2OS,48,TG-003,compound,BRD-K97072811-001-11-4,poscon_cp,,1.8980478,-9.293818
BR00117010,M19,U2OS,48,oxibendazole,compound,BRD-K52075715-001-06-7,,['tubulin polymerization inhibitor'],-4.860187,-6.8421545
BR00117010,M20,U2OS,48,TG-101348,compound,BRD-K12502280-001-11-4,poscon_cp,"['JAK inhibitor', 'FLT3 inhibitor']",-4.677698,-6.942338
BR00117010,M21,U2OS,48,miglitol,compound,BRD-A63310107-001-04-8,,['glucosidase inhibitor'],1.5253918,-8.707024
BR00117010,M22,U2OS,48,DMSO,compound,,negcon,,2.2358074,-8.673721
BR00117010,M23,U2OS,48,DMSO,compound,,negcon,,1.6208012,-9.024525
BR00117010,M24,U2OS,48,tranilast,compound,BRD-K17849083-001-32-9,,,-0.556985,-9.445623
BR00117010,N01,U2OS,48,4-methylhistamine,compound,BRD-K70821460-300-02-4,,['histamine receptor agonist'],1.5477754,-6.346649
BR00117010,N02,U2OS,48,LDN-27219,compound,BRD-K51485109-001-01-4,,,1.9430739,-7.5295606
BR00117010,N03,U2OS,48,anisomycin,compound,BRD-K91370081-001-25-1,,['DNA synthesis inhibitor'],-5.427895,-5.852322
BR00117010,N04,U2OS,48,thioguanine,compound,BRD-K49350383-001-13-7,poscon_diverse,,-1.8079895,-7.056814
BR00117010,N05,U2OS,48,droxinostat,compound,BRD-K11558771-001-13-9,,['HDAC inhibitor'],-0.1895883,-7.5079994
BR00117010,N06,U2OS,48,UNC2025,compound,BRD-K91283740-003-01-6,poscon_cp,['FLT3 inhibitor'],-4.4431486,-6.98174
BR00117010,N07,U2OS,48,DMSO,compound,,negcon,,2.8876562,-8.560891
BR00117010,N08,U2OS,48,DMSO,compound,,negcon,,3.0678144,-8.4444895
BR00117010,N09,U2OS,48,AMG900,compound,BRD-K21728777-001-02-3,poscon_cp,['Aurora kinase inhibitor'],0.5965902,-4.9820933
BR00117010,N10,U2OS,48,PF-06463922,compound,BRD-A23124853-001-01-4,,['ALK tyrosine kinase receptor inhibitor'],-1.2953469,-7.312212
BR00117010,N11,U2OS,48,orantinib,compound,BRD-K55966568-001-09-6,poscon_cp,"['FGFR inhibitor', 'PDGFR tyrosine kinase receptor inhibitor', 'VEGFR inhibitor']",-0.30137748,-7.5589986
BR00117010,N12,U2OS,48,fludarabine-phosphate,compound,BRD-K71106091-001-09-5,,['ribonucleotide reductase inhibitor'],0.62783384,-5.1535115
BR00117010,N13,U2OS,48,ceritinib,compound,BRD-K22149900-001-06-2,,['ALK tyrosine kinase receptor inhibitor'],-2.2289855,-8.781891
BR00117010,N14,U2OS,48,NVS-PAK1-1,compound,BRD-K28132190-001-02-0,poscon_cp,['p21 activated kinase inhibitor'],-2.0086634,-7.8491073
BR00117010,N15,U2OS,48,homoharringtonine,compound,BRD-K76674262-001-03-3,,['protein synthesis inhibitor'],-5.528411,-5.8068733
BR00117010,N16,U2OS,48,picrotoxinin,compound,BRD-K36461289-001-05-8,,['GABA receptor antagonist'],1.4165949,-7.6466565
BR00117010,N17,U2OS,48,DMSO,compound,,negcon,,1.9469001,-8.940329
BR00117010,N18,U2OS,48,danusertib,compound,BRD-K07881437-001-03-8,poscon_diverse,"['growth factor receptor inhibitor', 'Aurora kinase inhibitor']",0.35416624,-4.9068747
BR00117010,N19,U2OS,48,romidepsin,compound,BRD-K61397605-001-01-8,poscon_cp,['HDAC inhibitor'],-5.653356,-6.0141153
BR00117010,N20,U2OS,48,FERb-033,compound,BRD-K61642990-001-01-0,poscon_cp,['EGFR inhibitor'],-1.6955384,-8.021946
BR00117010,N21,U2OS,48,PF-03758309,compound,BRD-K37764012-001-03-3,poscon_diverse,['p21 activated kinase inhibitor'],-4.8169427,-5.9680734
BR00117010,N22,U2OS,48,DMSO,compound,,negcon,,1.5922619,-8.987596
BR00117010,N23,U2OS,48,trometamol,compound,BRD-K47978074-001-03-2,,,0.28478843,-9.086721
BR00117010,N24,U2OS,48,simvastatin,compound,BRD-K22134346-001-22-3,,['HMGCR inhibitor'],-1.9003612,-7.3588877
BR00117010,O01,U2OS,48,zaprinast,compound,BRD-K16542329-001-16-8,,['phosphodiesterase inhibitor'],1.0291688,-9.073289
BR00117010,O02,U2OS,48,dexamethasone,compound,BRD-A10188456-001-04-9,,['glucocorticoid receptor agonist'],0.8006436,-8.899592
BR00117010,O03,U2OS,48,salicylic-acid,compound,BRD-K93632104-001-17-2,,['cyclooxygenase inhibitor'],1.7931312,-9.06393
BR00117010,O04,U2OS,48,diltiazem,compound,BRD-A69636825-003-04-7,,['calcium channel blocker'],1.668676,-9.609889
BR00117010,O05,U2OS,48,phenolphthalein,compound,BRD-K19227686-001-18-6,,,2.0943274,-8.332148
BR00117010,O06,U2OS,48,niflumic-acid,compound,BRD-K98763141-001-30-8,,['cyclooxygenase inhibitor'],0.27633587,-8.873474
BR00117010,O07,U2OS,48,DMSO,compound,,negcon,,2.2679136,-9.319324
BR00117010,O08,U2OS,48,L-Cystine,compound,BRD-A15397381-001-02-5,,,1.7128911,-8.563594
BR00117010,O09,U2OS,48,ozanimod,compound,BRD-K46625559-001-01-8,,['sphingosine 1 phosphate receptor agonist'],-2.1458879,-9.159181
BR00117010,O10,U2OS,48,efaroxan,compound,BRD-A10739734-003-09-8,,['adrenergic receptor antagonist'],2.298489,-8.068086
BR00117010,O11,U2OS,48,NBQX,compound,BRD-K11796549-001-05-2,,['glutamate receptor antagonist'],2.1993568,-8.685348
BR00117010,O12,U2OS,48,dinoprostone,compound,BRD-K26521938-001-07-2,,['prostanoid receptor agonist'],0.10949424,-9.031615
BR00117010,O13,U2OS,48,Ro-20-1724,compound,BRD-A07207424-001-14-0,,['phosphodiesterase inhibitor'],1.231379,-9.402106
BR00117010,O14,U2OS,48,xanomeline,compound,BRD-K72815923-034-02-0,,['acetylcholine receptor agonist'],2.3574903,-8.7500105
BR00117010,O15,U2OS,48,terazosin,compound,BRD-K01825589-310-02-9,,['adrenergic receptor antagonist'],2.0546093,-8.789372
BR00117010,O16,U2OS,48,BVT-948,compound,BRD-K68567222-001-01-2,,,-4.193237,-5.7554836
BR00117010,O17,U2OS,48,nicotine,compound,BRD-K01825660-322-01-9,,['acetylcholine receptor agonist'],1.7568674,-7.892735
BR00117010,O18,U2OS,48,DMSO,compound,,negcon,,2.2332742,-8.787339
BR00117010,O19,U2OS,48,U-0521,compound,BRD-K08953028-001-09-6,,,0.3161504,-8.523039
BR00117010,O20,U2OS,48,BMS-587101,compound,BRD-K20093108-001-02-3,,,0.69330364,-8.491675
BR00117010,O21,U2OS,48,nimodipine,compound,BRD-A58048407-001-20-4,,['calcium channel blocker'],0.78246653,-7.582181
BR00117010,O22,U2OS,48,pyrrolidine-dithiocarbamate,compound,BRD-K80970344-201-08-6,,,-5.777452,-5.7458935
BR00117010,O23,U2OS,48,PF-915275,compound,BRD-K18289362-001-02-2,,,0.8063006,-8.715531
BR00117010,O24,U2OS,48,JTE-013,compound,BRD-K43330982-001-02-3,,,-0.32571405,-9.080058
BR00117010,P01,U2OS,48,sodium-butyrate,compound,BRD-K05878375-236-05-7,,['HDAC inhibitor'],0.63585156,-6.4311223
BR00117010,P02,U2OS,48,pentostatin,compound,BRD-K91543828-001-02-0,,['ribonucleotide reductase inhibitor'],1.8115383,-6.915329
BR00117010,P03,U2OS,48,OMDM-2,compound,BRD-K48830578-001-01-9,,,1.558737,-7.1083317
BR00117010,P04,U2OS,48,nalmefene,compound,BRD-A72767275-003-01-6,,,1.5575159,-6.9166055
BR00117010,P05,U2OS,48,DMSO,compound,,negcon,,1.3447176,-7.4155054
BR00117010,P06,U2OS,48,1-EBIO,compound,BRD-K70586315-001-02-4,,,1.3462756,-7.6419444
BR00117010,P07,U2OS,48,SB-505124,compound,BRD-K40109029-001-02-9,,['ALK tyrosine kinase receptor inhibitor'],-0.52779686,-9.628243
BR00117010,P08,U2OS,48,prasugrel,compound,BRD-A83029242-001-06-1,,['purinergic receptor antagonist'],-0.24284488,-8.508754
BR00117010,P09,U2OS,48,pidolic-acid,compound,BRD-K57313110-001-06-8,,,0.47309783,-7.699592
BR00117010,P10,U2OS,48,DMSO,compound,,negcon,,1.1008697,-7.6797676
BR00117010,P11,U2OS,48,nevirapine,compound,BRD-K15502390-001-20-9,,,1.7574309,-7.1674733
BR00117010,P12,U2OS,48,triamterene,compound,BRD-K92049597-001-20-8,,['sodium channel blocker'],0.061037656,-8.218462
BR00117010,P13,U2OS,48,regorafenib,compound,BRD-K16730910-001-07-3,,"['PDGFR tyrosine kinase receptor inhibitor', 'RAF inhibitor', 'KIT inhibitor', 'RET tyrosine kinase inhibitor', 'FGFR inhibitor', 'VEGFR inhibitor']",-0.9016249,-8.08833
BR00117010,P14,U2OS,48,cyclophosphamide,compound,BRD-A09722536-002-18-0,,,0.9657008,-7.530388
BR00117010,P15,U2OS,48,olanzapine,compound,BRD-K18895904-001-16-1,,"['dopamine receptor antagonist', 'serotonin receptor antagonist']",-2.1665022,-9.051768
BR00117010,P16,U2OS,48,KI-16425,compound,BRD-A25569250-001-03-3,,['lysophosphatidic acid receptor antagonist'],0.4376434,-7.86524
BR00117010,P17,U2OS,48,SKLB1002,compound,BRD-K29895144-001-01-0,,['VEGFR inhibitor'],0.38726482,-5.0972447
BR00117010,P18,U2OS,48,cilostazol,compound,BRD-K67017579-001-28-1,,['phosphodiesterase inhibitor'],-0.026296262,-9.088476
BR00117010,P19,U2OS,48,AZD1283,compound,BRD-K77060810-001-01-5,,['purinergic receptor antagonist'],0.16699272,-8.808377
BR00117010,P20,U2OS,48,A-987306,compound,BRD-K68982262-001-01-4,,['histamine receptor antagonist'],-2.567961,-9.088465
BR00117010,P21,U2OS,48,procaine,compound,BRD-K24616672-003-20-1,,['HMGCR inhibitor'],0.6682127,-7.2248893
BR00117010,P22,U2OS,48,miconazole,compound,BRD-A82396632-008-30-8,,['bacterial cell wall synthesis inhibitor'],-0.054396655,-8.790409
BR00117010,P23,U2OS,48,loperamide,compound,BRD-K61250553-003-30-6,,,-1.0135849,-8.962313
BR00117010,P24,U2OS,48,aripiprazole,compound,BRD-K70358946-001-17-3,,['serotonin receptor antagonist'],-0.4736081,-9.115497
BR00117011,A01,U2OS,48,gabapentin-enacarbil,compound,BRD-A86665761-001-01-1,,,0.6077122,-6.4878483
BR00117011,A02,U2OS,48,DMSO,compound,,negcon,,2.8387644,-8.182072
BR00117011,A03,U2OS,48,amlodipine,compound,BRD-A22032524-074-09-9,,['calcium channel blocker'],-2.1110098,-8.2824135
BR00117011,A04,U2OS,48,hexestrol,compound,BRD-A01078468-001-14-8,,,0.45980746,-8.327195
BR00117011,A05,U2OS,48,quinine,compound,BRD-K48278478-001-01-2,,,0.12062935,-7.7933993
BR00117011,A06,U2OS,48,LOXO-101,compound,BRD-K36574127-001-01-3,,,0.5592772,-7.529225
BR00117011,A07,U2OS,48,brinzolamide,compound,BRD-K74913225-001-14-0,,['carbonic anhydrase inhibitor'],0.8688867,-6.888411
BR00117011,A08,U2OS,48,NS-11021,compound,BRD-K94342292-001-01-3,,['calcium-activated potassium channel activator'],-1.3165808,-8.458903
BR00117011,A09,U2OS,48,DMSO,compound,,negcon,,0.979904,-8.820858
BR00117011,A10,U2OS,48,GNF-5837,compound,BRD-K19975102-001-01-2,,['growth factor receptor inhibitor'],-1.0154703,-8.765389
BR00117011,A11,U2OS,48,apatinib,compound,BRD-K25244359-066-02-6,,['RET tyrosine kinase inhibitor'],0.126652,-7.0195704
BR00117011,A12,U2OS,48,ethoxzolamide,compound,BRD-K18131774-001-18-4,,['carbonic anhydrase inhibitor'],0.94662803,-8.855911
BR00117011,A13,U2OS,48,ascorbic-acid,compound,BRD-A85242401-001-11-5,,,-0.41687506,-9.614863
BR00117011,A14,U2OS,48,ryuvidine,compound,BRD-K06426971-001-02-7,,['histone lysine methyltransferase inhibitor'],-5.6439075,-5.469769
BR00117011,A15,U2OS,48,BAN-ORL-24,compound,BRD-K47049295-300-03-1,,,-2.991936,-8.212756
BR00117011,A16,U2OS,48,NNC-55-0396,compound,BRD-K78122587-300-04-3,,,-2.5336564,-8.673785
BR00117011,A17,U2OS,48,DMSO,compound,,negcon,,0.5287472,-7.480141
BR00117011,A18,U2OS,48,WH-4-023,compound,BRD-K50199947-001-03-4,,['src inhibitor'],-2.865052,-7.8652134
BR00117011,A19,U2OS,48,flupirtine,compound,BRD-K50720187-051-03-1,,['glutamate receptor antagonist'],-0.6293897,-7.5056567
BR00117011,A20,U2OS,48,ZK811752,compound,BRD-K91825936-001-03-9,,,-0.91445404,-9.349737
BR00117011,A21,U2OS,48,dexamethasone,compound,BRD-K38775274-001-22-1,,['glucocorticoid receptor agonist'],-1.2478621,-7.715878
BR00117011,A22,U2OS,48,PP-1,compound,BRD-K47598052-001-14-1,,['src inhibitor'],-1.4281957,-6.392442
BR00117011,A23,U2OS,48,DDR1-IN-1,compound,BRD-K61845293-300-01-9,,,-2.2095098,-8.972206
BR00117011,A24,U2OS,48,AVL-292,compound,BRD-K87782578-001-01-4,,"[""Bruton's tyrosine kinase (BTK) inhibitor""]",-2.4808662,-7.192127
BR00117011,B01,U2OS,48,H2L-5765834,compound,BRD-K26439554-001-01-3,,['lysophosphatidic acid receptor antagonist'],1.5898492,-7.6698995
BR00117011,B02,U2OS,48,thiostrepton,compound,BRD-K58049875-001-03-9,,['protein synthesis inhibitor'],-4.985239,-5.9333305
BR00117011,B03,U2OS,48,DMSO,compound,,negcon,,2.7364578,-7.87362
BR00117011,B04,U2OS,48,arcyriaflavin-a,compound,BRD-K72726508-001-02-1,,['CDK inhibitor'],-2.1184406,-7.354433
BR00117011,B05,U2OS,48,CYM-5520,compound,BRD-K29151923-001-01-5,,['sphingosine 1 phosphate receptor agonist'],2.152919,-8.359581
BR00117011,B06,U2OS,48,fludarabine,compound,BRD-K66788707-001-14-3,,['ribonucleotide reductase inhibitor'],1.0672277,-5.4845724
BR00117011,B07,U2OS,48,alda-1,compound,BRD-K06890060-001-09-1,,,1.937654,-8.109756
BR00117011,B08,U2OS,48,meclofenamic-acid,compound,BRD-K50398167-236-22-7,,"['cyclooxygenase inhibitor', 'prostanoid receptor antagonist']",1.6589043,-8.541127
BR00117011,B09,U2OS,48,GNF-5,compound,BRD-K87632963-001-03-0,,['Bcr-Abl kinase inhibitor'],0.019222694,-9.177555
BR00117011,B10,U2OS,48,NS-309,compound,BRD-K37602296-001-01-6,,['calcium-activated potassium channel activator'],1.0664147,-6.3911123
BR00117011,B11,U2OS,48,AK-7,compound,BRD-K09143580-001-01-0,,['SIRT inhibitor'],0.3169003,-8.790431
BR00117011,B12,U2OS,48,BVT-948,compound,BRD-A22713669-001-04-3,,,-5.4605627,-5.236631
BR00117011,B13,U2OS,48,SirReal-2,compound,BRD-K16472653-001-01-6,,['SIRT inhibitor'],-0.8377088,-8.164733
BR00117011,B14,U2OS,48,DMSO,compound,,negcon,,1.855333,-9.059488
BR00117011,B15,U2OS,48,BMS-536924,compound,BRD-K34581968-001-05-3,,['IGF-1 inhibitor'],-2.439458,-7.085799
BR00117011,B16,U2OS,48,PP-121,compound,BRD-K81801188-001-02-8,,['protein tyrosine kinase inhibitor'],-5.42729,-6.120038
BR00117011,B17,U2OS,48,MCOPPB,compound,BRD-K73276278-305-01-1,,,-3.3214579,-8.761528
BR00117011,B18,U2OS,48,ozagrel,compound,BRD-K53061490-003-13-9,,,1.5753143,-7.109709
BR00117011,B19,U2OS,48,CYM-5442,compound,BRD-A43005764-003-01-5,,['sphingosine 1 phosphate receptor agonist'],-2.7235136,-8.969068
BR00117011,B20,U2OS,48,CVT-10216,compound,BRD-K60659193-001-01-0,,,1.1349294,-8.353907
BR00117011,B21,U2OS,48,TCN201,compound,BRD-K09787262-001-02-7,,['glutamate receptor antagonist'],-0.45058697,-7.3774786
BR00117011,B22,U2OS,48,fomepizole,compound,BRD-K56810756-003-07-7,,['alcohol dehydrogenase inhibitor'],0.9892096,-9.2776
BR00117011,B23,U2OS,48,benzamil,compound,BRD-K87158025-003-08-7,,['sodium channel blocker'],-0.56277364,-8.492875
BR00117011,B24,U2OS,48,lercanidipine,compound,BRD-A18992208-003-02-7,,['calcium channel blocker'],-1.1969277,-8.741359
BR00117011,C01,U2OS,48,4-CMTB,compound,BRD-A54139254-001-09-2,,['free fatty acid receptor agonist'],1.6322718,-8.169632
BR00117011,C02,U2OS,48,ML-228,compound,BRD-K44432556-001-05-5,,,2.5444856,-8.784339
BR00117011,C03,U2OS,48,DMSO,compound,,negcon,,3.0285325,-9.071906
BR00117011,C04,U2OS,48,GSK1070916,compound,BRD-K36740062-001-06-6,,['Aurora kinase inhibitor'],-3.621433,-7.585541
BR00117011,C05,U2OS,48,ML-193,compound,BRD-K27539181-001-08-5,,,1.4806597,-9.308343
BR00117011,C06,U2OS,48,DMSO,compound,,negcon,,2.9601083,-9.083641
BR00117011,C07,U2OS,48,M-25,compound,BRD-K51265828-001-01-0,,['smoothened receptor antagonist'],0.104460545,-8.496933
BR00117011,C08,U2OS,48,azeliragon,compound,BRD-K51899933-001-02-6,,['RAGE receptor antagonist'],-4.833899,-6.2573442
BR00117011,C09,U2OS,48,CYT-997,compound,BRD-K23363278-001-02-1,poscon_diverse,['tubulin polymerization inhibitor'],-4.935321,-6.616223
BR00117011,C10,U2OS,48,AR-12,compound,BRD-K90497590-001-05-9,,,-5.1324,-5.174749
BR00117011,C11,U2OS,48,CYM-50260,compound,BRD-K69877120-001-01-7,,['sphingosine 1 phosphate receptor agonist'],1.7897205,-8.949791
BR00117011,C12,U2OS,48,DMSO,compound,,negcon,,2.0749211,-9.509399
BR00117011,C13,U2OS,48,KG-5,compound,BRD-K90747162-001-01-4,poscon_cp,['RAF inhibitor'],-4.0808477,-7.380614
BR00117011,C14,U2OS,48,JTE-607,compound,BRD-K81405859-300-01-4,,,0.46843815,-5.2505484
BR00117011,C15,U2OS,48,DMSO,compound,,negcon,,2.4017236,-9.5437155
BR00117011,C16,U2OS,48,ilomastat,compound,BRD-K51662849-001-05-4,,['matrix metalloprotease inhibitor'],1.4241292,-8.821937
BR00117011,C17,U2OS,48,RX-821002,compound,BRD-A65597028-003-08-1,,['adrenergic receptor antagonist'],2.1395814,-8.557126
BR00117011,C18,U2OS,48,DMSO,compound,,negcon,,3.0955296,-8.817162
BR00117011,C19,U2OS,48,TUG-891,compound,BRD-K24282351-001-01-4,,['free fatty acid receptor agonist'],1.8993737,-8.864654
BR00117011,C20,U2OS,48,ponatinib,compound,BRD-K44227013-001-08-0,,"['PDGFR tyrosine kinase receptor inhibitor', 'FLT3 inhibitor', 'Bcr-Abl kinase inhibitor']",-5.4663377,-5.841494
BR00117011,C21,U2OS,48,DMSO,compound,,negcon,,2.3535836,-9.578154
BR00117011,C22,U2OS,48,puromycin,compound,BRD-K01824976-300-02-9,,['protein synthesis inhibitor'],-5.898743,-5.832839
BR00117011,C23,U2OS,48,SRC-kinase-inhibitor-I,compound,BRD-K50495309-001-02-0,,['src inhibitor'],-2.459015,-9.259622
BR00117011,C24,U2OS,48,acetylcysteine,compound,BRD-K59058747-001-19-1,,,0.30723074,-9.334722
BR00117011,D01,U2OS,48,NSC-625987,compound,BRD-K62949423-001-03-1,,['CDK inhibitor'],1.2113158,-8.096308
BR00117011,D02,U2OS,48,dalfampridine,compound,BRD-K22482860-001-20-6,,['potassium channel blocker'],2.875179,-9.1912
BR00117011,D03,U2OS,48,NSC-95397,compound,BRD-K68143200-001-11-7,,['CDC inhibitor'],-4.940681,-5.647348
BR00117011,D04,U2OS,48,alrestatin,compound,BRD-K35498378-001-06-1,,['aldose reductase inhibitor'],2.0256636,-7.0726542
BR00117011,D05,U2OS,48,PF-03758309,compound,BRD-K37764012-001-03-3,poscon_diverse,['p21 activated kinase inhibitor'],1.8246304,-7.2884207
BR00117011,D06,U2OS,48,IRL-2500,compound,BRD-K98357249-001-02-9,,['endothelin receptor antagonist'],1.8856223,-8.6621685
BR00117011,D07,U2OS,48,PF-04217903,compound,BRD-K73319509-001-08-0,poscon_cp,,2.2991416,-9.03268
BR00117011,D08,U2OS,48,FK-866,compound,BRD-K58550667-001-08-7,poscon_diverse,,-3.514023,-4.927875
BR00117011,D09,U2OS,48,amlexanox,compound,BRD-K29530284-001-06-2,,,1.084116,-8.811293
BR00117011,D10,U2OS,48,GW-311616,compound,BRD-K37864785-001-01-0,,['elastase inhibitor'],1.3222603,-7.3350797
BR00117011,D11,U2OS,48,buparlisib,compound,BRD-K42191735-001-08-7,poscon_diverse,,-5.1431713,-6.6165433
BR00117011,D12,U2OS,48,amiloride,compound,BRD-K97181089-003-24-7,,['sodium channel blocker'],-0.024614401,-8.187526
BR00117011,D13,U2OS,48,DG-172,compound,BRD-K75748943-300-01-3,,,-2.381374,-9.176087
BR00117011,D14,U2OS,48,DMSO,compound,,negcon,,0.3473358,-9.930271
BR00117011,D15,U2OS,48,DMSO,compound,,negcon,,2.3807333,-8.666395
BR00117011,D16,U2OS,48,NVP-ADW742,compound,BRD-K15179513-001-04-2,poscon_cp,,-3.1622798,-8.487389
BR00117011,D17,U2OS,48,misoprostol,compound,BRD-A72351335-001-04-5,,['prostanoid receptor agonist'],0.32356042,-5.829335
BR00117011,D18,U2OS,48,conivaptan,compound,BRD-K37385792-003-02-1,,,-1.4674504,-8.776812
BR00117011,D19,U2OS,48,spiroxatrine,compound,BRD-A72483914-001-03-7,,['serotonin receptor antagonist'],1.1042322,-6.7581396
BR00117011,D20,U2OS,48,diacerein,compound,BRD-K69122748-001-10-1,,,1.398311,-8.77985
BR00117011,D21,U2OS,48,DMSO,compound,,negcon,,3.1274292,-8.707072
BR00117011,D22,U2OS,48,DMSO,compound,,negcon,,2.9017327,-9.038872
BR00117011,D23,U2OS,48,glyburide,compound,BRD-K36927236-001-36-7,,['ATP channel blocker'],-0.4292776,-8.565439
BR00117011,D24,U2OS,48,ANR-94,compound,BRD-K31170746-001-01-6,,,0.113654435,-9.198309
BR00117011,E01,U2OS,48,TFC-007,compound,BRD-K57708067-001-01-3,,,1.3689675,-8.603095
BR00117011,E02,U2OS,48,trihexyphenidyl,compound,BRD-A48180038-003-24-3,,['acetylcholine receptor antagonist'],0.61611086,-8.859175
BR00117011,E03,U2OS,48,epoprostenol,compound,BRD-K64054020-001-02-7,,,2.937306,-9.097672
BR00117011,E04,U2OS,48,sacubitril,compound,BRD-K91456750-001-01-9,,,2.7894797,-8.959408
BR00117011,E05,U2OS,48,danusertib,compound,BRD-K07881437-001-03-8,poscon_diverse,"['growth factor receptor inhibitor', 'Aurora kinase inhibitor']",0.41126367,-4.935384
BR00117011,E06,U2OS,48,CYT-997,compound,BRD-K23363278-001-02-1,poscon_diverse,['tubulin polymerization inhibitor'],-4.7184134,-7.1488075
BR00117011,E07,U2OS,48,DMSO,compound,,negcon,,2.9230032,-8.268118
BR00117011,E08,U2OS,48,BQ-788,compound,BRD-K02490038-236-03-8,,['endothelin receptor antagonist'],2.2970114,-8.741016
BR00117011,E09,U2OS,48,SB-202190,compound,BRD-K54330070-001-19-6,poscon_orf,['p38 MAPK inhibitor'],-0.09481879,-6.846517
BR00117011,E10,U2OS,48,GSK2110183,compound,BRD-K25412176-001-01-9,poscon_diverse,,-1.3748744,-7.8779497
BR00117011,E11,U2OS,48,GSK3787,compound,BRD-K03155172-001-03-0,,['PPAR receptor antagonist'],1.6977901,-9.126728
BR00117011,E12,U2OS,48,BAM7,compound,BRD-K07442505-001-03-6,,,0.5125463,-8.427382
BR00117011,E13,U2OS,48,PHA-793887,compound,BRD-K64800655-001-09-0,poscon_diverse,['CDK inhibitor'],-3.81919,-6.249713
BR00117011,E14,U2OS,48,DMSO,compound,,negcon,,1.3784587,-9.101051
BR00117011,E15,U2OS,48,GSK-37647,compound,BRD-K26514105-001-01-7,,['free fatty acid receptor agonist'],1.1929871,-7.723046
BR00117011,E16,U2OS,48,desonide,compound,BRD-K21528677-001-04-4,,['glucocorticoid receptor agonist'],-0.4362931,-7.8661194
BR00117011,E17,U2OS,48,DMSO,compound,,negcon,,1.6397661,-8.535993
BR00117011,E18,U2OS,48,aloxistatin,compound,BRD-K91188791-001-17-5,,,-3.0123315,-9.134822
BR00117011,E19,U2OS,48,azathioprine,compound,BRD-K32821942-001-22-1,,,0.5063262,-8.065387
BR00117011,E20,U2OS,48,ZK-93423,compound,BRD-K33882852-003-02-8,poscon_diverse,['benzodiazepine receptor agonist'],-0.86846083,-9.347403
BR00117011,E21,U2OS,48,BI-2536,compound,BRD-K64890080-001-02-1,poscon_diverse,,-4.4094076,-7.418891
BR00117011,E22,U2OS,48,EI1,compound,BRD-K91535048-001-01-2,poscon_cp,['histone lysine methyltransferase inhibitor'],0.0060202796,-8.473783
BR00117011,E23,U2OS,48,NVP-HSP990,compound,BRD-K67915505-001-01-2,,['HSP inhibitor'],-4.636115,-6.1313562
BR00117011,E24,U2OS,48,DMSO,compound,,negcon,,0.050519135,-9.084749
BR00117011,F01,U2OS,48,DMSO,compound,,negcon,,2.3565092,-8.050259
BR00117011,F02,U2OS,48,nialamide,compound,BRD-K12102668-001-25-5,,,2.5224473,-8.187138
BR00117011,F03,U2OS,48,DMSO,compound,,negcon,,2.3448596,-7.701605
BR00117011,F04,U2OS,48,arundic-acid,compound,BRD-K49223707-001-01-0,,,2.2402503,-7.6106014
BR00117011,F05,U2OS,48,torcitabine,compound,BRD-K91822704-003-07-2,,,1.2662879,-6.9825416
BR00117011,F06,U2OS,48,DMSO,compound,,negcon,,2.418816,-8.005972
BR00117011,F07,U2OS,48,epothilone-b,compound,BRD-K68164687-001-01-6,,"['microtubule stabilizing agent', 'tubulin polymerization inhibitor']",-4.1133795,-7.298353
BR00117011,F08,U2OS,48,dyphylline,compound,BRD-A00827783-001-24-6,,['phosphodiesterase inhibitor'],2.1161828,-8.590534
BR00117011,F09,U2OS,48,DMSO,compound,,negcon,,2.4685454,-8.315499
BR00117011,F10,U2OS,48,quinidine,compound,BRD-K59632282-052-03-1,,['sodium channel blocker'],0.1418938,-9.387314
BR00117011,F11,U2OS,48,halopemide,compound,BRD-K50055394-001-03-6,,,-0.6391179,-8.058088
BR00117011,F12,U2OS,48,sulfinpyrazone,compound,BRD-A36217750-001-16-3,,,1.4344306,-7.1879463
BR00117011,F13,U2OS,48,ML-323,compound,BRD-K93942811-001-01-3,poscon_cp,['ubiquitin specific protease inhibitor'],-0.38278893,-9.410569
BR00117011,F14,U2OS,48,racecadotril,compound,BRD-A08187463-001-12-9,,,1.5186902,-8.520528
BR00117011,F15,U2OS,48,BRL-50481,compound,BRD-K84266862-001-03-2,,['phosphodiesterase inhibitor'],2.6976838,-8.617024
BR00117011,F16,U2OS,48,GSK2110183,compound,BRD-K25412176-001-01-9,poscon_diverse,,-1.132048,-7.973488
BR00117011,F17,U2OS,48,bufexamac,compound,BRD-K36660044-001-24-2,,['cyclooxygenase inhibitor'],0.2043491,-8.267172
BR00117011,F18,U2OS,48,anandamide,compound,BRD-K42352790-001-05-3,,,-0.055284828,-8.901476
BR00117011,F19,U2OS,48,thioguanine,compound,BRD-K49350383-001-13-7,poscon_diverse,,-1.9481843,-7.105549
BR00117011,F20,U2OS,48,IWP-L6,compound,BRD-K53234107-001-01-6,,['porcupine inhibitor'],-0.6576279,-8.287839
BR00117011,F21,U2OS,48,edoxaban,compound,BRD-K29322660-001-01-9,,['coagulation factor inhibitor'],0.94850105,-7.9135222
BR00117011,F22,U2OS,48,lonafarnib,compound,BRD-K41599323-001-02-3,poscon_diverse,,-1.818325,-7.5941815
BR00117011,F23,U2OS,48,ibutamoren,compound,BRD-K44771174-066-01-0,,,-0.6683873,-8.088833
BR00117011,F24,U2OS,48,somatostatin,compound,BRD-K14681867-001-01-6,,['somatostatin receptor agonist'],0.023256298,-9.2014
BR00117011,G01,U2OS,48,L-proline,compound,BRD-K01666412-001-02-0,,,1.6777525,-7.734563
BR00117011,G02,U2OS,48,zamifenacin,compound,BRD-K80451230-051-02-6,,['acetylcholine receptor antagonist'],1.4777044,-8.736083
BR00117011,G03,U2OS,48,YC-1,compound,BRD-K60476892-001-16-1,,,-4.749762,-6.581702
BR00117011,G04,U2OS,48,DMSO,compound,,negcon,,2.8654816,-9.288642
BR00117011,G05,U2OS,48,ME-0328,compound,BRD-K24283677-001-01-9,,['PPAR receptor antagonist'],0.11884024,-7.4585114
BR00117011,G06,U2OS,48,NSC-663284,compound,BRD-K03109492-001-02-2,,['CDC inhibitor'],-5.540652,-5.335342
BR00117011,G07,U2OS,48,CYM-50358,compound,BRD-K80666802-003-01-0,,,-1.6921281,-9.05905
BR00117011,G08,U2OS,48,trazodone,compound,BRD-K70778732-003-27-5,,"['adrenergic receptor antagonist', 'serotonin receptor antagonist']",1.9928352,-8.152154
BR00117011,G09,U2OS,48,DMSO,compound,,negcon,,2.541177,-9.487625
BR00117011,G10,U2OS,48,DMSO,compound,,negcon,,2.7765045,-9.291848
BR00117011,G11,U2OS,48,sulfasalazine,compound,BRD-K10670311-001-17-1,,['cyclooxygenase inhibitor'],1.7823846,-9.282752
BR00117011,G12,U2OS,48,"2,5-furandimethanol",compound,BRD-K29791386-001-01-8,,,0.86139387,-8.774063
BR00117011,G13,U2OS,48,DMSO,compound,,negcon,,1.3585501,-8.71923
BR00117011,G14,U2OS,48,dilazep,compound,BRD-K48722258-300-11-0,,,1.3918161,-8.21571
BR00117011,G15,U2OS,48,felodipine,compound,BRD-A30815329-001-12-1,,['calcium channel blocker'],0.7973791,-8.512663
BR00117011,G16,U2OS,48,paliperidone,compound,BRD-A99888680-001-05-3,,"['dopamine receptor antagonist', 'serotonin receptor antagonist']",2.028571,-8.435416
BR00117011,G17,U2OS,48,purvalanol-a,compound,BRD-K50836978-001-03-3,poscon_orf,['CDK inhibitor'],0.1949975,-5.678918
BR00117011,G18,U2OS,48,DMSO,compound,,negcon,,2.1936584,-8.770496
BR00117011,G19,U2OS,48,Ro-1138452,compound,BRD-K77220725-003-01-5,,['prostanoid receptor antagonist'],1.755347,-8.302441
BR00117011,G20,U2OS,48,sorbinil,compound,BRD-A89164055-001-03-3,,['aldose reductase inhibitor'],2.8445222,-8.599374
BR00117011,G21,U2OS,48,TC-S-7004,compound,BRD-K89517477-001-01-4,poscon_cp,['DYRK inhibitor'],-0.47248375,-7.739653
BR00117011,G22,U2OS,48,saclofen,compound,BRD-A24122750-001-03-7,,['GABA receptor antagonist'],-0.18270503,-8.394192
BR00117011,G23,U2OS,48,BAY-87-2243,compound,BRD-K70463136-001-01-5,,,-0.7183486,-9.226434
BR00117011,G24,U2OS,48,ibudilast,compound,BRD-K16444452-001-09-1,,['phosphodiesterase inhibitor'],-0.17255813,-8.737203
BR00117011,H01,U2OS,48,briciclib,compound,BRD-K05531427-001-01-7,,,-4.9367695,-6.7139277
BR00117011,H02,U2OS,48,2-Oleoylglycerol,compound,BRD-K77087341-001-02-4,,,2.0138428,-7.5788913
BR00117011,H03,U2OS,48,RGFP966,compound,BRD-K61688984-001-02-9,poscon_cp,['HDAC inhibitor'],-1.6024534,-7.1583405
BR00117011,H04,U2OS,48,DMSO,compound,,negcon,,2.2241542,-8.345328
BR00117011,H05,U2OS,48,azacitidine,compound,BRD-K03406345-001-21-1,poscon_diverse,,0.6123802,-6.3262
BR00117011,H06,U2OS,48,N6-cyclopentyladenosine,compound,BRD-K60150510-001-15-6,,,2.0766103,-8.0193205
BR00117011,H07,U2OS,48,filgotinib,compound,BRD-K16803204-001-01-6,poscon_cp,['JAK inhibitor'],0.54870504,-6.574029
BR00117011,H08,U2OS,48,guanidine,compound,BRD-K76037122-001-02-5,,['HSP inhibitor'],1.3527355,-7.434406
BR00117011,H09,U2OS,48,coumarin,compound,BRD-K23913458-001-20-7,,,0.63272715,-8.616749
BR00117011,H10,U2OS,48,DMSO,compound,,negcon,,2.2697284,-8.171574
BR00117011,H11,U2OS,48,ZM-336372,compound,BRD-K73789395-001-09-9,poscon_orf,['RAF inhibitor'],2.250769,-7.3528132
BR00117011,H12,U2OS,48,citric-acid,compound,BRD-K76792669-001-08-1,,['coagulation factor inhibitor'],2.5073514,-7.3662834
BR00117011,H13,U2OS,48,DMSO,compound,,negcon,,2.6948729,-8.144573
BR00117011,H14,U2OS,48,CCG-63802,compound,BRD-K26970495-001-02-7,,['G protein signaling inhibitor'],0.33331135,-9.493113
BR00117011,H15,U2OS,48,ibutilide,compound,BRD-A74391928-051-03-9,,['potassium channel blocker'],0.7527366,-8.3489895
BR00117011,H16,U2OS,48,batimastat,compound,BRD-K82818427-001-04-8,,['matrix metalloprotease inhibitor'],-0.61643684,-9.3019905
BR00117011,H17,U2OS,48,DMSO,compound,,negcon,,1.4526514,-9.039146
BR00117011,H18,U2OS,48,DMSO,compound,,negcon,,2.1784244,-8.121871
BR00117011,H19,U2OS,48,UNC1999,compound,BRD-K26989966-001-04-3,poscon_cp,['histone lysine methyltransferase inhibitor'],-4.940123,-6.324827
BR00117011,H20,U2OS,48,glutamine-(l),compound,BRD-K83896451-001-06-7,,,2.029395,-8.399307
BR00117011,H21,U2OS,48,PD-98059,compound,BRD-K62810658-001-11-4,poscon_orf,,1.2988544,-8.460026
BR00117011,H22,U2OS,48,enilconazole,compound,BRD-K01825690-065-01-9,,,2.7420106,-8.480044
BR00117011,H23,U2OS,48,N-alpha-Methylhistamine-dihydrochloride,compound,BRD-K75390981-300-04-9,,['histamine receptor agonist'],0.27697057,-8.13312
BR00117011,H24,U2OS,48,GK921,compound,BRD-K38272302-001-02-7,,,-4.436814,-5.9331827
BR00117011,I01,U2OS,48,nilvadipine,compound,BRD-A84687895-001-03-2,,['calcium channel blocker'],1.0140483,-8.446992
BR00117011,I02,U2OS,48,DMSO,compound,,negcon,,2.397348,-7.379037
BR00117011,I03,U2OS,48,AC-710,compound,BRD-K15819326-001-01-6,,['PDGFR tyrosine kinase receptor inhibitor'],-2.7604992,-8.424162
BR00117011,I04,U2OS,48,PETCM,compound,BRD-A93477898-001-04-2,,,1.6287202,-7.151629
BR00117011,I05,U2OS,48,AZD7762,compound,BRD-K86525559-001-07-8,poscon_diverse,['CHK inhibitor'],-5.0943627,-5.660267
BR00117011,I06,U2OS,48,PHA-793887,compound,BRD-K64800655-001-09-0,poscon_diverse,['CDK inhibitor'],-4.0373635,-6.2123647
BR00117011,I07,U2OS,48,KU-60019,compound,BRD-K36016295-001-05-2,,['ATM kinase inhibitor'],-3.3139334,-7.689634
BR00117011,I08,U2OS,48,nafamostat,compound,BRD-K06674495-334-04-0,,,-0.38212222,-8.213341
BR00117011,I09,U2OS,48,DMSO,compound,,negcon,,2.5538995,-8.066997
BR00117011,I10,U2OS,48,DMSO,compound,,negcon,,1.1819326,-8.767587
BR00117011,I11,U2OS,48,taladegib,compound,BRD-K50498985-001-03-3,,['smoothened receptor antagonist'],0.11899194,-8.903746
BR00117011,I12,U2OS,48,acetohexamide,compound,BRD-K52960356-001-13-0,,['ATP channel blocker'],1.8327491,-8.379429
BR00117011,I13,U2OS,48,minocycline,compound,BRD-A69651145-003-11-4,,,-0.22802994,-8.598366
BR00117011,I14,U2OS,48,BI-2536,compound,BRD-K64890080-001-02-1,poscon_diverse,,-4.486161,-7.224987
BR00117011,I15,U2OS,48,riociguat,compound,BRD-K84783599-001-01-0,,,1.0758148,-8.602115
BR00117011,I16,U2OS,48,CP-724714,compound,BRD-K76908866-001-07-6,poscon_cp,"['EGFR inhibitor', 'protein tyrosine kinase inhibitor']",-1.090828,-8.826168
BR00117011,I17,U2OS,48,ganetespib,compound,BRD-K38852836-001-04-9,poscon_diverse,['HSP inhibitor'],-4.7113934,-5.9989543
BR00117011,I18,U2OS,48,AZ191,compound,BRD-K80935598-001-01-1,poscon_cp,['DYRK inhibitor'],-3.4770913,-8.550174
BR00117011,I19,U2OS,48,BAX-channel-blocker,compound,BRD-A18763547-300-06-3,,,-3.636826,-7.826137
BR00117011,I20,U2OS,48,SU3327,compound,BRD-K32730239-001-01-0,,['JNK inhibitor'],-5.7688875,-5.7879996
BR00117011,I21,U2OS,48,DMSO,compound,,negcon,,1.8578467,-9.149953
BR00117011,I22,U2OS,48,DMSO,compound,,negcon,,1.3953944,-8.593581
BR00117011,I23,U2OS,48,octreotide,compound,BRD-A64173453-015-03-1,,['somatostatin receptor agonist'],1.3667136,-8.696196
BR00117011,I24,U2OS,48,1-octanol,compound,BRD-K09338665-001-08-9,,,0.52346885,-9.010834
BR00117011,J01,U2OS,48,acalabrutinib,compound,BRD-K64034691-001-01-9,,"[""Bruton's tyrosine kinase (BTK) inhibitor""]",1.9950609,-7.123044
BR00117011,J02,U2OS,48,rifamycin,compound,BRD-K38512030-001-01-7,,,2.196702,-7.4502263
BR00117011,J03,U2OS,48,pazopanib,compound,BRD-K74514084-003-09-2,,"['KIT inhibitor', 'VEGFR inhibitor', 'PDGFR tyrosine kinase receptor inhibitor']",-1.362946,-7.6333957
BR00117011,J04,U2OS,48,RKI-1447,compound,BRD-K19333160-001-01-3,poscon_cp,,-0.58845013,-6.0486856
BR00117011,J05,U2OS,48,vitamin-E,compound,BRD-K97091514-001-11-4,,['PKC inhibitor'],1.631468,-8.63497
BR00117011,J06,U2OS,48,lonafarnib,compound,BRD-K41599323-001-02-3,poscon_diverse,,-1.8244529,-7.606952
BR00117011,J07,U2OS,48,ethyl-pyruvate,compound,BRD-K47738867-001-01-5,,,2.44304,-7.877949
BR00117011,J08,U2OS,48,picrotin,compound,BRD-A91822151-001-05-0,,['GABA receptor antagonist'],1.9369719,-8.281279
BR00117011,J09,U2OS,48,SGX523,compound,BRD-K19477839-001-07-6,poscon_cp,,0.16776331,-9.217903
BR00117011,J10,U2OS,48,PP-2,compound,BRD-K95785537-001-22-3,,['src inhibitor'],-1.3411398,-6.403935
BR00117011,J11,U2OS,48,ME-0328,compound,BRD-A63444178-001-01-5,,['PPAR receptor antagonist'],0.38469088,-6.643798
BR00117011,J12,U2OS,48,AZD9668,compound,BRD-K31476763-001-01-5,,['elastase inhibitor'],1.5141305,-6.8777404
BR00117011,J13,U2OS,48,NQDI-1,compound,BRD-K61918008-001-07-1,,,1.4011781,-8.005464
BR00117011,J14,U2OS,48,DMSO,compound,,negcon,,0.8601284,-9.289074
BR00117011,J15,U2OS,48,carzenide,compound,BRD-K09295674-001-09-8,,,2.5357714,-8.448436
BR00117011,J16,U2OS,48,KU-55933,compound,BRD-K25311561-001-10-7,,['ATM kinase inhibitor'],-0.4166209,-6.6867633
BR00117011,J17,U2OS,48,NVP-AEW541,compound,BRD-K24696047-001-02-3,poscon_cp,['IGF-1 inhibitor'],-2.5845275,-8.915301
BR00117011,J18,U2OS,48,leflunomide,compound,BRD-K78692225-001-24-5,,['PDGFR tyrosine kinase receptor inhibitor'],0.87778133,-8.375916
BR00117011,J19,U2OS,48,DMSO,compound,,negcon,,2.541364,-8.822607
BR00117011,J20,U2OS,48,azacitidine,compound,BRD-K03406345-001-21-1,poscon_diverse,,0.90520394,-6.643612
BR00117011,J21,U2OS,48,ixabepilone,compound,BRD-K03601870-001-01-2,,['microtubule stabilizing agent'],-4.6028023,-6.68485
BR00117011,J22,U2OS,48,KH-CB19,compound,BRD-K66430217-001-03-8,poscon_cp,['CDC inhibitor'],2.3361487,-8.557263
BR00117011,J23,U2OS,48,DMSO,compound,,negcon,,1.0614703,-8.454203
BR00117011,J24,U2OS,48,PF-05190457,compound,BRD-K02554563-001-01-6,,,-0.4064492,-8.553177
BR00117011,K01,U2OS,48,LDN-212854,compound,BRD-K59831625-001-03-9,,,-5.7486877,-5.623821
BR00117011,K02,U2OS,48,formononetin,compound,BRD-K55567017-001-12-3,,['alcohol dehydrogenase inhibitor'],0.7272689,-8.355204
BR00117011,K03,U2OS,48,aminopurvalanol-a,compound,BRD-K07762753-001-05-1,poscon_orf,['CDK inhibitor'],0.16016607,-5.4740205
BR00117011,K04,U2OS,48,ruxolitinib,compound,BRD-K53972329-001-01-3,poscon_cp,['JAK inhibitor'],0.073500805,-6.536104
BR00117011,K05,U2OS,48,DMSO,compound,,negcon,,2.698458,-8.9683485
BR00117011,K06,U2OS,48,DMSO,compound,,negcon,,2.7109568,-9.164882
BR00117011,K07,U2OS,48,LGK-974,compound,BRD-K16810791-001-01-0,,['porcupine inhibitor'],0.7545972,-9.341585
BR00117011,K08,U2OS,48,polydatin,compound,BRD-K43236057-001-07-1,,['ICAM1 expression inhibitor'],-2.1807616,-7.9103723
BR00117011,K09,U2OS,48,enflurane,compound,BRD-A51831848-001-01-7,,,1.9251622,-8.518905
BR00117011,K10,U2OS,48,PFI-1,compound,BRD-K13094524-001-04-2,poscon_cp,,2.1213164,-9.198865
BR00117011,K11,U2OS,48,AZD7762,compound,BRD-K86525559-001-07-8,poscon_diverse,['CHK inhibitor'],-5.0822053,-5.592315
BR00117011,K12,U2OS,48,sotrastaurin,compound,BRD-K16761703-001-03-8,,['PKC inhibitor'],-0.06821684,-6.384115
BR00117011,K13,U2OS,48,DMSO,compound,,negcon,,2.3487563,-9.350785
BR00117011,K14,U2OS,48,cycloheximide,compound,BRD-K36055864-001-20-0,,['protein synthesis inhibitor'],-3.9551694,-6.3924837
BR00117011,K15,U2OS,48,oxytocin,compound,BRD-K25243230-001-01-2,,,1.3714669,-8.9386015
BR00117011,K16,U2OS,48,DMSO,compound,,negcon,,2.7652674,-9.1273575
BR00117011,K17,U2OS,48,colchicine,compound,BRD-K00259736-001-16-4,,,-5.00388,-6.559549
BR00117011,K18,U2OS,48,afimoxifene,compound,BRD-K04210847-001-21-9,,,-2.0801532,-8.505064
BR00117011,K19,U2OS,48,DMSO,compound,,negcon,,2.844347,-8.415193
BR00117011,K20,U2OS,48,ZK-93423,compound,BRD-K33882852-003-02-8,poscon_diverse,['benzodiazepine receptor agonist'],-0.8394608,-9.336119
BR00117011,K21,U2OS,48,RGB-286638,compound,BRD-K20986415-001-02-6,,['CDK inhibitor'],-3.5909111,-7.6819158
BR00117011,K22,U2OS,48,FPS-ZM1,compound,BRD-K87691185-001-01-2,,['RAGE receptor antagonist'],-0.655257,-8.590296
BR00117011,K23,U2OS,48,flindokalner,compound,BRD-K56740996-001-02-1,,,1.1384705,-6.985505
BR00117011,K24,U2OS,48,motesanib,compound,BRD-K99616396-316-05-3,,"['KIT inhibitor', 'VEGFR inhibitor', 'PDGFR tyrosine kinase receptor inhibitor']",-1.0689726,-8.74171
BR00117011,L01,U2OS,48,geldanamycin,compound,BRD-K43570081-001-02-4,,['HSP inhibitor'],-4.6160693,-6.1831527
BR00117011,L02,U2OS,48,DMSO,compound,,negcon,,2.5647843,-8.188127
BR00117011,L03,U2OS,48,CGP-53353,compound,BRD-K32292990-001-03-6,,"['PKC inhibitor', 'EGFR inhibitor']",1.0104216,-6.6573286
BR00117011,L04,U2OS,48,7-hydroxystaurosporine,compound,BRD-K45293975-001-02-0,,"['CDK inhibitor', 'PKC inhibitor', 'CHK inhibitor']",-4.9207797,-5.473329
BR00117011,L05,U2OS,48,DMSO,compound,,negcon,,2.483407,-8.446263
BR00117011,L06,U2OS,48,DMSO,compound,,negcon,,2.6617746,-7.8741593
BR00117011,L07,U2OS,48,efaproxiral,compound,BRD-K37355418-236-01-6,,,2.2967536,-7.678554
BR00117011,L08,U2OS,48,SB-203580,compound,BRD-A37704979-001-12-3,poscon_orf,['p38 MAPK inhibitor'],-0.7652976,-6.6116285
BR00117011,L09,U2OS,48,FK-866,compound,BRD-K58550667-001-08-7,poscon_diverse,,-3.5589466,-4.9308186
BR00117011,L10,U2OS,48,bepridil,compound,BRD-A91008255-003-24-8,,['calcium channel blocker'],-0.39370212,-7.5056996
BR00117011,L11,U2OS,48,delanzomib,compound,BRD-K59325863-001-04-4,,,-5.4630466,-5.7384458
BR00117011,L12,U2OS,48,buparlisib,compound,BRD-K42191735-001-08-7,poscon_diverse,,-5.056262,-6.7143517
BR00117011,L13,U2OS,48,phenylbutazone,compound,BRD-K10843433-001-23-5,,"['cyclooxygenase inhibitor', 'prostanoid receptor antagonist']",0.58975255,-7.758455
BR00117011,L14,U2OS,48,deferasirox,compound,BRD-K97010173-001-04-1,,,0.6202441,-5.4982915
BR00117011,L15,U2OS,48,DMSO,compound,,negcon,,2.5494893,-8.855239
BR00117011,L16,U2OS,48,cediranib,compound,BRD-K86930074-001-05-0,,"['KIT inhibitor', 'VEGFR inhibitor']",-2.9354973,-8.787078
BR00117011,L17,U2OS,48,isoflurane,compound,BRD-A31564021-001-02-6,,,0.0032382933,-7.471179
BR00117011,L18,U2OS,48,DMSO,compound,,negcon,,1.7719295,-8.156595
BR00117011,L19,U2OS,48,CCG-50014,compound,BRD-K08893438-001-06-4,,['G protein signaling inhibitor'],-5.0640135,-6.082998
BR00117011,L20,U2OS,48,PF-431396,compound,BRD-K93788137-001-04-1,,,0.32053533,-4.781954
BR00117011,L21,U2OS,48,TG-02,compound,BRD-K14560436-001-01-4,,"['CDK inhibitor', 'FLT3 inhibitor', 'JAK inhibitor']",-4.6351633,-5.9997997
BR00117011,L22,U2OS,48,baclofen,compound,BRD-K01826724-003-07-9,,['benzodiazepine receptor agonist'],0.403205,-9.102898
BR00117011,L23,U2OS,48,thiostrepton,compound,BRD-A20697603-001-07-2,,['protein synthesis inhibitor'],-3.8381946,-7.2061563
BR00117011,L24,U2OS,48,flufenamic-acid,compound,BRD-K44067360-001-29-5,,,0.88630253,-7.7494955
BR00117011,M01,U2OS,48,DMSO,compound,,negcon,,1.4872501,-7.463217
BR00117011,M02,U2OS,48,LY2109761,compound,BRD-K47557313-001-02-7,,,-1.0316924,-6.777259
BR00117011,M03,U2OS,48,olopatadine,compound,BRD-K67637637-003-11-8,,['histamine receptor antagonist'],2.7556007,-9.361103
BR00117011,M04,U2OS,48,DMSO,compound,,negcon,,2.7917054,-9.63613
BR00117011,M05,U2OS,48,castanospermine,compound,BRD-K20897876-001-11-8,,['glucosidase inhibitor'],2.8939815,-8.9464855
BR00117011,M06,U2OS,48,A205804,compound,BRD-K77627880-001-04-0,,['ICAM1 expression inhibitor'],1.535161,-5.840038
BR00117011,M07,U2OS,48,VU591,compound,BRD-K72063794-003-01-0,,['potassium channel blocker'],1.0399884,-9.087896
BR00117011,M08,U2OS,48,dalbavancin,compound,BRD-K30177383-001-01-0,,['bacterial cell wall synthesis inhibitor'],-0.9446649,-8.179201
BR00117011,M09,U2OS,48,CC-401,compound,BRD-K45746021-003-01-9,,['JNK inhibitor'],0.08740859,-7.5210376
BR00117011,M10,U2OS,48,ganetespib,compound,BRD-K38852836-001-04-9,poscon_diverse,['HSP inhibitor'],-4.634977,-6.0921283
BR00117011,M11,U2OS,48,ingenol-mebutate,compound,BRD-K93779381-001-01-9,,,-0.9050504,-8.232911
BR00117011,M12,U2OS,48,menadione,compound,BRD-K78126613-001-27-7,,,-3.5778174,-6.701635
BR00117011,M13,U2OS,48,cetilistat,compound,BRD-K94863486-001-02-2,,,0.37909955,-7.964582
BR00117011,M14,U2OS,48,methoxsalen,compound,BRD-K63430059-001-16-4,,['DNA synthesis inhibitor'],0.9769387,-8.637377
BR00117011,M15,U2OS,48,cyclosporine,compound,BRD-K13533483-001-16-2,,,-2.0186272,-7.270504
BR00117011,M16,U2OS,48,NSC-632839,compound,BRD-K81197548-003-01-4,poscon_cp,['ubiquitin specific protease inhibitor'],-5.331929,-5.8168697
BR00117011,M17,U2OS,48,DMSO,compound,,negcon,,2.633237,-9.12231
BR00117011,M18,U2OS,48,TG-003,compound,BRD-K97072811-001-11-4,poscon_cp,,1.9245682,-8.377127
BR00117011,M19,U2OS,48,oxibendazole,compound,BRD-K52075715-001-06-7,,['tubulin polymerization inhibitor'],-4.5926,-7.0176086
BR00117011,M20,U2OS,48,TG-101348,compound,BRD-K12502280-001-11-4,poscon_cp,"['JAK inhibitor', 'FLT3 inhibitor']",-4.32153,-7.34256
BR00117011,M21,U2OS,48,miglitol,compound,BRD-A63310107-001-04-8,,['glucosidase inhibitor'],0.26969808,-7.6508355
BR00117011,M22,U2OS,48,DMSO,compound,,negcon,,2.1520846,-8.868867
BR00117011,M23,U2OS,48,DMSO,compound,,negcon,,2.9505405,-8.557969
BR00117011,M24,U2OS,48,tranilast,compound,BRD-K17849083-001-32-9,,,-0.42408624,-8.784558
BR00117011,N01,U2OS,48,4-methylhistamine,compound,BRD-K70821460-300-02-4,,['histamine receptor agonist'],1.3408471,-7.071093
BR00117011,N02,U2OS,48,LDN-27219,compound,BRD-K51485109-001-01-4,,,1.6834685,-7.5355453
BR00117011,N03,U2OS,48,anisomycin,compound,BRD-K91370081-001-25-1,,['DNA synthesis inhibitor'],-5.481033,-5.8178687
BR00117011,N04,U2OS,48,thioguanine,compound,BRD-K49350383-001-13-7,poscon_diverse,,-1.858962,-6.9577484
BR00117011,N05,U2OS,48,droxinostat,compound,BRD-K11558771-001-13-9,,['HDAC inhibitor'],-0.24918889,-7.353322
BR00117011,N06,U2OS,48,UNC2025,compound,BRD-K91283740-003-01-6,poscon_cp,['FLT3 inhibitor'],-4.5416255,-6.8771653
BR00117011,N07,U2OS,48,DMSO,compound,,negcon,,1.975486,-8.626677
BR00117011,N08,U2OS,48,DMSO,compound,,negcon,,2.5252926,-8.165281
BR00117011,N09,U2OS,48,AMG900,compound,BRD-K21728777-001-02-3,poscon_cp,['Aurora kinase inhibitor'],0.53362703,-4.9960237
BR00117011,N10,U2OS,48,PF-06463922,compound,BRD-A23124853-001-01-4,,['ALK tyrosine kinase receptor inhibitor'],-1.1250254,-7.3048353
BR00117011,N11,U2OS,48,orantinib,compound,BRD-K55966568-001-09-6,poscon_cp,"['FGFR inhibitor', 'PDGFR tyrosine kinase receptor inhibitor', 'VEGFR inhibitor']",1.2642317,-7.4179654
BR00117011,N12,U2OS,48,fludarabine-phosphate,compound,BRD-K71106091-001-09-5,,['ribonucleotide reductase inhibitor'],0.711402,-5.123589
BR00117011,N13,U2OS,48,ceritinib,compound,BRD-K22149900-001-06-2,,['ALK tyrosine kinase receptor inhibitor'],-1.5363647,-7.0362372
BR00117011,N14,U2OS,48,NVS-PAK1-1,compound,BRD-K28132190-001-02-0,poscon_cp,['p21 activated kinase inhibitor'],-2.0454936,-7.8547554
BR00117011,N15,U2OS,48,homoharringtonine,compound,BRD-K76674262-001-03-3,,['protein synthesis inhibitor'],-5.5928106,-5.818762
BR00117011,N16,U2OS,48,picrotoxinin,compound,BRD-K36461289-001-05-8,,['GABA receptor antagonist'],1.0864602,-8.033736
BR00117011,N17,U2OS,48,DMSO,compound,,negcon,,2.3084157,-9.190324
BR00117011,N18,U2OS,48,danusertib,compound,BRD-K07881437-001-03-8,poscon_diverse,"['growth factor receptor inhibitor', 'Aurora kinase inhibitor']",0.42654786,-5.004566
BR00117011,N19,U2OS,48,romidepsin,compound,BRD-K61397605-001-01-8,poscon_cp,['HDAC inhibitor'],-5.685393,-5.994969
BR00117011,N20,U2OS,48,FERb-033,compound,BRD-K61642990-001-01-0,poscon_cp,['EGFR inhibitor'],-1.9872996,-8.283709
BR00117011,N21,U2OS,48,PF-03758309,compound,BRD-K37764012-001-03-3,poscon_diverse,['p21 activated kinase inhibitor'],-4.4093094,-6.2937217
BR00117011,N22,U2OS,48,DMSO,compound,,negcon,,2.0532086,-8.688944
BR00117011,N23,U2OS,48,trometamol,compound,BRD-K47978074-001-03-2,,,0.66237724,-7.3998
BR00117011,N24,U2OS,48,simvastatin,compound,BRD-K22134346-001-22-3,,['HMGCR inhibitor'],-1.9684201,-7.5147004
BR00117011,O01,U2OS,48,zaprinast,compound,BRD-K16542329-001-16-8,,['phosphodiesterase inhibitor'],1.492794,-7.359082
BR00117011,O02,U2OS,48,dexamethasone,compound,BRD-A10188456-001-04-9,,['glucocorticoid receptor agonist'],-0.473391,-7.6624126
BR00117011,O03,U2OS,48,salicylic-acid,compound,BRD-K93632104-001-17-2,,['cyclooxygenase inhibitor'],2.7186778,-9.295447
BR00117011,O04,U2OS,48,diltiazem,compound,BRD-A69636825-003-04-7,,['calcium channel blocker'],0.18399586,-8.321251
BR00117011,O05,U2OS,48,phenolphthalein,compound,BRD-K19227686-001-18-6,,,2.61546,-9.054755
BR00117011,O06,U2OS,48,niflumic-acid,compound,BRD-K98763141-001-30-8,,['cyclooxygenase inhibitor'],1.7544305,-7.8267465
BR00117011,O07,U2OS,48,DMSO,compound,,negcon,,1.7473112,-8.1456175
BR00117011,O08,U2OS,48,L-Cystine,compound,BRD-A15397381-001-02-5,,,1.8662028,-8.360629
BR00117011,O09,U2OS,48,ozanimod,compound,BRD-K46625559-001-01-8,,['sphingosine 1 phosphate receptor agonist'],-2.4115343,-8.82983
BR00117011,O10,U2OS,48,efaroxan,compound,BRD-A10739734-003-09-8,,['adrenergic receptor antagonist'],1.5679116,-7.1377807
BR00117011,O11,U2OS,48,NBQX,compound,BRD-K11796549-001-05-2,,['glutamate receptor antagonist'],1.7965261,-8.559004
BR00117011,O12,U2OS,48,dinoprostone,compound,BRD-K26521938-001-07-2,,['prostanoid receptor agonist'],0.20265035,-7.8420205
BR00117011,O13,U2OS,48,Ro-20-1724,compound,BRD-A07207424-001-14-0,,['phosphodiesterase inhibitor'],1.58233,-8.179139
BR00117011,O14,U2OS,48,xanomeline,compound,BRD-K72815923-034-02-0,,['acetylcholine receptor agonist'],1.4757563,-8.6550255
BR00117011,O15,U2OS,48,terazosin,compound,BRD-K01825589-310-02-9,,['adrenergic receptor antagonist'],2.296346,-7.6491365
BR00117011,O16,U2OS,48,BVT-948,compound,BRD-K68567222-001-01-2,,,-4.2297387,-5.7819133
BR00117011,O17,U2OS,48,nicotine,compound,BRD-K01825660-322-01-9,,['acetylcholine receptor agonist'],2.42831,-7.839149
BR00117011,O18,U2OS,48,DMSO,compound,,negcon,,2.0302653,-9.115373
BR00117011,O19,U2OS,48,U-0521,compound,BRD-K08953028-001-09-6,,,0.4057203,-8.604273
BR00117011,O20,U2OS,48,BMS-587101,compound,BRD-K20093108-001-02-3,,,1.1358039,-7.9876437
BR00117011,O21,U2OS,48,nimodipine,compound,BRD-A58048407-001-20-4,,['calcium channel blocker'],0.8714433,-7.6459694
BR00117011,O22,U2OS,48,pyrrolidine-dithiocarbamate,compound,BRD-K80970344-201-08-6,,,-5.695211,-5.8250494
BR00117011,O23,U2OS,48,PF-915275,compound,BRD-K18289362-001-02-2,,,-0.026350016,-9.549484
BR00117011,O24,U2OS,48,JTE-013,compound,BRD-K43330982-001-02-3,,,-0.2874103,-9.384607
BR00117011,P01,U2OS,48,sodium-butyrate,compound,BRD-K05878375-236-05-7,,['HDAC inhibitor'],0.5536425,-6.50482
BR00117011,P02,U2OS,48,pentostatin,compound,BRD-K91543828-001-02-0,,['ribonucleotide reductase inhibitor'],1.4987391,-6.8461375
BR00117011,P03,U2OS,48,OMDM-2,compound,BRD-K48830578-001-01-9,,,1.3706433,-7.107098
BR00117011,P04,U2OS,48,nalmefene,compound,BRD-A72767275-003-01-6,,,1.1085776,-7.6181746
BR00117011,P05,U2OS,48,DMSO,compound,,negcon,,2.1329417,-9.024481
BR00117011,P06,U2OS,48,1-EBIO,compound,BRD-K70586315-001-02-4,,,0.58358026,-7.6075554
BR00117011,P07,U2OS,48,SB-505124,compound,BRD-K40109029-001-02-9,,['ALK tyrosine kinase receptor inhibitor'],-0.55977094,-9.653627
BR00117011,P08,U2OS,48,prasugrel,compound,BRD-A83029242-001-06-1,,['purinergic receptor antagonist'],0.1982156,-8.645624
BR00117011,P09,U2OS,48,pidolic-acid,compound,BRD-K57313110-001-06-8,,,1.5651603,-6.886948
BR00117011,P10,U2OS,48,DMSO,compound,,negcon,,0.20764041,-9.367391
BR00117011,P11,U2OS,48,nevirapine,compound,BRD-K15502390-001-20-9,,,0.8295042,-6.7584114
BR00117011,P12,U2OS,48,triamterene,compound,BRD-K92049597-001-20-8,,['sodium channel blocker'],-0.43216613,-8.132271
BR00117011,P13,U2OS,48,regorafenib,compound,BRD-K16730910-001-07-3,,"['PDGFR tyrosine kinase receptor inhibitor', 'RAF inhibitor', 'KIT inhibitor', 'RET tyrosine kinase inhibitor', 'FGFR inhibitor', 'VEGFR inhibitor']",-0.6386107,-7.811453
BR00117011,P14,U2OS,48,cyclophosphamide,compound,BRD-A09722536-002-18-0,,,1.2429148,-7.626208
BR00117011,P15,U2OS,48,olanzapine,compound,BRD-K18895904-001-16-1,,"['dopamine receptor antagonist', 'serotonin receptor antagonist']",-2.0836868,-9.203937
BR00117011,P16,U2OS,48,KI-16425,compound,BRD-A25569250-001-03-3,,['lysophosphatidic acid receptor antagonist'],0.7830426,-7.181729
BR00117011,P17,U2OS,48,SKLB1002,compound,BRD-K29895144-001-01-0,,['VEGFR inhibitor'],0.32696,-5.204455
BR00117011,P18,U2OS,48,cilostazol,compound,BRD-K67017579-001-28-1,,['phosphodiesterase inhibitor'],-0.011668103,-8.717033
BR00117011,P19,U2OS,48,AZD1283,compound,BRD-K77060810-001-01-5,,['purinergic receptor antagonist'],0.882403,-7.940533
BR00117011,P20,U2OS,48,A-987306,compound,BRD-K68982262-001-01-4,,['histamine receptor antagonist'],-2.3565106,-9.175906
BR00117011,P21,U2OS,48,procaine,compound,BRD-K24616672-003-20-1,,['HMGCR inhibitor'],0.86528283,-7.521628
BR00117011,P22,U2OS,48,miconazole,compound,BRD-A82396632-008-30-8,,['bacterial cell wall synthesis inhibitor'],-0.4858229,-8.477119
BR00117011,P23,U2OS,48,loperamide,compound,BRD-K61250553-003-30-6,,,-0.4745169,-9.010864
BR00117011,P24,U2OS,48,aripiprazole,compound,BRD-K70358946-001-17-3,,['serotonin receptor antagonist'],-0.5587193,-9.180469
BR00117012,A01,U2OS,48,gabapentin-enacarbil,compound,BRD-A86665761-001-01-1,,,1.0966532,-10.152437
BR00117012,A02,U2OS,48,DMSO,compound,,negcon,,1.5117098,-9.947046
BR00117012,A03,U2OS,48,amlodipine,compound,BRD-A22032524-074-09-9,,['calcium channel blocker'],-5.781271,-6.1058574
BR00117012,A04,U2OS,48,hexestrol,compound,BRD-A01078468-001-14-8,,,0.6304609,-10.520154
BR00117012,A05,U2OS,48,quinine,compound,BRD-K48278478-001-01-2,,,-5.7801237,-6.192156
BR00117012,A06,U2OS,48,LOXO-101,compound,BRD-K36574127-001-01-3,,,0.6079292,-10.467165
BR00117012,A07,U2OS,48,brinzolamide,compound,BRD-K74913225-001-14-0,,['carbonic anhydrase inhibitor'],0.6669525,-10.642258
BR00117012,A08,U2OS,48,NS-11021,compound,BRD-K94342292-001-01-3,,['calcium-activated potassium channel activator'],-0.6909764,-9.918113
BR00117012,A09,U2OS,48,DMSO,compound,,negcon,,1.1154894,-9.809917
BR00117012,A10,U2OS,48,GNF-5837,compound,BRD-K19975102-001-01-2,,['growth factor receptor inhibitor'],-0.09016943,-9.526641
BR00117012,A11,U2OS,48,apatinib,compound,BRD-K25244359-066-02-6,,['RET tyrosine kinase inhibitor'],-0.30345345,-9.8267145
BR00117012,A12,U2OS,48,ethoxzolamide,compound,BRD-K18131774-001-18-4,,['carbonic anhydrase inhibitor'],0.22545429,-10.221682
BR00117012,A13,U2OS,48,ascorbic-acid,compound,BRD-A85242401-001-11-5,,,-0.12677917,-10.175154
BR00117012,A14,U2OS,48,ryuvidine,compound,BRD-K06426971-001-02-7,,['histone lysine methyltransferase inhibitor'],-5.577073,-5.3359637
BR00117012,A15,U2OS,48,BAN-ORL-24,compound,BRD-K47049295-300-03-1,,,-2.7887208,-8.33999
BR00117012,A16,U2OS,48,NNC-55-0396,compound,BRD-K78122587-300-04-3,,,-2.750424,-8.791617
BR00117012,A17,U2OS,48,DMSO,compound,,negcon,,0.11837382,-10.152413
BR00117012,A18,U2OS,48,WH-4-023,compound,BRD-K50199947-001-03-4,,['src inhibitor'],-2.882025,-8.303536
BR00117012,A19,U2OS,48,flupirtine,compound,BRD-K50720187-051-03-1,,['glutamate receptor antagonist'],-0.24897918,-10.096697
BR00117012,A20,U2OS,48,ZK811752,compound,BRD-K91825936-001-03-9,,,0.0017635032,-10.472001
BR00117012,A21,U2OS,48,dexamethasone,compound,BRD-K38775274-001-22-1,,['glucocorticoid receptor agonist'],-0.016446833,-10.524444
BR00117012,A22,U2OS,48,PP-1,compound,BRD-K47598052-001-14-1,,['src inhibitor'],-0.24258405,-10.000333
BR00117012,A23,U2OS,48,DDR1-IN-1,compound,BRD-K61845293-300-01-9,,,-1.8111429,-9.286584
BR00117012,A24,U2OS,48,AVL-292,compound,BRD-K87782578-001-01-4,,"[""Bruton's tyrosine kinase (BTK) inhibitor""]",-0.45443797,-10.344623
BR00117012,B01,U2OS,48,H2L-5765834,compound,BRD-K26439554-001-01-3,,['lysophosphatidic acid receptor antagonist'],1.196802,-8.282092
BR00117012,B02,U2OS,48,thiostrepton,compound,BRD-K58049875-001-03-9,,['protein synthesis inhibitor'],-5.2288146,-5.9830856
BR00117012,B03,U2OS,48,DMSO,compound,,negcon,,2.1207523,-8.272171
BR00117012,B04,U2OS,48,arcyriaflavin-a,compound,BRD-K72726508-001-02-1,,['CDK inhibitor'],-2.1884184,-7.1716366
BR00117012,B05,U2OS,48,CYM-5520,compound,BRD-K29151923-001-01-5,,['sphingosine 1 phosphate receptor agonist'],1.575398,-7.631445
BR00117012,B06,U2OS,48,fludarabine,compound,BRD-K66788707-001-14-3,,['ribonucleotide reductase inhibitor'],0.89255553,-5.4432235
BR00117012,B07,U2OS,48,alda-1,compound,BRD-K06890060-001-09-1,,,1.6743102,-8.715316
BR00117012,B08,U2OS,48,meclofenamic-acid,compound,BRD-K50398167-236-22-7,,"['cyclooxygenase inhibitor', 'prostanoid receptor antagonist']",1.4798915,-8.358605
BR00117012,B09,U2OS,48,GNF-5,compound,BRD-K87632963-001-03-0,,['Bcr-Abl kinase inhibitor'],1.2468992,-6.577982
BR00117012,B10,U2OS,48,NS-309,compound,BRD-K37602296-001-01-6,,['calcium-activated potassium channel activator'],0.6965214,-7.489327
BR00117012,B11,U2OS,48,AK-7,compound,BRD-K09143580-001-01-0,,['SIRT inhibitor'],0.27088097,-8.885927
BR00117012,B12,U2OS,48,BVT-948,compound,BRD-A22713669-001-04-3,,,-5.509508,-5.290906
BR00117012,B13,U2OS,48,SirReal-2,compound,BRD-K16472653-001-01-6,,['SIRT inhibitor'],-0.041303795,-8.232528
BR00117012,B14,U2OS,48,DMSO,compound,,negcon,,1.8763498,-8.758628
BR00117012,B15,U2OS,48,BMS-536924,compound,BRD-K34581968-001-05-3,,['IGF-1 inhibitor'],-2.3397717,-7.199522
BR00117012,B16,U2OS,48,PP-121,compound,BRD-K81801188-001-02-8,,['protein tyrosine kinase inhibitor'],-5.558242,-5.9708896
BR00117012,B17,U2OS,48,MCOPPB,compound,BRD-K73276278-305-01-1,,,-3.4280639,-8.685146
BR00117012,B18,U2OS,48,ozagrel,compound,BRD-K53061490-003-13-9,,,1.1542308,-8.876944
BR00117012,B19,U2OS,48,CYM-5442,compound,BRD-A43005764-003-01-5,,['sphingosine 1 phosphate receptor agonist'],-2.4781423,-8.99819
BR00117012,B20,U2OS,48,CVT-10216,compound,BRD-K60659193-001-01-0,,,1.9235948,-9.773209
BR00117012,B21,U2OS,48,TCN201,compound,BRD-K09787262-001-02-7,,['glutamate receptor antagonist'],1.2211703,-9.971242
BR00117012,B22,U2OS,48,fomepizole,compound,BRD-K56810756-003-07-7,,['alcohol dehydrogenase inhibitor'],0.31209597,-9.7253685
BR00117012,B23,U2OS,48,benzamil,compound,BRD-K87158025-003-08-7,,['sodium channel blocker'],0.27508923,-9.965152
BR00117012,B24,U2OS,48,lercanidipine,compound,BRD-A18992208-003-02-7,,['calcium channel blocker'],-0.2939825,-9.621791
BR00117012,C01,U2OS,48,4-CMTB,compound,BRD-A54139254-001-09-2,,['free fatty acid receptor agonist'],1.2285564,-10.106769
BR00117012,C02,U2OS,48,ML-228,compound,BRD-K44432556-001-05-5,,,1.4324267,-10.756271
BR00117012,C03,U2OS,48,DMSO,compound,,negcon,,1.366391,-10.269151
BR00117012,C04,U2OS,48,GSK1070916,compound,BRD-K36740062-001-06-6,,['Aurora kinase inhibitor'],-3.0394425,-6.596531
BR00117012,C05,U2OS,48,ML-193,compound,BRD-K27539181-001-08-5,,,1.3145659,-10.276152
BR00117012,C06,U2OS,48,DMSO,compound,,negcon,,1.2645907,-10.5804615
BR00117012,C07,U2OS,48,M-25,compound,BRD-K51265828-001-01-0,,['smoothened receptor antagonist'],0.8203886,-10.440345
BR00117012,C08,U2OS,48,azeliragon,compound,BRD-K51899933-001-02-6,,['RAGE receptor antagonist'],-4.9853487,-6.121109
BR00117012,C09,U2OS,48,CYT-997,compound,BRD-K23363278-001-02-1,poscon_diverse,['tubulin polymerization inhibitor'],-5.7068963,-6.174176
BR00117012,C10,U2OS,48,AR-12,compound,BRD-K90497590-001-05-9,,,-5.349911,-5.2886796
BR00117012,C11,U2OS,48,CYM-50260,compound,BRD-K69877120-001-01-7,,['sphingosine 1 phosphate receptor agonist'],0.7728034,-9.8186
BR00117012,C12,U2OS,48,DMSO,compound,,negcon,,0.97483635,-10.059854
BR00117012,C13,U2OS,48,KG-5,compound,BRD-K90747162-001-01-4,poscon_cp,['RAF inhibitor'],-4.0842957,-7.122309
BR00117012,C14,U2OS,48,JTE-607,compound,BRD-K81405859-300-01-4,,,0.34698775,-5.1954064
BR00117012,C15,U2OS,48,DMSO,compound,,negcon,,1.2166011,-9.7336445
BR00117012,C16,U2OS,48,ilomastat,compound,BRD-K51662849-001-05-4,,['matrix metalloprotease inhibitor'],0.35957974,-10.052244
BR00117012,C17,U2OS,48,RX-821002,compound,BRD-A65597028-003-08-1,,['adrenergic receptor antagonist'],1.641871,-9.938587
BR00117012,C18,U2OS,48,DMSO,compound,,negcon,,1.6804849,-10.067982
BR00117012,C19,U2OS,48,TUG-891,compound,BRD-K24282351-001-01-4,,['free fatty acid receptor agonist'],1.3510393,-9.443704
BR00117012,C20,U2OS,48,ponatinib,compound,BRD-K44227013-001-08-0,,"['PDGFR tyrosine kinase receptor inhibitor', 'FLT3 inhibitor', 'Bcr-Abl kinase inhibitor']",-5.4289174,-5.783911
BR00117012,C21,U2OS,48,DMSO,compound,,negcon,,1.468737,-10.110501
BR00117012,C22,U2OS,48,puromycin,compound,BRD-K01824976-300-02-9,,['protein synthesis inhibitor'],-5.7653327,-5.86793
BR00117012,C23,U2OS,48,SRC-kinase-inhibitor-I,compound,BRD-K50495309-001-02-0,,['src inhibitor'],-0.64126605,-10.094265
BR00117012,C24,U2OS,48,acetylcysteine,compound,BRD-K59058747-001-19-1,,,0.14686172,-10.52459
BR00117012,D01,U2OS,48,NSC-625987,compound,BRD-K62949423-001-03-1,,['CDK inhibitor'],0.72489136,-7.493839
BR00117012,D02,U2OS,48,dalfampridine,compound,BRD-K22482860-001-20-6,,['potassium channel blocker'],1.0802051,-7.7580514
BR00117012,D03,U2OS,48,NSC-95397,compound,BRD-K68143200-001-11-7,,['CDC inhibitor'],-5.129967,-5.7353797
BR00117012,D04,U2OS,48,alrestatin,compound,BRD-K35498378-001-06-1,,['aldose reductase inhibitor'],1.5812579,-7.4171834
BR00117012,D05,U2OS,48,PF-03758309,compound,BRD-K37764012-001-03-3,poscon_diverse,['p21 activated kinase inhibitor'],1.5952903,-7.9833364
BR00117012,D06,U2OS,48,IRL-2500,compound,BRD-K98357249-001-02-9,,['endothelin receptor antagonist'],1.5501873,-7.9141827
BR00117012,D07,U2OS,48,PF-04217903,compound,BRD-K73319509-001-08-0,poscon_cp,,1.6251917,-8.600626
BR00117012,D08,U2OS,48,FK-866,compound,BRD-K58550667-001-08-7,poscon_diverse,,-3.4599276,-4.9227977
BR00117012,D09,U2OS,48,amlexanox,compound,BRD-K29530284-001-06-2,,,1.6340735,-8.356432
BR00117012,D10,U2OS,48,GW-311616,compound,BRD-K37864785-001-01-0,,['elastase inhibitor'],0.91254085,-7.1852674
BR00117012,D11,U2OS,48,buparlisib,compound,BRD-K42191735-001-08-7,poscon_diverse,,-5.2228627,-6.4918094
BR00117012,D12,U2OS,48,amiloride,compound,BRD-K97181089-003-24-7,,['sodium channel blocker'],-0.12240436,-7.405436
BR00117012,D13,U2OS,48,DG-172,compound,BRD-K75748943-300-01-3,,,-2.4247327,-9.142221
BR00117012,D14,U2OS,48,DMSO,compound,,negcon,,1.2306151,-6.2931924
BR00117012,D15,U2OS,48,DMSO,compound,,negcon,,2.26576,-9.384866
BR00117012,D16,U2OS,48,NVP-ADW742,compound,BRD-K15179513-001-04-2,poscon_cp,,-3.3302603,-8.470428
BR00117012,D17,U2OS,48,misoprostol,compound,BRD-A72351335-001-04-5,,['prostanoid receptor agonist'],0.42238832,-5.324466
BR00117012,D18,U2OS,48,conivaptan,compound,BRD-K37385792-003-02-1,,,-1.3055383,-8.989069
BR00117012,D19,U2OS,48,spiroxatrine,compound,BRD-A72483914-001-03-7,,['serotonin receptor antagonist'],1.6117419,-9.838239
BR00117012,D20,U2OS,48,diacerein,compound,BRD-K69122748-001-10-1,,,1.8332272,-9.785247
BR00117012,D21,U2OS,48,DMSO,compound,,negcon,,1.5254672,-10.160955
BR00117012,D22,U2OS,48,DMSO,compound,,negcon,,1.6370379,-10.23593
BR00117012,D23,U2OS,48,glyburide,compound,BRD-K36927236-001-36-7,,['ATP channel blocker'],0.45573863,-10.564584
BR00117012,D24,U2OS,48,ANR-94,compound,BRD-K31170746-001-01-6,,,0.25537148,-10.484149
BR00117012,E01,U2OS,48,TFC-007,compound,BRD-K57708067-001-01-3,,,1.37273,-10.766567
BR00117012,E02,U2OS,48,trihexyphenidyl,compound,BRD-A48180038-003-24-3,,['acetylcholine receptor antagonist'],1.1841763,-10.475837
BR00117012,E03,U2OS,48,epoprostenol,compound,BRD-K64054020-001-02-7,,,1.5395616,-10.828122
BR00117012,E04,U2OS,48,sacubitril,compound,BRD-K91456750-001-01-9,,,1.3792217,-10.681434
BR00117012,E05,U2OS,48,danusertib,compound,BRD-K07881437-001-03-8,poscon_diverse,"['growth factor receptor inhibitor', 'Aurora kinase inhibitor']",-0.12782483,-5.5828295
BR00117012,E06,U2OS,48,CYT-997,compound,BRD-K23363278-001-02-1,poscon_diverse,['tubulin polymerization inhibitor'],-5.4466834,-5.950003
BR00117012,E07,U2OS,48,DMSO,compound,,negcon,,1.6302657,-10.541684
BR00117012,E08,U2OS,48,BQ-788,compound,BRD-K02490038-236-03-8,,['endothelin receptor antagonist'],1.4420862,-10.406403
BR00117012,E09,U2OS,48,SB-202190,compound,BRD-K54330070-001-19-6,poscon_orf,['p38 MAPK inhibitor'],0.7503948,-9.8608055
BR00117012,E10,U2OS,48,GSK2110183,compound,BRD-K25412176-001-01-9,poscon_diverse,,-1.1345538,-8.244398
BR00117012,E11,U2OS,48,GSK3787,compound,BRD-K03155172-001-03-0,,['PPAR receptor antagonist'],0.7769628,-9.946998
BR00117012,E12,U2OS,48,BAM7,compound,BRD-K07442505-001-03-6,,,1.0822928,-10.04742
BR00117012,E13,U2OS,48,PHA-793887,compound,BRD-K64800655-001-09-0,poscon_diverse,['CDK inhibitor'],-4.1326227,-6.21088
BR00117012,E14,U2OS,48,DMSO,compound,,negcon,,1.7933836,-10.024297
BR00117012,E15,U2OS,48,GSK-37647,compound,BRD-K26514105-001-01-7,,['free fatty acid receptor agonist'],0.046768196,-10.118259
BR00117012,E16,U2OS,48,desonide,compound,BRD-K21528677-001-04-4,,['glucocorticoid receptor agonist'],0.8726971,-9.785392
BR00117012,E17,U2OS,48,DMSO,compound,,negcon,,1.1559045,-10.077664
BR00117012,E18,U2OS,48,aloxistatin,compound,BRD-K91188791-001-17-5,,,0.8295339,-9.956628
BR00117012,E19,U2OS,48,azathioprine,compound,BRD-K32821942-001-22-1,,,1.3467287,-9.411282
BR00117012,E20,U2OS,48,ZK-93423,compound,BRD-K33882852-003-02-8,poscon_diverse,['benzodiazepine receptor agonist'],-0.17061827,-9.864049
BR00117012,E21,U2OS,48,BI-2536,compound,BRD-K64890080-001-02-1,poscon_diverse,,-4.527577,-7.243646
BR00117012,E22,U2OS,48,EI1,compound,BRD-K91535048-001-01-2,poscon_cp,['histone lysine methyltransferase inhibitor'],0.41082573,-10.252461
BR00117012,E23,U2OS,48,NVP-HSP990,compound,BRD-K67915505-001-01-2,,['HSP inhibitor'],-4.874859,-6.083974
BR00117012,E24,U2OS,48,DMSO,compound,,negcon,,0.38654432,-10.472383
BR00117012,F01,U2OS,48,DMSO,compound,,negcon,,1.360415,-8.198372
BR00117012,F02,U2OS,48,nialamide,compound,BRD-K12102668-001-25-5,,,1.5970857,-7.746476
BR00117012,F03,U2OS,48,DMSO,compound,,negcon,,2.1874657,-8.517849
BR00117012,F04,U2OS,48,arundic-acid,compound,BRD-K49223707-001-01-0,,,1.996074,-7.5709186
BR00117012,F05,U2OS,48,torcitabine,compound,BRD-K91822704-003-07-2,,,1.2303691,-8.722798
BR00117012,F06,U2OS,48,DMSO,compound,,negcon,,1.6086118,-8.502541
BR00117012,F07,U2OS,48,epothilone-b,compound,BRD-K68164687-001-01-6,,"['microtubule stabilizing agent', 'tubulin polymerization inhibitor']",-4.313377,-7.300449
BR00117012,F08,U2OS,48,dyphylline,compound,BRD-A00827783-001-24-6,,['phosphodiesterase inhibitor'],1.5218803,-7.921988
BR00117012,F09,U2OS,48,DMSO,compound,,negcon,,0.8798223,-9.115026
BR00117012,F10,U2OS,48,quinidine,compound,BRD-K59632282-052-03-1,,['sodium channel blocker'],-0.21689664,-9.666617
BR00117012,F11,U2OS,48,halopemide,compound,BRD-K50055394-001-03-6,,,-0.73298025,-8.121575
BR00117012,F12,U2OS,48,sulfinpyrazone,compound,BRD-A36217750-001-16-3,,,1.1903017,-8.582754
BR00117012,F13,U2OS,48,ML-323,compound,BRD-K93942811-001-01-3,poscon_cp,['ubiquitin specific protease inhibitor'],-0.40134868,-9.124428
BR00117012,F14,U2OS,48,racecadotril,compound,BRD-A08187463-001-12-9,,,1.1043652,-8.653413
BR00117012,F15,U2OS,48,BRL-50481,compound,BRD-K84266862-001-03-2,,['phosphodiesterase inhibitor'],1.6683205,-7.5451407
BR00117012,F16,U2OS,48,GSK2110183,compound,BRD-K25412176-001-01-9,poscon_diverse,,-1.2592024,-8.079408
BR00117012,F17,U2OS,48,bufexamac,compound,BRD-K36660044-001-24-2,,['cyclooxygenase inhibitor'],-0.105773605,-7.9920545
BR00117012,F18,U2OS,48,anandamide,compound,BRD-K42352790-001-05-3,,,2.4270585,-9.606958
BR00117012,F19,U2OS,48,thioguanine,compound,BRD-K49350383-001-13-7,poscon_diverse,,-1.781167,-7.345065
BR00117012,F20,U2OS,48,IWP-L6,compound,BRD-K53234107-001-01-6,,['porcupine inhibitor'],0.9034272,-9.671086
BR00117012,F21,U2OS,48,edoxaban,compound,BRD-K29322660-001-01-9,,['coagulation factor inhibitor'],1.3369533,-9.503462
BR00117012,F22,U2OS,48,lonafarnib,compound,BRD-K41599323-001-02-3,poscon_diverse,,-1.8210407,-7.98988
BR00117012,F23,U2OS,48,ibutamoren,compound,BRD-K44771174-066-01-0,,,0.5496694,-10.56224
BR00117012,F24,U2OS,48,somatostatin,compound,BRD-K14681867-001-01-6,,['somatostatin receptor agonist'],0.14411536,-10.558881
BR00117012,G01,U2OS,48,L-proline,compound,BRD-K01666412-001-02-0,,,0.7698777,-10.271002
BR00117012,G02,U2OS,48,zamifenacin,compound,BRD-K80451230-051-02-6,,['acetylcholine receptor antagonist'],1.4674147,-10.7935
BR00117012,G03,U2OS,48,YC-1,compound,BRD-K60476892-001-16-1,,,-5.2830386,-5.731581
BR00117012,G04,U2OS,48,DMSO,compound,,negcon,,2.262479,-9.967525
BR00117012,G05,U2OS,48,ME-0328,compound,BRD-K24283677-001-01-9,,['PPAR receptor antagonist'],1.5506982,-10.771445
BR00117012,G06,U2OS,48,NSC-663284,compound,BRD-K03109492-001-02-2,,['CDC inhibitor'],-5.5003366,-5.2682724
BR00117012,G07,U2OS,48,CYM-50358,compound,BRD-K80666802-003-01-0,,,1.4553465,-10.735226
BR00117012,G08,U2OS,48,trazodone,compound,BRD-K70778732-003-27-5,,"['adrenergic receptor antagonist', 'serotonin receptor antagonist']",0.8582925,-10.373737
BR00117012,G09,U2OS,48,DMSO,compound,,negcon,,1.4926296,-10.719626
BR00117012,G10,U2OS,48,DMSO,compound,,negcon,,1.6041586,-10.587326
BR00117012,G11,U2OS,48,sulfasalazine,compound,BRD-K10670311-001-17-1,,['cyclooxygenase inhibitor'],1.1752197,-10.405067
BR00117012,G12,U2OS,48,"2,5-furandimethanol",compound,BRD-K29791386-001-01-8,,,1.1728514,-9.981144
BR00117012,G13,U2OS,48,DMSO,compound,,negcon,,1.2649447,-10.08216
BR00117012,G14,U2OS,48,dilazep,compound,BRD-K48722258-300-11-0,,,1.246547,-9.630993
BR00117012,G15,U2OS,48,felodipine,compound,BRD-A30815329-001-12-1,,['calcium channel blocker'],1.4848723,-10.00606
BR00117012,G16,U2OS,48,paliperidone,compound,BRD-A99888680-001-05-3,,"['dopamine receptor antagonist', 'serotonin receptor antagonist']",0.968547,-9.948726
BR00117012,G17,U2OS,48,purvalanol-a,compound,BRD-K50836978-001-03-3,poscon_orf,['CDK inhibitor'],0.09412297,-5.913652
BR00117012,G18,U2OS,48,DMSO,compound,,negcon,,1.3696451,-9.902501
BR00117012,G19,U2OS,48,Ro-1138452,compound,BRD-K77220725-003-01-5,,['prostanoid receptor antagonist'],0.056833427,-7.6365604
BR00117012,G20,U2OS,48,sorbinil,compound,BRD-A89164055-001-03-3,,['aldose reductase inhibitor'],1.0407058,-9.979804
BR00117012,G21,U2OS,48,TC-S-7004,compound,BRD-K89517477-001-01-4,poscon_cp,['DYRK inhibitor'],0.058025073,-10.267449
BR00117012,G22,U2OS,48,saclofen,compound,BRD-A24122750-001-03-7,,['GABA receptor antagonist'],0.8789702,-9.821634
BR00117012,G23,U2OS,48,BAY-87-2243,compound,BRD-K70463136-001-01-5,,,0.18821162,-9.967169
BR00117012,G24,U2OS,48,ibudilast,compound,BRD-K16444452-001-09-1,,['phosphodiesterase inhibitor'],1.0561197,-10.105814
BR00117012,H01,U2OS,48,briciclib,compound,BRD-K05531427-001-01-7,,,-4.936389,-6.7751346
BR00117012,H02,U2OS,48,2-Oleoylglycerol,compound,BRD-K77087341-001-02-4,,,1.6934047,-7.664401
BR00117012,H03,U2OS,48,RGFP966,compound,BRD-K61688984-001-02-9,poscon_cp,['HDAC inhibitor'],-1.496993,-6.9868436
BR00117012,H04,U2OS,48,DMSO,compound,,negcon,,1.8818307,-7.849953
BR00117012,H05,U2OS,48,azacitidine,compound,BRD-K03406345-001-21-1,poscon_diverse,,0.6847661,-6.211851
BR00117012,H06,U2OS,48,N6-cyclopentyladenosine,compound,BRD-K60150510-001-15-6,,,1.5554577,-7.6833167
BR00117012,H07,U2OS,48,filgotinib,compound,BRD-K16803204-001-01-6,poscon_cp,['JAK inhibitor'],0.51070344,-6.93427
BR00117012,H08,U2OS,48,guanidine,compound,BRD-K76037122-001-02-5,,['HSP inhibitor'],1.0536395,-8.821034
BR00117012,H09,U2OS,48,coumarin,compound,BRD-K23913458-001-20-7,,,-0.39072436,-8.087339
BR00117012,H10,U2OS,48,DMSO,compound,,negcon,,1.7095768,-9.311222
BR00117012,H11,U2OS,48,ZM-336372,compound,BRD-K73789395-001-09-9,poscon_orf,['RAF inhibitor'],2.0803084,-7.102345
BR00117012,H12,U2OS,48,citric-acid,compound,BRD-K76792669-001-08-1,,['coagulation factor inhibitor'],1.4404296,-8.621426
BR00117012,H13,U2OS,48,DMSO,compound,,negcon,,1.5774181,-8.989447
BR00117012,H14,U2OS,48,CCG-63802,compound,BRD-K26970495-001-02-7,,['G protein signaling inhibitor'],-0.2415865,-9.637021
BR00117012,H15,U2OS,48,ibutilide,compound,BRD-A74391928-051-03-9,,['potassium channel blocker'],0.20315538,-8.9000025
BR00117012,H16,U2OS,48,batimastat,compound,BRD-K82818427-001-04-8,,['matrix metalloprotease inhibitor'],-0.95229423,-9.132603
BR00117012,H17,U2OS,48,DMSO,compound,,negcon,,1.8796587,-9.324399
BR00117012,H18,U2OS,48,DMSO,compound,,negcon,,2.2804606,-9.672173
BR00117012,H19,U2OS,48,UNC1999,compound,BRD-K26989966-001-04-3,poscon_cp,['histone lysine methyltransferase inhibitor'],-5.114471,-6.2406654
BR00117012,H20,U2OS,48,glutamine-(l),compound,BRD-K83896451-001-06-7,,,2.8834677,-9.104883
BR00117012,H21,U2OS,48,PD-98059,compound,BRD-K62810658-001-11-4,poscon_orf,,0.67706656,-9.858466
BR00117012,H22,U2OS,48,enilconazole,compound,BRD-K01825690-065-01-9,,,0.6038846,-9.696846
BR00117012,H23,U2OS,48,N-alpha-Methylhistamine-dihydrochloride,compound,BRD-K75390981-300-04-9,,['histamine receptor agonist'],0.577184,-9.819271
BR00117012,H24,U2OS,48,GK921,compound,BRD-K38272302-001-02-7,,,-4.427184,-5.8567023
BR00117012,I01,U2OS,48,nilvadipine,compound,BRD-A84687895-001-03-2,,['calcium channel blocker'],0.9427278,-10.100302
BR00117012,I02,U2OS,48,DMSO,compound,,negcon,,1.2247297,-10.483273
BR00117012,I03,U2OS,48,AC-710,compound,BRD-K15819326-001-01-6,,['PDGFR tyrosine kinase receptor inhibitor'],-2.5167863,-8.708911
BR00117012,I04,U2OS,48,PETCM,compound,BRD-A93477898-001-04-2,,,2.034653,-10.049565
BR00117012,I05,U2OS,48,AZD7762,compound,BRD-K86525559-001-07-8,poscon_diverse,['CHK inhibitor'],-5.321586,-5.5593863
BR00117012,I06,U2OS,48,PHA-793887,compound,BRD-K64800655-001-09-0,poscon_diverse,['CDK inhibitor'],-5.278197,-5.7318635
BR00117012,I07,U2OS,48,KU-60019,compound,BRD-K36016295-001-05-2,,['ATM kinase inhibitor'],0.4228534,-10.63265
BR00117012,I08,U2OS,48,nafamostat,compound,BRD-K06674495-334-04-0,,,0.6722629,-10.686422
BR00117012,I09,U2OS,48,DMSO,compound,,negcon,,1.6430658,-10.169223
BR00117012,I10,U2OS,48,DMSO,compound,,negcon,,1.8727187,-10.060914
BR00117012,I11,U2OS,48,taladegib,compound,BRD-K50498985-001-03-3,,['smoothened receptor antagonist'],1.2548925,-10.173771
BR00117012,I12,U2OS,48,acetohexamide,compound,BRD-K52960356-001-13-0,,['ATP channel blocker'],1.3529687,-9.909312
BR00117012,I13,U2OS,48,minocycline,compound,BRD-A69651145-003-11-4,,,-0.005603718,-10.296994
BR00117012,I14,U2OS,48,BI-2536,compound,BRD-K64890080-001-02-1,poscon_diverse,,-4.6594024,-7.113719
BR00117012,I15,U2OS,48,riociguat,compound,BRD-K84783599-001-01-0,,,1.3771209,-10.043924
BR00117012,I16,U2OS,48,CP-724714,compound,BRD-K76908866-001-07-6,poscon_cp,"['EGFR inhibitor', 'protein tyrosine kinase inhibitor']",-0.25413486,-10.11335
BR00117012,I17,U2OS,48,ganetespib,compound,BRD-K38852836-001-04-9,poscon_diverse,['HSP inhibitor'],-4.7742624,-6.073796
BR00117012,I18,U2OS,48,AZ191,compound,BRD-K80935598-001-01-1,poscon_cp,['DYRK inhibitor'],-3.5394294,-8.496302
BR00117012,I19,U2OS,48,BAX-channel-blocker,compound,BRD-A18763547-300-06-3,,,-3.7864323,-7.743658
BR00117012,I20,U2OS,48,SU3327,compound,BRD-K32730239-001-01-0,,['JNK inhibitor'],-5.862356,-5.848708
BR00117012,I21,U2OS,48,DMSO,compound,,negcon,,0.97314763,-10.190524
BR00117012,I22,U2OS,48,DMSO,compound,,negcon,,1.4618982,-9.9051485
BR00117012,I23,U2OS,48,octreotide,compound,BRD-A64173453-015-03-1,,['somatostatin receptor agonist'],0.254848,-10.525938
BR00117012,I24,U2OS,48,1-octanol,compound,BRD-K09338665-001-08-9,,,0.33298358,-10.446575
BR00117012,J01,U2OS,48,acalabrutinib,compound,BRD-K64034691-001-01-9,,"[""Bruton's tyrosine kinase (BTK) inhibitor""]",1.1229018,-7.528111
BR00117012,J02,U2OS,48,rifamycin,compound,BRD-K38512030-001-01-7,,,1.2115744,-7.2033386
BR00117012,J03,U2OS,48,pazopanib,compound,BRD-K74514084-003-09-2,,"['KIT inhibitor', 'VEGFR inhibitor', 'PDGFR tyrosine kinase receptor inhibitor']",-1.3143522,-7.770615
BR00117012,J04,U2OS,48,RKI-1447,compound,BRD-K19333160-001-01-3,poscon_cp,,-0.53633046,-6.0814
BR00117012,J05,U2OS,48,vitamin-E,compound,BRD-K97091514-001-11-4,,['PKC inhibitor'],1.5237328,-7.408861
BR00117012,J06,U2OS,48,lonafarnib,compound,BRD-K41599323-001-02-3,poscon_diverse,,-1.774788,-7.6351137
BR00117012,J07,U2OS,48,ethyl-pyruvate,compound,BRD-K47738867-001-01-5,,,-1.2269882,-7.4241223
BR00117012,J08,U2OS,48,picrotin,compound,BRD-A91822151-001-05-0,,['GABA receptor antagonist'],1.9174724,-7.9342384
BR00117012,J09,U2OS,48,SGX523,compound,BRD-K19477839-001-07-6,poscon_cp,,0.23351207,-7.285458
BR00117012,J10,U2OS,48,PP-2,compound,BRD-K95785537-001-22-3,,['src inhibitor'],-1.4076566,-6.4573708
BR00117012,J11,U2OS,48,ME-0328,compound,BRD-A63444178-001-01-5,,['PPAR receptor antagonist'],0.8187082,-8.573538
BR00117012,J12,U2OS,48,AZD9668,compound,BRD-K31476763-001-01-5,,['elastase inhibitor'],1.580348,-7.2656364
BR00117012,J13,U2OS,48,NQDI-1,compound,BRD-K61918008-001-07-1,,,0.011043934,-7.1831613
BR00117012,J14,U2OS,48,DMSO,compound,,negcon,,1.5694506,-9.063648
BR00117012,J15,U2OS,48,carzenide,compound,BRD-K09295674-001-09-8,,,-0.25945526,-8.099313
BR00117012,J16,U2OS,48,KU-55933,compound,BRD-K25311561-001-10-7,,['ATM kinase inhibitor'],-0.29302064,-6.410841
BR00117012,J17,U2OS,48,NVP-AEW541,compound,BRD-K24696047-001-02-3,poscon_cp,['IGF-1 inhibitor'],-2.4825728,-9.0371275
BR00117012,J18,U2OS,48,leflunomide,compound,BRD-K78692225-001-24-5,,['PDGFR tyrosine kinase receptor inhibitor'],1.0350157,-9.158781
BR00117012,J19,U2OS,48,DMSO,compound,,negcon,,2.3051045,-9.357251
BR00117012,J20,U2OS,48,azacitidine,compound,BRD-K03406345-001-21-1,poscon_diverse,,0.6200108,-6.286128
BR00117012,J21,U2OS,48,ixabepilone,compound,BRD-K03601870-001-01-2,,['microtubule stabilizing agent'],-4.6670957,-6.7664895
BR00117012,J22,U2OS,48,KH-CB19,compound,BRD-K66430217-001-03-8,poscon_cp,['CDC inhibitor'],1.8285577,-9.898837
BR00117012,J23,U2OS,48,DMSO,compound,,negcon,,1.8197606,-10.078621
BR00117012,J24,U2OS,48,PF-05190457,compound,BRD-K02554563-001-01-6,,,0.36766443,-10.087997
BR00117012,K01,U2OS,48,LDN-212854,compound,BRD-K59831625-001-03-9,,,-5.6110373,-5.519926
BR00117012,K02,U2OS,48,formononetin,compound,BRD-K55567017-001-12-3,,['alcohol dehydrogenase inhibitor'],1.4970077,-10.763537
BR00117012,K03,U2OS,48,aminopurvalanol-a,compound,BRD-K07762753-001-05-1,poscon_orf,['CDK inhibitor'],-0.23751947,-5.884292
BR00117012,K04,U2OS,48,ruxolitinib,compound,BRD-K53972329-001-01-3,poscon_cp,['JAK inhibitor'],1.1424327,-10.334968
BR00117012,K05,U2OS,48,DMSO,compound,,negcon,,2.200578,-9.753251
BR00117012,K06,U2OS,48,DMSO,compound,,negcon,,1.9135408,-9.795167
BR00117012,K07,U2OS,48,LGK-974,compound,BRD-K16810791-001-01-0,,['porcupine inhibitor'],1.4556556,-10.749621
BR00117012,K08,U2OS,48,polydatin,compound,BRD-K43236057-001-07-1,,['ICAM1 expression inhibitor'],-5.75528,-6.2048903
BR00117012,K09,U2OS,48,enflurane,compound,BRD-A51831848-001-01-7,,,1.7143784,-9.791622
BR00117012,K10,U2OS,48,PFI-1,compound,BRD-K13094524-001-04-2,poscon_cp,,1.5347699,-10.101876
BR00117012,K11,U2OS,48,AZD7762,compound,BRD-K86525559-001-07-8,poscon_diverse,['CHK inhibitor'],-5.0179386,-5.6311164
BR00117012,K12,U2OS,48,sotrastaurin,compound,BRD-K16761703-001-03-8,,['PKC inhibitor'],-0.23576015,-6.3490663
BR00117012,K13,U2OS,48,DMSO,compound,,negcon,,1.6997327,-10.059782
BR00117012,K14,U2OS,48,cycloheximide,compound,BRD-K36055864-001-20-0,,['protein synthesis inhibitor'],-3.9363256,-6.5365467
BR00117012,K15,U2OS,48,oxytocin,compound,BRD-K25243230-001-01-2,,,1.171572,-10.015272
BR00117012,K16,U2OS,48,DMSO,compound,,negcon,,1.7601583,-10.014126
BR00117012,K17,U2OS,48,colchicine,compound,BRD-K00259736-001-16-4,,,-5.055798,-6.6714973
BR00117012,K18,U2OS,48,afimoxifene,compound,BRD-K04210847-001-21-9,,,0.74016386,-9.978987
BR00117012,K19,U2OS,48,DMSO,compound,,negcon,,1.6729497,-9.913052
BR00117012,K20,U2OS,48,ZK-93423,compound,BRD-K33882852-003-02-8,poscon_diverse,['benzodiazepine receptor agonist'],0.13730025,-9.91922
BR00117012,K21,U2OS,48,RGB-286638,compound,BRD-K20986415-001-02-6,,['CDK inhibitor'],-3.5958567,-7.4148245
BR00117012,K22,U2OS,48,FPS-ZM1,compound,BRD-K87691185-001-01-2,,['RAGE receptor antagonist'],1.0791978,-9.921611
BR00117012,K23,U2OS,48,flindokalner,compound,BRD-K56740996-001-02-1,,,0.05989195,-10.442012
BR00117012,K24,U2OS,48,motesanib,compound,BRD-K99616396-316-05-3,,"['KIT inhibitor', 'VEGFR inhibitor', 'PDGFR tyrosine kinase receptor inhibitor']",-0.04155102,-10.339673
BR00117012,L01,U2OS,48,geldanamycin,compound,BRD-K43570081-001-02-4,,['HSP inhibitor'],-4.7016044,-6.1314807
BR00117012,L02,U2OS,48,DMSO,compound,,negcon,,1.8746712,-8.181919
BR00117012,L03,U2OS,48,CGP-53353,compound,BRD-K32292990-001-03-6,,"['PKC inhibitor', 'EGFR inhibitor']",0.96722686,-6.0410924
BR00117012,L04,U2OS,48,7-hydroxystaurosporine,compound,BRD-K45293975-001-02-0,,"['CDK inhibitor', 'PKC inhibitor', 'CHK inhibitor']",-4.7761397,-5.5242777
BR00117012,L05,U2OS,48,DMSO,compound,,negcon,,1.7115557,-8.233247
BR00117012,L06,U2OS,48,DMSO,compound,,negcon,,2.1778753,-8.43477
BR00117012,L07,U2OS,48,efaproxiral,compound,BRD-K37355418-236-01-6,,,1.4952313,-7.516326
BR00117012,L08,U2OS,48,SB-203580,compound,BRD-A37704979-001-12-3,poscon_orf,['p38 MAPK inhibitor'],-1.0500549,-6.6592746
BR00117012,L09,U2OS,48,FK-866,compound,BRD-K58550667-001-08-7,poscon_diverse,,-3.5334184,-4.857713
BR00117012,L10,U2OS,48,bepridil,compound,BRD-A91008255-003-24-8,,['calcium channel blocker'],-1.0951174,-8.1195
BR00117012,L11,U2OS,48,delanzomib,compound,BRD-K59325863-001-04-4,,,-5.371855,-5.6034923
BR00117012,L12,U2OS,48,buparlisib,compound,BRD-K42191735-001-08-7,poscon_diverse,,-5.372239,-6.2652082
BR00117012,L13,U2OS,48,phenylbutazone,compound,BRD-K10843433-001-23-5,,"['cyclooxygenase inhibitor', 'prostanoid receptor antagonist']",0.59922785,-7.1955066
BR00117012,L14,U2OS,48,deferasirox,compound,BRD-K97010173-001-04-1,,,0.618152,-5.25973
BR00117012,L15,U2OS,48,DMSO,compound,,negcon,,1.4486549,-9.002123
BR00117012,L16,U2OS,48,cediranib,compound,BRD-K86930074-001-05-0,,"['KIT inhibitor', 'VEGFR inhibitor']",-2.868951,-8.944216
BR00117012,L17,U2OS,48,isoflurane,compound,BRD-A31564021-001-02-6,,,1.2598534,-8.879696
BR00117012,L18,U2OS,48,DMSO,compound,,negcon,,1.4064381,-7.262834
BR00117012,L19,U2OS,48,CCG-50014,compound,BRD-K08893438-001-06-4,,['G protein signaling inhibitor'],-4.9516582,-5.8728595
BR00117012,L20,U2OS,48,PF-431396,compound,BRD-K93788137-001-04-1,,,0.24691382,-4.961748
BR00117012,L21,U2OS,48,TG-02,compound,BRD-K14560436-001-01-4,,"['CDK inhibitor', 'FLT3 inhibitor', 'JAK inhibitor']",-4.4571085,-6.210892
BR00117012,L22,U2OS,48,baclofen,compound,BRD-K01826724-003-07-9,,['benzodiazepine receptor agonist'],1.77678,-9.982196
BR00117012,L23,U2OS,48,thiostrepton,compound,BRD-A20697603-001-07-2,,['protein synthesis inhibitor'],-3.8185835,-7.115944
BR00117012,L24,U2OS,48,flufenamic-acid,compound,BRD-K44067360-001-29-5,,,0.26202446,-10.504897
BR00117012,M01,U2OS,48,DMSO,compound,,negcon,,0.9816705,-10.354458
BR00117012,M02,U2OS,48,LY2109761,compound,BRD-K47557313-001-02-7,,,1.6435983,-10.749337
BR00117012,M03,U2OS,48,olopatadine,compound,BRD-K67637637-003-11-8,,['histamine receptor antagonist'],1.593257,-10.788425
BR00117012,M04,U2OS,48,DMSO,compound,,negcon,,1.598641,-10.439133
BR00117012,M05,U2OS,48,castanospermine,compound,BRD-K20897876-001-11-8,,['glucosidase inhibitor'],1.5593832,-10.783839
BR00117012,M06,U2OS,48,A205804,compound,BRD-K77627880-001-04-0,,['ICAM1 expression inhibitor'],-0.107582375,-5.8659434
BR00117012,M07,U2OS,48,VU591,compound,BRD-K72063794-003-01-0,,['potassium channel blocker'],0.80566037,-10.321136
BR00117012,M08,U2OS,48,dalbavancin,compound,BRD-K30177383-001-01-0,,['bacterial cell wall synthesis inhibitor'],1.2885354,-9.933137
BR00117012,M09,U2OS,48,CC-401,compound,BRD-K45746021-003-01-9,,['JNK inhibitor'],1.2720068,-9.773356
BR00117012,M10,U2OS,48,ganetespib,compound,BRD-K38852836-001-04-9,poscon_diverse,['HSP inhibitor'],-4.6130896,-5.8823833
BR00117012,M11,U2OS,48,ingenol-mebutate,compound,BRD-K93779381-001-01-9,,,-0.17428103,-9.2459955
BR00117012,M12,U2OS,48,menadione,compound,BRD-K78126613-001-27-7,,,-3.6744468,-6.6129847
BR00117012,M13,U2OS,48,cetilistat,compound,BRD-K94863486-001-02-2,,,1.3621981,-10.045976
BR00117012,M14,U2OS,48,methoxsalen,compound,BRD-K63430059-001-16-4,,['DNA synthesis inhibitor'],1.2694916,-9.742271
BR00117012,M15,U2OS,48,cyclosporine,compound,BRD-K13533483-001-16-2,,,-2.2991142,-7.707814
BR00117012,M16,U2OS,48,NSC-632839,compound,BRD-K81197548-003-01-4,poscon_cp,['ubiquitin specific protease inhibitor'],-5.6440196,-5.964516
BR00117012,M17,U2OS,48,DMSO,compound,,negcon,,1.8145494,-10.036962
BR00117012,M18,U2OS,48,TG-003,compound,BRD-K97072811-001-11-4,poscon_cp,,1.3551083,-9.7401905
BR00117012,M19,U2OS,48,oxibendazole,compound,BRD-K52075715-001-06-7,,['tubulin polymerization inhibitor'],-4.849304,-6.748455
BR00117012,M20,U2OS,48,TG-101348,compound,BRD-K12502280-001-11-4,poscon_cp,"['JAK inhibitor', 'FLT3 inhibitor']",-4.238186,-7.385897
BR00117012,M21,U2OS,48,miglitol,compound,BRD-A63310107-001-04-8,,['glucosidase inhibitor'],1.3028702,-9.831804
BR00117012,M22,U2OS,48,DMSO,compound,,negcon,,1.4402621,-10.11723
BR00117012,M23,U2OS,48,DMSO,compound,,negcon,,1.2690282,-10.236232
BR00117012,M24,U2OS,48,tranilast,compound,BRD-K17849083-001-32-9,,,0.10021266,-10.473393
BR00117012,N01,U2OS,48,4-methylhistamine,compound,BRD-K70821460-300-02-4,,['histamine receptor agonist'],0.9818849,-7.537227
BR00117012,N02,U2OS,48,LDN-27219,compound,BRD-K51485109-001-01-4,,,1.7485447,-7.321548
BR00117012,N03,U2OS,48,anisomycin,compound,BRD-K91370081-001-25-1,,['DNA synthesis inhibitor'],-5.526083,-5.624179
BR00117012,N04,U2OS,48,thioguanine,compound,BRD-K49350383-001-13-7,poscon_diverse,,-1.8338583,-7.0249367
BR00117012,N05,U2OS,48,droxinostat,compound,BRD-K11558771-001-13-9,,['HDAC inhibitor'],-0.08108618,-7.2965484
BR00117012,N06,U2OS,48,UNC2025,compound,BRD-K91283740-003-01-6,poscon_cp,['FLT3 inhibitor'],-4.601048,-6.414408
BR00117012,N07,U2OS,48,DMSO,compound,,negcon,,1.6134056,-8.4653
BR00117012,N08,U2OS,48,DMSO,compound,,negcon,,1.9894096,-8.876186
BR00117012,N09,U2OS,48,AMG900,compound,BRD-K21728777-001-02-3,poscon_cp,['Aurora kinase inhibitor'],0.57929504,-4.972719
BR00117012,N10,U2OS,48,PF-06463922,compound,BRD-A23124853-001-01-4,,['ALK tyrosine kinase receptor inhibitor'],-1.1017007,-7.589913
BR00117012,N11,U2OS,48,orantinib,compound,BRD-K55966568-001-09-6,poscon_cp,"['FGFR inhibitor', 'PDGFR tyrosine kinase receptor inhibitor', 'VEGFR inhibitor']",0.45567483,-6.539215
BR00117012,N12,U2OS,48,fludarabine-phosphate,compound,BRD-K71106091-001-09-5,,['ribonucleotide reductase inhibitor'],0.6268444,-5.2263327
BR00117012,N13,U2OS,48,ceritinib,compound,BRD-K22149900-001-06-2,,['ALK tyrosine kinase receptor inhibitor'],-2.31252,-8.560201
BR00117012,N14,U2OS,48,NVS-PAK1-1,compound,BRD-K28132190-001-02-0,poscon_cp,['p21 activated kinase inhibitor'],-2.164163,-7.9679813
BR00117012,N15,U2OS,48,homoharringtonine,compound,BRD-K76674262-001-03-3,,['protein synthesis inhibitor'],-5.545991,-5.711315
BR00117012,N16,U2OS,48,picrotoxinin,compound,BRD-K36461289-001-05-8,,['GABA receptor antagonist'],1.3575752,-8.01954
BR00117012,N17,U2OS,48,DMSO,compound,,negcon,,1.660632,-8.9321995
BR00117012,N18,U2OS,48,danusertib,compound,BRD-K07881437-001-03-8,poscon_diverse,"['growth factor receptor inhibitor', 'Aurora kinase inhibitor']",0.36200202,-4.972704
BR00117012,N19,U2OS,48,romidepsin,compound,BRD-K61397605-001-01-8,poscon_cp,['HDAC inhibitor'],-5.749755,-6.017293
BR00117012,N20,U2OS,48,FERb-033,compound,BRD-K61642990-001-01-0,poscon_cp,['EGFR inhibitor'],1.3296123,-9.472217
BR00117012,N21,U2OS,48,PF-03758309,compound,BRD-K37764012-001-03-3,poscon_diverse,['p21 activated kinase inhibitor'],-4.8158092,-6.0512977
BR00117012,N22,U2OS,48,DMSO,compound,,negcon,,1.8314016,-10.030779
BR00117012,N23,U2OS,48,trometamol,compound,BRD-K47978074-001-03-2,,,1.3858582,-9.846686
BR00117012,N24,U2OS,48,simvastatin,compound,BRD-K22134346-001-22-3,,['HMGCR inhibitor'],0.008216527,-9.933276
BR00117012,O01,U2OS,48,zaprinast,compound,BRD-K16542329-001-16-8,,['phosphodiesterase inhibitor'],0.7435208,-10.524232
BR00117012,O02,U2OS,48,dexamethasone,compound,BRD-A10188456-001-04-9,,['glucocorticoid receptor agonist'],0.8633855,-10.403987
BR00117012,O03,U2OS,48,salicylic-acid,compound,BRD-K93632104-001-17-2,,['cyclooxygenase inhibitor'],1.3528122,-10.695217
BR00117012,O04,U2OS,48,diltiazem,compound,BRD-A69636825-003-04-7,,['calcium channel blocker'],0.16302243,-9.793193
BR00117012,O05,U2OS,48,phenolphthalein,compound,BRD-K19227686-001-18-6,,,1.0293287,-10.484613
BR00117012,O06,U2OS,48,niflumic-acid,compound,BRD-K98763141-001-30-8,,['cyclooxygenase inhibitor'],0.75010616,-10.762783
BR00117012,O07,U2OS,48,DMSO,compound,,negcon,,2.2860687,-9.798705
BR00117012,O08,U2OS,48,L-Cystine,compound,BRD-A15397381-001-02-5,,,1.9433132,-10.105891
BR00117012,O09,U2OS,48,ozanimod,compound,BRD-K46625559-001-01-8,,['sphingosine 1 phosphate receptor agonist'],0.8475083,-10.816841
BR00117012,O10,U2OS,48,efaroxan,compound,BRD-A10739734-003-09-8,,['adrenergic receptor antagonist'],1.4015199,-10.603519
BR00117012,O11,U2OS,48,NBQX,compound,BRD-K11796549-001-05-2,,['glutamate receptor antagonist'],1.5978025,-10.238072
BR00117012,O12,U2OS,48,dinoprostone,compound,BRD-K26521938-001-07-2,,['prostanoid receptor agonist'],1.7180184,-9.338323
BR00117012,O13,U2OS,48,Ro-20-1724,compound,BRD-A07207424-001-14-0,,['phosphodiesterase inhibitor'],0.1874031,-10.317317
BR00117012,O14,U2OS,48,xanomeline,compound,BRD-K72815923-034-02-0,,['acetylcholine receptor agonist'],0.695106,-10.401842
BR00117012,O15,U2OS,48,terazosin,compound,BRD-K01825589-310-02-9,,['adrenergic receptor antagonist'],0.55785257,-10.21873
BR00117012,O16,U2OS,48,BVT-948,compound,BRD-K68567222-001-01-2,,,-4.093254,-5.8700795
BR00117012,O17,U2OS,48,nicotine,compound,BRD-K01825660-322-01-9,,['acetylcholine receptor agonist'],1.388272,-10.309791
BR00117012,O18,U2OS,48,DMSO,compound,,negcon,,1.0422888,-10.467278
BR00117012,O19,U2OS,48,U-0521,compound,BRD-K08953028-001-09-6,,,0.06387722,-10.555515
BR00117012,O20,U2OS,48,BMS-587101,compound,BRD-K20093108-001-02-3,,,0.29669294,-10.391491
BR00117012,O21,U2OS,48,nimodipine,compound,BRD-A58048407-001-20-4,,['calcium channel blocker'],1.0407944,-10.301821
BR00117012,O22,U2OS,48,pyrrolidine-dithiocarbamate,compound,BRD-K80970344-201-08-6,,,-5.8392744,-6.0680795
BR00117012,O23,U2OS,48,PF-915275,compound,BRD-K18289362-001-02-2,,,0.31656942,-10.515956
BR00117012,O24,U2OS,48,JTE-013,compound,BRD-K43330982-001-02-3,,,0.019059807,-10.179339
BR00117012,P01,U2OS,48,sodium-butyrate,compound,BRD-K05878375-236-05-7,,['HDAC inhibitor'],0.38743877,-6.5072107
BR00117012,P02,U2OS,48,pentostatin,compound,BRD-K91543828-001-02-0,,['ribonucleotide reductase inhibitor'],1.2668442,-7.44988
BR00117012,P03,U2OS,48,OMDM-2,compound,BRD-K48830578-001-01-9,,,0.98636687,-7.427563
BR00117012,P04,U2OS,48,nalmefene,compound,BRD-A72767275-003-01-6,,,1.649368,-7.0957675
BR00117012,P05,U2OS,48,DMSO,compound,,negcon,,1.6463939,-8.076934
BR00117012,P06,U2OS,48,1-EBIO,compound,BRD-K70586315-001-02-4,,,0.78972334,-7.624855
BR00117012,P07,U2OS,48,SB-505124,compound,BRD-K40109029-001-02-9,,['ALK tyrosine kinase receptor inhibitor'],-0.42676622,-9.703489
BR00117012,P08,U2OS,48,prasugrel,compound,BRD-A83029242-001-06-1,,['purinergic receptor antagonist'],0.1838392,-7.5552006
BR00117012,P09,U2OS,48,pidolic-acid,compound,BRD-K57313110-001-06-8,,,0.71492094,-8.173101
BR00117012,P10,U2OS,48,DMSO,compound,,negcon,,1.4835818,-8.417783
BR00117012,P11,U2OS,48,nevirapine,compound,BRD-K15502390-001-20-9,,,0.4415396,-7.811818
BR00117012,P12,U2OS,48,triamterene,compound,BRD-K92049597-001-20-8,,['sodium channel blocker'],0.2647582,-8.198394
BR00117012,P13,U2OS,48,regorafenib,compound,BRD-K16730910-001-07-3,,"['PDGFR tyrosine kinase receptor inhibitor', 'RAF inhibitor', 'KIT inhibitor', 'RET tyrosine kinase inhibitor', 'FGFR inhibitor', 'VEGFR inhibitor']",-0.41338506,-8.121496
BR00117012,P14,U2OS,48,cyclophosphamide,compound,BRD-A09722536-002-18-0,,,1.4017206,-8.516421
BR00117012,P15,U2OS,48,olanzapine,compound,BRD-K18895904-001-16-1,,"['dopamine receptor antagonist', 'serotonin receptor antagonist']",-2.4345605,-9.32523
BR00117012,P16,U2OS,48,KI-16425,compound,BRD-A25569250-001-03-3,,['lysophosphatidic acid receptor antagonist'],0.5250571,-7.8685803
BR00117012,P17,U2OS,48,SKLB1002,compound,BRD-K29895144-001-01-0,,['VEGFR inhibitor'],0.38927248,-5.282409
BR00117012,P18,U2OS,48,cilostazol,compound,BRD-K67017579-001-28-1,,['phosphodiesterase inhibitor'],0.46796292,-8.209392
BR00117012,P19,U2OS,48,AZD1283,compound,BRD-K77060810-001-01-5,,['purinergic receptor antagonist'],0.87730026,-9.03385
BR00117012,P20,U2OS,48,A-987306,compound,BRD-K68982262-001-01-4,,['histamine receptor antagonist'],-2.7132332,-9.116249
BR00117012,P21,U2OS,48,procaine,compound,BRD-K24616672-003-20-1,,['HMGCR inhibitor'],1.2312703,-9.549706
BR00117012,P22,U2OS,48,miconazole,compound,BRD-A82396632-008-30-8,,['bacterial cell wall synthesis inhibitor'],0.70915747,-9.125742
BR00117012,P23,U2OS,48,loperamide,compound,BRD-K61250553-003-30-6,,,0.062276732,-9.563432
BR00117012,P24,U2OS,48,aripiprazole,compound,BRD-K70358946-001-17-3,,['serotonin receptor antagonist'],0.12690656,-9.548569
BR00117013,A01,U2OS,48,gabapentin-enacarbil,compound,BRD-A86665761-001-01-1,,,0.5264262,-6.7974195
BR00117013,A02,U2OS,48,DMSO,compound,,negcon,,0.5928995,-6.751552
BR00117013,A03,U2OS,48,amlodipine,compound,BRD-A22032524-074-09-9,,['calcium channel blocker'],-1.7349927,-8.108808
BR00117013,A04,U2OS,48,hexestrol,compound,BRD-A01078468-001-14-8,,,0.7667211,-7.414118
BR00117013,A05,U2OS,48,quinine,compound,BRD-K48278478-001-01-2,,,0.39932364,-7.8538713
BR00117013,A06,U2OS,48,LOXO-101,compound,BRD-K36574127-001-01-3,,,0.5865798,-6.936736
BR00117013,A07,U2OS,48,brinzolamide,compound,BRD-K74913225-001-14-0,,['carbonic anhydrase inhibitor'],0.6632092,-6.7547865
BR00117013,A08,U2OS,48,NS-11021,compound,BRD-K94342292-001-01-3,,['calcium-activated potassium channel activator'],-1.4430938,-8.226945
BR00117013,A09,U2OS,48,DMSO,compound,,negcon,,1.7111608,-8.748121
BR00117013,A10,U2OS,48,GNF-5837,compound,BRD-K19975102-001-01-2,,['growth factor receptor inhibitor'],-0.83479357,-8.648586
BR00117013,A11,U2OS,48,apatinib,compound,BRD-K25244359-066-02-6,,['RET tyrosine kinase inhibitor'],-0.7100755,-7.768395
BR00117013,A12,U2OS,48,ethoxzolamide,compound,BRD-K18131774-001-18-4,,['carbonic anhydrase inhibitor'],0.29109627,-7.9372063
BR00117013,A13,U2OS,48,ascorbic-acid,compound,BRD-A85242401-001-11-5,,,-0.21827339,-9.715151
BR00117013,A14,U2OS,48,ryuvidine,compound,BRD-K06426971-001-02-7,,['histone lysine methyltransferase inhibitor'],-5.559212,-5.3334837
BR00117013,A15,U2OS,48,BAN-ORL-24,compound,BRD-K47049295-300-03-1,,,-2.9655192,-8.531146
BR00117013,A16,U2OS,48,NNC-55-0396,compound,BRD-K78122587-300-04-3,,,-2.8739536,-8.554426
BR00117013,A17,U2OS,48,DMSO,compound,,negcon,,1.2685066,-8.350396
BR00117013,A18,U2OS,48,WH-4-023,compound,BRD-K50199947-001-03-4,,['src inhibitor'],-3.013811,-8.262141
BR00117013,A19,U2OS,48,flupirtine,compound,BRD-K50720187-051-03-1,,['glutamate receptor antagonist'],-1.1608152,-9.349199
BR00117013,A20,U2OS,48,ZK811752,compound,BRD-K91825936-001-03-9,,,-1.024322,-9.256635
BR00117013,A21,U2OS,48,dexamethasone,compound,BRD-K38775274-001-22-1,,['glucocorticoid receptor agonist'],-1.3700997,-7.4423223
BR00117013,A22,U2OS,48,PP-1,compound,BRD-K47598052-001-14-1,,['src inhibitor'],-1.3889822,-6.288018
BR00117013,A23,U2OS,48,DDR1-IN-1,compound,BRD-K61845293-300-01-9,,,-2.5864499,-8.902555
BR00117013,A24,U2OS,48,AVL-292,compound,BRD-K87782578-001-01-4,,"[""Bruton's tyrosine kinase (BTK) inhibitor""]",-2.5468411,-7.1400247
BR00117013,B01,U2OS,48,H2L-5765834,compound,BRD-K26439554-001-01-3,,['lysophosphatidic acid receptor antagonist'],1.9667543,-8.023705
BR00117013,B02,U2OS,48,thiostrepton,compound,BRD-K58049875-001-03-9,,['protein synthesis inhibitor'],-5.18841,-6.060831
BR00117013,B03,U2OS,48,DMSO,compound,,negcon,,1.870174,-9.34981
BR00117013,B04,U2OS,48,arcyriaflavin-a,compound,BRD-K72726508-001-02-1,,['CDK inhibitor'],-2.12567,-7.2494884
BR00117013,B05,U2OS,48,CYM-5520,compound,BRD-K29151923-001-01-5,,['sphingosine 1 phosphate receptor agonist'],0.9325416,-8.94407
BR00117013,B06,U2OS,48,fludarabine,compound,BRD-K66788707-001-14-3,,['ribonucleotide reductase inhibitor'],0.9792159,-5.397819
BR00117013,B07,U2OS,48,alda-1,compound,BRD-K06890060-001-09-1,,,1.8288112,-7.810939
BR00117013,B08,U2OS,48,meclofenamic-acid,compound,BRD-K50398167-236-22-7,,"['cyclooxygenase inhibitor', 'prostanoid receptor antagonist']",0.62915236,-9.064624
BR00117013,B09,U2OS,48,GNF-5,compound,BRD-K87632963-001-03-0,,['Bcr-Abl kinase inhibitor'],1.0213006,-9.104781
BR00117013,B10,U2OS,48,NS-309,compound,BRD-K37602296-001-01-6,,['calcium-activated potassium channel activator'],1.6492319,-6.457875
BR00117013,B11,U2OS,48,AK-7,compound,BRD-K09143580-001-01-0,,['SIRT inhibitor'],0.37054712,-8.958258
BR00117013,B12,U2OS,48,BVT-948,compound,BRD-A22713669-001-04-3,,,-5.305789,-5.186257
BR00117013,B13,U2OS,48,SirReal-2,compound,BRD-K16472653-001-01-6,,['SIRT inhibitor'],0.38570127,-9.440849
BR00117013,B14,U2OS,48,DMSO,compound,,negcon,,2.1959076,-9.05366
BR00117013,B15,U2OS,48,BMS-536924,compound,BRD-K34581968-001-05-3,,['IGF-1 inhibitor'],-2.436849,-7.0456142
BR00117013,B16,U2OS,48,PP-121,compound,BRD-K81801188-001-02-8,,['protein tyrosine kinase inhibitor'],-5.5085497,-5.9572353
BR00117013,B17,U2OS,48,MCOPPB,compound,BRD-K73276278-305-01-1,,,-3.3811374,-8.687068
BR00117013,B18,U2OS,48,ozagrel,compound,BRD-K53061490-003-13-9,,,2.0997534,-9.585541
BR00117013,B19,U2OS,48,CYM-5442,compound,BRD-A43005764-003-01-5,,['sphingosine 1 phosphate receptor agonist'],-2.8086822,-9.072029
BR00117013,B20,U2OS,48,CVT-10216,compound,BRD-K60659193-001-01-0,,,2.2088907,-8.395632
BR00117013,B21,U2OS,48,TCN201,compound,BRD-K09787262-001-02-7,,['glutamate receptor antagonist'],2.0031507,-9.822577
BR00117013,B22,U2OS,48,fomepizole,compound,BRD-K56810756-003-07-7,,['alcohol dehydrogenase inhibitor'],1.1299176,-9.353526
BR00117013,B23,U2OS,48,benzamil,compound,BRD-K87158025-003-08-7,,['sodium channel blocker'],0.27826247,-9.066328
BR00117013,B24,U2OS,48,lercanidipine,compound,BRD-A18992208-003-02-7,,['calcium channel blocker'],-1.2592233,-9.107449
BR00117013,C01,U2OS,48,4-CMTB,compound,BRD-A54139254-001-09-2,,['free fatty acid receptor agonist'],1.291577,-8.048751
BR00117013,C02,U2OS,48,ML-228,compound,BRD-K44432556-001-05-5,,,1.0826156,-7.184774
BR00117013,C03,U2OS,48,DMSO,compound,,negcon,,2.374989,-9.29215
BR00117013,C04,U2OS,48,GSK1070916,compound,BRD-K36740062-001-06-6,,['Aurora kinase inhibitor'],-3.6577394,-7.641988
BR00117013,C05,U2OS,48,ML-193,compound,BRD-K27539181-001-08-5,,,1.2679217,-8.283111
BR00117013,C06,U2OS,48,DMSO,compound,,negcon,,2.0277822,-9.190206
BR00117013,C07,U2OS,48,M-25,compound,BRD-K51265828-001-01-0,,['smoothened receptor antagonist'],1.3317974,-9.228418
BR00117013,C08,U2OS,48,azeliragon,compound,BRD-K51899933-001-02-6,,['RAGE receptor antagonist'],-4.896975,-6.0737543
BR00117013,C09,U2OS,48,CYT-997,compound,BRD-K23363278-001-02-1,poscon_diverse,['tubulin polymerization inhibitor'],-5.083979,-6.635479
BR00117013,C10,U2OS,48,AR-12,compound,BRD-K90497590-001-05-9,,,-5.3861203,-5.2348137
BR00117013,C11,U2OS,48,CYM-50260,compound,BRD-K69877120-001-01-7,,['sphingosine 1 phosphate receptor agonist'],1.8527764,-8.740984
BR00117013,C12,U2OS,48,DMSO,compound,,negcon,,2.6276026,-8.49534
BR00117013,C13,U2OS,48,KG-5,compound,BRD-K90747162-001-01-4,poscon_cp,['RAF inhibitor'],-4.00219,-7.51671
BR00117013,C14,U2OS,48,JTE-607,compound,BRD-K81405859-300-01-4,,,0.4168883,-5.183563
BR00117013,C15,U2OS,48,DMSO,compound,,negcon,,2.6255827,-9.2801695
BR00117013,C16,U2OS,48,ilomastat,compound,BRD-K51662849-001-05-4,,['matrix metalloprotease inhibitor'],0.34046072,-9.574246
BR00117013,C17,U2OS,48,RX-821002,compound,BRD-A65597028-003-08-1,,['adrenergic receptor antagonist'],2.0573068,-7.6411715
BR00117013,C18,U2OS,48,DMSO,compound,,negcon,,2.8528156,-9.451987
BR00117013,C19,U2OS,48,TUG-891,compound,BRD-K24282351-001-01-4,,['free fatty acid receptor agonist'],0.68128026,-9.155434
BR00117013,C20,U2OS,48,ponatinib,compound,BRD-K44227013-001-08-0,,"['PDGFR tyrosine kinase receptor inhibitor', 'FLT3 inhibitor', 'Bcr-Abl kinase inhibitor']",-5.581173,-5.8657765
BR00117013,C21,U2OS,48,DMSO,compound,,negcon,,2.6647828,-9.41245
BR00117013,C22,U2OS,48,puromycin,compound,BRD-K01824976-300-02-9,,['protein synthesis inhibitor'],-5.6926227,-5.8110857
BR00117013,C23,U2OS,48,SRC-kinase-inhibitor-I,compound,BRD-K50495309-001-02-0,,['src inhibitor'],-2.4749167,-9.2098255
BR00117013,C24,U2OS,48,acetylcysteine,compound,BRD-K59058747-001-19-1,,,0.06686353,-9.449024
BR00117013,D01,U2OS,48,NSC-625987,compound,BRD-K62949423-001-03-1,,['CDK inhibitor'],1.3521787,-8.152293
BR00117013,D02,U2OS,48,dalfampridine,compound,BRD-K22482860-001-20-6,,['potassium channel blocker'],2.3078241,-8.186636
BR00117013,D03,U2OS,48,NSC-95397,compound,BRD-K68143200-001-11-7,,['CDC inhibitor'],-5.2068453,-5.583629
BR00117013,D04,U2OS,48,alrestatin,compound,BRD-K35498378-001-06-1,,['aldose reductase inhibitor'],2.341275,-8.525759
BR00117013,D05,U2OS,48,PF-03758309,compound,BRD-K37764012-001-03-3,poscon_diverse,['p21 activated kinase inhibitor'],2.4012365,-9.695114
BR00117013,D06,U2OS,48,IRL-2500,compound,BRD-K98357249-001-02-9,,['endothelin receptor antagonist'],2.2242832,-9.962868
BR00117013,D07,U2OS,48,PF-04217903,compound,BRD-K73319509-001-08-0,poscon_cp,,2.376388,-8.553219
BR00117013,D08,U2OS,48,FK-866,compound,BRD-K58550667-001-08-7,poscon_diverse,,-3.5359921,-4.929622
BR00117013,D09,U2OS,48,amlexanox,compound,BRD-K29530284-001-06-2,,,0.5326969,-9.763102
BR00117013,D10,U2OS,48,GW-311616,compound,BRD-K37864785-001-01-0,,['elastase inhibitor'],1.1385496,-5.9070444
BR00117013,D11,U2OS,48,buparlisib,compound,BRD-K42191735-001-08-7,poscon_diverse,,-5.2048736,-6.4952235
BR00117013,D12,U2OS,48,amiloride,compound,BRD-K97181089-003-24-7,,['sodium channel blocker'],0.22064662,-7.8237443
BR00117013,D13,U2OS,48,DG-172,compound,BRD-K75748943-300-01-3,,,-2.3356247,-9.2793455
BR00117013,D14,U2OS,48,DMSO,compound,,negcon,,2.2011025,-9.274342
BR00117013,D15,U2OS,48,DMSO,compound,,negcon,,2.51464,-9.528458
BR00117013,D16,U2OS,48,NVP-ADW742,compound,BRD-K15179513-001-04-2,poscon_cp,,-3.3277905,-8.599145
BR00117013,D17,U2OS,48,misoprostol,compound,BRD-A72351335-001-04-5,,['prostanoid receptor agonist'],-0.18205085,-5.8160715
BR00117013,D18,U2OS,48,conivaptan,compound,BRD-K37385792-003-02-1,,,-1.4793475,-8.955699
BR00117013,D19,U2OS,48,spiroxatrine,compound,BRD-A72483914-001-03-7,,['serotonin receptor antagonist'],1.5586296,-8.24036
BR00117013,D20,U2OS,48,diacerein,compound,BRD-K69122748-001-10-1,,,3.0085988,-8.696018
BR00117013,D21,U2OS,48,DMSO,compound,,negcon,,2.689047,-9.312608
BR00117013,D22,U2OS,48,DMSO,compound,,negcon,,2.4233131,-9.40513
BR00117013,D23,U2OS,48,glyburide,compound,BRD-K36927236-001-36-7,,['ATP channel blocker'],0.6253283,-8.885592
BR00117013,D24,U2OS,48,ANR-94,compound,BRD-K31170746-001-01-6,,,0.49791735,-9.1629925
BR00117013,E01,U2OS,48,TFC-007,compound,BRD-K57708067-001-01-3,,,1.4055202,-7.6244826
BR00117013,E02,U2OS,48,trihexyphenidyl,compound,BRD-A48180038-003-24-3,,['acetylcholine receptor antagonist'],-0.6981343,-9.654206
BR00117013,E03,U2OS,48,epoprostenol,compound,BRD-K64054020-001-02-7,,,0.81124467,-8.807563
BR00117013,E04,U2OS,48,sacubitril,compound,BRD-K91456750-001-01-9,,,0.15678853,-8.526648
BR00117013,E05,U2OS,48,danusertib,compound,BRD-K07881437-001-03-8,poscon_diverse,"['growth factor receptor inhibitor', 'Aurora kinase inhibitor']",0.33360857,-4.9809427
BR00117013,E06,U2OS,48,CYT-997,compound,BRD-K23363278-001-02-1,poscon_diverse,['tubulin polymerization inhibitor'],-4.935314,-6.8435636
BR00117013,E07,U2OS,48,DMSO,compound,,negcon,,2.2886047,-8.80425
BR00117013,E08,U2OS,48,BQ-788,compound,BRD-K02490038-236-03-8,,['endothelin receptor antagonist'],1.0984662,-8.883524
BR00117013,E09,U2OS,48,SB-202190,compound,BRD-K54330070-001-19-6,poscon_orf,['p38 MAPK inhibitor'],-0.20439804,-6.8043904
BR00117013,E10,U2OS,48,GSK2110183,compound,BRD-K25412176-001-01-9,poscon_diverse,,-1.4376725,-7.7969913
BR00117013,E11,U2OS,48,GSK3787,compound,BRD-K03155172-001-03-0,,['PPAR receptor antagonist'],0.4562408,-9.253005
BR00117013,E12,U2OS,48,BAM7,compound,BRD-K07442505-001-03-6,,,2.7600508,-8.76353
BR00117013,E13,U2OS,48,PHA-793887,compound,BRD-K64800655-001-09-0,poscon_diverse,['CDK inhibitor'],-4.13179,-6.232336
BR00117013,E14,U2OS,48,DMSO,compound,,negcon,,2.5132935,-9.180453
BR00117013,E15,U2OS,48,GSK-37647,compound,BRD-K26514105-001-01-7,,['free fatty acid receptor agonist'],-0.09596896,-8.206568
BR00117013,E16,U2OS,48,desonide,compound,BRD-K21528677-001-04-4,,['glucocorticoid receptor agonist'],0.43851626,-8.863836
BR00117013,E17,U2OS,48,DMSO,compound,,negcon,,2.4740627,-9.009684
BR00117013,E18,U2OS,48,aloxistatin,compound,BRD-K91188791-001-17-5,,,-3.028787,-9.17345
BR00117013,E19,U2OS,48,azathioprine,compound,BRD-K32821942-001-22-1,,,1.0086071,-9.187518
BR00117013,E20,U2OS,48,ZK-93423,compound,BRD-K33882852-003-02-8,poscon_diverse,['benzodiazepine receptor agonist'],-0.8743845,-9.475656
BR00117013,E21,U2OS,48,BI-2536,compound,BRD-K64890080-001-02-1,poscon_diverse,,-4.6098623,-7.2163615
BR00117013,E22,U2OS,48,EI1,compound,BRD-K91535048-001-01-2,poscon_cp,['histone lysine methyltransferase inhibitor'],-0.25934616,-8.557662
BR00117013,E23,U2OS,48,NVP-HSP990,compound,BRD-K67915505-001-01-2,,['HSP inhibitor'],-4.5899096,-6.2023945
BR00117013,E24,U2OS,48,DMSO,compound,,negcon,,0.75780576,-8.993029
BR00117013,F01,U2OS,48,DMSO,compound,,negcon,,1.7525529,-8.800517
BR00117013,F02,U2OS,48,nialamide,compound,BRD-K12102668-001-25-5,,,1.538466,-6.591413
BR00117013,F03,U2OS,48,DMSO,compound,,negcon,,2.7081988,-9.43388
BR00117013,F04,U2OS,48,arundic-acid,compound,BRD-K49223707-001-01-0,,,1.9419006,-9.285523
BR00117013,F05,U2OS,48,torcitabine,compound,BRD-K91822704-003-07-2,,,2.3964002,-9.563558
BR00117013,F06,U2OS,48,DMSO,compound,,negcon,,2.560731,-9.761022
BR00117013,F07,U2OS,48,epothilone-b,compound,BRD-K68164687-001-01-6,,"['microtubule stabilizing agent', 'tubulin polymerization inhibitor']",-4.284872,-7.2636538
BR00117013,F08,U2OS,48,dyphylline,compound,BRD-A00827783-001-24-6,,['phosphodiesterase inhibitor'],1.4413986,-9.423724
BR00117013,F09,U2OS,48,DMSO,compound,,negcon,,2.3269553,-9.85483
BR00117013,F10,U2OS,48,quinidine,compound,BRD-K59632282-052-03-1,,['sodium channel blocker'],-0.23456174,-9.722387
BR00117013,F11,U2OS,48,halopemide,compound,BRD-K50055394-001-03-6,,,-0.8096238,-8.0720625
BR00117013,F12,U2OS,48,sulfinpyrazone,compound,BRD-A36217750-001-16-3,,,2.1333885,-7.955751
BR00117013,F13,U2OS,48,ML-323,compound,BRD-K93942811-001-01-3,poscon_cp,['ubiquitin specific protease inhibitor'],1.0811857,-7.778834
BR00117013,F14,U2OS,48,racecadotril,compound,BRD-A08187463-001-12-9,,,2.6017137,-9.326749
BR00117013,F15,U2OS,48,BRL-50481,compound,BRD-K84266862-001-03-2,,['phosphodiesterase inhibitor'],2.8858259,-8.642453
BR00117013,F16,U2OS,48,GSK2110183,compound,BRD-K25412176-001-01-9,poscon_diverse,,-1.0667593,-8.269075
BR00117013,F17,U2OS,48,bufexamac,compound,BRD-K36660044-001-24-2,,['cyclooxygenase inhibitor'],-0.98368794,-7.2581644
BR00117013,F18,U2OS,48,anandamide,compound,BRD-K42352790-001-05-3,,,-0.14987312,-9.523563
BR00117013,F19,U2OS,48,thioguanine,compound,BRD-K49350383-001-13-7,poscon_diverse,,-1.9231919,-6.9525776
BR00117013,F20,U2OS,48,IWP-L6,compound,BRD-K53234107-001-01-6,,['porcupine inhibitor'],-1.2649834,-8.810556
BR00117013,F21,U2OS,48,edoxaban,compound,BRD-K29322660-001-01-9,,['coagulation factor inhibitor'],1.0126868,-8.570154
BR00117013,F22,U2OS,48,lonafarnib,compound,BRD-K41599323-001-02-3,poscon_diverse,,-1.9056613,-7.6644955
BR00117013,F23,U2OS,48,ibutamoren,compound,BRD-K44771174-066-01-0,,,0.39804745,-9.025564
BR00117013,F24,U2OS,48,somatostatin,compound,BRD-K14681867-001-01-6,,['somatostatin receptor agonist'],0.29360715,-9.28912
BR00117013,G01,U2OS,48,L-proline,compound,BRD-K01666412-001-02-0,,,0.6761461,-7.0083838
BR00117013,G02,U2OS,48,zamifenacin,compound,BRD-K80451230-051-02-6,,['acetylcholine receptor antagonist'],1.7931876,-8.1113205
BR00117013,G03,U2OS,48,YC-1,compound,BRD-K60476892-001-16-1,,,-4.938985,-6.5203485
BR00117013,G04,U2OS,48,DMSO,compound,,negcon,,1.9255738,-8.916463
BR00117013,G05,U2OS,48,ME-0328,compound,BRD-K24283677-001-01-9,,['PPAR receptor antagonist'],0.9773093,-7.51254
BR00117013,G06,U2OS,48,NSC-663284,compound,BRD-K03109492-001-02-2,,['CDC inhibitor'],-5.3913245,-5.2110343
BR00117013,G07,U2OS,48,CYM-50358,compound,BRD-K80666802-003-01-0,,,-0.29126066,-7.866391
BR00117013,G08,U2OS,48,trazodone,compound,BRD-K70778732-003-27-5,,"['adrenergic receptor antagonist', 'serotonin receptor antagonist']",2.0108125,-8.452361
BR00117013,G09,U2OS,48,DMSO,compound,,negcon,,2.0695071,-9.256757
BR00117013,G10,U2OS,48,DMSO,compound,,negcon,,2.246388,-9.290242
BR00117013,G11,U2OS,48,sulfasalazine,compound,BRD-K10670311-001-17-1,,['cyclooxygenase inhibitor'],1.5244629,-8.974792
BR00117013,G12,U2OS,48,"2,5-furandimethanol",compound,BRD-K29791386-001-01-8,,,1.3627572,-7.75654
BR00117013,G13,U2OS,48,DMSO,compound,,negcon,,1.7516005,-9.111437
BR00117013,G14,U2OS,48,dilazep,compound,BRD-K48722258-300-11-0,,,1.1043028,-7.6738143
BR00117013,G15,U2OS,48,felodipine,compound,BRD-A30815329-001-12-1,,['calcium channel blocker'],0.6644077,-9.249154
BR00117013,G16,U2OS,48,paliperidone,compound,BRD-A99888680-001-05-3,,"['dopamine receptor antagonist', 'serotonin receptor antagonist']",0.6624797,-8.703642
BR00117013,G17,U2OS,48,purvalanol-a,compound,BRD-K50836978-001-03-3,poscon_orf,['CDK inhibitor'],0.07328702,-5.5456233
BR00117013,G18,U2OS,48,DMSO,compound,,negcon,,2.582737,-9.036879
BR00117013,G19,U2OS,48,Ro-1138452,compound,BRD-K77220725-003-01-5,,['prostanoid receptor antagonist'],0.5944149,-6.7750196
BR00117013,G20,U2OS,48,sorbinil,compound,BRD-A89164055-001-03-3,,['aldose reductase inhibitor'],1.1365093,-8.896298
BR00117013,G21,U2OS,48,TC-S-7004,compound,BRD-K89517477-001-01-4,poscon_cp,['DYRK inhibitor'],-0.62130797,-8.134956
BR00117013,G22,U2OS,48,saclofen,compound,BRD-A24122750-001-03-7,,['GABA receptor antagonist'],2.4274096,-8.555583
BR00117013,G23,U2OS,48,BAY-87-2243,compound,BRD-K70463136-001-01-5,,,-0.6282551,-9.495378
BR00117013,G24,U2OS,48,ibudilast,compound,BRD-K16444452-001-09-1,,['phosphodiesterase inhibitor'],0.6919235,-9.198733
BR00117013,H01,U2OS,48,briciclib,compound,BRD-K05531427-001-01-7,,,-4.988076,-6.7610607
BR00117013,H02,U2OS,48,2-Oleoylglycerol,compound,BRD-K77087341-001-02-4,,,1.9716665,-9.01021
BR00117013,H03,U2OS,48,RGFP966,compound,BRD-K61688984-001-02-9,poscon_cp,['HDAC inhibitor'],-1.5776047,-6.9958277
BR00117013,H04,U2OS,48,DMSO,compound,,negcon,,2.4284577,-9.720891
BR00117013,H05,U2OS,48,azacitidine,compound,BRD-K03406345-001-21-1,poscon_diverse,,0.8642969,-5.9982605
BR00117013,H06,U2OS,48,N6-cyclopentyladenosine,compound,BRD-K60150510-001-15-6,,,1.6592679,-9.021668
BR00117013,H07,U2OS,48,filgotinib,compound,BRD-K16803204-001-01-6,poscon_cp,['JAK inhibitor'],1.2160146,-9.089055
BR00117013,H08,U2OS,48,guanidine,compound,BRD-K76037122-001-02-5,,['HSP inhibitor'],1.3973275,-9.715586
BR00117013,H09,U2OS,48,coumarin,compound,BRD-K23913458-001-20-7,,,1.5338633,-9.470259
BR00117013,H10,U2OS,48,DMSO,compound,,negcon,,2.7225022,-9.225474
BR00117013,H11,U2OS,48,ZM-336372,compound,BRD-K73789395-001-09-9,poscon_orf,['RAF inhibitor'],1.9355179,-7.4031816
BR00117013,H12,U2OS,48,citric-acid,compound,BRD-K76792669-001-08-1,,['coagulation factor inhibitor'],0.6787408,-8.78109
BR00117013,H13,U2OS,48,DMSO,compound,,negcon,,2.6043956,-9.486434
BR00117013,H14,U2OS,48,CCG-63802,compound,BRD-K26970495-001-02-7,,['G protein signaling inhibitor'],0.28256655,-9.678979
BR00117013,H15,U2OS,48,ibutilide,compound,BRD-A74391928-051-03-9,,['potassium channel blocker'],0.6866487,-9.013156
BR00117013,H16,U2OS,48,batimastat,compound,BRD-K82818427-001-04-8,,['matrix metalloprotease inhibitor'],-0.5195454,-9.523812
BR00117013,H17,U2OS,48,DMSO,compound,,negcon,,2.9137006,-8.763204
BR00117013,H18,U2OS,48,DMSO,compound,,negcon,,2.4128356,-8.988343
BR00117013,H19,U2OS,48,UNC1999,compound,BRD-K26989966-001-04-3,poscon_cp,['histone lysine methyltransferase inhibitor'],-5.413695,-5.96289
BR00117013,H20,U2OS,48,glutamine-(l),compound,BRD-K83896451-001-06-7,,,2.714968,-8.729268
BR00117013,H21,U2OS,48,PD-98059,compound,BRD-K62810658-001-11-4,poscon_orf,,0.48658758,-8.8878145
BR00117013,H22,U2OS,48,enilconazole,compound,BRD-K01825690-065-01-9,,,1.7479464,-9.156898
BR00117013,H23,U2OS,48,N-alpha-Methylhistamine-dihydrochloride,compound,BRD-K75390981-300-04-9,,['histamine receptor agonist'],0.9086622,-8.694287
BR00117013,H24,U2OS,48,GK921,compound,BRD-K38272302-001-02-7,,,-4.283182,-5.9521146
BR00117013,I01,U2OS,48,nilvadipine,compound,BRD-A84687895-001-03-2,,['calcium channel blocker'],1.4174544,-7.3348823
BR00117013,I02,U2OS,48,DMSO,compound,,negcon,,1.6951191,-8.389863
BR00117013,I03,U2OS,48,AC-710,compound,BRD-K15819326-001-01-6,,['PDGFR tyrosine kinase receptor inhibitor'],-2.8278294,-8.554147
BR00117013,I04,U2OS,48,PETCM,compound,BRD-A93477898-001-04-2,,,1.2607768,-7.911729
BR00117013,I05,U2OS,48,AZD7762,compound,BRD-K86525559-001-07-8,poscon_diverse,['CHK inhibitor'],-4.915548,-5.434341
BR00117013,I06,U2OS,48,PHA-793887,compound,BRD-K64800655-001-09-0,poscon_diverse,['CDK inhibitor'],-3.8993025,-6.127437
BR00117013,I07,U2OS,48,KU-60019,compound,BRD-K36016295-001-05-2,,['ATM kinase inhibitor'],-3.3676145,-7.5195966
BR00117013,I08,U2OS,48,nafamostat,compound,BRD-K06674495-334-04-0,,,-0.7830273,-8.039167
BR00117013,I09,U2OS,48,DMSO,compound,,negcon,,1.8335451,-8.274667
BR00117013,I10,U2OS,48,DMSO,compound,,negcon,,1.3835456,-8.607933
BR00117013,I11,U2OS,48,taladegib,compound,BRD-K50498985-001-03-3,,['smoothened receptor antagonist'],1.6910442,-8.957414
BR00117013,I12,U2OS,48,acetohexamide,compound,BRD-K52960356-001-13-0,,['ATP channel blocker'],1.2709004,-7.940796
BR00117013,I13,U2OS,48,minocycline,compound,BRD-A69651145-003-11-4,,,-0.71148527,-7.199484
BR00117013,I14,U2OS,48,BI-2536,compound,BRD-K64890080-001-02-1,poscon_diverse,,-4.65494,-7.1848917
BR00117013,I15,U2OS,48,riociguat,compound,BRD-K84783599-001-01-0,,,0.28031635,-8.985053
BR00117013,I16,U2OS,48,CP-724714,compound,BRD-K76908866-001-07-6,poscon_cp,"['EGFR inhibitor', 'protein tyrosine kinase inhibitor']",-0.6981336,-9.043122
BR00117013,I17,U2OS,48,ganetespib,compound,BRD-K38852836-001-04-9,poscon_diverse,['HSP inhibitor'],-4.595162,-6.210807
BR00117013,I18,U2OS,48,AZ191,compound,BRD-K80935598-001-01-1,poscon_cp,['DYRK inhibitor'],-3.5369797,-8.581992
BR00117013,I19,U2OS,48,BAX-channel-blocker,compound,BRD-A18763547-300-06-3,,,-3.5718482,-7.906556
BR00117013,I20,U2OS,48,SU3327,compound,BRD-K32730239-001-01-0,,['JNK inhibitor'],-5.7693405,-5.9515495
BR00117013,I21,U2OS,48,DMSO,compound,,negcon,,1.5912578,-9.298677
BR00117013,I22,U2OS,48,DMSO,compound,,negcon,,2.7573233,-9.543748
BR00117013,I23,U2OS,48,octreotide,compound,BRD-A64173453-015-03-1,,['somatostatin receptor agonist'],1.0972555,-8.74679
BR00117013,I24,U2OS,48,1-octanol,compound,BRD-K09338665-001-08-9,,,1.2343243,-9.074556
BR00117013,J01,U2OS,48,acalabrutinib,compound,BRD-K64034691-001-01-9,,"[""Bruton's tyrosine kinase (BTK) inhibitor""]",1.4580355,-7.89713
BR00117013,J02,U2OS,48,rifamycin,compound,BRD-K38512030-001-01-7,,,1.197908,-8.369618
BR00117013,J03,U2OS,48,pazopanib,compound,BRD-K74514084-003-09-2,,"['KIT inhibitor', 'VEGFR inhibitor', 'PDGFR tyrosine kinase receptor inhibitor']",-1.4605563,-7.8398814
BR00117013,J04,U2OS,48,RKI-1447,compound,BRD-K19333160-001-01-3,poscon_cp,,-0.6488962,-6.0093703
BR00117013,J05,U2OS,48,vitamin-E,compound,BRD-K97091514-001-11-4,,['PKC inhibitor'],1.6256338,-9.377897
BR00117013,J06,U2OS,48,lonafarnib,compound,BRD-K41599323-001-02-3,poscon_diverse,,-1.6911769,-7.820475
BR00117013,J07,U2OS,48,ethyl-pyruvate,compound,BRD-K47738867-001-01-5,,,2.762009,-9.65282
BR00117013,J08,U2OS,48,picrotin,compound,BRD-A91822151-001-05-0,,['GABA receptor antagonist'],-0.12335454,-7.0722485
BR00117013,J09,U2OS,48,SGX523,compound,BRD-K19477839-001-07-6,poscon_cp,,1.2679055,-8.125435
BR00117013,J10,U2OS,48,PP-2,compound,BRD-K95785537-001-22-3,,['src inhibitor'],-1.2618502,-6.3924065
BR00117013,J11,U2OS,48,ME-0328,compound,BRD-A63444178-001-01-5,,['PPAR receptor antagonist'],1.7898909,-8.292246
BR00117013,J12,U2OS,48,AZD9668,compound,BRD-K31476763-001-01-5,,['elastase inhibitor'],0.42671132,-8.798855
BR00117013,J13,U2OS,48,NQDI-1,compound,BRD-K61918008-001-07-1,,,-0.24050659,-8.47136
BR00117013,J14,U2OS,48,DMSO,compound,,negcon,,2.6296387,-9.333712
BR00117013,J15,U2OS,48,carzenide,compound,BRD-K09295674-001-09-8,,,0.15959913,-8.500222
BR00117013,J16,U2OS,48,KU-55933,compound,BRD-K25311561-001-10-7,,['ATM kinase inhibitor'],-0.43310332,-6.733198
BR00117013,J17,U2OS,48,NVP-AEW541,compound,BRD-K24696047-001-02-3,poscon_cp,['IGF-1 inhibitor'],-2.6039155,-8.801708
BR00117013,J18,U2OS,48,leflunomide,compound,BRD-K78692225-001-24-5,,['PDGFR tyrosine kinase receptor inhibitor'],0.83583355,-9.350661
BR00117013,J19,U2OS,48,DMSO,compound,,negcon,,2.666081,-8.851557
BR00117013,J20,U2OS,48,azacitidine,compound,BRD-K03406345-001-21-1,poscon_diverse,,0.5350075,-6.103315
BR00117013,J21,U2OS,48,ixabepilone,compound,BRD-K03601870-001-01-2,,['microtubule stabilizing agent'],-4.635247,-6.8207912
BR00117013,J22,U2OS,48,KH-CB19,compound,BRD-K66430217-001-03-8,poscon_cp,['CDC inhibitor'],1.0710417,-7.309202
BR00117013,J23,U2OS,48,DMSO,compound,,negcon,,2.0921538,-8.916853
BR00117013,J24,U2OS,48,PF-05190457,compound,BRD-K02554563-001-01-6,,,0.032886058,-8.915726
BR00117013,K01,U2OS,48,LDN-212854,compound,BRD-K59831625-001-03-9,,,-5.501174,-5.4052157
BR00117013,K02,U2OS,48,formononetin,compound,BRD-K55567017-001-12-3,,['alcohol dehydrogenase inhibitor'],-0.84687394,-8.02749
BR00117013,K03,U2OS,48,aminopurvalanol-a,compound,BRD-K07762753-001-05-1,poscon_orf,['CDK inhibitor'],-0.07963595,-5.6933074
BR00117013,K04,U2OS,48,ruxolitinib,compound,BRD-K53972329-001-01-3,poscon_cp,['JAK inhibitor'],-0.3052542,-6.956914
BR00117013,K05,U2OS,48,DMSO,compound,,negcon,,2.3390596,-9.268209
BR00117013,K06,U2OS,48,DMSO,compound,,negcon,,2.366556,-9.066462
BR00117013,K07,U2OS,48,LGK-974,compound,BRD-K16810791-001-01-0,,['porcupine inhibitor'],-0.39178115,-7.980976
BR00117013,K08,U2OS,48,polydatin,compound,BRD-K43236057-001-07-1,,['ICAM1 expression inhibitor'],-2.1722453,-7.7184277
BR00117013,K09,U2OS,48,enflurane,compound,BRD-A51831848-001-01-7,,,-0.24279167,-7.914124
BR00117013,K10,U2OS,48,PFI-1,compound,BRD-K13094524-001-04-2,poscon_cp,,2.1026566,-8.84993
BR00117013,K11,U2OS,48,AZD7762,compound,BRD-K86525559-001-07-8,poscon_diverse,['CHK inhibitor'],-4.9400506,-5.4646177
BR00117013,K12,U2OS,48,sotrastaurin,compound,BRD-K16761703-001-03-8,,['PKC inhibitor'],-0.19819412,-6.4728436
BR00117013,K13,U2OS,48,DMSO,compound,,negcon,,2.7535357,-8.930034
BR00117013,K14,U2OS,48,cycloheximide,compound,BRD-K36055864-001-20-0,,['protein synthesis inhibitor'],-3.8044784,-6.42198
BR00117013,K15,U2OS,48,oxytocin,compound,BRD-K25243230-001-01-2,,,1.3134415,-8.253143
BR00117013,K16,U2OS,48,DMSO,compound,,negcon,,2.2897813,-9.684579
BR00117013,K17,U2OS,48,colchicine,compound,BRD-K00259736-001-16-4,,,-4.8875833,-6.8137736
BR00117013,K18,U2OS,48,afimoxifene,compound,BRD-K04210847-001-21-9,,,0.7289841,-8.025524
BR00117013,K19,U2OS,48,DMSO,compound,,negcon,,2.3486319,-9.212617
BR00117013,K20,U2OS,48,ZK-93423,compound,BRD-K33882852-003-02-8,poscon_diverse,['benzodiazepine receptor agonist'],-0.75509524,-9.501402
BR00117013,K21,U2OS,48,RGB-286638,compound,BRD-K20986415-001-02-6,,['CDK inhibitor'],-3.5345695,-7.455745
BR00117013,K22,U2OS,48,FPS-ZM1,compound,BRD-K87691185-001-01-2,,['RAGE receptor antagonist'],2.465088,-7.8933716
BR00117013,K23,U2OS,48,flindokalner,compound,BRD-K56740996-001-02-1,,,0.33097455,-9.294738
BR00117013,K24,U2OS,48,motesanib,compound,BRD-K99616396-316-05-3,,"['KIT inhibitor', 'VEGFR inhibitor', 'PDGFR tyrosine kinase receptor inhibitor']",-1.194605,-8.948349
BR00117013,L01,U2OS,48,geldanamycin,compound,BRD-K43570081-001-02-4,,['HSP inhibitor'],-4.4992146,-6.090421
BR00117013,L02,U2OS,48,DMSO,compound,,negcon,,2.909539,-9.388107
BR00117013,L03,U2OS,48,CGP-53353,compound,BRD-K32292990-001-03-6,,"['PKC inhibitor', 'EGFR inhibitor']",1.149797,-5.7547774
BR00117013,L04,U2OS,48,7-hydroxystaurosporine,compound,BRD-K45293975-001-02-0,,"['CDK inhibitor', 'PKC inhibitor', 'CHK inhibitor']",-4.7722507,-5.5118084
BR00117013,L05,U2OS,48,DMSO,compound,,negcon,,2.3144102,-9.764759
BR00117013,L06,U2OS,48,DMSO,compound,,negcon,,2.5523307,-9.830978
BR00117013,L07,U2OS,48,efaproxiral,compound,BRD-K37355418-236-01-6,,,1.0123717,-8.342254
BR00117013,L08,U2OS,48,SB-203580,compound,BRD-A37704979-001-12-3,poscon_orf,['p38 MAPK inhibitor'],-0.9102489,-6.5932875
BR00117013,L09,U2OS,48,FK-866,compound,BRD-K58550667-001-08-7,poscon_diverse,,-3.5165184,-4.939194
BR00117013,L10,U2OS,48,bepridil,compound,BRD-A91008255-003-24-8,,['calcium channel blocker'],-0.7249957,-5.9900637
BR00117013,L11,U2OS,48,delanzomib,compound,BRD-K59325863-001-04-4,,,-5.1963687,-5.7223825
BR00117013,L12,U2OS,48,buparlisib,compound,BRD-K42191735-001-08-7,poscon_diverse,,-5.2145715,-6.576633
BR00117013,L13,U2OS,48,phenylbutazone,compound,BRD-K10843433-001-23-5,,"['cyclooxygenase inhibitor', 'prostanoid receptor antagonist']",1.8887838,-8.0135765
BR00117013,L14,U2OS,48,deferasirox,compound,BRD-K97010173-001-04-1,,,0.5609656,-5.2902236
BR00117013,L15,U2OS,48,DMSO,compound,,negcon,,2.6529386,-9.385656
BR00117013,L16,U2OS,48,cediranib,compound,BRD-K86930074-001-05-0,,"['KIT inhibitor', 'VEGFR inhibitor']",-3.1169689,-8.794298
BR00117013,L17,U2OS,48,isoflurane,compound,BRD-A31564021-001-02-6,,,1.2549255,-8.722859
BR00117013,L18,U2OS,48,DMSO,compound,,negcon,,2.5432236,-8.5635805
BR00117013,L19,U2OS,48,CCG-50014,compound,BRD-K08893438-001-06-4,,['G protein signaling inhibitor'],-5.4517546,-6.1375785
BR00117013,L20,U2OS,48,PF-431396,compound,BRD-K93788137-001-04-1,,,0.36582002,-4.7985306
BR00117013,L21,U2OS,48,TG-02,compound,BRD-K14560436-001-01-4,,"['CDK inhibitor', 'FLT3 inhibitor', 'JAK inhibitor']",-4.333609,-6.1440983
BR00117013,L22,U2OS,48,baclofen,compound,BRD-K01826724-003-07-9,,['benzodiazepine receptor agonist'],1.8524287,-9.095035
BR00117013,L23,U2OS,48,thiostrepton,compound,BRD-A20697603-001-07-2,,['protein synthesis inhibitor'],-3.548776,-7.0176387
BR00117013,L24,U2OS,48,flufenamic-acid,compound,BRD-K44067360-001-29-5,,,0.8822037,-8.970847
BR00117013,M01,U2OS,48,DMSO,compound,,negcon,,1.5770328,-8.061148
BR00117013,M02,U2OS,48,LY2109761,compound,BRD-K47557313-001-02-7,,,-1.1631882,-6.7324233
BR00117013,M03,U2OS,48,olopatadine,compound,BRD-K67637637-003-11-8,,['histamine receptor antagonist'],2.2095857,-8.333201
BR00117013,M04,U2OS,48,DMSO,compound,,negcon,,2.3147159,-8.904026
BR00117013,M05,U2OS,48,castanospermine,compound,BRD-K20897876-001-11-8,,['glucosidase inhibitor'],1.6779,-7.701328
BR00117013,M06,U2OS,48,A205804,compound,BRD-K77627880-001-04-0,,['ICAM1 expression inhibitor'],1.4275476,-5.744502
BR00117013,M07,U2OS,48,VU591,compound,BRD-K72063794-003-01-0,,['potassium channel blocker'],1.3868471,-9.055025
BR00117013,M08,U2OS,48,dalbavancin,compound,BRD-K30177383-001-01-0,,['bacterial cell wall synthesis inhibitor'],1.3823417,-8.153695
BR00117013,M09,U2OS,48,CC-401,compound,BRD-K45746021-003-01-9,,['JNK inhibitor'],-0.09972724,-7.785872
BR00117013,M10,U2OS,48,ganetespib,compound,BRD-K38852836-001-04-9,poscon_diverse,['HSP inhibitor'],-4.6173315,-5.9665713
BR00117013,M11,U2OS,48,ingenol-mebutate,compound,BRD-K93779381-001-01-9,,,-0.49759734,-8.773944
BR00117013,M12,U2OS,48,menadione,compound,BRD-K78126613-001-27-7,,,-3.6132576,-6.6901298
BR00117013,M13,U2OS,48,cetilistat,compound,BRD-K94863486-001-02-2,,,1.2099049,-7.5897393
BR00117013,M14,U2OS,48,methoxsalen,compound,BRD-K63430059-001-16-4,,['DNA synthesis inhibitor'],1.807574,-8.674063
BR00117013,M15,U2OS,48,cyclosporine,compound,BRD-K13533483-001-16-2,,,-2.2383966,-7.337322
BR00117013,M16,U2OS,48,NSC-632839,compound,BRD-K81197548-003-01-4,poscon_cp,['ubiquitin specific protease inhibitor'],-5.3335,-6.120844
BR00117013,M17,U2OS,48,DMSO,compound,,negcon,,2.7246044,-8.749039
BR00117013,M18,U2OS,48,TG-003,compound,BRD-K97072811-001-11-4,poscon_cp,,1.8686111,-8.4623995
BR00117013,M19,U2OS,48,oxibendazole,compound,BRD-K52075715-001-06-7,,['tubulin polymerization inhibitor'],-4.7659,-6.8499985
BR00117013,M20,U2OS,48,TG-101348,compound,BRD-K12502280-001-11-4,poscon_cp,"['JAK inhibitor', 'FLT3 inhibitor']",-4.5998607,-6.9482093
BR00117013,M21,U2OS,48,miglitol,compound,BRD-A63310107-001-04-8,,['glucosidase inhibitor'],2.5330858,-8.9498005
BR00117013,M22,U2OS,48,DMSO,compound,,negcon,,2.5997953,-9.4662285
BR00117013,M23,U2OS,48,DMSO,compound,,negcon,,2.289483,-9.065921
BR00117013,M24,U2OS,48,tranilast,compound,BRD-K17849083-001-32-9,,,-0.15112151,-8.939766
BR00117013,N01,U2OS,48,4-methylhistamine,compound,BRD-K70821460-300-02-4,,['histamine receptor agonist'],1.5024188,-7.8329854
BR00117013,N02,U2OS,48,LDN-27219,compound,BRD-K51485109-001-01-4,,,2.9369538,-7.810352
BR00117013,N03,U2OS,48,anisomycin,compound,BRD-K91370081-001-25-1,,['DNA synthesis inhibitor'],-5.530769,-5.838613
BR00117013,N04,U2OS,48,thioguanine,compound,BRD-K49350383-001-13-7,poscon_diverse,,-1.9518385,-6.983079
BR00117013,N05,U2OS,48,droxinostat,compound,BRD-K11558771-001-13-9,,['HDAC inhibitor'],-0.16155405,-7.7087336
BR00117013,N06,U2OS,48,UNC2025,compound,BRD-K91283740-003-01-6,poscon_cp,['FLT3 inhibitor'],-4.5688515,-6.7472034
BR00117013,N07,U2OS,48,DMSO,compound,,negcon,,1.6773182,-9.390779
BR00117013,N08,U2OS,48,DMSO,compound,,negcon,,2.7971916,-9.550081
BR00117013,N09,U2OS,48,AMG900,compound,BRD-K21728777-001-02-3,poscon_cp,['Aurora kinase inhibitor'],0.5440445,-4.8179026
BR00117013,N10,U2OS,48,PF-06463922,compound,BRD-A23124853-001-01-4,,['ALK tyrosine kinase receptor inhibitor'],-1.1767204,-7.27973
BR00117013,N11,U2OS,48,orantinib,compound,BRD-K55966568-001-09-6,poscon_cp,"['FGFR inhibitor', 'PDGFR tyrosine kinase receptor inhibitor', 'VEGFR inhibitor']",2.4913924,-7.7659354
BR00117013,N12,U2OS,48,fludarabine-phosphate,compound,BRD-K71106091-001-09-5,,['ribonucleotide reductase inhibitor'],0.7520944,-5.1031957
BR00117013,N13,U2OS,48,ceritinib,compound,BRD-K22149900-001-06-2,,['ALK tyrosine kinase receptor inhibitor'],-2.1038282,-8.831967
BR00117013,N14,U2OS,48,NVS-PAK1-1,compound,BRD-K28132190-001-02-0,poscon_cp,['p21 activated kinase inhibitor'],-2.0762691,-7.895808
BR00117013,N15,U2OS,48,homoharringtonine,compound,BRD-K76674262-001-03-3,,['protein synthesis inhibitor'],-5.4602947,-5.643688
BR00117013,N16,U2OS,48,picrotoxinin,compound,BRD-K36461289-001-05-8,,['GABA receptor antagonist'],1.9129057,-9.505449
BR00117013,N17,U2OS,48,DMSO,compound,,negcon,,2.5962524,-9.187816
BR00117013,N18,U2OS,48,danusertib,compound,BRD-K07881437-001-03-8,poscon_diverse,"['growth factor receptor inhibitor', 'Aurora kinase inhibitor']",0.492009,-5.0817156
BR00117013,N19,U2OS,48,romidepsin,compound,BRD-K61397605-001-01-8,poscon_cp,['HDAC inhibitor'],-5.8221707,-5.990511
BR00117013,N20,U2OS,48,FERb-033,compound,BRD-K61642990-001-01-0,poscon_cp,['EGFR inhibitor'],0.76150644,-9.237387
BR00117013,N21,U2OS,48,PF-03758309,compound,BRD-K37764012-001-03-3,poscon_diverse,['p21 activated kinase inhibitor'],-4.8768573,-6.323749
BR00117013,N22,U2OS,48,DMSO,compound,,negcon,,2.1876013,-9.480994
BR00117013,N23,U2OS,48,trometamol,compound,BRD-K47978074-001-03-2,,,2.913123,-8.485102
BR00117013,N24,U2OS,48,simvastatin,compound,BRD-K22134346-001-22-3,,['HMGCR inhibitor'],-1.6046016,-7.244885
BR00117013,O01,U2OS,48,zaprinast,compound,BRD-K16542329-001-16-8,,['phosphodiesterase inhibitor'],1.3433636,-7.703398
BR00117013,O02,U2OS,48,dexamethasone,compound,BRD-A10188456-001-04-9,,['glucocorticoid receptor agonist'],-1.0381206,-7.6974487
BR00117013,O03,U2OS,48,salicylic-acid,compound,BRD-K93632104-001-17-2,,['cyclooxygenase inhibitor'],1.9452295,-8.517759
BR00117013,O04,U2OS,48,diltiazem,compound,BRD-A69636825-003-04-7,,['calcium channel blocker'],1.4615742,-8.371519
BR00117013,O05,U2OS,48,phenolphthalein,compound,BRD-K19227686-001-18-6,,,1.8732996,-8.146567
BR00117013,O06,U2OS,48,niflumic-acid,compound,BRD-K98763141-001-30-8,,['cyclooxygenase inhibitor'],1.5891193,-7.9772563
BR00117013,O07,U2OS,48,DMSO,compound,,negcon,,1.7079247,-8.495171
BR00117013,O08,U2OS,48,L-Cystine,compound,BRD-A15397381-001-02-5,,,1.6377337,-7.995319
BR00117013,O09,U2OS,48,ozanimod,compound,BRD-K46625559-001-01-8,,['sphingosine 1 phosphate receptor agonist'],-1.958423,-8.893192
BR00117013,O10,U2OS,48,efaroxan,compound,BRD-A10739734-003-09-8,,['adrenergic receptor antagonist'],0.92467916,-6.931606
BR00117013,O11,U2OS,48,NBQX,compound,BRD-K11796549-001-05-2,,['glutamate receptor antagonist'],1.8528627,-7.9346924
BR00117013,O12,U2OS,48,dinoprostone,compound,BRD-K26521938-001-07-2,,['prostanoid receptor agonist'],0.4421977,-8.224733
BR00117013,O13,U2OS,48,Ro-20-1724,compound,BRD-A07207424-001-14-0,,['phosphodiesterase inhibitor'],2.2041767,-7.8239074
BR00117013,O14,U2OS,48,xanomeline,compound,BRD-K72815923-034-02-0,,['acetylcholine receptor agonist'],2.777538,-8.5415125
BR00117013,O15,U2OS,48,terazosin,compound,BRD-K01825589-310-02-9,,['adrenergic receptor antagonist'],1.9335817,-9.451807
BR00117013,O16,U2OS,48,BVT-948,compound,BRD-K68567222-001-01-2,,,-4.1149106,-5.9546285
BR00117013,O17,U2OS,48,nicotine,compound,BRD-K01825660-322-01-9,,['acetylcholine receptor agonist'],2.1701694,-7.4728117
BR00117013,O18,U2OS,48,DMSO,compound,,negcon,,2.895189,-8.190337
BR00117013,O19,U2OS,48,U-0521,compound,BRD-K08953028-001-09-6,,,1.4520745,-8.836952
BR00117013,O20,U2OS,48,BMS-587101,compound,BRD-K20093108-001-02-3,,,1.0653508,-9.261949
BR00117013,O21,U2OS,48,nimodipine,compound,BRD-A58048407-001-20-4,,['calcium channel blocker'],1.0568222,-8.063862
BR00117013,O22,U2OS,48,pyrrolidine-dithiocarbamate,compound,BRD-K80970344-201-08-6,,,-5.9520936,-5.949709
BR00117013,O23,U2OS,48,PF-915275,compound,BRD-K18289362-001-02-2,,,2.8091617,-8.1528
BR00117013,O24,U2OS,48,JTE-013,compound,BRD-K43330982-001-02-3,,,-0.3426062,-9.286333
BR00117013,P01,U2OS,48,sodium-butyrate,compound,BRD-K05878375-236-05-7,,['HDAC inhibitor'],0.6751138,-6.4730353
BR00117013,P02,U2OS,48,pentostatin,compound,BRD-K91543828-001-02-0,,['ribonucleotide reductase inhibitor'],2.4333894,-7.247386
BR00117013,P03,U2OS,48,OMDM-2,compound,BRD-K48830578-001-01-9,,,0.71670514,-8.985074
BR00117013,P04,U2OS,48,nalmefene,compound,BRD-A72767275-003-01-6,,,1.401385,-7.280944
BR00117013,P05,U2OS,48,DMSO,compound,,negcon,,2.1902728,-9.632313
BR00117013,P06,U2OS,48,1-EBIO,compound,BRD-K70586315-001-02-4,,,1.4797244,-9.52036
BR00117013,P07,U2OS,48,SB-505124,compound,BRD-K40109029-001-02-9,,['ALK tyrosine kinase receptor inhibitor'],-0.59692836,-9.666895
BR00117013,P08,U2OS,48,prasugrel,compound,BRD-A83029242-001-06-1,,['purinergic receptor antagonist'],0.5968911,-8.707898
BR00117013,P09,U2OS,48,pidolic-acid,compound,BRD-K57313110-001-06-8,,,1.9088421,-7.807343
BR00117013,P10,U2OS,48,DMSO,compound,,negcon,,2.444883,-9.374251
BR00117013,P11,U2OS,48,nevirapine,compound,BRD-K15502390-001-20-9,,,1.9792796,-8.286021
BR00117013,P12,U2OS,48,triamterene,compound,BRD-K92049597-001-20-8,,['sodium channel blocker'],0.41586024,-8.060518
BR00117013,P13,U2OS,48,regorafenib,compound,BRD-K16730910-001-07-3,,"['PDGFR tyrosine kinase receptor inhibitor', 'RAF inhibitor', 'KIT inhibitor', 'RET tyrosine kinase inhibitor', 'FGFR inhibitor', 'VEGFR inhibitor']",-0.80318063,-8.076431
BR00117013,P14,U2OS,48,cyclophosphamide,compound,BRD-A09722536-002-18-0,,,1.1344763,-8.445207
BR00117013,P15,U2OS,48,olanzapine,compound,BRD-K18895904-001-16-1,,"['dopamine receptor antagonist', 'serotonin receptor antagonist']",-2.4433475,-9.147678
BR00117013,P16,U2OS,48,KI-16425,compound,BRD-A25569250-001-03-3,,['lysophosphatidic acid receptor antagonist'],-0.09919125,-9.38974
BR00117013,P17,U2OS,48,SKLB1002,compound,BRD-K29895144-001-01-0,,['VEGFR inhibitor'],0.6344904,-5.1428313
BR00117013,P18,U2OS,48,cilostazol,compound,BRD-K67017579-001-28-1,,['phosphodiesterase inhibitor'],0.63522494,-7.8284717
BR00117013,P19,U2OS,48,AZD1283,compound,BRD-K77060810-001-01-5,,['purinergic receptor antagonist'],1.3151945,-8.770699
BR00117013,P20,U2OS,48,A-987306,compound,BRD-K68982262-001-01-4,,['histamine receptor antagonist'],-2.3998685,-9.254951
BR00117013,P21,U2OS,48,procaine,compound,BRD-K24616672-003-20-1,,['HMGCR inhibitor'],1.4523578,-8.671819
BR00117013,P22,U2OS,48,miconazole,compound,BRD-A82396632-008-30-8,,['bacterial cell wall synthesis inhibitor'],-0.7817731,-8.563043
BR00117013,P23,U2OS,48,loperamide,compound,BRD-K61250553-003-30-6,,,-1.3438717,-9.016888
BR00117013,P24,U2OS,48,aripiprazole,compound,BRD-K70358946-001-17-3,,['serotonin receptor antagonist'],-0.967161,-9.256325
BR00117024,A01,U2OS,24,gabapentin-enacarbil,compound,BRD-A86665761-001-01-1,,,0.48032048,-6.1858616
BR00117024,A02,U2OS,24,DMSO,compound,,negcon,,-0.08942147,-6.1419854
BR00117024,A03,U2OS,24,amlodipine,compound,BRD-A22032524-074-09-9,,['calcium channel blocker'],-2.7641108,-8.188135
BR00117024,A04,U2OS,24,hexestrol,compound,BRD-A01078468-001-14-8,,,1.8125999,-6.466327
BR00117024,A05,U2OS,24,quinine,compound,BRD-K48278478-001-01-2,,,1.5539992,-6.183608
BR00117024,A06,U2OS,24,LOXO-101,compound,BRD-K36574127-001-01-3,,,1.8452641,-6.967394
BR00117024,A07,U2OS,24,brinzolamide,compound,BRD-K74913225-001-14-0,,['carbonic anhydrase inhibitor'],0.41532964,-7.226414
BR00117024,A08,U2OS,24,NS-11021,compound,BRD-K94342292-001-01-3,,['calcium-activated potassium channel activator'],-1.518995,-8.392395
BR00117024,A09,U2OS,24,DMSO,compound,,negcon,,1.8699619,-7.5916657
BR00117024,A10,U2OS,24,GNF-5837,compound,BRD-K19975102-001-01-2,,['growth factor receptor inhibitor'],-1.0061338,-9.028531
BR00117024,A11,U2OS,24,apatinib,compound,BRD-K25244359-066-02-6,,['RET tyrosine kinase inhibitor'],-0.6044961,-7.8825326
BR00117024,A12,U2OS,24,ethoxzolamide,compound,BRD-K18131774-001-18-4,,['carbonic anhydrase inhibitor'],0.29449815,-7.55957
BR00117024,A13,U2OS,24,ascorbic-acid,compound,BRD-A85242401-001-11-5,,,0.5729132,-8.529248
BR00117024,A14,U2OS,24,ryuvidine,compound,BRD-K06426971-001-02-7,,['histone lysine methyltransferase inhibitor'],-4.6425796,-5.216495
BR00117024,A15,U2OS,24,BAN-ORL-24,compound,BRD-K47049295-300-03-1,,,-2.94093,-8.041701
BR00117024,A16,U2OS,24,NNC-55-0396,compound,BRD-K78122587-300-04-3,,,-2.7882533,-8.958475
BR00117024,A17,U2OS,24,DMSO,compound,,negcon,,1.1964946,-8.4836445
BR00117024,A18,U2OS,24,WH-4-023,compound,BRD-K50199947-001-03-4,,['src inhibitor'],-2.9811275,-8.003909
BR00117024,A19,U2OS,24,flupirtine,compound,BRD-K50720187-051-03-1,,['glutamate receptor antagonist'],-1.148748,-6.5936117
BR00117024,A20,U2OS,24,ZK811752,compound,BRD-K91825936-001-03-9,,,0.71712613,-6.1784487
BR00117024,A21,U2OS,24,dexamethasone,compound,BRD-K38775274-001-22-1,,['glucocorticoid receptor agonist'],-1.3098818,-7.4598565
BR00117024,A22,U2OS,24,PP-1,compound,BRD-K47598052-001-14-1,,['src inhibitor'],-1.2979298,-6.390312
BR00117024,A23,U2OS,24,DDR1-IN-1,compound,BRD-K61845293-300-01-9,,,-2.2648394,-8.818579
BR00117024,A24,U2OS,24,AVL-292,compound,BRD-K87782578-001-01-4,,"[""Bruton's tyrosine kinase (BTK) inhibitor""]",-2.5896735,-6.9266605
BR00117024,B01,U2OS,24,H2L-5765834,compound,BRD-K26439554-001-01-3,,['lysophosphatidic acid receptor antagonist'],1.6457618,-6.1737475
BR00117024,B02,U2OS,24,thiostrepton,compound,BRD-K58049875-001-03-9,,['protein synthesis inhibitor'],-4.25517,-5.5903063
BR00117024,B03,U2OS,24,DMSO,compound,,negcon,,2.9982228,-6.9625263
BR00117024,B04,U2OS,24,arcyriaflavin-a,compound,BRD-K72726508-001-02-1,,['CDK inhibitor'],-2.2010012,-7.348539
BR00117024,B05,U2OS,24,CYM-5520,compound,BRD-K29151923-001-01-5,,['sphingosine 1 phosphate receptor agonist'],1.051361,-7.11877
BR00117024,B06,U2OS,24,fludarabine,compound,BRD-K66788707-001-14-3,,['ribonucleotide reductase inhibitor'],1.1514561,-5.5247545
BR00117024,B07,U2OS,24,alda-1,compound,BRD-K06890060-001-09-1,,,1.5021819,-6.752382
BR00117024,B08,U2OS,24,meclofenamic-acid,compound,BRD-K50398167-236-22-7,,"['cyclooxygenase inhibitor', 'prostanoid receptor antagonist']",2.8070872,-6.965971
BR00117024,B09,U2OS,24,GNF-5,compound,BRD-K87632963-001-03-0,,['Bcr-Abl kinase inhibitor'],-0.7143174,-8.45447
BR00117024,B10,U2OS,24,NS-309,compound,BRD-K37602296-001-01-6,,['calcium-activated potassium channel activator'],2.1099231,-6.689409
BR00117024,B11,U2OS,24,AK-7,compound,BRD-K09143580-001-01-0,,['SIRT inhibitor'],-0.16228373,-8.573737
BR00117024,B12,U2OS,24,BVT-948,compound,BRD-A22713669-001-04-3,,,-3.38558,-6.798157
BR00117024,B13,U2OS,24,SirReal-2,compound,BRD-K16472653-001-01-6,,['SIRT inhibitor'],-0.673392,-8.271772
BR00117024,B14,U2OS,24,DMSO,compound,,negcon,,2.9667406,-7.476598
BR00117024,B15,U2OS,24,BMS-536924,compound,BRD-K34581968-001-05-3,,['IGF-1 inhibitor'],-2.418963,-6.8992662
BR00117024,B16,U2OS,24,PP-121,compound,BRD-K81801188-001-02-8,,['protein tyrosine kinase inhibitor'],-2.657854,-6.987555
BR00117024,B17,U2OS,24,MCOPPB,compound,BRD-K73276278-305-01-1,,,-3.226102,-8.851471
BR00117024,B18,U2OS,24,ozagrel,compound,BRD-K53061490-003-13-9,,,0.4265754,-6.859702
BR00117024,B19,U2OS,24,CYM-5442,compound,BRD-A43005764-003-01-5,,['sphingosine 1 phosphate receptor agonist'],-2.9941938,-8.97706
BR00117024,B20,U2OS,24,CVT-10216,compound,BRD-K60659193-001-01-0,,,0.75971127,-7.945852
BR00117024,B21,U2OS,24,TCN201,compound,BRD-K09787262-001-02-7,,['glutamate receptor antagonist'],0.2927454,-8.098797
BR00117024,B22,U2OS,24,fomepizole,compound,BRD-K56810756-003-07-7,,['alcohol dehydrogenase inhibitor'],1.5726265,-7.0472007
BR00117024,B23,U2OS,24,benzamil,compound,BRD-K87158025-003-08-7,,['sodium channel blocker'],0.083522804,-7.3619847
BR00117024,B24,U2OS,24,lercanidipine,compound,BRD-A18992208-003-02-7,,['calcium channel blocker'],-0.8132192,-8.290124
BR00117024,C01,U2OS,24,4-CMTB,compound,BRD-A54139254-001-09-2,,['free fatty acid receptor agonist'],1.6673094,-6.5761743
BR00117024,C02,U2OS,24,ML-228,compound,BRD-K44432556-001-05-5,,,2.504946,-6.684384
BR00117024,C03,U2OS,24,DMSO,compound,,negcon,,3.024147,-6.9605675
BR00117024,C04,U2OS,24,GSK1070916,compound,BRD-K36740062-001-06-6,,['Aurora kinase inhibitor'],-3.4098415,-8.148306
BR00117024,C05,U2OS,24,ML-193,compound,BRD-K27539181-001-08-5,,,2.0392835,-7.580189
BR00117024,C06,U2OS,24,DMSO,compound,,negcon,,3.1729906,-7.3087664
BR00117024,C07,U2OS,24,M-25,compound,BRD-K51265828-001-01-0,,['smoothened receptor antagonist'],2.0971766,-6.90168
BR00117024,C08,U2OS,24,azeliragon,compound,BRD-K51899933-001-02-6,,['RAGE receptor antagonist'],-3.143257,-8.344517
BR00117024,C09,U2OS,24,CYT-997,compound,BRD-K23363278-001-02-1,poscon_diverse,['tubulin polymerization inhibitor'],-5.1648207,-7.8135786
BR00117024,C10,U2OS,24,AR-12,compound,BRD-K90497590-001-05-9,,,-5.2416625,-5.3037424
BR00117024,C11,U2OS,24,CYM-50260,compound,BRD-K69877120-001-01-7,,['sphingosine 1 phosphate receptor agonist'],0.7252921,-7.3660717
BR00117024,C12,U2OS,24,DMSO,compound,,negcon,,2.5030427,-7.987064
BR00117024,C13,U2OS,24,KG-5,compound,BRD-K90747162-001-01-4,poscon_cp,['RAF inhibitor'],-4.711516,-7.7049108
BR00117024,C14,U2OS,24,JTE-607,compound,BRD-K81405859-300-01-4,,,0.9046551,-5.27423
BR00117024,C15,U2OS,24,DMSO,compound,,negcon,,1.7485436,-7.1665344
BR00117024,C16,U2OS,24,ilomastat,compound,BRD-K51662849-001-05-4,,['matrix metalloprotease inhibitor'],0.5729191,-8.142085
BR00117024,C17,U2OS,24,RX-821002,compound,BRD-A65597028-003-08-1,,['adrenergic receptor antagonist'],-0.38322857,-6.958463
BR00117024,C18,U2OS,24,DMSO,compound,,negcon,,0.70477873,-8.290838
BR00117024,C19,U2OS,24,TUG-891,compound,BRD-K24282351-001-01-4,,['free fatty acid receptor agonist'],-0.9313436,-6.7526336
BR00117024,C20,U2OS,24,ponatinib,compound,BRD-K44227013-001-08-0,,"['PDGFR tyrosine kinase receptor inhibitor', 'FLT3 inhibitor', 'Bcr-Abl kinase inhibitor']",-4.5804367,-5.16515
BR00117024,C21,U2OS,24,DMSO,compound,,negcon,,1.5347302,-7.7008963
BR00117024,C22,U2OS,24,puromycin,compound,BRD-K01824976-300-02-9,,['protein synthesis inhibitor'],-4.847032,-5.48311
BR00117024,C23,U2OS,24,SRC-kinase-inhibitor-I,compound,BRD-K50495309-001-02-0,,['src inhibitor'],-2.5731966,-9.176994
BR00117024,C24,U2OS,24,acetylcysteine,compound,BRD-K59058747-001-19-1,,,0.16036409,-8.661325
BR00117024,D01,U2OS,24,NSC-625987,compound,BRD-K62949423-001-03-1,,['CDK inhibitor'],1.8365372,-5.909793
BR00117024,D02,U2OS,24,dalfampridine,compound,BRD-K22482860-001-20-6,,['potassium channel blocker'],1.1576989,-6.790535
BR00117024,D03,U2OS,24,NSC-95397,compound,BRD-K68143200-001-11-7,,['CDC inhibitor'],-3.3665595,-6.8236012
BR00117024,D04,U2OS,24,alrestatin,compound,BRD-K35498378-001-06-1,,['aldose reductase inhibitor'],2.2647204,-6.722572
BR00117024,D05,U2OS,24,PF-03758309,compound,BRD-K37764012-001-03-3,poscon_diverse,['p21 activated kinase inhibitor'],2.9394343,-6.9674788
BR00117024,D06,U2OS,24,IRL-2500,compound,BRD-K98357249-001-02-9,,['endothelin receptor antagonist'],2.2597675,-7.150479
BR00117024,D07,U2OS,24,PF-04217903,compound,BRD-K73319509-001-08-0,poscon_cp,,3.0739212,-7.1918693
BR00117024,D08,U2OS,24,FK-866,compound,BRD-K58550667-001-08-7,poscon_diverse,,0.44573006,-7.1794086
BR00117024,D09,U2OS,24,amlexanox,compound,BRD-K29530284-001-06-2,,,1.5426927,-7.3471937
BR00117024,D10,U2OS,24,GW-311616,compound,BRD-K37864785-001-01-0,,['elastase inhibitor'],1.1074381,-6.9514885
BR00117024,D11,U2OS,24,buparlisib,compound,BRD-K42191735-001-08-7,poscon_diverse,,-5.0664363,-7.555293
BR00117024,D12,U2OS,24,amiloride,compound,BRD-K97181089-003-24-7,,['sodium channel blocker'],1.3760332,-7.7945466
BR00117024,D13,U2OS,24,DG-172,compound,BRD-K75748943-300-01-3,,,-2.6721709,-9.283026
BR00117024,D14,U2OS,24,DMSO,compound,,negcon,,2.2950273,-8.076161
BR00117024,D15,U2OS,24,DMSO,compound,,negcon,,3.1891177,-7.8118834
BR00117024,D16,U2OS,24,NVP-ADW742,compound,BRD-K15179513-001-04-2,poscon_cp,,-3.2709289,-8.617779
BR00117024,D17,U2OS,24,misoprostol,compound,BRD-A72351335-001-04-5,,['prostanoid receptor agonist'],0.74492997,-5.6723766
BR00117024,D18,U2OS,24,conivaptan,compound,BRD-K37385792-003-02-1,,,-1.8637648,-8.926081
BR00117024,D19,U2OS,24,spiroxatrine,compound,BRD-A72483914-001-03-7,,['serotonin receptor antagonist'],0.52469677,-6.807652
BR00117024,D20,U2OS,24,diacerein,compound,BRD-K69122748-001-10-1,,,0.34948742,-8.041594
BR00117024,D21,U2OS,24,DMSO,compound,,negcon,,3.1142788,-7.656174
BR00117024,D22,U2OS,24,DMSO,compound,,negcon,,3.3553975,-7.5352206
BR00117024,D23,U2OS,24,glyburide,compound,BRD-K36927236-001-36-7,,['ATP channel blocker'],1.0436864,-7.184676
BR00117024,D24,U2OS,24,ANR-94,compound,BRD-K31170746-001-01-6,,,0.013540651,-8.684272
BR00117024,E01,U2OS,24,TFC-007,compound,BRD-K57708067-001-01-3,,,0.7545708,-7.3689356
BR00117024,E02,U2OS,24,trihexyphenidyl,compound,BRD-A48180038-003-24-3,,['acetylcholine receptor antagonist'],2.4635875,-7.726078
BR00117024,E03,U2OS,24,epoprostenol,compound,BRD-K64054020-001-02-7,,,2.5005445,-7.7937613
BR00117024,E04,U2OS,24,sacubitril,compound,BRD-K91456750-001-01-9,,,2.193357,-6.2843504
BR00117024,E05,U2OS,24,danusertib,compound,BRD-K07881437-001-03-8,poscon_diverse,"['growth factor receptor inhibitor', 'Aurora kinase inhibitor']",0.6198873,-4.886449
BR00117024,E06,U2OS,24,CYT-997,compound,BRD-K23363278-001-02-1,poscon_diverse,['tubulin polymerization inhibitor'],-5.112257,-7.8223424
BR00117024,E07,U2OS,24,DMSO,compound,,negcon,,2.9552395,-7.261447
BR00117024,E08,U2OS,24,BQ-788,compound,BRD-K02490038-236-03-8,,['endothelin receptor antagonist'],2.8071945,-7.2667184
BR00117024,E09,U2OS,24,SB-202190,compound,BRD-K54330070-001-19-6,poscon_orf,['p38 MAPK inhibitor'],-0.5354079,-6.651999
BR00117024,E10,U2OS,24,GSK2110183,compound,BRD-K25412176-001-01-9,poscon_diverse,,-1.4924114,-8.00211
BR00117024,E11,U2OS,24,GSK3787,compound,BRD-K03155172-001-03-0,,['PPAR receptor antagonist'],0.26264137,-7.6590734
BR00117024,E12,U2OS,24,BAM7,compound,BRD-K07442505-001-03-6,,,2.0801144,-7.5890946
BR00117024,E13,U2OS,24,PHA-793887,compound,BRD-K64800655-001-09-0,poscon_diverse,['CDK inhibitor'],-3.2676854,-6.0529346
BR00117024,E14,U2OS,24,DMSO,compound,,negcon,,2.6988163,-6.701692
BR00117024,E15,U2OS,24,GSK-37647,compound,BRD-K26514105-001-01-7,,['free fatty acid receptor agonist'],1.1697874,-5.9604053
BR00117024,E16,U2OS,24,desonide,compound,BRD-K21528677-001-04-4,,['glucocorticoid receptor agonist'],-0.9566808,-7.6532025
BR00117024,E17,U2OS,24,DMSO,compound,,negcon,,2.710817,-8.024575
BR00117024,E18,U2OS,24,aloxistatin,compound,BRD-K91188791-001-17-5,,,-3.1105278,-9.055286
BR00117024,E19,U2OS,24,azathioprine,compound,BRD-K32821942-001-22-1,,,0.58333814,-8.223586
BR00117024,E20,U2OS,24,ZK-93423,compound,BRD-K33882852-003-02-8,poscon_diverse,['benzodiazepine receptor agonist'],-0.64734286,-9.042809
BR00117024,E21,U2OS,24,BI-2536,compound,BRD-K64890080-001-02-1,poscon_diverse,,-4.691435,-7.4751873
BR00117024,E22,U2OS,24,EI1,compound,BRD-K91535048-001-01-2,poscon_cp,['histone lysine methyltransferase inhibitor'],-1.479272,-8.598563
BR00117024,E23,U2OS,24,NVP-HSP990,compound,BRD-K67915505-001-01-2,,['HSP inhibitor'],-2.493993,-6.4250107
BR00117024,E24,U2OS,24,DMSO,compound,,negcon,,2.6521242,-6.905095
BR00117024,F01,U2OS,24,DMSO,compound,,negcon,,2.3162937,-6.553207
BR00117024,F02,U2OS,24,nialamide,compound,BRD-K12102668-001-25-5,,,1.3851385,-6.2140408
BR00117024,F03,U2OS,24,DMSO,compound,,negcon,,2.9770458,-7.0403686
BR00117024,F04,U2OS,24,arundic-acid,compound,BRD-K49223707-001-01-0,,,2.5617378,-6.961761
BR00117024,F05,U2OS,24,torcitabine,compound,BRD-K91822704-003-07-2,,,2.701956,-6.880324
BR00117024,F06,U2OS,24,DMSO,compound,,negcon,,3.2124758,-7.8504024
BR00117024,F07,U2OS,24,epothilone-b,compound,BRD-K68164687-001-01-6,,"['microtubule stabilizing agent', 'tubulin polymerization inhibitor']",-4.3624454,-7.45153
BR00117024,F08,U2OS,24,dyphylline,compound,BRD-A00827783-001-24-6,,['phosphodiesterase inhibitor'],1.5910848,-6.855637
BR00117024,F09,U2OS,24,DMSO,compound,,negcon,,2.826774,-7.418022
BR00117024,F10,U2OS,24,quinidine,compound,BRD-K59632282-052-03-1,,['sodium channel blocker'],0.43766883,-8.019358
BR00117024,F11,U2OS,24,halopemide,compound,BRD-K50055394-001-03-6,,,-0.099893995,-7.810029
BR00117024,F12,U2OS,24,sulfinpyrazone,compound,BRD-A36217750-001-16-3,,,0.5262961,-7.7569857
BR00117024,F13,U2OS,24,ML-323,compound,BRD-K93942811-001-01-3,poscon_cp,['ubiquitin specific protease inhibitor'],1.0220238,-7.1991453
BR00117024,F14,U2OS,24,racecadotril,compound,BRD-A08187463-001-12-9,,,-1.3507382,-8.887653
BR00117024,F15,U2OS,24,BRL-50481,compound,BRD-K84266862-001-03-2,,['phosphodiesterase inhibitor'],0.26088008,-8.039308
BR00117024,F16,U2OS,24,GSK2110183,compound,BRD-K25412176-001-01-9,poscon_diverse,,-1.2616893,-7.9651923
BR00117024,F17,U2OS,24,bufexamac,compound,BRD-K36660044-001-24-2,,['cyclooxygenase inhibitor'],-0.14442079,-6.8525553
BR00117024,F18,U2OS,24,anandamide,compound,BRD-K42352790-001-05-3,,,0.9728619,-6.858791
BR00117024,F19,U2OS,24,thioguanine,compound,BRD-K49350383-001-13-7,poscon_diverse,,-1.835323,-7.073199
BR00117024,F20,U2OS,24,IWP-L6,compound,BRD-K53234107-001-01-6,,['porcupine inhibitor'],-1.0331253,-8.498851
BR00117024,F21,U2OS,24,edoxaban,compound,BRD-K29322660-001-01-9,,['coagulation factor inhibitor'],0.0008670018,-7.2159805
BR00117024,F22,U2OS,24,lonafarnib,compound,BRD-K41599323-001-02-3,poscon_diverse,,-1.8801374,-7.553071
BR00117024,F23,U2OS,24,ibutamoren,compound,BRD-K44771174-066-01-0,,,0.26818544,-7.109452
BR00117024,F24,U2OS,24,somatostatin,compound,BRD-K14681867-001-01-6,,['somatostatin receptor agonist'],0.834021,-8.4474945
BR00117024,G01,U2OS,24,L-proline,compound,BRD-K01666412-001-02-0,,,2.2544727,-6.451991
BR00117024,G02,U2OS,24,zamifenacin,compound,BRD-K80451230-051-02-6,,['acetylcholine receptor antagonist'],1.3933065,-6.7984114
BR00117024,G03,U2OS,24,YC-1,compound,BRD-K60476892-001-16-1,,,-4.350388,-5.7511134
BR00117024,G04,U2OS,24,DMSO,compound,,negcon,,3.0764062,-7.484599
BR00117024,G05,U2OS,24,ME-0328,compound,BRD-K24283677-001-01-9,,['PPAR receptor antagonist'],2.6940684,-7.4423947
BR00117024,G06,U2OS,24,NSC-663284,compound,BRD-K03109492-001-02-2,,['CDC inhibitor'],-4.6078186,-5.1822963
BR00117024,G07,U2OS,24,CYM-50358,compound,BRD-K80666802-003-01-0,,,-2.2539024,-9.173579
BR00117024,G08,U2OS,24,trazodone,compound,BRD-K70778732-003-27-5,,"['adrenergic receptor antagonist', 'serotonin receptor antagonist']",2.3719082,-8.454235
BR00117024,G09,U2OS,24,DMSO,compound,,negcon,,3.2322643,-7.136605
BR00117024,G10,U2OS,24,DMSO,compound,,negcon,,2.6378512,-7.4362154
BR00117024,G11,U2OS,24,sulfasalazine,compound,BRD-K10670311-001-17-1,,['cyclooxygenase inhibitor'],2.7187836,-7.681077
BR00117024,G12,U2OS,24,"2,5-furandimethanol",compound,BRD-K29791386-001-01-8,,,0.9640467,-8.278909
BR00117024,G13,U2OS,24,DMSO,compound,,negcon,,2.996798,-6.635182
BR00117024,G14,U2OS,24,dilazep,compound,BRD-K48722258-300-11-0,,,2.4933076,-7.106254
BR00117024,G15,U2OS,24,felodipine,compound,BRD-A30815329-001-12-1,,['calcium channel blocker'],-0.1703117,-6.815951
BR00117024,G16,U2OS,24,paliperidone,compound,BRD-A99888680-001-05-3,,"['dopamine receptor antagonist', 'serotonin receptor antagonist']",1.7270116,-7.834118
BR00117024,G17,U2OS,24,purvalanol-a,compound,BRD-K50836978-001-03-3,poscon_orf,['CDK inhibitor'],0.33999735,-5.772957
BR00117024,G18,U2OS,24,DMSO,compound,,negcon,,1.6689154,-8.5064125
BR00117024,G19,U2OS,24,Ro-1138452,compound,BRD-K77220725-003-01-5,,['prostanoid receptor antagonist'],-0.45651186,-6.669983
BR00117024,G20,U2OS,24,sorbinil,compound,BRD-A89164055-001-03-3,,['aldose reductase inhibitor'],2.0386598,-7.8145623
BR00117024,G21,U2OS,24,TC-S-7004,compound,BRD-K89517477-001-01-4,poscon_cp,['DYRK inhibitor'],-0.6255973,-7.4192605
BR00117024,G22,U2OS,24,saclofen,compound,BRD-A24122750-001-03-7,,['GABA receptor antagonist'],2.8904357,-7.9296203
BR00117024,G23,U2OS,24,BAY-87-2243,compound,BRD-K70463136-001-01-5,,,-0.68800795,-9.002602
BR00117024,G24,U2OS,24,ibudilast,compound,BRD-K16444452-001-09-1,,['phosphodiesterase inhibitor'],2.3357751,-7.240725
BR00117024,H01,U2OS,24,briciclib,compound,BRD-K05531427-001-01-7,,,-5.24354,-7.878764
BR00117024,H02,U2OS,24,2-Oleoylglycerol,compound,BRD-K77087341-001-02-4,,,1.9021957,-7.3661084
BR00117024,H03,U2OS,24,RGFP966,compound,BRD-K61688984-001-02-9,poscon_cp,['HDAC inhibitor'],-1.0420113,-7.170328
BR00117024,H04,U2OS,24,DMSO,compound,,negcon,,3.080598,-7.186617
BR00117024,H05,U2OS,24,azacitidine,compound,BRD-K03406345-001-21-1,poscon_diverse,,-0.7063338,-7.021457
BR00117024,H06,U2OS,24,N6-cyclopentyladenosine,compound,BRD-K60150510-001-15-6,,,2.844903,-6.7441497
BR00117024,H07,U2OS,24,filgotinib,compound,BRD-K16803204-001-01-6,poscon_cp,['JAK inhibitor'],0.37725323,-6.2671022
BR00117024,H08,U2OS,24,guanidine,compound,BRD-K76037122-001-02-5,,['HSP inhibitor'],0.67701954,-7.912607
BR00117024,H09,U2OS,24,coumarin,compound,BRD-K23913458-001-20-7,,,2.9159877,-7.3939314
BR00117024,H10,U2OS,24,DMSO,compound,,negcon,,2.678832,-6.99177
BR00117024,H11,U2OS,24,ZM-336372,compound,BRD-K73789395-001-09-9,poscon_orf,['RAF inhibitor'],2.3234327,-7.2001247
BR00117024,H12,U2OS,24,citric-acid,compound,BRD-K76792669-001-08-1,,['coagulation factor inhibitor'],2.3315165,-7.5331173
BR00117024,H13,U2OS,24,DMSO,compound,,negcon,,2.8413832,-7.0714607
BR00117024,H14,U2OS,24,CCG-63802,compound,BRD-K26970495-001-02-7,,['G protein signaling inhibitor'],1.9115968,-6.836995
BR00117024,H15,U2OS,24,ibutilide,compound,BRD-A74391928-051-03-9,,['potassium channel blocker'],2.1596687,-7.3052096
BR00117024,H16,U2OS,24,batimastat,compound,BRD-K82818427-001-04-8,,['matrix metalloprotease inhibitor'],-0.9951979,-7.423462
BR00117024,H17,U2OS,24,DMSO,compound,,negcon,,2.6356304,-7.0589356
BR00117024,H18,U2OS,24,DMSO,compound,,negcon,,2.030255,-8.553835
BR00117024,H19,U2OS,24,UNC1999,compound,BRD-K26989966-001-04-3,poscon_cp,['histone lysine methyltransferase inhibitor'],-3.6355946,-8.351529
BR00117024,H20,U2OS,24,glutamine-(l),compound,BRD-K83896451-001-06-7,,,-5.906788,-5.7157254
BR00117024,H21,U2OS,24,PD-98059,compound,BRD-K62810658-001-11-4,poscon_orf,,0.101053484,-6.433931
BR00117024,H22,U2OS,24,enilconazole,compound,BRD-K01825690-065-01-9,,,-0.8535667,-7.5645156
BR00117024,H23,U2OS,24,N-alpha-Methylhistamine-dihydrochloride,compound,BRD-K75390981-300-04-9,,['histamine receptor agonist'],0.3300917,-7.6044617
BR00117024,H24,U2OS,24,GK921,compound,BRD-K38272302-001-02-7,,,-2.9005241,-6.64519
BR00117024,I01,U2OS,24,nilvadipine,compound,BRD-A84687895-001-03-2,,['calcium channel blocker'],0.7187317,-7.3147597
BR00117024,I02,U2OS,24,DMSO,compound,,negcon,,3.0344934,-6.929866
BR00117024,I03,U2OS,24,AC-710,compound,BRD-K15819326-001-01-6,,['PDGFR tyrosine kinase receptor inhibitor'],-2.7065818,-8.533349
BR00117024,I04,U2OS,24,PETCM,compound,BRD-A93477898-001-04-2,,,3.229423,-7.997013
BR00117024,I05,U2OS,24,AZD7762,compound,BRD-K86525559-001-07-8,poscon_diverse,['CHK inhibitor'],-4.464545,-5.0926
BR00117024,I06,U2OS,24,PHA-793887,compound,BRD-K64800655-001-09-0,poscon_diverse,['CDK inhibitor'],-3.1877487,-6.134588
BR00117024,I07,U2OS,24,KU-60019,compound,BRD-K36016295-001-05-2,,['ATM kinase inhibitor'],-3.3314943,-7.587075
BR00117024,I08,U2OS,24,nafamostat,compound,BRD-K06674495-334-04-0,,,0.018946674,-7.756058
BR00117024,I09,U2OS,24,DMSO,compound,,negcon,,3.0999186,-6.964702
BR00117024,I10,U2OS,24,DMSO,compound,,negcon,,2.737751,-7.44783
BR00117024,I11,U2OS,24,taladegib,compound,BRD-K50498985-001-03-3,,['smoothened receptor antagonist'],2.3483686,-7.14249
BR00117024,I12,U2OS,24,acetohexamide,compound,BRD-K52960356-001-13-0,,['ATP channel blocker'],1.7018609,-7.8398066
BR00117024,I13,U2OS,24,minocycline,compound,BRD-A69651145-003-11-4,,,-0.97555375,-7.3869143
BR00117024,I14,U2OS,24,BI-2536,compound,BRD-K64890080-001-02-1,poscon_diverse,,-4.804348,-7.477694
BR00117024,I15,U2OS,24,riociguat,compound,BRD-K84783599-001-01-0,,,-0.34703344,-5.9217863
BR00117024,I16,U2OS,24,CP-724714,compound,BRD-K76908866-001-07-6,poscon_cp,"['EGFR inhibitor', 'protein tyrosine kinase inhibitor']",-0.9024673,-8.859153
BR00117024,I17,U2OS,24,ganetespib,compound,BRD-K38852836-001-04-9,poscon_diverse,['HSP inhibitor'],-2.5030553,-6.333567
BR00117024,I18,U2OS,24,AZ191,compound,BRD-K80935598-001-01-1,poscon_cp,['DYRK inhibitor'],-3.366137,-8.645347
BR00117024,I19,U2OS,24,BAX-channel-blocker,compound,BRD-A18763547-300-06-3,,,-3.1234472,-8.324681
BR00117024,I20,U2OS,24,SU3327,compound,BRD-K32730239-001-01-0,,['JNK inhibitor'],-4.8641305,-5.466453
BR00117024,I21,U2OS,24,DMSO,compound,,negcon,,3.1368957,-7.2438126
BR00117024,I22,U2OS,24,DMSO,compound,,negcon,,3.1808023,-8.422293
BR00117024,I23,U2OS,24,octreotide,compound,BRD-A64173453-015-03-1,,['somatostatin receptor agonist'],0.31319672,-8.693408
BR00117024,I24,U2OS,24,1-octanol,compound,BRD-K09338665-001-08-9,,,-0.4324594,-8.29363
BR00117024,J01,U2OS,24,acalabrutinib,compound,BRD-K64034691-001-01-9,,"[""Bruton's tyrosine kinase (BTK) inhibitor""]",0.78337204,-7.6739154
BR00117024,J02,U2OS,24,rifamycin,compound,BRD-K38512030-001-01-7,,,2.4246576,-7.632144
BR00117024,J03,U2OS,24,pazopanib,compound,BRD-K74514084-003-09-2,,"['KIT inhibitor', 'VEGFR inhibitor', 'PDGFR tyrosine kinase receptor inhibitor']",-1.63238,-7.650706
BR00117024,J04,U2OS,24,RKI-1447,compound,BRD-K19333160-001-01-3,poscon_cp,,-0.6838637,-5.9711585
BR00117024,J05,U2OS,24,vitamin-E,compound,BRD-K97091514-001-11-4,,['PKC inhibitor'],2.0826654,-9.099312
BR00117024,J06,U2OS,24,lonafarnib,compound,BRD-K41599323-001-02-3,poscon_diverse,,-1.7544212,-7.537607
BR00117024,J07,U2OS,24,ethyl-pyruvate,compound,BRD-K47738867-001-01-5,,,0.14454521,-7.9849153
BR00117024,J08,U2OS,24,picrotin,compound,BRD-A91822151-001-05-0,,['GABA receptor antagonist'],2.2882378,-7.0447054
BR00117024,J09,U2OS,24,SGX523,compound,BRD-K19477839-001-07-6,poscon_cp,,2.1337414,-7.275551
BR00117024,J10,U2OS,24,PP-2,compound,BRD-K95785537-001-22-3,,['src inhibitor'],-1.3872399,-6.390814
BR00117024,J11,U2OS,24,ME-0328,compound,BRD-A63444178-001-01-5,,['PPAR receptor antagonist'],0.8139775,-7.666942
BR00117024,J12,U2OS,24,AZD9668,compound,BRD-K31476763-001-01-5,,['elastase inhibitor'],1.2503864,-8.494514
BR00117024,J13,U2OS,24,NQDI-1,compound,BRD-K61918008-001-07-1,,,-0.47356185,-7.2430315
BR00117024,J14,U2OS,24,DMSO,compound,,negcon,,2.524657,-7.078188
BR00117024,J15,U2OS,24,carzenide,compound,BRD-K09295674-001-09-8,,,1.7871544,-6.7440677
BR00117024,J16,U2OS,24,KU-55933,compound,BRD-K25311561-001-10-7,,['ATM kinase inhibitor'],-0.7367558,-6.803271
BR00117024,J17,U2OS,24,NVP-AEW541,compound,BRD-K24696047-001-02-3,poscon_cp,['IGF-1 inhibitor'],-2.3414924,-8.703485
BR00117024,J18,U2OS,24,leflunomide,compound,BRD-K78692225-001-24-5,,['PDGFR tyrosine kinase receptor inhibitor'],1.0890406,-8.3209
BR00117024,J19,U2OS,24,DMSO,compound,,negcon,,3.1660833,-7.4678173
BR00117024,J20,U2OS,24,azacitidine,compound,BRD-K03406345-001-21-1,poscon_diverse,,-0.7132169,-7.0077615
BR00117024,J21,U2OS,24,ixabepilone,compound,BRD-K03601870-001-01-2,,['microtubule stabilizing agent'],-4.8192644,-7.6494637
BR00117024,J22,U2OS,24,KH-CB19,compound,BRD-K66430217-001-03-8,poscon_cp,['CDC inhibitor'],1.7234405,-7.890368
BR00117024,J23,U2OS,24,DMSO,compound,,negcon,,1.3288959,-7.271215
BR00117024,J24,U2OS,24,PF-05190457,compound,BRD-K02554563-001-01-6,,,-1.2614715,-8.922816
BR00117024,K01,U2OS,24,LDN-212854,compound,BRD-K59831625-001-03-9,,,-5.279425,-5.4636064
BR00117024,K02,U2OS,24,formononetin,compound,BRD-K55567017-001-12-3,,['alcohol dehydrogenase inhibitor'],2.6093915,-6.66008
BR00117024,K03,U2OS,24,aminopurvalanol-a,compound,BRD-K07762753-001-05-1,poscon_orf,['CDK inhibitor'],-0.0011161661,-5.6251836
BR00117024,K04,U2OS,24,ruxolitinib,compound,BRD-K53972329-001-01-3,poscon_cp,['JAK inhibitor'],-0.7665026,-6.6095166
BR00117024,K05,U2OS,24,DMSO,compound,,negcon,,3.1452427,-7.570738
BR00117024,K06,U2OS,24,DMSO,compound,,negcon,,2.8966298,-7.4474506
BR00117024,K07,U2OS,24,LGK-974,compound,BRD-K16810791-001-01-0,,['porcupine inhibitor'],0.6150337,-6.954392
BR00117024,K08,U2OS,24,polydatin,compound,BRD-K43236057-001-07-1,,['ICAM1 expression inhibitor'],-1.9125236,-8.066748
BR00117024,K09,U2OS,24,enflurane,compound,BRD-A51831848-001-01-7,,,2.776412,-7.5615525
BR00117024,K10,U2OS,24,PFI-1,compound,BRD-K13094524-001-04-2,poscon_cp,,2.7954597,-7.6804724
BR00117024,K11,U2OS,24,AZD7762,compound,BRD-K86525559-001-07-8,poscon_diverse,['CHK inhibitor'],-4.37544,-5.0431952
BR00117024,K12,U2OS,24,sotrastaurin,compound,BRD-K16761703-001-03-8,,['PKC inhibitor'],-0.23463188,-6.3757367
BR00117024,K13,U2OS,24,DMSO,compound,,negcon,,1.9937525,-7.513493
BR00117024,K14,U2OS,24,cycloheximide,compound,BRD-K36055864-001-20-0,,['protein synthesis inhibitor'],-1.7130902,-6.665024
BR00117024,K15,U2OS,24,oxytocin,compound,BRD-K25243230-001-01-2,,,1.2870203,-7.818514
BR00117024,K16,U2OS,24,DMSO,compound,,negcon,,3.0556452,-6.742151
BR00117024,K17,U2OS,24,colchicine,compound,BRD-K00259736-001-16-4,,,-5.1344457,-7.7929244
BR00117024,K18,U2OS,24,afimoxifene,compound,BRD-K04210847-001-21-9,,,-0.586286,-7.7848015
BR00117024,K19,U2OS,24,DMSO,compound,,negcon,,2.7761304,-7.6027236
BR00117024,K20,U2OS,24,ZK-93423,compound,BRD-K33882852-003-02-8,poscon_diverse,['benzodiazepine receptor agonist'],-0.7733859,-9.056935
BR00117024,K21,U2OS,24,RGB-286638,compound,BRD-K20986415-001-02-6,,['CDK inhibitor'],-3.3343158,-7.4608164
BR00117024,K22,U2OS,24,FPS-ZM1,compound,BRD-K87691185-001-01-2,,['RAGE receptor antagonist'],-0.5390258,-7.3304048
BR00117024,K23,U2OS,24,flindokalner,compound,BRD-K56740996-001-02-1,,,0.21254662,-7.3733425
BR00117024,K24,U2OS,24,motesanib,compound,BRD-K99616396-316-05-3,,"['KIT inhibitor', 'VEGFR inhibitor', 'PDGFR tyrosine kinase receptor inhibitor']",-0.941953,-8.555258
BR00117024,L01,U2OS,24,geldanamycin,compound,BRD-K43570081-001-02-4,,['HSP inhibitor'],-2.5448542,-6.338878
BR00117024,L02,U2OS,24,DMSO,compound,,negcon,,3.058254,-6.7070265
BR00117024,L03,U2OS,24,CGP-53353,compound,BRD-K32292990-001-03-6,,"['PKC inhibitor', 'EGFR inhibitor']",1.9948007,-6.6300426
BR00117024,L04,U2OS,24,7-hydroxystaurosporine,compound,BRD-K45293975-001-02-0,,"['CDK inhibitor', 'PKC inhibitor', 'CHK inhibitor']",-4.500543,-5.381479
BR00117024,L05,U2OS,24,DMSO,compound,,negcon,,3.0594988,-6.849651
BR00117024,L06,U2OS,24,DMSO,compound,,negcon,,3.0972006,-6.9097567
BR00117024,L07,U2OS,24,efaproxiral,compound,BRD-K37355418-236-01-6,,,2.4339297,-7.8779283
BR00117024,L08,U2OS,24,SB-203580,compound,BRD-A37704979-001-12-3,poscon_orf,['p38 MAPK inhibitor'],-0.8257272,-6.5780926
BR00117024,L09,U2OS,24,FK-866,compound,BRD-K58550667-001-08-7,poscon_diverse,,-0.41797742,-7.22316
BR00117024,L10,U2OS,24,bepridil,compound,BRD-A91008255-003-24-8,,['calcium channel blocker'],-0.331691,-7.638668
BR00117024,L11,U2OS,24,delanzomib,compound,BRD-K59325863-001-04-4,,,-4.577376,-5.3933597
BR00117024,L12,U2OS,24,buparlisib,compound,BRD-K42191735-001-08-7,poscon_diverse,,-5.0875497,-7.7034163
BR00117024,L13,U2OS,24,phenylbutazone,compound,BRD-K10843433-001-23-5,,"['cyclooxygenase inhibitor', 'prostanoid receptor antagonist']",1.4555902,-6.63249
BR00117024,L14,U2OS,24,deferasirox,compound,BRD-K97010173-001-04-1,,,1.2032205,-5.412315
BR00117024,L15,U2OS,24,DMSO,compound,,negcon,,3.2875133,-7.314268
BR00117024,L16,U2OS,24,cediranib,compound,BRD-K86930074-001-05-0,,"['KIT inhibitor', 'VEGFR inhibitor']",-2.9721093,-9.00042
BR00117024,L17,U2OS,24,isoflurane,compound,BRD-A31564021-001-02-6,,,2.0459332,-8.630073
BR00117024,L18,U2OS,24,DMSO,compound,,negcon,,3.1888092,-7.7770777
BR00117024,L19,U2OS,24,CCG-50014,compound,BRD-K08893438-001-06-4,,['G protein signaling inhibitor'],-4.533182,-5.499316
BR00117024,L20,U2OS,24,PF-431396,compound,BRD-K93788137-001-04-1,,,0.53128356,-4.7903986
BR00117024,L21,U2OS,24,TG-02,compound,BRD-K14560436-001-01-4,,"['CDK inhibitor', 'FLT3 inhibitor', 'JAK inhibitor']",-3.4917135,-6.098886
BR00117024,L22,U2OS,24,baclofen,compound,BRD-K01826724-003-07-9,,['benzodiazepine receptor agonist'],0.7084645,-7.7597084
BR00117024,L23,U2OS,24,thiostrepton,compound,BRD-A20697603-001-07-2,,['protein synthesis inhibitor'],-1.9940926,-7.136115
BR00117024,L24,U2OS,24,flufenamic-acid,compound,BRD-K44067360-001-29-5,,,-0.125001,-6.7097383
BR00117024,M01,U2OS,24,DMSO,compound,,negcon,,2.4653783,-6.3710556
BR00117024,M02,U2OS,24,LY2109761,compound,BRD-K47557313-001-02-7,,,-0.8103936,-6.6875553
BR00117024,M03,U2OS,24,olopatadine,compound,BRD-K67637637-003-11-8,,['histamine receptor antagonist'],2.6446507,-7.4432154
BR00117024,M04,U2OS,24,DMSO,compound,,negcon,,2.2632654,-6.929179
BR00117024,M05,U2OS,24,castanospermine,compound,BRD-K20897876-001-11-8,,['glucosidase inhibitor'],0.22177313,-7.0032344
BR00117024,M06,U2OS,24,A205804,compound,BRD-K77627880-001-04-0,,['ICAM1 expression inhibitor'],2.1015782,-5.9066834
BR00117024,M07,U2OS,24,VU591,compound,BRD-K72063794-003-01-0,,['potassium channel blocker'],0.3771376,-8.330738
BR00117024,M08,U2OS,24,dalbavancin,compound,BRD-K30177383-001-01-0,,['bacterial cell wall synthesis inhibitor'],1.563311,-7.507513
BR00117024,M09,U2OS,24,CC-401,compound,BRD-K45746021-003-01-9,,['JNK inhibitor'],0.27193597,-7.3511467
BR00117024,M10,U2OS,24,ganetespib,compound,BRD-K38852836-001-04-9,poscon_diverse,['HSP inhibitor'],-2.51313,-6.4322286
BR00117024,M11,U2OS,24,ingenol-mebutate,compound,BRD-K93779381-001-01-9,,,-1.4511458,-8.123077
BR00117024,M12,U2OS,24,menadione,compound,BRD-K78126613-001-27-7,,,-1.6568804,-6.88133
BR00117024,M13,U2OS,24,cetilistat,compound,BRD-K94863486-001-02-2,,,0.6391607,-8.229273
BR00117024,M14,U2OS,24,methoxsalen,compound,BRD-K63430059-001-16-4,,['DNA synthesis inhibitor'],0.5347588,-6.404767
BR00117024,M15,U2OS,24,cyclosporine,compound,BRD-K13533483-001-16-2,,,-2.180198,-7.5043774
BR00117024,M16,U2OS,24,NSC-632839,compound,BRD-K81197548-003-01-4,poscon_cp,['ubiquitin specific protease inhibitor'],-4.3725653,-5.368733
BR00117024,M17,U2OS,24,DMSO,compound,,negcon,,2.733301,-7.287047
BR00117024,M18,U2OS,24,TG-003,compound,BRD-K97072811-001-11-4,poscon_cp,,1.558073,-7.6839156
BR00117024,M19,U2OS,24,oxibendazole,compound,BRD-K52075715-001-06-7,,['tubulin polymerization inhibitor'],-4.973411,-7.8616905
BR00117024,M20,U2OS,24,TG-101348,compound,BRD-K12502280-001-11-4,poscon_cp,"['JAK inhibitor', 'FLT3 inhibitor']",-3.493298,-8.436865
BR00117024,M21,U2OS,24,miglitol,compound,BRD-A63310107-001-04-8,,['glucosidase inhibitor'],2.3227983,-7.094042
BR00117024,M22,U2OS,24,DMSO,compound,,negcon,,3.276668,-7.559352
BR00117024,M23,U2OS,24,DMSO,compound,,negcon,,2.4297352,-6.6573143
BR00117024,M24,U2OS,24,tranilast,compound,BRD-K17849083-001-32-9,,,-0.5085,-8.368751
BR00117024,N01,U2OS,24,4-methylhistamine,compound,BRD-K70821460-300-02-4,,['histamine receptor agonist'],1.5849841,-6.1730304
BR00117024,N02,U2OS,24,LDN-27219,compound,BRD-K51485109-001-01-4,,,1.9794955,-6.816825
BR00117024,N03,U2OS,24,anisomycin,compound,BRD-K91370081-001-25-1,,['DNA synthesis inhibitor'],-4.5346193,-5.776468
BR00117024,N04,U2OS,24,thioguanine,compound,BRD-K49350383-001-13-7,poscon_diverse,,-1.6771393,-7.1619277
BR00117024,N05,U2OS,24,droxinostat,compound,BRD-K11558771-001-13-9,,['HDAC inhibitor'],-0.35099548,-8.011979
BR00117024,N06,U2OS,24,UNC2025,compound,BRD-K91283740-003-01-6,poscon_cp,['FLT3 inhibitor'],-3.3642976,-8.104447
BR00117024,N07,U2OS,24,DMSO,compound,,negcon,,1.5771933,-7.267387
BR00117024,N08,U2OS,24,DMSO,compound,,negcon,,1.8689816,-7.487545
BR00117024,N09,U2OS,24,AMG900,compound,BRD-K21728777-001-02-3,poscon_cp,['Aurora kinase inhibitor'],0.67689174,-4.8604884
BR00117024,N10,U2OS,24,PF-06463922,compound,BRD-A23124853-001-01-4,,['ALK tyrosine kinase receptor inhibitor'],-1.2135558,-7.475398
BR00117024,N11,U2OS,24,orantinib,compound,BRD-K55966568-001-09-6,poscon_cp,"['FGFR inhibitor', 'PDGFR tyrosine kinase receptor inhibitor', 'VEGFR inhibitor']",0.36831737,-7.1870413
BR00117024,N12,U2OS,24,fludarabine-phosphate,compound,BRD-K71106091-001-09-5,,['ribonucleotide reductase inhibitor'],0.8873931,-5.3418875
BR00117024,N13,U2OS,24,ceritinib,compound,BRD-K22149900-001-06-2,,['ALK tyrosine kinase receptor inhibitor'],-1.8564956,-8.322047
BR00117024,N14,U2OS,24,NVS-PAK1-1,compound,BRD-K28132190-001-02-0,poscon_cp,['p21 activated kinase inhibitor'],-2.195832,-7.892841
BR00117024,N15,U2OS,24,homoharringtonine,compound,BRD-K76674262-001-03-3,,['protein synthesis inhibitor'],-4.004215,-6.0880575
BR00117024,N16,U2OS,24,picrotoxinin,compound,BRD-K36461289-001-05-8,,['GABA receptor antagonist'],1.7592812,-6.8325005
BR00117024,N17,U2OS,24,DMSO,compound,,negcon,,3.1122913,-7.467808
BR00117024,N18,U2OS,24,danusertib,compound,BRD-K07881437-001-03-8,poscon_diverse,"['growth factor receptor inhibitor', 'Aurora kinase inhibitor']",0.49478796,-4.8054237
BR00117024,N19,U2OS,24,romidepsin,compound,BRD-K61397605-001-01-8,poscon_cp,['HDAC inhibitor'],-5.146603,-6.216605
BR00117024,N20,U2OS,24,FERb-033,compound,BRD-K61642990-001-01-0,poscon_cp,['EGFR inhibitor'],0.72697365,-8.0134325
BR00117024,N21,U2OS,24,PF-03758309,compound,BRD-K37764012-001-03-3,poscon_diverse,['p21 activated kinase inhibitor'],-3.0645306,-6.3017216
BR00117024,N22,U2OS,24,DMSO,compound,,negcon,,3.187391,-7.4111443
BR00117024,N23,U2OS,24,trometamol,compound,BRD-K47978074-001-03-2,,,0.5936296,-7.266199
BR00117024,N24,U2OS,24,simvastatin,compound,BRD-K22134346-001-22-3,,['HMGCR inhibitor'],-1.8915019,-8.051787
BR00117024,O01,U2OS,24,zaprinast,compound,BRD-K16542329-001-16-8,,['phosphodiesterase inhibitor'],0.90687996,-6.316779
BR00117024,O02,U2OS,24,dexamethasone,compound,BRD-A10188456-001-04-9,,['glucocorticoid receptor agonist'],-0.4841265,-7.624979
BR00117024,O03,U2OS,24,salicylic-acid,compound,BRD-K93632104-001-17-2,,['cyclooxygenase inhibitor'],1.4249189,-7.646861
BR00117024,O04,U2OS,24,diltiazem,compound,BRD-A69636825-003-04-7,,['calcium channel blocker'],2.219439,-6.85541
BR00117024,O05,U2OS,24,phenolphthalein,compound,BRD-K19227686-001-18-6,,,1.3490955,-7.586449
BR00117024,O06,U2OS,24,niflumic-acid,compound,BRD-K98763141-001-30-8,,['cyclooxygenase inhibitor'],1.1695575,-7.2233143
BR00117024,O07,U2OS,24,DMSO,compound,,negcon,,2.887071,-7.3965793
BR00117024,O08,U2OS,24,L-Cystine,compound,BRD-A15397381-001-02-5,,,0.6398348,-8.385948
BR00117024,O09,U2OS,24,ozanimod,compound,BRD-K46625559-001-01-8,,['sphingosine 1 phosphate receptor agonist'],-2.2264557,-9.054479
BR00117024,O10,U2OS,24,efaroxan,compound,BRD-A10739734-003-09-8,,['adrenergic receptor antagonist'],2.4887795,-6.9463425
BR00117024,O11,U2OS,24,NBQX,compound,BRD-K11796549-001-05-2,,['glutamate receptor antagonist'],0.7328859,-7.069976
BR00117024,O12,U2OS,24,dinoprostone,compound,BRD-K26521938-001-07-2,,['prostanoid receptor agonist'],0.10748063,-7.7117386
BR00117024,O13,U2OS,24,Ro-20-1724,compound,BRD-A07207424-001-14-0,,['phosphodiesterase inhibitor'],0.3146939,-8.203475
BR00117024,O14,U2OS,24,xanomeline,compound,BRD-K72815923-034-02-0,,['acetylcholine receptor agonist'],2.8464487,-7.577368
BR00117024,O15,U2OS,24,terazosin,compound,BRD-K01825589-310-02-9,,['adrenergic receptor antagonist'],1.079285,-6.5245013
BR00117024,O16,U2OS,24,BVT-948,compound,BRD-K68567222-001-01-2,,,-3.22479,-6.916352
BR00117024,O17,U2OS,24,nicotine,compound,BRD-K01825660-322-01-9,,['acetylcholine receptor agonist'],1.1740556,-6.5831347
BR00117024,O18,U2OS,24,DMSO,compound,,negcon,,2.8373947,-7.0734587
BR00117024,O19,U2OS,24,U-0521,compound,BRD-K08953028-001-09-6,,,2.134093,-7.1053324
BR00117024,O20,U2OS,24,BMS-587101,compound,BRD-K20093108-001-02-3,,,0.8542941,-7.3107324
BR00117024,O21,U2OS,24,nimodipine,compound,BRD-A58048407-001-20-4,,['calcium channel blocker'],0.28108516,-6.8936353
BR00117024,O22,U2OS,24,pyrrolidine-dithiocarbamate,compound,BRD-K80970344-201-08-6,,,-4.179355,-6.340456
BR00117024,O23,U2OS,24,PF-915275,compound,BRD-K18289362-001-02-2,,,-0.16492432,-8.1115055
BR00117024,O24,U2OS,24,JTE-013,compound,BRD-K43330982-001-02-3,,,-0.34140977,-8.591606
BR00117024,P01,U2OS,24,sodium-butyrate,compound,BRD-K05878375-236-05-7,,['HDAC inhibitor'],0.23588711,-6.0990644
BR00117024,P02,U2OS,24,pentostatin,compound,BRD-K91543828-001-02-0,,['ribonucleotide reductase inhibitor'],0.9852771,-6.1098237
BR00117024,P03,U2OS,24,OMDM-2,compound,BRD-K48830578-001-01-9,,,1.0948701,-6.593435
BR00117024,P04,U2OS,24,nalmefene,compound,BRD-A72767275-003-01-6,,,1.7148061,-6.1832814
BR00117024,P05,U2OS,24,DMSO,compound,,negcon,,2.0722303,-6.253468
BR00117024,P06,U2OS,24,1-EBIO,compound,BRD-K70586315-001-02-4,,,1.1210803,-6.438977
BR00117024,P07,U2OS,24,SB-505124,compound,BRD-K40109029-001-02-9,,['ALK tyrosine kinase receptor inhibitor'],-0.6698924,-8.637732
BR00117024,P08,U2OS,24,prasugrel,compound,BRD-A83029242-001-06-1,,['purinergic receptor antagonist'],0.526683,-6.521401
BR00117024,P09,U2OS,24,pidolic-acid,compound,BRD-K57313110-001-06-8,,,1.0641291,-6.259309
BR00117024,P10,U2OS,24,DMSO,compound,,negcon,,2.2620583,-6.3623013
BR00117024,P11,U2OS,24,nevirapine,compound,BRD-K15502390-001-20-9,,,1.5472685,-6.1115956
BR00117024,P12,U2OS,24,triamterene,compound,BRD-K92049597-001-20-8,,['sodium channel blocker'],1.323295,-7.0986147
BR00117024,P13,U2OS,24,regorafenib,compound,BRD-K16730910-001-07-3,,"['PDGFR tyrosine kinase receptor inhibitor', 'RAF inhibitor', 'KIT inhibitor', 'RET tyrosine kinase inhibitor', 'FGFR inhibitor', 'VEGFR inhibitor']",-1.3408886,-7.8020344
BR00117024,P14,U2OS,24,cyclophosphamide,compound,BRD-A09722536-002-18-0,,,0.5334153,-6.7101784
BR00117024,P15,U2OS,24,olanzapine,compound,BRD-K18895904-001-16-1,,"['dopamine receptor antagonist', 'serotonin receptor antagonist']",-2.1664546,-8.971182
BR00117024,P16,U2OS,24,KI-16425,compound,BRD-A25569250-001-03-3,,['lysophosphatidic acid receptor antagonist'],1.0787455,-6.2908845
BR00117024,P17,U2OS,24,SKLB1002,compound,BRD-K29895144-001-01-0,,['VEGFR inhibitor'],0.18503228,-5.9454346
BR00117024,P18,U2OS,24,cilostazol,compound,BRD-K67017579-001-28-1,,['phosphodiesterase inhibitor'],0.9990646,-6.2142744
BR00117024,P19,U2OS,24,AZD1283,compound,BRD-K77060810-001-01-5,,['purinergic receptor antagonist'],1.077853,-6.3414383
BR00117024,P20,U2OS,24,A-987306,compound,BRD-K68982262-001-01-4,,['histamine receptor antagonist'],-2.3138237,-8.797501
BR00117024,P21,U2OS,24,procaine,compound,BRD-K24616672-003-20-1,,['HMGCR inhibitor'],0.8674529,-6.3928814
BR00117024,P22,U2OS,24,miconazole,compound,BRD-A82396632-008-30-8,,['bacterial cell wall synthesis inhibitor'],0.78789264,-6.4643354
BR00117024,P23,U2OS,24,loperamide,compound,BRD-K61250553-003-30-6,,,-2.3499997,-8.947476
BR00117024,P24,U2OS,24,aripiprazole,compound,BRD-K70358946-001-17-3,,['serotonin receptor antagonist'],-0.70362276,-8.427392
BR00117025,A01,U2OS,24,gabapentin-enacarbil,compound,BRD-A86665761-001-01-1,,,0.37961882,-6.068985
BR00117025,A02,U2OS,24,DMSO,compound,,negcon,,1.5039958,-5.9627523
BR00117025,A03,U2OS,24,amlodipine,compound,BRD-A22032524-074-09-9,,['calcium channel blocker'],-2.6221852,-8.582889
BR00117025,A04,U2OS,24,hexestrol,compound,BRD-A01078468-001-14-8,,,1.4735408,-6.86114
BR00117025,A05,U2OS,24,quinine,compound,BRD-K48278478-001-01-2,,,1.1008418,-6.650547
BR00117025,A06,U2OS,24,LOXO-101,compound,BRD-K36574127-001-01-3,,,1.3714699,-6.758985
BR00117025,A07,U2OS,24,brinzolamide,compound,BRD-K74913225-001-14-0,,['carbonic anhydrase inhibitor'],0.1258173,-7.2213855
BR00117025,A08,U2OS,24,NS-11021,compound,BRD-K94342292-001-01-3,,['calcium-activated potassium channel activator'],-1.6438665,-8.443157
BR00117025,A09,U2OS,24,DMSO,compound,,negcon,,2.27686,-8.251435
BR00117025,A10,U2OS,24,GNF-5837,compound,BRD-K19975102-001-01-2,,['growth factor receptor inhibitor'],-0.8445783,-8.865828
BR00117025,A11,U2OS,24,apatinib,compound,BRD-K25244359-066-02-6,,['RET tyrosine kinase inhibitor'],-0.84605795,-8.949677
BR00117025,A12,U2OS,24,ethoxzolamide,compound,BRD-K18131774-001-18-4,,['carbonic anhydrase inhibitor'],0.88008976,-5.6387277
BR00117025,A13,U2OS,24,ascorbic-acid,compound,BRD-A85242401-001-11-5,,,0.57322955,-7.6169996
BR00117025,A14,U2OS,24,ryuvidine,compound,BRD-K06426971-001-02-7,,['histone lysine methyltransferase inhibitor'],-4.5083246,-5.259732
BR00117025,A15,U2OS,24,BAN-ORL-24,compound,BRD-K47049295-300-03-1,,,-3.1370876,-8.462522
BR00117025,A16,U2OS,24,NNC-55-0396,compound,BRD-K78122587-300-04-3,,,-2.6760962,-9.091079
BR00117025,A17,U2OS,24,DMSO,compound,,negcon,,1.1149386,-7.719629
BR00117025,A18,U2OS,24,WH-4-023,compound,BRD-K50199947-001-03-4,,['src inhibitor'],-2.6371067,-7.5879874
BR00117025,A19,U2OS,24,flupirtine,compound,BRD-K50720187-051-03-1,,['glutamate receptor antagonist'],0.028755218,-7.0963216
BR00117025,A20,U2OS,24,ZK811752,compound,BRD-K91825936-001-03-9,,,-0.7985524,-8.697383
BR00117025,A21,U2OS,24,dexamethasone,compound,BRD-K38775274-001-22-1,,['glucocorticoid receptor agonist'],-1.1574777,-7.5486784
BR00117025,A22,U2OS,24,PP-1,compound,BRD-K47598052-001-14-1,,['src inhibitor'],-1.3076396,-6.284426
BR00117025,A23,U2OS,24,DDR1-IN-1,compound,BRD-K61845293-300-01-9,,,-2.2437747,-9.026546
BR00117025,A24,U2OS,24,AVL-292,compound,BRD-K87782578-001-01-4,,"[""Bruton's tyrosine kinase (BTK) inhibitor""]",-2.5481703,-6.887773
BR00117025,B01,U2OS,24,H2L-5765834,compound,BRD-K26439554-001-01-3,,['lysophosphatidic acid receptor antagonist'],2.2961464,-6.283088
BR00117025,B02,U2OS,24,thiostrepton,compound,BRD-K58049875-001-03-9,,['protein synthesis inhibitor'],-4.240481,-5.553928
BR00117025,B03,U2OS,24,DMSO,compound,,negcon,,2.743454,-6.9426494
BR00117025,B04,U2OS,24,arcyriaflavin-a,compound,BRD-K72726508-001-02-1,,['CDK inhibitor'],-1.8563505,-7.5001183
BR00117025,B05,U2OS,24,CYM-5520,compound,BRD-K29151923-001-01-5,,['sphingosine 1 phosphate receptor agonist'],1.1982428,-7.3462787
BR00117025,B06,U2OS,24,fludarabine,compound,BRD-K66788707-001-14-3,,['ribonucleotide reductase inhibitor'],0.9820761,-5.4069223
BR00117025,B07,U2OS,24,alda-1,compound,BRD-K06890060-001-09-1,,,1.8551235,-7.5597615
BR00117025,B08,U2OS,24,meclofenamic-acid,compound,BRD-K50398167-236-22-7,,"['cyclooxygenase inhibitor', 'prostanoid receptor antagonist']",-0.120470226,-9.411938
BR00117025,B09,U2OS,24,GNF-5,compound,BRD-K87632963-001-03-0,,['Bcr-Abl kinase inhibitor'],-0.5438523,-8.30083
BR00117025,B10,U2OS,24,NS-309,compound,BRD-K37602296-001-01-6,,['calcium-activated potassium channel activator'],0.33870965,-6.9762015
BR00117025,B11,U2OS,24,AK-7,compound,BRD-K09143580-001-01-0,,['SIRT inhibitor'],-0.24002948,-8.872463
BR00117025,B12,U2OS,24,BVT-948,compound,BRD-A22713669-001-04-3,,,-3.44014,-6.7668276
BR00117025,B13,U2OS,24,SirReal-2,compound,BRD-K16472653-001-01-6,,['SIRT inhibitor'],-1.1873997,-8.269804
BR00117025,B14,U2OS,24,DMSO,compound,,negcon,,2.8343956,-8.334899
BR00117025,B15,U2OS,24,BMS-536924,compound,BRD-K34581968-001-05-3,,['IGF-1 inhibitor'],-2.3969097,-6.960733
BR00117025,B16,U2OS,24,PP-121,compound,BRD-K81801188-001-02-8,,['protein tyrosine kinase inhibitor'],-2.7676256,-6.9095287
BR00117025,B17,U2OS,24,MCOPPB,compound,BRD-K73276278-305-01-1,,,-3.3047264,-8.84912
BR00117025,B18,U2OS,24,ozagrel,compound,BRD-K53061490-003-13-9,,,1.6368047,-7.879375
BR00117025,B19,U2OS,24,CYM-5442,compound,BRD-A43005764-003-01-5,,['sphingosine 1 phosphate receptor agonist'],-2.948218,-8.894472
BR00117025,B20,U2OS,24,CVT-10216,compound,BRD-K60659193-001-01-0,,,0.81010956,-7.669587
BR00117025,B21,U2OS,24,TCN201,compound,BRD-K09787262-001-02-7,,['glutamate receptor antagonist'],0.98389673,-8.195518
BR00117025,B22,U2OS,24,fomepizole,compound,BRD-K56810756-003-07-7,,['alcohol dehydrogenase inhibitor'],2.3468373,-6.0904107
BR00117025,B23,U2OS,24,benzamil,compound,BRD-K87158025-003-08-7,,['sodium channel blocker'],-0.88699067,-7.2816844
BR00117025,B24,U2OS,24,lercanidipine,compound,BRD-A18992208-003-02-7,,['calcium channel blocker'],-0.84430444,-8.256159
BR00117025,C01,U2OS,24,4-CMTB,compound,BRD-A54139254-001-09-2,,['free fatty acid receptor agonist'],1.6405121,-6.2204943
BR00117025,C02,U2OS,24,ML-228,compound,BRD-K44432556-001-05-5,,,2.7752593,-7.2090745
BR00117025,C03,U2OS,24,DMSO,compound,,negcon,,2.7198005,-7.1321445
BR00117025,C04,U2OS,24,GSK1070916,compound,BRD-K36740062-001-06-6,,['Aurora kinase inhibitor'],-3.403266,-8.248685
BR00117025,C05,U2OS,24,ML-193,compound,BRD-K27539181-001-08-5,,,2.7840445,-7.4196725
BR00117025,C06,U2OS,24,DMSO,compound,,negcon,,3.3402135,-7.431737
BR00117025,C07,U2OS,24,M-25,compound,BRD-K51265828-001-01-0,,['smoothened receptor antagonist'],0.40471274,-7.263924
BR00117025,C08,U2OS,24,azeliragon,compound,BRD-K51899933-001-02-6,,['RAGE receptor antagonist'],-3.0545077,-8.3848
BR00117025,C09,U2OS,24,CYT-997,compound,BRD-K23363278-001-02-1,poscon_diverse,['tubulin polymerization inhibitor'],-5.1987777,-7.8747954
BR00117025,C10,U2OS,24,AR-12,compound,BRD-K90497590-001-05-9,,,-5.247286,-5.257855
BR00117025,C11,U2OS,24,CYM-50260,compound,BRD-K69877120-001-01-7,,['sphingosine 1 phosphate receptor agonist'],2.4426022,-7.7687216
BR00117025,C12,U2OS,24,DMSO,compound,,negcon,,3.0418372,-7.9338083
BR00117025,C13,U2OS,24,KG-5,compound,BRD-K90747162-001-01-4,poscon_cp,['RAF inhibitor'],-4.8817925,-7.7514405
BR00117025,C14,U2OS,24,JTE-607,compound,BRD-K81405859-300-01-4,,,0.8061778,-5.4959064
BR00117025,C15,U2OS,24,DMSO,compound,,negcon,,3.0830672,-8.309562
BR00117025,C16,U2OS,24,ilomastat,compound,BRD-K51662849-001-05-4,,['matrix metalloprotease inhibitor'],-0.7042863,-7.0729094
BR00117025,C17,U2OS,24,RX-821002,compound,BRD-A65597028-003-08-1,,['adrenergic receptor antagonist'],2.9345002,-8.153433
BR00117025,C18,U2OS,24,DMSO,compound,,negcon,,3.3722923,-7.6622834
BR00117025,C19,U2OS,24,TUG-891,compound,BRD-K24282351-001-01-4,,['free fatty acid receptor agonist'],0.70393217,-7.237162
BR00117025,C20,U2OS,24,ponatinib,compound,BRD-K44227013-001-08-0,,"['PDGFR tyrosine kinase receptor inhibitor', 'FLT3 inhibitor', 'Bcr-Abl kinase inhibitor']",-4.4473963,-5.1328497
BR00117025,C21,U2OS,24,DMSO,compound,,negcon,,2.4871597,-6.895446
BR00117025,C22,U2OS,24,puromycin,compound,BRD-K01824976-300-02-9,,['protein synthesis inhibitor'],-4.7675295,-5.5609784
BR00117025,C23,U2OS,24,SRC-kinase-inhibitor-I,compound,BRD-K50495309-001-02-0,,['src inhibitor'],-2.5783525,-9.174355
BR00117025,C24,U2OS,24,acetylcysteine,compound,BRD-K59058747-001-19-1,,,0.43356043,-8.086143
BR00117025,D01,U2OS,24,NSC-625987,compound,BRD-K62949423-001-03-1,,['CDK inhibitor'],1.5835187,-6.6676407
BR00117025,D02,U2OS,24,dalfampridine,compound,BRD-K22482860-001-20-6,,['potassium channel blocker'],2.5303705,-6.7984853
BR00117025,D03,U2OS,24,NSC-95397,compound,BRD-K68143200-001-11-7,,['CDC inhibitor'],-3.3587961,-6.8150325
BR00117025,D04,U2OS,24,alrestatin,compound,BRD-K35498378-001-06-1,,['aldose reductase inhibitor'],2.5316617,-7.1611795
BR00117025,D05,U2OS,24,PF-03758309,compound,BRD-K37764012-001-03-3,poscon_diverse,['p21 activated kinase inhibitor'],1.6957612,-7.4805117
BR00117025,D06,U2OS,24,IRL-2500,compound,BRD-K98357249-001-02-9,,['endothelin receptor antagonist'],1.5901462,-7.8583207
BR00117025,D07,U2OS,24,PF-04217903,compound,BRD-K73319509-001-08-0,poscon_cp,,1.0959969,-6.9237733
BR00117025,D08,U2OS,24,FK-866,compound,BRD-K58550667-001-08-7,poscon_diverse,,0.2679019,-7.234772
BR00117025,D09,U2OS,24,amlexanox,compound,BRD-K29530284-001-06-2,,,-0.29625538,-7.9849696
BR00117025,D10,U2OS,24,GW-311616,compound,BRD-K37864785-001-01-0,,['elastase inhibitor'],1.9526104,-7.047789
BR00117025,D11,U2OS,24,buparlisib,compound,BRD-K42191735-001-08-7,poscon_diverse,,-4.9942617,-7.616713
BR00117025,D12,U2OS,24,amiloride,compound,BRD-K97181089-003-24-7,,['sodium channel blocker'],1.0868688,-8.175023
BR00117025,D13,U2OS,24,DG-172,compound,BRD-K75748943-300-01-3,,,-2.6659026,-9.107801
BR00117025,D14,U2OS,24,DMSO,compound,,negcon,,2.5941117,-7.716071
BR00117025,D15,U2OS,24,DMSO,compound,,negcon,,1.8144433,-7.04602
BR00117025,D16,U2OS,24,NVP-ADW742,compound,BRD-K15179513-001-04-2,poscon_cp,,-3.2742877,-8.692423
BR00117025,D17,U2OS,24,misoprostol,compound,BRD-A72351335-001-04-5,,['prostanoid receptor agonist'],0.6191173,-6.300707
BR00117025,D18,U2OS,24,conivaptan,compound,BRD-K37385792-003-02-1,,,-1.8594792,-8.890831
BR00117025,D19,U2OS,24,spiroxatrine,compound,BRD-A72483914-001-03-7,,['serotonin receptor antagonist'],-0.79336584,-8.879918
BR00117025,D20,U2OS,24,diacerein,compound,BRD-K69122748-001-10-1,,,1.8808311,-7.017435
BR00117025,D21,U2OS,24,DMSO,compound,,negcon,,3.0323777,-7.4880643
BR00117025,D22,U2OS,24,DMSO,compound,,negcon,,3.2877023,-8.069334
BR00117025,D23,U2OS,24,glyburide,compound,BRD-K36927236-001-36-7,,['ATP channel blocker'],-0.30062434,-8.321083
BR00117025,D24,U2OS,24,ANR-94,compound,BRD-K31170746-001-01-6,,,-0.048724417,-8.262671
BR00117025,E01,U2OS,24,TFC-007,compound,BRD-K57708067-001-01-3,,,1.3485805,-7.395984
BR00117025,E02,U2OS,24,trihexyphenidyl,compound,BRD-A48180038-003-24-3,,['acetylcholine receptor antagonist'],0.9486556,-9.025386
BR00117025,E03,U2OS,24,epoprostenol,compound,BRD-K64054020-001-02-7,,,1.471952,-6.6490602
BR00117025,E04,U2OS,24,sacubitril,compound,BRD-K91456750-001-01-9,,,2.7557223,-7.9593816
BR00117025,E05,U2OS,24,danusertib,compound,BRD-K07881437-001-03-8,poscon_diverse,"['growth factor receptor inhibitor', 'Aurora kinase inhibitor']",0.66368616,-4.941373
BR00117025,E06,U2OS,24,CYT-997,compound,BRD-K23363278-001-02-1,poscon_diverse,['tubulin polymerization inhibitor'],-5.194985,-7.707117
BR00117025,E07,U2OS,24,DMSO,compound,,negcon,,2.240252,-8.018593
BR00117025,E08,U2OS,24,BQ-788,compound,BRD-K02490038-236-03-8,,['endothelin receptor antagonist'],2.7120926,-7.6017666
BR00117025,E09,U2OS,24,SB-202190,compound,BRD-K54330070-001-19-6,poscon_orf,['p38 MAPK inhibitor'],-0.62399083,-6.5617404
BR00117025,E10,U2OS,24,GSK2110183,compound,BRD-K25412176-001-01-9,poscon_diverse,,-1.4733073,-7.896981
BR00117025,E11,U2OS,24,GSK3787,compound,BRD-K03155172-001-03-0,,['PPAR receptor antagonist'],2.479517,-6.8716445
BR00117025,E12,U2OS,24,BAM7,compound,BRD-K07442505-001-03-6,,,0.28710774,-7.8239026
BR00117025,E13,U2OS,24,PHA-793887,compound,BRD-K64800655-001-09-0,poscon_diverse,['CDK inhibitor'],-3.2350202,-6.1436205
BR00117025,E14,U2OS,24,DMSO,compound,,negcon,,2.38207,-8.015272
BR00117025,E15,U2OS,24,GSK-37647,compound,BRD-K26514105-001-01-7,,['free fatty acid receptor agonist'],0.7899787,-7.2600455
BR00117025,E16,U2OS,24,desonide,compound,BRD-K21528677-001-04-4,,['glucocorticoid receptor agonist'],-1.7758433,-7.5168037
BR00117025,E17,U2OS,24,DMSO,compound,,negcon,,2.7419543,-7.6585507
BR00117025,E18,U2OS,24,aloxistatin,compound,BRD-K91188791-001-17-5,,,-3.1275601,-9.154317
BR00117025,E19,U2OS,24,azathioprine,compound,BRD-K32821942-001-22-1,,,1.4074575,-8.276078
BR00117025,E20,U2OS,24,ZK-93423,compound,BRD-K33882852-003-02-8,poscon_diverse,['benzodiazepine receptor agonist'],-0.38410223,-8.991686
BR00117025,E21,U2OS,24,BI-2536,compound,BRD-K64890080-001-02-1,poscon_diverse,,-4.7346826,-7.38916
BR00117025,E22,U2OS,24,EI1,compound,BRD-K91535048-001-01-2,poscon_cp,['histone lysine methyltransferase inhibitor'],0.09104548,-8.712835
BR00117025,E23,U2OS,24,NVP-HSP990,compound,BRD-K67915505-001-01-2,,['HSP inhibitor'],-2.4968066,-6.419595
BR00117025,E24,U2OS,24,DMSO,compound,,negcon,,1.8873768,-8.000319
BR00117025,F01,U2OS,24,DMSO,compound,,negcon,,2.3506434,-6.8173776
BR00117025,F02,U2OS,24,nialamide,compound,BRD-K12102668-001-25-5,,,2.529164,-6.268562
BR00117025,F03,U2OS,24,DMSO,compound,,negcon,,2.9418738,-6.6661053
BR00117025,F04,U2OS,24,arundic-acid,compound,BRD-K49223707-001-01-0,,,-0.14996913,-6.8858166
BR00117025,F05,U2OS,24,torcitabine,compound,BRD-K91822704-003-07-2,,,1.9879439,-6.7698717
BR00117025,F06,U2OS,24,DMSO,compound,,negcon,,2.8524547,-7.392375
BR00117025,F07,U2OS,24,epothilone-b,compound,BRD-K68164687-001-01-6,,"['microtubule stabilizing agent', 'tubulin polymerization inhibitor']",-4.3579082,-7.5667334
BR00117025,F08,U2OS,24,dyphylline,compound,BRD-A00827783-001-24-6,,['phosphodiesterase inhibitor'],2.9598198,-7.450353
BR00117025,F09,U2OS,24,DMSO,compound,,negcon,,2.9659357,-7.1361284
BR00117025,F10,U2OS,24,quinidine,compound,BRD-K59632282-052-03-1,,['sodium channel blocker'],2.2477548,-7.6006904
BR00117025,F11,U2OS,24,halopemide,compound,BRD-K50055394-001-03-6,,,-0.21893363,-7.7322536
BR00117025,F12,U2OS,24,sulfinpyrazone,compound,BRD-A36217750-001-16-3,,,2.2058241,-7.6996083
BR00117025,F13,U2OS,24,ML-323,compound,BRD-K93942811-001-01-3,poscon_cp,['ubiquitin specific protease inhibitor'],-0.88273716,-8.470255
BR00117025,F14,U2OS,24,racecadotril,compound,BRD-A08187463-001-12-9,,,2.2308698,-7.324602
BR00117025,F15,U2OS,24,BRL-50481,compound,BRD-K84266862-001-03-2,,['phosphodiesterase inhibitor'],2.185546,-6.499374
BR00117025,F16,U2OS,24,GSK2110183,compound,BRD-K25412176-001-01-9,poscon_diverse,,-1.3205249,-7.9807167
BR00117025,F17,U2OS,24,bufexamac,compound,BRD-K36660044-001-24-2,,['cyclooxygenase inhibitor'],0.058614515,-7.7200003
BR00117025,F18,U2OS,24,anandamide,compound,BRD-K42352790-001-05-3,,,0.8219331,-6.9865737
BR00117025,F19,U2OS,24,thioguanine,compound,BRD-K49350383-001-13-7,poscon_diverse,,-1.6039821,-7.0902495
BR00117025,F20,U2OS,24,IWP-L6,compound,BRD-K53234107-001-01-6,,['porcupine inhibitor'],0.1824747,-8.2786875
BR00117025,F21,U2OS,24,edoxaban,compound,BRD-K29322660-001-01-9,,['coagulation factor inhibitor'],0.13854052,-6.592947
BR00117025,F22,U2OS,24,lonafarnib,compound,BRD-K41599323-001-02-3,poscon_diverse,,-1.8349416,-7.619868
BR00117025,F23,U2OS,24,ibutamoren,compound,BRD-K44771174-066-01-0,,,-1.2017814,-8.51122
BR00117025,F24,U2OS,24,somatostatin,compound,BRD-K14681867-001-01-6,,['somatostatin receptor agonist'],0.78693855,-8.01618
BR00117025,G01,U2OS,24,L-proline,compound,BRD-K01666412-001-02-0,,,1.0259062,-6.031339
BR00117025,G02,U2OS,24,zamifenacin,compound,BRD-K80451230-051-02-6,,['acetylcholine receptor antagonist'],1.8356756,-7.262138
BR00117025,G03,U2OS,24,YC-1,compound,BRD-K60476892-001-16-1,,,-4.392212,-5.7856793
BR00117025,G04,U2OS,24,DMSO,compound,,negcon,,2.9961128,-7.0140533
BR00117025,G05,U2OS,24,ME-0328,compound,BRD-K24283677-001-01-9,,['PPAR receptor antagonist'],2.2835257,-8.027379
BR00117025,G06,U2OS,24,NSC-663284,compound,BRD-K03109492-001-02-2,,['CDC inhibitor'],-4.5614266,-5.1001105
BR00117025,G07,U2OS,24,CYM-50358,compound,BRD-K80666802-003-01-0,,,-2.523688,-9.249468
BR00117025,G08,U2OS,24,trazodone,compound,BRD-K70778732-003-27-5,,"['adrenergic receptor antagonist', 'serotonin receptor antagonist']",-0.120174564,-8.156689
BR00117025,G09,U2OS,24,DMSO,compound,,negcon,,3.1213527,-8.345261
BR00117025,G10,U2OS,24,DMSO,compound,,negcon,,3.3469312,-7.282497
BR00117025,G11,U2OS,24,sulfasalazine,compound,BRD-K10670311-001-17-1,,['cyclooxygenase inhibitor'],1.3695836,-8.655301
BR00117025,G12,U2OS,24,"2,5-furandimethanol",compound,BRD-K29791386-001-01-8,,,1.8581032,-7.608959
BR00117025,G13,U2OS,24,DMSO,compound,,negcon,,2.9028032,-8.577198
BR00117025,G14,U2OS,24,dilazep,compound,BRD-K48722258-300-11-0,,,1.3450279,-6.894156
BR00117025,G15,U2OS,24,felodipine,compound,BRD-A30815329-001-12-1,,['calcium channel blocker'],0.63919795,-7.7223406
BR00117025,G16,U2OS,24,paliperidone,compound,BRD-A99888680-001-05-3,,"['dopamine receptor antagonist', 'serotonin receptor antagonist']",1.389478,-6.220941
BR00117025,G17,U2OS,24,purvalanol-a,compound,BRD-K50836978-001-03-3,poscon_orf,['CDK inhibitor'],0.12703575,-5.450537
BR00117025,G18,U2OS,24,DMSO,compound,,negcon,,3.4313347,-7.535472
BR00117025,G19,U2OS,24,Ro-1138452,compound,BRD-K77220725-003-01-5,,['prostanoid receptor antagonist'],1.7368962,-7.4278727
BR00117025,G20,U2OS,24,sorbinil,compound,BRD-A89164055-001-03-3,,['aldose reductase inhibitor'],3.2018137,-8.419103
BR00117025,G21,U2OS,24,TC-S-7004,compound,BRD-K89517477-001-01-4,poscon_cp,['DYRK inhibitor'],-0.56990784,-7.3780637
BR00117025,G22,U2OS,24,saclofen,compound,BRD-A24122750-001-03-7,,['GABA receptor antagonist'],0.8906255,-9.201927
BR00117025,G23,U2OS,24,BAY-87-2243,compound,BRD-K70463136-001-01-5,,,-0.83959216,-9.197969
BR00117025,G24,U2OS,24,ibudilast,compound,BRD-K16444452-001-09-1,,['phosphodiesterase inhibitor'],0.629664,-8.876463
BR00117025,H01,U2OS,24,briciclib,compound,BRD-K05531427-001-01-7,,,-5.134919,-7.77004
BR00117025,H02,U2OS,24,2-Oleoylglycerol,compound,BRD-K77087341-001-02-4,,,2.5715623,-6.471478
BR00117025,H03,U2OS,24,RGFP966,compound,BRD-K61688984-001-02-9,poscon_cp,['HDAC inhibitor'],-0.9424989,-7.139063
BR00117025,H04,U2OS,24,DMSO,compound,,negcon,,3.3523345,-7.2745743
BR00117025,H05,U2OS,24,azacitidine,compound,BRD-K03406345-001-21-1,poscon_diverse,,-0.51397926,-6.9498224
BR00117025,H06,U2OS,24,N6-cyclopentyladenosine,compound,BRD-K60150510-001-15-6,,,1.8996394,-6.0558887
BR00117025,H07,U2OS,24,filgotinib,compound,BRD-K16803204-001-01-6,poscon_cp,['JAK inhibitor'],0.2840005,-6.280006
BR00117025,H08,U2OS,24,guanidine,compound,BRD-K76037122-001-02-5,,['HSP inhibitor'],0.014897086,-7.779945
BR00117025,H09,U2OS,24,coumarin,compound,BRD-K23913458-001-20-7,,,1.9918623,-7.4875364
BR00117025,H10,U2OS,24,DMSO,compound,,negcon,,3.410097,-7.7163424
BR00117025,H11,U2OS,24,ZM-336372,compound,BRD-K73789395-001-09-9,poscon_orf,['RAF inhibitor'],2.4202423,-7.2520323
BR00117025,H12,U2OS,24,citric-acid,compound,BRD-K76792669-001-08-1,,['coagulation factor inhibitor'],3.3658643,-7.657018
BR00117025,H13,U2OS,24,DMSO,compound,,negcon,,3.185669,-7.572832
BR00117025,H14,U2OS,24,CCG-63802,compound,BRD-K26970495-001-02-7,,['G protein signaling inhibitor'],2.2410543,-7.2856445
BR00117025,H15,U2OS,24,ibutilide,compound,BRD-A74391928-051-03-9,,['potassium channel blocker'],3.023135,-6.6894855
BR00117025,H16,U2OS,24,batimastat,compound,BRD-K82818427-001-04-8,,['matrix metalloprotease inhibitor'],-1.0726918,-7.80771
BR00117025,H17,U2OS,24,DMSO,compound,,negcon,,2.5319602,-6.8488593
BR00117025,H18,U2OS,24,DMSO,compound,,negcon,,2.5122812,-7.136508
BR00117025,H19,U2OS,24,UNC1999,compound,BRD-K26989966-001-04-3,poscon_cp,['histone lysine methyltransferase inhibitor'],-4.004718,-7.919608
BR00117025,H20,U2OS,24,glutamine-(l),compound,BRD-K83896451-001-06-7,,,-0.23636378,-8.302528
BR00117025,H21,U2OS,24,PD-98059,compound,BRD-K62810658-001-11-4,poscon_orf,,-0.16520146,-7.589203
BR00117025,H22,U2OS,24,enilconazole,compound,BRD-K01825690-065-01-9,,,2.7398906,-8.360742
BR00117025,H23,U2OS,24,N-alpha-Methylhistamine-dihydrochloride,compound,BRD-K75390981-300-04-9,,['histamine receptor agonist'],1.8156034,-8.614797
BR00117025,H24,U2OS,24,GK921,compound,BRD-K38272302-001-02-7,,,-3.0057335,-6.664572
BR00117025,I01,U2OS,24,nilvadipine,compound,BRD-A84687895-001-03-2,,['calcium channel blocker'],-0.98127866,-8.353695
BR00117025,I02,U2OS,24,DMSO,compound,,negcon,,2.1835186,-6.8002143
BR00117025,I03,U2OS,24,AC-710,compound,BRD-K15819326-001-01-6,,['PDGFR tyrosine kinase receptor inhibitor'],-2.680408,-8.514724
BR00117025,I04,U2OS,24,PETCM,compound,BRD-A93477898-001-04-2,,,2.3458812,-7.2053523
BR00117025,I05,U2OS,24,AZD7762,compound,BRD-K86525559-001-07-8,poscon_diverse,['CHK inhibitor'],-4.4016266,-5.0908737
BR00117025,I06,U2OS,24,PHA-793887,compound,BRD-K64800655-001-09-0,poscon_diverse,['CDK inhibitor'],-3.1838596,-6.030558
BR00117025,I07,U2OS,24,KU-60019,compound,BRD-K36016295-001-05-2,,['ATM kinase inhibitor'],-3.3118029,-7.49024
BR00117025,I08,U2OS,24,nafamostat,compound,BRD-K06674495-334-04-0,,,-0.32202438,-8.071554
BR00117025,I09,U2OS,24,DMSO,compound,,negcon,,3.3472192,-6.9670496
BR00117025,I10,U2OS,24,DMSO,compound,,negcon,,3.2049034,-7.924981
BR00117025,I11,U2OS,24,taladegib,compound,BRD-K50498985-001-03-3,,['smoothened receptor antagonist'],2.1039789,-7.518502
BR00117025,I12,U2OS,24,acetohexamide,compound,BRD-K52960356-001-13-0,,['ATP channel blocker'],1.2220975,-8.066703
BR00117025,I13,U2OS,24,minocycline,compound,BRD-A69651145-003-11-4,,,-1.0019023,-7.257136
BR00117025,I14,U2OS,24,BI-2536,compound,BRD-K64890080-001-02-1,poscon_diverse,,-4.728108,-7.426853
BR00117025,I15,U2OS,24,riociguat,compound,BRD-K84783599-001-01-0,,,2.6551652,-7.494759
BR00117025,I16,U2OS,24,CP-724714,compound,BRD-K76908866-001-07-6,poscon_cp,"['EGFR inhibitor', 'protein tyrosine kinase inhibitor']",-0.99846214,-8.924293
BR00117025,I17,U2OS,24,ganetespib,compound,BRD-K38852836-001-04-9,poscon_diverse,['HSP inhibitor'],-2.47681,-6.4256835
BR00117025,I18,U2OS,24,AZ191,compound,BRD-K80935598-001-01-1,poscon_cp,['DYRK inhibitor'],-3.5404088,-8.667137
BR00117025,I19,U2OS,24,BAX-channel-blocker,compound,BRD-A18763547-300-06-3,,,-3.1234996,-8.293245
BR00117025,I20,U2OS,24,SU3327,compound,BRD-K32730239-001-01-0,,['JNK inhibitor'],-4.868276,-5.519233
BR00117025,I21,U2OS,24,DMSO,compound,,negcon,,3.2107177,-7.7409267
BR00117025,I22,U2OS,24,DMSO,compound,,negcon,,2.8776605,-7.695957
BR00117025,I23,U2OS,24,octreotide,compound,BRD-A64173453-015-03-1,,['somatostatin receptor agonist'],0.5129373,-6.83794
BR00117025,I24,U2OS,24,1-octanol,compound,BRD-K09338665-001-08-9,,,0.6008599,-7.88874
BR00117025,J01,U2OS,24,acalabrutinib,compound,BRD-K64034691-001-01-9,,"[""Bruton's tyrosine kinase (BTK) inhibitor""]",2.1786215,-6.621275
BR00117025,J02,U2OS,24,rifamycin,compound,BRD-K38512030-001-01-7,,,-0.42618322,-8.823827
BR00117025,J03,U2OS,24,pazopanib,compound,BRD-K74514084-003-09-2,,"['KIT inhibitor', 'VEGFR inhibitor', 'PDGFR tyrosine kinase receptor inhibitor']",-1.5628562,-7.6081576
BR00117025,J04,U2OS,24,RKI-1447,compound,BRD-K19333160-001-01-3,poscon_cp,,-0.5902949,-6.0226955
BR00117025,J05,U2OS,24,vitamin-E,compound,BRD-K97091514-001-11-4,,['PKC inhibitor'],2.5711331,-7.983524
BR00117025,J06,U2OS,24,lonafarnib,compound,BRD-K41599323-001-02-3,poscon_diverse,,-1.8224087,-7.543659
BR00117025,J07,U2OS,24,ethyl-pyruvate,compound,BRD-K47738867-001-01-5,,,3.0598416,-7.7533274
BR00117025,J08,U2OS,24,picrotin,compound,BRD-A91822151-001-05-0,,['GABA receptor antagonist'],2.2853856,-6.352323
BR00117025,J09,U2OS,24,SGX523,compound,BRD-K19477839-001-07-6,poscon_cp,,0.7612797,-6.6186547
BR00117025,J10,U2OS,24,PP-2,compound,BRD-K95785537-001-22-3,,['src inhibitor'],-1.3229449,-6.3826137
BR00117025,J11,U2OS,24,ME-0328,compound,BRD-A63444178-001-01-5,,['PPAR receptor antagonist'],2.6567364,-7.8594046
BR00117025,J12,U2OS,24,AZD9668,compound,BRD-K31476763-001-01-5,,['elastase inhibitor'],2.0043228,-6.5493
BR00117025,J13,U2OS,24,NQDI-1,compound,BRD-K61918008-001-07-1,,,-1.3341402,-7.474254
BR00117025,J14,U2OS,24,DMSO,compound,,negcon,,2.5522745,-7.204739
BR00117025,J15,U2OS,24,carzenide,compound,BRD-K09295674-001-09-8,,,1.2665513,-5.8077607
BR00117025,J16,U2OS,24,KU-55933,compound,BRD-K25311561-001-10-7,,['ATM kinase inhibitor'],0.2209925,-6.196266
BR00117025,J17,U2OS,24,NVP-AEW541,compound,BRD-K24696047-001-02-3,poscon_cp,['IGF-1 inhibitor'],-2.6464577,-8.833761
BR00117025,J18,U2OS,24,leflunomide,compound,BRD-K78692225-001-24-5,,['PDGFR tyrosine kinase receptor inhibitor'],-1.593456,-7.712655
BR00117025,J19,U2OS,24,DMSO,compound,,negcon,,3.2268698,-7.834271
BR00117025,J20,U2OS,24,azacitidine,compound,BRD-K03406345-001-21-1,poscon_diverse,,-0.6502746,-7.0575275
BR00117025,J21,U2OS,24,ixabepilone,compound,BRD-K03601870-001-01-2,,['microtubule stabilizing agent'],-4.8137865,-7.6078305
BR00117025,J22,U2OS,24,KH-CB19,compound,BRD-K66430217-001-03-8,poscon_cp,['CDC inhibitor'],2.4702697,-7.727353
BR00117025,J23,U2OS,24,DMSO,compound,,negcon,,1.863728,-7.9042444
BR00117025,J24,U2OS,24,PF-05190457,compound,BRD-K02554563-001-01-6,,,-0.09391445,-7.8902965
BR00117025,K01,U2OS,24,LDN-212854,compound,BRD-K59831625-001-03-9,,,-5.2427993,-5.5141087
BR00117025,K02,U2OS,24,formononetin,compound,BRD-K55567017-001-12-3,,['alcohol dehydrogenase inhibitor'],-0.4115155,-8.706564
BR00117025,K03,U2OS,24,aminopurvalanol-a,compound,BRD-K07762753-001-05-1,poscon_orf,['CDK inhibitor'],0.05644599,-5.5469117
BR00117025,K04,U2OS,24,ruxolitinib,compound,BRD-K53972329-001-01-3,poscon_cp,['JAK inhibitor'],-0.09622461,-6.40098
BR00117025,K05,U2OS,24,DMSO,compound,,negcon,,2.7767093,-6.8498383
BR00117025,K06,U2OS,24,DMSO,compound,,negcon,,2.472901,-7.4665904
BR00117025,K07,U2OS,24,LGK-974,compound,BRD-K16810791-001-01-0,,['porcupine inhibitor'],1.2516255,-6.5681906
BR00117025,K08,U2OS,24,polydatin,compound,BRD-K43236057-001-07-1,,['ICAM1 expression inhibitor'],-1.8775444,-7.8830285
BR00117025,K09,U2OS,24,enflurane,compound,BRD-A51831848-001-01-7,,,2.3580632,-7.4463553
BR00117025,K10,U2OS,24,PFI-1,compound,BRD-K13094524-001-04-2,poscon_cp,,3.1933534,-6.7246084
BR00117025,K11,U2OS,24,AZD7762,compound,BRD-K86525559-001-07-8,poscon_diverse,['CHK inhibitor'],-4.3650756,-5.0547276
BR00117025,K12,U2OS,24,sotrastaurin,compound,BRD-K16761703-001-03-8,,['PKC inhibitor'],-0.21880893,-6.5165296
BR00117025,K13,U2OS,24,DMSO,compound,,negcon,,2.369076,-7.1883464
BR00117025,K14,U2OS,24,cycloheximide,compound,BRD-K36055864-001-20-0,,['protein synthesis inhibitor'],-1.7374519,-6.7042217
BR00117025,K15,U2OS,24,oxytocin,compound,BRD-K25243230-001-01-2,,,1.8587596,-7.98412
BR00117025,K16,U2OS,24,DMSO,compound,,negcon,,3.4719896,-7.3167043
BR00117025,K17,U2OS,24,colchicine,compound,BRD-K00259736-001-16-4,,,-5.1075683,-7.747285
BR00117025,K18,U2OS,24,afimoxifene,compound,BRD-K04210847-001-21-9,,,1.7167728,-7.212733
BR00117025,K19,U2OS,24,DMSO,compound,,negcon,,3.2537673,-6.9492006
BR00117025,K20,U2OS,24,ZK-93423,compound,BRD-K33882852-003-02-8,poscon_diverse,['benzodiazepine receptor agonist'],-0.5799859,-9.099766
BR00117025,K21,U2OS,24,RGB-286638,compound,BRD-K20986415-001-02-6,,['CDK inhibitor'],-3.3755605,-7.4565315
BR00117025,K22,U2OS,24,FPS-ZM1,compound,BRD-K87691185-001-01-2,,['RAGE receptor antagonist'],-0.4153853,-6.263405
BR00117025,K23,U2OS,24,flindokalner,compound,BRD-K56740996-001-02-1,,,2.694342,-7.872176
BR00117025,K24,U2OS,24,motesanib,compound,BRD-K99616396-316-05-3,,"['KIT inhibitor', 'VEGFR inhibitor', 'PDGFR tyrosine kinase receptor inhibitor']",-1.241846,-8.453447
BR00117025,L01,U2OS,24,geldanamycin,compound,BRD-K43570081-001-02-4,,['HSP inhibitor'],-2.616569,-6.342387
BR00117025,L02,U2OS,24,DMSO,compound,,negcon,,2.9568403,-6.788878
BR00117025,L03,U2OS,24,CGP-53353,compound,BRD-K32292990-001-03-6,,"['PKC inhibitor', 'EGFR inhibitor']",1.4530411,-6.5758576
BR00117025,L04,U2OS,24,7-hydroxystaurosporine,compound,BRD-K45293975-001-02-0,,"['CDK inhibitor', 'PKC inhibitor', 'CHK inhibitor']",-4.642869,-5.4186497
BR00117025,L05,U2OS,24,DMSO,compound,,negcon,,2.458744,-7.122552
BR00117025,L06,U2OS,24,DMSO,compound,,negcon,,2.8098423,-6.8566318
BR00117025,L07,U2OS,24,efaproxiral,compound,BRD-K37355418-236-01-6,,,1.3768723,-7.713592
BR00117025,L08,U2OS,24,SB-203580,compound,BRD-A37704979-001-12-3,poscon_orf,['p38 MAPK inhibitor'],-0.83341575,-6.720646
BR00117025,L09,U2OS,24,FK-866,compound,BRD-K58550667-001-08-7,poscon_diverse,,0.39744937,-6.766459
BR00117025,L10,U2OS,24,bepridil,compound,BRD-A91008255-003-24-8,,['calcium channel blocker'],0.5322788,-6.648178
BR00117025,L11,U2OS,24,delanzomib,compound,BRD-K59325863-001-04-4,,,-4.430684,-5.283127
BR00117025,L12,U2OS,24,buparlisib,compound,BRD-K42191735-001-08-7,poscon_diverse,,-5.0737977,-7.513943
BR00117025,L13,U2OS,24,phenylbutazone,compound,BRD-K10843433-001-23-5,,"['cyclooxygenase inhibitor', 'prostanoid receptor antagonist']",-0.6627166,-8.757296
BR00117025,L14,U2OS,24,deferasirox,compound,BRD-K97010173-001-04-1,,,1.1027721,-5.431048
BR00117025,L15,U2OS,24,DMSO,compound,,negcon,,2.4647534,-6.9473705
BR00117025,L16,U2OS,24,cediranib,compound,BRD-K86930074-001-05-0,,"['KIT inhibitor', 'VEGFR inhibitor']",-2.9205244,-9.014753
BR00117025,L17,U2OS,24,isoflurane,compound,BRD-A31564021-001-02-6,,,3.0894878,-7.6790156
BR00117025,L18,U2OS,24,DMSO,compound,,negcon,,3.2998662,-8.243101
BR00117025,L19,U2OS,24,CCG-50014,compound,BRD-K08893438-001-06-4,,['G protein signaling inhibitor'],2.0370743,-7.598413
BR00117025,L20,U2OS,24,PF-431396,compound,BRD-K93788137-001-04-1,,,0.4631365,-4.7926497
BR00117025,L21,U2OS,24,TG-02,compound,BRD-K14560436-001-01-4,,"['CDK inhibitor', 'FLT3 inhibitor', 'JAK inhibitor']",-3.3751764,-6.1768427
BR00117025,L22,U2OS,24,baclofen,compound,BRD-K01826724-003-07-9,,['benzodiazepine receptor agonist'],1.1422396,-6.1028056
BR00117025,L23,U2OS,24,thiostrepton,compound,BRD-A20697603-001-07-2,,['protein synthesis inhibitor'],-2.3685856,-7.0955844
BR00117025,L24,U2OS,24,flufenamic-acid,compound,BRD-K44067360-001-29-5,,,-0.1091679,-8.214853
BR00117025,M01,U2OS,24,DMSO,compound,,negcon,,2.1182065,-6.6269627
BR00117025,M02,U2OS,24,LY2109761,compound,BRD-K47557313-001-02-7,,,-0.8955686,-6.88572
BR00117025,M03,U2OS,24,olopatadine,compound,BRD-K67637637-003-11-8,,['histamine receptor antagonist'],2.3929584,-7.0447874
BR00117025,M04,U2OS,24,DMSO,compound,,negcon,,3.0100973,-7.422565
BR00117025,M05,U2OS,24,castanospermine,compound,BRD-K20897876-001-11-8,,['glucosidase inhibitor'],2.6924424,-6.67989
BR00117025,M06,U2OS,24,A205804,compound,BRD-K77627880-001-04-0,,['ICAM1 expression inhibitor'],1.9385064,-5.784152
BR00117025,M07,U2OS,24,VU591,compound,BRD-K72063794-003-01-0,,['potassium channel blocker'],0.2577243,-8.354769
BR00117025,M08,U2OS,24,dalbavancin,compound,BRD-K30177383-001-01-0,,['bacterial cell wall synthesis inhibitor'],0.15730345,-8.171833
BR00117025,M09,U2OS,24,CC-401,compound,BRD-K45746021-003-01-9,,['JNK inhibitor'],0.42624128,-7.0706716
BR00117025,M10,U2OS,24,ganetespib,compound,BRD-K38852836-001-04-9,poscon_diverse,['HSP inhibitor'],-2.520439,-6.4367375
BR00117025,M11,U2OS,24,ingenol-mebutate,compound,BRD-K93779381-001-01-9,,,-1.2957457,-8.099464
BR00117025,M12,U2OS,24,menadione,compound,BRD-K78126613-001-27-7,,,-1.0884335,-6.687054
BR00117025,M13,U2OS,24,cetilistat,compound,BRD-K94863486-001-02-2,,,1.9911922,-7.433775
BR00117025,M14,U2OS,24,methoxsalen,compound,BRD-K63430059-001-16-4,,['DNA synthesis inhibitor'],0.6566216,-7.4066677
BR00117025,M15,U2OS,24,cyclosporine,compound,BRD-K13533483-001-16-2,,,-2.196491,-7.2859697
BR00117025,M16,U2OS,24,NSC-632839,compound,BRD-K81197548-003-01-4,poscon_cp,['ubiquitin specific protease inhibitor'],-4.3083787,-5.4036465
BR00117025,M17,U2OS,24,DMSO,compound,,negcon,,2.9177861,-6.7235703
BR00117025,M18,U2OS,24,TG-003,compound,BRD-K97072811-001-11-4,poscon_cp,,1.716227,-7.0797467
BR00117025,M19,U2OS,24,oxibendazole,compound,BRD-K52075715-001-06-7,,['tubulin polymerization inhibitor'],-4.995893,-7.7476254
BR00117025,M20,U2OS,24,TG-101348,compound,BRD-K12502280-001-11-4,poscon_cp,"['JAK inhibitor', 'FLT3 inhibitor']",-3.5999396,-8.472098
BR00117025,M21,U2OS,24,miglitol,compound,BRD-A63310107-001-04-8,,['glucosidase inhibitor'],0.99539304,-7.413235
BR00117025,M22,U2OS,24,DMSO,compound,,negcon,,3.210103,-8.520725
BR00117025,M23,U2OS,24,DMSO,compound,,negcon,,2.471949,-7.7977514
BR00117025,M24,U2OS,24,tranilast,compound,BRD-K17849083-001-32-9,,,-1.348805,-8.620712
BR00117025,N01,U2OS,24,4-methylhistamine,compound,BRD-K70821460-300-02-4,,['histamine receptor agonist'],1.7765156,-6.316864
BR00117025,N02,U2OS,24,LDN-27219,compound,BRD-K51485109-001-01-4,,,1.8112991,-6.4687634
BR00117025,N03,U2OS,24,anisomycin,compound,BRD-K91370081-001-25-1,,['DNA synthesis inhibitor'],-4.6770606,-5.7998557
BR00117025,N04,U2OS,24,thioguanine,compound,BRD-K49350383-001-13-7,poscon_diverse,,-1.7075698,-7.0543933
BR00117025,N05,U2OS,24,droxinostat,compound,BRD-K11558771-001-13-9,,['HDAC inhibitor'],-0.3950076,-7.5385103
BR00117025,N06,U2OS,24,UNC2025,compound,BRD-K91283740-003-01-6,poscon_cp,['FLT3 inhibitor'],-3.404792,-7.9126534
BR00117025,N07,U2OS,24,DMSO,compound,,negcon,,2.5745406,-6.7045016
BR00117025,N08,U2OS,24,DMSO,compound,,negcon,,2.9034455,-6.667735
BR00117025,N09,U2OS,24,AMG900,compound,BRD-K21728777-001-02-3,poscon_cp,['Aurora kinase inhibitor'],0.7635663,-4.944132
BR00117025,N10,U2OS,24,PF-06463922,compound,BRD-A23124853-001-01-4,,['ALK tyrosine kinase receptor inhibitor'],-1.2297677,-7.2733707
BR00117025,N11,U2OS,24,orantinib,compound,BRD-K55966568-001-09-6,poscon_cp,"['FGFR inhibitor', 'PDGFR tyrosine kinase receptor inhibitor', 'VEGFR inhibitor']",0.20423128,-6.9104614
BR00117025,N12,U2OS,24,fludarabine-phosphate,compound,BRD-K71106091-001-09-5,,['ribonucleotide reductase inhibitor'],0.8762194,-5.180495
BR00117025,N13,U2OS,24,ceritinib,compound,BRD-K22149900-001-06-2,,['ALK tyrosine kinase receptor inhibitor'],-2.1971228,-8.345353
BR00117025,N14,U2OS,24,NVS-PAK1-1,compound,BRD-K28132190-001-02-0,poscon_cp,['p21 activated kinase inhibitor'],-2.0451033,-7.8837457
BR00117025,N15,U2OS,24,homoharringtonine,compound,BRD-K76674262-001-03-3,,['protein synthesis inhibitor'],-4.1978335,-5.972852
BR00117025,N16,U2OS,24,picrotoxinin,compound,BRD-K36461289-001-05-8,,['GABA receptor antagonist'],1.8743386,-6.9973574
BR00117025,N17,U2OS,24,DMSO,compound,,negcon,,1.6801482,-6.5624423
BR00117025,N18,U2OS,24,danusertib,compound,BRD-K07881437-001-03-8,poscon_diverse,"['growth factor receptor inhibitor', 'Aurora kinase inhibitor']",0.66008884,-4.8155594
BR00117025,N19,U2OS,24,romidepsin,compound,BRD-K61397605-001-01-8,poscon_cp,['HDAC inhibitor'],-4.984875,-6.3932
BR00117025,N20,U2OS,24,FERb-033,compound,BRD-K61642990-001-01-0,poscon_cp,['EGFR inhibitor'],-0.2301137,-8.080648
BR00117025,N21,U2OS,24,PF-03758309,compound,BRD-K37764012-001-03-3,poscon_diverse,['p21 activated kinase inhibitor'],-3.1250567,-6.162182
BR00117025,N22,U2OS,24,DMSO,compound,,negcon,,3.2712817,-7.871723
BR00117025,N23,U2OS,24,trometamol,compound,BRD-K47978074-001-03-2,,,1.0070146,-6.8243065
BR00117025,N24,U2OS,24,simvastatin,compound,BRD-K22134346-001-22-3,,['HMGCR inhibitor'],-1.8883725,-8.316271
BR00117025,O01,U2OS,24,zaprinast,compound,BRD-K16542329-001-16-8,,['phosphodiesterase inhibitor'],0.6320544,-6.3780346
BR00117025,O02,U2OS,24,dexamethasone,compound,BRD-A10188456-001-04-9,,['glucocorticoid receptor agonist'],-0.24664043,-7.447444
BR00117025,O03,U2OS,24,salicylic-acid,compound,BRD-K93632104-001-17-2,,['cyclooxygenase inhibitor'],1.9485859,-6.8327007
BR00117025,O04,U2OS,24,diltiazem,compound,BRD-A69636825-003-04-7,,['calcium channel blocker'],1.9625293,-6.867448
BR00117025,O05,U2OS,24,phenolphthalein,compound,BRD-K19227686-001-18-6,,,1.8146869,-7.785334
BR00117025,O06,U2OS,24,niflumic-acid,compound,BRD-K98763141-001-30-8,,['cyclooxygenase inhibitor'],1.8579316,-7.2047906
BR00117025,O07,U2OS,24,DMSO,compound,,negcon,,2.2503085,-6.8281565
BR00117025,O08,U2OS,24,L-Cystine,compound,BRD-A15397381-001-02-5,,,1.9590524,-6.80863
BR00117025,O09,U2OS,24,ozanimod,compound,BRD-K46625559-001-01-8,,['sphingosine 1 phosphate receptor agonist'],-2.5611708,-9.172109
BR00117025,O10,U2OS,24,efaroxan,compound,BRD-A10739734-003-09-8,,['adrenergic receptor antagonist'],1.5095391,-7.919364
BR00117025,O11,U2OS,24,NBQX,compound,BRD-K11796549-001-05-2,,['glutamate receptor antagonist'],2.795314,-7.1430283
BR00117025,O12,U2OS,24,dinoprostone,compound,BRD-K26521938-001-07-2,,['prostanoid receptor agonist'],0.2970304,-7.1268034
BR00117025,O13,U2OS,24,Ro-20-1724,compound,BRD-A07207424-001-14-0,,['phosphodiesterase inhibitor'],2.8503366,-7.643638
BR00117025,O14,U2OS,24,xanomeline,compound,BRD-K72815923-034-02-0,,['acetylcholine receptor agonist'],1.985347,-7.1142707
BR00117025,O15,U2OS,24,terazosin,compound,BRD-K01825589-310-02-9,,['adrenergic receptor antagonist'],0.8580778,-5.5469737
BR00117025,O16,U2OS,24,BVT-948,compound,BRD-K68567222-001-01-2,,,-3.1733394,-6.937688
BR00117025,O17,U2OS,24,nicotine,compound,BRD-K01825660-322-01-9,,['acetylcholine receptor agonist'],2.1774359,-7.0454516
BR00117025,O18,U2OS,24,DMSO,compound,,negcon,,2.290323,-7.4103093
BR00117025,O19,U2OS,24,U-0521,compound,BRD-K08953028-001-09-6,,,0.6957283,-8.512531
BR00117025,O20,U2OS,24,BMS-587101,compound,BRD-K20093108-001-02-3,,,0.89470893,-6.482072
BR00117025,O21,U2OS,24,nimodipine,compound,BRD-A58048407-001-20-4,,['calcium channel blocker'],1.0851064,-7.355615
BR00117025,O22,U2OS,24,pyrrolidine-dithiocarbamate,compound,BRD-K80970344-201-08-6,,,-4.3415833,-6.12179
BR00117025,O23,U2OS,24,PF-915275,compound,BRD-K18289362-001-02-2,,,0.2644795,-5.56902
BR00117025,O24,U2OS,24,JTE-013,compound,BRD-K43330982-001-02-3,,,0.11103927,-8.78848
BR00117025,P01,U2OS,24,sodium-butyrate,compound,BRD-K05878375-236-05-7,,['HDAC inhibitor'],0.11995168,-6.1278586
BR00117025,P02,U2OS,24,pentostatin,compound,BRD-K91543828-001-02-0,,['ribonucleotide reductase inhibitor'],0.97897923,-6.1622643
BR00117025,P03,U2OS,24,OMDM-2,compound,BRD-K48830578-001-01-9,,,1.0393072,-6.470279
BR00117025,P04,U2OS,24,nalmefene,compound,BRD-A72767275-003-01-6,,,1.6935087,-6.0990133
BR00117025,P05,U2OS,24,DMSO,compound,,negcon,,1.9607077,-6.1990514
BR00117025,P06,U2OS,24,1-EBIO,compound,BRD-K70586315-001-02-4,,,2.230121,-6.3012524
BR00117025,P07,U2OS,24,SB-505124,compound,BRD-K40109029-001-02-9,,['ALK tyrosine kinase receptor inhibitor'],-0.8963166,-8.807057
BR00117025,P08,U2OS,24,prasugrel,compound,BRD-A83029242-001-06-1,,['purinergic receptor antagonist'],-0.09315482,-7.559582
BR00117025,P09,U2OS,24,pidolic-acid,compound,BRD-K57313110-001-06-8,,,1.5983341,-6.572863
BR00117025,P10,U2OS,24,DMSO,compound,,negcon,,1.8836242,-6.293015
BR00117025,P11,U2OS,24,nevirapine,compound,BRD-K15502390-001-20-9,,,2.3788776,-6.510693
BR00117025,P12,U2OS,24,triamterene,compound,BRD-K92049597-001-20-8,,['sodium channel blocker'],0.5555784,-7.3414054
BR00117025,P13,U2OS,24,regorafenib,compound,BRD-K16730910-001-07-3,,"['PDGFR tyrosine kinase receptor inhibitor', 'RAF inhibitor', 'KIT inhibitor', 'RET tyrosine kinase inhibitor', 'FGFR inhibitor', 'VEGFR inhibitor']",-1.2458144,-7.627993
BR00117025,P14,U2OS,24,cyclophosphamide,compound,BRD-A09722536-002-18-0,,,0.44202197,-6.462478
BR00117025,P15,U2OS,24,olanzapine,compound,BRD-K18895904-001-16-1,,"['dopamine receptor antagonist', 'serotonin receptor antagonist']",-2.4854026,-9.066543
BR00117025,P16,U2OS,24,KI-16425,compound,BRD-A25569250-001-03-3,,['lysophosphatidic acid receptor antagonist'],1.0894468,-6.5798993
BR00117025,P17,U2OS,24,SKLB1002,compound,BRD-K29895144-001-01-0,,['VEGFR inhibitor'],0.21784283,-5.604087
BR00117025,P18,U2OS,24,cilostazol,compound,BRD-K67017579-001-28-1,,['phosphodiesterase inhibitor'],1.5350118,-6.664622
BR00117025,P19,U2OS,24,AZD1283,compound,BRD-K77060810-001-01-5,,['purinergic receptor antagonist'],0.7830614,-6.9900217
BR00117025,P20,U2OS,24,A-987306,compound,BRD-K68982262-001-01-4,,['histamine receptor antagonist'],-2.5190563,-9.031938
BR00117025,P21,U2OS,24,procaine,compound,BRD-K24616672-003-20-1,,['HMGCR inhibitor'],0.80959934,-6.315497
BR00117025,P22,U2OS,24,miconazole,compound,BRD-A82396632-008-30-8,,['bacterial cell wall synthesis inhibitor'],0.5998215,-7.339532
BR00117025,P23,U2OS,24,loperamide,compound,BRD-K61250553-003-30-6,,,-2.0508792,-8.985113
BR00117025,P24,U2OS,24,aripiprazole,compound,BRD-K70358946-001-17-3,,['serotonin receptor antagonist'],-0.9890941,-8.788758
BR00117026,A01,U2OS,24,gabapentin-enacarbil,compound,BRD-A86665761-001-01-1,,,0.26145902,-6.236381
BR00117026,A02,U2OS,24,DMSO,compound,,negcon,,1.7880149,-6.47781
BR00117026,A03,U2OS,24,amlodipine,compound,BRD-A22032524-074-09-9,,['calcium channel blocker'],-2.5396066,-8.964792
BR00117026,A04,U2OS,24,hexestrol,compound,BRD-A01078468-001-14-8,,,0.037631255,-7.911563
BR00117026,A05,U2OS,24,quinine,compound,BRD-K48278478-001-01-2,,,0.5427563,-7.0945177
BR00117026,A06,U2OS,24,LOXO-101,compound,BRD-K36574127-001-01-3,,,1.0619359,-7.72532
BR00117026,A07,U2OS,24,brinzolamide,compound,BRD-K74913225-001-14-0,,['carbonic anhydrase inhibitor'],0.9145484,-5.656236
BR00117026,A08,U2OS,24,NS-11021,compound,BRD-K94342292-001-01-3,,['calcium-activated potassium channel activator'],-1.5489302,-8.314205
BR00117026,A09,U2OS,24,DMSO,compound,,negcon,,1.5487103,-6.2468815
BR00117026,A10,U2OS,24,GNF-5837,compound,BRD-K19975102-001-01-2,,['growth factor receptor inhibitor'],-0.72745556,-8.956916
BR00117026,A11,U2OS,24,apatinib,compound,BRD-K25244359-066-02-6,,['RET tyrosine kinase inhibitor'],-1.6568456,-8.689346
BR00117026,A12,U2OS,24,ethoxzolamide,compound,BRD-K18131774-001-18-4,,['carbonic anhydrase inhibitor'],0.38931057,-7.9306884
BR00117026,A13,U2OS,24,ascorbic-acid,compound,BRD-A85242401-001-11-5,,,-0.13459817,-7.1946836
BR00117026,A14,U2OS,24,ryuvidine,compound,BRD-K06426971-001-02-7,,['histone lysine methyltransferase inhibitor'],-4.736157,-5.1365743
BR00117026,A15,U2OS,24,BAN-ORL-24,compound,BRD-K47049295-300-03-1,,,-3.1966743,-8.296793
BR00117026,A16,U2OS,24,NNC-55-0396,compound,BRD-K78122587-300-04-3,,,-2.726005,-8.965399
BR00117026,A17,U2OS,24,DMSO,compound,,negcon,,1.7517064,-7.38779
BR00117026,A18,U2OS,24,WH-4-023,compound,BRD-K50199947-001-03-4,,['src inhibitor'],-2.8638806,-7.8226056
BR00117026,A19,U2OS,24,flupirtine,compound,BRD-K50720187-051-03-1,,['glutamate receptor antagonist'],-0.04328114,-7.2263093
BR00117026,A20,U2OS,24,ZK811752,compound,BRD-K91825936-001-03-9,,,-0.3255446,-7.466585
BR00117026,A21,U2OS,24,dexamethasone,compound,BRD-K38775274-001-22-1,,['glucocorticoid receptor agonist'],-1.425343,-7.165293
BR00117026,A22,U2OS,24,PP-1,compound,BRD-K47598052-001-14-1,,['src inhibitor'],-1.4413264,-6.390873
BR00117026,A23,U2OS,24,DDR1-IN-1,compound,BRD-K61845293-300-01-9,,,-2.39682,-9.00328
BR00117026,A24,U2OS,24,AVL-292,compound,BRD-K87782578-001-01-4,,"[""Bruton's tyrosine kinase (BTK) inhibitor""]",-2.5174744,-6.897948
BR00117026,B01,U2OS,24,H2L-5765834,compound,BRD-K26439554-001-01-3,,['lysophosphatidic acid receptor antagonist'],-0.111369394,-6.576381
BR00117026,B02,U2OS,24,thiostrepton,compound,BRD-K58049875-001-03-9,,['protein synthesis inhibitor'],-4.3567343,-5.494503
BR00117026,B03,U2OS,24,DMSO,compound,,negcon,,3.0240011,-7.2668657
BR00117026,B04,U2OS,24,arcyriaflavin-a,compound,BRD-K72726508-001-02-1,,['CDK inhibitor'],-1.8534162,-7.441784
BR00117026,B05,U2OS,24,CYM-5520,compound,BRD-K29151923-001-01-5,,['sphingosine 1 phosphate receptor agonist'],0.41411167,-7.7114043
BR00117026,B06,U2OS,24,fludarabine,compound,BRD-K66788707-001-14-3,,['ribonucleotide reductase inhibitor'],1.1699615,-5.472063
BR00117026,B07,U2OS,24,alda-1,compound,BRD-K06890060-001-09-1,,,0.8032679,-7.6640105
BR00117026,B08,U2OS,24,meclofenamic-acid,compound,BRD-K50398167-236-22-7,,"['cyclooxygenase inhibitor', 'prostanoid receptor antagonist']",2.2019637,-7.4466753
BR00117026,B09,U2OS,24,GNF-5,compound,BRD-K87632963-001-03-0,,['Bcr-Abl kinase inhibitor'],-0.70690703,-7.969015
BR00117026,B10,U2OS,24,NS-309,compound,BRD-K37602296-001-01-6,,['calcium-activated potassium channel activator'],1.4393035,-6.8481183
BR00117026,B11,U2OS,24,AK-7,compound,BRD-K09143580-001-01-0,,['SIRT inhibitor'],0.3412894,-8.084539
BR00117026,B12,U2OS,24,BVT-948,compound,BRD-A22713669-001-04-3,,,-3.3583148,-6.827178
BR00117026,B13,U2OS,24,SirReal-2,compound,BRD-K16472653-001-01-6,,['SIRT inhibitor'],-0.91989344,-7.0955358
BR00117026,B14,U2OS,24,DMSO,compound,,negcon,,3.3841476,-7.475081
BR00117026,B15,U2OS,24,BMS-536924,compound,BRD-K34581968-001-05-3,,['IGF-1 inhibitor'],-2.386669,-6.93498
BR00117026,B16,U2OS,24,PP-121,compound,BRD-K81801188-001-02-8,,['protein tyrosine kinase inhibitor'],-2.7425938,-6.8506885
BR00117026,B17,U2OS,24,MCOPPB,compound,BRD-K73276278-305-01-1,,,-3.338485,-8.787529
BR00117026,B18,U2OS,24,ozagrel,compound,BRD-K53061490-003-13-9,,,2.3055148,-7.5962067
BR00117026,B19,U2OS,24,CYM-5442,compound,BRD-A43005764-003-01-5,,['sphingosine 1 phosphate receptor agonist'],-2.796692,-8.888791
BR00117026,B20,U2OS,24,CVT-10216,compound,BRD-K60659193-001-01-0,,,-0.22780694,-8.477597
BR00117026,B21,U2OS,24,TCN201,compound,BRD-K09787262-001-02-7,,['glutamate receptor antagonist'],0.8617125,-7.391947
BR00117026,B22,U2OS,24,fomepizole,compound,BRD-K56810756-003-07-7,,['alcohol dehydrogenase inhibitor'],1.8004339,-7.859761
BR00117026,B23,U2OS,24,benzamil,compound,BRD-K87158025-003-08-7,,['sodium channel blocker'],-0.595144,-7.5200443
BR00117026,B24,U2OS,24,lercanidipine,compound,BRD-A18992208-003-02-7,,['calcium channel blocker'],-0.3116461,-8.75946
BR00117026,C01,U2OS,24,4-CMTB,compound,BRD-A54139254-001-09-2,,['free fatty acid receptor agonist'],0.4666568,-6.9955664
BR00117026,C02,U2OS,24,ML-228,compound,BRD-K44432556-001-05-5,,,2.0019903,-6.797137
BR00117026,C03,U2OS,24,DMSO,compound,,negcon,,3.3661964,-7.4255185
BR00117026,C04,U2OS,24,GSK1070916,compound,BRD-K36740062-001-06-6,,['Aurora kinase inhibitor'],-3.5035892,-8.098255
BR00117026,C05,U2OS,24,ML-193,compound,BRD-K27539181-001-08-5,,,2.170438,-7.576248
BR00117026,C06,U2OS,24,DMSO,compound,,negcon,,2.6077085,-7.4766736
BR00117026,C07,U2OS,24,M-25,compound,BRD-K51265828-001-01-0,,['smoothened receptor antagonist'],-0.7604394,-6.9620366
BR00117026,C08,U2OS,24,azeliragon,compound,BRD-K51899933-001-02-6,,['RAGE receptor antagonist'],-3.013515,-8.358384
BR00117026,C09,U2OS,24,CYT-997,compound,BRD-K23363278-001-02-1,poscon_diverse,['tubulin polymerization inhibitor'],-5.1686068,-7.8714123
BR00117026,C10,U2OS,24,AR-12,compound,BRD-K90497590-001-05-9,,,-5.1859694,-5.147549
BR00117026,C11,U2OS,24,CYM-50260,compound,BRD-K69877120-001-01-7,,['sphingosine 1 phosphate receptor agonist'],0.612538,-7.8671017
BR00117026,C12,U2OS,24,DMSO,compound,,negcon,,3.265181,-7.327337
BR00117026,C13,U2OS,24,KG-5,compound,BRD-K90747162-001-01-4,poscon_cp,['RAF inhibitor'],-4.9952536,-7.779057
BR00117026,C14,U2OS,24,JTE-607,compound,BRD-K81405859-300-01-4,,,1.0566137,-5.417156
BR00117026,C15,U2OS,24,DMSO,compound,,negcon,,2.951583,-8.064548
BR00117026,C16,U2OS,24,ilomastat,compound,BRD-K51662849-001-05-4,,['matrix metalloprotease inhibitor'],-0.7750927,-7.310462
BR00117026,C17,U2OS,24,RX-821002,compound,BRD-A65597028-003-08-1,,['adrenergic receptor antagonist'],0.9014293,-7.2346826
BR00117026,C18,U2OS,24,DMSO,compound,,negcon,,3.2612002,-7.0596385
BR00117026,C19,U2OS,24,TUG-891,compound,BRD-K24282351-001-01-4,,['free fatty acid receptor agonist'],0.96020347,-7.341964
BR00117026,C20,U2OS,24,ponatinib,compound,BRD-K44227013-001-08-0,,"['PDGFR tyrosine kinase receptor inhibitor', 'FLT3 inhibitor', 'Bcr-Abl kinase inhibitor']",-4.4825187,-5.1489162
BR00117026,C21,U2OS,24,DMSO,compound,,negcon,,2.533921,-7.618162
BR00117026,C22,U2OS,24,puromycin,compound,BRD-K01824976-300-02-9,,['protein synthesis inhibitor'],-4.7532115,-5.473918
BR00117026,C23,U2OS,24,SRC-kinase-inhibitor-I,compound,BRD-K50495309-001-02-0,,['src inhibitor'],-2.6631796,-9.240693
BR00117026,C24,U2OS,24,acetylcysteine,compound,BRD-K59058747-001-19-1,,,1.0662316,-8.21531
BR00117026,D01,U2OS,24,NSC-625987,compound,BRD-K62949423-001-03-1,,['CDK inhibitor'],2.6802807,-6.411791
BR00117026,D02,U2OS,24,dalfampridine,compound,BRD-K22482860-001-20-6,,['potassium channel blocker'],1.303344,-7.620043
BR00117026,D03,U2OS,24,NSC-95397,compound,BRD-K68143200-001-11-7,,['CDC inhibitor'],-3.4126585,-6.8232822
BR00117026,D04,U2OS,24,alrestatin,compound,BRD-K35498378-001-06-1,,['aldose reductase inhibitor'],3.0890713,-7.1221385
BR00117026,D05,U2OS,24,PF-03758309,compound,BRD-K37764012-001-03-3,poscon_diverse,['p21 activated kinase inhibitor'],2.0976596,-7.3620915
BR00117026,D06,U2OS,24,IRL-2500,compound,BRD-K98357249-001-02-9,,['endothelin receptor antagonist'],2.685688,-6.669116
BR00117026,D07,U2OS,24,PF-04217903,compound,BRD-K73319509-001-08-0,poscon_cp,,0.47982243,-7.998516
BR00117026,D08,U2OS,24,FK-866,compound,BRD-K58550667-001-08-7,poscon_diverse,,-0.24926569,-6.9498816
BR00117026,D09,U2OS,24,amlexanox,compound,BRD-K29530284-001-06-2,,,0.40831318,-8.233189
BR00117026,D10,U2OS,24,GW-311616,compound,BRD-K37864785-001-01-0,,['elastase inhibitor'],0.20666683,-7.2632656
BR00117026,D11,U2OS,24,buparlisib,compound,BRD-K42191735-001-08-7,poscon_diverse,,-5.0692677,-7.5936756
BR00117026,D12,U2OS,24,amiloride,compound,BRD-K97181089-003-24-7,,['sodium channel blocker'],1.9702456,-7.12126
BR00117026,D13,U2OS,24,DG-172,compound,BRD-K75748943-300-01-3,,,-2.841541,-9.137244
BR00117026,D14,U2OS,24,DMSO,compound,,negcon,,1.13139,-7.174757
BR00117026,D15,U2OS,24,DMSO,compound,,negcon,,3.235088,-8.348288
BR00117026,D16,U2OS,24,NVP-ADW742,compound,BRD-K15179513-001-04-2,poscon_cp,,-3.2080686,-8.592056
BR00117026,D17,U2OS,24,misoprostol,compound,BRD-A72351335-001-04-5,,['prostanoid receptor agonist'],0.7165367,-5.689653
BR00117026,D18,U2OS,24,conivaptan,compound,BRD-K37385792-003-02-1,,,-1.7325207,-9.018364
BR00117026,D19,U2OS,24,spiroxatrine,compound,BRD-A72483914-001-03-7,,['serotonin receptor antagonist'],-1.767357,-8.554588
BR00117026,D20,U2OS,24,diacerein,compound,BRD-K69122748-001-10-1,,,2.562895,-8.000662
BR00117026,D21,U2OS,24,DMSO,compound,,negcon,,3.4462135,-7.7617297
BR00117026,D22,U2OS,24,DMSO,compound,,negcon,,1.7157522,-7.8435497
BR00117026,D23,U2OS,24,glyburide,compound,BRD-K36927236-001-36-7,,['ATP channel blocker'],-1.4517428,-9.039583
BR00117026,D24,U2OS,24,ANR-94,compound,BRD-K31170746-001-01-6,,,0.50714606,-8.128459
BR00117026,E01,U2OS,24,TFC-007,compound,BRD-K57708067-001-01-3,,,1.0373679,-6.975176
BR00117026,E02,U2OS,24,trihexyphenidyl,compound,BRD-A48180038-003-24-3,,['acetylcholine receptor antagonist'],1.3296547,-6.704173
BR00117026,E03,U2OS,24,epoprostenol,compound,BRD-K64054020-001-02-7,,,2.3315625,-6.6709833
BR00117026,E04,U2OS,24,sacubitril,compound,BRD-K91456750-001-01-9,,,3.1274467,-7.8077445
BR00117026,E05,U2OS,24,danusertib,compound,BRD-K07881437-001-03-8,poscon_diverse,"['growth factor receptor inhibitor', 'Aurora kinase inhibitor']",0.48479903,-4.86006
BR00117026,E06,U2OS,24,CYT-997,compound,BRD-K23363278-001-02-1,poscon_diverse,['tubulin polymerization inhibitor'],-5.1834884,-7.8392034
BR00117026,E07,U2OS,24,DMSO,compound,,negcon,,3.258585,-7.641991
BR00117026,E08,U2OS,24,BQ-788,compound,BRD-K02490038-236-03-8,,['endothelin receptor antagonist'],1.2763888,-7.4218965
BR00117026,E09,U2OS,24,SB-202190,compound,BRD-K54330070-001-19-6,poscon_orf,['p38 MAPK inhibitor'],-0.42661342,-6.6556487
BR00117026,E10,U2OS,24,GSK2110183,compound,BRD-K25412176-001-01-9,poscon_diverse,,-1.2674763,-7.769653
BR00117026,E11,U2OS,24,GSK3787,compound,BRD-K03155172-001-03-0,,['PPAR receptor antagonist'],0.92013675,-5.571956
BR00117026,E12,U2OS,24,BAM7,compound,BRD-K07442505-001-03-6,,,0.1284899,-7.970245
BR00117026,E13,U2OS,24,PHA-793887,compound,BRD-K64800655-001-09-0,poscon_diverse,['CDK inhibitor'],-3.2018142,-6.126838
BR00117026,E14,U2OS,24,DMSO,compound,,negcon,,3.3254354,-7.918719
BR00117026,E15,U2OS,24,GSK-37647,compound,BRD-K26514105-001-01-7,,['free fatty acid receptor agonist'],-0.6892531,-7.6181097
BR00117026,E16,U2OS,24,desonide,compound,BRD-K21528677-001-04-4,,['glucocorticoid receptor agonist'],-0.82741964,-7.6700015
BR00117026,E17,U2OS,24,DMSO,compound,,negcon,,3.1134088,-7.9215
BR00117026,E18,U2OS,24,aloxistatin,compound,BRD-K91188791-001-17-5,,,-3.2413633,-8.983539
BR00117026,E19,U2OS,24,azathioprine,compound,BRD-K32821942-001-22-1,,,0.51156634,-8.142709
BR00117026,E20,U2OS,24,ZK-93423,compound,BRD-K33882852-003-02-8,poscon_diverse,['benzodiazepine receptor agonist'],-0.7218784,-9.08337
BR00117026,E21,U2OS,24,BI-2536,compound,BRD-K64890080-001-02-1,poscon_diverse,,-4.7691693,-7.438631
BR00117026,E22,U2OS,24,EI1,compound,BRD-K91535048-001-01-2,poscon_cp,['histone lysine methyltransferase inhibitor'],-0.7712731,-8.302229
BR00117026,E23,U2OS,24,NVP-HSP990,compound,BRD-K67915505-001-01-2,,['HSP inhibitor'],-2.4435496,-6.376901
BR00117026,E24,U2OS,24,DMSO,compound,,negcon,,0.867559,-8.034786
BR00117026,F01,U2OS,24,DMSO,compound,,negcon,,2.6554093,-6.469292
BR00117026,F02,U2OS,24,nialamide,compound,BRD-K12102668-001-25-5,,,1.7591834,-6.478322
BR00117026,F03,U2OS,24,DMSO,compound,,negcon,,2.6896496,-7.682052
BR00117026,F04,U2OS,24,arundic-acid,compound,BRD-K49223707-001-01-0,,,0.9660391,-6.883431
BR00117026,F05,U2OS,24,torcitabine,compound,BRD-K91822704-003-07-2,,,2.1704376,-6.724106
BR00117026,F06,U2OS,24,DMSO,compound,,negcon,,3.0144494,-6.713027
BR00117026,F07,U2OS,24,epothilone-b,compound,BRD-K68164687-001-01-6,,"['microtubule stabilizing agent', 'tubulin polymerization inhibitor']",-4.4276185,-7.5147953
BR00117026,F08,U2OS,24,dyphylline,compound,BRD-A00827783-001-24-6,,['phosphodiesterase inhibitor'],2.5759275,-6.2666445
BR00117026,F09,U2OS,24,DMSO,compound,,negcon,,3.0262427,-7.2906523
BR00117026,F10,U2OS,24,quinidine,compound,BRD-K59632282-052-03-1,,['sodium channel blocker'],1.6199539,-7.4935656
BR00117026,F11,U2OS,24,halopemide,compound,BRD-K50055394-001-03-6,,,-0.24138497,-7.9973826
BR00117026,F12,U2OS,24,sulfinpyrazone,compound,BRD-A36217750-001-16-3,,,2.4121594,-7.858429
BR00117026,F13,U2OS,24,ML-323,compound,BRD-K93942811-001-01-3,poscon_cp,['ubiquitin specific protease inhibitor'],-0.8650768,-9.029081
BR00117026,F14,U2OS,24,racecadotril,compound,BRD-A08187463-001-12-9,,,1.8134007,-7.0769577
BR00117026,F15,U2OS,24,BRL-50481,compound,BRD-K84266862-001-03-2,,['phosphodiesterase inhibitor'],1.6592733,-6.232454
BR00117026,F16,U2OS,24,GSK2110183,compound,BRD-K25412176-001-01-9,poscon_diverse,,-1.4763157,-7.873447
BR00117026,F17,U2OS,24,bufexamac,compound,BRD-K36660044-001-24-2,,['cyclooxygenase inhibitor'],-0.71665007,-7.923396
BR00117026,F18,U2OS,24,anandamide,compound,BRD-K42352790-001-05-3,,,0.25711045,-6.9874263
BR00117026,F19,U2OS,24,thioguanine,compound,BRD-K49350383-001-13-7,poscon_diverse,,-1.7654687,-7.0357075
BR00117026,F20,U2OS,24,IWP-L6,compound,BRD-K53234107-001-01-6,,['porcupine inhibitor'],-1.1162664,-8.847215
BR00117026,F21,U2OS,24,edoxaban,compound,BRD-K29322660-001-01-9,,['coagulation factor inhibitor'],0.70005494,-7.6268287
BR00117026,F22,U2OS,24,lonafarnib,compound,BRD-K41599323-001-02-3,poscon_diverse,,-1.7767408,-7.4672527
BR00117026,F23,U2OS,24,ibutamoren,compound,BRD-K44771174-066-01-0,,,-0.7839794,-7.71695
BR00117026,F24,U2OS,24,somatostatin,compound,BRD-K14681867-001-01-6,,['somatostatin receptor agonist'],0.57913584,-7.799488
BR00117026,G01,U2OS,24,L-proline,compound,BRD-K01666412-001-02-0,,,2.8092716,-7.31756
BR00117026,G02,U2OS,24,zamifenacin,compound,BRD-K80451230-051-02-6,,['acetylcholine receptor antagonist'],3.0637527,-6.872338
BR00117026,G03,U2OS,24,YC-1,compound,BRD-K60476892-001-16-1,,,-4.2441764,-5.804262
BR00117026,G04,U2OS,24,DMSO,compound,,negcon,,3.260246,-7.051796
BR00117026,G05,U2OS,24,ME-0328,compound,BRD-K24283677-001-01-9,,['PPAR receptor antagonist'],0.64659035,-8.927741
BR00117026,G06,U2OS,24,NSC-663284,compound,BRD-K03109492-001-02-2,,['CDC inhibitor'],-4.547778,-5.103499
BR00117026,G07,U2OS,24,CYM-50358,compound,BRD-K80666802-003-01-0,,,-1.5808048,-8.765454
BR00117026,G08,U2OS,24,trazodone,compound,BRD-K70778732-003-27-5,,"['adrenergic receptor antagonist', 'serotonin receptor antagonist']",1.7805762,-7.1252747
BR00117026,G09,U2OS,24,DMSO,compound,,negcon,,3.0249815,-7.8554606
BR00117026,G10,U2OS,24,DMSO,compound,,negcon,,3.05913,-7.1497884
BR00117026,G11,U2OS,24,sulfasalazine,compound,BRD-K10670311-001-17-1,,['cyclooxygenase inhibitor'],1.1016312,-5.3374615
BR00117026,G12,U2OS,24,"2,5-furandimethanol",compound,BRD-K29791386-001-01-8,,,3.154552,-7.9545274
BR00117026,G13,U2OS,24,DMSO,compound,,negcon,,2.816907,-8.019708
BR00117026,G14,U2OS,24,dilazep,compound,BRD-K48722258-300-11-0,,,1.271624,-7.2466755
BR00117026,G15,U2OS,24,felodipine,compound,BRD-A30815329-001-12-1,,['calcium channel blocker'],0.86435527,-8.234877
BR00117026,G16,U2OS,24,paliperidone,compound,BRD-A99888680-001-05-3,,"['dopamine receptor antagonist', 'serotonin receptor antagonist']",2.4224377,-6.6647687
BR00117026,G17,U2OS,24,purvalanol-a,compound,BRD-K50836978-001-03-3,poscon_orf,['CDK inhibitor'],0.18472637,-5.6325355
BR00117026,G18,U2OS,24,DMSO,compound,,negcon,,3.2288415,-7.2727313
BR00117026,G19,U2OS,24,Ro-1138452,compound,BRD-K77220725-003-01-5,,['prostanoid receptor antagonist'],0.07832331,-6.708354
BR00117026,G20,U2OS,24,sorbinil,compound,BRD-A89164055-001-03-3,,['aldose reductase inhibitor'],1.4891323,-8.230073
BR00117026,G21,U2OS,24,TC-S-7004,compound,BRD-K89517477-001-01-4,poscon_cp,['DYRK inhibitor'],-0.4654407,-7.7221622
BR00117026,G22,U2OS,24,saclofen,compound,BRD-A24122750-001-03-7,,['GABA receptor antagonist'],3.2364404,-8.662444
BR00117026,G23,U2OS,24,BAY-87-2243,compound,BRD-K70463136-001-01-5,,,-0.840064,-9.302411
BR00117026,G24,U2OS,24,ibudilast,compound,BRD-K16444452-001-09-1,,['phosphodiesterase inhibitor'],1.7091788,-6.377804
BR00117026,H01,U2OS,24,briciclib,compound,BRD-K05531427-001-01-7,,,-5.1325645,-7.831099
BR00117026,H02,U2OS,24,2-Oleoylglycerol,compound,BRD-K77087341-001-02-4,,,1.6407547,-6.4758043
BR00117026,H03,U2OS,24,RGFP966,compound,BRD-K61688984-001-02-9,poscon_cp,['HDAC inhibitor'],-1.080705,-7.107144
BR00117026,H04,U2OS,24,DMSO,compound,,negcon,,3.184183,-7.104797
BR00117026,H05,U2OS,24,azacitidine,compound,BRD-K03406345-001-21-1,poscon_diverse,,-1.0738772,-6.9676723
BR00117026,H06,U2OS,24,N6-cyclopentyladenosine,compound,BRD-K60150510-001-15-6,,,2.7139878,-6.8260098
BR00117026,H07,U2OS,24,filgotinib,compound,BRD-K16803204-001-01-6,poscon_cp,['JAK inhibitor'],0.1567575,-6.550508
BR00117026,H08,U2OS,24,guanidine,compound,BRD-K76037122-001-02-5,,['HSP inhibitor'],2.9858255,-7.382237
BR00117026,H09,U2OS,24,coumarin,compound,BRD-K23913458-001-20-7,,,2.2400258,-7.455145
BR00117026,H10,U2OS,24,DMSO,compound,,negcon,,3.2535324,-6.9698243
BR00117026,H11,U2OS,24,ZM-336372,compound,BRD-K73789395-001-09-9,poscon_orf,['RAF inhibitor'],2.4730031,-7.250504
BR00117026,H12,U2OS,24,citric-acid,compound,BRD-K76792669-001-08-1,,['coagulation factor inhibitor'],2.5846918,-7.698496
BR00117026,H13,U2OS,24,DMSO,compound,,negcon,,3.225458,-7.174307
BR00117026,H14,U2OS,24,CCG-63802,compound,BRD-K26970495-001-02-7,,['G protein signaling inhibitor'],1.2319328,-6.8362155
BR00117026,H15,U2OS,24,ibutilide,compound,BRD-A74391928-051-03-9,,['potassium channel blocker'],2.5904062,-7.9766865
BR00117026,H16,U2OS,24,batimastat,compound,BRD-K82818427-001-04-8,,['matrix metalloprotease inhibitor'],-1.0522043,-7.483664
BR00117026,H17,U2OS,24,DMSO,compound,,negcon,,3.3033082,-7.353555
BR00117026,H18,U2OS,24,DMSO,compound,,negcon,,3.1209714,-8.041651
BR00117026,H19,U2OS,24,UNC1999,compound,BRD-K26989966-001-04-3,poscon_cp,['histone lysine methyltransferase inhibitor'],-4.099462,-7.689108
BR00117026,H20,U2OS,24,glutamine-(l),compound,BRD-K83896451-001-06-7,,,2.1507182,-7.276532
BR00117026,H21,U2OS,24,PD-98059,compound,BRD-K62810658-001-11-4,poscon_orf,,-0.008494748,-7.6718526
BR00117026,H22,U2OS,24,enilconazole,compound,BRD-K01825690-065-01-9,,,0.36477166,-7.904939
BR00117026,H23,U2OS,24,N-alpha-Methylhistamine-dihydrochloride,compound,BRD-K75390981-300-04-9,,['histamine receptor agonist'],-0.05005647,-6.9671183
BR00117026,H24,U2OS,24,GK921,compound,BRD-K38272302-001-02-7,,,-3.0274372,-6.5729566
BR00117026,I01,U2OS,24,nilvadipine,compound,BRD-A84687895-001-03-2,,['calcium channel blocker'],0.589352,-7.2103376
BR00117026,I02,U2OS,24,DMSO,compound,,negcon,,2.9116,-6.3912396
BR00117026,I03,U2OS,24,AC-710,compound,BRD-K15819326-001-01-6,,['PDGFR tyrosine kinase receptor inhibitor'],-2.847206,-8.462374
BR00117026,I04,U2OS,24,PETCM,compound,BRD-A93477898-001-04-2,,,2.9894972,-7.7229257
BR00117026,I05,U2OS,24,AZD7762,compound,BRD-K86525559-001-07-8,poscon_diverse,['CHK inhibitor'],-4.5231867,-5.1663103
BR00117026,I06,U2OS,24,PHA-793887,compound,BRD-K64800655-001-09-0,poscon_diverse,['CDK inhibitor'],-3.14711,-6.0703106
BR00117026,I07,U2OS,24,KU-60019,compound,BRD-K36016295-001-05-2,,['ATM kinase inhibitor'],-3.3136222,-7.5734353
BR00117026,I08,U2OS,24,nafamostat,compound,BRD-K06674495-334-04-0,,,-0.9967745,-8.068308
BR00117026,I09,U2OS,24,DMSO,compound,,negcon,,3.4781237,-7.763664
BR00117026,I10,U2OS,24,DMSO,compound,,negcon,,3.1672256,-7.107816
BR00117026,I11,U2OS,24,taladegib,compound,BRD-K50498985-001-03-3,,['smoothened receptor antagonist'],1.6882483,-7.1239586
BR00117026,I12,U2OS,24,acetohexamide,compound,BRD-K52960356-001-13-0,,['ATP channel blocker'],2.6683512,-6.568755
BR00117026,I13,U2OS,24,minocycline,compound,BRD-A69651145-003-11-4,,,-0.7624909,-7.2520876
BR00117026,I14,U2OS,24,BI-2536,compound,BRD-K64890080-001-02-1,poscon_diverse,,-4.8642473,-7.529936
BR00117026,I15,U2OS,24,riociguat,compound,BRD-K84783599-001-01-0,,,2.4521651,-7.664587
BR00117026,I16,U2OS,24,CP-724714,compound,BRD-K76908866-001-07-6,poscon_cp,"['EGFR inhibitor', 'protein tyrosine kinase inhibitor']",-0.92064583,-9.192097
BR00117026,I17,U2OS,24,ganetespib,compound,BRD-K38852836-001-04-9,poscon_diverse,['HSP inhibitor'],-2.5166187,-6.5219474
BR00117026,I18,U2OS,24,AZ191,compound,BRD-K80935598-001-01-1,poscon_cp,['DYRK inhibitor'],-3.3439014,-8.655317
BR00117026,I19,U2OS,24,BAX-channel-blocker,compound,BRD-A18763547-300-06-3,,,-3.0834904,-8.251266
BR00117026,I20,U2OS,24,SU3327,compound,BRD-K32730239-001-01-0,,['JNK inhibitor'],-4.8907576,-5.503598
BR00117026,I21,U2OS,24,DMSO,compound,,negcon,,1.0242089,-6.094326
BR00117026,I22,U2OS,24,DMSO,compound,,negcon,,0.7549445,-6.348434
BR00117026,I23,U2OS,24,octreotide,compound,BRD-A64173453-015-03-1,,['somatostatin receptor agonist'],2.0683753,-7.331327
BR00117026,I24,U2OS,24,1-octanol,compound,BRD-K09338665-001-08-9,,,0.99866855,-7.8201327
BR00117026,J01,U2OS,24,acalabrutinib,compound,BRD-K64034691-001-01-9,,"[""Bruton's tyrosine kinase (BTK) inhibitor""]",-4.7817373,-7.8321233
BR00117026,J02,U2OS,24,rifamycin,compound,BRD-K38512030-001-01-7,,,0.656522,-8.681802
BR00117026,J03,U2OS,24,pazopanib,compound,BRD-K74514084-003-09-2,,"['KIT inhibitor', 'VEGFR inhibitor', 'PDGFR tyrosine kinase receptor inhibitor']",-1.452468,-7.7050076
BR00117026,J04,U2OS,24,RKI-1447,compound,BRD-K19333160-001-01-3,poscon_cp,,-0.71812534,-6.0342174
BR00117026,J05,U2OS,24,vitamin-E,compound,BRD-K97091514-001-11-4,,['PKC inhibitor'],1.6594092,-7.103981
BR00117026,J06,U2OS,24,lonafarnib,compound,BRD-K41599323-001-02-3,poscon_diverse,,-1.861847,-7.6791406
BR00117026,J07,U2OS,24,ethyl-pyruvate,compound,BRD-K47738867-001-01-5,,,2.8007145,-7.5035496
BR00117026,J08,U2OS,24,picrotin,compound,BRD-A91822151-001-05-0,,['GABA receptor antagonist'],2.0067282,-7.8699627
BR00117026,J09,U2OS,24,SGX523,compound,BRD-K19477839-001-07-6,poscon_cp,,-1.7796432,-9.16999
BR00117026,J10,U2OS,24,PP-2,compound,BRD-K95785537-001-22-3,,['src inhibitor'],-1.2744555,-6.4370584
BR00117026,J11,U2OS,24,ME-0328,compound,BRD-A63444178-001-01-5,,['PPAR receptor antagonist'],1.310376,-7.5582952
BR00117026,J12,U2OS,24,AZD9668,compound,BRD-K31476763-001-01-5,,['elastase inhibitor'],1.2642097,-8.556294
BR00117026,J13,U2OS,24,NQDI-1,compound,BRD-K61918008-001-07-1,,,-0.6975416,-7.2393885
BR00117026,J14,U2OS,24,DMSO,compound,,negcon,,3.4098492,-7.333625
BR00117026,J15,U2OS,24,carzenide,compound,BRD-K09295674-001-09-8,,,2.1996899,-6.8532066
BR00117026,J16,U2OS,24,KU-55933,compound,BRD-K25311561-001-10-7,,['ATM kinase inhibitor'],-0.92183805,-6.8255806
BR00117026,J17,U2OS,24,NVP-AEW541,compound,BRD-K24696047-001-02-3,poscon_cp,['IGF-1 inhibitor'],-2.7088532,-8.862635
BR00117026,J18,U2OS,24,leflunomide,compound,BRD-K78692225-001-24-5,,['PDGFR tyrosine kinase receptor inhibitor'],0.28237543,-7.9253683
BR00117026,J19,U2OS,24,DMSO,compound,,negcon,,2.448303,-6.753003
BR00117026,J20,U2OS,24,azacitidine,compound,BRD-K03406345-001-21-1,poscon_diverse,,-0.5789735,-7.015929
BR00117026,J21,U2OS,24,ixabepilone,compound,BRD-K03601870-001-01-2,,['microtubule stabilizing agent'],-4.893799,-7.692701
BR00117026,J22,U2OS,24,KH-CB19,compound,BRD-K66430217-001-03-8,poscon_cp,['CDC inhibitor'],0.9399018,-6.859544
BR00117026,J23,U2OS,24,DMSO,compound,,negcon,,2.3951948,-7.574365
BR00117026,J24,U2OS,24,PF-05190457,compound,BRD-K02554563-001-01-6,,,-0.7264133,-7.9523187
BR00117026,K01,U2OS,24,LDN-212854,compound,BRD-K59831625-001-03-9,,,-5.3670526,-5.606047
BR00117026,K02,U2OS,24,formononetin,compound,BRD-K55567017-001-12-3,,['alcohol dehydrogenase inhibitor'],2.313948,-6.434463
BR00117026,K03,U2OS,24,aminopurvalanol-a,compound,BRD-K07762753-001-05-1,poscon_orf,['CDK inhibitor'],-0.1924184,-5.8129845
BR00117026,K04,U2OS,24,ruxolitinib,compound,BRD-K53972329-001-01-3,poscon_cp,['JAK inhibitor'],-0.51712096,-6.6319566
BR00117026,K05,U2OS,24,DMSO,compound,,negcon,,3.39107,-8.159495
BR00117026,K06,U2OS,24,DMSO,compound,,negcon,,3.4596684,-8.196376
BR00117026,K07,U2OS,24,LGK-974,compound,BRD-K16810791-001-01-0,,['porcupine inhibitor'],3.5621395,-8.15126
BR00117026,K08,U2OS,24,polydatin,compound,BRD-K43236057-001-07-1,,['ICAM1 expression inhibitor'],-2.014282,-7.990653
BR00117026,K09,U2OS,24,enflurane,compound,BRD-A51831848-001-01-7,,,3.263607,-8.319863
BR00117026,K10,U2OS,24,PFI-1,compound,BRD-K13094524-001-04-2,poscon_cp,,3.4095008,-7.0802493
BR00117026,K11,U2OS,24,AZD7762,compound,BRD-K86525559-001-07-8,poscon_diverse,['CHK inhibitor'],-4.340957,-5.046899
BR00117026,K12,U2OS,24,sotrastaurin,compound,BRD-K16761703-001-03-8,,['PKC inhibitor'],-0.3294968,-6.5066824
BR00117026,K13,U2OS,24,DMSO,compound,,negcon,,2.4937434,-8.176034
BR00117026,K14,U2OS,24,cycloheximide,compound,BRD-K36055864-001-20-0,,['protein synthesis inhibitor'],-1.9390733,-6.6462474
BR00117026,K15,U2OS,24,oxytocin,compound,BRD-K25243230-001-01-2,,,2.5909617,-8.346245
BR00117026,K16,U2OS,24,DMSO,compound,,negcon,,0.8422674,-5.025623
BR00117026,K17,U2OS,24,colchicine,compound,BRD-K00259736-001-16-4,,,-5.1051435,-7.704893
BR00117026,K18,U2OS,24,afimoxifene,compound,BRD-K04210847-001-21-9,,,0.80288845,-7.233646
BR00117026,K19,U2OS,24,DMSO,compound,,negcon,,3.3201323,-7.392754
BR00117026,K20,U2OS,24,ZK-93423,compound,BRD-K33882852-003-02-8,poscon_diverse,['benzodiazepine receptor agonist'],-0.84520537,-9.131315
BR00117026,K21,U2OS,24,RGB-286638,compound,BRD-K20986415-001-02-6,,['CDK inhibitor'],-3.3444014,-7.5092115
BR00117026,K22,U2OS,24,FPS-ZM1,compound,BRD-K87691185-001-01-2,,['RAGE receptor antagonist'],-0.76230466,-8.315024
BR00117026,K23,U2OS,24,flindokalner,compound,BRD-K56740996-001-02-1,,,1.6224426,-6.8047132
BR00117026,K24,U2OS,24,motesanib,compound,BRD-K99616396-316-05-3,,"['KIT inhibitor', 'VEGFR inhibitor', 'PDGFR tyrosine kinase receptor inhibitor']",-1.0951433,-8.626288
BR00117026,L01,U2OS,24,geldanamycin,compound,BRD-K43570081-001-02-4,,['HSP inhibitor'],-2.4813938,-6.380229
BR00117026,L02,U2OS,24,DMSO,compound,,negcon,,3.0383377,-6.563999
BR00117026,L03,U2OS,24,CGP-53353,compound,BRD-K32292990-001-03-6,,"['PKC inhibitor', 'EGFR inhibitor']",1.6914123,-6.216394
BR00117026,L04,U2OS,24,7-hydroxystaurosporine,compound,BRD-K45293975-001-02-0,,"['CDK inhibitor', 'PKC inhibitor', 'CHK inhibitor']",-4.5311213,-5.3064356
BR00117026,L05,U2OS,24,DMSO,compound,,negcon,,3.2048879,-6.8143477
BR00117026,L06,U2OS,24,DMSO,compound,,negcon,,3.4895515,-7.4782367
BR00117026,L07,U2OS,24,efaproxiral,compound,BRD-K37355418-236-01-6,,,3.522739,-8.286367
BR00117026,L08,U2OS,24,SB-203580,compound,BRD-A37704979-001-12-3,poscon_orf,['p38 MAPK inhibitor'],-0.8288593,-6.6873236
BR00117026,L09,U2OS,24,FK-866,compound,BRD-K58550667-001-08-7,poscon_diverse,,0.08174331,-7.5299463
BR00117026,L10,U2OS,24,bepridil,compound,BRD-A91008255-003-24-8,,['calcium channel blocker'],1.1182587,-7.691865
BR00117026,L11,U2OS,24,delanzomib,compound,BRD-K59325863-001-04-4,,,-4.5286846,-5.2637744
BR00117026,L12,U2OS,24,buparlisib,compound,BRD-K42191735-001-08-7,poscon_diverse,,-5.1074214,-7.3743687
BR00117026,L13,U2OS,24,phenylbutazone,compound,BRD-K10843433-001-23-5,,"['cyclooxygenase inhibitor', 'prostanoid receptor antagonist']",2.2454414,-6.4861226
BR00117026,L14,U2OS,24,deferasirox,compound,BRD-K97010173-001-04-1,,,1.1598196,-5.5037804
BR00117026,L15,U2OS,24,DMSO,compound,,negcon,,2.9931903,-7.3202324
BR00117026,L16,U2OS,24,cediranib,compound,BRD-K86930074-001-05-0,,"['KIT inhibitor', 'VEGFR inhibitor']",-3.0384042,-8.946073
BR00117026,L17,U2OS,24,isoflurane,compound,BRD-A31564021-001-02-6,,,3.3089263,-7.2069316
BR00117026,L18,U2OS,24,DMSO,compound,,negcon,,2.8747106,-7.006124
BR00117026,L19,U2OS,24,CCG-50014,compound,BRD-K08893438-001-06-4,,['G protein signaling inhibitor'],2.0104427,-7.0668874
BR00117026,L20,U2OS,24,PF-431396,compound,BRD-K93788137-001-04-1,,,0.40674067,-4.8620605
BR00117026,L21,U2OS,24,TG-02,compound,BRD-K14560436-001-01-4,,"['CDK inhibitor', 'FLT3 inhibitor', 'JAK inhibitor']",-3.3253286,-6.143662
BR00117026,L22,U2OS,24,baclofen,compound,BRD-K01826724-003-07-9,,['benzodiazepine receptor agonist'],1.9762907,-6.9202147
BR00117026,L23,U2OS,24,thiostrepton,compound,BRD-A20697603-001-07-2,,['protein synthesis inhibitor'],-2.3382976,-7.1627607
BR00117026,L24,U2OS,24,flufenamic-acid,compound,BRD-K44067360-001-29-5,,,-1.9160633,-8.350947
BR00117026,M01,U2OS,24,DMSO,compound,,negcon,,1.5832096,-6.6258483
BR00117026,M02,U2OS,24,LY2109761,compound,BRD-K47557313-001-02-7,,,-1.0350441,-6.8199263
BR00117026,M03,U2OS,24,olopatadine,compound,BRD-K67637637-003-11-8,,['histamine receptor antagonist'],3.2932224,-8.390796
BR00117026,M04,U2OS,24,DMSO,compound,,negcon,,3.4038303,-7.38519
BR00117026,M05,U2OS,24,castanospermine,compound,BRD-K20897876-001-11-8,,['glucosidase inhibitor'],2.1791046,-7.4961853
BR00117026,M06,U2OS,24,A205804,compound,BRD-K77627880-001-04-0,,['ICAM1 expression inhibitor'],1.9040618,-5.8591847
BR00117026,M07,U2OS,24,VU591,compound,BRD-K72063794-003-01-0,,['potassium channel blocker'],0.84371454,-8.69179
BR00117026,M08,U2OS,24,dalbavancin,compound,BRD-K30177383-001-01-0,,['bacterial cell wall synthesis inhibitor'],3.2738519,-8.132895
BR00117026,M09,U2OS,24,CC-401,compound,BRD-K45746021-003-01-9,,['JNK inhibitor'],-0.55227095,-6.926854
BR00117026,M10,U2OS,24,ganetespib,compound,BRD-K38852836-001-04-9,poscon_diverse,['HSP inhibitor'],-2.4749346,-6.423809
BR00117026,M11,U2OS,24,ingenol-mebutate,compound,BRD-K93779381-001-01-9,,,-1.0866863,-8.323684
BR00117026,M12,U2OS,24,menadione,compound,BRD-K78126613-001-27-7,,,-1.2928783,-6.9421926
BR00117026,M13,U2OS,24,cetilistat,compound,BRD-K94863486-001-02-2,,,3.0123193,-8.523591
BR00117026,M14,U2OS,24,methoxsalen,compound,BRD-K63430059-001-16-4,,['DNA synthesis inhibitor'],1.1601505,-7.2206807
BR00117026,M15,U2OS,24,cyclosporine,compound,BRD-K13533483-001-16-2,,,-2.0541267,-7.4042664
BR00117026,M16,U2OS,24,NSC-632839,compound,BRD-K81197548-003-01-4,poscon_cp,['ubiquitin specific protease inhibitor'],-4.177414,-5.346767
BR00117026,M17,U2OS,24,DMSO,compound,,negcon,,3.0911546,-8.591825
BR00117026,M18,U2OS,24,TG-003,compound,BRD-K97072811-001-11-4,poscon_cp,,0.6494089,-7.840844
BR00117026,M19,U2OS,24,oxibendazole,compound,BRD-K52075715-001-06-7,,['tubulin polymerization inhibitor'],-5.1405425,-7.832022
BR00117026,M20,U2OS,24,TG-101348,compound,BRD-K12502280-001-11-4,poscon_cp,"['JAK inhibitor', 'FLT3 inhibitor']",-3.614967,-8.397544
BR00117026,M21,U2OS,24,miglitol,compound,BRD-A63310107-001-04-8,,['glucosidase inhibitor'],1.9865706,-6.7075696
BR00117026,M22,U2OS,24,DMSO,compound,,negcon,,3.4312725,-7.49842
BR00117026,M23,U2OS,24,DMSO,compound,,negcon,,2.174783,-8.156175
BR00117026,M24,U2OS,24,tranilast,compound,BRD-K17849083-001-32-9,,,-1.1442466,-8.671684
BR00117026,N01,U2OS,24,4-methylhistamine,compound,BRD-K70821460-300-02-4,,['histamine receptor agonist'],0.30323994,-6.5496254
BR00117026,N02,U2OS,24,LDN-27219,compound,BRD-K51485109-001-01-4,,,-1.8603469,-8.448857
BR00117026,N03,U2OS,24,anisomycin,compound,BRD-K91370081-001-25-1,,['DNA synthesis inhibitor'],-4.5129266,-5.755905
BR00117026,N04,U2OS,24,thioguanine,compound,BRD-K49350383-001-13-7,poscon_diverse,,-1.8011694,-7.1263275
BR00117026,N05,U2OS,24,droxinostat,compound,BRD-K11558771-001-13-9,,['HDAC inhibitor'],1.0911247,-6.004024
BR00117026,N06,U2OS,24,UNC2025,compound,BRD-K91283740-003-01-6,poscon_cp,['FLT3 inhibitor'],-3.3479302,-8.072331
BR00117026,N07,U2OS,24,DMSO,compound,,negcon,,2.8718054,-6.3801136
BR00117026,N08,U2OS,24,DMSO,compound,,negcon,,2.9655893,-6.947705
BR00117026,N09,U2OS,24,AMG900,compound,BRD-K21728777-001-02-3,poscon_cp,['Aurora kinase inhibitor'],0.6708057,-4.8973894
BR00117026,N10,U2OS,24,PF-06463922,compound,BRD-A23124853-001-01-4,,['ALK tyrosine kinase receptor inhibitor'],-1.432433,-7.139861
BR00117026,N11,U2OS,24,orantinib,compound,BRD-K55966568-001-09-6,poscon_cp,"['FGFR inhibitor', 'PDGFR tyrosine kinase receptor inhibitor', 'VEGFR inhibitor']",2.1181111,-7.210317
BR00117026,N12,U2OS,24,fludarabine-phosphate,compound,BRD-K71106091-001-09-5,,['ribonucleotide reductase inhibitor'],0.84266526,-5.2005615
BR00117026,N13,U2OS,24,ceritinib,compound,BRD-K22149900-001-06-2,,['ALK tyrosine kinase receptor inhibitor'],-2.3174376,-8.488147
BR00117026,N14,U2OS,24,NVS-PAK1-1,compound,BRD-K28132190-001-02-0,poscon_cp,['p21 activated kinase inhibitor'],-2.0729282,-7.868262
BR00117026,N15,U2OS,24,homoharringtonine,compound,BRD-K76674262-001-03-3,,['protein synthesis inhibitor'],-4.341567,-6.071732
BR00117026,N16,U2OS,24,picrotoxinin,compound,BRD-K36461289-001-05-8,,['GABA receptor antagonist'],1.0181324,-8.441605
BR00117026,N17,U2OS,24,DMSO,compound,,negcon,,2.9110787,-7.583847
BR00117026,N18,U2OS,24,danusertib,compound,BRD-K07881437-001-03-8,poscon_diverse,"['growth factor receptor inhibitor', 'Aurora kinase inhibitor']",0.6240401,-4.8323097
BR00117026,N19,U2OS,24,romidepsin,compound,BRD-K61397605-001-01-8,poscon_cp,['HDAC inhibitor'],-5.0789495,-6.249306
BR00117026,N20,U2OS,24,FERb-033,compound,BRD-K61642990-001-01-0,poscon_cp,['EGFR inhibitor'],0.93694866,-8.140704
BR00117026,N21,U2OS,24,PF-03758309,compound,BRD-K37764012-001-03-3,poscon_diverse,['p21 activated kinase inhibitor'],-3.0368123,-6.1472454
BR00117026,N22,U2OS,24,DMSO,compound,,negcon,,3.3080306,-8.793665
BR00117026,N23,U2OS,24,trometamol,compound,BRD-K47978074-001-03-2,,,3.1249378,-8.585927
BR00117026,N24,U2OS,24,simvastatin,compound,BRD-K22134346-001-22-3,,['HMGCR inhibitor'],-1.9667329,-8.056543
BR00117026,O01,U2OS,24,zaprinast,compound,BRD-K16542329-001-16-8,,['phosphodiesterase inhibitor'],0.4501636,-6.256068
BR00117026,O02,U2OS,24,dexamethasone,compound,BRD-A10188456-001-04-9,,['glucocorticoid receptor agonist'],-0.17752035,-7.610086
BR00117026,O03,U2OS,24,salicylic-acid,compound,BRD-K93632104-001-17-2,,['cyclooxygenase inhibitor'],1.4418031,-7.329065
BR00117026,O04,U2OS,24,diltiazem,compound,BRD-A69636825-003-04-7,,['calcium channel blocker'],0.25319207,-7.4393516
BR00117026,O05,U2OS,24,phenolphthalein,compound,BRD-K19227686-001-18-6,,,1.9232882,-7.079262
BR00117026,O06,U2OS,24,niflumic-acid,compound,BRD-K98763141-001-30-8,,['cyclooxygenase inhibitor'],1.2205398,-6.538678
BR00117026,O07,U2OS,24,DMSO,compound,,negcon,,2.9574983,-8.028743
BR00117026,O08,U2OS,24,L-Cystine,compound,BRD-A15397381-001-02-5,,,0.7055157,-9.410017
BR00117026,O09,U2OS,24,ozanimod,compound,BRD-K46625559-001-01-8,,['sphingosine 1 phosphate receptor agonist'],-2.2648163,-9.204876
BR00117026,O10,U2OS,24,efaroxan,compound,BRD-A10739734-003-09-8,,['adrenergic receptor antagonist'],1.7216643,-7.0966697
BR00117026,O11,U2OS,24,NBQX,compound,BRD-K11796549-001-05-2,,['glutamate receptor antagonist'],-0.061885852,-7.2509956
BR00117026,O12,U2OS,24,dinoprostone,compound,BRD-K26521938-001-07-2,,['prostanoid receptor agonist'],-0.018255254,-7.363672
BR00117026,O13,U2OS,24,Ro-20-1724,compound,BRD-A07207424-001-14-0,,['phosphodiesterase inhibitor'],3.1554213,-8.399501
BR00117026,O14,U2OS,24,xanomeline,compound,BRD-K72815923-034-02-0,,['acetylcholine receptor agonist'],2.4700403,-6.60197
BR00117026,O15,U2OS,24,terazosin,compound,BRD-K01825589-310-02-9,,['adrenergic receptor antagonist'],0.9544647,-7.07624
BR00117026,O16,U2OS,24,BVT-948,compound,BRD-K68567222-001-01-2,,,-3.2752497,-6.9734435
BR00117026,O17,U2OS,24,nicotine,compound,BRD-K01825660-322-01-9,,['acetylcholine receptor agonist'],1.9637834,-6.6186953
BR00117026,O18,U2OS,24,DMSO,compound,,negcon,,3.3325903,-7.1550074
BR00117026,O19,U2OS,24,U-0521,compound,BRD-K08953028-001-09-6,,,1.0416249,-8.226086
BR00117026,O20,U2OS,24,BMS-587101,compound,BRD-K20093108-001-02-3,,,-0.12553714,-7.887103
BR00117026,O21,U2OS,24,nimodipine,compound,BRD-A58048407-001-20-4,,['calcium channel blocker'],-1.0060638,-8.827278
BR00117026,O22,U2OS,24,pyrrolidine-dithiocarbamate,compound,BRD-K80970344-201-08-6,,,-3.883095,-6.4492164
BR00117026,O23,U2OS,24,PF-915275,compound,BRD-K18289362-001-02-2,,,0.85988396,-7.55421
BR00117026,O24,U2OS,24,JTE-013,compound,BRD-K43330982-001-02-3,,,-0.071608074,-8.491811
BR00117026,P01,U2OS,24,sodium-butyrate,compound,BRD-K05878375-236-05-7,,['HDAC inhibitor'],0.22220238,-6.202973
BR00117026,P02,U2OS,24,pentostatin,compound,BRD-K91543828-001-02-0,,['ribonucleotide reductase inhibitor'],0.724015,-6.1447635
BR00117026,P03,U2OS,24,OMDM-2,compound,BRD-K48830578-001-01-9,,,-0.4466851,-8.373145
BR00117026,P04,U2OS,24,nalmefene,compound,BRD-A72767275-003-01-6,,,1.7725635,-6.3494563
BR00117026,P05,U2OS,24,DMSO,compound,,negcon,,2.674341,-6.4361424
BR00117026,P06,U2OS,24,1-EBIO,compound,BRD-K70586315-001-02-4,,,1.9958327,-6.4637904
BR00117026,P07,U2OS,24,SB-505124,compound,BRD-K40109029-001-02-9,,['ALK tyrosine kinase receptor inhibitor'],-0.41451624,-9.098923
BR00117026,P08,U2OS,24,prasugrel,compound,BRD-A83029242-001-06-1,,['purinergic receptor antagonist'],0.28420714,-7.2826056
BR00117026,P09,U2OS,24,pidolic-acid,compound,BRD-K57313110-001-06-8,,,-0.13187937,-8.486853
BR00117026,P10,U2OS,24,DMSO,compound,,negcon,,2.543869,-6.6237736
BR00117026,P11,U2OS,24,nevirapine,compound,BRD-K15502390-001-20-9,,,2.4166222,-6.3232613
BR00117026,P12,U2OS,24,triamterene,compound,BRD-K92049597-001-20-8,,['sodium channel blocker'],0.8104151,-7.227933
BR00117026,P13,U2OS,24,regorafenib,compound,BRD-K16730910-001-07-3,,"['PDGFR tyrosine kinase receptor inhibitor', 'RAF inhibitor', 'KIT inhibitor', 'RET tyrosine kinase inhibitor', 'FGFR inhibitor', 'VEGFR inhibitor']",-1.2337638,-8.061534
BR00117026,P14,U2OS,24,cyclophosphamide,compound,BRD-A09722536-002-18-0,,,0.55527145,-7.2061806
BR00117026,P15,U2OS,24,olanzapine,compound,BRD-K18895904-001-16-1,,"['dopamine receptor antagonist', 'serotonin receptor antagonist']",1.555335,-6.1208982
BR00117026,P16,U2OS,24,KI-16425,compound,BRD-A25569250-001-03-3,,['lysophosphatidic acid receptor antagonist'],1.0500453,-6.7231483
BR00117026,P17,U2OS,24,SKLB1002,compound,BRD-K29895144-001-01-0,,['VEGFR inhibitor'],-0.016387247,-5.9262795
BR00117026,P18,U2OS,24,cilostazol,compound,BRD-K67017579-001-28-1,,['phosphodiesterase inhibitor'],0.5558622,-7.4919457
BR00117026,P19,U2OS,24,AZD1283,compound,BRD-K77060810-001-01-5,,['purinergic receptor antagonist'],0.92199045,-7.0471606
BR00117026,P20,U2OS,24,A-987306,compound,BRD-K68982262-001-01-4,,['histamine receptor antagonist'],-2.4381132,-9.1581
BR00117026,P21,U2OS,24,procaine,compound,BRD-K24616672-003-20-1,,['HMGCR inhibitor'],0.798401,-6.5914073
BR00117026,P22,U2OS,24,miconazole,compound,BRD-A82396632-008-30-8,,['bacterial cell wall synthesis inhibitor'],-0.023825828,-7.151655
BR00117026,P23,U2OS,24,loperamide,compound,BRD-K61250553-003-30-6,,,-1.9105622,-8.994775
BR00117026,P24,U2OS,24,aripiprazole,compound,BRD-K70358946-001-17-3,,['serotonin receptor antagonist'],-0.5793561,-8.988751
