plate,well,cell_type,timepoint,compound,perturbation,broad_sample,control_type,moas,umap_1,umap_2
BR00117010,A01,U2OS,48,gabapentin-enacarbil,compound,BRD-A86665761-001-01-1,,,2.7410257,-0.137289
BR00117010,A02,U2OS,48,DMSO,compound,,negcon,,3.4118454,-2.3374324
BR00117010,A03,U2OS,48,amlodipine,compound,BRD-A22032524-074-09-9,,['calcium channel blocker'],-0.7701892,-2.1969223
BR00117010,A04,U2OS,48,hexestrol,compound,BRD-A01078468-001-14-8,,,2.9677193,-2.3903608
BR00117010,A05,U2OS,48,quinine,compound,BRD-K48278478-001-01-2,,,2.1902013,-2.1789224
BR00117010,A06,U2OS,48,LOXO-101,compound,BRD-K36574127-001-01-3,,,2.1155682,-2.1882217
BR00117010,A07,U2OS,48,brinzolamide,compound,BRD-K74913225-001-14-0,,['carbonic anhydrase inhibitor'],2.5264633,-2.166733
BR00117010,A08,U2OS,48,NS-11021,compound,BRD-K94342292-001-01-3,,['calcium-activated potassium channel activator'],0.30622312,-3.4584923
BR00117010,A09,U2OS,48,DMSO,compound,,negcon,,4.189615,-2.8659887
BR00117010,A10,U2OS,48,GNF-5837,compound,BRD-K19975102-001-01-2,,['growth factor receptor inhibitor'],0.9302443,-1.0848037
BR00117010,A11,U2OS,48,apatinib,compound,BRD-K25244359-066-02-6,,['RET tyrosine kinase inhibitor'],0.103114694,-0.8487696
BR00117010,A12,U2OS,48,ethoxzolamide,compound,BRD-K18131774-001-18-4,,['carbonic anhydrase inhibitor'],3.0815349,-2.4954746
BR00117010,A13,U2OS,48,ascorbic-acid,compound,BRD-A85242401-001-11-5,,,1.1153014,-3.1152961
BR00117010,A14,U2OS,48,ryuvidine,compound,BRD-K06426971-001-02-7,,['histone lysine methyltransferase inhibitor'],-1.2887008,-6.5191317
BR00117010,A15,U2OS,48,BAN-ORL-24,compound,BRD-K47049295-300-03-1,,,-1.2542888,-2.3167727
BR00117010,A16,U2OS,48,NNC-55-0396,compound,BRD-K78122587-300-04-3,,,-1.0039926,-1.0787038
BR00117010,A17,U2OS,48,DMSO,compound,,negcon,,4.061139,-2.6912305
BR00117010,A18,U2OS,48,WH-4-023,compound,BRD-K50199947-001-03-4,,['src inhibitor'],-1.2689362,-2.5796335
BR00117010,A19,U2OS,48,flupirtine,compound,BRD-K50720187-051-03-1,,['glutamate receptor antagonist'],0.79018366,-2.6150322
BR00117010,A20,U2OS,48,ZK811752,compound,BRD-K91825936-001-03-9,,,0.74706095,-1.495383
BR00117010,A21,U2OS,48,dexamethasone,compound,BRD-K38775274-001-22-1,,['glucocorticoid receptor agonist'],1.2311877,-2.7544215
BR00117010,A22,U2OS,48,PP-1,compound,BRD-K47598052-001-14-1,,['src inhibitor'],-0.90726393,-3.0441163
BR00117010,A23,U2OS,48,DDR1-IN-1,compound,BRD-K61845293-300-01-9,,,-0.5432963,-0.7810725
BR00117010,A24,U2OS,48,AVL-292,compound,BRD-K87782578-001-01-4,,"[""Bruton's tyrosine kinase (BTK) inhibitor""]",-1.4172305,-4.1422415
BR00117010,B01,U2OS,48,H2L-5765834,compound,BRD-K26439554-001-01-3,,['lysophosphatidic acid receptor antagonist'],2.6975133,-1.2613962
BR00117010,B02,U2OS,48,thiostrepton,compound,BRD-K58049875-001-03-9,,['protein synthesis inhibitor'],-2.00517,-6.5196967
BR00117010,B03,U2OS,48,DMSO,compound,,negcon,,4.5412827,-2.4127235
BR00117010,B04,U2OS,48,arcyriaflavin-a,compound,BRD-K72726508-001-02-1,,['CDK inhibitor'],-0.48014826,-3.129083
BR00117010,B05,U2OS,48,CYM-5520,compound,BRD-K29151923-001-01-5,,['sphingosine 1 phosphate receptor agonist'],1.261968,-2.6124601
BR00117010,B06,U2OS,48,fludarabine,compound,BRD-K66788707-001-14-3,,['ribonucleotide reductase inhibitor'],1.3274076,-4.218607
BR00117010,B07,U2OS,48,alda-1,compound,BRD-K06890060-001-09-1,,,2.9951587,-2.216279
BR00117010,B08,U2OS,48,meclofenamic-acid,compound,BRD-K50398167-236-22-7,,"['cyclooxygenase inhibitor', 'prostanoid receptor antagonist']",2.7518098,-1.0963773
BR00117010,B09,U2OS,48,GNF-5,compound,BRD-K87632963-001-03-0,,['Bcr-Abl kinase inhibitor'],1.5220083,-1.1223404
BR00117010,B10,U2OS,48,NS-309,compound,BRD-K37602296-001-01-6,,['calcium-activated potassium channel activator'],2.6095285,-1.6202073
BR00117010,B11,U2OS,48,AK-7,compound,BRD-K09143580-001-01-0,,['SIRT inhibitor'],1.4024271,-1.1477685
BR00117010,B12,U2OS,48,BVT-948,compound,BRD-A22713669-001-04-3,,,-1.4507734,-6.7568145
BR00117010,B13,U2OS,48,SirReal-2,compound,BRD-K16472653-001-01-6,,['SIRT inhibitor'],0.77653307,-0.8570319
BR00117010,B14,U2OS,48,DMSO,compound,,negcon,,4.1515565,-2.2399087
BR00117010,B15,U2OS,48,BMS-536924,compound,BRD-K34581968-001-05-3,,['IGF-1 inhibitor'],-0.95333225,-3.308026
BR00117010,B16,U2OS,48,PP-121,compound,BRD-K81801188-001-02-8,,['protein tyrosine kinase inhibitor'],-1.5228858,-5.2357574
BR00117010,B17,U2OS,48,MCOPPB,compound,BRD-K73276278-305-01-1,,,-1.3947821,-1.5265728
BR00117010,B18,U2OS,48,ozagrel,compound,BRD-K53061490-003-13-9,,,2.3538241,-3.3159277
BR00117010,B19,U2OS,48,CYM-5442,compound,BRD-A43005764-003-01-5,,['sphingosine 1 phosphate receptor agonist'],-0.8607257,-0.97329164
BR00117010,B20,U2OS,48,CVT-10216,compound,BRD-K60659193-001-01-0,,,1.6345507,-2.275873
BR00117010,B21,U2OS,48,TCN201,compound,BRD-K09787262-001-02-7,,['glutamate receptor antagonist'],1.8231468,-2.7265687
BR00117010,B22,U2OS,48,fomepizole,compound,BRD-K56810756-003-07-7,,['alcohol dehydrogenase inhibitor'],2.851389,-2.8027198
BR00117010,B23,U2OS,48,benzamil,compound,BRD-K87158025-003-08-7,,['sodium channel blocker'],1.1929381,-1.9517462
BR00117010,B24,U2OS,48,lercanidipine,compound,BRD-A18992208-003-02-7,,['calcium channel blocker'],0.68734735,-0.68840295
BR00117010,C01,U2OS,48,4-CMTB,compound,BRD-A54139254-001-09-2,,['free fatty acid receptor agonist'],2.9140103,-2.768748
BR00117010,C02,U2OS,48,ML-228,compound,BRD-K44432556-001-05-5,,,3.2091064,-3.2274456
BR00117010,C03,U2OS,48,DMSO,compound,,negcon,,4.084289,-3.4795556
BR00117010,C04,U2OS,48,GSK1070916,compound,BRD-K36740062-001-06-6,,['Aurora kinase inhibitor'],0.055791337,-4.26673
BR00117010,C05,U2OS,48,ML-193,compound,BRD-K27539181-001-08-5,,,2.9643757,-3.488557
BR00117010,C06,U2OS,48,DMSO,compound,,negcon,,4.3533254,-3.626794
BR00117010,C07,U2OS,48,M-25,compound,BRD-K51265828-001-01-0,,['smoothened receptor antagonist'],3.646278,-3.3373773
BR00117010,C08,U2OS,48,azeliragon,compound,BRD-K51899933-001-02-6,,['RAGE receptor antagonist'],-1.8500326,-5.4233174
BR00117010,C09,U2OS,48,CYT-997,compound,BRD-K23363278-001-02-1,poscon_diverse,['tubulin polymerization inhibitor'],-1.712103,-5.0937295
BR00117010,C10,U2OS,48,AR-12,compound,BRD-K90497590-001-05-9,,,-1.2159883,-6.3415947
BR00117010,C11,U2OS,48,CYM-50260,compound,BRD-K69877120-001-01-7,,['sphingosine 1 phosphate receptor agonist'],2.8028355,-3.1691015
BR00117010,C12,U2OS,48,DMSO,compound,,negcon,,4.5431466,-3.4855666
BR00117010,C13,U2OS,48,KG-5,compound,BRD-K90747162-001-01-4,poscon_cp,['RAF inhibitor'],-0.94490045,-4.23868
BR00117010,C14,U2OS,48,JTE-607,compound,BRD-K81405859-300-01-4,,,0.51880366,-4.489776
BR00117010,C15,U2OS,48,DMSO,compound,,negcon,,4.4321675,-3.430016
BR00117010,C16,U2OS,48,ilomastat,compound,BRD-K51662849-001-05-4,,['matrix metalloprotease inhibitor'],2.260138,-2.949083
BR00117010,C17,U2OS,48,RX-821002,compound,BRD-A65597028-003-08-1,,['adrenergic receptor antagonist'],3.307778,-3.4388351
BR00117010,C18,U2OS,48,DMSO,compound,,negcon,,4.4288507,-3.4020464
BR00117010,C19,U2OS,48,TUG-891,compound,BRD-K24282351-001-01-4,,['free fatty acid receptor agonist'],0.08066125,-1.812273
BR00117010,C20,U2OS,48,ponatinib,compound,BRD-K44227013-001-08-0,,"['PDGFR tyrosine kinase receptor inhibitor', 'FLT3 inhibitor', 'Bcr-Abl kinase inhibitor']",-1.3312223,-6.2356286
BR00117010,C21,U2OS,48,DMSO,compound,,negcon,,3.9268956,-3.3499522
BR00117010,C22,U2OS,48,puromycin,compound,BRD-K01824976-300-02-9,,['protein synthesis inhibitor'],-1.5786008,-6.422264
BR00117010,C23,U2OS,48,SRC-kinase-inhibitor-I,compound,BRD-K50495309-001-02-0,,['src inhibitor'],-0.9838969,-1.0380439
BR00117010,C24,U2OS,48,acetylcysteine,compound,BRD-K59058747-001-19-1,,,1.3918061,-2.8944306
BR00117010,D01,U2OS,48,NSC-625987,compound,BRD-K62949423-001-03-1,,['CDK inhibitor'],2.231702,-0.63766986
BR00117010,D02,U2OS,48,dalfampridine,compound,BRD-K22482860-001-20-6,,['potassium channel blocker'],3.6766953,-2.5674121
BR00117010,D03,U2OS,48,NSC-95397,compound,BRD-K68143200-001-11-7,,['CDC inhibitor'],-1.72346,-6.146727
BR00117010,D04,U2OS,48,alrestatin,compound,BRD-K35498378-001-06-1,,['aldose reductase inhibitor'],3.2603574,-1.1419561
BR00117010,D05,U2OS,48,PF-03758309,compound,BRD-K37764012-001-03-3,poscon_diverse,['p21 activated kinase inhibitor'],3.595628,-1.9738826
BR00117010,D06,U2OS,48,IRL-2500,compound,BRD-K98357249-001-02-9,,['endothelin receptor antagonist'],3.388438,-2.344375
BR00117010,D07,U2OS,48,PF-04217903,compound,BRD-K73319509-001-08-0,poscon_cp,,0.10094091,-1.6317248
BR00117010,D08,U2OS,48,FK-866,compound,BRD-K58550667-001-08-7,poscon_diverse,,-0.24019752,-6.4457927
BR00117010,D09,U2OS,48,amlexanox,compound,BRD-K29530284-001-06-2,,,2.347194,-2.6188967
BR00117010,D10,U2OS,48,GW-311616,compound,BRD-K37864785-001-01-0,,['elastase inhibitor'],1.8077707,-1.9551787
BR00117010,D11,U2OS,48,buparlisib,compound,BRD-K42191735-001-08-7,poscon_diverse,,-1.8892301,-5.04269
BR00117010,D12,U2OS,48,amiloride,compound,BRD-K97181089-003-24-7,,['sodium channel blocker'],1.5707991,-2.20784
BR00117010,D13,U2OS,48,DG-172,compound,BRD-K75748943-300-01-3,,,-0.7669338,-0.7041817
BR00117010,D14,U2OS,48,DMSO,compound,,negcon,,4.9349365,-2.6079543
BR00117010,D15,U2OS,48,DMSO,compound,,negcon,,3.995671,-2.692542
BR00117010,D16,U2OS,48,NVP-ADW742,compound,BRD-K15179513-001-04-2,poscon_cp,,-1.4134401,-1.6228243
BR00117010,D17,U2OS,48,misoprostol,compound,BRD-A72351335-001-04-5,,['prostanoid receptor agonist'],1.1507337,-3.524143
BR00117010,D18,U2OS,48,conivaptan,compound,BRD-K37385792-003-02-1,,,0.24143761,-0.8376064
BR00117010,D19,U2OS,48,spiroxatrine,compound,BRD-A72483914-001-03-7,,['serotonin receptor antagonist'],0.053087197,-0.78190315
BR00117010,D20,U2OS,48,diacerein,compound,BRD-K69122748-001-10-1,,,3.6415534,-2.3552487
BR00117010,D21,U2OS,48,DMSO,compound,,negcon,,4.1480503,-3.0196657
BR00117010,D22,U2OS,48,DMSO,compound,,negcon,,4.136195,-3.0264418
BR00117010,D23,U2OS,48,glyburide,compound,BRD-K36927236-001-36-7,,['ATP channel blocker'],0.8674936,-1.8342882
BR00117010,D24,U2OS,48,ANR-94,compound,BRD-K31170746-001-01-6,,,1.7897649,-2.0329354
BR00117010,E01,U2OS,48,TFC-007,compound,BRD-K57708067-001-01-3,,,3.2599154,-3.060914
BR00117010,E02,U2OS,48,trihexyphenidyl,compound,BRD-A48180038-003-24-3,,['acetylcholine receptor antagonist'],3.743526,-3.1876507
BR00117010,E03,U2OS,48,epoprostenol,compound,BRD-K64054020-001-02-7,,,3.8805563,-3.3166225
BR00117010,E04,U2OS,48,sacubitril,compound,BRD-K91456750-001-01-9,,,3.8369699,-3.245163
BR00117010,E05,U2OS,48,danusertib,compound,BRD-K07881437-001-03-8,poscon_diverse,"['growth factor receptor inhibitor', 'Aurora kinase inhibitor']",0.54143137,-4.568863
BR00117010,E06,U2OS,48,CYT-997,compound,BRD-K23363278-001-02-1,poscon_diverse,['tubulin polymerization inhibitor'],-1.9015571,-4.8324823
BR00117010,E07,U2OS,48,DMSO,compound,,negcon,,4.451747,-3.4619179
BR00117010,E08,U2OS,48,BQ-788,compound,BRD-K02490038-236-03-8,,['endothelin receptor antagonist'],2.6707625,-3.356165
BR00117010,E09,U2OS,48,SB-202190,compound,BRD-K54330070-001-19-6,poscon_orf,['p38 MAPK inhibitor'],0.65450424,-2.48128
BR00117010,E10,U2OS,48,GSK2110183,compound,BRD-K25412176-001-01-9,poscon_diverse,,0.115876086,-1.767555
BR00117010,E11,U2OS,48,GSK3787,compound,BRD-K03155172-001-03-0,,['PPAR receptor antagonist'],3.0500116,-2.985923
BR00117010,E12,U2OS,48,BAM7,compound,BRD-K07442505-001-03-6,,,2.3068447,-2.5646799
BR00117010,E13,U2OS,48,PHA-793887,compound,BRD-K64800655-001-09-0,poscon_diverse,['CDK inhibitor'],-0.99143577,-4.9238286
BR00117010,E14,U2OS,48,DMSO,compound,,negcon,,4.73377,-3.4633336
BR00117010,E15,U2OS,48,GSK-37647,compound,BRD-K26514105-001-01-7,,['free fatty acid receptor agonist'],2.3965268,-3.141749
BR00117010,E16,U2OS,48,desonide,compound,BRD-K21528677-001-04-4,,['glucocorticoid receptor agonist'],1.7418903,-3.0422525
BR00117010,E17,U2OS,48,DMSO,compound,,negcon,,4.043902,-3.4391155
BR00117010,E18,U2OS,48,aloxistatin,compound,BRD-K91188791-001-17-5,,,-0.83421797,-0.5083213
BR00117010,E19,U2OS,48,azathioprine,compound,BRD-K32821942-001-22-1,,,2.438564,-3.3286428
BR00117010,E20,U2OS,48,ZK-93423,compound,BRD-K33882852-003-02-8,poscon_diverse,['benzodiazepine receptor agonist'],0.8765771,-1.4269992
BR00117010,E21,U2OS,48,BI-2536,compound,BRD-K64890080-001-02-1,poscon_diverse,,-1.6264267,-4.582903
BR00117010,E22,U2OS,48,EI1,compound,BRD-K91535048-001-01-2,poscon_cp,['histone lysine methyltransferase inhibitor'],1.4918294,-1.6416322
BR00117010,E23,U2OS,48,NVP-HSP990,compound,BRD-K67915505-001-01-2,,['HSP inhibitor'],-1.7569069,-5.4005733
BR00117010,E24,U2OS,48,DMSO,compound,,negcon,,4.623709,-2.7937787
BR00117010,F01,U2OS,48,DMSO,compound,,negcon,,4.2347617,-1.8497286
BR00117010,F02,U2OS,48,nialamide,compound,BRD-K12102668-001-25-5,,,3.131885,-2.4988928
BR00117010,F03,U2OS,48,DMSO,compound,,negcon,,4.3184805,-2.704464
BR00117010,F04,U2OS,48,arundic-acid,compound,BRD-K49223707-001-01-0,,,3.8994606,-2.4096112
BR00117010,F05,U2OS,48,torcitabine,compound,BRD-K91822704-003-07-2,,,4.070317,-2.2225623
BR00117010,F06,U2OS,48,DMSO,compound,,negcon,,4.5030975,-2.3293605
BR00117010,F07,U2OS,48,epothilone-b,compound,BRD-K68164687-001-01-6,,"['microtubule stabilizing agent', 'tubulin polymerization inhibitor']",-1.6572015,-4.1120315
BR00117010,F08,U2OS,48,dyphylline,compound,BRD-A00827783-001-24-6,,['phosphodiesterase inhibitor'],3.8652084,-2.728225
BR00117010,F09,U2OS,48,DMSO,compound,,negcon,,4.476244,-2.5793955
BR00117010,F10,U2OS,48,quinidine,compound,BRD-K59632282-052-03-1,,['sodium channel blocker'],1.2047124,-2.9943619
BR00117010,F11,U2OS,48,halopemide,compound,BRD-K50055394-001-03-6,,,0.9615997,-1.9310014
BR00117010,F12,U2OS,48,sulfinpyrazone,compound,BRD-A36217750-001-16-3,,,2.7045882,-2.5365582
BR00117010,F13,U2OS,48,ML-323,compound,BRD-K93942811-001-01-3,poscon_cp,['ubiquitin specific protease inhibitor'],1.4612786,-1.0376344
BR00117010,F14,U2OS,48,racecadotril,compound,BRD-A08187463-001-12-9,,,2.4611125,-1.6262927
BR00117010,F15,U2OS,48,BRL-50481,compound,BRD-K84266862-001-03-2,,['phosphodiesterase inhibitor'],2.5263278,-2.752658
BR00117010,F16,U2OS,48,GSK2110183,compound,BRD-K25412176-001-01-9,poscon_diverse,,0.22011016,-1.726303
BR00117010,F17,U2OS,48,bufexamac,compound,BRD-K36660044-001-24-2,,['cyclooxygenase inhibitor'],1.629056,-2.2632391
BR00117010,F18,U2OS,48,anandamide,compound,BRD-K42352790-001-05-3,,,1.6801648,-1.490379
BR00117010,F19,U2OS,48,thioguanine,compound,BRD-K49350383-001-13-7,poscon_diverse,,-0.23666117,-3.695111
BR00117010,F20,U2OS,48,IWP-L6,compound,BRD-K53234107-001-01-6,,['porcupine inhibitor'],0.7241515,-1.003076
BR00117010,F21,U2OS,48,edoxaban,compound,BRD-K29322660-001-01-9,,['coagulation factor inhibitor'],3.9062724,-2.525627
BR00117010,F22,U2OS,48,lonafarnib,compound,BRD-K41599323-001-02-3,poscon_diverse,,-0.25548807,-3.0494323
BR00117010,F23,U2OS,48,ibutamoren,compound,BRD-K44771174-066-01-0,,,0.12669325,-1.2058655
BR00117010,F24,U2OS,48,somatostatin,compound,BRD-K14681867-001-01-6,,['somatostatin receptor agonist'],1.2007169,-2.372386
BR00117010,G01,U2OS,48,L-proline,compound,BRD-K01666412-001-02-0,,,3.477643,-3.1981692
BR00117010,G02,U2OS,48,zamifenacin,compound,BRD-K80451230-051-02-6,,['acetylcholine receptor antagonist'],3.4428012,-3.3017986
BR00117010,G03,U2OS,48,YC-1,compound,BRD-K60476892-001-16-1,,,-1.4789697,-5.2230353
BR00117010,G04,U2OS,48,DMSO,compound,,negcon,,4.5946465,-2.9114828
BR00117010,G05,U2OS,48,ME-0328,compound,BRD-K24283677-001-01-9,,['PPAR receptor antagonist'],3.2424157,-3.2664852
BR00117010,G06,U2OS,48,NSC-663284,compound,BRD-K03109492-001-02-2,,['CDC inhibitor'],-1.3176072,-6.493991
BR00117010,G07,U2OS,48,CYM-50358,compound,BRD-K80666802-003-01-0,,,-0.53816164,-0.7446701
BR00117010,G08,U2OS,48,trazodone,compound,BRD-K70778732-003-27-5,,"['adrenergic receptor antagonist', 'serotonin receptor antagonist']",2.4413815,-3.3186722
BR00117010,G09,U2OS,48,DMSO,compound,,negcon,,4.5167794,-3.4255805
BR00117010,G10,U2OS,48,DMSO,compound,,negcon,,4.519415,-3.0278041
BR00117010,G11,U2OS,48,sulfasalazine,compound,BRD-K10670311-001-17-1,,['cyclooxygenase inhibitor'],3.2545621,-3.2471035
BR00117010,G12,U2OS,48,"2,5-furandimethanol",compound,BRD-K29791386-001-01-8,,,2.4777927,-3.1364517
BR00117010,G13,U2OS,48,DMSO,compound,,negcon,,4.635912,-3.1328535
BR00117010,G14,U2OS,48,dilazep,compound,BRD-K48722258-300-11-0,,,2.4617794,-2.244434
BR00117010,G15,U2OS,48,felodipine,compound,BRD-A30815329-001-12-1,,['calcium channel blocker'],2.679297,-3.3695557
BR00117010,G16,U2OS,48,paliperidone,compound,BRD-A99888680-001-05-3,,"['dopamine receptor antagonist', 'serotonin receptor antagonist']",2.6861777,-2.321008
BR00117010,G17,U2OS,48,purvalanol-a,compound,BRD-K50836978-001-03-3,poscon_orf,['CDK inhibitor'],0.9912676,-4.00446
BR00117010,G18,U2OS,48,DMSO,compound,,negcon,,4.3608537,-3.1059065
BR00117010,G19,U2OS,48,Ro-1138452,compound,BRD-K77220725-003-01-5,,['prostanoid receptor antagonist'],1.0765756,-2.1268084
BR00117010,G20,U2OS,48,sorbinil,compound,BRD-A89164055-001-03-3,,['aldose reductase inhibitor'],3.2583675,-3.030356
BR00117010,G21,U2OS,48,TC-S-7004,compound,BRD-K89517477-001-01-4,poscon_cp,['DYRK inhibitor'],0.48651192,-3.7232478
BR00117010,G22,U2OS,48,saclofen,compound,BRD-A24122750-001-03-7,,['GABA receptor antagonist'],3.9955578,-2.2779076
BR00117010,G23,U2OS,48,BAY-87-2243,compound,BRD-K70463136-001-01-5,,,0.9165065,-1.3064339
BR00117010,G24,U2OS,48,ibudilast,compound,BRD-K16444452-001-09-1,,['phosphodiesterase inhibitor'],2.0248036,-2.3202336
BR00117010,H01,U2OS,48,briciclib,compound,BRD-K05531427-001-01-7,,,-2.1177769,-5.0899663
BR00117010,H02,U2OS,48,2-Oleoylglycerol,compound,BRD-K77087341-001-02-4,,,3.68815,-1.7768143
BR00117010,H03,U2OS,48,RGFP966,compound,BRD-K61688984-001-02-9,poscon_cp,['HDAC inhibitor'],0.48917416,-3.0847948
BR00117010,H04,U2OS,48,DMSO,compound,,negcon,,4.51811,-2.5919483
BR00117010,H05,U2OS,48,azacitidine,compound,BRD-K03406345-001-21-1,poscon_diverse,,1.3837738,-3.8072278
BR00117010,H06,U2OS,48,N6-cyclopentyladenosine,compound,BRD-K60150510-001-15-6,,,3.4306784,-2.2376802
BR00117010,H07,U2OS,48,filgotinib,compound,BRD-K16803204-001-01-6,poscon_cp,['JAK inhibitor'],1.1273128,-2.5909574
BR00117010,H08,U2OS,48,guanidine,compound,BRD-K76037122-001-02-5,,['HSP inhibitor'],3.4942632,-2.7724516
BR00117010,H09,U2OS,48,coumarin,compound,BRD-K23913458-001-20-7,,,2.321302,-2.422211
BR00117010,H10,U2OS,48,DMSO,compound,,negcon,,4.4181943,-2.6413555
BR00117010,H11,U2OS,48,ZM-336372,compound,BRD-K73789395-001-09-9,poscon_orf,['RAF inhibitor'],2.6406152,-1.7533227
BR00117010,H12,U2OS,48,citric-acid,compound,BRD-K76792669-001-08-1,,['coagulation factor inhibitor'],2.4055905,-2.4371643
BR00117010,H13,U2OS,48,DMSO,compound,,negcon,,4.26094,-2.5190656
BR00117010,H14,U2OS,48,CCG-63802,compound,BRD-K26970495-001-02-7,,['G protein signaling inhibitor'],1.6379795,-3.1352568
BR00117010,H15,U2OS,48,ibutilide,compound,BRD-A74391928-051-03-9,,['potassium channel blocker'],0.80580217,-1.6222258
BR00117010,H16,U2OS,48,batimastat,compound,BRD-K82818427-001-04-8,,['matrix metalloprotease inhibitor'],0.6587212,-2.8976407
BR00117010,H17,U2OS,48,DMSO,compound,,negcon,,4.6385264,-2.5055916
BR00117010,H18,U2OS,48,DMSO,compound,,negcon,,4.8606424,-2.9662647
BR00117010,H19,U2OS,48,UNC1999,compound,BRD-K26989966-001-04-3,poscon_cp,['histone lysine methyltransferase inhibitor'],-2.0118825,-5.8468657
BR00117010,H20,U2OS,48,glutamine-(l),compound,BRD-K83896451-001-06-7,,,3.5030682,-1.9302049
BR00117010,H21,U2OS,48,PD-98059,compound,BRD-K62810658-001-11-4,poscon_orf,,2.1488242,-1.2440252
BR00117010,H22,U2OS,48,enilconazole,compound,BRD-K01825690-065-01-9,,,3.7432914,-2.6317174
BR00117010,H23,U2OS,48,N-alpha-Methylhistamine-dihydrochloride,compound,BRD-K75390981-300-04-9,,['histamine receptor agonist'],2.3914304,-2.1101353
BR00117010,H24,U2OS,48,GK921,compound,BRD-K38272302-001-02-7,,,-1.2777588,-5.19486
BR00117010,I01,U2OS,48,nilvadipine,compound,BRD-A84687895-001-03-2,,['calcium channel blocker'],3.082161,-2.8361635
BR00117010,I02,U2OS,48,DMSO,compound,,negcon,,3.7191727,-3.4818377
BR00117010,I03,U2OS,48,AC-710,compound,BRD-K15819326-001-01-6,,['PDGFR tyrosine kinase receptor inhibitor'],-1.2120031,-0.8411877
BR00117010,I04,U2OS,48,PETCM,compound,BRD-A93477898-001-04-2,,,2.838019,-3.5252876
BR00117010,I05,U2OS,48,AZD7762,compound,BRD-K86525559-001-07-8,poscon_diverse,['CHK inhibitor'],-1.8198701,-6.4246645
BR00117010,I06,U2OS,48,PHA-793887,compound,BRD-K64800655-001-09-0,poscon_diverse,['CDK inhibitor'],-0.8961285,-5.0160832
BR00117010,I07,U2OS,48,KU-60019,compound,BRD-K36016295-001-05-2,,['ATM kinase inhibitor'],-0.16554092,-4.415536
BR00117010,I08,U2OS,48,nafamostat,compound,BRD-K06674495-334-04-0,,,0.935424,-2.4766476
BR00117010,I09,U2OS,48,DMSO,compound,,negcon,,4.1211505,-3.462769
BR00117010,I10,U2OS,48,DMSO,compound,,negcon,,4.6593213,-3.2741408
BR00117010,I11,U2OS,48,taladegib,compound,BRD-K50498985-001-03-3,,['smoothened receptor antagonist'],2.0649924,-2.2786756
BR00117010,I12,U2OS,48,acetohexamide,compound,BRD-K52960356-001-13-0,,['ATP channel blocker'],2.03796,-3.1967125
BR00117010,I13,U2OS,48,minocycline,compound,BRD-A69651145-003-11-4,,,1.0675989,-2.7560203
BR00117010,I14,U2OS,48,BI-2536,compound,BRD-K64890080-001-02-1,poscon_diverse,,-1.6995503,-4.6708546
BR00117010,I15,U2OS,48,riociguat,compound,BRD-K84783599-001-01-0,,,2.6998672,-2.720917
BR00117010,I16,U2OS,48,CP-724714,compound,BRD-K76908866-001-07-6,poscon_cp,"['EGFR inhibitor', 'protein tyrosine kinase inhibitor']",1.1258936,-1.1768038
BR00117010,I17,U2OS,48,ganetespib,compound,BRD-K38852836-001-04-9,poscon_diverse,['HSP inhibitor'],-1.907264,-5.4316797
BR00117010,I18,U2OS,48,AZ191,compound,BRD-K80935598-001-01-1,poscon_cp,['DYRK inhibitor'],-1.233198,-1.6611085
BR00117010,I19,U2OS,48,BAX-channel-blocker,compound,BRD-A18763547-300-06-3,,,-1.6714959,-2.6993768
BR00117010,I20,U2OS,48,SU3327,compound,BRD-K32730239-001-01-0,,['JNK inhibitor'],-1.7993326,-6.2514887
BR00117010,I21,U2OS,48,DMSO,compound,,negcon,,4.4746804,-2.741263
BR00117010,I22,U2OS,48,DMSO,compound,,negcon,,4.8751116,-2.7347918
BR00117010,I23,U2OS,48,octreotide,compound,BRD-A64173453-015-03-1,,['somatostatin receptor agonist'],2.6654546,-1.806506
BR00117010,I24,U2OS,48,1-octanol,compound,BRD-K09338665-001-08-9,,,1.4440608,-1.7358515
BR00117010,J01,U2OS,48,acalabrutinib,compound,BRD-K64034691-001-01-9,,"[""Bruton's tyrosine kinase (BTK) inhibitor""]",2.778841,-0.6527112
BR00117010,J02,U2OS,48,rifamycin,compound,BRD-K38512030-001-01-7,,,3.5174735,-2.3456142
BR00117010,J03,U2OS,48,pazopanib,compound,BRD-K74514084-003-09-2,,"['KIT inhibitor', 'VEGFR inhibitor', 'PDGFR tyrosine kinase receptor inhibitor']",0.3416166,-2.5011444
BR00117010,J04,U2OS,48,RKI-1447,compound,BRD-K19333160-001-01-3,poscon_cp,,-0.16821237,-1.6190718
BR00117010,J05,U2OS,48,vitamin-E,compound,BRD-K97091514-001-11-4,,['PKC inhibitor'],3.0858023,-3.084516
BR00117010,J06,U2OS,48,lonafarnib,compound,BRD-K41599323-001-02-3,poscon_diverse,,-0.1550196,-3.0058162
BR00117010,J07,U2OS,48,ethyl-pyruvate,compound,BRD-K47738867-001-01-5,,,3.0190527,-2.9465568
BR00117010,J08,U2OS,48,picrotin,compound,BRD-A91822151-001-05-0,,['GABA receptor antagonist'],3.1677456,-2.875646
BR00117010,J09,U2OS,48,SGX523,compound,BRD-K19477839-001-07-6,poscon_cp,,2.0663457,-2.7617285
BR00117010,J10,U2OS,48,PP-2,compound,BRD-K95785537-001-22-3,,['src inhibitor'],-0.8004387,-2.9319172
BR00117010,J11,U2OS,48,ME-0328,compound,BRD-A63444178-001-01-5,,['PPAR receptor antagonist'],1.8696419,-2.3942587
BR00117010,J12,U2OS,48,AZD9668,compound,BRD-K31476763-001-01-5,,['elastase inhibitor'],2.8791575,-2.715946
BR00117010,J13,U2OS,48,NQDI-1,compound,BRD-K61918008-001-07-1,,,2.1877766,-1.4867296
BR00117010,J14,U2OS,48,DMSO,compound,,negcon,,3.6381247,-2.71558
BR00117010,J15,U2OS,48,carzenide,compound,BRD-K09295674-001-09-8,,,1.2157024,-3.8460853
BR00117010,J16,U2OS,48,KU-55933,compound,BRD-K25311561-001-10-7,,['ATM kinase inhibitor'],0.64135706,-3.2565744
BR00117010,J17,U2OS,48,NVP-AEW541,compound,BRD-K24696047-001-02-3,poscon_cp,['IGF-1 inhibitor'],-0.92215693,-0.9708144
BR00117010,J18,U2OS,48,leflunomide,compound,BRD-K78692225-001-24-5,,['PDGFR tyrosine kinase receptor inhibitor'],1.2951024,-2.511333
BR00117010,J19,U2OS,48,DMSO,compound,,negcon,,4.774429,-2.3624933
BR00117010,J20,U2OS,48,azacitidine,compound,BRD-K03406345-001-21-1,poscon_diverse,,1.5874412,-3.4772162
BR00117010,J21,U2OS,48,ixabepilone,compound,BRD-K03601870-001-01-2,,['microtubule stabilizing agent'],-1.8890606,-4.6614666
BR00117010,J22,U2OS,48,KH-CB19,compound,BRD-K66430217-001-03-8,poscon_cp,['CDC inhibitor'],2.128283,-3.6027315
BR00117010,J23,U2OS,48,DMSO,compound,,negcon,,5.027144,-2.675197
BR00117010,J24,U2OS,48,PF-05190457,compound,BRD-K02554563-001-01-6,,,0.5949532,-0.81327957
BR00117010,K01,U2OS,48,LDN-212854,compound,BRD-K59831625-001-03-9,,,-1.2582973,-6.101151
BR00117010,K02,U2OS,48,formononetin,compound,BRD-K55567017-001-12-3,,['alcohol dehydrogenase inhibitor'],3.2887201,-3.348944
BR00117010,K03,U2OS,48,aminopurvalanol-a,compound,BRD-K07762753-001-05-1,poscon_orf,['CDK inhibitor'],0.64626753,-4.1799726
BR00117010,K04,U2OS,48,ruxolitinib,compound,BRD-K53972329-001-01-3,poscon_cp,['JAK inhibitor'],0.94147676,-2.5162416
BR00117010,K05,U2OS,48,DMSO,compound,,negcon,,4.6276674,-3.5768924
BR00117010,K06,U2OS,48,DMSO,compound,,negcon,,4.587125,-3.4675233
BR00117010,K07,U2OS,48,LGK-974,compound,BRD-K16810791-001-01-0,,['porcupine inhibitor'],2.8448074,-3.1805482
BR00117010,K08,U2OS,48,polydatin,compound,BRD-K43236057-001-07-1,,['ICAM1 expression inhibitor'],-0.76753336,-3.8428762
BR00117010,K09,U2OS,48,enflurane,compound,BRD-A51831848-001-01-7,,,3.2227538,-3.2294424
BR00117010,K10,U2OS,48,PFI-1,compound,BRD-K13094524-001-04-2,poscon_cp,,3.9096403,-3.0033548
BR00117010,K11,U2OS,48,AZD7762,compound,BRD-K86525559-001-07-8,poscon_diverse,['CHK inhibitor'],-1.8456366,-6.253625
BR00117010,K12,U2OS,48,sotrastaurin,compound,BRD-K16761703-001-03-8,,['PKC inhibitor'],0.45559484,-2.262641
BR00117010,K13,U2OS,48,DMSO,compound,,negcon,,4.517452,-3.274118
BR00117010,K14,U2OS,48,cycloheximide,compound,BRD-K36055864-001-20-0,,['protein synthesis inhibitor'],-0.5382712,-4.7125816
BR00117010,K15,U2OS,48,oxytocin,compound,BRD-K25243230-001-01-2,,,3.9890237,-2.438791
BR00117010,K16,U2OS,48,DMSO,compound,,negcon,,4.218194,-2.9985187
BR00117010,K17,U2OS,48,colchicine,compound,BRD-K00259736-001-16-4,,,-2.0336204,-5.092242
BR00117010,K18,U2OS,48,afimoxifene,compound,BRD-K04210847-001-21-9,,,0.021897133,-0.92135096
BR00117010,K19,U2OS,48,DMSO,compound,,negcon,,4.811207,-3.0823138
BR00117010,K20,U2OS,48,ZK-93423,compound,BRD-K33882852-003-02-8,poscon_diverse,['benzodiazepine receptor agonist'],0.79361945,-1.2743202
BR00117010,K21,U2OS,48,RGB-286638,compound,BRD-K20986415-001-02-6,,['CDK inhibitor'],-0.81325996,-4.9434443
BR00117010,K22,U2OS,48,FPS-ZM1,compound,BRD-K87691185-001-01-2,,['RAGE receptor antagonist'],1.6075141,-2.3289042
BR00117010,K23,U2OS,48,flindokalner,compound,BRD-K56740996-001-02-1,,,3.6468368,-2.1605024
BR00117010,K24,U2OS,48,motesanib,compound,BRD-K99616396-316-05-3,,"['KIT inhibitor', 'VEGFR inhibitor', 'PDGFR tyrosine kinase receptor inhibitor']",0.83975554,-1.2123538
BR00117010,L01,U2OS,48,geldanamycin,compound,BRD-K43570081-001-02-4,,['HSP inhibitor'],-2.1057389,-5.534329
BR00117010,L02,U2OS,48,DMSO,compound,,negcon,,4.1038866,-2.8801062
BR00117010,L03,U2OS,48,CGP-53353,compound,BRD-K32292990-001-03-6,,"['PKC inhibitor', 'EGFR inhibitor']",3.3397813,-2.281419
BR00117010,L04,U2OS,48,7-hydroxystaurosporine,compound,BRD-K45293975-001-02-0,,"['CDK inhibitor', 'PKC inhibitor', 'CHK inhibitor']",-1.9879276,-6.2411447
BR00117010,L05,U2OS,48,DMSO,compound,,negcon,,4.4791174,-2.4944017
BR00117010,L06,U2OS,48,DMSO,compound,,negcon,,4.8373384,-2.4829006
BR00117010,L07,U2OS,48,efaproxiral,compound,BRD-K37355418-236-01-6,,,2.9533422,-2.6937578
BR00117010,L08,U2OS,48,SB-203580,compound,BRD-A37704979-001-12-3,poscon_orf,['p38 MAPK inhibitor'],-0.022747023,-2.345731
BR00117010,L09,U2OS,48,FK-866,compound,BRD-K58550667-001-08-7,poscon_diverse,,-0.282576,-6.4547772
BR00117010,L10,U2OS,48,bepridil,compound,BRD-A91008255-003-24-8,,['calcium channel blocker'],1.7402898,-2.083174
BR00117010,L11,U2OS,48,delanzomib,compound,BRD-K59325863-001-04-4,,,-1.8651564,-6.420866
BR00117010,L12,U2OS,48,buparlisib,compound,BRD-K42191735-001-08-7,poscon_diverse,,-1.7549405,-5.055829
BR00117010,L13,U2OS,48,phenylbutazone,compound,BRD-K10843433-001-23-5,,"['cyclooxygenase inhibitor', 'prostanoid receptor antagonist']",2.600412,-2.3245962
BR00117010,L14,U2OS,48,deferasirox,compound,BRD-K97010173-001-04-1,,,1.1487247,-4.262503
BR00117010,L15,U2OS,48,DMSO,compound,,negcon,,4.661598,-2.482588
BR00117010,L16,U2OS,48,cediranib,compound,BRD-K86930074-001-05-0,,"['KIT inhibitor', 'VEGFR inhibitor']",-1.124974,-1.4724654
BR00117010,L17,U2OS,48,isoflurane,compound,BRD-A31564021-001-02-6,,,0.9179048,-3.3851612
BR00117010,L18,U2OS,48,DMSO,compound,,negcon,,4.698184,-2.5395663
BR00117010,L19,U2OS,48,CCG-50014,compound,BRD-K08893438-001-06-4,,['G protein signaling inhibitor'],-1.9382921,-5.710407
BR00117010,L20,U2OS,48,PF-431396,compound,BRD-K93788137-001-04-1,,,0.730264,-4.7078905
BR00117010,L21,U2OS,48,TG-02,compound,BRD-K14560436-001-01-4,,"['CDK inhibitor', 'FLT3 inhibitor', 'JAK inhibitor']",-1.4828564,-5.0934324
BR00117010,L22,U2OS,48,baclofen,compound,BRD-K01826724-003-07-9,,['benzodiazepine receptor agonist'],4.795596,-2.480148
BR00117010,L23,U2OS,48,thiostrepton,compound,BRD-A20697603-001-07-2,,['protein synthesis inhibitor'],0.22261196,-3.7332351
BR00117010,L24,U2OS,48,flufenamic-acid,compound,BRD-K44067360-001-29-5,,,2.064703,-1.650945
BR00117010,M01,U2OS,48,DMSO,compound,,negcon,,3.7751563,-3.5074215
BR00117010,M02,U2OS,48,LY2109761,compound,BRD-K47557313-001-02-7,,,-0.2551917,-2.5527143
BR00117010,M03,U2OS,48,olopatadine,compound,BRD-K67637637-003-11-8,,['histamine receptor antagonist'],3.35215,-3.6025028
BR00117010,M04,U2OS,48,DMSO,compound,,negcon,,4.320945,-3.378775
BR00117010,M05,U2OS,48,castanospermine,compound,BRD-K20897876-001-11-8,,['glucosidase inhibitor'],3.1760054,-3.6209743
BR00117010,M06,U2OS,48,A205804,compound,BRD-K77627880-001-04-0,,['ICAM1 expression inhibitor'],1.4649342,-3.8627217
BR00117010,M07,U2OS,48,VU591,compound,BRD-K72063794-003-01-0,,['potassium channel blocker'],3.156379,-3.4696186
BR00117010,M08,U2OS,48,dalbavancin,compound,BRD-K30177383-001-01-0,,['bacterial cell wall synthesis inhibitor'],3.5064116,-3.3380485
BR00117010,M09,U2OS,48,CC-401,compound,BRD-K45746021-003-01-9,,['JNK inhibitor'],1.8708434,-2.835891
BR00117010,M10,U2OS,48,ganetespib,compound,BRD-K38852836-001-04-9,poscon_diverse,['HSP inhibitor'],-1.6540655,-5.4967003
BR00117010,M11,U2OS,48,ingenol-mebutate,compound,BRD-K93779381-001-01-9,,,0.4832339,-1.4105294
BR00117010,M12,U2OS,48,menadione,compound,BRD-K78126613-001-27-7,,,-0.44806144,-4.7262597
BR00117010,M13,U2OS,48,cetilistat,compound,BRD-K94863486-001-02-2,,,4.1728344,-3.4013689
BR00117010,M14,U2OS,48,methoxsalen,compound,BRD-K63430059-001-16-4,,['DNA synthesis inhibitor'],3.2919152,-3.2107008
BR00117010,M15,U2OS,48,cyclosporine,compound,BRD-K13533483-001-16-2,,,-0.07576597,-3.4765046
BR00117010,M16,U2OS,48,NSC-632839,compound,BRD-K81197548-003-01-4,poscon_cp,['ubiquitin specific protease inhibitor'],-1.8549687,-5.9878545
BR00117010,M17,U2OS,48,DMSO,compound,,negcon,,4.8471723,-2.9742134
BR00117010,M18,U2OS,48,TG-003,compound,BRD-K97072811-001-11-4,poscon_cp,,3.874301,-2.3939257
BR00117010,M19,U2OS,48,oxibendazole,compound,BRD-K52075715-001-06-7,,['tubulin polymerization inhibitor'],-2.0297148,-4.981053
BR00117010,M20,U2OS,48,TG-101348,compound,BRD-K12502280-001-11-4,poscon_cp,"['JAK inhibitor', 'FLT3 inhibitor']",-2.2058914,-5.577369
BR00117010,M21,U2OS,48,miglitol,compound,BRD-A63310107-001-04-8,,['glucosidase inhibitor'],2.4834526,-2.0126703
BR00117010,M22,U2OS,48,DMSO,compound,,negcon,,4.6150336,-2.8510213
BR00117010,M23,U2OS,48,DMSO,compound,,negcon,,4.1157055,-2.8210652
BR00117010,M24,U2OS,48,tranilast,compound,BRD-K17849083-001-32-9,,,1.3404777,-1.6882068
BR00117010,N01,U2OS,48,4-methylhistamine,compound,BRD-K70821460-300-02-4,,['histamine receptor agonist'],2.6929746,-0.6926658
BR00117010,N02,U2OS,48,LDN-27219,compound,BRD-K51485109-001-01-4,,,2.700865,-1.448345
BR00117010,N03,U2OS,48,anisomycin,compound,BRD-K91370081-001-25-1,,['DNA synthesis inhibitor'],-1.5124643,-5.7897196
BR00117010,N04,U2OS,48,thioguanine,compound,BRD-K49350383-001-13-7,poscon_diverse,,-0.23926511,-3.607899
BR00117010,N05,U2OS,48,droxinostat,compound,BRD-K11558771-001-13-9,,['HDAC inhibitor'],1.6562004,-2.5545552
BR00117010,N06,U2OS,48,UNC2025,compound,BRD-K91283740-003-01-6,poscon_cp,['FLT3 inhibitor'],-1.9500358,-5.967632
BR00117010,N07,U2OS,48,DMSO,compound,,negcon,,4.43662,-2.726882
BR00117010,N08,U2OS,48,DMSO,compound,,negcon,,4.6181874,-2.3386235
BR00117010,N09,U2OS,48,AMG900,compound,BRD-K21728777-001-02-3,poscon_cp,['Aurora kinase inhibitor'],0.791461,-4.840685
BR00117010,N10,U2OS,48,PF-06463922,compound,BRD-A23124853-001-01-4,,['ALK tyrosine kinase receptor inhibitor'],-0.15085217,-2.18667
BR00117010,N11,U2OS,48,orantinib,compound,BRD-K55966568-001-09-6,poscon_cp,"['FGFR inhibitor', 'PDGFR tyrosine kinase receptor inhibitor', 'VEGFR inhibitor']",1.2182178,-2.0483284
BR00117010,N12,U2OS,48,fludarabine-phosphate,compound,BRD-K71106091-001-09-5,,['ribonucleotide reductase inhibitor'],0.8983945,-4.4134407
BR00117010,N13,U2OS,48,ceritinib,compound,BRD-K22149900-001-06-2,,['ALK tyrosine kinase receptor inhibitor'],-0.26484144,-1.0466386
BR00117010,N14,U2OS,48,NVS-PAK1-1,compound,BRD-K28132190-001-02-0,poscon_cp,['p21 activated kinase inhibitor'],-0.9413619,-2.282482
BR00117010,N15,U2OS,48,homoharringtonine,compound,BRD-K76674262-001-03-3,,['protein synthesis inhibitor'],-1.5437562,-5.7288814
BR00117010,N16,U2OS,48,picrotoxinin,compound,BRD-K36461289-001-05-8,,['GABA receptor antagonist'],3.9073553,-1.8055135
BR00117010,N17,U2OS,48,DMSO,compound,,negcon,,4.4226027,-2.5458057
BR00117010,N18,U2OS,48,danusertib,compound,BRD-K07881437-001-03-8,poscon_diverse,"['growth factor receptor inhibitor', 'Aurora kinase inhibitor']",0.6593419,-4.5852213
BR00117010,N19,U2OS,48,romidepsin,compound,BRD-K61397605-001-01-8,poscon_cp,['HDAC inhibitor'],-1.5370837,-6.0260324
BR00117010,N20,U2OS,48,FERb-033,compound,BRD-K61642990-001-01-0,poscon_cp,['EGFR inhibitor'],3.7212956,-2.170536
BR00117010,N21,U2OS,48,PF-03758309,compound,BRD-K37764012-001-03-3,poscon_diverse,['p21 activated kinase inhibitor'],-1.6153586,-5.50068
BR00117010,N22,U2OS,48,DMSO,compound,,negcon,,4.372551,-2.3865194
BR00117010,N23,U2OS,48,trometamol,compound,BRD-K47978074-001-03-2,,,2.4540212,-2.0047636
BR00117010,N24,U2OS,48,simvastatin,compound,BRD-K22134346-001-22-3,,['HMGCR inhibitor'],-0.95465213,-2.7223237
BR00117010,O01,U2OS,48,zaprinast,compound,BRD-K16542329-001-16-8,,['phosphodiesterase inhibitor'],3.2112226,-2.986249
BR00117010,O02,U2OS,48,dexamethasone,compound,BRD-A10188456-001-04-9,,['glucocorticoid receptor agonist'],1.8992062,-3.1999831
BR00117010,O03,U2OS,48,salicylic-acid,compound,BRD-K93632104-001-17-2,,['cyclooxygenase inhibitor'],3.0999222,-3.2201657
BR00117010,O04,U2OS,48,diltiazem,compound,BRD-A69636825-003-04-7,,['calcium channel blocker'],2.6724026,-3.3168252
BR00117010,O05,U2OS,48,phenolphthalein,compound,BRD-K19227686-001-18-6,,,3.3621244,-3.1066937
BR00117010,O06,U2OS,48,niflumic-acid,compound,BRD-K98763141-001-30-8,,['cyclooxygenase inhibitor'],2.5543857,-3.2109606
BR00117010,O07,U2OS,48,DMSO,compound,,negcon,,4.7067056,-3.4556828
BR00117010,O08,U2OS,48,L-Cystine,compound,BRD-A15397381-001-02-5,,,3.1271,-3.4331431
BR00117010,O09,U2OS,48,ozanimod,compound,BRD-K46625559-001-01-8,,['sphingosine 1 phosphate receptor agonist'],-0.52637595,-0.83615094
BR00117010,O10,U2OS,48,efaroxan,compound,BRD-A10739734-003-09-8,,['adrenergic receptor antagonist'],3.6531022,-3.2328997
BR00117010,O11,U2OS,48,NBQX,compound,BRD-K11796549-001-05-2,,['glutamate receptor antagonist'],3.6394856,-3.2561707
BR00117010,O12,U2OS,48,dinoprostone,compound,BRD-K26521938-001-07-2,,['prostanoid receptor agonist'],2.7075136,-3.0980434
BR00117010,O13,U2OS,48,Ro-20-1724,compound,BRD-A07207424-001-14-0,,['phosphodiesterase inhibitor'],3.8086743,-3.1712635
BR00117010,O14,U2OS,48,xanomeline,compound,BRD-K72815923-034-02-0,,['acetylcholine receptor agonist'],3.9506497,-3.20539
BR00117010,O15,U2OS,48,terazosin,compound,BRD-K01825589-310-02-9,,['adrenergic receptor antagonist'],3.8669982,-3.3116217
BR00117010,O16,U2OS,48,BVT-948,compound,BRD-K68567222-001-01-2,,,-0.768483,-5.6149035
BR00117010,O17,U2OS,48,nicotine,compound,BRD-K01825660-322-01-9,,['acetylcholine receptor agonist'],2.815102,-3.343261
BR00117010,O18,U2OS,48,DMSO,compound,,negcon,,4.876854,-3.093912
BR00117010,O19,U2OS,48,U-0521,compound,BRD-K08953028-001-09-6,,,1.4331756,-2.0329614
BR00117010,O20,U2OS,48,BMS-587101,compound,BRD-K20093108-001-02-3,,,1.2290072,-1.1384449
BR00117010,O21,U2OS,48,nimodipine,compound,BRD-A58048407-001-20-4,,['calcium channel blocker'],1.5514232,-1.4076916
BR00117010,O22,U2OS,48,pyrrolidine-dithiocarbamate,compound,BRD-K80970344-201-08-6,,,-1.271709,-6.4142833
BR00117010,O23,U2OS,48,PF-915275,compound,BRD-K18289362-001-02-2,,,2.2097569,-1.601692
BR00117010,O24,U2OS,48,JTE-013,compound,BRD-K43330982-001-02-3,,,0.82449675,-0.33904567
BR00117010,P01,U2OS,48,sodium-butyrate,compound,BRD-K05878375-236-05-7,,['HDAC inhibitor'],2.4588673,0.32158324
BR00117010,P02,U2OS,48,pentostatin,compound,BRD-K91543828-001-02-0,,['ribonucleotide reductase inhibitor'],2.836222,-0.13895193
BR00117010,P03,U2OS,48,OMDM-2,compound,BRD-K48830578-001-01-9,,,1.8905092,-0.95256233
BR00117010,P04,U2OS,48,nalmefene,compound,BRD-A72767275-003-01-6,,,2.8619008,-0.31012735
BR00117010,P05,U2OS,48,DMSO,compound,,negcon,,2.9895551,-0.21618165
BR00117010,P06,U2OS,48,1-EBIO,compound,BRD-K70586315-001-02-4,,,2.5792751,-0.23176138
BR00117010,P07,U2OS,48,SB-505124,compound,BRD-K40109029-001-02-9,,['ALK tyrosine kinase receptor inhibitor'],0.9853724,-3.1747131
BR00117010,P08,U2OS,48,prasugrel,compound,BRD-A83029242-001-06-1,,['purinergic receptor antagonist'],2.0556047,-0.37936556
BR00117010,P09,U2OS,48,pidolic-acid,compound,BRD-K57313110-001-06-8,,,2.6775703,-0.43894204
BR00117010,P10,U2OS,48,DMSO,compound,,negcon,,3.0002904,-0.7335954
BR00117010,P11,U2OS,48,nevirapine,compound,BRD-K15502390-001-20-9,,,2.7440352,-0.30586958
BR00117010,P12,U2OS,48,triamterene,compound,BRD-K92049597-001-20-8,,['sodium channel blocker'],2.2458541,-0.37516487
BR00117010,P13,U2OS,48,regorafenib,compound,BRD-K16730910-001-07-3,,"['PDGFR tyrosine kinase receptor inhibitor', 'RAF inhibitor', 'KIT inhibitor', 'RET tyrosine kinase inhibitor', 'FGFR inhibitor', 'VEGFR inhibitor']",0.66341734,-1.714577
BR00117010,P14,U2OS,48,cyclophosphamide,compound,BRD-A09722536-002-18-0,,,2.5727324,-0.47073177
BR00117010,P15,U2OS,48,olanzapine,compound,BRD-K18895904-001-16-1,,"['dopamine receptor antagonist', 'serotonin receptor antagonist']",-0.5576381,-0.52863365
BR00117010,P16,U2OS,48,KI-16425,compound,BRD-A25569250-001-03-3,,['lysophosphatidic acid receptor antagonist'],2.455647,-0.41852474
BR00117010,P17,U2OS,48,SKLB1002,compound,BRD-K29895144-001-01-0,,['VEGFR inhibitor'],0.49962696,-4.355842
BR00117010,P18,U2OS,48,cilostazol,compound,BRD-K67017579-001-28-1,,['phosphodiesterase inhibitor'],2.3520427,-0.36464894
BR00117010,P19,U2OS,48,AZD1283,compound,BRD-K77060810-001-01-5,,['purinergic receptor antagonist'],1.9443859,-0.55259466
BR00117010,P20,U2OS,48,A-987306,compound,BRD-K68982262-001-01-4,,['histamine receptor antagonist'],-0.8943324,-0.56627643
BR00117010,P21,U2OS,48,procaine,compound,BRD-K24616672-003-20-1,,['HMGCR inhibitor'],1.9344379,-0.505193
BR00117010,P22,U2OS,48,miconazole,compound,BRD-A82396632-008-30-8,,['bacterial cell wall synthesis inhibitor'],1.4619538,-0.7154915
BR00117010,P23,U2OS,48,loperamide,compound,BRD-K61250553-003-30-6,,,-0.14224148,-0.51798004
BR00117010,P24,U2OS,48,aripiprazole,compound,BRD-K70358946-001-17-3,,['serotonin receptor antagonist'],0.1320663,-0.30549118
BR00117011,A01,U2OS,48,gabapentin-enacarbil,compound,BRD-A86665761-001-01-1,,,2.6600966,0.07191192
BR00117011,A02,U2OS,48,DMSO,compound,,negcon,,3.336669,-0.2001059
BR00117011,A03,U2OS,48,amlodipine,compound,BRD-A22032524-074-09-9,,['calcium channel blocker'],-1.1224648,-2.4776015
BR00117011,A04,U2OS,48,hexestrol,compound,BRD-A01078468-001-14-8,,,2.6255062,-1.7370903
BR00117011,A05,U2OS,48,quinine,compound,BRD-K48278478-001-01-2,,,2.3674014,-1.4366466
BR00117011,A06,U2OS,48,LOXO-101,compound,BRD-K36574127-001-01-3,,,2.5078278,-0.5181316
BR00117011,A07,U2OS,48,brinzolamide,compound,BRD-K74913225-001-14-0,,['carbonic anhydrase inhibitor'],2.6848917,-1.8528812
BR00117011,A08,U2OS,48,NS-11021,compound,BRD-K94342292-001-01-3,,['calcium-activated potassium channel activator'],0.35050106,-3.4516327
BR00117011,A09,U2OS,48,DMSO,compound,,negcon,,2.6971738,-0.8337422
BR00117011,A10,U2OS,48,GNF-5837,compound,BRD-K19975102-001-01-2,,['growth factor receptor inhibitor'],1.2984163,-1.129837
BR00117011,A11,U2OS,48,apatinib,compound,BRD-K25244359-066-02-6,,['RET tyrosine kinase inhibitor'],0.055689964,-0.78457147
BR00117011,A12,U2OS,48,ethoxzolamide,compound,BRD-K18131774-001-18-4,,['carbonic anhydrase inhibitor'],-0.9284357,-6.5765853
BR00117011,A13,U2OS,48,ascorbic-acid,compound,BRD-A85242401-001-11-5,,,1.1503866,-3.1339648
BR00117011,A14,U2OS,48,ryuvidine,compound,BRD-K06426971-001-02-7,,['histone lysine methyltransferase inhibitor'],-1.3525727,-6.637191
BR00117011,A15,U2OS,48,BAN-ORL-24,compound,BRD-K47049295-300-03-1,,,-1.341093,-2.423732
BR00117011,A16,U2OS,48,NNC-55-0396,compound,BRD-K78122587-300-04-3,,,-0.9517121,-0.8129973
BR00117011,A17,U2OS,48,DMSO,compound,,negcon,,2.4245958,-1.1439542
BR00117011,A18,U2OS,48,WH-4-023,compound,BRD-K50199947-001-03-4,,['src inhibitor'],-1.1804925,-2.889894
BR00117011,A19,U2OS,48,flupirtine,compound,BRD-K50720187-051-03-1,,['glutamate receptor antagonist'],1.0798965,-1.7470891
BR00117011,A20,U2OS,48,ZK811752,compound,BRD-K91825936-001-03-9,,,0.447834,-1.5679054
BR00117011,A21,U2OS,48,dexamethasone,compound,BRD-K38775274-001-22-1,,['glucocorticoid receptor agonist'],1.0368873,-2.5850737
BR00117011,A22,U2OS,48,PP-1,compound,BRD-K47598052-001-14-1,,['src inhibitor'],-0.90929204,-2.9054377
BR00117011,A23,U2OS,48,DDR1-IN-1,compound,BRD-K61845293-300-01-9,,,-0.5355216,-0.69416636
BR00117011,A24,U2OS,48,AVL-292,compound,BRD-K87782578-001-01-4,,"[""Bruton's tyrosine kinase (BTK) inhibitor""]",-1.3638009,-4.077274
BR00117011,B01,U2OS,48,H2L-5765834,compound,BRD-K26439554-001-01-3,,['lysophosphatidic acid receptor antagonist'],3.0682855,-0.49709138
BR00117011,B02,U2OS,48,thiostrepton,compound,BRD-K58049875-001-03-9,,['protein synthesis inhibitor'],-2.0430717,-6.4326496
BR00117011,B03,U2OS,48,DMSO,compound,,negcon,,4.624867,-2.2703567
BR00117011,B04,U2OS,48,arcyriaflavin-a,compound,BRD-K72726508-001-02-1,,['CDK inhibitor'],-0.53055584,-3.1816194
BR00117011,B05,U2OS,48,CYM-5520,compound,BRD-K29151923-001-01-5,,['sphingosine 1 phosphate receptor agonist'],3.0979145,-2.7995324
BR00117011,B06,U2OS,48,fludarabine,compound,BRD-K66788707-001-14-3,,['ribonucleotide reductase inhibitor'],1.3047336,-4.224077
BR00117011,B07,U2OS,48,alda-1,compound,BRD-K06890060-001-09-1,,,2.5877051,-2.5414932
BR00117011,B08,U2OS,48,meclofenamic-acid,compound,BRD-K50398167-236-22-7,,"['cyclooxygenase inhibitor', 'prostanoid receptor antagonist']",3.8167393,-2.455666
BR00117011,B09,U2OS,48,GNF-5,compound,BRD-K87632963-001-03-0,,['Bcr-Abl kinase inhibitor'],1.5257055,-1.0521035
BR00117011,B10,U2OS,48,NS-309,compound,BRD-K37602296-001-01-6,,['calcium-activated potassium channel activator'],2.779725,-1.5857952
BR00117011,B11,U2OS,48,AK-7,compound,BRD-K09143580-001-01-0,,['SIRT inhibitor'],1.4321328,-1.1253273
BR00117011,B12,U2OS,48,BVT-948,compound,BRD-A22713669-001-04-3,,,-1.4111899,-6.7289886
BR00117011,B13,U2OS,48,SirReal-2,compound,BRD-K16472653-001-01-6,,['SIRT inhibitor'],1.0632076,-1.1267401
BR00117011,B14,U2OS,48,DMSO,compound,,negcon,,4.7418156,-2.3774858
BR00117011,B15,U2OS,48,BMS-536924,compound,BRD-K34581968-001-05-3,,['IGF-1 inhibitor'],-0.98417205,-3.3760004
BR00117011,B16,U2OS,48,PP-121,compound,BRD-K81801188-001-02-8,,['protein tyrosine kinase inhibitor'],-1.337463,-5.044446
BR00117011,B17,U2OS,48,MCOPPB,compound,BRD-K73276278-305-01-1,,,-1.3007667,-1.5210327
BR00117011,B18,U2OS,48,ozagrel,compound,BRD-K53061490-003-13-9,,,3.044583,-1.7580416
BR00117011,B19,U2OS,48,CYM-5442,compound,BRD-A43005764-003-01-5,,['sphingosine 1 phosphate receptor agonist'],-0.96037143,-0.945277
BR00117011,B20,U2OS,48,CVT-10216,compound,BRD-K60659193-001-01-0,,,1.6728795,-3.449364
BR00117011,B21,U2OS,48,TCN201,compound,BRD-K09787262-001-02-7,,['glutamate receptor antagonist'],1.3746618,-2.676911
BR00117011,B22,U2OS,48,fomepizole,compound,BRD-K56810756-003-07-7,,['alcohol dehydrogenase inhibitor'],2.0641122,-1.936521
BR00117011,B23,U2OS,48,benzamil,compound,BRD-K87158025-003-08-7,,['sodium channel blocker'],1.0150629,-1.5527484
BR00117011,B24,U2OS,48,lercanidipine,compound,BRD-A18992208-003-02-7,,['calcium channel blocker'],0.82143164,-0.6090916
BR00117011,C01,U2OS,48,4-CMTB,compound,BRD-A54139254-001-09-2,,['free fatty acid receptor agonist'],2.8221889,-1.1335483
BR00117011,C02,U2OS,48,ML-228,compound,BRD-K44432556-001-05-5,,,3.9263558,-3.2394688
BR00117011,C03,U2OS,48,DMSO,compound,,negcon,,4.388349,-3.4713664
BR00117011,C04,U2OS,48,GSK1070916,compound,BRD-K36740062-001-06-6,,['Aurora kinase inhibitor'],0.020094708,-4.2158422
BR00117011,C05,U2OS,48,ML-193,compound,BRD-K27539181-001-08-5,,,1.8617052,-2.5692425
BR00117011,C06,U2OS,48,DMSO,compound,,negcon,,4.419272,-2.9468782
BR00117011,C07,U2OS,48,M-25,compound,BRD-K51265828-001-01-0,,['smoothened receptor antagonist'],2.3056247,-1.3127784
BR00117011,C08,U2OS,48,azeliragon,compound,BRD-K51899933-001-02-6,,['RAGE receptor antagonist'],-1.9861653,-5.3986874
BR00117011,C09,U2OS,48,CYT-997,compound,BRD-K23363278-001-02-1,poscon_diverse,['tubulin polymerization inhibitor'],-2.0789337,-4.998377
BR00117011,C10,U2OS,48,AR-12,compound,BRD-K90497590-001-05-9,,,-1.3446034,-6.551029
BR00117011,C11,U2OS,48,CYM-50260,compound,BRD-K69877120-001-01-7,,['sphingosine 1 phosphate receptor agonist'],1.995304,-1.6030983
BR00117011,C12,U2OS,48,DMSO,compound,,negcon,,4.383581,-3.2630267
BR00117011,C13,U2OS,48,KG-5,compound,BRD-K90747162-001-01-4,poscon_cp,['RAF inhibitor'],-1.5480698,-4.28705
BR00117011,C14,U2OS,48,JTE-607,compound,BRD-K81405859-300-01-4,,,0.5461207,-4.3962307
BR00117011,C15,U2OS,48,DMSO,compound,,negcon,,4.922622,-3.1608233
BR00117011,C16,U2OS,48,ilomastat,compound,BRD-K51662849-001-05-4,,['matrix metalloprotease inhibitor'],1.8605174,-1.883434
BR00117011,C17,U2OS,48,RX-821002,compound,BRD-A65597028-003-08-1,,['adrenergic receptor antagonist'],3.561582,-2.4895527
BR00117011,C18,U2OS,48,DMSO,compound,,negcon,,4.7999983,-2.8851967
BR00117011,C19,U2OS,48,TUG-891,compound,BRD-K24282351-001-01-4,,['free fatty acid receptor agonist'],2.845214,-2.9702892
BR00117011,C20,U2OS,48,ponatinib,compound,BRD-K44227013-001-08-0,,"['PDGFR tyrosine kinase receptor inhibitor', 'FLT3 inhibitor', 'Bcr-Abl kinase inhibitor']",-1.5837053,-6.2855706
BR00117011,C21,U2OS,48,DMSO,compound,,negcon,,4.8197246,-3.1424205
BR00117011,C22,U2OS,48,puromycin,compound,BRD-K01824976-300-02-9,,['protein synthesis inhibitor'],-1.4454646,-6.4545856
BR00117011,C23,U2OS,48,SRC-kinase-inhibitor-I,compound,BRD-K50495309-001-02-0,,['src inhibitor'],-0.8640134,-0.8257504
BR00117011,C24,U2OS,48,acetylcysteine,compound,BRD-K59058747-001-19-1,,,1.591204,-2.9791086
BR00117011,D01,U2OS,48,NSC-625987,compound,BRD-K62949423-001-03-1,,['CDK inhibitor'],0.82586604,-3.5897462
BR00117011,D02,U2OS,48,dalfampridine,compound,BRD-K22482860-001-20-6,,['potassium channel blocker'],3.7258232,-2.398999
BR00117011,D03,U2OS,48,NSC-95397,compound,BRD-K68143200-001-11-7,,['CDC inhibitor'],-1.6752483,-5.9394913
BR00117011,D04,U2OS,48,alrestatin,compound,BRD-K35498378-001-06-1,,['aldose reductase inhibitor'],3.416198,-2.0644808
BR00117011,D05,U2OS,48,PF-03758309,compound,BRD-K37764012-001-03-3,poscon_diverse,['p21 activated kinase inhibitor'],3.181623,-2.6416645
BR00117011,D06,U2OS,48,IRL-2500,compound,BRD-K98357249-001-02-9,,['endothelin receptor antagonist'],3.5850213,-2.2743843
BR00117011,D07,U2OS,48,PF-04217903,compound,BRD-K73319509-001-08-0,poscon_cp,,4.03408,-2.3609197
BR00117011,D08,U2OS,48,FK-866,compound,BRD-K58550667-001-08-7,poscon_diverse,,-0.23994443,-6.398433
BR00117011,D09,U2OS,48,amlexanox,compound,BRD-K29530284-001-06-2,,,3.4506578,-2.112421
BR00117011,D10,U2OS,48,GW-311616,compound,BRD-K37864785-001-01-0,,['elastase inhibitor'],0.14293672,-1.1907196
BR00117011,D11,U2OS,48,buparlisib,compound,BRD-K42191735-001-08-7,poscon_diverse,,-1.8102608,-5.028075
BR00117011,D12,U2OS,48,amiloride,compound,BRD-K97181089-003-24-7,,['sodium channel blocker'],2.2847252,-2.4251912
BR00117011,D13,U2OS,48,DG-172,compound,BRD-K75748943-300-01-3,,,-0.7170169,-0.63533646
BR00117011,D14,U2OS,48,DMSO,compound,,negcon,,4.491949,-2.336833
BR00117011,D15,U2OS,48,DMSO,compound,,negcon,,4.978567,-2.6958947
BR00117011,D16,U2OS,48,NVP-ADW742,compound,BRD-K15179513-001-04-2,poscon_cp,,-1.4534075,-1.5104297
BR00117011,D17,U2OS,48,misoprostol,compound,BRD-A72351335-001-04-5,,['prostanoid receptor agonist'],1.4856875,-3.5868757
BR00117011,D18,U2OS,48,conivaptan,compound,BRD-K37385792-003-02-1,,,0.25018346,-0.8576355
BR00117011,D19,U2OS,48,spiroxatrine,compound,BRD-A72483914-001-03-7,,['serotonin receptor antagonist'],0.54732394,-1.2503263
BR00117011,D20,U2OS,48,diacerein,compound,BRD-K69122748-001-10-1,,,3.7807581,-3.009006
BR00117011,D21,U2OS,48,DMSO,compound,,negcon,,4.9370227,-3.0372622
BR00117011,D22,U2OS,48,DMSO,compound,,negcon,,4.7521534,-3.163487
BR00117011,D23,U2OS,48,glyburide,compound,BRD-K36927236-001-36-7,,['ATP channel blocker'],2.7899623,-2.4629223
BR00117011,D24,U2OS,48,ANR-94,compound,BRD-K31170746-001-01-6,,,1.5335985,-2.4907074
BR00117011,E01,U2OS,48,TFC-007,compound,BRD-K57708067-001-01-3,,,2.8057947,-2.6344075
BR00117011,E02,U2OS,48,trihexyphenidyl,compound,BRD-A48180038-003-24-3,,['acetylcholine receptor antagonist'],3.598456,-2.7914462
BR00117011,E03,U2OS,48,epoprostenol,compound,BRD-K64054020-001-02-7,,,3.1731536,-3.4021585
BR00117011,E04,U2OS,48,sacubitril,compound,BRD-K91456750-001-01-9,,,3.5688465,-2.798082
BR00117011,E05,U2OS,48,danusertib,compound,BRD-K07881437-001-03-8,poscon_diverse,"['growth factor receptor inhibitor', 'Aurora kinase inhibitor']",0.650362,-4.5386167
BR00117011,E06,U2OS,48,CYT-997,compound,BRD-K23363278-001-02-1,poscon_diverse,['tubulin polymerization inhibitor'],-2.1387823,-4.7774405
BR00117011,E07,U2OS,48,DMSO,compound,,negcon,,4.4634085,-2.7191288
BR00117011,E08,U2OS,48,BQ-788,compound,BRD-K02490038-236-03-8,,['endothelin receptor antagonist'],4.127453,-2.4737558
BR00117011,E09,U2OS,48,SB-202190,compound,BRD-K54330070-001-19-6,poscon_orf,['p38 MAPK inhibitor'],0.86209255,-2.04325
BR00117011,E10,U2OS,48,GSK2110183,compound,BRD-K25412176-001-01-9,poscon_diverse,,0.20692474,-1.6831766
BR00117011,E11,U2OS,48,GSK3787,compound,BRD-K03155172-001-03-0,,['PPAR receptor antagonist'],3.9566817,-2.394811
BR00117011,E12,U2OS,48,BAM7,compound,BRD-K07442505-001-03-6,,,1.3367205,-1.1158805
BR00117011,E13,U2OS,48,PHA-793887,compound,BRD-K64800655-001-09-0,poscon_diverse,['CDK inhibitor'],-1.1100152,-4.9085355
BR00117011,E14,U2OS,48,DMSO,compound,,negcon,,4.371725,-2.671498
BR00117011,E15,U2OS,48,GSK-37647,compound,BRD-K26514105-001-01-7,,['free fatty acid receptor agonist'],1.3691791,-1.878522
BR00117011,E16,U2OS,48,desonide,compound,BRD-K21528677-001-04-4,,['glucocorticoid receptor agonist'],1.5001824,-2.786902
BR00117011,E17,U2OS,48,DMSO,compound,,negcon,,4.8297815,-2.9207814
BR00117011,E18,U2OS,48,aloxistatin,compound,BRD-K91188791-001-17-5,,,-0.6581948,-0.5611994
BR00117011,E19,U2OS,48,azathioprine,compound,BRD-K32821942-001-22-1,,,1.4008199,-2.6105006
BR00117011,E20,U2OS,48,ZK-93423,compound,BRD-K33882852-003-02-8,poscon_diverse,['benzodiazepine receptor agonist'],0.9052147,-1.1499932
BR00117011,E21,U2OS,48,BI-2536,compound,BRD-K64890080-001-02-1,poscon_diverse,,-1.7438827,-4.5430126
BR00117011,E22,U2OS,48,EI1,compound,BRD-K91535048-001-01-2,poscon_cp,['histone lysine methyltransferase inhibitor'],2.0300002,-0.8144995
BR00117011,E23,U2OS,48,NVP-HSP990,compound,BRD-K67915505-001-01-2,,['HSP inhibitor'],-1.8822453,-5.3584843
BR00117011,E24,U2OS,48,DMSO,compound,,negcon,,4.503257,-2.6210647
BR00117011,F01,U2OS,48,DMSO,compound,,negcon,,4.661359,-2.4000041
BR00117011,F02,U2OS,48,nialamide,compound,BRD-K12102668-001-25-5,,,4.1593757,-2.0646424
BR00117011,F03,U2OS,48,DMSO,compound,,negcon,,4.3093586,-2.7157998
BR00117011,F04,U2OS,48,arundic-acid,compound,BRD-K49223707-001-01-0,,,2.4712873,-2.7349477
BR00117011,F05,U2OS,48,torcitabine,compound,BRD-K91822704-003-07-2,,,4.0633445,-2.1778696
BR00117011,F06,U2OS,48,DMSO,compound,,negcon,,4.4053097,-2.499131
BR00117011,F07,U2OS,48,epothilone-b,compound,BRD-K68164687-001-01-6,,"['microtubule stabilizing agent', 'tubulin polymerization inhibitor']",-1.6165683,-4.129499
BR00117011,F08,U2OS,48,dyphylline,compound,BRD-A00827783-001-24-6,,['phosphodiesterase inhibitor'],4.189408,-2.8603444
BR00117011,F09,U2OS,48,DMSO,compound,,negcon,,4.7097564,-2.7222934
BR00117011,F10,U2OS,48,quinidine,compound,BRD-K59632282-052-03-1,,['sodium channel blocker'],1.420515,-3.0059195
BR00117011,F11,U2OS,48,halopemide,compound,BRD-K50055394-001-03-6,,,0.922056,-1.9699916
BR00117011,F12,U2OS,48,sulfinpyrazone,compound,BRD-A36217750-001-16-3,,,2.28438,-2.2599664
BR00117011,F13,U2OS,48,ML-323,compound,BRD-K93942811-001-01-3,poscon_cp,['ubiquitin specific protease inhibitor'],1.1769758,-1.3313969
BR00117011,F14,U2OS,48,racecadotril,compound,BRD-A08187463-001-12-9,,,2.7019978,-1.8570857
BR00117011,F15,U2OS,48,BRL-50481,compound,BRD-K84266862-001-03-2,,['phosphodiesterase inhibitor'],3.5007038,-2.454375
BR00117011,F16,U2OS,48,GSK2110183,compound,BRD-K25412176-001-01-9,poscon_diverse,,0.31257772,-1.7831638
BR00117011,F17,U2OS,48,bufexamac,compound,BRD-K36660044-001-24-2,,['cyclooxygenase inhibitor'],1.6446985,-2.3515606
BR00117011,F18,U2OS,48,anandamide,compound,BRD-K42352790-001-05-3,,,2.477005,-2.1089957
BR00117011,F19,U2OS,48,thioguanine,compound,BRD-K49350383-001-13-7,poscon_diverse,,-0.35207182,-3.6310647
BR00117011,F20,U2OS,48,IWP-L6,compound,BRD-K53234107-001-01-6,,['porcupine inhibitor'],1.4571133,-1.2499677
BR00117011,F21,U2OS,48,edoxaban,compound,BRD-K29322660-001-01-9,,['coagulation factor inhibitor'],3.8868306,-2.0586872
BR00117011,F22,U2OS,48,lonafarnib,compound,BRD-K41599323-001-02-3,poscon_diverse,,-0.21177045,-2.9865012
BR00117011,F23,U2OS,48,ibutamoren,compound,BRD-K44771174-066-01-0,,,0.55386096,-1.8203471
BR00117011,F24,U2OS,48,somatostatin,compound,BRD-K14681867-001-01-6,,['somatostatin receptor agonist'],1.7751555,-2.0332649
BR00117011,G01,U2OS,48,L-proline,compound,BRD-K01666412-001-02-0,,,2.7071643,-2.085009
BR00117011,G02,U2OS,48,zamifenacin,compound,BRD-K80451230-051-02-6,,['acetylcholine receptor antagonist'],3.2565386,-2.8652658
BR00117011,G03,U2OS,48,YC-1,compound,BRD-K60476892-001-16-1,,,-1.3526337,-5.1753154
BR00117011,G04,U2OS,48,DMSO,compound,,negcon,,4.531365,-2.7916608
BR00117011,G05,U2OS,48,ME-0328,compound,BRD-K24283677-001-01-9,,['PPAR receptor antagonist'],2.1468542,-2.3528805
BR00117011,G06,U2OS,48,NSC-663284,compound,BRD-K03109492-001-02-2,,['CDC inhibitor'],-1.4216641,-6.5942802
BR00117011,G07,U2OS,48,CYM-50358,compound,BRD-K80666802-003-01-0,,,-0.7154347,-0.6388499
BR00117011,G08,U2OS,48,trazodone,compound,BRD-K70778732-003-27-5,,"['adrenergic receptor antagonist', 'serotonin receptor antagonist']",2.6223824,-2.1287053
BR00117011,G09,U2OS,48,DMSO,compound,,negcon,,4.614977,-3.2696826
BR00117011,G10,U2OS,48,DMSO,compound,,negcon,,4.411007,-3.4386966
BR00117011,G11,U2OS,48,sulfasalazine,compound,BRD-K10670311-001-17-1,,['cyclooxygenase inhibitor'],2.972105,-1.7637777
BR00117011,G12,U2OS,48,"2,5-furandimethanol",compound,BRD-K29791386-001-01-8,,,3.4837666,-2.5613108
BR00117011,G13,U2OS,48,DMSO,compound,,negcon,,4.7452974,-2.9321463
BR00117011,G14,U2OS,48,dilazep,compound,BRD-K48722258-300-11-0,,,3.0787194,-2.4428463
BR00117011,G15,U2OS,48,felodipine,compound,BRD-A30815329-001-12-1,,['calcium channel blocker'],1.4411,-2.5187502
BR00117011,G16,U2OS,48,paliperidone,compound,BRD-A99888680-001-05-3,,"['dopamine receptor antagonist', 'serotonin receptor antagonist']",2.3521314,-1.3073103
BR00117011,G17,U2OS,48,purvalanol-a,compound,BRD-K50836978-001-03-3,poscon_orf,['CDK inhibitor'],0.8721075,-4.033359
BR00117011,G18,U2OS,48,DMSO,compound,,negcon,,4.22417,-2.8106666
BR00117011,G19,U2OS,48,Ro-1138452,compound,BRD-K77220725-003-01-5,,['prostanoid receptor antagonist'],1.7009606,-1.7572087
BR00117011,G20,U2OS,48,sorbinil,compound,BRD-A89164055-001-03-3,,['aldose reductase inhibitor'],2.0603468,-2.896438
BR00117011,G21,U2OS,48,TC-S-7004,compound,BRD-K89517477-001-01-4,poscon_cp,['DYRK inhibitor'],0.15931775,-3.6234999
BR00117011,G22,U2OS,48,saclofen,compound,BRD-A24122750-001-03-7,,['GABA receptor antagonist'],3.2242508,-2.0261369
BR00117011,G23,U2OS,48,BAY-87-2243,compound,BRD-K70463136-001-01-5,,,0.8490799,-1.1970823
BR00117011,G24,U2OS,48,ibudilast,compound,BRD-K16444452-001-09-1,,['phosphodiesterase inhibitor'],1.5936965,-1.546231
BR00117011,H01,U2OS,48,briciclib,compound,BRD-K05531427-001-01-7,,,-2.1312392,-4.9021034
BR00117011,H02,U2OS,48,2-Oleoylglycerol,compound,BRD-K77087341-001-02-4,,,3.7292109,-2.3484561
BR00117011,H03,U2OS,48,RGFP966,compound,BRD-K61688984-001-02-9,poscon_cp,['HDAC inhibitor'],0.47663262,-3.1773493
BR00117011,H04,U2OS,48,DMSO,compound,,negcon,,4.1545587,-2.5898685
BR00117011,H05,U2OS,48,azacitidine,compound,BRD-K03406345-001-21-1,poscon_diverse,,1.230357,-3.6437335
BR00117011,H06,U2OS,48,N6-cyclopentyladenosine,compound,BRD-K60150510-001-15-6,,,3.5062268,-2.1511266
BR00117011,H07,U2OS,48,filgotinib,compound,BRD-K16803204-001-01-6,poscon_cp,['JAK inhibitor'],1.0011258,-2.6566575
BR00117011,H08,U2OS,48,guanidine,compound,BRD-K76037122-001-02-5,,['HSP inhibitor'],2.2991018,-2.3781028
BR00117011,H09,U2OS,48,coumarin,compound,BRD-K23913458-001-20-7,,,3.3365602,-2.1917412
BR00117011,H10,U2OS,48,DMSO,compound,,negcon,,4.346539,-2.698366
BR00117011,H11,U2OS,48,ZM-336372,compound,BRD-K73789395-001-09-9,poscon_orf,['RAF inhibitor'],2.9421797,-1.7333385
BR00117011,H12,U2OS,48,citric-acid,compound,BRD-K76792669-001-08-1,,['coagulation factor inhibitor'],2.5710435,-2.727393
BR00117011,H13,U2OS,48,DMSO,compound,,negcon,,4.500701,-2.7535155
BR00117011,H14,U2OS,48,CCG-63802,compound,BRD-K26970495-001-02-7,,['G protein signaling inhibitor'],1.7434283,-2.997837
BR00117011,H15,U2OS,48,ibutilide,compound,BRD-A74391928-051-03-9,,['potassium channel blocker'],1.5346656,-1.6587547
BR00117011,H16,U2OS,48,batimastat,compound,BRD-K82818427-001-04-8,,['matrix metalloprotease inhibitor'],0.8358793,-2.935295
BR00117011,H17,U2OS,48,DMSO,compound,,negcon,,4.6685762,-2.4165287
BR00117011,H18,U2OS,48,DMSO,compound,,negcon,,4.9230604,-2.6565168
BR00117011,H19,U2OS,48,UNC1999,compound,BRD-K26989966-001-04-3,poscon_cp,['histone lysine methyltransferase inhibitor'],-1.8490349,-5.856708
BR00117011,H20,U2OS,48,glutamine-(l),compound,BRD-K83896451-001-06-7,,,3.152347,-1.4658926
BR00117011,H21,U2OS,48,PD-98059,compound,BRD-K62810658-001-11-4,poscon_orf,,1.4895408,-1.3453838
BR00117011,H22,U2OS,48,enilconazole,compound,BRD-K01825690-065-01-9,,,1.8169371,-1.1699444
BR00117011,H23,U2OS,48,N-alpha-Methylhistamine-dihydrochloride,compound,BRD-K75390981-300-04-9,,['histamine receptor agonist'],3.7574632,-1.9649167
BR00117011,H24,U2OS,48,GK921,compound,BRD-K38272302-001-02-7,,,-1.2131981,-5.0836616
BR00117011,I01,U2OS,48,nilvadipine,compound,BRD-A84687895-001-03-2,,['calcium channel blocker'],2.5015378,-1.3283719
BR00117011,I02,U2OS,48,DMSO,compound,,negcon,,4.5399466,-2.5485625
BR00117011,I03,U2OS,48,AC-710,compound,BRD-K15819326-001-01-6,,['PDGFR tyrosine kinase receptor inhibitor'],-1.1365546,-0.7809321
BR00117011,I04,U2OS,48,PETCM,compound,BRD-A93477898-001-04-2,,,3.0094123,-1.5978848
BR00117011,I05,U2OS,48,AZD7762,compound,BRD-K86525559-001-07-8,poscon_diverse,['CHK inhibitor'],-1.9916979,-6.4190097
BR00117011,I06,U2OS,48,PHA-793887,compound,BRD-K64800655-001-09-0,poscon_diverse,['CDK inhibitor'],-1.0014917,-4.91071
BR00117011,I07,U2OS,48,KU-60019,compound,BRD-K36016295-001-05-2,,['ATM kinase inhibitor'],-0.3917118,-4.412178
BR00117011,I08,U2OS,48,nafamostat,compound,BRD-K06674495-334-04-0,,,0.92032856,-2.2011888
BR00117011,I09,U2OS,48,DMSO,compound,,negcon,,4.605074,-2.4857547
BR00117011,I10,U2OS,48,DMSO,compound,,negcon,,4.304394,-3.136607
BR00117011,I11,U2OS,48,taladegib,compound,BRD-K50498985-001-03-3,,['smoothened receptor antagonist'],1.7795675,-1.6642517
BR00117011,I12,U2OS,48,acetohexamide,compound,BRD-K52960356-001-13-0,,['ATP channel blocker'],2.2126248,-2.8601573
BR00117011,I13,U2OS,48,minocycline,compound,BRD-A69651145-003-11-4,,,0.8548859,-2.7743278
BR00117011,I14,U2OS,48,BI-2536,compound,BRD-K64890080-001-02-1,poscon_diverse,,-1.7676824,-4.6678724
BR00117011,I15,U2OS,48,riociguat,compound,BRD-K84783599-001-01-0,,,2.466313,-2.8048797
BR00117011,I16,U2OS,48,CP-724714,compound,BRD-K76908866-001-07-6,poscon_cp,"['EGFR inhibitor', 'protein tyrosine kinase inhibitor']",1.0996008,-1.1219114
BR00117011,I17,U2OS,48,ganetespib,compound,BRD-K38852836-001-04-9,poscon_diverse,['HSP inhibitor'],-1.8849764,-5.545322
BR00117011,I18,U2OS,48,AZ191,compound,BRD-K80935598-001-01-1,poscon_cp,['DYRK inhibitor'],-1.2464496,-1.6377758
BR00117011,I19,U2OS,48,BAX-channel-blocker,compound,BRD-A18763547-300-06-3,,,-1.6696879,-2.5528169
BR00117011,I20,U2OS,48,SU3327,compound,BRD-K32730239-001-01-0,,['JNK inhibitor'],-1.728715,-6.3357453
BR00117011,I21,U2OS,48,DMSO,compound,,negcon,,4.177922,-2.4809682
BR00117011,I22,U2OS,48,DMSO,compound,,negcon,,4.5738945,-2.2702951
BR00117011,I23,U2OS,48,octreotide,compound,BRD-A64173453-015-03-1,,['somatostatin receptor agonist'],4.0107546,-2.1582143
BR00117011,I24,U2OS,48,1-octanol,compound,BRD-K09338665-001-08-9,,,1.7697095,-1.0942379
BR00117011,J01,U2OS,48,acalabrutinib,compound,BRD-K64034691-001-01-9,,"[""Bruton's tyrosine kinase (BTK) inhibitor""]",2.7329643,-0.8828234
BR00117011,J02,U2OS,48,rifamycin,compound,BRD-K38512030-001-01-7,,,3.5224319,-2.3581474
BR00117011,J03,U2OS,48,pazopanib,compound,BRD-K74514084-003-09-2,,"['KIT inhibitor', 'VEGFR inhibitor', 'PDGFR tyrosine kinase receptor inhibitor']",0.2280643,-2.2154717
BR00117011,J04,U2OS,48,RKI-1447,compound,BRD-K19333160-001-01-3,poscon_cp,,-0.3057506,-1.5748242
BR00117011,J05,U2OS,48,vitamin-E,compound,BRD-K97091514-001-11-4,,['PKC inhibitor'],3.145582,-2.911085
BR00117011,J06,U2OS,48,lonafarnib,compound,BRD-K41599323-001-02-3,poscon_diverse,,-0.23603117,-2.876076
BR00117011,J07,U2OS,48,ethyl-pyruvate,compound,BRD-K47738867-001-01-5,,,3.28266,-2.0513458
BR00117011,J08,U2OS,48,picrotin,compound,BRD-A91822151-001-05-0,,['GABA receptor antagonist'],3.2151778,-2.1234002
BR00117011,J09,U2OS,48,SGX523,compound,BRD-K19477839-001-07-6,poscon_cp,,2.7526195,-2.7612092
BR00117011,J10,U2OS,48,PP-2,compound,BRD-K95785537-001-22-3,,['src inhibitor'],-0.7218491,-2.8485563
BR00117011,J11,U2OS,48,ME-0328,compound,BRD-A63444178-001-01-5,,['PPAR receptor antagonist'],2.4242177,-2.5245233
BR00117011,J12,U2OS,48,AZD9668,compound,BRD-K31476763-001-01-5,,['elastase inhibitor'],2.8353438,-2.8719206
BR00117011,J13,U2OS,48,NQDI-1,compound,BRD-K61918008-001-07-1,,,1.2842065,-1.0966827
BR00117011,J14,U2OS,48,DMSO,compound,,negcon,,4.2628818,-2.6641762
BR00117011,J15,U2OS,48,carzenide,compound,BRD-K09295674-001-09-8,,,1.7073817,-3.9177134
BR00117011,J16,U2OS,48,KU-55933,compound,BRD-K25311561-001-10-7,,['ATM kinase inhibitor'],0.48408693,-3.624007
BR00117011,J17,U2OS,48,NVP-AEW541,compound,BRD-K24696047-001-02-3,poscon_cp,['IGF-1 inhibitor'],-0.90474015,-0.80328304
BR00117011,J18,U2OS,48,leflunomide,compound,BRD-K78692225-001-24-5,,['PDGFR tyrosine kinase receptor inhibitor'],2.1435537,-2.8514843
BR00117011,J19,U2OS,48,DMSO,compound,,negcon,,4.7681866,-2.0400333
BR00117011,J20,U2OS,48,azacitidine,compound,BRD-K03406345-001-21-1,poscon_diverse,,1.553834,-3.3459146
BR00117011,J21,U2OS,48,ixabepilone,compound,BRD-K03601870-001-01-2,,['microtubule stabilizing agent'],-1.8695375,-4.5999093
BR00117011,J22,U2OS,48,KH-CB19,compound,BRD-K66430217-001-03-8,poscon_cp,['CDC inhibitor'],2.1138463,-2.8368058
BR00117011,J23,U2OS,48,DMSO,compound,,negcon,,4.3852177,-2.331902
BR00117011,J24,U2OS,48,PF-05190457,compound,BRD-K02554563-001-01-6,,,0.8636399,-0.93220925
BR00117011,K01,U2OS,48,LDN-212854,compound,BRD-K59831625-001-03-9,,,-1.3278391,-6.1697474
BR00117011,K02,U2OS,48,formononetin,compound,BRD-K55567017-001-12-3,,['alcohol dehydrogenase inhibitor'],3.0817907,-2.564448
BR00117011,K03,U2OS,48,aminopurvalanol-a,compound,BRD-K07762753-001-05-1,poscon_orf,['CDK inhibitor'],0.5613477,-4.195997
BR00117011,K04,U2OS,48,ruxolitinib,compound,BRD-K53972329-001-01-3,poscon_cp,['JAK inhibitor'],0.73997605,-2.3509438
BR00117011,K05,U2OS,48,DMSO,compound,,negcon,,4.355053,-3.3623931
BR00117011,K06,U2OS,48,DMSO,compound,,negcon,,4.1676373,-2.91933
BR00117011,K07,U2OS,48,LGK-974,compound,BRD-K16810791-001-01-0,,['porcupine inhibitor'],1.8684108,-1.7119255
BR00117011,K08,U2OS,48,polydatin,compound,BRD-K43236057-001-07-1,,['ICAM1 expression inhibitor'],-0.86154884,-3.7908084
BR00117011,K09,U2OS,48,enflurane,compound,BRD-A51831848-001-01-7,,,3.236095,-2.612852
BR00117011,K10,U2OS,48,PFI-1,compound,BRD-K13094524-001-04-2,poscon_cp,,3.6734629,-2.3068569
BR00117011,K11,U2OS,48,AZD7762,compound,BRD-K86525559-001-07-8,poscon_diverse,['CHK inhibitor'],-2.024596,-6.3877025
BR00117011,K12,U2OS,48,sotrastaurin,compound,BRD-K16761703-001-03-8,,['PKC inhibitor'],0.47195193,-2.0144103
BR00117011,K13,U2OS,48,DMSO,compound,,negcon,,4.741283,-3.1285062
BR00117011,K14,U2OS,48,cycloheximide,compound,BRD-K36055864-001-20-0,,['protein synthesis inhibitor'],-0.7601884,-4.705619
BR00117011,K15,U2OS,48,oxytocin,compound,BRD-K25243230-001-01-2,,,3.3016086,-2.5987458
BR00117011,K16,U2OS,48,DMSO,compound,,negcon,,4.8885427,-2.8663437
BR00117011,K17,U2OS,48,colchicine,compound,BRD-K00259736-001-16-4,,,-2.1375864,-5.036011
BR00117011,K18,U2OS,48,afimoxifene,compound,BRD-K04210847-001-21-9,,,0.00979283,-1.0617468
BR00117011,K19,U2OS,48,DMSO,compound,,negcon,,4.8228664,-2.583711
BR00117011,K20,U2OS,48,ZK-93423,compound,BRD-K33882852-003-02-8,poscon_diverse,['benzodiazepine receptor agonist'],0.9586389,-1.3242313
BR00117011,K21,U2OS,48,RGB-286638,compound,BRD-K20986415-001-02-6,,['CDK inhibitor'],-0.754394,-4.9692245
BR00117011,K22,U2OS,48,FPS-ZM1,compound,BRD-K87691185-001-01-2,,['RAGE receptor antagonist'],2.0749922,-2.540475
BR00117011,K23,U2OS,48,flindokalner,compound,BRD-K56740996-001-02-1,,,1.713633,-2.0983872
BR00117011,K24,U2OS,48,motesanib,compound,BRD-K99616396-316-05-3,,"['KIT inhibitor', 'VEGFR inhibitor', 'PDGFR tyrosine kinase receptor inhibitor']",0.43483573,-1.0128947
BR00117011,L01,U2OS,48,geldanamycin,compound,BRD-K43570081-001-02-4,,['HSP inhibitor'],-2.0076332,-5.4472756
BR00117011,L02,U2OS,48,DMSO,compound,,negcon,,3.9763548,-2.5855937
BR00117011,L03,U2OS,48,CGP-53353,compound,BRD-K32292990-001-03-6,,"['PKC inhibitor', 'EGFR inhibitor']",3.0560863,-2.0606582
BR00117011,L04,U2OS,48,7-hydroxystaurosporine,compound,BRD-K45293975-001-02-0,,"['CDK inhibitor', 'PKC inhibitor', 'CHK inhibitor']",-2.1034706,-6.2870107
BR00117011,L05,U2OS,48,DMSO,compound,,negcon,,4.4262753,-2.6748977
BR00117011,L06,U2OS,48,DMSO,compound,,negcon,,4.5041537,-2.6406572
BR00117011,L07,U2OS,48,efaproxiral,compound,BRD-K37355418-236-01-6,,,4.035414,-1.9271903
BR00117011,L08,U2OS,48,SB-203580,compound,BRD-A37704979-001-12-3,poscon_orf,['p38 MAPK inhibitor'],0.058982614,-2.3266168
BR00117011,L09,U2OS,48,FK-866,compound,BRD-K58550667-001-08-7,poscon_diverse,,-0.27255985,-6.424741
BR00117011,L10,U2OS,48,bepridil,compound,BRD-A91008255-003-24-8,,['calcium channel blocker'],1.3842138,-1.4816372
BR00117011,L11,U2OS,48,delanzomib,compound,BRD-K59325863-001-04-4,,,-1.8476754,-6.454308
BR00117011,L12,U2OS,48,buparlisib,compound,BRD-K42191735-001-08-7,poscon_diverse,,-1.9876219,-4.8715267
BR00117011,L13,U2OS,48,phenylbutazone,compound,BRD-K10843433-001-23-5,,"['cyclooxygenase inhibitor', 'prostanoid receptor antagonist']",2.572762,-1.9980236
BR00117011,L14,U2OS,48,deferasirox,compound,BRD-K97010173-001-04-1,,,1.181783,-4.2261214
BR00117011,L15,U2OS,48,DMSO,compound,,negcon,,5.0045485,-2.9179933
BR00117011,L16,U2OS,48,cediranib,compound,BRD-K86930074-001-05-0,,"['KIT inhibitor', 'VEGFR inhibitor']",-1.0929203,-1.574008
BR00117011,L17,U2OS,48,isoflurane,compound,BRD-A31564021-001-02-6,,,2.509523,-2.3636231
BR00117011,L18,U2OS,48,DMSO,compound,,negcon,,4.802442,-2.6858945
BR00117011,L19,U2OS,48,CCG-50014,compound,BRD-K08893438-001-06-4,,['G protein signaling inhibitor'],-1.7233682,-5.848136
BR00117011,L20,U2OS,48,PF-431396,compound,BRD-K93788137-001-04-1,,,0.5858006,-4.800104
BR00117011,L21,U2OS,48,TG-02,compound,BRD-K14560436-001-01-4,,"['CDK inhibitor', 'FLT3 inhibitor', 'JAK inhibitor']",-1.300993,-4.9886026
BR00117011,L22,U2OS,48,baclofen,compound,BRD-K01826724-003-07-9,,['benzodiazepine receptor agonist'],3.5372195,-1.0959711
BR00117011,L23,U2OS,48,thiostrepton,compound,BRD-A20697603-001-07-2,,['protein synthesis inhibitor'],-0.53299516,-4.0483413
BR00117011,L24,U2OS,48,flufenamic-acid,compound,BRD-K44067360-001-29-5,,,1.8048401,-1.0802174
BR00117011,M01,U2OS,48,DMSO,compound,,negcon,,3.7228599,-2.088694
BR00117011,M02,U2OS,48,LY2109761,compound,BRD-K47557313-001-02-7,,,-0.21189202,-2.3864405
BR00117011,M03,U2OS,48,olopatadine,compound,BRD-K67637637-003-11-8,,['histamine receptor antagonist'],3.2565331,-2.573701
BR00117011,M04,U2OS,48,DMSO,compound,,negcon,,4.394188,-3.0145261
BR00117011,M05,U2OS,48,castanospermine,compound,BRD-K20897876-001-11-8,,['glucosidase inhibitor'],3.5586655,-2.9406557
BR00117011,M06,U2OS,48,A205804,compound,BRD-K77627880-001-04-0,,['ICAM1 expression inhibitor'],1.2554525,-3.859495
BR00117011,M07,U2OS,48,VU591,compound,BRD-K72063794-003-01-0,,['potassium channel blocker'],2.5064275,-2.8694837
BR00117011,M08,U2OS,48,dalbavancin,compound,BRD-K30177383-001-01-0,,['bacterial cell wall synthesis inhibitor'],0.8121839,-2.0060096
BR00117011,M09,U2OS,48,CC-401,compound,BRD-K45746021-003-01-9,,['JNK inhibitor'],0.73637486,-2.1662943
BR00117011,M10,U2OS,48,ganetespib,compound,BRD-K38852836-001-04-9,poscon_diverse,['HSP inhibitor'],-1.817632,-5.556541
BR00117011,M11,U2OS,48,ingenol-mebutate,compound,BRD-K93779381-001-01-9,,,0.55363774,-1.2294672
BR00117011,M12,U2OS,48,menadione,compound,BRD-K78126613-001-27-7,,,-0.30960435,-4.507844
BR00117011,M13,U2OS,48,cetilistat,compound,BRD-K94863486-001-02-2,,,2.9741035,-2.9493103
BR00117011,M14,U2OS,48,methoxsalen,compound,BRD-K63430059-001-16-4,,['DNA synthesis inhibitor'],3.2644129,-3.2380786
BR00117011,M15,U2OS,48,cyclosporine,compound,BRD-K13533483-001-16-2,,,-0.17613214,-3.3440247
BR00117011,M16,U2OS,48,NSC-632839,compound,BRD-K81197548-003-01-4,poscon_cp,['ubiquitin specific protease inhibitor'],-1.9422455,-6.1595044
BR00117011,M17,U2OS,48,DMSO,compound,,negcon,,4.6307282,-3.2295294
BR00117011,M18,U2OS,48,TG-003,compound,BRD-K97072811-001-11-4,poscon_cp,,3.687285,-2.3741667
BR00117011,M19,U2OS,48,oxibendazole,compound,BRD-K52075715-001-06-7,,['tubulin polymerization inhibitor'],-2.0117152,-4.8566537
BR00117011,M20,U2OS,48,TG-101348,compound,BRD-K12502280-001-11-4,poscon_cp,"['JAK inhibitor', 'FLT3 inhibitor']",-2.2553372,-5.5426044
BR00117011,M21,U2OS,48,miglitol,compound,BRD-A63310107-001-04-8,,['glucosidase inhibitor'],2.440151,-2.0442414
BR00117011,M22,U2OS,48,DMSO,compound,,negcon,,4.949626,-2.8772447
BR00117011,M23,U2OS,48,DMSO,compound,,negcon,,4.617337,-2.4117074
BR00117011,M24,U2OS,48,tranilast,compound,BRD-K17849083-001-32-9,,,0.7098349,-1.2904671
BR00117011,N01,U2OS,48,4-methylhistamine,compound,BRD-K70821460-300-02-4,,['histamine receptor agonist'],2.8819697,-0.47799757
BR00117011,N02,U2OS,48,LDN-27219,compound,BRD-K51485109-001-01-4,,,2.2393909,-1.7522085
BR00117011,N03,U2OS,48,anisomycin,compound,BRD-K91370081-001-25-1,,['DNA synthesis inhibitor'],-1.6065884,-5.796989
BR00117011,N04,U2OS,48,thioguanine,compound,BRD-K49350383-001-13-7,poscon_diverse,,-0.21471597,-3.6066701
BR00117011,N05,U2OS,48,droxinostat,compound,BRD-K11558771-001-13-9,,['HDAC inhibitor'],1.7078444,-2.6282032
BR00117011,N06,U2OS,48,UNC2025,compound,BRD-K91283740-003-01-6,poscon_cp,['FLT3 inhibitor'],-1.7655246,-5.7213774
BR00117011,N07,U2OS,48,DMSO,compound,,negcon,,4.769305,-2.8596349
BR00117011,N08,U2OS,48,DMSO,compound,,negcon,,4.4461007,-2.427787
BR00117011,N09,U2OS,48,AMG900,compound,BRD-K21728777-001-02-3,poscon_cp,['Aurora kinase inhibitor'],0.7292844,-4.7160726
BR00117011,N10,U2OS,48,PF-06463922,compound,BRD-A23124853-001-01-4,,['ALK tyrosine kinase receptor inhibitor'],-0.12466756,-2.0699136
BR00117011,N11,U2OS,48,orantinib,compound,BRD-K55966568-001-09-6,poscon_cp,"['FGFR inhibitor', 'PDGFR tyrosine kinase receptor inhibitor', 'VEGFR inhibitor']",1.6468186,-1.5894228
BR00117011,N12,U2OS,48,fludarabine-phosphate,compound,BRD-K71106091-001-09-5,,['ribonucleotide reductase inhibitor'],0.842584,-4.4276056
BR00117011,N13,U2OS,48,ceritinib,compound,BRD-K22149900-001-06-2,,['ALK tyrosine kinase receptor inhibitor'],-0.4335295,-1.2031963
BR00117011,N14,U2OS,48,NVS-PAK1-1,compound,BRD-K28132190-001-02-0,poscon_cp,['p21 activated kinase inhibitor'],-0.6744404,-2.2055242
BR00117011,N15,U2OS,48,homoharringtonine,compound,BRD-K76674262-001-03-3,,['protein synthesis inhibitor'],-1.6181225,-5.790647
BR00117011,N16,U2OS,48,picrotoxinin,compound,BRD-K36461289-001-05-8,,['GABA receptor antagonist'],3.3621666,-2.18001
BR00117011,N17,U2OS,48,DMSO,compound,,negcon,,4.354552,-2.8756034
BR00117011,N18,U2OS,48,danusertib,compound,BRD-K07881437-001-03-8,poscon_diverse,"['growth factor receptor inhibitor', 'Aurora kinase inhibitor']",0.6472728,-4.4973984
BR00117011,N19,U2OS,48,romidepsin,compound,BRD-K61397605-001-01-8,poscon_cp,['HDAC inhibitor'],-1.5858572,-6.0260105
BR00117011,N20,U2OS,48,FERb-033,compound,BRD-K61642990-001-01-0,poscon_cp,['EGFR inhibitor'],0.9540197,-0.64620435
BR00117011,N21,U2OS,48,PF-03758309,compound,BRD-K37764012-001-03-3,poscon_diverse,['p21 activated kinase inhibitor'],-1.2841185,-4.979946
BR00117011,N22,U2OS,48,DMSO,compound,,negcon,,4.1464133,-2.6023486
BR00117011,N23,U2OS,48,trometamol,compound,BRD-K47978074-001-03-2,,,3.5714853,-1.2922951
BR00117011,N24,U2OS,48,simvastatin,compound,BRD-K22134346-001-22-3,,['HMGCR inhibitor'],-0.9111519,-2.6077082
BR00117011,O01,U2OS,48,zaprinast,compound,BRD-K16542329-001-16-8,,['phosphodiesterase inhibitor'],3.1306705,-0.6529013
BR00117011,O02,U2OS,48,dexamethasone,compound,BRD-A10188456-001-04-9,,['glucocorticoid receptor agonist'],1.2570546,-2.77627
BR00117011,O03,U2OS,48,salicylic-acid,compound,BRD-K93632104-001-17-2,,['cyclooxygenase inhibitor'],3.7209518,-2.9706624
BR00117011,O04,U2OS,48,diltiazem,compound,BRD-A69636825-003-04-7,,['calcium channel blocker'],-0.3906983,-1.0544463
BR00117011,O05,U2OS,48,phenolphthalein,compound,BRD-K19227686-001-18-6,,,3.7066128,-1.9559127
BR00117011,O06,U2OS,48,niflumic-acid,compound,BRD-K98763141-001-30-8,,['cyclooxygenase inhibitor'],3.3073738,-2.3771164
BR00117011,O07,U2OS,48,DMSO,compound,,negcon,,4.493203,-2.4737673
BR00117011,O08,U2OS,48,L-Cystine,compound,BRD-A15397381-001-02-5,,,2.4838455,-1.5453244
BR00117011,O09,U2OS,48,ozanimod,compound,BRD-K46625559-001-01-8,,['sphingosine 1 phosphate receptor agonist'],-0.31284148,-0.95669216
BR00117011,O10,U2OS,48,efaroxan,compound,BRD-A10739734-003-09-8,,['adrenergic receptor antagonist'],3.3742104,-2.1950903
BR00117011,O11,U2OS,48,NBQX,compound,BRD-K11796549-001-05-2,,['glutamate receptor antagonist'],3.4040918,-2.8098197
BR00117011,O12,U2OS,48,dinoprostone,compound,BRD-K26521938-001-07-2,,['prostanoid receptor agonist'],1.7358631,-3.087757
BR00117011,O13,U2OS,48,Ro-20-1724,compound,BRD-A07207424-001-14-0,,['phosphodiesterase inhibitor'],3.1159453,-2.3271842
BR00117011,O14,U2OS,48,xanomeline,compound,BRD-K72815923-034-02-0,,['acetylcholine receptor agonist'],2.8773613,-2.3651278
BR00117011,O15,U2OS,48,terazosin,compound,BRD-K01825589-310-02-9,,['adrenergic receptor antagonist'],2.9722636,-2.1377387
BR00117011,O16,U2OS,48,BVT-948,compound,BRD-K68567222-001-01-2,,,-0.9306101,-5.666274
BR00117011,O17,U2OS,48,nicotine,compound,BRD-K01825660-322-01-9,,['acetylcholine receptor agonist'],3.3393617,-1.8206166
BR00117011,O18,U2OS,48,DMSO,compound,,negcon,,5.0911818,-3.0300896
BR00117011,O19,U2OS,48,U-0521,compound,BRD-K08953028-001-09-6,,,1.15694,-1.9456558
BR00117011,O20,U2OS,48,BMS-587101,compound,BRD-K20093108-001-02-3,,,0.93524945,-1.9424653
BR00117011,O21,U2OS,48,nimodipine,compound,BRD-A58048407-001-20-4,,['calcium channel blocker'],1.4585396,-1.5084736
BR00117011,O22,U2OS,48,pyrrolidine-dithiocarbamate,compound,BRD-K80970344-201-08-6,,,-1.4021661,-6.2706127
BR00117011,O23,U2OS,48,PF-915275,compound,BRD-K18289362-001-02-2,,,1.2926611,-2.8230238
BR00117011,O24,U2OS,48,JTE-013,compound,BRD-K43330982-001-02-3,,,1.365971,-2.8047018
BR00117011,P01,U2OS,48,sodium-butyrate,compound,BRD-K05878375-236-05-7,,['HDAC inhibitor'],2.3967955,0.42438418
BR00117011,P02,U2OS,48,pentostatin,compound,BRD-K91543828-001-02-0,,['ribonucleotide reductase inhibitor'],2.7635918,-0.24745084
BR00117011,P03,U2OS,48,OMDM-2,compound,BRD-K48830578-001-01-9,,,1.8646334,-0.6471488
BR00117011,P04,U2OS,48,nalmefene,compound,BRD-A72767275-003-01-6,,,2.7327106,-0.42764637
BR00117011,P05,U2OS,48,DMSO,compound,,negcon,,3.1724048,-0.45179623
BR00117011,P06,U2OS,48,1-EBIO,compound,BRD-K70586315-001-02-4,,,2.6851294,-0.3869447
BR00117011,P07,U2OS,48,SB-505124,compound,BRD-K40109029-001-02-9,,['ALK tyrosine kinase receptor inhibitor'],1.0506165,-3.1594584
BR00117011,P08,U2OS,48,prasugrel,compound,BRD-A83029242-001-06-1,,['purinergic receptor antagonist'],2.2437825,-0.3937535
BR00117011,P09,U2OS,48,pidolic-acid,compound,BRD-K57313110-001-06-8,,,2.5352814,-0.4746984
BR00117011,P10,U2OS,48,DMSO,compound,,negcon,,2.923592,-0.12765236
BR00117011,P11,U2OS,48,nevirapine,compound,BRD-K15502390-001-20-9,,,2.5152528,-0.36317042
BR00117011,P12,U2OS,48,triamterene,compound,BRD-K92049597-001-20-8,,['sodium channel blocker'],2.4320261,-0.5739134
BR00117011,P13,U2OS,48,regorafenib,compound,BRD-K16730910-001-07-3,,"['PDGFR tyrosine kinase receptor inhibitor', 'RAF inhibitor', 'KIT inhibitor', 'RET tyrosine kinase inhibitor', 'FGFR inhibitor', 'VEGFR inhibitor']",0.68129075,-1.602102
BR00117011,P14,U2OS,48,cyclophosphamide,compound,BRD-A09722536-002-18-0,,,2.899082,-0.4674758
BR00117011,P15,U2OS,48,olanzapine,compound,BRD-K18895904-001-16-1,,"['dopamine receptor antagonist', 'serotonin receptor antagonist']",-0.42369315,-0.60506004
BR00117011,P16,U2OS,48,KI-16425,compound,BRD-A25569250-001-03-3,,['lysophosphatidic acid receptor antagonist'],2.5687447,-0.29357758
BR00117011,P17,U2OS,48,SKLB1002,compound,BRD-K29895144-001-01-0,,['VEGFR inhibitor'],0.751094,-4.419466
BR00117011,P18,U2OS,48,cilostazol,compound,BRD-K67017579-001-28-1,,['phosphodiesterase inhibitor'],2.3304996,-0.5964208
BR00117011,P19,U2OS,48,AZD1283,compound,BRD-K77060810-001-01-5,,['purinergic receptor antagonist'],2.537782,-1.0263151
BR00117011,P20,U2OS,48,A-987306,compound,BRD-K68982262-001-01-4,,['histamine receptor antagonist'],-0.62213486,-0.6409194
BR00117011,P21,U2OS,48,procaine,compound,BRD-K24616672-003-20-1,,['HMGCR inhibitor'],2.2807927,-0.5305894
BR00117011,P22,U2OS,48,miconazole,compound,BRD-A82396632-008-30-8,,['bacterial cell wall synthesis inhibitor'],1.324912,-0.75461173
BR00117011,P23,U2OS,48,loperamide,compound,BRD-K61250553-003-30-6,,,-0.047153953,-0.572577
BR00117011,P24,U2OS,48,aripiprazole,compound,BRD-K70358946-001-17-3,,['serotonin receptor antagonist'],0.3955504,-0.15481673
BR00117012,A01,U2OS,48,gabapentin-enacarbil,compound,BRD-A86665761-001-01-1,,,2.5171604,-4.512125
BR00117012,A02,U2OS,48,DMSO,compound,,negcon,,2.989865,-4.659221
BR00117012,A03,U2OS,48,amlodipine,compound,BRD-A22032524-074-09-9,,['calcium channel blocker'],1.5880007,-4.52422
BR00117012,A04,U2OS,48,hexestrol,compound,BRD-A01078468-001-14-8,,,2.1511836,-4.525821
BR00117012,A05,U2OS,48,quinine,compound,BRD-K48278478-001-01-2,,,1.8465075,-3.7596753
BR00117012,A06,U2OS,48,LOXO-101,compound,BRD-K36574127-001-01-3,,,2.0858014,-4.297639
BR00117012,A07,U2OS,48,brinzolamide,compound,BRD-K74913225-001-14-0,,['carbonic anhydrase inhibitor'],2.0802999,-4.500555
BR00117012,A08,U2OS,48,NS-11021,compound,BRD-K94342292-001-01-3,,['calcium-activated potassium channel activator'],0.37513652,-3.6426585
BR00117012,A09,U2OS,48,DMSO,compound,,negcon,,3.9694097,-3.886088
BR00117012,A10,U2OS,48,GNF-5837,compound,BRD-K19975102-001-01-2,,['growth factor receptor inhibitor'],1.8216509,-2.058918
BR00117012,A11,U2OS,48,apatinib,compound,BRD-K25244359-066-02-6,,['RET tyrosine kinase inhibitor'],-0.6046841,-1.0608087
BR00117012,A12,U2OS,48,ethoxzolamide,compound,BRD-K18131774-001-18-4,,['carbonic anhydrase inhibitor'],3.2503366,-3.9561856
BR00117012,A13,U2OS,48,ascorbic-acid,compound,BRD-A85242401-001-11-5,,,2.1044316,-4.0401187
BR00117012,A14,U2OS,48,ryuvidine,compound,BRD-K06426971-001-02-7,,['histone lysine methyltransferase inhibitor'],-1.0631267,-6.1767225
BR00117012,A15,U2OS,48,BAN-ORL-24,compound,BRD-K47049295-300-03-1,,,-1.1275731,-2.1951785
BR00117012,A16,U2OS,48,NNC-55-0396,compound,BRD-K78122587-300-04-3,,,-0.92366225,-1.3761725
BR00117012,A17,U2OS,48,DMSO,compound,,negcon,,3.8107207,-3.9572067
BR00117012,A18,U2OS,48,WH-4-023,compound,BRD-K50199947-001-03-4,,['src inhibitor'],-1.1548914,-2.2056007
BR00117012,A19,U2OS,48,flupirtine,compound,BRD-K50720187-051-03-1,,['glutamate receptor antagonist'],1.9970187,-4.06437
BR00117012,A20,U2OS,48,ZK811752,compound,BRD-K91825936-001-03-9,,,2.3788357,-4.199556
BR00117012,A21,U2OS,48,dexamethasone,compound,BRD-K38775274-001-22-1,,['glucocorticoid receptor agonist'],2.5231993,-4.0505443
BR00117012,A22,U2OS,48,PP-1,compound,BRD-K47598052-001-14-1,,['src inhibitor'],-0.8345518,-3.2751312
BR00117012,A23,U2OS,48,DDR1-IN-1,compound,BRD-K61845293-300-01-9,,,-0.8644568,-0.9843578
BR00117012,A24,U2OS,48,AVL-292,compound,BRD-K87782578-001-01-4,,"[""Bruton's tyrosine kinase (BTK) inhibitor""]",-0.47710162,-4.8036485
BR00117012,B01,U2OS,48,H2L-5765834,compound,BRD-K26439554-001-01-3,,['lysophosphatidic acid receptor antagonist'],2.1751409,-0.63333863
BR00117012,B02,U2OS,48,thiostrepton,compound,BRD-K58049875-001-03-9,,['protein synthesis inhibitor'],-2.1333244,-6.316461
BR00117012,B03,U2OS,48,DMSO,compound,,negcon,,3.6390045,-2.9878972
BR00117012,B04,U2OS,48,arcyriaflavin-a,compound,BRD-K72726508-001-02-1,,['CDK inhibitor'],-0.40609136,-3.0303497
BR00117012,B05,U2OS,48,CYM-5520,compound,BRD-K29151923-001-01-5,,['sphingosine 1 phosphate receptor agonist'],1.5485268,-2.3666625
BR00117012,B06,U2OS,48,fludarabine,compound,BRD-K66788707-001-14-3,,['ribonucleotide reductase inhibitor'],1.3880329,-4.058148
BR00117012,B07,U2OS,48,alda-1,compound,BRD-K06890060-001-09-1,,,2.9328113,-2.4416938
BR00117012,B08,U2OS,48,meclofenamic-acid,compound,BRD-K50398167-236-22-7,,"['cyclooxygenase inhibitor', 'prostanoid receptor antagonist']",3.098235,-3.1430929
BR00117012,B09,U2OS,48,GNF-5,compound,BRD-K87632963-001-03-0,,['Bcr-Abl kinase inhibitor'],1.152781,-0.8730252
BR00117012,B10,U2OS,48,NS-309,compound,BRD-K37602296-001-01-6,,['calcium-activated potassium channel activator'],2.0723236,-1.795769
BR00117012,B11,U2OS,48,AK-7,compound,BRD-K09143580-001-01-0,,['SIRT inhibitor'],1.6130897,-1.1192254
BR00117012,B12,U2OS,48,BVT-948,compound,BRD-A22713669-001-04-3,,,-1.3738486,-6.7043953
BR00117012,B13,U2OS,48,SirReal-2,compound,BRD-K16472653-001-01-6,,['SIRT inhibitor'],1.1553245,-1.6142662
BR00117012,B14,U2OS,48,DMSO,compound,,negcon,,3.8254888,-3.5370588
BR00117012,B15,U2OS,48,BMS-536924,compound,BRD-K34581968-001-05-3,,['IGF-1 inhibitor'],-0.8223238,-3.4197466
BR00117012,B16,U2OS,48,PP-121,compound,BRD-K81801188-001-02-8,,['protein tyrosine kinase inhibitor'],-1.2475094,-5.2437916
BR00117012,B17,U2OS,48,MCOPPB,compound,BRD-K73276278-305-01-1,,,-1.290472,-1.5104467
BR00117012,B18,U2OS,48,ozagrel,compound,BRD-K53061490-003-13-9,,,3.5435154,-3.450895
BR00117012,B19,U2OS,48,CYM-5442,compound,BRD-A43005764-003-01-5,,['sphingosine 1 phosphate receptor agonist'],-0.9462399,-1.1181115
BR00117012,B20,U2OS,48,CVT-10216,compound,BRD-K60659193-001-01-0,,,3.3950546,-3.9989038
BR00117012,B21,U2OS,48,TCN201,compound,BRD-K09787262-001-02-7,,['glutamate receptor antagonist'],3.1081178,-3.924475
BR00117012,B22,U2OS,48,fomepizole,compound,BRD-K56810756-003-07-7,,['alcohol dehydrogenase inhibitor'],2.5705464,-3.8046193
BR00117012,B23,U2OS,48,benzamil,compound,BRD-K87158025-003-08-7,,['sodium channel blocker'],2.1980903,-3.3850648
BR00117012,B24,U2OS,48,lercanidipine,compound,BRD-A18992208-003-02-7,,['calcium channel blocker'],2.3387082,-3.756776
BR00117012,C01,U2OS,48,4-CMTB,compound,BRD-A54139254-001-09-2,,['free fatty acid receptor agonist'],2.5841236,-4.428287
BR00117012,C02,U2OS,48,ML-228,compound,BRD-K44432556-001-05-5,,,2.6154032,-4.865428
BR00117012,C03,U2OS,48,DMSO,compound,,negcon,,2.9995248,-4.7924347
BR00117012,C04,U2OS,48,GSK1070916,compound,BRD-K36740062-001-06-6,,['Aurora kinase inhibitor'],0.3759375,-4.587897
BR00117012,C05,U2OS,48,ML-193,compound,BRD-K27539181-001-08-5,,,2.2742684,-4.3772597
BR00117012,C06,U2OS,48,DMSO,compound,,negcon,,3.3298442,-4.7258744
BR00117012,C07,U2OS,48,M-25,compound,BRD-K51265828-001-01-0,,['smoothened receptor antagonist'],2.4608583,-4.4799247
BR00117012,C08,U2OS,48,azeliragon,compound,BRD-K51899933-001-02-6,,['RAGE receptor antagonist'],-1.1281341,-5.5741186
BR00117012,C09,U2OS,48,CYT-997,compound,BRD-K23363278-001-02-1,poscon_diverse,['tubulin polymerization inhibitor'],-0.92754716,-5.762804
BR00117012,C10,U2OS,48,AR-12,compound,BRD-K90497590-001-05-9,,,-1.0801543,-5.912417
BR00117012,C11,U2OS,48,CYM-50260,compound,BRD-K69877120-001-01-7,,['sphingosine 1 phosphate receptor agonist'],2.6408508,-3.8254063
BR00117012,C12,U2OS,48,DMSO,compound,,negcon,,3.28343,-4.4420886
BR00117012,C13,U2OS,48,KG-5,compound,BRD-K90747162-001-01-4,poscon_cp,['RAF inhibitor'],-0.81574017,-4.558219
BR00117012,C14,U2OS,48,JTE-607,compound,BRD-K81405859-300-01-4,,,0.58968645,-4.6642203
BR00117012,C15,U2OS,48,DMSO,compound,,negcon,,3.8816628,-3.9857535
BR00117012,C16,U2OS,48,ilomastat,compound,BRD-K51662849-001-05-4,,['matrix metalloprotease inhibitor'],2.5047708,-4.1322255
BR00117012,C17,U2OS,48,RX-821002,compound,BRD-A65597028-003-08-1,,['adrenergic receptor antagonist'],3.078149,-3.9717245
BR00117012,C18,U2OS,48,DMSO,compound,,negcon,,3.846046,-4.263249
BR00117012,C19,U2OS,48,TUG-891,compound,BRD-K24282351-001-01-4,,['free fatty acid receptor agonist'],3.0805395,-4.134356
BR00117012,C20,U2OS,48,ponatinib,compound,BRD-K44227013-001-08-0,,"['PDGFR tyrosine kinase receptor inhibitor', 'FLT3 inhibitor', 'Bcr-Abl kinase inhibitor']",-1.0183337,-5.844072
BR00117012,C21,U2OS,48,DMSO,compound,,negcon,,3.8080425,-4.170626
BR00117012,C22,U2OS,48,puromycin,compound,BRD-K01824976-300-02-9,,['protein synthesis inhibitor'],-1.1025417,-6.139621
BR00117012,C23,U2OS,48,SRC-kinase-inhibitor-I,compound,BRD-K50495309-001-02-0,,['src inhibitor'],-1.0027955,-1.248716
BR00117012,C24,U2OS,48,acetylcysteine,compound,BRD-K59058747-001-19-1,,,2.5450344,-3.8815
BR00117012,D01,U2OS,48,NSC-625987,compound,BRD-K62949423-001-03-1,,['CDK inhibitor'],2.2244256,-0.68466717
BR00117012,D02,U2OS,48,dalfampridine,compound,BRD-K22482860-001-20-6,,['potassium channel blocker'],3.2996442,-3.0040975
BR00117012,D03,U2OS,48,NSC-95397,compound,BRD-K68143200-001-11-7,,['CDC inhibitor'],-1.7363102,-6.118403
BR00117012,D04,U2OS,48,alrestatin,compound,BRD-K35498378-001-06-1,,['aldose reductase inhibitor'],3.327484,-2.7038567
BR00117012,D05,U2OS,48,PF-03758309,compound,BRD-K37764012-001-03-3,poscon_diverse,['p21 activated kinase inhibitor'],3.628224,-2.8839147
BR00117012,D06,U2OS,48,IRL-2500,compound,BRD-K98357249-001-02-9,,['endothelin receptor antagonist'],3.6004744,-2.917004
BR00117012,D07,U2OS,48,PF-04217903,compound,BRD-K73319509-001-08-0,poscon_cp,,3.987491,-3.3505256
BR00117012,D08,U2OS,48,FK-866,compound,BRD-K58550667-001-08-7,poscon_diverse,,-0.2133876,-6.4095283
BR00117012,D09,U2OS,48,amlexanox,compound,BRD-K29530284-001-06-2,,,2.0163438,-2.936179
BR00117012,D10,U2OS,48,GW-311616,compound,BRD-K37864785-001-01-0,,['elastase inhibitor'],1.3431225,-2.4616075
BR00117012,D11,U2OS,48,buparlisib,compound,BRD-K42191735-001-08-7,poscon_diverse,,-1.6550096,-4.9115396
BR00117012,D12,U2OS,48,amiloride,compound,BRD-K97181089-003-24-7,,['sodium channel blocker'],1.6113445,-2.11092
BR00117012,D13,U2OS,48,DG-172,compound,BRD-K75748943-300-01-3,,,-0.6903928,-0.8129549
BR00117012,D14,U2OS,48,DMSO,compound,,negcon,,3.6223536,-3.5228164
BR00117012,D15,U2OS,48,DMSO,compound,,negcon,,4.056163,-3.8216147
BR00117012,D16,U2OS,48,NVP-ADW742,compound,BRD-K15179513-001-04-2,poscon_cp,,-1.4213862,-1.6001987
BR00117012,D17,U2OS,48,misoprostol,compound,BRD-A72351335-001-04-5,,['prostanoid receptor agonist'],1.4967467,-3.8652189
BR00117012,D18,U2OS,48,conivaptan,compound,BRD-K37385792-003-02-1,,,-0.40753442,-1.0920204
BR00117012,D19,U2OS,48,spiroxatrine,compound,BRD-A72483914-001-03-7,,['serotonin receptor antagonist'],2.704775,-3.7022665
BR00117012,D20,U2OS,48,diacerein,compound,BRD-K69122748-001-10-1,,,3.6033502,-4.034223
BR00117012,D21,U2OS,48,DMSO,compound,,negcon,,3.7234335,-4.151724
BR00117012,D22,U2OS,48,DMSO,compound,,negcon,,3.8883822,-4.1758
BR00117012,D23,U2OS,48,glyburide,compound,BRD-K36927236-001-36-7,,['ATP channel blocker'],2.838773,-4.1430845
BR00117012,D24,U2OS,48,ANR-94,compound,BRD-K31170746-001-01-6,,,2.5580473,-3.9635627
BR00117012,E01,U2OS,48,TFC-007,compound,BRD-K57708067-001-01-3,,,2.6194556,-4.9216714
BR00117012,E02,U2OS,48,trihexyphenidyl,compound,BRD-A48180038-003-24-3,,['acetylcholine receptor antagonist'],2.5111382,-4.8184857
BR00117012,E03,U2OS,48,epoprostenol,compound,BRD-K64054020-001-02-7,,,2.6549113,-4.788387
BR00117012,E04,U2OS,48,sacubitril,compound,BRD-K91456750-001-01-9,,,2.2311957,-4.4741907
BR00117012,E05,U2OS,48,danusertib,compound,BRD-K07881437-001-03-8,poscon_diverse,"['growth factor receptor inhibitor', 'Aurora kinase inhibitor']",0.46675837,-4.550104
BR00117012,E06,U2OS,48,CYT-997,compound,BRD-K23363278-001-02-1,poscon_diverse,['tubulin polymerization inhibitor'],-1.1682308,-5.4569607
BR00117012,E07,U2OS,48,DMSO,compound,,negcon,,3.5248988,-4.6278286
BR00117012,E08,U2OS,48,BQ-788,compound,BRD-K02490038-236-03-8,,['endothelin receptor antagonist'],3.0407817,-4.5670967
BR00117012,E09,U2OS,48,SB-202190,compound,BRD-K54330070-001-19-6,poscon_orf,['p38 MAPK inhibitor'],0.39386418,-2.7606528
BR00117012,E10,U2OS,48,GSK2110183,compound,BRD-K25412176-001-01-9,poscon_diverse,,0.3112278,-2.1659837
BR00117012,E11,U2OS,48,GSK3787,compound,BRD-K03155172-001-03-0,,['PPAR receptor antagonist'],3.1360085,-3.9890406
BR00117012,E12,U2OS,48,BAM7,compound,BRD-K07442505-001-03-6,,,2.6851747,-3.9213657
BR00117012,E13,U2OS,48,PHA-793887,compound,BRD-K64800655-001-09-0,poscon_diverse,['CDK inhibitor'],-0.88298035,-5.2759066
BR00117012,E14,U2OS,48,DMSO,compound,,negcon,,3.9522817,-4.0308795
BR00117012,E15,U2OS,48,GSK-37647,compound,BRD-K26514105-001-01-7,,['free fatty acid receptor agonist'],2.4395726,-3.9664903
BR00117012,E16,U2OS,48,desonide,compound,BRD-K21528677-001-04-4,,['glucocorticoid receptor agonist'],3.186724,-4.300429
BR00117012,E17,U2OS,48,DMSO,compound,,negcon,,3.8176315,-4.261047
BR00117012,E18,U2OS,48,aloxistatin,compound,BRD-K91188791-001-17-5,,,-0.92086935,-0.64416367
BR00117012,E19,U2OS,48,azathioprine,compound,BRD-K32821942-001-22-1,,,2.9884863,-4.017293
BR00117012,E20,U2OS,48,ZK-93423,compound,BRD-K33882852-003-02-8,poscon_diverse,['benzodiazepine receptor agonist'],2.3372843,-3.8441615
BR00117012,E21,U2OS,48,BI-2536,compound,BRD-K64890080-001-02-1,poscon_diverse,,-0.9649347,-5.272165
BR00117012,E22,U2OS,48,EI1,compound,BRD-K91535048-001-01-2,poscon_cp,['histone lysine methyltransferase inhibitor'],2.8157287,-4.1837707
BR00117012,E23,U2OS,48,NVP-HSP990,compound,BRD-K67915505-001-01-2,,['HSP inhibitor'],-1.0670723,-5.4354863
BR00117012,E24,U2OS,48,DMSO,compound,,negcon,,3.1268458,-4.160548
BR00117012,F01,U2OS,48,DMSO,compound,,negcon,,4.203257,-2.4470365
BR00117012,F02,U2OS,48,nialamide,compound,BRD-K12102668-001-25-5,,,3.397415,-2.680104
BR00117012,F03,U2OS,48,DMSO,compound,,negcon,,3.9468987,-3.683915
BR00117012,F04,U2OS,48,arundic-acid,compound,BRD-K49223707-001-01-0,,,3.8471706,-3.0799618
BR00117012,F05,U2OS,48,torcitabine,compound,BRD-K91822704-003-07-2,,,3.658594,-3.3579457
BR00117012,F06,U2OS,48,DMSO,compound,,negcon,,3.9185772,-3.4516125
BR00117012,F07,U2OS,48,epothilone-b,compound,BRD-K68164687-001-01-6,,"['microtubule stabilizing agent', 'tubulin polymerization inhibitor']",-1.6700507,-4.1272416
BR00117012,F08,U2OS,48,dyphylline,compound,BRD-A00827783-001-24-6,,['phosphodiesterase inhibitor'],3.0513315,-2.7567806
BR00117012,F09,U2OS,48,DMSO,compound,,negcon,,3.7194967,-3.373756
BR00117012,F10,U2OS,48,quinidine,compound,BRD-K59632282-052-03-1,,['sodium channel blocker'],1.3453184,-3.0550752
BR00117012,F11,U2OS,48,halopemide,compound,BRD-K50055394-001-03-6,,,0.82274395,-1.9553692
BR00117012,F12,U2OS,48,sulfinpyrazone,compound,BRD-A36217750-001-16-3,,,3.2277915,-2.9139707
BR00117012,F13,U2OS,48,ML-323,compound,BRD-K93942811-001-01-3,poscon_cp,['ubiquitin specific protease inhibitor'],1.0664756,-1.252357
BR00117012,F14,U2OS,48,racecadotril,compound,BRD-A08187463-001-12-9,,,3.2729108,-3.2831311
BR00117012,F15,U2OS,48,BRL-50481,compound,BRD-K84266862-001-03-2,,['phosphodiesterase inhibitor'],2.7202756,-3.4702504
BR00117012,F16,U2OS,48,GSK2110183,compound,BRD-K25412176-001-01-9,poscon_diverse,,0.24916367,-1.8089591
BR00117012,F17,U2OS,48,bufexamac,compound,BRD-K36660044-001-24-2,,['cyclooxygenase inhibitor'],1.6602123,-2.6721334
BR00117012,F18,U2OS,48,anandamide,compound,BRD-K42352790-001-05-3,,,2.7294626,-3.5447078
BR00117012,F19,U2OS,48,thioguanine,compound,BRD-K49350383-001-13-7,poscon_diverse,,-0.11143619,-3.663117
BR00117012,F20,U2OS,48,IWP-L6,compound,BRD-K53234107-001-01-6,,['porcupine inhibitor'],2.5133872,-3.5456295
BR00117012,F21,U2OS,48,edoxaban,compound,BRD-K29322660-001-01-9,,['coagulation factor inhibitor'],2.583091,-3.788112
BR00117012,F22,U2OS,48,lonafarnib,compound,BRD-K41599323-001-02-3,poscon_diverse,,-0.07852588,-3.3424182
BR00117012,F23,U2OS,48,ibutamoren,compound,BRD-K44771174-066-01-0,,,2.8848944,-4.227713
BR00117012,F24,U2OS,48,somatostatin,compound,BRD-K14681867-001-01-6,,['somatostatin receptor agonist'],2.7003891,-4.277974
BR00117012,G01,U2OS,48,L-proline,compound,BRD-K01666412-001-02-0,,,2.513542,-4.285499
BR00117012,G02,U2OS,48,zamifenacin,compound,BRD-K80451230-051-02-6,,['acetylcholine receptor antagonist'],2.5716746,-4.890874
BR00117012,G03,U2OS,48,YC-1,compound,BRD-K60476892-001-16-1,,,-0.86007893,-5.4363027
BR00117012,G04,U2OS,48,DMSO,compound,,negcon,,4.179574,-4.179289
BR00117012,G05,U2OS,48,ME-0328,compound,BRD-K24283677-001-01-9,,['PPAR receptor antagonist'],2.5636964,-4.969758
BR00117012,G06,U2OS,48,NSC-663284,compound,BRD-K03109492-001-02-2,,['CDC inhibitor'],-1.1936848,-6.351784
BR00117012,G07,U2OS,48,CYM-50358,compound,BRD-K80666802-003-01-0,,,2.5404916,-5.04231
BR00117012,G08,U2OS,48,trazodone,compound,BRD-K70778732-003-27-5,,"['adrenergic receptor antagonist', 'serotonin receptor antagonist']",2.3721716,-4.463974
BR00117012,G09,U2OS,48,DMSO,compound,,negcon,,3.451529,-4.7003927
BR00117012,G10,U2OS,48,DMSO,compound,,negcon,,3.3942919,-4.671912
BR00117012,G11,U2OS,48,sulfasalazine,compound,BRD-K10670311-001-17-1,,['cyclooxygenase inhibitor'],2.7839317,-4.812114
BR00117012,G12,U2OS,48,"2,5-furandimethanol",compound,BRD-K29791386-001-01-8,,,2.8941052,-4.599094
BR00117012,G13,U2OS,48,DMSO,compound,,negcon,,3.3005714,-4.50819
BR00117012,G14,U2OS,48,dilazep,compound,BRD-K48722258-300-11-0,,,3.1880422,-4.292724
BR00117012,G15,U2OS,48,felodipine,compound,BRD-A30815329-001-12-1,,['calcium channel blocker'],2.460867,-4.3101735
BR00117012,G16,U2OS,48,paliperidone,compound,BRD-A99888680-001-05-3,,"['dopamine receptor antagonist', 'serotonin receptor antagonist']",2.935532,-4.436115
BR00117012,G17,U2OS,48,purvalanol-a,compound,BRD-K50836978-001-03-3,poscon_orf,['CDK inhibitor'],1.4439044,-4.2716913
BR00117012,G18,U2OS,48,DMSO,compound,,negcon,,3.372483,-4.510082
BR00117012,G19,U2OS,48,Ro-1138452,compound,BRD-K77220725-003-01-5,,['prostanoid receptor antagonist'],2.7550957,-4.4131556
BR00117012,G20,U2OS,48,sorbinil,compound,BRD-A89164055-001-03-3,,['aldose reductase inhibitor'],2.6643226,-4.344183
BR00117012,G21,U2OS,48,TC-S-7004,compound,BRD-K89517477-001-01-4,poscon_cp,['DYRK inhibitor'],2.1926284,-4.1215935
BR00117012,G22,U2OS,48,saclofen,compound,BRD-A24122750-001-03-7,,['GABA receptor antagonist'],3.0117922,-4.1427917
BR00117012,G23,U2OS,48,BAY-87-2243,compound,BRD-K70463136-001-01-5,,,2.4141276,-3.8784847
BR00117012,G24,U2OS,48,ibudilast,compound,BRD-K16444452-001-09-1,,['phosphodiesterase inhibitor'],2.8568966,-4.0668154
BR00117012,H01,U2OS,48,briciclib,compound,BRD-K05531427-001-01-7,,,-2.2724104,-4.838821
BR00117012,H02,U2OS,48,2-Oleoylglycerol,compound,BRD-K77087341-001-02-4,,,3.7037742,-2.385269
BR00117012,H03,U2OS,48,RGFP966,compound,BRD-K61688984-001-02-9,poscon_cp,['HDAC inhibitor'],0.5689349,-3.1468062
BR00117012,H04,U2OS,48,DMSO,compound,,negcon,,3.8273556,-3.2102878
BR00117012,H05,U2OS,48,azacitidine,compound,BRD-K03406345-001-21-1,poscon_diverse,,1.5226425,-3.6688864
BR00117012,H06,U2OS,48,N6-cyclopentyladenosine,compound,BRD-K60150510-001-15-6,,,2.9265423,-3.1196067
BR00117012,H07,U2OS,48,filgotinib,compound,BRD-K16803204-001-01-6,poscon_cp,['JAK inhibitor'],1.3566139,-3.3243477
BR00117012,H08,U2OS,48,guanidine,compound,BRD-K76037122-001-02-5,,['HSP inhibitor'],2.067707,-2.647356
BR00117012,H09,U2OS,48,coumarin,compound,BRD-K23913458-001-20-7,,,1.8063825,-2.5553992
BR00117012,H10,U2OS,48,DMSO,compound,,negcon,,4.0857916,-3.6056952
BR00117012,H11,U2OS,48,ZM-336372,compound,BRD-K73789395-001-09-9,poscon_orf,['RAF inhibitor'],2.2767754,-2.033531
BR00117012,H12,U2OS,48,citric-acid,compound,BRD-K76792669-001-08-1,,['coagulation factor inhibitor'],1.4542115,-3.111772
BR00117012,H13,U2OS,48,DMSO,compound,,negcon,,3.951134,-3.8190937
BR00117012,H14,U2OS,48,CCG-63802,compound,BRD-K26970495-001-02-7,,['G protein signaling inhibitor'],1.384587,-3.2475882
BR00117012,H15,U2OS,48,ibutilide,compound,BRD-A74391928-051-03-9,,['potassium channel blocker'],1.2669792,-2.2871406
BR00117012,H16,U2OS,48,batimastat,compound,BRD-K82818427-001-04-8,,['matrix metalloprotease inhibitor'],0.975439,-3.0141356
BR00117012,H17,U2OS,48,DMSO,compound,,negcon,,3.9833283,-4.252606
BR00117012,H18,U2OS,48,DMSO,compound,,negcon,,3.9177434,-3.949667
BR00117012,H19,U2OS,48,UNC1999,compound,BRD-K26989966-001-04-3,poscon_cp,['histone lysine methyltransferase inhibitor'],-1.593289,-5.734767
BR00117012,H20,U2OS,48,glutamine-(l),compound,BRD-K83896451-001-06-7,,,2.9964824,-4.0783973
BR00117012,H21,U2OS,48,PD-98059,compound,BRD-K62810658-001-11-4,poscon_orf,,2.9109266,-4.1169205
BR00117012,H22,U2OS,48,enilconazole,compound,BRD-K01825690-065-01-9,,,2.923927,-4.3121047
BR00117012,H23,U2OS,48,N-alpha-Methylhistamine-dihydrochloride,compound,BRD-K75390981-300-04-9,,['histamine receptor agonist'],3.3572943,-3.9026248
BR00117012,H24,U2OS,48,GK921,compound,BRD-K38272302-001-02-7,,,-0.7986328,-5.412086
BR00117012,I01,U2OS,48,nilvadipine,compound,BRD-A84687895-001-03-2,,['calcium channel blocker'],2.611455,-4.497938
BR00117012,I02,U2OS,48,DMSO,compound,,negcon,,3.4099903,-4.664282
BR00117012,I03,U2OS,48,AC-710,compound,BRD-K15819326-001-01-6,,['PDGFR tyrosine kinase receptor inhibitor'],-0.4069949,-1.2962674
BR00117012,I04,U2OS,48,PETCM,compound,BRD-A93477898-001-04-2,,,2.3359444,-4.3957787
BR00117012,I05,U2OS,48,AZD7762,compound,BRD-K86525559-001-07-8,poscon_diverse,['CHK inhibitor'],-1.204378,-5.9765687
BR00117012,I06,U2OS,48,PHA-793887,compound,BRD-K64800655-001-09-0,poscon_diverse,['CDK inhibitor'],-0.7650686,-5.4268785
BR00117012,I07,U2OS,48,KU-60019,compound,BRD-K36016295-001-05-2,,['ATM kinase inhibitor'],-0.4811968,-5.2989273
BR00117012,I08,U2OS,48,nafamostat,compound,BRD-K06674495-334-04-0,,,2.2255425,-4.4802604
BR00117012,I09,U2OS,48,DMSO,compound,,negcon,,3.7048943,-4.3620152
BR00117012,I10,U2OS,48,DMSO,compound,,negcon,,3.913718,-4.2170663
BR00117012,I11,U2OS,48,taladegib,compound,BRD-K50498985-001-03-3,,['smoothened receptor antagonist'],3.1248546,-4.014704
BR00117012,I12,U2OS,48,acetohexamide,compound,BRD-K52960356-001-13-0,,['ATP channel blocker'],3.3385203,-4.099746
BR00117012,I13,U2OS,48,minocycline,compound,BRD-A69651145-003-11-4,,,2.0181887,-3.8529418
BR00117012,I14,U2OS,48,BI-2536,compound,BRD-K64890080-001-02-1,poscon_diverse,,-1.1104586,-5.3175454
BR00117012,I15,U2OS,48,riociguat,compound,BRD-K84783599-001-01-0,,,3.4425275,-4.117904
BR00117012,I16,U2OS,48,CP-724714,compound,BRD-K76908866-001-07-6,poscon_cp,"['EGFR inhibitor', 'protein tyrosine kinase inhibitor']",1.8832679,-3.98212
BR00117012,I17,U2OS,48,ganetespib,compound,BRD-K38852836-001-04-9,poscon_diverse,['HSP inhibitor'],-0.9911048,-5.491263
BR00117012,I18,U2OS,48,AZ191,compound,BRD-K80935598-001-01-1,poscon_cp,['DYRK inhibitor'],-1.1214626,-1.7643211
BR00117012,I19,U2OS,48,BAX-channel-blocker,compound,BRD-A18763547-300-06-3,,,-0.7732732,-5.1659193
BR00117012,I20,U2OS,48,SU3327,compound,BRD-K32730239-001-01-0,,['JNK inhibitor'],-1.1937752,-6.03908
BR00117012,I21,U2OS,48,DMSO,compound,,negcon,,3.4977424,-4.1907315
BR00117012,I22,U2OS,48,DMSO,compound,,negcon,,3.7153358,-4.0334296
BR00117012,I23,U2OS,48,octreotide,compound,BRD-A64173453-015-03-1,,['somatostatin receptor agonist'],2.8550081,-4.1721354
BR00117012,I24,U2OS,48,1-octanol,compound,BRD-K09338665-001-08-9,,,2.78149,-4.2119503
BR00117012,J01,U2OS,48,acalabrutinib,compound,BRD-K64034691-001-01-9,,"[""Bruton's tyrosine kinase (BTK) inhibitor""]",2.7026782,-0.33345595
BR00117012,J02,U2OS,48,rifamycin,compound,BRD-K38512030-001-01-7,,,3.664207,-3.0415323
BR00117012,J03,U2OS,48,pazopanib,compound,BRD-K74514084-003-09-2,,"['KIT inhibitor', 'VEGFR inhibitor', 'PDGFR tyrosine kinase receptor inhibitor']",0.40065265,-2.4972498
BR00117012,J04,U2OS,48,RKI-1447,compound,BRD-K19333160-001-01-3,poscon_cp,,-0.3084922,-1.5227475
BR00117012,J05,U2OS,48,vitamin-E,compound,BRD-K97091514-001-11-4,,['PKC inhibitor'],2.6584108,-2.74505
BR00117012,J06,U2OS,48,lonafarnib,compound,BRD-K41599323-001-02-3,poscon_diverse,,-0.13274029,-2.9680555
BR00117012,J07,U2OS,48,ethyl-pyruvate,compound,BRD-K47738867-001-01-5,,,1.5435479,-2.2921045
BR00117012,J08,U2OS,48,picrotin,compound,BRD-A91822151-001-05-0,,['GABA receptor antagonist'],2.238807,-2.536584
BR00117012,J09,U2OS,48,SGX523,compound,BRD-K19477839-001-07-6,poscon_cp,,0.2695153,-1.8615425
BR00117012,J10,U2OS,48,PP-2,compound,BRD-K95785537-001-22-3,,['src inhibitor'],-0.82241577,-2.9628274
BR00117012,J11,U2OS,48,ME-0328,compound,BRD-A63444178-001-01-5,,['PPAR receptor antagonist'],1.7814574,-2.9741557
BR00117012,J12,U2OS,48,AZD9668,compound,BRD-K31476763-001-01-5,,['elastase inhibitor'],1.7678493,-2.5621834
BR00117012,J13,U2OS,48,NQDI-1,compound,BRD-K61918008-001-07-1,,,0.8633472,-1.3013914
BR00117012,J14,U2OS,48,DMSO,compound,,negcon,,3.8223555,-3.8426793
BR00117012,J15,U2OS,48,carzenide,compound,BRD-K09295674-001-09-8,,,1.9135823,-3.3205204
BR00117012,J16,U2OS,48,KU-55933,compound,BRD-K25311561-001-10-7,,['ATM kinase inhibitor'],0.52193123,-3.4592478
BR00117012,J17,U2OS,48,NVP-AEW541,compound,BRD-K24696047-001-02-3,poscon_cp,['IGF-1 inhibitor'],-0.9604616,-0.9623648
BR00117012,J18,U2OS,48,leflunomide,compound,BRD-K78692225-001-24-5,,['PDGFR tyrosine kinase receptor inhibitor'],3.0721,-2.7204568
BR00117012,J19,U2OS,48,DMSO,compound,,negcon,,4.0269284,-3.9105914
BR00117012,J20,U2OS,48,azacitidine,compound,BRD-K03406345-001-21-1,poscon_diverse,,1.5831124,-3.8972049
BR00117012,J21,U2OS,48,ixabepilone,compound,BRD-K03601870-001-01-2,,['microtubule stabilizing agent'],-1.1762751,-5.112189
BR00117012,J22,U2OS,48,KH-CB19,compound,BRD-K66430217-001-03-8,poscon_cp,['CDC inhibitor'],3.3359735,-3.9880779
BR00117012,J23,U2OS,48,DMSO,compound,,negcon,,3.8272376,-4.163099
BR00117012,J24,U2OS,48,PF-05190457,compound,BRD-K02554563-001-01-6,,,2.6254547,-4.159278
BR00117012,K01,U2OS,48,LDN-212854,compound,BRD-K59831625-001-03-9,,,-1.1058866,-6.0821624
BR00117012,K02,U2OS,48,formononetin,compound,BRD-K55567017-001-12-3,,['alcohol dehydrogenase inhibitor'],2.6203377,-4.956978
BR00117012,K03,U2OS,48,aminopurvalanol-a,compound,BRD-K07762753-001-05-1,poscon_orf,['CDK inhibitor'],1.1825055,-4.572128
BR00117012,K04,U2OS,48,ruxolitinib,compound,BRD-K53972329-001-01-3,poscon_cp,['JAK inhibitor'],1.9147798,-4.3363304
BR00117012,K05,U2OS,48,DMSO,compound,,negcon,,4.2245646,-4.117518
BR00117012,K06,U2OS,48,DMSO,compound,,negcon,,4.178352,-4.1278667
BR00117012,K07,U2OS,48,LGK-974,compound,BRD-K16810791-001-01-0,,['porcupine inhibitor'],2.7477984,-5.0468035
BR00117012,K08,U2OS,48,polydatin,compound,BRD-K43236057-001-07-1,,['ICAM1 expression inhibitor'],-0.244148,-5.317696
BR00117012,K09,U2OS,48,enflurane,compound,BRD-A51831848-001-01-7,,,2.9608746,-3.9444697
BR00117012,K10,U2OS,48,PFI-1,compound,BRD-K13094524-001-04-2,poscon_cp,,3.0898073,-3.7812302
BR00117012,K11,U2OS,48,AZD7762,compound,BRD-K86525559-001-07-8,poscon_diverse,['CHK inhibitor'],-1.5664696,-6.20433
BR00117012,K12,U2OS,48,sotrastaurin,compound,BRD-K16761703-001-03-8,,['PKC inhibitor'],0.13228261,-2.5618014
BR00117012,K13,U2OS,48,DMSO,compound,,negcon,,3.326879,-4.1775675
BR00117012,K14,U2OS,48,cycloheximide,compound,BRD-K36055864-001-20-0,,['protein synthesis inhibitor'],-0.6774295,-5.0077057
BR00117012,K15,U2OS,48,oxytocin,compound,BRD-K25243230-001-01-2,,,3.006402,-4.381993
BR00117012,K16,U2OS,48,DMSO,compound,,negcon,,3.762077,-4.2706847
BR00117012,K17,U2OS,48,colchicine,compound,BRD-K00259736-001-16-4,,,-1.0855552,-5.422989
BR00117012,K18,U2OS,48,afimoxifene,compound,BRD-K04210847-001-21-9,,,2.8576927,-4.3882675
BR00117012,K19,U2OS,48,DMSO,compound,,negcon,,3.6108944,-4.1947927
BR00117012,K20,U2OS,48,ZK-93423,compound,BRD-K33882852-003-02-8,poscon_diverse,['benzodiazepine receptor agonist'],2.2016635,-3.8821216
BR00117012,K21,U2OS,48,RGB-286638,compound,BRD-K20986415-001-02-6,,['CDK inhibitor'],-0.84428805,-5.23336
BR00117012,K22,U2OS,48,FPS-ZM1,compound,BRD-K87691185-001-01-2,,['RAGE receptor antagonist'],2.767949,-4.469291
BR00117012,K23,U2OS,48,flindokalner,compound,BRD-K56740996-001-02-1,,,2.920333,-4.254482
BR00117012,K24,U2OS,48,motesanib,compound,BRD-K99616396-316-05-3,,"['KIT inhibitor', 'VEGFR inhibitor', 'PDGFR tyrosine kinase receptor inhibitor']",2.1932776,-4.145442
BR00117012,L01,U2OS,48,geldanamycin,compound,BRD-K43570081-001-02-4,,['HSP inhibitor'],-1.9734541,-5.4071636
BR00117012,L02,U2OS,48,DMSO,compound,,negcon,,3.8707466,-3.235319
BR00117012,L03,U2OS,48,CGP-53353,compound,BRD-K32292990-001-03-6,,"['PKC inhibitor', 'EGFR inhibitor']",2.1659346,-1.6762567
BR00117012,L04,U2OS,48,7-hydroxystaurosporine,compound,BRD-K45293975-001-02-0,,"['CDK inhibitor', 'PKC inhibitor', 'CHK inhibitor']",-1.9854107,-6.1783633
BR00117012,L05,U2OS,48,DMSO,compound,,negcon,,4.036598,-3.4755042
BR00117012,L06,U2OS,48,DMSO,compound,,negcon,,3.833934,-3.049571
BR00117012,L07,U2OS,48,efaproxiral,compound,BRD-K37355418-236-01-6,,,3.823059,-2.8549252
BR00117012,L08,U2OS,48,SB-203580,compound,BRD-A37704979-001-12-3,poscon_orf,['p38 MAPK inhibitor'],-0.1360655,-2.499874
BR00117012,L09,U2OS,48,FK-866,compound,BRD-K58550667-001-08-7,poscon_diverse,,-0.2638999,-6.422118
BR00117012,L10,U2OS,48,bepridil,compound,BRD-A91008255-003-24-8,,['calcium channel blocker'],-0.12594524,-1.0146807
BR00117012,L11,U2OS,48,delanzomib,compound,BRD-K59325863-001-04-4,,,-1.9378877,-6.539096
BR00117012,L12,U2OS,48,buparlisib,compound,BRD-K42191735-001-08-7,poscon_diverse,,-1.8129919,-5.265272
BR00117012,L13,U2OS,48,phenylbutazone,compound,BRD-K10843433-001-23-5,,"['cyclooxygenase inhibitor', 'prostanoid receptor antagonist']",1.9605107,-1.923266
BR00117012,L14,U2OS,48,deferasirox,compound,BRD-K97010173-001-04-1,,,1.2130466,-4.200126
BR00117012,L15,U2OS,48,DMSO,compound,,negcon,,3.0813346,-3.3628325
BR00117012,L16,U2OS,48,cediranib,compound,BRD-K86930074-001-05-0,,"['KIT inhibitor', 'VEGFR inhibitor']",-1.0647912,-1.5341293
BR00117012,L17,U2OS,48,isoflurane,compound,BRD-A31564021-001-02-6,,,3.696008,-3.5790033
BR00117012,L18,U2OS,48,DMSO,compound,,negcon,,4.040938,-3.9212976
BR00117012,L19,U2OS,48,CCG-50014,compound,BRD-K08893438-001-06-4,,['G protein signaling inhibitor'],-1.1552849,-5.474842
BR00117012,L20,U2OS,48,PF-431396,compound,BRD-K93788137-001-04-1,,,0.54386765,-4.6689916
BR00117012,L21,U2OS,48,TG-02,compound,BRD-K14560436-001-01-4,,"['CDK inhibitor', 'FLT3 inhibitor', 'JAK inhibitor']",-0.83155316,-5.166859
BR00117012,L22,U2OS,48,baclofen,compound,BRD-K01826724-003-07-9,,['benzodiazepine receptor agonist'],3.4123766,-3.9534612
BR00117012,L23,U2OS,48,thiostrepton,compound,BRD-A20697603-001-07-2,,['protein synthesis inhibitor'],-0.16911736,-4.262338
BR00117012,L24,U2OS,48,flufenamic-acid,compound,BRD-K44067360-001-29-5,,,2.5746052,-4.1444554
BR00117012,M01,U2OS,48,DMSO,compound,,negcon,,3.1443326,-4.671515
BR00117012,M02,U2OS,48,LY2109761,compound,BRD-K47557313-001-02-7,,,-0.23329589,-2.5266213
BR00117012,M03,U2OS,48,olopatadine,compound,BRD-K67637637-003-11-8,,['histamine receptor antagonist'],2.6447082,-4.9169364
BR00117012,M04,U2OS,48,DMSO,compound,,negcon,,3.105913,-4.7542133
BR00117012,M05,U2OS,48,castanospermine,compound,BRD-K20897876-001-11-8,,['glucosidase inhibitor'],2.6968913,-4.9193296
BR00117012,M06,U2OS,48,A205804,compound,BRD-K77627880-001-04-0,,['ICAM1 expression inhibitor'],1.767121,-4.3175907
BR00117012,M07,U2OS,48,VU591,compound,BRD-K72063794-003-01-0,,['potassium channel blocker'],2.2065282,-4.6570377
BR00117012,M08,U2OS,48,dalbavancin,compound,BRD-K30177383-001-01-0,,['bacterial cell wall synthesis inhibitor'],2.7484295,-4.5359635
BR00117012,M09,U2OS,48,CC-401,compound,BRD-K45746021-003-01-9,,['JNK inhibitor'],2.5145366,-4.4989533
BR00117012,M10,U2OS,48,ganetespib,compound,BRD-K38852836-001-04-9,poscon_diverse,['HSP inhibitor'],-1.5680516,-5.493317
BR00117012,M11,U2OS,48,ingenol-mebutate,compound,BRD-K93779381-001-01-9,,,0.7085374,-1.740884
BR00117012,M12,U2OS,48,menadione,compound,BRD-K78126613-001-27-7,,,-0.33070862,-4.681703
BR00117012,M13,U2OS,48,cetilistat,compound,BRD-K94863486-001-02-2,,,2.8213968,-4.7129407
BR00117012,M14,U2OS,48,methoxsalen,compound,BRD-K63430059-001-16-4,,['DNA synthesis inhibitor'],3.3268125,-4.0698085
BR00117012,M15,U2OS,48,cyclosporine,compound,BRD-K13533483-001-16-2,,,-0.08544462,-3.776523
BR00117012,M16,U2OS,48,NSC-632839,compound,BRD-K81197548-003-01-4,poscon_cp,['ubiquitin specific protease inhibitor'],-1.2871448,-5.9001455
BR00117012,M17,U2OS,48,DMSO,compound,,negcon,,3.906569,-4.1932144
BR00117012,M18,U2OS,48,TG-003,compound,BRD-K97072811-001-11-4,poscon_cp,,2.707332,-3.808242
BR00117012,M19,U2OS,48,oxibendazole,compound,BRD-K52075715-001-06-7,,['tubulin polymerization inhibitor'],-1.3305498,-5.1492033
BR00117012,M20,U2OS,48,TG-101348,compound,BRD-K12502280-001-11-4,poscon_cp,"['JAK inhibitor', 'FLT3 inhibitor']",-1.9484898,-5.510749
BR00117012,M21,U2OS,48,miglitol,compound,BRD-A63310107-001-04-8,,['glucosidase inhibitor'],3.0583248,-3.5558743
BR00117012,M22,U2OS,48,DMSO,compound,,negcon,,3.739227,-4.1299686
BR00117012,M23,U2OS,48,DMSO,compound,,negcon,,3.285566,-4.392849
BR00117012,M24,U2OS,48,tranilast,compound,BRD-K17849083-001-32-9,,,2.3989222,-4.0934443
BR00117012,N01,U2OS,48,4-methylhistamine,compound,BRD-K70821460-300-02-4,,['histamine receptor agonist'],2.917117,-0.8009181
BR00117012,N02,U2OS,48,LDN-27219,compound,BRD-K51485109-001-01-4,,,3.6739662,-2.4971275
BR00117012,N03,U2OS,48,anisomycin,compound,BRD-K91370081-001-25-1,,['DNA synthesis inhibitor'],-1.5420076,-5.8193154
BR00117012,N04,U2OS,48,thioguanine,compound,BRD-K49350383-001-13-7,poscon_diverse,,-0.29978302,-3.651099
BR00117012,N05,U2OS,48,droxinostat,compound,BRD-K11558771-001-13-9,,['HDAC inhibitor'],1.6761717,-2.4261022
BR00117012,N06,U2OS,48,UNC2025,compound,BRD-K91283740-003-01-6,poscon_cp,['FLT3 inhibitor'],-1.8035825,-5.909763
BR00117012,N07,U2OS,48,DMSO,compound,,negcon,,3.8188396,-3.3139427
BR00117012,N08,U2OS,48,DMSO,compound,,negcon,,4.063729,-3.4127917
BR00117012,N09,U2OS,48,AMG900,compound,BRD-K21728777-001-02-3,poscon_cp,['Aurora kinase inhibitor'],0.70128006,-4.66661
BR00117012,N10,U2OS,48,PF-06463922,compound,BRD-A23124853-001-01-4,,['ALK tyrosine kinase receptor inhibitor'],-0.24412242,-2.0523548
BR00117012,N11,U2OS,48,orantinib,compound,BRD-K55966568-001-09-6,poscon_cp,"['FGFR inhibitor', 'PDGFR tyrosine kinase receptor inhibitor', 'VEGFR inhibitor']",1.6785283,-2.7669048
BR00117012,N12,U2OS,48,fludarabine-phosphate,compound,BRD-K71106091-001-09-5,,['ribonucleotide reductase inhibitor'],0.89282703,-4.456825
BR00117012,N13,U2OS,48,ceritinib,compound,BRD-K22149900-001-06-2,,['ALK tyrosine kinase receptor inhibitor'],-0.35034144,-1.2030116
BR00117012,N14,U2OS,48,NVS-PAK1-1,compound,BRD-K28132190-001-02-0,poscon_cp,['p21 activated kinase inhibitor'],-0.78911954,-2.3588595
BR00117012,N15,U2OS,48,homoharringtonine,compound,BRD-K76674262-001-03-3,,['protein synthesis inhibitor'],-1.488251,-5.6471496
BR00117012,N16,U2OS,48,picrotoxinin,compound,BRD-K36461289-001-05-8,,['GABA receptor antagonist'],2.8727074,-3.1259334
BR00117012,N17,U2OS,48,DMSO,compound,,negcon,,4.01255,-3.827487
BR00117012,N18,U2OS,48,danusertib,compound,BRD-K07881437-001-03-8,poscon_diverse,"['growth factor receptor inhibitor', 'Aurora kinase inhibitor']",0.58577466,-4.5824847
BR00117012,N19,U2OS,48,romidepsin,compound,BRD-K61397605-001-01-8,poscon_cp,['HDAC inhibitor'],-1.4784194,-6.0221705
BR00117012,N20,U2OS,48,FERb-033,compound,BRD-K61642990-001-01-0,poscon_cp,['EGFR inhibitor'],2.5701768,-3.461338
BR00117012,N21,U2OS,48,PF-03758309,compound,BRD-K37764012-001-03-3,poscon_diverse,['p21 activated kinase inhibitor'],-1.022436,-5.475922
BR00117012,N22,U2OS,48,DMSO,compound,,negcon,,3.6830785,-4.1319847
BR00117012,N23,U2OS,48,trometamol,compound,BRD-K47978074-001-03-2,,,3.2982411,-4.024895
BR00117012,N24,U2OS,48,simvastatin,compound,BRD-K22134346-001-22-3,,['HMGCR inhibitor'],-0.7651586,-3.1443667
BR00117012,O01,U2OS,48,zaprinast,compound,BRD-K16542329-001-16-8,,['phosphodiesterase inhibitor'],2.6147888,-4.6741643
BR00117012,O02,U2OS,48,dexamethasone,compound,BRD-A10188456-001-04-9,,['glucocorticoid receptor agonist'],2.221281,-4.416019
BR00117012,O03,U2OS,48,salicylic-acid,compound,BRD-K93632104-001-17-2,,['cyclooxygenase inhibitor'],2.6201353,-5.0448446
BR00117012,O04,U2OS,48,diltiazem,compound,BRD-A69636825-003-04-7,,['calcium channel blocker'],2.0259728,-4.37264
BR00117012,O05,U2OS,48,phenolphthalein,compound,BRD-K19227686-001-18-6,,,2.3256204,-4.334344
BR00117012,O06,U2OS,48,niflumic-acid,compound,BRD-K98763141-001-30-8,,['cyclooxygenase inhibitor'],2.179103,-4.627843
BR00117012,O07,U2OS,48,DMSO,compound,,negcon,,4.178476,-4.110589
BR00117012,O08,U2OS,48,L-Cystine,compound,BRD-A15397381-001-02-5,,,2.694266,-4.5109887
BR00117012,O09,U2OS,48,ozanimod,compound,BRD-K46625559-001-01-8,,['sphingosine 1 phosphate receptor agonist'],1.8232028,-4.4741235
BR00117012,O10,U2OS,48,efaroxan,compound,BRD-A10739734-003-09-8,,['adrenergic receptor antagonist'],2.9358878,-4.742613
BR00117012,O11,U2OS,48,NBQX,compound,BRD-K11796549-001-05-2,,['glutamate receptor antagonist'],3.2634802,-4.425993
BR00117012,O12,U2OS,48,dinoprostone,compound,BRD-K26521938-001-07-2,,['prostanoid receptor agonist'],2.5734196,-4.072368
BR00117012,O13,U2OS,48,Ro-20-1724,compound,BRD-A07207424-001-14-0,,['phosphodiesterase inhibitor'],2.9435556,-3.7286134
BR00117012,O14,U2OS,48,xanomeline,compound,BRD-K72815923-034-02-0,,['acetylcholine receptor agonist'],3.1311367,-3.937694
BR00117012,O15,U2OS,48,terazosin,compound,BRD-K01825589-310-02-9,,['adrenergic receptor antagonist'],3.1540906,-4.005091
BR00117012,O16,U2OS,48,BVT-948,compound,BRD-K68567222-001-01-2,,,-0.6892687,-5.5023003
BR00117012,O17,U2OS,48,nicotine,compound,BRD-K01825660-322-01-9,,['acetylcholine receptor agonist'],2.971566,-3.9068913
BR00117012,O18,U2OS,48,DMSO,compound,,negcon,,3.441546,-4.31271
BR00117012,O19,U2OS,48,U-0521,compound,BRD-K08953028-001-09-6,,,2.6253653,-4.143057
BR00117012,O20,U2OS,48,BMS-587101,compound,BRD-K20093108-001-02-3,,,2.9625182,-4.1045094
BR00117012,O21,U2OS,48,nimodipine,compound,BRD-A58048407-001-20-4,,['calcium channel blocker'],2.740714,-3.8424606
BR00117012,O22,U2OS,48,pyrrolidine-dithiocarbamate,compound,BRD-K80970344-201-08-6,,,-0.9563268,-5.809919
BR00117012,O23,U2OS,48,PF-915275,compound,BRD-K18289362-001-02-2,,,2.7621012,-4.1432743
BR00117012,O24,U2OS,48,JTE-013,compound,BRD-K43330982-001-02-3,,,2.414397,-3.8634217
BR00117012,P01,U2OS,48,sodium-butyrate,compound,BRD-K05878375-236-05-7,,['HDAC inhibitor'],2.4193256,0.3822597
BR00117012,P02,U2OS,48,pentostatin,compound,BRD-K91543828-001-02-0,,['ribonucleotide reductase inhibitor'],2.7193189,-0.26851565
BR00117012,P03,U2OS,48,OMDM-2,compound,BRD-K48830578-001-01-9,,,1.7553391,-0.7285536
BR00117012,P04,U2OS,48,nalmefene,compound,BRD-A72767275-003-01-6,,,2.958339,-0.6203495
BR00117012,P05,U2OS,48,DMSO,compound,,negcon,,3.1525838,-0.9562727
BR00117012,P06,U2OS,48,1-EBIO,compound,BRD-K70586315-001-02-4,,,2.421885,-0.40791357
BR00117012,P07,U2OS,48,SB-505124,compound,BRD-K40109029-001-02-9,,['ALK tyrosine kinase receptor inhibitor'],1.0286651,-3.1534212
BR00117012,P08,U2OS,48,prasugrel,compound,BRD-A83029242-001-06-1,,['purinergic receptor antagonist'],2.1805756,-0.24002922
BR00117012,P09,U2OS,48,pidolic-acid,compound,BRD-K57313110-001-06-8,,,2.5130584,-0.24886931
BR00117012,P10,U2OS,48,DMSO,compound,,negcon,,2.7981203,-0.41758132
BR00117012,P11,U2OS,48,nevirapine,compound,BRD-K15502390-001-20-9,,,1.9135683,-0.3741422
BR00117012,P12,U2OS,48,triamterene,compound,BRD-K92049597-001-20-8,,['sodium channel blocker'],2.4487596,-0.14094643
BR00117012,P13,U2OS,48,regorafenib,compound,BRD-K16730910-001-07-3,,"['PDGFR tyrosine kinase receptor inhibitor', 'RAF inhibitor', 'KIT inhibitor', 'RET tyrosine kinase inhibitor', 'FGFR inhibitor', 'VEGFR inhibitor']",0.69272155,-1.7487761
BR00117012,P14,U2OS,48,cyclophosphamide,compound,BRD-A09722536-002-18-0,,,2.3513744,-0.37588677
BR00117012,P15,U2OS,48,olanzapine,compound,BRD-K18895904-001-16-1,,"['dopamine receptor antagonist', 'serotonin receptor antagonist']",-0.4004368,-0.6533627
BR00117012,P16,U2OS,48,KI-16425,compound,BRD-A25569250-001-03-3,,['lysophosphatidic acid receptor antagonist'],2.3917453,-0.3202401
BR00117012,P17,U2OS,48,SKLB1002,compound,BRD-K29895144-001-01-0,,['VEGFR inhibitor'],0.53871506,-4.2043633
BR00117012,P18,U2OS,48,cilostazol,compound,BRD-K67017579-001-28-1,,['phosphodiesterase inhibitor'],2.2008514,-0.64512336
BR00117012,P19,U2OS,48,AZD1283,compound,BRD-K77060810-001-01-5,,['purinergic receptor antagonist'],2.0139725,-2.4946218
BR00117012,P20,U2OS,48,A-987306,compound,BRD-K68982262-001-01-4,,['histamine receptor antagonist'],-0.9260611,-0.79135966
BR00117012,P21,U2OS,48,procaine,compound,BRD-K24616672-003-20-1,,['HMGCR inhibitor'],2.9462142,-3.2435825
BR00117012,P22,U2OS,48,miconazole,compound,BRD-A82396632-008-30-8,,['bacterial cell wall synthesis inhibitor'],2.6716347,-3.598234
BR00117012,P23,U2OS,48,loperamide,compound,BRD-K61250553-003-30-6,,,2.3963127,-3.4993002
BR00117012,P24,U2OS,48,aripiprazole,compound,BRD-K70358946-001-17-3,,['serotonin receptor antagonist'],-0.47052196,-0.45841604
BR00117013,A01,U2OS,48,gabapentin-enacarbil,compound,BRD-A86665761-001-01-1,,,2.8388917,0.18163365
BR00117013,A02,U2OS,48,DMSO,compound,,negcon,,3.3672402,-0.27454206
BR00117013,A03,U2OS,48,amlodipine,compound,BRD-A22032524-074-09-9,,['calcium channel blocker'],-0.72331876,-2.5838256
BR00117013,A04,U2OS,48,hexestrol,compound,BRD-A01078468-001-14-8,,,2.6559112,-1.7557551
BR00117013,A05,U2OS,48,quinine,compound,BRD-K48278478-001-01-2,,,2.1154516,-1.8321004
BR00117013,A06,U2OS,48,LOXO-101,compound,BRD-K36574127-001-01-3,,,2.4311152,-1.015616
BR00117013,A07,U2OS,48,brinzolamide,compound,BRD-K74913225-001-14-0,,['carbonic anhydrase inhibitor'],2.4429436,-0.91959226
BR00117013,A08,U2OS,48,NS-11021,compound,BRD-K94342292-001-01-3,,['calcium-activated potassium channel activator'],0.28688824,-3.3979788
BR00117013,A09,U2OS,48,DMSO,compound,,negcon,,4.322032,-2.307467
BR00117013,A10,U2OS,48,GNF-5837,compound,BRD-K19975102-001-01-2,,['growth factor receptor inhibitor'],1.0135354,-0.9857206
BR00117013,A11,U2OS,48,apatinib,compound,BRD-K25244359-066-02-6,,['RET tyrosine kinase inhibitor'],0.065909654,-0.6266245
BR00117013,A12,U2OS,48,ethoxzolamide,compound,BRD-K18131774-001-18-4,,['carbonic anhydrase inhibitor'],2.6266825,-2.3743315
BR00117013,A13,U2OS,48,ascorbic-acid,compound,BRD-A85242401-001-11-5,,,0.94960386,-3.0199485
BR00117013,A14,U2OS,48,ryuvidine,compound,BRD-K06426971-001-02-7,,['histone lysine methyltransferase inhibitor'],-1.459988,-6.672697
BR00117013,A15,U2OS,48,BAN-ORL-24,compound,BRD-K47049295-300-03-1,,,-1.3583016,-2.4380329
BR00117013,A16,U2OS,48,NNC-55-0396,compound,BRD-K78122587-300-04-3,,,-0.974668,-1.0681537
BR00117013,A17,U2OS,48,DMSO,compound,,negcon,,4.0932775,-2.6113102
BR00117013,A18,U2OS,48,WH-4-023,compound,BRD-K50199947-001-03-4,,['src inhibitor'],-1.3454396,-2.6169095
BR00117013,A19,U2OS,48,flupirtine,compound,BRD-K50720187-051-03-1,,['glutamate receptor antagonist'],0.39839295,-1.6649278
BR00117013,A20,U2OS,48,ZK811752,compound,BRD-K91825936-001-03-9,,,0.6096654,-1.3149976
BR00117013,A21,U2OS,48,dexamethasone,compound,BRD-K38775274-001-22-1,,['glucocorticoid receptor agonist'],1.0091093,-2.677846
BR00117013,A22,U2OS,48,PP-1,compound,BRD-K47598052-001-14-1,,['src inhibitor'],-0.8971346,-2.9972064
BR00117013,A23,U2OS,48,DDR1-IN-1,compound,BRD-K61845293-300-01-9,,,-0.55946255,-0.67480963
BR00117013,A24,U2OS,48,AVL-292,compound,BRD-K87782578-001-01-4,,"[""Bruton's tyrosine kinase (BTK) inhibitor""]",-1.3574994,-3.9798636
BR00117013,B01,U2OS,48,H2L-5765834,compound,BRD-K26439554-001-01-3,,['lysophosphatidic acid receptor antagonist'],3.111271,-1.8351619
BR00117013,B02,U2OS,48,thiostrepton,compound,BRD-K58049875-001-03-9,,['protein synthesis inhibitor'],-2.0578892,-6.218972
BR00117013,B03,U2OS,48,DMSO,compound,,negcon,,4.450666,-3.2770486
BR00117013,B04,U2OS,48,arcyriaflavin-a,compound,BRD-K72726508-001-02-1,,['CDK inhibitor'],-0.35814482,-3.1401854
BR00117013,B05,U2OS,48,CYM-5520,compound,BRD-K29151923-001-01-5,,['sphingosine 1 phosphate receptor agonist'],2.5468109,-2.668047
BR00117013,B06,U2OS,48,fludarabine,compound,BRD-K66788707-001-14-3,,['ribonucleotide reductase inhibitor'],1.3240297,-4.3249907
BR00117013,B07,U2OS,48,alda-1,compound,BRD-K06890060-001-09-1,,,2.0849717,-1.6024967
BR00117013,B08,U2OS,48,meclofenamic-acid,compound,BRD-K50398167-236-22-7,,"['cyclooxygenase inhibitor', 'prostanoid receptor antagonist']",2.840252,-1.8229587
BR00117013,B09,U2OS,48,GNF-5,compound,BRD-K87632963-001-03-0,,['Bcr-Abl kinase inhibitor'],1.7686676,-1.1448624
BR00117013,B10,U2OS,48,NS-309,compound,BRD-K37602296-001-01-6,,['calcium-activated potassium channel activator'],1.4175725,-3.8300319
BR00117013,B11,U2OS,48,AK-7,compound,BRD-K09143580-001-01-0,,['SIRT inhibitor'],1.6481104,-1.2504185
BR00117013,B12,U2OS,48,BVT-948,compound,BRD-A22713669-001-04-3,,,-1.6205858,-6.7614098
BR00117013,B13,U2OS,48,SirReal-2,compound,BRD-K16472653-001-01-6,,['SIRT inhibitor'],1.1772043,-1.373387
BR00117013,B14,U2OS,48,DMSO,compound,,negcon,,4.996318,-3.1655462
BR00117013,B15,U2OS,48,BMS-536924,compound,BRD-K34581968-001-05-3,,['IGF-1 inhibitor'],-0.86529493,-3.531815
BR00117013,B16,U2OS,48,PP-121,compound,BRD-K81801188-001-02-8,,['protein tyrosine kinase inhibitor'],-1.2007709,-5.219096
BR00117013,B17,U2OS,48,MCOPPB,compound,BRD-K73276278-305-01-1,,,-1.4001054,-1.564609
BR00117013,B18,U2OS,48,ozagrel,compound,BRD-K53061490-003-13-9,,,2.4415197,-2.9299223
BR00117013,B19,U2OS,48,CYM-5442,compound,BRD-A43005764-003-01-5,,['sphingosine 1 phosphate receptor agonist'],-0.93976897,-0.88067836
BR00117013,B20,U2OS,48,CVT-10216,compound,BRD-K60659193-001-01-0,,,2.2194045,-3.2149284
BR00117013,B21,U2OS,48,TCN201,compound,BRD-K09787262-001-02-7,,['glutamate receptor antagonist'],2.522674,-2.819981
BR00117013,B22,U2OS,48,fomepizole,compound,BRD-K56810756-003-07-7,,['alcohol dehydrogenase inhibitor'],1.9831767,-2.8571098
BR00117013,B23,U2OS,48,benzamil,compound,BRD-K87158025-003-08-7,,['sodium channel blocker'],1.4406499,-2.1747963
BR00117013,B24,U2OS,48,lercanidipine,compound,BRD-A18992208-003-02-7,,['calcium channel blocker'],0.5985146,-0.8780254
BR00117013,C01,U2OS,48,4-CMTB,compound,BRD-A54139254-001-09-2,,['free fatty acid receptor agonist'],2.9568703,-1.7737566
BR00117013,C02,U2OS,48,ML-228,compound,BRD-K44432556-001-05-5,,,3.3486693,-2.3429642
BR00117013,C03,U2OS,48,DMSO,compound,,negcon,,4.4277706,-3.1753068
BR00117013,C04,U2OS,48,GSK1070916,compound,BRD-K36740062-001-06-6,,['Aurora kinase inhibitor'],-0.05287705,-4.3260674
BR00117013,C05,U2OS,48,ML-193,compound,BRD-K27539181-001-08-5,,,3.0001867,-2.268978
BR00117013,C06,U2OS,48,DMSO,compound,,negcon,,4.490274,-3.1544359
BR00117013,C07,U2OS,48,M-25,compound,BRD-K51265828-001-01-0,,['smoothened receptor antagonist'],3.3005438,-2.7673101
BR00117013,C08,U2OS,48,azeliragon,compound,BRD-K51899933-001-02-6,,['RAGE receptor antagonist'],-2.1044672,-5.3779216
BR00117013,C09,U2OS,48,CYT-997,compound,BRD-K23363278-001-02-1,poscon_diverse,['tubulin polymerization inhibitor'],-2.1088638,-5.0714803
BR00117013,C10,U2OS,48,AR-12,compound,BRD-K90497590-001-05-9,,,-1.2838477,-6.360719
BR00117013,C11,U2OS,48,CYM-50260,compound,BRD-K69877120-001-01-7,,['sphingosine 1 phosphate receptor agonist'],2.0370893,-1.8523237
BR00117013,C12,U2OS,48,DMSO,compound,,negcon,,4.58706,-2.965699
BR00117013,C13,U2OS,48,KG-5,compound,BRD-K90747162-001-01-4,poscon_cp,['RAF inhibitor'],-1.3358189,-4.2570496
BR00117013,C14,U2OS,48,JTE-607,compound,BRD-K81405859-300-01-4,,,0.36343035,-4.649119
BR00117013,C15,U2OS,48,DMSO,compound,,negcon,,4.7201085,-3.4723394
BR00117013,C16,U2OS,48,ilomastat,compound,BRD-K51662849-001-05-4,,['matrix metalloprotease inhibitor'],1.6818681,-2.4605973
BR00117013,C17,U2OS,48,RX-821002,compound,BRD-A65597028-003-08-1,,['adrenergic receptor antagonist'],2.5485322,-2.5304205
BR00117013,C18,U2OS,48,DMSO,compound,,negcon,,4.3211575,-2.979103
BR00117013,C19,U2OS,48,TUG-891,compound,BRD-K24282351-001-01-4,,['free fatty acid receptor agonist'],2.201842,-2.5153208
BR00117013,C20,U2OS,48,ponatinib,compound,BRD-K44227013-001-08-0,,"['PDGFR tyrosine kinase receptor inhibitor', 'FLT3 inhibitor', 'Bcr-Abl kinase inhibitor']",-1.4121896,-6.091955
BR00117013,C21,U2OS,48,DMSO,compound,,negcon,,4.504703,-3.52754
BR00117013,C22,U2OS,48,puromycin,compound,BRD-K01824976-300-02-9,,['protein synthesis inhibitor'],-1.6591139,-6.3763704
BR00117013,C23,U2OS,48,SRC-kinase-inhibitor-I,compound,BRD-K50495309-001-02-0,,['src inhibitor'],-0.9448592,-0.79947764
BR00117013,C24,U2OS,48,acetylcysteine,compound,BRD-K59058747-001-19-1,,,1.3454866,-2.9278543
BR00117013,D01,U2OS,48,NSC-625987,compound,BRD-K62949423-001-03-1,,['CDK inhibitor'],0.66314125,-3.5986779
BR00117013,D02,U2OS,48,dalfampridine,compound,BRD-K22482860-001-20-6,,['potassium channel blocker'],3.4317417,-2.8573556
BR00117013,D03,U2OS,48,NSC-95397,compound,BRD-K68143200-001-11-7,,['CDC inhibitor'],-1.5972658,-6.0406914
BR00117013,D04,U2OS,48,alrestatin,compound,BRD-K35498378-001-06-1,,['aldose reductase inhibitor'],2.972145,-3.0624354
BR00117013,D05,U2OS,48,PF-03758309,compound,BRD-K37764012-001-03-3,poscon_diverse,['p21 activated kinase inhibitor'],2.4471095,-2.7207766
BR00117013,D06,U2OS,48,IRL-2500,compound,BRD-K98357249-001-02-9,,['endothelin receptor antagonist'],2.8122456,-3.3701284
BR00117013,D07,U2OS,48,PF-04217903,compound,BRD-K73319509-001-08-0,poscon_cp,,3.5153825,-2.8669083
BR00117013,D08,U2OS,48,FK-866,compound,BRD-K58550667-001-08-7,poscon_diverse,,-0.284998,-6.4877443
BR00117013,D09,U2OS,48,amlexanox,compound,BRD-K29530284-001-06-2,,,3.283661,-2.977169
BR00117013,D10,U2OS,48,GW-311616,compound,BRD-K37864785-001-01-0,,['elastase inhibitor'],2.9503906,-2.557544
BR00117013,D11,U2OS,48,buparlisib,compound,BRD-K42191735-001-08-7,poscon_diverse,,-1.906106,-5.103544
BR00117013,D12,U2OS,48,amiloride,compound,BRD-K97181089-003-24-7,,['sodium channel blocker'],1.9157674,-2.092126
BR00117013,D13,U2OS,48,DG-172,compound,BRD-K75748943-300-01-3,,,-0.718975,-0.66770554
BR00117013,D14,U2OS,48,DMSO,compound,,negcon,,4.8275514,-3.4178777
BR00117013,D15,U2OS,48,DMSO,compound,,negcon,,4.276533,-3.5345664
BR00117013,D16,U2OS,48,NVP-ADW742,compound,BRD-K15179513-001-04-2,poscon_cp,,-1.4456904,-1.5374184
BR00117013,D17,U2OS,48,misoprostol,compound,BRD-A72351335-001-04-5,,['prostanoid receptor agonist'],1.3936316,-3.7074983
BR00117013,D18,U2OS,48,conivaptan,compound,BRD-K37385792-003-02-1,,,0.13083631,-0.9614921
BR00117013,D19,U2OS,48,spiroxatrine,compound,BRD-A72483914-001-03-7,,['serotonin receptor antagonist'],1.6355639,-1.5746515
BR00117013,D20,U2OS,48,diacerein,compound,BRD-K69122748-001-10-1,,,4.7978973,-2.8705683
BR00117013,D21,U2OS,48,DMSO,compound,,negcon,,4.897144,-3.3756175
BR00117013,D22,U2OS,48,DMSO,compound,,negcon,,4.901203,-3.401444
BR00117013,D23,U2OS,48,glyburide,compound,BRD-K36927236-001-36-7,,['ATP channel blocker'],2.4186063,-1.6772996
BR00117013,D24,U2OS,48,ANR-94,compound,BRD-K31170746-001-01-6,,,1.5846088,-0.78110296
BR00117013,E01,U2OS,48,TFC-007,compound,BRD-K57708067-001-01-3,,,3.2072198,-1.5247477
BR00117013,E02,U2OS,48,trihexyphenidyl,compound,BRD-A48180038-003-24-3,,['acetylcholine receptor antagonist'],2.4184136,-2.209343
BR00117013,E03,U2OS,48,epoprostenol,compound,BRD-K64054020-001-02-7,,,3.6830852,-2.886936
BR00117013,E04,U2OS,48,sacubitril,compound,BRD-K91456750-001-01-9,,,3.6427479,-2.4968889
BR00117013,E05,U2OS,48,danusertib,compound,BRD-K07881437-001-03-8,poscon_diverse,"['growth factor receptor inhibitor', 'Aurora kinase inhibitor']",0.60018975,-4.482374
BR00117013,E06,U2OS,48,CYT-997,compound,BRD-K23363278-001-02-1,poscon_diverse,['tubulin polymerization inhibitor'],-2.1420207,-5.0092754
BR00117013,E07,U2OS,48,DMSO,compound,,negcon,,4.255069,-2.8833263
BR00117013,E08,U2OS,48,BQ-788,compound,BRD-K02490038-236-03-8,,['endothelin receptor antagonist'],3.768938,-2.766472
BR00117013,E09,U2OS,48,SB-202190,compound,BRD-K54330070-001-19-6,poscon_orf,['p38 MAPK inhibitor'],0.7101795,-2.3997746
BR00117013,E10,U2OS,48,GSK2110183,compound,BRD-K25412176-001-01-9,poscon_diverse,,0.023586815,-1.9616053
BR00117013,E11,U2OS,48,GSK3787,compound,BRD-K03155172-001-03-0,,['PPAR receptor antagonist'],1.5356308,-2.24311
BR00117013,E12,U2OS,48,BAM7,compound,BRD-K07442505-001-03-6,,,3.5862906,-1.8451884
BR00117013,E13,U2OS,48,PHA-793887,compound,BRD-K64800655-001-09-0,poscon_diverse,['CDK inhibitor'],-1.0264715,-4.92774
BR00117013,E14,U2OS,48,DMSO,compound,,negcon,,4.89629,-3.337989
BR00117013,E15,U2OS,48,GSK-37647,compound,BRD-K26514105-001-01-7,,['free fatty acid receptor agonist'],1.8169757,-2.3591762
BR00117013,E16,U2OS,48,desonide,compound,BRD-K21528677-001-04-4,,['glucocorticoid receptor agonist'],2.1935475,-3.3056138
BR00117013,E17,U2OS,48,DMSO,compound,,negcon,,3.9286585,-2.142497
BR00117013,E18,U2OS,48,aloxistatin,compound,BRD-K91188791-001-17-5,,,-0.7537092,-0.50283784
BR00117013,E19,U2OS,48,azathioprine,compound,BRD-K32821942-001-22-1,,,2.6172874,-2.6300004
BR00117013,E20,U2OS,48,ZK-93423,compound,BRD-K33882852-003-02-8,poscon_diverse,['benzodiazepine receptor agonist'],0.7836485,-1.3782763
BR00117013,E21,U2OS,48,BI-2536,compound,BRD-K64890080-001-02-1,poscon_diverse,,-1.7957761,-4.7988534
BR00117013,E22,U2OS,48,EI1,compound,BRD-K91535048-001-01-2,poscon_cp,['histone lysine methyltransferase inhibitor'],1.6242352,-1.2231852
BR00117013,E23,U2OS,48,NVP-HSP990,compound,BRD-K67915505-001-01-2,,['HSP inhibitor'],-1.8074442,-5.4011188
BR00117013,E24,U2OS,48,DMSO,compound,,negcon,,3.9279082,-2.6595309
BR00117013,F01,U2OS,48,DMSO,compound,,negcon,,4.340375,-2.8344789
BR00117013,F02,U2OS,48,nialamide,compound,BRD-K12102668-001-25-5,,,2.9228075,-3.0249143
BR00117013,F03,U2OS,48,DMSO,compound,,negcon,,4.4939294,-3.1551745
BR00117013,F04,U2OS,48,arundic-acid,compound,BRD-K49223707-001-01-0,,,3.2615752,-3.3648221
BR00117013,F05,U2OS,48,torcitabine,compound,BRD-K91822704-003-07-2,,,2.779116,-3.3457842
BR00117013,F06,U2OS,48,DMSO,compound,,negcon,,4.13466,-3.8949058
BR00117013,F07,U2OS,48,epothilone-b,compound,BRD-K68164687-001-01-6,,"['microtubule stabilizing agent', 'tubulin polymerization inhibitor']",-1.6443821,-4.2971287
BR00117013,F08,U2OS,48,dyphylline,compound,BRD-A00827783-001-24-6,,['phosphodiesterase inhibitor'],3.1459615,-3.4534593
BR00117013,F09,U2OS,48,DMSO,compound,,negcon,,4.2550516,-3.7092996
BR00117013,F10,U2OS,48,quinidine,compound,BRD-K59632282-052-03-1,,['sodium channel blocker'],1.382615,-3.0169926
BR00117013,F11,U2OS,48,halopemide,compound,BRD-K50055394-001-03-6,,,0.99582595,-2.0465991
BR00117013,F12,U2OS,48,sulfinpyrazone,compound,BRD-A36217750-001-16-3,,,2.9095745,-2.6504207
BR00117013,F13,U2OS,48,ML-323,compound,BRD-K93942811-001-01-3,poscon_cp,['ubiquitin specific protease inhibitor'],2.1016526,-1.9594318
BR00117013,F14,U2OS,48,racecadotril,compound,BRD-A08187463-001-12-9,,,3.0237882,-2.1651666
BR00117013,F15,U2OS,48,BRL-50481,compound,BRD-K84266862-001-03-2,,['phosphodiesterase inhibitor'],3.5309224,-3.4138496
BR00117013,F16,U2OS,48,GSK2110183,compound,BRD-K25412176-001-01-9,poscon_diverse,,0.1304814,-2.026477
BR00117013,F17,U2OS,48,bufexamac,compound,BRD-K36660044-001-24-2,,['cyclooxygenase inhibitor'],1.6181228,-2.4370434
BR00117013,F18,U2OS,48,anandamide,compound,BRD-K42352790-001-05-3,,,1.8687627,-1.7438145
BR00117013,F19,U2OS,48,thioguanine,compound,BRD-K49350383-001-13-7,poscon_diverse,,-0.29966888,-3.6814315
BR00117013,F20,U2OS,48,IWP-L6,compound,BRD-K53234107-001-01-6,,['porcupine inhibitor'],1.1233039,-1.3710392
BR00117013,F21,U2OS,48,edoxaban,compound,BRD-K29322660-001-01-9,,['coagulation factor inhibitor'],3.325912,-3.1816452
BR00117013,F22,U2OS,48,lonafarnib,compound,BRD-K41599323-001-02-3,poscon_diverse,,-0.2077694,-3.0430534
BR00117013,F23,U2OS,48,ibutamoren,compound,BRD-K44771174-066-01-0,,,1.775538,-1.6398412
BR00117013,F24,U2OS,48,somatostatin,compound,BRD-K14681867-001-01-6,,['somatostatin receptor agonist'],1.7797107,-0.63429284
BR00117013,G01,U2OS,48,L-proline,compound,BRD-K01666412-001-02-0,,,2.9664972,-1.5605103
BR00117013,G02,U2OS,48,zamifenacin,compound,BRD-K80451230-051-02-6,,['acetylcholine receptor antagonist'],2.9618957,-2.3859024
BR00117013,G03,U2OS,48,YC-1,compound,BRD-K60476892-001-16-1,,,-1.6023359,-5.1057196
BR00117013,G04,U2OS,48,DMSO,compound,,negcon,,4.409218,-3.033111
BR00117013,G05,U2OS,48,ME-0328,compound,BRD-K24283677-001-01-9,,['PPAR receptor antagonist'],3.1860933,-2.3944788
BR00117013,G06,U2OS,48,NSC-663284,compound,BRD-K03109492-001-02-2,,['CDC inhibitor'],-1.4879786,-6.6506143
BR00117013,G07,U2OS,48,CYM-50358,compound,BRD-K80666802-003-01-0,,,-0.9840645,-0.48493993
BR00117013,G08,U2OS,48,trazodone,compound,BRD-K70778732-003-27-5,,"['adrenergic receptor antagonist', 'serotonin receptor antagonist']",3.3089228,-2.7286704
BR00117013,G09,U2OS,48,DMSO,compound,,negcon,,4.217103,-2.8956776
BR00117013,G10,U2OS,48,DMSO,compound,,negcon,,4.3778453,-2.9183865
BR00117013,G11,U2OS,48,sulfasalazine,compound,BRD-K10670311-001-17-1,,['cyclooxygenase inhibitor'],2.6729975,-2.567211
BR00117013,G12,U2OS,48,"2,5-furandimethanol",compound,BRD-K29791386-001-01-8,,,3.3998291,-2.3915465
BR00117013,G13,U2OS,48,DMSO,compound,,negcon,,4.406683,-3.1459103
BR00117013,G14,U2OS,48,dilazep,compound,BRD-K48722258-300-11-0,,,3.625236,-2.0139515
BR00117013,G15,U2OS,48,felodipine,compound,BRD-A30815329-001-12-1,,['calcium channel blocker'],2.0356932,-3.2164984
BR00117013,G16,U2OS,48,paliperidone,compound,BRD-A99888680-001-05-3,,"['dopamine receptor antagonist', 'serotonin receptor antagonist']",-0.03293458,-1.1347502
BR00117013,G17,U2OS,48,purvalanol-a,compound,BRD-K50836978-001-03-3,poscon_orf,['CDK inhibitor'],0.9085635,-3.9866989
BR00117013,G18,U2OS,48,DMSO,compound,,negcon,,4.5296874,-3.2347498
BR00117013,G19,U2OS,48,Ro-1138452,compound,BRD-K77220725-003-01-5,,['prostanoid receptor antagonist'],2.1062129,-3.146299
BR00117013,G20,U2OS,48,sorbinil,compound,BRD-A89164055-001-03-3,,['aldose reductase inhibitor'],3.0949497,-3.07675
BR00117013,G21,U2OS,48,TC-S-7004,compound,BRD-K89517477-001-01-4,poscon_cp,['DYRK inhibitor'],0.20182958,-4.074852
BR00117013,G22,U2OS,48,saclofen,compound,BRD-A24122750-001-03-7,,['GABA receptor antagonist'],2.8558679,-3.3821561
BR00117013,G23,U2OS,48,BAY-87-2243,compound,BRD-K70463136-001-01-5,,,0.811641,-1.0918504
BR00117013,G24,U2OS,48,ibudilast,compound,BRD-K16444452-001-09-1,,['phosphodiesterase inhibitor'],2.3587124,-2.9654107
BR00117013,H01,U2OS,48,briciclib,compound,BRD-K05531427-001-01-7,,,-2.036004,-4.96693
BR00117013,H02,U2OS,48,2-Oleoylglycerol,compound,BRD-K77087341-001-02-4,,,2.9940546,-2.136655
BR00117013,H03,U2OS,48,RGFP966,compound,BRD-K61688984-001-02-9,poscon_cp,['HDAC inhibitor'],0.455112,-3.282957
BR00117013,H04,U2OS,48,DMSO,compound,,negcon,,4.190062,-3.6313093
BR00117013,H05,U2OS,48,azacitidine,compound,BRD-K03406345-001-21-1,poscon_diverse,,1.5226086,-3.8042045
BR00117013,H06,U2OS,48,N6-cyclopentyladenosine,compound,BRD-K60150510-001-15-6,,,2.9041238,-3.412328
BR00117013,H07,U2OS,48,filgotinib,compound,BRD-K16803204-001-01-6,poscon_cp,['JAK inhibitor'],1.4359183,-3.095248
BR00117013,H08,U2OS,48,guanidine,compound,BRD-K76037122-001-02-5,,['HSP inhibitor'],3.8935387,-3.5881948
BR00117013,H09,U2OS,48,coumarin,compound,BRD-K23913458-001-20-7,,,3.2539556,-3.3657475
BR00117013,H10,U2OS,48,DMSO,compound,,negcon,,4.453093,-3.7076037
BR00117013,H11,U2OS,48,ZM-336372,compound,BRD-K73789395-001-09-9,poscon_orf,['RAF inhibitor'],2.7055328,-1.8660237
BR00117013,H12,U2OS,48,citric-acid,compound,BRD-K76792669-001-08-1,,['coagulation factor inhibitor'],2.557481,-2.7526977
BR00117013,H13,U2OS,48,DMSO,compound,,negcon,,3.9920137,-2.4557116
BR00117013,H14,U2OS,48,CCG-63802,compound,BRD-K26970495-001-02-7,,['G protein signaling inhibitor'],1.4597647,-3.275327
BR00117013,H15,U2OS,48,ibutilide,compound,BRD-A74391928-051-03-9,,['potassium channel blocker'],3.3627052,-2.8888297
BR00117013,H16,U2OS,48,batimastat,compound,BRD-K82818427-001-04-8,,['matrix metalloprotease inhibitor'],0.84762746,-2.8650985
BR00117013,H17,U2OS,48,DMSO,compound,,negcon,,4.8735204,-2.8090093
BR00117013,H18,U2OS,48,DMSO,compound,,negcon,,4.6466084,-3.4661448
BR00117013,H19,U2OS,48,UNC1999,compound,BRD-K26989966-001-04-3,poscon_cp,['histone lysine methyltransferase inhibitor'],-1.904517,-5.877393
BR00117013,H20,U2OS,48,glutamine-(l),compound,BRD-K83896451-001-06-7,,,3.106844,-3.1101518
BR00117013,H21,U2OS,48,PD-98059,compound,BRD-K62810658-001-11-4,poscon_orf,,2.3468697,-2.9955227
BR00117013,H22,U2OS,48,enilconazole,compound,BRD-K01825690-065-01-9,,,3.4561017,-2.9659433
BR00117013,H23,U2OS,48,N-alpha-Methylhistamine-dihydrochloride,compound,BRD-K75390981-300-04-9,,['histamine receptor agonist'],2.704429,-2.0485234
BR00117013,H24,U2OS,48,GK921,compound,BRD-K38272302-001-02-7,,,-1.0382831,-5.0492997
BR00117013,I01,U2OS,48,nilvadipine,compound,BRD-A84687895-001-03-2,,['calcium channel blocker'],3.033927,-2.0153894
BR00117013,I02,U2OS,48,DMSO,compound,,negcon,,4.3119617,-2.631882
BR00117013,I03,U2OS,48,AC-710,compound,BRD-K15819326-001-01-6,,['PDGFR tyrosine kinase receptor inhibitor'],-1.1962852,-0.8330574
BR00117013,I04,U2OS,48,PETCM,compound,BRD-A93477898-001-04-2,,,3.9945493,-2.5638595
BR00117013,I05,U2OS,48,AZD7762,compound,BRD-K86525559-001-07-8,poscon_diverse,['CHK inhibitor'],-1.9667648,-6.553756
BR00117013,I06,U2OS,48,PHA-793887,compound,BRD-K64800655-001-09-0,poscon_diverse,['CDK inhibitor'],-1.1678754,-4.8326893
BR00117013,I07,U2OS,48,KU-60019,compound,BRD-K36016295-001-05-2,,['ATM kinase inhibitor'],-0.28839153,-4.297287
BR00117013,I08,U2OS,48,nafamostat,compound,BRD-K06674495-334-04-0,,,0.8664011,-2.302391
BR00117013,I09,U2OS,48,DMSO,compound,,negcon,,4.334527,-2.6123452
BR00117013,I10,U2OS,48,DMSO,compound,,negcon,,4.459917,-3.089148
BR00117013,I11,U2OS,48,taladegib,compound,BRD-K50498985-001-03-3,,['smoothened receptor antagonist'],3.1601565,-2.1789246
BR00117013,I12,U2OS,48,acetohexamide,compound,BRD-K52960356-001-13-0,,['ATP channel blocker'],2.1814356,-3.1612592
BR00117013,I13,U2OS,48,minocycline,compound,BRD-A69651145-003-11-4,,,0.45567596,-2.85241
BR00117013,I14,U2OS,48,BI-2536,compound,BRD-K64890080-001-02-1,poscon_diverse,,-1.7801853,-4.7085204
BR00117013,I15,U2OS,48,riociguat,compound,BRD-K84783599-001-01-0,,,2.7513866,-3.2527702
BR00117013,I16,U2OS,48,CP-724714,compound,BRD-K76908866-001-07-6,poscon_cp,"['EGFR inhibitor', 'protein tyrosine kinase inhibitor']",1.408962,-1.6503398
BR00117013,I17,U2OS,48,ganetespib,compound,BRD-K38852836-001-04-9,poscon_diverse,['HSP inhibitor'],-1.8747898,-5.6674876
BR00117013,I18,U2OS,48,AZ191,compound,BRD-K80935598-001-01-1,poscon_cp,['DYRK inhibitor'],-1.2023984,-1.6526158
BR00117013,I19,U2OS,48,BAX-channel-blocker,compound,BRD-A18763547-300-06-3,,,-1.7220949,-2.6027727
BR00117013,I20,U2OS,48,SU3327,compound,BRD-K32730239-001-01-0,,['JNK inhibitor'],-1.7378024,-6.2868624
BR00117013,I21,U2OS,48,DMSO,compound,,negcon,,4.877378,-3.3950093
BR00117013,I22,U2OS,48,DMSO,compound,,negcon,,4.4280286,-3.497841
BR00117013,I23,U2OS,48,octreotide,compound,BRD-A64173453-015-03-1,,['somatostatin receptor agonist'],3.3696036,-2.7698634
BR00117013,I24,U2OS,48,1-octanol,compound,BRD-K09338665-001-08-9,,,2.2179863,-2.5600176
BR00117013,J01,U2OS,48,acalabrutinib,compound,BRD-K64034691-001-01-9,,"[""Bruton's tyrosine kinase (BTK) inhibitor""]",3.33948,-2.0079854
BR00117013,J02,U2OS,48,rifamycin,compound,BRD-K38512030-001-01-7,,,3.416729,-2.9274116
BR00117013,J03,U2OS,48,pazopanib,compound,BRD-K74514084-003-09-2,,"['KIT inhibitor', 'VEGFR inhibitor', 'PDGFR tyrosine kinase receptor inhibitor']",0.24047288,-2.1532845
BR00117013,J04,U2OS,48,RKI-1447,compound,BRD-K19333160-001-01-3,poscon_cp,,-0.30581224,-1.565167
BR00117013,J05,U2OS,48,vitamin-E,compound,BRD-K97091514-001-11-4,,['PKC inhibitor'],3.6608405,-3.7421834
BR00117013,J06,U2OS,48,lonafarnib,compound,BRD-K41599323-001-02-3,poscon_diverse,,-0.083339,-2.9252157
BR00117013,J07,U2OS,48,ethyl-pyruvate,compound,BRD-K47738867-001-01-5,,,3.7930415,-3.4800296
BR00117013,J08,U2OS,48,picrotin,compound,BRD-A91822151-001-05-0,,['GABA receptor antagonist'],3.4658496,-3.5754066
BR00117013,J09,U2OS,48,SGX523,compound,BRD-K19477839-001-07-6,poscon_cp,,2.0578723,-2.778651
BR00117013,J10,U2OS,48,PP-2,compound,BRD-K95785537-001-22-3,,['src inhibitor'],-0.6908744,-2.9084675
BR00117013,J11,U2OS,48,ME-0328,compound,BRD-A63444178-001-01-5,,['PPAR receptor antagonist'],2.8491178,-2.3163831
BR00117013,J12,U2OS,48,AZD9668,compound,BRD-K31476763-001-01-5,,['elastase inhibitor'],2.463397,-2.8378003
BR00117013,J13,U2OS,48,NQDI-1,compound,BRD-K61918008-001-07-1,,,1.3245263,-0.83355194
BR00117013,J14,U2OS,48,DMSO,compound,,negcon,,3.9811907,-3.2253122
BR00117013,J15,U2OS,48,carzenide,compound,BRD-K09295674-001-09-8,,,2.235027,-3.443945
BR00117013,J16,U2OS,48,KU-55933,compound,BRD-K25311561-001-10-7,,['ATM kinase inhibitor'],0.5681856,-3.5401995
BR00117013,J17,U2OS,48,NVP-AEW541,compound,BRD-K24696047-001-02-3,poscon_cp,['IGF-1 inhibitor'],-0.8443234,-1.0111463
BR00117013,J18,U2OS,48,leflunomide,compound,BRD-K78692225-001-24-5,,['PDGFR tyrosine kinase receptor inhibitor'],2.0893607,-2.9643526
BR00117013,J19,U2OS,48,DMSO,compound,,negcon,,4.398633,-3.6566744
BR00117013,J20,U2OS,48,azacitidine,compound,BRD-K03406345-001-21-1,poscon_diverse,,1.4900776,-3.8671463
BR00117013,J21,U2OS,48,ixabepilone,compound,BRD-K03601870-001-01-2,,['microtubule stabilizing agent'],-1.7204295,-4.66487
BR00117013,J22,U2OS,48,KH-CB19,compound,BRD-K66430217-001-03-8,poscon_cp,['CDC inhibitor'],2.7075403,-3.275877
BR00117013,J23,U2OS,48,DMSO,compound,,negcon,,4.1023593,-3.400563
BR00117013,J24,U2OS,48,PF-05190457,compound,BRD-K02554563-001-01-6,,,0.89691406,-0.68752396
BR00117013,K01,U2OS,48,LDN-212854,compound,BRD-K59831625-001-03-9,,,-1.472689,-6.212471
BR00117013,K02,U2OS,48,formononetin,compound,BRD-K55567017-001-12-3,,['alcohol dehydrogenase inhibitor'],3.0600767,-2.4563854
BR00117013,K03,U2OS,48,aminopurvalanol-a,compound,BRD-K07762753-001-05-1,poscon_orf,['CDK inhibitor'],0.440923,-4.110131
BR00117013,K04,U2OS,48,ruxolitinib,compound,BRD-K53972329-001-01-3,poscon_cp,['JAK inhibitor'],0.9427984,-2.4550343
BR00117013,K05,U2OS,48,DMSO,compound,,negcon,,4.5524406,-3.2541797
BR00117013,K06,U2OS,48,DMSO,compound,,negcon,,4.589111,-3.021584
BR00117013,K07,U2OS,48,LGK-974,compound,BRD-K16810791-001-01-0,,['porcupine inhibitor'],1.4965974,-2.203393
BR00117013,K08,U2OS,48,polydatin,compound,BRD-K43236057-001-07-1,,['ICAM1 expression inhibitor'],-0.74799806,-3.7979045
BR00117013,K09,U2OS,48,enflurane,compound,BRD-A51831848-001-01-7,,,1.2113149,-2.5724053
BR00117013,K10,U2OS,48,PFI-1,compound,BRD-K13094524-001-04-2,poscon_cp,,3.8243546,-2.4023921
BR00117013,K11,U2OS,48,AZD7762,compound,BRD-K86525559-001-07-8,poscon_diverse,['CHK inhibitor'],-2.05077,-6.4819126
BR00117013,K12,U2OS,48,sotrastaurin,compound,BRD-K16761703-001-03-8,,['PKC inhibitor'],0.31777984,-2.2071018
BR00117013,K13,U2OS,48,DMSO,compound,,negcon,,4.2969537,-3.6202555
BR00117013,K14,U2OS,48,cycloheximide,compound,BRD-K36055864-001-20-0,,['protein synthesis inhibitor'],-0.70612985,-4.868741
BR00117013,K15,U2OS,48,oxytocin,compound,BRD-K25243230-001-01-2,,,4.010826,-2.914292
BR00117013,K16,U2OS,48,DMSO,compound,,negcon,,4.42189,-3.7230132
BR00117013,K17,U2OS,48,colchicine,compound,BRD-K00259736-001-16-4,,,-2.1207986,-4.9562354
BR00117013,K18,U2OS,48,afimoxifene,compound,BRD-K04210847-001-21-9,,,-0.4197352,-0.84004104
BR00117013,K19,U2OS,48,DMSO,compound,,negcon,,3.7816033,-3.0801513
BR00117013,K20,U2OS,48,ZK-93423,compound,BRD-K33882852-003-02-8,poscon_diverse,['benzodiazepine receptor agonist'],0.8540218,-1.2460052
BR00117013,K21,U2OS,48,RGB-286638,compound,BRD-K20986415-001-02-6,,['CDK inhibitor'],-0.9312231,-5.121852
BR00117013,K22,U2OS,48,FPS-ZM1,compound,BRD-K87691185-001-01-2,,['RAGE receptor antagonist'],1.8697411,-2.3025053
BR00117013,K23,U2OS,48,flindokalner,compound,BRD-K56740996-001-02-1,,,2.7561135,-2.0465615
BR00117013,K24,U2OS,48,motesanib,compound,BRD-K99616396-316-05-3,,"['KIT inhibitor', 'VEGFR inhibitor', 'PDGFR tyrosine kinase receptor inhibitor']",0.6627033,-0.90742445
BR00117013,L01,U2OS,48,geldanamycin,compound,BRD-K43570081-001-02-4,,['HSP inhibitor'],-1.8685094,-5.3614125
BR00117013,L02,U2OS,48,DMSO,compound,,negcon,,4.0199056,-3.3848467
BR00117013,L03,U2OS,48,CGP-53353,compound,BRD-K32292990-001-03-6,,"['PKC inhibitor', 'EGFR inhibitor']",2.3513358,-2.3302977
BR00117013,L04,U2OS,48,7-hydroxystaurosporine,compound,BRD-K45293975-001-02-0,,"['CDK inhibitor', 'PKC inhibitor', 'CHK inhibitor']",-1.9343965,-6.2441754
BR00117013,L05,U2OS,48,DMSO,compound,,negcon,,4.3241467,-3.695493
BR00117013,L06,U2OS,48,DMSO,compound,,negcon,,4.234037,-3.8624442
BR00117013,L07,U2OS,48,efaproxiral,compound,BRD-K37355418-236-01-6,,,2.677045,-2.9702206
BR00117013,L08,U2OS,48,SB-203580,compound,BRD-A37704979-001-12-3,poscon_orf,['p38 MAPK inhibitor'],-0.12509383,-2.5378768
BR00117013,L09,U2OS,48,FK-866,compound,BRD-K58550667-001-08-7,poscon_diverse,,-0.24175368,-6.3864613
BR00117013,L10,U2OS,48,bepridil,compound,BRD-A91008255-003-24-8,,['calcium channel blocker'],0.35632414,-2.3274
BR00117013,L11,U2OS,48,delanzomib,compound,BRD-K59325863-001-04-4,,,-1.9850183,-6.322279
BR00117013,L12,U2OS,48,buparlisib,compound,BRD-K42191735-001-08-7,poscon_diverse,,-1.7679948,-5.080665
BR00117013,L13,U2OS,48,phenylbutazone,compound,BRD-K10843433-001-23-5,,"['cyclooxygenase inhibitor', 'prostanoid receptor antagonist']",3.114635,-2.5243254
BR00117013,L14,U2OS,48,deferasirox,compound,BRD-K97010173-001-04-1,,,1.0700105,-4.2118897
BR00117013,L15,U2OS,48,DMSO,compound,,negcon,,4.6141763,-3.6707706
BR00117013,L16,U2OS,48,cediranib,compound,BRD-K86930074-001-05-0,,"['KIT inhibitor', 'VEGFR inhibitor']",-1.156087,-1.6626543
BR00117013,L17,U2OS,48,isoflurane,compound,BRD-A31564021-001-02-6,,,2.4853463,-2.8076427
BR00117013,L18,U2OS,48,DMSO,compound,,negcon,,4.543711,-3.2568636
BR00117013,L19,U2OS,48,CCG-50014,compound,BRD-K08893438-001-06-4,,['G protein signaling inhibitor'],-1.7512449,-5.726609
BR00117013,L20,U2OS,48,PF-431396,compound,BRD-K93788137-001-04-1,,,0.6400171,-4.7230644
BR00117013,L21,U2OS,48,TG-02,compound,BRD-K14560436-001-01-4,,"['CDK inhibitor', 'FLT3 inhibitor', 'JAK inhibitor']",-1.1937573,-5.1050634
BR00117013,L22,U2OS,48,baclofen,compound,BRD-K01826724-003-07-9,,['benzodiazepine receptor agonist'],4.047569,-2.5631132
BR00117013,L23,U2OS,48,thiostrepton,compound,BRD-A20697603-001-07-2,,['protein synthesis inhibitor'],-0.45895278,-3.957786
BR00117013,L24,U2OS,48,flufenamic-acid,compound,BRD-K44067360-001-29-5,,,2.3806567,-2.6995306
BR00117013,M01,U2OS,48,DMSO,compound,,negcon,,3.5043159,-1.908103
BR00117013,M02,U2OS,48,LY2109761,compound,BRD-K47557313-001-02-7,,,-0.3622159,-2.604332
BR00117013,M03,U2OS,48,olopatadine,compound,BRD-K67637637-003-11-8,,['histamine receptor antagonist'],3.1192868,-2.4626517
BR00117013,M04,U2OS,48,DMSO,compound,,negcon,,4.547074,-3.1311061
BR00117013,M05,U2OS,48,castanospermine,compound,BRD-K20897876-001-11-8,,['glucosidase inhibitor'],2.41672,-2.0157428
BR00117013,M06,U2OS,48,A205804,compound,BRD-K77627880-001-04-0,,['ICAM1 expression inhibitor'],1.312196,-3.7791412
BR00117013,M07,U2OS,48,VU591,compound,BRD-K72063794-003-01-0,,['potassium channel blocker'],2.0285842,-2.274505
BR00117013,M08,U2OS,48,dalbavancin,compound,BRD-K30177383-001-01-0,,['bacterial cell wall synthesis inhibitor'],1.2180043,-2.3153892
BR00117013,M09,U2OS,48,CC-401,compound,BRD-K45746021-003-01-9,,['JNK inhibitor'],0.8545314,-2.2392294
BR00117013,M10,U2OS,48,ganetespib,compound,BRD-K38852836-001-04-9,poscon_diverse,['HSP inhibitor'],-1.9127868,-5.4966316
BR00117013,M11,U2OS,48,ingenol-mebutate,compound,BRD-K93779381-001-01-9,,,0.50309086,-1.2056965
BR00117013,M12,U2OS,48,menadione,compound,BRD-K78126613-001-27-7,,,-0.56361365,-4.7661986
BR00117013,M13,U2OS,48,cetilistat,compound,BRD-K94863486-001-02-2,,,3.0226173,-1.8302933
BR00117013,M14,U2OS,48,methoxsalen,compound,BRD-K63430059-001-16-4,,['DNA synthesis inhibitor'],2.5432818,-3.0525846
BR00117013,M15,U2OS,48,cyclosporine,compound,BRD-K13533483-001-16-2,,,-0.21228497,-3.4491856
BR00117013,M16,U2OS,48,NSC-632839,compound,BRD-K81197548-003-01-4,poscon_cp,['ubiquitin specific protease inhibitor'],-2.0335484,-5.8712263
BR00117013,M17,U2OS,48,DMSO,compound,,negcon,,4.557969,-3.4065318
BR00117013,M18,U2OS,48,TG-003,compound,BRD-K97072811-001-11-4,poscon_cp,,3.6574547,-2.3676405
BR00117013,M19,U2OS,48,oxibendazole,compound,BRD-K52075715-001-06-7,,['tubulin polymerization inhibitor'],-2.0984988,-4.904851
BR00117013,M20,U2OS,48,TG-101348,compound,BRD-K12502280-001-11-4,poscon_cp,"['JAK inhibitor', 'FLT3 inhibitor']",-2.1345005,-5.772604
BR00117013,M21,U2OS,48,miglitol,compound,BRD-A63310107-001-04-8,,['glucosidase inhibitor'],3.6194048,-2.9621243
BR00117013,M22,U2OS,48,DMSO,compound,,negcon,,4.8775644,-3.390313
BR00117013,M23,U2OS,48,DMSO,compound,,negcon,,4.7780695,-3.472609
BR00117013,M24,U2OS,48,tranilast,compound,BRD-K17849083-001-32-9,,,1.4619524,-1.6429902
BR00117013,N01,U2OS,48,4-methylhistamine,compound,BRD-K70821460-300-02-4,,['histamine receptor agonist'],1.888927,-1.8798168
BR00117013,N02,U2OS,48,LDN-27219,compound,BRD-K51485109-001-01-4,,,2.7912416,-2.6225107
BR00117013,N03,U2OS,48,anisomycin,compound,BRD-K91370081-001-25-1,,['DNA synthesis inhibitor'],-1.4679435,-5.887995
BR00117013,N04,U2OS,48,thioguanine,compound,BRD-K49350383-001-13-7,poscon_diverse,,-0.27498996,-3.7718365
BR00117013,N05,U2OS,48,droxinostat,compound,BRD-K11558771-001-13-9,,['HDAC inhibitor'],1.702538,-2.6450417
BR00117013,N06,U2OS,48,UNC2025,compound,BRD-K91283740-003-01-6,poscon_cp,['FLT3 inhibitor'],-1.6368845,-5.5065665
BR00117013,N07,U2OS,48,DMSO,compound,,negcon,,3.6815,-3.14782
BR00117013,N08,U2OS,48,DMSO,compound,,negcon,,4.4725623,-3.7213833
BR00117013,N09,U2OS,48,AMG900,compound,BRD-K21728777-001-02-3,poscon_cp,['Aurora kinase inhibitor'],0.66988295,-4.733644
BR00117013,N10,U2OS,48,PF-06463922,compound,BRD-A23124853-001-01-4,,['ALK tyrosine kinase receptor inhibitor'],-0.1628885,-2.1250875
BR00117013,N11,U2OS,48,orantinib,compound,BRD-K55966568-001-09-6,poscon_cp,"['FGFR inhibitor', 'PDGFR tyrosine kinase receptor inhibitor', 'VEGFR inhibitor']",3.7530143,-2.7177517
BR00117013,N12,U2OS,48,fludarabine-phosphate,compound,BRD-K71106091-001-09-5,,['ribonucleotide reductase inhibitor'],0.9870661,-4.447935
BR00117013,N13,U2OS,48,ceritinib,compound,BRD-K22149900-001-06-2,,['ALK tyrosine kinase receptor inhibitor'],-0.26318616,-1.270029
BR00117013,N14,U2OS,48,NVS-PAK1-1,compound,BRD-K28132190-001-02-0,poscon_cp,['p21 activated kinase inhibitor'],-0.84450746,-2.3578186
BR00117013,N15,U2OS,48,homoharringtonine,compound,BRD-K76674262-001-03-3,,['protein synthesis inhibitor'],-1.5392587,-5.8615046
BR00117013,N16,U2OS,48,picrotoxinin,compound,BRD-K36461289-001-05-8,,['GABA receptor antagonist'],-0.8846427,-1.9589585
BR00117013,N17,U2OS,48,DMSO,compound,,negcon,,4.228066,-3.5651424
BR00117013,N18,U2OS,48,danusertib,compound,BRD-K07881437-001-03-8,poscon_diverse,"['growth factor receptor inhibitor', 'Aurora kinase inhibitor']",0.53156656,-4.540436
BR00117013,N19,U2OS,48,romidepsin,compound,BRD-K61397605-001-01-8,poscon_cp,['HDAC inhibitor'],-1.9620489,-5.9116673
BR00117013,N20,U2OS,48,FERb-033,compound,BRD-K61642990-001-01-0,poscon_cp,['EGFR inhibitor'],-0.6562467,-2.258349
BR00117013,N21,U2OS,48,PF-03758309,compound,BRD-K37764012-001-03-3,poscon_diverse,['p21 activated kinase inhibitor'],-1.4319513,-5.244003
BR00117013,N22,U2OS,48,DMSO,compound,,negcon,,3.9623938,-3.3429263
BR00117013,N23,U2OS,48,trometamol,compound,BRD-K47978074-001-03-2,,,3.466697,-2.4865677
BR00117013,N24,U2OS,48,simvastatin,compound,BRD-K22134346-001-22-3,,['HMGCR inhibitor'],-0.9644273,-2.5803273
BR00117013,O01,U2OS,48,zaprinast,compound,BRD-K16542329-001-16-8,,['phosphodiesterase inhibitor'],2.9436567,-1.3055071
BR00117013,O02,U2OS,48,dexamethasone,compound,BRD-A10188456-001-04-9,,['glucocorticoid receptor agonist'],1.3195894,-2.6799734
BR00117013,O03,U2OS,48,salicylic-acid,compound,BRD-K93632104-001-17-2,,['cyclooxygenase inhibitor'],3.3085845,-2.4368424
BR00117013,O04,U2OS,48,diltiazem,compound,BRD-A69636825-003-04-7,,['calcium channel blocker'],0.23568559,-2.7008018
BR00117013,O05,U2OS,48,phenolphthalein,compound,BRD-K19227686-001-18-6,,,2.7975786,-1.8417981
BR00117013,O06,U2OS,48,niflumic-acid,compound,BRD-K98763141-001-30-8,,['cyclooxygenase inhibitor'],3.1858497,-2.098127
BR00117013,O07,U2OS,48,DMSO,compound,,negcon,,4.4629736,-2.6737044
BR00117013,O08,U2OS,48,L-Cystine,compound,BRD-A15397381-001-02-5,,,2.8761349,-2.2373257
BR00117013,O09,U2OS,48,ozanimod,compound,BRD-K46625559-001-01-8,,['sphingosine 1 phosphate receptor agonist'],-0.38469774,-0.95320696
BR00117013,O10,U2OS,48,efaroxan,compound,BRD-A10739734-003-09-8,,['adrenergic receptor antagonist'],4.195942,-2.8113225
BR00117013,O11,U2OS,48,NBQX,compound,BRD-K11796549-001-05-2,,['glutamate receptor antagonist'],3.4931138,-1.9822171
BR00117013,O12,U2OS,48,dinoprostone,compound,BRD-K26521938-001-07-2,,['prostanoid receptor agonist'],1.7136694,-2.7582471
BR00117013,O13,U2OS,48,Ro-20-1724,compound,BRD-A07207424-001-14-0,,['phosphodiesterase inhibitor'],3.626421,-1.6505002
BR00117013,O14,U2OS,48,xanomeline,compound,BRD-K72815923-034-02-0,,['acetylcholine receptor agonist'],3.0199692,-2.2856271
BR00117013,O15,U2OS,48,terazosin,compound,BRD-K01825589-310-02-9,,['adrenergic receptor antagonist'],3.4266331,-3.5258098
BR00117013,O16,U2OS,48,BVT-948,compound,BRD-K68567222-001-01-2,,,-0.7871497,-5.4260488
BR00117013,O17,U2OS,48,nicotine,compound,BRD-K01825660-322-01-9,,['acetylcholine receptor agonist'],3.6528335,-2.0946627
BR00117013,O18,U2OS,48,DMSO,compound,,negcon,,4.3270082,-2.7886064
BR00117013,O19,U2OS,48,U-0521,compound,BRD-K08953028-001-09-6,,,1.1055392,-1.8601364
BR00117013,O20,U2OS,48,BMS-587101,compound,BRD-K20093108-001-02-3,,,3.27994,-2.4832215
BR00117013,O21,U2OS,48,nimodipine,compound,BRD-A58048407-001-20-4,,['calcium channel blocker'],1.7178649,-1.5004683
BR00117013,O22,U2OS,48,pyrrolidine-dithiocarbamate,compound,BRD-K80970344-201-08-6,,,-1.335826,-6.369045
BR00117013,O23,U2OS,48,PF-915275,compound,BRD-K18289362-001-02-2,,,2.64379,-1.9722655
BR00117013,O24,U2OS,48,JTE-013,compound,BRD-K43330982-001-02-3,,,0.7013151,-0.37934923
BR00117013,P01,U2OS,48,sodium-butyrate,compound,BRD-K05878375-236-05-7,,['HDAC inhibitor'],2.4716978,0.35474727
BR00117013,P02,U2OS,48,pentostatin,compound,BRD-K91543828-001-02-0,,['ribonucleotide reductase inhibitor'],3.3483264,-1.3580076
BR00117013,P03,U2OS,48,OMDM-2,compound,BRD-K48830578-001-01-9,,,1.8878787,-1.571253
BR00117013,P04,U2OS,48,nalmefene,compound,BRD-A72767275-003-01-6,,,2.4238427,-0.6923242
BR00117013,P05,U2OS,48,DMSO,compound,,negcon,,4.474026,-3.2894714
BR00117013,P06,U2OS,48,1-EBIO,compound,BRD-K70586315-001-02-4,,,2.5269604,-2.2655687
BR00117013,P07,U2OS,48,SB-505124,compound,BRD-K40109029-001-02-9,,['ALK tyrosine kinase receptor inhibitor'],1.0532763,-3.0778425
BR00117013,P08,U2OS,48,prasugrel,compound,BRD-A83029242-001-06-1,,['purinergic receptor antagonist'],1.7374994,-0.735417
BR00117013,P09,U2OS,48,pidolic-acid,compound,BRD-K57313110-001-06-8,,,3.5069225,-1.9407597
BR00117013,P10,U2OS,48,DMSO,compound,,negcon,,4.486465,-3.1780012
BR00117013,P11,U2OS,48,nevirapine,compound,BRD-K15502390-001-20-9,,,3.1435978,-1.5118243
BR00117013,P12,U2OS,48,triamterene,compound,BRD-K92049597-001-20-8,,['sodium channel blocker'],2.7031815,-0.32408714
BR00117013,P13,U2OS,48,regorafenib,compound,BRD-K16730910-001-07-3,,"['PDGFR tyrosine kinase receptor inhibitor', 'RAF inhibitor', 'KIT inhibitor', 'RET tyrosine kinase inhibitor', 'FGFR inhibitor', 'VEGFR inhibitor']",0.7107961,-1.5826873
BR00117013,P14,U2OS,48,cyclophosphamide,compound,BRD-A09722536-002-18-0,,,2.5461385,-0.44695884
BR00117013,P15,U2OS,48,olanzapine,compound,BRD-K18895904-001-16-1,,"['dopamine receptor antagonist', 'serotonin receptor antagonist']",-0.675487,-0.5298394
BR00117013,P16,U2OS,48,KI-16425,compound,BRD-A25569250-001-03-3,,['lysophosphatidic acid receptor antagonist'],0.31554672,-5.1619463
BR00117013,P17,U2OS,48,SKLB1002,compound,BRD-K29895144-001-01-0,,['VEGFR inhibitor'],0.70233256,-4.4510975
BR00117013,P18,U2OS,48,cilostazol,compound,BRD-K67017579-001-28-1,,['phosphodiesterase inhibitor'],2.6521335,-0.41075394
BR00117013,P19,U2OS,48,AZD1283,compound,BRD-K77060810-001-01-5,,['purinergic receptor antagonist'],2.496412,-0.6027154
BR00117013,P20,U2OS,48,A-987306,compound,BRD-K68982262-001-01-4,,['histamine receptor antagonist'],-0.7188448,-0.6127554
BR00117013,P21,U2OS,48,procaine,compound,BRD-K24616672-003-20-1,,['HMGCR inhibitor'],3.2370658,-1.2714957
BR00117013,P22,U2OS,48,miconazole,compound,BRD-A82396632-008-30-8,,['bacterial cell wall synthesis inhibitor'],1.7999146,-0.5607458
BR00117013,P23,U2OS,48,loperamide,compound,BRD-K61250553-003-30-6,,,0.0058605303,-0.41374815
BR00117013,P24,U2OS,48,aripiprazole,compound,BRD-K70358946-001-17-3,,['serotonin receptor antagonist'],0.21296996,-0.1633924
BR00117024,A01,U2OS,24,gabapentin-enacarbil,compound,BRD-A86665761-001-01-1,,,2.523969,0.64134514
BR00117024,A02,U2OS,24,DMSO,compound,,negcon,,3.6545162,-0.10569446
BR00117024,A03,U2OS,24,amlodipine,compound,BRD-A22032524-074-09-9,,['calcium channel blocker'],-1.1000866,-0.94141567
BR00117024,A04,U2OS,24,hexestrol,compound,BRD-A01078468-001-14-8,,,3.472147,-0.7095437
BR00117024,A05,U2OS,24,quinine,compound,BRD-K48278478-001-01-2,,,3.4648955,-0.9437436
BR00117024,A06,U2OS,24,LOXO-101,compound,BRD-K36574127-001-01-3,,,3.1516895,-0.31219745
BR00117024,A07,U2OS,24,brinzolamide,compound,BRD-K74913225-001-14-0,,['carbonic anhydrase inhibitor'],2.4103343,0.0542785
BR00117024,A08,U2OS,24,NS-11021,compound,BRD-K94342292-001-01-3,,['calcium-activated potassium channel activator'],0.37989148,-3.5017626
BR00117024,A09,U2OS,24,DMSO,compound,,negcon,,3.8088174,-0.50993145
BR00117024,A10,U2OS,24,GNF-5837,compound,BRD-K19975102-001-01-2,,['growth factor receptor inhibitor'],1.1189712,-0.6863726
BR00117024,A11,U2OS,24,apatinib,compound,BRD-K25244359-066-02-6,,['RET tyrosine kinase inhibitor'],0.19314452,-0.6422265
BR00117024,A12,U2OS,24,ethoxzolamide,compound,BRD-K18131774-001-18-4,,['carbonic anhydrase inhibitor'],-0.2259411,-0.9327544
BR00117024,A13,U2OS,24,ascorbic-acid,compound,BRD-A85242401-001-11-5,,,3.0942075,-0.7265999
BR00117024,A14,U2OS,24,ryuvidine,compound,BRD-K06426971-001-02-7,,['histone lysine methyltransferase inhibitor'],-1.8122164,-6.8780785
BR00117024,A15,U2OS,24,BAN-ORL-24,compound,BRD-K47049295-300-03-1,,,-1.430621,-2.59835
BR00117024,A16,U2OS,24,NNC-55-0396,compound,BRD-K78122587-300-04-3,,,-0.73324966,-0.9296062
BR00117024,A17,U2OS,24,DMSO,compound,,negcon,,3.420087,-0.6375246
BR00117024,A18,U2OS,24,WH-4-023,compound,BRD-K50199947-001-03-4,,['src inhibitor'],-1.1425085,-2.8858972
BR00117024,A19,U2OS,24,flupirtine,compound,BRD-K50720187-051-03-1,,['glutamate receptor antagonist'],0.17531326,-1.1164207
BR00117024,A20,U2OS,24,ZK811752,compound,BRD-K91825936-001-03-9,,,0.9237745,-0.38696197
BR00117024,A21,U2OS,24,dexamethasone,compound,BRD-K38775274-001-22-1,,['glucocorticoid receptor agonist'],0.92573327,-2.6083007
BR00117024,A22,U2OS,24,PP-1,compound,BRD-K47598052-001-14-1,,['src inhibitor'],-0.782709,-2.7230704
BR00117024,A23,U2OS,24,DDR1-IN-1,compound,BRD-K61845293-300-01-9,,,-0.36771923,-0.62826765
BR00117024,A24,U2OS,24,AVL-292,compound,BRD-K87782578-001-01-4,,"[""Bruton's tyrosine kinase (BTK) inhibitor""]",-1.2079016,-3.7193685
BR00117024,B01,U2OS,24,H2L-5765834,compound,BRD-K26439554-001-01-3,,['lysophosphatidic acid receptor antagonist'],3.3176496,-0.0496385
BR00117024,B02,U2OS,24,thiostrepton,compound,BRD-K58049875-001-03-9,,['protein synthesis inhibitor'],-2.2537382,-6.717214
BR00117024,B03,U2OS,24,DMSO,compound,,negcon,,4.542644,-0.59366834
BR00117024,B04,U2OS,24,arcyriaflavin-a,compound,BRD-K72726508-001-02-1,,['CDK inhibitor'],-0.4338788,-2.9851427
BR00117024,B05,U2OS,24,CYM-5520,compound,BRD-K29151923-001-01-5,,['sphingosine 1 phosphate receptor agonist'],2.5627105,-1.0460352
BR00117024,B06,U2OS,24,fludarabine,compound,BRD-K66788707-001-14-3,,['ribonucleotide reductase inhibitor'],1.48782,-3.9644482
BR00117024,B07,U2OS,24,alda-1,compound,BRD-K06890060-001-09-1,,,3.2241292,-0.7884922
BR00117024,B08,U2OS,24,meclofenamic-acid,compound,BRD-K50398167-236-22-7,,"['cyclooxygenase inhibitor', 'prostanoid receptor antagonist']",3.0973303,-1.9661498
BR00117024,B09,U2OS,24,GNF-5,compound,BRD-K87632963-001-03-0,,['Bcr-Abl kinase inhibitor'],1.2192179,-0.8374217
BR00117024,B10,U2OS,24,NS-309,compound,BRD-K37602296-001-01-6,,['calcium-activated potassium channel activator'],2.6209185,-1.0773004
BR00117024,B11,U2OS,24,AK-7,compound,BRD-K09143580-001-01-0,,['SIRT inhibitor'],1.3291485,-0.900363
BR00117024,B12,U2OS,24,BVT-948,compound,BRD-A22713669-001-04-3,,,-0.35403043,-5.096306
BR00117024,B13,U2OS,24,SirReal-2,compound,BRD-K16472653-001-01-6,,['SIRT inhibitor'],1.2777146,-0.98883516
BR00117024,B14,U2OS,24,DMSO,compound,,negcon,,4.286491,-0.60827076
BR00117024,B15,U2OS,24,BMS-536924,compound,BRD-K34581968-001-05-3,,['IGF-1 inhibitor'],-0.9612375,-3.1530027
BR00117024,B16,U2OS,24,PP-121,compound,BRD-K81801188-001-02-8,,['protein tyrosine kinase inhibitor'],-1.3459303,-3.9804487
BR00117024,B17,U2OS,24,MCOPPB,compound,BRD-K73276278-305-01-1,,,-1.345952,-1.3993766
BR00117024,B18,U2OS,24,ozagrel,compound,BRD-K53061490-003-13-9,,,1.5764208,-0.760931
BR00117024,B19,U2OS,24,CYM-5442,compound,BRD-A43005764-003-01-5,,['sphingosine 1 phosphate receptor agonist'],-1.0663393,-1.0507966
BR00117024,B20,U2OS,24,CVT-10216,compound,BRD-K60659193-001-01-0,,,2.5058925,-1.4707882
BR00117024,B21,U2OS,24,TCN201,compound,BRD-K09787262-001-02-7,,['glutamate receptor antagonist'],0.63949066,-1.6929182
BR00117024,B22,U2OS,24,fomepizole,compound,BRD-K56810756-003-07-7,,['alcohol dehydrogenase inhibitor'],2.3608162,-0.8922655
BR00117024,B23,U2OS,24,benzamil,compound,BRD-K87158025-003-08-7,,['sodium channel blocker'],1.9080534,-1.2349844
BR00117024,B24,U2OS,24,lercanidipine,compound,BRD-A18992208-003-02-7,,['calcium channel blocker'],0.82157004,-0.33568278
BR00117024,C01,U2OS,24,4-CMTB,compound,BRD-A54139254-001-09-2,,['free fatty acid receptor agonist'],3.418922,-0.42192295
BR00117024,C02,U2OS,24,ML-228,compound,BRD-K44432556-001-05-5,,,3.656687,-0.6450252
BR00117024,C03,U2OS,24,DMSO,compound,,negcon,,4.881892,-0.97310454
BR00117024,C04,U2OS,24,GSK1070916,compound,BRD-K36740062-001-06-6,,['Aurora kinase inhibitor'],-0.9360906,-3.2989767
BR00117024,C05,U2OS,24,ML-193,compound,BRD-K27539181-001-08-5,,,2.0470736,-1.2551221
BR00117024,C06,U2OS,24,DMSO,compound,,negcon,,4.9994845,-0.9846547
BR00117024,C07,U2OS,24,M-25,compound,BRD-K51265828-001-01-0,,['smoothened receptor antagonist'],1.8702607,-0.8477356
BR00117024,C08,U2OS,24,azeliragon,compound,BRD-K51899933-001-02-6,,['RAGE receptor antagonist'],-1.4625192,-1.3887876
BR00117024,C09,U2OS,24,CYT-997,compound,BRD-K23363278-001-02-1,poscon_diverse,['tubulin polymerization inhibitor'],-2.5624855,-4.3688025
BR00117024,C10,U2OS,24,AR-12,compound,BRD-K90497590-001-05-9,,,-1.4256021,-6.748283
BR00117024,C11,U2OS,24,CYM-50260,compound,BRD-K69877120-001-01-7,,['sphingosine 1 phosphate receptor agonist'],1.8562897,-0.9804136
BR00117024,C12,U2OS,24,DMSO,compound,,negcon,,4.64782,-1.4309014
BR00117024,C13,U2OS,24,KG-5,compound,BRD-K90747162-001-01-4,poscon_cp,['RAF inhibitor'],-2.2340531,-4.272656
BR00117024,C14,U2OS,24,JTE-607,compound,BRD-K81405859-300-01-4,,,0.9466879,-4.425144
BR00117024,C15,U2OS,24,DMSO,compound,,negcon,,5.102091,-1.2670335
BR00117024,C16,U2OS,24,ilomastat,compound,BRD-K51662849-001-05-4,,['matrix metalloprotease inhibitor'],1.7132204,-1.1893289
BR00117024,C17,U2OS,24,RX-821002,compound,BRD-A65597028-003-08-1,,['adrenergic receptor antagonist'],0.85631293,-2.0886621
BR00117024,C18,U2OS,24,DMSO,compound,,negcon,,4.064779,-0.9694729
BR00117024,C19,U2OS,24,TUG-891,compound,BRD-K24282351-001-01-4,,['free fatty acid receptor agonist'],0.106167674,-3.452755
BR00117024,C20,U2OS,24,ponatinib,compound,BRD-K44227013-001-08-0,,"['PDGFR tyrosine kinase receptor inhibitor', 'FLT3 inhibitor', 'Bcr-Abl kinase inhibitor']",-2.1694574,-6.615672
BR00117024,C21,U2OS,24,DMSO,compound,,negcon,,5.146582,-1.3544816
BR00117024,C22,U2OS,24,puromycin,compound,BRD-K01824976-300-02-9,,['protein synthesis inhibitor'],-2.0453193,-6.3339267
BR00117024,C23,U2OS,24,SRC-kinase-inhibitor-I,compound,BRD-K50495309-001-02-0,,['src inhibitor'],-0.8954651,-0.70553285
BR00117024,C24,U2OS,24,acetylcysteine,compound,BRD-K59058747-001-19-1,,,1.7141906,-0.03180603
BR00117024,D01,U2OS,24,NSC-625987,compound,BRD-K62949423-001-03-1,,['CDK inhibitor'],3.2733757,-0.29841182
BR00117024,D02,U2OS,24,dalfampridine,compound,BRD-K22482860-001-20-6,,['potassium channel blocker'],4.05114,-0.74971735
BR00117024,D03,U2OS,24,NSC-95397,compound,BRD-K68143200-001-11-7,,['CDC inhibitor'],-0.36008537,-5.0310326
BR00117024,D04,U2OS,24,alrestatin,compound,BRD-K35498378-001-06-1,,['aldose reductase inhibitor'],3.2623477,-1.4538646
BR00117024,D05,U2OS,24,PF-03758309,compound,BRD-K37764012-001-03-3,poscon_diverse,['p21 activated kinase inhibitor'],3.6708517,-1.1203994
BR00117024,D06,U2OS,24,IRL-2500,compound,BRD-K98357249-001-02-9,,['endothelin receptor antagonist'],1.05967,-2.4324737
BR00117024,D07,U2OS,24,PF-04217903,compound,BRD-K73319509-001-08-0,poscon_cp,,4.03341,-0.99228126
BR00117024,D08,U2OS,24,FK-866,compound,BRD-K58550667-001-08-7,poscon_diverse,,2.234645,-1.2497084
BR00117024,D09,U2OS,24,amlexanox,compound,BRD-K29530284-001-06-2,,,3.1478364,-0.7174206
BR00117024,D10,U2OS,24,GW-311616,compound,BRD-K37864785-001-01-0,,['elastase inhibitor'],0.9521895,-2.1741655
BR00117024,D11,U2OS,24,buparlisib,compound,BRD-K42191735-001-08-7,poscon_diverse,,-2.2553244,-4.475598
BR00117024,D12,U2OS,24,amiloride,compound,BRD-K97181089-003-24-7,,['sodium channel blocker'],2.24598,-1.137721
BR00117024,D13,U2OS,24,DG-172,compound,BRD-K75748943-300-01-3,,,-0.8442949,-0.675388
BR00117024,D14,U2OS,24,DMSO,compound,,negcon,,4.651033,-0.8466666
BR00117024,D15,U2OS,24,DMSO,compound,,negcon,,5.037011,-1.3761045
BR00117024,D16,U2OS,24,NVP-ADW742,compound,BRD-K15179513-001-04-2,poscon_cp,,-1.330106,-1.4147505
BR00117024,D17,U2OS,24,misoprostol,compound,BRD-A72351335-001-04-5,,['prostanoid receptor agonist'],1.6112705,-3.6796358
BR00117024,D18,U2OS,24,conivaptan,compound,BRD-K37385792-003-02-1,,,-0.003706692,-0.74996597
BR00117024,D19,U2OS,24,spiroxatrine,compound,BRD-A72483914-001-03-7,,['serotonin receptor antagonist'],0.994215,-0.62913024
BR00117024,D20,U2OS,24,diacerein,compound,BRD-K69122748-001-10-1,,,2.185978,-1.2529572
BR00117024,D21,U2OS,24,DMSO,compound,,negcon,,5.1086698,-0.99059004
BR00117024,D22,U2OS,24,DMSO,compound,,negcon,,5.0186744,-1.4701042
BR00117024,D23,U2OS,24,glyburide,compound,BRD-K36927236-001-36-7,,['ATP channel blocker'],0.7094819,-1.052936
BR00117024,D24,U2OS,24,ANR-94,compound,BRD-K31170746-001-01-6,,,1.3525574,-0.121906966
BR00117024,E01,U2OS,24,TFC-007,compound,BRD-K57708067-001-01-3,,,3.6079962,-0.3720131
BR00117024,E02,U2OS,24,trihexyphenidyl,compound,BRD-A48180038-003-24-3,,['acetylcholine receptor antagonist'],4.070146,-0.95779157
BR00117024,E03,U2OS,24,epoprostenol,compound,BRD-K64054020-001-02-7,,,3.9865136,-1.3916408
BR00117024,E04,U2OS,24,sacubitril,compound,BRD-K91456750-001-01-9,,,3.7809534,-1.3381885
BR00117024,E05,U2OS,24,danusertib,compound,BRD-K07881437-001-03-8,poscon_diverse,"['growth factor receptor inhibitor', 'Aurora kinase inhibitor']",0.7723564,-4.6993737
BR00117024,E06,U2OS,24,CYT-997,compound,BRD-K23363278-001-02-1,poscon_diverse,['tubulin polymerization inhibitor'],-2.5649266,-4.4264565
BR00117024,E07,U2OS,24,DMSO,compound,,negcon,,4.9608846,-0.9921746
BR00117024,E08,U2OS,24,BQ-788,compound,BRD-K02490038-236-03-8,,['endothelin receptor antagonist'],3.9388206,-1.2969508
BR00117024,E09,U2OS,24,SB-202190,compound,BRD-K54330070-001-19-6,poscon_orf,['p38 MAPK inhibitor'],0.021995747,-2.2679873
BR00117024,E10,U2OS,24,GSK2110183,compound,BRD-K25412176-001-01-9,poscon_diverse,,0.12753598,-1.5683343
BR00117024,E11,U2OS,24,GSK3787,compound,BRD-K03155172-001-03-0,,['PPAR receptor antagonist'],1.8680089,-1.0812962
BR00117024,E12,U2OS,24,BAM7,compound,BRD-K07442505-001-03-6,,,2.562594,-1.2910299
BR00117024,E13,U2OS,24,PHA-793887,compound,BRD-K64800655-001-09-0,poscon_diverse,['CDK inhibitor'],-0.86423916,-4.63471
BR00117024,E14,U2OS,24,DMSO,compound,,negcon,,4.932691,-1.2297304
BR00117024,E15,U2OS,24,GSK-37647,compound,BRD-K26514105-001-01-7,,['free fatty acid receptor agonist'],2.5017812,-2.0680788
BR00117024,E16,U2OS,24,desonide,compound,BRD-K21528677-001-04-4,,['glucocorticoid receptor agonist'],1.161863,-2.8153284
BR00117024,E17,U2OS,24,DMSO,compound,,negcon,,4.558019,-0.97525513
BR00117024,E18,U2OS,24,aloxistatin,compound,BRD-K91188791-001-17-5,,,-0.8438111,-0.48709756
BR00117024,E19,U2OS,24,azathioprine,compound,BRD-K32821942-001-22-1,,,1.9643021,-0.93667954
BR00117024,E20,U2OS,24,ZK-93423,compound,BRD-K33882852-003-02-8,poscon_diverse,['benzodiazepine receptor agonist'],0.9187529,-0.74762756
BR00117024,E21,U2OS,24,BI-2536,compound,BRD-K64890080-001-02-1,poscon_diverse,,-1.9441854,-4.510452
BR00117024,E22,U2OS,24,EI1,compound,BRD-K91535048-001-01-2,poscon_cp,['histone lysine methyltransferase inhibitor'],1.6426358,-1.2583046
BR00117024,E23,U2OS,24,NVP-HSP990,compound,BRD-K67915505-001-01-2,,['HSP inhibitor'],-1.3919518,-3.4880416
BR00117024,E24,U2OS,24,DMSO,compound,,negcon,,2.2021003,-0.06917165
BR00117024,F01,U2OS,24,DMSO,compound,,negcon,,3.9218137,-0.2547063
BR00117024,F02,U2OS,24,nialamide,compound,BRD-K12102668-001-25-5,,,3.6300938,-0.77884275
BR00117024,F03,U2OS,24,DMSO,compound,,negcon,,4.4489584,-0.7325729
BR00117024,F04,U2OS,24,arundic-acid,compound,BRD-K49223707-001-01-0,,,3.9961345,-0.8183917
BR00117024,F05,U2OS,24,torcitabine,compound,BRD-K91822704-003-07-2,,,3.5816495,-0.9189087
BR00117024,F06,U2OS,24,DMSO,compound,,negcon,,4.341972,-0.48971337
BR00117024,F07,U2OS,24,epothilone-b,compound,BRD-K68164687-001-01-6,,"['microtubule stabilizing agent', 'tubulin polymerization inhibitor']",-1.8234054,-4.048193
BR00117024,F08,U2OS,24,dyphylline,compound,BRD-A00827783-001-24-6,,['phosphodiesterase inhibitor'],3.4906507,-0.94634056
BR00117024,F09,U2OS,24,DMSO,compound,,negcon,,3.9571881,-1.3849598
BR00117024,F10,U2OS,24,quinidine,compound,BRD-K59632282-052-03-1,,['sodium channel blocker'],1.9280488,-0.7359289
BR00117024,F11,U2OS,24,halopemide,compound,BRD-K50055394-001-03-6,,,1.0132141,-1.8801373
BR00117024,F12,U2OS,24,sulfinpyrazone,compound,BRD-A36217750-001-16-3,,,3.7633379,-1.6320359
BR00117024,F13,U2OS,24,ML-323,compound,BRD-K93942811-001-01-3,poscon_cp,['ubiquitin specific protease inhibitor'],1.4007535,-1.0637959
BR00117024,F14,U2OS,24,racecadotril,compound,BRD-A08187463-001-12-9,,,1.8077106,-1.6914284
BR00117024,F15,U2OS,24,BRL-50481,compound,BRD-K84266862-001-03-2,,['phosphodiesterase inhibitor'],1.8120998,-3.528177
BR00117024,F16,U2OS,24,GSK2110183,compound,BRD-K25412176-001-01-9,poscon_diverse,,0.034800056,-1.6618636
BR00117024,F17,U2OS,24,bufexamac,compound,BRD-K36660044-001-24-2,,['cyclooxygenase inhibitor'],1.7224704,-2.243375
BR00117024,F18,U2OS,24,anandamide,compound,BRD-K42352790-001-05-3,,,2.435175,-1.2261468
BR00117024,F19,U2OS,24,thioguanine,compound,BRD-K49350383-001-13-7,poscon_diverse,,-0.27955946,-3.5397332
BR00117024,F20,U2OS,24,IWP-L6,compound,BRD-K53234107-001-01-6,,['porcupine inhibitor'],1.1135595,-1.0257268
BR00117024,F21,U2OS,24,edoxaban,compound,BRD-K29322660-001-01-9,,['coagulation factor inhibitor'],1.2650162,-1.1054159
BR00117024,F22,U2OS,24,lonafarnib,compound,BRD-K41599323-001-02-3,poscon_diverse,,-0.29738626,-2.9670346
BR00117024,F23,U2OS,24,ibutamoren,compound,BRD-K44771174-066-01-0,,,0.18570048,-1.4839637
BR00117024,F24,U2OS,24,somatostatin,compound,BRD-K14681867-001-01-6,,['somatostatin receptor agonist'],1.6182867,-0.32007417
BR00117024,G01,U2OS,24,L-proline,compound,BRD-K01666412-001-02-0,,,3.2651508,-0.0046342397
BR00117024,G02,U2OS,24,zamifenacin,compound,BRD-K80451230-051-02-6,,['acetylcholine receptor antagonist'],3.9973335,-0.8715819
BR00117024,G03,U2OS,24,YC-1,compound,BRD-K60476892-001-16-1,,,-1.5780611,-5.7277045
BR00117024,G04,U2OS,24,DMSO,compound,,negcon,,4.844589,-1.1928657
BR00117024,G05,U2OS,24,ME-0328,compound,BRD-K24283677-001-01-9,,['PPAR receptor antagonist'],3.8677285,-1.1367247
BR00117024,G06,U2OS,24,NSC-663284,compound,BRD-K03109492-001-02-2,,['CDC inhibitor'],-1.9339542,-6.826853
BR00117024,G07,U2OS,24,CYM-50358,compound,BRD-K80666802-003-01-0,,,-0.5156511,-0.42996725
BR00117024,G08,U2OS,24,trazodone,compound,BRD-K70778732-003-27-5,,"['adrenergic receptor antagonist', 'serotonin receptor antagonist']",2.3562944,-2.02807
BR00117024,G09,U2OS,24,DMSO,compound,,negcon,,4.4026713,-0.8317037
BR00117024,G10,U2OS,24,DMSO,compound,,negcon,,4.7974024,-0.8359264
BR00117024,G11,U2OS,24,sulfasalazine,compound,BRD-K10670311-001-17-1,,['cyclooxygenase inhibitor'],3.2513316,-0.9022379
BR00117024,G12,U2OS,24,"2,5-furandimethanol",compound,BRD-K29791386-001-01-8,,,3.1086009,-1.2167448
BR00117024,G13,U2OS,24,DMSO,compound,,negcon,,4.44424,-1.2094586
BR00117024,G14,U2OS,24,dilazep,compound,BRD-K48722258-300-11-0,,,4.157906,-1.3046389
BR00117024,G15,U2OS,24,felodipine,compound,BRD-A30815329-001-12-1,,['calcium channel blocker'],1.110357,-1.9357337
BR00117024,G16,U2OS,24,paliperidone,compound,BRD-A99888680-001-05-3,,"['dopamine receptor antagonist', 'serotonin receptor antagonist']",2.3425767,-1.4448235
BR00117024,G17,U2OS,24,purvalanol-a,compound,BRD-K50836978-001-03-3,poscon_orf,['CDK inhibitor'],0.64911777,-3.9199767
BR00117024,G18,U2OS,24,DMSO,compound,,negcon,,4.7680283,-1.0415057
BR00117024,G19,U2OS,24,Ro-1138452,compound,BRD-K77220725-003-01-5,,['prostanoid receptor antagonist'],1.9198709,-1.533183
BR00117024,G20,U2OS,24,sorbinil,compound,BRD-A89164055-001-03-3,,['aldose reductase inhibitor'],3.5810902,-1.2512372
BR00117024,G21,U2OS,24,TC-S-7004,compound,BRD-K89517477-001-01-4,poscon_cp,['DYRK inhibitor'],0.1708127,-3.697768
BR00117024,G22,U2OS,24,saclofen,compound,BRD-A24122750-001-03-7,,['GABA receptor antagonist'],3.5954623,-1.3471916
BR00117024,G23,U2OS,24,BAY-87-2243,compound,BRD-K70463136-001-01-5,,,0.94622034,-0.9298291
BR00117024,G24,U2OS,24,ibudilast,compound,BRD-K16444452-001-09-1,,['phosphodiesterase inhibitor'],1.9358908,-0.32804054
BR00117024,H01,U2OS,24,briciclib,compound,BRD-K05531427-001-01-7,,,-2.4585023,-4.4432874
BR00117024,H02,U2OS,24,2-Oleoylglycerol,compound,BRD-K77087341-001-02-4,,,3.9733267,-0.98275375
BR00117024,H03,U2OS,24,RGFP966,compound,BRD-K61688984-001-02-9,poscon_cp,['HDAC inhibitor'],0.6541656,-3.092366
BR00117024,H04,U2OS,24,DMSO,compound,,negcon,,4.5943146,-0.69355273
BR00117024,H05,U2OS,24,azacitidine,compound,BRD-K03406345-001-21-1,poscon_diverse,,0.16656165,-3.1039228
BR00117024,H06,U2OS,24,N6-cyclopentyladenosine,compound,BRD-K60150510-001-15-6,,,3.6207385,-0.8379862
BR00117024,H07,U2OS,24,filgotinib,compound,BRD-K16803204-001-01-6,poscon_cp,['JAK inhibitor'],1.2774287,-2.454053
BR00117024,H08,U2OS,24,guanidine,compound,BRD-K76037122-001-02-5,,['HSP inhibitor'],3.1120534,-1.2555425
BR00117024,H09,U2OS,24,coumarin,compound,BRD-K23913458-001-20-7,,,3.1821978,-1.4776459
BR00117024,H10,U2OS,24,DMSO,compound,,negcon,,4.4353538,-0.85106057
BR00117024,H11,U2OS,24,ZM-336372,compound,BRD-K73789395-001-09-9,poscon_orf,['RAF inhibitor'],2.1880393,-0.81762254
BR00117024,H12,U2OS,24,citric-acid,compound,BRD-K76792669-001-08-1,,['coagulation factor inhibitor'],3.3666599,-0.7457484
BR00117024,H13,U2OS,24,DMSO,compound,,negcon,,4.8681207,-1.4018451
BR00117024,H14,U2OS,24,CCG-63802,compound,BRD-K26970495-001-02-7,,['G protein signaling inhibitor'],2.1823578,-1.1682118
BR00117024,H15,U2OS,24,ibutilide,compound,BRD-A74391928-051-03-9,,['potassium channel blocker'],3.2138634,-1.5245496
BR00117024,H16,U2OS,24,batimastat,compound,BRD-K82818427-001-04-8,,['matrix metalloprotease inhibitor'],0.70223117,-2.65695
BR00117024,H17,U2OS,24,DMSO,compound,,negcon,,4.5827785,-0.62160844
BR00117024,H18,U2OS,24,DMSO,compound,,negcon,,4.1348834,-0.9771933
BR00117024,H19,U2OS,24,UNC1999,compound,BRD-K26989966-001-04-3,poscon_cp,['histone lysine methyltransferase inhibitor'],-2.4501925,-5.2234735
BR00117024,H20,U2OS,24,glutamine-(l),compound,BRD-K83896451-001-06-7,,,1.3320746,-3.8308806
BR00117024,H21,U2OS,24,PD-98059,compound,BRD-K62810658-001-11-4,poscon_orf,,1.3911971,-1.4159079
BR00117024,H22,U2OS,24,enilconazole,compound,BRD-K01825690-065-01-9,,,2.7670417,-1.7468221
BR00117024,H23,U2OS,24,N-alpha-Methylhistamine-dihydrochloride,compound,BRD-K75390981-300-04-9,,['histamine receptor agonist'],2.9608104,-1.4040757
BR00117024,H24,U2OS,24,GK921,compound,BRD-K38272302-001-02-7,,,-0.53757197,-4.4306684
BR00117024,I01,U2OS,24,nilvadipine,compound,BRD-A84687895-001-03-2,,['calcium channel blocker'],2.7486455,-0.48258898
BR00117024,I02,U2OS,24,DMSO,compound,,negcon,,4.4221315,-0.3193944
BR00117024,I03,U2OS,24,AC-710,compound,BRD-K15819326-001-01-6,,['PDGFR tyrosine kinase receptor inhibitor'],-1.1953738,-0.807639
BR00117024,I04,U2OS,24,PETCM,compound,BRD-A93477898-001-04-2,,,3.6554954,-1.2844043
BR00117024,I05,U2OS,24,AZD7762,compound,BRD-K86525559-001-07-8,poscon_diverse,['CHK inhibitor'],-2.12379,-6.626802
BR00117024,I06,U2OS,24,PHA-793887,compound,BRD-K64800655-001-09-0,poscon_diverse,['CDK inhibitor'],-0.94811356,-4.5782824
BR00117024,I07,U2OS,24,KU-60019,compound,BRD-K36016295-001-05-2,,['ATM kinase inhibitor'],-0.38876954,-4.4699807
BR00117024,I08,U2OS,24,nafamostat,compound,BRD-K06674495-334-04-0,,,1.0108179,-1.7322315
BR00117024,I09,U2OS,24,DMSO,compound,,negcon,,4.444488,-1.2602518
BR00117024,I10,U2OS,24,DMSO,compound,,negcon,,4.718941,-0.8713704
BR00117024,I11,U2OS,24,taladegib,compound,BRD-K50498985-001-03-3,,['smoothened receptor antagonist'],2.8586967,-1.2710915
BR00117024,I12,U2OS,24,acetohexamide,compound,BRD-K52960356-001-13-0,,['ATP channel blocker'],2.0381525,-3.0063267
BR00117024,I13,U2OS,24,minocycline,compound,BRD-A69651145-003-11-4,,,0.297921,-2.8476648
BR00117024,I14,U2OS,24,BI-2536,compound,BRD-K64890080-001-02-1,poscon_diverse,,-1.9793104,-4.555864
BR00117024,I15,U2OS,24,riociguat,compound,BRD-K84783599-001-01-0,,,1.4684405,-1.0660131
BR00117024,I16,U2OS,24,CP-724714,compound,BRD-K76908866-001-07-6,poscon_cp,"['EGFR inhibitor', 'protein tyrosine kinase inhibitor']",0.7108213,-0.9181142
BR00117024,I17,U2OS,24,ganetespib,compound,BRD-K38852836-001-04-9,poscon_diverse,['HSP inhibitor'],-1.3711584,-3.4816768
BR00117024,I18,U2OS,24,AZ191,compound,BRD-K80935598-001-01-1,poscon_cp,['DYRK inhibitor'],-1.3114167,-1.5974965
BR00117024,I19,U2OS,24,BAX-channel-blocker,compound,BRD-A18763547-300-06-3,,,-1.463939,-1.9987205
BR00117024,I20,U2OS,24,SU3327,compound,BRD-K32730239-001-01-0,,['JNK inhibitor'],-2.034328,-6.649604
BR00117024,I21,U2OS,24,DMSO,compound,,negcon,,4.533485,-1.1866356
BR00117024,I22,U2OS,24,DMSO,compound,,negcon,,4.7498817,-1.5490335
BR00117024,I23,U2OS,24,octreotide,compound,BRD-A64173453-015-03-1,,['somatostatin receptor agonist'],2.388085,-1.0154153
BR00117024,I24,U2OS,24,1-octanol,compound,BRD-K09338665-001-08-9,,,1.2722925,-1.974907
BR00117024,J01,U2OS,24,acalabrutinib,compound,BRD-K64034691-001-01-9,,"[""Bruton's tyrosine kinase (BTK) inhibitor""]",3.151065,-0.39583364
BR00117024,J02,U2OS,24,rifamycin,compound,BRD-K38512030-001-01-7,,,3.7889588,-1.4322686
BR00117024,J03,U2OS,24,pazopanib,compound,BRD-K74514084-003-09-2,,"['KIT inhibitor', 'VEGFR inhibitor', 'PDGFR tyrosine kinase receptor inhibitor']",0.10359853,-2.7581563
BR00117024,J04,U2OS,24,RKI-1447,compound,BRD-K19333160-001-01-3,poscon_cp,,-0.18800132,-1.6411752
BR00117024,J05,U2OS,24,vitamin-E,compound,BRD-K97091514-001-11-4,,['PKC inhibitor'],3.6885765,-1.3491241
BR00117024,J06,U2OS,24,lonafarnib,compound,BRD-K41599323-001-02-3,poscon_diverse,,-0.27646118,-2.9398017
BR00117024,J07,U2OS,24,ethyl-pyruvate,compound,BRD-K47738867-001-01-5,,,2.5351164,-1.4093671
BR00117024,J08,U2OS,24,picrotin,compound,BRD-A91822151-001-05-0,,['GABA receptor antagonist'],3.721065,-1.1783047
BR00117024,J09,U2OS,24,SGX523,compound,BRD-K19477839-001-07-6,poscon_cp,,1.2350521,-1.5520308
BR00117024,J10,U2OS,24,PP-2,compound,BRD-K95785537-001-22-3,,['src inhibitor'],-0.7761016,-2.8559725
BR00117024,J11,U2OS,24,ME-0328,compound,BRD-A63444178-001-01-5,,['PPAR receptor antagonist'],4.034787,-1.3460747
BR00117024,J12,U2OS,24,AZD9668,compound,BRD-K31476763-001-01-5,,['elastase inhibitor'],2.232082,-2.944067
BR00117024,J13,U2OS,24,NQDI-1,compound,BRD-K61918008-001-07-1,,,1.50471,-1.6003658
BR00117024,J14,U2OS,24,DMSO,compound,,negcon,,4.2635474,-0.89534265
BR00117024,J15,U2OS,24,carzenide,compound,BRD-K09295674-001-09-8,,,2.147571,-3.0715222
BR00117024,J16,U2OS,24,KU-55933,compound,BRD-K25311561-001-10-7,,['ATM kinase inhibitor'],0.50428694,-3.3967912
BR00117024,J17,U2OS,24,NVP-AEW541,compound,BRD-K24696047-001-02-3,poscon_cp,['IGF-1 inhibitor'],-0.65192384,-0.97451514
BR00117024,J18,U2OS,24,leflunomide,compound,BRD-K78692225-001-24-5,,['PDGFR tyrosine kinase receptor inhibitor'],1.846881,-2.111084
BR00117024,J19,U2OS,24,DMSO,compound,,negcon,,4.9638686,-1.0412632
BR00117024,J20,U2OS,24,azacitidine,compound,BRD-K03406345-001-21-1,poscon_diverse,,0.2674473,-3.1206264
BR00117024,J21,U2OS,24,ixabepilone,compound,BRD-K03601870-001-01-2,,['microtubule stabilizing agent'],-2.0580335,-4.353179
BR00117024,J22,U2OS,24,KH-CB19,compound,BRD-K66430217-001-03-8,poscon_cp,['CDC inhibitor'],2.540453,-2.168043
BR00117024,J23,U2OS,24,DMSO,compound,,negcon,,4.2593207,-1.4081949
BR00117024,J24,U2OS,24,PF-05190457,compound,BRD-K02554563-001-01-6,,,1.0314916,-0.12973244
BR00117024,K01,U2OS,24,LDN-212854,compound,BRD-K59831625-001-03-9,,,-1.7535546,-6.477584
BR00117024,K02,U2OS,24,formononetin,compound,BRD-K55567017-001-12-3,,['alcohol dehydrogenase inhibitor'],3.5344572,-1.3838823
BR00117024,K03,U2OS,24,aminopurvalanol-a,compound,BRD-K07762753-001-05-1,poscon_orf,['CDK inhibitor'],0.42609635,-3.9953775
BR00117024,K04,U2OS,24,ruxolitinib,compound,BRD-K53972329-001-01-3,poscon_cp,['JAK inhibitor'],0.45295167,-2.353825
BR00117024,K05,U2OS,24,DMSO,compound,,negcon,,4.7669053,-0.9564811
BR00117024,K06,U2OS,24,DMSO,compound,,negcon,,5.13464,-0.8866972
BR00117024,K07,U2OS,24,LGK-974,compound,BRD-K16810791-001-01-0,,['porcupine inhibitor'],3.3833263,-1.509431
BR00117024,K08,U2OS,24,polydatin,compound,BRD-K43236057-001-07-1,,['ICAM1 expression inhibitor'],-0.9807589,-3.4622037
BR00117024,K09,U2OS,24,enflurane,compound,BRD-A51831848-001-01-7,,,3.0864346,-1.6719968
BR00117024,K10,U2OS,24,PFI-1,compound,BRD-K13094524-001-04-2,poscon_cp,,3.9469383,-1.2978226
BR00117024,K11,U2OS,24,AZD7762,compound,BRD-K86525559-001-07-8,poscon_diverse,['CHK inhibitor'],-2.1341476,-6.7623057
BR00117024,K12,U2OS,24,sotrastaurin,compound,BRD-K16761703-001-03-8,,['PKC inhibitor'],0.13021779,-2.0114667
BR00117024,K13,U2OS,24,DMSO,compound,,negcon,,4.7070637,-1.3215784
BR00117024,K14,U2OS,24,cycloheximide,compound,BRD-K36055864-001-20-0,,['protein synthesis inhibitor'],-0.43685597,-4.212542
BR00117024,K15,U2OS,24,oxytocin,compound,BRD-K25243230-001-01-2,,,2.8786964,-1.8620087
BR00117024,K16,U2OS,24,DMSO,compound,,negcon,,4.8660727,-1.0661268
BR00117024,K17,U2OS,24,colchicine,compound,BRD-K00259736-001-16-4,,,-2.5058196,-4.432462
BR00117024,K18,U2OS,24,afimoxifene,compound,BRD-K04210847-001-21-9,,,2.016627,-1.3021351
BR00117024,K19,U2OS,24,DMSO,compound,,negcon,,4.4304886,-1.0026422
BR00117024,K20,U2OS,24,ZK-93423,compound,BRD-K33882852-003-02-8,poscon_diverse,['benzodiazepine receptor agonist'],1.038684,-0.8520663
BR00117024,K21,U2OS,24,RGB-286638,compound,BRD-K20986415-001-02-6,,['CDK inhibitor'],-0.75523406,-4.86109
BR00117024,K22,U2OS,24,FPS-ZM1,compound,BRD-K87691185-001-01-2,,['RAGE receptor antagonist'],1.3421867,-1.7457734
BR00117024,K23,U2OS,24,flindokalner,compound,BRD-K56740996-001-02-1,,,1.8702322,-0.7955623
BR00117024,K24,U2OS,24,motesanib,compound,BRD-K99616396-316-05-3,,"['KIT inhibitor', 'VEGFR inhibitor', 'PDGFR tyrosine kinase receptor inhibitor']",0.7209421,-0.8222012
BR00117024,L01,U2OS,24,geldanamycin,compound,BRD-K43570081-001-02-4,,['HSP inhibitor'],-1.425278,-3.5008774
BR00117024,L02,U2OS,24,DMSO,compound,,negcon,,4.6118846,-0.58240354
BR00117024,L03,U2OS,24,CGP-53353,compound,BRD-K32292990-001-03-6,,"['PKC inhibitor', 'EGFR inhibitor']",1.7970415,-1.4182599
BR00117024,L04,U2OS,24,7-hydroxystaurosporine,compound,BRD-K45293975-001-02-0,,"['CDK inhibitor', 'PKC inhibitor', 'CHK inhibitor']",-2.16904,-6.560976
BR00117024,L05,U2OS,24,DMSO,compound,,negcon,,4.606964,-1.2243123
BR00117024,L06,U2OS,24,DMSO,compound,,negcon,,4.5840406,-0.84371024
BR00117024,L07,U2OS,24,efaproxiral,compound,BRD-K37355418-236-01-6,,,3.9740698,-1.1407636
BR00117024,L08,U2OS,24,SB-203580,compound,BRD-A37704979-001-12-3,poscon_orf,['p38 MAPK inhibitor'],-0.05584184,-2.3560517
BR00117024,L09,U2OS,24,FK-866,compound,BRD-K58550667-001-08-7,poscon_diverse,,2.2816386,-1.5355253
BR00117024,L10,U2OS,24,bepridil,compound,BRD-A91008255-003-24-8,,['calcium channel blocker'],0.5021088,-0.9074
BR00117024,L11,U2OS,24,delanzomib,compound,BRD-K59325863-001-04-4,,,-2.194941,-6.574268
BR00117024,L12,U2OS,24,buparlisib,compound,BRD-K42191735-001-08-7,poscon_diverse,,-2.3670251,-4.3683333
BR00117024,L13,U2OS,24,phenylbutazone,compound,BRD-K10843433-001-23-5,,"['cyclooxygenase inhibitor', 'prostanoid receptor antagonist']",1.7181699,-1.598102
BR00117024,L14,U2OS,24,deferasirox,compound,BRD-K97010173-001-04-1,,,1.6281025,-3.3399827
BR00117024,L15,U2OS,24,DMSO,compound,,negcon,,4.535306,-0.9622905
BR00117024,L16,U2OS,24,cediranib,compound,BRD-K86930074-001-05-0,,"['KIT inhibitor', 'VEGFR inhibitor']",-1.1894583,-1.396065
BR00117024,L17,U2OS,24,isoflurane,compound,BRD-A31564021-001-02-6,,,3.5245993,-1.3528652
BR00117024,L18,U2OS,24,DMSO,compound,,negcon,,5.0099926,-0.8257011
BR00117024,L19,U2OS,24,CCG-50014,compound,BRD-K08893438-001-06-4,,['G protein signaling inhibitor'],-2.0290887,-6.025971
BR00117024,L20,U2OS,24,PF-431396,compound,BRD-K93788137-001-04-1,,,0.6483838,-4.7247663
BR00117024,L21,U2OS,24,TG-02,compound,BRD-K14560436-001-01-4,,"['CDK inhibitor', 'FLT3 inhibitor', 'JAK inhibitor']",-0.984878,-4.7185006
BR00117024,L22,U2OS,24,baclofen,compound,BRD-K01826724-003-07-9,,['benzodiazepine receptor agonist'],2.5698326,-1.2302155
BR00117024,L23,U2OS,24,thiostrepton,compound,BRD-A20697603-001-07-2,,['protein synthesis inhibitor'],-0.3097122,-3.7098925
BR00117024,L24,U2OS,24,flufenamic-acid,compound,BRD-K44067360-001-29-5,,,1.3431135,-0.31170413
BR00117024,M01,U2OS,24,DMSO,compound,,negcon,,4.076343,-0.3106744
BR00117024,M02,U2OS,24,LY2109761,compound,BRD-K47557313-001-02-7,,,-0.16385512,-2.4024885
BR00117024,M03,U2OS,24,olopatadine,compound,BRD-K67637637-003-11-8,,['histamine receptor antagonist'],4.029503,-1.3147955
BR00117024,M04,U2OS,24,DMSO,compound,,negcon,,5.0844197,-1.123839
BR00117024,M05,U2OS,24,castanospermine,compound,BRD-K20897876-001-11-8,,['glucosidase inhibitor'],3.2003813,-1.477162
BR00117024,M06,U2OS,24,A205804,compound,BRD-K77627880-001-04-0,,['ICAM1 expression inhibitor'],1.145191,-3.567648
BR00117024,M07,U2OS,24,VU591,compound,BRD-K72063794-003-01-0,,['potassium channel blocker'],2.0749469,-1.2878553
BR00117024,M08,U2OS,24,dalbavancin,compound,BRD-K30177383-001-01-0,,['bacterial cell wall synthesis inhibitor'],2.1281707,-0.9972553
BR00117024,M09,U2OS,24,CC-401,compound,BRD-K45746021-003-01-9,,['JNK inhibitor'],0.2060855,-2.0560467
BR00117024,M10,U2OS,24,ganetespib,compound,BRD-K38852836-001-04-9,poscon_diverse,['HSP inhibitor'],-1.3572942,-3.3841567
BR00117024,M11,U2OS,24,ingenol-mebutate,compound,BRD-K93779381-001-01-9,,,0.40804827,-1.3936762
BR00117024,M12,U2OS,24,menadione,compound,BRD-K78126613-001-27-7,,,0.66742885,-3.496161
BR00117024,M13,U2OS,24,cetilistat,compound,BRD-K94863486-001-02-2,,,1.9497024,-0.99055433
BR00117024,M14,U2OS,24,methoxsalen,compound,BRD-K63430059-001-16-4,,['DNA synthesis inhibitor'],3.0652378,-1.2360916
BR00117024,M15,U2OS,24,cyclosporine,compound,BRD-K13533483-001-16-2,,,-0.3271047,-3.1114476
BR00117024,M16,U2OS,24,NSC-632839,compound,BRD-K81197548-003-01-4,poscon_cp,['ubiquitin specific protease inhibitor'],-2.201769,-6.5573187
BR00117024,M17,U2OS,24,DMSO,compound,,negcon,,4.202462,-1.120566
BR00117024,M18,U2OS,24,TG-003,compound,BRD-K97072811-001-11-4,poscon_cp,,2.815469,-1.9765913
BR00117024,M19,U2OS,24,oxibendazole,compound,BRD-K52075715-001-06-7,,['tubulin polymerization inhibitor'],-2.529217,-4.3567204
BR00117024,M20,U2OS,24,TG-101348,compound,BRD-K12502280-001-11-4,poscon_cp,"['JAK inhibitor', 'FLT3 inhibitor']",-2.5357893,-5.3135457
BR00117024,M21,U2OS,24,miglitol,compound,BRD-A63310107-001-04-8,,['glucosidase inhibitor'],1.3181345,-1.1117088
BR00117024,M22,U2OS,24,DMSO,compound,,negcon,,4.8946614,-1.2298206
BR00117024,M23,U2OS,24,DMSO,compound,,negcon,,4.3588414,-1.5626136
BR00117024,M24,U2OS,24,tranilast,compound,BRD-K17849083-001-32-9,,,1.4168941,-0.38719907
BR00117024,N01,U2OS,24,4-methylhistamine,compound,BRD-K70821460-300-02-4,,['histamine receptor agonist'],2.6557486,0.5275676
BR00117024,N02,U2OS,24,LDN-27219,compound,BRD-K51485109-001-01-4,,,3.533029,-0.3953246
BR00117024,N03,U2OS,24,anisomycin,compound,BRD-K91370081-001-25-1,,['DNA synthesis inhibitor'],-1.8908682,-5.5421495
BR00117024,N04,U2OS,24,thioguanine,compound,BRD-K49350383-001-13-7,poscon_diverse,,-0.17692016,-3.4781318
BR00117024,N05,U2OS,24,droxinostat,compound,BRD-K11558771-001-13-9,,['HDAC inhibitor'],1.6294398,-2.300822
BR00117024,N06,U2OS,24,UNC2025,compound,BRD-K91283740-003-01-6,poscon_cp,['FLT3 inhibitor'],-1.1163391,-3.6949034
BR00117024,N07,U2OS,24,DMSO,compound,,negcon,,3.9770143,-1.3184526
BR00117024,N08,U2OS,24,DMSO,compound,,negcon,,4.914362,-1.0740744
BR00117024,N09,U2OS,24,AMG900,compound,BRD-K21728777-001-02-3,poscon_cp,['Aurora kinase inhibitor'],0.7371022,-4.7891197
BR00117024,N10,U2OS,24,PF-06463922,compound,BRD-A23124853-001-01-4,,['ALK tyrosine kinase receptor inhibitor'],-0.14066026,-2.0675445
BR00117024,N11,U2OS,24,orantinib,compound,BRD-K55966568-001-09-6,poscon_cp,"['FGFR inhibitor', 'PDGFR tyrosine kinase receptor inhibitor', 'VEGFR inhibitor']",0.70532775,-2.4497344
BR00117024,N12,U2OS,24,fludarabine-phosphate,compound,BRD-K71106091-001-09-5,,['ribonucleotide reductase inhibitor'],1.1530063,-4.175329
BR00117024,N13,U2OS,24,ceritinib,compound,BRD-K22149900-001-06-2,,['ALK tyrosine kinase receptor inhibitor'],-0.006586753,-1.0768572
BR00117024,N14,U2OS,24,NVS-PAK1-1,compound,BRD-K28132190-001-02-0,poscon_cp,['p21 activated kinase inhibitor'],-0.85765946,-2.2848365
BR00117024,N15,U2OS,24,homoharringtonine,compound,BRD-K76674262-001-03-3,,['protein synthesis inhibitor'],-1.7433487,-5.5276337
BR00117024,N16,U2OS,24,picrotoxinin,compound,BRD-K36461289-001-05-8,,['GABA receptor antagonist'],2.0767467,-1.3575232
BR00117024,N17,U2OS,24,DMSO,compound,,negcon,,4.6471725,-1.008155
BR00117024,N18,U2OS,24,danusertib,compound,BRD-K07881437-001-03-8,poscon_diverse,"['growth factor receptor inhibitor', 'Aurora kinase inhibitor']",0.8340704,-4.758498
BR00117024,N19,U2OS,24,romidepsin,compound,BRD-K61397605-001-01-8,poscon_cp,['HDAC inhibitor'],-2.1983335,-5.8966646
BR00117024,N20,U2OS,24,FERb-033,compound,BRD-K61642990-001-01-0,poscon_cp,['EGFR inhibitor'],1.201372,-1.3668425
BR00117024,N21,U2OS,24,PF-03758309,compound,BRD-K37764012-001-03-3,poscon_diverse,['p21 activated kinase inhibitor'],-0.7944582,-4.5189366
BR00117024,N22,U2OS,24,DMSO,compound,,negcon,,5.0967464,-0.8722117
BR00117024,N23,U2OS,24,trometamol,compound,BRD-K47978074-001-03-2,,,2.5852048,-1.0938002
BR00117024,N24,U2OS,24,simvastatin,compound,BRD-K22134346-001-22-3,,['HMGCR inhibitor'],-0.7476393,-2.2033362
BR00117024,O01,U2OS,24,zaprinast,compound,BRD-K16542329-001-16-8,,['phosphodiesterase inhibitor'],2.7795327,0.6002479
BR00117024,O02,U2OS,24,dexamethasone,compound,BRD-A10188456-001-04-9,,['glucocorticoid receptor agonist'],1.887883,-2.5332778
BR00117024,O03,U2OS,24,salicylic-acid,compound,BRD-K93632104-001-17-2,,['cyclooxygenase inhibitor'],3.9050083,-1.1060262
BR00117024,O04,U2OS,24,diltiazem,compound,BRD-A69636825-003-04-7,,['calcium channel blocker'],2.989061,-1.099219
BR00117024,O05,U2OS,24,phenolphthalein,compound,BRD-K19227686-001-18-6,,,4.081178,-1.204896
BR00117024,O06,U2OS,24,niflumic-acid,compound,BRD-K98763141-001-30-8,,['cyclooxygenase inhibitor'],4.346111,-1.3137906
BR00117024,O07,U2OS,24,DMSO,compound,,negcon,,4.8194094,-1.1925818
BR00117024,O08,U2OS,24,L-Cystine,compound,BRD-A15397381-001-02-5,,,2.3068404,-1.3444084
BR00117024,O09,U2OS,24,ozanimod,compound,BRD-K46625559-001-01-8,,['sphingosine 1 phosphate receptor agonist'],-0.4231592,-0.6461216
BR00117024,O10,U2OS,24,efaroxan,compound,BRD-A10739734-003-09-8,,['adrenergic receptor antagonist'],3.5353665,-0.9279024
BR00117024,O11,U2OS,24,NBQX,compound,BRD-K11796549-001-05-2,,['glutamate receptor antagonist'],3.1271605,-1.0009652
BR00117024,O12,U2OS,24,dinoprostone,compound,BRD-K26521938-001-07-2,,['prostanoid receptor agonist'],2.1504412,-2.3226104
BR00117024,O13,U2OS,24,Ro-20-1724,compound,BRD-A07207424-001-14-0,,['phosphodiesterase inhibitor'],3.1966314,-1.568397
BR00117024,O14,U2OS,24,xanomeline,compound,BRD-K72815923-034-02-0,,['acetylcholine receptor agonist'],3.3242013,-1.1790313
BR00117024,O15,U2OS,24,terazosin,compound,BRD-K01825589-310-02-9,,['adrenergic receptor antagonist'],2.1010795,-0.9774928
BR00117024,O16,U2OS,24,BVT-948,compound,BRD-K68567222-001-01-2,,,-0.3645995,-4.940075
BR00117024,O17,U2OS,24,nicotine,compound,BRD-K01825660-322-01-9,,['acetylcholine receptor agonist'],2.1612158,-1.1588817
BR00117024,O18,U2OS,24,DMSO,compound,,negcon,,4.6376867,-1.0551528
BR00117024,O19,U2OS,24,U-0521,compound,BRD-K08953028-001-09-6,,,1.8721697,-2.0451865
BR00117024,O20,U2OS,24,BMS-587101,compound,BRD-K20093108-001-02-3,,,2.5133097,-1.0051777
BR00117024,O21,U2OS,24,nimodipine,compound,BRD-A58048407-001-20-4,,['calcium channel blocker'],1.2195071,-1.1734358
BR00117024,O22,U2OS,24,pyrrolidine-dithiocarbamate,compound,BRD-K80970344-201-08-6,,,-1.9789184,-5.313633
BR00117024,O23,U2OS,24,PF-915275,compound,BRD-K18289362-001-02-2,,,2.1160023,-0.9665119
BR00117024,O24,U2OS,24,JTE-013,compound,BRD-K43330982-001-02-3,,,0.9666151,0.019482844
BR00117024,P01,U2OS,24,sodium-butyrate,compound,BRD-K05878375-236-05-7,,['HDAC inhibitor'],2.3425465,0.61853474
BR00117024,P02,U2OS,24,pentostatin,compound,BRD-K91543828-001-02-0,,['ribonucleotide reductase inhibitor'],2.3211253,0.6785349
BR00117024,P03,U2OS,24,OMDM-2,compound,BRD-K48830578-001-01-9,,,1.9361013,0.011830981
BR00117024,P04,U2OS,24,nalmefene,compound,BRD-A72767275-003-01-6,,,2.4492466,0.5885974
BR00117024,P05,U2OS,24,DMSO,compound,,negcon,,3.2297535,0.28607547
BR00117024,P06,U2OS,24,1-EBIO,compound,BRD-K70586315-001-02-4,,,2.1774366,0.39754093
BR00117024,P07,U2OS,24,SB-505124,compound,BRD-K40109029-001-02-9,,['ALK tyrosine kinase receptor inhibitor'],0.6283147,-2.54624
BR00117024,P08,U2OS,24,prasugrel,compound,BRD-A83029242-001-06-1,,['purinergic receptor antagonist'],1.8811831,0.3829522
BR00117024,P09,U2OS,24,pidolic-acid,compound,BRD-K57313110-001-06-8,,,2.1037908,0.59697187
BR00117024,P10,U2OS,24,DMSO,compound,,negcon,,2.6538572,0.45684165
BR00117024,P11,U2OS,24,nevirapine,compound,BRD-K15502390-001-20-9,,,2.0766485,0.4937028
BR00117024,P12,U2OS,24,triamterene,compound,BRD-K92049597-001-20-8,,['sodium channel blocker'],2.1153362,0.4804082
BR00117024,P13,U2OS,24,regorafenib,compound,BRD-K16730910-001-07-3,,"['PDGFR tyrosine kinase receptor inhibitor', 'RAF inhibitor', 'KIT inhibitor', 'RET tyrosine kinase inhibitor', 'FGFR inhibitor', 'VEGFR inhibitor']",0.28383034,-1.4037923
BR00117024,P14,U2OS,24,cyclophosphamide,compound,BRD-A09722536-002-18-0,,,2.009073,0.4739341
BR00117024,P15,U2OS,24,olanzapine,compound,BRD-K18895904-001-16-1,,"['dopamine receptor antagonist', 'serotonin receptor antagonist']",-0.26477864,-0.3295496
BR00117024,P16,U2OS,24,KI-16425,compound,BRD-A25569250-001-03-3,,['lysophosphatidic acid receptor antagonist'],1.9485137,0.39504012
BR00117024,P17,U2OS,24,SKLB1002,compound,BRD-K29895144-001-01-0,,['VEGFR inhibitor'],1.9282167,0.5125464
BR00117024,P18,U2OS,24,cilostazol,compound,BRD-K67017579-001-28-1,,['phosphodiesterase inhibitor'],1.8984641,0.56831014
BR00117024,P19,U2OS,24,AZD1283,compound,BRD-K77060810-001-01-5,,['purinergic receptor antagonist'],1.7014579,0.4166793
BR00117024,P20,U2OS,24,A-987306,compound,BRD-K68982262-001-01-4,,['histamine receptor antagonist'],-0.34617886,-0.3365716
BR00117024,P21,U2OS,24,procaine,compound,BRD-K24616672-003-20-1,,['HMGCR inhibitor'],1.7024966,0.48219612
BR00117024,P22,U2OS,24,miconazole,compound,BRD-A82396632-008-30-8,,['bacterial cell wall synthesis inhibitor'],1.5499216,0.31118277
BR00117024,P23,U2OS,24,loperamide,compound,BRD-K61250553-003-30-6,,,0.03362072,-0.14881545
BR00117024,P24,U2OS,24,aripiprazole,compound,BRD-K70358946-001-17-3,,['serotonin receptor antagonist'],0.29442108,0.049060617
BR00117025,A01,U2OS,24,gabapentin-enacarbil,compound,BRD-A86665761-001-01-1,,,2.9933186,0.3731844
BR00117025,A02,U2OS,24,DMSO,compound,,negcon,,3.594377,-0.10332003
BR00117025,A03,U2OS,24,amlodipine,compound,BRD-A22032524-074-09-9,,['calcium channel blocker'],-1.0644087,-1.1856054
BR00117025,A04,U2OS,24,hexestrol,compound,BRD-A01078468-001-14-8,,,3.2880943,-0.2848488
BR00117025,A05,U2OS,24,quinine,compound,BRD-K48278478-001-01-2,,,0.37059408,-2.6430593
BR00117025,A06,U2OS,24,LOXO-101,compound,BRD-K36574127-001-01-3,,,3.065977,-0.5884768
BR00117025,A07,U2OS,24,brinzolamide,compound,BRD-K74913225-001-14-0,,['carbonic anhydrase inhibitor'],2.927109,-0.73828083
BR00117025,A08,U2OS,24,NS-11021,compound,BRD-K94342292-001-01-3,,['calcium-activated potassium channel activator'],0.25366262,-3.5616014
BR00117025,A09,U2OS,24,DMSO,compound,,negcon,,3.5268543,-1.6774439
BR00117025,A10,U2OS,24,GNF-5837,compound,BRD-K19975102-001-01-2,,['growth factor receptor inhibitor'],1.0388678,-0.6862629
BR00117025,A11,U2OS,24,apatinib,compound,BRD-K25244359-066-02-6,,['RET tyrosine kinase inhibitor'],-0.19889888,-0.39026478
BR00117025,A12,U2OS,24,ethoxzolamide,compound,BRD-K18131774-001-18-4,,['carbonic anhydrase inhibitor'],1.6111565,-3.655823
BR00117025,A13,U2OS,24,ascorbic-acid,compound,BRD-A85242401-001-11-5,,,2.063084,-0.272193
BR00117025,A14,U2OS,24,ryuvidine,compound,BRD-K06426971-001-02-7,,['histone lysine methyltransferase inhibitor'],-1.887123,-6.9053264
BR00117025,A15,U2OS,24,BAN-ORL-24,compound,BRD-K47049295-300-03-1,,,-1.3758091,-2.1473725
BR00117025,A16,U2OS,24,NNC-55-0396,compound,BRD-K78122587-300-04-3,,,-0.8076726,-0.76031053
BR00117025,A17,U2OS,24,DMSO,compound,,negcon,,3.4103312,-0.52083445
BR00117025,A18,U2OS,24,WH-4-023,compound,BRD-K50199947-001-03-4,,['src inhibitor'],-1.1918529,-2.824296
BR00117025,A19,U2OS,24,flupirtine,compound,BRD-K50720187-051-03-1,,['glutamate receptor antagonist'],1.6758988,-0.042726904
BR00117025,A20,U2OS,24,ZK811752,compound,BRD-K91825936-001-03-9,,,0.6490693,-0.9713834
BR00117025,A21,U2OS,24,dexamethasone,compound,BRD-K38775274-001-22-1,,['glucocorticoid receptor agonist'],1.1327074,-2.585534
BR00117025,A22,U2OS,24,PP-1,compound,BRD-K47598052-001-14-1,,['src inhibitor'],-0.73624426,-2.830804
BR00117025,A23,U2OS,24,DDR1-IN-1,compound,BRD-K61845293-300-01-9,,,-0.5727681,-0.5985119
BR00117025,A24,U2OS,24,AVL-292,compound,BRD-K87782578-001-01-4,,"[""Bruton's tyrosine kinase (BTK) inhibitor""]",-1.271594,-3.5423226
BR00117025,B01,U2OS,24,H2L-5765834,compound,BRD-K26439554-001-01-3,,['lysophosphatidic acid receptor antagonist'],3.4060426,-0.58035827
BR00117025,B02,U2OS,24,thiostrepton,compound,BRD-K58049875-001-03-9,,['protein synthesis inhibitor'],-2.189008,-6.618996
BR00117025,B03,U2OS,24,DMSO,compound,,negcon,,4.295382,-0.53193176
BR00117025,B04,U2OS,24,arcyriaflavin-a,compound,BRD-K72726508-001-02-1,,['CDK inhibitor'],-0.38279113,-3.072204
BR00117025,B05,U2OS,24,CYM-5520,compound,BRD-K29151923-001-01-5,,['sphingosine 1 phosphate receptor agonist'],1.6396184,-0.8110902
BR00117025,B06,U2OS,24,fludarabine,compound,BRD-K66788707-001-14-3,,['ribonucleotide reductase inhibitor'],1.3335656,-4.21448
BR00117025,B07,U2OS,24,alda-1,compound,BRD-K06890060-001-09-1,,,2.716211,-0.98526233
BR00117025,B08,U2OS,24,meclofenamic-acid,compound,BRD-K50398167-236-22-7,,"['cyclooxygenase inhibitor', 'prostanoid receptor antagonist']",3.7332063,-1.7170792
BR00117025,B09,U2OS,24,GNF-5,compound,BRD-K87632963-001-03-0,,['Bcr-Abl kinase inhibitor'],1.3544128,-0.78678995
BR00117025,B10,U2OS,24,NS-309,compound,BRD-K37602296-001-01-6,,['calcium-activated potassium channel activator'],2.8129604,-1.595583
BR00117025,B11,U2OS,24,AK-7,compound,BRD-K09143580-001-01-0,,['SIRT inhibitor'],1.272558,-0.8216168
BR00117025,B12,U2OS,24,BVT-948,compound,BRD-A22713669-001-04-3,,,-0.389022,-5.265589
BR00117025,B13,U2OS,24,SirReal-2,compound,BRD-K16472653-001-01-6,,['SIRT inhibitor'],1.0980654,-0.84022593
BR00117025,B14,U2OS,24,DMSO,compound,,negcon,,4.642365,-0.92195904
BR00117025,B15,U2OS,24,BMS-536924,compound,BRD-K34581968-001-05-3,,['IGF-1 inhibitor'],-1.1926788,-3.397902
BR00117025,B16,U2OS,24,PP-121,compound,BRD-K81801188-001-02-8,,['protein tyrosine kinase inhibitor'],-1.3317466,-4.032586
BR00117025,B17,U2OS,24,MCOPPB,compound,BRD-K73276278-305-01-1,,,-1.3468431,-1.4705753
BR00117025,B18,U2OS,24,ozagrel,compound,BRD-K53061490-003-13-9,,,2.1451962,-0.7445004
BR00117025,B19,U2OS,24,CYM-5442,compound,BRD-A43005764-003-01-5,,['sphingosine 1 phosphate receptor agonist'],-1.162238,-1.1456076
BR00117025,B20,U2OS,24,CVT-10216,compound,BRD-K60659193-001-01-0,,,4.1014495,-1.0920651
BR00117025,B21,U2OS,24,TCN201,compound,BRD-K09787262-001-02-7,,['glutamate receptor antagonist'],1.86019,-1.2970097
BR00117025,B22,U2OS,24,fomepizole,compound,BRD-K56810756-003-07-7,,['alcohol dehydrogenase inhibitor'],1.9151388,-2.7155845
BR00117025,B23,U2OS,24,benzamil,compound,BRD-K87158025-003-08-7,,['sodium channel blocker'],0.72289205,-1.5480844
BR00117025,B24,U2OS,24,lercanidipine,compound,BRD-A18992208-003-02-7,,['calcium channel blocker'],0.6044293,-0.48870385
BR00117025,C01,U2OS,24,4-CMTB,compound,BRD-A54139254-001-09-2,,['free fatty acid receptor agonist'],3.1519287,-0.553353
BR00117025,C02,U2OS,24,ML-228,compound,BRD-K44432556-001-05-5,,,3.8838558,-0.79179657
BR00117025,C03,U2OS,24,DMSO,compound,,negcon,,4.7950673,-1.5989918
BR00117025,C04,U2OS,24,GSK1070916,compound,BRD-K36740062-001-06-6,,['Aurora kinase inhibitor'],-1.019841,-3.1690032
BR00117025,C05,U2OS,24,ML-193,compound,BRD-K27539181-001-08-5,,,2.7353978,-1.6155982
BR00117025,C06,U2OS,24,DMSO,compound,,negcon,,4.9283366,-1.4748636
BR00117025,C07,U2OS,24,M-25,compound,BRD-K51265828-001-01-0,,['smoothened receptor antagonist'],1.7311074,-0.7652067
BR00117025,C08,U2OS,24,azeliragon,compound,BRD-K51899933-001-02-6,,['RAGE receptor antagonist'],-1.5405251,-1.5799307
BR00117025,C09,U2OS,24,CYT-997,compound,BRD-K23363278-001-02-1,poscon_diverse,['tubulin polymerization inhibitor'],-2.5308275,-4.3590894
BR00117025,C10,U2OS,24,AR-12,compound,BRD-K90497590-001-05-9,,,-1.4724363,-6.6348977
BR00117025,C11,U2OS,24,CYM-50260,compound,BRD-K69877120-001-01-7,,['sphingosine 1 phosphate receptor agonist'],1.3220228,-0.74831635
BR00117025,C12,U2OS,24,DMSO,compound,,negcon,,4.5265546,-1.6551291
BR00117025,C13,U2OS,24,KG-5,compound,BRD-K90747162-001-01-4,poscon_cp,['RAF inhibitor'],-2.322766,-4.2428737
BR00117025,C14,U2OS,24,JTE-607,compound,BRD-K81405859-300-01-4,,,0.8660225,-4.4173927
BR00117025,C15,U2OS,24,DMSO,compound,,negcon,,4.9797926,-1.882256
BR00117025,C16,U2OS,24,ilomastat,compound,BRD-K51662849-001-05-4,,['matrix metalloprotease inhibitor'],2.1505983,-1.4076289
BR00117025,C17,U2OS,24,RX-821002,compound,BRD-A65597028-003-08-1,,['adrenergic receptor antagonist'],3.816155,-1.7541792
BR00117025,C18,U2OS,24,DMSO,compound,,negcon,,5.041337,-1.0983657
BR00117025,C19,U2OS,24,TUG-891,compound,BRD-K24282351-001-01-4,,['free fatty acid receptor agonist'],1.8551955,-3.4199114
BR00117025,C20,U2OS,24,ponatinib,compound,BRD-K44227013-001-08-0,,"['PDGFR tyrosine kinase receptor inhibitor', 'FLT3 inhibitor', 'Bcr-Abl kinase inhibitor']",-2.1499982,-6.7115493
BR00117025,C21,U2OS,24,DMSO,compound,,negcon,,4.80856,-1.6647958
BR00117025,C22,U2OS,24,puromycin,compound,BRD-K01824976-300-02-9,,['protein synthesis inhibitor'],-2.0687745,-6.373119
BR00117025,C23,U2OS,24,SRC-kinase-inhibitor-I,compound,BRD-K50495309-001-02-0,,['src inhibitor'],-0.79689276,-0.80553496
BR00117025,C24,U2OS,24,acetylcysteine,compound,BRD-K59058747-001-19-1,,,1.6377449,-0.1343723
BR00117025,D01,U2OS,24,NSC-625987,compound,BRD-K62949423-001-03-1,,['CDK inhibitor'],2.9766493,-0.28088725
BR00117025,D02,U2OS,24,dalfampridine,compound,BRD-K22482860-001-20-6,,['potassium channel blocker'],3.8269691,-0.6827801
BR00117025,D03,U2OS,24,NSC-95397,compound,BRD-K68143200-001-11-7,,['CDC inhibitor'],-0.30494604,-5.0345583
BR00117025,D04,U2OS,24,alrestatin,compound,BRD-K35498378-001-06-1,,['aldose reductase inhibitor'],3.3863819,-1.1670686
BR00117025,D05,U2OS,24,PF-03758309,compound,BRD-K37764012-001-03-3,poscon_diverse,['p21 activated kinase inhibitor'],2.9711115,-1.4147434
BR00117025,D06,U2OS,24,IRL-2500,compound,BRD-K98357249-001-02-9,,['endothelin receptor antagonist'],1.9746296,-2.8159366
BR00117025,D07,U2OS,24,PF-04217903,compound,BRD-K73319509-001-08-0,poscon_cp,,2.3603528,-1.7492754
BR00117025,D08,U2OS,24,FK-866,compound,BRD-K58550667-001-08-7,poscon_diverse,,2.5683527,-1.195167
BR00117025,D09,U2OS,24,amlexanox,compound,BRD-K29530284-001-06-2,,,1.2876737,-2.1908875
BR00117025,D10,U2OS,24,GW-311616,compound,BRD-K37864785-001-01-0,,['elastase inhibitor'],2.6436038,-1.5567253
BR00117025,D11,U2OS,24,buparlisib,compound,BRD-K42191735-001-08-7,poscon_diverse,,-2.3675625,-4.408688
BR00117025,D12,U2OS,24,amiloride,compound,BRD-K97181089-003-24-7,,['sodium channel blocker'],1.4208927,-0.60583454
BR00117025,D13,U2OS,24,DG-172,compound,BRD-K75748943-300-01-3,,,-0.9155897,-0.66579586
BR00117025,D14,U2OS,24,DMSO,compound,,negcon,,4.145801,-1.620854
BR00117025,D15,U2OS,24,DMSO,compound,,negcon,,4.361803,-0.9936785
BR00117025,D16,U2OS,24,NVP-ADW742,compound,BRD-K15179513-001-04-2,poscon_cp,,-1.3264451,-1.4892515
BR00117025,D17,U2OS,24,misoprostol,compound,BRD-A72351335-001-04-5,,['prostanoid receptor agonist'],1.4338824,-3.739716
BR00117025,D18,U2OS,24,conivaptan,compound,BRD-K37385792-003-02-1,,,-0.03032445,-0.8300183
BR00117025,D19,U2OS,24,spiroxatrine,compound,BRD-A72483914-001-03-7,,['serotonin receptor antagonist'],-0.8028992,-0.7606174
BR00117025,D20,U2OS,24,diacerein,compound,BRD-K69122748-001-10-1,,,3.1921415,-1.278266
BR00117025,D21,U2OS,24,DMSO,compound,,negcon,,5.044856,-1.9236778
BR00117025,D22,U2OS,24,DMSO,compound,,negcon,,4.9454803,-1.6310369
BR00117025,D23,U2OS,24,glyburide,compound,BRD-K36927236-001-36-7,,['ATP channel blocker'],1.4577874,-1.3065807
BR00117025,D24,U2OS,24,ANR-94,compound,BRD-K31170746-001-01-6,,,1.4013283,-0.32344928
BR00117025,E01,U2OS,24,TFC-007,compound,BRD-K57708067-001-01-3,,,3.523063,-0.2267616
BR00117025,E02,U2OS,24,trihexyphenidyl,compound,BRD-A48180038-003-24-3,,['acetylcholine receptor antagonist'],2.5491648,-1.972095
BR00117025,E03,U2OS,24,epoprostenol,compound,BRD-K64054020-001-02-7,,,3.9994237,-1.7856816
BR00117025,E04,U2OS,24,sacubitril,compound,BRD-K91456750-001-01-9,,,3.901257,-1.50854
BR00117025,E05,U2OS,24,danusertib,compound,BRD-K07881437-001-03-8,poscon_diverse,"['growth factor receptor inhibitor', 'Aurora kinase inhibitor']",0.78189504,-4.6705627
BR00117025,E06,U2OS,24,CYT-997,compound,BRD-K23363278-001-02-1,poscon_diverse,['tubulin polymerization inhibitor'],-2.574326,-4.5201907
BR00117025,E07,U2OS,24,DMSO,compound,,negcon,,3.8558488,-0.78687376
BR00117025,E08,U2OS,24,BQ-788,compound,BRD-K02490038-236-03-8,,['endothelin receptor antagonist'],4.236798,-1.3649906
BR00117025,E09,U2OS,24,SB-202190,compound,BRD-K54330070-001-19-6,poscon_orf,['p38 MAPK inhibitor'],0.12161465,-2.2587907
BR00117025,E10,U2OS,24,GSK2110183,compound,BRD-K25412176-001-01-9,poscon_diverse,,0.004899388,-1.6842008
BR00117025,E11,U2OS,24,GSK3787,compound,BRD-K03155172-001-03-0,,['PPAR receptor antagonist'],3.4040346,-1.4561307
BR00117025,E12,U2OS,24,BAM7,compound,BRD-K07442505-001-03-6,,,2.32354,-1.4821612
BR00117025,E13,U2OS,24,PHA-793887,compound,BRD-K64800655-001-09-0,poscon_diverse,['CDK inhibitor'],-0.88125724,-4.591509
BR00117025,E14,U2OS,24,DMSO,compound,,negcon,,4.690597,-1.6363828
BR00117025,E15,U2OS,24,GSK-37647,compound,BRD-K26514105-001-01-7,,['free fatty acid receptor agonist'],2.110541,-1.7255607
BR00117025,E16,U2OS,24,desonide,compound,BRD-K21528677-001-04-4,,['glucocorticoid receptor agonist'],1.4735178,-2.9550233
BR00117025,E17,U2OS,24,DMSO,compound,,negcon,,4.7738237,-1.1994237
BR00117025,E18,U2OS,24,aloxistatin,compound,BRD-K91188791-001-17-5,,,-0.8031813,-0.579385
BR00117025,E19,U2OS,24,azathioprine,compound,BRD-K32821942-001-22-1,,,2.3589337,-1.6803582
BR00117025,E20,U2OS,24,ZK-93423,compound,BRD-K33882852-003-02-8,poscon_diverse,['benzodiazepine receptor agonist'],1.1791344,-0.94314253
BR00117025,E21,U2OS,24,BI-2536,compound,BRD-K64890080-001-02-1,poscon_diverse,,-2.0593162,-4.449798
BR00117025,E22,U2OS,24,EI1,compound,BRD-K91535048-001-01-2,poscon_cp,['histone lysine methyltransferase inhibitor'],1.6308842,-1.10885
BR00117025,E23,U2OS,24,NVP-HSP990,compound,BRD-K67915505-001-01-2,,['HSP inhibitor'],-1.3838454,-3.4088924
BR00117025,E24,U2OS,24,DMSO,compound,,negcon,,1.8676811,-0.11293783
BR00117025,F01,U2OS,24,DMSO,compound,,negcon,,3.8110912,-0.2876193
BR00117025,F02,U2OS,24,nialamide,compound,BRD-K12102668-001-25-5,,,3.3603237,-0.89088583
BR00117025,F03,U2OS,24,DMSO,compound,,negcon,,3.7980425,-0.7829709
BR00117025,F04,U2OS,24,arundic-acid,compound,BRD-K49223707-001-01-0,,,3.5237017,-0.99890363
BR00117025,F05,U2OS,24,torcitabine,compound,BRD-K91822704-003-07-2,,,3.2140105,-0.898741
BR00117025,F06,U2OS,24,DMSO,compound,,negcon,,4.613264,-0.8224579
BR00117025,F07,U2OS,24,epothilone-b,compound,BRD-K68164687-001-01-6,,"['microtubule stabilizing agent', 'tubulin polymerization inhibitor']",-1.866672,-4.114266
BR00117025,F08,U2OS,24,dyphylline,compound,BRD-A00827783-001-24-6,,['phosphodiesterase inhibitor'],3.9368498,-0.6998167
BR00117025,F09,U2OS,24,DMSO,compound,,negcon,,4.494519,-0.9483865
BR00117025,F10,U2OS,24,quinidine,compound,BRD-K59632282-052-03-1,,['sodium channel blocker'],2.2551398,-1.81418
BR00117025,F11,U2OS,24,halopemide,compound,BRD-K50055394-001-03-6,,,1.104439,-1.9096346
BR00117025,F12,U2OS,24,sulfinpyrazone,compound,BRD-A36217750-001-16-3,,,2.189383,-0.6101709
BR00117025,F13,U2OS,24,ML-323,compound,BRD-K93942811-001-01-3,poscon_cp,['ubiquitin specific protease inhibitor'],1.5406256,-0.76422656
BR00117025,F14,U2OS,24,racecadotril,compound,BRD-A08187463-001-12-9,,,3.5785837,-0.7111167
BR00117025,F15,U2OS,24,BRL-50481,compound,BRD-K84266862-001-03-2,,['phosphodiesterase inhibitor'],1.442097,-0.94438684
BR00117025,F16,U2OS,24,GSK2110183,compound,BRD-K25412176-001-01-9,poscon_diverse,,0.154272,-1.7129987
BR00117025,F17,U2OS,24,bufexamac,compound,BRD-K36660044-001-24-2,,['cyclooxygenase inhibitor'],1.6050352,-2.3900685
BR00117025,F18,U2OS,24,anandamide,compound,BRD-K42352790-001-05-3,,,2.3268466,-0.988313
BR00117025,F19,U2OS,24,thioguanine,compound,BRD-K49350383-001-13-7,poscon_diverse,,-0.16498716,-3.513466
BR00117025,F20,U2OS,24,IWP-L6,compound,BRD-K53234107-001-01-6,,['porcupine inhibitor'],0.99268633,-0.82764345
BR00117025,F21,U2OS,24,edoxaban,compound,BRD-K29322660-001-01-9,,['coagulation factor inhibitor'],1.8216779,-1.354349
BR00117025,F22,U2OS,24,lonafarnib,compound,BRD-K41599323-001-02-3,poscon_diverse,,-0.36165473,-3.0048325
BR00117025,F23,U2OS,24,ibutamoren,compound,BRD-K44771174-066-01-0,,,0.2024019,-0.3753504
BR00117025,F24,U2OS,24,somatostatin,compound,BRD-K14681867-001-01-6,,['somatostatin receptor agonist'],1.5237291,-0.05096105
BR00117025,G01,U2OS,24,L-proline,compound,BRD-K01666412-001-02-0,,,3.6642025,-0.5713415
BR00117025,G02,U2OS,24,zamifenacin,compound,BRD-K80451230-051-02-6,,['acetylcholine receptor antagonist'],2.8255284,-1.9797505
BR00117025,G03,U2OS,24,YC-1,compound,BRD-K60476892-001-16-1,,,-1.356988,-5.4959226
BR00117025,G04,U2OS,24,DMSO,compound,,negcon,,4.3530483,-1.2853462
BR00117025,G05,U2OS,24,ME-0328,compound,BRD-K24283677-001-01-9,,['PPAR receptor antagonist'],3.0328376,-2.034436
BR00117025,G06,U2OS,24,NSC-663284,compound,BRD-K03109492-001-02-2,,['CDC inhibitor'],-1.9023657,-6.8186917
BR00117025,G07,U2OS,24,CYM-50358,compound,BRD-K80666802-003-01-0,,,-0.67027754,-0.41238686
BR00117025,G08,U2OS,24,trazodone,compound,BRD-K70778732-003-27-5,,"['adrenergic receptor antagonist', 'serotonin receptor antagonist']",0.9781567,-1.5665245
BR00117025,G09,U2OS,24,DMSO,compound,,negcon,,5.029598,-1.7621388
BR00117025,G10,U2OS,24,DMSO,compound,,negcon,,5.010249,-1.159283
BR00117025,G11,U2OS,24,sulfasalazine,compound,BRD-K10670311-001-17-1,,['cyclooxygenase inhibitor'],2.6865368,-2.3777847
BR00117025,G12,U2OS,24,"2,5-furandimethanol",compound,BRD-K29791386-001-01-8,,,3.4714649,-1.3214464
BR00117025,G13,U2OS,24,DMSO,compound,,negcon,,4.5428395,-1.5848047
BR00117025,G14,U2OS,24,dilazep,compound,BRD-K48722258-300-11-0,,,2.2944825,-1.0579512
BR00117025,G15,U2OS,24,felodipine,compound,BRD-A30815329-001-12-1,,['calcium channel blocker'],1.3936472,-1.5633814
BR00117025,G16,U2OS,24,paliperidone,compound,BRD-A99888680-001-05-3,,"['dopamine receptor antagonist', 'serotonin receptor antagonist']",2.8632011,-1.3311255
BR00117025,G17,U2OS,24,purvalanol-a,compound,BRD-K50836978-001-03-3,poscon_orf,['CDK inhibitor'],0.48577395,-3.9727957
BR00117025,G18,U2OS,24,DMSO,compound,,negcon,,4.9942074,-2.5843816
BR00117025,G19,U2OS,24,Ro-1138452,compound,BRD-K77220725-003-01-5,,['prostanoid receptor antagonist'],2.2320569,-1.8671931
BR00117025,G20,U2OS,24,sorbinil,compound,BRD-A89164055-001-03-3,,['aldose reductase inhibitor'],3.8118136,-1.6030952
BR00117025,G21,U2OS,24,TC-S-7004,compound,BRD-K89517477-001-01-4,poscon_cp,['DYRK inhibitor'],0.11529041,-3.956779
BR00117025,G22,U2OS,24,saclofen,compound,BRD-A24122750-001-03-7,,['GABA receptor antagonist'],2.9013128,-1.8541077
BR00117025,G23,U2OS,24,BAY-87-2243,compound,BRD-K70463136-001-01-5,,,1.0843239,-0.7685982
BR00117025,G24,U2OS,24,ibudilast,compound,BRD-K16444452-001-09-1,,['phosphodiesterase inhibitor'],1.3840243,-0.21718024
BR00117025,H01,U2OS,24,briciclib,compound,BRD-K05531427-001-01-7,,,-2.5119934,-4.4493737
BR00117025,H02,U2OS,24,2-Oleoylglycerol,compound,BRD-K77087341-001-02-4,,,3.7984912,-0.40383133
BR00117025,H03,U2OS,24,RGFP966,compound,BRD-K61688984-001-02-9,poscon_cp,['HDAC inhibitor'],0.79109275,-2.9122844
BR00117025,H04,U2OS,24,DMSO,compound,,negcon,,4.378393,-0.45738792
BR00117025,H05,U2OS,24,azacitidine,compound,BRD-K03406345-001-21-1,poscon_diverse,,0.22571145,-2.9704783
BR00117025,H06,U2OS,24,N6-cyclopentyladenosine,compound,BRD-K60150510-001-15-6,,,3.6874323,-1.5089346
BR00117025,H07,U2OS,24,filgotinib,compound,BRD-K16803204-001-01-6,poscon_cp,['JAK inhibitor'],1.2866853,-2.4242334
BR00117025,H08,U2OS,24,guanidine,compound,BRD-K76037122-001-02-5,,['HSP inhibitor'],3.4417756,-1.1611286
BR00117025,H09,U2OS,24,coumarin,compound,BRD-K23913458-001-20-7,,,3.4875019,-1.6008475
BR00117025,H10,U2OS,24,DMSO,compound,,negcon,,4.483986,-0.6851651
BR00117025,H11,U2OS,24,ZM-336372,compound,BRD-K73789395-001-09-9,poscon_orf,['RAF inhibitor'],2.3199346,-0.7579421
BR00117025,H12,U2OS,24,citric-acid,compound,BRD-K76792669-001-08-1,,['coagulation factor inhibitor'],3.8230867,-1.5707836
BR00117025,H13,U2OS,24,DMSO,compound,,negcon,,4.4615216,-1.1575685
BR00117025,H14,U2OS,24,CCG-63802,compound,BRD-K26970495-001-02-7,,['G protein signaling inhibitor'],1.5364741,-1.5415694
BR00117025,H15,U2OS,24,ibutilide,compound,BRD-A74391928-051-03-9,,['potassium channel blocker'],3.17661,-2.3238354
BR00117025,H16,U2OS,24,batimastat,compound,BRD-K82818427-001-04-8,,['matrix metalloprotease inhibitor'],0.6582845,-2.6691358
BR00117025,H17,U2OS,24,DMSO,compound,,negcon,,4.6464777,-1.2907375
BR00117025,H18,U2OS,24,DMSO,compound,,negcon,,4.220097,-1.7683785
BR00117025,H19,U2OS,24,UNC1999,compound,BRD-K26989966-001-04-3,poscon_cp,['histone lysine methyltransferase inhibitor'],-2.3759902,-5.497002
BR00117025,H20,U2OS,24,glutamine-(l),compound,BRD-K83896451-001-06-7,,,3.7141628,-1.4329048
BR00117025,H21,U2OS,24,PD-98059,compound,BRD-K62810658-001-11-4,poscon_orf,,1.9815677,-1.1789043
BR00117025,H22,U2OS,24,enilconazole,compound,BRD-K01825690-065-01-9,,,2.9304848,-1.8191181
BR00117025,H23,U2OS,24,N-alpha-Methylhistamine-dihydrochloride,compound,BRD-K75390981-300-04-9,,['histamine receptor agonist'],3.4816856,-2.1438618
BR00117025,H24,U2OS,24,GK921,compound,BRD-K38272302-001-02-7,,,-0.5000416,-4.646331
BR00117025,I01,U2OS,24,nilvadipine,compound,BRD-A84687895-001-03-2,,['calcium channel blocker'],1.6021941,-1.1465591
BR00117025,I02,U2OS,24,DMSO,compound,,negcon,,4.2120843,-0.6319825
BR00117025,I03,U2OS,24,AC-710,compound,BRD-K15819326-001-01-6,,['PDGFR tyrosine kinase receptor inhibitor'],-1.2545911,-0.73967123
BR00117025,I04,U2OS,24,PETCM,compound,BRD-A93477898-001-04-2,,,4.255422,-1.7991397
BR00117025,I05,U2OS,24,AZD7762,compound,BRD-K86525559-001-07-8,poscon_diverse,['CHK inhibitor'],-2.0853863,-6.7069626
BR00117025,I06,U2OS,24,PHA-793887,compound,BRD-K64800655-001-09-0,poscon_diverse,['CDK inhibitor'],-0.8820203,-4.6327653
BR00117025,I07,U2OS,24,KU-60019,compound,BRD-K36016295-001-05-2,,['ATM kinase inhibitor'],-0.34922677,-4.33835
BR00117025,I08,U2OS,24,nafamostat,compound,BRD-K06674495-334-04-0,,,0.72928405,-1.6236303
BR00117025,I09,U2OS,24,DMSO,compound,,negcon,,4.591174,-1.4458578
BR00117025,I10,U2OS,24,DMSO,compound,,negcon,,5.0177984,-1.4190632
BR00117025,I11,U2OS,24,taladegib,compound,BRD-K50498985-001-03-3,,['smoothened receptor antagonist'],2.734079,-2.2096257
BR00117025,I12,U2OS,24,acetohexamide,compound,BRD-K52960356-001-13-0,,['ATP channel blocker'],1.9873862,-2.9767263
BR00117025,I13,U2OS,24,minocycline,compound,BRD-A69651145-003-11-4,,,0.2525761,-2.988713
BR00117025,I14,U2OS,24,BI-2536,compound,BRD-K64890080-001-02-1,poscon_diverse,,-1.943934,-4.536531
BR00117025,I15,U2OS,24,riociguat,compound,BRD-K84783599-001-01-0,,,4.330261,-1.271802
BR00117025,I16,U2OS,24,CP-724714,compound,BRD-K76908866-001-07-6,poscon_cp,"['EGFR inhibitor', 'protein tyrosine kinase inhibitor']",1.0936896,-0.9655219
BR00117025,I17,U2OS,24,ganetespib,compound,BRD-K38852836-001-04-9,poscon_diverse,['HSP inhibitor'],-1.3443458,-3.4444516
BR00117025,I18,U2OS,24,AZ191,compound,BRD-K80935598-001-01-1,poscon_cp,['DYRK inhibitor'],-1.4341326,-1.5948098
BR00117025,I19,U2OS,24,BAX-channel-blocker,compound,BRD-A18763547-300-06-3,,,-1.4812461,-2.1642857
BR00117025,I20,U2OS,24,SU3327,compound,BRD-K32730239-001-01-0,,['JNK inhibitor'],-2.0716827,-6.5733714
BR00117025,I21,U2OS,24,DMSO,compound,,negcon,,4.5421495,-1.832587
BR00117025,I22,U2OS,24,DMSO,compound,,negcon,,4.220054,-1.5742458
BR00117025,I23,U2OS,24,octreotide,compound,BRD-A64173453-015-03-1,,['somatostatin receptor agonist'],1.5299355,-3.4969041
BR00117025,I24,U2OS,24,1-octanol,compound,BRD-K09338665-001-08-9,,,2.0242202,-0.49559557
BR00117025,J01,U2OS,24,acalabrutinib,compound,BRD-K64034691-001-01-9,,"[""Bruton's tyrosine kinase (BTK) inhibitor""]",3.4212549,0.096894905
BR00117025,J02,U2OS,24,rifamycin,compound,BRD-K38512030-001-01-7,,,3.3137956,-0.15949084
BR00117025,J03,U2OS,24,pazopanib,compound,BRD-K74514084-003-09-2,,"['KIT inhibitor', 'VEGFR inhibitor', 'PDGFR tyrosine kinase receptor inhibitor']",0.12358745,-2.4721172
BR00117025,J04,U2OS,24,RKI-1447,compound,BRD-K19333160-001-01-3,poscon_cp,,-0.2634333,-1.607797
BR00117025,J05,U2OS,24,vitamin-E,compound,BRD-K97091514-001-11-4,,['PKC inhibitor'],3.7990434,-1.0604398
BR00117025,J06,U2OS,24,lonafarnib,compound,BRD-K41599323-001-02-3,poscon_diverse,,-0.24331954,-3.0153415
BR00117025,J07,U2OS,24,ethyl-pyruvate,compound,BRD-K47738867-001-01-5,,,2.666686,-1.6158847
BR00117025,J08,U2OS,24,picrotin,compound,BRD-A91822151-001-05-0,,['GABA receptor antagonist'],2.903689,-1.4389317
BR00117025,J09,U2OS,24,SGX523,compound,BRD-K19477839-001-07-6,poscon_cp,,3.1011393,-1.659493
BR00117025,J10,U2OS,24,PP-2,compound,BRD-K95785537-001-22-3,,['src inhibitor'],-0.7956391,-2.7718823
BR00117025,J11,U2OS,24,ME-0328,compound,BRD-A63444178-001-01-5,,['PPAR receptor antagonist'],3.5595264,-1.8739654
BR00117025,J12,U2OS,24,AZD9668,compound,BRD-K31476763-001-01-5,,['elastase inhibitor'],3.9204037,-1.0192654
BR00117025,J13,U2OS,24,NQDI-1,compound,BRD-K61918008-001-07-1,,,0.7364059,-0.860242
BR00117025,J14,U2OS,24,DMSO,compound,,negcon,,4.20216,-1.3235286
BR00117025,J15,U2OS,24,carzenide,compound,BRD-K09295674-001-09-8,,,2.055332,-3.3394382
BR00117025,J16,U2OS,24,KU-55933,compound,BRD-K25311561-001-10-7,,['ATM kinase inhibitor'],0.57229817,-3.240555
BR00117025,J17,U2OS,24,NVP-AEW541,compound,BRD-K24696047-001-02-3,poscon_cp,['IGF-1 inhibitor'],-0.63357794,-0.90671575
BR00117025,J18,U2OS,24,leflunomide,compound,BRD-K78692225-001-24-5,,['PDGFR tyrosine kinase receptor inhibitor'],1.9439718,-0.90769583
BR00117025,J19,U2OS,24,DMSO,compound,,negcon,,4.315521,-1.0120207
BR00117025,J20,U2OS,24,azacitidine,compound,BRD-K03406345-001-21-1,poscon_diverse,,0.24407215,-3.0487275
BR00117025,J21,U2OS,24,ixabepilone,compound,BRD-K03601870-001-01-2,,['microtubule stabilizing agent'],-2.1793954,-4.330048
BR00117025,J22,U2OS,24,KH-CB19,compound,BRD-K66430217-001-03-8,poscon_cp,['CDC inhibitor'],3.9183269,-1.9555359
BR00117025,J23,U2OS,24,DMSO,compound,,negcon,,4.7779555,-1.1115012
BR00117025,J24,U2OS,24,PF-05190457,compound,BRD-K02554563-001-01-6,,,0.4998191,-0.16426988
BR00117025,K01,U2OS,24,LDN-212854,compound,BRD-K59831625-001-03-9,,,-1.6547555,-6.488043
BR00117025,K02,U2OS,24,formononetin,compound,BRD-K55567017-001-12-3,,['alcohol dehydrogenase inhibitor'],3.4658403,-1.1423036
BR00117025,K03,U2OS,24,aminopurvalanol-a,compound,BRD-K07762753-001-05-1,poscon_orf,['CDK inhibitor'],0.34655198,-3.9575734
BR00117025,K04,U2OS,24,ruxolitinib,compound,BRD-K53972329-001-01-3,poscon_cp,['JAK inhibitor'],0.49764082,-2.1675293
BR00117025,K05,U2OS,24,DMSO,compound,,negcon,,4.802082,-1.8412457
BR00117025,K06,U2OS,24,DMSO,compound,,negcon,,4.83885,-1.0463121
BR00117025,K07,U2OS,24,LGK-974,compound,BRD-K16810791-001-01-0,,['porcupine inhibitor'],1.0891144,-1.2975796
BR00117025,K08,U2OS,24,polydatin,compound,BRD-K43236057-001-07-1,,['ICAM1 expression inhibitor'],-1.0429298,-3.4898958
BR00117025,K09,U2OS,24,enflurane,compound,BRD-A51831848-001-01-7,,,2.860241,-1.4369636
BR00117025,K10,U2OS,24,PFI-1,compound,BRD-K13094524-001-04-2,poscon_cp,,4.294987,-1.5525521
BR00117025,K11,U2OS,24,AZD7762,compound,BRD-K86525559-001-07-8,poscon_diverse,['CHK inhibitor'],-2.181029,-6.7908325
BR00117025,K12,U2OS,24,sotrastaurin,compound,BRD-K16761703-001-03-8,,['PKC inhibitor'],0.27372506,-2.1045022
BR00117025,K13,U2OS,24,DMSO,compound,,negcon,,4.5892115,-1.8851113
BR00117025,K14,U2OS,24,cycloheximide,compound,BRD-K36055864-001-20-0,,['protein synthesis inhibitor'],-0.31585863,-4.172534
BR00117025,K15,U2OS,24,oxytocin,compound,BRD-K25243230-001-01-2,,,3.091731,-1.1915536
BR00117025,K16,U2OS,24,DMSO,compound,,negcon,,4.9576497,-1.5541984
BR00117025,K17,U2OS,24,colchicine,compound,BRD-K00259736-001-16-4,,,-2.5033112,-4.4683237
BR00117025,K18,U2OS,24,afimoxifene,compound,BRD-K04210847-001-21-9,,,0.59677356,-0.65434027
BR00117025,K19,U2OS,24,DMSO,compound,,negcon,,4.389338,-0.86070824
BR00117025,K20,U2OS,24,ZK-93423,compound,BRD-K33882852-003-02-8,poscon_diverse,['benzodiazepine receptor agonist'],1.0869507,-1.1221223
BR00117025,K21,U2OS,24,RGB-286638,compound,BRD-K20986415-001-02-6,,['CDK inhibitor'],-0.7047066,-4.885468
BR00117025,K22,U2OS,24,FPS-ZM1,compound,BRD-K87691185-001-01-2,,['RAGE receptor antagonist'],0.49596336,-2.1262188
BR00117025,K23,U2OS,24,flindokalner,compound,BRD-K56740996-001-02-1,,,3.4765894,-1.7997137
BR00117025,K24,U2OS,24,motesanib,compound,BRD-K99616396-316-05-3,,"['KIT inhibitor', 'VEGFR inhibitor', 'PDGFR tyrosine kinase receptor inhibitor']",0.9814975,-0.51445556
BR00117025,L01,U2OS,24,geldanamycin,compound,BRD-K43570081-001-02-4,,['HSP inhibitor'],-1.4621581,-3.4218402
BR00117025,L02,U2OS,24,DMSO,compound,,negcon,,4.28441,-0.34811252
BR00117025,L03,U2OS,24,CGP-53353,compound,BRD-K32292990-001-03-6,,"['PKC inhibitor', 'EGFR inhibitor']",2.060793,-0.85231763
BR00117025,L04,U2OS,24,7-hydroxystaurosporine,compound,BRD-K45293975-001-02-0,,"['CDK inhibitor', 'PKC inhibitor', 'CHK inhibitor']",-2.2153022,-6.5863276
BR00117025,L05,U2OS,24,DMSO,compound,,negcon,,4.215617,-1.017432
BR00117025,L06,U2OS,24,DMSO,compound,,negcon,,4.510957,-0.4740599
BR00117025,L07,U2OS,24,efaproxiral,compound,BRD-K37355418-236-01-6,,,2.3344097,-1.2808877
BR00117025,L08,U2OS,24,SB-203580,compound,BRD-A37704979-001-12-3,poscon_orf,['p38 MAPK inhibitor'],-0.06826262,-2.308823
BR00117025,L09,U2OS,24,FK-866,compound,BRD-K58550667-001-08-7,poscon_diverse,,2.6430051,-1.3270904
BR00117025,L10,U2OS,24,bepridil,compound,BRD-A91008255-003-24-8,,['calcium channel blocker'],1.6023823,-0.9741568
BR00117025,L11,U2OS,24,delanzomib,compound,BRD-K59325863-001-04-4,,,-2.1323597,-6.651529
BR00117025,L12,U2OS,24,buparlisib,compound,BRD-K42191735-001-08-7,poscon_diverse,,-2.29057,-4.438938
BR00117025,L13,U2OS,24,phenylbutazone,compound,BRD-K10843433-001-23-5,,"['cyclooxygenase inhibitor', 'prostanoid receptor antagonist']",2.9402783,-0.5781955
BR00117025,L14,U2OS,24,deferasirox,compound,BRD-K97010173-001-04-1,,,1.4945413,-3.6834106
BR00117025,L15,U2OS,24,DMSO,compound,,negcon,,4.443343,-0.85400665
BR00117025,L16,U2OS,24,cediranib,compound,BRD-K86930074-001-05-0,,"['KIT inhibitor', 'VEGFR inhibitor']",-1.2306937,-1.3116304
BR00117025,L17,U2OS,24,isoflurane,compound,BRD-A31564021-001-02-6,,,0.23752679,-3.9130864
BR00117025,L18,U2OS,24,DMSO,compound,,negcon,,4.8079085,-1.5452516
BR00117025,L19,U2OS,24,CCG-50014,compound,BRD-K08893438-001-06-4,,['G protein signaling inhibitor'],1.7898644,-1.6716325
BR00117025,L20,U2OS,24,PF-431396,compound,BRD-K93788137-001-04-1,,,0.7250289,-4.7293253
BR00117025,L21,U2OS,24,TG-02,compound,BRD-K14560436-001-01-4,,"['CDK inhibitor', 'FLT3 inhibitor', 'JAK inhibitor']",-0.9689421,-4.584064
BR00117025,L22,U2OS,24,baclofen,compound,BRD-K01826724-003-07-9,,['benzodiazepine receptor agonist'],3.5051591,-1.2416167
BR00117025,L23,U2OS,24,thiostrepton,compound,BRD-A20697603-001-07-2,,['protein synthesis inhibitor'],-0.24215794,-3.8479908
BR00117025,L24,U2OS,24,flufenamic-acid,compound,BRD-K44067360-001-29-5,,,1.9778333,-0.3070989
BR00117025,M01,U2OS,24,DMSO,compound,,negcon,,3.7547326,-0.2898185
BR00117025,M02,U2OS,24,LY2109761,compound,BRD-K47557313-001-02-7,,,-0.08235386,-2.43521
BR00117025,M03,U2OS,24,olopatadine,compound,BRD-K67637637-003-11-8,,['histamine receptor antagonist'],3.126158,-1.4095149
BR00117025,M04,U2OS,24,DMSO,compound,,negcon,,4.8769107,-1.6987853
BR00117025,M05,U2OS,24,castanospermine,compound,BRD-K20897876-001-11-8,,['glucosidase inhibitor'],2.4390352,-1.9287411
BR00117025,M06,U2OS,24,A205804,compound,BRD-K77627880-001-04-0,,['ICAM1 expression inhibitor'],1.2136691,-3.7497191
BR00117025,M07,U2OS,24,VU591,compound,BRD-K72063794-003-01-0,,['potassium channel blocker'],1.6013395,-1.7453717
BR00117025,M08,U2OS,24,dalbavancin,compound,BRD-K30177383-001-01-0,,['bacterial cell wall synthesis inhibitor'],0.46523038,-1.4560455
BR00117025,M09,U2OS,24,CC-401,compound,BRD-K45746021-003-01-9,,['JNK inhibitor'],0.2148261,-2.0064566
BR00117025,M10,U2OS,24,ganetespib,compound,BRD-K38852836-001-04-9,poscon_diverse,['HSP inhibitor'],-1.2736336,-3.417857
BR00117025,M11,U2OS,24,ingenol-mebutate,compound,BRD-K93779381-001-01-9,,,0.47331458,-1.0681208
BR00117025,M12,U2OS,24,menadione,compound,BRD-K78126613-001-27-7,,,0.6949719,-3.5153224
BR00117025,M13,U2OS,24,cetilistat,compound,BRD-K94863486-001-02-2,,,2.3375914,-1.7462643
BR00117025,M14,U2OS,24,methoxsalen,compound,BRD-K63430059-001-16-4,,['DNA synthesis inhibitor'],2.8933036,-1.8082216
BR00117025,M15,U2OS,24,cyclosporine,compound,BRD-K13533483-001-16-2,,,-0.08980027,-3.3378186
BR00117025,M16,U2OS,24,NSC-632839,compound,BRD-K81197548-003-01-4,poscon_cp,['ubiquitin specific protease inhibitor'],-2.2211905,-6.4277277
BR00117025,M17,U2OS,24,DMSO,compound,,negcon,,5.1568832,-1.7559485
BR00117025,M18,U2OS,24,TG-003,compound,BRD-K97072811-001-11-4,poscon_cp,,3.5659792,-1.9296186
BR00117025,M19,U2OS,24,oxibendazole,compound,BRD-K52075715-001-06-7,,['tubulin polymerization inhibitor'],-2.4189413,-4.3216147
BR00117025,M20,U2OS,24,TG-101348,compound,BRD-K12502280-001-11-4,poscon_cp,"['JAK inhibitor', 'FLT3 inhibitor']",-2.4964752,-5.287844
BR00117025,M21,U2OS,24,miglitol,compound,BRD-A63310107-001-04-8,,['glucosidase inhibitor'],4.0775204,-1.5984268
BR00117025,M22,U2OS,24,DMSO,compound,,negcon,,4.6252365,-1.7398643
BR00117025,M23,U2OS,24,DMSO,compound,,negcon,,5.125653,-1.2439044
BR00117025,M24,U2OS,24,tranilast,compound,BRD-K17849083-001-32-9,,,1.5552193,-0.47896755
BR00117025,N01,U2OS,24,4-methylhistamine,compound,BRD-K70821460-300-02-4,,['histamine receptor agonist'],2.7026732,0.44864672
BR00117025,N02,U2OS,24,LDN-27219,compound,BRD-K51485109-001-01-4,,,3.4467936,-0.17517573
BR00117025,N03,U2OS,24,anisomycin,compound,BRD-K91370081-001-25-1,,['DNA synthesis inhibitor'],-1.6689237,-5.6406436
BR00117025,N04,U2OS,24,thioguanine,compound,BRD-K49350383-001-13-7,poscon_diverse,,-0.15086421,-3.4331508
BR00117025,N05,U2OS,24,droxinostat,compound,BRD-K11558771-001-13-9,,['HDAC inhibitor'],1.6133335,-2.474416
BR00117025,N06,U2OS,24,UNC2025,compound,BRD-K91283740-003-01-6,poscon_cp,['FLT3 inhibitor'],-1.1181458,-3.8431807
BR00117025,N07,U2OS,24,DMSO,compound,,negcon,,4.23988,-0.32841903
BR00117025,N08,U2OS,24,DMSO,compound,,negcon,,4.097988,-0.9458318
BR00117025,N09,U2OS,24,AMG900,compound,BRD-K21728777-001-02-3,poscon_cp,['Aurora kinase inhibitor'],0.8403018,-4.7993197
BR00117025,N10,U2OS,24,PF-06463922,compound,BRD-A23124853-001-01-4,,['ALK tyrosine kinase receptor inhibitor'],-0.046133086,-1.868691
BR00117025,N11,U2OS,24,orantinib,compound,BRD-K55966568-001-09-6,poscon_cp,"['FGFR inhibitor', 'PDGFR tyrosine kinase receptor inhibitor', 'VEGFR inhibitor']",1.2201974,-2.5499678
BR00117025,N12,U2OS,24,fludarabine-phosphate,compound,BRD-K71106091-001-09-5,,['ribonucleotide reductase inhibitor'],1.2337755,-4.294842
BR00117025,N13,U2OS,24,ceritinib,compound,BRD-K22149900-001-06-2,,['ALK tyrosine kinase receptor inhibitor'],-0.2199875,-0.7613738
BR00117025,N14,U2OS,24,NVS-PAK1-1,compound,BRD-K28132190-001-02-0,poscon_cp,['p21 activated kinase inhibitor'],-0.75160027,-2.2567286
BR00117025,N15,U2OS,24,homoharringtonine,compound,BRD-K76674262-001-03-3,,['protein synthesis inhibitor'],-1.5801209,-5.6875305
BR00117025,N16,U2OS,24,picrotoxinin,compound,BRD-K36461289-001-05-8,,['GABA receptor antagonist'],2.10785,-0.29814953
BR00117025,N17,U2OS,24,DMSO,compound,,negcon,,4.6574197,-0.8109413
BR00117025,N18,U2OS,24,danusertib,compound,BRD-K07881437-001-03-8,poscon_diverse,"['growth factor receptor inhibitor', 'Aurora kinase inhibitor']",0.798319,-4.724122
BR00117025,N19,U2OS,24,romidepsin,compound,BRD-K61397605-001-01-8,poscon_cp,['HDAC inhibitor'],-2.1936443,-5.9051323
BR00117025,N20,U2OS,24,FERb-033,compound,BRD-K61642990-001-01-0,poscon_cp,['EGFR inhibitor'],1.906714,-0.33188656
BR00117025,N21,U2OS,24,PF-03758309,compound,BRD-K37764012-001-03-3,poscon_diverse,['p21 activated kinase inhibitor'],-0.75569355,-4.5682054
BR00117025,N22,U2OS,24,DMSO,compound,,negcon,,5.0046616,-1.5862001
BR00117025,N23,U2OS,24,trometamol,compound,BRD-K47978074-001-03-2,,,3.315591,-1.9388644
BR00117025,N24,U2OS,24,simvastatin,compound,BRD-K22134346-001-22-3,,['HMGCR inhibitor'],-0.7067789,-2.0924475
BR00117025,O01,U2OS,24,zaprinast,compound,BRD-K16542329-001-16-8,,['phosphodiesterase inhibitor'],2.6392057,0.4573619
BR00117025,O02,U2OS,24,dexamethasone,compound,BRD-A10188456-001-04-9,,['glucocorticoid receptor agonist'],1.6175697,-2.4978101
BR00117025,O03,U2OS,24,salicylic-acid,compound,BRD-K93632104-001-17-2,,['cyclooxygenase inhibitor'],4.2755117,-1.955231
BR00117025,O04,U2OS,24,diltiazem,compound,BRD-A69636825-003-04-7,,['calcium channel blocker'],3.1385431,-1.3090042
BR00117025,O05,U2OS,24,phenolphthalein,compound,BRD-K19227686-001-18-6,,,4.041533,-1.7414511
BR00117025,O06,U2OS,24,niflumic-acid,compound,BRD-K98763141-001-30-8,,['cyclooxygenase inhibitor'],3.7541099,-1.3690232
BR00117025,O07,U2OS,24,DMSO,compound,,negcon,,4.8364162,-1.6353526
BR00117025,O08,U2OS,24,L-Cystine,compound,BRD-A15397381-001-02-5,,,3.9868846,-1.5981444
BR00117025,O09,U2OS,24,ozanimod,compound,BRD-K46625559-001-01-8,,['sphingosine 1 phosphate receptor agonist'],-0.5018657,-0.8160532
BR00117025,O10,U2OS,24,efaroxan,compound,BRD-A10739734-003-09-8,,['adrenergic receptor antagonist'],0.5183709,-2.0115428
BR00117025,O11,U2OS,24,NBQX,compound,BRD-K11796549-001-05-2,,['glutamate receptor antagonist'],3.0688708,-1.3511416
BR00117025,O12,U2OS,24,dinoprostone,compound,BRD-K26521938-001-07-2,,['prostanoid receptor agonist'],1.7099075,-2.157675
BR00117025,O13,U2OS,24,Ro-20-1724,compound,BRD-A07207424-001-14-0,,['phosphodiesterase inhibitor'],3.222194,-1.2561601
BR00117025,O14,U2OS,24,xanomeline,compound,BRD-K72815923-034-02-0,,['acetylcholine receptor agonist'],3.1136215,-0.8613714
BR00117025,O15,U2OS,24,terazosin,compound,BRD-K01825589-310-02-9,,['adrenergic receptor antagonist'],2.909949,-1.1229751
BR00117025,O16,U2OS,24,BVT-948,compound,BRD-K68567222-001-01-2,,,-0.42250532,-4.940113
BR00117025,O17,U2OS,24,nicotine,compound,BRD-K01825660-322-01-9,,['acetylcholine receptor agonist'],2.043703,-1.637905
BR00117025,O18,U2OS,24,DMSO,compound,,negcon,,5.081986,-1.1745127
BR00117025,O19,U2OS,24,U-0521,compound,BRD-K08953028-001-09-6,,,1.7503479,-1.8288231
BR00117025,O20,U2OS,24,BMS-587101,compound,BRD-K20093108-001-02-3,,,1.7550647,-1.2894311
BR00117025,O21,U2OS,24,nimodipine,compound,BRD-A58048407-001-20-4,,['calcium channel blocker'],1.6714636,-1.9537107
BR00117025,O22,U2OS,24,pyrrolidine-dithiocarbamate,compound,BRD-K80970344-201-08-6,,,-1.8038474,-5.263282
BR00117025,O23,U2OS,24,PF-915275,compound,BRD-K18289362-001-02-2,,,1.8484954,-0.7663521
BR00117025,O24,U2OS,24,JTE-013,compound,BRD-K43330982-001-02-3,,,0.98747206,-0.05083187
BR00117025,P01,U2OS,24,sodium-butyrate,compound,BRD-K05878375-236-05-7,,['HDAC inhibitor'],2.5271006,0.6099211
BR00117025,P02,U2OS,24,pentostatin,compound,BRD-K91543828-001-02-0,,['ribonucleotide reductase inhibitor'],2.372706,0.6796841
BR00117025,P03,U2OS,24,OMDM-2,compound,BRD-K48830578-001-01-9,,,1.9320719,0.13468677
BR00117025,P04,U2OS,24,nalmefene,compound,BRD-A72767275-003-01-6,,,2.486357,0.3838325
BR00117025,P05,U2OS,24,DMSO,compound,,negcon,,2.8179934,0.41323718
BR00117025,P06,U2OS,24,1-EBIO,compound,BRD-K70586315-001-02-4,,,3.1245408,0.123918995
BR00117025,P07,U2OS,24,SB-505124,compound,BRD-K40109029-001-02-9,,['ALK tyrosine kinase receptor inhibitor'],0.7796977,-3.0248013
BR00117025,P08,U2OS,24,prasugrel,compound,BRD-A83029242-001-06-1,,['purinergic receptor antagonist'],1.9058732,0.24245775
BR00117025,P09,U2OS,24,pidolic-acid,compound,BRD-K57313110-001-06-8,,,2.7685063,0.23970965
BR00117025,P10,U2OS,24,DMSO,compound,,negcon,,2.6941495,0.349915
BR00117025,P11,U2OS,24,nevirapine,compound,BRD-K15502390-001-20-9,,,2.5083969,0.07825265
BR00117025,P12,U2OS,24,triamterene,compound,BRD-K92049597-001-20-8,,['sodium channel blocker'],2.1534424,0.33683872
BR00117025,P13,U2OS,24,regorafenib,compound,BRD-K16730910-001-07-3,,"['PDGFR tyrosine kinase receptor inhibitor', 'RAF inhibitor', 'KIT inhibitor', 'RET tyrosine kinase inhibitor', 'FGFR inhibitor', 'VEGFR inhibitor']",0.2299762,-1.5919785
BR00117025,P14,U2OS,24,cyclophosphamide,compound,BRD-A09722536-002-18-0,,,1.7342542,-0.39434382
BR00117025,P15,U2OS,24,olanzapine,compound,BRD-K18895904-001-16-1,,"['dopamine receptor antagonist', 'serotonin receptor antagonist']",-0.47945645,-0.29968822
BR00117025,P16,U2OS,24,KI-16425,compound,BRD-A25569250-001-03-3,,['lysophosphatidic acid receptor antagonist'],1.7926241,-0.24356803
BR00117025,P17,U2OS,24,SKLB1002,compound,BRD-K29895144-001-01-0,,['VEGFR inhibitor'],0.44541702,-3.4805417
BR00117025,P18,U2OS,24,cilostazol,compound,BRD-K67017579-001-28-1,,['phosphodiesterase inhibitor'],2.0841908,-0.04530762
BR00117025,P19,U2OS,24,AZD1283,compound,BRD-K77060810-001-01-5,,['purinergic receptor antagonist'],2.1131485,-0.06827264
BR00117025,P20,U2OS,24,A-987306,compound,BRD-K68982262-001-01-4,,['histamine receptor antagonist'],-0.6172643,-0.3690788
BR00117025,P21,U2OS,24,procaine,compound,BRD-K24616672-003-20-1,,['HMGCR inhibitor'],1.7106628,-0.1282103
BR00117025,P22,U2OS,24,miconazole,compound,BRD-A82396632-008-30-8,,['bacterial cell wall synthesis inhibitor'],1.4761829,-0.39130554
BR00117025,P23,U2OS,24,loperamide,compound,BRD-K61250553-003-30-6,,,-0.26369646,-0.33061352
BR00117025,P24,U2OS,24,aripiprazole,compound,BRD-K70358946-001-17-3,,['serotonin receptor antagonist'],0.13741097,-0.036293447
BR00117026,A01,U2OS,24,gabapentin-enacarbil,compound,BRD-A86665761-001-01-1,,,2.5480049,0.58703804
BR00117026,A02,U2OS,24,DMSO,compound,,negcon,,3.978518,-0.51060206
BR00117026,A03,U2OS,24,amlodipine,compound,BRD-A22032524-074-09-9,,['calcium channel blocker'],-0.8981656,-0.9229202
BR00117026,A04,U2OS,24,hexestrol,compound,BRD-A01078468-001-14-8,,,3.076276,-0.7152471
BR00117026,A05,U2OS,24,quinine,compound,BRD-K48278478-001-01-2,,,1.4175822,-3.418011
BR00117026,A06,U2OS,24,LOXO-101,compound,BRD-K36574127-001-01-3,,,3.09018,-0.25867528
BR00117026,A07,U2OS,24,brinzolamide,compound,BRD-K74913225-001-14-0,,['carbonic anhydrase inhibitor'],2.9860542,-0.088534154
BR00117026,A08,U2OS,24,NS-11021,compound,BRD-K94342292-001-01-3,,['calcium-activated potassium channel activator'],0.24237448,-3.38997
BR00117026,A09,U2OS,24,DMSO,compound,,negcon,,4.1225247,-0.5031097
BR00117026,A10,U2OS,24,GNF-5837,compound,BRD-K19975102-001-01-2,,['growth factor receptor inhibitor'],1.0738311,-0.6592084
BR00117026,A11,U2OS,24,apatinib,compound,BRD-K25244359-066-02-6,,['RET tyrosine kinase inhibitor'],-0.18301705,-0.44779179
BR00117026,A12,U2OS,24,ethoxzolamide,compound,BRD-K18131774-001-18-4,,['carbonic anhydrase inhibitor'],2.1367435,-0.48093244
BR00117026,A13,U2OS,24,ascorbic-acid,compound,BRD-A85242401-001-11-5,,,3.193733,-0.8290499
BR00117026,A14,U2OS,24,ryuvidine,compound,BRD-K06426971-001-02-7,,['histone lysine methyltransferase inhibitor'],-1.87665,-6.849768
BR00117026,A15,U2OS,24,BAN-ORL-24,compound,BRD-K47049295-300-03-1,,,-1.3923804,-2.1752615
BR00117026,A16,U2OS,24,NNC-55-0396,compound,BRD-K78122587-300-04-3,,,-0.938846,-0.913293
BR00117026,A17,U2OS,24,DMSO,compound,,negcon,,2.2295272,-0.012987012
BR00117026,A18,U2OS,24,WH-4-023,compound,BRD-K50199947-001-03-4,,['src inhibitor'],-1.1671852,-2.8243897
BR00117026,A19,U2OS,24,flupirtine,compound,BRD-K50720187-051-03-1,,['glutamate receptor antagonist'],1.8387642,0.07837538
BR00117026,A20,U2OS,24,ZK811752,compound,BRD-K91825936-001-03-9,,,0.78476626,-0.5950551
BR00117026,A21,U2OS,24,dexamethasone,compound,BRD-K38775274-001-22-1,,['glucocorticoid receptor agonist'],0.66039,-2.538647
BR00117026,A22,U2OS,24,PP-1,compound,BRD-K47598052-001-14-1,,['src inhibitor'],-0.8082177,-2.7946603
BR00117026,A23,U2OS,24,DDR1-IN-1,compound,BRD-K61845293-300-01-9,,,-0.49203432,-0.9544835
BR00117026,A24,U2OS,24,AVL-292,compound,BRD-K87782578-001-01-4,,"[""Bruton's tyrosine kinase (BTK) inhibitor""]",-1.3134879,-3.6613154
BR00117026,B01,U2OS,24,H2L-5765834,compound,BRD-K26439554-001-01-3,,['lysophosphatidic acid receptor antagonist'],2.0490727,-0.10911637
BR00117026,B02,U2OS,24,thiostrepton,compound,BRD-K58049875-001-03-9,,['protein synthesis inhibitor'],-2.2158005,-6.6666164
BR00117026,B03,U2OS,24,DMSO,compound,,negcon,,4.626212,-0.848804
BR00117026,B04,U2OS,24,arcyriaflavin-a,compound,BRD-K72726508-001-02-1,,['CDK inhibitor'],-0.16684783,-3.001906
BR00117026,B05,U2OS,24,CYM-5520,compound,BRD-K29151923-001-01-5,,['sphingosine 1 phosphate receptor agonist'],2.9656265,-1.0995073
BR00117026,B06,U2OS,24,fludarabine,compound,BRD-K66788707-001-14-3,,['ribonucleotide reductase inhibitor'],1.451543,-4.077659
BR00117026,B07,U2OS,24,alda-1,compound,BRD-K06890060-001-09-1,,,2.850813,-0.91451794
BR00117026,B08,U2OS,24,meclofenamic-acid,compound,BRD-K50398167-236-22-7,,"['cyclooxygenase inhibitor', 'prostanoid receptor antagonist']",3.4235442,-1.0279168
BR00117026,B09,U2OS,24,GNF-5,compound,BRD-K87632963-001-03-0,,['Bcr-Abl kinase inhibitor'],1.2493681,-0.7481816
BR00117026,B10,U2OS,24,NS-309,compound,BRD-K37602296-001-01-6,,['calcium-activated potassium channel activator'],2.749958,-1.3340399
BR00117026,B11,U2OS,24,AK-7,compound,BRD-K09143580-001-01-0,,['SIRT inhibitor'],1.3078638,-0.59707105
BR00117026,B12,U2OS,24,BVT-948,compound,BRD-A22713669-001-04-3,,,-0.33883992,-5.101505
BR00117026,B13,U2OS,24,SirReal-2,compound,BRD-K16472653-001-01-6,,['SIRT inhibitor'],0.72716355,-1.0946891
BR00117026,B14,U2OS,24,DMSO,compound,,negcon,,4.9536386,-1.0436144
BR00117026,B15,U2OS,24,BMS-536924,compound,BRD-K34581968-001-05-3,,['IGF-1 inhibitor'],-1.135975,-3.466938
BR00117026,B16,U2OS,24,PP-121,compound,BRD-K81801188-001-02-8,,['protein tyrosine kinase inhibitor'],-1.2400744,-3.850071
BR00117026,B17,U2OS,24,MCOPPB,compound,BRD-K73276278-305-01-1,,,-1.3467191,-1.3797143
BR00117026,B18,U2OS,24,ozagrel,compound,BRD-K53061490-003-13-9,,,2.7401316,-0.8001006
BR00117026,B19,U2OS,24,CYM-5442,compound,BRD-A43005764-003-01-5,,['sphingosine 1 phosphate receptor agonist'],-1.0963423,-0.9863323
BR00117026,B20,U2OS,24,CVT-10216,compound,BRD-K60659193-001-01-0,,,2.3141992,-1.6253142
BR00117026,B21,U2OS,24,TCN201,compound,BRD-K09787262-001-02-7,,['glutamate receptor antagonist'],1.9041996,-1.5197057
BR00117026,B22,U2OS,24,fomepizole,compound,BRD-K56810756-003-07-7,,['alcohol dehydrogenase inhibitor'],2.6661427,-1.3358947
BR00117026,B23,U2OS,24,benzamil,compound,BRD-K87158025-003-08-7,,['sodium channel blocker'],1.1153448,-1.681701
BR00117026,B24,U2OS,24,lercanidipine,compound,BRD-A18992208-003-02-7,,['calcium channel blocker'],0.77565837,-0.37046653
BR00117026,C01,U2OS,24,4-CMTB,compound,BRD-A54139254-001-09-2,,['free fatty acid receptor agonist'],2.8215559,-0.7478645
BR00117026,C02,U2OS,24,ML-228,compound,BRD-K44432556-001-05-5,,,3.5741367,-0.9241219
BR00117026,C03,U2OS,24,DMSO,compound,,negcon,,4.9034653,-1.6533014
BR00117026,C04,U2OS,24,GSK1070916,compound,BRD-K36740062-001-06-6,,['Aurora kinase inhibitor'],-0.7255987,-3.2541428
BR00117026,C05,U2OS,24,ML-193,compound,BRD-K27539181-001-08-5,,,2.3496218,-1.6433371
BR00117026,C06,U2OS,24,DMSO,compound,,negcon,,4.578203,-1.3549272
BR00117026,C07,U2OS,24,M-25,compound,BRD-K51265828-001-01-0,,['smoothened receptor antagonist'],1.8957664,-1.3137668
BR00117026,C08,U2OS,24,azeliragon,compound,BRD-K51899933-001-02-6,,['RAGE receptor antagonist'],-1.5318344,-1.4915954
BR00117026,C09,U2OS,24,CYT-997,compound,BRD-K23363278-001-02-1,poscon_diverse,['tubulin polymerization inhibitor'],-2.5766861,-4.3576474
BR00117026,C10,U2OS,24,AR-12,compound,BRD-K90497590-001-05-9,,,-1.5114491,-6.7324023
BR00117026,C11,U2OS,24,CYM-50260,compound,BRD-K69877120-001-01-7,,['sphingosine 1 phosphate receptor agonist'],1.4595952,-1.2855896
BR00117026,C12,U2OS,24,DMSO,compound,,negcon,,5.0417743,-1.4912374
BR00117026,C13,U2OS,24,KG-5,compound,BRD-K90747162-001-01-4,poscon_cp,['RAF inhibitor'],-2.3649738,-4.2348223
BR00117026,C14,U2OS,24,JTE-607,compound,BRD-K81405859-300-01-4,,,0.8607836,-4.413439
BR00117026,C15,U2OS,24,DMSO,compound,,negcon,,5.089775,-1.3627607
BR00117026,C16,U2OS,24,ilomastat,compound,BRD-K51662849-001-05-4,,['matrix metalloprotease inhibitor'],1.0907452,-2.0682492
BR00117026,C17,U2OS,24,RX-821002,compound,BRD-A65597028-003-08-1,,['adrenergic receptor antagonist'],3.6757371,-1.0647073
BR00117026,C18,U2OS,24,DMSO,compound,,negcon,,4.8642015,-1.5835928
BR00117026,C19,U2OS,24,TUG-891,compound,BRD-K24282351-001-01-4,,['free fatty acid receptor agonist'],3.671398,-2.4140136
BR00117026,C20,U2OS,24,ponatinib,compound,BRD-K44227013-001-08-0,,"['PDGFR tyrosine kinase receptor inhibitor', 'FLT3 inhibitor', 'Bcr-Abl kinase inhibitor']",-2.0881267,-6.6363173
BR00117026,C21,U2OS,24,DMSO,compound,,negcon,,5.138688,-1.4324421
BR00117026,C22,U2OS,24,puromycin,compound,BRD-K01824976-300-02-9,,['protein synthesis inhibitor'],-2.0772002,-6.426081
BR00117026,C23,U2OS,24,SRC-kinase-inhibitor-I,compound,BRD-K50495309-001-02-0,,['src inhibitor'],-0.696828,-0.66911674
BR00117026,C24,U2OS,24,acetylcysteine,compound,BRD-K59058747-001-19-1,,,1.4884614,-0.12775633
BR00117026,D01,U2OS,24,NSC-625987,compound,BRD-K62949423-001-03-1,,['CDK inhibitor'],3.1144733,-0.3111288
BR00117026,D02,U2OS,24,dalfampridine,compound,BRD-K22482860-001-20-6,,['potassium channel blocker'],3.2260728,-0.9799599
BR00117026,D03,U2OS,24,NSC-95397,compound,BRD-K68143200-001-11-7,,['CDC inhibitor'],-0.35862702,-5.1233325
BR00117026,D04,U2OS,24,alrestatin,compound,BRD-K35498378-001-06-1,,['aldose reductase inhibitor'],3.4615536,-1.1586351
BR00117026,D05,U2OS,24,PF-03758309,compound,BRD-K37764012-001-03-3,poscon_diverse,['p21 activated kinase inhibitor'],3.686581,-0.90912396
BR00117026,D06,U2OS,24,IRL-2500,compound,BRD-K98357249-001-02-9,,['endothelin receptor antagonist'],2.1500862,-0.91320276
BR00117026,D07,U2OS,24,PF-04217903,compound,BRD-K73319509-001-08-0,poscon_cp,,3.2961316,-1.1035578
BR00117026,D08,U2OS,24,FK-866,compound,BRD-K58550667-001-08-7,poscon_diverse,,2.580034,-1.3622988
BR00117026,D09,U2OS,24,amlexanox,compound,BRD-K29530284-001-06-2,,,2.5451114,-1.8882741
BR00117026,D10,U2OS,24,GW-311616,compound,BRD-K37864785-001-01-0,,['elastase inhibitor'],3.1092072,-1.7105883
BR00117026,D11,U2OS,24,buparlisib,compound,BRD-K42191735-001-08-7,poscon_diverse,,-2.322904,-4.4129777
BR00117026,D12,U2OS,24,amiloride,compound,BRD-K97181089-003-24-7,,['sodium channel blocker'],2.166197,-1.7247316
BR00117026,D13,U2OS,24,DG-172,compound,BRD-K75748943-300-01-3,,,-0.8299877,-0.5841227
BR00117026,D14,U2OS,24,DMSO,compound,,negcon,,4.020235,-1.143064
BR00117026,D15,U2OS,24,DMSO,compound,,negcon,,4.610465,-1.5604545
BR00117026,D16,U2OS,24,NVP-ADW742,compound,BRD-K15179513-001-04-2,poscon_cp,,-1.3371896,-1.3374046
BR00117026,D17,U2OS,24,misoprostol,compound,BRD-A72351335-001-04-5,,['prostanoid receptor agonist'],1.5640928,-3.7630208
BR00117026,D18,U2OS,24,conivaptan,compound,BRD-K37385792-003-02-1,,,-0.18800616,-0.66275316
BR00117026,D19,U2OS,24,spiroxatrine,compound,BRD-A72483914-001-03-7,,['serotonin receptor antagonist'],-0.40942013,-0.70208794
BR00117026,D20,U2OS,24,diacerein,compound,BRD-K69122748-001-10-1,,,2.8255124,-1.1808989
BR00117026,D21,U2OS,24,DMSO,compound,,negcon,,5.044751,-0.8925155
BR00117026,D22,U2OS,24,DMSO,compound,,negcon,,4.530186,-1.6902494
BR00117026,D23,U2OS,24,glyburide,compound,BRD-K36927236-001-36-7,,['ATP channel blocker'],1.809109,-0.6375638
BR00117026,D24,U2OS,24,ANR-94,compound,BRD-K31170746-001-01-6,,,1.5921348,-0.16636352
BR00117026,E01,U2OS,24,TFC-007,compound,BRD-K57708067-001-01-3,,,3.1584127,-0.6381607
BR00117026,E02,U2OS,24,trihexyphenidyl,compound,BRD-A48180038-003-24-3,,['acetylcholine receptor antagonist'],3.1657739,-0.76534337
BR00117026,E03,U2OS,24,epoprostenol,compound,BRD-K64054020-001-02-7,,,4.563374,-1.7538536
BR00117026,E04,U2OS,24,sacubitril,compound,BRD-K91456750-001-01-9,,,4.323093,-1.9238397
BR00117026,E05,U2OS,24,danusertib,compound,BRD-K07881437-001-03-8,poscon_diverse,"['growth factor receptor inhibitor', 'Aurora kinase inhibitor']",0.83923227,-4.637727
BR00117026,E06,U2OS,24,CYT-997,compound,BRD-K23363278-001-02-1,poscon_diverse,['tubulin polymerization inhibitor'],-2.5504837,-4.405721
BR00117026,E07,U2OS,24,DMSO,compound,,negcon,,4.9599066,-1.6660051
BR00117026,E08,U2OS,24,BQ-788,compound,BRD-K02490038-236-03-8,,['endothelin receptor antagonist'],3.222916,-1.0255558
BR00117026,E09,U2OS,24,SB-202190,compound,BRD-K54330070-001-19-6,poscon_orf,['p38 MAPK inhibitor'],0.3942152,-2.1764612
BR00117026,E10,U2OS,24,GSK2110183,compound,BRD-K25412176-001-01-9,poscon_diverse,,0.10653579,-1.6735549
BR00117026,E11,U2OS,24,GSK3787,compound,BRD-K03155172-001-03-0,,['PPAR receptor antagonist'],2.0479896,-2.1055417
BR00117026,E12,U2OS,24,BAM7,compound,BRD-K07442505-001-03-6,,,1.7774017,-1.3439062
BR00117026,E13,U2OS,24,PHA-793887,compound,BRD-K64800655-001-09-0,poscon_diverse,['CDK inhibitor'],-0.9974648,-4.6548758
BR00117026,E14,U2OS,24,DMSO,compound,,negcon,,4.695564,-1.1115819
BR00117026,E15,U2OS,24,GSK-37647,compound,BRD-K26514105-001-01-7,,['free fatty acid receptor agonist'],1.9671855,-2.0205657
BR00117026,E16,U2OS,24,desonide,compound,BRD-K21528677-001-04-4,,['glucocorticoid receptor agonist'],1.3648899,-2.7325377
BR00117026,E17,U2OS,24,DMSO,compound,,negcon,,4.552086,-0.68217033
BR00117026,E18,U2OS,24,aloxistatin,compound,BRD-K91188791-001-17-5,,,-0.8184719,-0.5331316
BR00117026,E19,U2OS,24,azathioprine,compound,BRD-K32821942-001-22-1,,,2.40668,-1.8169069
BR00117026,E20,U2OS,24,ZK-93423,compound,BRD-K33882852-003-02-8,poscon_diverse,['benzodiazepine receptor agonist'],1.245604,-0.9875328
BR00117026,E21,U2OS,24,BI-2536,compound,BRD-K64890080-001-02-1,poscon_diverse,,-2.0366018,-4.454233
BR00117026,E22,U2OS,24,EI1,compound,BRD-K91535048-001-01-2,poscon_cp,['histone lysine methyltransferase inhibitor'],2.8481221,-1.0845636
BR00117026,E23,U2OS,24,NVP-HSP990,compound,BRD-K67915505-001-01-2,,['HSP inhibitor'],-1.435583,-3.4057908
BR00117026,E24,U2OS,24,DMSO,compound,,negcon,,1.252247,-0.007145301
BR00117026,F01,U2OS,24,DMSO,compound,,negcon,,3.8732448,-0.24291612
BR00117026,F02,U2OS,24,nialamide,compound,BRD-K12102668-001-25-5,,,3.1980999,-0.90930337
BR00117026,F03,U2OS,24,DMSO,compound,,negcon,,4.9052234,-1.6745478
BR00117026,F04,U2OS,24,arundic-acid,compound,BRD-K49223707-001-01-0,,,3.251744,-0.9557244
BR00117026,F05,U2OS,24,torcitabine,compound,BRD-K91822704-003-07-2,,,4.1430135,-1.0742116
BR00117026,F06,U2OS,24,DMSO,compound,,negcon,,4.1897025,-1.0626518
BR00117026,F07,U2OS,24,epothilone-b,compound,BRD-K68164687-001-01-6,,"['microtubule stabilizing agent', 'tubulin polymerization inhibitor']",-1.9214262,-4.1269374
BR00117026,F08,U2OS,24,dyphylline,compound,BRD-A00827783-001-24-6,,['phosphodiesterase inhibitor'],3.6568942,-1.1190394
BR00117026,F09,U2OS,24,DMSO,compound,,negcon,,4.458745,-0.70424926
BR00117026,F10,U2OS,24,quinidine,compound,BRD-K59632282-052-03-1,,['sodium channel blocker'],3.834481,-0.8823581
BR00117026,F11,U2OS,24,halopemide,compound,BRD-K50055394-001-03-6,,,1.0719135,-1.9176466
BR00117026,F12,U2OS,24,sulfinpyrazone,compound,BRD-A36217750-001-16-3,,,3.59421,-1.5364957
BR00117026,F13,U2OS,24,ML-323,compound,BRD-K93942811-001-01-3,poscon_cp,['ubiquitin specific protease inhibitor'],1.3639752,-1.1791426
BR00117026,F14,U2OS,24,racecadotril,compound,BRD-A08187463-001-12-9,,,2.8405015,-1.5776829
BR00117026,F15,U2OS,24,BRL-50481,compound,BRD-K84266862-001-03-2,,['phosphodiesterase inhibitor'],2.148419,-3.5182965
BR00117026,F16,U2OS,24,GSK2110183,compound,BRD-K25412176-001-01-9,poscon_diverse,,0.09467735,-1.7617593
BR00117026,F17,U2OS,24,bufexamac,compound,BRD-K36660044-001-24-2,,['cyclooxygenase inhibitor'],1.7397628,-2.4043536
BR00117026,F18,U2OS,24,anandamide,compound,BRD-K42352790-001-05-3,,,1.424858,-0.8166933
BR00117026,F19,U2OS,24,thioguanine,compound,BRD-K49350383-001-13-7,poscon_diverse,,-0.23034169,-3.5898643
BR00117026,F20,U2OS,24,IWP-L6,compound,BRD-K53234107-001-01-6,,['porcupine inhibitor'],0.7236898,-0.93314755
BR00117026,F21,U2OS,24,edoxaban,compound,BRD-K29322660-001-01-9,,['coagulation factor inhibitor'],2.4035661,-1.3143889
BR00117026,F22,U2OS,24,lonafarnib,compound,BRD-K41599323-001-02-3,poscon_diverse,,-0.3546081,-2.9579992
BR00117026,F23,U2OS,24,ibutamoren,compound,BRD-K44771174-066-01-0,,,0.19281882,-0.7026916
BR00117026,F24,U2OS,24,somatostatin,compound,BRD-K14681867-001-01-6,,['somatostatin receptor agonist'],1.2267059,-0.12905666
BR00117026,G01,U2OS,24,L-proline,compound,BRD-K01666412-001-02-0,,,3.406865,-0.6463445
BR00117026,G02,U2OS,24,zamifenacin,compound,BRD-K80451230-051-02-6,,['acetylcholine receptor antagonist'],3.5333297,-1.097711
BR00117026,G03,U2OS,24,YC-1,compound,BRD-K60476892-001-16-1,,,-1.2032508,-5.3556113
BR00117026,G04,U2OS,24,DMSO,compound,,negcon,,5.0096965,-1.4853671
BR00117026,G05,U2OS,24,ME-0328,compound,BRD-K24283677-001-01-9,,['PPAR receptor antagonist'],1.9648912,-2.47071
BR00117026,G06,U2OS,24,NSC-663284,compound,BRD-K03109492-001-02-2,,['CDC inhibitor'],-1.9095733,-6.818535
BR00117026,G07,U2OS,24,CYM-50358,compound,BRD-K80666802-003-01-0,,,-0.65036756,-0.42745483
BR00117026,G08,U2OS,24,trazodone,compound,BRD-K70778732-003-27-5,,"['adrenergic receptor antagonist', 'serotonin receptor antagonist']",3.8325968,-0.86786014
BR00117026,G09,U2OS,24,DMSO,compound,,negcon,,4.63395,-1.3078136
BR00117026,G10,U2OS,24,DMSO,compound,,negcon,,4.694761,-1.4179478
BR00117026,G11,U2OS,24,sulfasalazine,compound,BRD-K10670311-001-17-1,,['cyclooxygenase inhibitor'],3.0208528,-1.7494322
BR00117026,G12,U2OS,24,"2,5-furandimethanol",compound,BRD-K29791386-001-01-8,,,3.4993346,-1.2723303
BR00117026,G13,U2OS,24,DMSO,compound,,negcon,,4.426316,-0.7643902
BR00117026,G14,U2OS,24,dilazep,compound,BRD-K48722258-300-11-0,,,3.7128727,-1.4623433
BR00117026,G15,U2OS,24,felodipine,compound,BRD-A30815329-001-12-1,,['calcium channel blocker'],2.4307842,-1.5392288
BR00117026,G16,U2OS,24,paliperidone,compound,BRD-A99888680-001-05-3,,"['dopamine receptor antagonist', 'serotonin receptor antagonist']",1.6949093,-0.93290704
BR00117026,G17,U2OS,24,purvalanol-a,compound,BRD-K50836978-001-03-3,poscon_orf,['CDK inhibitor'],0.64832574,-4.0877156
BR00117026,G18,U2OS,24,DMSO,compound,,negcon,,4.9710584,-1.2214118
BR00117026,G19,U2OS,24,Ro-1138452,compound,BRD-K77220725-003-01-5,,['prostanoid receptor antagonist'],2.5830855,-1.005905
BR00117026,G20,U2OS,24,sorbinil,compound,BRD-A89164055-001-03-3,,['aldose reductase inhibitor'],3.94901,-1.852914
BR00117026,G21,U2OS,24,TC-S-7004,compound,BRD-K89517477-001-01-4,poscon_cp,['DYRK inhibitor'],-0.01965659,-3.9214358
BR00117026,G22,U2OS,24,saclofen,compound,BRD-A24122750-001-03-7,,['GABA receptor antagonist'],2.767852,-2.90097
BR00117026,G23,U2OS,24,BAY-87-2243,compound,BRD-K70463136-001-01-5,,,0.74573773,-0.77069974
BR00117026,G24,U2OS,24,ibudilast,compound,BRD-K16444452-001-09-1,,['phosphodiesterase inhibitor'],2.3078854,-0.5840264
BR00117026,H01,U2OS,24,briciclib,compound,BRD-K05531427-001-01-7,,,-2.5438595,-4.461951
BR00117026,H02,U2OS,24,2-Oleoylglycerol,compound,BRD-K77087341-001-02-4,,,3.0550098,-0.8506502
BR00117026,H03,U2OS,24,RGFP966,compound,BRD-K61688984-001-02-9,poscon_cp,['HDAC inhibitor'],0.61375695,-2.9860404
BR00117026,H04,U2OS,24,DMSO,compound,,negcon,,4.4147477,-0.71096677
BR00117026,H05,U2OS,24,azacitidine,compound,BRD-K03406345-001-21-1,poscon_diverse,,0.24268664,-3.1580725
BR00117026,H06,U2OS,24,N6-cyclopentyladenosine,compound,BRD-K60150510-001-15-6,,,2.971793,-2.40247
BR00117026,H07,U2OS,24,filgotinib,compound,BRD-K16803204-001-01-6,poscon_cp,['JAK inhibitor'],1.1409842,-2.6633084
BR00117026,H08,U2OS,24,guanidine,compound,BRD-K76037122-001-02-5,,['HSP inhibitor'],3.9839084,-1.0509194
BR00117026,H09,U2OS,24,coumarin,compound,BRD-K23913458-001-20-7,,,3.07556,-1.4290228
BR00117026,H10,U2OS,24,DMSO,compound,,negcon,,4.310282,-0.6939179
BR00117026,H11,U2OS,24,ZM-336372,compound,BRD-K73789395-001-09-9,poscon_orf,['RAF inhibitor'],2.396156,-0.8260647
BR00117026,H12,U2OS,24,citric-acid,compound,BRD-K76792669-001-08-1,,['coagulation factor inhibitor'],2.17475,-3.5421448
BR00117026,H13,U2OS,24,DMSO,compound,,negcon,,4.3127103,-0.87678313
BR00117026,H14,U2OS,24,CCG-63802,compound,BRD-K26970495-001-02-7,,['G protein signaling inhibitor'],1.7005067,-1.7860076
BR00117026,H15,U2OS,24,ibutilide,compound,BRD-A74391928-051-03-9,,['potassium channel blocker'],3.816605,-1.2666812
BR00117026,H16,U2OS,24,batimastat,compound,BRD-K82818427-001-04-8,,['matrix metalloprotease inhibitor'],0.41969803,-2.699457
BR00117026,H17,U2OS,24,DMSO,compound,,negcon,,4.685591,-0.85616416
BR00117026,H18,U2OS,24,DMSO,compound,,negcon,,4.873988,-1.0310698
BR00117026,H19,U2OS,24,UNC1999,compound,BRD-K26989966-001-04-3,poscon_cp,['histone lysine methyltransferase inhibitor'],-2.3280456,-5.623757
BR00117026,H20,U2OS,24,glutamine-(l),compound,BRD-K83896451-001-06-7,,,3.8569214,-1.2235382
BR00117026,H21,U2OS,24,PD-98059,compound,BRD-K62810658-001-11-4,poscon_orf,,3.245684,-1.9415889
BR00117026,H22,U2OS,24,enilconazole,compound,BRD-K01825690-065-01-9,,,2.2419689,-1.8741466
BR00117026,H23,U2OS,24,N-alpha-Methylhistamine-dihydrochloride,compound,BRD-K75390981-300-04-9,,['histamine receptor agonist'],2.3158007,-1.6438162
BR00117026,H24,U2OS,24,GK921,compound,BRD-K38272302-001-02-7,,,-0.4885923,-4.5428433
BR00117026,I01,U2OS,24,nilvadipine,compound,BRD-A84687895-001-03-2,,['calcium channel blocker'],2.4837565,-1.3927861
BR00117026,I02,U2OS,24,DMSO,compound,,negcon,,4.8279667,-0.9244902
BR00117026,I03,U2OS,24,AC-710,compound,BRD-K15819326-001-01-6,,['PDGFR tyrosine kinase receptor inhibitor'],-1.3313253,-0.78542393
BR00117026,I04,U2OS,24,PETCM,compound,BRD-A93477898-001-04-2,,,3.918341,-1.5586914
BR00117026,I05,U2OS,24,AZD7762,compound,BRD-K86525559-001-07-8,poscon_diverse,['CHK inhibitor'],-2.0135658,-6.5983396
BR00117026,I06,U2OS,24,PHA-793887,compound,BRD-K64800655-001-09-0,poscon_diverse,['CDK inhibitor'],-0.90466833,-4.5659437
BR00117026,I07,U2OS,24,KU-60019,compound,BRD-K36016295-001-05-2,,['ATM kinase inhibitor'],-0.2863167,-4.39418
BR00117026,I08,U2OS,24,nafamostat,compound,BRD-K06674495-334-04-0,,,0.7329217,-1.7893655
BR00117026,I09,U2OS,24,DMSO,compound,,negcon,,4.40141,-0.7244303
BR00117026,I10,U2OS,24,DMSO,compound,,negcon,,4.341667,-0.7379226
BR00117026,I11,U2OS,24,taladegib,compound,BRD-K50498985-001-03-3,,['smoothened receptor antagonist'],1.9846101,-2.0260801
BR00117026,I12,U2OS,24,acetohexamide,compound,BRD-K52960356-001-13-0,,['ATP channel blocker'],3.0833163,-1.4912509
BR00117026,I13,U2OS,24,minocycline,compound,BRD-A69651145-003-11-4,,,0.50594026,-2.6424863
BR00117026,I14,U2OS,24,BI-2536,compound,BRD-K64890080-001-02-1,poscon_diverse,,-2.0430305,-4.4834924
BR00117026,I15,U2OS,24,riociguat,compound,BRD-K84783599-001-01-0,,,2.2086332,-2.0904992
BR00117026,I16,U2OS,24,CP-724714,compound,BRD-K76908866-001-07-6,poscon_cp,"['EGFR inhibitor', 'protein tyrosine kinase inhibitor']",1.0076894,-0.9643131
BR00117026,I17,U2OS,24,ganetespib,compound,BRD-K38852836-001-04-9,poscon_diverse,['HSP inhibitor'],-1.3172112,-3.3958378
BR00117026,I18,U2OS,24,AZ191,compound,BRD-K80935598-001-01-1,poscon_cp,['DYRK inhibitor'],-1.1982226,-1.6996455
BR00117026,I19,U2OS,24,BAX-channel-blocker,compound,BRD-A18763547-300-06-3,,,-1.4234297,-1.8351394
BR00117026,I20,U2OS,24,SU3327,compound,BRD-K32730239-001-01-0,,['JNK inhibitor'],-2.098398,-6.5040174
BR00117026,I21,U2OS,24,DMSO,compound,,negcon,,4.5941887,-0.9528848
BR00117026,I22,U2OS,24,DMSO,compound,,negcon,,3.9621377,-1.4129686
BR00117026,I23,U2OS,24,octreotide,compound,BRD-A64173453-015-03-1,,['somatostatin receptor agonist'],2.9250093,-1.0151954
BR00117026,I24,U2OS,24,1-octanol,compound,BRD-K09338665-001-08-9,,,1.4032336,-0.19579071
BR00117026,J01,U2OS,24,acalabrutinib,compound,BRD-K64034691-001-01-9,,"[""Bruton's tyrosine kinase (BTK) inhibitor""]",3.1552129,0.078457706
BR00117026,J02,U2OS,24,rifamycin,compound,BRD-K38512030-001-01-7,,,3.1695065,-1.4595542
BR00117026,J03,U2OS,24,pazopanib,compound,BRD-K74514084-003-09-2,,"['KIT inhibitor', 'VEGFR inhibitor', 'PDGFR tyrosine kinase receptor inhibitor']",0.26424178,-2.5909798
BR00117026,J04,U2OS,24,RKI-1447,compound,BRD-K19333160-001-01-3,poscon_cp,,-0.24067491,-1.6648686
BR00117026,J05,U2OS,24,vitamin-E,compound,BRD-K97091514-001-11-4,,['PKC inhibitor'],3.7562606,-1.5400869
BR00117026,J06,U2OS,24,lonafarnib,compound,BRD-K41599323-001-02-3,poscon_diverse,,-0.17436342,-3.0244327
BR00117026,J07,U2OS,24,ethyl-pyruvate,compound,BRD-K47738867-001-01-5,,,1.8284919,-1.6928903
BR00117026,J08,U2OS,24,picrotin,compound,BRD-A91822151-001-05-0,,['GABA receptor antagonist'],3.5825696,-1.701614
BR00117026,J09,U2OS,24,SGX523,compound,BRD-K19477839-001-07-6,poscon_cp,,2.2012064,-2.2710402
BR00117026,J10,U2OS,24,PP-2,compound,BRD-K95785537-001-22-3,,['src inhibitor'],-0.697968,-2.8253615
BR00117026,J11,U2OS,24,ME-0328,compound,BRD-A63444178-001-01-5,,['PPAR receptor antagonist'],3.5784352,-0.9165983
BR00117026,J12,U2OS,24,AZD9668,compound,BRD-K31476763-001-01-5,,['elastase inhibitor'],1.4069357,-2.8795955
BR00117026,J13,U2OS,24,NQDI-1,compound,BRD-K61918008-001-07-1,,,1.0810304,-1.5468625
BR00117026,J14,U2OS,24,DMSO,compound,,negcon,,4.5432982,-0.70770425
BR00117026,J15,U2OS,24,carzenide,compound,BRD-K09295674-001-09-8,,,1.9577594,-3.3912303
BR00117026,J16,U2OS,24,KU-55933,compound,BRD-K25311561-001-10-7,,['ATM kinase inhibitor'],0.3550025,-3.5746536
BR00117026,J17,U2OS,24,NVP-AEW541,compound,BRD-K24696047-001-02-3,poscon_cp,['IGF-1 inhibitor'],-0.64303386,-1.0025866
BR00117026,J18,U2OS,24,leflunomide,compound,BRD-K78692225-001-24-5,,['PDGFR tyrosine kinase receptor inhibitor'],2.7391524,-1.2077192
BR00117026,J19,U2OS,24,DMSO,compound,,negcon,,4.489471,-0.7099844
BR00117026,J20,U2OS,24,azacitidine,compound,BRD-K03406345-001-21-1,poscon_diverse,,0.47584054,-2.971312
BR00117026,J21,U2OS,24,ixabepilone,compound,BRD-K03601870-001-01-2,,['microtubule stabilizing agent'],-2.2028627,-4.380485
BR00117026,J22,U2OS,24,KH-CB19,compound,BRD-K66430217-001-03-8,poscon_cp,['CDC inhibitor'],3.9821346,-1.4992951
BR00117026,J23,U2OS,24,DMSO,compound,,negcon,,4.352448,-0.95266396
BR00117026,J24,U2OS,24,PF-05190457,compound,BRD-K02554563-001-01-6,,,0.56674486,-0.27167094
BR00117026,K01,U2OS,24,LDN-212854,compound,BRD-K59831625-001-03-9,,,-1.7477872,-6.4042125
BR00117026,K02,U2OS,24,formononetin,compound,BRD-K55567017-001-12-3,,['alcohol dehydrogenase inhibitor'],3.643458,-1.2134442
BR00117026,K03,U2OS,24,aminopurvalanol-a,compound,BRD-K07762753-001-05-1,poscon_orf,['CDK inhibitor'],0.38076493,-3.9462748
BR00117026,K04,U2OS,24,ruxolitinib,compound,BRD-K53972329-001-01-3,poscon_cp,['JAK inhibitor'],0.6064185,-2.3040051
BR00117026,K05,U2OS,24,DMSO,compound,,negcon,,4.4530916,-1.7271637
BR00117026,K06,U2OS,24,DMSO,compound,,negcon,,4.297919,-1.9069102
BR00117026,K07,U2OS,24,LGK-974,compound,BRD-K16810791-001-01-0,,['porcupine inhibitor'],3.3427403,-2.2298265
BR00117026,K08,U2OS,24,polydatin,compound,BRD-K43236057-001-07-1,,['ICAM1 expression inhibitor'],-0.96171725,-3.6227674
BR00117026,K09,U2OS,24,enflurane,compound,BRD-A51831848-001-01-7,,,3.6672363,-1.8180267
BR00117026,K10,U2OS,24,PFI-1,compound,BRD-K13094524-001-04-2,poscon_cp,,4.3440013,-1.7336036
BR00117026,K11,U2OS,24,AZD7762,compound,BRD-K86525559-001-07-8,poscon_diverse,['CHK inhibitor'],-2.132554,-6.7620955
BR00117026,K12,U2OS,24,sotrastaurin,compound,BRD-K16761703-001-03-8,,['PKC inhibitor'],0.34661812,-2.0652924
BR00117026,K13,U2OS,24,DMSO,compound,,negcon,,4.8363347,-1.2086378
BR00117026,K14,U2OS,24,cycloheximide,compound,BRD-K36055864-001-20-0,,['protein synthesis inhibitor'],-0.3806037,-4.195366
BR00117026,K15,U2OS,24,oxytocin,compound,BRD-K25243230-001-01-2,,,3.9292924,-0.8639838
BR00117026,K16,U2OS,24,DMSO,compound,,negcon,,4.4355273,-1.264918
BR00117026,K17,U2OS,24,colchicine,compound,BRD-K00259736-001-16-4,,,-2.5887413,-4.4718256
BR00117026,K18,U2OS,24,afimoxifene,compound,BRD-K04210847-001-21-9,,,2.9376016,-0.9980957
BR00117026,K19,U2OS,24,DMSO,compound,,negcon,,4.771981,-1.8753812
BR00117026,K20,U2OS,24,ZK-93423,compound,BRD-K33882852-003-02-8,poscon_diverse,['benzodiazepine receptor agonist'],1.3388656,-0.8611172
BR00117026,K21,U2OS,24,RGB-286638,compound,BRD-K20986415-001-02-6,,['CDK inhibitor'],-0.744101,-4.857054
BR00117026,K22,U2OS,24,FPS-ZM1,compound,BRD-K87691185-001-01-2,,['RAGE receptor antagonist'],0.6071996,-1.419598
BR00117026,K23,U2OS,24,flindokalner,compound,BRD-K56740996-001-02-1,,,2.794394,-1.1930798
BR00117026,K24,U2OS,24,motesanib,compound,BRD-K99616396-316-05-3,,"['KIT inhibitor', 'VEGFR inhibitor', 'PDGFR tyrosine kinase receptor inhibitor']",0.6674373,-0.8397203
BR00117026,L01,U2OS,24,geldanamycin,compound,BRD-K43570081-001-02-4,,['HSP inhibitor'],-1.3813289,-3.4871237
BR00117026,L02,U2OS,24,DMSO,compound,,negcon,,4.0688443,-0.17914706
BR00117026,L03,U2OS,24,CGP-53353,compound,BRD-K32292990-001-03-6,,"['PKC inhibitor', 'EGFR inhibitor']",2.6071923,-0.5698089
BR00117026,L04,U2OS,24,7-hydroxystaurosporine,compound,BRD-K45293975-001-02-0,,"['CDK inhibitor', 'PKC inhibitor', 'CHK inhibitor']",-2.2384639,-6.57356
BR00117026,L05,U2OS,24,DMSO,compound,,negcon,,4.2355666,-0.51901054
BR00117026,L06,U2OS,24,DMSO,compound,,negcon,,4.5853915,-1.0806842
BR00117026,L07,U2OS,24,efaproxiral,compound,BRD-K37355418-236-01-6,,,3.3600607,-2.117701
BR00117026,L08,U2OS,24,SB-203580,compound,BRD-A37704979-001-12-3,poscon_orf,['p38 MAPK inhibitor'],-0.06416052,-2.2672348
BR00117026,L09,U2OS,24,FK-866,compound,BRD-K58550667-001-08-7,poscon_diverse,,2.5352962,-1.2420563
BR00117026,L10,U2OS,24,bepridil,compound,BRD-A91008255-003-24-8,,['calcium channel blocker'],0.79119873,-1.1911795
BR00117026,L11,U2OS,24,delanzomib,compound,BRD-K59325863-001-04-4,,,-2.2380705,-6.5739694
BR00117026,L12,U2OS,24,buparlisib,compound,BRD-K42191735-001-08-7,poscon_diverse,,-2.3692052,-4.471366
BR00117026,L13,U2OS,24,phenylbutazone,compound,BRD-K10843433-001-23-5,,"['cyclooxygenase inhibitor', 'prostanoid receptor antagonist']",3.347906,-0.4032029
BR00117026,L14,U2OS,24,deferasirox,compound,BRD-K97010173-001-04-1,,,1.687251,-3.4668303
BR00117026,L15,U2OS,24,DMSO,compound,,negcon,,4.4255056,-0.47307765
BR00117026,L16,U2OS,24,cediranib,compound,BRD-K86930074-001-05-0,,"['KIT inhibitor', 'VEGFR inhibitor']",-1.2444189,-1.4819243
BR00117026,L17,U2OS,24,isoflurane,compound,BRD-A31564021-001-02-6,,,2.4816186,-2.5045824
BR00117026,L18,U2OS,24,DMSO,compound,,negcon,,4.538952,-1.2350034
BR00117026,L19,U2OS,24,CCG-50014,compound,BRD-K08893438-001-06-4,,['G protein signaling inhibitor'],-1.9237417,-6.169832
BR00117026,L20,U2OS,24,PF-431396,compound,BRD-K93788137-001-04-1,,,0.74783504,-4.7989254
BR00117026,L21,U2OS,24,TG-02,compound,BRD-K14560436-001-01-4,,"['CDK inhibitor', 'FLT3 inhibitor', 'JAK inhibitor']",-0.9268285,-4.6511683
BR00117026,L22,U2OS,24,baclofen,compound,BRD-K01826724-003-07-9,,['benzodiazepine receptor agonist'],2.3262608,-1.9746327
BR00117026,L23,U2OS,24,thiostrepton,compound,BRD-A20697603-001-07-2,,['protein synthesis inhibitor'],-0.20330004,-3.8074086
BR00117026,L24,U2OS,24,flufenamic-acid,compound,BRD-K44067360-001-29-5,,,1.0877166,-0.18256135
BR00117026,M01,U2OS,24,DMSO,compound,,negcon,,3.9404578,-0.19968446
BR00117026,M02,U2OS,24,LY2109761,compound,BRD-K47557313-001-02-7,,,-0.13816728,-2.3559914
BR00117026,M03,U2OS,24,olopatadine,compound,BRD-K67637637-003-11-8,,['histamine receptor antagonist'],3.8278902,-1.7725405
BR00117026,M04,U2OS,24,DMSO,compound,,negcon,,4.9646497,-1.5397084
BR00117026,M05,U2OS,24,castanospermine,compound,BRD-K20897876-001-11-8,,['glucosidase inhibitor'],3.7994184,-1.6352506
BR00117026,M06,U2OS,24,A205804,compound,BRD-K77627880-001-04-0,,['ICAM1 expression inhibitor'],1.600415,-3.5429122
BR00117026,M07,U2OS,24,VU591,compound,BRD-K72063794-003-01-0,,['potassium channel blocker'],2.7219427,-2.3530216
BR00117026,M08,U2OS,24,dalbavancin,compound,BRD-K30177383-001-01-0,,['bacterial cell wall synthesis inhibitor'],3.1402419,-2.1387455
BR00117026,M09,U2OS,24,CC-401,compound,BRD-K45746021-003-01-9,,['JNK inhibitor'],0.4406391,-2.2384665
BR00117026,M10,U2OS,24,ganetespib,compound,BRD-K38852836-001-04-9,poscon_diverse,['HSP inhibitor'],-1.3455858,-3.3335826
BR00117026,M11,U2OS,24,ingenol-mebutate,compound,BRD-K93779381-001-01-9,,,0.30961862,-1.2811364
BR00117026,M12,U2OS,24,menadione,compound,BRD-K78126613-001-27-7,,,0.752342,-3.5109897
BR00117026,M13,U2OS,24,cetilistat,compound,BRD-K94863486-001-02-2,,,2.4777076,-1.9881451
BR00117026,M14,U2OS,24,methoxsalen,compound,BRD-K63430059-001-16-4,,['DNA synthesis inhibitor'],3.9107285,-1.6008492
BR00117026,M15,U2OS,24,cyclosporine,compound,BRD-K13533483-001-16-2,,,-0.08907516,-3.2593348
BR00117026,M16,U2OS,24,NSC-632839,compound,BRD-K81197548-003-01-4,poscon_cp,['ubiquitin specific protease inhibitor'],-2.2473578,-6.5275445
BR00117026,M17,U2OS,24,DMSO,compound,,negcon,,5.0326815,-1.4682032
BR00117026,M18,U2OS,24,TG-003,compound,BRD-K97072811-001-11-4,poscon_cp,,3.3863025,-2.3895566
BR00117026,M19,U2OS,24,oxibendazole,compound,BRD-K52075715-001-06-7,,['tubulin polymerization inhibitor'],-2.4798803,-4.4031043
BR00117026,M20,U2OS,24,TG-101348,compound,BRD-K12502280-001-11-4,poscon_cp,"['JAK inhibitor', 'FLT3 inhibitor']",-2.5700254,-5.180156
BR00117026,M21,U2OS,24,miglitol,compound,BRD-A63310107-001-04-8,,['glucosidase inhibitor'],2.8107967,-1.6347415
BR00117026,M22,U2OS,24,DMSO,compound,,negcon,,5.063677,-1.4188894
BR00117026,M23,U2OS,24,DMSO,compound,,negcon,,4.3634152,-1.3215656
BR00117026,M24,U2OS,24,tranilast,compound,BRD-K17849083-001-32-9,,,1.5840694,-0.5976376
BR00117026,N01,U2OS,24,4-methylhistamine,compound,BRD-K70821460-300-02-4,,['histamine receptor agonist'],2.9101982,0.2956045
BR00117026,N02,U2OS,24,LDN-27219,compound,BRD-K51485109-001-01-4,,,2.4264128,-1.5814236
BR00117026,N03,U2OS,24,anisomycin,compound,BRD-K91370081-001-25-1,,['DNA synthesis inhibitor'],-1.7821037,-5.67353
BR00117026,N04,U2OS,24,thioguanine,compound,BRD-K49350383-001-13-7,poscon_diverse,,-0.23347192,-3.6201406
BR00117026,N05,U2OS,24,droxinostat,compound,BRD-K11558771-001-13-9,,['HDAC inhibitor'],1.5687671,-2.5649004
BR00117026,N06,U2OS,24,UNC2025,compound,BRD-K91283740-003-01-6,poscon_cp,['FLT3 inhibitor'],-1.1775371,-3.6853514
BR00117026,N07,U2OS,24,DMSO,compound,,negcon,,4.6034636,-1.9247595
BR00117026,N08,U2OS,24,DMSO,compound,,negcon,,4.06558,-0.7584864
BR00117026,N09,U2OS,24,AMG900,compound,BRD-K21728777-001-02-3,poscon_cp,['Aurora kinase inhibitor'],0.86685133,-4.8237023
BR00117026,N10,U2OS,24,PF-06463922,compound,BRD-A23124853-001-01-4,,['ALK tyrosine kinase receptor inhibitor'],-0.17540123,-2.3231568
BR00117026,N11,U2OS,24,orantinib,compound,BRD-K55966568-001-09-6,poscon_cp,"['FGFR inhibitor', 'PDGFR tyrosine kinase receptor inhibitor', 'VEGFR inhibitor']",1.207512,-2.979307
BR00117026,N12,U2OS,24,fludarabine-phosphate,compound,BRD-K71106091-001-09-5,,['ribonucleotide reductase inhibitor'],1.1517211,-4.349162
BR00117026,N13,U2OS,24,ceritinib,compound,BRD-K22149900-001-06-2,,['ALK tyrosine kinase receptor inhibitor'],-0.1873374,-1.089777
BR00117026,N14,U2OS,24,NVS-PAK1-1,compound,BRD-K28132190-001-02-0,poscon_cp,['p21 activated kinase inhibitor'],-0.82606,-2.2997615
BR00117026,N15,U2OS,24,homoharringtonine,compound,BRD-K76674262-001-03-3,,['protein synthesis inhibitor'],-1.6115037,-5.55644
BR00117026,N16,U2OS,24,picrotoxinin,compound,BRD-K36461289-001-05-8,,['GABA receptor antagonist'],2.3560677,-2.9314198
BR00117026,N17,U2OS,24,DMSO,compound,,negcon,,5.049875,-1.2985209
BR00117026,N18,U2OS,24,danusertib,compound,BRD-K07881437-001-03-8,poscon_diverse,"['growth factor receptor inhibitor', 'Aurora kinase inhibitor']",0.75038713,-4.6524377
BR00117026,N19,U2OS,24,romidepsin,compound,BRD-K61397605-001-01-8,poscon_cp,['HDAC inhibitor'],-2.1221528,-5.983621
BR00117026,N20,U2OS,24,FERb-033,compound,BRD-K61642990-001-01-0,poscon_cp,['EGFR inhibitor'],1.2906512,-0.5074358
BR00117026,N21,U2OS,24,PF-03758309,compound,BRD-K37764012-001-03-3,poscon_diverse,['p21 activated kinase inhibitor'],-0.638587,-4.503491
BR00117026,N22,U2OS,24,DMSO,compound,,negcon,,4.9802694,-1.1003234
BR00117026,N23,U2OS,24,trometamol,compound,BRD-K47978074-001-03-2,,,3.0689929,-1.2882171
BR00117026,N24,U2OS,24,simvastatin,compound,BRD-K22134346-001-22-3,,['HMGCR inhibitor'],-0.70627826,-2.0672457
BR00117026,O01,U2OS,24,zaprinast,compound,BRD-K16542329-001-16-8,,['phosphodiesterase inhibitor'],2.6320553,0.66469395
BR00117026,O02,U2OS,24,dexamethasone,compound,BRD-A10188456-001-04-9,,['glucocorticoid receptor agonist'],2.0228086,-2.4536576
BR00117026,O03,U2OS,24,salicylic-acid,compound,BRD-K93632104-001-17-2,,['cyclooxygenase inhibitor'],4.4939466,-1.8532487
BR00117026,O04,U2OS,24,diltiazem,compound,BRD-A69636825-003-04-7,,['calcium channel blocker'],2.8123348,-0.9903256
BR00117026,O05,U2OS,24,phenolphthalein,compound,BRD-K19227686-001-18-6,,,2.887627,-1.417344
BR00117026,O06,U2OS,24,niflumic-acid,compound,BRD-K98763141-001-30-8,,['cyclooxygenase inhibitor'],3.9902668,-1.476097
BR00117026,O07,U2OS,24,DMSO,compound,,negcon,,4.711343,-1.5866648
BR00117026,O08,U2OS,24,L-Cystine,compound,BRD-A15397381-001-02-5,,,2.0210009,-1.0783266
BR00117026,O09,U2OS,24,ozanimod,compound,BRD-K46625559-001-01-8,,['sphingosine 1 phosphate receptor agonist'],-0.5721135,-0.68455756
BR00117026,O10,U2OS,24,efaroxan,compound,BRD-A10739734-003-09-8,,['adrenergic receptor antagonist'],2.4188,-1.5689794
BR00117026,O11,U2OS,24,NBQX,compound,BRD-K11796549-001-05-2,,['glutamate receptor antagonist'],2.2519855,-0.95754826
BR00117026,O12,U2OS,24,dinoprostone,compound,BRD-K26521938-001-07-2,,['prostanoid receptor agonist'],1.3222994,-1.9715444
BR00117026,O13,U2OS,24,Ro-20-1724,compound,BRD-A07207424-001-14-0,,['phosphodiesterase inhibitor'],3.1704412,-2.0455933
BR00117026,O14,U2OS,24,xanomeline,compound,BRD-K72815923-034-02-0,,['acetylcholine receptor agonist'],3.0184076,-0.9397606
BR00117026,O15,U2OS,24,terazosin,compound,BRD-K01825589-310-02-9,,['adrenergic receptor antagonist'],1.9869107,-3.3942528
BR00117026,O16,U2OS,24,BVT-948,compound,BRD-K68567222-001-01-2,,,-0.21852987,-4.9543905
BR00117026,O17,U2OS,24,nicotine,compound,BRD-K01825660-322-01-9,,['acetylcholine receptor agonist'],2.470369,-0.22242628
BR00117026,O18,U2OS,24,DMSO,compound,,negcon,,5.203426,-1.6561825
BR00117026,O19,U2OS,24,U-0521,compound,BRD-K08953028-001-09-6,,,1.4979688,-1.9558226
BR00117026,O20,U2OS,24,BMS-587101,compound,BRD-K20093108-001-02-3,,,1.8368831,-1.4282999
BR00117026,O21,U2OS,24,nimodipine,compound,BRD-A58048407-001-20-4,,['calcium channel blocker'],1.2131181,-0.6647256
BR00117026,O22,U2OS,24,pyrrolidine-dithiocarbamate,compound,BRD-K80970344-201-08-6,,,-1.5153381,-5.080545
BR00117026,O23,U2OS,24,PF-915275,compound,BRD-K18289362-001-02-2,,,2.1734383,-1.1353996
BR00117026,O24,U2OS,24,JTE-013,compound,BRD-K43330982-001-02-3,,,0.8115013,0.014518429
BR00117026,P01,U2OS,24,sodium-butyrate,compound,BRD-K05878375-236-05-7,,['HDAC inhibitor'],2.487344,0.67503405
BR00117026,P02,U2OS,24,pentostatin,compound,BRD-K91543828-001-02-0,,['ribonucleotide reductase inhibitor'],2.6681178,0.6020173
BR00117026,P03,U2OS,24,OMDM-2,compound,BRD-K48830578-001-01-9,,,1.8678143,0.091577984
BR00117026,P04,U2OS,24,nalmefene,compound,BRD-A72767275-003-01-6,,,2.4869835,0.4843889
BR00117026,P05,U2OS,24,DMSO,compound,,negcon,,2.9611814,0.26110807
BR00117026,P06,U2OS,24,1-EBIO,compound,BRD-K70586315-001-02-4,,,2.8417559,0.23262526
BR00117026,P07,U2OS,24,SB-505124,compound,BRD-K40109029-001-02-9,,['ALK tyrosine kinase receptor inhibitor'],0.55160254,-2.9212286
BR00117026,P08,U2OS,24,prasugrel,compound,BRD-A83029242-001-06-1,,['purinergic receptor antagonist'],1.9896724,0.24585508
BR00117026,P09,U2OS,24,pidolic-acid,compound,BRD-K57313110-001-06-8,,,2.7268336,0.24761592
BR00117026,P10,U2OS,24,DMSO,compound,,negcon,,3.0364237,0.11352636
BR00117026,P11,U2OS,24,nevirapine,compound,BRD-K15502390-001-20-9,,,2.5507438,0.23908153
BR00117026,P12,U2OS,24,triamterene,compound,BRD-K92049597-001-20-8,,['sodium channel blocker'],2.258337,0.3444779
BR00117026,P13,U2OS,24,regorafenib,compound,BRD-K16730910-001-07-3,,"['PDGFR tyrosine kinase receptor inhibitor', 'RAF inhibitor', 'KIT inhibitor', 'RET tyrosine kinase inhibitor', 'FGFR inhibitor', 'VEGFR inhibitor']",0.4217395,-1.3531492
BR00117026,P14,U2OS,24,cyclophosphamide,compound,BRD-A09722536-002-18-0,,,2.0724142,0.20754813
BR00117026,P15,U2OS,24,olanzapine,compound,BRD-K18895904-001-16-1,,"['dopamine receptor antagonist', 'serotonin receptor antagonist']",-0.31585193,-0.32022005
BR00117026,P16,U2OS,24,KI-16425,compound,BRD-A25569250-001-03-3,,['lysophosphatidic acid receptor antagonist'],2.5957057,0.21142268
BR00117026,P17,U2OS,24,SKLB1002,compound,BRD-K29895144-001-01-0,,['VEGFR inhibitor'],1.6682826,0.33683977
BR00117026,P18,U2OS,24,cilostazol,compound,BRD-K67017579-001-28-1,,['phosphodiesterase inhibitor'],1.7169787,0.103636764
BR00117026,P19,U2OS,24,AZD1283,compound,BRD-K77060810-001-01-5,,['purinergic receptor antagonist'],2.1015663,0.05594181
BR00117026,P20,U2OS,24,A-987306,compound,BRD-K68982262-001-01-4,,['histamine receptor antagonist'],-0.6394184,-0.32009563
BR00117026,P21,U2OS,24,procaine,compound,BRD-K24616672-003-20-1,,['HMGCR inhibitor'],1.8146963,-0.14540012
BR00117026,P22,U2OS,24,miconazole,compound,BRD-A82396632-008-30-8,,['bacterial cell wall synthesis inhibitor'],1.4245135,-0.2862523
BR00117026,P23,U2OS,24,loperamide,compound,BRD-K61250553-003-30-6,,,-0.18439789,-0.27426103
BR00117026,P24,U2OS,24,aripiprazole,compound,BRD-K70358946-001-17-3,,['serotonin receptor antagonist'],0.133913,0.05936523
