plate,well,cell_type,timepoint,compound,perturbation,broad_sample,control_type,moas,umap_1,umap_2
BR00117010,A01,U2OS,48,gabapentin-enacarbil,compound,BRD-A86665761-001-01-1,,,-6.209902,-0.71670187
BR00117010,A02,U2OS,48,DMSO,compound,,negcon,,-6.605345,-1.0269655
BR00117010,A03,U2OS,48,amlodipine,compound,BRD-A22032524-074-09-9,,['calcium channel blocker'],-1.2710272,1.8540382
BR00117010,A04,U2OS,48,hexestrol,compound,BRD-A01078468-001-14-8,,,-6.6983585,-0.68055815
BR00117010,A05,U2OS,48,quinine,compound,BRD-K48278478-001-01-2,,,-5.9053736,-0.7383416
BR00117010,A06,U2OS,48,LOXO-101,compound,BRD-K36574127-001-01-3,,,-5.929207,-0.9002376
BR00117010,A07,U2OS,48,brinzolamide,compound,BRD-K74913225-001-14-0,,['carbonic anhydrase inhibitor'],-6.4454165,-0.8680739
BR00117010,A08,U2OS,48,NS-11021,compound,BRD-K94342292-001-01-3,,['calcium-activated potassium channel activator'],-3.336034,2.6150467
BR00117010,A09,U2OS,48,DMSO,compound,,negcon,,-6.559999,-0.90304124
BR00117010,A10,U2OS,48,GNF-5837,compound,BRD-K19975102-001-01-2,,['growth factor receptor inhibitor'],-4.076716,0.8647111
BR00117010,A11,U2OS,48,apatinib,compound,BRD-K25244359-066-02-6,,['RET tyrosine kinase inhibitor'],-5.283582,1.5067241
BR00117010,A12,U2OS,48,ethoxzolamide,compound,BRD-K18131774-001-18-4,,['carbonic anhydrase inhibitor'],-6.4370193,-0.49145046
BR00117010,A13,U2OS,48,ascorbic-acid,compound,BRD-A85242401-001-11-5,,,-2.824993,0.55949026
BR00117010,A14,U2OS,48,ryuvidine,compound,BRD-K06426971-001-02-7,,['histone lysine methyltransferase inhibitor'],0.5498822,4.473972
BR00117010,A15,U2OS,48,BAN-ORL-24,compound,BRD-K47049295-300-03-1,,,-0.74514496,1.853321
BR00117010,A16,U2OS,48,NNC-55-0396,compound,BRD-K78122587-300-04-3,,,-4.5860505,2.9119725
BR00117010,A17,U2OS,48,DMSO,compound,,negcon,,-6.5367985,-1.7153826
BR00117010,A18,U2OS,48,WH-4-023,compound,BRD-K50199947-001-03-4,,['src inhibitor'],-2.3110347,2.1205988
BR00117010,A19,U2OS,48,flupirtine,compound,BRD-K50720187-051-03-1,,['glutamate receptor antagonist'],-3.058559,0.7908459
BR00117010,A20,U2OS,48,ZK811752,compound,BRD-K91825936-001-03-9,,,-3.2575684,0.6187103
BR00117010,A21,U2OS,48,dexamethasone,compound,BRD-K38775274-001-22-1,,['glucocorticoid receptor agonist'],-3.9315677,1.2789328
BR00117010,A22,U2OS,48,PP-1,compound,BRD-K47598052-001-14-1,,['src inhibitor'],-2.5877995,1.7621032
BR00117010,A23,U2OS,48,DDR1-IN-1,compound,BRD-K61845293-300-01-9,,,-5.098436,2.638788
BR00117010,A24,U2OS,48,AVL-292,compound,BRD-K87782578-001-01-4,,"[""Bruton's tyrosine kinase (BTK) inhibitor""]",-2.0401785,2.3645787
BR00117010,B01,U2OS,48,H2L-5765834,compound,BRD-K26439554-001-01-3,,['lysophosphatidic acid receptor antagonist'],-5.055819,0.0275024
BR00117010,B02,U2OS,48,thiostrepton,compound,BRD-K58049875-001-03-9,,['protein synthesis inhibitor'],-0.066898786,4.6088724
BR00117010,B03,U2OS,48,DMSO,compound,,negcon,,-6.4646187,-2.1934063
BR00117010,B04,U2OS,48,arcyriaflavin-a,compound,BRD-K72726508-001-02-1,,['CDK inhibitor'],-2.6680717,2.2346454
BR00117010,B05,U2OS,48,CYM-5520,compound,BRD-K29151923-001-01-5,,['sphingosine 1 phosphate receptor agonist'],-4.698377,-0.0007100201
BR00117010,B06,U2OS,48,fludarabine,compound,BRD-K66788707-001-14-3,,['ribonucleotide reductase inhibitor'],-1.7731547,-0.28110614
BR00117010,B07,U2OS,48,alda-1,compound,BRD-K06890060-001-09-1,,,-5.4496155,-1.4482774
BR00117010,B08,U2OS,48,meclofenamic-acid,compound,BRD-K50398167-236-22-7,,"['cyclooxygenase inhibitor', 'prostanoid receptor antagonist']",-4.911113,-0.14395425
BR00117010,B09,U2OS,48,GNF-5,compound,BRD-K87632963-001-03-0,,['Bcr-Abl kinase inhibitor'],-4.000429,0.5759808
BR00117010,B10,U2OS,48,NS-309,compound,BRD-K37602296-001-01-6,,['calcium-activated potassium channel activator'],-4.510579,0.21265735
BR00117010,B11,U2OS,48,AK-7,compound,BRD-K09143580-001-01-0,,['SIRT inhibitor'],-4.2710037,0.30960977
BR00117010,B12,U2OS,48,BVT-948,compound,BRD-A22713669-001-04-3,,,0.49397126,4.870203
BR00117010,B13,U2OS,48,SirReal-2,compound,BRD-K16472653-001-01-6,,['SIRT inhibitor'],-3.8342142,0.84064895
BR00117010,B14,U2OS,48,DMSO,compound,,negcon,,-6.4515915,-2.0041375
BR00117010,B15,U2OS,48,BMS-536924,compound,BRD-K34581968-001-05-3,,['IGF-1 inhibitor'],-2.1746945,2.1535842
BR00117010,B16,U2OS,48,PP-121,compound,BRD-K81801188-001-02-8,,['protein tyrosine kinase inhibitor'],-0.9271149,2.8086774
BR00117010,B17,U2OS,48,MCOPPB,compound,BRD-K73276278-305-01-1,,,-5.065502,3.7584178
BR00117010,B18,U2OS,48,ozagrel,compound,BRD-K53061490-003-13-9,,,-3.2479866,-0.20884044
BR00117010,B19,U2OS,48,CYM-5442,compound,BRD-A43005764-003-01-5,,['sphingosine 1 phosphate receptor agonist'],-4.963189,2.7114072
BR00117010,B20,U2OS,48,CVT-10216,compound,BRD-K60659193-001-01-0,,,-5.7149634,-1.1468676
BR00117010,B21,U2OS,48,TCN201,compound,BRD-K09787262-001-02-7,,['glutamate receptor antagonist'],-4.260139,0.9344186
BR00117010,B22,U2OS,48,fomepizole,compound,BRD-K56810756-003-07-7,,['alcohol dehydrogenase inhibitor'],-3.5329688,-0.8389299
BR00117010,B23,U2OS,48,benzamil,compound,BRD-K87158025-003-08-7,,['sodium channel blocker'],-5.1383877,0.87720513
BR00117010,B24,U2OS,48,lercanidipine,compound,BRD-A18992208-003-02-7,,['calcium channel blocker'],-3.6270852,0.42652512
BR00117010,C01,U2OS,48,4-CMTB,compound,BRD-A54139254-001-09-2,,['free fatty acid receptor agonist'],-6.58135,-0.011089751
BR00117010,C02,U2OS,48,ML-228,compound,BRD-K44432556-001-05-5,,,-6.811708,-0.64304465
BR00117010,C03,U2OS,48,DMSO,compound,,negcon,,-7.1513405,-1.1735735
BR00117010,C04,U2OS,48,GSK1070916,compound,BRD-K36740062-001-06-6,,['Aurora kinase inhibitor'],-1.1376777,1.5024782
BR00117010,C05,U2OS,48,ML-193,compound,BRD-K27539181-001-08-5,,,-7.1353965,-0.50442123
BR00117010,C06,U2OS,48,DMSO,compound,,negcon,,-7.377961,-0.86703146
BR00117010,C07,U2OS,48,M-25,compound,BRD-K51265828-001-01-0,,['smoothened receptor antagonist'],-6.6563654,-0.33060017
BR00117010,C08,U2OS,48,azeliragon,compound,BRD-K51899933-001-02-6,,['RAGE receptor antagonist'],-0.73587656,3.8899322
BR00117010,C09,U2OS,48,CYT-997,compound,BRD-K23363278-001-02-1,poscon_diverse,['tubulin polymerization inhibitor'],-0.024476593,2.3732257
BR00117010,C10,U2OS,48,AR-12,compound,BRD-K90497590-001-05-9,,,0.5751128,4.4747734
BR00117010,C11,U2OS,48,CYM-50260,compound,BRD-K69877120-001-01-7,,['sphingosine 1 phosphate receptor agonist'],-6.9484754,-0.7347839
BR00117010,C12,U2OS,48,DMSO,compound,,negcon,,-7.3427896,-1.172311
BR00117010,C13,U2OS,48,KG-5,compound,BRD-K90747162-001-01-4,poscon_cp,['RAF inhibitor'],-0.42889488,1.5867957
BR00117010,C14,U2OS,48,JTE-607,compound,BRD-K81405859-300-01-4,,,-1.2790345,0.4642672
BR00117010,C15,U2OS,48,DMSO,compound,,negcon,,-7.1764674,-1.1086228
BR00117010,C16,U2OS,48,ilomastat,compound,BRD-K51662849-001-05-4,,['matrix metalloprotease inhibitor'],-3.5828888,1.0000503
BR00117010,C17,U2OS,48,RX-821002,compound,BRD-A65597028-003-08-1,,['adrenergic receptor antagonist'],-6.7785215,-0.7287851
BR00117010,C18,U2OS,48,DMSO,compound,,negcon,,-7.2492323,-1.2344553
BR00117010,C19,U2OS,48,TUG-891,compound,BRD-K24282351-001-01-4,,['free fatty acid receptor agonist'],-5.7255735,2.7156458
BR00117010,C20,U2OS,48,ponatinib,compound,BRD-K44227013-001-08-0,,"['PDGFR tyrosine kinase receptor inhibitor', 'FLT3 inhibitor', 'Bcr-Abl kinase inhibitor']",0.49082008,4.280357
BR00117010,C21,U2OS,48,DMSO,compound,,negcon,,-6.979337,-1.1635678
BR00117010,C22,U2OS,48,puromycin,compound,BRD-K01824976-300-02-9,,['protein synthesis inhibitor'],0.15689696,4.4567246
BR00117010,C23,U2OS,48,SRC-kinase-inhibitor-I,compound,BRD-K50495309-001-02-0,,['src inhibitor'],-5.2550807,3.0097382
BR00117010,C24,U2OS,48,acetylcysteine,compound,BRD-K59058747-001-19-1,,,-3.2894876,0.32348922
BR00117010,D01,U2OS,48,NSC-625987,compound,BRD-K62949423-001-03-1,,['CDK inhibitor'],-3.8813813,2.3407192
BR00117010,D02,U2OS,48,dalfampridine,compound,BRD-K22482860-001-20-6,,['potassium channel blocker'],-5.3786736,-1.2904334
BR00117010,D03,U2OS,48,NSC-95397,compound,BRD-K68143200-001-11-7,,['CDC inhibitor'],-0.14369181,4.552483
BR00117010,D04,U2OS,48,alrestatin,compound,BRD-K35498378-001-06-1,,['aldose reductase inhibitor'],-5.6704173,-1.0595987
BR00117010,D05,U2OS,48,PF-03758309,compound,BRD-K37764012-001-03-3,poscon_diverse,['p21 activated kinase inhibitor'],-5.9740243,-1.5054361
BR00117010,D06,U2OS,48,IRL-2500,compound,BRD-K98357249-001-02-9,,['endothelin receptor antagonist'],-5.731913,-2.0293574
BR00117010,D07,U2OS,48,PF-04217903,compound,BRD-K73319509-001-08-0,poscon_cp,,-5.697039,-0.303579
BR00117010,D08,U2OS,48,FK-866,compound,BRD-K58550667-001-08-7,poscon_diverse,,-1.6918955,5.1434298
BR00117010,D09,U2OS,48,amlexanox,compound,BRD-K29530284-001-06-2,,,-5.319958,0.30322647
BR00117010,D10,U2OS,48,GW-311616,compound,BRD-K37864785-001-01-0,,['elastase inhibitor'],-5.511234,-0.8592087
BR00117010,D11,U2OS,48,buparlisib,compound,BRD-K42191735-001-08-7,poscon_diverse,,-0.19171512,2.5254774
BR00117010,D12,U2OS,48,amiloride,compound,BRD-K97181089-003-24-7,,['sodium channel blocker'],-4.679117,0.43196586
BR00117010,D13,U2OS,48,DG-172,compound,BRD-K75748943-300-01-3,,,-5.252371,2.9365525
BR00117010,D14,U2OS,48,DMSO,compound,,negcon,,-6.4408064,-2.2998722
BR00117010,D15,U2OS,48,DMSO,compound,,negcon,,-6.788921,-2.0142727
BR00117010,D16,U2OS,48,NVP-ADW742,compound,BRD-K15179513-001-04-2,poscon_cp,,-4.8671985,3.680621
BR00117010,D17,U2OS,48,misoprostol,compound,BRD-A72351335-001-04-5,,['prostanoid receptor agonist'],-1.5269052,0.41818494
BR00117010,D18,U2OS,48,conivaptan,compound,BRD-K37385792-003-02-1,,,-5.0528345,1.9375037
BR00117010,D19,U2OS,48,spiroxatrine,compound,BRD-A72483914-001-03-7,,['serotonin receptor antagonist'],-5.483688,2.7746537
BR00117010,D20,U2OS,48,diacerein,compound,BRD-K69122748-001-10-1,,,-6.590765,-1.0886348
BR00117010,D21,U2OS,48,DMSO,compound,,negcon,,-6.645559,-1.4088953
BR00117010,D22,U2OS,48,DMSO,compound,,negcon,,-6.2916627,-1.7620155
BR00117010,D23,U2OS,48,glyburide,compound,BRD-K36927236-001-36-7,,['ATP channel blocker'],-5.471326,0.058972776
BR00117010,D24,U2OS,48,ANR-94,compound,BRD-K31170746-001-01-6,,,-3.6113272,0.110373184
BR00117010,E01,U2OS,48,TFC-007,compound,BRD-K57708067-001-01-3,,,-6.999543,-0.26139423
BR00117010,E02,U2OS,48,trihexyphenidyl,compound,BRD-A48180038-003-24-3,,['acetylcholine receptor antagonist'],-6.8977237,-0.9440499
BR00117010,E03,U2OS,48,epoprostenol,compound,BRD-K64054020-001-02-7,,,-6.690812,-0.51723677
BR00117010,E04,U2OS,48,sacubitril,compound,BRD-K91456750-001-01-9,,,-6.8109226,-0.4137159
BR00117010,E05,U2OS,48,danusertib,compound,BRD-K07881437-001-03-8,poscon_diverse,"['growth factor receptor inhibitor', 'Aurora kinase inhibitor']",-1.2719522,0.4298062
BR00117010,E06,U2OS,48,CYT-997,compound,BRD-K23363278-001-02-1,poscon_diverse,['tubulin polymerization inhibitor'],0.022286825,2.2407572
BR00117010,E07,U2OS,48,DMSO,compound,,negcon,,-7.4216413,-1.3488086
BR00117010,E08,U2OS,48,BQ-788,compound,BRD-K02490038-236-03-8,,['endothelin receptor antagonist'],-3.254709,0.3444478
BR00117010,E09,U2OS,48,SB-202190,compound,BRD-K54330070-001-19-6,poscon_orf,['p38 MAPK inhibitor'],-6.3466496,1.2186816
BR00117010,E10,U2OS,48,GSK2110183,compound,BRD-K25412176-001-01-9,poscon_diverse,,-4.8642364,1.6552466
BR00117010,E11,U2OS,48,GSK3787,compound,BRD-K03155172-001-03-0,,['PPAR receptor antagonist'],-6.877139,-0.10660632
BR00117010,E12,U2OS,48,BAM7,compound,BRD-K07442505-001-03-6,,,-6.8685236,0.046893556
BR00117010,E13,U2OS,48,PHA-793887,compound,BRD-K64800655-001-09-0,poscon_diverse,['CDK inhibitor'],-1.257566,3.099882
BR00117010,E14,U2OS,48,DMSO,compound,,negcon,,-7.345953,-1.435666
BR00117010,E15,U2OS,48,GSK-37647,compound,BRD-K26514105-001-01-7,,['free fatty acid receptor agonist'],-6.8316855,0.089697875
BR00117010,E16,U2OS,48,desonide,compound,BRD-K21528677-001-04-4,,['glucocorticoid receptor agonist'],-5.142556,1.3767247
BR00117010,E17,U2OS,48,DMSO,compound,,negcon,,-7.1796227,-1.4501625
BR00117010,E18,U2OS,48,aloxistatin,compound,BRD-K91188791-001-17-5,,,-5.5087867,3.2909741
BR00117010,E19,U2OS,48,azathioprine,compound,BRD-K32821942-001-22-1,,,-5.219801,0.08846018
BR00117010,E20,U2OS,48,ZK-93423,compound,BRD-K33882852-003-02-8,poscon_diverse,['benzodiazepine receptor agonist'],-3.4786336,0.7552006
BR00117010,E21,U2OS,48,BI-2536,compound,BRD-K64890080-001-02-1,poscon_diverse,,0.08203929,2.7242632
BR00117010,E22,U2OS,48,EI1,compound,BRD-K91535048-001-01-2,poscon_cp,['histone lysine methyltransferase inhibitor'],-5.1337404,0.60088784
BR00117010,E23,U2OS,48,NVP-HSP990,compound,BRD-K67915505-001-01-2,,['HSP inhibitor'],-0.4268501,3.5527108
BR00117010,E24,U2OS,48,DMSO,compound,,negcon,,-7.1111927,-1.4678864
BR00117010,F01,U2OS,48,DMSO,compound,,negcon,,-5.8227067,-1.7867063
BR00117010,F02,U2OS,48,nialamide,compound,BRD-K12102668-001-25-5,,,-5.5118213,-1.4198263
BR00117010,F03,U2OS,48,DMSO,compound,,negcon,,-6.393405,-1.9405305
BR00117010,F04,U2OS,48,arundic-acid,compound,BRD-K49223707-001-01-0,,,-5.785658,-1.69717
BR00117010,F05,U2OS,48,torcitabine,compound,BRD-K91822704-003-07-2,,,-6.1748905,-1.4476345
BR00117010,F06,U2OS,48,DMSO,compound,,negcon,,-6.1380816,-1.8861134
BR00117010,F07,U2OS,48,epothilone-b,compound,BRD-K68164687-001-01-6,,"['microtubule stabilizing agent', 'tubulin polymerization inhibitor']",-0.21804865,1.704712
BR00117010,F08,U2OS,48,dyphylline,compound,BRD-A00827783-001-24-6,,['phosphodiesterase inhibitor'],-6.0825434,-0.812987
BR00117010,F09,U2OS,48,DMSO,compound,,negcon,,-6.666744,-2.1955626
BR00117010,F10,U2OS,48,quinidine,compound,BRD-K59632282-052-03-1,,['sodium channel blocker'],-3.002308,0.55511254
BR00117010,F11,U2OS,48,halopemide,compound,BRD-K50055394-001-03-6,,,-4.90355,1.1531
BR00117010,F12,U2OS,48,sulfinpyrazone,compound,BRD-A36217750-001-16-3,,,-5.922159,-0.79931825
BR00117010,F13,U2OS,48,ML-323,compound,BRD-K93942811-001-01-3,poscon_cp,['ubiquitin specific protease inhibitor'],-4.649313,0.2886341
BR00117010,F14,U2OS,48,racecadotril,compound,BRD-A08187463-001-12-9,,,-4.6432033,0.49080387
BR00117010,F15,U2OS,48,BRL-50481,compound,BRD-K84266862-001-03-2,,['phosphodiesterase inhibitor'],-4.9193053,0.7211152
BR00117010,F16,U2OS,48,GSK2110183,compound,BRD-K25412176-001-01-9,poscon_diverse,,-4.4411993,1.7346001
BR00117010,F17,U2OS,48,bufexamac,compound,BRD-K36660044-001-24-2,,['cyclooxygenase inhibitor'],-5.191769,-1.0169222
BR00117010,F18,U2OS,48,anandamide,compound,BRD-K42352790-001-05-3,,,-5.2265534,0.3056952
BR00117010,F19,U2OS,48,thioguanine,compound,BRD-K49350383-001-13-7,poscon_diverse,,-3.3944972,1.9368792
BR00117010,F20,U2OS,48,IWP-L6,compound,BRD-K53234107-001-01-6,,['porcupine inhibitor'],-5.1387434,1.625457
BR00117010,F21,U2OS,48,edoxaban,compound,BRD-K29322660-001-01-9,,['coagulation factor inhibitor'],-4.557404,0.0906655
BR00117010,F22,U2OS,48,lonafarnib,compound,BRD-K41599323-001-02-3,poscon_diverse,,-3.3171384,2.3317873
BR00117010,F23,U2OS,48,ibutamoren,compound,BRD-K44771174-066-01-0,,,-5.12974,1.2754428
BR00117010,F24,U2OS,48,somatostatin,compound,BRD-K14681867-001-01-6,,['somatostatin receptor agonist'],-3.7747464,0.12191068
BR00117010,G01,U2OS,48,L-proline,compound,BRD-K01666412-001-02-0,,,-7.057848,-0.34527287
BR00117010,G02,U2OS,48,zamifenacin,compound,BRD-K80451230-051-02-6,,['acetylcholine receptor antagonist'],-6.861944,-0.7744705
BR00117010,G03,U2OS,48,YC-1,compound,BRD-K60476892-001-16-1,,,-0.77155125,3.0644274
BR00117010,G04,U2OS,48,DMSO,compound,,negcon,,-7.3419747,-1.4484183
BR00117010,G05,U2OS,48,ME-0328,compound,BRD-K24283677-001-01-9,,['PPAR receptor antagonist'],-6.345997,0.9663776
BR00117010,G06,U2OS,48,NSC-663284,compound,BRD-K03109492-001-02-2,,['CDC inhibitor'],0.49780053,4.5819473
BR00117010,G07,U2OS,48,CYM-50358,compound,BRD-K80666802-003-01-0,,,-5.502001,2.4026313
BR00117010,G08,U2OS,48,trazodone,compound,BRD-K70778732-003-27-5,,"['adrenergic receptor antagonist', 'serotonin receptor antagonist']",-6.8408504,-0.33442917
BR00117010,G09,U2OS,48,DMSO,compound,,negcon,,-7.3365803,-1.0239915
BR00117010,G10,U2OS,48,DMSO,compound,,negcon,,-7.2069736,-1.6047257
BR00117010,G11,U2OS,48,sulfasalazine,compound,BRD-K10670311-001-17-1,,['cyclooxygenase inhibitor'],-6.634777,0.14345086
BR00117010,G12,U2OS,48,"2,5-furandimethanol",compound,BRD-K29791386-001-01-8,,,-6.7730727,-0.044330243
BR00117010,G13,U2OS,48,DMSO,compound,,negcon,,-7.4694533,-1.2493143
BR00117010,G14,U2OS,48,dilazep,compound,BRD-K48722258-300-11-0,,,-6.421538,-0.3707719
BR00117010,G15,U2OS,48,felodipine,compound,BRD-A30815329-001-12-1,,['calcium channel blocker'],-6.6786814,0.14534621
BR00117010,G16,U2OS,48,paliperidone,compound,BRD-A99888680-001-05-3,,"['dopamine receptor antagonist', 'serotonin receptor antagonist']",-6.6398997,-1.405268
BR00117010,G17,U2OS,48,purvalanol-a,compound,BRD-K50836978-001-03-3,poscon_orf,['CDK inhibitor'],-1.9322196,1.126224
BR00117010,G18,U2OS,48,DMSO,compound,,negcon,,-6.7957454,-1.5008576
BR00117010,G19,U2OS,48,Ro-1138452,compound,BRD-K77220725-003-01-5,,['prostanoid receptor antagonist'],-5.4995313,1.1567959
BR00117010,G20,U2OS,48,sorbinil,compound,BRD-A89164055-001-03-3,,['aldose reductase inhibitor'],-6.0822983,-0.5856164
BR00117010,G21,U2OS,48,TC-S-7004,compound,BRD-K89517477-001-01-4,poscon_cp,['DYRK inhibitor'],-4.2091203,1.3526759
BR00117010,G22,U2OS,48,saclofen,compound,BRD-A24122750-001-03-7,,['GABA receptor antagonist'],-6.1739736,-1.3517194
BR00117010,G23,U2OS,48,BAY-87-2243,compound,BRD-K70463136-001-01-5,,,-3.4628386,0.6006242
BR00117010,G24,U2OS,48,ibudilast,compound,BRD-K16444452-001-09-1,,['phosphodiesterase inhibitor'],-4.0439973,0.19695824
BR00117010,H01,U2OS,48,briciclib,compound,BRD-K05531427-001-01-7,,,-0.034821253,2.5125394
BR00117010,H02,U2OS,48,2-Oleoylglycerol,compound,BRD-K77087341-001-02-4,,,-5.830387,-1.2814553
BR00117010,H03,U2OS,48,RGFP966,compound,BRD-K61688984-001-02-9,poscon_cp,['HDAC inhibitor'],-3.0309057,1.3741579
BR00117010,H04,U2OS,48,DMSO,compound,,negcon,,-5.9879107,-1.5753689
BR00117010,H05,U2OS,48,azacitidine,compound,BRD-K03406345-001-21-1,poscon_diverse,,-5.8942943,0.7700897
BR00117010,H06,U2OS,48,N6-cyclopentyladenosine,compound,BRD-K60150510-001-15-6,,,-5.308214,-0.73101526
BR00117010,H07,U2OS,48,filgotinib,compound,BRD-K16803204-001-01-6,poscon_cp,['JAK inhibitor'],-6.0046387,0.9193922
BR00117010,H08,U2OS,48,guanidine,compound,BRD-K76037122-001-02-5,,['HSP inhibitor'],-5.818057,-1.2812634
BR00117010,H09,U2OS,48,coumarin,compound,BRD-K23913458-001-20-7,,,-5.331329,-0.15171036
BR00117010,H10,U2OS,48,DMSO,compound,,negcon,,-6.367375,-1.6401252
BR00117010,H11,U2OS,48,ZM-336372,compound,BRD-K73789395-001-09-9,poscon_orf,['RAF inhibitor'],-5.2288604,0.3985293
BR00117010,H12,U2OS,48,citric-acid,compound,BRD-K76792669-001-08-1,,['coagulation factor inhibitor'],-4.6662703,-0.9672732
BR00117010,H13,U2OS,48,DMSO,compound,,negcon,,-6.57722,-1.3589952
BR00117010,H14,U2OS,48,CCG-63802,compound,BRD-K26970495-001-02-7,,['G protein signaling inhibitor'],-2.9673748,0.507929
BR00117010,H15,U2OS,48,ibutilide,compound,BRD-A74391928-051-03-9,,['potassium channel blocker'],-4.5042105,0.6744472
BR00117010,H16,U2OS,48,batimastat,compound,BRD-K82818427-001-04-8,,['matrix metalloprotease inhibitor'],-3.1196015,0.7619843
BR00117010,H17,U2OS,48,DMSO,compound,,negcon,,-6.095504,-2.0436563
BR00117010,H18,U2OS,48,DMSO,compound,,negcon,,-6.53929,-1.8714263
BR00117010,H19,U2OS,48,UNC1999,compound,BRD-K26989966-001-04-3,poscon_cp,['histone lysine methyltransferase inhibitor'],-0.5791458,4.319477
BR00117010,H20,U2OS,48,glutamine-(l),compound,BRD-K83896451-001-06-7,,,-5.502823,-0.9885631
BR00117010,H21,U2OS,48,PD-98059,compound,BRD-K62810658-001-11-4,poscon_orf,,-4.6919217,1.3001821
BR00117010,H22,U2OS,48,enilconazole,compound,BRD-K01825690-065-01-9,,,-5.8051705,-1.5653286
BR00117010,H23,U2OS,48,N-alpha-Methylhistamine-dihydrochloride,compound,BRD-K75390981-300-04-9,,['histamine receptor agonist'],-4.293253,0.41988784
BR00117010,H24,U2OS,48,GK921,compound,BRD-K38272302-001-02-7,,,-0.37326267,4.0845737
BR00117010,I01,U2OS,48,nilvadipine,compound,BRD-A84687895-001-03-2,,['calcium channel blocker'],-6.767429,-0.13961357
BR00117010,I02,U2OS,48,DMSO,compound,,negcon,,-7.321151,-1.38192
BR00117010,I03,U2OS,48,AC-710,compound,BRD-K15819326-001-01-6,,['PDGFR tyrosine kinase receptor inhibitor'],-4.5564504,3.3231714
BR00117010,I04,U2OS,48,PETCM,compound,BRD-A93477898-001-04-2,,,-7.303155,-0.39974487
BR00117010,I05,U2OS,48,AZD7762,compound,BRD-K86525559-001-07-8,poscon_diverse,['CHK inhibitor'],0.22087617,4.49573
BR00117010,I06,U2OS,48,PHA-793887,compound,BRD-K64800655-001-09-0,poscon_diverse,['CDK inhibitor'],-1.1472092,3.1967113
BR00117010,I07,U2OS,48,KU-60019,compound,BRD-K36016295-001-05-2,,['ATM kinase inhibitor'],-3.1236494,3.148838
BR00117010,I08,U2OS,48,nafamostat,compound,BRD-K06674495-334-04-0,,,-6.586943,0.5627267
BR00117010,I09,U2OS,48,DMSO,compound,,negcon,,-7.4105473,-1.3373371
BR00117010,I10,U2OS,48,DMSO,compound,,negcon,,-7.5397496,-1.2558323
BR00117010,I11,U2OS,48,taladegib,compound,BRD-K50498985-001-03-3,,['smoothened receptor antagonist'],-6.6079187,0.013350625
BR00117010,I12,U2OS,48,acetohexamide,compound,BRD-K52960356-001-13-0,,['ATP channel blocker'],-3.9518974,0.4003388
BR00117010,I13,U2OS,48,minocycline,compound,BRD-A69651145-003-11-4,,,-4.4851446,1.427508
BR00117010,I14,U2OS,48,BI-2536,compound,BRD-K64890080-001-02-1,poscon_diverse,,0.11668766,2.8912325
BR00117010,I15,U2OS,48,riociguat,compound,BRD-K84783599-001-01-0,,,-6.323106,-0.13814425
BR00117010,I16,U2OS,48,CP-724714,compound,BRD-K76908866-001-07-6,poscon_cp,"['EGFR inhibitor', 'protein tyrosine kinase inhibitor']",-5.297605,1.11517
BR00117010,I17,U2OS,48,ganetespib,compound,BRD-K38852836-001-04-9,poscon_diverse,['HSP inhibitor'],-0.37543836,3.556095
BR00117010,I18,U2OS,48,AZ191,compound,BRD-K80935598-001-01-1,poscon_cp,['DYRK inhibitor'],-5.072487,3.8689327
BR00117010,I19,U2OS,48,BAX-channel-blocker,compound,BRD-A18763547-300-06-3,,,-3.9919963,3.5767636
BR00117010,I20,U2OS,48,SU3327,compound,BRD-K32730239-001-01-0,,['JNK inhibitor'],0.22834884,4.2666016
BR00117010,I21,U2OS,48,DMSO,compound,,negcon,,-6.7353077,-1.7590196
BR00117010,I22,U2OS,48,DMSO,compound,,negcon,,-6.7770944,-1.4891689
BR00117010,I23,U2OS,48,octreotide,compound,BRD-A64173453-015-03-1,,['somatostatin receptor agonist'],-5.5464163,-0.2899301
BR00117010,I24,U2OS,48,1-octanol,compound,BRD-K09338665-001-08-9,,,-3.8679264,0.13268898
BR00117010,J01,U2OS,48,acalabrutinib,compound,BRD-K64034691-001-01-9,,"[""Bruton's tyrosine kinase (BTK) inhibitor""]",-4.7644315,0.63547087
BR00117010,J02,U2OS,48,rifamycin,compound,BRD-K38512030-001-01-7,,,-5.842062,-1.5349169
BR00117010,J03,U2OS,48,pazopanib,compound,BRD-K74514084-003-09-2,,"['KIT inhibitor', 'VEGFR inhibitor', 'PDGFR tyrosine kinase receptor inhibitor']",-3.964018,1.7410028
BR00117010,J04,U2OS,48,RKI-1447,compound,BRD-K19333160-001-01-3,poscon_cp,,-5.4139037,1.6601365
BR00117010,J05,U2OS,48,vitamin-E,compound,BRD-K97091514-001-11-4,,['PKC inhibitor'],-5.988419,-1.4995558
BR00117010,J06,U2OS,48,lonafarnib,compound,BRD-K41599323-001-02-3,poscon_diverse,,-3.4519851,2.2991178
BR00117010,J07,U2OS,48,ethyl-pyruvate,compound,BRD-K47738867-001-01-5,,,-5.1814466,-0.49010092
BR00117010,J08,U2OS,48,picrotin,compound,BRD-A91822151-001-05-0,,['GABA receptor antagonist'],-5.3136344,-0.9736121
BR00117010,J09,U2OS,48,SGX523,compound,BRD-K19477839-001-07-6,poscon_cp,,-5.1362786,-0.09876654
BR00117010,J10,U2OS,48,PP-2,compound,BRD-K95785537-001-22-3,,['src inhibitor'],-2.5925872,1.7143041
BR00117010,J11,U2OS,48,ME-0328,compound,BRD-A63444178-001-01-5,,['PPAR receptor antagonist'],-3.816183,1.917148
BR00117010,J12,U2OS,48,AZD9668,compound,BRD-K31476763-001-01-5,,['elastase inhibitor'],-5.948188,-0.28480655
BR00117010,J13,U2OS,48,NQDI-1,compound,BRD-K61918008-001-07-1,,,-4.944528,0.910904
BR00117010,J14,U2OS,48,DMSO,compound,,negcon,,-6.8664246,-1.5640363
BR00117010,J15,U2OS,48,carzenide,compound,BRD-K09295674-001-09-8,,,-4.0233073,-0.047384106
BR00117010,J16,U2OS,48,KU-55933,compound,BRD-K25311561-001-10-7,,['ATM kinase inhibitor'],-3.5622177,2.9034698
BR00117010,J17,U2OS,48,NVP-AEW541,compound,BRD-K24696047-001-02-3,poscon_cp,['IGF-1 inhibitor'],-4.951829,2.7585914
BR00117010,J18,U2OS,48,leflunomide,compound,BRD-K78692225-001-24-5,,['PDGFR tyrosine kinase receptor inhibitor'],-5.2254763,0.97977924
BR00117010,J19,U2OS,48,DMSO,compound,,negcon,,-6.1486974,-2.2408555
BR00117010,J20,U2OS,48,azacitidine,compound,BRD-K03406345-001-21-1,poscon_diverse,,-5.902637,0.78901666
BR00117010,J21,U2OS,48,ixabepilone,compound,BRD-K03601870-001-01-2,,['microtubule stabilizing agent'],-0.24138124,1.833853
BR00117010,J22,U2OS,48,KH-CB19,compound,BRD-K66430217-001-03-8,poscon_cp,['CDC inhibitor'],-6.3293157,-0.08377713
BR00117010,J23,U2OS,48,DMSO,compound,,negcon,,-6.7342377,-1.6851553
BR00117010,J24,U2OS,48,PF-05190457,compound,BRD-K02554563-001-01-6,,,-3.632498,0.3483425
BR00117010,K01,U2OS,48,LDN-212854,compound,BRD-K59831625-001-03-9,,,0.38936844,4.3746843
BR00117010,K02,U2OS,48,formononetin,compound,BRD-K55567017-001-12-3,,['alcohol dehydrogenase inhibitor'],-7.1125164,-0.64544517
BR00117010,K03,U2OS,48,aminopurvalanol-a,compound,BRD-K07762753-001-05-1,poscon_orf,['CDK inhibitor'],-1.7403249,1.1297616
BR00117010,K04,U2OS,48,ruxolitinib,compound,BRD-K53972329-001-01-3,poscon_cp,['JAK inhibitor'],-5.5637956,1.4580961
BR00117010,K05,U2OS,48,DMSO,compound,,negcon,,-7.5870056,-1.1066024
BR00117010,K06,U2OS,48,DMSO,compound,,negcon,,-7.546367,-1.2317632
BR00117010,K07,U2OS,48,LGK-974,compound,BRD-K16810791-001-01-0,,['porcupine inhibitor'],-6.9873204,0.199414
BR00117010,K08,U2OS,48,polydatin,compound,BRD-K43236057-001-07-1,,['ICAM1 expression inhibitor'],-0.71270174,1.3247217
BR00117010,K09,U2OS,48,enflurane,compound,BRD-A51831848-001-01-7,,,-6.647236,-0.49084833
BR00117010,K10,U2OS,48,PFI-1,compound,BRD-K13094524-001-04-2,poscon_cp,,-6.251779,-1.4208052
BR00117010,K11,U2OS,48,AZD7762,compound,BRD-K86525559-001-07-8,poscon_diverse,['CHK inhibitor'],0.23603179,4.5212183
BR00117010,K12,U2OS,48,sotrastaurin,compound,BRD-K16761703-001-03-8,,['PKC inhibitor'],-6.201471,1.2471641
BR00117010,K13,U2OS,48,DMSO,compound,,negcon,,-7.4209228,-1.5170624
BR00117010,K14,U2OS,48,cycloheximide,compound,BRD-K36055864-001-20-0,,['protein synthesis inhibitor'],-1.177947,3.1918824
BR00117010,K15,U2OS,48,oxytocin,compound,BRD-K25243230-001-01-2,,,-6.631674,-1.2778326
BR00117010,K16,U2OS,48,DMSO,compound,,negcon,,-7.0749416,-1.354714
BR00117010,K17,U2OS,48,colchicine,compound,BRD-K00259736-001-16-4,,,-0.01710321,2.5320208
BR00117010,K18,U2OS,48,afimoxifene,compound,BRD-K04210847-001-21-9,,,-6.2958994,0.42361245
BR00117010,K19,U2OS,48,DMSO,compound,,negcon,,-7.055628,-1.5777823
BR00117010,K20,U2OS,48,ZK-93423,compound,BRD-K33882852-003-02-8,poscon_diverse,['benzodiazepine receptor agonist'],-3.8263683,0.63297075
BR00117010,K21,U2OS,48,RGB-286638,compound,BRD-K20986415-001-02-6,,['CDK inhibitor'],-1.9516677,3.3899543
BR00117010,K22,U2OS,48,FPS-ZM1,compound,BRD-K87691185-001-01-2,,['RAGE receptor antagonist'],-6.2333593,-0.0716456
BR00117010,K23,U2OS,48,flindokalner,compound,BRD-K56740996-001-02-1,,,-5.7173295,-1.3385812
BR00117010,K24,U2OS,48,motesanib,compound,BRD-K99616396-316-05-3,,"['KIT inhibitor', 'VEGFR inhibitor', 'PDGFR tyrosine kinase receptor inhibitor']",-4.83355,0.89141965
BR00117010,L01,U2OS,48,geldanamycin,compound,BRD-K43570081-001-02-4,,['HSP inhibitor'],-0.39468637,3.7308936
BR00117010,L02,U2OS,48,DMSO,compound,,negcon,,-5.8081,-1.5258299
BR00117010,L03,U2OS,48,CGP-53353,compound,BRD-K32292990-001-03-6,,"['PKC inhibitor', 'EGFR inhibitor']",-5.439016,-0.31778222
BR00117010,L04,U2OS,48,7-hydroxystaurosporine,compound,BRD-K45293975-001-02-0,,"['CDK inhibitor', 'PKC inhibitor', 'CHK inhibitor']",-0.30133072,4.5341067
BR00117010,L05,U2OS,48,DMSO,compound,,negcon,,-6.73047,-1.8641323
BR00117010,L06,U2OS,48,DMSO,compound,,negcon,,-6.181012,-2.136097
BR00117010,L07,U2OS,48,efaproxiral,compound,BRD-K37355418-236-01-6,,,-5.813721,-1.128237
BR00117010,L08,U2OS,48,SB-203580,compound,BRD-A37704979-001-12-3,poscon_orf,['p38 MAPK inhibitor'],-6.0829506,1.7468518
BR00117010,L09,U2OS,48,FK-866,compound,BRD-K58550667-001-08-7,poscon_diverse,,-1.7434466,5.197993
BR00117010,L10,U2OS,48,bepridil,compound,BRD-A91008255-003-24-8,,['calcium channel blocker'],-5.028467,1.0365881
BR00117010,L11,U2OS,48,delanzomib,compound,BRD-K59325863-001-04-4,,,0.115902856,4.41022
BR00117010,L12,U2OS,48,buparlisib,compound,BRD-K42191735-001-08-7,poscon_diverse,,-0.23350145,2.601656
BR00117010,L13,U2OS,48,phenylbutazone,compound,BRD-K10843433-001-23-5,,"['cyclooxygenase inhibitor', 'prostanoid receptor antagonist']",-5.0670943,0.82526
BR00117010,L14,U2OS,48,deferasirox,compound,BRD-K97010173-001-04-1,,,-1.6021911,0.052530326
BR00117010,L15,U2OS,48,DMSO,compound,,negcon,,-6.1311636,-1.8655308
BR00117010,L16,U2OS,48,cediranib,compound,BRD-K86930074-001-05-0,,"['KIT inhibitor', 'VEGFR inhibitor']",-5.30859,3.284062
BR00117010,L17,U2OS,48,isoflurane,compound,BRD-A31564021-001-02-6,,,-5.7476783,-0.65046877
BR00117010,L18,U2OS,48,DMSO,compound,,negcon,,-6.6913404,-1.9937264
BR00117010,L19,U2OS,48,CCG-50014,compound,BRD-K08893438-001-06-4,,['G protein signaling inhibitor'],0.116285086,3.8590539
BR00117010,L20,U2OS,48,PF-431396,compound,BRD-K93788137-001-04-1,,,-1.023363,0.5042653
BR00117010,L21,U2OS,48,TG-02,compound,BRD-K14560436-001-01-4,,"['CDK inhibitor', 'FLT3 inhibitor', 'JAK inhibitor']",-0.7264462,3.4612522
BR00117010,L22,U2OS,48,baclofen,compound,BRD-K01826724-003-07-9,,['benzodiazepine receptor agonist'],-6.2936263,-0.71223897
BR00117010,L23,U2OS,48,thiostrepton,compound,BRD-A20697603-001-07-2,,['protein synthesis inhibitor'],-2.5086946,1.054071
BR00117010,L24,U2OS,48,flufenamic-acid,compound,BRD-K44067360-001-29-5,,,-4.384728,-0.037804306
BR00117010,M01,U2OS,48,DMSO,compound,,negcon,,-7.139224,-0.5545694
BR00117010,M02,U2OS,48,LY2109761,compound,BRD-K47557313-001-02-7,,,-6.047246,1.61161
BR00117010,M03,U2OS,48,olopatadine,compound,BRD-K67637637-003-11-8,,['histamine receptor antagonist'],-7.5504465,-0.2870735
BR00117010,M04,U2OS,48,DMSO,compound,,negcon,,-7.598997,-1.2902203
BR00117010,M05,U2OS,48,castanospermine,compound,BRD-K20897876-001-11-8,,['glucosidase inhibitor'],-7.0695195,-0.84898156
BR00117010,M06,U2OS,48,A205804,compound,BRD-K77627880-001-04-0,,['ICAM1 expression inhibitor'],-1.8716813,-0.035288267
BR00117010,M07,U2OS,48,VU591,compound,BRD-K72063794-003-01-0,,['potassium channel blocker'],-7.253864,-0.5325252
BR00117010,M08,U2OS,48,dalbavancin,compound,BRD-K30177383-001-01-0,,['bacterial cell wall synthesis inhibitor'],-6.7353935,0.0773418
BR00117010,M09,U2OS,48,CC-401,compound,BRD-K45746021-003-01-9,,['JNK inhibitor'],-6.556939,0.57553196
BR00117010,M10,U2OS,48,ganetespib,compound,BRD-K38852836-001-04-9,poscon_diverse,['HSP inhibitor'],-0.35802263,3.5490634
BR00117010,M11,U2OS,48,ingenol-mebutate,compound,BRD-K93779381-001-01-9,,,-5.484072,1.2925686
BR00117010,M12,U2OS,48,menadione,compound,BRD-K78126613-001-27-7,,,-1.3456433,3.489445
BR00117010,M13,U2OS,48,cetilistat,compound,BRD-K94863486-001-02-2,,,-7.1259494,-1.1142397
BR00117010,M14,U2OS,48,methoxsalen,compound,BRD-K63430059-001-16-4,,['DNA synthesis inhibitor'],-6.687181,-0.83293647
BR00117010,M15,U2OS,48,cyclosporine,compound,BRD-K13533483-001-16-2,,,-3.0236285,2.6165593
BR00117010,M16,U2OS,48,NSC-632839,compound,BRD-K81197548-003-01-4,poscon_cp,['ubiquitin specific protease inhibitor'],-0.062261764,4.3776655
BR00117010,M17,U2OS,48,DMSO,compound,,negcon,,-7.404618,-1.1006093
BR00117010,M18,U2OS,48,TG-003,compound,BRD-K97072811-001-11-4,poscon_cp,,-5.744547,-1.239313
BR00117010,M19,U2OS,48,oxibendazole,compound,BRD-K52075715-001-06-7,,['tubulin polymerization inhibitor'],-0.061691068,2.308822
BR00117010,M20,U2OS,48,TG-101348,compound,BRD-K12502280-001-11-4,poscon_cp,"['JAK inhibitor', 'FLT3 inhibitor']",-0.99383116,4.3599358
BR00117010,M21,U2OS,48,miglitol,compound,BRD-A63310107-001-04-8,,['glucosidase inhibitor'],-5.3356185,-1.046795
BR00117010,M22,U2OS,48,DMSO,compound,,negcon,,-7.0778217,-1.6227307
BR00117010,M23,U2OS,48,DMSO,compound,,negcon,,-6.405477,-1.1341003
BR00117010,M24,U2OS,48,tranilast,compound,BRD-K17849083-001-32-9,,,-3.38888,0.20157726
BR00117010,N01,U2OS,48,4-methylhistamine,compound,BRD-K70821460-300-02-4,,['histamine receptor agonist'],-4.685518,0.6800682
BR00117010,N02,U2OS,48,LDN-27219,compound,BRD-K51485109-001-01-4,,,-5.4897184,-1.1966377
BR00117010,N03,U2OS,48,anisomycin,compound,BRD-K91370081-001-25-1,,['DNA synthesis inhibitor'],-0.57998794,3.7768893
BR00117010,N04,U2OS,48,thioguanine,compound,BRD-K49350383-001-13-7,poscon_diverse,,-3.3497207,1.8753619
BR00117010,N05,U2OS,48,droxinostat,compound,BRD-K11558771-001-13-9,,['HDAC inhibitor'],-5.2414412,-0.7550511
BR00117010,N06,U2OS,48,UNC2025,compound,BRD-K91283740-003-01-6,poscon_cp,['FLT3 inhibitor'],-0.61879426,3.2603836
BR00117010,N07,U2OS,48,DMSO,compound,,negcon,,-6.4362645,-2.1250536
BR00117010,N08,U2OS,48,DMSO,compound,,negcon,,-6.5773554,-2.0427759
BR00117010,N09,U2OS,48,AMG900,compound,BRD-K21728777-001-02-3,poscon_cp,['Aurora kinase inhibitor'],-0.81605387,0.43052864
BR00117010,N10,U2OS,48,PF-06463922,compound,BRD-A23124853-001-01-4,,['ALK tyrosine kinase receptor inhibitor'],-4.662608,1.9364095
BR00117010,N11,U2OS,48,orantinib,compound,BRD-K55966568-001-09-6,poscon_cp,"['FGFR inhibitor', 'PDGFR tyrosine kinase receptor inhibitor', 'VEGFR inhibitor']",-4.944529,1.1629971
BR00117010,N12,U2OS,48,fludarabine-phosphate,compound,BRD-K71106091-001-09-5,,['ribonucleotide reductase inhibitor'],-1.3255719,0.052278154
BR00117010,N13,U2OS,48,ceritinib,compound,BRD-K22149900-001-06-2,,['ALK tyrosine kinase receptor inhibitor'],-4.710903,2.1197581
BR00117010,N14,U2OS,48,NVS-PAK1-1,compound,BRD-K28132190-001-02-0,poscon_cp,['p21 activated kinase inhibitor'],-3.3688855,1.9204118
BR00117010,N15,U2OS,48,homoharringtonine,compound,BRD-K76674262-001-03-3,,['protein synthesis inhibitor'],-0.58584195,3.8236022
BR00117010,N16,U2OS,48,picrotoxinin,compound,BRD-K36461289-001-05-8,,['GABA receptor antagonist'],-5.822334,-1.7249666
BR00117010,N17,U2OS,48,DMSO,compound,,negcon,,-6.603782,-1.9800543
BR00117010,N18,U2OS,48,danusertib,compound,BRD-K07881437-001-03-8,poscon_diverse,"['growth factor receptor inhibitor', 'Aurora kinase inhibitor']",-1.1369264,0.31595945
BR00117010,N19,U2OS,48,romidepsin,compound,BRD-K61397605-001-01-8,poscon_cp,['HDAC inhibitor'],-0.08207354,4.0536876
BR00117010,N20,U2OS,48,FERb-033,compound,BRD-K61642990-001-01-0,poscon_cp,['EGFR inhibitor'],-5.0113096,-0.17227879
BR00117010,N21,U2OS,48,PF-03758309,compound,BRD-K37764012-001-03-3,poscon_diverse,['p21 activated kinase inhibitor'],-0.56722987,3.6614528
BR00117010,N22,U2OS,48,DMSO,compound,,negcon,,-6.036782,-1.91145
BR00117010,N23,U2OS,48,trometamol,compound,BRD-K47978074-001-03-2,,,-3.5306904,0.34670073
BR00117010,N24,U2OS,48,simvastatin,compound,BRD-K22134346-001-22-3,,['HMGCR inhibitor'],-2.8789814,1.843728
BR00117010,O01,U2OS,48,zaprinast,compound,BRD-K16542329-001-16-8,,['phosphodiesterase inhibitor'],-6.7765193,-0.47420943
BR00117010,O02,U2OS,48,dexamethasone,compound,BRD-A10188456-001-04-9,,['glucocorticoid receptor agonist'],-6.124889,0.98648334
BR00117010,O03,U2OS,48,salicylic-acid,compound,BRD-K93632104-001-17-2,,['cyclooxygenase inhibitor'],-6.9629087,-0.28384846
BR00117010,O04,U2OS,48,diltiazem,compound,BRD-A69636825-003-04-7,,['calcium channel blocker'],-7.012469,-0.5364952
BR00117010,O05,U2OS,48,phenolphthalein,compound,BRD-K19227686-001-18-6,,,-6.938386,-0.52319235
BR00117010,O06,U2OS,48,niflumic-acid,compound,BRD-K98763141-001-30-8,,['cyclooxygenase inhibitor'],-7.182223,-0.7982046
BR00117010,O07,U2OS,48,DMSO,compound,,negcon,,-7.630811,-1.0827259
BR00117010,O08,U2OS,48,L-Cystine,compound,BRD-A15397381-001-02-5,,,-7.0097547,-0.59225476
BR00117010,O09,U2OS,48,ozanimod,compound,BRD-K46625559-001-01-8,,['sphingosine 1 phosphate receptor agonist'],-5.1962585,2.5115728
BR00117010,O10,U2OS,48,efaroxan,compound,BRD-A10739734-003-09-8,,['adrenergic receptor antagonist'],-6.9976153,-0.96724313
BR00117010,O11,U2OS,48,NBQX,compound,BRD-K11796549-001-05-2,,['glutamate receptor antagonist'],-6.5431943,-0.66729486
BR00117010,O12,U2OS,48,dinoprostone,compound,BRD-K26521938-001-07-2,,['prostanoid receptor agonist'],-6.71947,-0.08656553
BR00117010,O13,U2OS,48,Ro-20-1724,compound,BRD-A07207424-001-14-0,,['phosphodiesterase inhibitor'],-7.1145086,-0.8586275
BR00117010,O14,U2OS,48,xanomeline,compound,BRD-K72815923-034-02-0,,['acetylcholine receptor agonist'],-6.806744,-0.9436483
BR00117010,O15,U2OS,48,terazosin,compound,BRD-K01825589-310-02-9,,['adrenergic receptor antagonist'],-6.9303713,-0.49384302
BR00117010,O16,U2OS,48,BVT-948,compound,BRD-K68567222-001-01-2,,,-0.8305994,4.2426825
BR00117010,O17,U2OS,48,nicotine,compound,BRD-K01825660-322-01-9,,['acetylcholine receptor agonist'],-7.145476,-0.6982669
BR00117010,O18,U2OS,48,DMSO,compound,,negcon,,-7.0677857,-1.8338941
BR00117010,O19,U2OS,48,U-0521,compound,BRD-K08953028-001-09-6,,,-6.276986,0.08308155
BR00117010,O20,U2OS,48,BMS-587101,compound,BRD-K20093108-001-02-3,,,-5.1746945,0.4290694
BR00117010,O21,U2OS,48,nimodipine,compound,BRD-A58048407-001-20-4,,['calcium channel blocker'],-5.655856,0.29009518
BR00117010,O22,U2OS,48,pyrrolidine-dithiocarbamate,compound,BRD-K80970344-201-08-6,,,0.3627288,4.3497353
BR00117010,O23,U2OS,48,PF-915275,compound,BRD-K18289362-001-02-2,,,-5.587565,-0.24979275
BR00117010,O24,U2OS,48,JTE-013,compound,BRD-K43330982-001-02-3,,,-3.4424744,0.21992427
BR00117010,P01,U2OS,48,sodium-butyrate,compound,BRD-K05878375-236-05-7,,['HDAC inhibitor'],-2.63275,-0.7968375
BR00117010,P02,U2OS,48,pentostatin,compound,BRD-K91543828-001-02-0,,['ribonucleotide reductase inhibitor'],-4.812008,-0.5869589
BR00117010,P03,U2OS,48,OMDM-2,compound,BRD-K48830578-001-01-9,,,-4.532496,-0.20872486
BR00117010,P04,U2OS,48,nalmefene,compound,BRD-A72767275-003-01-6,,,-4.8590837,-0.520167
BR00117010,P05,U2OS,48,DMSO,compound,,negcon,,-5.2950163,-0.9259673
BR00117010,P06,U2OS,48,1-EBIO,compound,BRD-K70586315-001-02-4,,,-4.9280562,-0.4043291
BR00117010,P07,U2OS,48,SB-505124,compound,BRD-K40109029-001-02-9,,['ALK tyrosine kinase receptor inhibitor'],-2.812645,0.6705476
BR00117010,P08,U2OS,48,prasugrel,compound,BRD-A83029242-001-06-1,,['purinergic receptor antagonist'],-3.878043,-0.07996851
BR00117010,P09,U2OS,48,pidolic-acid,compound,BRD-K57313110-001-06-8,,,-4.671105,-0.5320569
BR00117010,P10,U2OS,48,DMSO,compound,,negcon,,-4.7963853,-0.44686854
BR00117010,P11,U2OS,48,nevirapine,compound,BRD-K15502390-001-20-9,,,-4.633945,-0.79737073
BR00117010,P12,U2OS,48,triamterene,compound,BRD-K92049597-001-20-8,,['sodium channel blocker'],-4.326197,-0.40753752
BR00117010,P13,U2OS,48,regorafenib,compound,BRD-K16730910-001-07-3,,"['PDGFR tyrosine kinase receptor inhibitor', 'RAF inhibitor', 'KIT inhibitor', 'RET tyrosine kinase inhibitor', 'FGFR inhibitor', 'VEGFR inhibitor']",-4.387294,1.5405936
BR00117010,P14,U2OS,48,cyclophosphamide,compound,BRD-A09722536-002-18-0,,,-4.7016273,-0.5039803
BR00117010,P15,U2OS,48,olanzapine,compound,BRD-K18895904-001-16-1,,"['dopamine receptor antagonist', 'serotonin receptor antagonist']",-4.9340105,2.589348
BR00117010,P16,U2OS,48,KI-16425,compound,BRD-A25569250-001-03-3,,['lysophosphatidic acid receptor antagonist'],-4.300581,-0.3704907
BR00117010,P17,U2OS,48,SKLB1002,compound,BRD-K29895144-001-01-0,,['VEGFR inhibitor'],-1.2969105,0.21003783
BR00117010,P18,U2OS,48,cilostazol,compound,BRD-K67017579-001-28-1,,['phosphodiesterase inhibitor'],-4.654315,-0.4692953
BR00117010,P19,U2OS,48,AZD1283,compound,BRD-K77060810-001-01-5,,['purinergic receptor antagonist'],-4.3388505,-0.41275716
BR00117010,P20,U2OS,48,A-987306,compound,BRD-K68982262-001-01-4,,['histamine receptor antagonist'],-4.9455037,2.6234374
BR00117010,P21,U2OS,48,procaine,compound,BRD-K24616672-003-20-1,,['HMGCR inhibitor'],-4.060778,-0.5128707
BR00117010,P22,U2OS,48,miconazole,compound,BRD-A82396632-008-30-8,,['bacterial cell wall synthesis inhibitor'],-4.09925,-0.13345559
BR00117010,P23,U2OS,48,loperamide,compound,BRD-K61250553-003-30-6,,,-3.3518484,0.36750048
BR00117010,P24,U2OS,48,aripiprazole,compound,BRD-K70358946-001-17-3,,['serotonin receptor antagonist'],-3.404244,0.115155436
BR00117011,A01,U2OS,48,gabapentin-enacarbil,compound,BRD-A86665761-001-01-1,,,-3.6542122,-1.111791
BR00117011,A02,U2OS,48,DMSO,compound,,negcon,,-4.2029543,-2.4706786
BR00117011,A03,U2OS,48,amlodipine,compound,BRD-A22032524-074-09-9,,['calcium channel blocker'],-0.6432136,2.1648405
BR00117011,A04,U2OS,48,hexestrol,compound,BRD-A01078468-001-14-8,,,-5.790113,-0.5976432
BR00117011,A05,U2OS,48,quinine,compound,BRD-K48278478-001-01-2,,,-5.3346024,-0.6884928
BR00117011,A06,U2OS,48,LOXO-101,compound,BRD-K36574127-001-01-3,,,-5.127099,-1.0235252
BR00117011,A07,U2OS,48,brinzolamide,compound,BRD-K74913225-001-14-0,,['carbonic anhydrase inhibitor'],-5.004424,-1.2377225
BR00117011,A08,U2OS,48,NS-11021,compound,BRD-K94342292-001-01-3,,['calcium-activated potassium channel activator'],-3.2874832,2.7161434
BR00117011,A09,U2OS,48,DMSO,compound,,negcon,,-5.2208757,-1.3852686
BR00117011,A10,U2OS,48,GNF-5837,compound,BRD-K19975102-001-01-2,,['growth factor receptor inhibitor'],-3.9947903,0.87816954
BR00117011,A11,U2OS,48,apatinib,compound,BRD-K25244359-066-02-6,,['RET tyrosine kinase inhibitor'],-5.145305,1.782389
BR00117011,A12,U2OS,48,ethoxzolamide,compound,BRD-K18131774-001-18-4,,['carbonic anhydrase inhibitor'],-5.1426425,-0.81883097
BR00117011,A13,U2OS,48,ascorbic-acid,compound,BRD-A85242401-001-11-5,,,-2.9051619,0.46473038
BR00117011,A14,U2OS,48,ryuvidine,compound,BRD-K06426971-001-02-7,,['histone lysine methyltransferase inhibitor'],0.48630282,4.687562
BR00117011,A15,U2OS,48,BAN-ORL-24,compound,BRD-K47049295-300-03-1,,,-0.9272399,1.8656487
BR00117011,A16,U2OS,48,NNC-55-0396,compound,BRD-K78122587-300-04-3,,,-4.7171125,2.7872555
BR00117011,A17,U2OS,48,DMSO,compound,,negcon,,-4.3572493,-0.47591022
BR00117011,A18,U2OS,48,WH-4-023,compound,BRD-K50199947-001-03-4,,['src inhibitor'],-2.2649624,2.1009238
BR00117011,A19,U2OS,48,flupirtine,compound,BRD-K50720187-051-03-1,,['glutamate receptor antagonist'],-3.329881,0.7485821
BR00117011,A20,U2OS,48,ZK811752,compound,BRD-K91825936-001-03-9,,,-3.3619444,0.61591333
BR00117011,A21,U2OS,48,dexamethasone,compound,BRD-K38775274-001-22-1,,['glucocorticoid receptor agonist'],-3.0862415,1.5095977
BR00117011,A22,U2OS,48,PP-1,compound,BRD-K47598052-001-14-1,,['src inhibitor'],-2.5095098,1.750517
BR00117011,A23,U2OS,48,DDR1-IN-1,compound,BRD-K61845293-300-01-9,,,-4.8785157,2.347914
BR00117011,A24,U2OS,48,AVL-292,compound,BRD-K87782578-001-01-4,,"[""Bruton's tyrosine kinase (BTK) inhibitor""]",-2.0383554,2.4168646
BR00117011,B01,U2OS,48,H2L-5765834,compound,BRD-K26439554-001-01-3,,['lysophosphatidic acid receptor antagonist'],-5.6810813,-0.66345704
BR00117011,B02,U2OS,48,thiostrepton,compound,BRD-K58049875-001-03-9,,['protein synthesis inhibitor'],0.005868249,4.501177
BR00117011,B03,U2OS,48,DMSO,compound,,negcon,,-6.346888,-2.280704
BR00117011,B04,U2OS,48,arcyriaflavin-a,compound,BRD-K72726508-001-02-1,,['CDK inhibitor'],-2.72476,2.0739179
BR00117011,B05,U2OS,48,CYM-5520,compound,BRD-K29151923-001-01-5,,['sphingosine 1 phosphate receptor agonist'],-5.853893,-1.2807696
BR00117011,B06,U2OS,48,fludarabine,compound,BRD-K66788707-001-14-3,,['ribonucleotide reductase inhibitor'],-1.656062,-0.22717576
BR00117011,B07,U2OS,48,alda-1,compound,BRD-K06890060-001-09-1,,,-5.5252585,-1.0669172
BR00117011,B08,U2OS,48,meclofenamic-acid,compound,BRD-K50398167-236-22-7,,"['cyclooxygenase inhibitor', 'prostanoid receptor antagonist']",-5.1518044,-0.77448
BR00117011,B09,U2OS,48,GNF-5,compound,BRD-K87632963-001-03-0,,['Bcr-Abl kinase inhibitor'],-4.5760283,0.10181347
BR00117011,B10,U2OS,48,NS-309,compound,BRD-K37602296-001-01-6,,['calcium-activated potassium channel activator'],-4.577441,0.84449005
BR00117011,B11,U2OS,48,AK-7,compound,BRD-K09143580-001-01-0,,['SIRT inhibitor'],-4.321182,0.3948346
BR00117011,B12,U2OS,48,BVT-948,compound,BRD-A22713669-001-04-3,,,0.50957906,4.845467
BR00117011,B13,U2OS,48,SirReal-2,compound,BRD-K16472653-001-01-6,,['SIRT inhibitor'],-4.381588,1.185967
BR00117011,B14,U2OS,48,DMSO,compound,,negcon,,-6.724844,-2.1423402
BR00117011,B15,U2OS,48,BMS-536924,compound,BRD-K34581968-001-05-3,,['IGF-1 inhibitor'],-2.242116,2.0711386
BR00117011,B16,U2OS,48,PP-121,compound,BRD-K81801188-001-02-8,,['protein tyrosine kinase inhibitor'],-1.3085365,2.647592
BR00117011,B17,U2OS,48,MCOPPB,compound,BRD-K73276278-305-01-1,,,-5.120415,3.6604586
BR00117011,B18,U2OS,48,ozagrel,compound,BRD-K53061490-003-13-9,,,-5.6125712,-0.98434424
BR00117011,B19,U2OS,48,CYM-5442,compound,BRD-A43005764-003-01-5,,['sphingosine 1 phosphate receptor agonist'],-5.111838,2.7301595
BR00117011,B20,U2OS,48,CVT-10216,compound,BRD-K60659193-001-01-0,,,-6.0726404,-1.2329669
BR00117011,B21,U2OS,48,TCN201,compound,BRD-K09787262-001-02-7,,['glutamate receptor antagonist'],-2.2592113,0.14519583
BR00117011,B22,U2OS,48,fomepizole,compound,BRD-K56810756-003-07-7,,['alcohol dehydrogenase inhibitor'],-5.188578,0.41744223
BR00117011,B23,U2OS,48,benzamil,compound,BRD-K87158025-003-08-7,,['sodium channel blocker'],-4.5023656,0.7652553
BR00117011,B24,U2OS,48,lercanidipine,compound,BRD-A18992208-003-02-7,,['calcium channel blocker'],-3.5547128,0.41411808
BR00117011,C01,U2OS,48,4-CMTB,compound,BRD-A54139254-001-09-2,,['free fatty acid receptor agonist'],-5.730748,-0.29250273
BR00117011,C02,U2OS,48,ML-228,compound,BRD-K44432556-001-05-5,,,-6.2981997,-1.0657418
BR00117011,C03,U2OS,48,DMSO,compound,,negcon,,-7.2977796,-1.3071774
BR00117011,C04,U2OS,48,GSK1070916,compound,BRD-K36740062-001-06-6,,['Aurora kinase inhibitor'],-1.1409583,1.3884457
BR00117011,C05,U2OS,48,ML-193,compound,BRD-K27539181-001-08-5,,,-6.8115025,-0.77837855
BR00117011,C06,U2OS,48,DMSO,compound,,negcon,,-7.226073,-1.4347291
BR00117011,C07,U2OS,48,M-25,compound,BRD-K51265828-001-01-0,,['smoothened receptor antagonist'],-6.115292,-0.8945014
BR00117011,C08,U2OS,48,azeliragon,compound,BRD-K51899933-001-02-6,,['RAGE receptor antagonist'],-0.69441324,4.088646
BR00117011,C09,U2OS,48,CYT-997,compound,BRD-K23363278-001-02-1,poscon_diverse,['tubulin polymerization inhibitor'],-0.029862415,2.3978107
BR00117011,C10,U2OS,48,AR-12,compound,BRD-K90497590-001-05-9,,,0.34053117,5.0345383
BR00117011,C11,U2OS,48,CYM-50260,compound,BRD-K69877120-001-01-7,,['sphingosine 1 phosphate receptor agonist'],-6.1819344,-0.5265577
BR00117011,C12,U2OS,48,DMSO,compound,,negcon,,-7.308104,-1.478333
BR00117011,C13,U2OS,48,KG-5,compound,BRD-K90747162-001-01-4,poscon_cp,['RAF inhibitor'],-0.23325935,1.7263091
BR00117011,C14,U2OS,48,JTE-607,compound,BRD-K81405859-300-01-4,,,-1.3647935,0.5015817
BR00117011,C15,U2OS,48,DMSO,compound,,negcon,,-7.1540246,-1.7937903
BR00117011,C16,U2OS,48,ilomastat,compound,BRD-K51662849-001-05-4,,['matrix metalloprotease inhibitor'],-4.6580443,-1.2282449
BR00117011,C17,U2OS,48,RX-821002,compound,BRD-A65597028-003-08-1,,['adrenergic receptor antagonist'],-5.6514544,-0.46584657
BR00117011,C18,U2OS,48,DMSO,compound,,negcon,,-7.131932,-1.661943
BR00117011,C19,U2OS,48,TUG-891,compound,BRD-K24282351-001-01-4,,['free fatty acid receptor agonist'],-6.458391,-0.9372311
BR00117011,C20,U2OS,48,ponatinib,compound,BRD-K44227013-001-08-0,,"['PDGFR tyrosine kinase receptor inhibitor', 'FLT3 inhibitor', 'Bcr-Abl kinase inhibitor']",0.36445504,4.3791165
BR00117011,C21,U2OS,48,DMSO,compound,,negcon,,-6.8997126,-1.2441597
BR00117011,C22,U2OS,48,puromycin,compound,BRD-K01824976-300-02-9,,['protein synthesis inhibitor'],0.1842755,4.3716226
BR00117011,C23,U2OS,48,SRC-kinase-inhibitor-I,compound,BRD-K50495309-001-02-0,,['src inhibitor'],-5.2389216,2.919536
BR00117011,C24,U2OS,48,acetylcysteine,compound,BRD-K59058747-001-19-1,,,-3.817009,-0.026425645
BR00117011,D01,U2OS,48,NSC-625987,compound,BRD-K62949423-001-03-1,,['CDK inhibitor'],-5.7328205,-0.71416694
BR00117011,D02,U2OS,48,dalfampridine,compound,BRD-K22482860-001-20-6,,['potassium channel blocker'],-6.601016,-1.39553
BR00117011,D03,U2OS,48,NSC-95397,compound,BRD-K68143200-001-11-7,,['CDC inhibitor'],-0.29912943,4.3932724
BR00117011,D04,U2OS,48,alrestatin,compound,BRD-K35498378-001-06-1,,['aldose reductase inhibitor'],-5.421691,-1.4581125
BR00117011,D05,U2OS,48,PF-03758309,compound,BRD-K37764012-001-03-3,poscon_diverse,['p21 activated kinase inhibitor'],-5.8421035,-1.0975488
BR00117011,D06,U2OS,48,IRL-2500,compound,BRD-K98357249-001-02-9,,['endothelin receptor antagonist'],-5.700337,-1.3296741
BR00117011,D07,U2OS,48,PF-04217903,compound,BRD-K73319509-001-08-0,poscon_cp,,-6.105897,-0.84728503
BR00117011,D08,U2OS,48,FK-866,compound,BRD-K58550667-001-08-7,poscon_diverse,,-1.8490154,5.0969496
BR00117011,D09,U2OS,48,amlexanox,compound,BRD-K29530284-001-06-2,,,-6.115073,-1.0157118
BR00117011,D10,U2OS,48,GW-311616,compound,BRD-K37864785-001-01-0,,['elastase inhibitor'],-5.6395774,-1.0155172
BR00117011,D11,U2OS,48,buparlisib,compound,BRD-K42191735-001-08-7,poscon_diverse,,-0.23052865,2.5110722
BR00117011,D12,U2OS,48,amiloride,compound,BRD-K97181089-003-24-7,,['sodium channel blocker'],-5.413238,-0.7097275
BR00117011,D13,U2OS,48,DG-172,compound,BRD-K75748943-300-01-3,,,-5.2187476,2.7959952
BR00117011,D14,U2OS,48,DMSO,compound,,negcon,,-7.54073,-1.413144
BR00117011,D15,U2OS,48,DMSO,compound,,negcon,,-5.9024634,-2.189973
BR00117011,D16,U2OS,48,NVP-ADW742,compound,BRD-K15179513-001-04-2,poscon_cp,,-4.7297473,3.476977
BR00117011,D17,U2OS,48,misoprostol,compound,BRD-A72351335-001-04-5,,['prostanoid receptor agonist'],-2.6845894,0.4702856
BR00117011,D18,U2OS,48,conivaptan,compound,BRD-K37385792-003-02-1,,,-5.1865973,2.1119933
BR00117011,D19,U2OS,48,spiroxatrine,compound,BRD-A72483914-001-03-7,,['serotonin receptor antagonist'],-5.609267,0.35017288
BR00117011,D20,U2OS,48,diacerein,compound,BRD-K69122748-001-10-1,,,-6.33433,-0.8940617
BR00117011,D21,U2OS,48,DMSO,compound,,negcon,,-6.5536838,-1.4386144
BR00117011,D22,U2OS,48,DMSO,compound,,negcon,,-6.9556417,-1.6286995
BR00117011,D23,U2OS,48,glyburide,compound,BRD-K36927236-001-36-7,,['ATP channel blocker'],-5.368216,0.023582984
BR00117011,D24,U2OS,48,ANR-94,compound,BRD-K31170746-001-01-6,,,-4.170215,-0.16154589
BR00117011,E01,U2OS,48,TFC-007,compound,BRD-K57708067-001-01-3,,,-5.9290075,-0.90710676
BR00117011,E02,U2OS,48,trihexyphenidyl,compound,BRD-A48180038-003-24-3,,['acetylcholine receptor antagonist'],-3.8739893,2.2576327
BR00117011,E03,U2OS,48,epoprostenol,compound,BRD-K64054020-001-02-7,,,-7.1037774,-0.9670184
BR00117011,E04,U2OS,48,sacubitril,compound,BRD-K91456750-001-01-9,,,-6.6715283,-0.9461227
BR00117011,E05,U2OS,48,danusertib,compound,BRD-K07881437-001-03-8,poscon_diverse,"['growth factor receptor inhibitor', 'Aurora kinase inhibitor']",-1.2574412,0.42317662
BR00117011,E06,U2OS,48,CYT-997,compound,BRD-K23363278-001-02-1,poscon_diverse,['tubulin polymerization inhibitor'],0.05564898,2.1446934
BR00117011,E07,U2OS,48,DMSO,compound,,negcon,,-7.2228103,-1.5630248
BR00117011,E08,U2OS,48,BQ-788,compound,BRD-K02490038-236-03-8,,['endothelin receptor antagonist'],-6.797911,-1.4686722
BR00117011,E09,U2OS,48,SB-202190,compound,BRD-K54330070-001-19-6,poscon_orf,['p38 MAPK inhibitor'],-5.7032495,1.399565
BR00117011,E10,U2OS,48,GSK2110183,compound,BRD-K25412176-001-01-9,poscon_diverse,,-4.665592,1.6017424
BR00117011,E11,U2OS,48,GSK3787,compound,BRD-K03155172-001-03-0,,['PPAR receptor antagonist'],-6.2832017,0.25653413
BR00117011,E12,U2OS,48,BAM7,compound,BRD-K07442505-001-03-6,,,-4.514821,0.33943442
BR00117011,E13,U2OS,48,PHA-793887,compound,BRD-K64800655-001-09-0,poscon_diverse,['CDK inhibitor'],-1.3324175,3.1012409
BR00117011,E14,U2OS,48,DMSO,compound,,negcon,,-6.881073,-2.0916123
BR00117011,E15,U2OS,48,GSK-37647,compound,BRD-K26514105-001-01-7,,['free fatty acid receptor agonist'],-5.9484763,0.6653643
BR00117011,E16,U2OS,48,desonide,compound,BRD-K21528677-001-04-4,,['glucocorticoid receptor agonist'],-4.9994154,1.0709934
BR00117011,E17,U2OS,48,DMSO,compound,,negcon,,-6.4426684,-1.7412857
BR00117011,E18,U2OS,48,aloxistatin,compound,BRD-K91188791-001-17-5,,,-5.45125,3.2447605
BR00117011,E19,U2OS,48,azathioprine,compound,BRD-K32821942-001-22-1,,,-5.1046853,1.1021452
BR00117011,E20,U2OS,48,ZK-93423,compound,BRD-K33882852-003-02-8,poscon_diverse,['benzodiazepine receptor agonist'],-3.844522,0.6634394
BR00117011,E21,U2OS,48,BI-2536,compound,BRD-K64890080-001-02-1,poscon_diverse,,0.22655247,2.9048934
BR00117011,E22,U2OS,48,EI1,compound,BRD-K91535048-001-01-2,poscon_cp,['histone lysine methyltransferase inhibitor'],-4.563013,0.12217483
BR00117011,E23,U2OS,48,NVP-HSP990,compound,BRD-K67915505-001-01-2,,['HSP inhibitor'],-0.56400585,3.6921525
BR00117011,E24,U2OS,48,DMSO,compound,,negcon,,-3.5399406,-0.18907022
BR00117011,F01,U2OS,48,DMSO,compound,,negcon,,-6.359637,-1.1834822
BR00117011,F02,U2OS,48,nialamide,compound,BRD-K12102668-001-25-5,,,-2.6161418,2.4147568
BR00117011,F03,U2OS,48,DMSO,compound,,negcon,,-6.3357596,-2.1783755
BR00117011,F04,U2OS,48,arundic-acid,compound,BRD-K49223707-001-01-0,,,-5.2807455,-0.05306965
BR00117011,F05,U2OS,48,torcitabine,compound,BRD-K91822704-003-07-2,,,-5.7422023,-1.475634
BR00117011,F06,U2OS,48,DMSO,compound,,negcon,,-6.54149,-1.9764605
BR00117011,F07,U2OS,48,epothilone-b,compound,BRD-K68164687-001-01-6,,"['microtubule stabilizing agent', 'tubulin polymerization inhibitor']",-0.22697325,1.6511627
BR00117011,F08,U2OS,48,dyphylline,compound,BRD-A00827783-001-24-6,,['phosphodiesterase inhibitor'],-5.536672,-0.91365755
BR00117011,F09,U2OS,48,DMSO,compound,,negcon,,-6.498624,-2.1602902
BR00117011,F10,U2OS,48,quinidine,compound,BRD-K59632282-052-03-1,,['sodium channel blocker'],-3.0524724,0.569428
BR00117011,F11,U2OS,48,halopemide,compound,BRD-K50055394-001-03-6,,,-4.956109,1.2232018
BR00117011,F12,U2OS,48,sulfinpyrazone,compound,BRD-A36217750-001-16-3,,,-5.2362,-1.2860367
BR00117011,F13,U2OS,48,ML-323,compound,BRD-K93942811-001-01-3,poscon_cp,['ubiquitin specific protease inhibitor'],-4.108433,0.42700893
BR00117011,F14,U2OS,48,racecadotril,compound,BRD-A08187463-001-12-9,,,-4.0535245,0.64450717
BR00117011,F15,U2OS,48,BRL-50481,compound,BRD-K84266862-001-03-2,,['phosphodiesterase inhibitor'],-5.473724,-1.2241354
BR00117011,F16,U2OS,48,GSK2110183,compound,BRD-K25412176-001-01-9,poscon_diverse,,-4.7172647,1.57552
BR00117011,F17,U2OS,48,bufexamac,compound,BRD-K36660044-001-24-2,,['cyclooxygenase inhibitor'],-6.0548306,-0.21345419
BR00117011,F18,U2OS,48,anandamide,compound,BRD-K42352790-001-05-3,,,-4.5418944,0.32886806
BR00117011,F19,U2OS,48,thioguanine,compound,BRD-K49350383-001-13-7,poscon_diverse,,-3.3219562,1.9188654
BR00117011,F20,U2OS,48,IWP-L6,compound,BRD-K53234107-001-01-6,,['porcupine inhibitor'],-5.4754653,0.11710081
BR00117011,F21,U2OS,48,edoxaban,compound,BRD-K29322660-001-01-9,,['coagulation factor inhibitor'],-4.4543943,0.102189295
BR00117011,F22,U2OS,48,lonafarnib,compound,BRD-K41599323-001-02-3,poscon_diverse,,-3.3825643,2.3812535
BR00117011,F23,U2OS,48,ibutamoren,compound,BRD-K44771174-066-01-0,,,-4.3245997,1.2070682
BR00117011,F24,U2OS,48,somatostatin,compound,BRD-K14681867-001-01-6,,['somatostatin receptor agonist'],-3.6833854,-0.000388509
BR00117011,G01,U2OS,48,L-proline,compound,BRD-K01666412-001-02-0,,,-5.829919,-0.5139665
BR00117011,G02,U2OS,48,zamifenacin,compound,BRD-K80451230-051-02-6,,['acetylcholine receptor antagonist'],-6.3982196,-0.49137476
BR00117011,G03,U2OS,48,YC-1,compound,BRD-K60476892-001-16-1,,,-0.75459397,3.1584024
BR00117011,G04,U2OS,48,DMSO,compound,,negcon,,-7.3972406,-1.4291635
BR00117011,G05,U2OS,48,ME-0328,compound,BRD-K24283677-001-01-9,,['PPAR receptor antagonist'],-6.0106907,-0.21316251
BR00117011,G06,U2OS,48,NSC-663284,compound,BRD-K03109492-001-02-2,,['CDC inhibitor'],0.5432237,4.6426406
BR00117011,G07,U2OS,48,CYM-50358,compound,BRD-K80666802-003-01-0,,,-5.383975,2.5957832
BR00117011,G08,U2OS,48,trazodone,compound,BRD-K70778732-003-27-5,,"['adrenergic receptor antagonist', 'serotonin receptor antagonist']",-6.477191,-1.1900568
BR00117011,G09,U2OS,48,DMSO,compound,,negcon,,-7.1475058,-1.1634176
BR00117011,G10,U2OS,48,DMSO,compound,,negcon,,-7.4469576,-1.4955304
BR00117011,G11,U2OS,48,sulfasalazine,compound,BRD-K10670311-001-17-1,,['cyclooxygenase inhibitor'],-6.403617,-0.11986361
BR00117011,G12,U2OS,48,"2,5-furandimethanol",compound,BRD-K29791386-001-01-8,,,-6.0192523,-0.9686419
BR00117011,G13,U2OS,48,DMSO,compound,,negcon,,-6.3531017,-1.7420986
BR00117011,G14,U2OS,48,dilazep,compound,BRD-K48722258-300-11-0,,,-5.460327,-0.18883966
BR00117011,G15,U2OS,48,felodipine,compound,BRD-A30815329-001-12-1,,['calcium channel blocker'],-5.0711265,1.0176322
BR00117011,G16,U2OS,48,paliperidone,compound,BRD-A99888680-001-05-3,,"['dopamine receptor antagonist', 'serotonin receptor antagonist']",-5.208741,-0.066515505
BR00117011,G17,U2OS,48,purvalanol-a,compound,BRD-K50836978-001-03-3,poscon_orf,['CDK inhibitor'],-2.1099217,1.0908937
BR00117011,G18,U2OS,48,DMSO,compound,,negcon,,-5.5185876,-1.5284439
BR00117011,G19,U2OS,48,Ro-1138452,compound,BRD-K77220725-003-01-5,,['prostanoid receptor antagonist'],-3.8432503,0.2134685
BR00117011,G20,U2OS,48,sorbinil,compound,BRD-A89164055-001-03-3,,['aldose reductase inhibitor'],-5.8308024,-0.7094954
BR00117011,G21,U2OS,48,TC-S-7004,compound,BRD-K89517477-001-01-4,poscon_cp,['DYRK inhibitor'],-3.8551955,1.4600296
BR00117011,G22,U2OS,48,saclofen,compound,BRD-A24122750-001-03-7,,['GABA receptor antagonist'],-4.6596513,-0.1851875
BR00117011,G23,U2OS,48,BAY-87-2243,compound,BRD-K70463136-001-01-5,,,-3.671649,0.71078235
BR00117011,G24,U2OS,48,ibudilast,compound,BRD-K16444452-001-09-1,,['phosphodiesterase inhibitor'],-4.4624906,0.14922312
BR00117011,H01,U2OS,48,briciclib,compound,BRD-K05531427-001-01-7,,,0.019007407,2.4135008
BR00117011,H02,U2OS,48,2-Oleoylglycerol,compound,BRD-K77087341-001-02-4,,,-5.5379415,-0.65436536
BR00117011,H03,U2OS,48,RGFP966,compound,BRD-K61688984-001-02-9,poscon_cp,['HDAC inhibitor'],-3.0263715,1.3643161
BR00117011,H04,U2OS,48,DMSO,compound,,negcon,,-6.125949,-1.7995405
BR00117011,H05,U2OS,48,azacitidine,compound,BRD-K03406345-001-21-1,poscon_diverse,,-5.9574966,0.606179
BR00117011,H06,U2OS,48,N6-cyclopentyladenosine,compound,BRD-K60150510-001-15-6,,,-5.300262,-0.38851315
BR00117011,H07,U2OS,48,filgotinib,compound,BRD-K16803204-001-01-6,poscon_cp,['JAK inhibitor'],-5.868025,0.9160991
BR00117011,H08,U2OS,48,guanidine,compound,BRD-K76037122-001-02-5,,['HSP inhibitor'],-5.1189575,0.4598656
BR00117011,H09,U2OS,48,coumarin,compound,BRD-K23913458-001-20-7,,,-6.2105904,0.8658743
BR00117011,H10,U2OS,48,DMSO,compound,,negcon,,-5.7249503,-2.4498763
BR00117011,H11,U2OS,48,ZM-336372,compound,BRD-K73789395-001-09-9,poscon_orf,['RAF inhibitor'],-5.1046124,0.07962672
BR00117011,H12,U2OS,48,citric-acid,compound,BRD-K76792669-001-08-1,,['coagulation factor inhibitor'],-5.541161,-1.865852
BR00117011,H13,U2OS,48,DMSO,compound,,negcon,,-6.5094147,-1.9749621
BR00117011,H14,U2OS,48,CCG-63802,compound,BRD-K26970495-001-02-7,,['G protein signaling inhibitor'],-3.2968748,0.38226333
BR00117011,H15,U2OS,48,ibutilide,compound,BRD-A74391928-051-03-9,,['potassium channel blocker'],-4.8471365,0.8727925
BR00117011,H16,U2OS,48,batimastat,compound,BRD-K82818427-001-04-8,,['matrix metalloprotease inhibitor'],-3.131774,0.82990295
BR00117011,H17,U2OS,48,DMSO,compound,,negcon,,-6.629529,-2.22631
BR00117011,H18,U2OS,48,DMSO,compound,,negcon,,-6.8978605,-1.9404501
BR00117011,H19,U2OS,48,UNC1999,compound,BRD-K26989966-001-04-3,poscon_cp,['histone lysine methyltransferase inhibitor'],-0.8172776,4.180275
BR00117011,H20,U2OS,48,glutamine-(l),compound,BRD-K83896451-001-06-7,,,-5.1087475,-0.96897906
BR00117011,H21,U2OS,48,PD-98059,compound,BRD-K62810658-001-11-4,poscon_orf,,-5.0128803,-0.061934266
BR00117011,H22,U2OS,48,enilconazole,compound,BRD-K01825690-065-01-9,,,-5.0786247,-0.70147985
BR00117011,H23,U2OS,48,N-alpha-Methylhistamine-dihydrochloride,compound,BRD-K75390981-300-04-9,,['histamine receptor agonist'],-5.4349174,-0.95255995
BR00117011,H24,U2OS,48,GK921,compound,BRD-K38272302-001-02-7,,,-0.5563438,4.2060833
BR00117011,I01,U2OS,48,nilvadipine,compound,BRD-A84687895-001-03-2,,['calcium channel blocker'],-5.7997026,-0.38329026
BR00117011,I02,U2OS,48,DMSO,compound,,negcon,,-6.562127,-2.1164412
BR00117011,I03,U2OS,48,AC-710,compound,BRD-K15819326-001-01-6,,['PDGFR tyrosine kinase receptor inhibitor'],-4.566813,3.2871964
BR00117011,I04,U2OS,48,PETCM,compound,BRD-A93477898-001-04-2,,,-5.680868,0.34564608
BR00117011,I05,U2OS,48,AZD7762,compound,BRD-K86525559-001-07-8,poscon_diverse,['CHK inhibitor'],0.21266705,4.4807453
BR00117011,I06,U2OS,48,PHA-793887,compound,BRD-K64800655-001-09-0,poscon_diverse,['CDK inhibitor'],-1.2413677,3.1362538
BR00117011,I07,U2OS,48,KU-60019,compound,BRD-K36016295-001-05-2,,['ATM kinase inhibitor'],-3.1655219,3.0915616
BR00117011,I08,U2OS,48,nafamostat,compound,BRD-K06674495-334-04-0,,,-4.0087905,0.95635504
BR00117011,I09,U2OS,48,DMSO,compound,,negcon,,-6.96933,-1.5158974
BR00117011,I10,U2OS,48,DMSO,compound,,negcon,,-6.57362,-1.6052966
BR00117011,I11,U2OS,48,taladegib,compound,BRD-K50498985-001-03-3,,['smoothened receptor antagonist'],-5.4475765,0.08898693
BR00117011,I12,U2OS,48,acetohexamide,compound,BRD-K52960356-001-13-0,,['ATP channel blocker'],-5.859063,-0.111245625
BR00117011,I13,U2OS,48,minocycline,compound,BRD-A69651145-003-11-4,,,-4.068,1.0878379
BR00117011,I14,U2OS,48,BI-2536,compound,BRD-K64890080-001-02-1,poscon_diverse,,0.23506886,2.8890045
BR00117011,I15,U2OS,48,riociguat,compound,BRD-K84783599-001-01-0,,,-5.4226694,0.13734782
BR00117011,I16,U2OS,48,CP-724714,compound,BRD-K76908866-001-07-6,poscon_cp,"['EGFR inhibitor', 'protein tyrosine kinase inhibitor']",-4.832743,1.1617702
BR00117011,I17,U2OS,48,ganetespib,compound,BRD-K38852836-001-04-9,poscon_diverse,['HSP inhibitor'],-0.4596073,3.5826411
BR00117011,I18,U2OS,48,AZ191,compound,BRD-K80935598-001-01-1,poscon_cp,['DYRK inhibitor'],-5.0470777,3.8785515
BR00117011,I19,U2OS,48,BAX-channel-blocker,compound,BRD-A18763547-300-06-3,,,-3.9052653,3.5766635
BR00117011,I20,U2OS,48,SU3327,compound,BRD-K32730239-001-01-0,,['JNK inhibitor'],0.20766425,4.300726
BR00117011,I21,U2OS,48,DMSO,compound,,negcon,,-5.9553585,-0.21397346
BR00117011,I22,U2OS,48,DMSO,compound,,negcon,,-6.48575,-1.8075565
BR00117011,I23,U2OS,48,octreotide,compound,BRD-A64173453-015-03-1,,['somatostatin receptor agonist'],-5.4140143,-1.1852093
BR00117011,I24,U2OS,48,1-octanol,compound,BRD-K09338665-001-08-9,,,-4.300474,-0.23865566
BR00117011,J01,U2OS,48,acalabrutinib,compound,BRD-K64034691-001-01-9,,"[""Bruton's tyrosine kinase (BTK) inhibitor""]",-5.590645,-0.39387476
BR00117011,J02,U2OS,48,rifamycin,compound,BRD-K38512030-001-01-7,,,-5.5052586,-0.4300103
BR00117011,J03,U2OS,48,pazopanib,compound,BRD-K74514084-003-09-2,,"['KIT inhibitor', 'VEGFR inhibitor', 'PDGFR tyrosine kinase receptor inhibitor']",-3.9336822,1.8764929
BR00117011,J04,U2OS,48,RKI-1447,compound,BRD-K19333160-001-01-3,poscon_cp,,-5.4250326,1.674967
BR00117011,J05,U2OS,48,vitamin-E,compound,BRD-K97091514-001-11-4,,['PKC inhibitor'],-5.190649,-0.5767494
BR00117011,J06,U2OS,48,lonafarnib,compound,BRD-K41599323-001-02-3,poscon_diverse,,-3.4706798,2.3448374
BR00117011,J07,U2OS,48,ethyl-pyruvate,compound,BRD-K47738867-001-01-5,,,-5.6400805,-1.592075
BR00117011,J08,U2OS,48,picrotin,compound,BRD-A91822151-001-05-0,,['GABA receptor antagonist'],-5.7188845,-1.0908403
BR00117011,J09,U2OS,48,SGX523,compound,BRD-K19477839-001-07-6,poscon_cp,,-3.6807592,0.66601497
BR00117011,J10,U2OS,48,PP-2,compound,BRD-K95785537-001-22-3,,['src inhibitor'],-2.57859,1.5894611
BR00117011,J11,U2OS,48,ME-0328,compound,BRD-A63444178-001-01-5,,['PPAR receptor antagonist'],-4.145428,1.4445019
BR00117011,J12,U2OS,48,AZD9668,compound,BRD-K31476763-001-01-5,,['elastase inhibitor'],-5.4083314,-0.8635628
BR00117011,J13,U2OS,48,NQDI-1,compound,BRD-K61918008-001-07-1,,,-4.9461794,0.8289463
BR00117011,J14,U2OS,48,DMSO,compound,,negcon,,-6.480812,-1.9711479
BR00117011,J15,U2OS,48,carzenide,compound,BRD-K09295674-001-09-8,,,-6.311562,-0.68030155
BR00117011,J16,U2OS,48,KU-55933,compound,BRD-K25311561-001-10-7,,['ATM kinase inhibitor'],-3.6514606,2.8756044
BR00117011,J17,U2OS,48,NVP-AEW541,compound,BRD-K24696047-001-02-3,poscon_cp,['IGF-1 inhibitor'],-4.943231,2.7576728
BR00117011,J18,U2OS,48,leflunomide,compound,BRD-K78692225-001-24-5,,['PDGFR tyrosine kinase receptor inhibitor'],-3.9336748,0.3361384
BR00117011,J19,U2OS,48,DMSO,compound,,negcon,,-6.1031146,-2.1878633
BR00117011,J20,U2OS,48,azacitidine,compound,BRD-K03406345-001-21-1,poscon_diverse,,-5.842135,0.67134756
BR00117011,J21,U2OS,48,ixabepilone,compound,BRD-K03601870-001-01-2,,['microtubule stabilizing agent'],-0.14747047,1.8961098
BR00117011,J22,U2OS,48,KH-CB19,compound,BRD-K66430217-001-03-8,poscon_cp,['CDC inhibitor'],-3.2274797,0.44735003
BR00117011,J23,U2OS,48,DMSO,compound,,negcon,,-6.432409,-1.2154495
BR00117011,J24,U2OS,48,PF-05190457,compound,BRD-K02554563-001-01-6,,,-4.2287517,0.29770744
BR00117011,K01,U2OS,48,LDN-212854,compound,BRD-K59831625-001-03-9,,,0.3484456,4.378584
BR00117011,K02,U2OS,48,formononetin,compound,BRD-K55567017-001-12-3,,['alcohol dehydrogenase inhibitor'],-5.378006,-0.61655915
BR00117011,K03,U2OS,48,aminopurvalanol-a,compound,BRD-K07762753-001-05-1,poscon_orf,['CDK inhibitor'],-1.9010876,1.2467971
BR00117011,K04,U2OS,48,ruxolitinib,compound,BRD-K53972329-001-01-3,poscon_cp,['JAK inhibitor'],-5.8058586,1.1137544
BR00117011,K05,U2OS,48,DMSO,compound,,negcon,,-7.2696266,-1.4113125
BR00117011,K06,U2OS,48,DMSO,compound,,negcon,,-7.2169933,-1.4125857
BR00117011,K07,U2OS,48,LGK-974,compound,BRD-K16810791-001-01-0,,['porcupine inhibitor'],-5.249378,1.1598629
BR00117011,K08,U2OS,48,polydatin,compound,BRD-K43236057-001-07-1,,['ICAM1 expression inhibitor'],-0.6742201,1.4739622
BR00117011,K09,U2OS,48,enflurane,compound,BRD-A51831848-001-01-7,,,-6.63106,-1.027964
BR00117011,K10,U2OS,48,PFI-1,compound,BRD-K13094524-001-04-2,poscon_cp,,-6.6529417,-1.6195432
BR00117011,K11,U2OS,48,AZD7762,compound,BRD-K86525559-001-07-8,poscon_diverse,['CHK inhibitor'],0.10045304,4.67224
BR00117011,K12,U2OS,48,sotrastaurin,compound,BRD-K16761703-001-03-8,,['PKC inhibitor'],-5.8208375,1.2069769
BR00117011,K13,U2OS,48,DMSO,compound,,negcon,,-7.2408476,-1.5887139
BR00117011,K14,U2OS,48,cycloheximide,compound,BRD-K36055864-001-20-0,,['protein synthesis inhibitor'],-1.3342081,2.9952638
BR00117011,K15,U2OS,48,oxytocin,compound,BRD-K25243230-001-01-2,,,-5.251046,-0.2018665
BR00117011,K16,U2OS,48,DMSO,compound,,negcon,,-7.154198,-1.6382734
BR00117011,K17,U2OS,48,colchicine,compound,BRD-K00259736-001-16-4,,,0.062304694,2.4787672
BR00117011,K18,U2OS,48,afimoxifene,compound,BRD-K04210847-001-21-9,,,-5.1523137,1.9550098
BR00117011,K19,U2OS,48,DMSO,compound,,negcon,,-6.7633615,-2.0761726
BR00117011,K20,U2OS,48,ZK-93423,compound,BRD-K33882852-003-02-8,poscon_diverse,['benzodiazepine receptor agonist'],-3.760755,0.8110616
BR00117011,K21,U2OS,48,RGB-286638,compound,BRD-K20986415-001-02-6,,['CDK inhibitor'],-2.0970373,3.332468
BR00117011,K22,U2OS,48,FPS-ZM1,compound,BRD-K87691185-001-01-2,,['RAGE receptor antagonist'],-4.9155817,0.1721796
BR00117011,K23,U2OS,48,flindokalner,compound,BRD-K56740996-001-02-1,,,-4.75848,-0.028848577
BR00117011,K24,U2OS,48,motesanib,compound,BRD-K99616396-316-05-3,,"['KIT inhibitor', 'VEGFR inhibitor', 'PDGFR tyrosine kinase receptor inhibitor']",-4.658021,1.1380242
BR00117011,L01,U2OS,48,geldanamycin,compound,BRD-K43570081-001-02-4,,['HSP inhibitor'],-0.37195376,3.7706594
BR00117011,L02,U2OS,48,DMSO,compound,,negcon,,-6.253117,-2.1801307
BR00117011,L03,U2OS,48,CGP-53353,compound,BRD-K32292990-001-03-6,,"['PKC inhibitor', 'EGFR inhibitor']",-5.628983,-0.26789042
BR00117011,L04,U2OS,48,7-hydroxystaurosporine,compound,BRD-K45293975-001-02-0,,"['CDK inhibitor', 'PKC inhibitor', 'CHK inhibitor']",-0.1705831,4.613232
BR00117011,L05,U2OS,48,DMSO,compound,,negcon,,-6.3750424,-2.090804
BR00117011,L06,U2OS,48,DMSO,compound,,negcon,,-6.2546983,-2.233074
BR00117011,L07,U2OS,48,efaproxiral,compound,BRD-K37355418-236-01-6,,,-5.8378325,-1.7176588
BR00117011,L08,U2OS,48,SB-203580,compound,BRD-A37704979-001-12-3,poscon_orf,['p38 MAPK inhibitor'],-6.083583,1.6219417
BR00117011,L09,U2OS,48,FK-866,compound,BRD-K58550667-001-08-7,poscon_diverse,,-1.754419,5.189033
BR00117011,L10,U2OS,48,bepridil,compound,BRD-A91008255-003-24-8,,['calcium channel blocker'],-4.6369786,0.2733392
BR00117011,L11,U2OS,48,delanzomib,compound,BRD-K59325863-001-04-4,,,-0.02238263,4.524452
BR00117011,L12,U2OS,48,buparlisib,compound,BRD-K42191735-001-08-7,poscon_diverse,,-0.23001903,2.4017892
BR00117011,L13,U2OS,48,phenylbutazone,compound,BRD-K10843433-001-23-5,,"['cyclooxygenase inhibitor', 'prostanoid receptor antagonist']",-5.3504696,0.18934777
BR00117011,L14,U2OS,48,deferasirox,compound,BRD-K97010173-001-04-1,,,-1.4643284,0.11434964
BR00117011,L15,U2OS,48,DMSO,compound,,negcon,,-6.2987967,-2.070826
BR00117011,L16,U2OS,48,cediranib,compound,BRD-K86930074-001-05-0,,"['KIT inhibitor', 'VEGFR inhibitor']",-5.357411,3.2187674
BR00117011,L17,U2OS,48,isoflurane,compound,BRD-A31564021-001-02-6,,,-4.6576447,0.8183615
BR00117011,L18,U2OS,48,DMSO,compound,,negcon,,-6.3927674,-2.3269994
BR00117011,L19,U2OS,48,CCG-50014,compound,BRD-K08893438-001-06-4,,['G protein signaling inhibitor'],-0.30041182,4.4868064
BR00117011,L20,U2OS,48,PF-431396,compound,BRD-K93788137-001-04-1,,,-0.9182579,0.5173542
BR00117011,L21,U2OS,48,TG-02,compound,BRD-K14560436-001-01-4,,"['CDK inhibitor', 'FLT3 inhibitor', 'JAK inhibitor']",-0.85972166,3.441505
BR00117011,L22,U2OS,48,baclofen,compound,BRD-K01826724-003-07-9,,['benzodiazepine receptor agonist'],-5.752199,0.050238382
BR00117011,L23,U2OS,48,thiostrepton,compound,BRD-A20697603-001-07-2,,['protein synthesis inhibitor'],-2.3147318,1.173116
BR00117011,L24,U2OS,48,flufenamic-acid,compound,BRD-K44067360-001-29-5,,,-4.7399416,-0.9687918
BR00117011,M01,U2OS,48,DMSO,compound,,negcon,,-5.7554655,-0.9750801
BR00117011,M02,U2OS,48,LY2109761,compound,BRD-K47557313-001-02-7,,,-5.9875445,1.7704495
BR00117011,M03,U2OS,48,olopatadine,compound,BRD-K67637637-003-11-8,,['histamine receptor antagonist'],-6.788949,-1.0798663
BR00117011,M04,U2OS,48,DMSO,compound,,negcon,,-7.4798837,-1.6364926
BR00117011,M05,U2OS,48,castanospermine,compound,BRD-K20897876-001-11-8,,['glucosidase inhibitor'],-6.4928093,-0.033914898
BR00117011,M06,U2OS,48,A205804,compound,BRD-K77627880-001-04-0,,['ICAM1 expression inhibitor'],-2.0252352,-0.14982618
BR00117011,M07,U2OS,48,VU591,compound,BRD-K72063794-003-01-0,,['potassium channel blocker'],-3.4893928,0.16375959
BR00117011,M08,U2OS,48,dalbavancin,compound,BRD-K30177383-001-01-0,,['bacterial cell wall synthesis inhibitor'],-4.672971,1.3406383
BR00117011,M09,U2OS,48,CC-401,compound,BRD-K45746021-003-01-9,,['JNK inhibitor'],-6.1023846,0.9234465
BR00117011,M10,U2OS,48,ganetespib,compound,BRD-K38852836-001-04-9,poscon_diverse,['HSP inhibitor'],-0.4384937,3.6132693
BR00117011,M11,U2OS,48,ingenol-mebutate,compound,BRD-K93779381-001-01-9,,,-4.9581666,1.3415194
BR00117011,M12,U2OS,48,menadione,compound,BRD-K78126613-001-27-7,,,-1.4887499,3.607017
BR00117011,M13,U2OS,48,cetilistat,compound,BRD-K94863486-001-02-2,,,-6.4491844,-1.3646033
BR00117011,M14,U2OS,48,methoxsalen,compound,BRD-K63430059-001-16-4,,['DNA synthesis inhibitor'],-5.3523173,-1.7100981
BR00117011,M15,U2OS,48,cyclosporine,compound,BRD-K13533483-001-16-2,,,-2.980187,2.502845
BR00117011,M16,U2OS,48,NSC-632839,compound,BRD-K81197548-003-01-4,poscon_cp,['ubiquitin specific protease inhibitor'],0.20757163,4.273211
BR00117011,M17,U2OS,48,DMSO,compound,,negcon,,-6.6480875,-1.4958843
BR00117011,M18,U2OS,48,TG-003,compound,BRD-K97072811-001-11-4,poscon_cp,,-5.2132535,-0.9401108
BR00117011,M19,U2OS,48,oxibendazole,compound,BRD-K52075715-001-06-7,,['tubulin polymerization inhibitor'],-0.08026547,2.0793264
BR00117011,M20,U2OS,48,TG-101348,compound,BRD-K12502280-001-11-4,poscon_cp,"['JAK inhibitor', 'FLT3 inhibitor']",-1.1472275,4.410395
BR00117011,M21,U2OS,48,miglitol,compound,BRD-A63310107-001-04-8,,['glucosidase inhibitor'],-4.5259767,0.21240501
BR00117011,M22,U2OS,48,DMSO,compound,,negcon,,-5.88386,-2.0716524
BR00117011,M23,U2OS,48,DMSO,compound,,negcon,,-5.719728,-1.5551656
BR00117011,M24,U2OS,48,tranilast,compound,BRD-K17849083-001-32-9,,,-4.294056,-0.28339133
BR00117011,N01,U2OS,48,4-methylhistamine,compound,BRD-K70821460-300-02-4,,['histamine receptor agonist'],-4.591794,0.11121903
BR00117011,N02,U2OS,48,LDN-27219,compound,BRD-K51485109-001-01-4,,,-4.820135,-0.7650434
BR00117011,N03,U2OS,48,anisomycin,compound,BRD-K91370081-001-25-1,,['DNA synthesis inhibitor'],-0.54493,3.895381
BR00117011,N04,U2OS,48,thioguanine,compound,BRD-K49350383-001-13-7,poscon_diverse,,-3.189676,1.8506868
BR00117011,N05,U2OS,48,droxinostat,compound,BRD-K11558771-001-13-9,,['HDAC inhibitor'],-5.115471,-0.8682376
BR00117011,N06,U2OS,48,UNC2025,compound,BRD-K91283740-003-01-6,poscon_cp,['FLT3 inhibitor'],-0.6170392,3.1943219
BR00117011,N07,U2OS,48,DMSO,compound,,negcon,,-6.6227264,-1.8065907
BR00117011,N08,U2OS,48,DMSO,compound,,negcon,,-6.3456936,-2.0400167
BR00117011,N09,U2OS,48,AMG900,compound,BRD-K21728777-001-02-3,poscon_cp,['Aurora kinase inhibitor'],-0.93894887,0.33297634
BR00117011,N10,U2OS,48,PF-06463922,compound,BRD-A23124853-001-01-4,,['ALK tyrosine kinase receptor inhibitor'],-4.646915,1.617325
BR00117011,N11,U2OS,48,orantinib,compound,BRD-K55966568-001-09-6,poscon_cp,"['FGFR inhibitor', 'PDGFR tyrosine kinase receptor inhibitor', 'VEGFR inhibitor']",-5.1586065,0.50250775
BR00117011,N12,U2OS,48,fludarabine-phosphate,compound,BRD-K71106091-001-09-5,,['ribonucleotide reductase inhibitor'],-1.2907261,0.16879693
BR00117011,N13,U2OS,48,ceritinib,compound,BRD-K22149900-001-06-2,,['ALK tyrosine kinase receptor inhibitor'],-4.5528555,2.1055908
BR00117011,N14,U2OS,48,NVS-PAK1-1,compound,BRD-K28132190-001-02-0,poscon_cp,['p21 activated kinase inhibitor'],-3.439233,1.9841465
BR00117011,N15,U2OS,48,homoharringtonine,compound,BRD-K76674262-001-03-3,,['protein synthesis inhibitor'],-0.6341319,3.8731654
BR00117011,N16,U2OS,48,picrotoxinin,compound,BRD-K36461289-001-05-8,,['GABA receptor antagonist'],-5.749223,0.57864183
BR00117011,N17,U2OS,48,DMSO,compound,,negcon,,-7.1712713,-1.8328744
BR00117011,N18,U2OS,48,danusertib,compound,BRD-K07881437-001-03-8,poscon_diverse,"['growth factor receptor inhibitor', 'Aurora kinase inhibitor']",-1.1344475,0.41043192
BR00117011,N19,U2OS,48,romidepsin,compound,BRD-K61397605-001-01-8,poscon_cp,['HDAC inhibitor'],-0.18604434,4.048848
BR00117011,N20,U2OS,48,FERb-033,compound,BRD-K61642990-001-01-0,poscon_cp,['EGFR inhibitor'],-4.000055,0.78049153
BR00117011,N21,U2OS,48,PF-03758309,compound,BRD-K37764012-001-03-3,poscon_diverse,['p21 activated kinase inhibitor'],-1.2412076,3.111518
BR00117011,N22,U2OS,48,DMSO,compound,,negcon,,-5.542936,-2.087937
BR00117011,N23,U2OS,48,trometamol,compound,BRD-K47978074-001-03-2,,,-5.0371904,-1.0156668
BR00117011,N24,U2OS,48,simvastatin,compound,BRD-K22134346-001-22-3,,['HMGCR inhibitor'],-2.9856982,1.8165148
BR00117011,O01,U2OS,48,zaprinast,compound,BRD-K16542329-001-16-8,,['phosphodiesterase inhibitor'],-5.2829213,-0.4726289
BR00117011,O02,U2OS,48,dexamethasone,compound,BRD-A10188456-001-04-9,,['glucocorticoid receptor agonist'],-4.623829,1.1468495
BR00117011,O03,U2OS,48,salicylic-acid,compound,BRD-K93632104-001-17-2,,['cyclooxygenase inhibitor'],-7.0318704,-1.0024765
BR00117011,O04,U2OS,48,diltiazem,compound,BRD-A69636825-003-04-7,,['calcium channel blocker'],-6.144539,0.23082681
BR00117011,O05,U2OS,48,phenolphthalein,compound,BRD-K19227686-001-18-6,,,-6.3475695,-0.64648235
BR00117011,O06,U2OS,48,niflumic-acid,compound,BRD-K98763141-001-30-8,,['cyclooxygenase inhibitor'],-6.1669145,-0.009600113
BR00117011,O07,U2OS,48,DMSO,compound,,negcon,,-6.607775,-1.7464862
BR00117011,O08,U2OS,48,L-Cystine,compound,BRD-A15397381-001-02-5,,,-5.455144,-0.34244537
BR00117011,O09,U2OS,48,ozanimod,compound,BRD-K46625559-001-01-8,,['sphingosine 1 phosphate receptor agonist'],-5.10514,2.3867104
BR00117011,O10,U2OS,48,efaroxan,compound,BRD-A10739734-003-09-8,,['adrenergic receptor antagonist'],-5.499777,-1.8468657
BR00117011,O11,U2OS,48,NBQX,compound,BRD-K11796549-001-05-2,,['glutamate receptor antagonist'],-6.3574686,-0.4882762
BR00117011,O12,U2OS,48,dinoprostone,compound,BRD-K26521938-001-07-2,,['prostanoid receptor agonist'],-6.2424555,-0.4576345
BR00117011,O13,U2OS,48,Ro-20-1724,compound,BRD-A07207424-001-14-0,,['phosphodiesterase inhibitor'],-5.7785063,-1.6288174
BR00117011,O14,U2OS,48,xanomeline,compound,BRD-K72815923-034-02-0,,['acetylcholine receptor agonist'],-6.0107484,-1.6839081
BR00117011,O15,U2OS,48,terazosin,compound,BRD-K01825589-310-02-9,,['adrenergic receptor antagonist'],-6.014202,-1.0639659
BR00117011,O16,U2OS,48,BVT-948,compound,BRD-K68567222-001-01-2,,,-0.9215727,4.2401223
BR00117011,O17,U2OS,48,nicotine,compound,BRD-K01825660-322-01-9,,['acetylcholine receptor agonist'],-6.2837124,-0.77788913
BR00117011,O18,U2OS,48,DMSO,compound,,negcon,,-6.688906,-2.0369632
BR00117011,O19,U2OS,48,U-0521,compound,BRD-K08953028-001-09-6,,,-5.7277627,-0.06530346
BR00117011,O20,U2OS,48,BMS-587101,compound,BRD-K20093108-001-02-3,,,-5.7618594,-1.0848619
BR00117011,O21,U2OS,48,nimodipine,compound,BRD-A58048407-001-20-4,,['calcium channel blocker'],-5.1202197,0.27140713
BR00117011,O22,U2OS,48,pyrrolidine-dithiocarbamate,compound,BRD-K80970344-201-08-6,,,0.2762848,4.2654896
BR00117011,O23,U2OS,48,PF-915275,compound,BRD-K18289362-001-02-2,,,-3.606637,0.50347114
BR00117011,O24,U2OS,48,JTE-013,compound,BRD-K43330982-001-02-3,,,-3.272018,0.3230074
BR00117011,P01,U2OS,48,sodium-butyrate,compound,BRD-K05878375-236-05-7,,['HDAC inhibitor'],-2.541616,-0.93621373
BR00117011,P02,U2OS,48,pentostatin,compound,BRD-K91543828-001-02-0,,['ribonucleotide reductase inhibitor'],-4.812732,-0.41513854
BR00117011,P03,U2OS,48,OMDM-2,compound,BRD-K48830578-001-01-9,,,-4.6238804,0.27263665
BR00117011,P04,U2OS,48,nalmefene,compound,BRD-A72767275-003-01-6,,,-4.5322523,-0.52954024
BR00117011,P05,U2OS,48,DMSO,compound,,negcon,,-5.808308,-1.0384527
BR00117011,P06,U2OS,48,1-EBIO,compound,BRD-K70586315-001-02-4,,,-4.843513,-0.39029652
BR00117011,P07,U2OS,48,SB-505124,compound,BRD-K40109029-001-02-9,,['ALK tyrosine kinase receptor inhibitor'],-2.886378,0.6026281
BR00117011,P08,U2OS,48,prasugrel,compound,BRD-A83029242-001-06-1,,['purinergic receptor antagonist'],-4.8812265,0.16830409
BR00117011,P09,U2OS,48,pidolic-acid,compound,BRD-K57313110-001-06-8,,,-4.7202673,0.51194304
BR00117011,P10,U2OS,48,DMSO,compound,,negcon,,-4.79839,-0.6033226
BR00117011,P11,U2OS,48,nevirapine,compound,BRD-K15502390-001-20-9,,,-4.826937,0.25495052
BR00117011,P12,U2OS,48,triamterene,compound,BRD-K92049597-001-20-8,,['sodium channel blocker'],-4.7685075,-0.61370695
BR00117011,P13,U2OS,48,regorafenib,compound,BRD-K16730910-001-07-3,,"['PDGFR tyrosine kinase receptor inhibitor', 'RAF inhibitor', 'KIT inhibitor', 'RET tyrosine kinase inhibitor', 'FGFR inhibitor', 'VEGFR inhibitor']",-4.490629,1.3315942
BR00117011,P14,U2OS,48,cyclophosphamide,compound,BRD-A09722536-002-18-0,,,-4.8361654,-0.24877812
BR00117011,P15,U2OS,48,olanzapine,compound,BRD-K18895904-001-16-1,,"['dopamine receptor antagonist', 'serotonin receptor antagonist']",-5.190394,2.589835
BR00117011,P16,U2OS,48,KI-16425,compound,BRD-A25569250-001-03-3,,['lysophosphatidic acid receptor antagonist'],-4.928534,-0.29854777
BR00117011,P17,U2OS,48,SKLB1002,compound,BRD-K29895144-001-01-0,,['VEGFR inhibitor'],-1.3694869,0.27143693
BR00117011,P18,U2OS,48,cilostazol,compound,BRD-K67017579-001-28-1,,['phosphodiesterase inhibitor'],-4.837777,-0.13516285
BR00117011,P19,U2OS,48,AZD1283,compound,BRD-K77060810-001-01-5,,['purinergic receptor antagonist'],-4.7945547,-0.711307
BR00117011,P20,U2OS,48,A-987306,compound,BRD-K68982262-001-01-4,,['histamine receptor antagonist'],-5.003188,2.8735933
BR00117011,P21,U2OS,48,procaine,compound,BRD-K24616672-003-20-1,,['HMGCR inhibitor'],-4.60916,-0.5280307
BR00117011,P22,U2OS,48,miconazole,compound,BRD-A82396632-008-30-8,,['bacterial cell wall synthesis inhibitor'],-3.6029873,-0.09365241
BR00117011,P23,U2OS,48,loperamide,compound,BRD-K61250553-003-30-6,,,-3.7592478,0.45077738
BR00117011,P24,U2OS,48,aripiprazole,compound,BRD-K70358946-001-17-3,,['serotonin receptor antagonist'],-3.2274506,0.06107484
BR00117012,A01,U2OS,48,gabapentin-enacarbil,compound,BRD-A86665761-001-01-1,,,-8.124622,-0.19081204
BR00117012,A02,U2OS,48,DMSO,compound,,negcon,,-8.267552,-0.12195627
BR00117012,A03,U2OS,48,amlodipine,compound,BRD-A22032524-074-09-9,,['calcium channel blocker'],-7.993691,-0.36800662
BR00117012,A04,U2OS,48,hexestrol,compound,BRD-A01078468-001-14-8,,,-8.397954,-0.4354093
BR00117012,A05,U2OS,48,quinine,compound,BRD-K48278478-001-01-2,,,-7.8501143,-0.3805673
BR00117012,A06,U2OS,48,LOXO-101,compound,BRD-K36574127-001-01-3,,,-8.338887,-0.40816444
BR00117012,A07,U2OS,48,brinzolamide,compound,BRD-K74913225-001-14-0,,['carbonic anhydrase inhibitor'],-8.371233,-0.5005757
BR00117012,A08,U2OS,48,NS-11021,compound,BRD-K94342292-001-01-3,,['calcium-activated potassium channel activator'],-3.2063665,2.6226857
BR00117012,A09,U2OS,48,DMSO,compound,,negcon,,-7.3480196,0.5850771
BR00117012,A10,U2OS,48,GNF-5837,compound,BRD-K19975102-001-01-2,,['growth factor receptor inhibitor'],-6.599624,1.1553229
BR00117012,A11,U2OS,48,apatinib,compound,BRD-K25244359-066-02-6,,['RET tyrosine kinase inhibitor'],-6.871159,1.1567721
BR00117012,A12,U2OS,48,ethoxzolamide,compound,BRD-K18131774-001-18-4,,['carbonic anhydrase inhibitor'],-7.35873,0.89061785
BR00117012,A13,U2OS,48,ascorbic-acid,compound,BRD-A85242401-001-11-5,,,-7.16532,1.0001824
BR00117012,A14,U2OS,48,ryuvidine,compound,BRD-K06426971-001-02-7,,['histone lysine methyltransferase inhibitor'],0.45760044,4.1412854
BR00117012,A15,U2OS,48,BAN-ORL-24,compound,BRD-K47049295-300-03-1,,,-1.0815424,2.011428
BR00117012,A16,U2OS,48,NNC-55-0396,compound,BRD-K78122587-300-04-3,,,-4.6798415,2.9975812
BR00117012,A17,U2OS,48,DMSO,compound,,negcon,,-7.3558493,0.90880865
BR00117012,A18,U2OS,48,WH-4-023,compound,BRD-K50199947-001-03-4,,['src inhibitor'],-1.8524388,2.186486
BR00117012,A19,U2OS,48,flupirtine,compound,BRD-K50720187-051-03-1,,['glutamate receptor antagonist'],-7.1227474,1.2407498
BR00117012,A20,U2OS,48,ZK811752,compound,BRD-K91825936-001-03-9,,,-7.3776217,1.0301687
BR00117012,A21,U2OS,48,dexamethasone,compound,BRD-K38775274-001-22-1,,['glucocorticoid receptor agonist'],-7.54016,1.0301313
BR00117012,A22,U2OS,48,PP-1,compound,BRD-K47598052-001-14-1,,['src inhibitor'],-2.5951462,1.9208713
BR00117012,A23,U2OS,48,DDR1-IN-1,compound,BRD-K61845293-300-01-9,,,-5.436983,2.871188
BR00117012,A24,U2OS,48,AVL-292,compound,BRD-K87782578-001-01-4,,"[""Bruton's tyrosine kinase (BTK) inhibitor""]",-1.7132404,2.275491
BR00117012,B01,U2OS,48,H2L-5765834,compound,BRD-K26439554-001-01-3,,['lysophosphatidic acid receptor antagonist'],-5.1637793,-0.028844727
BR00117012,B02,U2OS,48,thiostrepton,compound,BRD-K58049875-001-03-9,,['protein synthesis inhibitor'],0.025422234,4.4875007
BR00117012,B03,U2OS,48,DMSO,compound,,negcon,,-5.7374253,-1.3200263
BR00117012,B04,U2OS,48,arcyriaflavin-a,compound,BRD-K72726508-001-02-1,,['CDK inhibitor'],-2.7610714,2.198989
BR00117012,B05,U2OS,48,CYM-5520,compound,BRD-K29151923-001-01-5,,['sphingosine 1 phosphate receptor agonist'],-5.8662977,-0.66554034
BR00117012,B06,U2OS,48,fludarabine,compound,BRD-K66788707-001-14-3,,['ribonucleotide reductase inhibitor'],-1.5959392,-0.120000705
BR00117012,B07,U2OS,48,alda-1,compound,BRD-K06890060-001-09-1,,,-6.18599,-0.5188707
BR00117012,B08,U2OS,48,meclofenamic-acid,compound,BRD-K50398167-236-22-7,,"['cyclooxygenase inhibitor', 'prostanoid receptor antagonist']",-6.2047853,-0.63886887
BR00117012,B09,U2OS,48,GNF-5,compound,BRD-K87632963-001-03-0,,['Bcr-Abl kinase inhibitor'],-4.2062845,0.07452467
BR00117012,B10,U2OS,48,NS-309,compound,BRD-K37602296-001-01-6,,['calcium-activated potassium channel activator'],-4.4228497,0.38328266
BR00117012,B11,U2OS,48,AK-7,compound,BRD-K09143580-001-01-0,,['SIRT inhibitor'],-4.424424,0.4598044
BR00117012,B12,U2OS,48,BVT-948,compound,BRD-A22713669-001-04-3,,,0.46121913,4.7773128
BR00117012,B13,U2OS,48,SirReal-2,compound,BRD-K16472653-001-01-6,,['SIRT inhibitor'],-4.6050386,0.7328981
BR00117012,B14,U2OS,48,DMSO,compound,,negcon,,-6.2749624,-1.6281136
BR00117012,B15,U2OS,48,BMS-536924,compound,BRD-K34581968-001-05-3,,['IGF-1 inhibitor'],-2.205659,2.0597322
BR00117012,B16,U2OS,48,PP-121,compound,BRD-K81801188-001-02-8,,['protein tyrosine kinase inhibitor'],-0.9803697,2.8622568
BR00117012,B17,U2OS,48,MCOPPB,compound,BRD-K73276278-305-01-1,,,-5.152864,3.7500286
BR00117012,B18,U2OS,48,ozagrel,compound,BRD-K53061490-003-13-9,,,-7.0116925,-0.42957112
BR00117012,B19,U2OS,48,CYM-5442,compound,BRD-A43005764-003-01-5,,['sphingosine 1 phosphate receptor agonist'],-5.3018594,2.8009841
BR00117012,B20,U2OS,48,CVT-10216,compound,BRD-K60659193-001-01-0,,,-7.2326107,0.16223983
BR00117012,B21,U2OS,48,TCN201,compound,BRD-K09787262-001-02-7,,['glutamate receptor antagonist'],-7.4249363,0.6446267
BR00117012,B22,U2OS,48,fomepizole,compound,BRD-K56810756-003-07-7,,['alcohol dehydrogenase inhibitor'],-7.175066,0.65448225
BR00117012,B23,U2OS,48,benzamil,compound,BRD-K87158025-003-08-7,,['sodium channel blocker'],-7.281116,0.42616412
BR00117012,B24,U2OS,48,lercanidipine,compound,BRD-A18992208-003-02-7,,['calcium channel blocker'],-7.09506,1.0896966
BR00117012,C01,U2OS,48,4-CMTB,compound,BRD-A54139254-001-09-2,,['free fatty acid receptor agonist'],-7.9918303,-0.23498327
BR00117012,C02,U2OS,48,ML-228,compound,BRD-K44432556-001-05-5,,,-8.398606,0.06376121
BR00117012,C03,U2OS,48,DMSO,compound,,negcon,,-8.447063,-0.048898194
BR00117012,C04,U2OS,48,GSK1070916,compound,BRD-K36740062-001-06-6,,['Aurora kinase inhibitor'],-1.3096983,1.3551182
BR00117012,C05,U2OS,48,ML-193,compound,BRD-K27539181-001-08-5,,,-8.278932,0.09661881
BR00117012,C06,U2OS,48,DMSO,compound,,negcon,,-8.450538,-0.38450003
BR00117012,C07,U2OS,48,M-25,compound,BRD-K51265828-001-01-0,,['smoothened receptor antagonist'],-8.385649,-0.53315014
BR00117012,C08,U2OS,48,azeliragon,compound,BRD-K51899933-001-02-6,,['RAGE receptor antagonist'],-0.78499967,3.8339734
BR00117012,C09,U2OS,48,CYT-997,compound,BRD-K23363278-001-02-1,poscon_diverse,['tubulin polymerization inhibitor'],-0.16388075,2.4906864
BR00117012,C10,U2OS,48,AR-12,compound,BRD-K90497590-001-05-9,,,0.50225925,4.383333
BR00117012,C11,U2OS,48,CYM-50260,compound,BRD-K69877120-001-01-7,,['sphingosine 1 phosphate receptor agonist'],-7.1992493,0.38526234
BR00117012,C12,U2OS,48,DMSO,compound,,negcon,,-7.7224584,0.09176795
BR00117012,C13,U2OS,48,KG-5,compound,BRD-K90747162-001-01-4,poscon_cp,['RAF inhibitor'],-0.43930325,1.9917434
BR00117012,C14,U2OS,48,JTE-607,compound,BRD-K81405859-300-01-4,,,-1.2706145,0.7325286
BR00117012,C15,U2OS,48,DMSO,compound,,negcon,,-7.513256,0.3241081
BR00117012,C16,U2OS,48,ilomastat,compound,BRD-K51662849-001-05-4,,['matrix metalloprotease inhibitor'],-7.115714,0.8124205
BR00117012,C17,U2OS,48,RX-821002,compound,BRD-A65597028-003-08-1,,['adrenergic receptor antagonist'],-7.5253534,0.7759166
BR00117012,C18,U2OS,48,DMSO,compound,,negcon,,-7.5655622,0.21000484
BR00117012,C19,U2OS,48,TUG-891,compound,BRD-K24282351-001-01-4,,['free fatty acid receptor agonist'],-7.05197,0.5754704
BR00117012,C20,U2OS,48,ponatinib,compound,BRD-K44227013-001-08-0,,"['PDGFR tyrosine kinase receptor inhibitor', 'FLT3 inhibitor', 'Bcr-Abl kinase inhibitor']",0.2474851,3.883452
BR00117012,C21,U2OS,48,DMSO,compound,,negcon,,-7.6083694,0.09909541
BR00117012,C22,U2OS,48,puromycin,compound,BRD-K01824976-300-02-9,,['protein synthesis inhibitor'],0.15059757,3.9570818
BR00117012,C23,U2OS,48,SRC-kinase-inhibitor-I,compound,BRD-K50495309-001-02-0,,['src inhibitor'],-5.2311354,3.0234427
BR00117012,C24,U2OS,48,acetylcysteine,compound,BRD-K59058747-001-19-1,,,-7.4150805,0.9645417
BR00117012,D01,U2OS,48,NSC-625987,compound,BRD-K62949423-001-03-1,,['CDK inhibitor'],-3.7556016,2.6506083
BR00117012,D02,U2OS,48,dalfampridine,compound,BRD-K22482860-001-20-6,,['potassium channel blocker'],-5.3266144,-1.0942346
BR00117012,D03,U2OS,48,NSC-95397,compound,BRD-K68143200-001-11-7,,['CDC inhibitor'],-0.3320883,4.436133
BR00117012,D04,U2OS,48,alrestatin,compound,BRD-K35498378-001-06-1,,['aldose reductase inhibitor'],-5.7109165,-0.8791984
BR00117012,D05,U2OS,48,PF-03758309,compound,BRD-K37764012-001-03-3,poscon_diverse,['p21 activated kinase inhibitor'],-5.7757277,-0.83189255
BR00117012,D06,U2OS,48,IRL-2500,compound,BRD-K98357249-001-02-9,,['endothelin receptor antagonist'],-5.402876,2.2006993
BR00117012,D07,U2OS,48,PF-04217903,compound,BRD-K73319509-001-08-0,poscon_cp,,-6.3252225,-0.38962755
BR00117012,D08,U2OS,48,FK-866,compound,BRD-K58550667-001-08-7,poscon_diverse,,-1.8048677,5.181173
BR00117012,D09,U2OS,48,amlexanox,compound,BRD-K29530284-001-06-2,,,-5.971488,-0.35216463
BR00117012,D10,U2OS,48,GW-311616,compound,BRD-K37864785-001-01-0,,['elastase inhibitor'],-6.019693,0.071021
BR00117012,D11,U2OS,48,buparlisib,compound,BRD-K42191735-001-08-7,poscon_diverse,,-0.35243252,2.65765
BR00117012,D12,U2OS,48,amiloride,compound,BRD-K97181089-003-24-7,,['sodium channel blocker'],-5.681677,-0.002181579
BR00117012,D13,U2OS,48,DG-172,compound,BRD-K75748943-300-01-3,,,-5.215971,2.7919872
BR00117012,D14,U2OS,48,DMSO,compound,,negcon,,-6.336273,-1.6102165
BR00117012,D15,U2OS,48,DMSO,compound,,negcon,,-6.492394,-1.6042409
BR00117012,D16,U2OS,48,NVP-ADW742,compound,BRD-K15179513-001-04-2,poscon_cp,,-4.8565173,3.638741
BR00117012,D17,U2OS,48,misoprostol,compound,BRD-A72351335-001-04-5,,['prostanoid receptor agonist'],-1.4739816,0.33509824
BR00117012,D18,U2OS,48,conivaptan,compound,BRD-K37385792-003-02-1,,,-5.4285054,1.7930472
BR00117012,D19,U2OS,48,spiroxatrine,compound,BRD-A72483914-001-03-7,,['serotonin receptor antagonist'],-6.9515224,0.33472034
BR00117012,D20,U2OS,48,diacerein,compound,BRD-K69122748-001-10-1,,,-7.1932473,0.1749468
BR00117012,D21,U2OS,48,DMSO,compound,,negcon,,-7.558457,0.33660373
BR00117012,D22,U2OS,48,DMSO,compound,,negcon,,-7.7727957,0.67438895
BR00117012,D23,U2OS,48,glyburide,compound,BRD-K36927236-001-36-7,,['ATP channel blocker'],-7.6691046,0.9063061
BR00117012,D24,U2OS,48,ANR-94,compound,BRD-K31170746-001-01-6,,,-7.723475,0.9450244
BR00117012,E01,U2OS,48,TFC-007,compound,BRD-K57708067-001-01-3,,,-8.346948,-0.057253066
BR00117012,E02,U2OS,48,trihexyphenidyl,compound,BRD-A48180038-003-24-3,,['acetylcholine receptor antagonist'],-8.467116,0.109312244
BR00117012,E03,U2OS,48,epoprostenol,compound,BRD-K64054020-001-02-7,,,-8.531166,0.048041817
BR00117012,E04,U2OS,48,sacubitril,compound,BRD-K91456750-001-01-9,,,-8.508994,-0.22062781
BR00117012,E05,U2OS,48,danusertib,compound,BRD-K07881437-001-03-8,poscon_diverse,"['growth factor receptor inhibitor', 'Aurora kinase inhibitor']",-1.2958758,0.7569483
BR00117012,E06,U2OS,48,CYT-997,compound,BRD-K23363278-001-02-1,poscon_diverse,['tubulin polymerization inhibitor'],-0.24051328,2.8969755
BR00117012,E07,U2OS,48,DMSO,compound,,negcon,,-8.4105625,-0.12926397
BR00117012,E08,U2OS,48,BQ-788,compound,BRD-K02490038-236-03-8,,['endothelin receptor antagonist'],-7.861775,0.16080692
BR00117012,E09,U2OS,48,SB-202190,compound,BRD-K54330070-001-19-6,poscon_orf,['p38 MAPK inhibitor'],-6.757656,1.1115289
BR00117012,E10,U2OS,48,GSK2110183,compound,BRD-K25412176-001-01-9,poscon_diverse,,-6.6909695,1.0026034
BR00117012,E11,U2OS,48,GSK3787,compound,BRD-K03155172-001-03-0,,['PPAR receptor antagonist'],-7.0618334,0.38617316
BR00117012,E12,U2OS,48,BAM7,compound,BRD-K07442505-001-03-6,,,-6.9709616,0.3541148
BR00117012,E13,U2OS,48,PHA-793887,compound,BRD-K64800655-001-09-0,poscon_diverse,['CDK inhibitor'],-1.0154254,3.2258604
BR00117012,E14,U2OS,48,DMSO,compound,,negcon,,-7.619863,0.089463815
BR00117012,E15,U2OS,48,GSK-37647,compound,BRD-K26514105-001-01-7,,['free fatty acid receptor agonist'],-7.006495,0.40201628
BR00117012,E16,U2OS,48,desonide,compound,BRD-K21528677-001-04-4,,['glucocorticoid receptor agonist'],-7.156516,0.7471796
BR00117012,E17,U2OS,48,DMSO,compound,,negcon,,-7.654514,0.102326766
BR00117012,E18,U2OS,48,aloxistatin,compound,BRD-K91188791-001-17-5,,,-5.59262,3.2880874
BR00117012,E19,U2OS,48,azathioprine,compound,BRD-K32821942-001-22-1,,,-7.353712,0.61011314
BR00117012,E20,U2OS,48,ZK-93423,compound,BRD-K33882852-003-02-8,poscon_diverse,['benzodiazepine receptor agonist'],-7.176203,0.9054242
BR00117012,E21,U2OS,48,BI-2536,compound,BRD-K64890080-001-02-1,poscon_diverse,,-0.1908906,2.8799744
BR00117012,E22,U2OS,48,EI1,compound,BRD-K91535048-001-01-2,poscon_cp,['histone lysine methyltransferase inhibitor'],-7.5517035,0.7115728
BR00117012,E23,U2OS,48,NVP-HSP990,compound,BRD-K67915505-001-01-2,,['HSP inhibitor'],-0.23191373,3.4909601
BR00117012,E24,U2OS,48,DMSO,compound,,negcon,,-7.7997556,0.96359926
BR00117012,F01,U2OS,48,DMSO,compound,,negcon,,-6.0001726,-1.0833025
BR00117012,F02,U2OS,48,nialamide,compound,BRD-K12102668-001-25-5,,,-5.3827944,-1.0418165
BR00117012,F03,U2OS,48,DMSO,compound,,negcon,,-6.1150403,-1.3781449
BR00117012,F04,U2OS,48,arundic-acid,compound,BRD-K49223707-001-01-0,,,-5.505901,-1.2011757
BR00117012,F05,U2OS,48,torcitabine,compound,BRD-K91822704-003-07-2,,,-6.2421765,-1.221159
BR00117012,F06,U2OS,48,DMSO,compound,,negcon,,-6.3301797,-1.6315607
BR00117012,F07,U2OS,48,epothilone-b,compound,BRD-K68164687-001-01-6,,"['microtubule stabilizing agent', 'tubulin polymerization inhibitor']",-0.26035902,1.686469
BR00117012,F08,U2OS,48,dyphylline,compound,BRD-A00827783-001-24-6,,['phosphodiesterase inhibitor'],-3.2696548,0.12431886
BR00117012,F09,U2OS,48,DMSO,compound,,negcon,,-6.2907195,-1.6602435
BR00117012,F10,U2OS,48,quinidine,compound,BRD-K59632282-052-03-1,,['sodium channel blocker'],-2.9394393,0.57693696
BR00117012,F11,U2OS,48,halopemide,compound,BRD-K50055394-001-03-6,,,-4.7658067,1.2421833
BR00117012,F12,U2OS,48,sulfinpyrazone,compound,BRD-A36217750-001-16-3,,,-5.896721,-0.48897663
BR00117012,F13,U2OS,48,ML-323,compound,BRD-K93942811-001-01-3,poscon_cp,['ubiquitin specific protease inhibitor'],-5.6538477,0.63298756
BR00117012,F14,U2OS,48,racecadotril,compound,BRD-A08187463-001-12-9,,,-6.3621507,-0.39896733
BR00117012,F15,U2OS,48,BRL-50481,compound,BRD-K84266862-001-03-2,,['phosphodiesterase inhibitor'],-5.546358,0.6072082
BR00117012,F16,U2OS,48,GSK2110183,compound,BRD-K25412176-001-01-9,poscon_diverse,,-4.895688,1.6398288
BR00117012,F17,U2OS,48,bufexamac,compound,BRD-K36660044-001-24-2,,['cyclooxygenase inhibitor'],-6.2225385,0.5504806
BR00117012,F18,U2OS,48,anandamide,compound,BRD-K42352790-001-05-3,,,-6.5831995,0.28353095
BR00117012,F19,U2OS,48,thioguanine,compound,BRD-K49350383-001-13-7,poscon_diverse,,-3.409178,1.8394065
BR00117012,F20,U2OS,48,IWP-L6,compound,BRD-K53234107-001-01-6,,['porcupine inhibitor'],-6.741138,0.6797907
BR00117012,F21,U2OS,48,edoxaban,compound,BRD-K29322660-001-01-9,,['coagulation factor inhibitor'],-6.914826,0.7833897
BR00117012,F22,U2OS,48,lonafarnib,compound,BRD-K41599323-001-02-3,poscon_diverse,,-3.2106452,2.4596343
BR00117012,F23,U2OS,48,ibutamoren,compound,BRD-K44771174-066-01-0,,,-7.8800454,0.810555
BR00117012,F24,U2OS,48,somatostatin,compound,BRD-K14681867-001-01-6,,['somatostatin receptor agonist'],-7.8473983,0.8968549
BR00117012,G01,U2OS,48,L-proline,compound,BRD-K01666412-001-02-0,,,-7.9927406,-0.34250948
BR00117012,G02,U2OS,48,zamifenacin,compound,BRD-K80451230-051-02-6,,['acetylcholine receptor antagonist'],-8.276067,-0.012675923
BR00117012,G03,U2OS,48,YC-1,compound,BRD-K60476892-001-16-1,,,-0.6224318,3.2100923
BR00117012,G04,U2OS,48,DMSO,compound,,negcon,,-7.8136053,-0.72211367
BR00117012,G05,U2OS,48,ME-0328,compound,BRD-K24283677-001-01-9,,['PPAR receptor antagonist'],-8.542637,0.16252822
BR00117012,G06,U2OS,48,NSC-663284,compound,BRD-K03109492-001-02-2,,['CDC inhibitor'],0.534449,4.7405605
BR00117012,G07,U2OS,48,CYM-50358,compound,BRD-K80666802-003-01-0,,,-8.458619,0.18958114
BR00117012,G08,U2OS,48,trazodone,compound,BRD-K70778732-003-27-5,,"['adrenergic receptor antagonist', 'serotonin receptor antagonist']",-8.335266,-0.53783315
BR00117012,G09,U2OS,48,DMSO,compound,,negcon,,-8.51753,0.040070016
BR00117012,G10,U2OS,48,DMSO,compound,,negcon,,-8.4285965,-0.100661814
BR00117012,G11,U2OS,48,sulfasalazine,compound,BRD-K10670311-001-17-1,,['cyclooxygenase inhibitor'],-8.081663,0.15465322
BR00117012,G12,U2OS,48,"2,5-furandimethanol",compound,BRD-K29791386-001-01-8,,,-7.692661,0.0116163585
BR00117012,G13,U2OS,48,DMSO,compound,,negcon,,-7.6196156,0.33082446
BR00117012,G14,U2OS,48,dilazep,compound,BRD-K48722258-300-11-0,,,-7.7701807,0.05467203
BR00117012,G15,U2OS,48,felodipine,compound,BRD-A30815329-001-12-1,,['calcium channel blocker'],-7.553839,0.21111135
BR00117012,G16,U2OS,48,paliperidone,compound,BRD-A99888680-001-05-3,,"['dopamine receptor antagonist', 'serotonin receptor antagonist']",-7.6293774,0.23685841
BR00117012,G17,U2OS,48,purvalanol-a,compound,BRD-K50836978-001-03-3,poscon_orf,['CDK inhibitor'],-1.7667058,1.0459245
BR00117012,G18,U2OS,48,DMSO,compound,,negcon,,-7.7503943,0.08497088
BR00117012,G19,U2OS,48,Ro-1138452,compound,BRD-K77220725-003-01-5,,['prostanoid receptor antagonist'],-7.0220265,0.3250231
BR00117012,G20,U2OS,48,sorbinil,compound,BRD-A89164055-001-03-3,,['aldose reductase inhibitor'],-7.6206427,-0.20204026
BR00117012,G21,U2OS,48,TC-S-7004,compound,BRD-K89517477-001-01-4,poscon_cp,['DYRK inhibitor'],-7.08641,0.8757109
BR00117012,G22,U2OS,48,saclofen,compound,BRD-A24122750-001-03-7,,['GABA receptor antagonist'],-7.6167893,0.3141295
BR00117012,G23,U2OS,48,BAY-87-2243,compound,BRD-K70463136-001-01-5,,,-7.1892257,0.8695462
BR00117012,G24,U2OS,48,ibudilast,compound,BRD-K16444452-001-09-1,,['phosphodiesterase inhibitor'],-7.8120337,0.7201282
BR00117012,H01,U2OS,48,briciclib,compound,BRD-K05531427-001-01-7,,,0.08261351,2.343892
BR00117012,H02,U2OS,48,2-Oleoylglycerol,compound,BRD-K77087341-001-02-4,,,-5.2695303,-0.779828
BR00117012,H03,U2OS,48,RGFP966,compound,BRD-K61688984-001-02-9,poscon_cp,['HDAC inhibitor'],-2.9488456,1.355194
BR00117012,H04,U2OS,48,DMSO,compound,,negcon,,-5.7812753,-1.442057
BR00117012,H05,U2OS,48,azacitidine,compound,BRD-K03406345-001-21-1,poscon_diverse,,-5.9353366,0.59947115
BR00117012,H06,U2OS,48,N6-cyclopentyladenosine,compound,BRD-K60150510-001-15-6,,,-5.8049126,-0.4199107
BR00117012,H07,U2OS,48,filgotinib,compound,BRD-K16803204-001-01-6,poscon_cp,['JAK inhibitor'],-5.90524,0.684883
BR00117012,H08,U2OS,48,guanidine,compound,BRD-K76037122-001-02-5,,['HSP inhibitor'],-5.597338,-0.1522522
BR00117012,H09,U2OS,48,coumarin,compound,BRD-K23913458-001-20-7,,,-4.836071,2.3432982
BR00117012,H10,U2OS,48,DMSO,compound,,negcon,,-6.151772,-1.6177539
BR00117012,H11,U2OS,48,ZM-336372,compound,BRD-K73789395-001-09-9,poscon_orf,['RAF inhibitor'],-5.285976,0.13190055
BR00117012,H12,U2OS,48,citric-acid,compound,BRD-K76792669-001-08-1,,['coagulation factor inhibitor'],-5.985472,-0.38798866
BR00117012,H13,U2OS,48,DMSO,compound,,negcon,,-6.6147857,-1.4422535
BR00117012,H14,U2OS,48,CCG-63802,compound,BRD-K26970495-001-02-7,,['G protein signaling inhibitor'],-3.0285218,0.5392345
BR00117012,H15,U2OS,48,ibutilide,compound,BRD-A74391928-051-03-9,,['potassium channel blocker'],-6.1401725,0.43115452
BR00117012,H16,U2OS,48,batimastat,compound,BRD-K82818427-001-04-8,,['matrix metalloprotease inhibitor'],-3.0357625,0.949645
BR00117012,H17,U2OS,48,DMSO,compound,,negcon,,-6.846783,-0.9411854
BR00117012,H18,U2OS,48,DMSO,compound,,negcon,,-6.8899064,-0.05215157
BR00117012,H19,U2OS,48,UNC1999,compound,BRD-K26989966-001-04-3,poscon_cp,['histone lysine methyltransferase inhibitor'],-0.7053888,4.096098
BR00117012,H20,U2OS,48,glutamine-(l),compound,BRD-K83896451-001-06-7,,,-6.894346,0.15156351
BR00117012,H21,U2OS,48,PD-98059,compound,BRD-K62810658-001-11-4,poscon_orf,,-7.2728143,0.5144072
BR00117012,H22,U2OS,48,enilconazole,compound,BRD-K01825690-065-01-9,,,-7.119816,0.42736405
BR00117012,H23,U2OS,48,N-alpha-Methylhistamine-dihydrochloride,compound,BRD-K75390981-300-04-9,,['histamine receptor agonist'],-7.5496225,0.62137866
BR00117012,H24,U2OS,48,GK921,compound,BRD-K38272302-001-02-7,,,-0.4689104,3.648532
BR00117012,I01,U2OS,48,nilvadipine,compound,BRD-A84687895-001-03-2,,['calcium channel blocker'],-8.193178,-0.08692054
BR00117012,I02,U2OS,48,DMSO,compound,,negcon,,-8.352718,-0.50662315
BR00117012,I03,U2OS,48,AC-710,compound,BRD-K15819326-001-01-6,,['PDGFR tyrosine kinase receptor inhibitor'],0.424844,4.960398
BR00117012,I04,U2OS,48,PETCM,compound,BRD-A93477898-001-04-2,,,-7.996956,-0.60686094
BR00117012,I05,U2OS,48,AZD7762,compound,BRD-K86525559-001-07-8,poscon_diverse,['CHK inhibitor'],0.27599153,4.121729
BR00117012,I06,U2OS,48,PHA-793887,compound,BRD-K64800655-001-09-0,poscon_diverse,['CDK inhibitor'],-0.8123801,3.1260102
BR00117012,I07,U2OS,48,KU-60019,compound,BRD-K36016295-001-05-2,,['ATM kinase inhibitor'],-0.82707477,2.777161
BR00117012,I08,U2OS,48,nafamostat,compound,BRD-K06674495-334-04-0,,,-8.296527,-0.45466468
BR00117012,I09,U2OS,48,DMSO,compound,,negcon,,-7.634265,0.016194977
BR00117012,I10,U2OS,48,DMSO,compound,,negcon,,-7.5623503,0.06923684
BR00117012,I11,U2OS,48,taladegib,compound,BRD-K50498985-001-03-3,,['smoothened receptor antagonist'],-7.6174126,0.3761771
BR00117012,I12,U2OS,48,acetohexamide,compound,BRD-K52960356-001-13-0,,['ATP channel blocker'],-7.488092,0.12817182
BR00117012,I13,U2OS,48,minocycline,compound,BRD-A69651145-003-11-4,,,-7.230995,0.70298916
BR00117012,I14,U2OS,48,BI-2536,compound,BRD-K64890080-001-02-1,poscon_diverse,,-0.16505769,3.0079558
BR00117012,I15,U2OS,48,riociguat,compound,BRD-K84783599-001-01-0,,,-7.339376,0.21938807
BR00117012,I16,U2OS,48,CP-724714,compound,BRD-K76908866-001-07-6,poscon_cp,"['EGFR inhibitor', 'protein tyrosine kinase inhibitor']",-6.892571,1.1095077
BR00117012,I17,U2OS,48,ganetespib,compound,BRD-K38852836-001-04-9,poscon_diverse,['HSP inhibitor'],-0.25346035,3.5289073
BR00117012,I18,U2OS,48,AZ191,compound,BRD-K80935598-001-01-1,poscon_cp,['DYRK inhibitor'],-4.9951463,3.6979113
BR00117012,I19,U2OS,48,BAX-channel-blocker,compound,BRD-A18763547-300-06-3,,,-0.78047365,3.2714655
BR00117012,I20,U2OS,48,SU3327,compound,BRD-K32730239-001-01-0,,['JNK inhibitor'],0.23190522,3.967336
BR00117012,I21,U2OS,48,DMSO,compound,,negcon,,-7.755728,0.5443756
BR00117012,I22,U2OS,48,DMSO,compound,,negcon,,-7.649848,0.030874372
BR00117012,I23,U2OS,48,octreotide,compound,BRD-A64173453-015-03-1,,['somatostatin receptor agonist'],-7.7082257,0.80745494
BR00117012,I24,U2OS,48,1-octanol,compound,BRD-K09338665-001-08-9,,,-7.6929584,0.93826956
BR00117012,J01,U2OS,48,acalabrutinib,compound,BRD-K64034691-001-01-9,,"[""Bruton's tyrosine kinase (BTK) inhibitor""]",-5.2268486,-0.29414353
BR00117012,J02,U2OS,48,rifamycin,compound,BRD-K38512030-001-01-7,,,-4.829808,-0.9379049
BR00117012,J03,U2OS,48,pazopanib,compound,BRD-K74514084-003-09-2,,"['KIT inhibitor', 'VEGFR inhibitor', 'PDGFR tyrosine kinase receptor inhibitor']",-4.103431,1.8389323
BR00117012,J04,U2OS,48,RKI-1447,compound,BRD-K19333160-001-01-3,poscon_cp,,-5.3692417,1.6846788
BR00117012,J05,U2OS,48,vitamin-E,compound,BRD-K97091514-001-11-4,,['PKC inhibitor'],-6.0168667,-0.6175819
BR00117012,J06,U2OS,48,lonafarnib,compound,BRD-K41599323-001-02-3,poscon_diverse,,-3.365555,2.4164643
BR00117012,J07,U2OS,48,ethyl-pyruvate,compound,BRD-K47738867-001-01-5,,,-5.584727,-0.22359231
BR00117012,J08,U2OS,48,picrotin,compound,BRD-A91822151-001-05-0,,['GABA receptor antagonist'],-5.8049893,-0.050178126
BR00117012,J09,U2OS,48,SGX523,compound,BRD-K19477839-001-07-6,poscon_cp,,-5.312714,0.87529564
BR00117012,J10,U2OS,48,PP-2,compound,BRD-K95785537-001-22-3,,['src inhibitor'],-2.6198976,1.611566
BR00117012,J11,U2OS,48,ME-0328,compound,BRD-A63444178-001-01-5,,['PPAR receptor antagonist'],-6.0426936,-0.16124134
BR00117012,J12,U2OS,48,AZD9668,compound,BRD-K31476763-001-01-5,,['elastase inhibitor'],-5.918815,0.4173608
BR00117012,J13,U2OS,48,NQDI-1,compound,BRD-K61918008-001-07-1,,,-5.1532607,1.6177971
BR00117012,J14,U2OS,48,DMSO,compound,,negcon,,-6.3596363,-0.224155
BR00117012,J15,U2OS,48,carzenide,compound,BRD-K09295674-001-09-8,,,-5.4443808,1.2114898
BR00117012,J16,U2OS,48,KU-55933,compound,BRD-K25311561-001-10-7,,['ATM kinase inhibitor'],-3.6200812,3.0366864
BR00117012,J17,U2OS,48,NVP-AEW541,compound,BRD-K24696047-001-02-3,poscon_cp,['IGF-1 inhibitor'],-4.986311,2.8749585
BR00117012,J18,U2OS,48,leflunomide,compound,BRD-K78692225-001-24-5,,['PDGFR tyrosine kinase receptor inhibitor'],-6.136181,0.96203655
BR00117012,J19,U2OS,48,DMSO,compound,,negcon,,-7.212444,-0.037578467
BR00117012,J20,U2OS,48,azacitidine,compound,BRD-K03406345-001-21-1,poscon_diverse,,-6.4538574,0.7555121
BR00117012,J21,U2OS,48,ixabepilone,compound,BRD-K03601870-001-01-2,,['microtubule stabilizing agent'],-0.26624727,2.0511212
BR00117012,J22,U2OS,48,KH-CB19,compound,BRD-K66430217-001-03-8,poscon_cp,['CDC inhibitor'],-7.038017,0.26451102
BR00117012,J23,U2OS,48,DMSO,compound,,negcon,,-7.5917616,0.46013886
BR00117012,J24,U2OS,48,PF-05190457,compound,BRD-K02554563-001-01-6,,,-7.541933,0.94503695
BR00117012,K01,U2OS,48,LDN-212854,compound,BRD-K59831625-001-03-9,,,0.43732026,4.3038383
BR00117012,K02,U2OS,48,formononetin,compound,BRD-K55567017-001-12-3,,['alcohol dehydrogenase inhibitor'],-8.537182,0.121826455
BR00117012,K03,U2OS,48,aminopurvalanol-a,compound,BRD-K07762753-001-05-1,poscon_orf,['CDK inhibitor'],-1.4828645,1.1251954
BR00117012,K04,U2OS,48,ruxolitinib,compound,BRD-K53972329-001-01-3,poscon_cp,['JAK inhibitor'],-8.306356,-0.10463483
BR00117012,K05,U2OS,48,DMSO,compound,,negcon,,-7.8476577,-0.92138505
BR00117012,K06,U2OS,48,DMSO,compound,,negcon,,-8.021801,-0.82927036
BR00117012,K07,U2OS,48,LGK-974,compound,BRD-K16810791-001-01-0,,['porcupine inhibitor'],-8.524531,0.2050706
BR00117012,K08,U2OS,48,polydatin,compound,BRD-K43236057-001-07-1,,['ICAM1 expression inhibitor'],-0.56128466,2.8012958
BR00117012,K09,U2OS,48,enflurane,compound,BRD-A51831848-001-01-7,,,-7.3209662,-0.48546937
BR00117012,K10,U2OS,48,PFI-1,compound,BRD-K13094524-001-04-2,poscon_cp,,-7.1055865,-0.5735809
BR00117012,K11,U2OS,48,AZD7762,compound,BRD-K86525559-001-07-8,poscon_diverse,['CHK inhibitor'],0.1816923,4.376107
BR00117012,K12,U2OS,48,sotrastaurin,compound,BRD-K16761703-001-03-8,,['PKC inhibitor'],-6.695255,0.99411184
BR00117012,K13,U2OS,48,DMSO,compound,,negcon,,-7.7044697,-0.13639067
BR00117012,K14,U2OS,48,cycloheximide,compound,BRD-K36055864-001-20-0,,['protein synthesis inhibitor'],-1.1297379,3.2866378
BR00117012,K15,U2OS,48,oxytocin,compound,BRD-K25243230-001-01-2,,,-7.4684525,0.09289812
BR00117012,K16,U2OS,48,DMSO,compound,,negcon,,-7.36549,0.053231817
BR00117012,K17,U2OS,48,colchicine,compound,BRD-K00259736-001-16-4,,,-0.00093495956,2.6902037
BR00117012,K18,U2OS,48,afimoxifene,compound,BRD-K04210847-001-21-9,,,-7.480074,0.13363612
BR00117012,K19,U2OS,48,DMSO,compound,,negcon,,-7.6147957,0.19342536
BR00117012,K20,U2OS,48,ZK-93423,compound,BRD-K33882852-003-02-8,poscon_diverse,['benzodiazepine receptor agonist'],-7.4270096,0.8760884
BR00117012,K21,U2OS,48,RGB-286638,compound,BRD-K20986415-001-02-6,,['CDK inhibitor'],-1.6735139,3.4267366
BR00117012,K22,U2OS,48,FPS-ZM1,compound,BRD-K87691185-001-01-2,,['RAGE receptor antagonist'],-7.663002,0.5391312
BR00117012,K23,U2OS,48,flindokalner,compound,BRD-K56740996-001-02-1,,,-7.5831385,0.9086525
BR00117012,K24,U2OS,48,motesanib,compound,BRD-K99616396-316-05-3,,"['KIT inhibitor', 'VEGFR inhibitor', 'PDGFR tyrosine kinase receptor inhibitor']",-7.0853214,1.2334487
BR00117012,L01,U2OS,48,geldanamycin,compound,BRD-K43570081-001-02-4,,['HSP inhibitor'],-0.50929457,3.56807
BR00117012,L02,U2OS,48,DMSO,compound,,negcon,,-6.1525364,-1.5225531
BR00117012,L03,U2OS,48,CGP-53353,compound,BRD-K32292990-001-03-6,,"['PKC inhibitor', 'EGFR inhibitor']",-5.5212774,-0.46593374
BR00117012,L04,U2OS,48,7-hydroxystaurosporine,compound,BRD-K45293975-001-02-0,,"['CDK inhibitor', 'PKC inhibitor', 'CHK inhibitor']",-0.13166676,4.6539593
BR00117012,L05,U2OS,48,DMSO,compound,,negcon,,-6.199752,-1.4415168
BR00117012,L06,U2OS,48,DMSO,compound,,negcon,,-6.069216,-1.3249457
BR00117012,L07,U2OS,48,efaproxiral,compound,BRD-K37355418-236-01-6,,,-6.067654,-0.6998678
BR00117012,L08,U2OS,48,SB-203580,compound,BRD-A37704979-001-12-3,poscon_orf,['p38 MAPK inhibitor'],-6.067412,1.7372158
BR00117012,L09,U2OS,48,FK-866,compound,BRD-K58550667-001-08-7,poscon_diverse,,-1.7695603,5.15591
BR00117012,L10,U2OS,48,bepridil,compound,BRD-A91008255-003-24-8,,['calcium channel blocker'],-5.3926735,2.3199005
BR00117012,L11,U2OS,48,delanzomib,compound,BRD-K59325863-001-04-4,,,0.13626978,4.519302
BR00117012,L12,U2OS,48,buparlisib,compound,BRD-K42191735-001-08-7,poscon_diverse,,-0.04506303,2.886235
BR00117012,L13,U2OS,48,phenylbutazone,compound,BRD-K10843433-001-23-5,,"['cyclooxygenase inhibitor', 'prostanoid receptor antagonist']",-5.717317,-0.44849434
BR00117012,L14,U2OS,48,deferasirox,compound,BRD-K97010173-001-04-1,,,-1.5295354,0.064629376
BR00117012,L15,U2OS,48,DMSO,compound,,negcon,,-6.0029197,-0.45787573
BR00117012,L16,U2OS,48,cediranib,compound,BRD-K86930074-001-05-0,,"['KIT inhibitor', 'VEGFR inhibitor']",-5.3774996,3.2036927
BR00117012,L17,U2OS,48,isoflurane,compound,BRD-A31564021-001-02-6,,,-6.256261,0.32050425
BR00117012,L18,U2OS,48,DMSO,compound,,negcon,,-5.5808396,-0.49123532
BR00117012,L19,U2OS,48,CCG-50014,compound,BRD-K08893438-001-06-4,,['G protein signaling inhibitor'],-0.6981851,3.5237534
BR00117012,L20,U2OS,48,PF-431396,compound,BRD-K93788137-001-04-1,,,-0.9457144,0.455717
BR00117012,L21,U2OS,48,TG-02,compound,BRD-K14560436-001-01-4,,"['CDK inhibitor', 'FLT3 inhibitor', 'JAK inhibitor']",-0.90641373,3.29167
BR00117012,L22,U2OS,48,baclofen,compound,BRD-K01826724-003-07-9,,['benzodiazepine receptor agonist'],-7.4276233,0.3355826
BR00117012,L23,U2OS,48,thiostrepton,compound,BRD-A20697603-001-07-2,,['protein synthesis inhibitor'],-2.1289344,1.7291152
BR00117012,L24,U2OS,48,flufenamic-acid,compound,BRD-K44067360-001-29-5,,,-7.729964,0.9648257
BR00117012,M01,U2OS,48,DMSO,compound,,negcon,,-8.163769,-0.47396213
BR00117012,M02,U2OS,48,LY2109761,compound,BRD-K47557313-001-02-7,,,-8.452593,0.24308504
BR00117012,M03,U2OS,48,olopatadine,compound,BRD-K67637637-003-11-8,,['histamine receptor antagonist'],-8.559059,0.16520697
BR00117012,M04,U2OS,48,DMSO,compound,,negcon,,-8.524854,-0.20042723
BR00117012,M05,U2OS,48,castanospermine,compound,BRD-K20897876-001-11-8,,['glucosidase inhibitor'],-8.536685,0.11412493
BR00117012,M06,U2OS,48,A205804,compound,BRD-K77627880-001-04-0,,['ICAM1 expression inhibitor'],-1.8802972,0.2974355
BR00117012,M07,U2OS,48,VU591,compound,BRD-K72063794-003-01-0,,['potassium channel blocker'],-8.373848,-0.25505558
BR00117012,M08,U2OS,48,dalbavancin,compound,BRD-K30177383-001-01-0,,['bacterial cell wall synthesis inhibitor'],-7.4658318,-0.2053013
BR00117012,M09,U2OS,48,CC-401,compound,BRD-K45746021-003-01-9,,['JNK inhibitor'],-6.8225064,0.4898234
BR00117012,M10,U2OS,48,ganetespib,compound,BRD-K38852836-001-04-9,poscon_diverse,['HSP inhibitor'],-0.22677454,3.6176145
BR00117012,M11,U2OS,48,ingenol-mebutate,compound,BRD-K93779381-001-01-9,,,-6.1735973,1.3156381
BR00117012,M12,U2OS,48,menadione,compound,BRD-K78126613-001-27-7,,,-1.3409327,3.4293566
BR00117012,M13,U2OS,48,cetilistat,compound,BRD-K94863486-001-02-2,,,-7.725667,-0.09730219
BR00117012,M14,U2OS,48,methoxsalen,compound,BRD-K63430059-001-16-4,,['DNA synthesis inhibitor'],-7.3520045,0.6128653
BR00117012,M15,U2OS,48,cyclosporine,compound,BRD-K13533483-001-16-2,,,-2.845053,2.6532805
BR00117012,M16,U2OS,48,NSC-632839,compound,BRD-K81197548-003-01-4,poscon_cp,['ubiquitin specific protease inhibitor'],0.21110925,4.0241427
BR00117012,M17,U2OS,48,DMSO,compound,,negcon,,-7.654394,-0.3482795
BR00117012,M18,U2OS,48,TG-003,compound,BRD-K97072811-001-11-4,poscon_cp,,-7.127077,0.11018024
BR00117012,M19,U2OS,48,oxibendazole,compound,BRD-K52075715-001-06-7,,['tubulin polymerization inhibitor'],-0.14064392,2.3047347
BR00117012,M20,U2OS,48,TG-101348,compound,BRD-K12502280-001-11-4,poscon_cp,"['JAK inhibitor', 'FLT3 inhibitor']",-1.1350799,4.3322053
BR00117012,M21,U2OS,48,miglitol,compound,BRD-A63310107-001-04-8,,['glucosidase inhibitor'],-7.7168226,0.6070689
BR00117012,M22,U2OS,48,DMSO,compound,,negcon,,-7.629455,0.30168736
BR00117012,M23,U2OS,48,DMSO,compound,,negcon,,-7.845239,0.6298779
BR00117012,M24,U2OS,48,tranilast,compound,BRD-K17849083-001-32-9,,,-7.4623733,0.99101585
BR00117012,N01,U2OS,48,4-methylhistamine,compound,BRD-K70821460-300-02-4,,['histamine receptor agonist'],-5.5573354,-0.2893247
BR00117012,N02,U2OS,48,LDN-27219,compound,BRD-K51485109-001-01-4,,,-5.0185127,-1.220602
BR00117012,N03,U2OS,48,anisomycin,compound,BRD-K91370081-001-25-1,,['DNA synthesis inhibitor'],-0.58913726,3.864793
BR00117012,N04,U2OS,48,thioguanine,compound,BRD-K49350383-001-13-7,poscon_diverse,,-3.2796354,1.9182009
BR00117012,N05,U2OS,48,droxinostat,compound,BRD-K11558771-001-13-9,,['HDAC inhibitor'],-5.090565,-0.9084867
BR00117012,N06,U2OS,48,UNC2025,compound,BRD-K91283740-003-01-6,poscon_cp,['FLT3 inhibitor'],-0.6698311,3.3553386
BR00117012,N07,U2OS,48,DMSO,compound,,negcon,,-5.803169,-1.0562587
BR00117012,N08,U2OS,48,DMSO,compound,,negcon,,-6.266688,-1.4968195
BR00117012,N09,U2OS,48,AMG900,compound,BRD-K21728777-001-02-3,poscon_cp,['Aurora kinase inhibitor'],-0.99442184,0.3452259
BR00117012,N10,U2OS,48,PF-06463922,compound,BRD-A23124853-001-01-4,,['ALK tyrosine kinase receptor inhibitor'],-4.672967,1.6210867
BR00117012,N11,U2OS,48,orantinib,compound,BRD-K55966568-001-09-6,poscon_cp,"['FGFR inhibitor', 'PDGFR tyrosine kinase receptor inhibitor', 'VEGFR inhibitor']",-5.2200866,0.60428727
BR00117012,N12,U2OS,48,fludarabine-phosphate,compound,BRD-K71106091-001-09-5,,['ribonucleotide reductase inhibitor'],-1.3368398,0.07119971
BR00117012,N13,U2OS,48,ceritinib,compound,BRD-K22149900-001-06-2,,['ALK tyrosine kinase receptor inhibitor'],-4.7898417,2.3634372
BR00117012,N14,U2OS,48,NVS-PAK1-1,compound,BRD-K28132190-001-02-0,poscon_cp,['p21 activated kinase inhibitor'],-3.55338,1.7663397
BR00117012,N15,U2OS,48,homoharringtonine,compound,BRD-K76674262-001-03-3,,['protein synthesis inhibitor'],-0.5331632,3.8057957
BR00117012,N16,U2OS,48,picrotoxinin,compound,BRD-K36461289-001-05-8,,['GABA receptor antagonist'],-5.9898667,0.5772291
BR00117012,N17,U2OS,48,DMSO,compound,,negcon,,-6.5005264,-1.3295597
BR00117012,N18,U2OS,48,danusertib,compound,BRD-K07881437-001-03-8,poscon_diverse,"['growth factor receptor inhibitor', 'Aurora kinase inhibitor']",-1.2488929,0.24747808
BR00117012,N19,U2OS,48,romidepsin,compound,BRD-K61397605-001-01-8,poscon_cp,['HDAC inhibitor'],0.17982425,3.9833155
BR00117012,N20,U2OS,48,FERb-033,compound,BRD-K61642990-001-01-0,poscon_cp,['EGFR inhibitor'],-6.3946896,1.098171
BR00117012,N21,U2OS,48,PF-03758309,compound,BRD-K37764012-001-03-3,poscon_diverse,['p21 activated kinase inhibitor'],-0.6347701,3.2776842
BR00117012,N22,U2OS,48,DMSO,compound,,negcon,,-7.4179444,0.21424596
BR00117012,N23,U2OS,48,trometamol,compound,BRD-K47978074-001-03-2,,,-7.5640283,0.49040952
BR00117012,N24,U2OS,48,simvastatin,compound,BRD-K22134346-001-22-3,,['HMGCR inhibitor'],-2.8049717,2.0120366
BR00117012,O01,U2OS,48,zaprinast,compound,BRD-K16542329-001-16-8,,['phosphodiesterase inhibitor'],-8.29943,-0.024975851
BR00117012,O02,U2OS,48,dexamethasone,compound,BRD-A10188456-001-04-9,,['glucocorticoid receptor agonist'],-8.297373,-0.5687022
BR00117012,O03,U2OS,48,salicylic-acid,compound,BRD-K93632104-001-17-2,,['cyclooxygenase inhibitor'],-8.404114,0.08698768
BR00117012,O04,U2OS,48,diltiazem,compound,BRD-A69636825-003-04-7,,['calcium channel blocker'],-8.130776,-0.5278112
BR00117012,O05,U2OS,48,phenolphthalein,compound,BRD-K19227686-001-18-6,,,-8.436793,-0.51459616
BR00117012,O06,U2OS,48,niflumic-acid,compound,BRD-K98763141-001-30-8,,['cyclooxygenase inhibitor'],-8.346103,-0.43059185
BR00117012,O07,U2OS,48,DMSO,compound,,negcon,,-7.843703,-1.0566587
BR00117012,O08,U2OS,48,L-Cystine,compound,BRD-A15397381-001-02-5,,,-7.909469,-0.5996504
BR00117012,O09,U2OS,48,ozanimod,compound,BRD-K46625559-001-01-8,,['sphingosine 1 phosphate receptor agonist'],-8.228035,0.17423227
BR00117012,O10,U2OS,48,efaroxan,compound,BRD-A10739734-003-09-8,,['adrenergic receptor antagonist'],-7.9899917,0.44740182
BR00117012,O11,U2OS,48,NBQX,compound,BRD-K11796549-001-05-2,,['glutamate receptor antagonist'],-7.551286,0.1773373
BR00117012,O12,U2OS,48,dinoprostone,compound,BRD-K26521938-001-07-2,,['prostanoid receptor agonist'],-7.0264187,0.7472421
BR00117012,O13,U2OS,48,Ro-20-1724,compound,BRD-A07207424-001-14-0,,['phosphodiesterase inhibitor'],-7.1648684,0.47771546
BR00117012,O14,U2OS,48,xanomeline,compound,BRD-K72815923-034-02-0,,['acetylcholine receptor agonist'],-7.3399434,0.24222822
BR00117012,O15,U2OS,48,terazosin,compound,BRD-K01825589-310-02-9,,['adrenergic receptor antagonist'],-7.596461,0.84816706
BR00117012,O16,U2OS,48,BVT-948,compound,BRD-K68567222-001-01-2,,,-1.087228,3.9165807
BR00117012,O17,U2OS,48,nicotine,compound,BRD-K01825660-322-01-9,,['acetylcholine receptor agonist'],-7.8134527,0.46527064
BR00117012,O18,U2OS,48,DMSO,compound,,negcon,,-7.832793,0.60935545
BR00117012,O19,U2OS,48,U-0521,compound,BRD-K08953028-001-09-6,,,-7.4509,0.81402797
BR00117012,O20,U2OS,48,BMS-587101,compound,BRD-K20093108-001-02-3,,,-7.426031,0.64309347
BR00117012,O21,U2OS,48,nimodipine,compound,BRD-A58048407-001-20-4,,['calcium channel blocker'],-7.676602,0.8810081
BR00117012,O22,U2OS,48,pyrrolidine-dithiocarbamate,compound,BRD-K80970344-201-08-6,,,0.18211892,3.6428993
BR00117012,O23,U2OS,48,PF-915275,compound,BRD-K18289362-001-02-2,,,-7.7445035,0.78699666
BR00117012,O24,U2OS,48,JTE-013,compound,BRD-K43330982-001-02-3,,,-7.26542,1.0901581
BR00117012,P01,U2OS,48,sodium-butyrate,compound,BRD-K05878375-236-05-7,,['HDAC inhibitor'],-2.506329,-0.9523592
BR00117012,P02,U2OS,48,pentostatin,compound,BRD-K91543828-001-02-0,,['ribonucleotide reductase inhibitor'],-4.889278,-0.5253429
BR00117012,P03,U2OS,48,OMDM-2,compound,BRD-K48830578-001-01-9,,,-4.5258203,0.021518422
BR00117012,P04,U2OS,48,nalmefene,compound,BRD-A72767275-003-01-6,,,-5.1320534,-0.55405796
BR00117012,P05,U2OS,48,DMSO,compound,,negcon,,-5.4215264,-0.85942906
BR00117012,P06,U2OS,48,1-EBIO,compound,BRD-K70586315-001-02-4,,,-4.9354696,-0.32493827
BR00117012,P07,U2OS,48,SB-505124,compound,BRD-K40109029-001-02-9,,['ALK tyrosine kinase receptor inhibitor'],-2.7165964,0.6429058
BR00117012,P08,U2OS,48,prasugrel,compound,BRD-A83029242-001-06-1,,['purinergic receptor antagonist'],-4.749247,0.11172972
BR00117012,P09,U2OS,48,pidolic-acid,compound,BRD-K57313110-001-06-8,,,-4.8428817,-0.5133194
BR00117012,P10,U2OS,48,DMSO,compound,,negcon,,-5.1204896,-0.24330589
BR00117012,P11,U2OS,48,nevirapine,compound,BRD-K15502390-001-20-9,,,-4.787318,0.12647587
BR00117012,P12,U2OS,48,triamterene,compound,BRD-K92049597-001-20-8,,['sodium channel blocker'],-4.6859484,-0.27783453
BR00117012,P13,U2OS,48,regorafenib,compound,BRD-K16730910-001-07-3,,"['PDGFR tyrosine kinase receptor inhibitor', 'RAF inhibitor', 'KIT inhibitor', 'RET tyrosine kinase inhibitor', 'FGFR inhibitor', 'VEGFR inhibitor']",-4.283698,1.4045243
BR00117012,P14,U2OS,48,cyclophosphamide,compound,BRD-A09722536-002-18-0,,,-4.9532275,-0.19523837
BR00117012,P15,U2OS,48,olanzapine,compound,BRD-K18895904-001-16-1,,"['dopamine receptor antagonist', 'serotonin receptor antagonist']",-5.03076,2.6654792
BR00117012,P16,U2OS,48,KI-16425,compound,BRD-A25569250-001-03-3,,['lysophosphatidic acid receptor antagonist'],-4.6025844,-0.5545782
BR00117012,P17,U2OS,48,SKLB1002,compound,BRD-K29895144-001-01-0,,['VEGFR inhibitor'],-1.2974333,0.25140214
BR00117012,P18,U2OS,48,cilostazol,compound,BRD-K67017579-001-28-1,,['phosphodiesterase inhibitor'],-4.5833297,-0.4440102
BR00117012,P19,U2OS,48,AZD1283,compound,BRD-K77060810-001-01-5,,['purinergic receptor antagonist'],-6.553213,0.42391634
BR00117012,P20,U2OS,48,A-987306,compound,BRD-K68982262-001-01-4,,['histamine receptor antagonist'],-5.315752,2.7731392
BR00117012,P21,U2OS,48,procaine,compound,BRD-K24616672-003-20-1,,['HMGCR inhibitor'],-6.935983,0.26074392
BR00117012,P22,U2OS,48,miconazole,compound,BRD-A82396632-008-30-8,,['bacterial cell wall synthesis inhibitor'],-7.0146155,0.459433
BR00117012,P23,U2OS,48,loperamide,compound,BRD-K61250553-003-30-6,,,-6.900517,0.919822
BR00117012,P24,U2OS,48,aripiprazole,compound,BRD-K70358946-001-17-3,,['serotonin receptor antagonist'],-6.9151564,0.75792825
BR00117013,A01,U2OS,48,gabapentin-enacarbil,compound,BRD-A86665761-001-01-1,,,-3.2876644,-0.7118907
BR00117013,A02,U2OS,48,DMSO,compound,,negcon,,-5.378017,-0.60653573
BR00117013,A03,U2OS,48,amlodipine,compound,BRD-A22032524-074-09-9,,['calcium channel blocker'],-4.0643287,2.8587914
BR00117013,A04,U2OS,48,hexestrol,compound,BRD-A01078468-001-14-8,,,-5.3020897,-0.5710688
BR00117013,A05,U2OS,48,quinine,compound,BRD-K48278478-001-01-2,,,-3.2333663,0.52912265
BR00117013,A06,U2OS,48,LOXO-101,compound,BRD-K36574127-001-01-3,,,-4.4501567,-0.09072874
BR00117013,A07,U2OS,48,brinzolamide,compound,BRD-K74913225-001-14-0,,['carbonic anhydrase inhibitor'],-3.7188125,0.3091617
BR00117013,A08,U2OS,48,NS-11021,compound,BRD-K94342292-001-01-3,,['calcium-activated potassium channel activator'],-3.2618449,2.6743035
BR00117013,A09,U2OS,48,DMSO,compound,,negcon,,-6.268592,-0.6857616
BR00117013,A10,U2OS,48,GNF-5837,compound,BRD-K19975102-001-01-2,,['growth factor receptor inhibitor'],-3.8595626,0.9266489
BR00117013,A11,U2OS,48,apatinib,compound,BRD-K25244359-066-02-6,,['RET tyrosine kinase inhibitor'],-5.072072,1.8949986
BR00117013,A12,U2OS,48,ethoxzolamide,compound,BRD-K18131774-001-18-4,,['carbonic anhydrase inhibitor'],-5.0624943,-0.37416825
BR00117013,A13,U2OS,48,ascorbic-acid,compound,BRD-A85242401-001-11-5,,,-2.8226814,0.50875175
BR00117013,A14,U2OS,48,ryuvidine,compound,BRD-K06426971-001-02-7,,['histone lysine methyltransferase inhibitor'],0.5817261,4.6847863
BR00117013,A15,U2OS,48,BAN-ORL-24,compound,BRD-K47049295-300-03-1,,,-0.89676887,1.8889091
BR00117013,A16,U2OS,48,NNC-55-0396,compound,BRD-K78122587-300-04-3,,,-4.6207848,2.892451
BR00117013,A17,U2OS,48,DMSO,compound,,negcon,,-5.931108,-1.6141342
BR00117013,A18,U2OS,48,WH-4-023,compound,BRD-K50199947-001-03-4,,['src inhibitor'],-2.2366812,2.1840138
BR00117013,A19,U2OS,48,flupirtine,compound,BRD-K50720187-051-03-1,,['glutamate receptor antagonist'],-3.0905485,0.6667956
BR00117013,A20,U2OS,48,ZK811752,compound,BRD-K91825936-001-03-9,,,-3.315125,0.68131196
BR00117013,A21,U2OS,48,dexamethasone,compound,BRD-K38775274-001-22-1,,['glucocorticoid receptor agonist'],-3.7235096,1.5037329
BR00117013,A22,U2OS,48,PP-1,compound,BRD-K47598052-001-14-1,,['src inhibitor'],-2.5800793,1.6836623
BR00117013,A23,U2OS,48,DDR1-IN-1,compound,BRD-K61845293-300-01-9,,,-4.8193755,2.456804
BR00117013,A24,U2OS,48,AVL-292,compound,BRD-K87782578-001-01-4,,"[""Bruton's tyrosine kinase (BTK) inhibitor""]",-2.069145,2.3745875
BR00117013,B01,U2OS,48,H2L-5765834,compound,BRD-K26439554-001-01-3,,['lysophosphatidic acid receptor antagonist'],-6.167786,-0.836213
BR00117013,B02,U2OS,48,thiostrepton,compound,BRD-K58049875-001-03-9,,['protein synthesis inhibitor'],0.18293625,4.4225817
BR00117013,B03,U2OS,48,DMSO,compound,,negcon,,-7.321803,-1.2384472
BR00117013,B04,U2OS,48,arcyriaflavin-a,compound,BRD-K72726508-001-02-1,,['CDK inhibitor'],-2.8089056,2.1115627
BR00117013,B05,U2OS,48,CYM-5520,compound,BRD-K29151923-001-01-5,,['sphingosine 1 phosphate receptor agonist'],-6.501659,-0.77695733
BR00117013,B06,U2OS,48,fludarabine,compound,BRD-K66788707-001-14-3,,['ribonucleotide reductase inhibitor'],-1.560499,-0.10805086
BR00117013,B07,U2OS,48,alda-1,compound,BRD-K06890060-001-09-1,,,-6.521556,-0.5298999
BR00117013,B08,U2OS,48,meclofenamic-acid,compound,BRD-K50398167-236-22-7,,"['cyclooxygenase inhibitor', 'prostanoid receptor antagonist']",-6.8399296,-0.253353
BR00117013,B09,U2OS,48,GNF-5,compound,BRD-K87632963-001-03-0,,['Bcr-Abl kinase inhibitor'],-6.694065,-0.42819476
BR00117013,B10,U2OS,48,NS-309,compound,BRD-K37602296-001-01-6,,['calcium-activated potassium channel activator'],-4.494451,0.35309562
BR00117013,B11,U2OS,48,AK-7,compound,BRD-K09143580-001-01-0,,['SIRT inhibitor'],-4.5137577,0.17636114
BR00117013,B12,U2OS,48,BVT-948,compound,BRD-A22713669-001-04-3,,,0.4747105,4.8587623
BR00117013,B13,U2OS,48,SirReal-2,compound,BRD-K16472653-001-01-6,,['SIRT inhibitor'],-4.055753,0.48949885
BR00117013,B14,U2OS,48,DMSO,compound,,negcon,,-7.0408816,-2.1182945
BR00117013,B15,U2OS,48,BMS-536924,compound,BRD-K34581968-001-05-3,,['IGF-1 inhibitor'],-2.0248299,2.1434443
BR00117013,B16,U2OS,48,PP-121,compound,BRD-K81801188-001-02-8,,['protein tyrosine kinase inhibitor'],-0.9857123,2.6786306
BR00117013,B17,U2OS,48,MCOPPB,compound,BRD-K73276278-305-01-1,,,-5.1479816,3.8095345
BR00117013,B18,U2OS,48,ozagrel,compound,BRD-K53061490-003-13-9,,,-6.399504,-0.5530669
BR00117013,B19,U2OS,48,CYM-5442,compound,BRD-A43005764-003-01-5,,['sphingosine 1 phosphate receptor agonist'],-5.0926037,3.0402377
BR00117013,B20,U2OS,48,CVT-10216,compound,BRD-K60659193-001-01-0,,,-6.166206,-0.7779923
BR00117013,B21,U2OS,48,TCN201,compound,BRD-K09787262-001-02-7,,['glutamate receptor antagonist'],-6.467991,-0.28629693
BR00117013,B22,U2OS,48,fomepizole,compound,BRD-K56810756-003-07-7,,['alcohol dehydrogenase inhibitor'],-6.4593687,0.030413697
BR00117013,B23,U2OS,48,benzamil,compound,BRD-K87158025-003-08-7,,['sodium channel blocker'],-5.7105823,0.19173284
BR00117013,B24,U2OS,48,lercanidipine,compound,BRD-A18992208-003-02-7,,['calcium channel blocker'],-3.4863515,0.42917815
BR00117013,C01,U2OS,48,4-CMTB,compound,BRD-A54139254-001-09-2,,['free fatty acid receptor agonist'],-5.8890486,-0.37248304
BR00117013,C02,U2OS,48,ML-228,compound,BRD-K44432556-001-05-5,,,-6.0405755,0.0032328342
BR00117013,C03,U2OS,48,DMSO,compound,,negcon,,-7.460071,-1.7097182
BR00117013,C04,U2OS,48,GSK1070916,compound,BRD-K36740062-001-06-6,,['Aurora kinase inhibitor'],-1.0981032,1.3608277
BR00117013,C05,U2OS,48,ML-193,compound,BRD-K27539181-001-08-5,,,-5.929347,0.39698586
BR00117013,C06,U2OS,48,DMSO,compound,,negcon,,-7.045439,-1.8565212
BR00117013,C07,U2OS,48,M-25,compound,BRD-K51265828-001-01-0,,['smoothened receptor antagonist'],-6.1257143,-1.255393
BR00117013,C08,U2OS,48,azeliragon,compound,BRD-K51899933-001-02-6,,['RAGE receptor antagonist'],-0.7850889,4.050378
BR00117013,C09,U2OS,48,CYT-997,compound,BRD-K23363278-001-02-1,poscon_diverse,['tubulin polymerization inhibitor'],0.02451685,2.467192
BR00117013,C10,U2OS,48,AR-12,compound,BRD-K90497590-001-05-9,,,0.6181852,4.826524
BR00117013,C11,U2OS,48,CYM-50260,compound,BRD-K69877120-001-01-7,,['sphingosine 1 phosphate receptor agonist'],-5.9848466,-0.539275
BR00117013,C12,U2OS,48,DMSO,compound,,negcon,,-7.0194955,-2.0655193
BR00117013,C13,U2OS,48,KG-5,compound,BRD-K90747162-001-01-4,poscon_cp,['RAF inhibitor'],-0.14119342,1.8027426
BR00117013,C14,U2OS,48,JTE-607,compound,BRD-K81405859-300-01-4,,,-1.2683003,0.5162912
BR00117013,C15,U2OS,48,DMSO,compound,,negcon,,-7.1983438,-1.7800953
BR00117013,C16,U2OS,48,ilomastat,compound,BRD-K51662849-001-05-4,,['matrix metalloprotease inhibitor'],-6.3110886,0.3460581
BR00117013,C17,U2OS,48,RX-821002,compound,BRD-A65597028-003-08-1,,['adrenergic receptor antagonist'],-5.649658,-1.7849641
BR00117013,C18,U2OS,48,DMSO,compound,,negcon,,-7.2499833,-1.9565585
BR00117013,C19,U2OS,48,TUG-891,compound,BRD-K24282351-001-01-4,,['free fatty acid receptor agonist'],-5.794323,0.26420897
BR00117013,C20,U2OS,48,ponatinib,compound,BRD-K44227013-001-08-0,,"['PDGFR tyrosine kinase receptor inhibitor', 'FLT3 inhibitor', 'Bcr-Abl kinase inhibitor']",0.38684824,4.251044
BR00117013,C21,U2OS,48,DMSO,compound,,negcon,,-7.0648723,-1.6975199
BR00117013,C22,U2OS,48,puromycin,compound,BRD-K01824976-300-02-9,,['protein synthesis inhibitor'],0.09571981,4.4686475
BR00117013,C23,U2OS,48,SRC-kinase-inhibitor-I,compound,BRD-K50495309-001-02-0,,['src inhibitor'],-5.30262,3.051201
BR00117013,C24,U2OS,48,acetylcysteine,compound,BRD-K59058747-001-19-1,,,-3.3332334,0.16990761
BR00117013,D01,U2OS,48,NSC-625987,compound,BRD-K62949423-001-03-1,,['CDK inhibitor'],-5.950697,-0.49707574
BR00117013,D02,U2OS,48,dalfampridine,compound,BRD-K22482860-001-20-6,,['potassium channel blocker'],-6.8449283,-0.50556314
BR00117013,D03,U2OS,48,NSC-95397,compound,BRD-K68143200-001-11-7,,['CDC inhibitor'],-0.19807452,4.382689
BR00117013,D04,U2OS,48,alrestatin,compound,BRD-K35498378-001-06-1,,['aldose reductase inhibitor'],-6.859659,-0.46326056
BR00117013,D05,U2OS,48,PF-03758309,compound,BRD-K37764012-001-03-3,poscon_diverse,['p21 activated kinase inhibitor'],-7.1076555,-0.5522747
BR00117013,D06,U2OS,48,IRL-2500,compound,BRD-K98357249-001-02-9,,['endothelin receptor antagonist'],-7.2182136,-0.53847176
BR00117013,D07,U2OS,48,PF-04217903,compound,BRD-K73319509-001-08-0,poscon_cp,,-6.6708426,-0.92341876
BR00117013,D08,U2OS,48,FK-866,compound,BRD-K58550667-001-08-7,poscon_diverse,,-1.725728,5.1915026
BR00117013,D09,U2OS,48,amlexanox,compound,BRD-K29530284-001-06-2,,,-6.8044972,-0.57066905
BR00117013,D10,U2OS,48,GW-311616,compound,BRD-K37864785-001-01-0,,['elastase inhibitor'],-5.9850454,0.31093654
BR00117013,D11,U2OS,48,buparlisib,compound,BRD-K42191735-001-08-7,poscon_diverse,,-0.19899419,2.6985643
BR00117013,D12,U2OS,48,amiloride,compound,BRD-K97181089-003-24-7,,['sodium channel blocker'],-5.618457,0.40871722
BR00117013,D13,U2OS,48,DG-172,compound,BRD-K75748943-300-01-3,,,-5.155908,2.7525883
BR00117013,D14,U2OS,48,DMSO,compound,,negcon,,-6.942012,-2.076113
BR00117013,D15,U2OS,48,DMSO,compound,,negcon,,-7.619991,-1.7121528
BR00117013,D16,U2OS,48,NVP-ADW742,compound,BRD-K15179513-001-04-2,poscon_cp,,-4.868794,3.6416667
BR00117013,D17,U2OS,48,misoprostol,compound,BRD-A72351335-001-04-5,,['prostanoid receptor agonist'],-1.8795221,0.9632813
BR00117013,D18,U2OS,48,conivaptan,compound,BRD-K37385792-003-02-1,,,-5.0315695,2.3346827
BR00117013,D19,U2OS,48,spiroxatrine,compound,BRD-A72483914-001-03-7,,['serotonin receptor antagonist'],-6.3525014,0.08045812
BR00117013,D20,U2OS,48,diacerein,compound,BRD-K69122748-001-10-1,,,-5.4063573,-1.3574028
BR00117013,D21,U2OS,48,DMSO,compound,,negcon,,-7.197196,-1.8074532
BR00117013,D22,U2OS,48,DMSO,compound,,negcon,,-7.0057054,-1.5544733
BR00117013,D23,U2OS,48,glyburide,compound,BRD-K36927236-001-36-7,,['ATP channel blocker'],-6.028575,0.3088434
BR00117013,D24,U2OS,48,ANR-94,compound,BRD-K31170746-001-01-6,,,-3.754401,-0.12749547
BR00117013,E01,U2OS,48,TFC-007,compound,BRD-K57708067-001-01-3,,,-5.8471074,-0.2980141
BR00117013,E02,U2OS,48,trihexyphenidyl,compound,BRD-A48180038-003-24-3,,['acetylcholine receptor antagonist'],-5.731597,0.06758442
BR00117013,E03,U2OS,48,epoprostenol,compound,BRD-K64054020-001-02-7,,,-5.838174,0.12773497
BR00117013,E04,U2OS,48,sacubitril,compound,BRD-K91456750-001-01-9,,,-5.900552,0.16383553
BR00117013,E05,U2OS,48,danusertib,compound,BRD-K07881437-001-03-8,poscon_diverse,"['growth factor receptor inhibitor', 'Aurora kinase inhibitor']",-1.2354898,0.4797145
BR00117013,E06,U2OS,48,CYT-997,compound,BRD-K23363278-001-02-1,poscon_diverse,['tubulin polymerization inhibitor'],0.053333554,2.3349118
BR00117013,E07,U2OS,48,DMSO,compound,,negcon,,-7.1330276,-1.9910493
BR00117013,E08,U2OS,48,BQ-788,compound,BRD-K02490038-236-03-8,,['endothelin receptor antagonist'],-5.8691273,0.4567107
BR00117013,E09,U2OS,48,SB-202190,compound,BRD-K54330070-001-19-6,poscon_orf,['p38 MAPK inhibitor'],-6.1687336,1.2804005
BR00117013,E10,U2OS,48,GSK2110183,compound,BRD-K25412176-001-01-9,poscon_diverse,,-4.608204,1.8382956
BR00117013,E11,U2OS,48,GSK3787,compound,BRD-K03155172-001-03-0,,['PPAR receptor antagonist'],-5.65574,0.89702195
BR00117013,E12,U2OS,48,BAM7,compound,BRD-K07442505-001-03-6,,,-5.815822,-0.5357675
BR00117013,E13,U2OS,48,PHA-793887,compound,BRD-K64800655-001-09-0,poscon_diverse,['CDK inhibitor'],-1.0734452,3.2903025
BR00117013,E14,U2OS,48,DMSO,compound,,negcon,,-7.187915,-1.8471014
BR00117013,E15,U2OS,48,GSK-37647,compound,BRD-K26514105-001-01-7,,['free fatty acid receptor agonist'],-5.445912,1.1034614
BR00117013,E16,U2OS,48,desonide,compound,BRD-K21528677-001-04-4,,['glucocorticoid receptor agonist'],-5.9516253,0.7139138
BR00117013,E17,U2OS,48,DMSO,compound,,negcon,,-6.1378365,-2.297336
BR00117013,E18,U2OS,48,aloxistatin,compound,BRD-K91188791-001-17-5,,,-5.574421,3.171908
BR00117013,E19,U2OS,48,azathioprine,compound,BRD-K32821942-001-22-1,,,-6.0029845,0.431755
BR00117013,E20,U2OS,48,ZK-93423,compound,BRD-K33882852-003-02-8,poscon_diverse,['benzodiazepine receptor agonist'],-3.56211,0.7692753
BR00117013,E21,U2OS,48,BI-2536,compound,BRD-K64890080-001-02-1,poscon_diverse,,0.09415389,3.046739
BR00117013,E22,U2OS,48,EI1,compound,BRD-K91535048-001-01-2,poscon_cp,['histone lysine methyltransferase inhibitor'],-5.90806,-0.5772844
BR00117013,E23,U2OS,48,NVP-HSP990,compound,BRD-K67915505-001-01-2,,['HSP inhibitor'],-0.57929415,3.5411584
BR00117013,E24,U2OS,48,DMSO,compound,,negcon,,-3.7822847,-0.4114987
BR00117013,F01,U2OS,48,DMSO,compound,,negcon,,-6.5998845,-1.0131313
BR00117013,F02,U2OS,48,nialamide,compound,BRD-K12102668-001-25-5,,,-6.7539334,-0.4423755
BR00117013,F03,U2OS,48,DMSO,compound,,negcon,,-7.293515,-1.4996455
BR00117013,F04,U2OS,48,arundic-acid,compound,BRD-K49223707-001-01-0,,,-7.084074,-0.66280395
BR00117013,F05,U2OS,48,torcitabine,compound,BRD-K91822704-003-07-2,,,-6.994014,-0.7962409
BR00117013,F06,U2OS,48,DMSO,compound,,negcon,,-7.5286665,-1.2803636
BR00117013,F07,U2OS,48,epothilone-b,compound,BRD-K68164687-001-01-6,,"['microtubule stabilizing agent', 'tubulin polymerization inhibitor']",-0.19487067,1.720903
BR00117013,F08,U2OS,48,dyphylline,compound,BRD-A00827783-001-24-6,,['phosphodiesterase inhibitor'],-6.9544215,-0.25412706
BR00117013,F09,U2OS,48,DMSO,compound,,negcon,,-7.4541907,-1.0593902
BR00117013,F10,U2OS,48,quinidine,compound,BRD-K59632282-052-03-1,,['sodium channel blocker'],-3.0309265,0.5268072
BR00117013,F11,U2OS,48,halopemide,compound,BRD-K50055394-001-03-6,,,-5.103725,1.0346178
BR00117013,F12,U2OS,48,sulfinpyrazone,compound,BRD-A36217750-001-16-3,,,-6.648462,-0.15984869
BR00117013,F13,U2OS,48,ML-323,compound,BRD-K93942811-001-01-3,poscon_cp,['ubiquitin specific protease inhibitor'],-4.572368,0.075003244
BR00117013,F14,U2OS,48,racecadotril,compound,BRD-A08187463-001-12-9,,,-6.5441976,-0.52839196
BR00117013,F15,U2OS,48,BRL-50481,compound,BRD-K84266862-001-03-2,,['phosphodiesterase inhibitor'],-6.406707,-0.17456579
BR00117013,F16,U2OS,48,GSK2110183,compound,BRD-K25412176-001-01-9,poscon_diverse,,-4.595525,1.756862
BR00117013,F17,U2OS,48,bufexamac,compound,BRD-K36660044-001-24-2,,['cyclooxygenase inhibitor'],-5.743175,0.18645392
BR00117013,F18,U2OS,48,anandamide,compound,BRD-K42352790-001-05-3,,,-5.280779,0.67280525
BR00117013,F19,U2OS,48,thioguanine,compound,BRD-K49350383-001-13-7,poscon_diverse,,-3.2177587,1.8451837
BR00117013,F20,U2OS,48,IWP-L6,compound,BRD-K53234107-001-01-6,,['porcupine inhibitor'],-5.0323396,1.4557189
BR00117013,F21,U2OS,48,edoxaban,compound,BRD-K29322660-001-01-9,,['coagulation factor inhibitor'],-6.6059113,-0.6494169
BR00117013,F22,U2OS,48,lonafarnib,compound,BRD-K41599323-001-02-3,poscon_diverse,,-3.3196177,2.4632614
BR00117013,F23,U2OS,48,ibutamoren,compound,BRD-K44771174-066-01-0,,,-5.6088552,-1.4867713
BR00117013,F24,U2OS,48,somatostatin,compound,BRD-K14681867-001-01-6,,['somatostatin receptor agonist'],-3.7003837,-0.27795178
BR00117013,G01,U2OS,48,L-proline,compound,BRD-K01666412-001-02-0,,,-5.454963,-0.26625085
BR00117013,G02,U2OS,48,zamifenacin,compound,BRD-K80451230-051-02-6,,['acetylcholine receptor antagonist'],-5.9957776,0.15836056
BR00117013,G03,U2OS,48,YC-1,compound,BRD-K60476892-001-16-1,,,-0.6672204,3.2425244
BR00117013,G04,U2OS,48,DMSO,compound,,negcon,,-7.015357,-1.8353363
BR00117013,G05,U2OS,48,ME-0328,compound,BRD-K24283677-001-01-9,,['PPAR receptor antagonist'],-6.152273,0.36370027
BR00117013,G06,U2OS,48,NSC-663284,compound,BRD-K03109492-001-02-2,,['CDC inhibitor'],0.55865884,4.769278
BR00117013,G07,U2OS,48,CYM-50358,compound,BRD-K80666802-003-01-0,,,-4.9491982,2.3338726
BR00117013,G08,U2OS,48,trazodone,compound,BRD-K70778732-003-27-5,,"['adrenergic receptor antagonist', 'serotonin receptor antagonist']",-6.35065,-0.97319585
BR00117013,G09,U2OS,48,DMSO,compound,,negcon,,-7.033355,-1.8617728
BR00117013,G10,U2OS,48,DMSO,compound,,negcon,,-7.330708,-1.773091
BR00117013,G11,U2OS,48,sulfasalazine,compound,BRD-K10670311-001-17-1,,['cyclooxygenase inhibitor'],-6.170317,0.29092064
BR00117013,G12,U2OS,48,"2,5-furandimethanol",compound,BRD-K29791386-001-01-8,,,-5.4410033,-0.80941063
BR00117013,G13,U2OS,48,DMSO,compound,,negcon,,-6.249874,-2.4895363
BR00117013,G14,U2OS,48,dilazep,compound,BRD-K48722258-300-11-0,,,-5.713583,-0.40138003
BR00117013,G15,U2OS,48,felodipine,compound,BRD-A30815329-001-12-1,,['calcium channel blocker'],-6.575077,0.69962096
BR00117013,G16,U2OS,48,paliperidone,compound,BRD-A99888680-001-05-3,,"['dopamine receptor antagonist', 'serotonin receptor antagonist']",-5.161445,0.756862
BR00117013,G17,U2OS,48,purvalanol-a,compound,BRD-K50836978-001-03-3,poscon_orf,['CDK inhibitor'],-1.8988287,1.0969133
BR00117013,G18,U2OS,48,DMSO,compound,,negcon,,-7.111835,-0.99604213
BR00117013,G19,U2OS,48,Ro-1138452,compound,BRD-K77220725-003-01-5,,['prostanoid receptor antagonist'],-6.10556,0.8652144
BR00117013,G20,U2OS,48,sorbinil,compound,BRD-A89164055-001-03-3,,['aldose reductase inhibitor'],-6.0125456,-0.3558955
BR00117013,G21,U2OS,48,TC-S-7004,compound,BRD-K89517477-001-01-4,poscon_cp,['DYRK inhibitor'],-3.9601436,1.5658952
BR00117013,G22,U2OS,48,saclofen,compound,BRD-A24122750-001-03-7,,['GABA receptor antagonist'],-5.780664,0.23202269
BR00117013,G23,U2OS,48,BAY-87-2243,compound,BRD-K70463136-001-01-5,,,-3.57455,0.7552354
BR00117013,G24,U2OS,48,ibudilast,compound,BRD-K16444452-001-09-1,,['phosphodiesterase inhibitor'],-3.8801744,-0.6349218
BR00117013,H01,U2OS,48,briciclib,compound,BRD-K05531427-001-01-7,,,-0.023754368,2.3628917
BR00117013,H02,U2OS,48,2-Oleoylglycerol,compound,BRD-K77087341-001-02-4,,,-6.697399,-0.9900994
BR00117013,H03,U2OS,48,RGFP966,compound,BRD-K61688984-001-02-9,poscon_cp,['HDAC inhibitor'],-3.0258887,1.3157552
BR00117013,H04,U2OS,48,DMSO,compound,,negcon,,-7.2724857,-1.3810304
BR00117013,H05,U2OS,48,azacitidine,compound,BRD-K03406345-001-21-1,poscon_diverse,,-6.2550673,0.6850199
BR00117013,H06,U2OS,48,N6-cyclopentyladenosine,compound,BRD-K60150510-001-15-6,,,-6.207172,0.23866029
BR00117013,H07,U2OS,48,filgotinib,compound,BRD-K16803204-001-01-6,poscon_cp,['JAK inhibitor'],-6.4298067,0.552864
BR00117013,H08,U2OS,48,guanidine,compound,BRD-K76037122-001-02-5,,['HSP inhibitor'],-7.398241,-0.72325474
BR00117013,H09,U2OS,48,coumarin,compound,BRD-K23913458-001-20-7,,,-6.45442,-0.71180105
BR00117013,H10,U2OS,48,DMSO,compound,,negcon,,-7.6252284,-1.4392238
BR00117013,H11,U2OS,48,ZM-336372,compound,BRD-K73789395-001-09-9,poscon_orf,['RAF inhibitor'],-5.5227876,-0.26448867
BR00117013,H12,U2OS,48,citric-acid,compound,BRD-K76792669-001-08-1,,['coagulation factor inhibitor'],-6.6375628,-1.1860732
BR00117013,H13,U2OS,48,DMSO,compound,,negcon,,-7.473284,-1.3905895
BR00117013,H14,U2OS,48,CCG-63802,compound,BRD-K26970495-001-02-7,,['G protein signaling inhibitor'],-2.9045653,0.50046325
BR00117013,H15,U2OS,48,ibutilide,compound,BRD-A74391928-051-03-9,,['potassium channel blocker'],-6.676624,0.26026523
BR00117013,H16,U2OS,48,batimastat,compound,BRD-K82818427-001-04-8,,['matrix metalloprotease inhibitor'],-3.3144274,1.1208743
BR00117013,H17,U2OS,48,DMSO,compound,,negcon,,-6.8516536,-1.9350007
BR00117013,H18,U2OS,48,DMSO,compound,,negcon,,-6.8285527,-1.6849122
BR00117013,H19,U2OS,48,UNC1999,compound,BRD-K26989966-001-04-3,poscon_cp,['histone lysine methyltransferase inhibitor'],-0.22203417,4.2368674
BR00117013,H20,U2OS,48,glutamine-(l),compound,BRD-K83896451-001-06-7,,,-2.4530034,1.310453
BR00117013,H21,U2OS,48,PD-98059,compound,BRD-K62810658-001-11-4,poscon_orf,,-6.0369263,-0.6647584
BR00117013,H22,U2OS,48,enilconazole,compound,BRD-K01825690-065-01-9,,,-6.617997,-1.1006908
BR00117013,H23,U2OS,48,N-alpha-Methylhistamine-dihydrochloride,compound,BRD-K75390981-300-04-9,,['histamine receptor agonist'],-5.6931057,-0.5337534
BR00117013,H24,U2OS,48,GK921,compound,BRD-K38272302-001-02-7,,,-0.5377828,4.270102
BR00117013,I01,U2OS,48,nilvadipine,compound,BRD-A84687895-001-03-2,,['calcium channel blocker'],-5.6529927,-0.1870128
BR00117013,I02,U2OS,48,DMSO,compound,,negcon,,-6.582709,-1.8273382
BR00117013,I03,U2OS,48,AC-710,compound,BRD-K15819326-001-01-6,,['PDGFR tyrosine kinase receptor inhibitor'],-4.562157,3.2750382
BR00117013,I04,U2OS,48,PETCM,compound,BRD-A93477898-001-04-2,,,-6.1530223,-0.103821546
BR00117013,I05,U2OS,48,AZD7762,compound,BRD-K86525559-001-07-8,poscon_diverse,['CHK inhibitor'],0.1786381,4.7172837
BR00117013,I06,U2OS,48,PHA-793887,compound,BRD-K64800655-001-09-0,poscon_diverse,['CDK inhibitor'],-1.2858351,3.1623352
BR00117013,I07,U2OS,48,KU-60019,compound,BRD-K36016295-001-05-2,,['ATM kinase inhibitor'],-3.0423586,3.1887498
BR00117013,I08,U2OS,48,nafamostat,compound,BRD-K06674495-334-04-0,,,-3.7494304,1.2078011
BR00117013,I09,U2OS,48,DMSO,compound,,negcon,,-6.5849214,-1.9581952
BR00117013,I10,U2OS,48,DMSO,compound,,negcon,,-7.1383486,-2.1209197
BR00117013,I11,U2OS,48,taladegib,compound,BRD-K50498985-001-03-3,,['smoothened receptor antagonist'],-6.6681457,0.29100662
BR00117013,I12,U2OS,48,acetohexamide,compound,BRD-K52960356-001-13-0,,['ATP channel blocker'],-6.014083,0.18267396
BR00117013,I13,U2OS,48,minocycline,compound,BRD-A69651145-003-11-4,,,-3.5251698,1.6744876
BR00117013,I14,U2OS,48,BI-2536,compound,BRD-K64890080-001-02-1,poscon_diverse,,0.24132334,2.8198183
BR00117013,I15,U2OS,48,riociguat,compound,BRD-K84783599-001-01-0,,,-6.613283,-0.2391187
BR00117013,I16,U2OS,48,CP-724714,compound,BRD-K76908866-001-07-6,poscon_cp,"['EGFR inhibitor', 'protein tyrosine kinase inhibitor']",-4.9658465,1.0499895
BR00117013,I17,U2OS,48,ganetespib,compound,BRD-K38852836-001-04-9,poscon_diverse,['HSP inhibitor'],-0.43793127,3.5718267
BR00117013,I18,U2OS,48,AZ191,compound,BRD-K80935598-001-01-1,poscon_cp,['DYRK inhibitor'],-5.0439677,3.8242035
BR00117013,I19,U2OS,48,BAX-channel-blocker,compound,BRD-A18763547-300-06-3,,,-3.8136063,3.5894086
BR00117013,I20,U2OS,48,SU3327,compound,BRD-K32730239-001-01-0,,['JNK inhibitor'],0.03675416,4.3146048
BR00117013,I21,U2OS,48,DMSO,compound,,negcon,,-6.65277,-1.434111
BR00117013,I22,U2OS,48,DMSO,compound,,negcon,,-7.2663984,-1.5724641
BR00117013,I23,U2OS,48,octreotide,compound,BRD-A64173453-015-03-1,,['somatostatin receptor agonist'],-5.4386706,-1.3686141
BR00117013,I24,U2OS,48,1-octanol,compound,BRD-K09338665-001-08-9,,,-5.742687,-1.6783367
BR00117013,J01,U2OS,48,acalabrutinib,compound,BRD-K64034691-001-01-9,,"[""Bruton's tyrosine kinase (BTK) inhibitor""]",-6.083545,-0.6665295
BR00117013,J02,U2OS,48,rifamycin,compound,BRD-K38512030-001-01-7,,,-7.191142,-0.57596326
BR00117013,J03,U2OS,48,pazopanib,compound,BRD-K74514084-003-09-2,,"['KIT inhibitor', 'VEGFR inhibitor', 'PDGFR tyrosine kinase receptor inhibitor']",-4.244532,1.7228397
BR00117013,J04,U2OS,48,RKI-1447,compound,BRD-K19333160-001-01-3,poscon_cp,,-5.357231,1.6304678
BR00117013,J05,U2OS,48,vitamin-E,compound,BRD-K97091514-001-11-4,,['PKC inhibitor'],-7.534064,-0.8130259
BR00117013,J06,U2OS,48,lonafarnib,compound,BRD-K41599323-001-02-3,poscon_diverse,,-3.444337,2.4200861
BR00117013,J07,U2OS,48,ethyl-pyruvate,compound,BRD-K47738867-001-01-5,,,-7.263442,-0.7685588
BR00117013,J08,U2OS,48,picrotin,compound,BRD-A91822151-001-05-0,,['GABA receptor antagonist'],-7.208158,-0.65221244
BR00117013,J09,U2OS,48,SGX523,compound,BRD-K19477839-001-07-6,poscon_cp,,-5.8107605,-0.02071906
BR00117013,J10,U2OS,48,PP-2,compound,BRD-K95785537-001-22-3,,['src inhibitor'],-2.7601616,1.7299293
BR00117013,J11,U2OS,48,ME-0328,compound,BRD-A63444178-001-01-5,,['PPAR receptor antagonist'],-6.715454,-1.2436696
BR00117013,J12,U2OS,48,AZD9668,compound,BRD-K31476763-001-01-5,,['elastase inhibitor'],-6.127814,-0.36094055
BR00117013,J13,U2OS,48,NQDI-1,compound,BRD-K61918008-001-07-1,,,-5.2131257,1.0181804
BR00117013,J14,U2OS,48,DMSO,compound,,negcon,,-7.5251703,-1.8601246
BR00117013,J15,U2OS,48,carzenide,compound,BRD-K09295674-001-09-8,,,-5.522011,0.9100378
BR00117013,J16,U2OS,48,KU-55933,compound,BRD-K25311561-001-10-7,,['ATM kinase inhibitor'],-3.6899774,2.8591497
BR00117013,J17,U2OS,48,NVP-AEW541,compound,BRD-K24696047-001-02-3,poscon_cp,['IGF-1 inhibitor'],-5.036009,2.9294646
BR00117013,J18,U2OS,48,leflunomide,compound,BRD-K78692225-001-24-5,,['PDGFR tyrosine kinase receptor inhibitor'],-5.3103023,0.20495217
BR00117013,J19,U2OS,48,DMSO,compound,,negcon,,-6.953451,-1.4230223
BR00117013,J20,U2OS,48,azacitidine,compound,BRD-K03406345-001-21-1,poscon_diverse,,-6.243741,0.64926404
BR00117013,J21,U2OS,48,ixabepilone,compound,BRD-K03601870-001-01-2,,['microtubule stabilizing agent'],-0.16394535,2.0123012
BR00117013,J22,U2OS,48,KH-CB19,compound,BRD-K66430217-001-03-8,poscon_cp,['CDC inhibitor'],-5.842676,0.3857453
BR00117013,J23,U2OS,48,DMSO,compound,,negcon,,-6.4858255,-2.1231182
BR00117013,J24,U2OS,48,PF-05190457,compound,BRD-K02554563-001-01-6,,,-4.4441776,0.153835
BR00117013,K01,U2OS,48,LDN-212854,compound,BRD-K59831625-001-03-9,,,0.36403546,4.5744495
BR00117013,K02,U2OS,48,formononetin,compound,BRD-K55567017-001-12-3,,['alcohol dehydrogenase inhibitor'],-5.487178,0.23089172
BR00117013,K03,U2OS,48,aminopurvalanol-a,compound,BRD-K07762753-001-05-1,poscon_orf,['CDK inhibitor'],-2.0327606,1.4098053
BR00117013,K04,U2OS,48,ruxolitinib,compound,BRD-K53972329-001-01-3,poscon_cp,['JAK inhibitor'],-5.7801213,1.1289567
BR00117013,K05,U2OS,48,DMSO,compound,,negcon,,-7.406204,-1.7899723
BR00117013,K06,U2OS,48,DMSO,compound,,negcon,,-7.4507856,-1.8580798
BR00117013,K07,U2OS,48,LGK-974,compound,BRD-K16810791-001-01-0,,['porcupine inhibitor'],-5.745475,0.93050396
BR00117013,K08,U2OS,48,polydatin,compound,BRD-K43236057-001-07-1,,['ICAM1 expression inhibitor'],-0.5527388,1.4681586
BR00117013,K09,U2OS,48,enflurane,compound,BRD-A51831848-001-01-7,,,-6.0705543,0.58628654
BR00117013,K10,U2OS,48,PFI-1,compound,BRD-K13094524-001-04-2,poscon_cp,,-6.546991,-1.5080923
BR00117013,K11,U2OS,48,AZD7762,compound,BRD-K86525559-001-07-8,poscon_diverse,['CHK inhibitor'],0.015677229,4.65425
BR00117013,K12,U2OS,48,sotrastaurin,compound,BRD-K16761703-001-03-8,,['PKC inhibitor'],-5.905664,1.3413172
BR00117013,K13,U2OS,48,DMSO,compound,,negcon,,-7.111608,-1.8324552
BR00117013,K14,U2OS,48,cycloheximide,compound,BRD-K36055864-001-20-0,,['protein synthesis inhibitor'],-1.1150458,3.2002375
BR00117013,K15,U2OS,48,oxytocin,compound,BRD-K25243230-001-01-2,,,-6.460618,-1.1421576
BR00117013,K16,U2OS,48,DMSO,compound,,negcon,,-7.5047126,-1.7887266
BR00117013,K17,U2OS,48,colchicine,compound,BRD-K00259736-001-16-4,,,0.035105426,2.3657098
BR00117013,K18,U2OS,48,afimoxifene,compound,BRD-K04210847-001-21-9,,,-6.081884,0.32726347
BR00117013,K19,U2OS,48,DMSO,compound,,negcon,,-6.7456117,-1.9736209
BR00117013,K20,U2OS,48,ZK-93423,compound,BRD-K33882852-003-02-8,poscon_diverse,['benzodiazepine receptor agonist'],-3.7277613,0.58197886
BR00117013,K21,U2OS,48,RGB-286638,compound,BRD-K20986415-001-02-6,,['CDK inhibitor'],-1.8965923,3.437575
BR00117013,K22,U2OS,48,FPS-ZM1,compound,BRD-K87691185-001-01-2,,['RAGE receptor antagonist'],-6.037049,-0.6035578
BR00117013,K23,U2OS,48,flindokalner,compound,BRD-K56740996-001-02-1,,,-5.564012,0.7423242
BR00117013,K24,U2OS,48,motesanib,compound,BRD-K99616396-316-05-3,,"['KIT inhibitor', 'VEGFR inhibitor', 'PDGFR tyrosine kinase receptor inhibitor']",-4.9033785,1.5132041
BR00117013,L01,U2OS,48,geldanamycin,compound,BRD-K43570081-001-02-4,,['HSP inhibitor'],-0.48591352,3.6363733
BR00117013,L02,U2OS,48,DMSO,compound,,negcon,,-7.614692,-1.2250823
BR00117013,L03,U2OS,48,CGP-53353,compound,BRD-K32292990-001-03-6,,"['PKC inhibitor', 'EGFR inhibitor']",-6.8699083,-0.57703567
BR00117013,L04,U2OS,48,7-hydroxystaurosporine,compound,BRD-K45293975-001-02-0,,"['CDK inhibitor', 'PKC inhibitor', 'CHK inhibitor']",0.07843188,4.515668
BR00117013,L05,U2OS,48,DMSO,compound,,negcon,,-7.6550713,-1.2638401
BR00117013,L06,U2OS,48,DMSO,compound,,negcon,,-7.6977143,-1.3344157
BR00117013,L07,U2OS,48,efaproxiral,compound,BRD-K37355418-236-01-6,,,-2.0128345,0.09487467
BR00117013,L08,U2OS,48,SB-203580,compound,BRD-A37704979-001-12-3,poscon_orf,['p38 MAPK inhibitor'],-6.180018,1.6318077
BR00117013,L09,U2OS,48,FK-866,compound,BRD-K58550667-001-08-7,poscon_diverse,,-1.7903364,5.2451615
BR00117013,L10,U2OS,48,bepridil,compound,BRD-A91008255-003-24-8,,['calcium channel blocker'],-3.6180923,2.441239
BR00117013,L11,U2OS,48,delanzomib,compound,BRD-K59325863-001-04-4,,,0.004599394,4.592858
BR00117013,L12,U2OS,48,buparlisib,compound,BRD-K42191735-001-08-7,poscon_diverse,,-0.29191467,2.671877
BR00117013,L13,U2OS,48,phenylbutazone,compound,BRD-K10843433-001-23-5,,"['cyclooxygenase inhibitor', 'prostanoid receptor antagonist']",-6.346013,-0.8848279
BR00117013,L14,U2OS,48,deferasirox,compound,BRD-K97010173-001-04-1,,,-1.5111464,0.010532624
BR00117013,L15,U2OS,48,DMSO,compound,,negcon,,-7.44652,-1.6589061
BR00117013,L16,U2OS,48,cediranib,compound,BRD-K86930074-001-05-0,,"['KIT inhibitor', 'VEGFR inhibitor']",-5.4002748,3.2194593
BR00117013,L17,U2OS,48,isoflurane,compound,BRD-A31564021-001-02-6,,,-6.392313,0.43550617
BR00117013,L18,U2OS,48,DMSO,compound,,negcon,,-6.837069,-1.8002723
BR00117013,L19,U2OS,48,CCG-50014,compound,BRD-K08893438-001-06-4,,['G protein signaling inhibitor'],0.28428876,4.0563436
BR00117013,L20,U2OS,48,PF-431396,compound,BRD-K93788137-001-04-1,,,-1.0128852,0.44608048
BR00117013,L21,U2OS,48,TG-02,compound,BRD-K14560436-001-01-4,,"['CDK inhibitor', 'FLT3 inhibitor', 'JAK inhibitor']",-1.0171565,3.2915053
BR00117013,L22,U2OS,48,baclofen,compound,BRD-K01826724-003-07-9,,['benzodiazepine receptor agonist'],-5.757081,-1.0341681
BR00117013,L23,U2OS,48,thiostrepton,compound,BRD-A20697603-001-07-2,,['protein synthesis inhibitor'],-2.208635,1.3461177
BR00117013,L24,U2OS,48,flufenamic-acid,compound,BRD-K44067360-001-29-5,,,-3.9182465,-0.39700964
BR00117013,M01,U2OS,48,DMSO,compound,,negcon,,-5.690043,-0.40730152
BR00117013,M02,U2OS,48,LY2109761,compound,BRD-K47557313-001-02-7,,,-5.8751264,1.694883
BR00117013,M03,U2OS,48,olopatadine,compound,BRD-K67637637-003-11-8,,['histamine receptor antagonist'],-6.1095448,0.63607854
BR00117013,M04,U2OS,48,DMSO,compound,,negcon,,-7.2602215,-2.0238447
BR00117013,M05,U2OS,48,castanospermine,compound,BRD-K20897876-001-11-8,,['glucosidase inhibitor'],-5.9716134,0.24812889
BR00117013,M06,U2OS,48,A205804,compound,BRD-K77627880-001-04-0,,['ICAM1 expression inhibitor'],-1.9362501,-0.15545645
BR00117013,M07,U2OS,48,VU591,compound,BRD-K72063794-003-01-0,,['potassium channel blocker'],-6.0857334,0.3660844
BR00117013,M08,U2OS,48,dalbavancin,compound,BRD-K30177383-001-01-0,,['bacterial cell wall synthesis inhibitor'],-6.2228312,0.7435764
BR00117013,M09,U2OS,48,CC-401,compound,BRD-K45746021-003-01-9,,['JNK inhibitor'],-5.807234,1.1906005
BR00117013,M10,U2OS,48,ganetespib,compound,BRD-K38852836-001-04-9,poscon_diverse,['HSP inhibitor'],-0.46643186,3.662464
BR00117013,M11,U2OS,48,ingenol-mebutate,compound,BRD-K93779381-001-01-9,,,-5.094863,1.3074888
BR00117013,M12,U2OS,48,menadione,compound,BRD-K78126613-001-27-7,,,-1.4057678,3.5622685
BR00117013,M13,U2OS,48,cetilistat,compound,BRD-K94863486-001-02-2,,,-5.9322667,-0.7120271
BR00117013,M14,U2OS,48,methoxsalen,compound,BRD-K63430059-001-16-4,,['DNA synthesis inhibitor'],-5.5642405,-1.5037991
BR00117013,M15,U2OS,48,cyclosporine,compound,BRD-K13533483-001-16-2,,,-2.9087589,2.6139085
BR00117013,M16,U2OS,48,NSC-632839,compound,BRD-K81197548-003-01-4,poscon_cp,['ubiquitin specific protease inhibitor'],0.13302895,4.1243114
BR00117013,M17,U2OS,48,DMSO,compound,,negcon,,-7.039398,-1.5135037
BR00117013,M18,U2OS,48,TG-003,compound,BRD-K97072811-001-11-4,poscon_cp,,-5.918191,-0.9956554
BR00117013,M19,U2OS,48,oxibendazole,compound,BRD-K52075715-001-06-7,,['tubulin polymerization inhibitor'],-0.023328556,2.3098848
BR00117013,M20,U2OS,48,TG-101348,compound,BRD-K12502280-001-11-4,poscon_cp,"['JAK inhibitor', 'FLT3 inhibitor']",-0.7892199,4.451755
BR00117013,M21,U2OS,48,miglitol,compound,BRD-A63310107-001-04-8,,['glucosidase inhibitor'],-5.700168,-0.49510708
BR00117013,M22,U2OS,48,DMSO,compound,,negcon,,-7.001215,-2.0112238
BR00117013,M23,U2OS,48,DMSO,compound,,negcon,,-6.693099,-2.2226481
BR00117013,M24,U2OS,48,tranilast,compound,BRD-K17849083-001-32-9,,,-3.313925,-0.055084236
BR00117013,N01,U2OS,48,4-methylhistamine,compound,BRD-K70821460-300-02-4,,['histamine receptor agonist'],-6.2899227,-0.79028857
BR00117013,N02,U2OS,48,LDN-27219,compound,BRD-K51485109-001-01-4,,,-6.645572,-0.97347254
BR00117013,N03,U2OS,48,anisomycin,compound,BRD-K91370081-001-25-1,,['DNA synthesis inhibitor'],-0.44082767,3.896016
BR00117013,N04,U2OS,48,thioguanine,compound,BRD-K49350383-001-13-7,poscon_diverse,,-3.2217834,1.925771
BR00117013,N05,U2OS,48,droxinostat,compound,BRD-K11558771-001-13-9,,['HDAC inhibitor'],-5.462889,-1.0038704
BR00117013,N06,U2OS,48,UNC2025,compound,BRD-K91283740-003-01-6,poscon_cp,['FLT3 inhibitor'],-0.61110723,2.971556
BR00117013,N07,U2OS,48,DMSO,compound,,negcon,,-7.040084,-1.1452069
BR00117013,N08,U2OS,48,DMSO,compound,,negcon,,-7.674326,-1.3488598
BR00117013,N09,U2OS,48,AMG900,compound,BRD-K21728777-001-02-3,poscon_cp,['Aurora kinase inhibitor'],-1.0252223,0.377337
BR00117013,N10,U2OS,48,PF-06463922,compound,BRD-A23124853-001-01-4,,['ALK tyrosine kinase receptor inhibitor'],-4.979581,1.734089
BR00117013,N11,U2OS,48,orantinib,compound,BRD-K55966568-001-09-6,poscon_cp,"['FGFR inhibitor', 'PDGFR tyrosine kinase receptor inhibitor', 'VEGFR inhibitor']",-6.1369853,-1.2317742
BR00117013,N12,U2OS,48,fludarabine-phosphate,compound,BRD-K71106091-001-09-5,,['ribonucleotide reductase inhibitor'],-1.2917368,0.02354882
BR00117013,N13,U2OS,48,ceritinib,compound,BRD-K22149900-001-06-2,,['ALK tyrosine kinase receptor inhibitor'],-4.8111744,2.1002188
BR00117013,N14,U2OS,48,NVS-PAK1-1,compound,BRD-K28132190-001-02-0,poscon_cp,['p21 activated kinase inhibitor'],-3.4258687,1.9031045
BR00117013,N15,U2OS,48,homoharringtonine,compound,BRD-K76674262-001-03-3,,['protein synthesis inhibitor'],-0.39127874,3.980836
BR00117013,N16,U2OS,48,picrotoxinin,compound,BRD-K36461289-001-05-8,,['GABA receptor antagonist'],-6.3802404,-0.585729
BR00117013,N17,U2OS,48,DMSO,compound,,negcon,,-6.563551,-2.1374867
BR00117013,N18,U2OS,48,danusertib,compound,BRD-K07881437-001-03-8,poscon_diverse,"['growth factor receptor inhibitor', 'Aurora kinase inhibitor']",-1.2675925,0.26656935
BR00117013,N19,U2OS,48,romidepsin,compound,BRD-K61397605-001-01-8,poscon_cp,['HDAC inhibitor'],0.035338975,4.0921464
BR00117013,N20,U2OS,48,FERb-033,compound,BRD-K61642990-001-01-0,poscon_cp,['EGFR inhibitor'],-4.4914684,0.7852608
BR00117013,N21,U2OS,48,PF-03758309,compound,BRD-K37764012-001-03-3,poscon_diverse,['p21 activated kinase inhibitor'],-0.7419598,3.4643226
BR00117013,N22,U2OS,48,DMSO,compound,,negcon,,-7.0969024,-1.7589669
BR00117013,N23,U2OS,48,trometamol,compound,BRD-K47978074-001-03-2,,,-6.2461367,-1.250107
BR00117013,N24,U2OS,48,simvastatin,compound,BRD-K22134346-001-22-3,,['HMGCR inhibitor'],-2.9522488,1.8150179
BR00117013,O01,U2OS,48,zaprinast,compound,BRD-K16542329-001-16-8,,['phosphodiesterase inhibitor'],-5.6626406,-0.5449169
BR00117013,O02,U2OS,48,dexamethasone,compound,BRD-A10188456-001-04-9,,['glucocorticoid receptor agonist'],-4.74862,1.074107
BR00117013,O03,U2OS,48,salicylic-acid,compound,BRD-K93632104-001-17-2,,['cyclooxygenase inhibitor'],-6.193448,0.44605052
BR00117013,O04,U2OS,48,diltiazem,compound,BRD-A69636825-003-04-7,,['calcium channel blocker'],-5.953667,0.6836113
BR00117013,O05,U2OS,48,phenolphthalein,compound,BRD-K19227686-001-18-6,,,-6.4591255,-0.10227099
BR00117013,O06,U2OS,48,niflumic-acid,compound,BRD-K98763141-001-30-8,,['cyclooxygenase inhibitor'],-6.1571856,0.22708206
BR00117013,O07,U2OS,48,DMSO,compound,,negcon,,-7.0381646,-2.127228
BR00117013,O08,U2OS,48,L-Cystine,compound,BRD-A15397381-001-02-5,,,-6.037466,-0.28320873
BR00117013,O09,U2OS,48,ozanimod,compound,BRD-K46625559-001-01-8,,['sphingosine 1 phosphate receptor agonist'],-4.900706,2.0865986
BR00117013,O10,U2OS,48,efaroxan,compound,BRD-A10739734-003-09-8,,['adrenergic receptor antagonist'],-6.171936,0.098204575
BR00117013,O11,U2OS,48,NBQX,compound,BRD-K11796549-001-05-2,,['glutamate receptor antagonist'],-5.9551225,-0.7154053
BR00117013,O12,U2OS,48,dinoprostone,compound,BRD-K26521938-001-07-2,,['prostanoid receptor agonist'],-5.4333076,0.032883566
BR00117013,O13,U2OS,48,Ro-20-1724,compound,BRD-A07207424-001-14-0,,['phosphodiesterase inhibitor'],-5.842347,-1.1842475
BR00117013,O14,U2OS,48,xanomeline,compound,BRD-K72815923-034-02-0,,['acetylcholine receptor agonist'],-6.120468,-1.0416434
BR00117013,O15,U2OS,48,terazosin,compound,BRD-K01825589-310-02-9,,['adrenergic receptor antagonist'],-6.8701186,-0.43394756
BR00117013,O16,U2OS,48,BVT-948,compound,BRD-K68567222-001-01-2,,,-1.1414409,4.086157
BR00117013,O17,U2OS,48,nicotine,compound,BRD-K01825660-322-01-9,,['acetylcholine receptor agonist'],-5.6640387,-0.9618816
BR00117013,O18,U2OS,48,DMSO,compound,,negcon,,-6.0215044,-1.8562402
BR00117013,O19,U2OS,48,U-0521,compound,BRD-K08953028-001-09-6,,,-5.64509,0.6132797
BR00117013,O20,U2OS,48,BMS-587101,compound,BRD-K20093108-001-02-3,,,-6.2520256,-1.2048992
BR00117013,O21,U2OS,48,nimodipine,compound,BRD-A58048407-001-20-4,,['calcium channel blocker'],-6.080927,0.022132546
BR00117013,O22,U2OS,48,pyrrolidine-dithiocarbamate,compound,BRD-K80970344-201-08-6,,,0.33750057,3.8296638
BR00117013,O23,U2OS,48,PF-915275,compound,BRD-K18289362-001-02-2,,,-5.615922,-1.2516135
BR00117013,O24,U2OS,48,JTE-013,compound,BRD-K43330982-001-02-3,,,-3.3516479,0.10764233
BR00117013,P01,U2OS,48,sodium-butyrate,compound,BRD-K05878375-236-05-7,,['HDAC inhibitor'],-2.6375713,-0.9116416
BR00117013,P02,U2OS,48,pentostatin,compound,BRD-K91543828-001-02-0,,['ribonucleotide reductase inhibitor'],-5.1803427,-0.813953
BR00117013,P03,U2OS,48,OMDM-2,compound,BRD-K48830578-001-01-9,,,-6.9273787,-0.29585588
BR00117013,P04,U2OS,48,nalmefene,compound,BRD-A72767275-003-01-6,,,-4.973511,-0.3645539
BR00117013,P05,U2OS,48,DMSO,compound,,negcon,,-7.3369627,-0.90464187
BR00117013,P06,U2OS,48,1-EBIO,compound,BRD-K70586315-001-02-4,,,-6.9110007,-0.3636101
BR00117013,P07,U2OS,48,SB-505124,compound,BRD-K40109029-001-02-9,,['ALK tyrosine kinase receptor inhibitor'],-2.8864582,0.5997013
BR00117013,P08,U2OS,48,prasugrel,compound,BRD-A83029242-001-06-1,,['purinergic receptor antagonist'],-5.352999,-0.41053218
BR00117013,P09,U2OS,48,pidolic-acid,compound,BRD-K57313110-001-06-8,,,-5.374295,-0.74501294
BR00117013,P10,U2OS,48,DMSO,compound,,negcon,,-6.782306,-1.3144411
BR00117013,P11,U2OS,48,nevirapine,compound,BRD-K15502390-001-20-9,,,-5.035427,-0.602438
BR00117013,P12,U2OS,48,triamterene,compound,BRD-K92049597-001-20-8,,['sodium channel blocker'],-4.9344797,-0.844612
BR00117013,P13,U2OS,48,regorafenib,compound,BRD-K16730910-001-07-3,,"['PDGFR tyrosine kinase receptor inhibitor', 'RAF inhibitor', 'KIT inhibitor', 'RET tyrosine kinase inhibitor', 'FGFR inhibitor', 'VEGFR inhibitor']",-4.3208785,1.3841219
BR00117013,P14,U2OS,48,cyclophosphamide,compound,BRD-A09722536-002-18-0,,,-4.3044977,-0.5684161
BR00117013,P15,U2OS,48,olanzapine,compound,BRD-K18895904-001-16-1,,"['dopamine receptor antagonist', 'serotonin receptor antagonist']",-5.2005954,2.8415074
BR00117013,P16,U2OS,48,KI-16425,compound,BRD-A25569250-001-03-3,,['lysophosphatidic acid receptor antagonist'],-2.899582,0.17785938
BR00117013,P17,U2OS,48,SKLB1002,compound,BRD-K29895144-001-01-0,,['VEGFR inhibitor'],-1.3694906,0.21292655
BR00117013,P18,U2OS,48,cilostazol,compound,BRD-K67017579-001-28-1,,['phosphodiesterase inhibitor'],-4.6728725,-0.60706276
BR00117013,P19,U2OS,48,AZD1283,compound,BRD-K77060810-001-01-5,,['purinergic receptor antagonist'],-4.609918,-0.8917852
BR00117013,P20,U2OS,48,A-987306,compound,BRD-K68982262-001-01-4,,['histamine receptor antagonist'],-5.2456627,2.8658843
BR00117013,P21,U2OS,48,procaine,compound,BRD-K24616672-003-20-1,,['HMGCR inhibitor'],-4.6849136,-0.95613885
BR00117013,P22,U2OS,48,miconazole,compound,BRD-A82396632-008-30-8,,['bacterial cell wall synthesis inhibitor'],-4.7404656,0.6237866
BR00117013,P23,U2OS,48,loperamide,compound,BRD-K61250553-003-30-6,,,-3.559391,0.5180168
BR00117013,P24,U2OS,48,aripiprazole,compound,BRD-K70358946-001-17-3,,['serotonin receptor antagonist'],-3.193315,0.13377371
BR00117024,A01,U2OS,24,gabapentin-enacarbil,compound,BRD-A86665761-001-01-1,,,-2.3758583,-1.2600878
BR00117024,A02,U2OS,24,DMSO,compound,,negcon,,-3.1701367,-1.9505185
BR00117024,A03,U2OS,24,amlodipine,compound,BRD-A22032524-074-09-9,,['calcium channel blocker'],-4.412777,3.0861654
BR00117024,A04,U2OS,24,hexestrol,compound,BRD-A01078468-001-14-8,,,-3.909196,-1.7590106
BR00117024,A05,U2OS,24,quinine,compound,BRD-K48278478-001-01-2,,,-3.8752048,-1.2658393
BR00117024,A06,U2OS,24,LOXO-101,compound,BRD-K36574127-001-01-3,,,-3.7099836,-1.615811
BR00117024,A07,U2OS,24,brinzolamide,compound,BRD-K74913225-001-14-0,,['carbonic anhydrase inhibitor'],-3.1388743,-1.5917605
BR00117024,A08,U2OS,24,NS-11021,compound,BRD-K94342292-001-01-3,,['calcium-activated potassium channel activator'],-3.1008773,2.6925917
BR00117024,A09,U2OS,24,DMSO,compound,,negcon,,-4.0821767,-2.5459833
BR00117024,A10,U2OS,24,GNF-5837,compound,BRD-K19975102-001-01-2,,['growth factor receptor inhibitor'],-3.7740726,1.1004748
BR00117024,A11,U2OS,24,apatinib,compound,BRD-K25244359-066-02-6,,['RET tyrosine kinase inhibitor'],-4.8573284,2.3777997
BR00117024,A12,U2OS,24,ethoxzolamide,compound,BRD-K18131774-001-18-4,,['carbonic anhydrase inhibitor'],-2.9255803,-0.68203956
BR00117024,A13,U2OS,24,ascorbic-acid,compound,BRD-A85242401-001-11-5,,,-3.2194219,-0.94122666
BR00117024,A14,U2OS,24,ryuvidine,compound,BRD-K06426971-001-02-7,,['histone lysine methyltransferase inhibitor'],0.3519635,5.097124
BR00117024,A15,U2OS,24,BAN-ORL-24,compound,BRD-K47049295-300-03-1,,,-1.2094476,1.8910681
BR00117024,A16,U2OS,24,NNC-55-0396,compound,BRD-K78122587-300-04-3,,,-4.7573733,2.8954914
BR00117024,A17,U2OS,24,DMSO,compound,,negcon,,-3.867267,-2.5808315
BR00117024,A18,U2OS,24,WH-4-023,compound,BRD-K50199947-001-03-4,,['src inhibitor'],-2.2968414,1.9442588
BR00117024,A19,U2OS,24,flupirtine,compound,BRD-K50720187-051-03-1,,['glutamate receptor antagonist'],-2.7556648,0.75443774
BR00117024,A20,U2OS,24,ZK811752,compound,BRD-K91825936-001-03-9,,,-3.211789,0.18083578
BR00117024,A21,U2OS,24,dexamethasone,compound,BRD-K38775274-001-22-1,,['glucocorticoid receptor agonist'],-3.5374165,1.5353619
BR00117024,A22,U2OS,24,PP-1,compound,BRD-K47598052-001-14-1,,['src inhibitor'],-2.594562,1.594854
BR00117024,A23,U2OS,24,DDR1-IN-1,compound,BRD-K61845293-300-01-9,,,-4.5164256,2.4630065
BR00117024,A24,U2OS,24,AVL-292,compound,BRD-K87782578-001-01-4,,"[""Bruton's tyrosine kinase (BTK) inhibitor""]",-2.0964832,2.3111932
BR00117024,B01,U2OS,24,H2L-5765834,compound,BRD-K26439554-001-01-3,,['lysophosphatidic acid receptor antagonist'],-3.1686823,-1.8588428
BR00117024,B02,U2OS,24,thiostrepton,compound,BRD-K58049875-001-03-9,,['protein synthesis inhibitor'],-0.34352764,4.636768
BR00117024,B03,U2OS,24,DMSO,compound,,negcon,,-4.173841,-2.9672482
BR00117024,B04,U2OS,24,arcyriaflavin-a,compound,BRD-K72726508-001-02-1,,['CDK inhibitor'],-2.6061788,2.033599
BR00117024,B05,U2OS,24,CYM-5520,compound,BRD-K29151923-001-01-5,,['sphingosine 1 phosphate receptor agonist'],-4.6402526,-0.54052556
BR00117024,B06,U2OS,24,fludarabine,compound,BRD-K66788707-001-14-3,,['ribonucleotide reductase inhibitor'],-2.2048185,-0.6710897
BR00117024,B07,U2OS,24,alda-1,compound,BRD-K06890060-001-09-1,,,-4.01503,-2.1103442
BR00117024,B08,U2OS,24,meclofenamic-acid,compound,BRD-K50398167-236-22-7,,"['cyclooxygenase inhibitor', 'prostanoid receptor antagonist']",-4.3215523,-2.43702
BR00117024,B09,U2OS,24,GNF-5,compound,BRD-K87632963-001-03-0,,['Bcr-Abl kinase inhibitor'],-3.9792564,-0.29057014
BR00117024,B10,U2OS,24,NS-309,compound,BRD-K37602296-001-01-6,,['calcium-activated potassium channel activator'],-4.085853,-0.81588614
BR00117024,B11,U2OS,24,AK-7,compound,BRD-K09143580-001-01-0,,['SIRT inhibitor'],-4.0130973,0.36150643
BR00117024,B12,U2OS,24,BVT-948,compound,BRD-A22713669-001-04-3,,,-1.8560543,3.885925
BR00117024,B13,U2OS,24,SirReal-2,compound,BRD-K16472653-001-01-6,,['SIRT inhibitor'],-4.7536173,1.9352273
BR00117024,B14,U2OS,24,DMSO,compound,,negcon,,-4.010212,-2.5416493
BR00117024,B15,U2OS,24,BMS-536924,compound,BRD-K34581968-001-05-3,,['IGF-1 inhibitor'],-2.0666015,2.0545762
BR00117024,B16,U2OS,24,PP-121,compound,BRD-K81801188-001-02-8,,['protein tyrosine kinase inhibitor'],-1.871093,2.368961
BR00117024,B17,U2OS,24,MCOPPB,compound,BRD-K73276278-305-01-1,,,-5.0784574,3.601959
BR00117024,B18,U2OS,24,ozagrel,compound,BRD-K53061490-003-13-9,,,-4.332471,-0.8119285
BR00117024,B19,U2OS,24,CYM-5442,compound,BRD-A43005764-003-01-5,,['sphingosine 1 phosphate receptor agonist'],-4.8351517,2.9685833
BR00117024,B20,U2OS,24,CVT-10216,compound,BRD-K60659193-001-01-0,,,-4.211799,-0.8569159
BR00117024,B21,U2OS,24,TCN201,compound,BRD-K09787262-001-02-7,,['glutamate receptor antagonist'],-4.25888,1.5818912
BR00117024,B22,U2OS,24,fomepizole,compound,BRD-K56810756-003-07-7,,['alcohol dehydrogenase inhibitor'],-4.4416647,-0.9280622
BR00117024,B23,U2OS,24,benzamil,compound,BRD-K87158025-003-08-7,,['sodium channel blocker'],-4.4648647,-0.33674148
BR00117024,B24,U2OS,24,lercanidipine,compound,BRD-A18992208-003-02-7,,['calcium channel blocker'],-3.379943,0.51617193
BR00117024,C01,U2OS,24,4-CMTB,compound,BRD-A54139254-001-09-2,,['free fatty acid receptor agonist'],-3.4672267,-1.8362178
BR00117024,C02,U2OS,24,ML-228,compound,BRD-K44432556-001-05-5,,,-3.9894686,-2.1200693
BR00117024,C03,U2OS,24,DMSO,compound,,negcon,,-4.602297,-2.869657
BR00117024,C04,U2OS,24,GSK1070916,compound,BRD-K36740062-001-06-6,,['Aurora kinase inhibitor'],-1.4899728,1.7990867
BR00117024,C05,U2OS,24,ML-193,compound,BRD-K27539181-001-08-5,,,-4.8497396,-1.6567807
BR00117024,C06,U2OS,24,DMSO,compound,,negcon,,-4.614215,-2.8869584
BR00117024,C07,U2OS,24,M-25,compound,BRD-K51265828-001-01-0,,['smoothened receptor antagonist'],-4.2081046,-0.7053211
BR00117024,C08,U2OS,24,azeliragon,compound,BRD-K51899933-001-02-6,,['RAGE receptor antagonist'],-4.4108586,3.5440967
BR00117024,C09,U2OS,24,CYT-997,compound,BRD-K23363278-001-02-1,poscon_diverse,['tubulin polymerization inhibitor'],0.5438207,1.8775549
BR00117024,C10,U2OS,24,AR-12,compound,BRD-K90497590-001-05-9,,,0.5908171,4.9087086
BR00117024,C11,U2OS,24,CYM-50260,compound,BRD-K69877120-001-01-7,,['sphingosine 1 phosphate receptor agonist'],-4.6117716,-0.65385026
BR00117024,C12,U2OS,24,DMSO,compound,,negcon,,-4.667883,-2.6759174
BR00117024,C13,U2OS,24,KG-5,compound,BRD-K90747162-001-01-4,poscon_cp,['RAF inhibitor'],0.2960216,1.8518243
BR00117024,C14,U2OS,24,JTE-607,compound,BRD-K81405859-300-01-4,,,-1.4324837,0.33447528
BR00117024,C15,U2OS,24,DMSO,compound,,negcon,,-4.773335,-2.9358377
BR00117024,C16,U2OS,24,ilomastat,compound,BRD-K51662849-001-05-4,,['matrix metalloprotease inhibitor'],-4.37081,-0.60348743
BR00117024,C17,U2OS,24,RX-821002,compound,BRD-A65597028-003-08-1,,['adrenergic receptor antagonist'],-2.4745803,1.2191789
BR00117024,C18,U2OS,24,DMSO,compound,,negcon,,-4.6914144,-3.118766
BR00117024,C19,U2OS,24,TUG-891,compound,BRD-K24282351-001-01-4,,['free fatty acid receptor agonist'],-2.6868188,1.4726912
BR00117024,C20,U2OS,24,ponatinib,compound,BRD-K44227013-001-08-0,,"['PDGFR tyrosine kinase receptor inhibitor', 'FLT3 inhibitor', 'Bcr-Abl kinase inhibitor']",0.02276488,5.0471883
BR00117024,C21,U2OS,24,DMSO,compound,,negcon,,-4.9361544,-2.6726198
BR00117024,C22,U2OS,24,puromycin,compound,BRD-K01824976-300-02-9,,['protein synthesis inhibitor'],-0.13745464,4.7423115
BR00117024,C23,U2OS,24,SRC-kinase-inhibitor-I,compound,BRD-K50495309-001-02-0,,['src inhibitor'],-4.976229,3.0679142
BR00117024,C24,U2OS,24,acetylcysteine,compound,BRD-K59058747-001-19-1,,,-3.2260523,-0.6026141
BR00117024,D01,U2OS,24,NSC-625987,compound,BRD-K62949423-001-03-1,,['CDK inhibitor'],-3.3636184,-1.9738141
BR00117024,D02,U2OS,24,dalfampridine,compound,BRD-K22482860-001-20-6,,['potassium channel blocker'],-4.1666303,-1.9493536
BR00117024,D03,U2OS,24,NSC-95397,compound,BRD-K68143200-001-11-7,,['CDC inhibitor'],-1.925007,3.8121471
BR00117024,D04,U2OS,24,alrestatin,compound,BRD-K35498378-001-06-1,,['aldose reductase inhibitor'],-4.012193,-2.120617
BR00117024,D05,U2OS,24,PF-03758309,compound,BRD-K37764012-001-03-3,poscon_diverse,['p21 activated kinase inhibitor'],-4.342335,-2.3279588
BR00117024,D06,U2OS,24,IRL-2500,compound,BRD-K98357249-001-02-9,,['endothelin receptor antagonist'],-3.7992325,-2.012044
BR00117024,D07,U2OS,24,PF-04217903,compound,BRD-K73319509-001-08-0,poscon_cp,,-4.5520544,-2.3546073
BR00117024,D08,U2OS,24,FK-866,compound,BRD-K58550667-001-08-7,poscon_diverse,,-3.4463196,-0.25470355
BR00117024,D09,U2OS,24,amlexanox,compound,BRD-K29530284-001-06-2,,,-4.623403,-1.2736282
BR00117024,D10,U2OS,24,GW-311616,compound,BRD-K37864785-001-01-0,,['elastase inhibitor'],-3.6223166,-0.6469609
BR00117024,D11,U2OS,24,buparlisib,compound,BRD-K42191735-001-08-7,poscon_diverse,,0.3789941,2.0345507
BR00117024,D12,U2OS,24,amiloride,compound,BRD-K97181089-003-24-7,,['sodium channel blocker'],-4.129683,-0.34204885
BR00117024,D13,U2OS,24,DG-172,compound,BRD-K75748943-300-01-3,,,-5.136359,2.9624546
BR00117024,D14,U2OS,24,DMSO,compound,,negcon,,-4.5512686,-2.4768836
BR00117024,D15,U2OS,24,DMSO,compound,,negcon,,-4.542411,-3.0367694
BR00117024,D16,U2OS,24,NVP-ADW742,compound,BRD-K15179513-001-04-2,poscon_cp,,-4.88133,3.3827565
BR00117024,D17,U2OS,24,misoprostol,compound,BRD-A72351335-001-04-5,,['prostanoid receptor agonist'],-3.209356,0.6130815
BR00117024,D18,U2OS,24,conivaptan,compound,BRD-K37385792-003-02-1,,,-4.870535,2.2890368
BR00117024,D19,U2OS,24,spiroxatrine,compound,BRD-A72483914-001-03-7,,['serotonin receptor antagonist'],-5.0496964,0.29411608
BR00117024,D20,U2OS,24,diacerein,compound,BRD-K69122748-001-10-1,,,-3.253678,-0.4716099
BR00117024,D21,U2OS,24,DMSO,compound,,negcon,,-4.6825037,-3.170435
BR00117024,D22,U2OS,24,DMSO,compound,,negcon,,-4.6546407,-2.6233213
BR00117024,D23,U2OS,24,glyburide,compound,BRD-K36927236-001-36-7,,['ATP channel blocker'],-4.228183,1.943057
BR00117024,D24,U2OS,24,ANR-94,compound,BRD-K31170746-001-01-6,,,-3.076466,-0.6609823
BR00117024,E01,U2OS,24,TFC-007,compound,BRD-K57708067-001-01-3,,,-3.448986,-1.8703529
BR00117024,E02,U2OS,24,trihexyphenidyl,compound,BRD-A48180038-003-24-3,,['acetylcholine receptor antagonist'],-4.4353156,-2.380766
BR00117024,E03,U2OS,24,epoprostenol,compound,BRD-K64054020-001-02-7,,,-4.528956,-2.2124515
BR00117024,E04,U2OS,24,sacubitril,compound,BRD-K91456750-001-01-9,,,-3.9930892,-2.1072621
BR00117024,E05,U2OS,24,danusertib,compound,BRD-K07881437-001-03-8,poscon_diverse,"['growth factor receptor inhibitor', 'Aurora kinase inhibitor']",-0.83327085,0.259729
BR00117024,E06,U2OS,24,CYT-997,compound,BRD-K23363278-001-02-1,poscon_diverse,['tubulin polymerization inhibitor'],0.6048817,1.9605407
BR00117024,E07,U2OS,24,DMSO,compound,,negcon,,-4.472619,-2.6751547
BR00117024,E08,U2OS,24,BQ-788,compound,BRD-K02490038-236-03-8,,['endothelin receptor antagonist'],-4.1766844,-2.3714583
BR00117024,E09,U2OS,24,SB-202190,compound,BRD-K54330070-001-19-6,poscon_orf,['p38 MAPK inhibitor'],-5.83172,1.7299957
BR00117024,E10,U2OS,24,GSK2110183,compound,BRD-K25412176-001-01-9,poscon_diverse,,-4.3239303,1.8474553
BR00117024,E11,U2OS,24,GSK3787,compound,BRD-K03155172-001-03-0,,['PPAR receptor antagonist'],-4.4193945,-1.8035811
BR00117024,E12,U2OS,24,BAM7,compound,BRD-K07442505-001-03-6,,,-4.1014495,-1.4752843
BR00117024,E13,U2OS,24,PHA-793887,compound,BRD-K64800655-001-09-0,poscon_diverse,['CDK inhibitor'],-1.7042874,2.9301763
BR00117024,E14,U2OS,24,DMSO,compound,,negcon,,-4.721292,-3.1469746
BR00117024,E15,U2OS,24,GSK-37647,compound,BRD-K26514105-001-01-7,,['free fatty acid receptor agonist'],-4.1586957,-0.65307254
BR00117024,E16,U2OS,24,desonide,compound,BRD-K21528677-001-04-4,,['glucocorticoid receptor agonist'],-3.7651525,1.1383046
BR00117024,E17,U2OS,24,DMSO,compound,,negcon,,-4.7190175,-3.2533414
BR00117024,E18,U2OS,24,aloxistatin,compound,BRD-K91188791-001-17-5,,,-5.457086,3.3080804
BR00117024,E19,U2OS,24,azathioprine,compound,BRD-K32821942-001-22-1,,,-4.4323535,-0.55712867
BR00117024,E20,U2OS,24,ZK-93423,compound,BRD-K33882852-003-02-8,poscon_diverse,['benzodiazepine receptor agonist'],-3.8613572,0.5454926
BR00117024,E21,U2OS,24,BI-2536,compound,BRD-K64890080-001-02-1,poscon_diverse,,0.4059052,2.6771564
BR00117024,E22,U2OS,24,EI1,compound,BRD-K91535048-001-01-2,poscon_cp,['histone lysine methyltransferase inhibitor'],-3.675289,-1.2374685
BR00117024,E23,U2OS,24,NVP-HSP990,compound,BRD-K67915505-001-01-2,,['HSP inhibitor'],-2.3561563,2.560031
BR00117024,E24,U2OS,24,DMSO,compound,,negcon,,-3.5626252,-2.111883
BR00117024,F01,U2OS,24,DMSO,compound,,negcon,,-3.6814854,-2.546211
BR00117024,F02,U2OS,24,nialamide,compound,BRD-K12102668-001-25-5,,,-3.8153894,-1.8478249
BR00117024,F03,U2OS,24,DMSO,compound,,negcon,,-4.0637455,-2.9149654
BR00117024,F04,U2OS,24,arundic-acid,compound,BRD-K49223707-001-01-0,,,-4.41603,-2.1757698
BR00117024,F05,U2OS,24,torcitabine,compound,BRD-K91822704-003-07-2,,,-3.7133222,-1.6819632
BR00117024,F06,U2OS,24,DMSO,compound,,negcon,,-4.0870757,-2.7661648
BR00117024,F07,U2OS,24,epothilone-b,compound,BRD-K68164687-001-01-6,,"['microtubule stabilizing agent', 'tubulin polymerization inhibitor']",-0.079848476,1.6675856
BR00117024,F08,U2OS,24,dyphylline,compound,BRD-A00827783-001-24-6,,['phosphodiesterase inhibitor'],-3.800009,-1.7933298
BR00117024,F09,U2OS,24,DMSO,compound,,negcon,,-5.1698985,-2.656729
BR00117024,F10,U2OS,24,quinidine,compound,BRD-K59632282-052-03-1,,['sodium channel blocker'],-4.041274,-0.1383962
BR00117024,F11,U2OS,24,halopemide,compound,BRD-K50055394-001-03-6,,,-4.7639747,0.90316975
BR00117024,F12,U2OS,24,sulfinpyrazone,compound,BRD-A36217750-001-16-3,,,-5.1883574,-2.0239837
BR00117024,F13,U2OS,24,ML-323,compound,BRD-K93942811-001-01-3,poscon_cp,['ubiquitin specific protease inhibitor'],-3.925963,0.3401733
BR00117024,F14,U2OS,24,racecadotril,compound,BRD-A08187463-001-12-9,,,-4.2363276,-1.1920155
BR00117024,F15,U2OS,24,BRL-50481,compound,BRD-K84266862-001-03-2,,['phosphodiesterase inhibitor'],-2.755898,-0.7809647
BR00117024,F16,U2OS,24,GSK2110183,compound,BRD-K25412176-001-01-9,poscon_diverse,,-4.1444964,1.7777119
BR00117024,F17,U2OS,24,bufexamac,compound,BRD-K36660044-001-24-2,,['cyclooxygenase inhibitor'],-4.9559255,-0.82385063
BR00117024,F18,U2OS,24,anandamide,compound,BRD-K42352790-001-05-3,,,-4.2448034,-1.0268213
BR00117024,F19,U2OS,24,thioguanine,compound,BRD-K49350383-001-13-7,poscon_diverse,,-3.077452,1.862049
BR00117024,F20,U2OS,24,IWP-L6,compound,BRD-K53234107-001-01-6,,['porcupine inhibitor'],-4.2201524,0.73912376
BR00117024,F21,U2OS,24,edoxaban,compound,BRD-K29322660-001-01-9,,['coagulation factor inhibitor'],-4.4326167,-0.23974441
BR00117024,F22,U2OS,24,lonafarnib,compound,BRD-K41599323-001-02-3,poscon_diverse,,-3.2861755,2.3416991
BR00117024,F23,U2OS,24,ibutamoren,compound,BRD-K44771174-066-01-0,,,-4.4620643,1.7348232
BR00117024,F24,U2OS,24,somatostatin,compound,BRD-K14681867-001-01-6,,['somatostatin receptor agonist'],-3.1791818,-0.8488415
BR00117024,G01,U2OS,24,L-proline,compound,BRD-K01666412-001-02-0,,,-3.1947486,-1.7580682
BR00117024,G02,U2OS,24,zamifenacin,compound,BRD-K80451230-051-02-6,,['acetylcholine receptor antagonist'],-4.075983,-1.8995993
BR00117024,G03,U2OS,24,YC-1,compound,BRD-K60476892-001-16-1,,,-1.3631034,2.850797
BR00117024,G04,U2OS,24,DMSO,compound,,negcon,,-4.667082,-3.1200988
BR00117024,G05,U2OS,24,ME-0328,compound,BRD-K24283677-001-01-9,,['PPAR receptor antagonist'],-4.350591,-2.3534195
BR00117024,G06,U2OS,24,NSC-663284,compound,BRD-K03109492-001-02-2,,['CDC inhibitor'],0.3038248,5.140005
BR00117024,G07,U2OS,24,CYM-50358,compound,BRD-K80666802-003-01-0,,,-4.925899,2.8747926
BR00117024,G08,U2OS,24,trazodone,compound,BRD-K70778732-003-27-5,,"['adrenergic receptor antagonist', 'serotonin receptor antagonist']",-4.212696,-0.065521285
BR00117024,G09,U2OS,24,DMSO,compound,,negcon,,-4.654317,-2.493212
BR00117024,G10,U2OS,24,DMSO,compound,,negcon,,-4.7579703,-2.8742979
BR00117024,G11,U2OS,24,sulfasalazine,compound,BRD-K10670311-001-17-1,,['cyclooxygenase inhibitor'],-5.106324,-2.2759986
BR00117024,G12,U2OS,24,"2,5-furandimethanol",compound,BRD-K29791386-001-01-8,,,-4.7193193,-2.135775
BR00117024,G13,U2OS,24,DMSO,compound,,negcon,,-4.834734,-2.9250085
BR00117024,G14,U2OS,24,dilazep,compound,BRD-K48722258-300-11-0,,,-4.4532714,-2.1462183
BR00117024,G15,U2OS,24,felodipine,compound,BRD-A30815329-001-12-1,,['calcium channel blocker'],-3.9890413,1.3263882
BR00117024,G16,U2OS,24,paliperidone,compound,BRD-A99888680-001-05-3,,"['dopamine receptor antagonist', 'serotonin receptor antagonist']",-4.9602704,-1.9952943
BR00117024,G17,U2OS,24,purvalanol-a,compound,BRD-K50836978-001-03-3,poscon_orf,['CDK inhibitor'],-2.6826575,1.1844593
BR00117024,G18,U2OS,24,DMSO,compound,,negcon,,-4.974331,-2.6651037
BR00117024,G19,U2OS,24,Ro-1138452,compound,BRD-K77220725-003-01-5,,['prostanoid receptor antagonist'],-3.4708416,0.89486444
BR00117024,G20,U2OS,24,sorbinil,compound,BRD-A89164055-001-03-3,,['aldose reductase inhibitor'],-3.945583,-0.49941006
BR00117024,G21,U2OS,24,TC-S-7004,compound,BRD-K89517477-001-01-4,poscon_cp,['DYRK inhibitor'],-3.6577947,1.5492091
BR00117024,G22,U2OS,24,saclofen,compound,BRD-A24122750-001-03-7,,['GABA receptor antagonist'],-4.583603,-1.8335718
BR00117024,G23,U2OS,24,BAY-87-2243,compound,BRD-K70463136-001-01-5,,,-3.8325107,0.51683676
BR00117024,G24,U2OS,24,ibudilast,compound,BRD-K16444452-001-09-1,,['phosphodiesterase inhibitor'],-3.7927194,-0.29685745
BR00117024,H01,U2OS,24,briciclib,compound,BRD-K05531427-001-01-7,,,0.60751015,1.9860966
BR00117024,H02,U2OS,24,2-Oleoylglycerol,compound,BRD-K77087341-001-02-4,,,-4.2216754,-1.9995782
BR00117024,H03,U2OS,24,RGFP966,compound,BRD-K61688984-001-02-9,poscon_cp,['HDAC inhibitor'],-3.161565,1.3343667
BR00117024,H04,U2OS,24,DMSO,compound,,negcon,,-4.307833,-2.9122288
BR00117024,H05,U2OS,24,azacitidine,compound,BRD-K03406345-001-21-1,poscon_diverse,,-3.2969246,1.6219733
BR00117024,H06,U2OS,24,N6-cyclopentyladenosine,compound,BRD-K60150510-001-15-6,,,-3.7887409,-1.4234678
BR00117024,H07,U2OS,24,filgotinib,compound,BRD-K16803204-001-01-6,poscon_cp,['JAK inhibitor'],-5.028956,1.2289213
BR00117024,H08,U2OS,24,guanidine,compound,BRD-K76037122-001-02-5,,['HSP inhibitor'],-4.143182,-1.1684128
BR00117024,H09,U2OS,24,coumarin,compound,BRD-K23913458-001-20-7,,,-4.1454186,-1.738269
BR00117024,H10,U2OS,24,DMSO,compound,,negcon,,-4.1619067,-2.8667026
BR00117024,H11,U2OS,24,ZM-336372,compound,BRD-K73789395-001-09-9,poscon_orf,['RAF inhibitor'],-4.6740756,-2.3017006
BR00117024,H12,U2OS,24,citric-acid,compound,BRD-K76792669-001-08-1,,['coagulation factor inhibitor'],-5.237637,-1.7645859
BR00117024,H13,U2OS,24,DMSO,compound,,negcon,,-4.7625074,-2.9211268
BR00117024,H14,U2OS,24,CCG-63802,compound,BRD-K26970495-001-02-7,,['G protein signaling inhibitor'],-1.8731433,-0.08926889
BR00117024,H15,U2OS,24,ibutilide,compound,BRD-A74391928-051-03-9,,['potassium channel blocker'],-4.259335,-1.1102128
BR00117024,H16,U2OS,24,batimastat,compound,BRD-K82818427-001-04-8,,['matrix metalloprotease inhibitor'],-3.2668958,1.1960158
BR00117024,H17,U2OS,24,DMSO,compound,,negcon,,-4.736928,-2.686073
BR00117024,H18,U2OS,24,DMSO,compound,,negcon,,-5.1043067,-2.2384741
BR00117024,H19,U2OS,24,UNC1999,compound,BRD-K26989966-001-04-3,poscon_cp,['histone lysine methyltransferase inhibitor'],-1.5337008,4.390866
BR00117024,H20,U2OS,24,glutamine-(l),compound,BRD-K83896451-001-06-7,,,-3.8608916,-0.43380108
BR00117024,H21,U2OS,24,PD-98059,compound,BRD-K62810658-001-11-4,poscon_orf,,-2.789,1.178367
BR00117024,H22,U2OS,24,enilconazole,compound,BRD-K01825690-065-01-9,,,-4.3303823,-0.08108324
BR00117024,H23,U2OS,24,N-alpha-Methylhistamine-dihydrochloride,compound,BRD-K75390981-300-04-9,,['histamine receptor agonist'],-3.648711,-1.1948844
BR00117024,H24,U2OS,24,GK921,compound,BRD-K38272302-001-02-7,,,-2.4121428,3.1614437
BR00117024,I01,U2OS,24,nilvadipine,compound,BRD-A84687895-001-03-2,,['calcium channel blocker'],-3.3056865,-1.48121
BR00117024,I02,U2OS,24,DMSO,compound,,negcon,,-3.9318948,-2.959983
BR00117024,I03,U2OS,24,AC-710,compound,BRD-K15819326-001-01-6,,['PDGFR tyrosine kinase receptor inhibitor'],-4.5421615,3.3294365
BR00117024,I04,U2OS,24,PETCM,compound,BRD-A93477898-001-04-2,,,-4.4489737,-1.8254465
BR00117024,I05,U2OS,24,AZD7762,compound,BRD-K86525559-001-07-8,poscon_diverse,['CHK inhibitor'],-0.060080074,5.1366153
BR00117024,I06,U2OS,24,PHA-793887,compound,BRD-K64800655-001-09-0,poscon_diverse,['CDK inhibitor'],-1.6787843,2.8871331
BR00117024,I07,U2OS,24,KU-60019,compound,BRD-K36016295-001-05-2,,['ATM kinase inhibitor'],-3.1904294,3.1036928
BR00117024,I08,U2OS,24,nafamostat,compound,BRD-K06674495-334-04-0,,,-3.725109,0.77734536
BR00117024,I09,U2OS,24,DMSO,compound,,negcon,,-4.475126,-2.8688622
BR00117024,I10,U2OS,24,DMSO,compound,,negcon,,-4.274519,-3.0062172
BR00117024,I11,U2OS,24,taladegib,compound,BRD-K50498985-001-03-3,,['smoothened receptor antagonist'],-4.274798,-1.1156417
BR00117024,I12,U2OS,24,acetohexamide,compound,BRD-K52960356-001-13-0,,['ATP channel blocker'],-4.3155537,-1.276494
BR00117024,I13,U2OS,24,minocycline,compound,BRD-A69651145-003-11-4,,,-3.5019758,1.3912574
BR00117024,I14,U2OS,24,BI-2536,compound,BRD-K64890080-001-02-1,poscon_diverse,,0.39216024,2.6822453
BR00117024,I15,U2OS,24,riociguat,compound,BRD-K84783599-001-01-0,,,-4.834491,0.38864452
BR00117024,I16,U2OS,24,CP-724714,compound,BRD-K76908866-001-07-6,poscon_cp,"['EGFR inhibitor', 'protein tyrosine kinase inhibitor']",-4.2349043,0.87106854
BR00117024,I17,U2OS,24,ganetespib,compound,BRD-K38852836-001-04-9,poscon_diverse,['HSP inhibitor'],-2.2749598,2.6098452
BR00117024,I18,U2OS,24,AZ191,compound,BRD-K80935598-001-01-1,poscon_cp,['DYRK inhibitor'],-5.0578065,3.6618688
BR00117024,I19,U2OS,24,BAX-channel-blocker,compound,BRD-A18763547-300-06-3,,,-4.3629756,3.3800633
BR00117024,I20,U2OS,24,SU3327,compound,BRD-K32730239-001-01-0,,['JNK inhibitor'],0.25633654,4.95693
BR00117024,I21,U2OS,24,DMSO,compound,,negcon,,-4.987741,-2.4951696
BR00117024,I22,U2OS,24,DMSO,compound,,negcon,,-4.512857,-2.7114103
BR00117024,I23,U2OS,24,octreotide,compound,BRD-A64173453-015-03-1,,['somatostatin receptor agonist'],-3.596631,-0.111623734
BR00117024,I24,U2OS,24,1-octanol,compound,BRD-K09338665-001-08-9,,,-2.8365774,-0.6072327
BR00117024,J01,U2OS,24,acalabrutinib,compound,BRD-K64034691-001-01-9,,"[""Bruton's tyrosine kinase (BTK) inhibitor""]",-2.9511895,-1.421212
BR00117024,J02,U2OS,24,rifamycin,compound,BRD-K38512030-001-01-7,,,-5.049154,-2.3415728
BR00117024,J03,U2OS,24,pazopanib,compound,BRD-K74514084-003-09-2,,"['KIT inhibitor', 'VEGFR inhibitor', 'PDGFR tyrosine kinase receptor inhibitor']",-3.5142133,1.8110697
BR00117024,J04,U2OS,24,RKI-1447,compound,BRD-K19333160-001-01-3,poscon_cp,,-5.336892,1.7526655
BR00117024,J05,U2OS,24,vitamin-E,compound,BRD-K97091514-001-11-4,,['PKC inhibitor'],-4.964192,-1.7400254
BR00117024,J06,U2OS,24,lonafarnib,compound,BRD-K41599323-001-02-3,poscon_diverse,,-3.3391275,2.1846707
BR00117024,J07,U2OS,24,ethyl-pyruvate,compound,BRD-K47738867-001-01-5,,,-3.7033417,-1.2348505
BR00117024,J08,U2OS,24,picrotin,compound,BRD-A91822151-001-05-0,,['GABA receptor antagonist'],-3.581507,-0.23585457
BR00117024,J09,U2OS,24,SGX523,compound,BRD-K19477839-001-07-6,poscon_cp,,-4.4292583,0.71237147
BR00117024,J10,U2OS,24,PP-2,compound,BRD-K95785537-001-22-3,,['src inhibitor'],-2.5242238,1.6093965
BR00117024,J11,U2OS,24,ME-0328,compound,BRD-A63444178-001-01-5,,['PPAR receptor antagonist'],-4.468984,0.26490924
BR00117024,J12,U2OS,24,AZD9668,compound,BRD-K31476763-001-01-5,,['elastase inhibitor'],-3.9167864,-1.1673076
BR00117024,J13,U2OS,24,NQDI-1,compound,BRD-K61918008-001-07-1,,,-4.2542086,0.8837163
BR00117024,J14,U2OS,24,DMSO,compound,,negcon,,-5.123689,-2.4813347
BR00117024,J15,U2OS,24,carzenide,compound,BRD-K09295674-001-09-8,,,-3.7234845,-0.72682357
BR00117024,J16,U2OS,24,KU-55933,compound,BRD-K25311561-001-10-7,,['ATM kinase inhibitor'],-3.8085532,2.7131286
BR00117024,J17,U2OS,24,NVP-AEW541,compound,BRD-K24696047-001-02-3,poscon_cp,['IGF-1 inhibitor'],-4.7150536,2.87428
BR00117024,J18,U2OS,24,leflunomide,compound,BRD-K78692225-001-24-5,,['PDGFR tyrosine kinase receptor inhibitor'],-3.753992,-0.5073263
BR00117024,J19,U2OS,24,DMSO,compound,,negcon,,-4.3215213,-2.9337966
BR00117024,J20,U2OS,24,azacitidine,compound,BRD-K03406345-001-21-1,poscon_diverse,,-3.2674046,1.6200835
BR00117024,J21,U2OS,24,ixabepilone,compound,BRD-K03601870-001-01-2,,['microtubule stabilizing agent'],0.09109426,1.785964
BR00117024,J22,U2OS,24,KH-CB19,compound,BRD-K66430217-001-03-8,poscon_cp,['CDC inhibitor'],-5.4868307,0.5864076
BR00117024,J23,U2OS,24,DMSO,compound,,negcon,,-4.606816,-2.6584141
BR00117024,J24,U2OS,24,PF-05190457,compound,BRD-K02554563-001-01-6,,,-2.984236,0.047683854
BR00117024,K01,U2OS,24,LDN-212854,compound,BRD-K59831625-001-03-9,,,0.043640476,4.94473
BR00117024,K02,U2OS,24,formononetin,compound,BRD-K55567017-001-12-3,,['alcohol dehydrogenase inhibitor'],-3.914172,-2.1583204
BR00117024,K03,U2OS,24,aminopurvalanol-a,compound,BRD-K07762753-001-05-1,poscon_orf,['CDK inhibitor'],-2.2810347,1.4283812
BR00117024,K04,U2OS,24,ruxolitinib,compound,BRD-K53972329-001-01-3,poscon_cp,['JAK inhibitor'],-5.4294343,1.5545098
BR00117024,K05,U2OS,24,DMSO,compound,,negcon,,-4.074113,-3.056988
BR00117024,K06,U2OS,24,DMSO,compound,,negcon,,-4.5258,-3.069288
BR00117024,K07,U2OS,24,LGK-974,compound,BRD-K16810791-001-01-0,,['porcupine inhibitor'],-3.9866335,-1.2077513
BR00117024,K08,U2OS,24,polydatin,compound,BRD-K43236057-001-07-1,,['ICAM1 expression inhibitor'],-0.70785326,1.4005806
BR00117024,K09,U2OS,24,enflurane,compound,BRD-A51831848-001-01-7,,,-3.7987082,-1.6030853
BR00117024,K10,U2OS,24,PFI-1,compound,BRD-K13094524-001-04-2,poscon_cp,,-4.649244,-2.541936
BR00117024,K11,U2OS,24,AZD7762,compound,BRD-K86525559-001-07-8,poscon_diverse,['CHK inhibitor'],0.058027342,5.114071
BR00117024,K12,U2OS,24,sotrastaurin,compound,BRD-K16761703-001-03-8,,['PKC inhibitor'],-5.8066487,1.41048
BR00117024,K13,U2OS,24,DMSO,compound,,negcon,,-4.903025,-2.36964
BR00117024,K14,U2OS,24,cycloheximide,compound,BRD-K36055864-001-20-0,,['protein synthesis inhibitor'],-2.1388192,2.184843
BR00117024,K15,U2OS,24,oxytocin,compound,BRD-K25243230-001-01-2,,,-4.9343624,-1.9277234
BR00117024,K16,U2OS,24,DMSO,compound,,negcon,,-4.458793,-3.0466895
BR00117024,K17,U2OS,24,colchicine,compound,BRD-K00259736-001-16-4,,,0.6170402,1.9312487
BR00117024,K18,U2OS,24,afimoxifene,compound,BRD-K04210847-001-21-9,,,-3.8630023,-0.49881396
BR00117024,K19,U2OS,24,DMSO,compound,,negcon,,-4.590237,-2.7167773
BR00117024,K20,U2OS,24,ZK-93423,compound,BRD-K33882852-003-02-8,poscon_diverse,['benzodiazepine receptor agonist'],-4.0982575,0.6132005
BR00117024,K21,U2OS,24,RGB-286638,compound,BRD-K20986415-001-02-6,,['CDK inhibitor'],-2.3304558,3.1921375
BR00117024,K22,U2OS,24,FPS-ZM1,compound,BRD-K87691185-001-01-2,,['RAGE receptor antagonist'],-4.1506243,0.9588384
BR00117024,K23,U2OS,24,flindokalner,compound,BRD-K56740996-001-02-1,,,-4.1299863,-0.41061667
BR00117024,K24,U2OS,24,motesanib,compound,BRD-K99616396-316-05-3,,"['KIT inhibitor', 'VEGFR inhibitor', 'PDGFR tyrosine kinase receptor inhibitor']",-4.188274,1.3809323
BR00117024,L01,U2OS,24,geldanamycin,compound,BRD-K43570081-001-02-4,,['HSP inhibitor'],-2.2894895,2.6633441
BR00117024,L02,U2OS,24,DMSO,compound,,negcon,,-3.96867,-2.8133094
BR00117024,L03,U2OS,24,CGP-53353,compound,BRD-K32292990-001-03-6,,"['PKC inhibitor', 'EGFR inhibitor']",-4.4691014,-0.09670384
BR00117024,L04,U2OS,24,7-hydroxystaurosporine,compound,BRD-K45293975-001-02-0,,"['CDK inhibitor', 'PKC inhibitor', 'CHK inhibitor']",-0.2460829,4.822617
BR00117024,L05,U2OS,24,DMSO,compound,,negcon,,-4.7689395,-2.4120839
BR00117024,L06,U2OS,24,DMSO,compound,,negcon,,-4.1894608,-3.1188505
BR00117024,L07,U2OS,24,efaproxiral,compound,BRD-K37355418-236-01-6,,,-3.5338256,-0.67533857
BR00117024,L08,U2OS,24,SB-203580,compound,BRD-A37704979-001-12-3,poscon_orf,['p38 MAPK inhibitor'],-5.9319477,1.6986604
BR00117024,L09,U2OS,24,FK-866,compound,BRD-K58550667-001-08-7,poscon_diverse,,-3.8511643,-0.37763402
BR00117024,L10,U2OS,24,bepridil,compound,BRD-A91008255-003-24-8,,['calcium channel blocker'],-2.7510023,1.3964126
BR00117024,L11,U2OS,24,delanzomib,compound,BRD-K59325863-001-04-4,,,-0.119797595,4.7629137
BR00117024,L12,U2OS,24,buparlisib,compound,BRD-K42191735-001-08-7,poscon_diverse,,0.43131477,1.9368299
BR00117024,L13,U2OS,24,phenylbutazone,compound,BRD-K10843433-001-23-5,,"['cyclooxygenase inhibitor', 'prostanoid receptor antagonist']",-4.062262,0.27323443
BR00117024,L14,U2OS,24,deferasirox,compound,BRD-K97010173-001-04-1,,,-2.1078548,-0.5219055
BR00117024,L15,U2OS,24,DMSO,compound,,negcon,,-4.5681024,-3.0795171
BR00117024,L16,U2OS,24,cediranib,compound,BRD-K86930074-001-05-0,,"['KIT inhibitor', 'VEGFR inhibitor']",-5.291221,3.2204587
BR00117024,L17,U2OS,24,isoflurane,compound,BRD-A31564021-001-02-6,,,-3.51663,-0.3283322
BR00117024,L18,U2OS,24,DMSO,compound,,negcon,,-4.9921107,-2.954153
BR00117024,L19,U2OS,24,CCG-50014,compound,BRD-K08893438-001-06-4,,['G protein signaling inhibitor'],-0.23690662,4.7945895
BR00117024,L20,U2OS,24,PF-431396,compound,BRD-K93788137-001-04-1,,,-0.7749805,0.4174561
BR00117024,L21,U2OS,24,TG-02,compound,BRD-K14560436-001-01-4,,"['CDK inhibitor', 'FLT3 inhibitor', 'JAK inhibitor']",-1.5574826,2.9986117
BR00117024,L22,U2OS,24,baclofen,compound,BRD-K01826724-003-07-9,,['benzodiazepine receptor agonist'],-3.545441,1.2219322
BR00117024,L23,U2OS,24,thiostrepton,compound,BRD-A20697603-001-07-2,,['protein synthesis inhibitor'],-2.4051042,1.4522367
BR00117024,L24,U2OS,24,flufenamic-acid,compound,BRD-K44067360-001-29-5,,,-3.0775745,-0.30396047
BR00117024,M01,U2OS,24,DMSO,compound,,negcon,,-3.5631158,-2.54047
BR00117024,M02,U2OS,24,LY2109761,compound,BRD-K47557313-001-02-7,,,-5.8175154,1.6028823
BR00117024,M03,U2OS,24,olopatadine,compound,BRD-K67637637-003-11-8,,['histamine receptor antagonist'],-4.9227495,-1.4600403
BR00117024,M04,U2OS,24,DMSO,compound,,negcon,,-4.191471,-2.5923557
BR00117024,M05,U2OS,24,castanospermine,compound,BRD-K20897876-001-11-8,,['glucosidase inhibitor'],-4.527906,-1.258197
BR00117024,M06,U2OS,24,A205804,compound,BRD-K77627880-001-04-0,,['ICAM1 expression inhibitor'],-2.489865,-0.72169703
BR00117024,M07,U2OS,24,VU591,compound,BRD-K72063794-003-01-0,,['potassium channel blocker'],-4.4970393,0.08995641
BR00117024,M08,U2OS,24,dalbavancin,compound,BRD-K30177383-001-01-0,,['bacterial cell wall synthesis inhibitor'],-5.226343,2.4246998
BR00117024,M09,U2OS,24,CC-401,compound,BRD-K45746021-003-01-9,,['JNK inhibitor'],-5.628489,1.2635595
BR00117024,M10,U2OS,24,ganetespib,compound,BRD-K38852836-001-04-9,poscon_diverse,['HSP inhibitor'],-2.3100865,2.6952252
BR00117024,M11,U2OS,24,ingenol-mebutate,compound,BRD-K93779381-001-01-9,,,-4.833637,1.5403273
BR00117024,M12,U2OS,24,menadione,compound,BRD-K78126613-001-27-7,,,-2.5173647,0.97702456
BR00117024,M13,U2OS,24,cetilistat,compound,BRD-K94863486-001-02-2,,,-4.1573205,-0.7553568
BR00117024,M14,U2OS,24,methoxsalen,compound,BRD-K63430059-001-16-4,,['DNA synthesis inhibitor'],-4.217288,-1.7327061
BR00117024,M15,U2OS,24,cyclosporine,compound,BRD-K13533483-001-16-2,,,-2.9762635,2.5060282
BR00117024,M16,U2OS,24,NSC-632839,compound,BRD-K81197548-003-01-4,poscon_cp,['ubiquitin specific protease inhibitor'],-0.27780554,4.7663693
BR00117024,M17,U2OS,24,DMSO,compound,,negcon,,-4.849684,-2.9374607
BR00117024,M18,U2OS,24,TG-003,compound,BRD-K97072811-001-11-4,poscon_cp,,-4.534989,-0.57642376
BR00117024,M19,U2OS,24,oxibendazole,compound,BRD-K52075715-001-06-7,,['tubulin polymerization inhibitor'],0.4170575,1.81035
BR00117024,M20,U2OS,24,TG-101348,compound,BRD-K12502280-001-11-4,poscon_cp,"['JAK inhibitor', 'FLT3 inhibitor']",-1.5864662,4.3313885
BR00117024,M21,U2OS,24,miglitol,compound,BRD-A63310107-001-04-8,,['glucosidase inhibitor'],-5.447147,0.84665954
BR00117024,M22,U2OS,24,DMSO,compound,,negcon,,-4.9366646,-3.2508063
BR00117024,M23,U2OS,24,DMSO,compound,,negcon,,-4.385355,-3.0784295
BR00117024,M24,U2OS,24,tranilast,compound,BRD-K17849083-001-32-9,,,-2.955952,-0.026038447
BR00117024,N01,U2OS,24,4-methylhistamine,compound,BRD-K70821460-300-02-4,,['histamine receptor agonist'],-2.6376636,-1.418572
BR00117024,N02,U2OS,24,LDN-27219,compound,BRD-K51485109-001-01-4,,,-3.905321,-1.9928422
BR00117024,N03,U2OS,24,anisomycin,compound,BRD-K91370081-001-25-1,,['DNA synthesis inhibitor'],-0.48712277,3.724409
BR00117024,N04,U2OS,24,thioguanine,compound,BRD-K49350383-001-13-7,poscon_diverse,,-3.1508389,1.6033723
BR00117024,N05,U2OS,24,droxinostat,compound,BRD-K11558771-001-13-9,,['HDAC inhibitor'],-4.94346,-1.0304358
BR00117024,N06,U2OS,24,UNC2025,compound,BRD-K91283740-003-01-6,poscon_cp,['FLT3 inhibitor'],-1.8010001,2.1533918
BR00117024,N07,U2OS,24,DMSO,compound,,negcon,,-4.8922434,-2.4400995
BR00117024,N08,U2OS,24,DMSO,compound,,negcon,,-4.984722,-2.9984667
BR00117024,N09,U2OS,24,AMG900,compound,BRD-K21728777-001-02-3,poscon_cp,['Aurora kinase inhibitor'],-0.83440435,0.34218618
BR00117024,N10,U2OS,24,PF-06463922,compound,BRD-A23124853-001-01-4,,['ALK tyrosine kinase receptor inhibitor'],-4.38077,1.6456388
BR00117024,N11,U2OS,24,orantinib,compound,BRD-K55966568-001-09-6,poscon_cp,"['FGFR inhibitor', 'PDGFR tyrosine kinase receptor inhibitor', 'VEGFR inhibitor']",-3.3792453,0.85867697
BR00117024,N12,U2OS,24,fludarabine-phosphate,compound,BRD-K71106091-001-09-5,,['ribonucleotide reductase inhibitor'],-1.5844116,-0.14231937
BR00117024,N13,U2OS,24,ceritinib,compound,BRD-K22149900-001-06-2,,['ALK tyrosine kinase receptor inhibitor'],-4.3032136,2.0545764
BR00117024,N14,U2OS,24,NVS-PAK1-1,compound,BRD-K28132190-001-02-0,poscon_cp,['p21 activated kinase inhibitor'],-3.433813,1.7162822
BR00117024,N15,U2OS,24,homoharringtonine,compound,BRD-K76674262-001-03-3,,['protein synthesis inhibitor'],-0.70587134,3.6676223
BR00117024,N16,U2OS,24,picrotoxinin,compound,BRD-K36461289-001-05-8,,['GABA receptor antagonist'],-5.0599093,-1.005459
BR00117024,N17,U2OS,24,DMSO,compound,,negcon,,-4.728231,-3.0494456
BR00117024,N18,U2OS,24,danusertib,compound,BRD-K07881437-001-03-8,poscon_diverse,"['growth factor receptor inhibitor', 'Aurora kinase inhibitor']",-0.8162808,0.29595107
BR00117024,N19,U2OS,24,romidepsin,compound,BRD-K61397605-001-01-8,poscon_cp,['HDAC inhibitor'],-0.6924687,4.034918
BR00117024,N20,U2OS,24,FERb-033,compound,BRD-K61642990-001-01-0,poscon_cp,['EGFR inhibitor'],-4.5281153,-1.082343
BR00117024,N21,U2OS,24,PF-03758309,compound,BRD-K37764012-001-03-3,poscon_diverse,['p21 activated kinase inhibitor'],-1.8833213,2.5613835
BR00117024,N22,U2OS,24,DMSO,compound,,negcon,,-4.6230145,-3.202484
BR00117024,N23,U2OS,24,trometamol,compound,BRD-K47978074-001-03-2,,,-3.4737413,-0.5957116
BR00117024,N24,U2OS,24,simvastatin,compound,BRD-K22134346-001-22-3,,['HMGCR inhibitor'],-3.3363857,1.5700688
BR00117024,O01,U2OS,24,zaprinast,compound,BRD-K16542329-001-16-8,,['phosphodiesterase inhibitor'],-2.4096646,-1.1508483
BR00117024,O02,U2OS,24,dexamethasone,compound,BRD-A10188456-001-04-9,,['glucocorticoid receptor agonist'],-4.486551,0.79002947
BR00117024,O03,U2OS,24,salicylic-acid,compound,BRD-K93632104-001-17-2,,['cyclooxygenase inhibitor'],-4.136055,-1.7160077
BR00117024,O04,U2OS,24,diltiazem,compound,BRD-A69636825-003-04-7,,['calcium channel blocker'],-4.6364646,-1.3330011
BR00117024,O05,U2OS,24,phenolphthalein,compound,BRD-K19227686-001-18-6,,,-4.5429173,-1.4910004
BR00117024,O06,U2OS,24,niflumic-acid,compound,BRD-K98763141-001-30-8,,['cyclooxygenase inhibitor'],-4.603912,-1.8413805
BR00117024,O07,U2OS,24,DMSO,compound,,negcon,,-4.5253763,-2.6231866
BR00117024,O08,U2OS,24,L-Cystine,compound,BRD-A15397381-001-02-5,,,-4.4486704,-1.3270624
BR00117024,O09,U2OS,24,ozanimod,compound,BRD-K46625559-001-01-8,,['sphingosine 1 phosphate receptor agonist'],-5.067944,2.7305374
BR00117024,O10,U2OS,24,efaroxan,compound,BRD-A10739734-003-09-8,,['adrenergic receptor antagonist'],-3.7493715,-1.84344
BR00117024,O11,U2OS,24,NBQX,compound,BRD-K11796549-001-05-2,,['glutamate receptor antagonist'],-4.8113465,0.12112862
BR00117024,O12,U2OS,24,dinoprostone,compound,BRD-K26521938-001-07-2,,['prostanoid receptor agonist'],-4.4910884,-1.0216799
BR00117024,O13,U2OS,24,Ro-20-1724,compound,BRD-A07207424-001-14-0,,['phosphodiesterase inhibitor'],-4.7518644,-1.3973583
BR00117024,O14,U2OS,24,xanomeline,compound,BRD-K72815923-034-02-0,,['acetylcholine receptor agonist'],-3.9650712,-2.3094778
BR00117024,O15,U2OS,24,terazosin,compound,BRD-K01825589-310-02-9,,['adrenergic receptor antagonist'],-3.7368016,-0.64540803
BR00117024,O16,U2OS,24,BVT-948,compound,BRD-K68567222-001-01-2,,,-1.9682075,3.8041677
BR00117024,O17,U2OS,24,nicotine,compound,BRD-K01825660-322-01-9,,['acetylcholine receptor agonist'],-5.0559244,-1.0268333
BR00117024,O18,U2OS,24,DMSO,compound,,negcon,,-4.5613847,-2.2044654
BR00117024,O19,U2OS,24,U-0521,compound,BRD-K08953028-001-09-6,,,-3.6760323,-0.52562845
BR00117024,O20,U2OS,24,BMS-587101,compound,BRD-K20093108-001-02-3,,,-4.3534765,-1.5652134
BR00117024,O21,U2OS,24,nimodipine,compound,BRD-A58048407-001-20-4,,['calcium channel blocker'],-4.4886594,0.6349462
BR00117024,O22,U2OS,24,pyrrolidine-dithiocarbamate,compound,BRD-K80970344-201-08-6,,,-0.5343721,4.312694
BR00117024,O23,U2OS,24,PF-915275,compound,BRD-K18289362-001-02-2,,,-4.58887,-0.7560614
BR00117024,O24,U2OS,24,JTE-013,compound,BRD-K43330982-001-02-3,,,-3.0170174,-0.31580353
BR00117024,P01,U2OS,24,sodium-butyrate,compound,BRD-K05878375-236-05-7,,['HDAC inhibitor'],-2.4577298,-1.0019306
BR00117024,P02,U2OS,24,pentostatin,compound,BRD-K91543828-001-02-0,,['ribonucleotide reductase inhibitor'],-2.4887779,-0.9823543
BR00117024,P03,U2OS,24,OMDM-2,compound,BRD-K48830578-001-01-9,,,-2.6376495,-1.120108
BR00117024,P04,U2OS,24,nalmefene,compound,BRD-A72767275-003-01-6,,,-2.6262264,-1.2246567
BR00117024,P05,U2OS,24,DMSO,compound,,negcon,,-2.9930289,-1.9631662
BR00117024,P06,U2OS,24,1-EBIO,compound,BRD-K70586315-001-02-4,,,-2.6547394,-0.68485
BR00117024,P07,U2OS,24,SB-505124,compound,BRD-K40109029-001-02-9,,['ALK tyrosine kinase receptor inhibitor'],-2.5761077,0.60150933
BR00117024,P08,U2OS,24,prasugrel,compound,BRD-A83029242-001-06-1,,['purinergic receptor antagonist'],-2.6283028,-0.41284293
BR00117024,P09,U2OS,24,pidolic-acid,compound,BRD-K57313110-001-06-8,,,-2.7129126,-0.6736634
BR00117024,P10,U2OS,24,DMSO,compound,,negcon,,-2.9545004,-1.9333601
BR00117024,P11,U2OS,24,nevirapine,compound,BRD-K15502390-001-20-9,,,-2.6759524,-0.5265836
BR00117024,P12,U2OS,24,triamterene,compound,BRD-K92049597-001-20-8,,['sodium channel blocker'],-2.6783683,-0.10921028
BR00117024,P13,U2OS,24,regorafenib,compound,BRD-K16730910-001-07-3,,"['PDGFR tyrosine kinase receptor inhibitor', 'RAF inhibitor', 'KIT inhibitor', 'RET tyrosine kinase inhibitor', 'FGFR inhibitor', 'VEGFR inhibitor']",-2.9580665,0.8174401
BR00117024,P14,U2OS,24,cyclophosphamide,compound,BRD-A09722536-002-18-0,,,-2.7172086,-0.54551107
BR00117024,P15,U2OS,24,olanzapine,compound,BRD-K18895904-001-16-1,,"['dopamine receptor antagonist', 'serotonin receptor antagonist']",-2.6807184,-0.27360192
BR00117024,P16,U2OS,24,KI-16425,compound,BRD-A25569250-001-03-3,,['lysophosphatidic acid receptor antagonist'],-2.6078515,-0.46063665
BR00117024,P17,U2OS,24,SKLB1002,compound,BRD-K29895144-001-01-0,,['VEGFR inhibitor'],-2.4533813,0.6930961
BR00117024,P18,U2OS,24,cilostazol,compound,BRD-K67017579-001-28-1,,['phosphodiesterase inhibitor'],-2.740561,-0.51340073
BR00117024,P19,U2OS,24,AZD1283,compound,BRD-K77060810-001-01-5,,['purinergic receptor antagonist'],-2.7426558,-0.4798302
BR00117024,P20,U2OS,24,A-987306,compound,BRD-K68982262-001-01-4,,['histamine receptor antagonist'],-4.6263423,2.6391726
BR00117024,P21,U2OS,24,procaine,compound,BRD-K24616672-003-20-1,,['HMGCR inhibitor'],-2.7934747,-0.4868084
BR00117024,P22,U2OS,24,miconazole,compound,BRD-A82396632-008-30-8,,['bacterial cell wall synthesis inhibitor'],-2.791092,-0.42969105
BR00117024,P23,U2OS,24,loperamide,compound,BRD-K61250553-003-30-6,,,-2.7895515,-0.07329641
BR00117024,P24,U2OS,24,aripiprazole,compound,BRD-K70358946-001-17-3,,['serotonin receptor antagonist'],-2.7718148,-0.38755336
BR00117025,A01,U2OS,24,gabapentin-enacarbil,compound,BRD-A86665761-001-01-1,,,-2.3575535,-1.0149176
BR00117025,A02,U2OS,24,DMSO,compound,,negcon,,-3.3016605,-2.205826
BR00117025,A03,U2OS,24,amlodipine,compound,BRD-A22032524-074-09-9,,['calcium channel blocker'],-4.5375166,2.9723709
BR00117025,A04,U2OS,24,hexestrol,compound,BRD-A01078468-001-14-8,,,-3.7581146,-1.6525694
BR00117025,A05,U2OS,24,quinine,compound,BRD-K48278478-001-01-2,,,-4.79345,-1.2424065
BR00117025,A06,U2OS,24,LOXO-101,compound,BRD-K36574127-001-01-3,,,-3.4450486,-1.8617649
BR00117025,A07,U2OS,24,brinzolamide,compound,BRD-K74913225-001-14-0,,['carbonic anhydrase inhibitor'],-5.006286,0.5749895
BR00117025,A08,U2OS,24,NS-11021,compound,BRD-K94342292-001-01-3,,['calcium-activated potassium channel activator'],-3.111677,2.8913267
BR00117025,A09,U2OS,24,DMSO,compound,,negcon,,-3.9694526,-2.7289157
BR00117025,A10,U2OS,24,GNF-5837,compound,BRD-K19975102-001-01-2,,['growth factor receptor inhibitor'],-4.030008,0.8634788
BR00117025,A11,U2OS,24,apatinib,compound,BRD-K25244359-066-02-6,,['RET tyrosine kinase inhibitor'],-4.8579464,2.204835
BR00117025,A12,U2OS,24,ethoxzolamide,compound,BRD-K18131774-001-18-4,,['carbonic anhydrase inhibitor'],-2.9627333,-0.6904252
BR00117025,A13,U2OS,24,ascorbic-acid,compound,BRD-A85242401-001-11-5,,,-3.4497678,-1.2405612
BR00117025,A14,U2OS,24,ryuvidine,compound,BRD-K06426971-001-02-7,,['histone lysine methyltransferase inhibitor'],0.29244408,5.1126113
BR00117025,A15,U2OS,24,BAN-ORL-24,compound,BRD-K47049295-300-03-1,,,-0.9639376,1.8413478
BR00117025,A16,U2OS,24,NNC-55-0396,compound,BRD-K78122587-300-04-3,,,-4.8752723,2.8626087
BR00117025,A17,U2OS,24,DMSO,compound,,negcon,,-3.9185867,-2.2098958
BR00117025,A18,U2OS,24,WH-4-023,compound,BRD-K50199947-001-03-4,,['src inhibitor'],-2.2455554,1.9668119
BR00117025,A19,U2OS,24,flupirtine,compound,BRD-K50720187-051-03-1,,['glutamate receptor antagonist'],-3.14993,-0.2915861
BR00117025,A20,U2OS,24,ZK811752,compound,BRD-K91825936-001-03-9,,,-3.3481221,0.40763193
BR00117025,A21,U2OS,24,dexamethasone,compound,BRD-K38775274-001-22-1,,['glucocorticoid receptor agonist'],-3.1979601,0.1369848
BR00117025,A22,U2OS,24,PP-1,compound,BRD-K47598052-001-14-1,,['src inhibitor'],-2.6436377,1.432123
BR00117025,A23,U2OS,24,DDR1-IN-1,compound,BRD-K61845293-300-01-9,,,-4.681169,2.455214
BR00117025,A24,U2OS,24,AVL-292,compound,BRD-K87782578-001-01-4,,"[""Bruton's tyrosine kinase (BTK) inhibitor""]",-2.055021,2.3945398
BR00117025,B01,U2OS,24,H2L-5765834,compound,BRD-K26439554-001-01-3,,['lysophosphatidic acid receptor antagonist'],-3.438537,-1.6395037
BR00117025,B02,U2OS,24,thiostrepton,compound,BRD-K58049875-001-03-9,,['protein synthesis inhibitor'],-0.34020483,4.5901537
BR00117025,B03,U2OS,24,DMSO,compound,,negcon,,-5.298051,-1.9662805
BR00117025,B04,U2OS,24,arcyriaflavin-a,compound,BRD-K72726508-001-02-1,,['CDK inhibitor'],-2.746961,2.0142705
BR00117025,B05,U2OS,24,CYM-5520,compound,BRD-K29151923-001-01-5,,['sphingosine 1 phosphate receptor agonist'],-4.0104117,-1.171654
BR00117025,B06,U2OS,24,fludarabine,compound,BRD-K66788707-001-14-3,,['ribonucleotide reductase inhibitor'],-1.8225676,-0.34362596
BR00117025,B07,U2OS,24,alda-1,compound,BRD-K06890060-001-09-1,,,-4.672573,-1.7984439
BR00117025,B08,U2OS,24,meclofenamic-acid,compound,BRD-K50398167-236-22-7,,"['cyclooxygenase inhibitor', 'prostanoid receptor antagonist']",-3.7894154,-1.2573409
BR00117025,B09,U2OS,24,GNF-5,compound,BRD-K87632963-001-03-0,,['Bcr-Abl kinase inhibitor'],-3.741505,-0.47155765
BR00117025,B10,U2OS,24,NS-309,compound,BRD-K37602296-001-01-6,,['calcium-activated potassium channel activator'],-4.123769,-0.18272105
BR00117025,B11,U2OS,24,AK-7,compound,BRD-K09143580-001-01-0,,['SIRT inhibitor'],-4.20716,0.4989128
BR00117025,B12,U2OS,24,BVT-948,compound,BRD-A22713669-001-04-3,,,-1.9044627,3.8919556
BR00117025,B13,U2OS,24,SirReal-2,compound,BRD-K16472653-001-01-6,,['SIRT inhibitor'],-4.1411953,1.5909071
BR00117025,B14,U2OS,24,DMSO,compound,,negcon,,-5.24429,-2.4863997
BR00117025,B15,U2OS,24,BMS-536924,compound,BRD-K34581968-001-05-3,,['IGF-1 inhibitor'],-1.976663,2.1065438
BR00117025,B16,U2OS,24,PP-121,compound,BRD-K81801188-001-02-8,,['protein tyrosine kinase inhibitor'],-1.8201084,2.373769
BR00117025,B17,U2OS,24,MCOPPB,compound,BRD-K73276278-305-01-1,,,-5.069051,3.6882079
BR00117025,B18,U2OS,24,ozagrel,compound,BRD-K53061490-003-13-9,,,-4.4863205,-1.1282703
BR00117025,B19,U2OS,24,CYM-5442,compound,BRD-A43005764-003-01-5,,['sphingosine 1 phosphate receptor agonist'],-5.0575404,3.0137672
BR00117025,B20,U2OS,24,CVT-10216,compound,BRD-K60659193-001-01-0,,,-4.1491528,-1.6031877
BR00117025,B21,U2OS,24,TCN201,compound,BRD-K09787262-001-02-7,,['glutamate receptor antagonist'],-4.0529914,-0.25665414
BR00117025,B22,U2OS,24,fomepizole,compound,BRD-K56810756-003-07-7,,['alcohol dehydrogenase inhibitor'],-3.3853984,-1.1928608
BR00117025,B23,U2OS,24,benzamil,compound,BRD-K87158025-003-08-7,,['sodium channel blocker'],-3.9894276,1.3307246
BR00117025,B24,U2OS,24,lercanidipine,compound,BRD-A18992208-003-02-7,,['calcium channel blocker'],-3.1028197,0.67813516
BR00117025,C01,U2OS,24,4-CMTB,compound,BRD-A54139254-001-09-2,,['free fatty acid receptor agonist'],-2.898635,-1.6742331
BR00117025,C02,U2OS,24,ML-228,compound,BRD-K44432556-001-05-5,,,-3.957373,-2.0538082
BR00117025,C03,U2OS,24,DMSO,compound,,negcon,,-4.893336,-3.1471305
BR00117025,C04,U2OS,24,GSK1070916,compound,BRD-K36740062-001-06-6,,['Aurora kinase inhibitor'],-1.556615,1.8970294
BR00117025,C05,U2OS,24,ML-193,compound,BRD-K27539181-001-08-5,,,-5.0982447,-2.09499
BR00117025,C06,U2OS,24,DMSO,compound,,negcon,,-4.654038,-3.2995498
BR00117025,C07,U2OS,24,M-25,compound,BRD-K51265828-001-01-0,,['smoothened receptor antagonist'],-5.3174214,-0.9172383
BR00117025,C08,U2OS,24,azeliragon,compound,BRD-K51899933-001-02-6,,['RAGE receptor antagonist'],-4.431919,3.5073571
BR00117025,C09,U2OS,24,CYT-997,compound,BRD-K23363278-001-02-1,poscon_diverse,['tubulin polymerization inhibitor'],0.6000843,1.9368186
BR00117025,C10,U2OS,24,AR-12,compound,BRD-K90497590-001-05-9,,,0.46356833,4.9874845
BR00117025,C11,U2OS,24,CYM-50260,compound,BRD-K69877120-001-01-7,,['sphingosine 1 phosphate receptor agonist'],-4.57016,-0.7115867
BR00117025,C12,U2OS,24,DMSO,compound,,negcon,,-4.9641433,-2.2487977
BR00117025,C13,U2OS,24,KG-5,compound,BRD-K90747162-001-01-4,poscon_cp,['RAF inhibitor'],0.23090036,1.7778164
BR00117025,C14,U2OS,24,JTE-607,compound,BRD-K81405859-300-01-4,,,-1.5306108,0.48635378
BR00117025,C15,U2OS,24,DMSO,compound,,negcon,,-5.145397,-3.179394
BR00117025,C16,U2OS,24,ilomastat,compound,BRD-K51662849-001-05-4,,['matrix metalloprotease inhibitor'],-3.1012533,1.0982459
BR00117025,C17,U2OS,24,RX-821002,compound,BRD-A65597028-003-08-1,,['adrenergic receptor antagonist'],-4.882662,-1.1859713
BR00117025,C18,U2OS,24,DMSO,compound,,negcon,,-4.9940934,-3.1940234
BR00117025,C19,U2OS,24,TUG-891,compound,BRD-K24282351-001-01-4,,['free fatty acid receptor agonist'],-4.7020955,-0.16837762
BR00117025,C20,U2OS,24,ponatinib,compound,BRD-K44227013-001-08-0,,"['PDGFR tyrosine kinase receptor inhibitor', 'FLT3 inhibitor', 'Bcr-Abl kinase inhibitor']",-0.016108183,5.1096745
BR00117025,C21,U2OS,24,DMSO,compound,,negcon,,-4.760457,-3.0325181
BR00117025,C22,U2OS,24,puromycin,compound,BRD-K01824976-300-02-9,,['protein synthesis inhibitor'],-0.068550855,4.662875
BR00117025,C23,U2OS,24,SRC-kinase-inhibitor-I,compound,BRD-K50495309-001-02-0,,['src inhibitor'],-5.1787453,2.954593
BR00117025,C24,U2OS,24,acetylcysteine,compound,BRD-K59058747-001-19-1,,,-3.357803,-0.9880645
BR00117025,D01,U2OS,24,NSC-625987,compound,BRD-K62949423-001-03-1,,['CDK inhibitor'],-3.1806624,-1.6942326
BR00117025,D02,U2OS,24,dalfampridine,compound,BRD-K22482860-001-20-6,,['potassium channel blocker'],-3.8563724,-2.0846403
BR00117025,D03,U2OS,24,NSC-95397,compound,BRD-K68143200-001-11-7,,['CDC inhibitor'],-1.9434539,3.833621
BR00117025,D04,U2OS,24,alrestatin,compound,BRD-K35498378-001-06-1,,['aldose reductase inhibitor'],-3.9372385,-1.2889712
BR00117025,D05,U2OS,24,PF-03758309,compound,BRD-K37764012-001-03-3,poscon_diverse,['p21 activated kinase inhibitor'],-4.3044567,-0.11260751
BR00117025,D06,U2OS,24,IRL-2500,compound,BRD-K98357249-001-02-9,,['endothelin receptor antagonist'],-3.5484748,-1.2180842
BR00117025,D07,U2OS,24,PF-04217903,compound,BRD-K73319509-001-08-0,poscon_cp,,-4.553442,-1.0048113
BR00117025,D08,U2OS,24,FK-866,compound,BRD-K58550667-001-08-7,poscon_diverse,,-3.6617115,-0.34730163
BR00117025,D09,U2OS,24,amlexanox,compound,BRD-K29530284-001-06-2,,,-4.5864944,-1.319296
BR00117025,D10,U2OS,24,GW-311616,compound,BRD-K37864785-001-01-0,,['elastase inhibitor'],-4.144196,-1.7563515
BR00117025,D11,U2OS,24,buparlisib,compound,BRD-K42191735-001-08-7,poscon_diverse,,0.4340527,1.9846087
BR00117025,D12,U2OS,24,amiloride,compound,BRD-K97181089-003-24-7,,['sodium channel blocker'],-4.318761,-1.7897323
BR00117025,D13,U2OS,24,DG-172,compound,BRD-K75748943-300-01-3,,,-5.1737328,2.994855
BR00117025,D14,U2OS,24,DMSO,compound,,negcon,,-4.98755,-2.8964968
BR00117025,D15,U2OS,24,DMSO,compound,,negcon,,-4.391325,-2.460432
BR00117025,D16,U2OS,24,NVP-ADW742,compound,BRD-K15179513-001-04-2,poscon_cp,,-4.841558,3.5862067
BR00117025,D17,U2OS,24,misoprostol,compound,BRD-A72351335-001-04-5,,['prostanoid receptor agonist'],-3.9559703,-1.0434525
BR00117025,D18,U2OS,24,conivaptan,compound,BRD-K37385792-003-02-1,,,-5.133307,2.3404634
BR00117025,D19,U2OS,24,spiroxatrine,compound,BRD-A72483914-001-03-7,,['serotonin receptor antagonist'],-4.424312,1.1346991
BR00117025,D20,U2OS,24,diacerein,compound,BRD-K69122748-001-10-1,,,-3.5479608,-1.5036291
BR00117025,D21,U2OS,24,DMSO,compound,,negcon,,-3.8344147,-1.8730841
BR00117025,D22,U2OS,24,DMSO,compound,,negcon,,-5.1723676,-3.1110606
BR00117025,D23,U2OS,24,glyburide,compound,BRD-K36927236-001-36-7,,['ATP channel blocker'],-5.2700243,-1.9664521
BR00117025,D24,U2OS,24,ANR-94,compound,BRD-K31170746-001-01-6,,,-3.2837422,-0.69632965
BR00117025,E01,U2OS,24,TFC-007,compound,BRD-K57708067-001-01-3,,,-3.298776,-1.7328997
BR00117025,E02,U2OS,24,trihexyphenidyl,compound,BRD-A48180038-003-24-3,,['acetylcholine receptor antagonist'],-3.1365633,-1.8204185
BR00117025,E03,U2OS,24,epoprostenol,compound,BRD-K64054020-001-02-7,,,-4.7480693,-1.3884548
BR00117025,E04,U2OS,24,sacubitril,compound,BRD-K91456750-001-01-9,,,-4.0129404,-1.4746691
BR00117025,E05,U2OS,24,danusertib,compound,BRD-K07881437-001-03-8,poscon_diverse,"['growth factor receptor inhibitor', 'Aurora kinase inhibitor']",-0.91629183,0.286465
BR00117025,E06,U2OS,24,CYT-997,compound,BRD-K23363278-001-02-1,poscon_diverse,['tubulin polymerization inhibitor'],0.57194,1.9734899
BR00117025,E07,U2OS,24,DMSO,compound,,negcon,,-3.6948225,-1.6329199
BR00117025,E08,U2OS,24,BQ-788,compound,BRD-K02490038-236-03-8,,['endothelin receptor antagonist'],-4.366954,-1.8059036
BR00117025,E09,U2OS,24,SB-202190,compound,BRD-K54330070-001-19-6,poscon_orf,['p38 MAPK inhibitor'],-5.7791615,1.6992378
BR00117025,E10,U2OS,24,GSK2110183,compound,BRD-K25412176-001-01-9,poscon_diverse,,-4.19506,1.8784593
BR00117025,E11,U2OS,24,GSK3787,compound,BRD-K03155172-001-03-0,,['PPAR receptor antagonist'],-3.611068,1.493692
BR00117025,E12,U2OS,24,BAM7,compound,BRD-K07442505-001-03-6,,,-4.228674,-0.8238867
BR00117025,E13,U2OS,24,PHA-793887,compound,BRD-K64800655-001-09-0,poscon_diverse,['CDK inhibitor'],-1.7217517,2.8928847
BR00117025,E14,U2OS,24,DMSO,compound,,negcon,,-5.2969165,-2.9007251
BR00117025,E15,U2OS,24,GSK-37647,compound,BRD-K26514105-001-01-7,,['free fatty acid receptor agonist'],-4.2065578,-0.27704468
BR00117025,E16,U2OS,24,desonide,compound,BRD-K21528677-001-04-4,,['glucocorticoid receptor agonist'],-3.388759,1.9034271
BR00117025,E17,U2OS,24,DMSO,compound,,negcon,,-4.8044915,-3.0362787
BR00117025,E18,U2OS,24,aloxistatin,compound,BRD-K91188791-001-17-5,,,-5.428695,3.3518112
BR00117025,E19,U2OS,24,azathioprine,compound,BRD-K32821942-001-22-1,,,-4.670979,-0.44118363
BR00117025,E20,U2OS,24,ZK-93423,compound,BRD-K33882852-003-02-8,poscon_diverse,['benzodiazepine receptor agonist'],-4.0360484,0.55602884
BR00117025,E21,U2OS,24,BI-2536,compound,BRD-K64890080-001-02-1,poscon_diverse,,0.41150948,2.65332
BR00117025,E22,U2OS,24,EI1,compound,BRD-K91535048-001-01-2,poscon_cp,['histone lysine methyltransferase inhibitor'],-3.6866186,-1.1376846
BR00117025,E23,U2OS,24,NVP-HSP990,compound,BRD-K67915505-001-01-2,,['HSP inhibitor'],-2.2491608,2.5126019
BR00117025,E24,U2OS,24,DMSO,compound,,negcon,,-3.5810583,-1.492036
BR00117025,F01,U2OS,24,DMSO,compound,,negcon,,-3.4056668,-2.0363765
BR00117025,F02,U2OS,24,nialamide,compound,BRD-K12102668-001-25-5,,,-3.537661,-1.6851625
BR00117025,F03,U2OS,24,DMSO,compound,,negcon,,-3.5692005,-2.3850646
BR00117025,F04,U2OS,24,arundic-acid,compound,BRD-K49223707-001-01-0,,,-3.7231455,-1.7901821
BR00117025,F05,U2OS,24,torcitabine,compound,BRD-K91822704-003-07-2,,,-4.3966107,-1.2055846
BR00117025,F06,U2OS,24,DMSO,compound,,negcon,,-4.3444767,-2.72589
BR00117025,F07,U2OS,24,epothilone-b,compound,BRD-K68164687-001-01-6,,"['microtubule stabilizing agent', 'tubulin polymerization inhibitor']",-0.097152196,1.619595
BR00117025,F08,U2OS,24,dyphylline,compound,BRD-A00827783-001-24-6,,['phosphodiesterase inhibitor'],-4.472952,-2.1062734
BR00117025,F09,U2OS,24,DMSO,compound,,negcon,,-4.163294,-2.5716217
BR00117025,F10,U2OS,24,quinidine,compound,BRD-K59632282-052-03-1,,['sodium channel blocker'],-4.330148,-0.14537957
BR00117025,F11,U2OS,24,halopemide,compound,BRD-K50055394-001-03-6,,,-4.9459114,0.82226765
BR00117025,F12,U2OS,24,sulfinpyrazone,compound,BRD-A36217750-001-16-3,,,-4.477494,-1.1663775
BR00117025,F13,U2OS,24,ML-323,compound,BRD-K93942811-001-01-3,poscon_cp,['ubiquitin specific protease inhibitor'],-3.8731709,0.30657312
BR00117025,F14,U2OS,24,racecadotril,compound,BRD-A08187463-001-12-9,,,-3.751943,-1.6177875
BR00117025,F15,U2OS,24,BRL-50481,compound,BRD-K84266862-001-03-2,,['phosphodiesterase inhibitor'],-4.192043,-0.62221295
BR00117025,F16,U2OS,24,GSK2110183,compound,BRD-K25412176-001-01-9,poscon_diverse,,-4.036893,1.6911702
BR00117025,F17,U2OS,24,bufexamac,compound,BRD-K36660044-001-24-2,,['cyclooxygenase inhibitor'],-5.006065,-0.8651784
BR00117025,F18,U2OS,24,anandamide,compound,BRD-K42352790-001-05-3,,,-4.878866,-1.6786324
BR00117025,F19,U2OS,24,thioguanine,compound,BRD-K49350383-001-13-7,poscon_diverse,,-3.249488,1.7578795
BR00117025,F20,U2OS,24,IWP-L6,compound,BRD-K53234107-001-01-6,,['porcupine inhibitor'],-4.954367,2.0776615
BR00117025,F21,U2OS,24,edoxaban,compound,BRD-K29322660-001-01-9,,['coagulation factor inhibitor'],-4.0691648,-0.31527552
BR00117025,F22,U2OS,24,lonafarnib,compound,BRD-K41599323-001-02-3,poscon_diverse,,-3.4211783,2.2918084
BR00117025,F23,U2OS,24,ibutamoren,compound,BRD-K44771174-066-01-0,,,-4.54577,0.5158988
BR00117025,F24,U2OS,24,somatostatin,compound,BRD-K14681867-001-01-6,,['somatostatin receptor agonist'],-3.5050066,-1.2624336
BR00117025,G01,U2OS,24,L-proline,compound,BRD-K01666412-001-02-0,,,-3.2050412,-1.3658774
BR00117025,G02,U2OS,24,zamifenacin,compound,BRD-K80451230-051-02-6,,['acetylcholine receptor antagonist'],-5.0591955,-1.7020323
BR00117025,G03,U2OS,24,YC-1,compound,BRD-K60476892-001-16-1,,,-1.5361574,2.6847432
BR00117025,G04,U2OS,24,DMSO,compound,,negcon,,-4.956196,-2.963961
BR00117025,G05,U2OS,24,ME-0328,compound,BRD-K24283677-001-01-9,,['PPAR receptor antagonist'],-3.942618,-1.1161089
BR00117025,G06,U2OS,24,NSC-663284,compound,BRD-K03109492-001-02-2,,['CDC inhibitor'],0.3557591,5.1891456
BR00117025,G07,U2OS,24,CYM-50358,compound,BRD-K80666802-003-01-0,,,-5.0552783,2.8670065
BR00117025,G08,U2OS,24,trazodone,compound,BRD-K70778732-003-27-5,,"['adrenergic receptor antagonist', 'serotonin receptor antagonist']",-3.9471843,-1.6278956
BR00117025,G09,U2OS,24,DMSO,compound,,negcon,,-4.8521094,-3.137792
BR00117025,G10,U2OS,24,DMSO,compound,,negcon,,-4.800247,-3.0186875
BR00117025,G11,U2OS,24,sulfasalazine,compound,BRD-K10670311-001-17-1,,['cyclooxygenase inhibitor'],-3.6279614,-0.99361664
BR00117025,G12,U2OS,24,"2,5-furandimethanol",compound,BRD-K29791386-001-01-8,,,-4.5480175,-1.9191949
BR00117025,G13,U2OS,24,DMSO,compound,,negcon,,-4.9579988,-2.6217227
BR00117025,G14,U2OS,24,dilazep,compound,BRD-K48722258-300-11-0,,,-5.1760774,0.016785184
BR00117025,G15,U2OS,24,felodipine,compound,BRD-A30815329-001-12-1,,['calcium channel blocker'],-4.2852,-0.6607017
BR00117025,G16,U2OS,24,paliperidone,compound,BRD-A99888680-001-05-3,,"['dopamine receptor antagonist', 'serotonin receptor antagonist']",-4.5916405,-0.05488146
BR00117025,G17,U2OS,24,purvalanol-a,compound,BRD-K50836978-001-03-3,poscon_orf,['CDK inhibitor'],-2.341565,1.1573528
BR00117025,G18,U2OS,24,DMSO,compound,,negcon,,-6.0346546,-2.165382
BR00117025,G19,U2OS,24,Ro-1138452,compound,BRD-K77220725-003-01-5,,['prostanoid receptor antagonist'],-5.355973,-0.014235465
BR00117025,G20,U2OS,24,sorbinil,compound,BRD-A89164055-001-03-3,,['aldose reductase inhibitor'],-3.9108841,-0.6813323
BR00117025,G21,U2OS,24,TC-S-7004,compound,BRD-K89517477-001-01-4,poscon_cp,['DYRK inhibitor'],-3.3633387,1.5343707
BR00117025,G22,U2OS,24,saclofen,compound,BRD-A24122750-001-03-7,,['GABA receptor antagonist'],-3.7032452,-1.2362871
BR00117025,G23,U2OS,24,BAY-87-2243,compound,BRD-K70463136-001-01-5,,,-3.946332,0.6166781
BR00117025,G24,U2OS,24,ibudilast,compound,BRD-K16444452-001-09-1,,['phosphodiesterase inhibitor'],-3.542423,-0.80061
BR00117025,H01,U2OS,24,briciclib,compound,BRD-K05531427-001-01-7,,,0.6426253,1.8880551
BR00117025,H02,U2OS,24,2-Oleoylglycerol,compound,BRD-K77087341-001-02-4,,,-4.0781455,-1.3638713
BR00117025,H03,U2OS,24,RGFP966,compound,BRD-K61688984-001-02-9,poscon_cp,['HDAC inhibitor'],-3.1683123,1.3292116
BR00117025,H04,U2OS,24,DMSO,compound,,negcon,,-4.0080667,-2.4246876
BR00117025,H05,U2OS,24,azacitidine,compound,BRD-K03406345-001-21-1,poscon_diverse,,-3.3426857,1.598487
BR00117025,H06,U2OS,24,N6-cyclopentyladenosine,compound,BRD-K60150510-001-15-6,,,-4.0671873,-1.1080583
BR00117025,H07,U2OS,24,filgotinib,compound,BRD-K16803204-001-01-6,poscon_cp,['JAK inhibitor'],-5.138761,1.1031036
BR00117025,H08,U2OS,24,guanidine,compound,BRD-K76037122-001-02-5,,['HSP inhibitor'],-4.3996644,-1.5053
BR00117025,H09,U2OS,24,coumarin,compound,BRD-K23913458-001-20-7,,,-4.193578,-1.3214705
BR00117025,H10,U2OS,24,DMSO,compound,,negcon,,-4.4527144,-2.7185557
BR00117025,H11,U2OS,24,ZM-336372,compound,BRD-K73789395-001-09-9,poscon_orf,['RAF inhibitor'],-4.9660497,-1.9587862
BR00117025,H12,U2OS,24,citric-acid,compound,BRD-K76792669-001-08-1,,['coagulation factor inhibitor'],-4.9986124,-2.080775
BR00117025,H13,U2OS,24,DMSO,compound,,negcon,,-5.1235976,-2.1638057
BR00117025,H14,U2OS,24,CCG-63802,compound,BRD-K26970495-001-02-7,,['G protein signaling inhibitor'],-4.161285,-0.69815075
BR00117025,H15,U2OS,24,ibutilide,compound,BRD-A74391928-051-03-9,,['potassium channel blocker'],-4.035395,-1.101004
BR00117025,H16,U2OS,24,batimastat,compound,BRD-K82818427-001-04-8,,['matrix metalloprotease inhibitor'],-3.0677063,1.0196022
BR00117025,H17,U2OS,24,DMSO,compound,,negcon,,-4.981685,-3.0184765
BR00117025,H18,U2OS,24,DMSO,compound,,negcon,,-4.890244,-2.2870147
BR00117025,H19,U2OS,24,UNC1999,compound,BRD-K26989966-001-04-3,poscon_cp,['histone lysine methyltransferase inhibitor'],-1.2179549,4.450852
BR00117025,H20,U2OS,24,glutamine-(l),compound,BRD-K83896451-001-06-7,,,-4.1653323,-0.68621284
BR00117025,H21,U2OS,24,PD-98059,compound,BRD-K62810658-001-11-4,poscon_orf,,-4.456055,-0.8288544
BR00117025,H22,U2OS,24,enilconazole,compound,BRD-K01825690-065-01-9,,,-3.8952606,-1.3861395
BR00117025,H23,U2OS,24,N-alpha-Methylhistamine-dihydrochloride,compound,BRD-K75390981-300-04-9,,['histamine receptor agonist'],-5.166918,-2.0930417
BR00117025,H24,U2OS,24,GK921,compound,BRD-K38272302-001-02-7,,,-2.2818584,3.178785
BR00117025,I01,U2OS,24,nilvadipine,compound,BRD-A84687895-001-03-2,,['calcium channel blocker'],-4.1267734,0.72339916
BR00117025,I02,U2OS,24,DMSO,compound,,negcon,,-4.371113,-2.296843
BR00117025,I03,U2OS,24,AC-710,compound,BRD-K15819326-001-01-6,,['PDGFR tyrosine kinase receptor inhibitor'],-4.684631,3.3483121
BR00117025,I04,U2OS,24,PETCM,compound,BRD-A93477898-001-04-2,,,-4.0310082,-1.9452765
BR00117025,I05,U2OS,24,AZD7762,compound,BRD-K86525559-001-07-8,poscon_diverse,['CHK inhibitor'],0.07248199,5.093087
BR00117025,I06,U2OS,24,PHA-793887,compound,BRD-K64800655-001-09-0,poscon_diverse,['CDK inhibitor'],-1.6817297,2.8616338
BR00117025,I07,U2OS,24,KU-60019,compound,BRD-K36016295-001-05-2,,['ATM kinase inhibitor'],-3.295948,3.1154366
BR00117025,I08,U2OS,24,nafamostat,compound,BRD-K06674495-334-04-0,,,-3.6993608,0.93999183
BR00117025,I09,U2OS,24,DMSO,compound,,negcon,,-4.7244363,-2.4685307
BR00117025,I10,U2OS,24,DMSO,compound,,negcon,,-4.5295367,-3.1047595
BR00117025,I11,U2OS,24,taladegib,compound,BRD-K50498985-001-03-3,,['smoothened receptor antagonist'],-4.51955,-0.50327903
BR00117025,I12,U2OS,24,acetohexamide,compound,BRD-K52960356-001-13-0,,['ATP channel blocker'],-3.2840037,0.50579804
BR00117025,I13,U2OS,24,minocycline,compound,BRD-A69651145-003-11-4,,,-3.481071,1.3652166
BR00117025,I14,U2OS,24,BI-2536,compound,BRD-K64890080-001-02-1,poscon_diverse,,0.34788257,2.5674167
BR00117025,I15,U2OS,24,riociguat,compound,BRD-K84783599-001-01-0,,,-4.7510886,-1.9163154
BR00117025,I16,U2OS,24,CP-724714,compound,BRD-K76908866-001-07-6,poscon_cp,"['EGFR inhibitor', 'protein tyrosine kinase inhibitor']",-4.118265,0.37984493
BR00117025,I17,U2OS,24,ganetespib,compound,BRD-K38852836-001-04-9,poscon_diverse,['HSP inhibitor'],-2.3733413,2.6610544
BR00117025,I18,U2OS,24,AZ191,compound,BRD-K80935598-001-01-1,poscon_cp,['DYRK inhibitor'],-5.1053243,3.8064795
BR00117025,I19,U2OS,24,BAX-channel-blocker,compound,BRD-A18763547-300-06-3,,,-4.4146433,3.4217398
BR00117025,I20,U2OS,24,SU3327,compound,BRD-K32730239-001-01-0,,['JNK inhibitor'],0.18852909,5.0212374
BR00117025,I21,U2OS,24,DMSO,compound,,negcon,,-4.9535193,-2.5033872
BR00117025,I22,U2OS,24,DMSO,compound,,negcon,,-5.2057447,-2.9455252
BR00117025,I23,U2OS,24,octreotide,compound,BRD-A64173453-015-03-1,,['somatostatin receptor agonist'],-1.7980034,0.032843247
BR00117025,I24,U2OS,24,1-octanol,compound,BRD-K09338665-001-08-9,,,-3.796229,-0.8693942
BR00117025,J01,U2OS,24,acalabrutinib,compound,BRD-K64034691-001-01-9,,"[""Bruton's tyrosine kinase (BTK) inhibitor""]",-3.4054472,-1.6818483
BR00117025,J02,U2OS,24,rifamycin,compound,BRD-K38512030-001-01-7,,,-5.3680105,0.6846173
BR00117025,J03,U2OS,24,pazopanib,compound,BRD-K74514084-003-09-2,,"['KIT inhibitor', 'VEGFR inhibitor', 'PDGFR tyrosine kinase receptor inhibitor']",-3.7183802,1.9175577
BR00117025,J04,U2OS,24,RKI-1447,compound,BRD-K19333160-001-01-3,poscon_cp,,-5.323866,1.6953093
BR00117025,J05,U2OS,24,vitamin-E,compound,BRD-K97091514-001-11-4,,['PKC inhibitor'],-4.9551816,-1.2785728
BR00117025,J06,U2OS,24,lonafarnib,compound,BRD-K41599323-001-02-3,poscon_diverse,,-3.3585925,2.297914
BR00117025,J07,U2OS,24,ethyl-pyruvate,compound,BRD-K47738867-001-01-5,,,-4.6495194,-1.267439
BR00117025,J08,U2OS,24,picrotin,compound,BRD-A91822151-001-05-0,,['GABA receptor antagonist'],-4.322796,-1.8554338
BR00117025,J09,U2OS,24,SGX523,compound,BRD-K19477839-001-07-6,poscon_cp,,-3.3352628,-0.33152437
BR00117025,J10,U2OS,24,PP-2,compound,BRD-K95785537-001-22-3,,['src inhibitor'],-2.6199152,1.5845635
BR00117025,J11,U2OS,24,ME-0328,compound,BRD-A63444178-001-01-5,,['PPAR receptor antagonist'],-4.6342835,-1.3354279
BR00117025,J12,U2OS,24,AZD9668,compound,BRD-K31476763-001-01-5,,['elastase inhibitor'],-4.6895113,-1.9352024
BR00117025,J13,U2OS,24,NQDI-1,compound,BRD-K61918008-001-07-1,,,-4.005182,1.2691847
BR00117025,J14,U2OS,24,DMSO,compound,,negcon,,-4.797781,-2.267263
BR00117025,J15,U2OS,24,carzenide,compound,BRD-K09295674-001-09-8,,,-3.9179602,-0.2929342
BR00117025,J16,U2OS,24,KU-55933,compound,BRD-K25311561-001-10-7,,['ATM kinase inhibitor'],-3.679504,2.886347
BR00117025,J17,U2OS,24,NVP-AEW541,compound,BRD-K24696047-001-02-3,poscon_cp,['IGF-1 inhibitor'],-4.80791,2.9651031
BR00117025,J18,U2OS,24,leflunomide,compound,BRD-K78692225-001-24-5,,['PDGFR tyrosine kinase receptor inhibitor'],-4.0834985,0.00396241
BR00117025,J19,U2OS,24,DMSO,compound,,negcon,,-4.3696237,-2.1050198
BR00117025,J20,U2OS,24,azacitidine,compound,BRD-K03406345-001-21-1,poscon_diverse,,-3.351904,1.4789433
BR00117025,J21,U2OS,24,ixabepilone,compound,BRD-K03601870-001-01-2,,['microtubule stabilizing agent'],0.14885785,1.8336776
BR00117025,J22,U2OS,24,KH-CB19,compound,BRD-K66430217-001-03-8,poscon_cp,['CDC inhibitor'],-4.4111524,-2.0264282
BR00117025,J23,U2OS,24,DMSO,compound,,negcon,,-5.059217,-3.0145414
BR00117025,J24,U2OS,24,PF-05190457,compound,BRD-K02554563-001-01-6,,,-3.1538413,-0.31378394
BR00117025,K01,U2OS,24,LDN-212854,compound,BRD-K59831625-001-03-9,,,0.18129544,4.8326535
BR00117025,K02,U2OS,24,formononetin,compound,BRD-K55567017-001-12-3,,['alcohol dehydrogenase inhibitor'],-5.21395,0.48137626
BR00117025,K03,U2OS,24,aminopurvalanol-a,compound,BRD-K07762753-001-05-1,poscon_orf,['CDK inhibitor'],-2.3172376,1.4024767
BR00117025,K04,U2OS,24,ruxolitinib,compound,BRD-K53972329-001-01-3,poscon_cp,['JAK inhibitor'],-5.5004883,1.5826087
BR00117025,K05,U2OS,24,DMSO,compound,,negcon,,-4.804412,-3.2102664
BR00117025,K06,U2OS,24,DMSO,compound,,negcon,,-5.293922,-2.5639606
BR00117025,K07,U2OS,24,LGK-974,compound,BRD-K16810791-001-01-0,,['porcupine inhibitor'],-4.005842,-0.7113415
BR00117025,K08,U2OS,24,polydatin,compound,BRD-K43236057-001-07-1,,['ICAM1 expression inhibitor'],-0.6715492,1.3627584
BR00117025,K09,U2OS,24,enflurane,compound,BRD-A51831848-001-01-7,,,-4.4849024,-1.9689988
BR00117025,K10,U2OS,24,PFI-1,compound,BRD-K13094524-001-04-2,poscon_cp,,-5.199382,-2.1246114
BR00117025,K11,U2OS,24,AZD7762,compound,BRD-K86525559-001-07-8,poscon_diverse,['CHK inhibitor'],-0.024489397,5.1630116
BR00117025,K12,U2OS,24,sotrastaurin,compound,BRD-K16761703-001-03-8,,['PKC inhibitor'],-5.7808714,1.3420302
BR00117025,K13,U2OS,24,DMSO,compound,,negcon,,-5.167443,-2.6136243
BR00117025,K14,U2OS,24,cycloheximide,compound,BRD-K36055864-001-20-0,,['protein synthesis inhibitor'],-1.8260604,2.3954084
BR00117025,K15,U2OS,24,oxytocin,compound,BRD-K25243230-001-01-2,,,-4.411343,-0.22123814
BR00117025,K16,U2OS,24,DMSO,compound,,negcon,,-5.094969,-2.852432
BR00117025,K17,U2OS,24,colchicine,compound,BRD-K00259736-001-16-4,,,0.5706727,1.8770223
BR00117025,K18,U2OS,24,afimoxifene,compound,BRD-K04210847-001-21-9,,,-5.1282477,1.7915145
BR00117025,K19,U2OS,24,DMSO,compound,,negcon,,-4.0508866,-2.7956314
BR00117025,K20,U2OS,24,ZK-93423,compound,BRD-K33882852-003-02-8,poscon_diverse,['benzodiazepine receptor agonist'],-4.0926876,0.76438147
BR00117025,K21,U2OS,24,RGB-286638,compound,BRD-K20986415-001-02-6,,['CDK inhibitor'],-2.2354972,3.2742233
BR00117025,K22,U2OS,24,FPS-ZM1,compound,BRD-K87691185-001-01-2,,['RAGE receptor antagonist'],-4.2950325,-1.4893373
BR00117025,K23,U2OS,24,flindokalner,compound,BRD-K56740996-001-02-1,,,-3.767216,-0.83886415
BR00117025,K24,U2OS,24,motesanib,compound,BRD-K99616396-316-05-3,,"['KIT inhibitor', 'VEGFR inhibitor', 'PDGFR tyrosine kinase receptor inhibitor']",-4.3820806,1.5561175
BR00117025,L01,U2OS,24,geldanamycin,compound,BRD-K43570081-001-02-4,,['HSP inhibitor'],-2.3085332,2.5866928
BR00117025,L02,U2OS,24,DMSO,compound,,negcon,,-3.767737,-2.272469
BR00117025,L03,U2OS,24,CGP-53353,compound,BRD-K32292990-001-03-6,,"['PKC inhibitor', 'EGFR inhibitor']",-4.439873,0.29190478
BR00117025,L04,U2OS,24,7-hydroxystaurosporine,compound,BRD-K45293975-001-02-0,,"['CDK inhibitor', 'PKC inhibitor', 'CHK inhibitor']",-0.35466647,4.607497
BR00117025,L05,U2OS,24,DMSO,compound,,negcon,,-4.588715,-1.2432976
BR00117025,L06,U2OS,24,DMSO,compound,,negcon,,-4.5791235,-2.6457574
BR00117025,L07,U2OS,24,efaproxiral,compound,BRD-K37355418-236-01-6,,,-4.477687,-0.88556504
BR00117025,L08,U2OS,24,SB-203580,compound,BRD-A37704979-001-12-3,poscon_orf,['p38 MAPK inhibitor'],-5.856416,1.8332437
BR00117025,L09,U2OS,24,FK-866,compound,BRD-K58550667-001-08-7,poscon_diverse,,-3.5332336,-0.36698222
BR00117025,L10,U2OS,24,bepridil,compound,BRD-A91008255-003-24-8,,['calcium channel blocker'],-4.0335937,1.6497686
BR00117025,L11,U2OS,24,delanzomib,compound,BRD-K59325863-001-04-4,,,-0.18297435,4.783174
BR00117025,L12,U2OS,24,buparlisib,compound,BRD-K42191735-001-08-7,poscon_diverse,,0.3361228,1.9808539
BR00117025,L13,U2OS,24,phenylbutazone,compound,BRD-K10843433-001-23-5,,"['cyclooxygenase inhibitor', 'prostanoid receptor antagonist']",-4.093963,-1.0280923
BR00117025,L14,U2OS,24,deferasirox,compound,BRD-K97010173-001-04-1,,,-2.2212126,-0.5384765
BR00117025,L15,U2OS,24,DMSO,compound,,negcon,,-4.1683655,-2.5724986
BR00117025,L16,U2OS,24,cediranib,compound,BRD-K86930074-001-05-0,,"['KIT inhibitor', 'VEGFR inhibitor']",-5.2449546,3.1893706
BR00117025,L17,U2OS,24,isoflurane,compound,BRD-A31564021-001-02-6,,,-4.1478553,-1.3030716
BR00117025,L18,U2OS,24,DMSO,compound,,negcon,,-4.8078837,-3.0115688
BR00117025,L19,U2OS,24,CCG-50014,compound,BRD-K08893438-001-06-4,,['G protein signaling inhibitor'],-3.4867916,-0.52069217
BR00117025,L20,U2OS,24,PF-431396,compound,BRD-K93788137-001-04-1,,,-0.77931917,0.51837134
BR00117025,L21,U2OS,24,TG-02,compound,BRD-K14560436-001-01-4,,"['CDK inhibitor', 'FLT3 inhibitor', 'JAK inhibitor']",-1.6709023,2.9161947
BR00117025,L22,U2OS,24,baclofen,compound,BRD-K01826724-003-07-9,,['benzodiazepine receptor agonist'],-4.358104,-0.65890235
BR00117025,L23,U2OS,24,thiostrepton,compound,BRD-A20697603-001-07-2,,['protein synthesis inhibitor'],-2.3941145,1.5383717
BR00117025,L24,U2OS,24,flufenamic-acid,compound,BRD-K44067360-001-29-5,,,-3.1684105,-0.57374346
BR00117025,M01,U2OS,24,DMSO,compound,,negcon,,-3.437592,-2.1170983
BR00117025,M02,U2OS,24,LY2109761,compound,BRD-K47557313-001-02-7,,,-5.920654,1.7135586
BR00117025,M03,U2OS,24,olopatadine,compound,BRD-K67637637-003-11-8,,['histamine receptor antagonist'],-4.255413,-1.3771276
BR00117025,M04,U2OS,24,DMSO,compound,,negcon,,-4.7682667,-3.3255231
BR00117025,M05,U2OS,24,castanospermine,compound,BRD-K20897876-001-11-8,,['glucosidase inhibitor'],-4.5092,-1.5481977
BR00117025,M06,U2OS,24,A205804,compound,BRD-K77627880-001-04-0,,['ICAM1 expression inhibitor'],-2.1032329,-0.27309898
BR00117025,M07,U2OS,24,VU591,compound,BRD-K72063794-003-01-0,,['potassium channel blocker'],-4.6729927,-1.3436887
BR00117025,M08,U2OS,24,dalbavancin,compound,BRD-K30177383-001-01-0,,['bacterial cell wall synthesis inhibitor'],-5.1043706,-1.411583
BR00117025,M09,U2OS,24,CC-401,compound,BRD-K45746021-003-01-9,,['JNK inhibitor'],-5.5531697,0.9322337
BR00117025,M10,U2OS,24,ganetespib,compound,BRD-K38852836-001-04-9,poscon_diverse,['HSP inhibitor'],-2.4215825,2.602001
BR00117025,M11,U2OS,24,ingenol-mebutate,compound,BRD-K93779381-001-01-9,,,-4.8403187,1.5744975
BR00117025,M12,U2OS,24,menadione,compound,BRD-K78126613-001-27-7,,,-2.5673273,0.85044396
BR00117025,M13,U2OS,24,cetilistat,compound,BRD-K94863486-001-02-2,,,-4.627974,-1.5639277
BR00117025,M14,U2OS,24,methoxsalen,compound,BRD-K63430059-001-16-4,,['DNA synthesis inhibitor'],-5.2409506,-1.423729
BR00117025,M15,U2OS,24,cyclosporine,compound,BRD-K13533483-001-16-2,,,-2.9534981,2.5668108
BR00117025,M16,U2OS,24,NSC-632839,compound,BRD-K81197548-003-01-4,poscon_cp,['ubiquitin specific protease inhibitor'],-0.33963072,4.742455
BR00117025,M17,U2OS,24,DMSO,compound,,negcon,,-5.006166,-3.0703032
BR00117025,M18,U2OS,24,TG-003,compound,BRD-K97072811-001-11-4,poscon_cp,,-5.095217,-1.2655301
BR00117025,M19,U2OS,24,oxibendazole,compound,BRD-K52075715-001-06-7,,['tubulin polymerization inhibitor'],0.45790476,1.8332176
BR00117025,M20,U2OS,24,TG-101348,compound,BRD-K12502280-001-11-4,poscon_cp,"['JAK inhibitor', 'FLT3 inhibitor']",-1.5516058,4.3567867
BR00117025,M21,U2OS,24,miglitol,compound,BRD-A63310107-001-04-8,,['glucosidase inhibitor'],-4.8200545,-1.7246324
BR00117025,M22,U2OS,24,DMSO,compound,,negcon,,-4.923149,-2.639292
BR00117025,M23,U2OS,24,DMSO,compound,,negcon,,-5.0267396,-2.946966
BR00117025,M24,U2OS,24,tranilast,compound,BRD-K17849083-001-32-9,,,-3.1857572,-0.12517539
BR00117025,N01,U2OS,24,4-methylhistamine,compound,BRD-K70821460-300-02-4,,['histamine receptor agonist'],-2.6972983,-1.2337531
BR00117025,N02,U2OS,24,LDN-27219,compound,BRD-K51485109-001-01-4,,,-3.3644242,-1.8418441
BR00117025,N03,U2OS,24,anisomycin,compound,BRD-K91370081-001-25-1,,['DNA synthesis inhibitor'],-0.62349397,3.7594326
BR00117025,N04,U2OS,24,thioguanine,compound,BRD-K49350383-001-13-7,poscon_diverse,,-3.1046963,1.7340646
BR00117025,N05,U2OS,24,droxinostat,compound,BRD-K11558771-001-13-9,,['HDAC inhibitor'],-4.9005413,-1.0398647
BR00117025,N06,U2OS,24,UNC2025,compound,BRD-K91283740-003-01-6,poscon_cp,['FLT3 inhibitor'],-1.6503155,2.1975951
BR00117025,N07,U2OS,24,DMSO,compound,,negcon,,-3.9615953,-2.707265
BR00117025,N08,U2OS,24,DMSO,compound,,negcon,,-5.2784324,-2.5276704
BR00117025,N09,U2OS,24,AMG900,compound,BRD-K21728777-001-02-3,poscon_cp,['Aurora kinase inhibitor'],-0.78507596,0.33946458
BR00117025,N10,U2OS,24,PF-06463922,compound,BRD-A23124853-001-01-4,,['ALK tyrosine kinase receptor inhibitor'],-4.4826746,1.6868433
BR00117025,N11,U2OS,24,orantinib,compound,BRD-K55966568-001-09-6,poscon_cp,"['FGFR inhibitor', 'PDGFR tyrosine kinase receptor inhibitor', 'VEGFR inhibitor']",-5.8400135,-1.431441
BR00117025,N12,U2OS,24,fludarabine-phosphate,compound,BRD-K71106091-001-09-5,,['ribonucleotide reductase inhibitor'],-1.6918089,-0.29237047
BR00117025,N13,U2OS,24,ceritinib,compound,BRD-K22149900-001-06-2,,['ALK tyrosine kinase receptor inhibitor'],-4.4229116,2.2591927
BR00117025,N14,U2OS,24,NVS-PAK1-1,compound,BRD-K28132190-001-02-0,poscon_cp,['p21 activated kinase inhibitor'],-3.5569322,1.7684658
BR00117025,N15,U2OS,24,homoharringtonine,compound,BRD-K76674262-001-03-3,,['protein synthesis inhibitor'],-0.7686561,3.5876245
BR00117025,N16,U2OS,24,picrotoxinin,compound,BRD-K36461289-001-05-8,,['GABA receptor antagonist'],-4.112789,-1.4523133
BR00117025,N17,U2OS,24,DMSO,compound,,negcon,,-4.1955886,-2.8745759
BR00117025,N18,U2OS,24,danusertib,compound,BRD-K07881437-001-03-8,poscon_diverse,"['growth factor receptor inhibitor', 'Aurora kinase inhibitor']",-0.9103362,0.34434095
BR00117025,N19,U2OS,24,romidepsin,compound,BRD-K61397605-001-01-8,poscon_cp,['HDAC inhibitor'],-0.85613805,3.8991446
BR00117025,N20,U2OS,24,FERb-033,compound,BRD-K61642990-001-01-0,poscon_cp,['EGFR inhibitor'],-3.893536,0.03832296
BR00117025,N21,U2OS,24,PF-03758309,compound,BRD-K37764012-001-03-3,poscon_diverse,['p21 activated kinase inhibitor'],-1.8316137,2.62151
BR00117025,N22,U2OS,24,DMSO,compound,,negcon,,-5.3442545,-2.7199767
BR00117025,N23,U2OS,24,trometamol,compound,BRD-K47978074-001-03-2,,,-4.561346,-1.7221663
BR00117025,N24,U2OS,24,simvastatin,compound,BRD-K22134346-001-22-3,,['HMGCR inhibitor'],-3.583423,1.840274
BR00117025,O01,U2OS,24,zaprinast,compound,BRD-K16542329-001-16-8,,['phosphodiesterase inhibitor'],-2.4666755,-1.3101643
BR00117025,O02,U2OS,24,dexamethasone,compound,BRD-A10188456-001-04-9,,['glucocorticoid receptor agonist'],-4.3154325,1.1474446
BR00117025,O03,U2OS,24,salicylic-acid,compound,BRD-K93632104-001-17-2,,['cyclooxygenase inhibitor'],-4.2428575,-1.7364948
BR00117025,O04,U2OS,24,diltiazem,compound,BRD-A69636825-003-04-7,,['calcium channel blocker'],-4.5805917,-1.5069147
BR00117025,O05,U2OS,24,phenolphthalein,compound,BRD-K19227686-001-18-6,,,-5.0417495,-1.4285265
BR00117025,O06,U2OS,24,niflumic-acid,compound,BRD-K98763141-001-30-8,,['cyclooxygenase inhibitor'],-4.7347116,-1.7556765
BR00117025,O07,U2OS,24,DMSO,compound,,negcon,,-4.3932314,-2.2702422
BR00117025,O08,U2OS,24,L-Cystine,compound,BRD-A15397381-001-02-5,,,-4.341567,-1.4484015
BR00117025,O09,U2OS,24,ozanimod,compound,BRD-K46625559-001-01-8,,['sphingosine 1 phosphate receptor agonist'],-4.8364487,2.6252463
BR00117025,O10,U2OS,24,efaroxan,compound,BRD-A10739734-003-09-8,,['adrenergic receptor antagonist'],-3.8122258,-1.619006
BR00117025,O11,U2OS,24,NBQX,compound,BRD-K11796549-001-05-2,,['glutamate receptor antagonist'],-4.4483376,-0.9483983
BR00117025,O12,U2OS,24,dinoprostone,compound,BRD-K26521938-001-07-2,,['prostanoid receptor agonist'],-3.9543083,0.6202078
BR00117025,O13,U2OS,24,Ro-20-1724,compound,BRD-A07207424-001-14-0,,['phosphodiesterase inhibitor'],-3.6972122,-1.6674565
BR00117025,O14,U2OS,24,xanomeline,compound,BRD-K72815923-034-02-0,,['acetylcholine receptor agonist'],-4.529163,-2.2071517
BR00117025,O15,U2OS,24,terazosin,compound,BRD-K01825589-310-02-9,,['adrenergic receptor antagonist'],-4.201152,-0.9433372
BR00117025,O16,U2OS,24,BVT-948,compound,BRD-K68567222-001-01-2,,,-2.0407233,3.735136
BR00117025,O17,U2OS,24,nicotine,compound,BRD-K01825660-322-01-9,,['acetylcholine receptor agonist'],-4.239014,-1.3451952
BR00117025,O18,U2OS,24,DMSO,compound,,negcon,,-5.423509,-2.6163785
BR00117025,O19,U2OS,24,U-0521,compound,BRD-K08953028-001-09-6,,,-4.6141887,-1.4534141
BR00117025,O20,U2OS,24,BMS-587101,compound,BRD-K20093108-001-02-3,,,-4.14079,-0.6485895
BR00117025,O21,U2OS,24,nimodipine,compound,BRD-A58048407-001-20-4,,['calcium channel blocker'],-4.9057517,0.20936263
BR00117025,O22,U2OS,24,pyrrolidine-dithiocarbamate,compound,BRD-K80970344-201-08-6,,,-0.5689151,4.2839427
BR00117025,O23,U2OS,24,PF-915275,compound,BRD-K18289362-001-02-2,,,-1.8223984,0.34822974
BR00117025,O24,U2OS,24,JTE-013,compound,BRD-K43330982-001-02-3,,,-2.9904144,-0.16048907
BR00117025,P01,U2OS,24,sodium-butyrate,compound,BRD-K05878375-236-05-7,,['HDAC inhibitor'],-2.355814,-1.0711217
BR00117025,P02,U2OS,24,pentostatin,compound,BRD-K91543828-001-02-0,,['ribonucleotide reductase inhibitor'],-2.4674876,-1.2029622
BR00117025,P03,U2OS,24,OMDM-2,compound,BRD-K48830578-001-01-9,,,-2.7856634,-1.19586
BR00117025,P04,U2OS,24,nalmefene,compound,BRD-A72767275-003-01-6,,,-2.755455,-1.585079
BR00117025,P05,U2OS,24,DMSO,compound,,negcon,,-2.745865,-1.5681952
BR00117025,P06,U2OS,24,1-EBIO,compound,BRD-K70586315-001-02-4,,,-2.9341419,-1.5258698
BR00117025,P07,U2OS,24,SB-505124,compound,BRD-K40109029-001-02-9,,['ALK tyrosine kinase receptor inhibitor'],-2.5519886,0.68330127
BR00117025,P08,U2OS,24,prasugrel,compound,BRD-A83029242-001-06-1,,['purinergic receptor antagonist'],-2.9037905,-0.2408322
BR00117025,P09,U2OS,24,pidolic-acid,compound,BRD-K57313110-001-06-8,,,-2.9303975,-1.3647183
BR00117025,P10,U2OS,24,DMSO,compound,,negcon,,-2.8561957,-1.7234244
BR00117025,P11,U2OS,24,nevirapine,compound,BRD-K15502390-001-20-9,,,-3.0894094,-1.5974776
BR00117025,P12,U2OS,24,triamterene,compound,BRD-K92049597-001-20-8,,['sodium channel blocker'],-2.5544803,0.10702935
BR00117025,P13,U2OS,24,regorafenib,compound,BRD-K16730910-001-07-3,,"['PDGFR tyrosine kinase receptor inhibitor', 'RAF inhibitor', 'KIT inhibitor', 'RET tyrosine kinase inhibitor', 'FGFR inhibitor', 'VEGFR inhibitor']",-3.5466242,1.287333
BR00117025,P14,U2OS,24,cyclophosphamide,compound,BRD-A09722536-002-18-0,,,-3.343031,-0.23198463
BR00117025,P15,U2OS,24,olanzapine,compound,BRD-K18895904-001-16-1,,"['dopamine receptor antagonist', 'serotonin receptor antagonist']",-4.8157897,2.7139664
BR00117025,P16,U2OS,24,KI-16425,compound,BRD-A25569250-001-03-3,,['lysophosphatidic acid receptor antagonist'],-3.463992,-0.6756743
BR00117025,P17,U2OS,24,SKLB1002,compound,BRD-K29895144-001-01-0,,['VEGFR inhibitor'],-2.289103,0.66398215
BR00117025,P18,U2OS,24,cilostazol,compound,BRD-K67017579-001-28-1,,['phosphodiesterase inhibitor'],-3.2457242,-0.51354676
BR00117025,P19,U2OS,24,AZD1283,compound,BRD-K77060810-001-01-5,,['purinergic receptor antagonist'],-3.3403873,-0.4408194
BR00117025,P20,U2OS,24,A-987306,compound,BRD-K68982262-001-01-4,,['histamine receptor antagonist'],-4.799147,2.608762
BR00117025,P21,U2OS,24,procaine,compound,BRD-K24616672-003-20-1,,['HMGCR inhibitor'],-3.0701318,-0.5001719
BR00117025,P22,U2OS,24,miconazole,compound,BRD-A82396632-008-30-8,,['bacterial cell wall synthesis inhibitor'],-3.2698538,-0.28942987
BR00117025,P23,U2OS,24,loperamide,compound,BRD-K61250553-003-30-6,,,-3.0304615,0.09266887
BR00117025,P24,U2OS,24,aripiprazole,compound,BRD-K70358946-001-17-3,,['serotonin receptor antagonist'],-2.944498,-0.38443175
BR00117026,A01,U2OS,24,gabapentin-enacarbil,compound,BRD-A86665761-001-01-1,,,-2.361447,-1.234614
BR00117026,A02,U2OS,24,DMSO,compound,,negcon,,-3.6272895,-2.4676661
BR00117026,A03,U2OS,24,amlodipine,compound,BRD-A22032524-074-09-9,,['calcium channel blocker'],-4.498912,2.909184
BR00117026,A04,U2OS,24,hexestrol,compound,BRD-A01078468-001-14-8,,,-3.914175,-1.8251858
BR00117026,A05,U2OS,24,quinine,compound,BRD-K48278478-001-01-2,,,-3.0715845,-1.0952464
BR00117026,A06,U2OS,24,LOXO-101,compound,BRD-K36574127-001-01-3,,,-3.5452552,-1.7524067
BR00117026,A07,U2OS,24,brinzolamide,compound,BRD-K74913225-001-14-0,,['carbonic anhydrase inhibitor'],-3.231719,-1.228375
BR00117026,A08,U2OS,24,NS-11021,compound,BRD-K94342292-001-01-3,,['calcium-activated potassium channel activator'],-3.3431456,2.7179615
BR00117026,A09,U2OS,24,DMSO,compound,,negcon,,-3.7003438,-2.2993038
BR00117026,A10,U2OS,24,GNF-5837,compound,BRD-K19975102-001-01-2,,['growth factor receptor inhibitor'],-3.9110477,1.0570971
BR00117026,A11,U2OS,24,apatinib,compound,BRD-K25244359-066-02-6,,['RET tyrosine kinase inhibitor'],-5.1419744,2.4772432
BR00117026,A12,U2OS,24,ethoxzolamide,compound,BRD-K18131774-001-18-4,,['carbonic anhydrase inhibitor'],-3.1633587,-1.0085428
BR00117026,A13,U2OS,24,ascorbic-acid,compound,BRD-A85242401-001-11-5,,,-5.0312295,0.48484907
BR00117026,A14,U2OS,24,ryuvidine,compound,BRD-K06426971-001-02-7,,['histone lysine methyltransferase inhibitor'],0.41684702,5.1606593
BR00117026,A15,U2OS,24,BAN-ORL-24,compound,BRD-K47049295-300-03-1,,,-0.91764635,1.8084254
BR00117026,A16,U2OS,24,NNC-55-0396,compound,BRD-K78122587-300-04-3,,,-4.8838243,2.8733928
BR00117026,A17,U2OS,24,DMSO,compound,,negcon,,-3.1198456,-0.8344801
BR00117026,A18,U2OS,24,WH-4-023,compound,BRD-K50199947-001-03-4,,['src inhibitor'],-2.1580865,1.9509662
BR00117026,A19,U2OS,24,flupirtine,compound,BRD-K50720187-051-03-1,,['glutamate receptor antagonist'],-2.8863928,0.49350524
BR00117026,A20,U2OS,24,ZK811752,compound,BRD-K91825936-001-03-9,,,-3.3872337,0.31898832
BR00117026,A21,U2OS,24,dexamethasone,compound,BRD-K38775274-001-22-1,,['glucocorticoid receptor agonist'],-3.207915,1.1455642
BR00117026,A22,U2OS,24,PP-1,compound,BRD-K47598052-001-14-1,,['src inhibitor'],-2.6108844,1.474013
BR00117026,A23,U2OS,24,DDR1-IN-1,compound,BRD-K61845293-300-01-9,,,-4.596245,2.6612284
BR00117026,A24,U2OS,24,AVL-292,compound,BRD-K87782578-001-01-4,,"[""Bruton's tyrosine kinase (BTK) inhibitor""]",-1.9782448,2.341064
BR00117026,B01,U2OS,24,H2L-5765834,compound,BRD-K26439554-001-01-3,,['lysophosphatidic acid receptor antagonist'],-2.349219,0.27690154
BR00117026,B02,U2OS,24,thiostrepton,compound,BRD-K58049875-001-03-9,,['protein synthesis inhibitor'],-0.28021026,4.597714
BR00117026,B03,U2OS,24,DMSO,compound,,negcon,,-4.2688875,-2.4217067
BR00117026,B04,U2OS,24,arcyriaflavin-a,compound,BRD-K72726508-001-02-1,,['CDK inhibitor'],-2.6115935,1.9771965
BR00117026,B05,U2OS,24,CYM-5520,compound,BRD-K29151923-001-01-5,,['sphingosine 1 phosphate receptor agonist'],-4.802089,-1.3305955
BR00117026,B06,U2OS,24,fludarabine,compound,BRD-K66788707-001-14-3,,['ribonucleotide reductase inhibitor'],-1.7684124,-0.3807869
BR00117026,B07,U2OS,24,alda-1,compound,BRD-K06890060-001-09-1,,,-4.5908575,-1.3791764
BR00117026,B08,U2OS,24,meclofenamic-acid,compound,BRD-K50398167-236-22-7,,"['cyclooxygenase inhibitor', 'prostanoid receptor antagonist']",-4.110273,-0.6202987
BR00117026,B09,U2OS,24,GNF-5,compound,BRD-K87632963-001-03-0,,['Bcr-Abl kinase inhibitor'],-3.6765168,-0.78674805
BR00117026,B10,U2OS,24,NS-309,compound,BRD-K37602296-001-01-6,,['calcium-activated potassium channel activator'],-3.910237,-0.15867047
BR00117026,B11,U2OS,24,AK-7,compound,BRD-K09143580-001-01-0,,['SIRT inhibitor'],-4.062267,0.43108302
BR00117026,B12,U2OS,24,BVT-948,compound,BRD-A22713669-001-04-3,,,-1.9170316,3.871323
BR00117026,B13,U2OS,24,SirReal-2,compound,BRD-K16472653-001-01-6,,['SIRT inhibitor'],-4.4998975,1.7895746
BR00117026,B14,U2OS,24,DMSO,compound,,negcon,,-4.6796694,-3.2335157
BR00117026,B15,U2OS,24,BMS-536924,compound,BRD-K34581968-001-05-3,,['IGF-1 inhibitor'],-2.0700593,2.0735824
BR00117026,B16,U2OS,24,PP-121,compound,BRD-K81801188-001-02-8,,['protein tyrosine kinase inhibitor'],-1.867762,2.3172257
BR00117026,B17,U2OS,24,MCOPPB,compound,BRD-K73276278-305-01-1,,,-5.111074,3.6695495
BR00117026,B18,U2OS,24,ozagrel,compound,BRD-K53061490-003-13-9,,,-4.498985,-1.4441282
BR00117026,B19,U2OS,24,CYM-5442,compound,BRD-A43005764-003-01-5,,['sphingosine 1 phosphate receptor agonist'],-4.828177,2.909342
BR00117026,B20,U2OS,24,CVT-10216,compound,BRD-K60659193-001-01-0,,,-3.9433973,-0.69895244
BR00117026,B21,U2OS,24,TCN201,compound,BRD-K09787262-001-02-7,,['glutamate receptor antagonist'],-4.2810993,-1.0564929
BR00117026,B22,U2OS,24,fomepizole,compound,BRD-K56810756-003-07-7,,['alcohol dehydrogenase inhibitor'],-4.5863547,-1.4480777
BR00117026,B23,U2OS,24,benzamil,compound,BRD-K87158025-003-08-7,,['sodium channel blocker'],-4.824865,0.30723378
BR00117026,B24,U2OS,24,lercanidipine,compound,BRD-A18992208-003-02-7,,['calcium channel blocker'],-3.405551,0.5664696
BR00117026,C01,U2OS,24,4-CMTB,compound,BRD-A54139254-001-09-2,,['free fatty acid receptor agonist'],-5.28658,0.39222488
BR00117026,C02,U2OS,24,ML-228,compound,BRD-K44432556-001-05-5,,,-4.045274,-2.1849542
BR00117026,C03,U2OS,24,DMSO,compound,,negcon,,-5.014489,-3.2283025
BR00117026,C04,U2OS,24,GSK1070916,compound,BRD-K36740062-001-06-6,,['Aurora kinase inhibitor'],-1.5321006,1.8410747
BR00117026,C05,U2OS,24,ML-193,compound,BRD-K27539181-001-08-5,,,-4.383201,-1.500089
BR00117026,C06,U2OS,24,DMSO,compound,,negcon,,-4.511725,-3.2042007
BR00117026,C07,U2OS,24,M-25,compound,BRD-K51265828-001-01-0,,['smoothened receptor antagonist'],-4.4286914,-0.9359992
BR00117026,C08,U2OS,24,azeliragon,compound,BRD-K51899933-001-02-6,,['RAGE receptor antagonist'],-4.5256844,3.442317
BR00117026,C09,U2OS,24,CYT-997,compound,BRD-K23363278-001-02-1,poscon_diverse,['tubulin polymerization inhibitor'],0.56457204,1.8135122
BR00117026,C10,U2OS,24,AR-12,compound,BRD-K90497590-001-05-9,,,0.5565476,4.9121623
BR00117026,C11,U2OS,24,CYM-50260,compound,BRD-K69877120-001-01-7,,['sphingosine 1 phosphate receptor agonist'],-5.1075964,-0.49133587
BR00117026,C12,U2OS,24,DMSO,compound,,negcon,,-4.617165,-3.0837007
BR00117026,C13,U2OS,24,KG-5,compound,BRD-K90747162-001-01-4,poscon_cp,['RAF inhibitor'],0.37055883,1.7771949
BR00117026,C14,U2OS,24,JTE-607,compound,BRD-K81405859-300-01-4,,,-1.6826018,0.42970636
BR00117026,C15,U2OS,24,DMSO,compound,,negcon,,-4.4825954,-2.8882966
BR00117026,C16,U2OS,24,ilomastat,compound,BRD-K51662849-001-05-4,,['matrix metalloprotease inhibitor'],-3.324203,1.1505727
BR00117026,C17,U2OS,24,RX-821002,compound,BRD-A65597028-003-08-1,,['adrenergic receptor antagonist'],-4.67395,-0.19271499
BR00117026,C18,U2OS,24,DMSO,compound,,negcon,,-4.8598685,-2.7349527
BR00117026,C19,U2OS,24,TUG-891,compound,BRD-K24282351-001-01-4,,['free fatty acid receptor agonist'],-4.427304,-0.32690462
BR00117026,C20,U2OS,24,ponatinib,compound,BRD-K44227013-001-08-0,,"['PDGFR tyrosine kinase receptor inhibitor', 'FLT3 inhibitor', 'Bcr-Abl kinase inhibitor']",0.021736844,5.092322
BR00117026,C21,U2OS,24,DMSO,compound,,negcon,,-5.312512,-3.103085
BR00117026,C22,U2OS,24,puromycin,compound,BRD-K01824976-300-02-9,,['protein synthesis inhibitor'],-0.15256137,4.633682
BR00117026,C23,U2OS,24,SRC-kinase-inhibitor-I,compound,BRD-K50495309-001-02-0,,['src inhibitor'],-5.1358347,3.0310555
BR00117026,C24,U2OS,24,acetylcysteine,compound,BRD-K59058747-001-19-1,,,-3.2525034,-0.7685165
BR00117026,D01,U2OS,24,NSC-625987,compound,BRD-K62949423-001-03-1,,['CDK inhibitor'],-3.3599412,-1.8795532
BR00117026,D02,U2OS,24,dalfampridine,compound,BRD-K22482860-001-20-6,,['potassium channel blocker'],-3.8610709,-1.2142478
BR00117026,D03,U2OS,24,NSC-95397,compound,BRD-K68143200-001-11-7,,['CDC inhibitor'],-1.9751182,3.8199115
BR00117026,D04,U2OS,24,alrestatin,compound,BRD-K35498378-001-06-1,,['aldose reductase inhibitor'],-4.0365915,-2.1987755
BR00117026,D05,U2OS,24,PF-03758309,compound,BRD-K37764012-001-03-3,poscon_diverse,['p21 activated kinase inhibitor'],-4.371039,-1.5205957
BR00117026,D06,U2OS,24,IRL-2500,compound,BRD-K98357249-001-02-9,,['endothelin receptor antagonist'],-1.9338905,1.5721129
BR00117026,D07,U2OS,24,PF-04217903,compound,BRD-K73319509-001-08-0,poscon_cp,,-3.6812243,-1.5537539
BR00117026,D08,U2OS,24,FK-866,compound,BRD-K58550667-001-08-7,poscon_diverse,,-3.8659925,-0.07103973
BR00117026,D09,U2OS,24,amlexanox,compound,BRD-K29530284-001-06-2,,,-3.8833945,1.1093092
BR00117026,D10,U2OS,24,GW-311616,compound,BRD-K37864785-001-01-0,,['elastase inhibitor'],-4.840504,-1.6349242
BR00117026,D11,U2OS,24,buparlisib,compound,BRD-K42191735-001-08-7,poscon_diverse,,0.50171256,1.9214287
BR00117026,D12,U2OS,24,amiloride,compound,BRD-K97181089-003-24-7,,['sodium channel blocker'],-5.2420735,-1.7543925
BR00117026,D13,U2OS,24,DG-172,compound,BRD-K75748943-300-01-3,,,-4.972656,3.0138626
BR00117026,D14,U2OS,24,DMSO,compound,,negcon,,-5.300456,-2.4983847
BR00117026,D15,U2OS,24,DMSO,compound,,negcon,,-4.6653705,-2.7351754
BR00117026,D16,U2OS,24,NVP-ADW742,compound,BRD-K15179513-001-04-2,poscon_cp,,-4.9241242,3.5245552
BR00117026,D17,U2OS,24,misoprostol,compound,BRD-A72351335-001-04-5,,['prostanoid receptor agonist'],-2.3638237,0.6361811
BR00117026,D18,U2OS,24,conivaptan,compound,BRD-K37385792-003-02-1,,,-5.1391215,2.1292548
BR00117026,D19,U2OS,24,spiroxatrine,compound,BRD-A72483914-001-03-7,,['serotonin receptor antagonist'],-5.34849,3.0684762
BR00117026,D20,U2OS,24,diacerein,compound,BRD-K69122748-001-10-1,,,-5.0765033,-2.0111182
BR00117026,D21,U2OS,24,DMSO,compound,,negcon,,-5.17123,-2.8938596
BR00117026,D22,U2OS,24,DMSO,compound,,negcon,,-4.7994227,-2.2699285
BR00117026,D23,U2OS,24,glyburide,compound,BRD-K36927236-001-36-7,,['ATP channel blocker'],-4.710938,-0.7469855
BR00117026,D24,U2OS,24,ANR-94,compound,BRD-K31170746-001-01-6,,,-3.3883822,-0.9661975
BR00117026,E01,U2OS,24,TFC-007,compound,BRD-K57708067-001-01-3,,,-5.11293,0.4689177
BR00117026,E02,U2OS,24,trihexyphenidyl,compound,BRD-A48180038-003-24-3,,['acetylcholine receptor antagonist'],-4.993789,0.16565515
BR00117026,E03,U2OS,24,epoprostenol,compound,BRD-K64054020-001-02-7,,,-5.300892,0.16065238
BR00117026,E04,U2OS,24,sacubitril,compound,BRD-K91456750-001-01-9,,,-5.2209187,-1.5273997
BR00117026,E05,U2OS,24,danusertib,compound,BRD-K07881437-001-03-8,poscon_diverse,"['growth factor receptor inhibitor', 'Aurora kinase inhibitor']",-0.9409094,0.23301972
BR00117026,E06,U2OS,24,CYT-997,compound,BRD-K23363278-001-02-1,poscon_diverse,['tubulin polymerization inhibitor'],0.5872913,1.8795248
BR00117026,E07,U2OS,24,DMSO,compound,,negcon,,-5.1866727,-2.6286342
BR00117026,E08,U2OS,24,BQ-788,compound,BRD-K02490038-236-03-8,,['endothelin receptor antagonist'],-3.8170922,-1.4878792
BR00117026,E09,U2OS,24,SB-202190,compound,BRD-K54330070-001-19-6,poscon_orf,['p38 MAPK inhibitor'],-5.9173684,1.5887566
BR00117026,E10,U2OS,24,GSK2110183,compound,BRD-K25412176-001-01-9,poscon_diverse,,-4.16499,1.680123
BR00117026,E11,U2OS,24,GSK3787,compound,BRD-K03155172-001-03-0,,['PPAR receptor antagonist'],-5.2173615,-1.5863149
BR00117026,E12,U2OS,24,BAM7,compound,BRD-K07442505-001-03-6,,,-4.167645,-1.231072
BR00117026,E13,U2OS,24,PHA-793887,compound,BRD-K64800655-001-09-0,poscon_diverse,['CDK inhibitor'],-1.736713,2.8705919
BR00117026,E14,U2OS,24,DMSO,compound,,negcon,,-4.5067835,-2.8572717
BR00117026,E15,U2OS,24,GSK-37647,compound,BRD-K26514105-001-01-7,,['free fatty acid receptor agonist'],-5.4012823,1.6449109
BR00117026,E16,U2OS,24,desonide,compound,BRD-K21528677-001-04-4,,['glucocorticoid receptor agonist'],-4.4366035,1.2190543
BR00117026,E17,U2OS,24,DMSO,compound,,negcon,,-5.5044174,-2.6888008
BR00117026,E18,U2OS,24,aloxistatin,compound,BRD-K91188791-001-17-5,,,-5.426424,3.4093745
BR00117026,E19,U2OS,24,azathioprine,compound,BRD-K32821942-001-22-1,,,-4.751798,0.4056636
BR00117026,E20,U2OS,24,ZK-93423,compound,BRD-K33882852-003-02-8,poscon_diverse,['benzodiazepine receptor agonist'],-4.4535403,0.68403167
BR00117026,E21,U2OS,24,BI-2536,compound,BRD-K64890080-001-02-1,poscon_diverse,,0.39080986,2.6369846
BR00117026,E22,U2OS,24,EI1,compound,BRD-K91535048-001-01-2,poscon_cp,['histone lysine methyltransferase inhibitor'],-3.7847714,-1.0318174
BR00117026,E23,U2OS,24,NVP-HSP990,compound,BRD-K67915505-001-01-2,,['HSP inhibitor'],-2.3522773,2.5269413
BR00117026,E24,U2OS,24,DMSO,compound,,negcon,,-3.3842206,-1.1899185
BR00117026,F01,U2OS,24,DMSO,compound,,negcon,,-3.3696134,-2.3067982
BR00117026,F02,U2OS,24,nialamide,compound,BRD-K12102668-001-25-5,,,-5.0828667,0.07131817
BR00117026,F03,U2OS,24,DMSO,compound,,negcon,,-4.9817195,-2.910323
BR00117026,F04,U2OS,24,arundic-acid,compound,BRD-K49223707-001-01-0,,,-5.0937805,0.37399918
BR00117026,F05,U2OS,24,torcitabine,compound,BRD-K91822704-003-07-2,,,-4.6958833,-0.21710159
BR00117026,F06,U2OS,24,DMSO,compound,,negcon,,-5.254882,-2.18817
BR00117026,F07,U2OS,24,epothilone-b,compound,BRD-K68164687-001-01-6,,"['microtubule stabilizing agent', 'tubulin polymerization inhibitor']",-0.12534031,1.6674782
BR00117026,F08,U2OS,24,dyphylline,compound,BRD-A00827783-001-24-6,,['phosphodiesterase inhibitor'],-3.824867,-0.92388767
BR00117026,F09,U2OS,24,DMSO,compound,,negcon,,-4.2837076,-2.5888095
BR00117026,F10,U2OS,24,quinidine,compound,BRD-K59632282-052-03-1,,['sodium channel blocker'],-3.9780354,-0.26452774
BR00117026,F11,U2OS,24,halopemide,compound,BRD-K50055394-001-03-6,,,-4.9282775,0.89371073
BR00117026,F12,U2OS,24,sulfinpyrazone,compound,BRD-A36217750-001-16-3,,,-4.863274,-2.2557466
BR00117026,F13,U2OS,24,ML-323,compound,BRD-K93942811-001-01-3,poscon_cp,['ubiquitin specific protease inhibitor'],-3.732807,0.2648781
BR00117026,F14,U2OS,24,racecadotril,compound,BRD-A08187463-001-12-9,,,-5.0536823,-2.0902138
BR00117026,F15,U2OS,24,BRL-50481,compound,BRD-K84266862-001-03-2,,['phosphodiesterase inhibitor'],-3.9569154,-0.7053496
BR00117026,F16,U2OS,24,GSK2110183,compound,BRD-K25412176-001-01-9,poscon_diverse,,-4.177466,1.8991599
BR00117026,F17,U2OS,24,bufexamac,compound,BRD-K36660044-001-24-2,,['cyclooxygenase inhibitor'],-4.7377634,-0.5887904
BR00117026,F18,U2OS,24,anandamide,compound,BRD-K42352790-001-05-3,,,-4.681517,0.48630205
BR00117026,F19,U2OS,24,thioguanine,compound,BRD-K49350383-001-13-7,poscon_diverse,,-3.0620997,1.7232502
BR00117026,F20,U2OS,24,IWP-L6,compound,BRD-K53234107-001-01-6,,['porcupine inhibitor'],-4.5652175,0.8339489
BR00117026,F21,U2OS,24,edoxaban,compound,BRD-K29322660-001-01-9,,['coagulation factor inhibitor'],-3.8107789,-0.4138648
BR00117026,F22,U2OS,24,lonafarnib,compound,BRD-K41599323-001-02-3,poscon_diverse,,-3.3568301,2.351232
BR00117026,F23,U2OS,24,ibutamoren,compound,BRD-K44771174-066-01-0,,,-4.512402,1.0222242
BR00117026,F24,U2OS,24,somatostatin,compound,BRD-K14681867-001-01-6,,['somatostatin receptor agonist'],-3.0979805,-0.9561422
BR00117026,G01,U2OS,24,L-proline,compound,BRD-K01666412-001-02-0,,,-4.823591,-0.35051528
BR00117026,G02,U2OS,24,zamifenacin,compound,BRD-K80451230-051-02-6,,['acetylcholine receptor antagonist'],-3.85954,-1.4153969
BR00117026,G03,U2OS,24,YC-1,compound,BRD-K60476892-001-16-1,,,-1.3440746,2.841655
BR00117026,G04,U2OS,24,DMSO,compound,,negcon,,-4.6891947,-3.0851796
BR00117026,G05,U2OS,24,ME-0328,compound,BRD-K24283677-001-01-9,,['PPAR receptor antagonist'],-4.416106,1.2960825
BR00117026,G06,U2OS,24,NSC-663284,compound,BRD-K03109492-001-02-2,,['CDC inhibitor'],0.2895813,5.1979833
BR00117026,G07,U2OS,24,CYM-50358,compound,BRD-K80666802-003-01-0,,,-4.911158,2.905016
BR00117026,G08,U2OS,24,trazodone,compound,BRD-K70778732-003-27-5,,"['adrenergic receptor antagonist', 'serotonin receptor antagonist']",-5.235164,-1.3331195
BR00117026,G09,U2OS,24,DMSO,compound,,negcon,,-4.958183,-2.6345806
BR00117026,G10,U2OS,24,DMSO,compound,,negcon,,-4.6638217,-2.7512195
BR00117026,G11,U2OS,24,sulfasalazine,compound,BRD-K10670311-001-17-1,,['cyclooxygenase inhibitor'],-4.9726176,-1.6588116
BR00117026,G12,U2OS,24,"2,5-furandimethanol",compound,BRD-K29791386-001-01-8,,,-4.7075424,-1.9078037
BR00117026,G13,U2OS,24,DMSO,compound,,negcon,,-5.1547084,-2.7578714
BR00117026,G14,U2OS,24,dilazep,compound,BRD-K48722258-300-11-0,,,-5.615142,-1.2169211
BR00117026,G15,U2OS,24,felodipine,compound,BRD-A30815329-001-12-1,,['calcium channel blocker'],-4.5563955,-0.4252036
BR00117026,G16,U2OS,24,paliperidone,compound,BRD-A99888680-001-05-3,,"['dopamine receptor antagonist', 'serotonin receptor antagonist']",-3.88659,-0.76902807
BR00117026,G17,U2OS,24,purvalanol-a,compound,BRD-K50836978-001-03-3,poscon_orf,['CDK inhibitor'],-2.2003212,1.1599369
BR00117026,G18,U2OS,24,DMSO,compound,,negcon,,-4.5689316,-3.0957358
BR00117026,G19,U2OS,24,Ro-1138452,compound,BRD-K77220725-003-01-5,,['prostanoid receptor antagonist'],-4.9743414,-0.013123346
BR00117026,G20,U2OS,24,sorbinil,compound,BRD-A89164055-001-03-3,,['aldose reductase inhibitor'],-5.8273773,-1.9571645
BR00117026,G21,U2OS,24,TC-S-7004,compound,BRD-K89517477-001-01-4,poscon_cp,['DYRK inhibitor'],-3.5884907,1.4222955
BR00117026,G22,U2OS,24,saclofen,compound,BRD-A24122750-001-03-7,,['GABA receptor antagonist'],-5.3981953,-1.8241862
BR00117026,G23,U2OS,24,BAY-87-2243,compound,BRD-K70463136-001-01-5,,,-3.8866131,0.751016
BR00117026,G24,U2OS,24,ibudilast,compound,BRD-K16444452-001-09-1,,['phosphodiesterase inhibitor'],-3.150728,-0.66052043
BR00117026,H01,U2OS,24,briciclib,compound,BRD-K05531427-001-01-7,,,0.61406803,1.8936884
BR00117026,H02,U2OS,24,2-Oleoylglycerol,compound,BRD-K77087341-001-02-4,,,-5.092461,0.36024776
BR00117026,H03,U2OS,24,RGFP966,compound,BRD-K61688984-001-02-9,poscon_cp,['HDAC inhibitor'],-3.358416,1.2747915
BR00117026,H04,U2OS,24,DMSO,compound,,negcon,,-4.2585483,-2.6810877
BR00117026,H05,U2OS,24,azacitidine,compound,BRD-K03406345-001-21-1,poscon_diverse,,-3.3280935,1.5923961
BR00117026,H06,U2OS,24,N6-cyclopentyladenosine,compound,BRD-K60150510-001-15-6,,,-3.6353548,-1.9636794
BR00117026,H07,U2OS,24,filgotinib,compound,BRD-K16803204-001-01-6,poscon_cp,['JAK inhibitor'],-4.719542,1.0451361
BR00117026,H08,U2OS,24,guanidine,compound,BRD-K76037122-001-02-5,,['HSP inhibitor'],-4.1973534,-1.9193746
BR00117026,H09,U2OS,24,coumarin,compound,BRD-K23913458-001-20-7,,,-4.931378,-1.4171792
BR00117026,H10,U2OS,24,DMSO,compound,,negcon,,-4.0756645,-2.4801652
BR00117026,H11,U2OS,24,ZM-336372,compound,BRD-K73789395-001-09-9,poscon_orf,['RAF inhibitor'],-4.3697047,-1.4814523
BR00117026,H12,U2OS,24,citric-acid,compound,BRD-K76792669-001-08-1,,['coagulation factor inhibitor'],-4.914435,-1.8814304
BR00117026,H13,U2OS,24,DMSO,compound,,negcon,,-4.5114427,-2.7780635
BR00117026,H14,U2OS,24,CCG-63802,compound,BRD-K26970495-001-02-7,,['G protein signaling inhibitor'],-5.105096,0.35938385
BR00117026,H15,U2OS,24,ibutilide,compound,BRD-A74391928-051-03-9,,['potassium channel blocker'],-4.336774,-0.87541246
BR00117026,H16,U2OS,24,batimastat,compound,BRD-K82818427-001-04-8,,['matrix metalloprotease inhibitor'],-3.1497486,1.0954376
BR00117026,H17,U2OS,24,DMSO,compound,,negcon,,-4.435406,-2.7734876
BR00117026,H18,U2OS,24,DMSO,compound,,negcon,,-5.652662,-2.5892992
BR00117026,H19,U2OS,24,UNC1999,compound,BRD-K26989966-001-04-3,poscon_cp,['histone lysine methyltransferase inhibitor'],-1.0930668,4.3833127
BR00117026,H20,U2OS,24,glutamine-(l),compound,BRD-K83896451-001-06-7,,,-4.527715,-1.8055024
BR00117026,H21,U2OS,24,PD-98059,compound,BRD-K62810658-001-11-4,poscon_orf,,-3.927164,-1.1485013
BR00117026,H22,U2OS,24,enilconazole,compound,BRD-K01825690-065-01-9,,,-4.455998,-1.6814233
BR00117026,H23,U2OS,24,N-alpha-Methylhistamine-dihydrochloride,compound,BRD-K75390981-300-04-9,,['histamine receptor agonist'],-4.142576,-1.0968779
BR00117026,H24,U2OS,24,GK921,compound,BRD-K38272302-001-02-7,,,-2.3073628,3.1354833
BR00117026,I01,U2OS,24,nilvadipine,compound,BRD-A84687895-001-03-2,,['calcium channel blocker'],-4.870083,0.4685765
BR00117026,I02,U2OS,24,DMSO,compound,,negcon,,-5.5342107,-2.5650737
BR00117026,I03,U2OS,24,AC-710,compound,BRD-K15819326-001-01-6,,['PDGFR tyrosine kinase receptor inhibitor'],-4.6159377,3.3154004
BR00117026,I04,U2OS,24,PETCM,compound,BRD-A93477898-001-04-2,,,-4.710041,-1.5413879
BR00117026,I05,U2OS,24,AZD7762,compound,BRD-K86525559-001-07-8,poscon_diverse,['CHK inhibitor'],0.011805831,5.0534325
BR00117026,I06,U2OS,24,PHA-793887,compound,BRD-K64800655-001-09-0,poscon_diverse,['CDK inhibitor'],-1.736857,2.923989
BR00117026,I07,U2OS,24,KU-60019,compound,BRD-K36016295-001-05-2,,['ATM kinase inhibitor'],-3.1984072,3.1530154
BR00117026,I08,U2OS,24,nafamostat,compound,BRD-K06674495-334-04-0,,,-3.7707148,0.98226774
BR00117026,I09,U2OS,24,DMSO,compound,,negcon,,-4.620794,-2.6767051
BR00117026,I10,U2OS,24,DMSO,compound,,negcon,,-4.3357496,-2.8275485
BR00117026,I11,U2OS,24,taladegib,compound,BRD-K50498985-001-03-3,,['smoothened receptor antagonist'],-4.725417,-1.303681
BR00117026,I12,U2OS,24,acetohexamide,compound,BRD-K52960356-001-13-0,,['ATP channel blocker'],-5.5770106,0.015173546
BR00117026,I13,U2OS,24,minocycline,compound,BRD-A69651145-003-11-4,,,-3.4209485,1.2269104
BR00117026,I14,U2OS,24,BI-2536,compound,BRD-K64890080-001-02-1,poscon_diverse,,0.40373677,2.6479213
BR00117026,I15,U2OS,24,riociguat,compound,BRD-K84783599-001-01-0,,,-4.617246,-0.37590918
BR00117026,I16,U2OS,24,CP-724714,compound,BRD-K76908866-001-07-6,poscon_cp,"['EGFR inhibitor', 'protein tyrosine kinase inhibitor']",-4.234661,0.73963517
BR00117026,I17,U2OS,24,ganetespib,compound,BRD-K38852836-001-04-9,poscon_diverse,['HSP inhibitor'],-2.2402654,2.5774765
BR00117026,I18,U2OS,24,AZ191,compound,BRD-K80935598-001-01-1,poscon_cp,['DYRK inhibitor'],-5.090129,3.8100698
BR00117026,I19,U2OS,24,BAX-channel-blocker,compound,BRD-A18763547-300-06-3,,,-4.4287043,3.3319144
BR00117026,I20,U2OS,24,SU3327,compound,BRD-K32730239-001-01-0,,['JNK inhibitor'],0.18821442,5.045432
BR00117026,I21,U2OS,24,DMSO,compound,,negcon,,-4.4340305,-2.21459
BR00117026,I22,U2OS,24,DMSO,compound,,negcon,,-4.9121685,-2.9163692
BR00117026,I23,U2OS,24,octreotide,compound,BRD-A64173453-015-03-1,,['somatostatin receptor agonist'],-5.2937903,-1.0737643
BR00117026,I24,U2OS,24,1-octanol,compound,BRD-K09338665-001-08-9,,,-3.3371236,-0.94812024
BR00117026,J01,U2OS,24,acalabrutinib,compound,BRD-K64034691-001-01-9,,"[""Bruton's tyrosine kinase (BTK) inhibitor""]",-3.266895,-1.4415121
BR00117026,J02,U2OS,24,rifamycin,compound,BRD-K38512030-001-01-7,,,-4.8759203,1.5322925
BR00117026,J03,U2OS,24,pazopanib,compound,BRD-K74514084-003-09-2,,"['KIT inhibitor', 'VEGFR inhibitor', 'PDGFR tyrosine kinase receptor inhibitor']",-3.5902581,1.8246737
BR00117026,J04,U2OS,24,RKI-1447,compound,BRD-K19333160-001-01-3,poscon_cp,,-5.342869,1.6639318
BR00117026,J05,U2OS,24,vitamin-E,compound,BRD-K97091514-001-11-4,,['PKC inhibitor'],-5.2780848,1.5542217
BR00117026,J06,U2OS,24,lonafarnib,compound,BRD-K41599323-001-02-3,poscon_diverse,,-3.4648454,2.3816078
BR00117026,J07,U2OS,24,ethyl-pyruvate,compound,BRD-K47738867-001-01-5,,,-3.8890257,-0.16543643
BR00117026,J08,U2OS,24,picrotin,compound,BRD-A91822151-001-05-0,,['GABA receptor antagonist'],-3.7490325,-0.31994724
BR00117026,J09,U2OS,24,SGX523,compound,BRD-K19477839-001-07-6,poscon_cp,,-4.455721,1.8861371
BR00117026,J10,U2OS,24,PP-2,compound,BRD-K95785537-001-22-3,,['src inhibitor'],-2.635171,1.5109634
BR00117026,J11,U2OS,24,ME-0328,compound,BRD-A63444178-001-01-5,,['PPAR receptor antagonist'],-2.8905797,-0.64940536
BR00117026,J12,U2OS,24,AZD9668,compound,BRD-K31476763-001-01-5,,['elastase inhibitor'],-3.2993338,-0.68228257
BR00117026,J13,U2OS,24,NQDI-1,compound,BRD-K61918008-001-07-1,,,-4.8962526,1.031456
BR00117026,J14,U2OS,24,DMSO,compound,,negcon,,-4.3234415,-3.0776682
BR00117026,J15,U2OS,24,carzenide,compound,BRD-K09295674-001-09-8,,,-4.2001333,-0.27631193
BR00117026,J16,U2OS,24,KU-55933,compound,BRD-K25311561-001-10-7,,['ATM kinase inhibitor'],-3.4601972,3.0500836
BR00117026,J17,U2OS,24,NVP-AEW541,compound,BRD-K24696047-001-02-3,poscon_cp,['IGF-1 inhibitor'],-4.7270427,2.7447436
BR00117026,J18,U2OS,24,leflunomide,compound,BRD-K78692225-001-24-5,,['PDGFR tyrosine kinase receptor inhibitor'],-4.1183085,0.71988404
BR00117026,J19,U2OS,24,DMSO,compound,,negcon,,-4.5954285,-2.8116229
BR00117026,J20,U2OS,24,azacitidine,compound,BRD-K03406345-001-21-1,poscon_diverse,,-3.4024773,1.5426084
BR00117026,J21,U2OS,24,ixabepilone,compound,BRD-K03601870-001-01-2,,['microtubule stabilizing agent'],0.23094423,1.8707662
BR00117026,J22,U2OS,24,KH-CB19,compound,BRD-K66430217-001-03-8,poscon_cp,['CDC inhibitor'],-5.143607,-1.7280083
BR00117026,J23,U2OS,24,DMSO,compound,,negcon,,-4.452543,-1.8797619
BR00117026,J24,U2OS,24,PF-05190457,compound,BRD-K02554563-001-01-6,,,-4.837404,2.1705778
BR00117026,K01,U2OS,24,LDN-212854,compound,BRD-K59831625-001-03-9,,,0.09732558,4.8628035
BR00117026,K02,U2OS,24,formononetin,compound,BRD-K55567017-001-12-3,,['alcohol dehydrogenase inhibitor'],-3.3728273,-1.4132768
BR00117026,K03,U2OS,24,aminopurvalanol-a,compound,BRD-K07762753-001-05-1,poscon_orf,['CDK inhibitor'],-2.1610887,1.3558809
BR00117026,K04,U2OS,24,ruxolitinib,compound,BRD-K53972329-001-01-3,poscon_cp,['JAK inhibitor'],-5.7198257,1.377444
BR00117026,K05,U2OS,24,DMSO,compound,,negcon,,-3.777611,-2.84897
BR00117026,K06,U2OS,24,DMSO,compound,,negcon,,-3.7351558,-2.864016
BR00117026,K07,U2OS,24,LGK-974,compound,BRD-K16810791-001-01-0,,['porcupine inhibitor'],-3.6394968,-2.6354246
BR00117026,K08,U2OS,24,polydatin,compound,BRD-K43236057-001-07-1,,['ICAM1 expression inhibitor'],-0.62230116,1.3795313
BR00117026,K09,U2OS,24,enflurane,compound,BRD-A51831848-001-01-7,,,-3.571016,-2.438263
BR00117026,K10,U2OS,24,PFI-1,compound,BRD-K13094524-001-04-2,poscon_cp,,-5.1702504,-1.904941
BR00117026,K11,U2OS,24,AZD7762,compound,BRD-K86525559-001-07-8,poscon_diverse,['CHK inhibitor'],-0.015501544,5.1385226
BR00117026,K12,U2OS,24,sotrastaurin,compound,BRD-K16761703-001-03-8,,['PKC inhibitor'],-5.8138123,1.4436479
BR00117026,K13,U2OS,24,DMSO,compound,,negcon,,-4.861276,-3.1977985
BR00117026,K14,U2OS,24,cycloheximide,compound,BRD-K36055864-001-20-0,,['protein synthesis inhibitor'],-1.8645217,2.4800832
BR00117026,K15,U2OS,24,oxytocin,compound,BRD-K25243230-001-01-2,,,-4.7284055,-1.5913609
BR00117026,K16,U2OS,24,DMSO,compound,,negcon,,-4.5880413,-2.5204256
BR00117026,K17,U2OS,24,colchicine,compound,BRD-K00259736-001-16-4,,,0.5780917,1.8545892
BR00117026,K18,U2OS,24,afimoxifene,compound,BRD-K04210847-001-21-9,,,-4.560974,-0.7276722
BR00117026,K19,U2OS,24,DMSO,compound,,negcon,,-5.230734,-2.5966718
BR00117026,K20,U2OS,24,ZK-93423,compound,BRD-K33882852-003-02-8,poscon_diverse,['benzodiazepine receptor agonist'],-4.0926466,0.49789557
BR00117026,K21,U2OS,24,RGB-286638,compound,BRD-K20986415-001-02-6,,['CDK inhibitor'],-2.3623486,3.2588854
BR00117026,K22,U2OS,24,FPS-ZM1,compound,BRD-K87691185-001-01-2,,['RAGE receptor antagonist'],-4.166058,1.2571652
BR00117026,K23,U2OS,24,flindokalner,compound,BRD-K56740996-001-02-1,,,-3.5182214,0.5286835
BR00117026,K24,U2OS,24,motesanib,compound,BRD-K99616396-316-05-3,,"['KIT inhibitor', 'VEGFR inhibitor', 'PDGFR tyrosine kinase receptor inhibitor']",-4.2074437,1.306764
BR00117026,L01,U2OS,24,geldanamycin,compound,BRD-K43570081-001-02-4,,['HSP inhibitor'],-2.300446,2.5648851
BR00117026,L02,U2OS,24,DMSO,compound,,negcon,,-3.6565619,-2.2545605
BR00117026,L03,U2OS,24,CGP-53353,compound,BRD-K32292990-001-03-6,,"['PKC inhibitor', 'EGFR inhibitor']",-4.820989,0.32793605
BR00117026,L04,U2OS,24,7-hydroxystaurosporine,compound,BRD-K45293975-001-02-0,,"['CDK inhibitor', 'PKC inhibitor', 'CHK inhibitor']",-0.17798966,4.854063
BR00117026,L05,U2OS,24,DMSO,compound,,negcon,,-3.739549,-2.63274
BR00117026,L06,U2OS,24,DMSO,compound,,negcon,,-3.9991906,-2.8884056
BR00117026,L07,U2OS,24,efaproxiral,compound,BRD-K37355418-236-01-6,,,-3.5498664,-2.5166938
BR00117026,L08,U2OS,24,SB-203580,compound,BRD-A37704979-001-12-3,poscon_orf,['p38 MAPK inhibitor'],-6.0099177,1.6089842
BR00117026,L09,U2OS,24,FK-866,compound,BRD-K58550667-001-08-7,poscon_diverse,,-3.459158,-0.32569128
BR00117026,L10,U2OS,24,bepridil,compound,BRD-A91008255-003-24-8,,['calcium channel blocker'],-4.462371,1.7252281
BR00117026,L11,U2OS,24,delanzomib,compound,BRD-K59325863-001-04-4,,,-0.22090769,4.728775
BR00117026,L12,U2OS,24,buparlisib,compound,BRD-K42191735-001-08-7,poscon_diverse,,0.42822152,1.9798924
BR00117026,L13,U2OS,24,phenylbutazone,compound,BRD-K10843433-001-23-5,,"['cyclooxygenase inhibitor', 'prostanoid receptor antagonist']",-4.031106,-1.3484004
BR00117026,L14,U2OS,24,deferasirox,compound,BRD-K97010173-001-04-1,,,-2.4238172,-0.7284023
BR00117026,L15,U2OS,24,DMSO,compound,,negcon,,-4.32269,-2.1789517
BR00117026,L16,U2OS,24,cediranib,compound,BRD-K86930074-001-05-0,,"['KIT inhibitor', 'VEGFR inhibitor']",-5.306063,3.247065
BR00117026,L17,U2OS,24,isoflurane,compound,BRD-A31564021-001-02-6,,,-3.6295009,-0.9587633
BR00117026,L18,U2OS,24,DMSO,compound,,negcon,,-4.753962,-2.4129093
BR00117026,L19,U2OS,24,CCG-50014,compound,BRD-K08893438-001-06-4,,['G protein signaling inhibitor'],-5.1019855,-0.7487773
BR00117026,L20,U2OS,24,PF-431396,compound,BRD-K93788137-001-04-1,,,-0.78382736,0.40683678
BR00117026,L21,U2OS,24,TG-02,compound,BRD-K14560436-001-01-4,,"['CDK inhibitor', 'FLT3 inhibitor', 'JAK inhibitor']",-1.7150073,2.9611177
BR00117026,L22,U2OS,24,baclofen,compound,BRD-K01826724-003-07-9,,['benzodiazepine receptor agonist'],-4.2639813,-0.96675843
BR00117026,L23,U2OS,24,thiostrepton,compound,BRD-A20697603-001-07-2,,['protein synthesis inhibitor'],-2.33654,1.6266698
BR00117026,L24,U2OS,24,flufenamic-acid,compound,BRD-K44067360-001-29-5,,,-3.5223296,0.79088265
BR00117026,M01,U2OS,24,DMSO,compound,,negcon,,-3.4907155,-2.2774918
BR00117026,M02,U2OS,24,LY2109761,compound,BRD-K47557313-001-02-7,,,-5.9582534,1.7027676
BR00117026,M03,U2OS,24,olopatadine,compound,BRD-K67637637-003-11-8,,['histamine receptor antagonist'],-4.6014895,-1.5426095
BR00117026,M04,U2OS,24,DMSO,compound,,negcon,,-4.944555,-3.3546221
BR00117026,M05,U2OS,24,castanospermine,compound,BRD-K20897876-001-11-8,,['glucosidase inhibitor'],-4.548934,-1.7541529
BR00117026,M06,U2OS,24,A205804,compound,BRD-K77627880-001-04-0,,['ICAM1 expression inhibitor'],-2.1640913,-0.29331434
BR00117026,M07,U2OS,24,VU591,compound,BRD-K72063794-003-01-0,,['potassium channel blocker'],-4.484496,-0.11062096
BR00117026,M08,U2OS,24,dalbavancin,compound,BRD-K30177383-001-01-0,,['bacterial cell wall synthesis inhibitor'],-3.6593509,-2.3684704
BR00117026,M09,U2OS,24,CC-401,compound,BRD-K45746021-003-01-9,,['JNK inhibitor'],-5.9774146,1.3673956
BR00117026,M10,U2OS,24,ganetespib,compound,BRD-K38852836-001-04-9,poscon_diverse,['HSP inhibitor'],-2.3549318,2.684418
BR00117026,M11,U2OS,24,ingenol-mebutate,compound,BRD-K93779381-001-01-9,,,-4.747149,1.4345123
BR00117026,M12,U2OS,24,menadione,compound,BRD-K78126613-001-27-7,,,-2.3971088,0.87418896
BR00117026,M13,U2OS,24,cetilistat,compound,BRD-K94863486-001-02-2,,,-4.8329363,-1.901766
BR00117026,M14,U2OS,24,methoxsalen,compound,BRD-K63430059-001-16-4,,['DNA synthesis inhibitor'],-4.7185907,-2.119963
BR00117026,M15,U2OS,24,cyclosporine,compound,BRD-K13533483-001-16-2,,,-2.9865046,2.4719777
BR00117026,M16,U2OS,24,NSC-632839,compound,BRD-K81197548-003-01-4,poscon_cp,['ubiquitin specific protease inhibitor'],-0.2007683,4.754831
BR00117026,M17,U2OS,24,DMSO,compound,,negcon,,-4.692973,-2.7549224
BR00117026,M18,U2OS,24,TG-003,compound,BRD-K97072811-001-11-4,poscon_cp,,-4.509777,-0.72253424
BR00117026,M19,U2OS,24,oxibendazole,compound,BRD-K52075715-001-06-7,,['tubulin polymerization inhibitor'],0.5023553,1.9060922
BR00117026,M20,U2OS,24,TG-101348,compound,BRD-K12502280-001-11-4,poscon_cp,"['JAK inhibitor', 'FLT3 inhibitor']",-1.5644367,4.369124
BR00117026,M21,U2OS,24,miglitol,compound,BRD-A63310107-001-04-8,,['glucosidase inhibitor'],-5.0324802,-2.2564695
BR00117026,M22,U2OS,24,DMSO,compound,,negcon,,-4.95791,-2.943719
BR00117026,M23,U2OS,24,DMSO,compound,,negcon,,-5.1490927,-2.6484854
BR00117026,M24,U2OS,24,tranilast,compound,BRD-K17849083-001-32-9,,,-3.0326102,-0.12568559
BR00117026,N01,U2OS,24,4-methylhistamine,compound,BRD-K70821460-300-02-4,,['histamine receptor agonist'],-2.4272954,-1.2534578
BR00117026,N02,U2OS,24,LDN-27219,compound,BRD-K51485109-001-01-4,,,-3.7071588,-0.26485565
BR00117026,N03,U2OS,24,anisomycin,compound,BRD-K91370081-001-25-1,,['DNA synthesis inhibitor'],-0.69599,3.728737
BR00117026,N04,U2OS,24,thioguanine,compound,BRD-K49350383-001-13-7,poscon_diverse,,-3.2084024,1.6929749
BR00117026,N05,U2OS,24,droxinostat,compound,BRD-K11558771-001-13-9,,['HDAC inhibitor'],-4.93136,-0.9398999
BR00117026,N06,U2OS,24,UNC2025,compound,BRD-K91283740-003-01-6,poscon_cp,['FLT3 inhibitor'],-1.6930203,2.1690485
BR00117026,N07,U2OS,24,DMSO,compound,,negcon,,-4.212773,-2.5230546
BR00117026,N08,U2OS,24,DMSO,compound,,negcon,,-4.2835665,-2.2448053
BR00117026,N09,U2OS,24,AMG900,compound,BRD-K21728777-001-02-3,poscon_cp,['Aurora kinase inhibitor'],-0.8511743,0.30709887
BR00117026,N10,U2OS,24,PF-06463922,compound,BRD-A23124853-001-01-4,,['ALK tyrosine kinase receptor inhibitor'],-4.281004,1.7490073
BR00117026,N11,U2OS,24,orantinib,compound,BRD-K55966568-001-09-6,poscon_cp,"['FGFR inhibitor', 'PDGFR tyrosine kinase receptor inhibitor', 'VEGFR inhibitor']",-3.7996027,-0.62345475
BR00117026,N12,U2OS,24,fludarabine-phosphate,compound,BRD-K71106091-001-09-5,,['ribonucleotide reductase inhibitor'],-1.5927312,-0.20170891
BR00117026,N13,U2OS,24,ceritinib,compound,BRD-K22149900-001-06-2,,['ALK tyrosine kinase receptor inhibitor'],-4.478278,2.212145
BR00117026,N14,U2OS,24,NVS-PAK1-1,compound,BRD-K28132190-001-02-0,poscon_cp,['p21 activated kinase inhibitor'],-3.2060177,1.7974601
BR00117026,N15,U2OS,24,homoharringtonine,compound,BRD-K76674262-001-03-3,,['protein synthesis inhibitor'],-0.77983826,3.5887344
BR00117026,N16,U2OS,24,picrotoxinin,compound,BRD-K36461289-001-05-8,,['GABA receptor antagonist'],-3.5871897,-0.54334253
BR00117026,N17,U2OS,24,DMSO,compound,,negcon,,-4.54231,-2.9231
BR00117026,N18,U2OS,24,danusertib,compound,BRD-K07881437-001-03-8,poscon_diverse,"['growth factor receptor inhibitor', 'Aurora kinase inhibitor']",-0.78532445,0.20650995
BR00117026,N19,U2OS,24,romidepsin,compound,BRD-K61397605-001-01-8,poscon_cp,['HDAC inhibitor'],-0.7155645,3.9687033
BR00117026,N20,U2OS,24,FERb-033,compound,BRD-K61642990-001-01-0,poscon_cp,['EGFR inhibitor'],-4.448213,0.8409069
BR00117026,N21,U2OS,24,PF-03758309,compound,BRD-K37764012-001-03-3,poscon_diverse,['p21 activated kinase inhibitor'],-1.8882437,2.544324
BR00117026,N22,U2OS,24,DMSO,compound,,negcon,,-4.6809354,-3.1603603
BR00117026,N23,U2OS,24,trometamol,compound,BRD-K47978074-001-03-2,,,-4.2535276,-1.5189711
BR00117026,N24,U2OS,24,simvastatin,compound,BRD-K22134346-001-22-3,,['HMGCR inhibitor'],-3.5507567,1.6882224
BR00117026,O01,U2OS,24,zaprinast,compound,BRD-K16542329-001-16-8,,['phosphodiesterase inhibitor'],-2.3672602,-1.1976682
BR00117026,O02,U2OS,24,dexamethasone,compound,BRD-A10188456-001-04-9,,['glucocorticoid receptor agonist'],-4.3776665,0.9890248
BR00117026,O03,U2OS,24,salicylic-acid,compound,BRD-K93632104-001-17-2,,['cyclooxygenase inhibitor'],-4.579253,-1.5830209
BR00117026,O04,U2OS,24,diltiazem,compound,BRD-A69636825-003-04-7,,['calcium channel blocker'],-4.787124,-1.3728323
BR00117026,O05,U2OS,24,phenolphthalein,compound,BRD-K19227686-001-18-6,,,-4.7211127,-1.59841
BR00117026,O06,U2OS,24,niflumic-acid,compound,BRD-K98763141-001-30-8,,['cyclooxygenase inhibitor'],-5.009708,-0.88119143
BR00117026,O07,U2OS,24,DMSO,compound,,negcon,,-4.9483175,-2.9361
BR00117026,O08,U2OS,24,L-Cystine,compound,BRD-A15397381-001-02-5,,,-5.268899,0.24931222
BR00117026,O09,U2OS,24,ozanimod,compound,BRD-K46625559-001-01-8,,['sphingosine 1 phosphate receptor agonist'],-5.068837,2.64132
BR00117026,O10,U2OS,24,efaroxan,compound,BRD-A10739734-003-09-8,,['adrenergic receptor antagonist'],-4.7978306,-1.9353118
BR00117026,O11,U2OS,24,NBQX,compound,BRD-K11796549-001-05-2,,['glutamate receptor antagonist'],-4.21195,-0.50046587
BR00117026,O12,U2OS,24,dinoprostone,compound,BRD-K26521938-001-07-2,,['prostanoid receptor agonist'],-5.007426,0.26886612
BR00117026,O13,U2OS,24,Ro-20-1724,compound,BRD-A07207424-001-14-0,,['phosphodiesterase inhibitor'],-3.7133071,-1.1911144
BR00117026,O14,U2OS,24,xanomeline,compound,BRD-K72815923-034-02-0,,['acetylcholine receptor agonist'],-4.370547,-1.705809
BR00117026,O15,U2OS,24,terazosin,compound,BRD-K01825589-310-02-9,,['adrenergic receptor antagonist'],-4.598634,-1.0050974
BR00117026,O16,U2OS,24,BVT-948,compound,BRD-K68567222-001-01-2,,,-2.023372,3.864404
BR00117026,O17,U2OS,24,nicotine,compound,BRD-K01825660-322-01-9,,['acetylcholine receptor agonist'],-4.547728,-1.6614206
BR00117026,O18,U2OS,24,DMSO,compound,,negcon,,-4.903581,-2.811098
BR00117026,O19,U2OS,24,U-0521,compound,BRD-K08953028-001-09-6,,,-4.567025,-1.152424
BR00117026,O20,U2OS,24,BMS-587101,compound,BRD-K20093108-001-02-3,,,-4.1765175,0.57007575
BR00117026,O21,U2OS,24,nimodipine,compound,BRD-A58048407-001-20-4,,['calcium channel blocker'],-4.426896,0.6110333
BR00117026,O22,U2OS,24,pyrrolidine-dithiocarbamate,compound,BRD-K80970344-201-08-6,,,-0.7445417,4.32864
BR00117026,O23,U2OS,24,PF-915275,compound,BRD-K18289362-001-02-2,,,-4.9345994,-1.7463496
BR00117026,O24,U2OS,24,JTE-013,compound,BRD-K43330982-001-02-3,,,-2.975038,-0.49861875
BR00117026,P01,U2OS,24,sodium-butyrate,compound,BRD-K05878375-236-05-7,,['HDAC inhibitor'],-2.2932358,-1.0238923
BR00117026,P02,U2OS,24,pentostatin,compound,BRD-K91543828-001-02-0,,['ribonucleotide reductase inhibitor'],-2.4364955,-1.2644107
BR00117026,P03,U2OS,24,OMDM-2,compound,BRD-K48830578-001-01-9,,,-2.5849478,-0.9732695
BR00117026,P04,U2OS,24,nalmefene,compound,BRD-A72767275-003-01-6,,,-2.6132522,-1.414802
BR00117026,P05,U2OS,24,DMSO,compound,,negcon,,-3.0234256,-1.8914434
BR00117026,P06,U2OS,24,1-EBIO,compound,BRD-K70586315-001-02-4,,,-2.8528996,-1.6893746
BR00117026,P07,U2OS,24,SB-505124,compound,BRD-K40109029-001-02-9,,['ALK tyrosine kinase receptor inhibitor'],-2.5383527,0.6170563
BR00117026,P08,U2OS,24,prasugrel,compound,BRD-A83029242-001-06-1,,['purinergic receptor antagonist'],-2.6359842,-0.35152468
BR00117026,P09,U2OS,24,pidolic-acid,compound,BRD-K57313110-001-06-8,,,-2.5150862,-0.445866
BR00117026,P10,U2OS,24,DMSO,compound,,negcon,,-3.1016135,-2.0500526
BR00117026,P11,U2OS,24,nevirapine,compound,BRD-K15502390-001-20-9,,,-3.104357,-1.5860426
BR00117026,P12,U2OS,24,triamterene,compound,BRD-K92049597-001-20-8,,['sodium channel blocker'],-3.0599234,-0.12585819
BR00117026,P13,U2OS,24,regorafenib,compound,BRD-K16730910-001-07-3,,"['PDGFR tyrosine kinase receptor inhibitor', 'RAF inhibitor', 'KIT inhibitor', 'RET tyrosine kinase inhibitor', 'FGFR inhibitor', 'VEGFR inhibitor']",-4.050621,1.5466822
BR00117026,P14,U2OS,24,cyclophosphamide,compound,BRD-A09722536-002-18-0,,,-3.0090365,-0.8215536
BR00117026,P15,U2OS,24,olanzapine,compound,BRD-K18895904-001-16-1,,"['dopamine receptor antagonist', 'serotonin receptor antagonist']",-4.559872,2.5058894
BR00117026,P16,U2OS,24,KI-16425,compound,BRD-A25569250-001-03-3,,['lysophosphatidic acid receptor antagonist'],-2.8561826,-1.0614783
BR00117026,P17,U2OS,24,SKLB1002,compound,BRD-K29895144-001-01-0,,['VEGFR inhibitor'],-2.535124,0.79914445
BR00117026,P18,U2OS,24,cilostazol,compound,BRD-K67017579-001-28-1,,['phosphodiesterase inhibitor'],-3.2299182,-0.3498707
BR00117026,P19,U2OS,24,AZD1283,compound,BRD-K77060810-001-01-5,,['purinergic receptor antagonist'],-2.9338567,-0.712496
BR00117026,P20,U2OS,24,A-987306,compound,BRD-K68982262-001-01-4,,['histamine receptor antagonist'],-4.750134,2.7296789
BR00117026,P21,U2OS,24,procaine,compound,BRD-K24616672-003-20-1,,['HMGCR inhibitor'],-3.0279605,-0.5334996
BR00117026,P22,U2OS,24,miconazole,compound,BRD-A82396632-008-30-8,,['bacterial cell wall synthesis inhibitor'],-4.4669905,0.12327243
BR00117026,P23,U2OS,24,loperamide,compound,BRD-K61250553-003-30-6,,,-3.0964162,-0.17181376
BR00117026,P24,U2OS,24,aripiprazole,compound,BRD-K70358946-001-17-3,,['serotonin receptor antagonist'],-2.733057,-0.5705553
