plate,well,cell_type,timepoint,compound,perturbation,broad_sample,control_type,moas,umap_1,umap_2
BR00117010,A01,U2OS,48,gabapentin-enacarbil,compound,BRD-A86665761-001-01-1,,,15.024064,7.1429687
BR00117010,A02,U2OS,48,DMSO,compound,,negcon,,14.868691,6.875716
BR00117010,A03,U2OS,48,amlodipine,compound,BRD-A22032524-074-09-9,,['calcium channel blocker'],15.226252,6.782516
BR00117010,A04,U2OS,48,hexestrol,compound,BRD-A01078468-001-14-8,,,14.751825,6.470106
BR00117010,A05,U2OS,48,quinine,compound,BRD-K48278478-001-01-2,,,14.829307,6.263227
BR00117010,A06,U2OS,48,LOXO-101,compound,BRD-K36574127-001-01-3,,,14.961279,6.7037926
BR00117010,A07,U2OS,48,brinzolamide,compound,BRD-K74913225-001-14-0,,['carbonic anhydrase inhibitor'],14.98377,5.721956
BR00117010,A08,U2OS,48,NS-11021,compound,BRD-K94342292-001-01-3,,['calcium-activated potassium channel activator'],15.579891,6.5026736
BR00117010,A09,U2OS,48,DMSO,compound,,negcon,,15.172185,5.256837
BR00117010,A10,U2OS,48,GNF-5837,compound,BRD-K19975102-001-01-2,,['growth factor receptor inhibitor'],10.629566,1.3109857
BR00117010,A11,U2OS,48,apatinib,compound,BRD-K25244359-066-02-6,,['RET tyrosine kinase inhibitor'],13.980254,3.7685962
BR00117010,A12,U2OS,48,ethoxzolamide,compound,BRD-K18131774-001-18-4,,['carbonic anhydrase inhibitor'],15.156218,4.920506
BR00117010,A13,U2OS,48,ascorbic-acid,compound,BRD-A85242401-001-11-5,,,14.357156,4.9417615
BR00117010,A14,U2OS,48,ryuvidine,compound,BRD-K06426971-001-02-7,,['histone lysine methyltransferase inhibitor'],5.755397,1.9033519
BR00117010,A15,U2OS,48,BAN-ORL-24,compound,BRD-K47049295-300-03-1,,,9.243694,1.0339316
BR00117010,A16,U2OS,48,NNC-55-0396,compound,BRD-K78122587-300-04-3,,,10.732982,1.2803563
BR00117010,A17,U2OS,48,DMSO,compound,,negcon,,15.126576,4.987902
BR00117010,A18,U2OS,48,WH-4-023,compound,BRD-K50199947-001-03-4,,['src inhibitor'],10.969288,1.2507478
BR00117010,A19,U2OS,48,flupirtine,compound,BRD-K50720187-051-03-1,,['glutamate receptor antagonist'],14.895593,4.8230696
BR00117010,A20,U2OS,48,ZK811752,compound,BRD-K91825936-001-03-9,,,14.75442,4.81638
BR00117010,A21,U2OS,48,dexamethasone,compound,BRD-K38775274-001-22-1,,['glucocorticoid receptor agonist'],15.25897,4.8756623
BR00117010,A22,U2OS,48,PP-1,compound,BRD-K47598052-001-14-1,,['src inhibitor'],11.60417,1.487988
BR00117010,A23,U2OS,48,DDR1-IN-1,compound,BRD-K61845293-300-01-9,,,15.279103,4.6265006
BR00117010,A24,U2OS,48,AVL-292,compound,BRD-K87782578-001-01-4,,"[""Bruton's tyrosine kinase (BTK) inhibitor""]",9.183053,1.6598387
BR00117010,B01,U2OS,48,H2L-5765834,compound,BRD-K26439554-001-01-3,,['lysophosphatidic acid receptor antagonist'],14.374998,6.805005
BR00117010,B02,U2OS,48,thiostrepton,compound,BRD-K58049875-001-03-9,,['protein synthesis inhibitor'],5.894167,0.026310563
BR00117010,B03,U2OS,48,DMSO,compound,,negcon,,14.313882,6.2436867
BR00117010,B04,U2OS,48,arcyriaflavin-a,compound,BRD-K72726508-001-02-1,,['CDK inhibitor'],10.295077,2.650114
BR00117010,B05,U2OS,48,CYM-5520,compound,BRD-K29151923-001-01-5,,['sphingosine 1 phosphate receptor agonist'],14.065859,5.9662232
BR00117010,B06,U2OS,48,fludarabine,compound,BRD-K66788707-001-14-3,,['ribonucleotide reductase inhibitor'],10.349131,5.4584713
BR00117010,B07,U2OS,48,alda-1,compound,BRD-K06890060-001-09-1,,,14.628678,5.7830515
BR00117010,B08,U2OS,48,meclofenamic-acid,compound,BRD-K50398167-236-22-7,,"['cyclooxygenase inhibitor', 'prostanoid receptor antagonist']",13.593048,5.433319
BR00117010,B09,U2OS,48,GNF-5,compound,BRD-K87632963-001-03-0,,['Bcr-Abl kinase inhibitor'],13.106871,4.8200135
BR00117010,B10,U2OS,48,NS-309,compound,BRD-K37602296-001-01-6,,['calcium-activated potassium channel activator'],13.241421,3.3448997
BR00117010,B11,U2OS,48,AK-7,compound,BRD-K09143580-001-01-0,,['SIRT inhibitor'],14.558341,3.6582131
BR00117010,B12,U2OS,48,BVT-948,compound,BRD-A22713669-001-04-3,,,5.8992367,1.9387167
BR00117010,B13,U2OS,48,SirReal-2,compound,BRD-K16472653-001-01-6,,['SIRT inhibitor'],14.82452,4.419439
BR00117010,B14,U2OS,48,DMSO,compound,,negcon,,14.971551,4.838354
BR00117010,B15,U2OS,48,BMS-536924,compound,BRD-K34581968-001-05-3,,['IGF-1 inhibitor'],10.139636,1.6214019
BR00117010,B16,U2OS,48,PP-121,compound,BRD-K81801188-001-02-8,,['protein tyrosine kinase inhibitor'],7.013763,1.4682958
BR00117010,B17,U2OS,48,MCOPPB,compound,BRD-K73276278-305-01-1,,,11.360221,0.21467517
BR00117010,B18,U2OS,48,ozagrel,compound,BRD-K53061490-003-13-9,,,14.93513,3.8494499
BR00117010,B19,U2OS,48,CYM-5442,compound,BRD-A43005764-003-01-5,,['sphingosine 1 phosphate receptor agonist'],11.204687,0.1862859
BR00117010,B20,U2OS,48,CVT-10216,compound,BRD-K60659193-001-01-0,,,15.2729845,4.021734
BR00117010,B21,U2OS,48,TCN201,compound,BRD-K09787262-001-02-7,,['glutamate receptor antagonist'],15.241971,3.018744
BR00117010,B22,U2OS,48,fomepizole,compound,BRD-K56810756-003-07-7,,['alcohol dehydrogenase inhibitor'],15.263132,3.431168
BR00117010,B23,U2OS,48,benzamil,compound,BRD-K87158025-003-08-7,,['sodium channel blocker'],15.076161,4.0541472
BR00117010,B24,U2OS,48,lercanidipine,compound,BRD-A18992208-003-02-7,,['calcium channel blocker'],15.433419,4.358778
BR00117010,C01,U2OS,48,4-CMTB,compound,BRD-A54139254-001-09-2,,['free fatty acid receptor agonist'],14.087362,6.920297
BR00117010,C02,U2OS,48,ML-228,compound,BRD-K44432556-001-05-5,,,11.54679,5.913602
BR00117010,C03,U2OS,48,DMSO,compound,,negcon,,12.281421,6.653023
BR00117010,C04,U2OS,48,GSK1070916,compound,BRD-K36740062-001-06-6,,['Aurora kinase inhibitor'],8.895319,4.5297437
BR00117010,C05,U2OS,48,ML-193,compound,BRD-K27539181-001-08-5,,,12.059617,6.6279583
BR00117010,C06,U2OS,48,DMSO,compound,,negcon,,12.448868,5.834562
BR00117010,C07,U2OS,48,M-25,compound,BRD-K51265828-001-01-0,,['smoothened receptor antagonist'],13.108702,4.024338
BR00117010,C08,U2OS,48,azeliragon,compound,BRD-K51899933-001-02-6,,['RAGE receptor antagonist'],6.0530643,0.99779975
BR00117010,C09,U2OS,48,CYT-997,compound,BRD-K23363278-001-02-1,poscon_diverse,['tubulin polymerization inhibitor'],6.31262,-0.16790777
BR00117010,C10,U2OS,48,AR-12,compound,BRD-K90497590-001-05-9,,,5.6332726,1.9155827
BR00117010,C11,U2OS,48,CYM-50260,compound,BRD-K69877120-001-01-7,,['sphingosine 1 phosphate receptor agonist'],13.08687,3.7241974
BR00117010,C12,U2OS,48,DMSO,compound,,negcon,,13.218031,3.754397
BR00117010,C13,U2OS,48,KG-5,compound,BRD-K90747162-001-01-4,poscon_cp,['RAF inhibitor'],8.450331,0.85645264
BR00117010,C14,U2OS,48,JTE-607,compound,BRD-K81405859-300-01-4,,,9.650121,5.2392116
BR00117010,C15,U2OS,48,DMSO,compound,,negcon,,13.594831,3.772309
BR00117010,C16,U2OS,48,ilomastat,compound,BRD-K51662849-001-05-4,,['matrix metalloprotease inhibitor'],13.957244,5.419338
BR00117010,C17,U2OS,48,RX-821002,compound,BRD-A65597028-003-08-1,,['adrenergic receptor antagonist'],13.506771,3.5139017
BR00117010,C18,U2OS,48,DMSO,compound,,negcon,,13.81534,3.1351871
BR00117010,C19,U2OS,48,TUG-891,compound,BRD-K24282351-001-01-4,,['free fatty acid receptor agonist'],14.931096,3.2768009
BR00117010,C20,U2OS,48,ponatinib,compound,BRD-K44227013-001-08-0,,"['PDGFR tyrosine kinase receptor inhibitor', 'FLT3 inhibitor', 'Bcr-Abl kinase inhibitor']",5.7039776,1.5096507
BR00117010,C21,U2OS,48,DMSO,compound,,negcon,,14.586963,3.28672
BR00117010,C22,U2OS,48,puromycin,compound,BRD-K01824976-300-02-9,,['protein synthesis inhibitor'],5.6632247,1.4658304
BR00117010,C23,U2OS,48,SRC-kinase-inhibitor-I,compound,BRD-K50495309-001-02-0,,['src inhibitor'],11.908418,1.0634043
BR00117010,C24,U2OS,48,acetylcysteine,compound,BRD-K59058747-001-19-1,,,15.350148,4.3730764
BR00117010,D01,U2OS,48,NSC-625987,compound,BRD-K62949423-001-03-1,,['CDK inhibitor'],14.320702,7.2230396
BR00117010,D02,U2OS,48,dalfampridine,compound,BRD-K22482860-001-20-6,,['potassium channel blocker'],12.097645,6.034804
BR00117010,D03,U2OS,48,NSC-95397,compound,BRD-K68143200-001-11-7,,['CDC inhibitor'],6.014471,1.6637315
BR00117010,D04,U2OS,48,alrestatin,compound,BRD-K35498378-001-06-1,,['aldose reductase inhibitor'],11.493842,6.1420007
BR00117010,D05,U2OS,48,PF-03758309,compound,BRD-K37764012-001-03-3,poscon_diverse,['p21 activated kinase inhibitor'],12.152642,5.988844
BR00117010,D06,U2OS,48,IRL-2500,compound,BRD-K98357249-001-02-9,,['endothelin receptor antagonist'],12.315371,6.134031
BR00117010,D07,U2OS,48,PF-04217903,compound,BRD-K73319509-001-08-0,poscon_cp,,11.051972,5.469423
BR00117010,D08,U2OS,48,FK-866,compound,BRD-K58550667-001-08-7,poscon_diverse,,7.1249003,2.3212314
BR00117010,D09,U2OS,48,amlexanox,compound,BRD-K29530284-001-06-2,,,11.213272,3.5349562
BR00117010,D10,U2OS,48,GW-311616,compound,BRD-K37864785-001-01-0,,['elastase inhibitor'],10.9713745,2.3496501
BR00117010,D11,U2OS,48,buparlisib,compound,BRD-K42191735-001-08-7,poscon_diverse,,6.321552,0.2153679
BR00117010,D12,U2OS,48,amiloride,compound,BRD-K97181089-003-24-7,,['sodium channel blocker'],10.815972,3.0641448
BR00117010,D13,U2OS,48,DG-172,compound,BRD-K75748943-300-01-3,,,11.615381,0.34566125
BR00117010,D14,U2OS,48,DMSO,compound,,negcon,,13.449965,3.634378
BR00117010,D15,U2OS,48,DMSO,compound,,negcon,,11.882306,3.7763844
BR00117010,D16,U2OS,48,NVP-ADW742,compound,BRD-K15179513-001-04-2,poscon_cp,,11.0030575,0.5661236
BR00117010,D17,U2OS,48,misoprostol,compound,BRD-A72351335-001-04-5,,['prostanoid receptor agonist'],9.782755,4.799173
BR00117010,D18,U2OS,48,conivaptan,compound,BRD-K37385792-003-02-1,,,12.703733,1.7555197
BR00117010,D19,U2OS,48,spiroxatrine,compound,BRD-A72483914-001-03-7,,['serotonin receptor antagonist'],15.001307,2.853985
BR00117010,D20,U2OS,48,diacerein,compound,BRD-K69122748-001-10-1,,,14.599962,2.5275764
BR00117010,D21,U2OS,48,DMSO,compound,,negcon,,14.736928,2.4759357
BR00117010,D22,U2OS,48,DMSO,compound,,negcon,,14.749428,2.1510506
BR00117010,D23,U2OS,48,glyburide,compound,BRD-K36927236-001-36-7,,['ATP channel blocker'],15.118279,2.9986722
BR00117010,D24,U2OS,48,ANR-94,compound,BRD-K31170746-001-01-6,,,16.052559,3.9167457
BR00117010,E01,U2OS,48,TFC-007,compound,BRD-K57708067-001-01-3,,,13.856168,7.009738
BR00117010,E02,U2OS,48,trihexyphenidyl,compound,BRD-A48180038-003-24-3,,['acetylcholine receptor antagonist'],12.01659,6.363229
BR00117010,E03,U2OS,48,epoprostenol,compound,BRD-K64054020-001-02-7,,,12.298603,6.42101
BR00117010,E04,U2OS,48,sacubitril,compound,BRD-K91456750-001-01-9,,,12.350337,6.3403006
BR00117010,E05,U2OS,48,danusertib,compound,BRD-K07881437-001-03-8,poscon_diverse,"['growth factor receptor inhibitor', 'Aurora kinase inhibitor']",8.927725,4.9547815
BR00117010,E06,U2OS,48,CYT-997,compound,BRD-K23363278-001-02-1,poscon_diverse,['tubulin polymerization inhibitor'],6.658486,-0.184595
BR00117010,E07,U2OS,48,DMSO,compound,,negcon,,12.267985,5.9360504
BR00117010,E08,U2OS,48,BQ-788,compound,BRD-K02490038-236-03-8,,['endothelin receptor antagonist'],11.759112,6.2858706
BR00117010,E09,U2OS,48,SB-202190,compound,BRD-K54330070-001-19-6,poscon_orf,['p38 MAPK inhibitor'],12.27271,1.9503924
BR00117010,E10,U2OS,48,GSK2110183,compound,BRD-K25412176-001-01-9,poscon_diverse,,11.049687,2.904959
BR00117010,E11,U2OS,48,GSK3787,compound,BRD-K03155172-001-03-0,,['PPAR receptor antagonist'],12.326295,3.7711818
BR00117010,E12,U2OS,48,BAM7,compound,BRD-K07442505-001-03-6,,,13.355837,3.7521307
BR00117010,E13,U2OS,48,PHA-793887,compound,BRD-K64800655-001-09-0,poscon_diverse,['CDK inhibitor'],7.4628563,1.2179935
BR00117010,E14,U2OS,48,DMSO,compound,,negcon,,12.106154,3.8630242
BR00117010,E15,U2OS,48,GSK-37647,compound,BRD-K26514105-001-01-7,,['free fatty acid receptor agonist'],11.797225,3.605828
BR00117010,E16,U2OS,48,desonide,compound,BRD-K21528677-001-04-4,,['glucocorticoid receptor agonist'],10.488137,3.0054328
BR00117010,E17,U2OS,48,DMSO,compound,,negcon,,13.687526,2.8556054
BR00117010,E18,U2OS,48,aloxistatin,compound,BRD-K91188791-001-17-5,,,14.053294,3.171655
BR00117010,E19,U2OS,48,azathioprine,compound,BRD-K32821942-001-22-1,,,14.783824,3.385955
BR00117010,E20,U2OS,48,ZK-93423,compound,BRD-K33882852-003-02-8,poscon_diverse,['benzodiazepine receptor agonist'],14.177038,3.7679777
BR00117010,E21,U2OS,48,BI-2536,compound,BRD-K64890080-001-02-1,poscon_diverse,,7.24265,0.12780322
BR00117010,E22,U2OS,48,EI1,compound,BRD-K91535048-001-01-2,poscon_cp,['histone lysine methyltransferase inhibitor'],15.441287,3.3276732
BR00117010,E23,U2OS,48,NVP-HSP990,compound,BRD-K67915505-001-01-2,,['HSP inhibitor'],6.5599556,0.82312095
BR00117010,E24,U2OS,48,DMSO,compound,,negcon,,15.800483,3.8121498
BR00117010,F01,U2OS,48,DMSO,compound,,negcon,,14.236294,6.921009
BR00117010,F02,U2OS,48,nialamide,compound,BRD-K12102668-001-25-5,,,12.580722,6.9001665
BR00117010,F03,U2OS,48,DMSO,compound,,negcon,,12.40789,6.5220656
BR00117010,F04,U2OS,48,arundic-acid,compound,BRD-K49223707-001-01-0,,,11.647518,6.143449
BR00117010,F05,U2OS,48,torcitabine,compound,BRD-K91822704-003-07-2,,,12.592597,6.4857297
BR00117010,F06,U2OS,48,DMSO,compound,,negcon,,11.477321,6.2564063
BR00117010,F07,U2OS,48,epothilone-b,compound,BRD-K68164687-001-01-6,,"['microtubule stabilizing agent', 'tubulin polymerization inhibitor']",8.4289255,0.7342287
BR00117010,F08,U2OS,48,dyphylline,compound,BRD-A00827783-001-24-6,,['phosphodiesterase inhibitor'],11.20335,5.4040008
BR00117010,F09,U2OS,48,DMSO,compound,,negcon,,13.50467,4.5644073
BR00117010,F10,U2OS,48,quinidine,compound,BRD-K59632282-052-03-1,,['sodium channel blocker'],13.939713,4.9824276
BR00117010,F11,U2OS,48,halopemide,compound,BRD-K50055394-001-03-6,,,10.549656,3.3871603
BR00117010,F12,U2OS,48,sulfinpyrazone,compound,BRD-A36217750-001-16-3,,,12.789541,5.0775714
BR00117010,F13,U2OS,48,ML-323,compound,BRD-K93942811-001-01-3,poscon_cp,['ubiquitin specific protease inhibitor'],13.142287,0.030967128
BR00117010,F14,U2OS,48,racecadotril,compound,BRD-A08187463-001-12-9,,,12.824339,5.046463
BR00117010,F15,U2OS,48,BRL-50481,compound,BRD-K84266862-001-03-2,,['phosphodiesterase inhibitor'],12.597345,2.4757938
BR00117010,F16,U2OS,48,GSK2110183,compound,BRD-K25412176-001-01-9,poscon_diverse,,10.9504595,2.83975
BR00117010,F17,U2OS,48,bufexamac,compound,BRD-K36660044-001-24-2,,['cyclooxygenase inhibitor'],13.107179,2.7950592
BR00117010,F18,U2OS,48,anandamide,compound,BRD-K42352790-001-05-3,,,12.438273,4.080933
BR00117010,F19,U2OS,48,thioguanine,compound,BRD-K49350383-001-13-7,poscon_diverse,,10.062368,2.6935983
BR00117010,F20,U2OS,48,IWP-L6,compound,BRD-K53234107-001-01-6,,['porcupine inhibitor'],13.904884,2.9171054
BR00117010,F21,U2OS,48,edoxaban,compound,BRD-K29322660-001-01-9,,['coagulation factor inhibitor'],14.914897,2.5272734
BR00117010,F22,U2OS,48,lonafarnib,compound,BRD-K41599323-001-02-3,poscon_diverse,,10.135658,1.8716829
BR00117010,F23,U2OS,48,ibutamoren,compound,BRD-K44771174-066-01-0,,,15.081739,3.678843
BR00117010,F24,U2OS,48,somatostatin,compound,BRD-K14681867-001-01-6,,['somatostatin receptor agonist'],15.608931,4.015808
BR00117010,G01,U2OS,48,L-proline,compound,BRD-K01666412-001-02-0,,,13.865442,7.074435
BR00117010,G02,U2OS,48,zamifenacin,compound,BRD-K80451230-051-02-6,,['acetylcholine receptor antagonist'],12.406709,6.9970303
BR00117010,G03,U2OS,48,YC-1,compound,BRD-K60476892-001-16-1,,,7.2621202,0.37171564
BR00117010,G04,U2OS,48,DMSO,compound,,negcon,,12.222307,6.4528112
BR00117010,G05,U2OS,48,ME-0328,compound,BRD-K24283677-001-01-9,,['PPAR receptor antagonist'],11.859216,6.425621
BR00117010,G06,U2OS,48,NSC-663284,compound,BRD-K03109492-001-02-2,,['CDC inhibitor'],5.6903734,1.8802224
BR00117010,G07,U2OS,48,CYM-50358,compound,BRD-K80666802-003-01-0,,,11.728423,4.020075
BR00117010,G08,U2OS,48,trazodone,compound,BRD-K70778732-003-27-5,,"['adrenergic receptor antagonist', 'serotonin receptor antagonist']",11.862271,5.6028004
BR00117010,G09,U2OS,48,DMSO,compound,,negcon,,12.065293,4.047384
BR00117010,G10,U2OS,48,DMSO,compound,,negcon,,11.924096,5.1018696
BR00117010,G11,U2OS,48,sulfasalazine,compound,BRD-K10670311-001-17-1,,['cyclooxygenase inhibitor'],11.750121,3.8227873
BR00117010,G12,U2OS,48,"2,5-furandimethanol",compound,BRD-K29791386-001-01-8,,,12.623215,5.9660087
BR00117010,G13,U2OS,48,DMSO,compound,,negcon,,12.018417,3.545652
BR00117010,G14,U2OS,48,dilazep,compound,BRD-K48722258-300-11-0,,,12.578268,3.7650526
BR00117010,G15,U2OS,48,felodipine,compound,BRD-A30815329-001-12-1,,['calcium channel blocker'],11.238212,3.268304
BR00117010,G16,U2OS,48,paliperidone,compound,BRD-A99888680-001-05-3,,"['dopamine receptor antagonist', 'serotonin receptor antagonist']",12.24089,3.7508974
BR00117010,G17,U2OS,48,purvalanol-a,compound,BRD-K50836978-001-03-3,poscon_orf,['CDK inhibitor'],9.397058,4.28594
BR00117010,G18,U2OS,48,DMSO,compound,,negcon,,11.441698,2.4212108
BR00117010,G19,U2OS,48,Ro-1138452,compound,BRD-K77220725-003-01-5,,['prostanoid receptor antagonist'],11.916435,2.8952878
BR00117010,G20,U2OS,48,sorbinil,compound,BRD-A89164055-001-03-3,,['aldose reductase inhibitor'],14.054995,1.8479991
BR00117010,G21,U2OS,48,TC-S-7004,compound,BRD-K89517477-001-01-4,poscon_cp,['DYRK inhibitor'],9.426076,3.183324
BR00117010,G22,U2OS,48,saclofen,compound,BRD-A24122750-001-03-7,,['GABA receptor antagonist'],14.185621,1.6300411
BR00117010,G23,U2OS,48,BAY-87-2243,compound,BRD-K70463136-001-01-5,,,14.43334,4.430754
BR00117010,G24,U2OS,48,ibudilast,compound,BRD-K16444452-001-09-1,,['phosphodiesterase inhibitor'],15.907604,4.2610345
BR00117010,H01,U2OS,48,briciclib,compound,BRD-K05531427-001-01-7,,,6.1587253,-0.14677963
BR00117010,H02,U2OS,48,2-Oleoylglycerol,compound,BRD-K77087341-001-02-4,,,12.351289,6.6801133
BR00117010,H03,U2OS,48,RGFP966,compound,BRD-K61688984-001-02-9,poscon_cp,['HDAC inhibitor'],9.919364,3.606862
BR00117010,H04,U2OS,48,DMSO,compound,,negcon,,11.317488,6.104379
BR00117010,H05,U2OS,48,azacitidine,compound,BRD-K03406345-001-21-1,poscon_diverse,,10.918513,5.179997
BR00117010,H06,U2OS,48,N6-cyclopentyladenosine,compound,BRD-K60150510-001-15-6,,,12.455275,6.6132154
BR00117010,H07,U2OS,48,filgotinib,compound,BRD-K16803204-001-01-6,poscon_cp,['JAK inhibitor'],10.905036,3.4318414
BR00117010,H08,U2OS,48,guanidine,compound,BRD-K76037122-001-02-5,,['HSP inhibitor'],12.764656,5.898083
BR00117010,H09,U2OS,48,coumarin,compound,BRD-K23913458-001-20-7,,,11.45148,4.4032593
BR00117010,H10,U2OS,48,DMSO,compound,,negcon,,11.909013,4.7700176
BR00117010,H11,U2OS,48,ZM-336372,compound,BRD-K73789395-001-09-9,poscon_orf,['RAF inhibitor'],12.231446,2.6588516
BR00117010,H12,U2OS,48,citric-acid,compound,BRD-K76792669-001-08-1,,['coagulation factor inhibitor'],10.98201,5.094298
BR00117010,H13,U2OS,48,DMSO,compound,,negcon,,13.261553,4.5437827
BR00117010,H14,U2OS,48,CCG-63802,compound,BRD-K26970495-001-02-7,,['G protein signaling inhibitor'],13.773573,4.9501443
BR00117010,H15,U2OS,48,ibutilide,compound,BRD-A74391928-051-03-9,,['potassium channel blocker'],12.119353,2.5817966
BR00117010,H16,U2OS,48,batimastat,compound,BRD-K82818427-001-04-8,,['matrix metalloprotease inhibitor'],10.29385,3.1088579
BR00117010,H17,U2OS,48,DMSO,compound,,negcon,,6.8942103,1.1945719
BR00117010,H18,U2OS,48,DMSO,compound,,negcon,,12.065421,2.5719361
BR00117010,H19,U2OS,48,UNC1999,compound,BRD-K26989966-001-04-3,poscon_cp,['histone lysine methyltransferase inhibitor'],5.97461,1.0679544
BR00117010,H20,U2OS,48,glutamine-(l),compound,BRD-K83896451-001-06-7,,,8.26782,2.0043058
BR00117010,H21,U2OS,48,PD-98059,compound,BRD-K62810658-001-11-4,poscon_orf,,11.575305,1.9477568
BR00117010,H22,U2OS,48,enilconazole,compound,BRD-K01825690-065-01-9,,,14.928586,2.4049413
BR00117010,H23,U2OS,48,N-alpha-Methylhistamine-dihydrochloride,compound,BRD-K75390981-300-04-9,,['histamine receptor agonist'],15.582788,3.4582267
BR00117010,H24,U2OS,48,GK921,compound,BRD-K38272302-001-02-7,,,6.2840533,1.4725066
BR00117010,I01,U2OS,48,nilvadipine,compound,BRD-A84687895-001-03-2,,['calcium channel blocker'],13.827667,6.7304993
BR00117010,I02,U2OS,48,DMSO,compound,,negcon,,12.421271,6.721055
BR00117010,I03,U2OS,48,AC-710,compound,BRD-K15819326-001-01-6,,['PDGFR tyrosine kinase receptor inhibitor'],10.844775,0.52221084
BR00117010,I04,U2OS,48,PETCM,compound,BRD-A93477898-001-04-2,,,12.091219,6.283785
BR00117010,I05,U2OS,48,AZD7762,compound,BRD-K86525559-001-07-8,poscon_diverse,['CHK inhibitor'],5.5165906,1.0518398
BR00117010,I06,U2OS,48,PHA-793887,compound,BRD-K64800655-001-09-0,poscon_diverse,['CDK inhibitor'],7.4655857,1.21922
BR00117010,I07,U2OS,48,KU-60019,compound,BRD-K36016295-001-05-2,,['ATM kinase inhibitor'],9.740386,0.8651798
BR00117010,I08,U2OS,48,nafamostat,compound,BRD-K06674495-334-04-0,,,11.19025,3.865545
BR00117010,I09,U2OS,48,DMSO,compound,,negcon,,11.985848,4.949233
BR00117010,I10,U2OS,48,DMSO,compound,,negcon,,12.307522,4.617623
BR00117010,I11,U2OS,48,taladegib,compound,BRD-K50498985-001-03-3,,['smoothened receptor antagonist'],13.085863,2.9957597
BR00117010,I12,U2OS,48,acetohexamide,compound,BRD-K52960356-001-13-0,,['ATP channel blocker'],12.61773,4.6681085
BR00117010,I13,U2OS,48,minocycline,compound,BRD-A69651145-003-11-4,,,11.106333,3.1136298
BR00117010,I14,U2OS,48,BI-2536,compound,BRD-K64890080-001-02-1,poscon_diverse,,7.2390943,0.13944837
BR00117010,I15,U2OS,48,riociguat,compound,BRD-K84783599-001-01-0,,,12.057412,3.1426752
BR00117010,I16,U2OS,48,CP-724714,compound,BRD-K76908866-001-07-6,poscon_cp,"['EGFR inhibitor', 'protein tyrosine kinase inhibitor']",11.632116,2.094972
BR00117010,I17,U2OS,48,ganetespib,compound,BRD-K38852836-001-04-9,poscon_diverse,['HSP inhibitor'],6.424886,0.6501654
BR00117010,I18,U2OS,48,AZ191,compound,BRD-K80935598-001-01-1,poscon_cp,['DYRK inhibitor'],11.147934,0.06362985
BR00117010,I19,U2OS,48,BAX-channel-blocker,compound,BRD-A18763547-300-06-3,,,10.220532,0.4256828
BR00117010,I20,U2OS,48,SU3327,compound,BRD-K32730239-001-01-0,,['JNK inhibitor'],5.4776697,1.6844645
BR00117010,I21,U2OS,48,DMSO,compound,,negcon,,14.054762,1.4674306
BR00117010,I22,U2OS,48,DMSO,compound,,negcon,,13.787942,1.5341837
BR00117010,I23,U2OS,48,octreotide,compound,BRD-A64173453-015-03-1,,['somatostatin receptor agonist'],15.0266905,2.3059304
BR00117010,I24,U2OS,48,1-octanol,compound,BRD-K09338665-001-08-9,,,15.74391,3.5438054
BR00117010,J01,U2OS,48,acalabrutinib,compound,BRD-K64034691-001-01-9,,"[""Bruton's tyrosine kinase (BTK) inhibitor""]",14.394812,6.9369726
BR00117010,J02,U2OS,48,rifamycin,compound,BRD-K38512030-001-01-7,,,12.043698,6.90678
BR00117010,J03,U2OS,48,pazopanib,compound,BRD-K74514084-003-09-2,,"['KIT inhibitor', 'VEGFR inhibitor', 'PDGFR tyrosine kinase receptor inhibitor']",10.391755,2.7534473
BR00117010,J04,U2OS,48,RKI-1447,compound,BRD-K19333160-001-01-3,poscon_cp,,8.132094,2.9297562
BR00117010,J05,U2OS,48,vitamin-E,compound,BRD-K97091514-001-11-4,,['PKC inhibitor'],12.861028,6.004225
BR00117010,J06,U2OS,48,lonafarnib,compound,BRD-K41599323-001-02-3,poscon_diverse,,10.060813,2.0200353
BR00117010,J07,U2OS,48,ethyl-pyruvate,compound,BRD-K47738867-001-01-5,,,11.584634,5.703591
BR00117010,J08,U2OS,48,picrotin,compound,BRD-A91822151-001-05-0,,['GABA receptor antagonist'],12.202849,4.657471
BR00117010,J09,U2OS,48,SGX523,compound,BRD-K19477839-001-07-6,poscon_cp,,11.511318,4.15212
BR00117010,J10,U2OS,48,PP-2,compound,BRD-K95785537-001-22-3,,['src inhibitor'],11.658982,1.5537919
BR00117010,J11,U2OS,48,ME-0328,compound,BRD-A63444178-001-01-5,,['PPAR receptor antagonist'],11.259264,4.00105
BR00117010,J12,U2OS,48,AZD9668,compound,BRD-K31476763-001-01-5,,['elastase inhibitor'],12.805199,4.983042
BR00117010,J13,U2OS,48,NQDI-1,compound,BRD-K61918008-001-07-1,,,12.622785,3.6474843
BR00117010,J14,U2OS,48,DMSO,compound,,negcon,,11.927281,3.5910337
BR00117010,J15,U2OS,48,carzenide,compound,BRD-K09295674-001-09-8,,,12.693523,2.5624025
BR00117010,J16,U2OS,48,KU-55933,compound,BRD-K25311561-001-10-7,,['ATM kinase inhibitor'],11.44979,1.9410535
BR00117010,J17,U2OS,48,NVP-AEW541,compound,BRD-K24696047-001-02-3,poscon_cp,['IGF-1 inhibitor'],11.172369,1.0655487
BR00117010,J18,U2OS,48,leflunomide,compound,BRD-K78692225-001-24-5,,['PDGFR tyrosine kinase receptor inhibitor'],15.36783,3.5595102
BR00117010,J19,U2OS,48,DMSO,compound,,negcon,,14.697848,2.7799873
BR00117010,J20,U2OS,48,azacitidine,compound,BRD-K03406345-001-21-1,poscon_diverse,,12.8422165,4.6925273
BR00117010,J21,U2OS,48,ixabepilone,compound,BRD-K03601870-001-01-2,,['microtubule stabilizing agent'],6.7358828,0.12983674
BR00117010,J22,U2OS,48,KH-CB19,compound,BRD-K66430217-001-03-8,poscon_cp,['CDC inhibitor'],14.219928,1.6990027
BR00117010,J23,U2OS,48,DMSO,compound,,negcon,,14.700985,2.4829597
BR00117010,J24,U2OS,48,PF-05190457,compound,BRD-K02554563-001-01-6,,,15.472065,3.9810767
BR00117010,K01,U2OS,48,LDN-212854,compound,BRD-K59831625-001-03-9,,,5.7081904,1.3943071
BR00117010,K02,U2OS,48,formononetin,compound,BRD-K55567017-001-12-3,,['alcohol dehydrogenase inhibitor'],12.068392,6.7679462
BR00117010,K03,U2OS,48,aminopurvalanol-a,compound,BRD-K07762753-001-05-1,poscon_orf,['CDK inhibitor'],9.093248,4.400394
BR00117010,K04,U2OS,48,ruxolitinib,compound,BRD-K53972329-001-01-3,poscon_cp,['JAK inhibitor'],10.471419,3.7653954
BR00117010,K05,U2OS,48,DMSO,compound,,negcon,,12.034438,6.580591
BR00117010,K06,U2OS,48,DMSO,compound,,negcon,,12.657417,5.6558094
BR00117010,K07,U2OS,48,LGK-974,compound,BRD-K16810791-001-01-0,,['porcupine inhibitor'],11.582134,5.8007026
BR00117010,K08,U2OS,48,polydatin,compound,BRD-K43236057-001-07-1,,['ICAM1 expression inhibitor'],8.729211,1.2552866
BR00117010,K09,U2OS,48,enflurane,compound,BRD-A51831848-001-01-7,,,8.557367,2.1399894
BR00117010,K10,U2OS,48,PFI-1,compound,BRD-K13094524-001-04-2,poscon_cp,,12.516495,3.3601103
BR00117010,K11,U2OS,48,AZD7762,compound,BRD-K86525559-001-07-8,poscon_diverse,['CHK inhibitor'],5.516064,0.9531574
BR00117010,K12,U2OS,48,sotrastaurin,compound,BRD-K16761703-001-03-8,,['PKC inhibitor'],12.205297,2.0318515
BR00117010,K13,U2OS,48,DMSO,compound,,negcon,,12.132971,4.507873
BR00117010,K14,U2OS,48,cycloheximide,compound,BRD-K36055864-001-20-0,,['protein synthesis inhibitor'],7.5408893,1.4735589
BR00117010,K15,U2OS,48,oxytocin,compound,BRD-K25243230-001-01-2,,,12.193317,2.6846576
BR00117010,K16,U2OS,48,DMSO,compound,,negcon,,11.371315,4.6893296
BR00117010,K17,U2OS,48,colchicine,compound,BRD-K00259736-001-16-4,,,6.2240586,0.025984127
BR00117010,K18,U2OS,48,afimoxifene,compound,BRD-K04210847-001-21-9,,,12.224536,2.1246593
BR00117010,K19,U2OS,48,DMSO,compound,,negcon,,14.144102,3.416566
BR00117010,K20,U2OS,48,ZK-93423,compound,BRD-K33882852-003-02-8,poscon_diverse,['benzodiazepine receptor agonist'],13.896873,3.822738
BR00117010,K21,U2OS,48,RGB-286638,compound,BRD-K20986415-001-02-6,,['CDK inhibitor'],7.819804,1.3254364
BR00117010,K22,U2OS,48,FPS-ZM1,compound,BRD-K87691185-001-01-2,,['RAGE receptor antagonist'],12.29966,1.3600531
BR00117010,K23,U2OS,48,flindokalner,compound,BRD-K56740996-001-02-1,,,14.754009,1.827678
BR00117010,K24,U2OS,48,motesanib,compound,BRD-K99616396-316-05-3,,"['KIT inhibitor', 'VEGFR inhibitor', 'PDGFR tyrosine kinase receptor inhibitor']",15.399841,3.3882723
BR00117010,L01,U2OS,48,geldanamycin,compound,BRD-K43570081-001-02-4,,['HSP inhibitor'],6.5675178,0.5856989
BR00117010,L02,U2OS,48,DMSO,compound,,negcon,,12.226952,6.247378
BR00117010,L03,U2OS,48,CGP-53353,compound,BRD-K32292990-001-03-6,,"['PKC inhibitor', 'EGFR inhibitor']",13.0125675,6.499388
BR00117010,L04,U2OS,48,7-hydroxystaurosporine,compound,BRD-K45293975-001-02-0,,"['CDK inhibitor', 'PKC inhibitor', 'CHK inhibitor']",6.1883554,1.4128528
BR00117010,L05,U2OS,48,DMSO,compound,,negcon,,12.103226,6.040132
BR00117010,L06,U2OS,48,DMSO,compound,,negcon,,11.936301,6.05925
BR00117010,L07,U2OS,48,efaproxiral,compound,BRD-K37355418-236-01-6,,,12.607979,6.194189
BR00117010,L08,U2OS,48,SB-203580,compound,BRD-A37704979-001-12-3,poscon_orf,['p38 MAPK inhibitor'],11.197045,1.884856
BR00117010,L09,U2OS,48,FK-866,compound,BRD-K58550667-001-08-7,poscon_diverse,,7.1986003,2.2897239
BR00117010,L10,U2OS,48,bepridil,compound,BRD-A91008255-003-24-8,,['calcium channel blocker'],12.079134,2.8979585
BR00117010,L11,U2OS,48,delanzomib,compound,BRD-K59325863-001-04-4,,,5.63308,1.1627835
BR00117010,L12,U2OS,48,buparlisib,compound,BRD-K42191735-001-08-7,poscon_diverse,,6.236174,0.16633454
BR00117010,L13,U2OS,48,phenylbutazone,compound,BRD-K10843433-001-23-5,,"['cyclooxygenase inhibitor', 'prostanoid receptor antagonist']",12.922346,4.4971533
BR00117010,L14,U2OS,48,deferasirox,compound,BRD-K97010173-001-04-1,,,9.946143,5.4217443
BR00117010,L15,U2OS,48,DMSO,compound,,negcon,,11.615219,3.8868566
BR00117010,L16,U2OS,48,cediranib,compound,BRD-K86930074-001-05-0,,"['KIT inhibitor', 'VEGFR inhibitor']",11.48263,0.8545114
BR00117010,L17,U2OS,48,isoflurane,compound,BRD-A31564021-001-02-6,,,14.503143,2.561533
BR00117010,L18,U2OS,48,DMSO,compound,,negcon,,13.458595,3.1188643
BR00117010,L19,U2OS,48,CCG-50014,compound,BRD-K08893438-001-06-4,,['G protein signaling inhibitor'],6.443934,0.73094004
BR00117010,L20,U2OS,48,PF-431396,compound,BRD-K93788137-001-04-1,,,8.633675,4.7684293
BR00117010,L21,U2OS,48,TG-02,compound,BRD-K14560436-001-01-4,,"['CDK inhibitor', 'FLT3 inhibitor', 'JAK inhibitor']",7.095118,1.0954309
BR00117010,L22,U2OS,48,baclofen,compound,BRD-K01826724-003-07-9,,['benzodiazepine receptor agonist'],14.340275,2.3390443
BR00117010,L23,U2OS,48,thiostrepton,compound,BRD-A20697603-001-07-2,,['protein synthesis inhibitor'],9.514125,1.1011907
BR00117010,L24,U2OS,48,flufenamic-acid,compound,BRD-K44067360-001-29-5,,,15.788923,3.6945944
BR00117010,M01,U2OS,48,DMSO,compound,,negcon,,13.865227,6.971989
BR00117010,M02,U2OS,48,LY2109761,compound,BRD-K47557313-001-02-7,,,10.188192,3.171145
BR00117010,M03,U2OS,48,olopatadine,compound,BRD-K67637637-003-11-8,,['histamine receptor antagonist'],12.001378,6.656155
BR00117010,M04,U2OS,48,DMSO,compound,,negcon,,12.114884,6.4776726
BR00117010,M05,U2OS,48,castanospermine,compound,BRD-K20897876-001-11-8,,['glucosidase inhibitor'],12.231621,6.3933105
BR00117010,M06,U2OS,48,A205804,compound,BRD-K77627880-001-04-0,,['ICAM1 expression inhibitor'],12.602976,5.6193447
BR00117010,M07,U2OS,48,VU591,compound,BRD-K72063794-003-01-0,,['potassium channel blocker'],13.031899,6.062366
BR00117010,M08,U2OS,48,dalbavancin,compound,BRD-K30177383-001-01-0,,['bacterial cell wall synthesis inhibitor'],11.809772,5.2890453
BR00117010,M09,U2OS,48,CC-401,compound,BRD-K45746021-003-01-9,,['JNK inhibitor'],10.845848,3.2315726
BR00117010,M10,U2OS,48,ganetespib,compound,BRD-K38852836-001-04-9,poscon_diverse,['HSP inhibitor'],6.4182887,0.66782933
BR00117010,M11,U2OS,48,ingenol-mebutate,compound,BRD-K93779381-001-01-9,,,10.850655,1.0035213
BR00117010,M12,U2OS,48,menadione,compound,BRD-K78126613-001-27-7,,,8.050194,1.314159
BR00117010,M13,U2OS,48,cetilistat,compound,BRD-K94863486-001-02-2,,,13.704743,3.993093
BR00117010,M14,U2OS,48,methoxsalen,compound,BRD-K63430059-001-16-4,,['DNA synthesis inhibitor'],12.846758,2.445373
BR00117010,M15,U2OS,48,cyclosporine,compound,BRD-K13533483-001-16-2,,,9.988185,2.410655
BR00117010,M16,U2OS,48,NSC-632839,compound,BRD-K81197548-003-01-4,poscon_cp,['ubiquitin specific protease inhibitor'],5.6624703,0.5254351
BR00117010,M17,U2OS,48,DMSO,compound,,negcon,,12.231485,1.7676274
BR00117010,M18,U2OS,48,TG-003,compound,BRD-K97072811-001-11-4,poscon_cp,,13.130911,0.0014313187
BR00117010,M19,U2OS,48,oxibendazole,compound,BRD-K52075715-001-06-7,,['tubulin polymerization inhibitor'],6.3899407,-0.20072697
BR00117010,M20,U2OS,48,TG-101348,compound,BRD-K12502280-001-11-4,poscon_cp,"['JAK inhibitor', 'FLT3 inhibitor']",7.037132,0.48624012
BR00117010,M21,U2OS,48,miglitol,compound,BRD-A63310107-001-04-8,,['glucosidase inhibitor'],14.184011,1.5088427
BR00117010,M22,U2OS,48,DMSO,compound,,negcon,,13.719054,1.5029626
BR00117010,M23,U2OS,48,DMSO,compound,,negcon,,15.037804,2.1775105
BR00117010,M24,U2OS,48,tranilast,compound,BRD-K17849083-001-32-9,,,15.42843,3.8036156
BR00117010,N01,U2OS,48,4-methylhistamine,compound,BRD-K70821460-300-02-4,,['histamine receptor agonist'],14.582643,6.907702
BR00117010,N02,U2OS,48,LDN-27219,compound,BRD-K51485109-001-01-4,,,12.610597,6.428361
BR00117010,N03,U2OS,48,anisomycin,compound,BRD-K91370081-001-25-1,,['DNA synthesis inhibitor'],6.795195,1.4151268
BR00117010,N04,U2OS,48,thioguanine,compound,BRD-K49350383-001-13-7,poscon_diverse,,10.108862,2.8599741
BR00117010,N05,U2OS,48,droxinostat,compound,BRD-K11558771-001-13-9,,['HDAC inhibitor'],11.317137,5.706119
BR00117010,N06,U2OS,48,UNC2025,compound,BRD-K91283740-003-01-6,poscon_cp,['FLT3 inhibitor'],6.8333836,1.1094738
BR00117010,N07,U2OS,48,DMSO,compound,,negcon,,12.081704,5.8424344
BR00117010,N08,U2OS,48,DMSO,compound,,negcon,,12.077436,5.6966014
BR00117010,N09,U2OS,48,AMG900,compound,BRD-K21728777-001-02-3,poscon_cp,['Aurora kinase inhibitor'],8.945379,5.0327187
BR00117010,N10,U2OS,48,PF-06463922,compound,BRD-A23124853-001-01-4,,['ALK tyrosine kinase receptor inhibitor'],10.625889,2.4789252
BR00117010,N11,U2OS,48,orantinib,compound,BRD-K55966568-001-09-6,poscon_cp,"['FGFR inhibitor', 'PDGFR tyrosine kinase receptor inhibitor', 'VEGFR inhibitor']",14.266666,5.8973346
BR00117010,N12,U2OS,48,fludarabine-phosphate,compound,BRD-K71106091-001-09-5,,['ribonucleotide reductase inhibitor'],9.635955,5.2824965
BR00117010,N13,U2OS,48,ceritinib,compound,BRD-K22149900-001-06-2,,['ALK tyrosine kinase receptor inhibitor'],10.885789,1.7057332
BR00117010,N14,U2OS,48,NVS-PAK1-1,compound,BRD-K28132190-001-02-0,poscon_cp,['p21 activated kinase inhibitor'],12.27119,1.1579278
BR00117010,N15,U2OS,48,homoharringtonine,compound,BRD-K76674262-001-03-3,,['protein synthesis inhibitor'],6.6501546,1.3640189
BR00117010,N16,U2OS,48,picrotoxinin,compound,BRD-K36461289-001-05-8,,['GABA receptor antagonist'],14.473202,4.0384398
BR00117010,N17,U2OS,48,DMSO,compound,,negcon,,14.669417,3.4711893
BR00117010,N18,U2OS,48,danusertib,compound,BRD-K07881437-001-03-8,poscon_diverse,"['growth factor receptor inhibitor', 'Aurora kinase inhibitor']",8.840078,4.914025
BR00117010,N19,U2OS,48,romidepsin,compound,BRD-K61397605-001-01-8,poscon_cp,['HDAC inhibitor'],6.2371206,1.1207159
BR00117010,N20,U2OS,48,FERb-033,compound,BRD-K61642990-001-01-0,poscon_cp,['EGFR inhibitor'],12.727637,1.6010687
BR00117010,N21,U2OS,48,PF-03758309,compound,BRD-K37764012-001-03-3,poscon_diverse,['p21 activated kinase inhibitor'],6.691224,1.2156311
BR00117010,N22,U2OS,48,DMSO,compound,,negcon,,14.129683,2.081671
BR00117010,N23,U2OS,48,trometamol,compound,BRD-K47978074-001-03-2,,,14.740135,1.9029869
BR00117010,N24,U2OS,48,simvastatin,compound,BRD-K22134346-001-22-3,,['HMGCR inhibitor'],12.189012,1.2769022
BR00117010,O01,U2OS,48,zaprinast,compound,BRD-K16542329-001-16-8,,['phosphodiesterase inhibitor'],14.274956,6.766563
BR00117010,O02,U2OS,48,dexamethasone,compound,BRD-A10188456-001-04-9,,['glucocorticoid receptor agonist'],14.0106,6.8121734
BR00117010,O03,U2OS,48,salicylic-acid,compound,BRD-K93632104-001-17-2,,['cyclooxygenase inhibitor'],11.575737,6.528182
BR00117010,O04,U2OS,48,diltiazem,compound,BRD-A69636825-003-04-7,,['calcium channel blocker'],11.501199,6.10477
BR00117010,O05,U2OS,48,phenolphthalein,compound,BRD-K19227686-001-18-6,,,11.576557,6.200031
BR00117010,O06,U2OS,48,niflumic-acid,compound,BRD-K98763141-001-30-8,,['cyclooxygenase inhibitor'],11.362861,5.989507
BR00117010,O07,U2OS,48,DMSO,compound,,negcon,,12.486363,5.487117
BR00117010,O08,U2OS,48,L-Cystine,compound,BRD-A15397381-001-02-5,,,11.430877,5.887071
BR00117010,O09,U2OS,48,ozanimod,compound,BRD-K46625559-001-01-8,,['sphingosine 1 phosphate receptor agonist'],12.229357,5.6464825
BR00117010,O10,U2OS,48,efaroxan,compound,BRD-A10739734-003-09-8,,['adrenergic receptor antagonist'],11.750196,4.930835
BR00117010,O11,U2OS,48,NBQX,compound,BRD-K11796549-001-05-2,,['glutamate receptor antagonist'],11.365076,5.002588
BR00117010,O12,U2OS,48,dinoprostone,compound,BRD-K26521938-001-07-2,,['prostanoid receptor agonist'],11.561394,3.1406574
BR00117010,O13,U2OS,48,Ro-20-1724,compound,BRD-A07207424-001-14-0,,['phosphodiesterase inhibitor'],13.67976,3.3257098
BR00117010,O14,U2OS,48,xanomeline,compound,BRD-K72815923-034-02-0,,['acetylcholine receptor agonist'],14.160782,2.5615242
BR00117010,O15,U2OS,48,terazosin,compound,BRD-K01825589-310-02-9,,['adrenergic receptor antagonist'],13.49668,2.7242653
BR00117010,O16,U2OS,48,BVT-948,compound,BRD-K68567222-001-01-2,,,6.727453,2.1432936
BR00117010,O17,U2OS,48,nicotine,compound,BRD-K01825660-322-01-9,,['acetylcholine receptor agonist'],15.740581,3.5634077
BR00117010,O18,U2OS,48,DMSO,compound,,negcon,,14.884798,2.9774892
BR00117010,O19,U2OS,48,U-0521,compound,BRD-K08953028-001-09-6,,,10.954364,2.9359682
BR00117010,O20,U2OS,48,BMS-587101,compound,BRD-K20093108-001-02-3,,,14.558518,1.7429407
BR00117010,O21,U2OS,48,nimodipine,compound,BRD-A58048407-001-20-4,,['calcium channel blocker'],14.577918,1.9457158
BR00117010,O22,U2OS,48,pyrrolidine-dithiocarbamate,compound,BRD-K80970344-201-08-6,,,6.190644,0.102622986
BR00117010,O23,U2OS,48,PF-915275,compound,BRD-K18289362-001-02-2,,,15.133401,2.4737191
BR00117010,O24,U2OS,48,JTE-013,compound,BRD-K43330982-001-02-3,,,15.745397,4.242709
BR00117010,P01,U2OS,48,sodium-butyrate,compound,BRD-K05878375-236-05-7,,['HDAC inhibitor'],14.852413,7.0044374
BR00117010,P02,U2OS,48,pentostatin,compound,BRD-K91543828-001-02-0,,['ribonucleotide reductase inhibitor'],14.593788,6.6794357
BR00117010,P03,U2OS,48,OMDM-2,compound,BRD-K48830578-001-01-9,,,14.73491,6.775919
BR00117010,P04,U2OS,48,nalmefene,compound,BRD-A72767275-003-01-6,,,14.455712,6.619588
BR00117010,P05,U2OS,48,DMSO,compound,,negcon,,14.700048,6.4767327
BR00117010,P06,U2OS,48,1-EBIO,compound,BRD-K70586315-001-02-4,,,14.695697,6.495377
BR00117010,P07,U2OS,48,SB-505124,compound,BRD-K40109029-001-02-9,,['ALK tyrosine kinase receptor inhibitor'],14.093202,5.037896
BR00117010,P08,U2OS,48,prasugrel,compound,BRD-A83029242-001-06-1,,['purinergic receptor antagonist'],15.041482,6.095597
BR00117010,P09,U2OS,48,pidolic-acid,compound,BRD-K57313110-001-06-8,,,14.537498,6.3584805
BR00117010,P10,U2OS,48,DMSO,compound,,negcon,,15.108708,5.986402
BR00117010,P11,U2OS,48,nevirapine,compound,BRD-K15502390-001-20-9,,,14.773993,6.4616847
BR00117010,P12,U2OS,48,triamterene,compound,BRD-K92049597-001-20-8,,['sodium channel blocker'],15.190299,5.7564435
BR00117010,P13,U2OS,48,regorafenib,compound,BRD-K16730910-001-07-3,,"['PDGFR tyrosine kinase receptor inhibitor', 'RAF inhibitor', 'KIT inhibitor', 'RET tyrosine kinase inhibitor', 'FGFR inhibitor', 'VEGFR inhibitor']",15.412167,5.3972836
BR00117010,P14,U2OS,48,cyclophosphamide,compound,BRD-A09722536-002-18-0,,,15.21862,5.722474
BR00117010,P15,U2OS,48,olanzapine,compound,BRD-K18895904-001-16-1,,"['dopamine receptor antagonist', 'serotonin receptor antagonist']",14.964675,6.0947595
BR00117010,P16,U2OS,48,KI-16425,compound,BRD-A25569250-001-03-3,,['lysophosphatidic acid receptor antagonist'],14.797796,5.95879
BR00117010,P17,U2OS,48,SKLB1002,compound,BRD-K29895144-001-01-0,,['VEGFR inhibitor'],9.454024,5.1730943
BR00117010,P18,U2OS,48,cilostazol,compound,BRD-K67017579-001-28-1,,['phosphodiesterase inhibitor'],15.419935,5.653712
BR00117010,P19,U2OS,48,AZD1283,compound,BRD-K77060810-001-01-5,,['purinergic receptor antagonist'],16.04736,4.9988155
BR00117010,P20,U2OS,48,A-987306,compound,BRD-K68982262-001-01-4,,['histamine receptor antagonist'],16.267872,4.757989
BR00117010,P21,U2OS,48,procaine,compound,BRD-K24616672-003-20-1,,['HMGCR inhibitor'],16.158278,4.473154
BR00117010,P22,U2OS,48,miconazole,compound,BRD-A82396632-008-30-8,,['bacterial cell wall synthesis inhibitor'],16.071398,4.56591
BR00117010,P23,U2OS,48,loperamide,compound,BRD-K61250553-003-30-6,,,16.001144,4.6916494
BR00117010,P24,U2OS,48,aripiprazole,compound,BRD-K70358946-001-17-3,,['serotonin receptor antagonist'],16.003874,4.926941
BR00117011,A01,U2OS,48,gabapentin-enacarbil,compound,BRD-A86665761-001-01-1,,,14.941752,7.087657
BR00117011,A02,U2OS,48,DMSO,compound,,negcon,,14.6743765,7.1473403
BR00117011,A03,U2OS,48,amlodipine,compound,BRD-A22032524-074-09-9,,['calcium channel blocker'],15.22604,6.9430923
BR00117011,A04,U2OS,48,hexestrol,compound,BRD-A01078468-001-14-8,,,14.866999,6.4563775
BR00117011,A05,U2OS,48,quinine,compound,BRD-K48278478-001-01-2,,,14.783852,5.958521
BR00117011,A06,U2OS,48,LOXO-101,compound,BRD-K36574127-001-01-3,,,14.6685915,7.0407743
BR00117011,A07,U2OS,48,brinzolamide,compound,BRD-K74913225-001-14-0,,['carbonic anhydrase inhibitor'],15.053452,5.5654945
BR00117011,A08,U2OS,48,NS-11021,compound,BRD-K94342292-001-01-3,,['calcium-activated potassium channel activator'],15.600188,6.4990687
BR00117011,A09,U2OS,48,DMSO,compound,,negcon,,15.140863,5.919743
BR00117011,A10,U2OS,48,GNF-5837,compound,BRD-K19975102-001-01-2,,['growth factor receptor inhibitor'],10.664994,1.3147168
BR00117011,A11,U2OS,48,apatinib,compound,BRD-K25244359-066-02-6,,['RET tyrosine kinase inhibitor'],14.554731,4.202448
BR00117011,A12,U2OS,48,ethoxzolamide,compound,BRD-K18131774-001-18-4,,['carbonic anhydrase inhibitor'],15.106783,5.2641892
BR00117011,A13,U2OS,48,ascorbic-acid,compound,BRD-A85242401-001-11-5,,,14.466128,4.936188
BR00117011,A14,U2OS,48,ryuvidine,compound,BRD-K06426971-001-02-7,,['histone lysine methyltransferase inhibitor'],5.687929,1.8055009
BR00117011,A15,U2OS,48,BAN-ORL-24,compound,BRD-K47049295-300-03-1,,,9.161914,1.0229694
BR00117011,A16,U2OS,48,NNC-55-0396,compound,BRD-K78122587-300-04-3,,,10.678701,1.1842681
BR00117011,A17,U2OS,48,DMSO,compound,,negcon,,15.305819,5.0717497
BR00117011,A18,U2OS,48,WH-4-023,compound,BRD-K50199947-001-03-4,,['src inhibitor'],11.2642145,1.3054265
BR00117011,A19,U2OS,48,flupirtine,compound,BRD-K50720187-051-03-1,,['glutamate receptor antagonist'],14.851923,4.7919087
BR00117011,A20,U2OS,48,ZK811752,compound,BRD-K91825936-001-03-9,,,14.835352,4.958051
BR00117011,A21,U2OS,48,dexamethasone,compound,BRD-K38775274-001-22-1,,['glucocorticoid receptor agonist'],15.433579,4.60433
BR00117011,A22,U2OS,48,PP-1,compound,BRD-K47598052-001-14-1,,['src inhibitor'],11.686866,1.4492404
BR00117011,A23,U2OS,48,DDR1-IN-1,compound,BRD-K61845293-300-01-9,,,15.275472,4.339591
BR00117011,A24,U2OS,48,AVL-292,compound,BRD-K87782578-001-01-4,,"[""Bruton's tyrosine kinase (BTK) inhibitor""]",9.250095,1.5803463
BR00117011,B01,U2OS,48,H2L-5765834,compound,BRD-K26439554-001-01-3,,['lysophosphatidic acid receptor antagonist'],14.130386,7.0198035
BR00117011,B02,U2OS,48,thiostrepton,compound,BRD-K58049875-001-03-9,,['protein synthesis inhibitor'],5.9639177,-0.10322493
BR00117011,B03,U2OS,48,DMSO,compound,,negcon,,14.177629,6.586766
BR00117011,B04,U2OS,48,arcyriaflavin-a,compound,BRD-K72726508-001-02-1,,['CDK inhibitor'],10.289355,2.7271795
BR00117011,B05,U2OS,48,CYM-5520,compound,BRD-K29151923-001-01-5,,['sphingosine 1 phosphate receptor agonist'],8.087699,1.9080194
BR00117011,B06,U2OS,48,fludarabine,compound,BRD-K66788707-001-14-3,,['ribonucleotide reductase inhibitor'],10.136427,5.4429135
BR00117011,B07,U2OS,48,alda-1,compound,BRD-K06890060-001-09-1,,,14.619751,5.394213
BR00117011,B08,U2OS,48,meclofenamic-acid,compound,BRD-K50398167-236-22-7,,"['cyclooxygenase inhibitor', 'prostanoid receptor antagonist']",14.325369,5.677528
BR00117011,B09,U2OS,48,GNF-5,compound,BRD-K87632963-001-03-0,,['Bcr-Abl kinase inhibitor'],13.794377,3.943906
BR00117011,B10,U2OS,48,NS-309,compound,BRD-K37602296-001-01-6,,['calcium-activated potassium channel activator'],12.965354,2.9846313
BR00117011,B11,U2OS,48,AK-7,compound,BRD-K09143580-001-01-0,,['SIRT inhibitor'],14.208686,3.4456563
BR00117011,B12,U2OS,48,BVT-948,compound,BRD-A22713669-001-04-3,,,5.8786416,1.9270927
BR00117011,B13,U2OS,48,SirReal-2,compound,BRD-K16472653-001-01-6,,['SIRT inhibitor'],14.47125,4.421415
BR00117011,B14,U2OS,48,DMSO,compound,,negcon,,13.965812,4.4071627
BR00117011,B15,U2OS,48,BMS-536924,compound,BRD-K34581968-001-05-3,,['IGF-1 inhibitor'],10.018479,1.5582342
BR00117011,B16,U2OS,48,PP-121,compound,BRD-K81801188-001-02-8,,['protein tyrosine kinase inhibitor'],7.172918,1.4879563
BR00117011,B17,U2OS,48,MCOPPB,compound,BRD-K73276278-305-01-1,,,11.408212,0.21659616
BR00117011,B18,U2OS,48,ozagrel,compound,BRD-K53061490-003-13-9,,,15.642499,4.3613305
BR00117011,B19,U2OS,48,CYM-5442,compound,BRD-A43005764-003-01-5,,['sphingosine 1 phosphate receptor agonist'],11.277747,0.2550434
BR00117011,B20,U2OS,48,CVT-10216,compound,BRD-K60659193-001-01-0,,,15.553762,4.052622
BR00117011,B21,U2OS,48,TCN201,compound,BRD-K09787262-001-02-7,,['glutamate receptor antagonist'],13.429567,2.0593603
BR00117011,B22,U2OS,48,fomepizole,compound,BRD-K56810756-003-07-7,,['alcohol dehydrogenase inhibitor'],15.750119,3.8794758
BR00117011,B23,U2OS,48,benzamil,compound,BRD-K87158025-003-08-7,,['sodium channel blocker'],15.403391,4.1724577
BR00117011,B24,U2OS,48,lercanidipine,compound,BRD-A18992208-003-02-7,,['calcium channel blocker'],15.558405,4.329146
BR00117011,C01,U2OS,48,4-CMTB,compound,BRD-A54139254-001-09-2,,['free fatty acid receptor agonist'],14.048637,7.114959
BR00117011,C02,U2OS,48,ML-228,compound,BRD-K44432556-001-05-5,,,11.591649,6.725143
BR00117011,C03,U2OS,48,DMSO,compound,,negcon,,11.673175,6.486509
BR00117011,C04,U2OS,48,GSK1070916,compound,BRD-K36740062-001-06-6,,['Aurora kinase inhibitor'],8.944436,4.5730567
BR00117011,C05,U2OS,48,ML-193,compound,BRD-K27539181-001-08-5,,,11.799222,6.291976
BR00117011,C06,U2OS,48,DMSO,compound,,negcon,,11.577184,5.392879
BR00117011,C07,U2OS,48,M-25,compound,BRD-K51265828-001-01-0,,['smoothened receptor antagonist'],11.51151,4.949962
BR00117011,C08,U2OS,48,azeliragon,compound,BRD-K51899933-001-02-6,,['RAGE receptor antagonist'],6.1380296,0.9335245
BR00117011,C09,U2OS,48,CYT-997,compound,BRD-K23363278-001-02-1,poscon_diverse,['tubulin polymerization inhibitor'],6.4587493,-0.2531256
BR00117011,C10,U2OS,48,AR-12,compound,BRD-K90497590-001-05-9,,,5.6479936,1.8773952
BR00117011,C11,U2OS,48,CYM-50260,compound,BRD-K69877120-001-01-7,,['sphingosine 1 phosphate receptor agonist'],13.087318,3.8956392
BR00117011,C12,U2OS,48,DMSO,compound,,negcon,,13.03386,3.7165177
BR00117011,C13,U2OS,48,KG-5,compound,BRD-K90747162-001-01-4,poscon_cp,['RAF inhibitor'],8.427187,0.75166476
BR00117011,C14,U2OS,48,JTE-607,compound,BRD-K81405859-300-01-4,,,9.719055,5.1776342
BR00117011,C15,U2OS,48,DMSO,compound,,negcon,,13.568328,3.8075242
BR00117011,C16,U2OS,48,ilomastat,compound,BRD-K51662849-001-05-4,,['matrix metalloprotease inhibitor'],13.936274,4.1218014
BR00117011,C17,U2OS,48,RX-821002,compound,BRD-A65597028-003-08-1,,['adrenergic receptor antagonist'],13.735229,3.9760025
BR00117011,C18,U2OS,48,DMSO,compound,,negcon,,11.511205,4.6338553
BR00117011,C19,U2OS,48,TUG-891,compound,BRD-K24282351-001-01-4,,['free fatty acid receptor agonist'],15.301533,2.5685077
BR00117011,C20,U2OS,48,ponatinib,compound,BRD-K44227013-001-08-0,,"['PDGFR tyrosine kinase receptor inhibitor', 'FLT3 inhibitor', 'Bcr-Abl kinase inhibitor']",5.832343,1.2542831
BR00117011,C21,U2OS,48,DMSO,compound,,negcon,,14.755336,2.7124386
BR00117011,C22,U2OS,48,puromycin,compound,BRD-K01824976-300-02-9,,['protein synthesis inhibitor'],5.7092013,0.9741966
BR00117011,C23,U2OS,48,SRC-kinase-inhibitor-I,compound,BRD-K50495309-001-02-0,,['src inhibitor'],11.826561,1.0697514
BR00117011,C24,U2OS,48,acetylcysteine,compound,BRD-K59058747-001-19-1,,,15.973045,4.0309963
BR00117011,D01,U2OS,48,NSC-625987,compound,BRD-K62949423-001-03-1,,['CDK inhibitor'],14.074227,7.2249784
BR00117011,D02,U2OS,48,dalfampridine,compound,BRD-K22482860-001-20-6,,['potassium channel blocker'],11.579839,6.4824934
BR00117011,D03,U2OS,48,NSC-95397,compound,BRD-K68143200-001-11-7,,['CDC inhibitor'],6.2640347,1.654502
BR00117011,D04,U2OS,48,alrestatin,compound,BRD-K35498378-001-06-1,,['aldose reductase inhibitor'],11.402359,5.6834216
BR00117011,D05,U2OS,48,PF-03758309,compound,BRD-K37764012-001-03-3,poscon_diverse,['p21 activated kinase inhibitor'],11.325517,4.956945
BR00117011,D06,U2OS,48,IRL-2500,compound,BRD-K98357249-001-02-9,,['endothelin receptor antagonist'],11.020354,5.002142
BR00117011,D07,U2OS,48,PF-04217903,compound,BRD-K73319509-001-08-0,poscon_cp,,11.630778,5.131582
BR00117011,D08,U2OS,48,FK-866,compound,BRD-K58550667-001-08-7,poscon_diverse,,7.187834,2.343388
BR00117011,D09,U2OS,48,amlexanox,compound,BRD-K29530284-001-06-2,,,11.138267,4.992999
BR00117011,D10,U2OS,48,GW-311616,compound,BRD-K37864785-001-01-0,,['elastase inhibitor'],12.461082,4.3071346
BR00117011,D11,U2OS,48,buparlisib,compound,BRD-K42191735-001-08-7,poscon_diverse,,6.3187137,0.38326496
BR00117011,D12,U2OS,48,amiloride,compound,BRD-K97181089-003-24-7,,['sodium channel blocker'],10.895972,3.4393573
BR00117011,D13,U2OS,48,DG-172,compound,BRD-K75748943-300-01-3,,,11.554493,0.5329368
BR00117011,D14,U2OS,48,DMSO,compound,,negcon,,14.049664,4.947953
BR00117011,D15,U2OS,48,DMSO,compound,,negcon,,13.679326,2.4137936
BR00117011,D16,U2OS,48,NVP-ADW742,compound,BRD-K15179513-001-04-2,poscon_cp,,11.028642,0.69538325
BR00117011,D17,U2OS,48,misoprostol,compound,BRD-A72351335-001-04-5,,['prostanoid receptor agonist'],9.632713,4.798533
BR00117011,D18,U2OS,48,conivaptan,compound,BRD-K37385792-003-02-1,,,12.350718,1.6379915
BR00117011,D19,U2OS,48,spiroxatrine,compound,BRD-A72483914-001-03-7,,['serotonin receptor antagonist'],13.535724,3.0069275
BR00117011,D20,U2OS,48,diacerein,compound,BRD-K69122748-001-10-1,,,13.653073,2.744939
BR00117011,D21,U2OS,48,DMSO,compound,,negcon,,14.125363,1.778352
BR00117011,D22,U2OS,48,DMSO,compound,,negcon,,13.861694,1.6978278
BR00117011,D23,U2OS,48,glyburide,compound,BRD-K36927236-001-36-7,,['ATP channel blocker'],15.242879,3.2725117
BR00117011,D24,U2OS,48,ANR-94,compound,BRD-K31170746-001-01-6,,,15.977196,3.9718552
BR00117011,E01,U2OS,48,TFC-007,compound,BRD-K57708067-001-01-3,,,13.980215,7.3685155
BR00117011,E02,U2OS,48,trihexyphenidyl,compound,BRD-A48180038-003-24-3,,['acetylcholine receptor antagonist'],11.714634,6.7236595
BR00117011,E03,U2OS,48,epoprostenol,compound,BRD-K64054020-001-02-7,,,11.724719,6.217532
BR00117011,E04,U2OS,48,sacubitril,compound,BRD-K91456750-001-01-9,,,11.540104,5.789321
BR00117011,E05,U2OS,48,danusertib,compound,BRD-K07881437-001-03-8,poscon_diverse,"['growth factor receptor inhibitor', 'Aurora kinase inhibitor']",8.888188,4.9094605
BR00117011,E06,U2OS,48,CYT-997,compound,BRD-K23363278-001-02-1,poscon_diverse,['tubulin polymerization inhibitor'],6.495028,-0.3040391
BR00117011,E07,U2OS,48,DMSO,compound,,negcon,,11.800161,4.8331394
BR00117011,E08,U2OS,48,BQ-788,compound,BRD-K02490038-236-03-8,,['endothelin receptor antagonist'],11.885126,5.2603
BR00117011,E09,U2OS,48,SB-202190,compound,BRD-K54330070-001-19-6,poscon_orf,['p38 MAPK inhibitor'],12.236998,2.269276
BR00117011,E10,U2OS,48,GSK2110183,compound,BRD-K25412176-001-01-9,poscon_diverse,,10.989681,2.9595435
BR00117011,E11,U2OS,48,GSK3787,compound,BRD-K03155172-001-03-0,,['PPAR receptor antagonist'],12.161734,3.7851722
BR00117011,E12,U2OS,48,BAM7,compound,BRD-K07442505-001-03-6,,,11.870146,3.7798073
BR00117011,E13,U2OS,48,PHA-793887,compound,BRD-K64800655-001-09-0,poscon_diverse,['CDK inhibitor'],7.301567,1.1316822
BR00117011,E14,U2OS,48,DMSO,compound,,negcon,,11.200725,4.800625
BR00117011,E15,U2OS,48,GSK-37647,compound,BRD-K26514105-001-01-7,,['free fatty acid receptor agonist'],12.050852,4.1266193
BR00117011,E16,U2OS,48,desonide,compound,BRD-K21528677-001-04-4,,['glucocorticoid receptor agonist'],11.379533,3.4242902
BR00117011,E17,U2OS,48,DMSO,compound,,negcon,,13.512091,3.4441833
BR00117011,E18,U2OS,48,aloxistatin,compound,BRD-K91188791-001-17-5,,,13.844567,3.22433
BR00117011,E19,U2OS,48,azathioprine,compound,BRD-K32821942-001-22-1,,,11.298109,2.8982525
BR00117011,E20,U2OS,48,ZK-93423,compound,BRD-K33882852-003-02-8,poscon_diverse,['benzodiazepine receptor agonist'],14.092946,3.9764726
BR00117011,E21,U2OS,48,BI-2536,compound,BRD-K64890080-001-02-1,poscon_diverse,,7.309851,0.05884379
BR00117011,E22,U2OS,48,EI1,compound,BRD-K91535048-001-01-2,poscon_cp,['histone lysine methyltransferase inhibitor'],14.562481,2.0023181
BR00117011,E23,U2OS,48,NVP-HSP990,compound,BRD-K67915505-001-01-2,,['HSP inhibitor'],6.5233254,0.67257464
BR00117011,E24,U2OS,48,DMSO,compound,,negcon,,16.04667,3.9688234
BR00117011,F01,U2OS,48,DMSO,compound,,negcon,,13.958503,7.2138405
BR00117011,F02,U2OS,48,nialamide,compound,BRD-K12102668-001-25-5,,,12.098506,5.774381
BR00117011,F03,U2OS,48,DMSO,compound,,negcon,,11.111565,6.0982885
BR00117011,F04,U2OS,48,arundic-acid,compound,BRD-K49223707-001-01-0,,,11.3342085,5.1118293
BR00117011,F05,U2OS,48,torcitabine,compound,BRD-K91822704-003-07-2,,,11.449664,5.6652007
BR00117011,F06,U2OS,48,DMSO,compound,,negcon,,12.379828,5.7579207
BR00117011,F07,U2OS,48,epothilone-b,compound,BRD-K68164687-001-01-6,,"['microtubule stabilizing agent', 'tubulin polymerization inhibitor']",8.404024,0.71610904
BR00117011,F08,U2OS,48,dyphylline,compound,BRD-A00827783-001-24-6,,['phosphodiesterase inhibitor'],11.776643,5.0153947
BR00117011,F09,U2OS,48,DMSO,compound,,negcon,,12.334327,5.009708
BR00117011,F10,U2OS,48,quinidine,compound,BRD-K59632282-052-03-1,,['sodium channel blocker'],14.018805,4.944211
BR00117011,F11,U2OS,48,halopemide,compound,BRD-K50055394-001-03-6,,,10.592191,3.419982
BR00117011,F12,U2OS,48,sulfinpyrazone,compound,BRD-A36217750-001-16-3,,,12.06485,4.673027
BR00117011,F13,U2OS,48,ML-323,compound,BRD-K93942811-001-01-3,poscon_cp,['ubiquitin specific protease inhibitor'],12.506905,3.727871
BR00117011,F14,U2OS,48,racecadotril,compound,BRD-A08187463-001-12-9,,,12.811841,4.02959
BR00117011,F15,U2OS,48,BRL-50481,compound,BRD-K84266862-001-03-2,,['phosphodiesterase inhibitor'],12.275541,3.8501384
BR00117011,F16,U2OS,48,GSK2110183,compound,BRD-K25412176-001-01-9,poscon_diverse,,10.93503,2.9681804
BR00117011,F17,U2OS,48,bufexamac,compound,BRD-K36660044-001-24-2,,['cyclooxygenase inhibitor'],11.183478,4.0513473
BR00117011,F18,U2OS,48,anandamide,compound,BRD-K42352790-001-05-3,,,13.254223,3.0843446
BR00117011,F19,U2OS,48,thioguanine,compound,BRD-K49350383-001-13-7,poscon_diverse,,10.037705,2.702238
BR00117011,F20,U2OS,48,IWP-L6,compound,BRD-K53234107-001-01-6,,['porcupine inhibitor'],13.789149,3.1276143
BR00117011,F21,U2OS,48,edoxaban,compound,BRD-K29322660-001-01-9,,['coagulation factor inhibitor'],13.920466,2.8584473
BR00117011,F22,U2OS,48,lonafarnib,compound,BRD-K41599323-001-02-3,poscon_diverse,,10.1785,1.8889849
BR00117011,F23,U2OS,48,ibutamoren,compound,BRD-K44771174-066-01-0,,,15.068035,3.1242204
BR00117011,F24,U2OS,48,somatostatin,compound,BRD-K14681867-001-01-6,,['somatostatin receptor agonist'],15.841381,4.1184506
BR00117011,G01,U2OS,48,L-proline,compound,BRD-K01666412-001-02-0,,,13.789557,7.244995
BR00117011,G02,U2OS,48,zamifenacin,compound,BRD-K80451230-051-02-6,,['acetylcholine receptor antagonist'],12.193615,6.945868
BR00117011,G03,U2OS,48,YC-1,compound,BRD-K60476892-001-16-1,,,7.455006,0.33083892
BR00117011,G04,U2OS,48,DMSO,compound,,negcon,,11.963584,6.2696414
BR00117011,G05,U2OS,48,ME-0328,compound,BRD-K24283677-001-01-9,,['PPAR receptor antagonist'],11.533907,3.2410967
BR00117011,G06,U2OS,48,NSC-663284,compound,BRD-K03109492-001-02-2,,['CDC inhibitor'],5.739959,1.8626742
BR00117011,G07,U2OS,48,CYM-50358,compound,BRD-K80666802-003-01-0,,,12.621588,5.335473
BR00117011,G08,U2OS,48,trazodone,compound,BRD-K70778732-003-27-5,,"['adrenergic receptor antagonist', 'serotonin receptor antagonist']",11.95844,4.730848
BR00117011,G09,U2OS,48,DMSO,compound,,negcon,,12.030066,5.8152666
BR00117011,G10,U2OS,48,DMSO,compound,,negcon,,12.168894,3.782867
BR00117011,G11,U2OS,48,sulfasalazine,compound,BRD-K10670311-001-17-1,,['cyclooxygenase inhibitor'],11.72437,3.876396
BR00117011,G12,U2OS,48,"2,5-furandimethanol",compound,BRD-K29791386-001-01-8,,,12.133072,3.970739
BR00117011,G13,U2OS,48,DMSO,compound,,negcon,,12.180609,2.7575188
BR00117011,G14,U2OS,48,dilazep,compound,BRD-K48722258-300-11-0,,,12.299634,3.584976
BR00117011,G15,U2OS,48,felodipine,compound,BRD-A30815329-001-12-1,,['calcium channel blocker'],11.16646,3.2207718
BR00117011,G16,U2OS,48,paliperidone,compound,BRD-A99888680-001-05-3,,"['dopamine receptor antagonist', 'serotonin receptor antagonist']",11.841827,2.5990748
BR00117011,G17,U2OS,48,purvalanol-a,compound,BRD-K50836978-001-03-3,poscon_orf,['CDK inhibitor'],9.305779,4.3037276
BR00117011,G18,U2OS,48,DMSO,compound,,negcon,,12.197798,3.2913423
BR00117011,G19,U2OS,48,Ro-1138452,compound,BRD-K77220725-003-01-5,,['prostanoid receptor antagonist'],11.780758,1.5464617
BR00117011,G20,U2OS,48,sorbinil,compound,BRD-A89164055-001-03-3,,['aldose reductase inhibitor'],14.284839,3.2632363
BR00117011,G21,U2OS,48,TC-S-7004,compound,BRD-K89517477-001-01-4,poscon_cp,['DYRK inhibitor'],9.655497,3.0407279
BR00117011,G22,U2OS,48,saclofen,compound,BRD-A24122750-001-03-7,,['GABA receptor antagonist'],14.276593,3.0987036
BR00117011,G23,U2OS,48,BAY-87-2243,compound,BRD-K70463136-001-01-5,,,14.444481,4.092971
BR00117011,G24,U2OS,48,ibudilast,compound,BRD-K16444452-001-09-1,,['phosphodiesterase inhibitor'],15.921631,3.95945
BR00117011,H01,U2OS,48,briciclib,compound,BRD-K05531427-001-01-7,,,6.3473287,-0.098780505
BR00117011,H02,U2OS,48,2-Oleoylglycerol,compound,BRD-K77087341-001-02-4,,,11.915196,6.494355
BR00117011,H03,U2OS,48,RGFP966,compound,BRD-K61688984-001-02-9,poscon_cp,['HDAC inhibitor'],9.973496,3.5192924
BR00117011,H04,U2OS,48,DMSO,compound,,negcon,,11.889306,6.921615
BR00117011,H05,U2OS,48,azacitidine,compound,BRD-K03406345-001-21-1,poscon_diverse,,11.084691,5.1670694
BR00117011,H06,U2OS,48,N6-cyclopentyladenosine,compound,BRD-K60150510-001-15-6,,,12.580995,5.1852965
BR00117011,H07,U2OS,48,filgotinib,compound,BRD-K16803204-001-01-6,poscon_cp,['JAK inhibitor'],12.497695,4.8881226
BR00117011,H08,U2OS,48,guanidine,compound,BRD-K76037122-001-02-5,,['HSP inhibitor'],11.570962,4.7047777
BR00117011,H09,U2OS,48,coumarin,compound,BRD-K23913458-001-20-7,,,11.34958,5.1611547
BR00117011,H10,U2OS,48,DMSO,compound,,negcon,,12.403311,4.8932343
BR00117011,H11,U2OS,48,ZM-336372,compound,BRD-K73789395-001-09-9,poscon_orf,['RAF inhibitor'],12.450734,2.7656126
BR00117011,H12,U2OS,48,citric-acid,compound,BRD-K76792669-001-08-1,,['coagulation factor inhibitor'],12.281888,3.2073114
BR00117011,H13,U2OS,48,DMSO,compound,,negcon,,12.214289,5.8908076
BR00117011,H14,U2OS,48,CCG-63802,compound,BRD-K26970495-001-02-7,,['G protein signaling inhibitor'],13.647054,4.960152
BR00117011,H15,U2OS,48,ibutilide,compound,BRD-A74391928-051-03-9,,['potassium channel blocker'],11.770191,1.6808081
BR00117011,H16,U2OS,48,batimastat,compound,BRD-K82818427-001-04-8,,['matrix metalloprotease inhibitor'],10.423422,3.2979076
BR00117011,H17,U2OS,48,DMSO,compound,,negcon,,11.740345,4.3385725
BR00117011,H18,U2OS,48,DMSO,compound,,negcon,,11.674993,2.2927372
BR00117011,H19,U2OS,48,UNC1999,compound,BRD-K26989966-001-04-3,poscon_cp,['histone lysine methyltransferase inhibitor'],6.054803,1.0284146
BR00117011,H20,U2OS,48,glutamine-(l),compound,BRD-K83896451-001-06-7,,,14.423959,2.0230656
BR00117011,H21,U2OS,48,PD-98059,compound,BRD-K62810658-001-11-4,poscon_orf,,14.968825,3.2216487
BR00117011,H22,U2OS,48,enilconazole,compound,BRD-K01825690-065-01-9,,,14.5147705,2.4500444
BR00117011,H23,U2OS,48,N-alpha-Methylhistamine-dihydrochloride,compound,BRD-K75390981-300-04-9,,['histamine receptor agonist'],14.391879,3.0932436
BR00117011,H24,U2OS,48,GK921,compound,BRD-K38272302-001-02-7,,,6.5148344,1.6385759
BR00117011,I01,U2OS,48,nilvadipine,compound,BRD-A84687895-001-03-2,,['calcium channel blocker'],13.874344,7.2202544
BR00117011,I02,U2OS,48,DMSO,compound,,negcon,,11.630072,6.6837015
BR00117011,I03,U2OS,48,AC-710,compound,BRD-K15819326-001-01-6,,['PDGFR tyrosine kinase receptor inhibitor'],10.746746,0.51503634
BR00117011,I04,U2OS,48,PETCM,compound,BRD-A93477898-001-04-2,,,11.864699,6.3686557
BR00117011,I05,U2OS,48,AZD7762,compound,BRD-K86525559-001-07-8,poscon_diverse,['CHK inhibitor'],5.7816195,1.5071511
BR00117011,I06,U2OS,48,PHA-793887,compound,BRD-K64800655-001-09-0,poscon_diverse,['CDK inhibitor'],7.3274636,1.2010522
BR00117011,I07,U2OS,48,KU-60019,compound,BRD-K36016295-001-05-2,,['ATM kinase inhibitor'],9.81027,0.87037814
BR00117011,I08,U2OS,48,nafamostat,compound,BRD-K06674495-334-04-0,,,11.02739,3.7302883
BR00117011,I09,U2OS,48,DMSO,compound,,negcon,,12.520822,4.609939
BR00117011,I10,U2OS,48,DMSO,compound,,negcon,,12.442619,4.856091
BR00117011,I11,U2OS,48,taladegib,compound,BRD-K50498985-001-03-3,,['smoothened receptor antagonist'],12.4373255,4.5516047
BR00117011,I12,U2OS,48,acetohexamide,compound,BRD-K52960356-001-13-0,,['ATP channel blocker'],11.531939,4.955925
BR00117011,I13,U2OS,48,minocycline,compound,BRD-A69651145-003-11-4,,,10.871,3.3543134
BR00117011,I14,U2OS,48,BI-2536,compound,BRD-K64890080-001-02-1,poscon_diverse,,7.1801558,0.016570767
BR00117011,I15,U2OS,48,riociguat,compound,BRD-K84783599-001-01-0,,,12.869331,2.9608052
BR00117011,I16,U2OS,48,CP-724714,compound,BRD-K76908866-001-07-6,poscon_cp,"['EGFR inhibitor', 'protein tyrosine kinase inhibitor']",11.832751,1.6276969
BR00117011,I17,U2OS,48,ganetespib,compound,BRD-K38852836-001-04-9,poscon_diverse,['HSP inhibitor'],6.4984283,0.70674306
BR00117011,I18,U2OS,48,AZ191,compound,BRD-K80935598-001-01-1,poscon_cp,['DYRK inhibitor'],11.175335,0.031175463
BR00117011,I19,U2OS,48,BAX-channel-blocker,compound,BRD-A18763547-300-06-3,,,10.36043,0.3774206
BR00117011,I20,U2OS,48,SU3327,compound,BRD-K32730239-001-01-0,,['JNK inhibitor'],5.521907,1.6244812
BR00117011,I21,U2OS,48,DMSO,compound,,negcon,,14.785252,2.3252678
BR00117011,I22,U2OS,48,DMSO,compound,,negcon,,14.377632,1.9948483
BR00117011,I23,U2OS,48,octreotide,compound,BRD-A64173453-015-03-1,,['somatostatin receptor agonist'],14.827548,2.3558223
BR00117011,I24,U2OS,48,1-octanol,compound,BRD-K09338665-001-08-9,,,15.708733,4.087558
BR00117011,J01,U2OS,48,acalabrutinib,compound,BRD-K64034691-001-01-9,,"[""Bruton's tyrosine kinase (BTK) inhibitor""]",13.846381,7.253803
BR00117011,J02,U2OS,48,rifamycin,compound,BRD-K38512030-001-01-7,,,12.25754,7.0877953
BR00117011,J03,U2OS,48,pazopanib,compound,BRD-K74514084-003-09-2,,"['KIT inhibitor', 'VEGFR inhibitor', 'PDGFR tyrosine kinase receptor inhibitor']",10.507317,2.9542737
BR00117011,J04,U2OS,48,RKI-1447,compound,BRD-K19333160-001-01-3,poscon_cp,,8.055469,3.0008729
BR00117011,J05,U2OS,48,vitamin-E,compound,BRD-K97091514-001-11-4,,['PKC inhibitor'],12.012976,6.721904
BR00117011,J06,U2OS,48,lonafarnib,compound,BRD-K41599323-001-02-3,poscon_diverse,,9.90756,2.026823
BR00117011,J07,U2OS,48,ethyl-pyruvate,compound,BRD-K47738867-001-01-5,,,12.429805,3.1692185
BR00117011,J08,U2OS,48,picrotin,compound,BRD-A91822151-001-05-0,,['GABA receptor antagonist'],12.488492,5.7137237
BR00117011,J09,U2OS,48,SGX523,compound,BRD-K19477839-001-07-6,poscon_cp,,12.860468,4.900185
BR00117011,J10,U2OS,48,PP-2,compound,BRD-K95785537-001-22-3,,['src inhibitor'],11.7036295,1.7142642
BR00117011,J11,U2OS,48,ME-0328,compound,BRD-A63444178-001-01-5,,['PPAR receptor antagonist'],10.913917,3.9793377
BR00117011,J12,U2OS,48,AZD9668,compound,BRD-K31476763-001-01-5,,['elastase inhibitor'],12.223772,4.542393
BR00117011,J13,U2OS,48,NQDI-1,compound,BRD-K61918008-001-07-1,,,12.486945,4.63049
BR00117011,J14,U2OS,48,DMSO,compound,,negcon,,11.291925,1.612704
BR00117011,J15,U2OS,48,carzenide,compound,BRD-K09295674-001-09-8,,,11.385236,5.2600684
BR00117011,J16,U2OS,48,KU-55933,compound,BRD-K25311561-001-10-7,,['ATM kinase inhibitor'],11.7598915,2.047624
BR00117011,J17,U2OS,48,NVP-AEW541,compound,BRD-K24696047-001-02-3,poscon_cp,['IGF-1 inhibitor'],11.104077,0.89256597
BR00117011,J18,U2OS,48,leflunomide,compound,BRD-K78692225-001-24-5,,['PDGFR tyrosine kinase receptor inhibitor'],10.654579,2.440535
BR00117011,J19,U2OS,48,DMSO,compound,,negcon,,14.2509165,3.9108636
BR00117011,J20,U2OS,48,azacitidine,compound,BRD-K03406345-001-21-1,poscon_diverse,,14.007274,3.207161
BR00117011,J21,U2OS,48,ixabepilone,compound,BRD-K03601870-001-01-2,,['microtubule stabilizing agent'],6.604243,0.04132924
BR00117011,J22,U2OS,48,KH-CB19,compound,BRD-K66430217-001-03-8,poscon_cp,['CDC inhibitor'],13.756144,1.6423855
BR00117011,J23,U2OS,48,DMSO,compound,,negcon,,14.948881,4.020174
BR00117011,J24,U2OS,48,PF-05190457,compound,BRD-K02554563-001-01-6,,,15.631093,3.8815362
BR00117011,K01,U2OS,48,LDN-212854,compound,BRD-K59831625-001-03-9,,,5.79427,1.3285431
BR00117011,K02,U2OS,48,formononetin,compound,BRD-K55567017-001-12-3,,['alcohol dehydrogenase inhibitor'],12.173047,7.1881857
BR00117011,K03,U2OS,48,aminopurvalanol-a,compound,BRD-K07762753-001-05-1,poscon_orf,['CDK inhibitor'],9.140472,4.3909183
BR00117011,K04,U2OS,48,ruxolitinib,compound,BRD-K53972329-001-01-3,poscon_cp,['JAK inhibitor'],10.250069,3.3753974
BR00117011,K05,U2OS,48,DMSO,compound,,negcon,,11.682121,5.536958
BR00117011,K06,U2OS,48,DMSO,compound,,negcon,,11.756917,6.2910995
BR00117011,K07,U2OS,48,LGK-974,compound,BRD-K16810791-001-01-0,,['porcupine inhibitor'],12.618353,4.623213
BR00117011,K08,U2OS,48,polydatin,compound,BRD-K43236057-001-07-1,,['ICAM1 expression inhibitor'],8.908357,0.97824734
BR00117011,K09,U2OS,48,enflurane,compound,BRD-A51831848-001-01-7,,,11.500075,4.828738
BR00117011,K10,U2OS,48,PFI-1,compound,BRD-K13094524-001-04-2,poscon_cp,,11.555118,4.5637116
BR00117011,K11,U2OS,48,AZD7762,compound,BRD-K86525559-001-07-8,poscon_diverse,['CHK inhibitor'],5.578212,1.026738
BR00117011,K12,U2OS,48,sotrastaurin,compound,BRD-K16761703-001-03-8,,['PKC inhibitor'],12.19939,2.1484604
BR00117011,K13,U2OS,48,DMSO,compound,,negcon,,13.865572,4.7422853
BR00117011,K14,U2OS,48,cycloheximide,compound,BRD-K36055864-001-20-0,,['protein synthesis inhibitor'],7.576019,1.5758448
BR00117011,K15,U2OS,48,oxytocin,compound,BRD-K25243230-001-01-2,,,13.698049,4.229973
BR00117011,K16,U2OS,48,DMSO,compound,,negcon,,13.579398,4.1667295
BR00117011,K17,U2OS,48,colchicine,compound,BRD-K00259736-001-16-4,,,6.265286,-0.17968197
BR00117011,K18,U2OS,48,afimoxifene,compound,BRD-K04210847-001-21-9,,,13.366865,3.780567
BR00117011,K19,U2OS,48,DMSO,compound,,negcon,,14.076193,2.3611257
BR00117011,K20,U2OS,48,ZK-93423,compound,BRD-K33882852-003-02-8,poscon_diverse,['benzodiazepine receptor agonist'],14.220273,4.0201807
BR00117011,K21,U2OS,48,RGB-286638,compound,BRD-K20986415-001-02-6,,['CDK inhibitor'],7.781521,1.1862342
BR00117011,K22,U2OS,48,FPS-ZM1,compound,BRD-K87691185-001-01-2,,['RAGE receptor antagonist'],13.7217865,2.7785983
BR00117011,K23,U2OS,48,flindokalner,compound,BRD-K56740996-001-02-1,,,14.850654,1.9641855
BR00117011,K24,U2OS,48,motesanib,compound,BRD-K99616396-316-05-3,,"['KIT inhibitor', 'VEGFR inhibitor', 'PDGFR tyrosine kinase receptor inhibitor']",15.454615,3.925184
BR00117011,L01,U2OS,48,geldanamycin,compound,BRD-K43570081-001-02-4,,['HSP inhibitor'],6.4237237,0.66407466
BR00117011,L02,U2OS,48,DMSO,compound,,negcon,,12.504684,7.1147394
BR00117011,L03,U2OS,48,CGP-53353,compound,BRD-K32292990-001-03-6,,"['PKC inhibitor', 'EGFR inhibitor']",12.6199045,6.2776117
BR00117011,L04,U2OS,48,7-hydroxystaurosporine,compound,BRD-K45293975-001-02-0,,"['CDK inhibitor', 'PKC inhibitor', 'CHK inhibitor']",6.2051573,1.4782295
BR00117011,L05,U2OS,48,DMSO,compound,,negcon,,11.691791,6.308566
BR00117011,L06,U2OS,48,DMSO,compound,,negcon,,11.786457,6.108149
BR00117011,L07,U2OS,48,efaproxiral,compound,BRD-K37355418-236-01-6,,,11.552609,5.5054803
BR00117011,L08,U2OS,48,SB-203580,compound,BRD-A37704979-001-12-3,poscon_orf,['p38 MAPK inhibitor'],11.306563,1.8725234
BR00117011,L09,U2OS,48,FK-866,compound,BRD-K58550667-001-08-7,poscon_diverse,,7.1143203,2.2558517
BR00117011,L10,U2OS,48,bepridil,compound,BRD-A91008255-003-24-8,,['calcium channel blocker'],12.156501,5.626638
BR00117011,L11,U2OS,48,delanzomib,compound,BRD-K59325863-001-04-4,,,5.7509546,1.3417073
BR00117011,L12,U2OS,48,buparlisib,compound,BRD-K42191735-001-08-7,poscon_diverse,,6.198836,-0.01926668
BR00117011,L13,U2OS,48,phenylbutazone,compound,BRD-K10843433-001-23-5,,"['cyclooxygenase inhibitor', 'prostanoid receptor antagonist']",12.665416,6.151689
BR00117011,L14,U2OS,48,deferasirox,compound,BRD-K97010173-001-04-1,,,9.977275,5.4244394
BR00117011,L15,U2OS,48,DMSO,compound,,negcon,,13.910711,2.283523
BR00117011,L16,U2OS,48,cediranib,compound,BRD-K86930074-001-05-0,,"['KIT inhibitor', 'VEGFR inhibitor']",11.608158,0.8174318
BR00117011,L17,U2OS,48,isoflurane,compound,BRD-A31564021-001-02-6,,,13.978294,2.152402
BR00117011,L18,U2OS,48,DMSO,compound,,negcon,,14.247507,2.2792547
BR00117011,L19,U2OS,48,CCG-50014,compound,BRD-K08893438-001-06-4,,['G protein signaling inhibitor'],6.5616307,0.29752824
BR00117011,L20,U2OS,48,PF-431396,compound,BRD-K93788137-001-04-1,,,8.637788,4.734706
BR00117011,L21,U2OS,48,TG-02,compound,BRD-K14560436-001-01-4,,"['CDK inhibitor', 'FLT3 inhibitor', 'JAK inhibitor']",6.9019895,1.2591974
BR00117011,L22,U2OS,48,baclofen,compound,BRD-K01826724-003-07-9,,['benzodiazepine receptor agonist'],14.679575,2.7210271
BR00117011,L23,U2OS,48,thiostrepton,compound,BRD-A20697603-001-07-2,,['protein synthesis inhibitor'],9.438552,1.1021826
BR00117011,L24,U2OS,48,flufenamic-acid,compound,BRD-K44067360-001-29-5,,,15.549298,3.5841978
BR00117011,M01,U2OS,48,DMSO,compound,,negcon,,13.871174,7.308668
BR00117011,M02,U2OS,48,LY2109761,compound,BRD-K47557313-001-02-7,,,10.249333,3.2302024
BR00117011,M03,U2OS,48,olopatadine,compound,BRD-K67637637-003-11-8,,['histamine receptor antagonist'],11.57044,5.9208198
BR00117011,M04,U2OS,48,DMSO,compound,,negcon,,11.443774,6.3241987
BR00117011,M05,U2OS,48,castanospermine,compound,BRD-K20897876-001-11-8,,['glucosidase inhibitor'],12.332753,6.404263
BR00117011,M06,U2OS,48,A205804,compound,BRD-K77627880-001-04-0,,['ICAM1 expression inhibitor'],12.68576,5.5605297
BR00117011,M07,U2OS,48,VU591,compound,BRD-K72063794-003-01-0,,['potassium channel blocker'],10.594683,3.2175434
BR00117011,M08,U2OS,48,dalbavancin,compound,BRD-K30177383-001-01-0,,['bacterial cell wall synthesis inhibitor'],11.706102,3.2239475
BR00117011,M09,U2OS,48,CC-401,compound,BRD-K45746021-003-01-9,,['JNK inhibitor'],11.008295,3.0840666
BR00117011,M10,U2OS,48,ganetespib,compound,BRD-K38852836-001-04-9,poscon_diverse,['HSP inhibitor'],6.4940763,0.7146199
BR00117011,M11,U2OS,48,ingenol-mebutate,compound,BRD-K93779381-001-01-9,,,10.903127,1.2704672
BR00117011,M12,U2OS,48,menadione,compound,BRD-K78126613-001-27-7,,,8.212161,1.0228367
BR00117011,M13,U2OS,48,cetilistat,compound,BRD-K94863486-001-02-2,,,12.113162,2.5796342
BR00117011,M14,U2OS,48,methoxsalen,compound,BRD-K63430059-001-16-4,,['DNA synthesis inhibitor'],13.92343,3.6872728
BR00117011,M15,U2OS,48,cyclosporine,compound,BRD-K13533483-001-16-2,,,10.035003,2.4198325
BR00117011,M16,U2OS,48,NSC-632839,compound,BRD-K81197548-003-01-4,poscon_cp,['ubiquitin specific protease inhibitor'],5.743817,0.24359153
BR00117011,M17,U2OS,48,DMSO,compound,,negcon,,13.849422,2.3494444
BR00117011,M18,U2OS,48,TG-003,compound,BRD-K97072811-001-11-4,poscon_cp,,6.1484666,1.1524302
BR00117011,M19,U2OS,48,oxibendazole,compound,BRD-K52075715-001-06-7,,['tubulin polymerization inhibitor'],6.473918,-0.10924787
BR00117011,M20,U2OS,48,TG-101348,compound,BRD-K12502280-001-11-4,poscon_cp,"['JAK inhibitor', 'FLT3 inhibitor']",6.9764414,0.49615073
BR00117011,M21,U2OS,48,miglitol,compound,BRD-A63310107-001-04-8,,['glucosidase inhibitor'],14.995401,2.1883297
BR00117011,M22,U2OS,48,DMSO,compound,,negcon,,14.70213,1.7335644
BR00117011,M23,U2OS,48,DMSO,compound,,negcon,,15.226981,2.6796966
BR00117011,M24,U2OS,48,tranilast,compound,BRD-K17849083-001-32-9,,,15.298598,4.382643
BR00117011,N01,U2OS,48,4-methylhistamine,compound,BRD-K70821460-300-02-4,,['histamine receptor agonist'],14.448842,7.2966843
BR00117011,N02,U2OS,48,LDN-27219,compound,BRD-K51485109-001-01-4,,,13.198729,6.7903543
BR00117011,N03,U2OS,48,anisomycin,compound,BRD-K91370081-001-25-1,,['DNA synthesis inhibitor'],6.6360607,1.4664618
BR00117011,N04,U2OS,48,thioguanine,compound,BRD-K49350383-001-13-7,poscon_diverse,,10.040197,2.7133095
BR00117011,N05,U2OS,48,droxinostat,compound,BRD-K11558771-001-13-9,,['HDAC inhibitor'],11.357105,5.091289
BR00117011,N06,U2OS,48,UNC2025,compound,BRD-K91283740-003-01-6,poscon_cp,['FLT3 inhibitor'],6.86746,1.0686579
BR00117011,N07,U2OS,48,DMSO,compound,,negcon,,12.228803,3.064145
BR00117011,N08,U2OS,48,DMSO,compound,,negcon,,12.617901,2.1836693
BR00117011,N09,U2OS,48,AMG900,compound,BRD-K21728777-001-02-3,poscon_cp,['Aurora kinase inhibitor'],8.981831,5.035455
BR00117011,N10,U2OS,48,PF-06463922,compound,BRD-A23124853-001-01-4,,['ALK tyrosine kinase receptor inhibitor'],10.755818,2.4361076
BR00117011,N11,U2OS,48,orantinib,compound,BRD-K55966568-001-09-6,poscon_cp,"['FGFR inhibitor', 'PDGFR tyrosine kinase receptor inhibitor', 'VEGFR inhibitor']",13.622114,5.1656632
BR00117011,N12,U2OS,48,fludarabine-phosphate,compound,BRD-K71106091-001-09-5,,['ribonucleotide reductase inhibitor'],9.331995,5.1579127
BR00117011,N13,U2OS,48,ceritinib,compound,BRD-K22149900-001-06-2,,['ALK tyrosine kinase receptor inhibitor'],10.999049,1.7297742
BR00117011,N14,U2OS,48,NVS-PAK1-1,compound,BRD-K28132190-001-02-0,poscon_cp,['p21 activated kinase inhibitor'],12.388435,1.3392314
BR00117011,N15,U2OS,48,homoharringtonine,compound,BRD-K76674262-001-03-3,,['protein synthesis inhibitor'],6.654372,1.425058
BR00117011,N16,U2OS,48,picrotoxinin,compound,BRD-K36461289-001-05-8,,['GABA receptor antagonist'],13.691989,1.8342184
BR00117011,N17,U2OS,48,DMSO,compound,,negcon,,13.481716,1.8332969
BR00117011,N18,U2OS,48,danusertib,compound,BRD-K07881437-001-03-8,poscon_diverse,"['growth factor receptor inhibitor', 'Aurora kinase inhibitor']",8.948976,4.982475
BR00117011,N19,U2OS,48,romidepsin,compound,BRD-K61397605-001-01-8,poscon_cp,['HDAC inhibitor'],6.0390253,1.1868064
BR00117011,N20,U2OS,48,FERb-033,compound,BRD-K61642990-001-01-0,poscon_cp,['EGFR inhibitor'],12.961638,1.4658011
BR00117011,N21,U2OS,48,PF-03758309,compound,BRD-K37764012-001-03-3,poscon_diverse,['p21 activated kinase inhibitor'],6.944757,0.9911024
BR00117011,N22,U2OS,48,DMSO,compound,,negcon,,13.659184,1.568958
BR00117011,N23,U2OS,48,trometamol,compound,BRD-K47978074-001-03-2,,,15.076648,2.6075802
BR00117011,N24,U2OS,48,simvastatin,compound,BRD-K22134346-001-22-3,,['HMGCR inhibitor'],12.08548,1.3342272
BR00117011,O01,U2OS,48,zaprinast,compound,BRD-K16542329-001-16-8,,['phosphodiesterase inhibitor'],14.084603,7.092623
BR00117011,O02,U2OS,48,dexamethasone,compound,BRD-A10188456-001-04-9,,['glucocorticoid receptor agonist'],14.37375,6.5294147
BR00117011,O03,U2OS,48,salicylic-acid,compound,BRD-K93632104-001-17-2,,['cyclooxygenase inhibitor'],12.507387,6.8302517
BR00117011,O04,U2OS,48,diltiazem,compound,BRD-A69636825-003-04-7,,['calcium channel blocker'],13.2204,6.6074567
BR00117011,O05,U2OS,48,phenolphthalein,compound,BRD-K19227686-001-18-6,,,11.861793,6.5290284
BR00117011,O06,U2OS,48,niflumic-acid,compound,BRD-K98763141-001-30-8,,['cyclooxygenase inhibitor'],12.29471,6.1381598
BR00117011,O07,U2OS,48,DMSO,compound,,negcon,,13.588396,5.5798464
BR00117011,O08,U2OS,48,L-Cystine,compound,BRD-A15397381-001-02-5,,,12.688973,5.7219033
BR00117011,O09,U2OS,48,ozanimod,compound,BRD-K46625559-001-01-8,,['sphingosine 1 phosphate receptor agonist'],12.569934,6.130192
BR00117011,O10,U2OS,48,efaroxan,compound,BRD-A10739734-003-09-8,,['adrenergic receptor antagonist'],13.166712,2.6151712
BR00117011,O11,U2OS,48,NBQX,compound,BRD-K11796549-001-05-2,,['glutamate receptor antagonist'],11.618395,4.203635
BR00117011,O12,U2OS,48,dinoprostone,compound,BRD-K26521938-001-07-2,,['prostanoid receptor agonist'],10.752334,3.4515553
BR00117011,O13,U2OS,48,Ro-20-1724,compound,BRD-A07207424-001-14-0,,['phosphodiesterase inhibitor'],13.424465,2.1325057
BR00117011,O14,U2OS,48,xanomeline,compound,BRD-K72815923-034-02-0,,['acetylcholine receptor agonist'],13.687926,2.4749482
BR00117011,O15,U2OS,48,terazosin,compound,BRD-K01825589-310-02-9,,['adrenergic receptor antagonist'],15.193592,2.5421734
BR00117011,O16,U2OS,48,BVT-948,compound,BRD-K68567222-001-01-2,,,6.713547,2.1496868
BR00117011,O17,U2OS,48,nicotine,compound,BRD-K01825660-322-01-9,,['acetylcholine receptor agonist'],15.488345,3.1359544
BR00117011,O18,U2OS,48,DMSO,compound,,negcon,,15.165406,3.614731
BR00117011,O19,U2OS,48,U-0521,compound,BRD-K08953028-001-09-6,,,14.9883375,3.7368462
BR00117011,O20,U2OS,48,BMS-587101,compound,BRD-K20093108-001-02-3,,,14.185159,1.6291356
BR00117011,O21,U2OS,48,nimodipine,compound,BRD-A58048407-001-20-4,,['calcium channel blocker'],14.806412,1.948954
BR00117011,O22,U2OS,48,pyrrolidine-dithiocarbamate,compound,BRD-K80970344-201-08-6,,,6.455578,-0.07398002
BR00117011,O23,U2OS,48,PF-915275,compound,BRD-K18289362-001-02-2,,,14.691515,3.763943
BR00117011,O24,U2OS,48,JTE-013,compound,BRD-K43330982-001-02-3,,,15.691918,4.932866
BR00117011,P01,U2OS,48,sodium-butyrate,compound,BRD-K05878375-236-05-7,,['HDAC inhibitor'],14.939396,7.2979355
BR00117011,P02,U2OS,48,pentostatin,compound,BRD-K91543828-001-02-0,,['ribonucleotide reductase inhibitor'],14.337953,6.7791653
BR00117011,P03,U2OS,48,OMDM-2,compound,BRD-K48830578-001-01-9,,,14.320415,6.520552
BR00117011,P04,U2OS,48,nalmefene,compound,BRD-A72767275-003-01-6,,,14.38354,6.5478497
BR00117011,P05,U2OS,48,DMSO,compound,,negcon,,14.411781,6.697016
BR00117011,P06,U2OS,48,1-EBIO,compound,BRD-K70586315-001-02-4,,,14.919417,6.084656
BR00117011,P07,U2OS,48,SB-505124,compound,BRD-K40109029-001-02-9,,['ALK tyrosine kinase receptor inhibitor'],14.173193,5.0412507
BR00117011,P08,U2OS,48,prasugrel,compound,BRD-A83029242-001-06-1,,['purinergic receptor antagonist'],14.827486,5.7219405
BR00117011,P09,U2OS,48,pidolic-acid,compound,BRD-K57313110-001-06-8,,,14.790689,6.1132226
BR00117011,P10,U2OS,48,DMSO,compound,,negcon,,15.382621,5.5792823
BR00117011,P11,U2OS,48,nevirapine,compound,BRD-K15502390-001-20-9,,,15.03823,5.9714203
BR00117011,P12,U2OS,48,triamterene,compound,BRD-K92049597-001-20-8,,['sodium channel blocker'],15.156025,5.91543
BR00117011,P13,U2OS,48,regorafenib,compound,BRD-K16730910-001-07-3,,"['PDGFR tyrosine kinase receptor inhibitor', 'RAF inhibitor', 'KIT inhibitor', 'RET tyrosine kinase inhibitor', 'FGFR inhibitor', 'VEGFR inhibitor']",15.423621,5.6281157
BR00117011,P14,U2OS,48,cyclophosphamide,compound,BRD-A09722536-002-18-0,,,15.337444,5.8461895
BR00117011,P15,U2OS,48,olanzapine,compound,BRD-K18895904-001-16-1,,"['dopamine receptor antagonist', 'serotonin receptor antagonist']",15.260862,5.625333
BR00117011,P16,U2OS,48,KI-16425,compound,BRD-A25569250-001-03-3,,['lysophosphatidic acid receptor antagonist'],15.176764,5.769321
BR00117011,P17,U2OS,48,SKLB1002,compound,BRD-K29895144-001-01-0,,['VEGFR inhibitor'],9.4890375,5.179332
BR00117011,P18,U2OS,48,cilostazol,compound,BRD-K67017579-001-28-1,,['phosphodiesterase inhibitor'],15.4081,5.697783
BR00117011,P19,U2OS,48,AZD1283,compound,BRD-K77060810-001-01-5,,['purinergic receptor antagonist'],15.57787,5.6990523
BR00117011,P20,U2OS,48,A-987306,compound,BRD-K68982262-001-01-4,,['histamine receptor antagonist'],15.603805,5.210238
BR00117011,P21,U2OS,48,procaine,compound,BRD-K24616672-003-20-1,,['HMGCR inhibitor'],15.653472,5.2773185
BR00117011,P22,U2OS,48,miconazole,compound,BRD-A82396632-008-30-8,,['bacterial cell wall synthesis inhibitor'],15.676146,4.570519
BR00117011,P23,U2OS,48,loperamide,compound,BRD-K61250553-003-30-6,,,15.660361,4.735532
BR00117011,P24,U2OS,48,aripiprazole,compound,BRD-K70358946-001-17-3,,['serotonin receptor antagonist'],15.94178,4.894225
BR00117012,A01,U2OS,48,gabapentin-enacarbil,compound,BRD-A86665761-001-01-1,,,11.174337,9.789851
BR00117012,A02,U2OS,48,DMSO,compound,,negcon,,11.138031,9.811202
BR00117012,A03,U2OS,48,amlodipine,compound,BRD-A22032524-074-09-9,,['calcium channel blocker'],9.764642,9.31575
BR00117012,A04,U2OS,48,hexestrol,compound,BRD-A01078468-001-14-8,,,10.988965,9.891083
BR00117012,A05,U2OS,48,quinine,compound,BRD-K48278478-001-01-2,,,9.79843,9.342913
BR00117012,A06,U2OS,48,LOXO-101,compound,BRD-K36574127-001-01-3,,,10.964564,9.94175
BR00117012,A07,U2OS,48,brinzolamide,compound,BRD-K74913225-001-14-0,,['carbonic anhydrase inhibitor'],10.925735,9.948122
BR00117012,A08,U2OS,48,NS-11021,compound,BRD-K94342292-001-01-3,,['calcium-activated potassium channel activator'],10.991878,9.953335
BR00117012,A09,U2OS,48,DMSO,compound,,negcon,,15.397824,5.2705317
BR00117012,A10,U2OS,48,GNF-5837,compound,BRD-K19975102-001-01-2,,['growth factor receptor inhibitor'],10.676243,1.3659605
BR00117012,A11,U2OS,48,apatinib,compound,BRD-K25244359-066-02-6,,['RET tyrosine kinase inhibitor'],15.695574,1.992052
BR00117012,A12,U2OS,48,ethoxzolamide,compound,BRD-K18131774-001-18-4,,['carbonic anhydrase inhibitor'],15.2635,4.9570227
BR00117012,A13,U2OS,48,ascorbic-acid,compound,BRD-A85242401-001-11-5,,,15.254249,4.9667325
BR00117012,A14,U2OS,48,ryuvidine,compound,BRD-K06426971-001-02-7,,['histone lysine methyltransferase inhibitor'],5.661327,1.8096884
BR00117012,A15,U2OS,48,BAN-ORL-24,compound,BRD-K47049295-300-03-1,,,9.310706,1.1270949
BR00117012,A16,U2OS,48,NNC-55-0396,compound,BRD-K78122587-300-04-3,,,10.749593,0.9101156
BR00117012,A17,U2OS,48,DMSO,compound,,negcon,,15.130082,4.890439
BR00117012,A18,U2OS,48,WH-4-023,compound,BRD-K50199947-001-03-4,,['src inhibitor'],10.294817,0.9976539
BR00117012,A19,U2OS,48,flupirtine,compound,BRD-K50720187-051-03-1,,['glutamate receptor antagonist'],15.292079,4.9492035
BR00117012,A20,U2OS,48,ZK811752,compound,BRD-K91825936-001-03-9,,,15.153016,4.517697
BR00117012,A21,U2OS,48,dexamethasone,compound,BRD-K38775274-001-22-1,,['glucocorticoid receptor agonist'],15.379983,4.5371103
BR00117012,A22,U2OS,48,PP-1,compound,BRD-K47598052-001-14-1,,['src inhibitor'],11.675346,1.403423
BR00117012,A23,U2OS,48,DDR1-IN-1,compound,BRD-K61845293-300-01-9,,,15.320476,4.529892
BR00117012,A24,U2OS,48,AVL-292,compound,BRD-K87782578-001-01-4,,"[""Bruton's tyrosine kinase (BTK) inhibitor""]",9.411647,1.7940207
BR00117012,B01,U2OS,48,H2L-5765834,compound,BRD-K26439554-001-01-3,,['lysophosphatidic acid receptor antagonist'],14.480268,6.554205
BR00117012,B02,U2OS,48,thiostrepton,compound,BRD-K58049875-001-03-9,,['protein synthesis inhibitor'],5.9859624,-0.0654616
BR00117012,B03,U2OS,48,DMSO,compound,,negcon,,13.569772,6.390799
BR00117012,B04,U2OS,48,arcyriaflavin-a,compound,BRD-K72726508-001-02-1,,['CDK inhibitor'],10.326909,2.6319287
BR00117012,B05,U2OS,48,CYM-5520,compound,BRD-K29151923-001-01-5,,['sphingosine 1 phosphate receptor agonist'],14.14412,5.6659245
BR00117012,B06,U2OS,48,fludarabine,compound,BRD-K66788707-001-14-3,,['ribonucleotide reductase inhibitor'],10.187421,5.4853163
BR00117012,B07,U2OS,48,alda-1,compound,BRD-K06890060-001-09-1,,,13.488456,5.027428
BR00117012,B08,U2OS,48,meclofenamic-acid,compound,BRD-K50398167-236-22-7,,"['cyclooxygenase inhibitor', 'prostanoid receptor antagonist']",12.390094,4.6980376
BR00117012,B09,U2OS,48,GNF-5,compound,BRD-K87632963-001-03-0,,['Bcr-Abl kinase inhibitor'],12.751795,4.608349
BR00117012,B10,U2OS,48,NS-309,compound,BRD-K37602296-001-01-6,,['calcium-activated potassium channel activator'],13.25493,4.5090303
BR00117012,B11,U2OS,48,AK-7,compound,BRD-K09143580-001-01-0,,['SIRT inhibitor'],11.502337,1.1061372
BR00117012,B12,U2OS,48,BVT-948,compound,BRD-A22713669-001-04-3,,,5.754835,1.9138409
BR00117012,B13,U2OS,48,SirReal-2,compound,BRD-K16472653-001-01-6,,['SIRT inhibitor'],13.133164,4.3109717
BR00117012,B14,U2OS,48,DMSO,compound,,negcon,,13.207501,4.596343
BR00117012,B15,U2OS,48,BMS-536924,compound,BRD-K34581968-001-05-3,,['IGF-1 inhibitor'],9.980542,1.4389483
BR00117012,B16,U2OS,48,PP-121,compound,BRD-K81801188-001-02-8,,['protein tyrosine kinase inhibitor'],7.0652246,1.540774
BR00117012,B17,U2OS,48,MCOPPB,compound,BRD-K73276278-305-01-1,,,11.376957,0.24736111
BR00117012,B18,U2OS,48,ozagrel,compound,BRD-K53061490-003-13-9,,,15.111929,3.8837607
BR00117012,B19,U2OS,48,CYM-5442,compound,BRD-A43005764-003-01-5,,['sphingosine 1 phosphate receptor agonist'],11.26727,0.22261368
BR00117012,B20,U2OS,48,CVT-10216,compound,BRD-K60659193-001-01-0,,,15.008018,3.6517663
BR00117012,B21,U2OS,48,TCN201,compound,BRD-K09787262-001-02-7,,['glutamate receptor antagonist'],14.727923,3.7381473
BR00117012,B22,U2OS,48,fomepizole,compound,BRD-K56810756-003-07-7,,['alcohol dehydrogenase inhibitor'],15.866418,1.459397
BR00117012,B23,U2OS,48,benzamil,compound,BRD-K87158025-003-08-7,,['sodium channel blocker'],14.246793,4.8762026
BR00117012,B24,U2OS,48,lercanidipine,compound,BRD-A18992208-003-02-7,,['calcium channel blocker'],15.465841,4.640329
BR00117012,C01,U2OS,48,4-CMTB,compound,BRD-A54139254-001-09-2,,['free fatty acid receptor agonist'],11.16091,9.794021
BR00117012,C02,U2OS,48,ML-228,compound,BRD-K44432556-001-05-5,,,10.851329,10.006653
BR00117012,C03,U2OS,48,DMSO,compound,,negcon,,10.8724,10.014027
BR00117012,C04,U2OS,48,GSK1070916,compound,BRD-K36740062-001-06-6,,['Aurora kinase inhibitor'],10.661425,9.865846
BR00117012,C05,U2OS,48,ML-193,compound,BRD-K27539181-001-08-5,,,10.808974,10.032593
BR00117012,C06,U2OS,48,DMSO,compound,,negcon,,10.746564,10.087383
BR00117012,C07,U2OS,48,M-25,compound,BRD-K51265828-001-01-0,,['smoothened receptor antagonist'],10.606078,10.096537
BR00117012,C08,U2OS,48,azeliragon,compound,BRD-K51899933-001-02-6,,['RAGE receptor antagonist'],5.754749,1.1435251
BR00117012,C09,U2OS,48,CYT-997,compound,BRD-K23363278-001-02-1,poscon_diverse,['tubulin polymerization inhibitor'],9.718863,9.176362
BR00117012,C10,U2OS,48,AR-12,compound,BRD-K90497590-001-05-9,,,5.691713,1.849889
BR00117012,C11,U2OS,48,CYM-50260,compound,BRD-K69877120-001-01-7,,['sphingosine 1 phosphate receptor agonist'],12.911791,3.5948408
BR00117012,C12,U2OS,48,DMSO,compound,,negcon,,11.951358,2.4164412
BR00117012,C13,U2OS,48,KG-5,compound,BRD-K90747162-001-01-4,poscon_cp,['RAF inhibitor'],8.243316,0.6833081
BR00117012,C14,U2OS,48,JTE-607,compound,BRD-K81405859-300-01-4,,,9.657684,5.2887015
BR00117012,C15,U2OS,48,DMSO,compound,,negcon,,13.040157,3.675309
BR00117012,C16,U2OS,48,ilomastat,compound,BRD-K51662849-001-05-4,,['matrix metalloprotease inhibitor'],11.700117,2.153668
BR00117012,C17,U2OS,48,RX-821002,compound,BRD-A65597028-003-08-1,,['adrenergic receptor antagonist'],12.623049,3.011816
BR00117012,C18,U2OS,48,DMSO,compound,,negcon,,12.400993,2.96306
BR00117012,C19,U2OS,48,TUG-891,compound,BRD-K24282351-001-01-4,,['free fatty acid receptor agonist'],13.784053,1.8074536
BR00117012,C20,U2OS,48,ponatinib,compound,BRD-K44227013-001-08-0,,"['PDGFR tyrosine kinase receptor inhibitor', 'FLT3 inhibitor', 'Bcr-Abl kinase inhibitor']",5.5413737,1.1489605
BR00117012,C21,U2OS,48,DMSO,compound,,negcon,,14.693621,2.3473077
BR00117012,C22,U2OS,48,puromycin,compound,BRD-K01824976-300-02-9,,['protein synthesis inhibitor'],8.053024,1.9216537
BR00117012,C23,U2OS,48,SRC-kinase-inhibitor-I,compound,BRD-K50495309-001-02-0,,['src inhibitor'],15.699627,1.3609909
BR00117012,C24,U2OS,48,acetylcysteine,compound,BRD-K59058747-001-19-1,,,16.009054,1.6365869
BR00117012,D01,U2OS,48,NSC-625987,compound,BRD-K62949423-001-03-1,,['CDK inhibitor'],14.064933,6.5993414
BR00117012,D02,U2OS,48,dalfampridine,compound,BRD-K22482860-001-20-6,,['potassium channel blocker'],13.106398,6.126238
BR00117012,D03,U2OS,48,NSC-95397,compound,BRD-K68143200-001-11-7,,['CDC inhibitor'],6.058821,1.5131392
BR00117012,D04,U2OS,48,alrestatin,compound,BRD-K35498378-001-06-1,,['aldose reductase inhibitor'],12.015478,5.185687
BR00117012,D05,U2OS,48,PF-03758309,compound,BRD-K37764012-001-03-3,poscon_diverse,['p21 activated kinase inhibitor'],12.28418,5.313639
BR00117012,D06,U2OS,48,IRL-2500,compound,BRD-K98357249-001-02-9,,['endothelin receptor antagonist'],12.358794,5.543157
BR00117012,D07,U2OS,48,PF-04217903,compound,BRD-K73319509-001-08-0,poscon_cp,,12.268674,5.230203
BR00117012,D08,U2OS,48,FK-866,compound,BRD-K58550667-001-08-7,poscon_diverse,,7.2114453,2.275136
BR00117012,D09,U2OS,48,amlexanox,compound,BRD-K29530284-001-06-2,,,12.034039,4.3379655
BR00117012,D10,U2OS,48,GW-311616,compound,BRD-K37864785-001-01-0,,['elastase inhibitor'],12.2807665,3.9924586
BR00117012,D11,U2OS,48,buparlisib,compound,BRD-K42191735-001-08-7,poscon_diverse,,6.2446256,0.27408215
BR00117012,D12,U2OS,48,amiloride,compound,BRD-K97181089-003-24-7,,['sodium channel blocker'],12.022529,3.9684544
BR00117012,D13,U2OS,48,DG-172,compound,BRD-K75748943-300-01-3,,,11.537904,0.49834713
BR00117012,D14,U2OS,48,DMSO,compound,,negcon,,13.11939,3.8318286
BR00117012,D15,U2OS,48,DMSO,compound,,negcon,,13.188181,3.9683378
BR00117012,D16,U2OS,48,NVP-ADW742,compound,BRD-K15179513-001-04-2,poscon_cp,,11.0195055,0.49920586
BR00117012,D17,U2OS,48,misoprostol,compound,BRD-A72351335-001-04-5,,['prostanoid receptor agonist'],9.823529,5.3558893
BR00117012,D18,U2OS,48,conivaptan,compound,BRD-K37385792-003-02-1,,,12.431264,1.9422761
BR00117012,D19,U2OS,48,spiroxatrine,compound,BRD-A72483914-001-03-7,,['serotonin receptor antagonist'],12.966818,2.3782172
BR00117012,D20,U2OS,48,diacerein,compound,BRD-K69122748-001-10-1,,,13.597643,3.401695
BR00117012,D21,U2OS,48,DMSO,compound,,negcon,,15.731123,1.4323386
BR00117012,D22,U2OS,48,DMSO,compound,,negcon,,15.802077,1.3529649
BR00117012,D23,U2OS,48,glyburide,compound,BRD-K36927236-001-36-7,,['ATP channel blocker'],15.892274,1.4382249
BR00117012,D24,U2OS,48,ANR-94,compound,BRD-K31170746-001-01-6,,,15.937256,1.5857459
BR00117012,E01,U2OS,48,TFC-007,compound,BRD-K57708067-001-01-3,,,11.240152,9.725775
BR00117012,E02,U2OS,48,trihexyphenidyl,compound,BRD-A48180038-003-24-3,,['acetylcholine receptor antagonist'],10.869772,10.010565
BR00117012,E03,U2OS,48,epoprostenol,compound,BRD-K64054020-001-02-7,,,10.928684,10.031618
BR00117012,E04,U2OS,48,sacubitril,compound,BRD-K91456750-001-01-9,,,10.7554655,10.035624
BR00117012,E05,U2OS,48,danusertib,compound,BRD-K07881437-001-03-8,poscon_diverse,"['growth factor receptor inhibitor', 'Aurora kinase inhibitor']",10.629111,9.631861
BR00117012,E06,U2OS,48,CYT-997,compound,BRD-K23363278-001-02-1,poscon_diverse,['tubulin polymerization inhibitor'],6.12814,0.32012105
BR00117012,E07,U2OS,48,DMSO,compound,,negcon,,10.700493,10.153384
BR00117012,E08,U2OS,48,BQ-788,compound,BRD-K02490038-236-03-8,,['endothelin receptor antagonist'],10.910108,9.991681
BR00117012,E09,U2OS,48,SB-202190,compound,BRD-K54330070-001-19-6,poscon_orf,['p38 MAPK inhibitor'],11.94807,2.1152122
BR00117012,E10,U2OS,48,GSK2110183,compound,BRD-K25412176-001-01-9,poscon_diverse,,10.91268,3.023081
BR00117012,E11,U2OS,48,GSK3787,compound,BRD-K03155172-001-03-0,,['PPAR receptor antagonist'],12.684569,3.6536803
BR00117012,E12,U2OS,48,BAM7,compound,BRD-K07442505-001-03-6,,,12.555293,3.2639723
BR00117012,E13,U2OS,48,PHA-793887,compound,BRD-K64800655-001-09-0,poscon_diverse,['CDK inhibitor'],7.407884,1.2307255
BR00117012,E14,U2OS,48,DMSO,compound,,negcon,,12.821271,3.2483504
BR00117012,E15,U2OS,48,GSK-37647,compound,BRD-K26514105-001-01-7,,['free fatty acid receptor agonist'],11.488008,2.8199115
BR00117012,E16,U2OS,48,desonide,compound,BRD-K21528677-001-04-4,,['glucocorticoid receptor agonist'],11.569729,3.6056075
BR00117012,E17,U2OS,48,DMSO,compound,,negcon,,13.341245,3.5053403
BR00117012,E18,U2OS,48,aloxistatin,compound,BRD-K91188791-001-17-5,,,13.767959,3.0500672
BR00117012,E19,U2OS,48,azathioprine,compound,BRD-K32821942-001-22-1,,,12.384346,2.9358563
BR00117012,E20,U2OS,48,ZK-93423,compound,BRD-K33882852-003-02-8,poscon_diverse,['benzodiazepine receptor agonist'],13.971356,3.8389225
BR00117012,E21,U2OS,48,BI-2536,compound,BRD-K64890080-001-02-1,poscon_diverse,,7.1888113,0.1490063
BR00117012,E22,U2OS,48,EI1,compound,BRD-K91535048-001-01-2,poscon_cp,['histone lysine methyltransferase inhibitor'],15.58491,1.765708
BR00117012,E23,U2OS,48,NVP-HSP990,compound,BRD-K67915505-001-01-2,,['HSP inhibitor'],6.4696245,0.6679859
BR00117012,E24,U2OS,48,DMSO,compound,,negcon,,16.035673,1.8152007
BR00117012,F01,U2OS,48,DMSO,compound,,negcon,,14.373312,6.7257824
BR00117012,F02,U2OS,48,nialamide,compound,BRD-K12102668-001-25-5,,,13.283034,6.795448
BR00117012,F03,U2OS,48,DMSO,compound,,negcon,,12.991804,6.3651567
BR00117012,F04,U2OS,48,arundic-acid,compound,BRD-K49223707-001-01-0,,,12.856013,5.9104414
BR00117012,F05,U2OS,48,torcitabine,compound,BRD-K91822704-003-07-2,,,12.238409,5.422178
BR00117012,F06,U2OS,48,DMSO,compound,,negcon,,12.287092,5.1876097
BR00117012,F07,U2OS,48,epothilone-b,compound,BRD-K68164687-001-01-6,,"['microtubule stabilizing agent', 'tubulin polymerization inhibitor']",8.2812195,0.56464905
BR00117012,F08,U2OS,48,dyphylline,compound,BRD-A00827783-001-24-6,,['phosphodiesterase inhibitor'],12.6095705,4.5972214
BR00117012,F09,U2OS,48,DMSO,compound,,negcon,,11.887078,4.4386644
BR00117012,F10,U2OS,48,quinidine,compound,BRD-K59632282-052-03-1,,['sodium channel blocker'],13.943625,4.9773474
BR00117012,F11,U2OS,48,halopemide,compound,BRD-K50055394-001-03-6,,,10.473334,3.452011
BR00117012,F12,U2OS,48,sulfinpyrazone,compound,BRD-A36217750-001-16-3,,,13.155252,5.5938153
BR00117012,F13,U2OS,48,ML-323,compound,BRD-K93942811-001-01-3,poscon_cp,['ubiquitin specific protease inhibitor'],13.101816,4.208182
BR00117012,F14,U2OS,48,racecadotril,compound,BRD-A08187463-001-12-9,,,12.47272,5.0481067
BR00117012,F15,U2OS,48,BRL-50481,compound,BRD-K84266862-001-03-2,,['phosphodiesterase inhibitor'],12.588762,2.2374792
BR00117012,F16,U2OS,48,GSK2110183,compound,BRD-K25412176-001-01-9,poscon_diverse,,11.000201,2.7476006
BR00117012,F17,U2OS,48,bufexamac,compound,BRD-K36660044-001-24-2,,['cyclooxygenase inhibitor'],12.985662,3.4046578
BR00117012,F18,U2OS,48,anandamide,compound,BRD-K42352790-001-05-3,,,12.301426,3.7518234
BR00117012,F19,U2OS,48,thioguanine,compound,BRD-K49350383-001-13-7,poscon_diverse,,10.054987,2.736703
BR00117012,F20,U2OS,48,IWP-L6,compound,BRD-K53234107-001-01-6,,['porcupine inhibitor'],13.945086,2.6706016
BR00117012,F21,U2OS,48,edoxaban,compound,BRD-K29322660-001-01-9,,['coagulation factor inhibitor'],13.057771,1.8469366
BR00117012,F22,U2OS,48,lonafarnib,compound,BRD-K41599323-001-02-3,poscon_diverse,,10.199388,1.759683
BR00117012,F23,U2OS,48,ibutamoren,compound,BRD-K44771174-066-01-0,,,15.8272,1.4441416
BR00117012,F24,U2OS,48,somatostatin,compound,BRD-K14681867-001-01-6,,['somatostatin receptor agonist'],15.956107,1.6619158
BR00117012,G01,U2OS,48,L-proline,compound,BRD-K01666412-001-02-0,,,11.144384,9.793075
BR00117012,G02,U2OS,48,zamifenacin,compound,BRD-K80451230-051-02-6,,['acetylcholine receptor antagonist'],10.84072,10.022174
BR00117012,G03,U2OS,48,YC-1,compound,BRD-K60476892-001-16-1,,,10.642361,10.021789
BR00117012,G04,U2OS,48,DMSO,compound,,negcon,,9.732234,9.267021
BR00117012,G05,U2OS,48,ME-0328,compound,BRD-K24283677-001-01-9,,['PPAR receptor antagonist'],10.860149,10.123184
BR00117012,G06,U2OS,48,NSC-663284,compound,BRD-K03109492-001-02-2,,['CDC inhibitor'],5.583754,1.6203021
BR00117012,G07,U2OS,48,CYM-50358,compound,BRD-K80666802-003-01-0,,,10.854853,10.10931
BR00117012,G08,U2OS,48,trazodone,compound,BRD-K70778732-003-27-5,,"['adrenergic receptor antagonist', 'serotonin receptor antagonist']",10.588264,9.951889
BR00117012,G09,U2OS,48,DMSO,compound,,negcon,,10.860193,10.017249
BR00117012,G10,U2OS,48,DMSO,compound,,negcon,,10.810106,10.186064
BR00117012,G11,U2OS,48,sulfasalazine,compound,BRD-K10670311-001-17-1,,['cyclooxygenase inhibitor'],10.735954,9.9737015
BR00117012,G12,U2OS,48,"2,5-furandimethanol",compound,BRD-K29791386-001-01-8,,,12.714247,3.1090782
BR00117012,G13,U2OS,48,DMSO,compound,,negcon,,12.885755,2.6221197
BR00117012,G14,U2OS,48,dilazep,compound,BRD-K48722258-300-11-0,,,12.127838,3.563014
BR00117012,G15,U2OS,48,felodipine,compound,BRD-A30815329-001-12-1,,['calcium channel blocker'],12.85962,2.7698505
BR00117012,G16,U2OS,48,paliperidone,compound,BRD-A99888680-001-05-3,,"['dopamine receptor antagonist', 'serotonin receptor antagonist']",12.676791,2.3664305
BR00117012,G17,U2OS,48,purvalanol-a,compound,BRD-K50836978-001-03-3,poscon_orf,['CDK inhibitor'],9.299197,4.534102
BR00117012,G18,U2OS,48,DMSO,compound,,negcon,,12.347697,2.8186395
BR00117012,G19,U2OS,48,Ro-1138452,compound,BRD-K77220725-003-01-5,,['prostanoid receptor antagonist'],11.999979,2.0437524
BR00117012,G20,U2OS,48,sorbinil,compound,BRD-A89164055-001-03-3,,['aldose reductase inhibitor'],15.0294285,2.0740757
BR00117012,G21,U2OS,48,TC-S-7004,compound,BRD-K89517477-001-01-4,poscon_cp,['DYRK inhibitor'],9.640447,3.2045326
BR00117012,G22,U2OS,48,saclofen,compound,BRD-A24122750-001-03-7,,['GABA receptor antagonist'],15.184331,2.3852274
BR00117012,G23,U2OS,48,BAY-87-2243,compound,BRD-K70463136-001-01-5,,,15.410967,3.251798
BR00117012,G24,U2OS,48,ibudilast,compound,BRD-K16444452-001-09-1,,['phosphodiesterase inhibitor'],15.725128,2.2338026
BR00117012,H01,U2OS,48,briciclib,compound,BRD-K05531427-001-01-7,,,6.2005734,-0.17439322
BR00117012,H02,U2OS,48,2-Oleoylglycerol,compound,BRD-K77087341-001-02-4,,,13.482195,6.7161927
BR00117012,H03,U2OS,48,RGFP966,compound,BRD-K61688984-001-02-9,poscon_cp,['HDAC inhibitor'],9.772267,3.554086
BR00117012,H04,U2OS,48,DMSO,compound,,negcon,,12.009705,5.393481
BR00117012,H05,U2OS,48,azacitidine,compound,BRD-K03406345-001-21-1,poscon_diverse,,10.741055,5.2798047
BR00117012,H06,U2OS,48,N6-cyclopentyladenosine,compound,BRD-K60150510-001-15-6,,,11.840255,4.8773384
BR00117012,H07,U2OS,48,filgotinib,compound,BRD-K16803204-001-01-6,poscon_cp,['JAK inhibitor'],12.383805,4.866839
BR00117012,H08,U2OS,48,guanidine,compound,BRD-K76037122-001-02-5,,['HSP inhibitor'],11.839897,4.4793134
BR00117012,H09,U2OS,48,coumarin,compound,BRD-K23913458-001-20-7,,,11.841005,4.248365
BR00117012,H10,U2OS,48,DMSO,compound,,negcon,,12.4977255,4.9120264
BR00117012,H11,U2OS,48,ZM-336372,compound,BRD-K73789395-001-09-9,poscon_orf,['RAF inhibitor'],12.442999,2.5561273
BR00117012,H12,U2OS,48,citric-acid,compound,BRD-K76792669-001-08-1,,['coagulation factor inhibitor'],12.283425,2.7765453
BR00117012,H13,U2OS,48,DMSO,compound,,negcon,,12.091962,4.107462
BR00117012,H14,U2OS,48,CCG-63802,compound,BRD-K26970495-001-02-7,,['G protein signaling inhibitor'],13.194773,4.9416757
BR00117012,H15,U2OS,48,ibutilide,compound,BRD-A74391928-051-03-9,,['potassium channel blocker'],12.335669,4.227506
BR00117012,H16,U2OS,48,batimastat,compound,BRD-K82818427-001-04-8,,['matrix metalloprotease inhibitor'],10.126959,2.9156957
BR00117012,H17,U2OS,48,DMSO,compound,,negcon,,13.131858,0.024371723
BR00117012,H18,U2OS,48,DMSO,compound,,negcon,,12.697728,3.5330014
BR00117012,H19,U2OS,48,UNC1999,compound,BRD-K26989966-001-04-3,poscon_cp,['histone lysine methyltransferase inhibitor'],5.894403,1.1122543
BR00117012,H20,U2OS,48,glutamine-(l),compound,BRD-K83896451-001-06-7,,,15.198362,1.4843104
BR00117012,H21,U2OS,48,PD-98059,compound,BRD-K62810658-001-11-4,poscon_orf,,15.318279,2.5826406
BR00117012,H22,U2OS,48,enilconazole,compound,BRD-K01825690-065-01-9,,,14.5097885,1.681751
BR00117012,H23,U2OS,48,N-alpha-Methylhistamine-dihydrochloride,compound,BRD-K75390981-300-04-9,,['histamine receptor agonist'],15.046565,1.9146717
BR00117012,H24,U2OS,48,GK921,compound,BRD-K38272302-001-02-7,,,6.26194,1.4695932
BR00117012,I01,U2OS,48,nilvadipine,compound,BRD-A84687895-001-03-2,,['calcium channel blocker'],11.160634,9.78517
BR00117012,I02,U2OS,48,DMSO,compound,,negcon,,10.893076,9.979011
BR00117012,I03,U2OS,48,AC-710,compound,BRD-K15819326-001-01-6,,['PDGFR tyrosine kinase receptor inhibitor'],9.7463045,9.289504
BR00117012,I04,U2OS,48,PETCM,compound,BRD-A93477898-001-04-2,,,9.73257,9.268821
BR00117012,I05,U2OS,48,AZD7762,compound,BRD-K86525559-001-07-8,poscon_diverse,['CHK inhibitor'],5.565563,1.2275829
BR00117012,I06,U2OS,48,PHA-793887,compound,BRD-K64800655-001-09-0,poscon_diverse,['CDK inhibitor'],7.0481176,1.5578889
BR00117012,I07,U2OS,48,KU-60019,compound,BRD-K36016295-001-05-2,,['ATM kinase inhibitor'],9.7191105,9.264942
BR00117012,I08,U2OS,48,nafamostat,compound,BRD-K06674495-334-04-0,,,10.73268,10.097272
BR00117012,I09,U2OS,48,DMSO,compound,,negcon,,11.828635,5.153709
BR00117012,I10,U2OS,48,DMSO,compound,,negcon,,11.984665,3.4988906
BR00117012,I11,U2OS,48,taladegib,compound,BRD-K50498985-001-03-3,,['smoothened receptor antagonist'],12.636463,3.6649113
BR00117012,I12,U2OS,48,acetohexamide,compound,BRD-K52960356-001-13-0,,['ATP channel blocker'],11.653337,4.74188
BR00117012,I13,U2OS,48,minocycline,compound,BRD-A69651145-003-11-4,,,11.142769,2.3186722
BR00117012,I14,U2OS,48,BI-2536,compound,BRD-K64890080-001-02-1,poscon_diverse,,7.196604,0.15180026
BR00117012,I15,U2OS,48,riociguat,compound,BRD-K84783599-001-01-0,,,13.052644,3.1919324
BR00117012,I16,U2OS,48,CP-724714,compound,BRD-K76908866-001-07-6,poscon_cp,"['EGFR inhibitor', 'protein tyrosine kinase inhibitor']",11.667031,1.8205208
BR00117012,I17,U2OS,48,ganetespib,compound,BRD-K38852836-001-04-9,poscon_diverse,['HSP inhibitor'],6.4015064,0.58090645
BR00117012,I18,U2OS,48,AZ191,compound,BRD-K80935598-001-01-1,poscon_cp,['DYRK inhibitor'],11.146853,0.117414474
BR00117012,I19,U2OS,48,BAX-channel-blocker,compound,BRD-A18763547-300-06-3,,,10.148672,0.42921042
BR00117012,I20,U2OS,48,SU3327,compound,BRD-K32730239-001-01-0,,['JNK inhibitor'],5.5004716,1.686486
BR00117012,I21,U2OS,48,DMSO,compound,,negcon,,14.467977,1.6660217
BR00117012,I22,U2OS,48,DMSO,compound,,negcon,,13.222824,0.11078499
BR00117012,I23,U2OS,48,octreotide,compound,BRD-A64173453-015-03-1,,['somatostatin receptor agonist'],15.794456,1.4642844
BR00117012,I24,U2OS,48,1-octanol,compound,BRD-K09338665-001-08-9,,,15.804887,1.7172179
BR00117012,J01,U2OS,48,acalabrutinib,compound,BRD-K64034691-001-01-9,,"[""Bruton's tyrosine kinase (BTK) inhibitor""]",14.1728325,6.6718664
BR00117012,J02,U2OS,48,rifamycin,compound,BRD-K38512030-001-01-7,,,13.084555,6.6335588
BR00117012,J03,U2OS,48,pazopanib,compound,BRD-K74514084-003-09-2,,"['KIT inhibitor', 'VEGFR inhibitor', 'PDGFR tyrosine kinase receptor inhibitor']",10.633328,2.8731341
BR00117012,J04,U2OS,48,RKI-1447,compound,BRD-K19333160-001-01-3,poscon_cp,,8.185202,3.1019638
BR00117012,J05,U2OS,48,vitamin-E,compound,BRD-K97091514-001-11-4,,['PKC inhibitor'],12.554358,6.050983
BR00117012,J06,U2OS,48,lonafarnib,compound,BRD-K41599323-001-02-3,poscon_diverse,,9.98809,2.0684452
BR00117012,J07,U2OS,48,ethyl-pyruvate,compound,BRD-K47738867-001-01-5,,,11.287244,4.4661627
BR00117012,J08,U2OS,48,picrotin,compound,BRD-A91822151-001-05-0,,['GABA receptor antagonist'],11.994515,4.788108
BR00117012,J09,U2OS,48,SGX523,compound,BRD-K19477839-001-07-6,poscon_cp,,11.909533,4.6318336
BR00117012,J10,U2OS,48,PP-2,compound,BRD-K95785537-001-22-3,,['src inhibitor'],11.795517,1.6567445
BR00117012,J11,U2OS,48,ME-0328,compound,BRD-A63444178-001-01-5,,['PPAR receptor antagonist'],12.814156,5.2954173
BR00117012,J12,U2OS,48,AZD9668,compound,BRD-K31476763-001-01-5,,['elastase inhibitor'],12.618426,2.932302
BR00117012,J13,U2OS,48,NQDI-1,compound,BRD-K61918008-001-07-1,,,12.249113,4.039362
BR00117012,J14,U2OS,48,DMSO,compound,,negcon,,13.119413,4.4500732
BR00117012,J15,U2OS,48,carzenide,compound,BRD-K09295674-001-09-8,,,12.621198,2.6424892
BR00117012,J16,U2OS,48,KU-55933,compound,BRD-K25311561-001-10-7,,['ATM kinase inhibitor'],11.97225,1.72437
BR00117012,J17,U2OS,48,NVP-AEW541,compound,BRD-K24696047-001-02-3,poscon_cp,['IGF-1 inhibitor'],11.135558,0.9863395
BR00117012,J18,U2OS,48,leflunomide,compound,BRD-K78692225-001-24-5,,['PDGFR tyrosine kinase receptor inhibitor'],12.669929,3.9610248
BR00117012,J19,U2OS,48,DMSO,compound,,negcon,,14.571221,3.0307374
BR00117012,J20,U2OS,48,azacitidine,compound,BRD-K03406345-001-21-1,poscon_diverse,,10.613564,4.777364
BR00117012,J21,U2OS,48,ixabepilone,compound,BRD-K03601870-001-01-2,,['microtubule stabilizing agent'],6.82109,0.0066826884
BR00117012,J22,U2OS,48,KH-CB19,compound,BRD-K66430217-001-03-8,poscon_cp,['CDC inhibitor'],14.335769,1.7676132
BR00117012,J23,U2OS,48,DMSO,compound,,negcon,,15.865395,1.4073517
BR00117012,J24,U2OS,48,PF-05190457,compound,BRD-K02554563-001-01-6,,,15.926205,1.4648116
BR00117012,K01,U2OS,48,LDN-212854,compound,BRD-K59831625-001-03-9,,,5.6288157,1.6953392
BR00117012,K02,U2OS,48,formononetin,compound,BRD-K55567017-001-12-3,,['alcohol dehydrogenase inhibitor'],10.884943,9.942573
BR00117012,K03,U2OS,48,aminopurvalanol-a,compound,BRD-K07762753-001-05-1,poscon_orf,['CDK inhibitor'],10.623582,9.912726
BR00117012,K04,U2OS,48,ruxolitinib,compound,BRD-K53972329-001-01-3,poscon_cp,['JAK inhibitor'],10.812743,10.093619
BR00117012,K05,U2OS,48,DMSO,compound,,negcon,,9.799244,9.346345
BR00117012,K06,U2OS,48,DMSO,compound,,negcon,,9.942622,9.449702
BR00117012,K07,U2OS,48,LGK-974,compound,BRD-K16810791-001-01-0,,['porcupine inhibitor'],10.866933,10.006673
BR00117012,K08,U2OS,48,polydatin,compound,BRD-K43236057-001-07-1,,['ICAM1 expression inhibitor'],9.720984,9.284722
BR00117012,K09,U2OS,48,enflurane,compound,BRD-A51831848-001-01-7,,,11.838879,4.475343
BR00117012,K10,U2OS,48,PFI-1,compound,BRD-K13094524-001-04-2,poscon_cp,,12.176865,3.1251428
BR00117012,K11,U2OS,48,AZD7762,compound,BRD-K86525559-001-07-8,poscon_diverse,['CHK inhibitor'],5.4608417,1.0880976
BR00117012,K12,U2OS,48,sotrastaurin,compound,BRD-K16761703-001-03-8,,['PKC inhibitor'],12.328824,2.029573
BR00117012,K13,U2OS,48,DMSO,compound,,negcon,,15.606111,1.6042981
BR00117012,K14,U2OS,48,cycloheximide,compound,BRD-K36055864-001-20-0,,['protein synthesis inhibitor'],7.5558395,1.5017686
BR00117012,K15,U2OS,48,oxytocin,compound,BRD-K25243230-001-01-2,,,14.654469,3.387954
BR00117012,K16,U2OS,48,DMSO,compound,,negcon,,12.215532,3.4174528
BR00117012,K17,U2OS,48,colchicine,compound,BRD-K00259736-001-16-4,,,6.231079,-0.19424762
BR00117012,K18,U2OS,48,afimoxifene,compound,BRD-K04210847-001-21-9,,,12.684277,2.263172
BR00117012,K19,U2OS,48,DMSO,compound,,negcon,,12.749385,1.9670508
BR00117012,K20,U2OS,48,ZK-93423,compound,BRD-K33882852-003-02-8,poscon_diverse,['benzodiazepine receptor agonist'],14.032273,3.8111138
BR00117012,K21,U2OS,48,RGB-286638,compound,BRD-K20986415-001-02-6,,['CDK inhibitor'],7.6029086,1.1511245
BR00117012,K22,U2OS,48,FPS-ZM1,compound,BRD-K87691185-001-01-2,,['RAGE receptor antagonist'],15.431343,2.3080077
BR00117012,K23,U2OS,48,flindokalner,compound,BRD-K56740996-001-02-1,,,13.446855,0.15779673
BR00117012,K24,U2OS,48,motesanib,compound,BRD-K99616396-316-05-3,,"['KIT inhibitor', 'VEGFR inhibitor', 'PDGFR tyrosine kinase receptor inhibitor']",15.907285,1.5091397
BR00117012,L01,U2OS,48,geldanamycin,compound,BRD-K43570081-001-02-4,,['HSP inhibitor'],6.4908185,0.54618084
BR00117012,L02,U2OS,48,DMSO,compound,,negcon,,13.447506,6.62751
BR00117012,L03,U2OS,48,CGP-53353,compound,BRD-K32292990-001-03-6,,"['PKC inhibitor', 'EGFR inhibitor']",13.23722,6.375137
BR00117012,L04,U2OS,48,7-hydroxystaurosporine,compound,BRD-K45293975-001-02-0,,"['CDK inhibitor', 'PKC inhibitor', 'CHK inhibitor']",6.0535054,1.430481
BR00117012,L05,U2OS,48,DMSO,compound,,negcon,,12.192688,5.503005
BR00117012,L06,U2OS,48,DMSO,compound,,negcon,,12.752896,5.821988
BR00117012,L07,U2OS,48,efaproxiral,compound,BRD-K37355418-236-01-6,,,13.401968,6.199394
BR00117012,L08,U2OS,48,SB-203580,compound,BRD-A37704979-001-12-3,poscon_orf,['p38 MAPK inhibitor'],11.220018,1.7763785
BR00117012,L09,U2OS,48,FK-866,compound,BRD-K58550667-001-08-7,poscon_diverse,,7.1324587,2.2834654
BR00117012,L10,U2OS,48,bepridil,compound,BRD-A91008255-003-24-8,,['calcium channel blocker'],12.025097,3.2176826
BR00117012,L11,U2OS,48,delanzomib,compound,BRD-K59325863-001-04-4,,,5.6199255,1.3206427
BR00117012,L12,U2OS,48,buparlisib,compound,BRD-K42191735-001-08-7,poscon_diverse,,6.1626678,0.12202872
BR00117012,L13,U2OS,48,phenylbutazone,compound,BRD-K10843433-001-23-5,,"['cyclooxygenase inhibitor', 'prostanoid receptor antagonist']",12.78019,4.2634172
BR00117012,L14,U2OS,48,deferasirox,compound,BRD-K97010173-001-04-1,,,9.978282,5.459783
BR00117012,L15,U2OS,48,DMSO,compound,,negcon,,12.955866,3.3433356
BR00117012,L16,U2OS,48,cediranib,compound,BRD-K86930074-001-05-0,,"['KIT inhibitor', 'VEGFR inhibitor']",11.523688,0.8636178
BR00117012,L17,U2OS,48,isoflurane,compound,BRD-A31564021-001-02-6,,,12.358903,4.457568
BR00117012,L18,U2OS,48,DMSO,compound,,negcon,,13.368915,5.7411513
BR00117012,L19,U2OS,48,CCG-50014,compound,BRD-K08893438-001-06-4,,['G protein signaling inhibitor'],6.641112,0.80665225
BR00117012,L20,U2OS,48,PF-431396,compound,BRD-K93788137-001-04-1,,,8.5264,4.734947
BR00117012,L21,U2OS,48,TG-02,compound,BRD-K14560436-001-01-4,,"['CDK inhibitor', 'FLT3 inhibitor', 'JAK inhibitor']",6.9630556,0.8958736
BR00117012,L22,U2OS,48,baclofen,compound,BRD-K01826724-003-07-9,,['benzodiazepine receptor agonist'],14.738496,1.6878902
BR00117012,L23,U2OS,48,thiostrepton,compound,BRD-A20697603-001-07-2,,['protein synthesis inhibitor'],9.31926,0.7741729
BR00117012,L24,U2OS,48,flufenamic-acid,compound,BRD-K44067360-001-29-5,,,15.9441,2.0954816
BR00117012,M01,U2OS,48,DMSO,compound,,negcon,,11.093861,9.839501
BR00117012,M02,U2OS,48,LY2109761,compound,BRD-K47557313-001-02-7,,,10.899294,10.245365
BR00117012,M03,U2OS,48,olopatadine,compound,BRD-K67637637-003-11-8,,['histamine receptor antagonist'],10.839877,10.0196085
BR00117012,M04,U2OS,48,DMSO,compound,,negcon,,10.642474,9.978202
BR00117012,M05,U2OS,48,castanospermine,compound,BRD-K20897876-001-11-8,,['glucosidase inhibitor'],10.754935,10.1052885
BR00117012,M06,U2OS,48,A205804,compound,BRD-K77627880-001-04-0,,['ICAM1 expression inhibitor'],10.708389,10.116119
BR00117012,M07,U2OS,48,VU591,compound,BRD-K72063794-003-01-0,,['potassium channel blocker'],10.633219,10.103158
BR00117012,M08,U2OS,48,dalbavancin,compound,BRD-K30177383-001-01-0,,['bacterial cell wall synthesis inhibitor'],11.132646,5.3537374
BR00117012,M09,U2OS,48,CC-401,compound,BRD-K45746021-003-01-9,,['JNK inhibitor'],11.074615,3.4022257
BR00117012,M10,U2OS,48,ganetespib,compound,BRD-K38852836-001-04-9,poscon_diverse,['HSP inhibitor'],6.343033,0.63897586
BR00117012,M11,U2OS,48,ingenol-mebutate,compound,BRD-K93779381-001-01-9,,,10.9230995,1.1375799
BR00117012,M12,U2OS,48,menadione,compound,BRD-K78126613-001-27-7,,,7.8284974,1.1483186
BR00117012,M13,U2OS,48,cetilistat,compound,BRD-K94863486-001-02-2,,,13.478154,2.177104
BR00117012,M14,U2OS,48,methoxsalen,compound,BRD-K63430059-001-16-4,,['DNA synthesis inhibitor'],13.58472,2.213368
BR00117012,M15,U2OS,48,cyclosporine,compound,BRD-K13533483-001-16-2,,,9.941092,2.4971576
BR00117012,M16,U2OS,48,NSC-632839,compound,BRD-K81197548-003-01-4,poscon_cp,['ubiquitin specific protease inhibitor'],5.7963614,0.25828895
BR00117012,M17,U2OS,48,DMSO,compound,,negcon,,13.607465,2.2527978
BR00117012,M18,U2OS,48,TG-003,compound,BRD-K97072811-001-11-4,poscon_cp,,14.360946,1.4585547
BR00117012,M19,U2OS,48,oxibendazole,compound,BRD-K52075715-001-06-7,,['tubulin polymerization inhibitor'],6.2894425,-0.19082865
BR00117012,M20,U2OS,48,TG-101348,compound,BRD-K12502280-001-11-4,poscon_cp,"['JAK inhibitor', 'FLT3 inhibitor']",7.0678015,0.4248351
BR00117012,M21,U2OS,48,miglitol,compound,BRD-A63310107-001-04-8,,['glucosidase inhibitor'],14.418362,1.5089971
BR00117012,M22,U2OS,48,DMSO,compound,,negcon,,14.221569,1.6541262
BR00117012,M23,U2OS,48,DMSO,compound,,negcon,,14.87444,1.6322079
BR00117012,M24,U2OS,48,tranilast,compound,BRD-K17849083-001-32-9,,,15.908683,1.5727746
BR00117012,N01,U2OS,48,4-methylhistamine,compound,BRD-K70821460-300-02-4,,['histamine receptor agonist'],14.172838,6.6411653
BR00117012,N02,U2OS,48,LDN-27219,compound,BRD-K51485109-001-01-4,,,13.4101515,6.413952
BR00117012,N03,U2OS,48,anisomycin,compound,BRD-K91370081-001-25-1,,['DNA synthesis inhibitor'],6.6435747,1.4264989
BR00117012,N04,U2OS,48,thioguanine,compound,BRD-K49350383-001-13-7,poscon_diverse,,10.057975,2.7686229
BR00117012,N05,U2OS,48,droxinostat,compound,BRD-K11558771-001-13-9,,['HDAC inhibitor'],11.862068,4.868171
BR00117012,N06,U2OS,48,UNC2025,compound,BRD-K91283740-003-01-6,poscon_cp,['FLT3 inhibitor'],6.6087227,0.84491074
BR00117012,N07,U2OS,48,DMSO,compound,,negcon,,13.595744,6.2504306
BR00117012,N08,U2OS,48,DMSO,compound,,negcon,,13.349015,6.1704173
BR00117012,N09,U2OS,48,AMG900,compound,BRD-K21728777-001-02-3,poscon_cp,['Aurora kinase inhibitor'],8.95688,5.0023193
BR00117012,N10,U2OS,48,PF-06463922,compound,BRD-A23124853-001-01-4,,['ALK tyrosine kinase receptor inhibitor'],10.884757,2.3850713
BR00117012,N11,U2OS,48,orantinib,compound,BRD-K55966568-001-09-6,poscon_cp,"['FGFR inhibitor', 'PDGFR tyrosine kinase receptor inhibitor', 'VEGFR inhibitor']",12.156602,3.6273103
BR00117012,N12,U2OS,48,fludarabine-phosphate,compound,BRD-K71106091-001-09-5,,['ribonucleotide reductase inhibitor'],9.689221,5.3386526
BR00117012,N13,U2OS,48,ceritinib,compound,BRD-K22149900-001-06-2,,['ALK tyrosine kinase receptor inhibitor'],11.028922,1.2209129
BR00117012,N14,U2OS,48,NVS-PAK1-1,compound,BRD-K28132190-001-02-0,poscon_cp,['p21 activated kinase inhibitor'],12.290064,1.1778065
BR00117012,N15,U2OS,48,homoharringtonine,compound,BRD-K76674262-001-03-3,,['protein synthesis inhibitor'],6.7982,1.3516462
BR00117012,N16,U2OS,48,picrotoxinin,compound,BRD-K36461289-001-05-8,,['GABA receptor antagonist'],12.343859,2.0042508
BR00117012,N17,U2OS,48,DMSO,compound,,negcon,,13.503211,5.2347126
BR00117012,N18,U2OS,48,danusertib,compound,BRD-K07881437-001-03-8,poscon_diverse,"['growth factor receptor inhibitor', 'Aurora kinase inhibitor']",9.052176,5.062651
BR00117012,N19,U2OS,48,romidepsin,compound,BRD-K61397605-001-01-8,poscon_cp,['HDAC inhibitor'],5.994689,1.1785686
BR00117012,N20,U2OS,48,FERb-033,compound,BRD-K61642990-001-01-0,poscon_cp,['EGFR inhibitor'],12.320676,1.3338354
BR00117012,N21,U2OS,48,PF-03758309,compound,BRD-K37764012-001-03-3,poscon_diverse,['p21 activated kinase inhibitor'],6.8240933,1.077437
BR00117012,N22,U2OS,48,DMSO,compound,,negcon,,14.121634,1.6433177
BR00117012,N23,U2OS,48,trometamol,compound,BRD-K47978074-001-03-2,,,15.353585,2.0121458
BR00117012,N24,U2OS,48,simvastatin,compound,BRD-K22134346-001-22-3,,['HMGCR inhibitor'],12.185643,1.3234121
BR00117012,O01,U2OS,48,zaprinast,compound,BRD-K16542329-001-16-8,,['phosphodiesterase inhibitor'],11.183118,9.782649
BR00117012,O02,U2OS,48,dexamethasone,compound,BRD-A10188456-001-04-9,,['glucocorticoid receptor agonist'],10.339537,9.72584
BR00117012,O03,U2OS,48,salicylic-acid,compound,BRD-K93632104-001-17-2,,['cyclooxygenase inhibitor'],11.01817,9.795396
BR00117012,O04,U2OS,48,diltiazem,compound,BRD-A69636825-003-04-7,,['calcium channel blocker'],9.849904,9.385678
BR00117012,O05,U2OS,48,phenolphthalein,compound,BRD-K19227686-001-18-6,,,10.755482,10.069356
BR00117012,O06,U2OS,48,niflumic-acid,compound,BRD-K98763141-001-30-8,,['cyclooxygenase inhibitor'],10.878685,10.040146
BR00117012,O07,U2OS,48,DMSO,compound,,negcon,,9.73317,9.291091
BR00117012,O08,U2OS,48,L-Cystine,compound,BRD-A15397381-001-02-5,,,9.762433,9.311838
BR00117012,O09,U2OS,48,ozanimod,compound,BRD-K46625559-001-01-8,,['sphingosine 1 phosphate receptor agonist'],10.84814,10.093512
BR00117012,O10,U2OS,48,efaroxan,compound,BRD-A10739734-003-09-8,,['adrenergic receptor antagonist'],11.202227,9.405154
BR00117012,O11,U2OS,48,NBQX,compound,BRD-K11796549-001-05-2,,['glutamate receptor antagonist'],13.917432,5.6387987
BR00117012,O12,U2OS,48,dinoprostone,compound,BRD-K26521938-001-07-2,,['prostanoid receptor agonist'],11.002484,2.609878
BR00117012,O13,U2OS,48,Ro-20-1724,compound,BRD-A07207424-001-14-0,,['phosphodiesterase inhibitor'],14.575101,3.5775738
BR00117012,O14,U2OS,48,xanomeline,compound,BRD-K72815923-034-02-0,,['acetylcholine receptor agonist'],14.333985,3.2990992
BR00117012,O15,U2OS,48,terazosin,compound,BRD-K01825589-310-02-9,,['adrenergic receptor antagonist'],14.556305,3.2263782
BR00117012,O16,U2OS,48,BVT-948,compound,BRD-K68567222-001-01-2,,,6.6259155,1.991638
BR00117012,O17,U2OS,48,nicotine,compound,BRD-K01825660-322-01-9,,['acetylcholine receptor agonist'],15.305639,1.8417509
BR00117012,O18,U2OS,48,DMSO,compound,,negcon,,15.6535015,1.550984
BR00117012,O19,U2OS,48,U-0521,compound,BRD-K08953028-001-09-6,,,15.933734,1.3765949
BR00117012,O20,U2OS,48,BMS-587101,compound,BRD-K20093108-001-02-3,,,15.88769,1.394251
BR00117012,O21,U2OS,48,nimodipine,compound,BRD-A58048407-001-20-4,,['calcium channel blocker'],15.426798,1.5695649
BR00117012,O22,U2OS,48,pyrrolidine-dithiocarbamate,compound,BRD-K80970344-201-08-6,,,6.153662,-0.11544034
BR00117012,O23,U2OS,48,PF-915275,compound,BRD-K18289362-001-02-2,,,15.915291,1.481187
BR00117012,O24,U2OS,48,JTE-013,compound,BRD-K43330982-001-02-3,,,16.000105,1.5969875
BR00117012,P01,U2OS,48,sodium-butyrate,compound,BRD-K05878375-236-05-7,,['HDAC inhibitor'],15.150695,6.045494
BR00117012,P02,U2OS,48,pentostatin,compound,BRD-K91543828-001-02-0,,['ribonucleotide reductase inhibitor'],14.374763,6.5141788
BR00117012,P03,U2OS,48,OMDM-2,compound,BRD-K48830578-001-01-9,,,14.382285,6.4071364
BR00117012,P04,U2OS,48,nalmefene,compound,BRD-A72767275-003-01-6,,,14.446725,6.440419
BR00117012,P05,U2OS,48,DMSO,compound,,negcon,,14.131875,6.4349008
BR00117012,P06,U2OS,48,1-EBIO,compound,BRD-K70586315-001-02-4,,,14.457349,6.1882467
BR00117012,P07,U2OS,48,SB-505124,compound,BRD-K40109029-001-02-9,,['ALK tyrosine kinase receptor inhibitor'],14.1705,5.125779
BR00117012,P08,U2OS,48,prasugrel,compound,BRD-A83029242-001-06-1,,['purinergic receptor antagonist'],15.008944,5.824903
BR00117012,P09,U2OS,48,pidolic-acid,compound,BRD-K57313110-001-06-8,,,14.620538,6.1783643
BR00117012,P10,U2OS,48,DMSO,compound,,negcon,,14.668833,6.113895
BR00117012,P11,U2OS,48,nevirapine,compound,BRD-K15502390-001-20-9,,,14.848567,5.776398
BR00117012,P12,U2OS,48,triamterene,compound,BRD-K92049597-001-20-8,,['sodium channel blocker'],14.857133,5.9789867
BR00117012,P13,U2OS,48,regorafenib,compound,BRD-K16730910-001-07-3,,"['PDGFR tyrosine kinase receptor inhibitor', 'RAF inhibitor', 'KIT inhibitor', 'RET tyrosine kinase inhibitor', 'FGFR inhibitor', 'VEGFR inhibitor']",15.342634,5.4444923
BR00117012,P14,U2OS,48,cyclophosphamide,compound,BRD-A09722536-002-18-0,,,15.237198,5.449135
BR00117012,P15,U2OS,48,olanzapine,compound,BRD-K18895904-001-16-1,,"['dopamine receptor antagonist', 'serotonin receptor antagonist']",14.756685,5.9522777
BR00117012,P16,U2OS,48,KI-16425,compound,BRD-A25569250-001-03-3,,['lysophosphatidic acid receptor antagonist'],14.784819,6.1595364
BR00117012,P17,U2OS,48,SKLB1002,compound,BRD-K29895144-001-01-0,,['VEGFR inhibitor'],9.517148,5.188827
BR00117012,P18,U2OS,48,cilostazol,compound,BRD-K67017579-001-28-1,,['phosphodiesterase inhibitor'],15.132054,5.7024536
BR00117012,P19,U2OS,48,AZD1283,compound,BRD-K77060810-001-01-5,,['purinergic receptor antagonist'],15.861741,4.8990955
BR00117012,P20,U2OS,48,A-987306,compound,BRD-K68982262-001-01-4,,['histamine receptor antagonist'],16.091204,5.12485
BR00117012,P21,U2OS,48,procaine,compound,BRD-K24616672-003-20-1,,['HMGCR inhibitor'],15.750507,5.3069816
BR00117012,P22,U2OS,48,miconazole,compound,BRD-A82396632-008-30-8,,['bacterial cell wall synthesis inhibitor'],15.31507,4.9750905
BR00117012,P23,U2OS,48,loperamide,compound,BRD-K61250553-003-30-6,,,15.819163,4.35585
BR00117012,P24,U2OS,48,aripiprazole,compound,BRD-K70358946-001-17-3,,['serotonin receptor antagonist'],15.949706,5.024982
BR00117013,A01,U2OS,48,gabapentin-enacarbil,compound,BRD-A86665761-001-01-1,,,14.831702,6.7332535
BR00117013,A02,U2OS,48,DMSO,compound,,negcon,,14.702804,6.2299156
BR00117013,A03,U2OS,48,amlodipine,compound,BRD-A22032524-074-09-9,,['calcium channel blocker'],15.303418,6.6871142
BR00117013,A04,U2OS,48,hexestrol,compound,BRD-A01078468-001-14-8,,,14.637351,6.352325
BR00117013,A05,U2OS,48,quinine,compound,BRD-K48278478-001-01-2,,,14.574619,5.424138
BR00117013,A06,U2OS,48,LOXO-101,compound,BRD-K36574127-001-01-3,,,14.986192,5.724805
BR00117013,A07,U2OS,48,brinzolamide,compound,BRD-K74913225-001-14-0,,['carbonic anhydrase inhibitor'],14.885106,5.48112
BR00117013,A08,U2OS,48,NS-11021,compound,BRD-K94342292-001-01-3,,['calcium-activated potassium channel activator'],8.997978,2.3305366
BR00117013,A09,U2OS,48,DMSO,compound,,negcon,,14.697188,5.1442766
BR00117013,A10,U2OS,48,GNF-5837,compound,BRD-K19975102-001-01-2,,['growth factor receptor inhibitor'],10.678676,1.3759798
BR00117013,A11,U2OS,48,apatinib,compound,BRD-K25244359-066-02-6,,['RET tyrosine kinase inhibitor'],14.731476,4.7710443
BR00117013,A12,U2OS,48,ethoxzolamide,compound,BRD-K18131774-001-18-4,,['carbonic anhydrase inhibitor'],15.30318,5.49167
BR00117013,A13,U2OS,48,ascorbic-acid,compound,BRD-A85242401-001-11-5,,,14.242953,5.0069056
BR00117013,A14,U2OS,48,ryuvidine,compound,BRD-K06426971-001-02-7,,['histone lysine methyltransferase inhibitor'],5.711658,1.8820647
BR00117013,A15,U2OS,48,BAN-ORL-24,compound,BRD-K47049295-300-03-1,,,9.226006,1.1571035
BR00117013,A16,U2OS,48,NNC-55-0396,compound,BRD-K78122587-300-04-3,,,10.687551,1.1760944
BR00117013,A17,U2OS,48,DMSO,compound,,negcon,,15.23901,5.175144
BR00117013,A18,U2OS,48,WH-4-023,compound,BRD-K50199947-001-03-4,,['src inhibitor'],10.671434,1.1412184
BR00117013,A19,U2OS,48,flupirtine,compound,BRD-K50720187-051-03-1,,['glutamate receptor antagonist'],14.7262745,4.950295
BR00117013,A20,U2OS,48,ZK811752,compound,BRD-K91825936-001-03-9,,,14.813728,4.9367747
BR00117013,A21,U2OS,48,dexamethasone,compound,BRD-K38775274-001-22-1,,['glucocorticoid receptor agonist'],15.19372,4.734218
BR00117013,A22,U2OS,48,PP-1,compound,BRD-K47598052-001-14-1,,['src inhibitor'],11.81517,1.4516832
BR00117013,A23,U2OS,48,DDR1-IN-1,compound,BRD-K61845293-300-01-9,,,15.235907,4.368855
BR00117013,A24,U2OS,48,AVL-292,compound,BRD-K87782578-001-01-4,,"[""Bruton's tyrosine kinase (BTK) inhibitor""]",9.457163,1.7141196
BR00117013,B01,U2OS,48,H2L-5765834,compound,BRD-K26439554-001-01-3,,['lysophosphatidic acid receptor antagonist'],14.050971,7.0698786
BR00117013,B02,U2OS,48,thiostrepton,compound,BRD-K58049875-001-03-9,,['protein synthesis inhibitor'],5.9324565,-0.016882699
BR00117013,B03,U2OS,48,DMSO,compound,,negcon,,13.353294,7.1549487
BR00117013,B04,U2OS,48,arcyriaflavin-a,compound,BRD-K72726508-001-02-1,,['CDK inhibitor'],10.339935,2.907809
BR00117013,B05,U2OS,48,CYM-5520,compound,BRD-K29151923-001-01-5,,['sphingosine 1 phosphate receptor agonist'],12.49585,5.352308
BR00117013,B06,U2OS,48,fludarabine,compound,BRD-K66788707-001-14-3,,['ribonucleotide reductase inhibitor'],10.223769,5.544751
BR00117013,B07,U2OS,48,alda-1,compound,BRD-K06890060-001-09-1,,,11.873666,6.0990415
BR00117013,B08,U2OS,48,meclofenamic-acid,compound,BRD-K50398167-236-22-7,,"['cyclooxygenase inhibitor', 'prostanoid receptor antagonist']",11.771325,5.995127
BR00117013,B09,U2OS,48,GNF-5,compound,BRD-K87632963-001-03-0,,['Bcr-Abl kinase inhibitor'],11.836271,4.77234
BR00117013,B10,U2OS,48,NS-309,compound,BRD-K37602296-001-01-6,,['calcium-activated potassium channel activator'],8.583744,0.8257472
BR00117013,B11,U2OS,48,AK-7,compound,BRD-K09143580-001-01-0,,['SIRT inhibitor'],14.515654,3.3262928
BR00117013,B12,U2OS,48,BVT-948,compound,BRD-A22713669-001-04-3,,,5.782958,1.9992287
BR00117013,B13,U2OS,48,SirReal-2,compound,BRD-K16472653-001-01-6,,['SIRT inhibitor'],13.779199,4.2406993
BR00117013,B14,U2OS,48,DMSO,compound,,negcon,,13.319016,3.7478027
BR00117013,B15,U2OS,48,BMS-536924,compound,BRD-K34581968-001-05-3,,['IGF-1 inhibitor'],9.85357,1.4705617
BR00117013,B16,U2OS,48,PP-121,compound,BRD-K81801188-001-02-8,,['protein tyrosine kinase inhibitor'],7.210162,1.5117735
BR00117013,B17,U2OS,48,MCOPPB,compound,BRD-K73276278-305-01-1,,,11.32616,0.20310207
BR00117013,B18,U2OS,48,ozagrel,compound,BRD-K53061490-003-13-9,,,13.788193,3.5059655
BR00117013,B19,U2OS,48,CYM-5442,compound,BRD-A43005764-003-01-5,,['sphingosine 1 phosphate receptor agonist'],11.3046465,0.25121537
BR00117013,B20,U2OS,48,CVT-10216,compound,BRD-K60659193-001-01-0,,,14.318187,3.506991
BR00117013,B21,U2OS,48,TCN201,compound,BRD-K09787262-001-02-7,,['glutamate receptor antagonist'],15.091612,3.3286104
BR00117013,B22,U2OS,48,fomepizole,compound,BRD-K56810756-003-07-7,,['alcohol dehydrogenase inhibitor'],14.931654,2.9298234
BR00117013,B23,U2OS,48,benzamil,compound,BRD-K87158025-003-08-7,,['sodium channel blocker'],15.631229,4.203592
BR00117013,B24,U2OS,48,lercanidipine,compound,BRD-A18992208-003-02-7,,['calcium channel blocker'],15.766451,4.261376
BR00117013,C01,U2OS,48,4-CMTB,compound,BRD-A54139254-001-09-2,,['free fatty acid receptor agonist'],14.181732,6.7397847
BR00117013,C02,U2OS,48,ML-228,compound,BRD-K44432556-001-05-5,,,14.043604,6.2425528
BR00117013,C03,U2OS,48,DMSO,compound,,negcon,,13.876275,6.256476
BR00117013,C04,U2OS,48,GSK1070916,compound,BRD-K36740062-001-06-6,,['Aurora kinase inhibitor'],8.9385,4.643427
BR00117013,C05,U2OS,48,ML-193,compound,BRD-K27539181-001-08-5,,,13.896815,5.950636
BR00117013,C06,U2OS,48,DMSO,compound,,negcon,,14.050318,6.025212
BR00117013,C07,U2OS,48,M-25,compound,BRD-K51265828-001-01-0,,['smoothened receptor antagonist'],9.0442505,2.6657495
BR00117013,C08,U2OS,48,azeliragon,compound,BRD-K51899933-001-02-6,,['RAGE receptor antagonist'],5.9985228,0.9650925
BR00117013,C09,U2OS,48,CYT-997,compound,BRD-K23363278-001-02-1,poscon_diverse,['tubulin polymerization inhibitor'],6.2945476,-0.23941943
BR00117013,C10,U2OS,48,AR-12,compound,BRD-K90497590-001-05-9,,,5.616607,1.9923089
BR00117013,C11,U2OS,48,CYM-50260,compound,BRD-K69877120-001-01-7,,['sphingosine 1 phosphate receptor agonist'],12.229809,4.4254427
BR00117013,C12,U2OS,48,DMSO,compound,,negcon,,12.812679,2.7823832
BR00117013,C13,U2OS,48,KG-5,compound,BRD-K90747162-001-01-4,poscon_cp,['RAF inhibitor'],8.322387,0.73663646
BR00117013,C14,U2OS,48,JTE-607,compound,BRD-K81405859-300-01-4,,,9.606362,5.1967773
BR00117013,C15,U2OS,48,DMSO,compound,,negcon,,13.681025,3.6300259
BR00117013,C16,U2OS,48,ilomastat,compound,BRD-K51662849-001-05-4,,['matrix metalloprotease inhibitor'],14.039662,4.1020794
BR00117013,C17,U2OS,48,RX-821002,compound,BRD-A65597028-003-08-1,,['adrenergic receptor antagonist'],13.830886,3.286806
BR00117013,C18,U2OS,48,DMSO,compound,,negcon,,11.631824,4.2432294
BR00117013,C19,U2OS,48,TUG-891,compound,BRD-K24282351-001-01-4,,['free fatty acid receptor agonist'],13.829457,2.051241
BR00117013,C20,U2OS,48,ponatinib,compound,BRD-K44227013-001-08-0,,"['PDGFR tyrosine kinase receptor inhibitor', 'FLT3 inhibitor', 'Bcr-Abl kinase inhibitor']",5.7016206,1.2265358
BR00117013,C21,U2OS,48,DMSO,compound,,negcon,,13.994526,2.7355099
BR00117013,C22,U2OS,48,puromycin,compound,BRD-K01824976-300-02-9,,['protein synthesis inhibitor'],5.67899,1.1670647
BR00117013,C23,U2OS,48,SRC-kinase-inhibitor-I,compound,BRD-K50495309-001-02-0,,['src inhibitor'],12.139158,1.2101825
BR00117013,C24,U2OS,48,acetylcysteine,compound,BRD-K59058747-001-19-1,,,15.964805,3.713958
BR00117013,D01,U2OS,48,NSC-625987,compound,BRD-K62949423-001-03-1,,['CDK inhibitor'],13.844275,7.337258
BR00117013,D02,U2OS,48,dalfampridine,compound,BRD-K22482860-001-20-6,,['potassium channel blocker'],11.248747,5.965458
BR00117013,D03,U2OS,48,NSC-95397,compound,BRD-K68143200-001-11-7,,['CDC inhibitor'],6.1833572,1.6850953
BR00117013,D04,U2OS,48,alrestatin,compound,BRD-K35498378-001-06-1,,['aldose reductase inhibitor'],11.270319,6.0557227
BR00117013,D05,U2OS,48,PF-03758309,compound,BRD-K37764012-001-03-3,poscon_diverse,['p21 activated kinase inhibitor'],11.753891,5.36069
BR00117013,D06,U2OS,48,IRL-2500,compound,BRD-K98357249-001-02-9,,['endothelin receptor antagonist'],11.870039,6.0921054
BR00117013,D07,U2OS,48,PF-04217903,compound,BRD-K73319509-001-08-0,poscon_cp,,11.206435,5.7077
BR00117013,D08,U2OS,48,FK-866,compound,BRD-K58550667-001-08-7,poscon_diverse,,7.2074056,2.1918366
BR00117013,D09,U2OS,48,amlexanox,compound,BRD-K29530284-001-06-2,,,8.647697,2.2365687
BR00117013,D10,U2OS,48,GW-311616,compound,BRD-K37864785-001-01-0,,['elastase inhibitor'],12.112558,5.672798
BR00117013,D11,U2OS,48,buparlisib,compound,BRD-K42191735-001-08-7,poscon_diverse,,6.23814,0.15754034
BR00117013,D12,U2OS,48,amiloride,compound,BRD-K97181089-003-24-7,,['sodium channel blocker'],11.6374035,3.1968427
BR00117013,D13,U2OS,48,DG-172,compound,BRD-K75748943-300-01-3,,,11.682736,0.49470344
BR00117013,D14,U2OS,48,DMSO,compound,,negcon,,12.984345,3.8048356
BR00117013,D15,U2OS,48,DMSO,compound,,negcon,,11.5654745,4.1725516
BR00117013,D16,U2OS,48,NVP-ADW742,compound,BRD-K15179513-001-04-2,poscon_cp,,11.033385,0.5829703
BR00117013,D17,U2OS,48,misoprostol,compound,BRD-A72351335-001-04-5,,['prostanoid receptor agonist'],9.969883,5.0861793
BR00117013,D18,U2OS,48,conivaptan,compound,BRD-K37385792-003-02-1,,,12.486739,1.7650872
BR00117013,D19,U2OS,48,spiroxatrine,compound,BRD-A72483914-001-03-7,,['serotonin receptor antagonist'],13.760962,3.2385151
BR00117013,D20,U2OS,48,diacerein,compound,BRD-K69122748-001-10-1,,,14.063342,2.931932
BR00117013,D21,U2OS,48,DMSO,compound,,negcon,,14.156631,2.8158026
BR00117013,D22,U2OS,48,DMSO,compound,,negcon,,14.016401,2.5272899
BR00117013,D23,U2OS,48,glyburide,compound,BRD-K36927236-001-36-7,,['ATP channel blocker'],14.812727,3.2263286
BR00117013,D24,U2OS,48,ANR-94,compound,BRD-K31170746-001-01-6,,,16.008911,3.8065026
BR00117013,E01,U2OS,48,TFC-007,compound,BRD-K57708067-001-01-3,,,14.166649,6.741007
BR00117013,E02,U2OS,48,trihexyphenidyl,compound,BRD-A48180038-003-24-3,,['acetylcholine receptor antagonist'],13.7348,6.459636
BR00117013,E03,U2OS,48,epoprostenol,compound,BRD-K64054020-001-02-7,,,13.691212,6.1985006
BR00117013,E04,U2OS,48,sacubitril,compound,BRD-K91456750-001-01-9,,,13.871955,6.0026436
BR00117013,E05,U2OS,48,danusertib,compound,BRD-K07881437-001-03-8,poscon_diverse,"['growth factor receptor inhibitor', 'Aurora kinase inhibitor']",9.118503,5.0753617
BR00117013,E06,U2OS,48,CYT-997,compound,BRD-K23363278-001-02-1,poscon_diverse,['tubulin polymerization inhibitor'],6.358332,-0.22561844
BR00117013,E07,U2OS,48,DMSO,compound,,negcon,,11.785973,4.9964604
BR00117013,E08,U2OS,48,BQ-788,compound,BRD-K02490038-236-03-8,,['endothelin receptor antagonist'],13.470918,5.352008
BR00117013,E09,U2OS,48,SB-202190,compound,BRD-K54330070-001-19-6,poscon_orf,['p38 MAPK inhibitor'],11.775946,1.9197005
BR00117013,E10,U2OS,48,GSK2110183,compound,BRD-K25412176-001-01-9,poscon_diverse,,10.777315,3.0354285
BR00117013,E11,U2OS,48,GSK3787,compound,BRD-K03155172-001-03-0,,['PPAR receptor antagonist'],11.339463,3.5966713
BR00117013,E12,U2OS,48,BAM7,compound,BRD-K07442505-001-03-6,,,12.542158,3.9581041
BR00117013,E13,U2OS,48,PHA-793887,compound,BRD-K64800655-001-09-0,poscon_diverse,['CDK inhibitor'],7.300294,1.1459197
BR00117013,E14,U2OS,48,DMSO,compound,,negcon,,12.372211,2.4810576
BR00117013,E15,U2OS,48,GSK-37647,compound,BRD-K26514105-001-01-7,,['free fatty acid receptor agonist'],11.381221,2.8844905
BR00117013,E16,U2OS,48,desonide,compound,BRD-K21528677-001-04-4,,['glucocorticoid receptor agonist'],11.352721,3.5130103
BR00117013,E17,U2OS,48,DMSO,compound,,negcon,,11.971016,2.9082353
BR00117013,E18,U2OS,48,aloxistatin,compound,BRD-K91188791-001-17-5,,,13.871759,3.0575755
BR00117013,E19,U2OS,48,azathioprine,compound,BRD-K32821942-001-22-1,,,11.081104,3.9626243
BR00117013,E20,U2OS,48,ZK-93423,compound,BRD-K33882852-003-02-8,poscon_diverse,['benzodiazepine receptor agonist'],14.121904,3.8130147
BR00117013,E21,U2OS,48,BI-2536,compound,BRD-K64890080-001-02-1,poscon_diverse,,7.2875414,0.08134211
BR00117013,E22,U2OS,48,EI1,compound,BRD-K91535048-001-01-2,poscon_cp,['histone lysine methyltransferase inhibitor'],14.021991,2.5489793
BR00117013,E23,U2OS,48,NVP-HSP990,compound,BRD-K67915505-001-01-2,,['HSP inhibitor'],6.541762,0.64790094
BR00117013,E24,U2OS,48,DMSO,compound,,negcon,,16.034735,3.7815218
BR00117013,F01,U2OS,48,DMSO,compound,,negcon,,13.889197,7.236951
BR00117013,F02,U2OS,48,nialamide,compound,BRD-K12102668-001-25-5,,,11.36169,6.4232483
BR00117013,F03,U2OS,48,DMSO,compound,,negcon,,12.119048,6.3875537
BR00117013,F04,U2OS,48,arundic-acid,compound,BRD-K49223707-001-01-0,,,12.469724,6.570369
BR00117013,F05,U2OS,48,torcitabine,compound,BRD-K91822704-003-07-2,,,11.157828,5.4762626
BR00117013,F06,U2OS,48,DMSO,compound,,negcon,,11.971575,5.7506356
BR00117013,F07,U2OS,48,epothilone-b,compound,BRD-K68164687-001-01-6,,"['microtubule stabilizing agent', 'tubulin polymerization inhibitor']",8.371886,0.66197157
BR00117013,F08,U2OS,48,dyphylline,compound,BRD-A00827783-001-24-6,,['phosphodiesterase inhibitor'],12.390842,5.086757
BR00117013,F09,U2OS,48,DMSO,compound,,negcon,,11.940751,4.45886
BR00117013,F10,U2OS,48,quinidine,compound,BRD-K59632282-052-03-1,,['sodium channel blocker'],13.948101,4.894912
BR00117013,F11,U2OS,48,halopemide,compound,BRD-K50055394-001-03-6,,,10.513158,3.5159717
BR00117013,F12,U2OS,48,sulfinpyrazone,compound,BRD-A36217750-001-16-3,,,11.611903,4.7348166
BR00117013,F13,U2OS,48,ML-323,compound,BRD-K93942811-001-01-3,poscon_cp,['ubiquitin specific protease inhibitor'],12.391628,3.490304
BR00117013,F14,U2OS,48,racecadotril,compound,BRD-A08187463-001-12-9,,,11.262258,5.189254
BR00117013,F15,U2OS,48,BRL-50481,compound,BRD-K84266862-001-03-2,,['phosphodiesterase inhibitor'],12.301045,3.7002614
BR00117013,F16,U2OS,48,GSK2110183,compound,BRD-K25412176-001-01-9,poscon_diverse,,11.124998,2.8585863
BR00117013,F17,U2OS,48,bufexamac,compound,BRD-K36660044-001-24-2,,['cyclooxygenase inhibitor'],12.142156,3.6074965
BR00117013,F18,U2OS,48,anandamide,compound,BRD-K42352790-001-05-3,,,13.639914,3.7970092
BR00117013,F19,U2OS,48,thioguanine,compound,BRD-K49350383-001-13-7,poscon_diverse,,9.956553,2.639143
BR00117013,F20,U2OS,48,IWP-L6,compound,BRD-K53234107-001-01-6,,['porcupine inhibitor'],13.936365,3.2021477
BR00117013,F21,U2OS,48,edoxaban,compound,BRD-K29322660-001-01-9,,['coagulation factor inhibitor'],14.396025,2.8260024
BR00117013,F22,U2OS,48,lonafarnib,compound,BRD-K41599323-001-02-3,poscon_diverse,,10.26704,1.8023434
BR00117013,F23,U2OS,48,ibutamoren,compound,BRD-K44771174-066-01-0,,,15.125791,2.9553025
BR00117013,F24,U2OS,48,somatostatin,compound,BRD-K14681867-001-01-6,,['somatostatin receptor agonist'],15.804673,3.6171277
BR00117013,G01,U2OS,48,L-proline,compound,BRD-K01666412-001-02-0,,,14.157729,6.8117075
BR00117013,G02,U2OS,48,zamifenacin,compound,BRD-K80451230-051-02-6,,['acetylcholine receptor antagonist'],14.062926,6.216453
BR00117013,G03,U2OS,48,YC-1,compound,BRD-K60476892-001-16-1,,,7.1383266,0.22101074
BR00117013,G04,U2OS,48,DMSO,compound,,negcon,,13.842763,6.2817273
BR00117013,G05,U2OS,48,ME-0328,compound,BRD-K24283677-001-01-9,,['PPAR receptor antagonist'],13.455484,5.207545
BR00117013,G06,U2OS,48,NSC-663284,compound,BRD-K03109492-001-02-2,,['CDC inhibitor'],5.6972604,1.8954582
BR00117013,G07,U2OS,48,CYM-50358,compound,BRD-K80666802-003-01-0,,,11.464638,4.039756
BR00117013,G08,U2OS,48,trazodone,compound,BRD-K70778732-003-27-5,,"['adrenergic receptor antagonist', 'serotonin receptor antagonist']",8.888351,2.5939963
BR00117013,G09,U2OS,48,DMSO,compound,,negcon,,8.968083,2.6466072
BR00117013,G10,U2OS,48,DMSO,compound,,negcon,,10.447287,3.2499957
BR00117013,G11,U2OS,48,sulfasalazine,compound,BRD-K10670311-001-17-1,,['cyclooxygenase inhibitor'],12.8742895,4.604932
BR00117013,G12,U2OS,48,"2,5-furandimethanol",compound,BRD-K29791386-001-01-8,,,11.927965,4.3934426
BR00117013,G13,U2OS,48,DMSO,compound,,negcon,,12.412613,2.9259465
BR00117013,G14,U2OS,48,dilazep,compound,BRD-K48722258-300-11-0,,,12.740221,2.8887165
BR00117013,G15,U2OS,48,felodipine,compound,BRD-A30815329-001-12-1,,['calcium channel blocker'],12.449725,4.5600452
BR00117013,G16,U2OS,48,paliperidone,compound,BRD-A99888680-001-05-3,,"['dopamine receptor antagonist', 'serotonin receptor antagonist']",12.044604,2.8565948
BR00117013,G17,U2OS,48,purvalanol-a,compound,BRD-K50836978-001-03-3,poscon_orf,['CDK inhibitor'],9.290815,4.3114552
BR00117013,G18,U2OS,48,DMSO,compound,,negcon,,12.480683,3.7836857
BR00117013,G19,U2OS,48,Ro-1138452,compound,BRD-K77220725-003-01-5,,['prostanoid receptor antagonist'],11.917415,2.1656203
BR00117013,G20,U2OS,48,sorbinil,compound,BRD-A89164055-001-03-3,,['aldose reductase inhibitor'],11.376202,4.2578
BR00117013,G21,U2OS,48,TC-S-7004,compound,BRD-K89517477-001-01-4,poscon_cp,['DYRK inhibitor'],6.879252,2.0609884
BR00117013,G22,U2OS,48,saclofen,compound,BRD-A24122750-001-03-7,,['GABA receptor antagonist'],14.065851,2.9718223
BR00117013,G23,U2OS,48,BAY-87-2243,compound,BRD-K70463136-001-01-5,,,14.442147,3.547546
BR00117013,G24,U2OS,48,ibudilast,compound,BRD-K16444452-001-09-1,,['phosphodiesterase inhibitor'],15.871163,3.2378814
BR00117013,H01,U2OS,48,briciclib,compound,BRD-K05531427-001-01-7,,,6.4114604,-0.23179097
BR00117013,H02,U2OS,48,2-Oleoylglycerol,compound,BRD-K77087341-001-02-4,,,12.123647,6.618639
BR00117013,H03,U2OS,48,RGFP966,compound,BRD-K61688984-001-02-9,poscon_cp,['HDAC inhibitor'],9.87878,3.5388117
BR00117013,H04,U2OS,48,DMSO,compound,,negcon,,11.946172,5.999917
BR00117013,H05,U2OS,48,azacitidine,compound,BRD-K03406345-001-21-1,poscon_diverse,,11.152451,5.1471305
BR00117013,H06,U2OS,48,N6-cyclopentyladenosine,compound,BRD-K60150510-001-15-6,,,11.846917,5.618733
BR00117013,H07,U2OS,48,filgotinib,compound,BRD-K16803204-001-01-6,poscon_cp,['JAK inhibitor'],12.207351,4.977305
BR00117013,H08,U2OS,48,guanidine,compound,BRD-K76037122-001-02-5,,['HSP inhibitor'],11.888477,5.7953024
BR00117013,H09,U2OS,48,coumarin,compound,BRD-K23913458-001-20-7,,,11.91446,4.746228
BR00117013,H10,U2OS,48,DMSO,compound,,negcon,,12.128831,5.3156343
BR00117013,H11,U2OS,48,ZM-336372,compound,BRD-K73789395-001-09-9,poscon_orf,['RAF inhibitor'],12.582129,2.4766998
BR00117013,H12,U2OS,48,citric-acid,compound,BRD-K76792669-001-08-1,,['coagulation factor inhibitor'],11.759904,5.366302
BR00117013,H13,U2OS,48,DMSO,compound,,negcon,,11.143346,4.5896606
BR00117013,H14,U2OS,48,CCG-63802,compound,BRD-K26970495-001-02-7,,['G protein signaling inhibitor'],13.780596,4.8354316
BR00117013,H15,U2OS,48,ibutilide,compound,BRD-A74391928-051-03-9,,['potassium channel blocker'],11.806302,2.4990468
BR00117013,H16,U2OS,48,batimastat,compound,BRD-K82818427-001-04-8,,['matrix metalloprotease inhibitor'],10.678594,3.2704914
BR00117013,H17,U2OS,48,DMSO,compound,,negcon,,12.470017,2.5939035
BR00117013,H18,U2OS,48,DMSO,compound,,negcon,,11.982618,3.545572
BR00117013,H19,U2OS,48,UNC1999,compound,BRD-K26989966-001-04-3,poscon_cp,['histone lysine methyltransferase inhibitor'],6.0664806,1.1323911
BR00117013,H20,U2OS,48,glutamine-(l),compound,BRD-K83896451-001-06-7,,,14.104408,2.3308153
BR00117013,H21,U2OS,48,PD-98059,compound,BRD-K62810658-001-11-4,poscon_orf,,14.374546,3.0153394
BR00117013,H22,U2OS,48,enilconazole,compound,BRD-K01825690-065-01-9,,,13.969798,2.6924117
BR00117013,H23,U2OS,48,N-alpha-Methylhistamine-dihydrochloride,compound,BRD-K75390981-300-04-9,,['histamine receptor agonist'],14.294158,2.845363
BR00117013,H24,U2OS,48,GK921,compound,BRD-K38272302-001-02-7,,,6.3554015,1.7817667
BR00117013,I01,U2OS,48,nilvadipine,compound,BRD-A84687895-001-03-2,,['calcium channel blocker'],14.07114,6.984554
BR00117013,I02,U2OS,48,DMSO,compound,,negcon,,13.55129,6.7586784
BR00117013,I03,U2OS,48,AC-710,compound,BRD-K15819326-001-01-6,,['PDGFR tyrosine kinase receptor inhibitor'],10.8000965,0.4670833
BR00117013,I04,U2OS,48,PETCM,compound,BRD-A93477898-001-04-2,,,13.567182,6.264646
BR00117013,I05,U2OS,48,AZD7762,compound,BRD-K86525559-001-07-8,poscon_diverse,['CHK inhibitor'],5.5064034,0.91081715
BR00117013,I06,U2OS,48,PHA-793887,compound,BRD-K64800655-001-09-0,poscon_diverse,['CDK inhibitor'],7.3290987,1.1340628
BR00117013,I07,U2OS,48,KU-60019,compound,BRD-K36016295-001-05-2,,['ATM kinase inhibitor'],9.83333,0.8753739
BR00117013,I08,U2OS,48,nafamostat,compound,BRD-K06674495-334-04-0,,,10.760659,3.660642
BR00117013,I09,U2OS,48,DMSO,compound,,negcon,,11.919558,4.7812433
BR00117013,I10,U2OS,48,DMSO,compound,,negcon,,11.51506,4.2992125
BR00117013,I11,U2OS,48,taladegib,compound,BRD-K50498985-001-03-3,,['smoothened receptor antagonist'],11.657484,4.2687984
BR00117013,I12,U2OS,48,acetohexamide,compound,BRD-K52960356-001-13-0,,['ATP channel blocker'],11.201251,4.8582687
BR00117013,I13,U2OS,48,minocycline,compound,BRD-A69651145-003-11-4,,,13.045677,0.046175033
BR00117013,I14,U2OS,48,BI-2536,compound,BRD-K64890080-001-02-1,poscon_diverse,,7.1807528,0.007847321
BR00117013,I15,U2OS,48,riociguat,compound,BRD-K84783599-001-01-0,,,11.62403,3.254625
BR00117013,I16,U2OS,48,CP-724714,compound,BRD-K76908866-001-07-6,poscon_cp,"['EGFR inhibitor', 'protein tyrosine kinase inhibitor']",11.759977,1.9341912
BR00117013,I17,U2OS,48,ganetespib,compound,BRD-K38852836-001-04-9,poscon_diverse,['HSP inhibitor'],6.4673276,0.60459894
BR00117013,I18,U2OS,48,AZ191,compound,BRD-K80935598-001-01-1,poscon_cp,['DYRK inhibitor'],11.236091,0.085963994
BR00117013,I19,U2OS,48,BAX-channel-blocker,compound,BRD-A18763547-300-06-3,,,10.1171665,0.4338074
BR00117013,I20,U2OS,48,SU3327,compound,BRD-K32730239-001-01-0,,['JNK inhibitor'],5.4543777,1.6087202
BR00117013,I21,U2OS,48,DMSO,compound,,negcon,,14.224692,2.3570342
BR00117013,I22,U2OS,48,DMSO,compound,,negcon,,12.774196,3.2962866
BR00117013,I23,U2OS,48,octreotide,compound,BRD-A64173453-015-03-1,,['somatostatin receptor agonist'],14.452729,2.2977238
BR00117013,I24,U2OS,48,1-octanol,compound,BRD-K09338665-001-08-9,,,15.464803,3.0906668
BR00117013,J01,U2OS,48,acalabrutinib,compound,BRD-K64034691-001-01-9,,"[""Bruton's tyrosine kinase (BTK) inhibitor""]",13.9767685,6.4369698
BR00117013,J02,U2OS,48,rifamycin,compound,BRD-K38512030-001-01-7,,,12.20701,7.0087047
BR00117013,J03,U2OS,48,pazopanib,compound,BRD-K74514084-003-09-2,,"['KIT inhibitor', 'VEGFR inhibitor', 'PDGFR tyrosine kinase receptor inhibitor']",10.535912,2.7765844
BR00117013,J04,U2OS,48,RKI-1447,compound,BRD-K19333160-001-01-3,poscon_cp,,8.080681,2.9952204
BR00117013,J05,U2OS,48,vitamin-E,compound,BRD-K97091514-001-11-4,,['PKC inhibitor'],12.256963,5.782223
BR00117013,J06,U2OS,48,lonafarnib,compound,BRD-K41599323-001-02-3,poscon_diverse,,10.104822,1.9458051
BR00117013,J07,U2OS,48,ethyl-pyruvate,compound,BRD-K47738867-001-01-5,,,11.635933,5.49495
BR00117013,J08,U2OS,48,picrotin,compound,BRD-A91822151-001-05-0,,['GABA receptor antagonist'],11.9188385,4.399022
BR00117013,J09,U2OS,48,SGX523,compound,BRD-K19477839-001-07-6,poscon_cp,,10.306486,5.335818
BR00117013,J10,U2OS,48,PP-2,compound,BRD-K95785537-001-22-3,,['src inhibitor'],11.753777,1.5837358
BR00117013,J11,U2OS,48,ME-0328,compound,BRD-A63444178-001-01-5,,['PPAR receptor antagonist'],11.517714,2.7885013
BR00117013,J12,U2OS,48,AZD9668,compound,BRD-K31476763-001-01-5,,['elastase inhibitor'],11.6539,3.876858
BR00117013,J13,U2OS,48,NQDI-1,compound,BRD-K61918008-001-07-1,,,11.06461,4.678625
BR00117013,J14,U2OS,48,DMSO,compound,,negcon,,11.531086,5.1778765
BR00117013,J15,U2OS,48,carzenide,compound,BRD-K09295674-001-09-8,,,12.817888,2.5174084
BR00117013,J16,U2OS,48,KU-55933,compound,BRD-K25311561-001-10-7,,['ATM kinase inhibitor'],11.739299,1.941103
BR00117013,J17,U2OS,48,NVP-AEW541,compound,BRD-K24696047-001-02-3,poscon_cp,['IGF-1 inhibitor'],11.19191,0.5882212
BR00117013,J18,U2OS,48,leflunomide,compound,BRD-K78692225-001-24-5,,['PDGFR tyrosine kinase receptor inhibitor'],11.287714,3.3588293
BR00117013,J19,U2OS,48,DMSO,compound,,negcon,,13.737565,2.7458482
BR00117013,J20,U2OS,48,azacitidine,compound,BRD-K03406345-001-21-1,poscon_diverse,,10.919663,4.704194
BR00117013,J21,U2OS,48,ixabepilone,compound,BRD-K03601870-001-01-2,,['microtubule stabilizing agent'],6.6760745,-0.07421142
BR00117013,J22,U2OS,48,KH-CB19,compound,BRD-K66430217-001-03-8,poscon_cp,['CDC inhibitor'],13.802191,1.4881406
BR00117013,J23,U2OS,48,DMSO,compound,,negcon,,14.443122,2.6873195
BR00117013,J24,U2OS,48,PF-05190457,compound,BRD-K02554563-001-01-6,,,15.514189,3.8637617
BR00117013,K01,U2OS,48,LDN-212854,compound,BRD-K59831625-001-03-9,,,5.670197,1.6954417
BR00117013,K02,U2OS,48,formononetin,compound,BRD-K55567017-001-12-3,,['alcohol dehydrogenase inhibitor'],14.042046,6.1517897
BR00117013,K03,U2OS,48,aminopurvalanol-a,compound,BRD-K07762753-001-05-1,poscon_orf,['CDK inhibitor'],9.099057,4.5291305
BR00117013,K04,U2OS,48,ruxolitinib,compound,BRD-K53972329-001-01-3,poscon_cp,['JAK inhibitor'],10.2379875,3.55957
BR00117013,K05,U2OS,48,DMSO,compound,,negcon,,13.63163,6.161621
BR00117013,K06,U2OS,48,DMSO,compound,,negcon,,12.850592,6.1201
BR00117013,K07,U2OS,48,LGK-974,compound,BRD-K16810791-001-01-0,,['porcupine inhibitor'],13.687621,5.134423
BR00117013,K08,U2OS,48,polydatin,compound,BRD-K43236057-001-07-1,,['ICAM1 expression inhibitor'],8.962979,1.0333327
BR00117013,K09,U2OS,48,enflurane,compound,BRD-A51831848-001-01-7,,,11.945716,4.4358387
BR00117013,K10,U2OS,48,PFI-1,compound,BRD-K13094524-001-04-2,poscon_cp,,13.851072,4.9165754
BR00117013,K11,U2OS,48,AZD7762,compound,BRD-K86525559-001-07-8,poscon_diverse,['CHK inhibitor'],5.605958,1.1900998
BR00117013,K12,U2OS,48,sotrastaurin,compound,BRD-K16761703-001-03-8,,['PKC inhibitor'],12.033234,2.14428
BR00117013,K13,U2OS,48,DMSO,compound,,negcon,,12.30394,2.8405275
BR00117013,K14,U2OS,48,cycloheximide,compound,BRD-K36055864-001-20-0,,['protein synthesis inhibitor'],7.5220737,1.3531122
BR00117013,K15,U2OS,48,oxytocin,compound,BRD-K25243230-001-01-2,,,13.58135,3.0851688
BR00117013,K16,U2OS,48,DMSO,compound,,negcon,,12.354352,2.1944473
BR00117013,K17,U2OS,48,colchicine,compound,BRD-K00259736-001-16-4,,,6.461258,-0.20117235
BR00117013,K18,U2OS,48,afimoxifene,compound,BRD-K04210847-001-21-9,,,13.675426,3.0359685
BR00117013,K19,U2OS,48,DMSO,compound,,negcon,,13.028421,1.6623844
BR00117013,K20,U2OS,48,ZK-93423,compound,BRD-K33882852-003-02-8,poscon_diverse,['benzodiazepine receptor agonist'],13.915336,3.7857983
BR00117013,K21,U2OS,48,RGB-286638,compound,BRD-K20986415-001-02-6,,['CDK inhibitor'],7.5322104,1.2032195
BR00117013,K22,U2OS,48,FPS-ZM1,compound,BRD-K87691185-001-01-2,,['RAGE receptor antagonist'],14.077927,2.620179
BR00117013,K23,U2OS,48,flindokalner,compound,BRD-K56740996-001-02-1,,,14.158464,2.7313414
BR00117013,K24,U2OS,48,motesanib,compound,BRD-K99616396-316-05-3,,"['KIT inhibitor', 'VEGFR inhibitor', 'PDGFR tyrosine kinase receptor inhibitor']",14.94388,3.1707993
BR00117013,L01,U2OS,48,geldanamycin,compound,BRD-K43570081-001-02-4,,['HSP inhibitor'],6.4749246,0.64433867
BR00117013,L02,U2OS,48,DMSO,compound,,negcon,,11.649266,6.544686
BR00117013,L03,U2OS,48,CGP-53353,compound,BRD-K32292990-001-03-6,,"['PKC inhibitor', 'EGFR inhibitor']",12.562755,6.350692
BR00117013,L04,U2OS,48,7-hydroxystaurosporine,compound,BRD-K45293975-001-02-0,,"['CDK inhibitor', 'PKC inhibitor', 'CHK inhibitor']",6.241763,1.4394139
BR00117013,L05,U2OS,48,DMSO,compound,,negcon,,12.132928,6.0389714
BR00117013,L06,U2OS,48,DMSO,compound,,negcon,,12.461925,6.3559513
BR00117013,L07,U2OS,48,efaproxiral,compound,BRD-K37355418-236-01-6,,,11.906212,5.411781
BR00117013,L08,U2OS,48,SB-203580,compound,BRD-A37704979-001-12-3,poscon_orf,['p38 MAPK inhibitor'],11.357489,1.9737579
BR00117013,L09,U2OS,48,FK-866,compound,BRD-K58550667-001-08-7,poscon_diverse,,7.1009254,2.3989584
BR00117013,L10,U2OS,48,bepridil,compound,BRD-A91008255-003-24-8,,['calcium channel blocker'],12.142135,2.361147
BR00117013,L11,U2OS,48,delanzomib,compound,BRD-K59325863-001-04-4,,,5.633897,1.3050294
BR00117013,L12,U2OS,48,buparlisib,compound,BRD-K42191735-001-08-7,poscon_diverse,,6.2133193,0.24876368
BR00117013,L13,U2OS,48,phenylbutazone,compound,BRD-K10843433-001-23-5,,"['cyclooxygenase inhibitor', 'prostanoid receptor antagonist']",12.432208,3.0490382
BR00117013,L14,U2OS,48,deferasirox,compound,BRD-K97010173-001-04-1,,,9.864754,5.414051
BR00117013,L15,U2OS,48,DMSO,compound,,negcon,,13.505136,2.5544262
BR00117013,L16,U2OS,48,cediranib,compound,BRD-K86930074-001-05-0,,"['KIT inhibitor', 'VEGFR inhibitor']",11.571447,0.8943096
BR00117013,L17,U2OS,48,isoflurane,compound,BRD-A31564021-001-02-6,,,11.203805,4.1308093
BR00117013,L18,U2OS,48,DMSO,compound,,negcon,,13.618999,2.6511235
BR00117013,L19,U2OS,48,CCG-50014,compound,BRD-K08893438-001-06-4,,['G protein signaling inhibitor'],6.9184756,0.95207787
BR00117013,L20,U2OS,48,PF-431396,compound,BRD-K93788137-001-04-1,,,8.58165,4.6987333
BR00117013,L21,U2OS,48,TG-02,compound,BRD-K14560436-001-01-4,,"['CDK inhibitor', 'FLT3 inhibitor', 'JAK inhibitor']",7.180662,1.2056712
BR00117013,L22,U2OS,48,baclofen,compound,BRD-K01826724-003-07-9,,['benzodiazepine receptor agonist'],14.543581,2.4598541
BR00117013,L23,U2OS,48,thiostrepton,compound,BRD-A20697603-001-07-2,,['protein synthesis inhibitor'],9.317078,0.97878784
BR00117013,L24,U2OS,48,flufenamic-acid,compound,BRD-K44067360-001-29-5,,,15.638917,3.0098028
BR00117013,M01,U2OS,48,DMSO,compound,,negcon,,14.079412,6.799297
BR00117013,M02,U2OS,48,LY2109761,compound,BRD-K47557313-001-02-7,,,10.135506,3.3069513
BR00117013,M03,U2OS,48,olopatadine,compound,BRD-K67637637-003-11-8,,['histamine receptor antagonist'],13.68144,6.208638
BR00117013,M04,U2OS,48,DMSO,compound,,negcon,,13.29226,6.193141
BR00117013,M05,U2OS,48,castanospermine,compound,BRD-K20897876-001-11-8,,['glucosidase inhibitor'],13.658029,6.4008617
BR00117013,M06,U2OS,48,A205804,compound,BRD-K77627880-001-04-0,,['ICAM1 expression inhibitor'],12.764289,5.744329
BR00117013,M07,U2OS,48,VU591,compound,BRD-K72063794-003-01-0,,['potassium channel blocker'],13.706528,5.322005
BR00117013,M08,U2OS,48,dalbavancin,compound,BRD-K30177383-001-01-0,,['bacterial cell wall synthesis inhibitor'],11.158422,3.702167
BR00117013,M09,U2OS,48,CC-401,compound,BRD-K45746021-003-01-9,,['JNK inhibitor'],10.876134,3.2084992
BR00117013,M10,U2OS,48,ganetespib,compound,BRD-K38852836-001-04-9,poscon_diverse,['HSP inhibitor'],6.369405,0.74343276
BR00117013,M11,U2OS,48,ingenol-mebutate,compound,BRD-K93779381-001-01-9,,,11.050331,1.1817797
BR00117013,M12,U2OS,48,menadione,compound,BRD-K78126613-001-27-7,,,7.855164,1.2570394
BR00117013,M13,U2OS,48,cetilistat,compound,BRD-K94863486-001-02-2,,,12.461771,3.0632353
BR00117013,M14,U2OS,48,methoxsalen,compound,BRD-K63430059-001-16-4,,['DNA synthesis inhibitor'],13.386221,2.2373784
BR00117013,M15,U2OS,48,cyclosporine,compound,BRD-K13533483-001-16-2,,,10.097654,2.3274927
BR00117013,M16,U2OS,48,NSC-632839,compound,BRD-K81197548-003-01-4,poscon_cp,['ubiquitin specific protease inhibitor'],5.7951717,0.19203553
BR00117013,M17,U2OS,48,DMSO,compound,,negcon,,14.364011,2.3749297
BR00117013,M18,U2OS,48,TG-003,compound,BRD-K97072811-001-11-4,poscon_cp,,12.198027,1.7715791
BR00117013,M19,U2OS,48,oxibendazole,compound,BRD-K52075715-001-06-7,,['tubulin polymerization inhibitor'],6.4171624,-0.2211444
BR00117013,M20,U2OS,48,TG-101348,compound,BRD-K12502280-001-11-4,poscon_cp,"['JAK inhibitor', 'FLT3 inhibitor']",6.967228,0.51700205
BR00117013,M21,U2OS,48,miglitol,compound,BRD-A63310107-001-04-8,,['glucosidase inhibitor'],14.105265,1.6289911
BR00117013,M22,U2OS,48,DMSO,compound,,negcon,,14.26458,2.0329254
BR00117013,M23,U2OS,48,DMSO,compound,,negcon,,14.153713,2.2368953
BR00117013,M24,U2OS,48,tranilast,compound,BRD-K17849083-001-32-9,,,15.28943,3.008452
BR00117013,N01,U2OS,48,4-methylhistamine,compound,BRD-K70821460-300-02-4,,['histamine receptor agonist'],13.863777,7.17148
BR00117013,N02,U2OS,48,LDN-27219,compound,BRD-K51485109-001-01-4,,,11.358808,6.3763175
BR00117013,N03,U2OS,48,anisomycin,compound,BRD-K91370081-001-25-1,,['DNA synthesis inhibitor'],6.662404,1.3700266
BR00117013,N04,U2OS,48,thioguanine,compound,BRD-K49350383-001-13-7,poscon_diverse,,9.888027,2.5751982
BR00117013,N05,U2OS,48,droxinostat,compound,BRD-K11558771-001-13-9,,['HDAC inhibitor'],12.221523,6.102747
BR00117013,N06,U2OS,48,UNC2025,compound,BRD-K91283740-003-01-6,poscon_cp,['FLT3 inhibitor'],6.8688006,1.1511636
BR00117013,N07,U2OS,48,DMSO,compound,,negcon,,8.350815,2.2367802
BR00117013,N08,U2OS,48,DMSO,compound,,negcon,,12.29132,6.510312
BR00117013,N09,U2OS,48,AMG900,compound,BRD-K21728777-001-02-3,poscon_cp,['Aurora kinase inhibitor'],8.938936,5.0369496
BR00117013,N10,U2OS,48,PF-06463922,compound,BRD-A23124853-001-01-4,,['ALK tyrosine kinase receptor inhibitor'],10.779736,2.4892704
BR00117013,N11,U2OS,48,orantinib,compound,BRD-K55966568-001-09-6,poscon_cp,"['FGFR inhibitor', 'PDGFR tyrosine kinase receptor inhibitor', 'VEGFR inhibitor']",13.208317,2.0233622
BR00117013,N12,U2OS,48,fludarabine-phosphate,compound,BRD-K71106091-001-09-5,,['ribonucleotide reductase inhibitor'],9.726219,5.390478
BR00117013,N13,U2OS,48,ceritinib,compound,BRD-K22149900-001-06-2,,['ALK tyrosine kinase receptor inhibitor'],11.267989,2.610672
BR00117013,N14,U2OS,48,NVS-PAK1-1,compound,BRD-K28132190-001-02-0,poscon_cp,['p21 activated kinase inhibitor'],12.510878,1.3450822
BR00117013,N15,U2OS,48,homoharringtonine,compound,BRD-K76674262-001-03-3,,['protein synthesis inhibitor'],6.7620792,1.3467152
BR00117013,N16,U2OS,48,picrotoxinin,compound,BRD-K36461289-001-05-8,,['GABA receptor antagonist'],14.035347,2.095848
BR00117013,N17,U2OS,48,DMSO,compound,,negcon,,15.220921,3.1704302
BR00117013,N18,U2OS,48,danusertib,compound,BRD-K07881437-001-03-8,poscon_diverse,"['growth factor receptor inhibitor', 'Aurora kinase inhibitor']",9.09015,5.112483
BR00117013,N19,U2OS,48,romidepsin,compound,BRD-K61397605-001-01-8,poscon_cp,['HDAC inhibitor'],5.9865885,1.0838186
BR00117013,N20,U2OS,48,FERb-033,compound,BRD-K61642990-001-01-0,poscon_cp,['EGFR inhibitor'],12.750378,1.4893073
BR00117013,N21,U2OS,48,PF-03758309,compound,BRD-K37764012-001-03-3,poscon_diverse,['p21 activated kinase inhibitor'],6.8787713,1.0908796
BR00117013,N22,U2OS,48,DMSO,compound,,negcon,,14.161201,1.9638093
BR00117013,N23,U2OS,48,trometamol,compound,BRD-K47978074-001-03-2,,,14.305121,2.4711087
BR00117013,N24,U2OS,48,simvastatin,compound,BRD-K22134346-001-22-3,,['HMGCR inhibitor'],12.1769495,1.2983483
BR00117013,O01,U2OS,48,zaprinast,compound,BRD-K16542329-001-16-8,,['phosphodiesterase inhibitor'],14.150483,6.892584
BR00117013,O02,U2OS,48,dexamethasone,compound,BRD-A10188456-001-04-9,,['glucocorticoid receptor agonist'],14.359983,6.4303684
BR00117013,O03,U2OS,48,salicylic-acid,compound,BRD-K93632104-001-17-2,,['cyclooxygenase inhibitor'],13.903859,6.0140123
BR00117013,O04,U2OS,48,diltiazem,compound,BRD-A69636825-003-04-7,,['calcium channel blocker'],13.823281,6.409685
BR00117013,O05,U2OS,48,phenolphthalein,compound,BRD-K19227686-001-18-6,,,13.540545,6.478546
BR00117013,O06,U2OS,48,niflumic-acid,compound,BRD-K98763141-001-30-8,,['cyclooxygenase inhibitor'],14.105135,5.3452296
BR00117013,O07,U2OS,48,DMSO,compound,,negcon,,14.237762,5.6997404
BR00117013,O08,U2OS,48,L-Cystine,compound,BRD-A15397381-001-02-5,,,13.993118,5.471033
BR00117013,O09,U2OS,48,ozanimod,compound,BRD-K46625559-001-01-8,,['sphingosine 1 phosphate receptor agonist'],14.465046,5.961857
BR00117013,O10,U2OS,48,efaroxan,compound,BRD-A10739734-003-09-8,,['adrenergic receptor antagonist'],13.955237,5.3282604
BR00117013,O11,U2OS,48,NBQX,compound,BRD-K11796549-001-05-2,,['glutamate receptor antagonist'],11.147751,5.597587
BR00117013,O12,U2OS,48,dinoprostone,compound,BRD-K26521938-001-07-2,,['prostanoid receptor agonist'],10.600896,2.9176364
BR00117013,O13,U2OS,48,Ro-20-1724,compound,BRD-A07207424-001-14-0,,['phosphodiesterase inhibitor'],11.1777725,4.116952
BR00117013,O14,U2OS,48,xanomeline,compound,BRD-K72815923-034-02-0,,['acetylcholine receptor agonist'],14.036456,2.359446
BR00117013,O15,U2OS,48,terazosin,compound,BRD-K01825589-310-02-9,,['adrenergic receptor antagonist'],14.495557,2.0443895
BR00117013,O16,U2OS,48,BVT-948,compound,BRD-K68567222-001-01-2,,,6.540218,2.1161888
BR00117013,O17,U2OS,48,nicotine,compound,BRD-K01825660-322-01-9,,['acetylcholine receptor agonist'],13.998988,1.9214458
BR00117013,O18,U2OS,48,DMSO,compound,,negcon,,15.15061,2.9294238
BR00117013,O19,U2OS,48,U-0521,compound,BRD-K08953028-001-09-6,,,14.513015,2.224049
BR00117013,O20,U2OS,48,BMS-587101,compound,BRD-K20093108-001-02-3,,,15.215242,3.140691
BR00117013,O21,U2OS,48,nimodipine,compound,BRD-A58048407-001-20-4,,['calcium channel blocker'],14.730192,1.850454
BR00117013,O22,U2OS,48,pyrrolidine-dithiocarbamate,compound,BRD-K80970344-201-08-6,,,6.3817954,0.3162964
BR00117013,O23,U2OS,48,PF-915275,compound,BRD-K18289362-001-02-2,,,14.618118,3.1968398
BR00117013,O24,U2OS,48,JTE-013,compound,BRD-K43330982-001-02-3,,,15.65326,4.286968
BR00117013,P01,U2OS,48,sodium-butyrate,compound,BRD-K05878375-236-05-7,,['HDAC inhibitor'],14.749379,7.1525455
BR00117013,P02,U2OS,48,pentostatin,compound,BRD-K91543828-001-02-0,,['ribonucleotide reductase inhibitor'],14.1355,6.642282
BR00117013,P03,U2OS,48,OMDM-2,compound,BRD-K48830578-001-01-9,,,14.168231,6.561229
BR00117013,P04,U2OS,48,nalmefene,compound,BRD-A72767275-003-01-6,,,14.325615,6.76985
BR00117013,P05,U2OS,48,DMSO,compound,,negcon,,14.197073,6.6649942
BR00117013,P06,U2OS,48,1-EBIO,compound,BRD-K70586315-001-02-4,,,14.508153,6.4134293
BR00117013,P07,U2OS,48,SB-505124,compound,BRD-K40109029-001-02-9,,['ALK tyrosine kinase receptor inhibitor'],14.154442,5.0634723
BR00117013,P08,U2OS,48,prasugrel,compound,BRD-A83029242-001-06-1,,['purinergic receptor antagonist'],15.440019,5.857645
BR00117013,P09,U2OS,48,pidolic-acid,compound,BRD-K57313110-001-06-8,,,14.784417,6.00761
BR00117013,P10,U2OS,48,DMSO,compound,,negcon,,14.884009,6.0542974
BR00117013,P11,U2OS,48,nevirapine,compound,BRD-K15502390-001-20-9,,,14.698694,6.428098
BR00117013,P12,U2OS,48,triamterene,compound,BRD-K92049597-001-20-8,,['sodium channel blocker'],15.454173,5.992465
BR00117013,P13,U2OS,48,regorafenib,compound,BRD-K16730910-001-07-3,,"['PDGFR tyrosine kinase receptor inhibitor', 'RAF inhibitor', 'KIT inhibitor', 'RET tyrosine kinase inhibitor', 'FGFR inhibitor', 'VEGFR inhibitor']",15.580179,5.003915
BR00117013,P14,U2OS,48,cyclophosphamide,compound,BRD-A09722536-002-18-0,,,14.886552,6.1207614
BR00117013,P15,U2OS,48,olanzapine,compound,BRD-K18895904-001-16-1,,"['dopamine receptor antagonist', 'serotonin receptor antagonist']",14.827586,6.127385
BR00117013,P16,U2OS,48,KI-16425,compound,BRD-A25569250-001-03-3,,['lysophosphatidic acid receptor antagonist'],14.596921,5.686064
BR00117013,P17,U2OS,48,SKLB1002,compound,BRD-K29895144-001-01-0,,['VEGFR inhibitor'],9.494286,5.211954
BR00117013,P18,U2OS,48,cilostazol,compound,BRD-K67017579-001-28-1,,['phosphodiesterase inhibitor'],15.312262,5.73677
BR00117013,P19,U2OS,48,AZD1283,compound,BRD-K77060810-001-01-5,,['purinergic receptor antagonist'],15.524362,5.2219653
BR00117013,P20,U2OS,48,A-987306,compound,BRD-K68982262-001-01-4,,['histamine receptor antagonist'],15.719644,5.2032704
BR00117013,P21,U2OS,48,procaine,compound,BRD-K24616672-003-20-1,,['HMGCR inhibitor'],15.259394,5.7632666
BR00117013,P22,U2OS,48,miconazole,compound,BRD-A82396632-008-30-8,,['bacterial cell wall synthesis inhibitor'],15.522299,4.964189
BR00117013,P23,U2OS,48,loperamide,compound,BRD-K61250553-003-30-6,,,15.622767,4.5317206
BR00117013,P24,U2OS,48,aripiprazole,compound,BRD-K70358946-001-17-3,,['serotonin receptor antagonist'],15.82503,4.592017
BR00117024,A01,U2OS,24,gabapentin-enacarbil,compound,BRD-A86665761-001-01-1,,,15.301439,7.223243
BR00117024,A02,U2OS,24,DMSO,compound,,negcon,,14.192411,6.8218427
BR00117024,A03,U2OS,24,amlodipine,compound,BRD-A22032524-074-09-9,,['calcium channel blocker'],15.478351,7.0634336
BR00117024,A04,U2OS,24,hexestrol,compound,BRD-A01078468-001-14-8,,,15.198313,7.19224
BR00117024,A05,U2OS,24,quinine,compound,BRD-K48278478-001-01-2,,,15.285733,6.705845
BR00117024,A06,U2OS,24,LOXO-101,compound,BRD-K36574127-001-01-3,,,15.402889,7.092309
BR00117024,A07,U2OS,24,brinzolamide,compound,BRD-K74913225-001-14-0,,['carbonic anhydrase inhibitor'],14.258023,6.032245
BR00117024,A08,U2OS,24,NS-11021,compound,BRD-K94342292-001-01-3,,['calcium-activated potassium channel activator'],15.6434765,6.451531
BR00117024,A09,U2OS,24,DMSO,compound,,negcon,,15.417339,6.7303743
BR00117024,A10,U2OS,24,GNF-5837,compound,BRD-K19975102-001-01-2,,['growth factor receptor inhibitor'],10.580355,1.4195218
BR00117024,A11,U2OS,24,apatinib,compound,BRD-K25244359-066-02-6,,['RET tyrosine kinase inhibitor'],11.435773,2.0211
BR00117024,A12,U2OS,24,ethoxzolamide,compound,BRD-K18131774-001-18-4,,['carbonic anhydrase inhibitor'],15.461646,6.332806
BR00117024,A13,U2OS,24,ascorbic-acid,compound,BRD-A85242401-001-11-5,,,15.291424,5.666961
BR00117024,A14,U2OS,24,ryuvidine,compound,BRD-K06426971-001-02-7,,['histone lysine methyltransferase inhibitor'],6.1008253,2.0454674
BR00117024,A15,U2OS,24,BAN-ORL-24,compound,BRD-K47049295-300-03-1,,,9.717203,1.240037
BR00117024,A16,U2OS,24,NNC-55-0396,compound,BRD-K78122587-300-04-3,,,10.735425,1.5861593
BR00117024,A17,U2OS,24,DMSO,compound,,negcon,,14.977893,5.374837
BR00117024,A18,U2OS,24,WH-4-023,compound,BRD-K50199947-001-03-4,,['src inhibitor'],11.074251,1.447463
BR00117024,A19,U2OS,24,flupirtine,compound,BRD-K50720187-051-03-1,,['glutamate receptor antagonist'],14.994855,5.0592937
BR00117024,A20,U2OS,24,ZK811752,compound,BRD-K91825936-001-03-9,,,15.617303,5.0372906
BR00117024,A21,U2OS,24,dexamethasone,compound,BRD-K38775274-001-22-1,,['glucocorticoid receptor agonist'],15.144469,4.97661
BR00117024,A22,U2OS,24,PP-1,compound,BRD-K47598052-001-14-1,,['src inhibitor'],11.620014,1.5015906
BR00117024,A23,U2OS,24,DDR1-IN-1,compound,BRD-K61845293-300-01-9,,,15.360093,4.523221
BR00117024,A24,U2OS,24,AVL-292,compound,BRD-K87782578-001-01-4,,"[""Bruton's tyrosine kinase (BTK) inhibitor""]",9.569592,1.6411256
BR00117024,B01,U2OS,24,H2L-5765834,compound,BRD-K26439554-001-01-3,,['lysophosphatidic acid receptor antagonist'],14.330516,7.063403
BR00117024,B02,U2OS,24,thiostrepton,compound,BRD-K58049875-001-03-9,,['protein synthesis inhibitor'],5.767038,0.241495
BR00117024,B03,U2OS,24,DMSO,compound,,negcon,,12.772599,7.031678
BR00117024,B04,U2OS,24,arcyriaflavin-a,compound,BRD-K72726508-001-02-1,,['CDK inhibitor'],10.266841,2.6459124
BR00117024,B05,U2OS,24,CYM-5520,compound,BRD-K29151923-001-01-5,,['sphingosine 1 phosphate receptor agonist'],13.265854,5.415392
BR00117024,B06,U2OS,24,fludarabine,compound,BRD-K66788707-001-14-3,,['ribonucleotide reductase inhibitor'],10.592457,5.608212
BR00117024,B07,U2OS,24,alda-1,compound,BRD-K06890060-001-09-1,,,12.97902,5.1732645
BR00117024,B08,U2OS,24,meclofenamic-acid,compound,BRD-K50398167-236-22-7,,"['cyclooxygenase inhibitor', 'prostanoid receptor antagonist']",13.126551,0.01692594
BR00117024,B09,U2OS,24,GNF-5,compound,BRD-K87632963-001-03-0,,['Bcr-Abl kinase inhibitor'],12.220158,4.3509936
BR00117024,B10,U2OS,24,NS-309,compound,BRD-K37602296-001-01-6,,['calcium-activated potassium channel activator'],13.466641,3.5230832
BR00117024,B11,U2OS,24,AK-7,compound,BRD-K09143580-001-01-0,,['SIRT inhibitor'],11.394608,1.2920474
BR00117024,B12,U2OS,24,BVT-948,compound,BRD-A22713669-001-04-3,,,6.9159856,2.4813926
BR00117024,B13,U2OS,24,SirReal-2,compound,BRD-K16472653-001-01-6,,['SIRT inhibitor'],13.771759,4.2034082
BR00117024,B14,U2OS,24,DMSO,compound,,negcon,,14.0895605,4.210896
BR00117024,B15,U2OS,24,BMS-536924,compound,BRD-K34581968-001-05-3,,['IGF-1 inhibitor'],9.917046,1.4842738
BR00117024,B16,U2OS,24,PP-121,compound,BRD-K81801188-001-02-8,,['protein tyrosine kinase inhibitor'],7.73745,1.4815501
BR00117024,B17,U2OS,24,MCOPPB,compound,BRD-K73276278-305-01-1,,,11.342883,0.16378124
BR00117024,B18,U2OS,24,ozagrel,compound,BRD-K53061490-003-13-9,,,15.197423,3.2727482
BR00117024,B19,U2OS,24,CYM-5442,compound,BRD-A43005764-003-01-5,,['sphingosine 1 phosphate receptor agonist'],11.2247095,0.32868773
BR00117024,B20,U2OS,24,CVT-10216,compound,BRD-K60659193-001-01-0,,,15.090669,3.480957
BR00117024,B21,U2OS,24,TCN201,compound,BRD-K09787262-001-02-7,,['glutamate receptor antagonist'],13.454701,1.7032732
BR00117024,B22,U2OS,24,fomepizole,compound,BRD-K56810756-003-07-7,,['alcohol dehydrogenase inhibitor'],14.726544,3.067451
BR00117024,B23,U2OS,24,benzamil,compound,BRD-K87158025-003-08-7,,['sodium channel blocker'],15.261653,4.6933126
BR00117024,B24,U2OS,24,lercanidipine,compound,BRD-A18992208-003-02-7,,['calcium channel blocker'],15.945964,4.367987
BR00117024,C01,U2OS,24,4-CMTB,compound,BRD-A54139254-001-09-2,,['free fatty acid receptor agonist'],13.865481,6.8148
BR00117024,C02,U2OS,24,ML-228,compound,BRD-K44432556-001-05-5,,,12.331691,7.2001734
BR00117024,C03,U2OS,24,DMSO,compound,,negcon,,12.130829,7.022239
BR00117024,C04,U2OS,24,GSK1070916,compound,BRD-K36740062-001-06-6,,['Aurora kinase inhibitor'],8.793233,4.3561296
BR00117024,C05,U2OS,24,ML-193,compound,BRD-K27539181-001-08-5,,,11.678841,6.3103757
BR00117024,C06,U2OS,24,DMSO,compound,,negcon,,12.783106,6.52472
BR00117024,C07,U2OS,24,M-25,compound,BRD-K51265828-001-01-0,,['smoothened receptor antagonist'],13.062487,4.377818
BR00117024,C08,U2OS,24,azeliragon,compound,BRD-K51899933-001-02-6,,['RAGE receptor antagonist'],10.686095,0.4019162
BR00117024,C09,U2OS,24,CYT-997,compound,BRD-K23363278-001-02-1,poscon_diverse,['tubulin polymerization inhibitor'],7.2099657,-0.8780291
BR00117024,C10,U2OS,24,AR-12,compound,BRD-K90497590-001-05-9,,,5.8001704,1.9814246
BR00117024,C11,U2OS,24,CYM-50260,compound,BRD-K69877120-001-01-7,,['sphingosine 1 phosphate receptor agonist'],13.629699,3.3905535
BR00117024,C12,U2OS,24,DMSO,compound,,negcon,,12.951302,3.4437087
BR00117024,C13,U2OS,24,KG-5,compound,BRD-K90747162-001-01-4,poscon_cp,['RAF inhibitor'],7.299199,-0.4864928
BR00117024,C14,U2OS,24,JTE-607,compound,BRD-K81405859-300-01-4,,,9.999847,5.3396654
BR00117024,C15,U2OS,24,DMSO,compound,,negcon,,14.14534,3.7042718
BR00117024,C16,U2OS,24,ilomastat,compound,BRD-K51662849-001-05-4,,['matrix metalloprotease inhibitor'],14.279737,4.2589645
BR00117024,C17,U2OS,24,RX-821002,compound,BRD-A65597028-003-08-1,,['adrenergic receptor antagonist'],12.8786125,1.9145133
BR00117024,C18,U2OS,24,DMSO,compound,,negcon,,13.879473,3.7844605
BR00117024,C19,U2OS,24,TUG-891,compound,BRD-K24282351-001-01-4,,['free fatty acid receptor agonist'],13.611669,2.1392212
BR00117024,C20,U2OS,24,ponatinib,compound,BRD-K44227013-001-08-0,,"['PDGFR tyrosine kinase receptor inhibitor', 'FLT3 inhibitor', 'Bcr-Abl kinase inhibitor']",5.8009434,1.4136256
BR00117024,C21,U2OS,24,DMSO,compound,,negcon,,13.823813,1.7045295
BR00117024,C22,U2OS,24,puromycin,compound,BRD-K01824976-300-02-9,,['protein synthesis inhibitor'],5.59358,0.62544453
BR00117024,C23,U2OS,24,SRC-kinase-inhibitor-I,compound,BRD-K50495309-001-02-0,,['src inhibitor'],11.930097,1.2580731
BR00117024,C24,U2OS,24,acetylcysteine,compound,BRD-K59058747-001-19-1,,,16.157064,4.330057
BR00117024,D01,U2OS,24,NSC-625987,compound,BRD-K62949423-001-03-1,,['CDK inhibitor'],14.033685,7.239862
BR00117024,D02,U2OS,24,dalfampridine,compound,BRD-K22482860-001-20-6,,['potassium channel blocker'],11.4116745,6.391875
BR00117024,D03,U2OS,24,NSC-95397,compound,BRD-K68143200-001-11-7,,['CDC inhibitor'],6.868242,2.5171854
BR00117024,D04,U2OS,24,alrestatin,compound,BRD-K35498378-001-06-1,,['aldose reductase inhibitor'],12.722053,2.686869
BR00117024,D05,U2OS,24,PF-03758309,compound,BRD-K37764012-001-03-3,poscon_diverse,['p21 activated kinase inhibitor'],11.576369,5.3547306
BR00117024,D06,U2OS,24,IRL-2500,compound,BRD-K98357249-001-02-9,,['endothelin receptor antagonist'],11.250843,5.842898
BR00117024,D07,U2OS,24,PF-04217903,compound,BRD-K73319509-001-08-0,poscon_cp,,12.838814,6.586867
BR00117024,D08,U2OS,24,FK-866,compound,BRD-K58550667-001-08-7,poscon_diverse,,11.3443575,3.6567817
BR00117024,D09,U2OS,24,amlexanox,compound,BRD-K29530284-001-06-2,,,13.282155,4.0783176
BR00117024,D10,U2OS,24,GW-311616,compound,BRD-K37864785-001-01-0,,['elastase inhibitor'],10.655527,4.3614335
BR00117024,D11,U2OS,24,buparlisib,compound,BRD-K42191735-001-08-7,poscon_diverse,,6.925191,-0.5805295
BR00117024,D12,U2OS,24,amiloride,compound,BRD-K97181089-003-24-7,,['sodium channel blocker'],12.590045,1.9011503
BR00117024,D13,U2OS,24,DG-172,compound,BRD-K75748943-300-01-3,,,12.797371,1.6025538
BR00117024,D14,U2OS,24,DMSO,compound,,negcon,,14.134138,3.3095925
BR00117024,D15,U2OS,24,DMSO,compound,,negcon,,14.054373,2.5284326
BR00117024,D16,U2OS,24,NVP-ADW742,compound,BRD-K15179513-001-04-2,poscon_cp,,11.347841,0.7989421
BR00117024,D17,U2OS,24,misoprostol,compound,BRD-A72351335-001-04-5,,['prostanoid receptor agonist'],13.521421,3.735947
BR00117024,D18,U2OS,24,conivaptan,compound,BRD-K37385792-003-02-1,,,12.667884,1.6528236
BR00117024,D19,U2OS,24,spiroxatrine,compound,BRD-A72483914-001-03-7,,['serotonin receptor antagonist'],13.443842,1.822393
BR00117024,D20,U2OS,24,diacerein,compound,BRD-K69122748-001-10-1,,,14.466479,2.3597517
BR00117024,D21,U2OS,24,DMSO,compound,,negcon,,14.164203,2.1327262
BR00117024,D22,U2OS,24,DMSO,compound,,negcon,,13.890592,1.8827857
BR00117024,D23,U2OS,24,glyburide,compound,BRD-K36927236-001-36-7,,['ATP channel blocker'],15.591489,4.0182834
BR00117024,D24,U2OS,24,ANR-94,compound,BRD-K31170746-001-01-6,,,16.046824,4.2466407
BR00117024,E01,U2OS,24,TFC-007,compound,BRD-K57708067-001-01-3,,,13.8704,7.2614017
BR00117024,E02,U2OS,24,trihexyphenidyl,compound,BRD-A48180038-003-24-3,,['acetylcholine receptor antagonist'],12.4641,7.151481
BR00117024,E03,U2OS,24,epoprostenol,compound,BRD-K64054020-001-02-7,,,11.713311,6.848206
BR00117024,E04,U2OS,24,sacubitril,compound,BRD-K91456750-001-01-9,,,11.200541,5.9819226
BR00117024,E05,U2OS,24,danusertib,compound,BRD-K07881437-001-03-8,poscon_diverse,"['growth factor receptor inhibitor', 'Aurora kinase inhibitor']",8.661173,4.800707
BR00117024,E06,U2OS,24,CYT-997,compound,BRD-K23363278-001-02-1,poscon_diverse,['tubulin polymerization inhibitor'],7.1671824,-0.80683506
BR00117024,E07,U2OS,24,DMSO,compound,,negcon,,12.649097,6.7129054
BR00117024,E08,U2OS,24,BQ-788,compound,BRD-K02490038-236-03-8,,['endothelin receptor antagonist'],11.494048,5.32544
BR00117024,E09,U2OS,24,SB-202190,compound,BRD-K54330070-001-19-6,poscon_orf,['p38 MAPK inhibitor'],9.229808,2.1547163
BR00117024,E10,U2OS,24,GSK2110183,compound,BRD-K25412176-001-01-9,poscon_diverse,,10.999115,2.9175422
BR00117024,E11,U2OS,24,GSK3787,compound,BRD-K03155172-001-03-0,,['PPAR receptor antagonist'],12.854694,3.6993175
BR00117024,E12,U2OS,24,BAM7,compound,BRD-K07442505-001-03-6,,,13.206844,3.881825
BR00117024,E13,U2OS,24,PHA-793887,compound,BRD-K64800655-001-09-0,poscon_diverse,['CDK inhibitor'],7.7766557,0.9914517
BR00117024,E14,U2OS,24,DMSO,compound,,negcon,,13.039886,3.516176
BR00117024,E15,U2OS,24,GSK-37647,compound,BRD-K26514105-001-01-7,,['free fatty acid receptor agonist'],11.7081995,3.2402756
BR00117024,E16,U2OS,24,desonide,compound,BRD-K21528677-001-04-4,,['glucocorticoid receptor agonist'],10.97801,2.7383142
BR00117024,E17,U2OS,24,DMSO,compound,,negcon,,13.5022955,3.0188828
BR00117024,E18,U2OS,24,aloxistatin,compound,BRD-K91188791-001-17-5,,,13.885772,3.168525
BR00117024,E19,U2OS,24,azathioprine,compound,BRD-K32821942-001-22-1,,,14.314389,3.291431
BR00117024,E20,U2OS,24,ZK-93423,compound,BRD-K33882852-003-02-8,poscon_diverse,['benzodiazepine receptor agonist'],14.150561,3.2010407
BR00117024,E21,U2OS,24,BI-2536,compound,BRD-K64890080-001-02-1,poscon_diverse,,7.3787575,-0.18597959
BR00117024,E22,U2OS,24,EI1,compound,BRD-K91535048-001-01-2,poscon_cp,['histone lysine methyltransferase inhibitor'],12.716205,1.3041682
BR00117024,E23,U2OS,24,NVP-HSP990,compound,BRD-K67915505-001-01-2,,['HSP inhibitor'],9.359677,0.76100194
BR00117024,E24,U2OS,24,DMSO,compound,,negcon,,16.020695,4.668187
BR00117024,F01,U2OS,24,DMSO,compound,,negcon,,13.718667,7.3161383
BR00117024,F02,U2OS,24,nialamide,compound,BRD-K12102668-001-25-5,,,12.460289,7.155528
BR00117024,F03,U2OS,24,DMSO,compound,,negcon,,11.02254,6.196262
BR00117024,F04,U2OS,24,arundic-acid,compound,BRD-K49223707-001-01-0,,,12.428235,6.8401337
BR00117024,F05,U2OS,24,torcitabine,compound,BRD-K91822704-003-07-2,,,11.089655,5.5037594
BR00117024,F06,U2OS,24,DMSO,compound,,negcon,,11.354823,6.0691543
BR00117024,F07,U2OS,24,epothilone-b,compound,BRD-K68164687-001-01-6,,"['microtubule stabilizing agent', 'tubulin polymerization inhibitor']",8.391159,0.6508033
BR00117024,F08,U2OS,24,dyphylline,compound,BRD-A00827783-001-24-6,,['phosphodiesterase inhibitor'],10.105123,5.590352
BR00117024,F09,U2OS,24,DMSO,compound,,negcon,,12.48979,4.094443
BR00117024,F10,U2OS,24,quinidine,compound,BRD-K59632282-052-03-1,,['sodium channel blocker'],13.039707,6.165383
BR00117024,F11,U2OS,24,halopemide,compound,BRD-K50055394-001-03-6,,,10.639728,3.5233977
BR00117024,F12,U2OS,24,sulfinpyrazone,compound,BRD-A36217750-001-16-3,,,13.09943,4.6041183
BR00117024,F13,U2OS,24,ML-323,compound,BRD-K93942811-001-01-3,poscon_cp,['ubiquitin specific protease inhibitor'],13.980531,3.5883245
BR00117024,F14,U2OS,24,racecadotril,compound,BRD-A08187463-001-12-9,,,13.261875,4.435653
BR00117024,F15,U2OS,24,BRL-50481,compound,BRD-K84266862-001-03-2,,['phosphodiesterase inhibitor'],13.424813,3.3139086
BR00117024,F16,U2OS,24,GSK2110183,compound,BRD-K25412176-001-01-9,poscon_diverse,,10.911154,3.017375
BR00117024,F17,U2OS,24,bufexamac,compound,BRD-K36660044-001-24-2,,['cyclooxygenase inhibitor'],12.391654,1.8559786
BR00117024,F18,U2OS,24,anandamide,compound,BRD-K42352790-001-05-3,,,13.903473,3.7160983
BR00117024,F19,U2OS,24,thioguanine,compound,BRD-K49350383-001-13-7,poscon_diverse,,10.30427,2.5287352
BR00117024,F20,U2OS,24,IWP-L6,compound,BRD-K53234107-001-01-6,,['porcupine inhibitor'],11.351844,2.896494
BR00117024,F21,U2OS,24,edoxaban,compound,BRD-K29322660-001-01-9,,['coagulation factor inhibitor'],14.283548,2.636188
BR00117024,F22,U2OS,24,lonafarnib,compound,BRD-K41599323-001-02-3,poscon_diverse,,10.197676,1.883906
BR00117024,F23,U2OS,24,ibutamoren,compound,BRD-K44771174-066-01-0,,,15.413538,3.0775669
BR00117024,F24,U2OS,24,somatostatin,compound,BRD-K14681867-001-01-6,,['somatostatin receptor agonist'],15.942983,3.8870745
BR00117024,G01,U2OS,24,L-proline,compound,BRD-K01666412-001-02-0,,,13.419346,7.3105993
BR00117024,G02,U2OS,24,zamifenacin,compound,BRD-K80451230-051-02-6,,['acetylcholine receptor antagonist'],11.358331,6.5217924
BR00117024,G03,U2OS,24,YC-1,compound,BRD-K60476892-001-16-1,,,7.0978928,0.42730412
BR00117024,G04,U2OS,24,DMSO,compound,,negcon,,11.994976,6.9183836
BR00117024,G05,U2OS,24,ME-0328,compound,BRD-K24283677-001-01-9,,['PPAR receptor antagonist'],12.132945,6.74303
BR00117024,G06,U2OS,24,NSC-663284,compound,BRD-K03109492-001-02-2,,['CDC inhibitor'],6.188921,2.0714529
BR00117024,G07,U2OS,24,CYM-50358,compound,BRD-K80666802-003-01-0,,,12.551746,4.8078127
BR00117024,G08,U2OS,24,trazodone,compound,BRD-K70778732-003-27-5,,"['adrenergic receptor antagonist', 'serotonin receptor antagonist']",13.033719,6.207346
BR00117024,G09,U2OS,24,DMSO,compound,,negcon,,12.310713,6.6954155
BR00117024,G10,U2OS,24,DMSO,compound,,negcon,,12.838161,5.2712994
BR00117024,G11,U2OS,24,sulfasalazine,compound,BRD-K10670311-001-17-1,,['cyclooxygenase inhibitor'],13.253326,4.857377
BR00117024,G12,U2OS,24,"2,5-furandimethanol",compound,BRD-K29791386-001-01-8,,,11.618124,3.5448909
BR00117024,G13,U2OS,24,DMSO,compound,,negcon,,12.901381,5.2075973
BR00117024,G14,U2OS,24,dilazep,compound,BRD-K48722258-300-11-0,,,12.532527,6.003297
BR00117024,G15,U2OS,24,felodipine,compound,BRD-A30815329-001-12-1,,['calcium channel blocker'],11.802225,3.1502361
BR00117024,G16,U2OS,24,paliperidone,compound,BRD-A99888680-001-05-3,,"['dopamine receptor antagonist', 'serotonin receptor antagonist']",12.236494,1.9734572
BR00117024,G17,U2OS,24,purvalanol-a,compound,BRD-K50836978-001-03-3,poscon_orf,['CDK inhibitor'],9.46222,4.093155
BR00117024,G18,U2OS,24,DMSO,compound,,negcon,,13.075793,2.9844124
BR00117024,G19,U2OS,24,Ro-1138452,compound,BRD-K77220725-003-01-5,,['prostanoid receptor antagonist'],12.07201,1.7138721
BR00117024,G20,U2OS,24,sorbinil,compound,BRD-A89164055-001-03-3,,['aldose reductase inhibitor'],15.304954,2.9092054
BR00117024,G21,U2OS,24,TC-S-7004,compound,BRD-K89517477-001-01-4,poscon_cp,['DYRK inhibitor'],13.0259495,1.3890471
BR00117024,G22,U2OS,24,saclofen,compound,BRD-A24122750-001-03-7,,['GABA receptor antagonist'],15.153018,2.9738376
BR00117024,G23,U2OS,24,BAY-87-2243,compound,BRD-K70463136-001-01-5,,,14.734892,3.4683402
BR00117024,G24,U2OS,24,ibudilast,compound,BRD-K16444452-001-09-1,,['phosphodiesterase inhibitor'],16.014814,3.9719477
BR00117024,H01,U2OS,24,briciclib,compound,BRD-K05531427-001-01-7,,,7.1381083,-0.69366586
BR00117024,H02,U2OS,24,2-Oleoylglycerol,compound,BRD-K77087341-001-02-4,,,11.1662445,6.4792957
BR00117024,H03,U2OS,24,RGFP966,compound,BRD-K61688984-001-02-9,poscon_cp,['HDAC inhibitor'],10.306421,3.8512874
BR00117024,H04,U2OS,24,DMSO,compound,,negcon,,11.525833,6.282976
BR00117024,H05,U2OS,24,azacitidine,compound,BRD-K03406345-001-21-1,poscon_diverse,,10.576806,2.1601615
BR00117024,H06,U2OS,24,N6-cyclopentyladenosine,compound,BRD-K60150510-001-15-6,,,12.431662,6.7036805
BR00117024,H07,U2OS,24,filgotinib,compound,BRD-K16803204-001-01-6,poscon_cp,['JAK inhibitor'],12.738251,5.378744
BR00117024,H08,U2OS,24,guanidine,compound,BRD-K76037122-001-02-5,,['HSP inhibitor'],12.150284,4.826839
BR00117024,H09,U2OS,24,coumarin,compound,BRD-K23913458-001-20-7,,,12.735867,4.917355
BR00117024,H10,U2OS,24,DMSO,compound,,negcon,,11.0720415,5.179789
BR00117024,H11,U2OS,24,ZM-336372,compound,BRD-K73789395-001-09-9,poscon_orf,['RAF inhibitor'],12.630236,2.9006197
BR00117024,H12,U2OS,24,citric-acid,compound,BRD-K76792669-001-08-1,,['coagulation factor inhibitor'],12.415766,3.3835156
BR00117024,H13,U2OS,24,DMSO,compound,,negcon,,12.921771,3.4171107
BR00117024,H14,U2OS,24,CCG-63802,compound,BRD-K26970495-001-02-7,,['G protein signaling inhibitor'],12.57496,4.8913918
BR00117024,H15,U2OS,24,ibutilide,compound,BRD-A74391928-051-03-9,,['potassium channel blocker'],12.229658,2.4619472
BR00117024,H16,U2OS,24,batimastat,compound,BRD-K82818427-001-04-8,,['matrix metalloprotease inhibitor'],10.453196,3.053236
BR00117024,H17,U2OS,24,DMSO,compound,,negcon,,12.828728,3.3892493
BR00117024,H18,U2OS,24,DMSO,compound,,negcon,,11.431208,3.1958592
BR00117024,H19,U2OS,24,UNC1999,compound,BRD-K26989966-001-04-3,poscon_cp,['histone lysine methyltransferase inhibitor'],10.45917,0.24710664
BR00117024,H20,U2OS,24,glutamine-(l),compound,BRD-K83896451-001-06-7,,,14.447285,2.750926
BR00117024,H21,U2OS,24,PD-98059,compound,BRD-K62810658-001-11-4,poscon_orf,,11.0645075,1.5626979
BR00117024,H22,U2OS,24,enilconazole,compound,BRD-K01825690-065-01-9,,,14.42313,2.1599538
BR00117024,H23,U2OS,24,N-alpha-Methylhistamine-dihydrochloride,compound,BRD-K75390981-300-04-9,,['histamine receptor agonist'],14.24175,1.782323
BR00117024,H24,U2OS,24,GK921,compound,BRD-K38272302-001-02-7,,,9.062621,1.2266634
BR00117024,I01,U2OS,24,nilvadipine,compound,BRD-A84687895-001-03-2,,['calcium channel blocker'],13.663519,7.150427
BR00117024,I02,U2OS,24,DMSO,compound,,negcon,,11.225299,6.19353
BR00117024,I03,U2OS,24,AC-710,compound,BRD-K15819326-001-01-6,,['PDGFR tyrosine kinase receptor inhibitor'],10.77845,0.52624303
BR00117024,I04,U2OS,24,PETCM,compound,BRD-A93477898-001-04-2,,,11.6975565,6.687114
BR00117024,I05,U2OS,24,AZD7762,compound,BRD-K86525559-001-07-8,poscon_diverse,['CHK inhibitor'],5.4146585,1.0394732
BR00117024,I06,U2OS,24,PHA-793887,compound,BRD-K64800655-001-09-0,poscon_diverse,['CDK inhibitor'],7.7374296,1.0516964
BR00117024,I07,U2OS,24,KU-60019,compound,BRD-K36016295-001-05-2,,['ATM kinase inhibitor'],9.744921,1.0446796
BR00117024,I08,U2OS,24,nafamostat,compound,BRD-K06674495-334-04-0,,,11.103679,3.861214
BR00117024,I09,U2OS,24,DMSO,compound,,negcon,,12.652065,5.4849143
BR00117024,I10,U2OS,24,DMSO,compound,,negcon,,11.277616,4.982386
BR00117024,I11,U2OS,24,taladegib,compound,BRD-K50498985-001-03-3,,['smoothened receptor antagonist'],12.030332,4.359724
BR00117024,I12,U2OS,24,acetohexamide,compound,BRD-K52960356-001-13-0,,['ATP channel blocker'],11.605378,5.296743
BR00117024,I13,U2OS,24,minocycline,compound,BRD-A69651145-003-11-4,,,10.434654,2.8706665
BR00117024,I14,U2OS,24,BI-2536,compound,BRD-K64890080-001-02-1,poscon_diverse,,7.2169623,-0.20196436
BR00117024,I15,U2OS,24,riociguat,compound,BRD-K84783599-001-01-0,,,12.7587185,3.7867167
BR00117024,I16,U2OS,24,CP-724714,compound,BRD-K76908866-001-07-6,poscon_cp,"['EGFR inhibitor', 'protein tyrosine kinase inhibitor']",11.618441,2.4547803
BR00117024,I17,U2OS,24,ganetespib,compound,BRD-K38852836-001-04-9,poscon_diverse,['HSP inhibitor'],9.277946,0.72623533
BR00117024,I18,U2OS,24,AZ191,compound,BRD-K80935598-001-01-1,poscon_cp,['DYRK inhibitor'],11.137664,0.08138727
BR00117024,I19,U2OS,24,BAX-channel-blocker,compound,BRD-A18763547-300-06-3,,,10.831802,0.51876247
BR00117024,I20,U2OS,24,SU3327,compound,BRD-K32730239-001-01-0,,['JNK inhibitor'],5.55263,1.1743625
BR00117024,I21,U2OS,24,DMSO,compound,,negcon,,14.843304,3.0960371
BR00117024,I22,U2OS,24,DMSO,compound,,negcon,,13.202896,2.1546206
BR00117024,I23,U2OS,24,octreotide,compound,BRD-A64173453-015-03-1,,['somatostatin receptor agonist'],15.068834,2.2517145
BR00117024,I24,U2OS,24,1-octanol,compound,BRD-K09338665-001-08-9,,,6.426334,0.82540864
BR00117024,J01,U2OS,24,acalabrutinib,compound,BRD-K64034691-001-01-9,,"[""Bruton's tyrosine kinase (BTK) inhibitor""]",13.754218,7.3288627
BR00117024,J02,U2OS,24,rifamycin,compound,BRD-K38512030-001-01-7,,,12.210678,7.1084404
BR00117024,J03,U2OS,24,pazopanib,compound,BRD-K74514084-003-09-2,,"['KIT inhibitor', 'VEGFR inhibitor', 'PDGFR tyrosine kinase receptor inhibitor']",10.434949,2.6854231
BR00117024,J04,U2OS,24,RKI-1447,compound,BRD-K19333160-001-01-3,poscon_cp,,8.035738,2.9648619
BR00117024,J05,U2OS,24,vitamin-E,compound,BRD-K97091514-001-11-4,,['PKC inhibitor'],12.284185,6.9087253
BR00117024,J06,U2OS,24,lonafarnib,compound,BRD-K41599323-001-02-3,poscon_diverse,,10.55711,1.7046828
BR00117024,J07,U2OS,24,ethyl-pyruvate,compound,BRD-K47738867-001-01-5,,,10.983082,5.296055
BR00117024,J08,U2OS,24,picrotin,compound,BRD-A91822151-001-05-0,,['GABA receptor antagonist'],12.807341,4.927684
BR00117024,J09,U2OS,24,SGX523,compound,BRD-K19477839-001-07-6,poscon_cp,,11.639146,4.3567405
BR00117024,J10,U2OS,24,PP-2,compound,BRD-K95785537-001-22-3,,['src inhibitor'],11.717515,1.5708916
BR00117024,J11,U2OS,24,ME-0328,compound,BRD-A63444178-001-01-5,,['PPAR receptor antagonist'],12.833306,3.8411856
BR00117024,J12,U2OS,24,AZD9668,compound,BRD-K31476763-001-01-5,,['elastase inhibitor'],12.617566,2.6558273
BR00117024,J13,U2OS,24,NQDI-1,compound,BRD-K61918008-001-07-1,,,11.361838,4.1172814
BR00117024,J14,U2OS,24,DMSO,compound,,negcon,,12.2046995,4.2285686
BR00117024,J15,U2OS,24,carzenide,compound,BRD-K09295674-001-09-8,,,12.564139,2.422792
BR00117024,J16,U2OS,24,KU-55933,compound,BRD-K25311561-001-10-7,,['ATM kinase inhibitor'],12.047721,1.8775059
BR00117024,J17,U2OS,24,NVP-AEW541,compound,BRD-K24696047-001-02-3,poscon_cp,['IGF-1 inhibitor'],11.179349,0.90990895
BR00117024,J18,U2OS,24,leflunomide,compound,BRD-K78692225-001-24-5,,['PDGFR tyrosine kinase receptor inhibitor'],11.727826,3.2446904
BR00117024,J19,U2OS,24,DMSO,compound,,negcon,,14.110576,2.22021
BR00117024,J20,U2OS,24,azacitidine,compound,BRD-K03406345-001-21-1,poscon_diverse,,10.679018,2.0181146
BR00117024,J21,U2OS,24,ixabepilone,compound,BRD-K03601870-001-01-2,,['microtubule stabilizing agent'],7.4560246,-0.354948
BR00117024,J22,U2OS,24,KH-CB19,compound,BRD-K66430217-001-03-8,poscon_cp,['CDC inhibitor'],14.95203,2.2660725
BR00117024,J23,U2OS,24,DMSO,compound,,negcon,,14.48702,1.9491017
BR00117024,J24,U2OS,24,PF-05190457,compound,BRD-K02554563-001-01-6,,,15.691399,3.4154353
BR00117024,K01,U2OS,24,LDN-212854,compound,BRD-K59831625-001-03-9,,,6.060782,1.5647992
BR00117024,K02,U2OS,24,formononetin,compound,BRD-K55567017-001-12-3,,['alcohol dehydrogenase inhibitor'],11.221904,6.0716686
BR00117024,K03,U2OS,24,aminopurvalanol-a,compound,BRD-K07762753-001-05-1,poscon_orf,['CDK inhibitor'],9.117747,4.2627954
BR00117024,K04,U2OS,24,ruxolitinib,compound,BRD-K53972329-001-01-3,poscon_cp,['JAK inhibitor'],10.275488,3.654662
BR00117024,K05,U2OS,24,DMSO,compound,,negcon,,6.998019,-0.5977646
BR00117024,K06,U2OS,24,DMSO,compound,,negcon,,11.721586,6.3326263
BR00117024,K07,U2OS,24,LGK-974,compound,BRD-K16810791-001-01-0,,['porcupine inhibitor'],11.284858,5.4888473
BR00117024,K08,U2OS,24,polydatin,compound,BRD-K43236057-001-07-1,,['ICAM1 expression inhibitor'],9.478963,1.4365044
BR00117024,K09,U2OS,24,enflurane,compound,BRD-A51831848-001-01-7,,,11.453867,5.0319395
BR00117024,K10,U2OS,24,PFI-1,compound,BRD-K13094524-001-04-2,poscon_cp,,12.243827,3.2231927
BR00117024,K11,U2OS,24,AZD7762,compound,BRD-K86525559-001-07-8,poscon_diverse,['CHK inhibitor'],5.426029,0.9491422
BR00117024,K12,U2OS,24,sotrastaurin,compound,BRD-K16761703-001-03-8,,['PKC inhibitor'],12.183088,2.190095
BR00117024,K13,U2OS,24,DMSO,compound,,negcon,,13.193299,2.6109042
BR00117024,K14,U2OS,24,cycloheximide,compound,BRD-K36055864-001-20-0,,['protein synthesis inhibitor'],9.947603,2.4086866
BR00117024,K15,U2OS,24,oxytocin,compound,BRD-K25243230-001-01-2,,,12.824052,2.7853703
BR00117024,K16,U2OS,24,DMSO,compound,,negcon,,12.658253,4.8245187
BR00117024,K17,U2OS,24,colchicine,compound,BRD-K00259736-001-16-4,,,7.214064,-0.87548
BR00117024,K18,U2OS,24,afimoxifene,compound,BRD-K04210847-001-21-9,,,12.834555,3.887132
BR00117024,K19,U2OS,24,DMSO,compound,,negcon,,12.991321,1.7723403
BR00117024,K20,U2OS,24,ZK-93423,compound,BRD-K33882852-003-02-8,poscon_diverse,['benzodiazepine receptor agonist'],14.023778,3.6302423
BR00117024,K21,U2OS,24,RGB-286638,compound,BRD-K20986415-001-02-6,,['CDK inhibitor'],8.366982,1.2454395
BR00117024,K22,U2OS,24,FPS-ZM1,compound,BRD-K87691185-001-01-2,,['RAGE receptor antagonist'],11.948571,1.240543
BR00117024,K23,U2OS,24,flindokalner,compound,BRD-K56740996-001-02-1,,,14.223018,2.1580858
BR00117024,K24,U2OS,24,motesanib,compound,BRD-K99616396-316-05-3,,"['KIT inhibitor', 'VEGFR inhibitor', 'PDGFR tyrosine kinase receptor inhibitor']",15.44561,4.0020623
BR00117024,L01,U2OS,24,geldanamycin,compound,BRD-K43570081-001-02-4,,['HSP inhibitor'],9.345652,0.7241757
BR00117024,L02,U2OS,24,DMSO,compound,,negcon,,12.26214,6.9130573
BR00117024,L03,U2OS,24,CGP-53353,compound,BRD-K32292990-001-03-6,,"['PKC inhibitor', 'EGFR inhibitor']",12.649167,6.967679
BR00117024,L04,U2OS,24,7-hydroxystaurosporine,compound,BRD-K45293975-001-02-0,,"['CDK inhibitor', 'PKC inhibitor', 'CHK inhibitor']",6.2300034,1.3149444
BR00117024,L05,U2OS,24,DMSO,compound,,negcon,,11.55298,5.7186093
BR00117024,L06,U2OS,24,DMSO,compound,,negcon,,11.100687,5.340072
BR00117024,L07,U2OS,24,efaproxiral,compound,BRD-K37355418-236-01-6,,,11.703035,6.248034
BR00117024,L08,U2OS,24,SB-203580,compound,BRD-A37704979-001-12-3,poscon_orf,['p38 MAPK inhibitor'],11.229642,1.9767457
BR00117024,L09,U2OS,24,FK-866,compound,BRD-K58550667-001-08-7,poscon_diverse,,11.4843025,4.1627493
BR00117024,L10,U2OS,24,bepridil,compound,BRD-A91008255-003-24-8,,['calcium channel blocker'],11.772967,1.7307298
BR00117024,L11,U2OS,24,delanzomib,compound,BRD-K59325863-001-04-4,,,5.400027,0.73457277
BR00117024,L12,U2OS,24,buparlisib,compound,BRD-K42191735-001-08-7,poscon_diverse,,7.0441427,-0.56216913
BR00117024,L13,U2OS,24,phenylbutazone,compound,BRD-K10843433-001-23-5,,"['cyclooxygenase inhibitor', 'prostanoid receptor antagonist']",12.268468,4.3093066
BR00117024,L14,U2OS,24,deferasirox,compound,BRD-K97010173-001-04-1,,,10.220381,5.3613696
BR00117024,L15,U2OS,24,DMSO,compound,,negcon,,13.123096,-0.0004685255
BR00117024,L16,U2OS,24,cediranib,compound,BRD-K86930074-001-05-0,,"['KIT inhibitor', 'VEGFR inhibitor']",11.67923,0.9592721
BR00117024,L17,U2OS,24,isoflurane,compound,BRD-A31564021-001-02-6,,,13.301697,4.061086
BR00117024,L18,U2OS,24,DMSO,compound,,negcon,,13.876175,2.2854974
BR00117024,L19,U2OS,24,CCG-50014,compound,BRD-K08893438-001-06-4,,['G protein signaling inhibitor'],13.098926,1.7984939
BR00117024,L20,U2OS,24,PF-431396,compound,BRD-K93788137-001-04-1,,,8.611229,4.7610264
BR00117024,L21,U2OS,24,TG-02,compound,BRD-K14560436-001-01-4,,"['CDK inhibitor', 'FLT3 inhibitor', 'JAK inhibitor']",7.4880033,1.0196404
BR00117024,L22,U2OS,24,baclofen,compound,BRD-K01826724-003-07-9,,['benzodiazepine receptor agonist'],14.976551,2.2846868
BR00117024,L23,U2OS,24,thiostrepton,compound,BRD-A20697603-001-07-2,,['protein synthesis inhibitor'],10.242045,1.3265978
BR00117024,L24,U2OS,24,flufenamic-acid,compound,BRD-K44067360-001-29-5,,,15.980363,3.9737847
BR00117024,M01,U2OS,24,DMSO,compound,,negcon,,13.923567,7.4803295
BR00117024,M02,U2OS,24,LY2109761,compound,BRD-K47557313-001-02-7,,,10.142602,3.262774
BR00117024,M03,U2OS,24,olopatadine,compound,BRD-K67637637-003-11-8,,['histamine receptor antagonist'],12.370105,7.013587
BR00117024,M04,U2OS,24,DMSO,compound,,negcon,,11.518465,6.6693997
BR00117024,M05,U2OS,24,castanospermine,compound,BRD-K20897876-001-11-8,,['glucosidase inhibitor'],12.060014,6.274763
BR00117024,M06,U2OS,24,A205804,compound,BRD-K77627880-001-04-0,,['ICAM1 expression inhibitor'],12.755768,5.927997
BR00117024,M07,U2OS,24,VU591,compound,BRD-K72063794-003-01-0,,['potassium channel blocker'],10.766353,3.726542
BR00117024,M08,U2OS,24,dalbavancin,compound,BRD-K30177383-001-01-0,,['bacterial cell wall synthesis inhibitor'],13.16492,5.4542513
BR00117024,M09,U2OS,24,CC-401,compound,BRD-K45746021-003-01-9,,['JNK inhibitor'],11.131384,2.258853
BR00117024,M10,U2OS,24,ganetespib,compound,BRD-K38852836-001-04-9,poscon_diverse,['HSP inhibitor'],9.361005,0.72115535
BR00117024,M11,U2OS,24,ingenol-mebutate,compound,BRD-K93779381-001-01-9,,,10.966493,3.2298114
BR00117024,M12,U2OS,24,menadione,compound,BRD-K78126613-001-27-7,,,9.497111,3.558142
BR00117024,M13,U2OS,24,cetilistat,compound,BRD-K94863486-001-02-2,,,13.684084,2.7174182
BR00117024,M14,U2OS,24,methoxsalen,compound,BRD-K63430059-001-16-4,,['DNA synthesis inhibitor'],12.411992,3.21306
BR00117024,M15,U2OS,24,cyclosporine,compound,BRD-K13533483-001-16-2,,,10.0008335,2.3904078
BR00117024,M16,U2OS,24,NSC-632839,compound,BRD-K81197548-003-01-4,poscon_cp,['ubiquitin specific protease inhibitor'],5.565255,0.5481267
BR00117024,M17,U2OS,24,DMSO,compound,,negcon,,12.8945675,2.2931406
BR00117024,M18,U2OS,24,TG-003,compound,BRD-K97072811-001-11-4,poscon_cp,,14.267939,2.758099
BR00117024,M19,U2OS,24,oxibendazole,compound,BRD-K52075715-001-06-7,,['tubulin polymerization inhibitor'],7.224053,-0.8320396
BR00117024,M20,U2OS,24,TG-101348,compound,BRD-K12502280-001-11-4,poscon_cp,"['JAK inhibitor', 'FLT3 inhibitor']",7.201378,0.5469415
BR00117024,M21,U2OS,24,miglitol,compound,BRD-A63310107-001-04-8,,['glucosidase inhibitor'],14.01642,2.4859598
BR00117024,M22,U2OS,24,DMSO,compound,,negcon,,14.704521,2.0382168
BR00117024,M23,U2OS,24,DMSO,compound,,negcon,,13.7181225,1.5234172
BR00117024,M24,U2OS,24,tranilast,compound,BRD-K17849083-001-32-9,,,15.665764,4.5024986
BR00117024,N01,U2OS,24,4-methylhistamine,compound,BRD-K70821460-300-02-4,,['histamine receptor agonist'],14.238726,7.073618
BR00117024,N02,U2OS,24,LDN-27219,compound,BRD-K51485109-001-01-4,,,12.832818,7.1994896
BR00117024,N03,U2OS,24,anisomycin,compound,BRD-K91370081-001-25-1,,['DNA synthesis inhibitor'],6.8127723,0.98225385
BR00117024,N04,U2OS,24,thioguanine,compound,BRD-K49350383-001-13-7,poscon_diverse,,10.197265,2.7507534
BR00117024,N05,U2OS,24,droxinostat,compound,BRD-K11558771-001-13-9,,['HDAC inhibitor'],12.816407,6.711014
BR00117024,N06,U2OS,24,UNC2025,compound,BRD-K91283740-003-01-6,poscon_cp,['FLT3 inhibitor'],8.949998,1.2235962
BR00117024,N07,U2OS,24,DMSO,compound,,negcon,,13.856074,4.452076
BR00117024,N08,U2OS,24,DMSO,compound,,negcon,,14.325921,3.7782493
BR00117024,N09,U2OS,24,AMG900,compound,BRD-K21728777-001-02-3,poscon_cp,['Aurora kinase inhibitor'],8.852977,4.971457
BR00117024,N10,U2OS,24,PF-06463922,compound,BRD-A23124853-001-01-4,,['ALK tyrosine kinase receptor inhibitor'],10.608779,2.6920712
BR00117024,N11,U2OS,24,orantinib,compound,BRD-K55966568-001-09-6,poscon_cp,"['FGFR inhibitor', 'PDGFR tyrosine kinase receptor inhibitor', 'VEGFR inhibitor']",12.864492,3.526882
BR00117024,N12,U2OS,24,fludarabine-phosphate,compound,BRD-K71106091-001-09-5,,['ribonucleotide reductase inhibitor'],9.8591175,5.457735
BR00117024,N13,U2OS,24,ceritinib,compound,BRD-K22149900-001-06-2,,['ALK tyrosine kinase receptor inhibitor'],10.833049,2.570603
BR00117024,N14,U2OS,24,NVS-PAK1-1,compound,BRD-K28132190-001-02-0,poscon_cp,['p21 activated kinase inhibitor'],12.226853,1.0416212
BR00117024,N15,U2OS,24,homoharringtonine,compound,BRD-K76674262-001-03-3,,['protein synthesis inhibitor'],7.107699,1.0936062
BR00117024,N16,U2OS,24,picrotoxinin,compound,BRD-K36461289-001-05-8,,['GABA receptor antagonist'],13.717826,2.1293309
BR00117024,N17,U2OS,24,DMSO,compound,,negcon,,14.799981,3.5354218
BR00117024,N18,U2OS,24,danusertib,compound,BRD-K07881437-001-03-8,poscon_diverse,"['growth factor receptor inhibitor', 'Aurora kinase inhibitor']",8.665609,4.802733
BR00117024,N19,U2OS,24,romidepsin,compound,BRD-K61397605-001-01-8,poscon_cp,['HDAC inhibitor'],6.3609176,1.1671605
BR00117024,N20,U2OS,24,FERb-033,compound,BRD-K61642990-001-01-0,poscon_cp,['EGFR inhibitor'],12.63604,1.3923965
BR00117024,N21,U2OS,24,PF-03758309,compound,BRD-K37764012-001-03-3,poscon_diverse,['p21 activated kinase inhibitor'],7.5848117,0.7706114
BR00117024,N22,U2OS,24,DMSO,compound,,negcon,,14.784602,1.8019452
BR00117024,N23,U2OS,24,trometamol,compound,BRD-K47978074-001-03-2,,,15.653901,3.6821773
BR00117024,N24,U2OS,24,simvastatin,compound,BRD-K22134346-001-22-3,,['HMGCR inhibitor'],12.483885,1.0765162
BR00117024,O01,U2OS,24,zaprinast,compound,BRD-K16542329-001-16-8,,['phosphodiesterase inhibitor'],14.822357,7.2721257
BR00117024,O02,U2OS,24,dexamethasone,compound,BRD-A10188456-001-04-9,,['glucocorticoid receptor agonist'],14.436072,7.3640723
BR00117024,O03,U2OS,24,salicylic-acid,compound,BRD-K93632104-001-17-2,,['cyclooxygenase inhibitor'],12.622418,7.1785994
BR00117024,O04,U2OS,24,diltiazem,compound,BRD-A69636825-003-04-7,,['calcium channel blocker'],12.4812765,7.0079064
BR00117024,O05,U2OS,24,phenolphthalein,compound,BRD-K19227686-001-18-6,,,12.635271,6.8939013
BR00117024,O06,U2OS,24,niflumic-acid,compound,BRD-K98763141-001-30-8,,['cyclooxygenase inhibitor'],12.820795,7.077982
BR00117024,O07,U2OS,24,DMSO,compound,,negcon,,12.613014,6.7077847
BR00117024,O08,U2OS,24,L-Cystine,compound,BRD-A15397381-001-02-5,,,12.288482,4.932458
BR00117024,O09,U2OS,24,ozanimod,compound,BRD-K46625559-001-01-8,,['sphingosine 1 phosphate receptor agonist'],12.359214,4.071828
BR00117024,O10,U2OS,24,efaroxan,compound,BRD-A10739734-003-09-8,,['adrenergic receptor antagonist'],10.985781,5.204949
BR00117024,O11,U2OS,24,NBQX,compound,BRD-K11796549-001-05-2,,['glutamate receptor antagonist'],13.67492,5.843048
BR00117024,O12,U2OS,24,dinoprostone,compound,BRD-K26521938-001-07-2,,['prostanoid receptor agonist'],11.299008,3.9462602
BR00117024,O13,U2OS,24,Ro-20-1724,compound,BRD-A07207424-001-14-0,,['phosphodiesterase inhibitor'],14.29386,3.0053446
BR00117024,O14,U2OS,24,xanomeline,compound,BRD-K72815923-034-02-0,,['acetylcholine receptor agonist'],11.08267,4.32171
BR00117024,O15,U2OS,24,terazosin,compound,BRD-K01825589-310-02-9,,['adrenergic receptor antagonist'],12.575441,2.9562104
BR00117024,O16,U2OS,24,BVT-948,compound,BRD-K68567222-001-01-2,,,6.987917,2.5080216
BR00117024,O17,U2OS,24,nicotine,compound,BRD-K01825660-322-01-9,,['acetylcholine receptor agonist'],14.150816,2.9386048
BR00117024,O18,U2OS,24,DMSO,compound,,negcon,,14.623104,2.8759146
BR00117024,O19,U2OS,24,U-0521,compound,BRD-K08953028-001-09-6,,,14.932521,3.9269469
BR00117024,O20,U2OS,24,BMS-587101,compound,BRD-K20093108-001-02-3,,,15.16783,3.3705623
BR00117024,O21,U2OS,24,nimodipine,compound,BRD-A58048407-001-20-4,,['calcium channel blocker'],15.015667,2.2533064
BR00117024,O22,U2OS,24,pyrrolidine-dithiocarbamate,compound,BRD-K80970344-201-08-6,,,14.114209,5.0758133
BR00117024,O23,U2OS,24,PF-915275,compound,BRD-K18289362-001-02-2,,,15.752861,4.123532
BR00117024,O24,U2OS,24,JTE-013,compound,BRD-K43330982-001-02-3,,,15.993957,4.287992
BR00117024,P01,U2OS,24,sodium-butyrate,compound,BRD-K05878375-236-05-7,,['HDAC inhibitor'],15.15006,7.455112
BR00117024,P02,U2OS,24,pentostatin,compound,BRD-K91543828-001-02-0,,['ribonucleotide reductase inhibitor'],15.1672125,6.8474817
BR00117024,P03,U2OS,24,OMDM-2,compound,BRD-K48830578-001-01-9,,,14.928567,6.8581996
BR00117024,P04,U2OS,24,nalmefene,compound,BRD-A72767275-003-01-6,,,15.158772,6.898145
BR00117024,P05,U2OS,24,DMSO,compound,,negcon,,14.913861,6.866858
BR00117024,P06,U2OS,24,1-EBIO,compound,BRD-K70586315-001-02-4,,,15.234756,6.8237643
BR00117024,P07,U2OS,24,SB-505124,compound,BRD-K40109029-001-02-9,,['ALK tyrosine kinase receptor inhibitor'],14.82242,6.16486
BR00117024,P08,U2OS,24,prasugrel,compound,BRD-A83029242-001-06-1,,['purinergic receptor antagonist'],15.651491,6.213099
BR00117024,P09,U2OS,24,pidolic-acid,compound,BRD-K57313110-001-06-8,,,15.488823,6.6590853
BR00117024,P10,U2OS,24,DMSO,compound,,negcon,,15.50351,6.6211944
BR00117024,P11,U2OS,24,nevirapine,compound,BRD-K15502390-001-20-9,,,15.299408,6.4363008
BR00117024,P12,U2OS,24,triamterene,compound,BRD-K92049597-001-20-8,,['sodium channel blocker'],15.47207,6.3430877
BR00117024,P13,U2OS,24,regorafenib,compound,BRD-K16730910-001-07-3,,"['PDGFR tyrosine kinase receptor inhibitor', 'RAF inhibitor', 'KIT inhibitor', 'RET tyrosine kinase inhibitor', 'FGFR inhibitor', 'VEGFR inhibitor']",15.582312,5.8231616
BR00117024,P14,U2OS,24,cyclophosphamide,compound,BRD-A09722536-002-18-0,,,15.580836,6.267456
BR00117024,P15,U2OS,24,olanzapine,compound,BRD-K18895904-001-16-1,,"['dopamine receptor antagonist', 'serotonin receptor antagonist']",15.214612,6.4054484
BR00117024,P16,U2OS,24,KI-16425,compound,BRD-A25569250-001-03-3,,['lysophosphatidic acid receptor antagonist'],15.548285,6.4015374
BR00117024,P17,U2OS,24,SKLB1002,compound,BRD-K29895144-001-01-0,,['VEGFR inhibitor'],15.5691,6.4766893
BR00117024,P18,U2OS,24,cilostazol,compound,BRD-K67017579-001-28-1,,['phosphodiesterase inhibitor'],15.676065,6.0027146
BR00117024,P19,U2OS,24,AZD1283,compound,BRD-K77060810-001-01-5,,['purinergic receptor antagonist'],15.721302,5.7207403
BR00117024,P20,U2OS,24,A-987306,compound,BRD-K68982262-001-01-4,,['histamine receptor antagonist'],15.691298,5.470655
BR00117024,P21,U2OS,24,procaine,compound,BRD-K24616672-003-20-1,,['HMGCR inhibitor'],15.64837,5.8081365
BR00117024,P22,U2OS,24,miconazole,compound,BRD-A82396632-008-30-8,,['bacterial cell wall synthesis inhibitor'],15.720826,5.6040206
BR00117024,P23,U2OS,24,loperamide,compound,BRD-K61250553-003-30-6,,,15.7358265,4.570821
BR00117024,P24,U2OS,24,aripiprazole,compound,BRD-K70358946-001-17-3,,['serotonin receptor antagonist'],15.777273,5.409982
BR00117025,A01,U2OS,24,gabapentin-enacarbil,compound,BRD-A86665761-001-01-1,,,15.20637,7.1550803
BR00117025,A02,U2OS,24,DMSO,compound,,negcon,,15.213506,7.0694523
BR00117025,A03,U2OS,24,amlodipine,compound,BRD-A22032524-074-09-9,,['calcium channel blocker'],15.455232,7.2856984
BR00117025,A04,U2OS,24,hexestrol,compound,BRD-A01078468-001-14-8,,,15.363162,7.1511016
BR00117025,A05,U2OS,24,quinine,compound,BRD-K48278478-001-01-2,,,15.272159,6.3129635
BR00117025,A06,U2OS,24,LOXO-101,compound,BRD-K36574127-001-01-3,,,15.34612,6.9731326
BR00117025,A07,U2OS,24,brinzolamide,compound,BRD-K74913225-001-14-0,,['carbonic anhydrase inhibitor'],15.017792,5.483449
BR00117025,A08,U2OS,24,NS-11021,compound,BRD-K94342292-001-01-3,,['calcium-activated potassium channel activator'],15.771053,6.234448
BR00117025,A09,U2OS,24,DMSO,compound,,negcon,,8.359175,2.0777583
BR00117025,A10,U2OS,24,GNF-5837,compound,BRD-K19975102-001-01-2,,['growth factor receptor inhibitor'],10.722859,1.3444785
BR00117025,A11,U2OS,24,apatinib,compound,BRD-K25244359-066-02-6,,['RET tyrosine kinase inhibitor'],14.516881,4.5043573
BR00117025,A12,U2OS,24,ethoxzolamide,compound,BRD-K18131774-001-18-4,,['carbonic anhydrase inhibitor'],15.439719,5.457239
BR00117025,A13,U2OS,24,ascorbic-acid,compound,BRD-A85242401-001-11-5,,,15.445678,5.027224
BR00117025,A14,U2OS,24,ryuvidine,compound,BRD-K06426971-001-02-7,,['histone lysine methyltransferase inhibitor'],6.1501718,2.0229707
BR00117025,A15,U2OS,24,BAN-ORL-24,compound,BRD-K47049295-300-03-1,,,9.300246,1.0943451
BR00117025,A16,U2OS,24,NNC-55-0396,compound,BRD-K78122587-300-04-3,,,10.718615,1.5194874
BR00117025,A17,U2OS,24,DMSO,compound,,negcon,,15.525648,5.339285
BR00117025,A18,U2OS,24,WH-4-023,compound,BRD-K50199947-001-03-4,,['src inhibitor'],11.323998,1.323986
BR00117025,A19,U2OS,24,flupirtine,compound,BRD-K50720187-051-03-1,,['glutamate receptor antagonist'],15.897145,5.023992
BR00117025,A20,U2OS,24,ZK811752,compound,BRD-K91825936-001-03-9,,,15.430938,4.9526076
BR00117025,A21,U2OS,24,dexamethasone,compound,BRD-K38775274-001-22-1,,['glucocorticoid receptor agonist'],15.104772,4.724042
BR00117025,A22,U2OS,24,PP-1,compound,BRD-K47598052-001-14-1,,['src inhibitor'],11.690598,1.4846724
BR00117025,A23,U2OS,24,DDR1-IN-1,compound,BRD-K61845293-300-01-9,,,15.455395,4.502914
BR00117025,A24,U2OS,24,AVL-292,compound,BRD-K87782578-001-01-4,,"[""Bruton's tyrosine kinase (BTK) inhibitor""]",9.512484,1.4514633
BR00117025,B01,U2OS,24,H2L-5765834,compound,BRD-K26439554-001-01-3,,['lysophosphatidic acid receptor antagonist'],15.054806,7.326664
BR00117025,B02,U2OS,24,thiostrepton,compound,BRD-K58049875-001-03-9,,['protein synthesis inhibitor'],5.7300315,0.20227008
BR00117025,B03,U2OS,24,DMSO,compound,,negcon,,11.351934,6.6075497
BR00117025,B04,U2OS,24,arcyriaflavin-a,compound,BRD-K72726508-001-02-1,,['CDK inhibitor'],10.341395,2.5458584
BR00117025,B05,U2OS,24,CYM-5520,compound,BRD-K29151923-001-01-5,,['sphingosine 1 phosphate receptor agonist'],12.085403,5.1494737
BR00117025,B06,U2OS,24,fludarabine,compound,BRD-K66788707-001-14-3,,['ribonucleotide reductase inhibitor'],10.428082,5.5098853
BR00117025,B07,U2OS,24,alda-1,compound,BRD-K06890060-001-09-1,,,12.481126,5.0914874
BR00117025,B08,U2OS,24,meclofenamic-acid,compound,BRD-K50398167-236-22-7,,"['cyclooxygenase inhibitor', 'prostanoid receptor antagonist']",12.246481,5.232764
BR00117025,B09,U2OS,24,GNF-5,compound,BRD-K87632963-001-03-0,,['Bcr-Abl kinase inhibitor'],12.309451,4.460219
BR00117025,B10,U2OS,24,NS-309,compound,BRD-K37602296-001-01-6,,['calcium-activated potassium channel activator'],12.9248,3.0519884
BR00117025,B11,U2OS,24,AK-7,compound,BRD-K09143580-001-01-0,,['SIRT inhibitor'],11.322677,1.0773884
BR00117025,B12,U2OS,24,BVT-948,compound,BRD-A22713669-001-04-3,,,6.939396,2.4572344
BR00117025,B13,U2OS,24,SirReal-2,compound,BRD-K16472653-001-01-6,,['SIRT inhibitor'],11.364281,3.0737367
BR00117025,B14,U2OS,24,DMSO,compound,,negcon,,14.70179,4.571378
BR00117025,B15,U2OS,24,BMS-536924,compound,BRD-K34581968-001-05-3,,['IGF-1 inhibitor'],9.557838,1.4647167
BR00117025,B16,U2OS,24,PP-121,compound,BRD-K81801188-001-02-8,,['protein tyrosine kinase inhibitor'],7.736961,1.4508839
BR00117025,B17,U2OS,24,MCOPPB,compound,BRD-K73276278-305-01-1,,,11.4016905,0.27806252
BR00117025,B18,U2OS,24,ozagrel,compound,BRD-K53061490-003-13-9,,,15.254499,4.110454
BR00117025,B19,U2OS,24,CYM-5442,compound,BRD-A43005764-003-01-5,,['sphingosine 1 phosphate receptor agonist'],11.346007,0.3866024
BR00117025,B20,U2OS,24,CVT-10216,compound,BRD-K60659193-001-01-0,,,14.787604,3.8233569
BR00117025,B21,U2OS,24,TCN201,compound,BRD-K09787262-001-02-7,,['glutamate receptor antagonist'],15.130299,3.0742066
BR00117025,B22,U2OS,24,fomepizole,compound,BRD-K56810756-003-07-7,,['alcohol dehydrogenase inhibitor'],15.092614,2.9231577
BR00117025,B23,U2OS,24,benzamil,compound,BRD-K87158025-003-08-7,,['sodium channel blocker'],14.870338,4.549402
BR00117025,B24,U2OS,24,lercanidipine,compound,BRD-A18992208-003-02-7,,['calcium channel blocker'],16.065321,4.2983103
BR00117025,C01,U2OS,24,4-CMTB,compound,BRD-A54139254-001-09-2,,['free fatty acid receptor agonist'],14.960237,7.4553914
BR00117025,C02,U2OS,24,ML-228,compound,BRD-K44432556-001-05-5,,,11.863304,6.932338
BR00117025,C03,U2OS,24,DMSO,compound,,negcon,,12.132848,7.0741343
BR00117025,C04,U2OS,24,GSK1070916,compound,BRD-K36740062-001-06-6,,['Aurora kinase inhibitor'],8.832122,4.2070904
BR00117025,C05,U2OS,24,ML-193,compound,BRD-K27539181-001-08-5,,,11.359692,5.7598567
BR00117025,C06,U2OS,24,DMSO,compound,,negcon,,11.77468,6.6428013
BR00117025,C07,U2OS,24,M-25,compound,BRD-K51265828-001-01-0,,['smoothened receptor antagonist'],12.786091,6.202275
BR00117025,C08,U2OS,24,azeliragon,compound,BRD-K51899933-001-02-6,,['RAGE receptor antagonist'],10.723795,0.45745444
BR00117025,C09,U2OS,24,CYT-997,compound,BRD-K23363278-001-02-1,poscon_diverse,['tubulin polymerization inhibitor'],7.2110577,-0.78066444
BR00117025,C10,U2OS,24,AR-12,compound,BRD-K90497590-001-05-9,,,5.7464194,1.5694308
BR00117025,C11,U2OS,24,CYM-50260,compound,BRD-K69877120-001-01-7,,['sphingosine 1 phosphate receptor agonist'],12.393326,5.554353
BR00117025,C12,U2OS,24,DMSO,compound,,negcon,,13.326943,3.5744517
BR00117025,C13,U2OS,24,KG-5,compound,BRD-K90747162-001-01-4,poscon_cp,['RAF inhibitor'],7.2949634,-0.52183974
BR00117025,C14,U2OS,24,JTE-607,compound,BRD-K81405859-300-01-4,,,10.021489,5.3489056
BR00117025,C15,U2OS,24,DMSO,compound,,negcon,,12.934963,2.1211648
BR00117025,C16,U2OS,24,ilomastat,compound,BRD-K51662849-001-05-4,,['matrix metalloprotease inhibitor'],11.365437,2.6485016
BR00117025,C17,U2OS,24,RX-821002,compound,BRD-A65597028-003-08-1,,['adrenergic receptor antagonist'],11.972957,3.668632
BR00117025,C18,U2OS,24,DMSO,compound,,negcon,,13.920041,2.2222943
BR00117025,C19,U2OS,24,TUG-891,compound,BRD-K24282351-001-01-4,,['free fatty acid receptor agonist'],14.069285,1.7521536
BR00117025,C20,U2OS,24,ponatinib,compound,BRD-K44227013-001-08-0,,"['PDGFR tyrosine kinase receptor inhibitor', 'FLT3 inhibitor', 'Bcr-Abl kinase inhibitor']",5.7043233,1.3799839
BR00117025,C21,U2OS,24,DMSO,compound,,negcon,,15.16967,2.8623397
BR00117025,C22,U2OS,24,puromycin,compound,BRD-K01824976-300-02-9,,['protein synthesis inhibitor'],5.475795,0.78130186
BR00117025,C23,U2OS,24,SRC-kinase-inhibitor-I,compound,BRD-K50495309-001-02-0,,['src inhibitor'],12.032659,1.1027337
BR00117025,C24,U2OS,24,acetylcysteine,compound,BRD-K59058747-001-19-1,,,16.121489,5.034745
BR00117025,D01,U2OS,24,NSC-625987,compound,BRD-K62949423-001-03-1,,['CDK inhibitor'],14.537136,7.2371125
BR00117025,D02,U2OS,24,dalfampridine,compound,BRD-K22482860-001-20-6,,['potassium channel blocker'],12.527978,6.8695183
BR00117025,D03,U2OS,24,NSC-95397,compound,BRD-K68143200-001-11-7,,['CDC inhibitor'],6.954304,2.3833878
BR00117025,D04,U2OS,24,alrestatin,compound,BRD-K35498378-001-06-1,,['aldose reductase inhibitor'],11.148574,5.311601
BR00117025,D05,U2OS,24,PF-03758309,compound,BRD-K37764012-001-03-3,poscon_diverse,['p21 activated kinase inhibitor'],11.39206,5.796515
BR00117025,D06,U2OS,24,IRL-2500,compound,BRD-K98357249-001-02-9,,['endothelin receptor antagonist'],13.077161,5.906099
BR00117025,D07,U2OS,24,PF-04217903,compound,BRD-K73319509-001-08-0,poscon_cp,,12.148746,5.5926304
BR00117025,D08,U2OS,24,FK-866,compound,BRD-K58550667-001-08-7,poscon_diverse,,11.018449,3.4043522
BR00117025,D09,U2OS,24,amlexanox,compound,BRD-K29530284-001-06-2,,,11.558467,3.773985
BR00117025,D10,U2OS,24,GW-311616,compound,BRD-K37864785-001-01-0,,['elastase inhibitor'],11.509171,2.7653508
BR00117025,D11,U2OS,24,buparlisib,compound,BRD-K42191735-001-08-7,poscon_diverse,,7.01091,-0.57354677
BR00117025,D12,U2OS,24,amiloride,compound,BRD-K97181089-003-24-7,,['sodium channel blocker'],11.333456,2.6295269
BR00117025,D13,U2OS,24,DG-172,compound,BRD-K75748943-300-01-3,,,11.971948,0.5768025
BR00117025,D14,U2OS,24,DMSO,compound,,negcon,,13.664876,4.752855
BR00117025,D15,U2OS,24,DMSO,compound,,negcon,,11.169368,2.7260084
BR00117025,D16,U2OS,24,NVP-ADW742,compound,BRD-K15179513-001-04-2,poscon_cp,,11.206342,0.7110244
BR00117025,D17,U2OS,24,misoprostol,compound,BRD-A72351335-001-04-5,,['prostanoid receptor agonist'],13.007429,2.7346966
BR00117025,D18,U2OS,24,conivaptan,compound,BRD-K37385792-003-02-1,,,12.667394,1.7190654
BR00117025,D19,U2OS,24,spiroxatrine,compound,BRD-A72483914-001-03-7,,['serotonin receptor antagonist'],14.833167,3.2561712
BR00117025,D20,U2OS,24,diacerein,compound,BRD-K69122748-001-10-1,,,11.812955,2.767171
BR00117025,D21,U2OS,24,DMSO,compound,,negcon,,13.799353,1.944913
BR00117025,D22,U2OS,24,DMSO,compound,,negcon,,14.293503,2.3772976
BR00117025,D23,U2OS,24,glyburide,compound,BRD-K36927236-001-36-7,,['ATP channel blocker'],14.806276,3.8594542
BR00117025,D24,U2OS,24,ANR-94,compound,BRD-K31170746-001-01-6,,,15.774588,4.050149
BR00117025,E01,U2OS,24,TFC-007,compound,BRD-K57708067-001-01-3,,,14.119057,7.4602866
BR00117025,E02,U2OS,24,trihexyphenidyl,compound,BRD-A48180038-003-24-3,,['acetylcholine receptor antagonist'],11.135738,6.3071303
BR00117025,E03,U2OS,24,epoprostenol,compound,BRD-K64054020-001-02-7,,,12.208086,6.7724476
BR00117025,E04,U2OS,24,sacubitril,compound,BRD-K91456750-001-01-9,,,11.510812,6.2425437
BR00117025,E05,U2OS,24,danusertib,compound,BRD-K07881437-001-03-8,poscon_diverse,"['growth factor receptor inhibitor', 'Aurora kinase inhibitor']",8.667008,4.7837925
BR00117025,E06,U2OS,24,CYT-997,compound,BRD-K23363278-001-02-1,poscon_diverse,['tubulin polymerization inhibitor'],7.2504125,-0.8458301
BR00117025,E07,U2OS,24,DMSO,compound,,negcon,,11.052586,5.261535
BR00117025,E08,U2OS,24,BQ-788,compound,BRD-K02490038-236-03-8,,['endothelin receptor antagonist'],12.069105,5.9996862
BR00117025,E09,U2OS,24,SB-202190,compound,BRD-K54330070-001-19-6,poscon_orf,['p38 MAPK inhibitor'],11.609494,2.1483018
BR00117025,E10,U2OS,24,GSK2110183,compound,BRD-K25412176-001-01-9,poscon_diverse,,10.953515,3.0558736
BR00117025,E11,U2OS,24,GSK3787,compound,BRD-K03155172-001-03-0,,['PPAR receptor antagonist'],11.0028305,4.479225
BR00117025,E12,U2OS,24,BAM7,compound,BRD-K07442505-001-03-6,,,12.681843,3.7741485
BR00117025,E13,U2OS,24,PHA-793887,compound,BRD-K64800655-001-09-0,poscon_diverse,['CDK inhibitor'],7.737432,1.0100938
BR00117025,E14,U2OS,24,DMSO,compound,,negcon,,13.572358,4.243138
BR00117025,E15,U2OS,24,GSK-37647,compound,BRD-K26514105-001-01-7,,['free fatty acid receptor agonist'],11.236946,2.9108872
BR00117025,E16,U2OS,24,desonide,compound,BRD-K21528677-001-04-4,,['glucocorticoid receptor agonist'],10.858664,3.1550138
BR00117025,E17,U2OS,24,DMSO,compound,,negcon,,13.34954,2.289842
BR00117025,E18,U2OS,24,aloxistatin,compound,BRD-K91188791-001-17-5,,,13.731136,2.7957163
BR00117025,E19,U2OS,24,azathioprine,compound,BRD-K32821942-001-22-1,,,10.974573,3.6417732
BR00117025,E20,U2OS,24,ZK-93423,compound,BRD-K33882852-003-02-8,poscon_diverse,['benzodiazepine receptor agonist'],14.063244,3.440483
BR00117025,E21,U2OS,24,BI-2536,compound,BRD-K64890080-001-02-1,poscon_diverse,,7.2395864,-0.1453333
BR00117025,E22,U2OS,24,EI1,compound,BRD-K91535048-001-01-2,poscon_cp,['histone lysine methyltransferase inhibitor'],13.5577965,1.5839014
BR00117025,E23,U2OS,24,NVP-HSP990,compound,BRD-K67915505-001-01-2,,['HSP inhibitor'],9.355499,0.75269145
BR00117025,E24,U2OS,24,DMSO,compound,,negcon,,16.291946,4.4617844
BR00117025,F01,U2OS,24,DMSO,compound,,negcon,,14.22218,7.49401
BR00117025,F02,U2OS,24,nialamide,compound,BRD-K12102668-001-25-5,,,11.085998,6.0846834
BR00117025,F03,U2OS,24,DMSO,compound,,negcon,,11.138738,5.8268275
BR00117025,F04,U2OS,24,arundic-acid,compound,BRD-K49223707-001-01-0,,,11.06168,5.8255844
BR00117025,F05,U2OS,24,torcitabine,compound,BRD-K91822704-003-07-2,,,12.560538,6.359851
BR00117025,F06,U2OS,24,DMSO,compound,,negcon,,12.668194,5.5146394
BR00117025,F07,U2OS,24,epothilone-b,compound,BRD-K68164687-001-01-6,,"['microtubule stabilizing agent', 'tubulin polymerization inhibitor']",8.209087,0.43705216
BR00117025,F08,U2OS,24,dyphylline,compound,BRD-A00827783-001-24-6,,['phosphodiesterase inhibitor'],12.397782,6.091029
BR00117025,F09,U2OS,24,DMSO,compound,,negcon,,12.8088665,5.2023983
BR00117025,F10,U2OS,24,quinidine,compound,BRD-K59632282-052-03-1,,['sodium channel blocker'],11.6359,4.8235674
BR00117025,F11,U2OS,24,halopemide,compound,BRD-K50055394-001-03-6,,,10.744626,3.475969
BR00117025,F12,U2OS,24,sulfinpyrazone,compound,BRD-A36217750-001-16-3,,,13.670838,4.2265644
BR00117025,F13,U2OS,24,ML-323,compound,BRD-K93942811-001-01-3,poscon_cp,['ubiquitin specific protease inhibitor'],13.708566,4.1043067
BR00117025,F14,U2OS,24,racecadotril,compound,BRD-A08187463-001-12-9,,,11.008607,4.976239
BR00117025,F15,U2OS,24,BRL-50481,compound,BRD-K84266862-001-03-2,,['phosphodiesterase inhibitor'],11.755476,4.3346972
BR00117025,F16,U2OS,24,GSK2110183,compound,BRD-K25412176-001-01-9,poscon_diverse,,10.600025,3.011102
BR00117025,F17,U2OS,24,bufexamac,compound,BRD-K36660044-001-24-2,,['cyclooxygenase inhibitor'],13.675201,3.2580924
BR00117025,F18,U2OS,24,anandamide,compound,BRD-K42352790-001-05-3,,,13.667084,3.1755562
BR00117025,F19,U2OS,24,thioguanine,compound,BRD-K49350383-001-13-7,poscon_diverse,,10.208365,2.5411596
BR00117025,F20,U2OS,24,IWP-L6,compound,BRD-K53234107-001-01-6,,['porcupine inhibitor'],14.585754,3.5584774
BR00117025,F21,U2OS,24,edoxaban,compound,BRD-K29322660-001-01-9,,['coagulation factor inhibitor'],11.126013,1.8646132
BR00117025,F22,U2OS,24,lonafarnib,compound,BRD-K41599323-001-02-3,poscon_diverse,,10.199163,2.0142066
BR00117025,F23,U2OS,24,ibutamoren,compound,BRD-K44771174-066-01-0,,,15.130023,3.4612293
BR00117025,F24,U2OS,24,somatostatin,compound,BRD-K14681867-001-01-6,,['somatostatin receptor agonist'],16.159445,4.1558666
BR00117025,G01,U2OS,24,L-proline,compound,BRD-K01666412-001-02-0,,,13.651545,7.3062153
BR00117025,G02,U2OS,24,zamifenacin,compound,BRD-K80451230-051-02-6,,['acetylcholine receptor antagonist'],12.502897,7.000305
BR00117025,G03,U2OS,24,YC-1,compound,BRD-K60476892-001-16-1,,,7.1559615,0.4417942
BR00117025,G04,U2OS,24,DMSO,compound,,negcon,,12.099415,6.653898
BR00117025,G05,U2OS,24,ME-0328,compound,BRD-K24283677-001-01-9,,['PPAR receptor antagonist'],12.477811,6.325522
BR00117025,G06,U2OS,24,NSC-663284,compound,BRD-K03109492-001-02-2,,['CDC inhibitor'],6.2167897,2.0456676
BR00117025,G07,U2OS,24,CYM-50358,compound,BRD-K80666802-003-01-0,,,12.426635,5.723887
BR00117025,G08,U2OS,24,trazodone,compound,BRD-K70778732-003-27-5,,"['adrenergic receptor antagonist', 'serotonin receptor antagonist']",12.168696,6.786145
BR00117025,G09,U2OS,24,DMSO,compound,,negcon,,12.382259,5.437877
BR00117025,G10,U2OS,24,DMSO,compound,,negcon,,12.8447695,5.434659
BR00117025,G11,U2OS,24,sulfasalazine,compound,BRD-K10670311-001-17-1,,['cyclooxygenase inhibitor'],13.546544,3.5818675
BR00117025,G12,U2OS,24,"2,5-furandimethanol",compound,BRD-K29791386-001-01-8,,,12.859607,5.8073316
BR00117025,G13,U2OS,24,DMSO,compound,,negcon,,12.817876,4.2677255
BR00117025,G14,U2OS,24,dilazep,compound,BRD-K48722258-300-11-0,,,11.886021,4.150242
BR00117025,G15,U2OS,24,felodipine,compound,BRD-A30815329-001-12-1,,['calcium channel blocker'],12.811995,4.4159265
BR00117025,G16,U2OS,24,paliperidone,compound,BRD-A99888680-001-05-3,,"['dopamine receptor antagonist', 'serotonin receptor antagonist']",12.711086,3.1826596
BR00117025,G17,U2OS,24,purvalanol-a,compound,BRD-K50836978-001-03-3,poscon_orf,['CDK inhibitor'],9.200317,4.216147
BR00117025,G18,U2OS,24,DMSO,compound,,negcon,,11.661924,2.0386703
BR00117025,G19,U2OS,24,Ro-1138452,compound,BRD-K77220725-003-01-5,,['prostanoid receptor antagonist'],15.189062,3.3907921
BR00117025,G20,U2OS,24,sorbinil,compound,BRD-A89164055-001-03-3,,['aldose reductase inhibitor'],14.391661,2.2078347
BR00117025,G21,U2OS,24,TC-S-7004,compound,BRD-K89517477-001-01-4,poscon_cp,['DYRK inhibitor'],13.341127,1.5238737
BR00117025,G22,U2OS,24,saclofen,compound,BRD-A24122750-001-03-7,,['GABA receptor antagonist'],15.168181,2.4492981
BR00117025,G23,U2OS,24,BAY-87-2243,compound,BRD-K70463136-001-01-5,,,14.811071,3.2204046
BR00117025,G24,U2OS,24,ibudilast,compound,BRD-K16444452-001-09-1,,['phosphodiesterase inhibitor'],15.824992,3.1022217
BR00117025,H01,U2OS,24,briciclib,compound,BRD-K05531427-001-01-7,,,7.1524515,-0.7726798
BR00117025,H02,U2OS,24,2-Oleoylglycerol,compound,BRD-K77087341-001-02-4,,,12.482826,6.863135
BR00117025,H03,U2OS,24,RGFP966,compound,BRD-K61688984-001-02-9,poscon_cp,['HDAC inhibitor'],10.075192,3.7824593
BR00117025,H04,U2OS,24,DMSO,compound,,negcon,,13.107843,6.5807157
BR00117025,H05,U2OS,24,azacitidine,compound,BRD-K03406345-001-21-1,poscon_diverse,,10.547349,4.0278516
BR00117025,H06,U2OS,24,N6-cyclopentyladenosine,compound,BRD-K60150510-001-15-6,,,12.535812,6.79907
BR00117025,H07,U2OS,24,filgotinib,compound,BRD-K16803204-001-01-6,poscon_cp,['JAK inhibitor'],12.473419,5.2112756
BR00117025,H08,U2OS,24,guanidine,compound,BRD-K76037122-001-02-5,,['HSP inhibitor'],11.561378,2.2616868
BR00117025,H09,U2OS,24,coumarin,compound,BRD-K23913458-001-20-7,,,12.27843,4.1994395
BR00117025,H10,U2OS,24,DMSO,compound,,negcon,,11.799706,4.71789
BR00117025,H11,U2OS,24,ZM-336372,compound,BRD-K73789395-001-09-9,poscon_orf,['RAF inhibitor'],12.711512,2.4605136
BR00117025,H12,U2OS,24,citric-acid,compound,BRD-K76792669-001-08-1,,['coagulation factor inhibitor'],13.227805,4.8073006
BR00117025,H13,U2OS,24,DMSO,compound,,negcon,,12.879267,4.7429905
BR00117025,H14,U2OS,24,CCG-63802,compound,BRD-K26970495-001-02-7,,['G protein signaling inhibitor'],13.377026,4.3671865
BR00117025,H15,U2OS,24,ibutilide,compound,BRD-A74391928-051-03-9,,['potassium channel blocker'],13.339705,4.5335546
BR00117025,H16,U2OS,24,batimastat,compound,BRD-K82818427-001-04-8,,['matrix metalloprotease inhibitor'],10.310337,2.8343713
BR00117025,H17,U2OS,24,DMSO,compound,,negcon,,12.127175,4.5281463
BR00117025,H18,U2OS,24,DMSO,compound,,negcon,,11.734908,2.9719121
BR00117025,H19,U2OS,24,UNC1999,compound,BRD-K26989966-001-04-3,poscon_cp,['histone lysine methyltransferase inhibitor'],7.4178696,0.52943766
BR00117025,H20,U2OS,24,glutamine-(l),compound,BRD-K83896451-001-06-7,,,14.219292,2.7508333
BR00117025,H21,U2OS,24,PD-98059,compound,BRD-K62810658-001-11-4,poscon_orf,,14.510883,3.2373786
BR00117025,H22,U2OS,24,enilconazole,compound,BRD-K01825690-065-01-9,,,13.180158,0.051070496
BR00117025,H23,U2OS,24,N-alpha-Methylhistamine-dihydrochloride,compound,BRD-K75390981-300-04-9,,['histamine receptor agonist'],14.623992,1.9915823
BR00117025,H24,U2OS,24,GK921,compound,BRD-K38272302-001-02-7,,,8.65255,1.213437
BR00117025,I01,U2OS,24,nilvadipine,compound,BRD-A84687895-001-03-2,,['calcium channel blocker'],14.466061,7.430061
BR00117025,I02,U2OS,24,DMSO,compound,,negcon,,12.724351,7.0216336
BR00117025,I03,U2OS,24,AC-710,compound,BRD-K15819326-001-01-6,,['PDGFR tyrosine kinase receptor inhibitor'],10.818569,0.49205333
BR00117025,I04,U2OS,24,PETCM,compound,BRD-A93477898-001-04-2,,,12.373656,6.2397428
BR00117025,I05,U2OS,24,AZD7762,compound,BRD-K86525559-001-07-8,poscon_diverse,['CHK inhibitor'],5.376312,0.86681545
BR00117025,I06,U2OS,24,PHA-793887,compound,BRD-K64800655-001-09-0,poscon_diverse,['CDK inhibitor'],7.725497,1.0059924
BR00117025,I07,U2OS,24,KU-60019,compound,BRD-K36016295-001-05-2,,['ATM kinase inhibitor'],9.73535,1.0533103
BR00117025,I08,U2OS,24,nafamostat,compound,BRD-K06674495-334-04-0,,,11.117283,3.7514555
BR00117025,I09,U2OS,24,DMSO,compound,,negcon,,12.775969,5.6621556
BR00117025,I10,U2OS,24,DMSO,compound,,negcon,,12.748799,4.826409
BR00117025,I11,U2OS,24,taladegib,compound,BRD-K50498985-001-03-3,,['smoothened receptor antagonist'],12.721267,3.9942718
BR00117025,I12,U2OS,24,acetohexamide,compound,BRD-K52960356-001-13-0,,['ATP channel blocker'],10.043676,1.0940694
BR00117025,I13,U2OS,24,minocycline,compound,BRD-A69651145-003-11-4,,,10.611743,3.0941398
BR00117025,I14,U2OS,24,BI-2536,compound,BRD-K64890080-001-02-1,poscon_diverse,,7.281982,-0.26876906
BR00117025,I15,U2OS,24,riociguat,compound,BRD-K84783599-001-01-0,,,11.929106,3.9520652
BR00117025,I16,U2OS,24,CP-724714,compound,BRD-K76908866-001-07-6,poscon_cp,"['EGFR inhibitor', 'protein tyrosine kinase inhibitor']",11.047594,4.350176
BR00117025,I17,U2OS,24,ganetespib,compound,BRD-K38852836-001-04-9,poscon_diverse,['HSP inhibitor'],9.257771,0.62612325
BR00117025,I18,U2OS,24,AZ191,compound,BRD-K80935598-001-01-1,poscon_cp,['DYRK inhibitor'],11.152964,0.013755314
BR00117025,I19,U2OS,24,BAX-channel-blocker,compound,BRD-A18763547-300-06-3,,,10.622055,0.51893383
BR00117025,I20,U2OS,24,SU3327,compound,BRD-K32730239-001-01-0,,['JNK inhibitor'],5.494433,1.1229246
BR00117025,I21,U2OS,24,DMSO,compound,,negcon,,13.9322,1.566803
BR00117025,I22,U2OS,24,DMSO,compound,,negcon,,13.936622,1.6344388
BR00117025,I23,U2OS,24,octreotide,compound,BRD-A64173453-015-03-1,,['somatostatin receptor agonist'],14.986574,2.9724894
BR00117025,I24,U2OS,24,1-octanol,compound,BRD-K09338665-001-08-9,,,15.96689,4.1293964
BR00117025,J01,U2OS,24,acalabrutinib,compound,BRD-K64034691-001-01-9,,"[""Bruton's tyrosine kinase (BTK) inhibitor""]",14.6768265,7.429057
BR00117025,J02,U2OS,24,rifamycin,compound,BRD-K38512030-001-01-7,,,11.152753,6.279591
BR00117025,J03,U2OS,24,pazopanib,compound,BRD-K74514084-003-09-2,,"['KIT inhibitor', 'VEGFR inhibitor', 'PDGFR tyrosine kinase receptor inhibitor']",10.485025,2.638562
BR00117025,J04,U2OS,24,RKI-1447,compound,BRD-K19333160-001-01-3,poscon_cp,,8.086163,3.03401
BR00117025,J05,U2OS,24,vitamin-E,compound,BRD-K97091514-001-11-4,,['PKC inhibitor'],12.359137,6.6718965
BR00117025,J06,U2OS,24,lonafarnib,compound,BRD-K41599323-001-02-3,poscon_diverse,,9.968942,2.0434105
BR00117025,J07,U2OS,24,ethyl-pyruvate,compound,BRD-K47738867-001-01-5,,,12.385362,5.949305
BR00117025,J08,U2OS,24,picrotin,compound,BRD-A91822151-001-05-0,,['GABA receptor antagonist'],12.464078,6.3384466
BR00117025,J09,U2OS,24,SGX523,compound,BRD-K19477839-001-07-6,poscon_cp,,11.478777,4.711594
BR00117025,J10,U2OS,24,PP-2,compound,BRD-K95785537-001-22-3,,['src inhibitor'],11.672445,1.6596336
BR00117025,J11,U2OS,24,ME-0328,compound,BRD-A63444178-001-01-5,,['PPAR receptor antagonist'],11.137013,4.7799773
BR00117025,J12,U2OS,24,AZD9668,compound,BRD-K31476763-001-01-5,,['elastase inhibitor'],13.197261,4.5938306
BR00117025,J13,U2OS,24,NQDI-1,compound,BRD-K61918008-001-07-1,,,12.99318,4.0350714
BR00117025,J14,U2OS,24,DMSO,compound,,negcon,,12.94329,5.8312244
BR00117025,J15,U2OS,24,carzenide,compound,BRD-K09295674-001-09-8,,,12.603677,2.7133508
BR00117025,J16,U2OS,24,KU-55933,compound,BRD-K25311561-001-10-7,,['ATM kinase inhibitor'],11.721291,1.9636837
BR00117025,J17,U2OS,24,NVP-AEW541,compound,BRD-K24696047-001-02-3,poscon_cp,['IGF-1 inhibitor'],11.40969,1.11752
BR00117025,J18,U2OS,24,leflunomide,compound,BRD-K78692225-001-24-5,,['PDGFR tyrosine kinase receptor inhibitor'],11.306597,4.1406965
BR00117025,J19,U2OS,24,DMSO,compound,,negcon,,13.796014,2.3351996
BR00117025,J20,U2OS,24,azacitidine,compound,BRD-K03406345-001-21-1,poscon_diverse,,10.765755,1.8459498
BR00117025,J21,U2OS,24,ixabepilone,compound,BRD-K03601870-001-01-2,,['microtubule stabilizing agent'],7.2544656,-0.43491912
BR00117025,J22,U2OS,24,KH-CB19,compound,BRD-K66430217-001-03-8,poscon_cp,['CDC inhibitor'],14.330118,2.1389277
BR00117025,J23,U2OS,24,DMSO,compound,,negcon,,14.411005,3.1697924
BR00117025,J24,U2OS,24,PF-05190457,compound,BRD-K02554563-001-01-6,,,15.472062,3.7824152
BR00117025,K01,U2OS,24,LDN-212854,compound,BRD-K59831625-001-03-9,,,5.8088408,1.6912158
BR00117025,K02,U2OS,24,formononetin,compound,BRD-K55567017-001-12-3,,['alcohol dehydrogenase inhibitor'],11.0475025,5.867314
BR00117025,K03,U2OS,24,aminopurvalanol-a,compound,BRD-K07762753-001-05-1,poscon_orf,['CDK inhibitor'],9.217552,4.1973863
BR00117025,K04,U2OS,24,ruxolitinib,compound,BRD-K53972329-001-01-3,poscon_cp,['JAK inhibitor'],10.291092,3.616148
BR00117025,K05,U2OS,24,DMSO,compound,,negcon,,12.384055,6.7240024
BR00117025,K06,U2OS,24,DMSO,compound,,negcon,,12.2594185,6.911379
BR00117025,K07,U2OS,24,LGK-974,compound,BRD-K16810791-001-01-0,,['porcupine inhibitor'],13.013882,4.915005
BR00117025,K08,U2OS,24,polydatin,compound,BRD-K43236057-001-07-1,,['ICAM1 expression inhibitor'],9.66343,1.5935428
BR00117025,K09,U2OS,24,enflurane,compound,BRD-A51831848-001-01-7,,,12.210025,6.500591
BR00117025,K10,U2OS,24,PFI-1,compound,BRD-K13094524-001-04-2,poscon_cp,,13.012783,5.0937967
BR00117025,K11,U2OS,24,AZD7762,compound,BRD-K86525559-001-07-8,poscon_diverse,['CHK inhibitor'],5.432282,0.9146609
BR00117025,K12,U2OS,24,sotrastaurin,compound,BRD-K16761703-001-03-8,,['PKC inhibitor'],12.201229,2.0047255
BR00117025,K13,U2OS,24,DMSO,compound,,negcon,,12.124185,2.8389776
BR00117025,K14,U2OS,24,cycloheximide,compound,BRD-K36055864-001-20-0,,['protein synthesis inhibitor'],9.784888,2.325629
BR00117025,K15,U2OS,24,oxytocin,compound,BRD-K25243230-001-01-2,,,13.26322,4.287516
BR00117025,K16,U2OS,24,DMSO,compound,,negcon,,12.889789,3.1847885
BR00117025,K17,U2OS,24,colchicine,compound,BRD-K00259736-001-16-4,,,7.1376543,-0.8081759
BR00117025,K18,U2OS,24,afimoxifene,compound,BRD-K04210847-001-21-9,,,11.029658,4.9206424
BR00117025,K19,U2OS,24,DMSO,compound,,negcon,,11.041278,5.190383
BR00117025,K20,U2OS,24,ZK-93423,compound,BRD-K33882852-003-02-8,poscon_diverse,['benzodiazepine receptor agonist'],13.155673,0.07983291
BR00117025,K21,U2OS,24,RGB-286638,compound,BRD-K20986415-001-02-6,,['CDK inhibitor'],8.241761,1.2703605
BR00117025,K22,U2OS,24,FPS-ZM1,compound,BRD-K87691185-001-01-2,,['RAGE receptor antagonist'],12.466896,1.3338472
BR00117025,K23,U2OS,24,flindokalner,compound,BRD-K56740996-001-02-1,,,13.579013,1.579961
BR00117025,K24,U2OS,24,motesanib,compound,BRD-K99616396-316-05-3,,"['KIT inhibitor', 'VEGFR inhibitor', 'PDGFR tyrosine kinase receptor inhibitor']",15.355388,4.1261463
BR00117025,L01,U2OS,24,geldanamycin,compound,BRD-K43570081-001-02-4,,['HSP inhibitor'],9.182179,0.73968256
BR00117025,L02,U2OS,24,DMSO,compound,,negcon,,13.261584,6.893418
BR00117025,L03,U2OS,24,CGP-53353,compound,BRD-K32292990-001-03-6,,"['PKC inhibitor', 'EGFR inhibitor']",13.291664,6.447865
BR00117025,L04,U2OS,24,7-hydroxystaurosporine,compound,BRD-K45293975-001-02-0,,"['CDK inhibitor', 'PKC inhibitor', 'CHK inhibitor']",6.4673023,1.2831737
BR00117025,L05,U2OS,24,DMSO,compound,,negcon,,13.216801,6.728322
BR00117025,L06,U2OS,24,DMSO,compound,,negcon,,12.585397,6.4151235
BR00117025,L07,U2OS,24,efaproxiral,compound,BRD-K37355418-236-01-6,,,12.125724,5.989765
BR00117025,L08,U2OS,24,SB-203580,compound,BRD-A37704979-001-12-3,poscon_orf,['p38 MAPK inhibitor'],11.169548,1.9679389
BR00117025,L09,U2OS,24,FK-866,compound,BRD-K58550667-001-08-7,poscon_diverse,,11.349274,3.8762171
BR00117025,L10,U2OS,24,bepridil,compound,BRD-A91008255-003-24-8,,['calcium channel blocker'],11.145251,4.1653967
BR00117025,L11,U2OS,24,delanzomib,compound,BRD-K59325863-001-04-4,,,5.4877434,0.77316993
BR00117025,L12,U2OS,24,buparlisib,compound,BRD-K42191735-001-08-7,poscon_diverse,,7.0016875,-0.58624136
BR00117025,L13,U2OS,24,phenylbutazone,compound,BRD-K10843433-001-23-5,,"['cyclooxygenase inhibitor', 'prostanoid receptor antagonist']",12.740421,4.3344836
BR00117025,L14,U2OS,24,deferasirox,compound,BRD-K97010173-001-04-1,,,13.158472,4.551796
BR00117025,L15,U2OS,24,DMSO,compound,,negcon,,13.034336,4.220043
BR00117025,L16,U2OS,24,cediranib,compound,BRD-K86930074-001-05-0,,"['KIT inhibitor', 'VEGFR inhibitor']",11.695542,0.9345045
BR00117025,L17,U2OS,24,isoflurane,compound,BRD-A31564021-001-02-6,,,13.895785,2.2409997
BR00117025,L18,U2OS,24,DMSO,compound,,negcon,,14.476449,2.681971
BR00117025,L19,U2OS,24,CCG-50014,compound,BRD-K08893438-001-06-4,,['G protein signaling inhibitor'],13.447862,1.8051379
BR00117025,L20,U2OS,24,PF-431396,compound,BRD-K93788137-001-04-1,,,8.534277,4.655106
BR00117025,L21,U2OS,24,TG-02,compound,BRD-K14560436-001-01-4,,"['CDK inhibitor', 'FLT3 inhibitor', 'JAK inhibitor']",7.5939517,1.0532155
BR00117025,L22,U2OS,24,baclofen,compound,BRD-K01826724-003-07-9,,['benzodiazepine receptor agonist'],14.770244,2.9188275
BR00117025,L23,U2OS,24,thiostrepton,compound,BRD-A20697603-001-07-2,,['protein synthesis inhibitor'],10.034346,1.2034913
BR00117025,L24,U2OS,24,flufenamic-acid,compound,BRD-K44067360-001-29-5,,,15.937042,3.722137
BR00117025,M01,U2OS,24,DMSO,compound,,negcon,,14.445546,7.3184037
BR00117025,M02,U2OS,24,LY2109761,compound,BRD-K47557313-001-02-7,,,10.053658,3.2308087
BR00117025,M03,U2OS,24,olopatadine,compound,BRD-K67637637-003-11-8,,['histamine receptor antagonist'],11.948237,7.068717
BR00117025,M04,U2OS,24,DMSO,compound,,negcon,,11.390106,6.100514
BR00117025,M05,U2OS,24,castanospermine,compound,BRD-K20897876-001-11-8,,['glucosidase inhibitor'],11.33101,6.2094445
BR00117025,M06,U2OS,24,A205804,compound,BRD-K77627880-001-04-0,,['ICAM1 expression inhibitor'],12.771384,5.556988
BR00117025,M07,U2OS,24,VU591,compound,BRD-K72063794-003-01-0,,['potassium channel blocker'],13.3461895,6.2576466
BR00117025,M08,U2OS,24,dalbavancin,compound,BRD-K30177383-001-01-0,,['bacterial cell wall synthesis inhibitor'],10.716596,3.9107804
BR00117025,M09,U2OS,24,CC-401,compound,BRD-K45746021-003-01-9,,['JNK inhibitor'],11.225016,2.2716105
BR00117025,M10,U2OS,24,ganetespib,compound,BRD-K38852836-001-04-9,poscon_diverse,['HSP inhibitor'],9.2739935,0.66953266
BR00117025,M11,U2OS,24,ingenol-mebutate,compound,BRD-K93779381-001-01-9,,,10.996189,3.461979
BR00117025,M12,U2OS,24,menadione,compound,BRD-K78126613-001-27-7,,,9.5335865,3.5097334
BR00117025,M13,U2OS,24,cetilistat,compound,BRD-K94863486-001-02-2,,,13.062609,2.4104192
BR00117025,M14,U2OS,24,methoxsalen,compound,BRD-K63430059-001-16-4,,['DNA synthesis inhibitor'],12.716887,2.450963
BR00117025,M15,U2OS,24,cyclosporine,compound,BRD-K13533483-001-16-2,,,10.07823,2.3596854
BR00117025,M16,U2OS,24,NSC-632839,compound,BRD-K81197548-003-01-4,poscon_cp,['ubiquitin specific protease inhibitor'],5.592806,0.6163718
BR00117025,M17,U2OS,24,DMSO,compound,,negcon,,13.220958,1.9883868
BR00117025,M18,U2OS,24,TG-003,compound,BRD-K97072811-001-11-4,poscon_cp,,13.558474,2.078424
BR00117025,M19,U2OS,24,oxibendazole,compound,BRD-K52075715-001-06-7,,['tubulin polymerization inhibitor'],7.1610327,-0.75758207
BR00117025,M20,U2OS,24,TG-101348,compound,BRD-K12502280-001-11-4,poscon_cp,"['JAK inhibitor', 'FLT3 inhibitor']",7.005312,0.5683014
BR00117025,M21,U2OS,24,miglitol,compound,BRD-A63310107-001-04-8,,['glucosidase inhibitor'],14.33743,1.724628
BR00117025,M22,U2OS,24,DMSO,compound,,negcon,,14.410708,2.1272907
BR00117025,M23,U2OS,24,DMSO,compound,,negcon,,14.464889,1.6576414
BR00117025,M24,U2OS,24,tranilast,compound,BRD-K17849083-001-32-9,,,15.459888,4.8791766
BR00117025,N01,U2OS,24,4-methylhistamine,compound,BRD-K70821460-300-02-4,,['histamine receptor agonist'],14.776927,7.1173058
BR00117025,N02,U2OS,24,LDN-27219,compound,BRD-K51485109-001-01-4,,,13.609184,6.783679
BR00117025,N03,U2OS,24,anisomycin,compound,BRD-K91370081-001-25-1,,['DNA synthesis inhibitor'],6.757841,0.9246363
BR00117025,N04,U2OS,24,thioguanine,compound,BRD-K49350383-001-13-7,poscon_diverse,,10.188793,2.6126673
BR00117025,N05,U2OS,24,droxinostat,compound,BRD-K11558771-001-13-9,,['HDAC inhibitor'],13.024332,6.514992
BR00117025,N06,U2OS,24,UNC2025,compound,BRD-K91283740-003-01-6,poscon_cp,['FLT3 inhibitor'],8.604466,1.0453464
BR00117025,N07,U2OS,24,DMSO,compound,,negcon,,13.44323,6.528608
BR00117025,N08,U2OS,24,DMSO,compound,,negcon,,12.658278,6.325446
BR00117025,N09,U2OS,24,AMG900,compound,BRD-K21728777-001-02-3,poscon_cp,['Aurora kinase inhibitor'],8.8016205,4.9433413
BR00117025,N10,U2OS,24,PF-06463922,compound,BRD-A23124853-001-01-4,,['ALK tyrosine kinase receptor inhibitor'],10.680904,2.5178823
BR00117025,N11,U2OS,24,orantinib,compound,BRD-K55966568-001-09-6,poscon_cp,"['FGFR inhibitor', 'PDGFR tyrosine kinase receptor inhibitor', 'VEGFR inhibitor']",12.594444,3.4103029
BR00117025,N12,U2OS,24,fludarabine-phosphate,compound,BRD-K71106091-001-09-5,,['ribonucleotide reductase inhibitor'],9.986841,5.4935036
BR00117025,N13,U2OS,24,ceritinib,compound,BRD-K22149900-001-06-2,,['ALK tyrosine kinase receptor inhibitor'],11.062033,2.7642279
BR00117025,N14,U2OS,24,NVS-PAK1-1,compound,BRD-K28132190-001-02-0,poscon_cp,['p21 activated kinase inhibitor'],12.206631,1.1030993
BR00117025,N15,U2OS,24,homoharringtonine,compound,BRD-K76674262-001-03-3,,['protein synthesis inhibitor'],6.9883504,1.2010972
BR00117025,N16,U2OS,24,picrotoxinin,compound,BRD-K36461289-001-05-8,,['GABA receptor antagonist'],13.522711,2.1108656
BR00117025,N17,U2OS,24,DMSO,compound,,negcon,,13.841428,2.1659443
BR00117025,N18,U2OS,24,danusertib,compound,BRD-K07881437-001-03-8,poscon_diverse,"['growth factor receptor inhibitor', 'Aurora kinase inhibitor']",8.667716,4.801466
BR00117025,N19,U2OS,24,romidepsin,compound,BRD-K61397605-001-01-8,poscon_cp,['HDAC inhibitor'],6.29567,1.0750523
BR00117025,N20,U2OS,24,FERb-033,compound,BRD-K61642990-001-01-0,poscon_cp,['EGFR inhibitor'],14.401004,2.2422056
BR00117025,N21,U2OS,24,PF-03758309,compound,BRD-K37764012-001-03-3,poscon_diverse,['p21 activated kinase inhibitor'],7.479783,0.8486752
BR00117025,N22,U2OS,24,DMSO,compound,,negcon,,14.691647,2.7061772
BR00117025,N23,U2OS,24,trometamol,compound,BRD-K47978074-001-03-2,,,14.624607,1.7817769
BR00117025,N24,U2OS,24,simvastatin,compound,BRD-K22134346-001-22-3,,['HMGCR inhibitor'],15.211618,4.265344
BR00117025,O01,U2OS,24,zaprinast,compound,BRD-K16542329-001-16-8,,['phosphodiesterase inhibitor'],14.886401,7.3848867
BR00117025,O02,U2OS,24,dexamethasone,compound,BRD-A10188456-001-04-9,,['glucocorticoid receptor agonist'],14.208426,7.0805902
BR00117025,O03,U2OS,24,salicylic-acid,compound,BRD-K93632104-001-17-2,,['cyclooxygenase inhibitor'],12.71244,7.2181377
BR00117025,O04,U2OS,24,diltiazem,compound,BRD-A69636825-003-04-7,,['calcium channel blocker'],12.9702215,6.7168093
BR00117025,O05,U2OS,24,phenolphthalein,compound,BRD-K19227686-001-18-6,,,12.720568,6.478275
BR00117025,O06,U2OS,24,niflumic-acid,compound,BRD-K98763141-001-30-8,,['cyclooxygenase inhibitor'],12.842781,6.7208652
BR00117025,O07,U2OS,24,DMSO,compound,,negcon,,12.667153,6.453326
BR00117025,O08,U2OS,24,L-Cystine,compound,BRD-A15397381-001-02-5,,,13.4302225,4.7201786
BR00117025,O09,U2OS,24,ozanimod,compound,BRD-K46625559-001-01-8,,['sphingosine 1 phosphate receptor agonist'],10.998185,4.551424
BR00117025,O10,U2OS,24,efaroxan,compound,BRD-A10739734-003-09-8,,['adrenergic receptor antagonist'],13.534657,2.5888186
BR00117025,O11,U2OS,24,NBQX,compound,BRD-K11796549-001-05-2,,['glutamate receptor antagonist'],11.170266,5.2225127
BR00117025,O12,U2OS,24,dinoprostone,compound,BRD-K26521938-001-07-2,,['prostanoid receptor agonist'],11.355787,2.1782608
BR00117025,O13,U2OS,24,Ro-20-1724,compound,BRD-A07207424-001-14-0,,['phosphodiesterase inhibitor'],11.109672,4.679021
BR00117025,O14,U2OS,24,xanomeline,compound,BRD-K72815923-034-02-0,,['acetylcholine receptor agonist'],14.017251,2.797434
BR00117025,O15,U2OS,24,terazosin,compound,BRD-K01825589-310-02-9,,['adrenergic receptor antagonist'],14.214344,3.2239726
BR00117025,O16,U2OS,24,BVT-948,compound,BRD-K68567222-001-01-2,,,7.1228514,2.5579731
BR00117025,O17,U2OS,24,nicotine,compound,BRD-K01825660-322-01-9,,['acetylcholine receptor agonist'],13.539312,3.0361822
BR00117025,O18,U2OS,24,DMSO,compound,,negcon,,14.708636,3.04122
BR00117025,O19,U2OS,24,U-0521,compound,BRD-K08953028-001-09-6,,,13.363997,1.9178857
BR00117025,O20,U2OS,24,BMS-587101,compound,BRD-K20093108-001-02-3,,,14.661098,4.02492
BR00117025,O21,U2OS,24,nimodipine,compound,BRD-A58048407-001-20-4,,['calcium channel blocker'],13.167101,1.8866112
BR00117025,O22,U2OS,24,pyrrolidine-dithiocarbamate,compound,BRD-K80970344-201-08-6,,,14.105966,4.9171495
BR00117025,O23,U2OS,24,PF-915275,compound,BRD-K18289362-001-02-2,,,15.578382,4.196847
BR00117025,O24,U2OS,24,JTE-013,compound,BRD-K43330982-001-02-3,,,15.906014,4.625599
BR00117025,P01,U2OS,24,sodium-butyrate,compound,BRD-K05878375-236-05-7,,['HDAC inhibitor'],15.256519,7.349377
BR00117025,P02,U2OS,24,pentostatin,compound,BRD-K91543828-001-02-0,,['ribonucleotide reductase inhibitor'],15.174454,7.1559114
BR00117025,P03,U2OS,24,OMDM-2,compound,BRD-K48830578-001-01-9,,,15.0527935,6.8943295
BR00117025,P04,U2OS,24,nalmefene,compound,BRD-A72767275-003-01-6,,,15.262972,6.549593
BR00117025,P05,U2OS,24,DMSO,compound,,negcon,,15.231654,6.6574965
BR00117025,P06,U2OS,24,1-EBIO,compound,BRD-K70586315-001-02-4,,,15.098732,6.809611
BR00117025,P07,U2OS,24,SB-505124,compound,BRD-K40109029-001-02-9,,['ALK tyrosine kinase receptor inhibitor'],14.332635,5.3844347
BR00117025,P08,U2OS,24,prasugrel,compound,BRD-A83029242-001-06-1,,['purinergic receptor antagonist'],15.27613,6.260116
BR00117025,P09,U2OS,24,pidolic-acid,compound,BRD-K57313110-001-06-8,,,15.403079,6.3956857
BR00117025,P10,U2OS,24,DMSO,compound,,negcon,,15.466825,6.696175
BR00117025,P11,U2OS,24,nevirapine,compound,BRD-K15502390-001-20-9,,,15.448411,6.7428193
BR00117025,P12,U2OS,24,triamterene,compound,BRD-K92049597-001-20-8,,['sodium channel blocker'],15.327445,6.2613173
BR00117025,P13,U2OS,24,regorafenib,compound,BRD-K16730910-001-07-3,,"['PDGFR tyrosine kinase receptor inhibitor', 'RAF inhibitor', 'KIT inhibitor', 'RET tyrosine kinase inhibitor', 'FGFR inhibitor', 'VEGFR inhibitor']",10.6286545,2.8973095
BR00117025,P14,U2OS,24,cyclophosphamide,compound,BRD-A09722536-002-18-0,,,15.746719,5.9986973
BR00117025,P15,U2OS,24,olanzapine,compound,BRD-K18895904-001-16-1,,"['dopamine receptor antagonist', 'serotonin receptor antagonist']",15.84773,5.7412496
BR00117025,P16,U2OS,24,KI-16425,compound,BRD-A25569250-001-03-3,,['lysophosphatidic acid receptor antagonist'],15.686244,6.1147833
BR00117025,P17,U2OS,24,SKLB1002,compound,BRD-K29895144-001-01-0,,['VEGFR inhibitor'],15.977151,5.732982
BR00117025,P18,U2OS,24,cilostazol,compound,BRD-K67017579-001-28-1,,['phosphodiesterase inhibitor'],15.741411,5.54734
BR00117025,P19,U2OS,24,AZD1283,compound,BRD-K77060810-001-01-5,,['purinergic receptor antagonist'],16.247467,4.7704964
BR00117025,P20,U2OS,24,A-987306,compound,BRD-K68982262-001-01-4,,['histamine receptor antagonist'],16.2029,4.972137
BR00117025,P21,U2OS,24,procaine,compound,BRD-K24616672-003-20-1,,['HMGCR inhibitor'],16.176374,4.977239
BR00117025,P22,U2OS,24,miconazole,compound,BRD-A82396632-008-30-8,,['bacterial cell wall synthesis inhibitor'],15.999664,5.497733
BR00117025,P23,U2OS,24,loperamide,compound,BRD-K61250553-003-30-6,,,15.913647,4.8530855
BR00117025,P24,U2OS,24,aripiprazole,compound,BRD-K70358946-001-17-3,,['serotonin receptor antagonist'],16.061335,4.639372
BR00117026,A01,U2OS,24,gabapentin-enacarbil,compound,BRD-A86665761-001-01-1,,,15.317697,7.2616878
BR00117026,A02,U2OS,24,DMSO,compound,,negcon,,15.165478,6.9903507
BR00117026,A03,U2OS,24,amlodipine,compound,BRD-A22032524-074-09-9,,['calcium channel blocker'],15.396767,7.2101383
BR00117026,A04,U2OS,24,hexestrol,compound,BRD-A01078468-001-14-8,,,15.325673,7.221847
BR00117026,A05,U2OS,24,quinine,compound,BRD-K48278478-001-01-2,,,14.967401,6.2562118
BR00117026,A06,U2OS,24,LOXO-101,compound,BRD-K36574127-001-01-3,,,15.075846,6.951036
BR00117026,A07,U2OS,24,brinzolamide,compound,BRD-K74913225-001-14-0,,['carbonic anhydrase inhibitor'],15.325973,5.8181205
BR00117026,A08,U2OS,24,NS-11021,compound,BRD-K94342292-001-01-3,,['calcium-activated potassium channel activator'],15.569241,6.386497
BR00117026,A09,U2OS,24,DMSO,compound,,negcon,,15.31774,5.962336
BR00117026,A10,U2OS,24,GNF-5837,compound,BRD-K19975102-001-01-2,,['growth factor receptor inhibitor'],10.6091385,1.3784165
BR00117026,A11,U2OS,24,apatinib,compound,BRD-K25244359-066-02-6,,['RET tyrosine kinase inhibitor'],15.202898,5.1699176
BR00117026,A12,U2OS,24,ethoxzolamide,compound,BRD-K18131774-001-18-4,,['carbonic anhydrase inhibitor'],15.497002,5.6475844
BR00117026,A13,U2OS,24,ascorbic-acid,compound,BRD-A85242401-001-11-5,,,14.953256,5.19815
BR00117026,A14,U2OS,24,ryuvidine,compound,BRD-K06426971-001-02-7,,['histone lysine methyltransferase inhibitor'],6.1183953,2.0707185
BR00117026,A15,U2OS,24,BAN-ORL-24,compound,BRD-K47049295-300-03-1,,,9.429007,1.2825279
BR00117026,A16,U2OS,24,NNC-55-0396,compound,BRD-K78122587-300-04-3,,,10.753983,1.1218997
BR00117026,A17,U2OS,24,DMSO,compound,,negcon,,15.681652,4.739109
BR00117026,A18,U2OS,24,WH-4-023,compound,BRD-K50199947-001-03-4,,['src inhibitor'],11.330374,1.4246638
BR00117026,A19,U2OS,24,flupirtine,compound,BRD-K50720187-051-03-1,,['glutamate receptor antagonist'],15.454828,4.8328176
BR00117026,A20,U2OS,24,ZK811752,compound,BRD-K91825936-001-03-9,,,15.461905,4.8584557
BR00117026,A21,U2OS,24,dexamethasone,compound,BRD-K38775274-001-22-1,,['glucocorticoid receptor agonist'],15.756964,4.6530657
BR00117026,A22,U2OS,24,PP-1,compound,BRD-K47598052-001-14-1,,['src inhibitor'],11.48383,1.5840098
BR00117026,A23,U2OS,24,DDR1-IN-1,compound,BRD-K61845293-300-01-9,,,16.2619,4.4982896
BR00117026,A24,U2OS,24,AVL-292,compound,BRD-K87782578-001-01-4,,"[""Bruton's tyrosine kinase (BTK) inhibitor""]",9.443115,1.5543118
BR00117026,B01,U2OS,24,H2L-5765834,compound,BRD-K26439554-001-01-3,,['lysophosphatidic acid receptor antagonist'],15.040479,7.433887
BR00117026,B02,U2OS,24,thiostrepton,compound,BRD-K58049875-001-03-9,,['protein synthesis inhibitor'],5.778978,0.17264216
BR00117026,B03,U2OS,24,DMSO,compound,,negcon,,12.232587,6.1099753
BR00117026,B04,U2OS,24,arcyriaflavin-a,compound,BRD-K72726508-001-02-1,,['CDK inhibitor'],10.25396,2.6011767
BR00117026,B05,U2OS,24,CYM-5520,compound,BRD-K29151923-001-01-5,,['sphingosine 1 phosphate receptor agonist'],15.634961,6.043418
BR00117026,B06,U2OS,24,fludarabine,compound,BRD-K66788707-001-14-3,,['ribonucleotide reductase inhibitor'],10.308069,5.593217
BR00117026,B07,U2OS,24,alda-1,compound,BRD-K06890060-001-09-1,,,11.553564,5.3421736
BR00117026,B08,U2OS,24,meclofenamic-acid,compound,BRD-K50398167-236-22-7,,"['cyclooxygenase inhibitor', 'prostanoid receptor antagonist']",14.567855,6.160316
BR00117026,B09,U2OS,24,GNF-5,compound,BRD-K87632963-001-03-0,,['Bcr-Abl kinase inhibitor'],11.653094,4.623113
BR00117026,B10,U2OS,24,NS-309,compound,BRD-K37602296-001-01-6,,['calcium-activated potassium channel activator'],12.915075,2.704474
BR00117026,B11,U2OS,24,AK-7,compound,BRD-K09143580-001-01-0,,['SIRT inhibitor'],11.245306,0.8112871
BR00117026,B12,U2OS,24,BVT-948,compound,BRD-A22713669-001-04-3,,,6.8806577,2.4962218
BR00117026,B13,U2OS,24,SirReal-2,compound,BRD-K16472653-001-01-6,,['SIRT inhibitor'],11.539418,1.4441525
BR00117026,B14,U2OS,24,DMSO,compound,,negcon,,13.065632,2.7875648
BR00117026,B15,U2OS,24,BMS-536924,compound,BRD-K34581968-001-05-3,,['IGF-1 inhibitor'],9.694185,1.4307123
BR00117026,B16,U2OS,24,PP-121,compound,BRD-K81801188-001-02-8,,['protein tyrosine kinase inhibitor'],8.263616,1.4209453
BR00117026,B17,U2OS,24,MCOPPB,compound,BRD-K73276278-305-01-1,,,11.446479,0.33080766
BR00117026,B18,U2OS,24,ozagrel,compound,BRD-K53061490-003-13-9,,,14.711683,3.014425
BR00117026,B19,U2OS,24,CYM-5442,compound,BRD-A43005764-003-01-5,,['sphingosine 1 phosphate receptor agonist'],11.236298,0.3267608
BR00117026,B20,U2OS,24,CVT-10216,compound,BRD-K60659193-001-01-0,,,14.942892,2.5491598
BR00117026,B21,U2OS,24,TCN201,compound,BRD-K09787262-001-02-7,,['glutamate receptor antagonist'],15.11599,2.8252053
BR00117026,B22,U2OS,24,fomepizole,compound,BRD-K56810756-003-07-7,,['alcohol dehydrogenase inhibitor'],15.244942,2.7832818
BR00117026,B23,U2OS,24,benzamil,compound,BRD-K87158025-003-08-7,,['sodium channel blocker'],11.375318,2.933855
BR00117026,B24,U2OS,24,lercanidipine,compound,BRD-A18992208-003-02-7,,['calcium channel blocker'],16.178154,4.3255296
BR00117026,C01,U2OS,24,4-CMTB,compound,BRD-A54139254-001-09-2,,['free fatty acid receptor agonist'],14.625367,7.481038
BR00117026,C02,U2OS,24,ML-228,compound,BRD-K44432556-001-05-5,,,12.3316345,7.267413
BR00117026,C03,U2OS,24,DMSO,compound,,negcon,,11.868505,6.957167
BR00117026,C04,U2OS,24,GSK1070916,compound,BRD-K36740062-001-06-6,,['Aurora kinase inhibitor'],8.838664,4.3311143
BR00117026,C05,U2OS,24,ML-193,compound,BRD-K27539181-001-08-5,,,12.040782,7.0573955
BR00117026,C06,U2OS,24,DMSO,compound,,negcon,,11.307655,5.649614
BR00117026,C07,U2OS,24,M-25,compound,BRD-K51265828-001-01-0,,['smoothened receptor antagonist'],12.926073,4.001886
BR00117026,C08,U2OS,24,azeliragon,compound,BRD-K51899933-001-02-6,,['RAGE receptor antagonist'],10.709238,0.41624865
BR00117026,C09,U2OS,24,CYT-997,compound,BRD-K23363278-001-02-1,poscon_diverse,['tubulin polymerization inhibitor'],7.201129,-0.8741896
BR00117026,C10,U2OS,24,AR-12,compound,BRD-K90497590-001-05-9,,,5.834298,2.0014873
BR00117026,C11,U2OS,24,CYM-50260,compound,BRD-K69877120-001-01-7,,['sphingosine 1 phosphate receptor agonist'],13.252311,3.872753
BR00117026,C12,U2OS,24,DMSO,compound,,negcon,,13.384029,2.454608
BR00117026,C13,U2OS,24,KG-5,compound,BRD-K90747162-001-01-4,poscon_cp,['RAF inhibitor'],7.2732754,-0.52769166
BR00117026,C14,U2OS,24,JTE-607,compound,BRD-K81405859-300-01-4,,,10.008819,5.28783
BR00117026,C15,U2OS,24,DMSO,compound,,negcon,,13.803185,2.4667869
BR00117026,C16,U2OS,24,ilomastat,compound,BRD-K51662849-001-05-4,,['matrix metalloprotease inhibitor'],11.650724,2.5711293
BR00117026,C17,U2OS,24,RX-821002,compound,BRD-A65597028-003-08-1,,['adrenergic receptor antagonist'],12.80612,1.7530763
BR00117026,C18,U2OS,24,DMSO,compound,,negcon,,13.457084,3.256963
BR00117026,C19,U2OS,24,TUG-891,compound,BRD-K24282351-001-01-4,,['free fatty acid receptor agonist'],14.014124,1.7662941
BR00117026,C20,U2OS,24,ponatinib,compound,BRD-K44227013-001-08-0,,"['PDGFR tyrosine kinase receptor inhibitor', 'FLT3 inhibitor', 'Bcr-Abl kinase inhibitor']",5.555344,1.2550685
BR00117026,C21,U2OS,24,DMSO,compound,,negcon,,14.003035,6.1100783
BR00117026,C22,U2OS,24,puromycin,compound,BRD-K01824976-300-02-9,,['protein synthesis inhibitor'],5.3854175,0.7512215
BR00117026,C23,U2OS,24,SRC-kinase-inhibitor-I,compound,BRD-K50495309-001-02-0,,['src inhibitor'],12.23077,1.0734626
BR00117026,C24,U2OS,24,acetylcysteine,compound,BRD-K59058747-001-19-1,,,16.091797,3.9513168
BR00117026,D01,U2OS,24,NSC-625987,compound,BRD-K62949423-001-03-1,,['CDK inhibitor'],14.687386,7.4517097
BR00117026,D02,U2OS,24,dalfampridine,compound,BRD-K22482860-001-20-6,,['potassium channel blocker'],11.190262,6.2355304
BR00117026,D03,U2OS,24,NSC-95397,compound,BRD-K68143200-001-11-7,,['CDC inhibitor'],7.026441,2.3211985
BR00117026,D04,U2OS,24,alrestatin,compound,BRD-K35498378-001-06-1,,['aldose reductase inhibitor'],12.039392,6.5495872
BR00117026,D05,U2OS,24,PF-03758309,compound,BRD-K37764012-001-03-3,poscon_diverse,['p21 activated kinase inhibitor'],11.807303,5.248903
BR00117026,D06,U2OS,24,IRL-2500,compound,BRD-K98357249-001-02-9,,['endothelin receptor antagonist'],11.799375,6.4643774
BR00117026,D07,U2OS,24,PF-04217903,compound,BRD-K73319509-001-08-0,poscon_cp,,11.246256,5.1616297
BR00117026,D08,U2OS,24,FK-866,compound,BRD-K58550667-001-08-7,poscon_diverse,,10.1788845,3.3333864
BR00117026,D09,U2OS,24,amlexanox,compound,BRD-K29530284-001-06-2,,,11.3662195,4.4577203
BR00117026,D10,U2OS,24,GW-311616,compound,BRD-K37864785-001-01-0,,['elastase inhibitor'],11.656652,3.7303462
BR00117026,D11,U2OS,24,buparlisib,compound,BRD-K42191735-001-08-7,poscon_diverse,,6.9547486,-0.37277222
BR00117026,D12,U2OS,24,amiloride,compound,BRD-K97181089-003-24-7,,['sodium channel blocker'],13.115165,2.706877
BR00117026,D13,U2OS,24,DG-172,compound,BRD-K75748943-300-01-3,,,11.929308,0.697529
BR00117026,D14,U2OS,24,DMSO,compound,,negcon,,13.767473,3.1061888
BR00117026,D15,U2OS,24,DMSO,compound,,negcon,,13.49759,3.7950096
BR00117026,D16,U2OS,24,NVP-ADW742,compound,BRD-K15179513-001-04-2,poscon_cp,,11.328572,0.7240867
BR00117026,D17,U2OS,24,misoprostol,compound,BRD-A72351335-001-04-5,,['prostanoid receptor agonist'],12.574687,2.3556178
BR00117026,D18,U2OS,24,conivaptan,compound,BRD-K37385792-003-02-1,,,12.929354,1.6885885
BR00117026,D19,U2OS,24,spiroxatrine,compound,BRD-A72483914-001-03-7,,['serotonin receptor antagonist'],13.072977,1.4752868
BR00117026,D20,U2OS,24,diacerein,compound,BRD-K69122748-001-10-1,,,13.72398,1.688538
BR00117026,D21,U2OS,24,DMSO,compound,,negcon,,14.6972,2.0659497
BR00117026,D22,U2OS,24,DMSO,compound,,negcon,,14.622177,2.2500796
BR00117026,D23,U2OS,24,glyburide,compound,BRD-K36927236-001-36-7,,['ATP channel blocker'],15.32868,2.4668992
BR00117026,D24,U2OS,24,ANR-94,compound,BRD-K31170746-001-01-6,,,15.945908,4.3710566
BR00117026,E01,U2OS,24,TFC-007,compound,BRD-K57708067-001-01-3,,,14.438951,7.3984623
BR00117026,E02,U2OS,24,trihexyphenidyl,compound,BRD-A48180038-003-24-3,,['acetylcholine receptor antagonist'],11.854261,7.0853925
BR00117026,E03,U2OS,24,epoprostenol,compound,BRD-K64054020-001-02-7,,,12.198785,6.8349347
BR00117026,E04,U2OS,24,sacubitril,compound,BRD-K91456750-001-01-9,,,12.279184,6.5688443
BR00117026,E05,U2OS,24,danusertib,compound,BRD-K07881437-001-03-8,poscon_diverse,"['growth factor receptor inhibitor', 'Aurora kinase inhibitor']",8.679303,4.861009
BR00117026,E06,U2OS,24,CYT-997,compound,BRD-K23363278-001-02-1,poscon_diverse,['tubulin polymerization inhibitor'],7.152047,-0.8704527
BR00117026,E07,U2OS,24,DMSO,compound,,negcon,,12.9391985,4.14881
BR00117026,E08,U2OS,24,BQ-788,compound,BRD-K02490038-236-03-8,,['endothelin receptor antagonist'],11.117224,5.029424
BR00117026,E09,U2OS,24,SB-202190,compound,BRD-K54330070-001-19-6,poscon_orf,['p38 MAPK inhibitor'],11.535993,2.3270772
BR00117026,E10,U2OS,24,GSK2110183,compound,BRD-K25412176-001-01-9,poscon_diverse,,11.068375,2.9661164
BR00117026,E11,U2OS,24,GSK3787,compound,BRD-K03155172-001-03-0,,['PPAR receptor antagonist'],11.562692,2.706248
BR00117026,E12,U2OS,24,BAM7,compound,BRD-K07442505-001-03-6,,,12.678917,3.1802497
BR00117026,E13,U2OS,24,PHA-793887,compound,BRD-K64800655-001-09-0,poscon_diverse,['CDK inhibitor'],7.719075,1.018617
BR00117026,E14,U2OS,24,DMSO,compound,,negcon,,11.50489,4.0911083
BR00117026,E15,U2OS,24,GSK-37647,compound,BRD-K26514105-001-01-7,,['free fatty acid receptor agonist'],11.718556,1.1658419
BR00117026,E16,U2OS,24,desonide,compound,BRD-K21528677-001-04-4,,['glucocorticoid receptor agonist'],10.907553,3.454043
BR00117026,E17,U2OS,24,DMSO,compound,,negcon,,14.020878,4.1093593
BR00117026,E18,U2OS,24,aloxistatin,compound,BRD-K91188791-001-17-5,,,13.986081,3.053954
BR00117026,E19,U2OS,24,azathioprine,compound,BRD-K32821942-001-22-1,,,14.938559,3.6020136
BR00117026,E20,U2OS,24,ZK-93423,compound,BRD-K33882852-003-02-8,poscon_diverse,['benzodiazepine receptor agonist'],14.144067,3.5733385
BR00117026,E21,U2OS,24,BI-2536,compound,BRD-K64890080-001-02-1,poscon_diverse,,7.24697,-0.26028344
BR00117026,E22,U2OS,24,EI1,compound,BRD-K91535048-001-01-2,poscon_cp,['histone lysine methyltransferase inhibitor'],14.343444,1.6429523
BR00117026,E23,U2OS,24,NVP-HSP990,compound,BRD-K67915505-001-01-2,,['HSP inhibitor'],9.284823,0.7783674
BR00117026,E24,U2OS,24,DMSO,compound,,negcon,,15.902114,3.9856453
BR00117026,F01,U2OS,24,DMSO,compound,,negcon,,14.648587,7.404687
BR00117026,F02,U2OS,24,nialamide,compound,BRD-K12102668-001-25-5,,,12.75709,6.942231
BR00117026,F03,U2OS,24,DMSO,compound,,negcon,,12.947963,6.7442384
BR00117026,F04,U2OS,24,arundic-acid,compound,BRD-K49223707-001-01-0,,,12.913811,6.880252
BR00117026,F05,U2OS,24,torcitabine,compound,BRD-K91822704-003-07-2,,,12.466516,6.129835
BR00117026,F06,U2OS,24,DMSO,compound,,negcon,,12.608097,5.517313
BR00117026,F07,U2OS,24,epothilone-b,compound,BRD-K68164687-001-01-6,,"['microtubule stabilizing agent', 'tubulin polymerization inhibitor']",8.24631,0.5005107
BR00117026,F08,U2OS,24,dyphylline,compound,BRD-A00827783-001-24-6,,['phosphodiesterase inhibitor'],12.531442,5.057771
BR00117026,F09,U2OS,24,DMSO,compound,,negcon,,12.402726,4.763595
BR00117026,F10,U2OS,24,quinidine,compound,BRD-K59632282-052-03-1,,['sodium channel blocker'],12.582204,4.8864927
BR00117026,F11,U2OS,24,halopemide,compound,BRD-K50055394-001-03-6,,,10.405702,3.535163
BR00117026,F12,U2OS,24,sulfinpyrazone,compound,BRD-A36217750-001-16-3,,,12.72619,2.4801521
BR00117026,F13,U2OS,24,ML-323,compound,BRD-K93942811-001-01-3,poscon_cp,['ubiquitin specific protease inhibitor'],11.322183,4.693793
BR00117026,F14,U2OS,24,racecadotril,compound,BRD-A08187463-001-12-9,,,12.558818,2.393718
BR00117026,F15,U2OS,24,BRL-50481,compound,BRD-K84266862-001-03-2,,['phosphodiesterase inhibitor'],12.611135,4.181081
BR00117026,F16,U2OS,24,GSK2110183,compound,BRD-K25412176-001-01-9,poscon_diverse,,11.008613,2.8292232
BR00117026,F17,U2OS,24,bufexamac,compound,BRD-K36660044-001-24-2,,['cyclooxygenase inhibitor'],11.823688,2.8297834
BR00117026,F18,U2OS,24,anandamide,compound,BRD-K42352790-001-05-3,,,12.849242,4.0557857
BR00117026,F19,U2OS,24,thioguanine,compound,BRD-K49350383-001-13-7,poscon_diverse,,10.08304,2.2899187
BR00117026,F20,U2OS,24,IWP-L6,compound,BRD-K53234107-001-01-6,,['porcupine inhibitor'],14.9089365,3.8967435
BR00117026,F21,U2OS,24,edoxaban,compound,BRD-K29322660-001-01-9,,['coagulation factor inhibitor'],15.045537,2.5007062
BR00117026,F22,U2OS,24,lonafarnib,compound,BRD-K41599323-001-02-3,poscon_diverse,,10.162233,1.8220907
BR00117026,F23,U2OS,24,ibutamoren,compound,BRD-K44771174-066-01-0,,,15.308521,3.6612065
BR00117026,F24,U2OS,24,somatostatin,compound,BRD-K14681867-001-01-6,,['somatostatin receptor agonist'],16.069094,4.1123104
BR00117026,G01,U2OS,24,L-proline,compound,BRD-K01666412-001-02-0,,,13.644122,7.30992
BR00117026,G02,U2OS,24,zamifenacin,compound,BRD-K80451230-051-02-6,,['acetylcholine receptor antagonist'],11.383918,6.1444755
BR00117026,G03,U2OS,24,YC-1,compound,BRD-K60476892-001-16-1,,,7.233701,0.447146
BR00117026,G04,U2OS,24,DMSO,compound,,negcon,,12.503805,6.831612
BR00117026,G05,U2OS,24,ME-0328,compound,BRD-K24283677-001-01-9,,['PPAR receptor antagonist'],13.765927,6.203918
BR00117026,G06,U2OS,24,NSC-663284,compound,BRD-K03109492-001-02-2,,['CDC inhibitor'],6.248098,2.1054223
BR00117026,G07,U2OS,24,CYM-50358,compound,BRD-K80666802-003-01-0,,,12.43482,2.997001
BR00117026,G08,U2OS,24,trazodone,compound,BRD-K70778732-003-27-5,,"['adrenergic receptor antagonist', 'serotonin receptor antagonist']",11.736825,5.5176787
BR00117026,G09,U2OS,24,DMSO,compound,,negcon,,12.421695,3.945328
BR00117026,G10,U2OS,24,DMSO,compound,,negcon,,12.180342,2.8724284
BR00117026,G11,U2OS,24,sulfasalazine,compound,BRD-K10670311-001-17-1,,['cyclooxygenase inhibitor'],13.314018,5.239299
BR00117026,G12,U2OS,24,"2,5-furandimethanol",compound,BRD-K29791386-001-01-8,,,11.441788,4.0328608
BR00117026,G13,U2OS,24,DMSO,compound,,negcon,,13.355501,4.5122375
BR00117026,G14,U2OS,24,dilazep,compound,BRD-K48722258-300-11-0,,,13.312596,4.9916797
BR00117026,G15,U2OS,24,felodipine,compound,BRD-A30815329-001-12-1,,['calcium channel blocker'],13.5117655,4.707369
BR00117026,G16,U2OS,24,paliperidone,compound,BRD-A99888680-001-05-3,,"['dopamine receptor antagonist', 'serotonin receptor antagonist']",12.386168,3.161229
BR00117026,G17,U2OS,24,purvalanol-a,compound,BRD-K50836978-001-03-3,poscon_orf,['CDK inhibitor'],9.388845,4.1219497
BR00117026,G18,U2OS,24,DMSO,compound,,negcon,,13.369798,2.0508893
BR00117026,G19,U2OS,24,Ro-1138452,compound,BRD-K77220725-003-01-5,,['prostanoid receptor antagonist'],13.111233,1.8470223
BR00117026,G20,U2OS,24,sorbinil,compound,BRD-A89164055-001-03-3,,['aldose reductase inhibitor'],15.163302,2.5779345
BR00117026,G21,U2OS,24,TC-S-7004,compound,BRD-K89517477-001-01-4,poscon_cp,['DYRK inhibitor'],14.228252,1.5496633
BR00117026,G22,U2OS,24,saclofen,compound,BRD-A24122750-001-03-7,,['GABA receptor antagonist'],14.700654,1.9996556
BR00117026,G23,U2OS,24,BAY-87-2243,compound,BRD-K70463136-001-01-5,,,15.29064,2.4989495
BR00117026,G24,U2OS,24,ibudilast,compound,BRD-K16444452-001-09-1,,['phosphodiesterase inhibitor'],15.862497,3.082273
BR00117026,H01,U2OS,24,briciclib,compound,BRD-K05531427-001-01-7,,,7.1419177,-0.73478556
BR00117026,H02,U2OS,24,2-Oleoylglycerol,compound,BRD-K77087341-001-02-4,,,12.604205,7.0220714
BR00117026,H03,U2OS,24,RGFP966,compound,BRD-K61688984-001-02-9,poscon_cp,['HDAC inhibitor'],10.050484,3.761785
BR00117026,H04,U2OS,24,DMSO,compound,,negcon,,11.531087,6.2101135
BR00117026,H05,U2OS,24,azacitidine,compound,BRD-K03406345-001-21-1,poscon_diverse,,10.553505,2.4523096
BR00117026,H06,U2OS,24,N6-cyclopentyladenosine,compound,BRD-K60150510-001-15-6,,,8.492606,2.3782396
BR00117026,H07,U2OS,24,filgotinib,compound,BRD-K16803204-001-01-6,poscon_cp,['JAK inhibitor'],12.641521,5.0097246
BR00117026,H08,U2OS,24,guanidine,compound,BRD-K76037122-001-02-5,,['HSP inhibitor'],12.759744,5.0105147
BR00117026,H09,U2OS,24,coumarin,compound,BRD-K23913458-001-20-7,,,11.753521,4.9072814
BR00117026,H10,U2OS,24,DMSO,compound,,negcon,,11.391722,5.4884825
BR00117026,H11,U2OS,24,ZM-336372,compound,BRD-K73789395-001-09-9,poscon_orf,['RAF inhibitor'],12.408976,2.761656
BR00117026,H12,U2OS,24,citric-acid,compound,BRD-K76792669-001-08-1,,['coagulation factor inhibitor'],13.1019,4.696728
BR00117026,H13,U2OS,24,DMSO,compound,,negcon,,12.630791,5.2528996
BR00117026,H14,U2OS,24,CCG-63802,compound,BRD-K26970495-001-02-7,,['G protein signaling inhibitor'],11.523025,4.9228106
BR00117026,H15,U2OS,24,ibutilide,compound,BRD-A74391928-051-03-9,,['potassium channel blocker'],12.535686,3.3341668
BR00117026,H16,U2OS,24,batimastat,compound,BRD-K82818427-001-04-8,,['matrix metalloprotease inhibitor'],10.051558,2.5858274
BR00117026,H17,U2OS,24,DMSO,compound,,negcon,,11.740298,3.6977153
BR00117026,H18,U2OS,24,DMSO,compound,,negcon,,11.423785,4.0626636
BR00117026,H19,U2OS,24,UNC1999,compound,BRD-K26989966-001-04-3,poscon_cp,['histone lysine methyltransferase inhibitor'],7.2055936,0.6483701
BR00117026,H20,U2OS,24,glutamine-(l),compound,BRD-K83896451-001-06-7,,,13.819654,2.1868174
BR00117026,H21,U2OS,24,PD-98059,compound,BRD-K62810658-001-11-4,poscon_orf,,14.861464,2.213466
BR00117026,H22,U2OS,24,enilconazole,compound,BRD-K01825690-065-01-9,,,15.0851345,2.158566
BR00117026,H23,U2OS,24,N-alpha-Methylhistamine-dihydrochloride,compound,BRD-K75390981-300-04-9,,['histamine receptor agonist'],14.759468,2.0577183
BR00117026,H24,U2OS,24,GK921,compound,BRD-K38272302-001-02-7,,,8.986037,1.1603619
BR00117026,I01,U2OS,24,nilvadipine,compound,BRD-A84687895-001-03-2,,['calcium channel blocker'],14.457969,7.235647
BR00117026,I02,U2OS,24,DMSO,compound,,negcon,,11.524622,6.777214
BR00117026,I03,U2OS,24,AC-710,compound,BRD-K15819326-001-01-6,,['PDGFR tyrosine kinase receptor inhibitor'],10.76682,0.4182719
BR00117026,I04,U2OS,24,PETCM,compound,BRD-A93477898-001-04-2,,,12.20999,6.5934415
BR00117026,I05,U2OS,24,AZD7762,compound,BRD-K86525559-001-07-8,poscon_diverse,['CHK inhibitor'],5.3180914,0.8572498
BR00117026,I06,U2OS,24,PHA-793887,compound,BRD-K64800655-001-09-0,poscon_diverse,['CDK inhibitor'],7.694283,1.1034368
BR00117026,I07,U2OS,24,KU-60019,compound,BRD-K36016295-001-05-2,,['ATM kinase inhibitor'],9.7463,0.92616165
BR00117026,I08,U2OS,24,nafamostat,compound,BRD-K06674495-334-04-0,,,10.466091,3.5072834
BR00117026,I09,U2OS,24,DMSO,compound,,negcon,,11.255167,4.769396
BR00117026,I10,U2OS,24,DMSO,compound,,negcon,,11.2076,4.8690324
BR00117026,I11,U2OS,24,taladegib,compound,BRD-K50498985-001-03-3,,['smoothened receptor antagonist'],11.457837,4.6647606
BR00117026,I12,U2OS,24,acetohexamide,compound,BRD-K52960356-001-13-0,,['ATP channel blocker'],11.06785,5.093168
BR00117026,I13,U2OS,24,minocycline,compound,BRD-A69651145-003-11-4,,,10.715758,3.8930056
BR00117026,I14,U2OS,24,BI-2536,compound,BRD-K64890080-001-02-1,poscon_diverse,,7.30954,-0.24464981
BR00117026,I15,U2OS,24,riociguat,compound,BRD-K84783599-001-01-0,,,12.814673,2.5746346
BR00117026,I16,U2OS,24,CP-724714,compound,BRD-K76908866-001-07-6,poscon_cp,"['EGFR inhibitor', 'protein tyrosine kinase inhibitor']",12.474321,3.4310374
BR00117026,I17,U2OS,24,ganetespib,compound,BRD-K38852836-001-04-9,poscon_diverse,['HSP inhibitor'],9.216752,0.70685977
BR00117026,I18,U2OS,24,AZ191,compound,BRD-K80935598-001-01-1,poscon_cp,['DYRK inhibitor'],11.218646,0.17220613
BR00117026,I19,U2OS,24,BAX-channel-blocker,compound,BRD-A18763547-300-06-3,,,10.73829,0.3964928
BR00117026,I20,U2OS,24,SU3327,compound,BRD-K32730239-001-01-0,,['JNK inhibitor'],5.549196,1.0467383
BR00117026,I21,U2OS,24,DMSO,compound,,negcon,,15.064629,2.3587337
BR00117026,I22,U2OS,24,DMSO,compound,,negcon,,14.20493,2.2425873
BR00117026,I23,U2OS,24,octreotide,compound,BRD-A64173453-015-03-1,,['somatostatin receptor agonist'],15.319213,2.5844893
BR00117026,I24,U2OS,24,1-octanol,compound,BRD-K09338665-001-08-9,,,15.412075,3.6757994
BR00117026,J01,U2OS,24,acalabrutinib,compound,BRD-K64034691-001-01-9,,"[""Bruton's tyrosine kinase (BTK) inhibitor""]",14.56085,7.466994
BR00117026,J02,U2OS,24,rifamycin,compound,BRD-K38512030-001-01-7,,,13.124992,6.7800236
BR00117026,J03,U2OS,24,pazopanib,compound,BRD-K74514084-003-09-2,,"['KIT inhibitor', 'VEGFR inhibitor', 'PDGFR tyrosine kinase receptor inhibitor']",10.518308,2.7902975
BR00117026,J04,U2OS,24,RKI-1447,compound,BRD-K19333160-001-01-3,poscon_cp,,8.00041,2.9510777
BR00117026,J05,U2OS,24,vitamin-E,compound,BRD-K97091514-001-11-4,,['PKC inhibitor'],5.5449057,0.71312374
BR00117026,J06,U2OS,24,lonafarnib,compound,BRD-K41599323-001-02-3,poscon_diverse,,8.973833,2.018349
BR00117026,J07,U2OS,24,ethyl-pyruvate,compound,BRD-K47738867-001-01-5,,,7.524509,0.39086637
BR00117026,J08,U2OS,24,picrotin,compound,BRD-A91822151-001-05-0,,['GABA receptor antagonist'],8.484385,2.2674012
BR00117026,J09,U2OS,24,SGX523,compound,BRD-K19477839-001-07-6,poscon_cp,,13.109359,4.998562
BR00117026,J10,U2OS,24,PP-2,compound,BRD-K95785537-001-22-3,,['src inhibitor'],11.669852,1.5204874
BR00117026,J11,U2OS,24,ME-0328,compound,BRD-A63444178-001-01-5,,['PPAR receptor antagonist'],7.294566,2.3558142
BR00117026,J12,U2OS,24,AZD9668,compound,BRD-K31476763-001-01-5,,['elastase inhibitor'],12.020384,4.4780874
BR00117026,J13,U2OS,24,NQDI-1,compound,BRD-K61918008-001-07-1,,,10.603861,3.7644885
BR00117026,J14,U2OS,24,DMSO,compound,,negcon,,11.129484,5.236452
BR00117026,J15,U2OS,24,carzenide,compound,BRD-K09295674-001-09-8,,,13.000115,2.5900972
BR00117026,J16,U2OS,24,KU-55933,compound,BRD-K25311561-001-10-7,,['ATM kinase inhibitor'],11.569028,1.7618356
BR00117026,J17,U2OS,24,NVP-AEW541,compound,BRD-K24696047-001-02-3,poscon_cp,['IGF-1 inhibitor'],11.197742,1.1164947
BR00117026,J18,U2OS,24,leflunomide,compound,BRD-K78692225-001-24-5,,['PDGFR tyrosine kinase receptor inhibitor'],13.322742,3.978524
BR00117026,J19,U2OS,24,DMSO,compound,,negcon,,14.291315,3.3479776
BR00117026,J20,U2OS,24,azacitidine,compound,BRD-K03406345-001-21-1,poscon_diverse,,13.056743,0.059137203
BR00117026,J21,U2OS,24,ixabepilone,compound,BRD-K03601870-001-01-2,,['microtubule stabilizing agent'],7.260598,-0.44043523
BR00117026,J22,U2OS,24,KH-CB19,compound,BRD-K66430217-001-03-8,poscon_cp,['CDC inhibitor'],14.561229,2.0182724
BR00117026,J23,U2OS,24,DMSO,compound,,negcon,,15.887259,3.700453
BR00117026,J24,U2OS,24,PF-05190457,compound,BRD-K02554563-001-01-6,,,15.775725,4.0348673
BR00117026,K01,U2OS,24,LDN-212854,compound,BRD-K59831625-001-03-9,,,5.8050704,1.6370916
BR00117026,K02,U2OS,24,formononetin,compound,BRD-K55567017-001-12-3,,['alcohol dehydrogenase inhibitor'],11.874361,6.44246
BR00117026,K03,U2OS,24,aminopurvalanol-a,compound,BRD-K07762753-001-05-1,poscon_orf,['CDK inhibitor'],9.153533,4.2777977
BR00117026,K04,U2OS,24,ruxolitinib,compound,BRD-K53972329-001-01-3,poscon_cp,['JAK inhibitor'],10.230065,3.4370353
BR00117026,K05,U2OS,24,DMSO,compound,,negcon,,8.598457,2.345445
BR00117026,K06,U2OS,24,DMSO,compound,,negcon,,8.669676,2.4044974
BR00117026,K07,U2OS,24,LGK-974,compound,BRD-K16810791-001-01-0,,['porcupine inhibitor'],8.694505,2.3585758
BR00117026,K08,U2OS,24,polydatin,compound,BRD-K43236057-001-07-1,,['ICAM1 expression inhibitor'],9.364285,1.6274277
BR00117026,K09,U2OS,24,enflurane,compound,BRD-A51831848-001-01-7,,,8.623914,2.3929243
BR00117026,K10,U2OS,24,PFI-1,compound,BRD-K13094524-001-04-2,poscon_cp,,12.479766,3.508289
BR00117026,K11,U2OS,24,AZD7762,compound,BRD-K86525559-001-07-8,poscon_diverse,['CHK inhibitor'],5.441782,0.968323
BR00117026,K12,U2OS,24,sotrastaurin,compound,BRD-K16761703-001-03-8,,['PKC inhibitor'],12.190029,1.9924945
BR00117026,K13,U2OS,24,DMSO,compound,,negcon,,13.433415,4.8186216
BR00117026,K14,U2OS,24,cycloheximide,compound,BRD-K36055864-001-20-0,,['protein synthesis inhibitor'],9.891445,2.3726134
BR00117026,K15,U2OS,24,oxytocin,compound,BRD-K25243230-001-01-2,,,11.337823,4.816488
BR00117026,K16,U2OS,24,DMSO,compound,,negcon,,8.061706,1.7634168
BR00117026,K17,U2OS,24,colchicine,compound,BRD-K00259736-001-16-4,,,7.1215315,-0.79429686
BR00117026,K18,U2OS,24,afimoxifene,compound,BRD-K04210847-001-21-9,,,11.174807,4.6648374
BR00117026,K19,U2OS,24,DMSO,compound,,negcon,,13.358946,2.3321793
BR00117026,K20,U2OS,24,ZK-93423,compound,BRD-K33882852-003-02-8,poscon_diverse,['benzodiazepine receptor agonist'],13.955329,3.7227132
BR00117026,K21,U2OS,24,RGB-286638,compound,BRD-K20986415-001-02-6,,['CDK inhibitor'],8.120261,1.1985958
BR00117026,K22,U2OS,24,FPS-ZM1,compound,BRD-K87691185-001-01-2,,['RAGE receptor antagonist'],12.365542,1.3044802
BR00117026,K23,U2OS,24,flindokalner,compound,BRD-K56740996-001-02-1,,,13.282898,1.3725861
BR00117026,K24,U2OS,24,motesanib,compound,BRD-K99616396-316-05-3,,"['KIT inhibitor', 'VEGFR inhibitor', 'PDGFR tyrosine kinase receptor inhibitor']",15.423791,3.9832888
BR00117026,L01,U2OS,24,geldanamycin,compound,BRD-K43570081-001-02-4,,['HSP inhibitor'],9.310616,0.68222445
BR00117026,L02,U2OS,24,DMSO,compound,,negcon,,12.859157,6.892382
BR00117026,L03,U2OS,24,CGP-53353,compound,BRD-K32292990-001-03-6,,"['PKC inhibitor', 'EGFR inhibitor']",11.695067,6.6019635
BR00117026,L04,U2OS,24,7-hydroxystaurosporine,compound,BRD-K45293975-001-02-0,,"['CDK inhibitor', 'PKC inhibitor', 'CHK inhibitor']",6.336161,1.239497
BR00117026,L05,U2OS,24,DMSO,compound,,negcon,,8.512224,2.2472825
BR00117026,L06,U2OS,24,DMSO,compound,,negcon,,8.5131855,2.2704725
BR00117026,L07,U2OS,24,efaproxiral,compound,BRD-K37355418-236-01-6,,,8.492901,2.2211237
BR00117026,L08,U2OS,24,SB-203580,compound,BRD-A37704979-001-12-3,poscon_orf,['p38 MAPK inhibitor'],10.9536295,2.0743034
BR00117026,L09,U2OS,24,FK-866,compound,BRD-K58550667-001-08-7,poscon_diverse,,11.318473,3.900063
BR00117026,L10,U2OS,24,bepridil,compound,BRD-A91008255-003-24-8,,['calcium channel blocker'],11.709946,3.0005012
BR00117026,L11,U2OS,24,delanzomib,compound,BRD-K59325863-001-04-4,,,5.4042788,0.678042
BR00117026,L12,U2OS,24,buparlisib,compound,BRD-K42191735-001-08-7,poscon_diverse,,7.013697,-0.6430775
BR00117026,L13,U2OS,24,phenylbutazone,compound,BRD-K10843433-001-23-5,,"['cyclooxygenase inhibitor', 'prostanoid receptor antagonist']",8.950552,4.998891
BR00117026,L14,U2OS,24,deferasirox,compound,BRD-K97010173-001-04-1,,,13.2982435,4.456741
BR00117026,L15,U2OS,24,DMSO,compound,,negcon,,12.978589,5.0356417
BR00117026,L16,U2OS,24,cediranib,compound,BRD-K86930074-001-05-0,,"['KIT inhibitor', 'VEGFR inhibitor']",11.563619,0.97468036
BR00117026,L17,U2OS,24,isoflurane,compound,BRD-A31564021-001-02-6,,,13.961482,3.2381463
BR00117026,L18,U2OS,24,DMSO,compound,,negcon,,12.812299,2.581757
BR00117026,L19,U2OS,24,CCG-50014,compound,BRD-K08893438-001-06-4,,['G protein signaling inhibitor'],13.99889,2.2324853
BR00117026,L20,U2OS,24,PF-431396,compound,BRD-K93788137-001-04-1,,,8.52126,4.6867957
BR00117026,L21,U2OS,24,TG-02,compound,BRD-K14560436-001-01-4,,"['CDK inhibitor', 'FLT3 inhibitor', 'JAK inhibitor']",7.6593466,0.985643
BR00117026,L22,U2OS,24,baclofen,compound,BRD-K01826724-003-07-9,,['benzodiazepine receptor agonist'],14.020175,1.7801768
BR00117026,L23,U2OS,24,thiostrepton,compound,BRD-A20697603-001-07-2,,['protein synthesis inhibitor'],10.43976,1.2604495
BR00117026,L24,U2OS,24,flufenamic-acid,compound,BRD-K44067360-001-29-5,,,15.526412,3.504927
BR00117026,M01,U2OS,24,DMSO,compound,,negcon,,14.5243435,7.4026456
BR00117026,M02,U2OS,24,LY2109761,compound,BRD-K47557313-001-02-7,,,10.039847,3.327406
BR00117026,M03,U2OS,24,olopatadine,compound,BRD-K67637637-003-11-8,,['histamine receptor antagonist'],12.138411,7.218642
BR00117026,M04,U2OS,24,DMSO,compound,,negcon,,12.130354,6.638715
BR00117026,M05,U2OS,24,castanospermine,compound,BRD-K20897876-001-11-8,,['glucosidase inhibitor'],12.0537815,7.0231786
BR00117026,M06,U2OS,24,A205804,compound,BRD-K77627880-001-04-0,,['ICAM1 expression inhibitor'],12.821919,5.616387
BR00117026,M07,U2OS,24,VU591,compound,BRD-K72063794-003-01-0,,['potassium channel blocker'],8.588894,2.3305883
BR00117026,M08,U2OS,24,dalbavancin,compound,BRD-K30177383-001-01-0,,['bacterial cell wall synthesis inhibitor'],8.5890665,2.2996616
BR00117026,M09,U2OS,24,CC-401,compound,BRD-K45746021-003-01-9,,['JNK inhibitor'],8.843936,2.0649338
BR00117026,M10,U2OS,24,ganetespib,compound,BRD-K38852836-001-04-9,poscon_diverse,['HSP inhibitor'],9.285953,0.6506504
BR00117026,M11,U2OS,24,ingenol-mebutate,compound,BRD-K93779381-001-01-9,,,11.098457,3.755251
BR00117026,M12,U2OS,24,menadione,compound,BRD-K78126613-001-27-7,,,9.562048,3.3850493
BR00117026,M13,U2OS,24,cetilistat,compound,BRD-K94863486-001-02-2,,,6.260191,0.92838657
BR00117026,M14,U2OS,24,methoxsalen,compound,BRD-K63430059-001-16-4,,['DNA synthesis inhibitor'],12.704096,2.273913
BR00117026,M15,U2OS,24,cyclosporine,compound,BRD-K13533483-001-16-2,,,10.014302,2.3963146
BR00117026,M16,U2OS,24,NSC-632839,compound,BRD-K81197548-003-01-4,poscon_cp,['ubiquitin specific protease inhibitor'],5.6027374,0.54397583
BR00117026,M17,U2OS,24,DMSO,compound,,negcon,,13.164165,2.6145194
BR00117026,M18,U2OS,24,TG-003,compound,BRD-K97072811-001-11-4,poscon_cp,,13.57247,2.8945568
BR00117026,M19,U2OS,24,oxibendazole,compound,BRD-K52075715-001-06-7,,['tubulin polymerization inhibitor'],7.1420975,-0.77160525
BR00117026,M20,U2OS,24,TG-101348,compound,BRD-K12502280-001-11-4,poscon_cp,"['JAK inhibitor', 'FLT3 inhibitor']",7.1150937,0.49714348
BR00117026,M21,U2OS,24,miglitol,compound,BRD-A63310107-001-04-8,,['glucosidase inhibitor'],14.907313,1.8855034
BR00117026,M22,U2OS,24,DMSO,compound,,negcon,,14.244438,1.7467272
BR00117026,M23,U2OS,24,DMSO,compound,,negcon,,15.274814,2.5822322
BR00117026,M24,U2OS,24,tranilast,compound,BRD-K17849083-001-32-9,,,15.33383,4.336507
BR00117026,N01,U2OS,24,4-methylhistamine,compound,BRD-K70821460-300-02-4,,['histamine receptor agonist'],14.990126,7.368914
BR00117026,N02,U2OS,24,LDN-27219,compound,BRD-K51485109-001-01-4,,,11.882732,7.0487056
BR00117026,N03,U2OS,24,anisomycin,compound,BRD-K91370081-001-25-1,,['DNA synthesis inhibitor'],6.836653,1.0021276
BR00117026,N04,U2OS,24,thioguanine,compound,BRD-K49350383-001-13-7,poscon_diverse,,10.212135,2.7126582
BR00117026,N05,U2OS,24,droxinostat,compound,BRD-K11558771-001-13-9,,['HDAC inhibitor'],12.989448,6.5426593
BR00117026,N06,U2OS,24,UNC2025,compound,BRD-K91283740-003-01-6,poscon_cp,['FLT3 inhibitor'],8.843377,1.2550778
BR00117026,N07,U2OS,24,DMSO,compound,,negcon,,13.3560705,6.491913
BR00117026,N08,U2OS,24,DMSO,compound,,negcon,,12.163041,4.875551
BR00117026,N09,U2OS,24,AMG900,compound,BRD-K21728777-001-02-3,poscon_cp,['Aurora kinase inhibitor'],8.883484,5.0032234
BR00117026,N10,U2OS,24,PF-06463922,compound,BRD-A23124853-001-01-4,,['ALK tyrosine kinase receptor inhibitor'],10.548168,2.7358751
BR00117026,N11,U2OS,24,orantinib,compound,BRD-K55966568-001-09-6,poscon_cp,"['FGFR inhibitor', 'PDGFR tyrosine kinase receptor inhibitor', 'VEGFR inhibitor']",12.610538,3.769758
BR00117026,N12,U2OS,24,fludarabine-phosphate,compound,BRD-K71106091-001-09-5,,['ribonucleotide reductase inhibitor'],10.01055,5.4744263
BR00117026,N13,U2OS,24,ceritinib,compound,BRD-K22149900-001-06-2,,['ALK tyrosine kinase receptor inhibitor'],11.187745,2.059298
BR00117026,N14,U2OS,24,NVS-PAK1-1,compound,BRD-K28132190-001-02-0,poscon_cp,['p21 activated kinase inhibitor'],12.2616005,1.1632795
BR00117026,N15,U2OS,24,homoharringtonine,compound,BRD-K76674262-001-03-3,,['protein synthesis inhibitor'],6.9621863,1.2101483
BR00117026,N16,U2OS,24,picrotoxinin,compound,BRD-K36461289-001-05-8,,['GABA receptor antagonist'],14.224599,2.7548182
BR00117026,N17,U2OS,24,DMSO,compound,,negcon,,14.651217,2.0326664
BR00117026,N18,U2OS,24,danusertib,compound,BRD-K07881437-001-03-8,poscon_diverse,"['growth factor receptor inhibitor', 'Aurora kinase inhibitor']",8.699531,4.8787365
BR00117026,N19,U2OS,24,romidepsin,compound,BRD-K61397605-001-01-8,poscon_cp,['HDAC inhibitor'],6.317628,1.1947005
BR00117026,N20,U2OS,24,FERb-033,compound,BRD-K61642990-001-01-0,poscon_cp,['EGFR inhibitor'],12.528847,1.4791257
BR00117026,N21,U2OS,24,PF-03758309,compound,BRD-K37764012-001-03-3,poscon_diverse,['p21 activated kinase inhibitor'],7.6478405,0.9791407
BR00117026,N22,U2OS,24,DMSO,compound,,negcon,,14.253604,1.6556205
BR00117026,N23,U2OS,24,trometamol,compound,BRD-K47978074-001-03-2,,,14.46519,1.7324167
BR00117026,N24,U2OS,24,simvastatin,compound,BRD-K22134346-001-22-3,,['HMGCR inhibitor'],15.292734,4.1894345
BR00117026,O01,U2OS,24,zaprinast,compound,BRD-K16542329-001-16-8,,['phosphodiesterase inhibitor'],15.006976,7.42947
BR00117026,O02,U2OS,24,dexamethasone,compound,BRD-A10188456-001-04-9,,['glucocorticoid receptor agonist'],14.524053,7.4800344
BR00117026,O03,U2OS,24,salicylic-acid,compound,BRD-K93632104-001-17-2,,['cyclooxygenase inhibitor'],12.830367,7.1358747
BR00117026,O04,U2OS,24,diltiazem,compound,BRD-A69636825-003-04-7,,['calcium channel blocker'],12.341491,7.162364
BR00117026,O05,U2OS,24,phenolphthalein,compound,BRD-K19227686-001-18-6,,,12.730915,6.6890845
BR00117026,O06,U2OS,24,niflumic-acid,compound,BRD-K98763141-001-30-8,,['cyclooxygenase inhibitor'],12.048886,5.5278196
BR00117026,O07,U2OS,24,DMSO,compound,,negcon,,12.934799,6.8119206
BR00117026,O08,U2OS,24,L-Cystine,compound,BRD-A15397381-001-02-5,,,13.48153,4.4788046
BR00117026,O09,U2OS,24,ozanimod,compound,BRD-K46625559-001-01-8,,['sphingosine 1 phosphate receptor agonist'],11.85388,0.67974854
BR00117026,O10,U2OS,24,efaroxan,compound,BRD-A10739734-003-09-8,,['adrenergic receptor antagonist'],13.229086,2.4087944
BR00117026,O11,U2OS,24,NBQX,compound,BRD-K11796549-001-05-2,,['glutamate receptor antagonist'],13.137573,2.5835693
BR00117026,O12,U2OS,24,dinoprostone,compound,BRD-K26521938-001-07-2,,['prostanoid receptor agonist'],14.381047,5.9489613
BR00117026,O13,U2OS,24,Ro-20-1724,compound,BRD-A07207424-001-14-0,,['phosphodiesterase inhibitor'],14.365137,3.0379171
BR00117026,O14,U2OS,24,xanomeline,compound,BRD-K72815923-034-02-0,,['acetylcholine receptor agonist'],13.44953,2.326212
BR00117026,O15,U2OS,24,terazosin,compound,BRD-K01825589-310-02-9,,['adrenergic receptor antagonist'],14.559525,2.9068131
BR00117026,O16,U2OS,24,BVT-948,compound,BRD-K68567222-001-01-2,,,7.0344167,2.5110564
BR00117026,O17,U2OS,24,nicotine,compound,BRD-K01825660-322-01-9,,['acetylcholine receptor agonist'],14.648171,3.345613
BR00117026,O18,U2OS,24,DMSO,compound,,negcon,,13.49228,2.8318279
BR00117026,O19,U2OS,24,U-0521,compound,BRD-K08953028-001-09-6,,,15.062265,3.4682255
BR00117026,O20,U2OS,24,BMS-587101,compound,BRD-K20093108-001-02-3,,,15.456846,3.7725375
BR00117026,O21,U2OS,24,nimodipine,compound,BRD-A58048407-001-20-4,,['calcium channel blocker'],14.816533,2.4209638
BR00117026,O22,U2OS,24,pyrrolidine-dithiocarbamate,compound,BRD-K80970344-201-08-6,,,14.056048,5.0313253
BR00117026,O23,U2OS,24,PF-915275,compound,BRD-K18289362-001-02-2,,,15.536433,2.621789
BR00117026,O24,U2OS,24,JTE-013,compound,BRD-K43330982-001-02-3,,,15.822103,4.8573346
BR00117026,P01,U2OS,24,sodium-butyrate,compound,BRD-K05878375-236-05-7,,['HDAC inhibitor'],15.251399,7.315621
BR00117026,P02,U2OS,24,pentostatin,compound,BRD-K91543828-001-02-0,,['ribonucleotide reductase inhibitor'],15.008961,7.1941967
BR00117026,P03,U2OS,24,OMDM-2,compound,BRD-K48830578-001-01-9,,,15.270733,7.0585947
BR00117026,P04,U2OS,24,nalmefene,compound,BRD-A72767275-003-01-6,,,15.081824,6.887902
BR00117026,P05,U2OS,24,DMSO,compound,,negcon,,15.07272,6.830714
BR00117026,P06,U2OS,24,1-EBIO,compound,BRD-K70586315-001-02-4,,,15.054467,6.883218
BR00117026,P07,U2OS,24,SB-505124,compound,BRD-K40109029-001-02-9,,['ALK tyrosine kinase receptor inhibitor'],15.178748,6.653349
BR00117026,P08,U2OS,24,prasugrel,compound,BRD-A83029242-001-06-1,,['purinergic receptor antagonist'],15.348582,6.643557
BR00117026,P09,U2OS,24,pidolic-acid,compound,BRD-K57313110-001-06-8,,,15.487827,6.5202675
BR00117026,P10,U2OS,24,DMSO,compound,,negcon,,15.547221,6.7688956
BR00117026,P11,U2OS,24,nevirapine,compound,BRD-K15502390-001-20-9,,,15.624805,6.5470867
BR00117026,P12,U2OS,24,triamterene,compound,BRD-K92049597-001-20-8,,['sodium channel blocker'],15.618853,6.171944
BR00117026,P13,U2OS,24,regorafenib,compound,BRD-K16730910-001-07-3,,"['PDGFR tyrosine kinase receptor inhibitor', 'RAF inhibitor', 'KIT inhibitor', 'RET tyrosine kinase inhibitor', 'FGFR inhibitor', 'VEGFR inhibitor']",15.571174,5.6855707
BR00117026,P14,U2OS,24,cyclophosphamide,compound,BRD-A09722536-002-18-0,,,15.744126,6.111855
BR00117026,P15,U2OS,24,olanzapine,compound,BRD-K18895904-001-16-1,,"['dopamine receptor antagonist', 'serotonin receptor antagonist']",15.739046,6.3335
BR00117026,P16,U2OS,24,KI-16425,compound,BRD-A25569250-001-03-3,,['lysophosphatidic acid receptor antagonist'],15.98766,5.62735
BR00117026,P17,U2OS,24,SKLB1002,compound,BRD-K29895144-001-01-0,,['VEGFR inhibitor'],15.861484,5.9557548
BR00117026,P18,U2OS,24,cilostazol,compound,BRD-K67017579-001-28-1,,['phosphodiesterase inhibitor'],15.922721,5.753136
BR00117026,P19,U2OS,24,AZD1283,compound,BRD-K77060810-001-01-5,,['purinergic receptor antagonist'],16.226353,5.2489443
BR00117026,P20,U2OS,24,A-987306,compound,BRD-K68982262-001-01-4,,['histamine receptor antagonist'],16.200521,5.221983
BR00117026,P21,U2OS,24,procaine,compound,BRD-K24616672-003-20-1,,['HMGCR inhibitor'],16.140987,5.001362
BR00117026,P22,U2OS,24,miconazole,compound,BRD-A82396632-008-30-8,,['bacterial cell wall synthesis inhibitor'],15.887646,5.47776
BR00117026,P23,U2OS,24,loperamide,compound,BRD-K61250553-003-30-6,,,16.220463,4.361278
BR00117026,P24,U2OS,24,aripiprazole,compound,BRD-K70358946-001-17-3,,['serotonin receptor antagonist'],8.822549,2.2941358
