model,cell_type,agg,fs,norm1,norm2,task,mAP,frac_retrievable,n_groups,n_queries,nn_k1,nn_k2,nn_k3,nn_k4,nn_k5,nn_k6,nn_k7,nn_k8,nn_k9,nn_k10,nn_k11,nn_k12,nn_k13,nn_k14,nn_k15,nn_k16,nn_k17,nn_k18,nn_k19,nn_k20,nn_k21,nn_k22,nn_k23,nn_k24,nn_k25,nn_k26,nn_k27,nn_k28,nn_k29,nn_k30,nn_k31,nn_k32,nn_k33,nn_k34,nn_k35,nn_k36,nn_k37,nn_k38,nn_k39,nn_k40,nn_k41,nn_k42,nn_k43,nn_k44,nn_k45,nn_k46,nn_k47,nn_k48,nn_k49,nn_k50
cellprofiler,A549,median,0,PCA,mad_robustize,replicate,0.290066289485904,0.6258278145695364,302,2559,0.4486127393513091,0.4978507229386479,0.5220789370847988,0.5349745994529113,0.5490425947635795,0.5599843688940993,0.5697538100820633,0.579914028917546,0.5908558030480656,0.5978898007033998,0.6076592418913638,0.6158655724892537,0.620945681906995,0.6248534583821805,0.6295427901524033,0.6338413442751074,0.6381398983978116,0.6416568972254787,0.6475185619382572,0.6518171160609613,0.6568972254787027,0.6615865572489253,0.6662758890191481,0.671746776084408,0.6744822196170379,0.6776084407971864,0.6807346619773349,0.6850332161000391,0.6885502149277062,0.6932395466979289,0.6959749902305589,0.6991012114107074,0.7026182102383743,0.7057444314185228,0.7076983196561156,0.7108245408362641,0.7151230949589683,0.7182493161391168,0.7221570926143025,0.725283313794451,0.7284095349745995,0.7311449785072294,0.7327080890973037,0.7362250879249707,0.7389605314576007,0.7401328644001564,0.741305197342712,0.7424775302852676,0.744822196170379,0.7467760844079718
cellprofiler,A549,median,0,PCA,mad_robustize,moa,0.1399523891434743,0.1818181818181818,77,1847,0.5213622291021672,0.5739938080495356,0.5969040247678019,0.6235294117647059,0.6408668730650154,0.6544891640866873,0.669969040247678,0.6823529411764706,0.6873065015479877,0.6959752321981424,0.708359133126935,0.7195046439628483,0.730030959752322,0.7380804953560371,0.746749226006192,0.7560371517027864,0.7647058823529411,0.7702786377708978,0.7795665634674923,0.7832817337461301,0.788235294117647,0.7931888544891641,0.7962848297213623,0.8030959752321981,0.8061919504643963,0.8136222910216718,0.81671826625387,0.8235294117647058,0.8278637770897833,0.8315789473684211,0.8371517027863777,0.8383900928792569,0.8408668730650155,0.8427244582043344,0.8470588235294118,0.8513931888544891,0.853250773993808,0.8569659442724458,0.8588235294117647,0.860061919504644,0.8637770897832817,0.8656346749226006,0.8674922600619195,0.8705882352941177,0.8724458204334365,0.8767801857585139,0.8767801857585139,0.8804953560371517,0.881733746130031,0.8823529411764706
cellprofiler,A549,median,0,PCA,standardize,replicate,0.2055817396110701,0.4072847682119205,302,2559,0.4443141852286049,0.488862837045721,0.5220789370847988,0.5365377100429856,0.5513872606486909,0.5670183665494334,0.5814771395076201,0.5912465806955842,0.6010160218835483,0.6131301289566237,0.6244626807346619,0.6314966783899961,0.6393122313403673,0.6459554513481829,0.6506447831184057,0.6549433372411098,0.661977334896444,0.6666666666666666,0.6744822196170379,0.6834701055099648,0.6858147713950762,0.6901133255177804,0.6928487690504103,0.6963657678780774,0.7018366549433372,0.7092614302461899,0.7131692067213755,0.7178585384915983,0.7233294255568582,0.7299726455646737,0.731535756154748,0.7393513091051191,0.7440406408753419,0.7463853067604533,0.7502930832356389,0.7530285267682688,0.7565455255959359,0.7596717467760844,0.7647518561938257,0.7682688550214928,0.7713950762016413,0.7753028526768269,0.7780382962094569,0.7811645173896054,0.7842907385697538,0.7866354044548651,0.788589292692458,0.7897616256350137,0.7932786244626807,0.7944509574052364
cellprofiler,A549,median,0,PCA,standardize,moa,0.1060372993148714,0.1428571428571428,77,1847,0.5157894736842106,0.5746130030959752,0.6210526315789474,0.6476780185758514,0.6743034055727554,0.6928792569659443,0.7108359133126935,0.7287925696594427,0.7405572755417956,0.7535603715170278,0.7634674922600619,0.7696594427244582,0.7770897832817337,0.7876160990712074,0.795046439628483,0.8012383900928792,0.8105263157894737,0.8179566563467492,0.8272445820433436,0.8340557275541796,0.8390092879256966,0.8439628482972136,0.848297213622291,0.8563467492260062,0.8588235294117647,0.8637770897832817,0.8656346749226006,0.8687306501547988,0.871826625386997,0.8761609907120743,0.8811145510835914,0.8848297213622291,0.8879256965944272,0.8910216718266254,0.8941176470588236,0.8959752321981425,0.8972136222910216,0.8984520123839009,0.9021671826625388,0.908359133126935,0.9108359133126936,0.9126934984520124,0.9176470588235294,0.9195046439628484,0.920123839009288,0.9226006191950464,0.9238390092879256,0.9263157894736842,0.9281733746130032,0.9294117647058824
cellprofiler,A549,median,0,ZCA,mad_robustize,replicate,0.311135632134161,0.695364238410596,302,2559,0.4728409534974599,0.5232512700273544,0.5431809300508011,0.5642829230168034,0.5783509183274717,0.5853849159828057,0.5963266901133255,0.6068776865963267,0.6170379054318093,0.6248534583821805,0.6330597889800703,0.6389214536928488,0.6424384525205158,0.6514263384134428,0.6572880031262212,0.6631496678389996,0.6678389996092223,0.671746776084408,0.6776084407971864,0.6826885502149277,0.6881594372801876,0.6936303243454475,0.6971473231731145,0.7014458772958186,0.7041813208284486,0.7069167643610785,0.7119968737788198,0.7147323173114498,0.7209847596717468,0.7260648690894881,0.7284095349745995,0.7323173114497851,0.7330988667448222,0.7366158655724893,0.7389605314576007,0.7424775302852676,0.7452129738178976,0.7463853067604533,0.7491207502930832,0.7522469714732317,0.7569363032434545,0.7624071903087143,0.7639703008987886,0.7647518561938257,0.7663149667839,0.7678780773739742,0.769831965611567,0.7721766314966784,0.7741305197342712,0.7772567409144197
cellprofiler,A549,median,0,ZCA,mad_robustize,moa,0.1478212791266707,0.1948051948051948,77,1847,0.5442724458204334,0.5888544891640867,0.6160990712074303,0.638390092879257,0.6606811145510836,0.6736842105263158,0.6891640866873066,0.6990712074303406,0.7058823529411765,0.7219814241486068,0.7306501547987616,0.7393188854489164,0.7473684210526316,0.7616099071207431,0.7715170278637771,0.7770897832817337,0.7832817337461301,0.788235294117647,0.7956656346749226,0.8006191950464396,0.8055727554179567,0.8117647058823529,0.8173374613003096,0.8229102167182663,0.826625386996904,0.8303405572755418,0.8340557275541796,0.836532507739938,0.8390092879256966,0.8402476780185758,0.843343653250774,0.8464396284829722,0.8495356037151702,0.8557275541795666,0.8594427244582044,0.8625386996904024,0.8674922600619195,0.8687306501547988,0.8705882352941177,0.8724458204334365,0.8767801857585139,0.8786377708978328,0.8804953560371517,0.8842105263157894,0.886687306501548,0.8873065015479876,0.8885448916408669,0.8897832817337461,0.8922600619195047,0.8953560371517028
cellprofiler,A549,median,0,ZCA,standardize,replicate,0.2154077369408156,0.4139072847682119,302,2559,0.4579914028917546,0.4978507229386479,0.5287221570926143,0.5502149277061352,0.564673700664322,0.5795232512700274,0.5900742477530285,0.5978898007033998,0.608440797186401,0.6189917936694022,0.627979679562329,0.636967565455256,0.6428292301680344,0.6525986713559985,0.6588511137162955,0.6651035560765924,0.6701836654943337,0.6756545525595936,0.6850332161000391,0.6897225478702618,0.6971473231731145,0.7018366549433372,0.7045720984759671,0.7092614302461899,0.7170769831965611,0.7217663149667839,0.7268464243845252,0.7307542008597109,0.7370066432200079,0.741305197342712,0.7483391949980461,0.7514654161781946,0.7545916373583431,0.757327080890973,0.7604533020711215,0.7647518561938257,0.7694411879640485,0.7737397420867527,0.7764751856193826,0.7811645173896054,0.7835091832747166,0.7862446268073466,0.7881985150449394,0.7905431809300508,0.7928878468151622,0.7952325127002735,0.7975771785853849,0.7991402891754592,0.8018757327080891,0.8042203985932005
cellprofiler,A549,median,0,ZCA,standardize,moa,0.1094443563688711,0.1428571428571428,77,1847,0.5226006191950464,0.578328173374613,0.6198142414860681,0.6464396284829721,0.6668730650154798,0.6842105263157895,0.7058823529411765,0.7238390092879257,0.7393188854489164,0.7523219814241486,0.7591331269349845,0.7721362229102167,0.7801857585139319,0.7894736842105263,0.8018575851393189,0.8086687306501548,0.8173374613003096,0.8235294117647058,0.8278637770897833,0.8383900928792569,0.8408668730650155,0.8476780185758513,0.853250773993808,0.8588235294117647,0.8637770897832817,0.8674922600619195,0.8699690402476781,0.874922600619195,0.8792569659442725,0.8835913312693499,0.886687306501548,0.8873065015479876,0.8897832817337461,0.8934984520123839,0.8953560371517028,0.8984520123839009,0.9021671826625388,0.9046439628482972,0.9071207430340558,0.9114551083591332,0.9151702786377708,0.9182662538699692,0.920123839009288,0.9226006191950464,0.9256965944272446,0.9281733746130032,0.9294117647058824,0.930030959752322,0.9337461300309596,0.9362229102167182
cellprofiler,A549,median,0,mad_robustize,none,replicate,0.2477599360246091,0.8344370860927153,302,2559,0.3626416568972255,0.4142243063696756,0.4431418522860492,0.4607268464243845,0.4767487299726455,0.4912075029308324,0.5044939429464634,0.5169988276670574,0.5295037123876515,0.5345838218053928,0.5404454865181711,0.5447440406408753,0.5506057053536537,0.5556858147713951,0.5599843688940993,0.5654552559593591,0.5697538100820633,0.573661586557249,0.5779601406799532,0.580695584212583,0.5838218053927315,0.5885111371629543,0.5908558030480656,0.5959359124658069,0.5998436889409926,0.6029699101211411,0.6049237983587339,0.6080500195388824,0.6123485736615866,0.6135209066041423,0.6174286830793279,0.6197733489644393,0.6256350136772176,0.627979679562329,0.6295427901524033,0.6330597889800703,0.6338413442751074,0.6361860101602188,0.6397030089878859,0.6420476748729973,0.6436107854630715,0.6443923407581086,0.6463462289957015,0.6479093395857757,0.6498632278233685,0.6510355607659242,0.6525986713559985,0.6541617819460727,0.6553341148886284,0.6568972254787027
cellprofiler,A549,median,0,mad_robustize,none,moa,0.1389489036798854,0.1948051948051948,77,1847,0.4235294117647059,0.4767801857585139,0.5046439628482973,0.5312693498452012,0.5486068111455108,0.56656346749226,0.5777089783281734,0.5987616099071208,0.6105263157894737,0.621671826625387,0.6291021671826625,0.6377708978328174,0.643343653250774,0.6513931888544892,0.6606811145510836,0.6674922600619195,0.6736842105263158,0.6848297213622291,0.6891640866873066,0.6990712074303406,0.7027863777089783,0.7071207430340557,0.7139318885448916,0.7176470588235294,0.7201238390092879,0.7281733746130031,0.7337461300309598,0.7380804953560371,0.7424148606811145,0.7473684210526316,0.7529411764705882,0.756656346749226,0.7591331269349845,0.7622291021671826,0.7659442724458204,0.7696594427244582,0.773374613003096,0.7758513931888545,0.778328173374613,0.7820433436532508,0.7857585139318886,0.7913312693498452,0.795046439628483,0.7981424148606812,0.7993808049535603,0.8012383900928792,0.8024767801857585,0.8074303405572756,0.8117647058823529,0.8160990712074303
cellprofiler,A549,median,0,standardize,PCA,replicate,0.3545576442314056,0.6324503311258278,302,2559,0.5322391559202814,0.5670183665494334,0.5986713559984369,0.618210238374365,0.6318874560375146,0.6440015631105901,0.6525986713559985,0.6615865572489253,0.6694021101992966,0.6748729972645565,0.6850332161000391,0.6912856584603361,0.6983196561156702,0.7053536537710043,0.712778429073857,0.7170769831965611,0.7229386479093396,0.7276279796795623,0.7323173114497851,0.7366158655724893,0.7401328644001564,0.7436498632278233,0.7491207502930832,0.7522469714732317,0.757327080890973,0.7612348573661587,0.7631887456037515,0.7647518561938257,0.7663149667839,0.769831965611567,0.7721766314966784,0.7733489644392341,0.7772567409144197,0.7799921844470497,0.7842907385697538,0.7870261821023837,0.7889800703399765,0.7917155138726065,0.7940601797577178,0.7967956232903478,0.7999218444704963,0.801094177413052,0.8030480656506448,0.804611176240719,0.8053927315357562,0.8081281750683861,0.8100820633059789,0.8120359515435717,0.8155529503712388,0.8167252833137945
cellprofiler,A549,median,0,standardize,PCA,moa,0.1567192961631404,0.2337662337662337,77,1847,0.5962848297213622,0.6427244582043343,0.6792569659442724,0.7003095975232199,0.7145510835913312,0.7318885448916409,0.7448916408668731,0.7560371517027864,0.7659442724458204,0.7764705882352941,0.7839009287925697,0.7913312693498452,0.7987616099071208,0.8055727554179567,0.8105263157894737,0.8179566563467492,0.8229102167182663,0.8284829721362229,0.8315789473684211,0.8377708978328173,0.8421052631578947,0.8495356037151702,0.853250773993808,0.8563467492260062,0.8606811145510835,0.8662538699690403,0.8693498452012384,0.8724458204334365,0.874922600619195,0.8767801857585139,0.8811145510835914,0.8835913312693499,0.8860681114551083,0.8873065015479876,0.8885448916408669,0.8891640866873065,0.891640866873065,0.8934984520123839,0.8953560371517028,0.8972136222910216,0.8984520123839009,0.8996904024767802,0.9021671826625388,0.9040247678018576,0.9058823529411764,0.9089783281733748,0.9102167182662538,0.9108359133126936,0.913312693498452,0.9145510835913312
cellprofiler,A549,median,0,standardize,ZCA,replicate,0.3545576442314056,0.6324503311258278,302,2559,0.5322391559202814,0.5670183665494334,0.5986713559984369,0.618210238374365,0.6318874560375146,0.6440015631105901,0.6525986713559985,0.6615865572489253,0.6694021101992966,0.6748729972645565,0.6850332161000391,0.6912856584603361,0.6983196561156702,0.7053536537710043,0.712778429073857,0.7170769831965611,0.7229386479093396,0.7276279796795623,0.7323173114497851,0.7366158655724893,0.7401328644001564,0.7436498632278233,0.7491207502930832,0.7522469714732317,0.757327080890973,0.7612348573661587,0.7631887456037515,0.7647518561938257,0.7663149667839,0.769831965611567,0.7721766314966784,0.7733489644392341,0.7772567409144197,0.7799921844470497,0.7842907385697538,0.7870261821023837,0.7889800703399765,0.7917155138726065,0.7940601797577178,0.7967956232903478,0.7999218444704963,0.801094177413052,0.8030480656506448,0.804611176240719,0.8053927315357562,0.8081281750683861,0.8100820633059789,0.8120359515435717,0.8155529503712388,0.8167252833137945
cellprofiler,A549,median,0,standardize,ZCA,moa,0.1567192961631404,0.2337662337662337,77,1847,0.5962848297213622,0.6427244582043343,0.6792569659442724,0.7003095975232199,0.7145510835913312,0.7318885448916409,0.7448916408668731,0.7560371517027864,0.7659442724458204,0.7764705882352941,0.7839009287925697,0.7913312693498452,0.7987616099071208,0.8055727554179567,0.8105263157894737,0.8179566563467492,0.8229102167182663,0.8284829721362229,0.8315789473684211,0.8377708978328173,0.8421052631578947,0.8495356037151702,0.853250773993808,0.8563467492260062,0.8606811145510835,0.8662538699690403,0.8693498452012384,0.8724458204334365,0.874922600619195,0.8767801857585139,0.8811145510835914,0.8835913312693499,0.8860681114551083,0.8873065015479876,0.8885448916408669,0.8891640866873065,0.891640866873065,0.8934984520123839,0.8953560371517028,0.8972136222910216,0.8984520123839009,0.8996904024767802,0.9021671826625388,0.9040247678018576,0.9058823529411764,0.9089783281733748,0.9102167182662538,0.9108359133126936,0.913312693498452,0.9145510835913312
cellprofiler,A549,median,0,standardize,none,replicate,0.3864683451312356,0.9735099337748344,302,2559,0.5150449394294646,0.5951543571707698,0.6412661195779601,0.6776084407971864,0.7033997655334114,0.7248925361469324,0.7420867526377491,0.7545916373583431,0.7686596326690114,0.7819460726846424,0.7952325127002735,0.8061742868307933,0.8132082844861274,0.8194607268464243,0.8249316139116842,0.829620945681907,0.835873388042204,0.8413442751074639,0.8464243845252052,0.8515044939429465,0.8565846033606878,0.8604923798358733,0.8667448221961703,0.8710433763188745,0.8745603751465416,0.8765142633841344,0.8815943728018757,0.8862837045720985,0.8882375928096913,0.8937084798749512,0.895662368112544,0.8972254787026183,0.9003516998827668,0.9011332551778038,0.9042594763579525,0.9050410316529894,0.9069949198905822,0.908167252833138,0.910902696365768,0.911684251660805,0.9171551387260648,0.9194998046111762,0.9202813599062134,0.9214536928487692,0.9230168034388432,0.9237983587338804,0.924189136381399,0.9257522469714732,0.9269245799140288,0.9273153575615476
cellprofiler,A549,median,0,standardize,none,moa,0.1484011530264211,0.1948051948051948,77,1847,0.5851393188854489,0.6656346749226006,0.7139318885448916,0.7554179566563467,0.7801857585139319,0.7969040247678019,0.8136222910216718,0.8309597523219814,0.8452012383900929,0.860061919504644,0.8699690402476781,0.8842105263157894,0.8885448916408669,0.8953560371517028,0.8984520123839009,0.9040247678018576,0.9108359133126936,0.9139318885448916,0.9170278637770898,0.920123839009288,0.923219814241486,0.9287925696594428,0.9312693498452012,0.9337461300309596,0.9362229102167182,0.9380804953560372,0.939938080495356,0.9417956656346748,0.9424148606811146,0.944891640866873,0.9455108359133126,0.9455108359133126,0.9473684210526316,0.9504643962848296,0.951702786377709,0.953560371517028,0.9560371517027864,0.9572755417956657,0.958513931888545,0.959752321981424,0.9609907120743034,0.9628482972136224,0.963467492260062,0.9647058823529412,0.96656346749226,0.9671826625386996,0.9671826625386996,0.9678018575851394,0.9690402476780186,0.9696594427244584
cellprofiler,A549,median,1,PCA,mad_robustize,replicate,0.4148688099614488,0.8344370860927153,302,2559,0.570926143024619,0.6228995701445877,0.6510355607659242,0.671746776084408,0.6893317702227433,0.696756545525596,0.7041813208284486,0.7166862055490426,0.7248925361469324,0.735052754982415,0.7436498632278233,0.7502930832356389,0.7565455255959359,0.7612348573661587,0.7670965220789371,0.7729581867917155,0.778819851504494,0.7850722938647909,0.788589292692458,0.7917155138726065,0.7964048456428292,0.7995310668229777,0.8042203985932005,0.8085189527159047,0.8124267291910903,0.8151621727237202,0.8186791715513873,0.8221961703790543,0.8264947245017585,0.8280578350918327,0.8300117233294255,0.8315748339194998,0.8354826103946854,0.8366549433372411,0.8382180539273154,0.8417350527549824,0.8444704962876124,0.8468151621727237,0.8487690504103166,0.8507229386479094,0.8526768268855022,0.854630715123095,0.8573661586557249,0.8597108245408362,0.8604923798358733,0.8620554904259476,0.8640093786635404,0.8651817116060961,0.8683079327862446,0.8702618210238374
cellprofiler,A549,median,1,PCA,mad_robustize,moa,0.1709976869551403,0.2597402597402597,77,1847,0.6520123839009287,0.7065015479876161,0.7417956656346749,0.7622291021671826,0.778328173374613,0.7925696594427245,0.8030959752321981,0.8154798761609907,0.8247678018575851,0.8346749226006192,0.8452012383900929,0.8544891640866873,0.8606811145510835,0.8662538699690403,0.8730650154798761,0.8773993808049536,0.8811145510835914,0.8854489164086687,0.8879256965944272,0.8922600619195047,0.8953560371517028,0.8978328173374613,0.9027863777089784,0.9046439628482972,0.9071207430340558,0.9108359133126936,0.9151702786377708,0.9176470588235294,0.9188854489164088,0.920123839009288,0.9213622291021673,0.9213622291021673,0.9238390092879256,0.9256965944272446,0.9263157894736842,0.9294117647058824,0.9306501547987616,0.9318885448916407,0.9337461300309596,0.9356037151702786,0.9362229102167182,0.9380804953560372,0.9386996904024768,0.939938080495356,0.9417956656346748,0.9424148606811146,0.9430340557275542,0.946749226006192,0.9479876160990712,0.9486068111455108
cellprofiler,A549,median,1,PCA,standardize,replicate,0.3231674572821061,0.5960264900662252,302,2559,0.58694802657288,0.6420476748729973,0.6803438843298163,0.7135599843688941,0.7323173114497851,0.7499023055881203,0.7627979679562329,0.7745212973817898,0.785853849159828,0.7975771785853849,0.8042203985932005,0.8124267291910903,0.8210238374364986,0.8284486127393513,0.8350918327471668,0.8409534974599453,0.8444704962876124,0.8511137162954279,0.8554122704181321,0.8597108245408362,0.8636186010160218,0.867917155138726,0.8714341539663931,0.8761234857366159,0.8800312622118015,0.88315748339195,0.8886283704572099,0.8913638139898398,0.8929269245799141,0.8964439234075811,0.8983978116451738,0.9015240328253225,0.9038686987104336,0.9069949198905822,0.908167252833138,0.9120750293083236,0.9144196951934348,0.9163735834310276,0.9191090269636576,0.9210629152012504,0.924189136381399,0.9265338022665104,0.9273153575615476,0.9292692457991404,0.9308323563892146,0.9327862446268074,0.9347401328644002,0.9347401328644002,0.936694021101993,0.9378663540445488
cellprofiler,A549,median,1,PCA,standardize,moa,0.1397884770685977,0.1818181818181818,77,1847,0.6643962848297214,0.730030959752322,0.7721362229102167,0.7944272445820434,0.8204334365325078,0.8359133126934984,0.8476780185758513,0.853250773993808,0.8699690402476781,0.8792569659442725,0.8873065015479876,0.8947368421052632,0.9009287925696594,0.9071207430340558,0.9145510835913312,0.9219814241486068,0.9269349845201238,0.9306501547987616,0.934984520123839,0.9393188854489164,0.944891640866873,0.9479876160990712,0.9523219814241486,0.9541795665634676,0.9572755417956657,0.958513931888545,0.963467492260062,0.9659442724458204,0.9690402476780186,0.973374613003096,0.9752321981424148,0.976470588235294,0.976470588235294,0.978328173374613,0.9789473684210528,0.9789473684210528,0.9795665634674924,0.9795665634674924,0.9808049535603716,0.9808049535603716,0.9808049535603716,0.9814241486068112,0.9839009287925696,0.9839009287925696,0.9839009287925696,0.9845201238390092,0.9857585139318884,0.9857585139318884,0.9869969040247678,0.9882352941176472
cellprofiler,A549,median,1,PCAcor,mad_robustize,replicate,0.4360462445729817,0.8708609271523179,302,2559,0.5701445877295819,0.6186010160218836,0.6483001172332943,0.6713559984368894,0.6897225478702618,0.7049628761234857,0.7159046502540055,0.7280187573270809,0.7366158655724893,0.7416959749902305,0.7483391949980461,0.7553731926533802,0.7639703008987886,0.7717858538491599,0.776084407971864,0.7819460726846424,0.7893708479874951,0.7917155138726065,0.7956232903477921,0.7971864009378663,0.8030480656506448,0.8065650644783119,0.8116451738960532,0.8151621727237202,0.8175068386088316,0.8241500586166471,0.8284486127393513,0.8307932786244627,0.8350918327471668,0.8382180539273154,0.8401719421649082,0.8436889409925752,0.845642829230168,0.848378272762798,0.8518952715904651,0.854630715123095,0.8581477139507621,0.8612739351309106,0.8632278233685033,0.8647909339585775,0.8675263774912075,0.8690894880812817,0.8710433763188745,0.8737788198515045,0.8776865963266901,0.8796404845642829,0.8815943728018757,0.88315748339195,0.8851113716295428,0.8870652598671356
cellprofiler,A549,median,1,PCAcor,mad_robustize,moa,0.1770842526160245,0.2727272727272727,77,1847,0.6507739938080496,0.6941176470588235,0.7306501547987616,0.7572755417956656,0.7721362229102167,0.7876160990712074,0.8024767801857585,0.8142414860681114,0.8247678018575851,0.8303405572755418,0.8402476780185758,0.8470588235294118,0.853250773993808,0.8569659442724458,0.8619195046439628,0.8681114551083592,0.8730650154798761,0.8792569659442725,0.8842105263157894,0.8910216718266254,0.8953560371517028,0.8990712074303405,0.903405572755418,0.9046439628482972,0.9120743034055728,0.9170278637770898,0.9176470588235294,0.9238390092879256,0.9238390092879256,0.9263157894736842,0.9306501547987616,0.9343653250773992,0.9362229102167182,0.9386996904024768,0.939938080495356,0.9411764705882352,0.9436532507739938,0.9461300309597525,0.9473684210526316,0.9510835913312692,0.9529411764705882,0.9560371517027864,0.956656346749226,0.9572755417956657,0.958513931888545,0.958513931888545,0.959752321981424,0.9603715170278638,0.9603715170278638,0.9622291021671828
cellprofiler,A549,median,1,PCAcor,standardize,replicate,0.3972918475854887,0.847682119205298,302,2559,0.6064869089488081,0.6713559984368894,0.70652598671356,0.7327080890973037,0.7553731926533802,0.7706135209066042,0.785853849159828,0.7979679562329035,0.8089097303634232,0.8182883939038686,0.8237592809691285,0.8311840562719812,0.8389996092223525,0.8468151621727237,0.8526768268855022,0.8577569363032435,0.8640093786635404,0.8702618210238374,0.874169597499023,0.8812035951543572,0.8858929269245799,0.8890191481047284,0.8913638139898398,0.8952715904650254,0.9007424775302852,0.9034779210629152,0.9077764751856194,0.9101211410707308,0.9163735834310276,0.9187182493161392,0.9222352481438062,0.9245799140289176,0.9257522469714732,0.9288784681516216,0.9308323563892146,0.933177022274326,0.9355216881594371,0.9378663540445488,0.9398202422821414,0.9409925752246971,0.9433372411098084,0.943728018757327,0.94568190699492,0.9480265728800312,0.949980461117624,0.9503712387651426,0.9523251270027354,0.9531066822977726,0.9538882375928096,0.9546697928878468
cellprofiler,A549,median,1,PCAcor,standardize,moa,0.1611909806767848,0.1688311688311688,77,1847,0.679876160990712,0.7492260061919505,0.7907120743034056,0.8198142414860681,0.8402476780185758,0.853250773993808,0.8643962848297214,0.8730650154798761,0.8848297213622291,0.8922600619195047,0.8984520123839009,0.9040247678018576,0.9114551083591332,0.920123839009288,0.9269349845201238,0.9306501547987616,0.9374613003095976,0.9411764705882352,0.9442724458204336,0.9455108359133126,0.951702786377709,0.953560371517028,0.956656346749226,0.9603715170278638,0.9622291021671828,0.9640866873065016,0.9653250773993808,0.9690402476780186,0.9727554179566564,0.9739938080495356,0.976470588235294,0.9777089783281734,0.9777089783281734,0.978328173374613,0.978328173374613,0.9789473684210528,0.9814241486068112,0.9814241486068112,0.9814241486068112,0.9814241486068112,0.9814241486068112,0.9826625386996904,0.9839009287925696,0.9839009287925696,0.9845201238390092,0.9845201238390092,0.9845201238390092,0.9851393188854488,0.9857585139318884,0.9857585139318884
cellprofiler,A549,median,1,ZCA,mad_robustize,replicate,0.365929276953403,0.7218543046357616,302,2559,0.4974599452911293,0.5373192653380227,0.5611567018366549,0.5810863618601017,0.5974990230558812,0.6135209066041423,0.6221180148495506,0.6334505666275889,0.6397030089878859,0.6459554513481829,0.6518171160609613,0.6584603360687769,0.6623681125439624,0.6647127784290738,0.6705744431418523,0.675263774912075,0.6795623290347792,0.6830793278624463,0.6854239937475577,0.690504103165299,0.6936303243454475,0.6963657678780774,0.6991012114107074,0.7014458772958186,0.7030089878858929,0.70652598671356,0.7096522078937085,0.7112153184837827,0.7143415396639312,0.7170769831965611,0.719030871434154,0.7213755373192653,0.7248925361469324,0.7268464243845252,0.7299726455646737,0.7334896443923408,0.737788198515045,0.7397420867526378,0.7416959749902305,0.744822196170379,0.7459945291129347,0.7483391949980461,0.751074638530676,0.7530285267682688,0.7549824150058617,0.7577178585384916,0.7624071903087143,0.7643610785463072,0.7663149667839,0.7686596326690114
cellprofiler,A549,median,1,ZCA,mad_robustize,moa,0.1622063535773776,0.2597402597402597,77,1847,0.561609907120743,0.6123839009287926,0.6538699690402476,0.6773993808049535,0.6947368421052632,0.7120743034055728,0.7238390092879257,0.7325077399380805,0.7405572755417956,0.7473684210526316,0.7529411764705882,0.7603715170278638,0.7690402476780186,0.7746130030959752,0.7808049535603715,0.7845201238390093,0.795046439628483,0.8012383900928792,0.8068111455108359,0.8117647058823529,0.81671826625387,0.8185758513931889,0.821671826625387,0.8241486068111455,0.8278637770897833,0.8346749226006192,0.8408668730650155,0.8439628482972136,0.8470588235294118,0.8520123839009288,0.8544891640866873,0.8569659442724458,0.8594427244582044,0.8606811145510835,0.8625386996904024,0.865015479876161,0.8681114551083592,0.8693498452012384,0.8712074303405573,0.8755417956656347,0.8792569659442725,0.8842105263157894,0.8885448916408669,0.8885448916408669,0.891640866873065,0.8934984520123839,0.8959752321981425,0.8978328173374613,0.9015479876160992,0.9027863777089784
cellprofiler,A549,median,1,ZCA,standardize,replicate,0.2906575213397874,0.5331125827814569,302,2559,0.4935521688159437,0.5412270418132082,0.5662368112543963,0.5873388042203986,0.608440797186401,0.620945681906995,0.6303243454474404,0.6389214536928488,0.6506447831184057,0.6596326690113326,0.6658851113716295,0.6725283313794451,0.6795623290347792,0.6908948808128175,0.6998827667057445,0.7073075420085971,0.7119968737788198,0.7205939820242282,0.728800312622118,0.7354435326299336,0.7432590855803048,0.7487299726455646,0.7526377491207503,0.7596717467760844,0.7643610785463072,0.7694411879640485,0.7749120750293084,0.7784290738569754,0.7831184056271981,0.7874169597499023,0.7913247362250879,0.7936694021101993,0.7975771785853849,0.8030480656506448,0.8053927315357562,0.8096912856584604,0.8112543962485346,0.8155529503712388,0.8178976162563502,0.8221961703790543,0.8245408362641657,0.8276670574443142,0.8311840562719812,0.8335287221570926,0.8370457209847597,0.8389996092223525,0.8413442751074639,0.8425166080500195,0.8448612739351309,0.8475967174677609
cellprofiler,A549,median,1,ZCA,standardize,moa,0.1352091307860945,0.1818181818181818,77,1847,0.5597523219814241,0.6185758513931888,0.6575851393188854,0.6780185758513931,0.6990712074303406,0.713312693498452,0.725077399380805,0.7393188854489164,0.756656346749226,0.7702786377708978,0.7801857585139319,0.7938080495356037,0.8037151702786378,0.8099071207430341,0.8185758513931889,0.8272445820433436,0.836532507739938,0.843343653250774,0.853250773993808,0.8594427244582044,0.8631578947368421,0.8662538699690403,0.8712074303405573,0.8780185758513932,0.8842105263157894,0.8910216718266254,0.8978328173374613,0.9021671826625388,0.9052631578947368,0.9071207430340558,0.9102167182662538,0.9139318885448916,0.9176470588235294,0.9207430340557275,0.923219814241486,0.9275541795665636,0.9306501547987616,0.9318885448916407,0.9362229102167182,0.9386996904024768,0.9405572755417956,0.9417956656346748,0.9461300309597525,0.9486068111455108,0.94984520123839,0.951702786377709,0.9529411764705882,0.9541795665634676,0.9560371517027864,0.9578947368421052
cellprofiler,A549,median,1,ZCAcor,mad_robustize,replicate,0.3714598137490664,0.695364238410596,302,2559,0.488862837045721,0.5263774912075029,0.5427901524032825,0.5603751465416178,0.5732708089097304,0.5865572489253614,0.5951543571707698,0.6006252442360297,0.6068776865963267,0.6115670183665495,0.6197733489644393,0.6268073466197733,0.6311059007424775,0.6365767878077374,0.6412661195779601,0.64673700664322,0.6514263384134428,0.6541617819460727,0.6596326690113326,0.662758890191481,0.6666666666666666,0.6709652207893708,0.6756545525595936,0.6787807737397421,0.6834701055099648,0.6858147713950762,0.6885502149277062,0.6908948808128175,0.694021101992966,0.6951934349355217,0.6979288784681517,0.7018366549433372,0.7041813208284486,0.7073075420085971,0.7112153184837827,0.7159046502540055,0.7182493161391168,0.7217663149667839,0.7260648690894881,0.7280187573270809,0.7311449785072294,0.7334896443923408,0.7370066432200079,0.7397420867526378,0.741305197342712,0.744822196170379,0.7459945291129347,0.7483391949980461,0.751074638530676,0.7518561938257131
cellprofiler,A549,median,1,ZCAcor,mad_robustize,moa,0.170376537836778,0.2597402597402597,77,1847,0.5597523219814241,0.5987616099071208,0.6235294117647059,0.6427244582043343,0.6594427244582043,0.6730650154798762,0.6885448916408669,0.7034055727554179,0.7126934984520124,0.7188854489164087,0.7318885448916409,0.7430340557275542,0.7529411764705882,0.7616099071207431,0.7659442724458204,0.7702786377708978,0.7758513931888545,0.7801857585139319,0.785139318885449,0.788235294117647,0.7931888544891641,0.7969040247678019,0.8024767801857585,0.8074303405572756,0.8130030959752322,0.8173374613003096,0.8204334365325078,0.821671826625387,0.8253869969040247,0.8284829721362229,0.8328173374613003,0.8371517027863777,0.8414860681114551,0.8439628482972136,0.8489164086687306,0.853250773993808,0.8544891640866873,0.8569659442724458,0.8588235294117647,0.8619195046439628,0.8674922600619195,0.871826625386997,0.871826625386997,0.8743034055727554,0.8773993808049536,0.8792569659442725,0.8829721362229103,0.8854489164086687,0.8879256965944272,0.8897832817337461
cellprofiler,A549,median,1,ZCAcor,standardize,replicate,0.3198061794263149,0.5298013245033113,302,2559,0.4732317311449785,0.5095740523642047,0.5334114888628371,0.5490425947635795,0.5619382571316921,0.5775693630324346,0.5881203595154357,0.6002344665885111,0.6088315748339195,0.6150840171942165,0.6213364595545134,0.6307151230949589,0.6361860101602188,0.6436107854630715,0.6483001172332943,0.6522078937084799,0.6588511137162955,0.6647127784290738,0.6697928878468151,0.6737006643220008,0.6791715513872606,0.6838608831574834,0.6885502149277062,0.6944118796404846,0.6987104337631888,0.7030089878858929,0.7069167643610785,0.7104337631887456,0.712778429073857,0.7159046502540055,0.7213755373192653,0.7241109808518953,0.728800312622118,0.7323173114497851,0.7366158655724893,0.7420867526377491,0.7444314185228605,0.7491207502930832,0.7514654161781946,0.7545916373583431,0.7581086361860102,0.7616256350136772,0.7620164126611958,0.7667057444314185,0.7702227432590856,0.7717858538491599,0.7741305197342712,0.7764751856193826,0.7799921844470497,0.782336850332161
cellprofiler,A549,median,1,ZCAcor,standardize,moa,0.1490139120327567,0.1818181818181818,77,1847,0.5393188854489164,0.5845201238390093,0.6173374613003096,0.6352941176470588,0.6557275541795665,0.6761609907120743,0.6879256965944273,0.7021671826625387,0.7157894736842105,0.7306501547987616,0.7393188854489164,0.7486068111455109,0.7603715170278638,0.7678018575851393,0.7795665634674923,0.7907120743034056,0.7981424148606812,0.8061919504643963,0.8117647058823529,0.8210526315789474,0.8247678018575851,0.8315789473684211,0.8359133126934984,0.8414860681114551,0.8421052631578947,0.848297213622291,0.8513931888544891,0.8557275541795666,0.8594427244582044,0.8631578947368421,0.8705882352941177,0.8730650154798761,0.8780185758513932,0.8854489164086687,0.8879256965944272,0.8897832817337461,0.8922600619195047,0.8959752321981425,0.8990712074303405,0.9009287925696594,0.9046439628482972,0.906501547987616,0.908359133126935,0.9102167182662538,0.9114551083591332,0.9139318885448916,0.9164086687306502,0.9188854489164088,0.9213622291021673,0.9238390092879256
cellprofiler,A549,median,1,mad_robustize,PCA,replicate,0.2914667011867675,0.5629139072847682,302,2559,0.4837827276279797,0.517389605314576,0.5435717076983196,0.5533411488862837,0.5650644783118406,0.5763970300898789,0.5842125830402501,0.5920281359906213,0.599452911293474,0.6068776865963267,0.6123485736615866,0.6174286830793279,0.6225087924970691,0.6271981242672919,0.6303243454474404,0.6346228995701446,0.6397030089878859,0.643220007815553,0.6455646737006643,0.6506447831184057,0.6537710042985542,0.6561156701836655,0.6608050019538882,0.661977334896444,0.6658851113716295,0.6701836654943337,0.6721375537319265,0.6740914419695193,0.6756545525595936,0.6795623290347792,0.6862055490425948,0.6901133255177804,0.694021101992966,0.6959749902305589,0.6971473231731145,0.6998827667057445,0.7033997655334114,0.7069167643610785,0.7092614302461899,0.7123876514263384,0.7143415396639312,0.7174677608440797,0.7194216490816725,0.7209847596717468,0.7213755373192653,0.7221570926143025,0.7245017584994138,0.7268464243845252,0.7291910902696366,0.7323173114497851
cellprofiler,A549,median,1,mad_robustize,PCA,moa,0.1402880627144271,0.1688311688311688,77,1847,0.5461300309597523,0.5845201238390093,0.6111455108359133,0.628482972136223,0.6439628482972136,0.6575851393188854,0.6712074303405573,0.6823529411764706,0.6897832817337461,0.6965944272445821,0.7040247678018576,0.7108359133126935,0.7170278637770898,0.7238390092879257,0.734984520123839,0.7455108359133127,0.7504643962848297,0.756656346749226,0.7616099071207431,0.7684210526315789,0.7746130030959752,0.7789473684210526,0.785139318885449,0.788235294117647,0.7913312693498452,0.795046439628483,0.7975232198142415,0.8024767801857585,0.8055727554179567,0.8092879256965945,0.8111455108359134,0.8136222910216718,0.8179566563467492,0.8222910216718267,0.8241486068111455,0.8278637770897833,0.8309597523219814,0.8340557275541796,0.8371517027863777,0.8377708978328173,0.8408668730650155,0.8414860681114551,0.8445820433436533,0.8464396284829722,0.848297213622291,0.8501547987616099,0.8538699690402477,0.8569659442724458,0.8588235294117647,0.8637770897832817
cellprofiler,A549,median,1,mad_robustize,PCAcor,replicate,0.2917427360466048,0.5761589403973509,302,2559,0.4892536146932395,0.5197342711996874,0.5443532629933567,0.5549042594763579,0.5670183665494334,0.5744431418522861,0.5853849159828057,0.5916373583431028,0.599452911293474,0.6045330207112153,0.6123485736615866,0.6174286830793279,0.6205549042594763,0.6268073466197733,0.6307151230949589,0.6350136772176631,0.6400937866354045,0.6428292301680344,0.6443923407581086,0.6483001172332943,0.6533802266510356,0.6584603360687769,0.6611957796014069,0.6643220007815553,0.6694021101992966,0.6729191090269636,0.6748729972645565,0.677999218444705,0.6826885502149277,0.6846424384525205,0.6873778819851505,0.6893317702227433,0.6908948808128175,0.6924579914028918,0.6951934349355217,0.696756545525596,0.6991012114107074,0.7014458772958186,0.7041813208284486,0.7073075420085971,0.7076983196561156,0.7108245408362641,0.712778429073857,0.7139507620164126,0.7147323173114498,0.7182493161391168,0.7213755373192653,0.7221570926143025,0.7245017584994138,0.7268464243845252
cellprofiler,A549,median,1,mad_robustize,PCAcor,moa,0.136612067499296,0.1688311688311688,77,1847,0.5498452012383901,0.5851393188854489,0.6099071207430341,0.6272445820433437,0.6414860681114551,0.6551083591331269,0.6693498452012384,0.6780185758513931,0.6891640866873066,0.6978328173374613,0.7052631578947368,0.7108359133126935,0.7170278637770898,0.7244582043343654,0.7312693498452012,0.7430340557275542,0.7492260061919505,0.7541795665634675,0.7616099071207431,0.7659442724458204,0.7715170278637771,0.7752321981424148,0.7758513931888545,0.7814241486068112,0.7876160990712074,0.7919504643962848,0.7931888544891641,0.7993808049535603,0.8024767801857585,0.8043343653250774,0.8080495356037152,0.8123839009287925,0.8160990712074303,0.8210526315789474,0.826625386996904,0.8284829721362229,0.83343653250774,0.8340557275541796,0.8371517027863777,0.8396284829721362,0.8421052631578947,0.843343653250774,0.8470588235294118,0.848297213622291,0.8513931888544891,0.8544891640866873,0.8582043343653251,0.8625386996904024,0.8643962848297214,0.8681114551083592
cellprofiler,A549,median,1,mad_robustize,ZCA,replicate,0.2914667011867675,0.5629139072847682,302,2559,0.4837827276279797,0.517389605314576,0.5435717076983196,0.5533411488862837,0.5650644783118406,0.5763970300898789,0.5842125830402501,0.5920281359906213,0.599452911293474,0.6068776865963267,0.6123485736615866,0.6174286830793279,0.6225087924970691,0.6271981242672919,0.6303243454474404,0.6346228995701446,0.6397030089878859,0.643220007815553,0.6455646737006643,0.6506447831184057,0.6537710042985542,0.6561156701836655,0.6608050019538882,0.661977334896444,0.6658851113716295,0.6701836654943337,0.6721375537319265,0.6740914419695193,0.6756545525595936,0.6795623290347792,0.6862055490425948,0.6901133255177804,0.694021101992966,0.6959749902305589,0.6971473231731145,0.6998827667057445,0.7033997655334114,0.7069167643610785,0.7092614302461899,0.7123876514263384,0.7143415396639312,0.7174677608440797,0.7194216490816725,0.7209847596717468,0.7213755373192653,0.7221570926143025,0.7245017584994138,0.7268464243845252,0.7291910902696366,0.7323173114497851
cellprofiler,A549,median,1,mad_robustize,ZCA,moa,0.1402880627144271,0.1688311688311688,77,1847,0.5461300309597523,0.5845201238390093,0.6111455108359133,0.628482972136223,0.6439628482972136,0.6575851393188854,0.6712074303405573,0.6823529411764706,0.6897832817337461,0.6965944272445821,0.7040247678018576,0.7108359133126935,0.7170278637770898,0.7238390092879257,0.734984520123839,0.7455108359133127,0.7504643962848297,0.756656346749226,0.7616099071207431,0.7684210526315789,0.7746130030959752,0.7789473684210526,0.785139318885449,0.788235294117647,0.7913312693498452,0.795046439628483,0.7975232198142415,0.8024767801857585,0.8055727554179567,0.8092879256965945,0.8111455108359134,0.8136222910216718,0.8179566563467492,0.8222910216718267,0.8241486068111455,0.8278637770897833,0.8309597523219814,0.8340557275541796,0.8371517027863777,0.8377708978328173,0.8408668730650155,0.8414860681114551,0.8445820433436533,0.8464396284829722,0.848297213622291,0.8501547987616099,0.8538699690402477,0.8569659442724458,0.8588235294117647,0.8637770897832817
cellprofiler,A549,median,1,mad_robustize,ZCAcor,replicate,0.2917427360466048,0.5761589403973509,302,2559,0.4892536146932395,0.5197342711996874,0.5443532629933567,0.5549042594763579,0.5670183665494334,0.5744431418522861,0.5853849159828057,0.5916373583431028,0.599452911293474,0.6045330207112153,0.6123485736615866,0.6174286830793279,0.6205549042594763,0.6268073466197733,0.6307151230949589,0.6350136772176631,0.6400937866354045,0.6428292301680344,0.6443923407581086,0.6483001172332943,0.6533802266510356,0.6584603360687769,0.6611957796014069,0.6643220007815553,0.6694021101992966,0.6729191090269636,0.6748729972645565,0.677999218444705,0.6826885502149277,0.6846424384525205,0.6873778819851505,0.6893317702227433,0.6908948808128175,0.6924579914028918,0.6951934349355217,0.696756545525596,0.6991012114107074,0.7014458772958186,0.7041813208284486,0.7073075420085971,0.7076983196561156,0.7108245408362641,0.712778429073857,0.7139507620164126,0.7147323173114498,0.7182493161391168,0.7213755373192653,0.7221570926143025,0.7245017584994138,0.7268464243845252
cellprofiler,A549,median,1,mad_robustize,ZCAcor,moa,0.136612067499296,0.1688311688311688,77,1847,0.5498452012383901,0.5851393188854489,0.6099071207430341,0.6272445820433437,0.6414860681114551,0.6551083591331269,0.6693498452012384,0.6780185758513931,0.6891640866873066,0.6978328173374613,0.7052631578947368,0.7108359133126935,0.7170278637770898,0.7244582043343654,0.7312693498452012,0.7430340557275542,0.7492260061919505,0.7541795665634675,0.7616099071207431,0.7659442724458204,0.7715170278637771,0.7752321981424148,0.7758513931888545,0.7814241486068112,0.7876160990712074,0.7919504643962848,0.7931888544891641,0.7993808049535603,0.8024767801857585,0.8043343653250774,0.8080495356037152,0.8123839009287925,0.8160990712074303,0.8210526315789474,0.826625386996904,0.8284829721362229,0.83343653250774,0.8340557275541796,0.8371517027863777,0.8396284829721362,0.8421052631578947,0.843343653250774,0.8470588235294118,0.848297213622291,0.8513931888544891,0.8544891640866873,0.8582043343653251,0.8625386996904024,0.8643962848297214,0.8681114551083592
cellprofiler,A549,median,1,mad_robustize,none,replicate,0.4824324503314397,0.9933774834437086,302,2559,0.5990621336459554,0.6721375537319265,0.7073075420085971,0.7366158655724893,0.7608440797186401,0.7807737397420867,0.7971864009378663,0.8100820633059789,0.82336850332161,0.8339194998046112,0.839390386869871,0.8468151621727237,0.8507229386479094,0.8585384915982806,0.8624462680734662,0.8690894880812817,0.8765142633841344,0.8808128175068386,0.88315748339195,0.8890191481047284,0.8921453692848769,0.8972254787026183,0.9007424775302852,0.9046502540054708,0.9062133645955452,0.9097303634232122,0.9136381398983978,0.9148104728409536,0.9183274716686206,0.9191090269636576,0.9214536928487692,0.9230168034388432,0.9245799140289176,0.924970691676436,0.9257522469714732,0.9273153575615476,0.9280969128565846,0.9296600234466588,0.9320046893317704,0.9343493552168816,0.9355216881594371,0.93747557639703,0.93747557639703,0.9394294646346228,0.9406017975771784,0.9417741305197342,0.9425556858147714,0.943728018757327,0.9452911293474012,0.94568190699492
cellprofiler,A549,median,1,mad_robustize,none,moa,0.174011631781806,0.2467532467532467,77,1847,0.6736842105263158,0.7473684210526316,0.7876160990712074,0.8148606811145511,0.8352941176470589,0.8495356037151702,0.8637770897832817,0.8773993808049536,0.8848297213622291,0.891640866873065,0.8990712074303405,0.9027863777089784,0.9108359133126936,0.9176470588235294,0.9219814241486068,0.9263157894736842,0.9343653250773992,0.9362229102167182,0.9417956656346748,0.9430340557275542,0.9436532507739938,0.9461300309597525,0.9473684210526316,0.9504643962848296,0.9529411764705882,0.9547987616099072,0.956656346749226,0.958513931888545,0.958513931888545,0.9609907120743034,0.963467492260062,0.9640866873065016,0.9647058823529412,0.96656346749226,0.9678018575851394,0.9690402476780186,0.9696594427244584,0.9708978328173374,0.9715170278637772,0.9721362229102168,0.973374613003096,0.9746130030959752,0.9752321981424148,0.9758513931888544,0.9770897832817338,0.9777089783281734,0.978328173374613,0.978328173374613,0.9795665634674924,0.9795665634674924
cellprofiler,A549,median,1,standardize,PCA,replicate,0.3373289599955289,0.609271523178808,302,2559,0.4943337241109808,0.536146932395467,0.5556858147713951,0.567409144196952,0.579914028917546,0.5892926924579914,0.5971082454083626,0.6033606877686596,0.6103946854239938,0.6154747948417351,0.620945681906995,0.6248534583821805,0.6307151230949589,0.6354044548651817,0.6400937866354045,0.6459554513481829,0.6486908948808128,0.655724892536147,0.6600234466588512,0.6639312231340367,0.6686205549042594,0.6705744431418523,0.6729191090269636,0.6756545525595936,0.677999218444705,0.681516217272372,0.6834701055099648,0.6858147713950762,0.6893317702227433,0.6924579914028918,0.6979288784681517,0.7010550996483002,0.7041813208284486,0.7057444314185228,0.7084798749511528,0.7112153184837827,0.7143415396639312,0.7159046502540055,0.7182493161391168,0.7221570926143025,0.7233294255568582,0.725283313794451,0.7280187573270809,0.7299726455646737,0.7319265338022665,0.7330988667448222,0.7338804220398594,0.7358343102774522,0.7373974208675264,0.7389605314576007
cellprofiler,A549,median,1,standardize,PCA,moa,0.1582678385170531,0.2207792207792207,77,1847,0.5523219814241486,0.5975232198142415,0.6210526315789474,0.6427244582043343,0.6551083591331269,0.6650154798761609,0.6755417956656347,0.6848297213622291,0.698452012383901,0.7077399380804954,0.7201238390092879,0.7269349845201238,0.734984520123839,0.7411764705882353,0.7473684210526316,0.7541795665634675,0.7591331269349845,0.7653250773993808,0.7739938080495357,0.7764705882352941,0.7814241486068112,0.7839009287925697,0.7888544891640867,0.7907120743034056,0.7925696594427245,0.8,0.8043343653250774,0.8099071207430341,0.8123839009287925,0.8154798761609907,0.8173374613003096,0.8198142414860681,0.8253869969040247,0.8309597523219814,0.83343653250774,0.8396284829721362,0.8414860681114551,0.8458204334365325,0.8489164086687306,0.8520123839009288,0.8544891640866873,0.8563467492260062,0.8588235294117647,0.860061919504644,0.8631578947368421,0.8662538699690403,0.8699690402476781,0.8712074303405573,0.874922600619195,0.8767801857585139
cellprofiler,A549,median,1,standardize,PCAcor,replicate,0.3391860791494006,0.5927152317880795,302,2559,0.492379835873388,0.5310668229777257,0.5498241500586166,0.5635013677217663,0.5732708089097304,0.5803048065650644,0.5885111371629543,0.5967174677608441,0.6037514654161782,0.6100039077764752,0.6158655724892537,0.6221180148495506,0.6260257913247362,0.6307151230949589,0.6350136772176631,0.6397030089878859,0.6447831184056272,0.6486908948808128,0.6541617819460727,0.6576787807737398,0.6596326690113326,0.6631496678389996,0.6662758890191481,0.669011332551778,0.6709652207893708,0.6744822196170379,0.677999218444705,0.6819069949198906,0.684251660805002,0.6881594372801876,0.6916764361078547,0.6936303243454475,0.6987104337631888,0.7010550996483002,0.70379054318093,0.7073075420085971,0.7088706525986713,0.710042985541227,0.7112153184837827,0.712778429073857,0.7159046502540055,0.7174677608440797,0.719030871434154,0.7213755373192653,0.7245017584994138,0.7260648690894881,0.7268464243845252,0.7295818679171552,0.7311449785072294,0.7334896443923408
cellprofiler,A549,median,1,standardize,PCAcor,moa,0.1592516741042942,0.2207792207792207,77,1847,0.5523219814241486,0.590092879256966,0.614860681114551,0.6297213622291021,0.6396284829721363,0.6557275541795665,0.6656346749226006,0.6755417956656347,0.6879256965944273,0.698452012383901,0.708359133126935,0.7188854489164087,0.7287925696594427,0.734984520123839,0.7405572755417956,0.7486068111455109,0.7535603715170278,0.756656346749226,0.76656346749226,0.7702786377708978,0.7739938080495357,0.7789473684210526,0.7845201238390093,0.7869969040247679,0.7919504643962848,0.7987616099071208,0.8012383900928792,0.8080495356037152,0.8123839009287925,0.8179566563467492,0.8222910216718267,0.8291021671826625,0.83343653250774,0.8371517027863777,0.8421052631578947,0.8464396284829722,0.8501547987616099,0.8513931888544891,0.8538699690402477,0.8551083591331269,0.8594427244582044,0.8631578947368421,0.8656346749226006,0.8662538699690403,0.8687306501547988,0.8699690402476781,0.8724458204334365,0.8743034055727554,0.8761609907120743,0.8767801857585139
cellprofiler,A549,median,1,standardize,ZCA,replicate,0.3373289599955289,0.609271523178808,302,2559,0.4943337241109808,0.536146932395467,0.5556858147713951,0.567409144196952,0.579914028917546,0.5892926924579914,0.5971082454083626,0.6033606877686596,0.6103946854239938,0.6154747948417351,0.620945681906995,0.6248534583821805,0.6307151230949589,0.6354044548651817,0.6400937866354045,0.6459554513481829,0.6486908948808128,0.655724892536147,0.6600234466588512,0.6639312231340367,0.6686205549042594,0.6705744431418523,0.6729191090269636,0.6756545525595936,0.677999218444705,0.681516217272372,0.6834701055099648,0.6858147713950762,0.6893317702227433,0.6924579914028918,0.6979288784681517,0.7010550996483002,0.7041813208284486,0.7057444314185228,0.7084798749511528,0.7112153184837827,0.7143415396639312,0.7159046502540055,0.7182493161391168,0.7221570926143025,0.7233294255568582,0.725283313794451,0.7280187573270809,0.7299726455646737,0.7319265338022665,0.7330988667448222,0.7338804220398594,0.7358343102774522,0.7373974208675264,0.7389605314576007
cellprofiler,A549,median,1,standardize,ZCA,moa,0.1582678385170531,0.2207792207792207,77,1847,0.5523219814241486,0.5975232198142415,0.6210526315789474,0.6427244582043343,0.6551083591331269,0.6650154798761609,0.6755417956656347,0.6848297213622291,0.698452012383901,0.7077399380804954,0.7201238390092879,0.7269349845201238,0.734984520123839,0.7411764705882353,0.7473684210526316,0.7541795665634675,0.7591331269349845,0.7653250773993808,0.7739938080495357,0.7764705882352941,0.7814241486068112,0.7839009287925697,0.7888544891640867,0.7907120743034056,0.7925696594427245,0.8,0.8043343653250774,0.8099071207430341,0.8123839009287925,0.8154798761609907,0.8173374613003096,0.8198142414860681,0.8253869969040247,0.8309597523219814,0.83343653250774,0.8396284829721362,0.8414860681114551,0.8458204334365325,0.8489164086687306,0.8520123839009288,0.8544891640866873,0.8563467492260062,0.8588235294117647,0.860061919504644,0.8631578947368421,0.8662538699690403,0.8699690402476781,0.8712074303405573,0.874922600619195,0.8767801857585139
cellprofiler,A549,median,1,standardize,ZCAcor,replicate,0.3391860791494006,0.5927152317880795,302,2559,0.492379835873388,0.5310668229777257,0.5498241500586166,0.5635013677217663,0.5732708089097304,0.5803048065650644,0.5885111371629543,0.5967174677608441,0.6037514654161782,0.6100039077764752,0.6158655724892537,0.6221180148495506,0.6260257913247362,0.6307151230949589,0.6350136772176631,0.6397030089878859,0.6447831184056272,0.6486908948808128,0.6541617819460727,0.6576787807737398,0.6596326690113326,0.6631496678389996,0.6662758890191481,0.669011332551778,0.6709652207893708,0.6744822196170379,0.677999218444705,0.6819069949198906,0.684251660805002,0.6881594372801876,0.6916764361078547,0.6936303243454475,0.6987104337631888,0.7010550996483002,0.70379054318093,0.7073075420085971,0.7088706525986713,0.710042985541227,0.7112153184837827,0.712778429073857,0.7159046502540055,0.7174677608440797,0.719030871434154,0.7213755373192653,0.7245017584994138,0.7260648690894881,0.7268464243845252,0.7295818679171552,0.7311449785072294,0.7334896443923408
cellprofiler,A549,median,1,standardize,ZCAcor,moa,0.1592516741042942,0.2207792207792207,77,1847,0.5523219814241486,0.590092879256966,0.614860681114551,0.6297213622291021,0.6396284829721363,0.6557275541795665,0.6656346749226006,0.6755417956656347,0.6879256965944273,0.698452012383901,0.708359133126935,0.7188854489164087,0.7287925696594427,0.734984520123839,0.7405572755417956,0.7486068111455109,0.7535603715170278,0.756656346749226,0.76656346749226,0.7702786377708978,0.7739938080495357,0.7789473684210526,0.7845201238390093,0.7869969040247679,0.7919504643962848,0.7987616099071208,0.8012383900928792,0.8080495356037152,0.8123839009287925,0.8179566563467492,0.8222910216718267,0.8291021671826625,0.83343653250774,0.8371517027863777,0.8421052631578947,0.8464396284829722,0.8501547987616099,0.8513931888544891,0.8538699690402477,0.8551083591331269,0.8594427244582044,0.8631578947368421,0.8656346749226006,0.8662538699690403,0.8687306501547988,0.8699690402476781,0.8724458204334365,0.8743034055727554,0.8761609907120743,0.8767801857585139
cellprofiler,A549,median,1,standardize,none,replicate,0.447177919782853,0.9867549668874172,302,2559,0.5967174677608441,0.6639312231340367,0.70379054318093,0.7319265338022665,0.7655334114888629,0.7866354044548651,0.8030480656506448,0.8151621727237202,0.8272762797967956,0.8374364986322782,0.8472059398202423,0.8558030480656507,0.8655724892536147,0.8714341539663931,0.876905041031653,0.8823759280969129,0.889409925752247,0.8948808128175069,0.8983978116451738,0.9019148104728408,0.9042594763579525,0.9077764751856194,0.9101211410707308,0.9144196951934348,0.9171551387260648,0.9187182493161392,0.9198905822586948,0.9214536928487692,0.923407581086362,0.9257522469714732,0.9265338022665104,0.927706135209066,0.9288784681516216,0.9308323563892146,0.9339585775693632,0.9363032434544744,0.9382571316920671,0.9398202422821414,0.9413833528722158,0.9425556858147714,0.9433372411098084,0.943728018757327,0.9452911293474012,0.9468542399374756,0.9476357952325128,0.9484173505275498,0.949980461117624,0.9511527940601796,0.9515435717076984,0.9519343493552168
cellprofiler,A549,median,1,standardize,none,moa,0.1694600473459135,0.2077922077922078,77,1847,0.6668730650154798,0.7461300309597523,0.7888544891640867,0.8142414860681114,0.8321981424148607,0.853250773993808,0.8699690402476781,0.8798761609907121,0.8910216718266254,0.8996904024767802,0.906501547987616,0.9145510835913312,0.9195046439628484,0.9256965944272446,0.9325077399380804,0.9337461300309596,0.9362229102167182,0.9380804953560372,0.9424148606811146,0.9461300309597525,0.9479876160990712,0.9492260061919504,0.9510835913312692,0.951702786377709,0.9529411764705882,0.9547987616099072,0.9578947368421052,0.9609907120743034,0.9622291021671828,0.9622291021671828,0.9628482972136224,0.963467492260062,0.96656346749226,0.9690402476780186,0.9702786377708978,0.9715170278637772,0.9727554179566564,0.9758513931888544,0.9770897832817338,0.9770897832817338,0.9770897832817338,0.9770897832817338,0.9777089783281734,0.978328173374613,0.9789473684210528,0.9789473684210528,0.9795665634674924,0.9795665634674924,0.9808049535603716,0.9814241486068112
cellprofiler,U2OS,median,0,PCA,mad_robustize,replicate,0.2901130755178867,0.4801324503311258,302,2240,0.3575892857142857,0.396875,0.4263392857142857,0.4491071428571428,0.4642857142857143,0.4745535714285714,0.4848214285714285,0.49375,0.5017857142857143,0.5098214285714285,0.5151785714285714,0.5223214285714286,0.5294642857142857,0.5339285714285714,0.5388392857142857,0.5446428571428571,0.5473214285714286,0.5544642857142857,0.5602678571428571,0.5647321428571429,0.5705357142857143,0.5758928571428571,0.5794642857142858,0.584375,0.5866071428571429,0.5875,0.5915178571428571,0.5964285714285714,0.6035714285714285,0.6098214285714286,0.6125,0.6165178571428571,0.6178571428571429,0.6232142857142857,0.6267857142857143,0.6285714285714286,0.6308035714285715,0.6334821428571429,0.6352678571428572,0.640625,0.6446428571428572,0.6482142857142857,0.6508928571428572,0.653125,0.6544642857142857,0.6566964285714286,0.6589285714285714,0.6611607142857143,0.6647321428571429,0.6683035714285714
cellprofiler,U2OS,median,0,PCA,mad_robustize,moa,0.1296583937201942,0.2077922077922078,77,1617,0.4207920792079208,0.4695898161244696,0.5028288543140028,0.5261669024045261,0.5452616690240453,0.5601131541725601,0.5714285714285714,0.5841584158415841,0.5961810466760962,0.6046676096181046,0.6145685997171145,0.6272984441301273,0.635077793493635,0.6478076379066479,0.6548797736916548,0.6654879773691655,0.6718528995756718,0.673974540311174,0.6810466760961811,0.6902404526166902,0.6987270155586988,0.7050919377652051,0.7135785007072136,0.7192362093352193,0.7234794908062234,0.7291371994342292,0.7362093352192363,0.7425742574257426,0.7461103253182461,0.748939179632249,0.7574257425742574,0.7623762376237624,0.7666195190947667,0.7743988684582744,0.7793493635077794,0.785007072135785,0.7878359264497878,0.7942008486562943,0.7963224893917963,0.7998585572842999,0.804101838755304,0.806930693069307,0.8097595473833098,0.8132956152758133,0.8182461103253182,0.8210749646393211,0.8224893917963225,0.826025459688826,0.8274398868458275,0.830975954738331
cellprofiler,U2OS,median,0,PCA,standardize,replicate,0.2073221443254415,0.3013245033112582,302,2240,0.3383928571428571,0.3839285714285714,0.4089285714285714,0.4200892857142857,0.4361607142857143,0.4473214285714286,0.4607142857142857,0.4691964285714285,0.4758928571428571,0.484375,0.4910714285714285,0.5004464285714286,0.5080357142857143,0.5169642857142858,0.5236607142857143,0.5294642857142857,0.5361607142857143,0.5450892857142857,0.5508928571428572,0.5549107142857143,0.5598214285714286,0.5647321428571429,0.56875,0.5745535714285714,0.5808035714285714,0.5875,0.590625,0.5928571428571429,0.5955357142857143,0.6008928571428571,0.6071428571428571,0.6116071428571429,0.615625,0.6196428571428572,0.6241071428571429,0.6272321428571429,0.6325892857142857,0.6375,0.6419642857142858,0.6459821428571428,0.6508928571428572,0.6535714285714286,0.6589285714285714,0.6633928571428571,0.6683035714285714,0.6714285714285714,0.6763392857142857,0.6808035714285714,0.6834821428571428,0.6875
cellprofiler,U2OS,median,0,PCA,standardize,moa,0.1051667740196237,0.1168831168831168,77,1617,0.3861386138613861,0.4405940594059406,0.4787835926449788,0.5021216407355021,0.5162659123055162,0.5297029702970297,0.5480905233380481,0.5657708628005658,0.5841584158415841,0.5975954738330976,0.6138613861386139,0.6265912305516266,0.637906647807638,0.6527581329561527,0.6683168316831684,0.6831683168316832,0.6902404526166902,0.695898161244696,0.7022630834512023,0.7128712871287128,0.7213578500707214,0.7362093352192363,0.7432814710042432,0.751060820367751,0.7567185289957568,0.7644978783592645,0.7694483734087695,0.7814710042432814,0.7892503536067893,0.7977369165487977,0.801980198019802,0.8118811881188119,0.8168316831683168,0.8210749646393211,0.8239038189533239,0.8267326732673267,0.8316831683168316,0.8359264497878359,0.8422913719943423,0.8458274398868458,0.8493635077793493,0.8536067892503536,0.8564356435643564,0.8628005657708628,0.867043847241867,0.8705799151343706,0.8741159830268741,0.8783592644978784,0.8804809052333805,0.8847241867043847
cellprofiler,U2OS,median,0,ZCA,mad_robustize,replicate,0.3192469949921612,0.5629139072847682,302,2240,0.3892857142857143,0.4383928571428571,0.4616071428571429,0.4866071428571428,0.5044642857142857,0.5142857142857142,0.5241071428571429,0.5352678571428572,0.5433035714285714,0.5504464285714286,0.5575892857142857,0.5629464285714286,0.5709821428571429,0.575,0.5799107142857143,0.5861607142857143,0.59375,0.5991071428571428,0.6022321428571429,0.6116071428571429,0.61875,0.6209821428571428,0.6241071428571429,0.6285714285714286,0.63125,0.6330357142857143,0.6375,0.6410714285714286,0.6450892857142857,0.6491071428571429,0.6526785714285714,0.6566964285714286,0.6629464285714286,0.6660714285714285,0.66875,0.6709821428571429,0.6732142857142858,0.675,0.6790178571428571,0.6839285714285714,0.6852678571428571,0.6879464285714286,0.690625,0.6924107142857143,0.6950892857142857,0.6991071428571428,0.7022321428571429,0.7053571428571429,0.7071428571428572,0.7102678571428571
cellprofiler,U2OS,median,0,ZCA,mad_robustize,moa,0.1362948709113134,0.2207792207792207,77,1617,0.4561527581329561,0.504950495049505,0.5388967468175389,0.5565770862800565,0.5827439886845828,0.594059405940594,0.6032531824611033,0.6188118811881188,0.6336633663366337,0.6485148514851485,0.6577086280056577,0.6640735502121641,0.6746817538896747,0.6874115983026874,0.6944837340876945,0.7001414427157001,0.7079207920792079,0.7164073550212164,0.7241867043847242,0.731966053748232,0.7355021216407355,0.7418670438472419,0.751060820367751,0.7567185289957568,0.7616690240452617,0.7644978783592645,0.7715700141442716,0.7779349363507779,0.7828854314002829,0.785007072135785,0.7878359264497878,0.7927864214992928,0.7984441301272984,0.8026874115983027,0.806930693069307,0.8125884016973126,0.8182461103253182,0.8224893917963225,0.826025459688826,0.830975954738331,0.8366336633663366,0.8394625176803394,0.842998585572843,0.8444130127298444,0.8465346534653465,0.8486562942008486,0.8514851485148515,0.8543140028288543,0.8571428571428571,0.862093352192362
cellprofiler,U2OS,median,0,ZCA,standardize,replicate,0.2277338673208945,0.3344370860927152,302,2240,0.3767857142857143,0.4147321428571429,0.4379464285714285,0.4580357142857142,0.4723214285714285,0.4870535714285714,0.5004464285714286,0.5089285714285714,0.5200892857142857,0.5276785714285714,0.5352678571428572,0.5477678571428571,0.5535714285714286,0.5633928571428571,0.56875,0.5763392857142857,0.5794642857142858,0.5866071428571429,0.590625,0.5964285714285714,0.6026785714285714,0.609375,0.6160714285714286,0.6236607142857142,0.6330357142857143,0.6375,0.6441964285714286,0.6473214285714286,0.6526785714285714,0.65625,0.6602678571428572,0.6674107142857143,0.6714285714285714,0.6745535714285714,0.6763392857142857,0.6790178571428571,0.6857142857142857,0.6910714285714286,0.69375,0.6977678571428572,0.7022321428571429,0.7058035714285714,0.7107142857142857,0.7165178571428571,0.7205357142857143,0.7241071428571428,0.725,0.728125,0.7303571428571428,0.7366071428571429
cellprofiler,U2OS,median,0,ZCA,standardize,moa,0.1073368413915146,0.1298701298701298,77,1617,0.4278642149929278,0.4759547383309759,0.5113154172560113,0.5332390381895332,0.5558698727015559,0.5770862800565771,0.5961810466760962,0.6166902404526167,0.6343705799151343,0.6449787835926449,0.6612446958981613,0.6718528995756718,0.6852899575671852,0.6973125884016973,0.7086280056577087,0.7206506364922206,0.7333804809052333,0.7418670438472419,0.7517680339462518,0.7595473833097596,0.7652050919377652,0.7722772277227723,0.7786421499292786,0.7878359264497878,0.7963224893917963,0.8055162659123055,0.8132956152758133,0.8217821782178217,0.8316831683168316,0.8330975954738331,0.8380480905233381,0.8422913719943423,0.8472418670438473,0.8543140028288543,0.8642149929278642,0.867043847241867,0.8741159830268741,0.8755304101838756,0.8783592644978784,0.8826025459688827,0.8847241867043847,0.888967468175389,0.8917963224893918,0.8946251768033946,0.8967468175388967,0.9016973125884016,0.9052333804809052,0.908062234794908,0.9087694483734088,0.91018387553041
cellprofiler,U2OS,median,0,mad_robustize,none,replicate,0.2575910120077889,0.8807947019867549,302,2240,0.2892857142857143,0.3392857142857143,0.3767857142857143,0.3973214285714285,0.4200892857142857,0.4410714285714285,0.4535714285714285,0.4638392857142857,0.4794642857142857,0.4892857142857142,0.4977678571428571,0.5035714285714286,0.5133928571428571,0.5205357142857143,0.5267857142857143,0.5303571428571429,0.5370535714285715,0.5446428571428571,0.55,0.5580357142857143,0.5625,0.5665178571428572,0.5714285714285714,0.5754464285714286,0.5803571428571429,0.5857142857142857,0.5901785714285714,0.5946428571428571,0.5986607142857143,0.6008928571428571,0.603125,0.60625,0.6098214285714286,0.6142857142857143,0.6165178571428571,0.6214285714285714,0.6267857142857143,0.6299107142857143,0.6325892857142857,0.6352678571428572,0.6375,0.6397321428571429,0.6419642857142858,0.6441964285714286,0.6455357142857143,0.646875,0.6495535714285714,0.6535714285714286,0.6558035714285714,0.6580357142857143
cellprofiler,U2OS,median,0,mad_robustize,none,moa,0.1645217254131826,0.5844155844155844,77,1617,0.3387553041018387,0.4087694483734088,0.4462517680339462,0.4809052333804809,0.5077793493635078,0.5275813295615276,0.5473833097595474,0.5643564356435643,0.5792079207920792,0.5912305516265912,0.5968882602545968,0.6046676096181046,0.615983026874116,0.6287128712871287,0.6357850070721358,0.6421499292786421,0.6499292786421499,0.657001414427157,0.6626591230551626,0.6697312588401697,0.6760961810466761,0.6817538896746818,0.6874115983026874,0.6937765205091938,0.698019801980198,0.7015558698727016,0.7065063649222065,0.7107496463932107,0.7164073550212164,0.7227722772277227,0.7263083451202264,0.7305516265912305,0.7355021216407355,0.7404526166902404,0.7446958981612447,0.7475247524752475,0.7517680339462518,0.7553041018387553,0.7602545968882602,0.7644978783592645,0.768033946251768,0.7708628005657708,0.772984441301273,0.7772277227722773,0.7786421499292786,0.7793493635077794,0.7864214992927864,0.7878359264497878,0.78995756718529,0.7942008486562943
cellprofiler,U2OS,median,0,standardize,PCA,replicate,0.3633555444648406,0.5761589403973509,302,2240,0.4616071428571429,0.5066964285714286,0.5321428571428571,0.5517857142857143,0.5647321428571429,0.5754464285714286,0.5897321428571428,0.5986607142857143,0.6053571428571428,0.6151785714285715,0.6223214285714286,0.6303571428571428,0.6383928571428571,0.6424107142857143,0.646875,0.6517857142857143,0.6549107142857142,0.6589285714285714,0.6642857142857143,0.6691964285714286,0.6732142857142858,0.6776785714285715,0.6808035714285714,0.6870535714285714,0.6915178571428572,0.6973214285714285,0.7008928571428571,0.703125,0.7066964285714286,0.7107142857142857,0.7147321428571428,0.7178571428571429,0.7214285714285714,0.7241071428571428,0.725,0.7263392857142857,0.7316964285714286,0.7339285714285714,0.7375,0.7397321428571428,0.7419642857142857,0.74375,0.7441964285714285,0.7473214285714286,0.7495535714285714,0.7517857142857143,0.7549107142857143,0.7589285714285714,0.7620535714285714,0.7642857142857142
cellprofiler,U2OS,median,0,standardize,PCA,moa,0.1461898098152902,0.2597402597402597,77,1617,0.5198019801980198,0.5615275813295615,0.5975954738330976,0.6188118811881188,0.6414427157001414,0.657001414427157,0.6732673267326733,0.6824611032531824,0.6973125884016973,0.7086280056577087,0.7185289957567186,0.7220650636492221,0.7291371994342292,0.7362093352192363,0.7468175388967468,0.7496463932107497,0.7545968882602546,0.7630834512022631,0.7666195190947667,0.7765205091937766,0.7835926449787836,0.7885431400282885,0.7934936350777935,0.7984441301272984,0.804101838755304,0.8055162659123055,0.8111739745403111,0.8175388967468176,0.8210749646393211,0.8281471004243282,0.8330975954738331,0.8373408769448374,0.8408769448373409,0.842998585572843,0.8451202263083452,0.8500707213578501,0.8514851485148515,0.8536067892503536,0.8557284299858557,0.8606789250353607,0.8663366336633663,0.8698727015558698,0.8748231966053748,0.8783592644978784,0.8826025459688827,0.8861386138613861,0.8875530410183875,0.8917963224893918,0.8953323903818954,0.8967468175388967
cellprofiler,U2OS,median,0,standardize,ZCA,replicate,0.3633555444648406,0.5761589403973509,302,2240,0.4616071428571429,0.5066964285714286,0.5321428571428571,0.5517857142857143,0.5647321428571429,0.5754464285714286,0.5897321428571428,0.5986607142857143,0.6053571428571428,0.6151785714285715,0.6223214285714286,0.6303571428571428,0.6383928571428571,0.6424107142857143,0.646875,0.6517857142857143,0.6549107142857142,0.6589285714285714,0.6642857142857143,0.6691964285714286,0.6732142857142858,0.6776785714285715,0.6808035714285714,0.6870535714285714,0.6915178571428572,0.6973214285714285,0.7008928571428571,0.703125,0.7066964285714286,0.7107142857142857,0.7147321428571428,0.7178571428571429,0.7214285714285714,0.7241071428571428,0.725,0.7263392857142857,0.7316964285714286,0.7339285714285714,0.7375,0.7397321428571428,0.7419642857142857,0.74375,0.7441964285714285,0.7473214285714286,0.7495535714285714,0.7517857142857143,0.7549107142857143,0.7589285714285714,0.7620535714285714,0.7642857142857142
cellprofiler,U2OS,median,0,standardize,ZCA,moa,0.1461898098152902,0.2597402597402597,77,1617,0.5198019801980198,0.5615275813295615,0.5975954738330976,0.6188118811881188,0.6414427157001414,0.657001414427157,0.6732673267326733,0.6824611032531824,0.6973125884016973,0.7086280056577087,0.7185289957567186,0.7220650636492221,0.7291371994342292,0.7362093352192363,0.7468175388967468,0.7496463932107497,0.7545968882602546,0.7630834512022631,0.7666195190947667,0.7765205091937766,0.7835926449787836,0.7885431400282885,0.7934936350777935,0.7984441301272984,0.804101838755304,0.8055162659123055,0.8111739745403111,0.8175388967468176,0.8210749646393211,0.8281471004243282,0.8330975954738331,0.8373408769448374,0.8408769448373409,0.842998585572843,0.8451202263083452,0.8500707213578501,0.8514851485148515,0.8536067892503536,0.8557284299858557,0.8606789250353607,0.8663366336633663,0.8698727015558698,0.8748231966053748,0.8783592644978784,0.8826025459688827,0.8861386138613861,0.8875530410183875,0.8917963224893918,0.8953323903818954,0.8967468175388967
cellprofiler,U2OS,median,0,standardize,none,replicate,0.356154975788921,0.8609271523178808,302,2240,0.4258928571428571,0.4897321428571428,0.5308035714285714,0.5665178571428572,0.5897321428571428,0.6075892857142857,0.6236607142857142,0.6375,0.6504464285714285,0.6633928571428571,0.6745535714285714,0.6834821428571428,0.6919642857142857,0.7008928571428571,0.7066964285714286,0.7174107142857142,0.7245535714285715,0.7316964285714286,0.740625,0.75,0.7589285714285714,0.7647321428571429,0.7705357142857143,0.7763392857142857,0.7816964285714286,0.7852678571428572,0.7910714285714285,0.7973214285714286,0.8035714285714286,0.8084821428571428,0.8102678571428571,0.8151785714285714,0.8183035714285715,0.8196428571428571,0.8236607142857143,0.8272321428571429,0.8299107142857143,0.8325892857142857,0.8352678571428571,0.8357142857142857,0.8397321428571428,0.8424107142857142,0.8446428571428571,0.8486607142857143,0.8513392857142857,0.8544642857142857,0.8566964285714286,0.8580357142857142,0.8602678571428571,0.8620535714285714
cellprofiler,U2OS,median,0,standardize,none,moa,0.1460017156645802,0.2467532467532467,77,1617,0.4922206506364922,0.5650636492220651,0.6138613861386139,0.6471004243281471,0.6711456859971712,0.690947666195191,0.7079207920792079,0.7248939179632249,0.7461103253182461,0.7588401697312589,0.7793493635077794,0.7906647807637907,0.8005657708628006,0.806930693069307,0.8168316831683168,0.8302687411598303,0.8373408769448374,0.8401697312588402,0.847949080622348,0.8528995756718529,0.8571428571428571,0.8656294200848657,0.8705799151343706,0.8734087694483734,0.8811881188118812,0.8826025459688827,0.8882602545968883,0.8917963224893918,0.8946251768033946,0.8974540311173974,0.9002828854314003,0.9052333804809052,0.9087694483734088,0.9137199434229136,0.9193776520509194,0.9193776520509194,0.9236209335219236,0.9264497878359264,0.9285714285714286,0.9314002828854314,0.9342291371994342,0.9349363507779348,0.9377652050919376,0.9384724186704384,0.9405940594059404,0.9405940594059404,0.9427157001414428,0.944130127298444,0.9455445544554456,0.946958981612447
cellprofiler,U2OS,median,1,PCA,mad_robustize,replicate,0.3680169595073691,0.6291390728476821,302,2240,0.45,0.4941964285714286,0.5209821428571428,0.5348214285714286,0.5477678571428571,0.5611607142857142,0.5732142857142857,0.5839285714285715,0.59375,0.6004464285714286,0.60625,0.6160714285714286,0.6200892857142857,0.625,0.63125,0.6366071428571428,0.6446428571428572,0.6473214285714286,0.6553571428571429,0.6638392857142857,0.6691964285714286,0.6727678571428571,0.6785714285714286,0.6852678571428571,0.6901785714285714,0.6933035714285715,0.6982142857142857,0.6995535714285714,0.7053571428571429,0.7080357142857143,0.7120535714285714,0.7165178571428571,0.7200892857142858,0.721875,0.7236607142857143,0.7258928571428571,0.728125,0.7299107142857143,0.7308035714285714,0.7357142857142858,0.7397321428571428,0.7419642857142857,0.7455357142857143,0.75,0.7522321428571429,0.7540178571428572,0.7571428571428571,0.7580357142857143,0.7589285714285714,0.7620535714285714
cellprofiler,U2OS,median,1,PCA,mad_robustize,moa,0.145135892079061,0.2597402597402597,77,1617,0.5198019801980198,0.5693069306930693,0.599009900990099,0.620933521923621,0.637906647807638,0.6562942008486563,0.6683168316831684,0.6824611032531824,0.690947666195191,0.7001414427157001,0.7057991513437057,0.714992927864215,0.7248939179632249,0.7340876944837341,0.7432814710042432,0.7524752475247525,0.7602545968882602,0.7659123055162659,0.7715700141442716,0.7786421499292786,0.7857142857142857,0.7878359264497878,0.7942008486562943,0.7998585572842999,0.8055162659123055,0.8062234794908062,0.8097595473833098,0.8154172560113154,0.8210749646393211,0.8246110325318247,0.8281471004243282,0.8316831683168316,0.8338048090523338,0.8387553041018387,0.842998585572843,0.847949080622348,0.8543140028288543,0.8578500707213579,0.8606789250353607,0.8628005657708628,0.864922206506365,0.8684582743988685,0.8705799151343706,0.8734087694483734,0.8748231966053748,0.8783592644978784,0.8804809052333805,0.8826025459688827,0.8854314002828855,0.888967468175389
cellprofiler,U2OS,median,1,PCA,standardize,replicate,0.3265021546972226,0.5165562913907285,302,2240,0.4553571428571428,0.5,0.5267857142857143,0.5455357142857142,0.5620535714285714,0.5763392857142857,0.5879464285714285,0.5991071428571428,0.6107142857142858,0.6214285714285714,0.6303571428571428,0.6375,0.6446428571428572,0.6540178571428571,0.6633928571428571,0.6700892857142857,0.6794642857142857,0.6848214285714286,0.6915178571428572,0.696875,0.7040178571428571,0.7129464285714285,0.7200892857142858,0.7232142857142857,0.7294642857142857,0.7383928571428572,0.7455357142857143,0.7513392857142858,0.75625,0.7598214285714285,0.765625,0.7705357142857143,0.7741071428571429,0.7790178571428571,0.7839285714285714,0.7870535714285715,0.7892857142857143,0.7919642857142857,0.7982142857142858,0.8,0.8022321428571428,0.8040178571428571,0.8071428571428572,0.809375,0.815625,0.8209821428571429,0.8236607142857143,0.8254464285714286,0.8267857142857142,0.8316964285714286
cellprofiler,U2OS,median,1,PCA,standardize,moa,0.1269526351660118,0.1558441558441558,77,1617,0.5261669024045261,0.582036775106082,0.611032531824611,0.6343705799151343,0.6577086280056577,0.6775106082036775,0.6944837340876945,0.7107496463932107,0.7248939179632249,0.7362093352192363,0.7475247524752475,0.7588401697312589,0.7751060820367751,0.7835926449787836,0.7934936350777935,0.8083451202263083,0.8175388967468176,0.826025459688826,0.8316831683168316,0.8408769448373409,0.8458274398868458,0.8543140028288543,0.8606789250353607,0.867043847241867,0.8705799151343706,0.8741159830268741,0.8797736916548797,0.8847241867043847,0.8882602545968883,0.8939179632248939,0.8995756718528995,0.9038189533239038,0.908062234794908,0.91018387553041,0.9130127298444132,0.9151343705799152,0.9172560113154172,0.92008486562942,0.9207920792079208,0.9236209335219236,0.9271570014144273,0.9285714285714286,0.932107496463932,0.9335219236209336,0.937057991513437,0.9384724186704384,0.9391796322489392,0.9391796322489392,0.9434229137199436,0.9455445544554456
cellprofiler,U2OS,median,1,PCAcor,mad_robustize,replicate,0.3902501765179358,0.6754966887417219,302,2240,0.4558035714285714,0.5035714285714286,0.5379464285714286,0.5580357142857143,0.5754464285714286,0.5883928571428572,0.603125,0.6160714285714286,0.6245535714285714,0.634375,0.6383928571428571,0.6459821428571428,0.6544642857142857,0.6611607142857143,0.665625,0.6696428571428571,0.6741071428571429,0.6790178571428571,0.6830357142857143,0.6897321428571429,0.6955357142857143,0.6995535714285714,0.7049107142857143,0.7116071428571429,0.7178571428571429,0.7209821428571429,0.7254464285714286,0.73125,0.7352678571428571,0.7397321428571428,0.7424107142857143,0.7455357142857143,0.7482142857142857,0.7513392857142858,0.7544642857142857,0.7575892857142857,0.7611607142857143,0.7625,0.765625,0.7691964285714286,0.7732142857142857,0.778125,0.7803571428571429,0.7848214285714286,0.7883928571428571,0.7897321428571429,0.7919642857142857,0.7964285714285714,0.7995535714285714,0.803125
cellprofiler,U2OS,median,1,PCAcor,mad_robustize,moa,0.1551082570472602,0.2597402597402597,77,1617,0.5304101838755304,0.5848656294200849,0.6223479490806223,0.6492220650636492,0.6676096181046676,0.6888260254596889,0.7029702970297029,0.71004243281471,0.7192362093352193,0.7263083451202264,0.7454031117397454,0.7524752475247525,0.7644978783592645,0.772984441301273,0.7814710042432814,0.7892503536067893,0.7956152758132956,0.8033946251768034,0.8111739745403111,0.8132956152758133,0.8154172560113154,0.8210749646393211,0.826025459688826,0.8295615275813296,0.8394625176803394,0.8437057991513437,0.8493635077793493,0.8521923620933521,0.8578500707213579,0.8628005657708628,0.8684582743988685,0.8741159830268741,0.8769448373408769,0.8811881188118812,0.8847241867043847,0.8861386138613861,0.8903818953323904,0.8939179632248939,0.8953323903818954,0.8988684582743989,0.8988684582743989,0.8988684582743989,0.9016973125884016,0.9052333804809052,0.9073550212164072,0.9108910891089108,0.9137199434229136,0.9165487977369166,0.9193776520509194,0.92008486562942
cellprofiler,U2OS,median,1,PCAcor,standardize,replicate,0.3786748362970736,0.7317880794701986,302,2240,0.4799107142857143,0.5299107142857142,0.5678571428571428,0.5955357142857143,0.6191964285714285,0.6375,0.6513392857142857,0.6620535714285715,0.6745535714285714,0.6866071428571429,0.69375,0.7035714285714286,0.7129464285714285,0.7227678571428572,0.7325892857142857,0.7379464285714286,0.7424107142857143,0.7491071428571429,0.7571428571428571,0.7642857142857142,0.7678571428571429,0.7736607142857143,0.778125,0.7821428571428571,0.7861607142857143,0.7915178571428572,0.7995535714285714,0.8058035714285714,0.8125,0.8178571428571428,0.8214285714285714,0.8245535714285714,0.828125,0.8325892857142857,0.8352678571428571,0.8383928571428572,0.8401785714285714,0.8433035714285714,0.8455357142857143,0.85,0.8508928571428571,0.8544642857142857,0.8589285714285714,0.8616071428571429,0.8651785714285715,0.8674107142857143,0.86875,0.871875,0.8758928571428571,0.8799107142857143
cellprofiler,U2OS,median,1,PCAcor,standardize,moa,0.1437920533246568,0.1558441558441558,77,1617,0.5509193776520509,0.6152758132956153,0.6541725601131542,0.690947666195191,0.71004243281471,0.7277227722772277,0.748939179632249,0.7673267326732673,0.7793493635077794,0.7934936350777935,0.806930693069307,0.8154172560113154,0.8267326732673267,0.8352192362093352,0.8444130127298444,0.8536067892503536,0.862093352192362,0.8705799151343706,0.8769448373408769,0.8818953323903819,0.8868458274398868,0.8925035360678925,0.8981612446958982,0.9066478076379066,0.9123055162659124,0.917963224893918,0.9257425742574258,0.92998585572843,0.9335219236209336,0.9349363507779348,0.9377652050919376,0.9405940594059404,0.9427157001414428,0.9434229137199436,0.944130127298444,0.9448373408769448,0.946958981612447,0.9476661951909476,0.9497878359264498,0.9533239038189534,0.9547383309759548,0.9582743988684582,0.9611032531824611,0.9618104667609618,0.9632248939179632,0.9653465346534652,0.9653465346534652,0.9667609618104668,0.9667609618104668,0.9674681753889676
cellprofiler,U2OS,median,1,ZCA,mad_robustize,replicate,0.3349722567471386,0.5397350993377483,302,2240,0.40625,0.44375,0.4633928571428571,0.4790178571428571,0.4941964285714286,0.5053571428571428,0.5191964285714286,0.5276785714285714,0.5339285714285714,0.5415178571428572,0.5482142857142858,0.5553571428571429,0.5620535714285714,0.5691964285714286,0.5808035714285714,0.5852678571428571,0.5910714285714286,0.5941964285714286,0.5991071428571428,0.6040178571428572,0.609375,0.6116071428571429,0.615625,0.6200892857142857,0.6254464285714286,0.6303571428571428,0.6330357142857143,0.6357142857142857,0.6370535714285714,0.640625,0.64375,0.6455357142857143,0.646875,0.6482142857142857,0.6495535714285714,0.6508928571428572,0.6535714285714286,0.6553571428571429,0.6580357142857143,0.659375,0.6616071428571428,0.6633928571428571,0.6660714285714285,0.6683035714285714,0.6714285714285714,0.6741071428571429,0.6763392857142857,0.6785714285714286,0.6821428571428572,0.6834821428571428
cellprofiler,U2OS,median,1,ZCA,mad_robustize,moa,0.1379252544211187,0.2207792207792207,77,1617,0.4688826025459688,0.5099009900990099,0.5445544554455446,0.5671852899575672,0.5862800565770863,0.6004243281471005,0.6124469589816125,0.6301272984441302,0.6435643564356436,0.6527581329561527,0.6640735502121641,0.6718528995756718,0.6824611032531824,0.6916548797736917,0.6966053748231966,0.7050919377652051,0.71004243281471,0.7171145685997171,0.7213578500707214,0.7248939179632249,0.7284299858557284,0.7333804809052333,0.7383309759547383,0.7432814710042432,0.748939179632249,0.751060820367751,0.7538896746817539,0.7567185289957568,0.7623762376237624,0.7694483734087695,0.7743988684582744,0.7765205091937766,0.7772277227722773,0.785007072135785,0.7885431400282885,0.7934936350777935,0.7970297029702971,0.8033946251768034,0.8062234794908062,0.809052333804809,0.8125884016973126,0.8161244695898161,0.8203677510608204,0.8281471004243282,0.8288543140028288,0.8316831683168316,0.8352192362093352,0.8366336633663366,0.8380480905233381,0.842998585572843
cellprofiler,U2OS,median,1,ZCA,standardize,replicate,0.3014105644241115,0.4503311258278146,302,2240,0.4026785714285714,0.4450892857142857,0.471875,0.4924107142857143,0.5098214285714285,0.5258928571428572,0.5375,0.5459821428571429,0.5549107142857143,0.5602678571428571,0.5638392857142858,0.5705357142857143,0.5799107142857143,0.5852678571428571,0.5928571428571429,0.5986607142857143,0.6058035714285714,0.6107142857142858,0.6165178571428571,0.6227678571428571,0.6254464285714286,0.6316964285714286,0.6383928571428571,0.6415178571428571,0.6455357142857143,0.6522321428571428,0.6566964285714286,0.6607142857142857,0.6638392857142857,0.6683035714285714,0.6723214285714286,0.6772321428571428,0.6852678571428571,0.690625,0.6959821428571429,0.7013392857142857,0.7080357142857143,0.7111607142857143,0.7178571428571429,0.7209821428571429,0.7272321428571429,0.7316964285714286,0.7348214285714286,0.7410714285714286,0.746875,0.7517857142857143,0.7549107142857143,0.7566964285714286,0.7611607142857143,0.7642857142857142
cellprofiler,U2OS,median,1,ZCA,standardize,moa,0.1235823689974139,0.1558441558441558,77,1617,0.4667609618104668,0.5148514851485149,0.5601131541725601,0.594059405940594,0.6166902404526167,0.6322489391796322,0.6456859971711457,0.6598302687411598,0.6718528995756718,0.6845827439886846,0.6923620933521923,0.7050919377652051,0.7121640735502122,0.7164073550212164,0.7263083451202264,0.7362093352192363,0.7454031117397454,0.751060820367751,0.756011315417256,0.7659123055162659,0.7743988684582744,0.7807637906647807,0.78995756718529,0.7949080622347949,0.8012729844413012,0.8083451202263083,0.8125884016973126,0.8203677510608204,0.8274398868458275,0.8316831683168316,0.8338048090523338,0.8366336633663366,0.8394625176803394,0.8465346534653465,0.8543140028288543,0.8571428571428571,0.85997171145686,0.8642149929278642,0.8684582743988685,0.8698727015558698,0.8734087694483734,0.8762376237623762,0.8776520509193777,0.8811881188118812,0.8854314002828855,0.8875530410183875,0.8910891089108911,0.8917963224893918,0.8946251768033946,0.8981612446958982
cellprofiler,U2OS,median,1,ZCAcor,mad_robustize,replicate,0.3440719167069909,0.5596026490066225,302,2240,0.3982142857142857,0.4459821428571429,0.4727678571428571,0.4901785714285714,0.5075892857142857,0.5178571428571429,0.5285714285714286,0.5370535714285715,0.5455357142857142,0.5544642857142857,0.5602678571428571,0.5660714285714286,0.5727678571428572,0.578125,0.5830357142857143,0.5879464285714285,0.5910714285714286,0.5950892857142858,0.5986607142857143,0.6013392857142857,0.60625,0.6098214285714286,0.6142857142857143,0.61875,0.6232142857142857,0.6267857142857143,0.628125,0.6334821428571429,0.6370535714285714,0.6415178571428571,0.6446428571428572,0.6473214285714286,0.6491071428571429,0.653125,0.6580357142857143,0.6625,0.6660714285714285,0.6683035714285714,0.6709821428571429,0.6763392857142857,0.6825892857142857,0.6875,0.6901785714285714,0.6915178571428572,0.6941964285714286,0.6946428571428571,0.696875,0.6986607142857143,0.7035714285714286,0.7066964285714286
cellprofiler,U2OS,median,1,ZCAcor,mad_robustize,moa,0.144355573702492,0.2077922077922078,77,1617,0.4618104667609618,0.5141442715700142,0.5431400282885431,0.5671852899575672,0.582036775106082,0.5947666195190948,0.6032531824611033,0.6216407355021216,0.6251768033946252,0.6407355021216408,0.6534653465346535,0.6633663366336634,0.6732673267326733,0.6852899575671852,0.6923620933521923,0.698019801980198,0.7036775106082037,0.71004243281471,0.7178217821782178,0.7277227722772277,0.7369165487977369,0.7418670438472419,0.7482319660537482,0.7524752475247525,0.7567185289957568,0.7609618104667609,0.7666195190947667,0.7722772277227723,0.7736916548797736,0.7786421499292786,0.7800565770862801,0.7864214992927864,0.78995756718529,0.7927864214992928,0.7998585572842999,0.8048090523338048,0.8083451202263083,0.8132956152758133,0.8161244695898161,0.8224893917963225,0.8274398868458275,0.8288543140028288,0.8330975954738331,0.8359264497878359,0.8408769448373409,0.842998585572843,0.8465346534653465,0.8493635077793493,0.8514851485148515,0.8528995756718529
cellprofiler,U2OS,median,1,ZCAcor,standardize,replicate,0.310368619684522,0.4834437086092715,302,2240,0.3839285714285714,0.428125,0.4482142857142857,0.4665178571428571,0.4803571428571428,0.4955357142857143,0.5084821428571429,0.5169642857142858,0.5285714285714286,0.5352678571428572,0.5424107142857143,0.5535714285714286,0.5642857142857143,0.5732142857142857,0.5790178571428571,0.5852678571428571,0.5892857142857143,0.5964285714285714,0.6013392857142857,0.6066964285714286,0.6120535714285714,0.615625,0.621875,0.6258928571428571,0.628125,0.6339285714285714,0.640625,0.6446428571428572,0.6482142857142857,0.6517857142857143,0.6549107142857142,0.6625,0.6665178571428572,0.6700892857142857,0.6732142857142858,0.6758928571428572,0.6821428571428572,0.6861607142857142,0.6897321428571429,0.6933035714285715,0.6964285714285714,0.7013392857142857,0.7058035714285714,0.7107142857142857,0.7133928571428572,0.7178571428571429,0.7191964285714286,0.7236607142857143,0.7276785714285714,0.73125
cellprofiler,U2OS,median,1,ZCAcor,standardize,moa,0.1325341895493012,0.1558441558441558,77,1617,0.4483734087694483,0.4922206506364922,0.5282885431400283,0.5558698727015559,0.5735502121640735,0.599009900990099,0.6173974540311173,0.6301272984441302,0.6449787835926449,0.6584158415841584,0.669024045261669,0.6810466760961811,0.6944837340876945,0.7001414427157001,0.714992927864215,0.7206506364922206,0.727015558698727,0.7326732673267327,0.7397454031117398,0.7468175388967468,0.7531824611032532,0.7588401697312589,0.768033946251768,0.7779349363507779,0.7864214992927864,0.7942008486562943,0.801980198019802,0.806930693069307,0.8104667609618105,0.8154172560113154,0.8182461103253182,0.8239038189533239,0.8288543140028288,0.8338048090523338,0.8352192362093352,0.8415841584158416,0.847949080622348,0.8528995756718529,0.85997171145686,0.8628005657708628,0.8712871287128713,0.8734087694483734,0.8776520509193777,0.8833097595473833,0.8875530410183875,0.8882602545968883,0.888967468175389,0.8946251768033946,0.8988684582743989,0.9016973125884016
cellprofiler,U2OS,median,1,mad_robustize,PCA,replicate,0.2987104186950678,0.4900662251655629,302,2240,0.4053571428571428,0.4410714285714285,0.4674107142857143,0.4803571428571428,0.4933035714285714,0.5066964285714286,0.5165178571428571,0.5285714285714286,0.5348214285714286,0.5433035714285714,0.5535714285714286,0.5611607142857142,0.5678571428571428,0.5745535714285714,0.5803571428571429,0.5834821428571428,0.5883928571428572,0.5959821428571429,0.5995535714285715,0.603125,0.60625,0.6080357142857142,0.6116071428571429,0.6151785714285715,0.6183035714285714,0.6205357142857143,0.6294642857142857,0.6325892857142857,0.634375,0.6375,0.6424107142857143,0.6446428571428572,0.6473214285714286,0.6522321428571428,0.6544642857142857,0.6580357142857143,0.6607142857142857,0.6642857142857143,0.6660714285714285,0.6683035714285714,0.6691964285714286,0.6696428571428571,0.6723214285714286,0.675,0.6763392857142857,0.6803571428571429,0.6848214285714286,0.6870535714285714,0.6897321428571429,0.6919642857142857
cellprofiler,U2OS,median,1,mad_robustize,PCA,moa,0.125739945863496,0.1818181818181818,77,1617,0.4745403111739745,0.5134370579915134,0.5353606789250354,0.5572842998585573,0.574964639321075,0.5933521923620934,0.6124469589816125,0.6237623762376238,0.6357850070721358,0.6478076379066479,0.657001414427157,0.6676096181046676,0.6768033946251768,0.6852899575671852,0.6902404526166902,0.6973125884016973,0.7043847241867044,0.7121640735502122,0.7178217821782178,0.7326732673267327,0.7376237623762376,0.743988684582744,0.7496463932107497,0.7545968882602546,0.7574257425742574,0.7644978783592645,0.7659123055162659,0.7715700141442716,0.7751060820367751,0.7793493635077794,0.7800565770862801,0.7842998585572843,0.7864214992927864,0.7934936350777935,0.7998585572842999,0.8012729844413012,0.801980198019802,0.8055162659123055,0.8097595473833098,0.814002828854314,0.8196605374823197,0.8210749646393211,0.8267326732673267,0.8295615275813296,0.8330975954738331,0.8345120226308345,0.8401697312588402,0.842998585572843,0.8437057991513437,0.8451202263083452
cellprofiler,U2OS,median,1,mad_robustize,PCAcor,replicate,0.2944807832122137,0.4966887417218543,302,2240,0.4004464285714286,0.4428571428571428,0.4633928571428571,0.4803571428571428,0.496875,0.5066964285714286,0.51875,0.5254464285714285,0.5366071428571428,0.5495535714285714,0.5575892857142857,0.5638392857142858,0.56875,0.5758928571428571,0.5816964285714286,0.5861607142857143,0.5924107142857142,0.5959821428571429,0.5995535714285715,0.6013392857142857,0.6049107142857143,0.6080357142857142,0.6120535714285714,0.6174107142857143,0.6205357142857143,0.6214285714285714,0.6254464285714286,0.6294642857142857,0.6308035714285715,0.6348214285714285,0.6388392857142857,0.6424107142857143,0.6446428571428572,0.6491071428571429,0.6508928571428572,0.6540178571428571,0.65625,0.6580357142857143,0.6598214285714286,0.6629464285714286,0.6647321428571429,0.6691964285714286,0.671875,0.6741071428571429,0.6767857142857143,0.6799107142857143,0.6816964285714285,0.6866071428571429,0.6883928571428571,0.6915178571428572
cellprofiler,U2OS,median,1,mad_robustize,PCAcor,moa,0.1239312167888318,0.1818181818181818,77,1617,0.4625176803394625,0.5042432814710043,0.5289957567185289,0.5572842998585573,0.5742574257425742,0.5961810466760962,0.6124469589816125,0.6251768033946252,0.64002828854314,0.6463932107496464,0.6584158415841584,0.6654879773691655,0.673974540311174,0.6824611032531824,0.6888260254596889,0.6973125884016973,0.7036775106082037,0.71004243281471,0.7192362093352193,0.7298444130127298,0.7340876944837341,0.7397454031117398,0.7454031117397454,0.7475247524752475,0.7503536067892503,0.7553041018387553,0.7581329561527581,0.7637906647807637,0.7687411598302687,0.7736916548797736,0.7779349363507779,0.7821782178217822,0.7885431400282885,0.7942008486562943,0.7963224893917963,0.7970297029702971,0.8033946251768034,0.8048090523338048,0.809052333804809,0.8118811881188119,0.8168316831683168,0.8196605374823197,0.8196605374823197,0.8210749646393211,0.8267326732673267,0.8302687411598303,0.8338048090523338,0.8380480905233381,0.8408769448373409,0.8451202263083452
cellprofiler,U2OS,median,1,mad_robustize,ZCA,replicate,0.2987104186950678,0.4900662251655629,302,2240,0.4053571428571428,0.4410714285714285,0.4674107142857143,0.4803571428571428,0.4933035714285714,0.5066964285714286,0.5165178571428571,0.5285714285714286,0.5348214285714286,0.5433035714285714,0.5535714285714286,0.5611607142857142,0.5678571428571428,0.5745535714285714,0.5803571428571429,0.5834821428571428,0.5883928571428572,0.5959821428571429,0.5995535714285715,0.603125,0.60625,0.6080357142857142,0.6116071428571429,0.6151785714285715,0.6183035714285714,0.6205357142857143,0.6294642857142857,0.6325892857142857,0.634375,0.6375,0.6424107142857143,0.6446428571428572,0.6473214285714286,0.6522321428571428,0.6544642857142857,0.6580357142857143,0.6607142857142857,0.6642857142857143,0.6660714285714285,0.6683035714285714,0.6691964285714286,0.6696428571428571,0.6723214285714286,0.675,0.6763392857142857,0.6803571428571429,0.6848214285714286,0.6870535714285714,0.6897321428571429,0.6919642857142857
cellprofiler,U2OS,median,1,mad_robustize,ZCA,moa,0.125739945863496,0.1818181818181818,77,1617,0.4745403111739745,0.5134370579915134,0.5353606789250354,0.5572842998585573,0.574964639321075,0.5933521923620934,0.6124469589816125,0.6237623762376238,0.6357850070721358,0.6478076379066479,0.657001414427157,0.6676096181046676,0.6768033946251768,0.6852899575671852,0.6902404526166902,0.6973125884016973,0.7043847241867044,0.7121640735502122,0.7178217821782178,0.7326732673267327,0.7376237623762376,0.743988684582744,0.7496463932107497,0.7545968882602546,0.7574257425742574,0.7644978783592645,0.7659123055162659,0.7715700141442716,0.7751060820367751,0.7793493635077794,0.7800565770862801,0.7842998585572843,0.7864214992927864,0.7934936350777935,0.7998585572842999,0.8012729844413012,0.801980198019802,0.8055162659123055,0.8097595473833098,0.814002828854314,0.8196605374823197,0.8210749646393211,0.8267326732673267,0.8295615275813296,0.8330975954738331,0.8345120226308345,0.8401697312588402,0.842998585572843,0.8437057991513437,0.8451202263083452
cellprofiler,U2OS,median,1,mad_robustize,ZCAcor,replicate,0.2944807832122137,0.4966887417218543,302,2240,0.4004464285714286,0.4428571428571428,0.4633928571428571,0.4803571428571428,0.496875,0.5066964285714286,0.51875,0.5254464285714285,0.5366071428571428,0.5495535714285714,0.5575892857142857,0.5638392857142858,0.56875,0.5758928571428571,0.5816964285714286,0.5861607142857143,0.5924107142857142,0.5959821428571429,0.5995535714285715,0.6013392857142857,0.6049107142857143,0.6080357142857142,0.6120535714285714,0.6174107142857143,0.6205357142857143,0.6214285714285714,0.6254464285714286,0.6294642857142857,0.6308035714285715,0.6348214285714285,0.6388392857142857,0.6424107142857143,0.6446428571428572,0.6491071428571429,0.6508928571428572,0.6540178571428571,0.65625,0.6580357142857143,0.6598214285714286,0.6629464285714286,0.6647321428571429,0.6691964285714286,0.671875,0.6741071428571429,0.6767857142857143,0.6799107142857143,0.6816964285714285,0.6866071428571429,0.6883928571428571,0.6915178571428572
cellprofiler,U2OS,median,1,mad_robustize,ZCAcor,moa,0.1239312167888318,0.1818181818181818,77,1617,0.4625176803394625,0.5042432814710043,0.5289957567185289,0.5572842998585573,0.5742574257425742,0.5961810466760962,0.6124469589816125,0.6251768033946252,0.64002828854314,0.6463932107496464,0.6584158415841584,0.6654879773691655,0.673974540311174,0.6824611032531824,0.6888260254596889,0.6973125884016973,0.7036775106082037,0.71004243281471,0.7192362093352193,0.7298444130127298,0.7340876944837341,0.7397454031117398,0.7454031117397454,0.7475247524752475,0.7503536067892503,0.7553041018387553,0.7581329561527581,0.7637906647807637,0.7687411598302687,0.7736916548797736,0.7779349363507779,0.7821782178217822,0.7885431400282885,0.7942008486562943,0.7963224893917963,0.7970297029702971,0.8033946251768034,0.8048090523338048,0.809052333804809,0.8118811881188119,0.8168316831683168,0.8196605374823197,0.8196605374823197,0.8210749646393211,0.8267326732673267,0.8302687411598303,0.8338048090523338,0.8380480905233381,0.8408769448373409,0.8451202263083452
cellprofiler,U2OS,median,1,mad_robustize,none,replicate,0.4328974648483087,0.9403973509933776,302,2240,0.4946428571428571,0.5611607142857142,0.6040178571428572,0.63125,0.6580357142857143,0.6776785714285715,0.6986607142857143,0.715625,0.7272321428571429,0.7361607142857143,0.7473214285714286,0.7633928571428571,0.7736607142857143,0.78125,0.7910714285714285,0.7995535714285714,0.8058035714285714,0.8129464285714286,0.8178571428571428,0.8223214285714285,0.828125,0.834375,0.8401785714285714,0.8446428571428571,0.8517857142857143,0.8598214285714286,0.8638392857142857,0.86875,0.8709821428571428,0.8741071428571429,0.878125,0.8816964285714286,0.8839285714285714,0.8879464285714286,0.8928571428571429,0.896875,0.8995535714285714,0.9008928571428572,0.9017857142857144,0.9035714285714286,0.9066964285714286,0.9071428571428573,0.9111607142857144,0.9129464285714286,0.915625,0.9174107142857144,0.9178571428571428,0.9196428571428572,0.921875,0.9223214285714286
cellprofiler,U2OS,median,1,mad_robustize,none,moa,0.1573301056929839,0.2987012987012987,77,1617,0.5671852899575672,0.6456859971711457,0.6867043847241867,0.7199434229137199,0.7475247524752475,0.7701555869872702,0.7878359264497878,0.8062234794908062,0.8147100424328148,0.8267326732673267,0.8373408769448374,0.8472418670438473,0.8536067892503536,0.8606789250353607,0.8684582743988685,0.8755304101838756,0.8804809052333805,0.8896746817538896,0.8946251768033946,0.8974540311173974,0.9045261669024044,0.9087694483734088,0.915841584158416,0.92008486562942,0.925035360678925,0.9278642149929278,0.9306930693069309,0.9335219236209336,0.9342291371994342,0.9377652050919376,0.9391796322489392,0.9405940594059404,0.9413012729844412,0.944130127298444,0.946958981612447,0.9483734087694484,0.9526166902404526,0.9526166902404526,0.954031117397454,0.9561527581329562,0.958981612446959,0.958981612446959,0.958981612446959,0.958981612446959,0.9596888260254596,0.9603960396039604,0.9611032531824611,0.9611032531824611,0.9618104667609618,0.9625176803394624
cellprofiler,U2OS,median,1,standardize,PCA,replicate,0.3385563970439355,0.5198675496688742,302,2240,0.4245535714285714,0.45625,0.4758928571428571,0.5,0.5133928571428571,0.5227678571428571,0.5325892857142858,0.5415178571428572,0.5491071428571429,0.55625,0.565625,0.5705357142857143,0.5767857142857142,0.5803571428571429,0.5861607142857143,0.5924107142857142,0.5959821428571429,0.6044642857142857,0.6102678571428571,0.6125,0.6178571428571429,0.6205357142857143,0.625,0.6285714285714286,0.6325892857142857,0.6357142857142857,0.6375,0.6410714285714286,0.6433035714285714,0.6433035714285714,0.646875,0.6504464285714285,0.653125,0.65625,0.6589285714285714,0.6602678571428572,0.6629464285714286,0.6660714285714285,0.66875,0.6700892857142857,0.6727678571428571,0.6758928571428572,0.6790178571428571,0.6821428571428572,0.684375,0.6875,0.6897321428571429,0.690625,0.6946428571428571,0.6973214285714285
cellprofiler,U2OS,median,1,standardize,PCA,moa,0.1436124109185606,0.2077922077922078,77,1617,0.483026874115983,0.516973125884017,0.5495049504950495,0.5728429985855729,0.5905233380480905,0.6053748231966054,0.6237623762376238,0.637906647807638,0.6492220650636492,0.6577086280056577,0.6669024045261669,0.6725601131541725,0.6810466760961811,0.6881188118811881,0.695898161244696,0.7057991513437057,0.7121640735502122,0.7192362093352193,0.7263083451202264,0.7340876944837341,0.7418670438472419,0.7461103253182461,0.7503536067892503,0.7538896746817539,0.7588401697312589,0.7630834512022631,0.7659123055162659,0.7701555869872702,0.7736916548797736,0.7758132956152758,0.7814710042432814,0.7857142857142857,0.7885431400282885,0.7927864214992928,0.7970297029702971,0.7998585572842999,0.8012729844413012,0.8026874115983027,0.8104667609618105,0.8132956152758133,0.8147100424328148,0.8189533239038189,0.8210749646393211,0.8231966053748232,0.8253182461103253,0.8288543140028288,0.8323903818953324,0.8366336633663366,0.8387553041018387,0.8408769448373409
cellprofiler,U2OS,median,1,standardize,PCAcor,replicate,0.3357515622857139,0.5165562913907285,302,2240,0.41875,0.453125,0.4696428571428571,0.4883928571428571,0.5080357142857143,0.5196428571428572,0.5330357142857143,0.5419642857142857,0.5508928571428572,0.5589285714285714,0.5620535714285714,0.5665178571428572,0.5745535714285714,0.5772321428571429,0.5861607142857143,0.5888392857142857,0.590625,0.5977678571428572,0.6017857142857143,0.6066964285714286,0.6129464285714286,0.6160714285714286,0.61875,0.621875,0.625,0.6285714285714286,0.6294642857142857,0.6325892857142857,0.6361607142857143,0.6370535714285714,0.6397321428571429,0.6428571428571429,0.646875,0.6495535714285714,0.6540178571428571,0.6584821428571429,0.659375,0.6616071428571428,0.6633928571428571,0.6660714285714285,0.6700892857142857,0.6727678571428571,0.6758928571428572,0.6785714285714286,0.6790178571428571,0.68125,0.6839285714285714,0.6875,0.6888392857142858,0.6910714285714286
cellprofiler,U2OS,median,1,standardize,PCAcor,moa,0.1431876409098213,0.2207792207792207,77,1617,0.4780763790664781,0.516973125884017,0.5502121640735502,0.5756718528995757,0.5961810466760962,0.6117397454031117,0.6251768033946252,0.637906647807638,0.6478076379066479,0.6584158415841584,0.6676096181046676,0.6732673267326733,0.6817538896746818,0.6845827439886846,0.6895332390381895,0.6916548797736917,0.6987270155586988,0.7050919377652051,0.7086280056577087,0.7192362093352193,0.7256011315417256,0.731966053748232,0.7333804809052333,0.7383309759547383,0.743988684582744,0.7496463932107497,0.7538896746817539,0.7581329561527581,0.7623762376237624,0.768033946251768,0.7694483734087695,0.7722772277227723,0.7793493635077794,0.7842998585572843,0.7878359264497878,0.7892503536067893,0.7913719943422913,0.7927864214992928,0.7956152758132956,0.7991513437057991,0.7998585572842999,0.8055162659123055,0.8118811881188119,0.8161244695898161,0.8196605374823197,0.8246110325318247,0.8274398868458275,0.8316831683168316,0.8323903818953324,0.8394625176803394
cellprofiler,U2OS,median,1,standardize,ZCA,replicate,0.3385563970439355,0.5198675496688742,302,2240,0.4245535714285714,0.45625,0.4758928571428571,0.5,0.5133928571428571,0.5227678571428571,0.5325892857142858,0.5415178571428572,0.5491071428571429,0.55625,0.565625,0.5705357142857143,0.5767857142857142,0.5803571428571429,0.5861607142857143,0.5924107142857142,0.5959821428571429,0.6044642857142857,0.6102678571428571,0.6125,0.6178571428571429,0.6205357142857143,0.625,0.6285714285714286,0.6325892857142857,0.6357142857142857,0.6375,0.6410714285714286,0.6433035714285714,0.6433035714285714,0.646875,0.6504464285714285,0.653125,0.65625,0.6589285714285714,0.6602678571428572,0.6629464285714286,0.6660714285714285,0.66875,0.6700892857142857,0.6727678571428571,0.6758928571428572,0.6790178571428571,0.6821428571428572,0.684375,0.6875,0.6897321428571429,0.690625,0.6946428571428571,0.6973214285714285
cellprofiler,U2OS,median,1,standardize,ZCA,moa,0.1436124109185606,0.2077922077922078,77,1617,0.483026874115983,0.516973125884017,0.5495049504950495,0.5728429985855729,0.5905233380480905,0.6053748231966054,0.6237623762376238,0.637906647807638,0.6492220650636492,0.6577086280056577,0.6669024045261669,0.6725601131541725,0.6810466760961811,0.6881188118811881,0.695898161244696,0.7057991513437057,0.7121640735502122,0.7192362093352193,0.7263083451202264,0.7340876944837341,0.7418670438472419,0.7461103253182461,0.7503536067892503,0.7538896746817539,0.7588401697312589,0.7630834512022631,0.7659123055162659,0.7701555869872702,0.7736916548797736,0.7758132956152758,0.7814710042432814,0.7857142857142857,0.7885431400282885,0.7927864214992928,0.7970297029702971,0.7998585572842999,0.8012729844413012,0.8026874115983027,0.8104667609618105,0.8132956152758133,0.8147100424328148,0.8189533239038189,0.8210749646393211,0.8231966053748232,0.8253182461103253,0.8288543140028288,0.8323903818953324,0.8366336633663366,0.8387553041018387,0.8408769448373409
cellprofiler,U2OS,median,1,standardize,ZCAcor,replicate,0.3357515622857139,0.5165562913907285,302,2240,0.41875,0.453125,0.4696428571428571,0.4883928571428571,0.5080357142857143,0.5196428571428572,0.5330357142857143,0.5419642857142857,0.5508928571428572,0.5589285714285714,0.5620535714285714,0.5665178571428572,0.5745535714285714,0.5772321428571429,0.5861607142857143,0.5888392857142857,0.590625,0.5977678571428572,0.6017857142857143,0.6066964285714286,0.6129464285714286,0.6160714285714286,0.61875,0.621875,0.625,0.6285714285714286,0.6294642857142857,0.6325892857142857,0.6361607142857143,0.6370535714285714,0.6397321428571429,0.6428571428571429,0.646875,0.6495535714285714,0.6540178571428571,0.6584821428571429,0.659375,0.6616071428571428,0.6633928571428571,0.6660714285714285,0.6700892857142857,0.6727678571428571,0.6758928571428572,0.6785714285714286,0.6790178571428571,0.68125,0.6839285714285714,0.6875,0.6888392857142858,0.6910714285714286
cellprofiler,U2OS,median,1,standardize,ZCAcor,moa,0.1431876409098213,0.2207792207792207,77,1617,0.4780763790664781,0.516973125884017,0.5502121640735502,0.5756718528995757,0.5961810466760962,0.6117397454031117,0.6251768033946252,0.637906647807638,0.6478076379066479,0.6584158415841584,0.6676096181046676,0.6732673267326733,0.6817538896746818,0.6845827439886846,0.6895332390381895,0.6916548797736917,0.6987270155586988,0.7050919377652051,0.7086280056577087,0.7192362093352193,0.7256011315417256,0.731966053748232,0.7333804809052333,0.7383309759547383,0.743988684582744,0.7496463932107497,0.7538896746817539,0.7581329561527581,0.7623762376237624,0.768033946251768,0.7694483734087695,0.7722772277227723,0.7793493635077794,0.7842998585572843,0.7878359264497878,0.7892503536067893,0.7913719943422913,0.7927864214992928,0.7956152758132956,0.7991513437057991,0.7998585572842999,0.8055162659123055,0.8118811881188119,0.8161244695898161,0.8196605374823197,0.8246110325318247,0.8274398868458275,0.8316831683168316,0.8323903818953324,0.8394625176803394
cellprofiler,U2OS,median,1,standardize,none,replicate,0.4269130417317183,0.9503311258278144,302,2240,0.5035714285714286,0.5839285714285715,0.625,0.6544642857142857,0.68125,0.7022321428571429,0.7245535714285715,0.7450892857142857,0.7575892857142857,0.7696428571428572,0.7799107142857142,0.7883928571428571,0.7991071428571429,0.8080357142857143,0.8151785714285714,0.8241071428571428,0.8294642857142858,0.8370535714285714,0.846875,0.8544642857142857,0.859375,0.8660714285714286,0.8700892857142857,0.8754464285714286,0.8808035714285715,0.8852678571428572,0.8875,0.890625,0.8941964285714286,0.8973214285714286,0.9,0.90625,0.9084821428571428,0.9102678571428572,0.9147321428571428,0.9183035714285714,0.9200892857142856,0.9227678571428573,0.9258928571428572,0.928125,0.93125,0.9334821428571428,0.9348214285714286,0.9361607142857142,0.9388392857142858,0.9428571428571428,0.9441964285714286,0.9455357142857144,0.946875,0.9482142857142856
cellprofiler,U2OS,median,1,standardize,none,moa,0.1561101987040956,0.3376623376623376,77,1617,0.582036775106082,0.6619519094766619,0.7008486562942009,0.7355021216407355,0.7701555869872702,0.7956152758132956,0.814002828854314,0.8330975954738331,0.8451202263083452,0.8557284299858557,0.8705799151343706,0.879066478076379,0.8854314002828855,0.8953323903818954,0.9031117397454032,0.9087694483734088,0.9123055162659124,0.915841584158416,0.9214992927864216,0.925035360678925,0.9306930693069309,0.9356435643564356,0.942008486562942,0.9476661951909476,0.9504950495049505,0.951909476661952,0.9561527581329562,0.9582743988684582,0.9603960396039604,0.9603960396039604,0.9611032531824611,0.9618104667609618,0.9632248939179632,0.9653465346534652,0.968175388967468,0.968175388967468,0.9688826025459688,0.9695898161244696,0.9702970297029704,0.9717114568599716,0.9731258840169732,0.9745403111739744,0.975954738330976,0.978076379066478,0.9787835926449788,0.9787835926449788,0.9794908062234796,0.9809052333804807,0.9809052333804807,0.9823196605374824
