model,cell_type,agg,fs,norm1,norm2,task,mAP,frac_retrievable,n_groups,n_queries,nn_k1,nn_k2,nn_k3,nn_k4,nn_k5,nn_k6,nn_k7,nn_k8,nn_k9,nn_k10,nn_k11,nn_k12,nn_k13,nn_k14,nn_k15,nn_k16,nn_k17,nn_k18,nn_k19,nn_k20,nn_k21,nn_k22,nn_k23,nn_k24,nn_k25,nn_k26,nn_k27,nn_k28,nn_k29,nn_k30,nn_k31,nn_k32,nn_k33,nn_k34,nn_k35,nn_k36,nn_k37,nn_k38,nn_k39,nn_k40,nn_k41,nn_k42,nn_k43,nn_k44,nn_k45,nn_k46,nn_k47,nn_k48,nn_k49,nn_k50
subcell_mae_masked,A549,mean,0,PCA,mad_robustize,replicate,0.4644376733511485,0.7516556291390728,302,2559,0.5752246971473232,0.6158655724892537,0.6397030089878859,0.6584603360687769,0.675263774912075,0.6862055490425948,0.6975381008206331,0.7073075420085971,0.712778429073857,0.7178585384915983,0.7245017584994138,0.7291910902696366,0.7354435326299336,0.7401328644001564,0.744822196170379,0.7491207502930832,0.753810082063306,0.760062524423603,0.7631887456037515,0.7702227432590856,0.7764751856193826,0.7827276279796795,0.7854630715123095,0.7874169597499023,0.7889800703399765,0.794841735052755,0.7971864009378663,0.8003126221180149,0.8022665103556077,0.8057835091832747,0.8081281750683861,0.8104728409534975,0.813599062133646,0.8163345056662759,0.8178976162563502,0.8194607268464243,0.82063305978898,0.8218053927315357,0.8237592809691285,0.8261039468542399,0.8280578350918327,0.8288393903868698,0.8311840562719812,0.8335287221570926,0.8354826103946854,0.8362641656897225,0.8378272762797968,0.8397811645173896,0.8429073856975381,0.8448612739351309
subcell_mae_masked,A549,mean,0,PCA,mad_robustize,moa,0.1800357468832841,0.2597402597402597,77,1847,0.6489164086687307,0.6947368421052632,0.718266253869969,0.7430340557275542,0.7616099071207431,0.7739938080495357,0.7832817337461301,0.795046439628483,0.8018575851393189,0.8068111455108359,0.81671826625387,0.8229102167182663,0.8315789473684211,0.8377708978328173,0.8452012383900929,0.8489164086687306,0.853250773993808,0.8557275541795666,0.860061919504644,0.8656346749226006,0.8681114551083592,0.8699690402476781,0.8724458204334365,0.8743034055727554,0.8804953560371517,0.8835913312693499,0.886687306501548,0.8897832817337461,0.8922600619195047,0.8959752321981425,0.8972136222910216,0.8990712074303405,0.9009287925696594,0.9015479876160992,0.9052631578947368,0.9077399380804954,0.9089783281733748,0.9102167182662538,0.913312693498452,0.913312693498452,0.9164086687306502,0.9195046439628484,0.920123839009288,0.9238390092879256,0.9244582043343652,0.9263157894736842,0.9294117647058824,0.9306501547987616,0.9325077399380804,0.9337461300309596
subcell_mae_masked,A549,mean,0,PCA,standardize,replicate,0.4214978501368764,0.695364238410596,302,2559,0.5849941383352872,0.6240719030871434,0.6498632278233685,0.6651035560765924,0.6756545525595936,0.687768659632669,0.6994919890582258,0.7073075420085971,0.7170769831965611,0.7221570926143025,0.731535756154748,0.7381789761625634,0.7452129738178976,0.7502930832356389,0.7577178585384916,0.7624071903087143,0.7686596326690114,0.772567409144197,0.7753028526768269,0.778819851504494,0.7842907385697538,0.7866354044548651,0.792106291520125,0.7960140679953107,0.7991402891754592,0.8030480656506448,0.8081281750683861,0.8116451738960532,0.813599062133646,0.8194607268464243,0.8229777256740914,0.8280578350918327,0.8304025009769441,0.8315748339194998,0.8343102774521297,0.8366549433372411,0.8401719421649082,0.8436889409925752,0.8495506057053537,0.8507229386479094,0.8530676045330207,0.8565846033606878,0.8577569363032435,0.8593200468933178,0.8612739351309106,0.8628370457209847,0.8659632669011332,0.8667448221961703,0.8683079327862446,0.8718249316139117
subcell_mae_masked,A549,mean,0,PCA,standardize,moa,0.1697994594299962,0.2077922077922078,77,1847,0.6489164086687307,0.7021671826625387,0.7393188854489164,0.7609907120743034,0.7808049535603715,0.795046439628483,0.8117647058823529,0.8241486068111455,0.8340557275541796,0.8452012383900929,0.853250773993808,0.8619195046439628,0.8699690402476781,0.8743034055727554,0.8848297213622291,0.8910216718266254,0.8959752321981425,0.8996904024767802,0.9052631578947368,0.906501547987616,0.9102167182662538,0.913312693498452,0.9170278637770898,0.9182662538699692,0.9226006191950464,0.9238390092879256,0.9263157894736842,0.9287925696594428,0.9318885448916407,0.9331269349845202,0.9386996904024768,0.9411764705882352,0.9430340557275542,0.9436532507739938,0.944891640866873,0.946749226006192,0.9473684210526316,0.9486068111455108,0.9504643962848296,0.9523219814241486,0.9523219814241486,0.953560371517028,0.9541795665634676,0.9560371517027864,0.956656346749226,0.9578947368421052,0.959752321981424,0.961609907120743,0.9622291021671828,0.9628482972136224
subcell_mae_masked,A549,mean,0,PCAcor,mad_robustize,replicate,0.4645568352342927,0.7483443708609272,302,2559,0.573661586557249,0.6123485736615866,0.6385306760453302,0.6588511137162955,0.6748729972645565,0.6873778819851505,0.6951934349355217,0.7057444314185228,0.7139507620164126,0.7202032043767097,0.7272372020320438,0.7323173114497851,0.7381789761625634,0.7432590855803048,0.7495115279406018,0.753810082063306,0.7596717467760844,0.7639703008987886,0.7670965220789371,0.7713950762016413,0.7772567409144197,0.7811645173896054,0.7854630715123095,0.7878077373974208,0.7913247362250879,0.794841735052755,0.7995310668229777,0.8038296209456819,0.8053927315357562,0.8057835091832747,0.8085189527159047,0.8112543962485346,0.8132082844861274,0.8155529503712388,0.8171160609613131,0.8210238374364986,0.8229777256740914,0.8253223915592028,0.8276670574443142,0.8304025009769441,0.8323563892145369,0.8354826103946854,0.8366549433372411,0.8378272762797968,0.8389996092223525,0.8401719421649082,0.842125830402501,0.8429073856975381,0.8440797186400938,0.8460336068776866
subcell_mae_masked,A549,mean,0,PCAcor,mad_robustize,moa,0.1804906755465544,0.2597402597402597,77,1847,0.6439628482972136,0.691640866873065,0.718266253869969,0.7417956656346749,0.7609907120743034,0.7721362229102167,0.7845201238390093,0.7944272445820434,0.8030959752321981,0.8105263157894737,0.8198142414860681,0.8272445820433436,0.8328173374613003,0.8402476780185758,0.8458204334365325,0.8495356037151702,0.8551083591331269,0.8582043343653251,0.8606811145510835,0.8643962848297214,0.8674922600619195,0.871826625386997,0.8761609907120743,0.8792569659442725,0.8804953560371517,0.8842105263157894,0.886687306501548,0.891640866873065,0.8928792569659443,0.8953560371517028,0.896594427244582,0.8996904024767802,0.9015479876160992,0.9027863777089784,0.903405572755418,0.9040247678018576,0.906501547987616,0.9071207430340558,0.9095975232198142,0.9114551083591332,0.9139318885448916,0.9170278637770898,0.9195046439628484,0.9213622291021673,0.9213622291021673,0.9238390092879256,0.9244582043343652,0.9250773993808048,0.9275541795665636,0.9287925696594428
subcell_mae_masked,A549,mean,0,PCAcor,standardize,replicate,0.4204365788243303,0.6854304635761589,302,2559,0.58694802657288,0.6228995701445877,0.64673700664322,0.6651035560765924,0.6756545525595936,0.6901133255177804,0.6987104337631888,0.7069167643610785,0.7116060961313013,0.7194216490816725,0.7272372020320438,0.7373974208675264,0.7436498632278233,0.7502930832356389,0.7545916373583431,0.7612348573661587,0.7670965220789371,0.772567409144197,0.776084407971864,0.7803829620945681,0.785853849159828,0.7889800703399765,0.792106291520125,0.7979679562329035,0.7999218444704963,0.8022665103556077,0.8061742868307933,0.8085189527159047,0.8132082844861274,0.8167252833137945,0.8221961703790543,0.8253223915592028,0.829620945681907,0.8327471668620555,0.8354826103946854,0.8409534974599453,0.8432981633450567,0.8464243845252052,0.8479874951152794,0.8511137162954279,0.8522860492379836,0.8565846033606878,0.8589292692457992,0.8612739351309106,0.861664712778429,0.8640093786635404,0.8651817116060961,0.8686987104337632,0.870652598671356,0.8737788198515045
subcell_mae_masked,A549,mean,0,PCAcor,standardize,moa,0.1697321404764538,0.2077922077922078,77,1847,0.653250773993808,0.7065015479876161,0.7411764705882353,0.7616099071207431,0.7814241486068112,0.7962848297213623,0.8105263157894737,0.8229102167182663,0.8340557275541796,0.8427244582043344,0.8513931888544891,0.8613003095975232,0.8681114551083592,0.871826625386997,0.8767801857585139,0.8804953560371517,0.8885448916408669,0.8922600619195047,0.8996904024767802,0.9058823529411764,0.9102167182662538,0.913312693498452,0.9164086687306502,0.9195046439628484,0.9213622291021673,0.9238390092879256,0.9281733746130032,0.9312693498452012,0.9337461300309596,0.9356037151702786,0.9380804953560372,0.939938080495356,0.9417956656346748,0.9424148606811146,0.9455108359133126,0.9461300309597525,0.9473684210526316,0.9479876160990712,0.94984520123839,0.9529411764705882,0.9541795665634676,0.9547987616099072,0.9554179566563468,0.9560371517027864,0.956656346749226,0.9591331269349844,0.961609907120743,0.961609907120743,0.9628482972136224,0.9640866873065016
subcell_mae_masked,A549,mean,0,ZCA,mad_robustize,replicate,0.4894970926537912,0.8278145695364238,302,2559,0.5900742477530285,0.6389214536928488,0.6643220007815553,0.6838608831574834,0.6998827667057445,0.7112153184837827,0.7233294255568582,0.7338804220398594,0.7416959749902305,0.7506838608831575,0.7577178585384916,0.7631887456037515,0.7682688550214928,0.7749120750293084,0.7792106291520126,0.7838999609222352,0.7862446268073466,0.7881985150449394,0.7936694021101993,0.7960140679953107,0.8007033997655334,0.8034388432981634,0.8053927315357562,0.8077373974208675,0.8104728409534975,0.8147713950762017,0.8190699491989059,0.8221961703790543,0.8249316139116842,0.8288393903868698,0.8315748339194998,0.8343102774521297,0.8374364986322782,0.8425166080500195,0.8452520515826495,0.8499413833528722,0.8507229386479094,0.8522860492379836,0.854630715123095,0.8569753810082064,0.8601016021883549,0.861664712778429,0.8632278233685033,0.8647909339585775,0.8675263774912075,0.8722157092614302,0.8729972645564674,0.874169597499023,0.8757327080890973,0.8780773739742087
subcell_mae_masked,A549,mean,0,ZCA,mad_robustize,moa,0.1902895498763424,0.3116883116883117,77,1847,0.6637770897832818,0.7114551083591332,0.7479876160990712,0.7708978328173375,0.788235294117647,0.7987616099071208,0.8111455108359134,0.8210526315789474,0.8291021671826625,0.8371517027863777,0.8414860681114551,0.8476780185758513,0.8563467492260062,0.860061919504644,0.8631578947368421,0.8687306501547988,0.874922600619195,0.8811145510835914,0.8848297213622291,0.8904024767801858,0.8934984520123839,0.8953560371517028,0.8996904024767802,0.9046439628482972,0.9089783281733748,0.9102167182662538,0.913312693498452,0.9164086687306502,0.9213622291021673,0.9263157894736842,0.9275541795665636,0.9287925696594428,0.9294117647058824,0.9325077399380804,0.9343653250773992,0.934984520123839,0.936842105263158,0.9386996904024768,0.9393188854489164,0.9417956656346748,0.9436532507739938,0.9461300309597525,0.9479876160990712,0.9523219814241486,0.9541795665634676,0.9554179566563468,0.956656346749226,0.956656346749226,0.9578947368421052,0.959752321981424
subcell_mae_masked,A549,mean,0,ZCA,standardize,replicate,0.4192617671722513,0.6821192052980133,302,2559,0.5803048065650644,0.6174286830793279,0.6397030089878859,0.6553341148886284,0.669011332551778,0.6787807737397421,0.6873778819851505,0.6955842125830403,0.70379054318093,0.7135599843688941,0.7198124267291911,0.7241109808518953,0.7311449785072294,0.7370066432200079,0.7405236420476748,0.7471668620554904,0.7545916373583431,0.7608440797186401,0.7651426338413443,0.7702227432590856,0.7729581867917155,0.7756936303243455,0.779601406799531,0.7831184056271981,0.7870261821023837,0.7901524032825322,0.7932786244626807,0.798358733880422,0.8014849550605705,0.804611176240719,0.8081281750683861,0.8120359515435717,0.8159437280187574,0.8167252833137945,0.8210238374364986,0.8245408362641657,0.8272762797967956,0.8304025009769441,0.8327471668620555,0.8347010550996483,0.835873388042204,0.8389996092223525,0.842125830402501,0.8460336068776866,0.8479874951152794,0.8503321610003908,0.8518952715904651,0.8526768268855022,0.8554122704181321,0.8561938257131692
subcell_mae_masked,A549,mean,0,ZCA,standardize,moa,0.1703952297629981,0.1948051948051948,77,1847,0.648297213622291,0.6941176470588235,0.7294117647058823,0.7541795665634675,0.7715170278637771,0.7869969040247679,0.795046439628483,0.8099071207430341,0.8222910216718267,0.8315789473684211,0.8402476780185758,0.8476780185758513,0.8551083591331269,0.8619195046439628,0.8712074303405573,0.8780185758513932,0.8873065015479876,0.8904024767801858,0.891640866873065,0.8959752321981425,0.8978328173374613,0.8996904024767802,0.9027863777089784,0.9077399380804954,0.9114551083591332,0.9145510835913312,0.9170278637770898,0.9195046439628484,0.923219814241486,0.9250773993808048,0.9287925696594428,0.9318885448916407,0.9331269349845202,0.936842105263158,0.939938080495356,0.9417956656346748,0.9424148606811146,0.944891640866873,0.9455108359133126,0.9461300309597525,0.9486068111455108,0.9492260061919504,0.9510835913312692,0.9541795665634676,0.9541795665634676,0.9547987616099072,0.956656346749226,0.9578947368421052,0.9578947368421052,0.959752321981424
subcell_mae_masked,A549,mean,0,ZCAcor,mad_robustize,replicate,0.4886091743484714,0.8311258278145696,302,2559,0.5877295818679171,0.6357952325127003,0.6631496678389996,0.6822977725674091,0.6951934349355217,0.710042985541227,0.7213755373192653,0.7307542008597109,0.741305197342712,0.7483391949980461,0.753810082063306,0.7612348573661587,0.7655334114888629,0.7717858538491599,0.7776475185619383,0.7815552950371238,0.7835091832747166,0.7850722938647909,0.7905431809300508,0.7936694021101993,0.7995310668229777,0.8038296209456819,0.8077373974208675,0.8112543962485346,0.8139898397811646,0.8171160609613131,0.8194607268464243,0.8218053927315357,0.8257131692067213,0.8288393903868698,0.8307932786244627,0.8335287221570926,0.8374364986322782,0.8397811645173896,0.8444704962876124,0.8472059398202423,0.8491598280578351,0.8515044939429465,0.8538491598280579,0.8565846033606878,0.8589292692457992,0.860883157483392,0.8624462680734662,0.8636186010160218,0.8651817116060961,0.8675263774912075,0.8694802657288003,0.8714341539663931,0.8733880422039859,0.8753419304415787
subcell_mae_masked,A549,mean,0,ZCAcor,mad_robustize,moa,0.190667828751417,0.2857142857142857,77,1847,0.6619195046439629,0.7114551083591332,0.7417956656346749,0.7715170278637771,0.7888544891640867,0.7975232198142415,0.8074303405572756,0.8160990712074303,0.8260061919504644,0.83343653250774,0.8421052631578947,0.8489164086687306,0.8575851393188855,0.8625386996904024,0.8681114551083592,0.8712074303405573,0.874922600619195,0.8804953560371517,0.8848297213622291,0.8891640866873065,0.8953560371517028,0.8972136222910216,0.9003095975232198,0.9040247678018576,0.9077399380804954,0.9120743034055728,0.9157894736842104,0.9182662538699692,0.9213622291021673,0.9226006191950464,0.9238390092879256,0.9263157894736842,0.9294117647058824,0.9312693498452012,0.9325077399380804,0.9331269349845202,0.934984520123839,0.9386996904024768,0.9405572755417956,0.9424148606811146,0.9436532507739938,0.944891640866873,0.9455108359133126,0.946749226006192,0.9473684210526316,0.9486068111455108,0.9510835913312692,0.951702786377709,0.9529411764705882,0.9547987616099072
subcell_mae_masked,A549,mean,0,ZCAcor,standardize,replicate,0.4189663787384047,0.6788079470198676,302,2559,0.5787416959749903,0.618210238374365,0.6416568972254787,0.6541617819460727,0.6666666666666666,0.6787807737397421,0.6885502149277062,0.6959749902305589,0.7049628761234857,0.7116060961313013,0.716295427901524,0.722547870261821,0.7295818679171552,0.735052754982415,0.7420867526377491,0.7483391949980461,0.7534193044157874,0.7569363032434545,0.7616256350136772,0.7639703008987886,0.7694411879640485,0.7737397420867527,0.7768659632669012,0.779601406799531,0.785853849159828,0.7878077373974208,0.7928878468151622,0.7944509574052364,0.7960140679953107,0.801094177413052,0.8065650644783119,0.8100820633059789,0.8139898397811646,0.8163345056662759,0.8190699491989059,0.8221961703790543,0.8241500586166471,0.8276670574443142,0.8284486127393513,0.8327471668620555,0.8354826103946854,0.8374364986322782,0.839390386869871,0.842125830402501,0.8436889409925752,0.8460336068776866,0.8479874951152794,0.8507229386479094,0.8530676045330207,0.8565846033606878
subcell_mae_masked,A549,mean,0,ZCAcor,standardize,moa,0.1704956852900503,0.1948051948051948,77,1847,0.6476780185758514,0.6947368421052632,0.7256965944272445,0.7517027863777089,0.773374613003096,0.7839009287925697,0.7969040247678019,0.8148606811145511,0.8210526315789474,0.8278637770897833,0.8377708978328173,0.8464396284829722,0.8538699690402477,0.8594427244582044,0.8656346749226006,0.871826625386997,0.8798761609907121,0.8854489164086687,0.8891640866873065,0.8928792569659443,0.896594427244582,0.8996904024767802,0.9040247678018576,0.9102167182662538,0.9157894736842104,0.9188854489164088,0.9188854489164088,0.9244582043343652,0.9263157894736842,0.9275541795665636,0.9294117647058824,0.9325077399380804,0.9362229102167182,0.9374613003095976,0.9386996904024768,0.9405572755417956,0.9436532507739938,0.9442724458204336,0.9461300309597525,0.9473684210526316,0.9473684210526316,0.9492260061919504,0.951702786377709,0.9529411764705882,0.953560371517028,0.9554179566563468,0.9560371517027864,0.9572755417956657,0.9572755417956657,0.958513931888545
subcell_mae_masked,A549,mean,0,mad_robustize,PCA,replicate,0.3051975920426726,0.5894039735099338,302,2559,0.5635013677217663,0.6045330207112153,0.6268073466197733,0.6455646737006643,0.6537710042985542,0.6651035560765924,0.6748729972645565,0.6854239937475577,0.6944118796404846,0.6994919890582258,0.70652598671356,0.7104337631887456,0.7182493161391168,0.7221570926143025,0.7272372020320438,0.7307542008597109,0.737788198515045,0.7405236420476748,0.7452129738178976,0.7483391949980461,0.751074638530676,0.7549824150058617,0.7565455255959359,0.7577178585384916,0.760062524423603,0.7639703008987886,0.7674872997264557,0.769831965611567,0.7729581867917155,0.7745212973817898,0.7780382962094569,0.7807737397420867,0.7831184056271981,0.7842907385697538,0.785853849159828,0.7889800703399765,0.7909339585775693,0.7944509574052364,0.7956232903477921,0.798358733880422,0.8007033997655334,0.8018757327080891,0.8042203985932005,0.8065650644783119,0.8085189527159047,0.8093005080109418,0.810863618601016,0.8120359515435717,0.8139898397811646,0.8155529503712388
subcell_mae_masked,A549,mean,0,mad_robustize,PCA,moa,0.1330376501392018,0.1688311688311688,77,1847,0.6303405572755418,0.6780185758513931,0.7003095975232199,0.7269349845201238,0.7411764705882353,0.7529411764705882,0.7659442724458204,0.7752321981424148,0.7814241486068112,0.7894736842105263,0.7981424148606812,0.8024767801857585,0.8080495356037152,0.8130030959752322,0.8185758513931889,0.8229102167182663,0.8278637770897833,0.83343653250774,0.8383900928792569,0.8408668730650155,0.8489164086687306,0.8520123839009288,0.8544891640866873,0.860061919504644,0.865015479876161,0.8674922600619195,0.871826625386997,0.8724458204334365,0.874922600619195,0.8755417956656347,0.8773993808049536,0.8773993808049536,0.8792569659442725,0.8811145510835914,0.8829721362229103,0.8835913312693499,0.8854489164086687,0.8873065015479876,0.8891640866873065,0.8934984520123839,0.8941176470588236,0.8947368421052632,0.8953560371517028,0.9003095975232198,0.903405572755418,0.9046439628482972,0.906501547987616,0.908359133126935,0.908359133126935,0.9114551083591332
subcell_mae_masked,A549,mean,0,mad_robustize,PCAcor,replicate,0.3012204230370435,0.5894039735099338,302,2559,0.5627198124267292,0.6045330207112153,0.6283704572098476,0.6463462289957015,0.6553341148886284,0.6639312231340367,0.6768268855021493,0.687768659632669,0.6948026572880032,0.7006643220007815,0.7073075420085971,0.7139507620164126,0.7194216490816725,0.7237202032043767,0.7284095349745995,0.7323173114497851,0.7370066432200079,0.7440406408753419,0.7471668620554904,0.7506838608831575,0.7526377491207503,0.7569363032434545,0.7604533020711215,0.7620164126611958,0.7647518561938257,0.7686596326690114,0.7702227432590856,0.772567409144197,0.7745212973817898,0.776084407971864,0.7784290738569754,0.7811645173896054,0.7835091832747166,0.7846815162172723,0.7874169597499023,0.7901524032825322,0.7913247362250879,0.7940601797577178,0.794841735052755,0.7975771785853849,0.8007033997655334,0.8034388432981634,0.8053927315357562,0.8065650644783119,0.8089097303634232,0.810863618601016,0.813599062133646,0.8151621727237202,0.8163345056662759,0.8186791715513873
subcell_mae_masked,A549,mean,0,mad_robustize,PCAcor,moa,0.13145567049085,0.1558441558441558,77,1847,0.6328173374613003,0.6804953560371517,0.7046439628482972,0.7263157894736842,0.746749226006192,0.7591331269349845,0.7690402476780186,0.7764705882352941,0.7863777089783281,0.7956656346749226,0.8043343653250774,0.8092879256965945,0.8136222910216718,0.8204334365325078,0.8235294117647058,0.8303405572755418,0.8346749226006192,0.8352941176470589,0.8383900928792569,0.8427244582043344,0.8470588235294118,0.8513931888544891,0.8538699690402477,0.8569659442724458,0.8588235294117647,0.865015479876161,0.8674922600619195,0.8705882352941177,0.8730650154798761,0.8773993808049536,0.8798761609907121,0.881733746130031,0.8823529411764706,0.8823529411764706,0.8835913312693499,0.8854489164086687,0.886687306501548,0.8891640866873065,0.891640866873065,0.8934984520123839,0.8941176470588236,0.8947368421052632,0.896594427244582,0.896594427244582,0.8990712074303405,0.9003095975232198,0.903405572755418,0.906501547987616,0.9071207430340558,0.9102167182662538
subcell_mae_masked,A549,mean,0,mad_robustize,ZCA,replicate,0.3051975920426726,0.5894039735099338,302,2559,0.5635013677217663,0.6045330207112153,0.6268073466197733,0.6455646737006643,0.6537710042985542,0.6651035560765924,0.6748729972645565,0.6854239937475577,0.6944118796404846,0.6994919890582258,0.70652598671356,0.7104337631887456,0.7182493161391168,0.7221570926143025,0.7272372020320438,0.7307542008597109,0.737788198515045,0.7405236420476748,0.7452129738178976,0.7483391949980461,0.751074638530676,0.7549824150058617,0.7565455255959359,0.7577178585384916,0.760062524423603,0.7639703008987886,0.7674872997264557,0.769831965611567,0.7729581867917155,0.7745212973817898,0.7780382962094569,0.7807737397420867,0.7831184056271981,0.7842907385697538,0.785853849159828,0.7889800703399765,0.7909339585775693,0.7944509574052364,0.7956232903477921,0.798358733880422,0.8007033997655334,0.8018757327080891,0.8042203985932005,0.8065650644783119,0.8085189527159047,0.8093005080109418,0.810863618601016,0.8120359515435717,0.8139898397811646,0.8155529503712388
subcell_mae_masked,A549,mean,0,mad_robustize,ZCA,moa,0.1330376501392018,0.1688311688311688,77,1847,0.6303405572755418,0.6780185758513931,0.7003095975232199,0.7269349845201238,0.7411764705882353,0.7529411764705882,0.7659442724458204,0.7752321981424148,0.7814241486068112,0.7894736842105263,0.7981424148606812,0.8024767801857585,0.8080495356037152,0.8130030959752322,0.8185758513931889,0.8229102167182663,0.8278637770897833,0.83343653250774,0.8383900928792569,0.8408668730650155,0.8489164086687306,0.8520123839009288,0.8544891640866873,0.860061919504644,0.865015479876161,0.8674922600619195,0.871826625386997,0.8724458204334365,0.874922600619195,0.8755417956656347,0.8773993808049536,0.8773993808049536,0.8792569659442725,0.8811145510835914,0.8829721362229103,0.8835913312693499,0.8854489164086687,0.8873065015479876,0.8891640866873065,0.8934984520123839,0.8941176470588236,0.8947368421052632,0.8953560371517028,0.9003095975232198,0.903405572755418,0.9046439628482972,0.906501547987616,0.908359133126935,0.908359133126935,0.9114551083591332
subcell_mae_masked,A549,mean,0,mad_robustize,ZCAcor,replicate,0.3012204230370435,0.5894039735099338,302,2559,0.5627198124267292,0.6045330207112153,0.6283704572098476,0.6463462289957015,0.6553341148886284,0.6639312231340367,0.6768268855021493,0.687768659632669,0.6948026572880032,0.7006643220007815,0.7073075420085971,0.7139507620164126,0.7194216490816725,0.7237202032043767,0.7284095349745995,0.7323173114497851,0.7370066432200079,0.7440406408753419,0.7471668620554904,0.7506838608831575,0.7526377491207503,0.7569363032434545,0.7604533020711215,0.7620164126611958,0.7647518561938257,0.7686596326690114,0.7702227432590856,0.772567409144197,0.7745212973817898,0.776084407971864,0.7784290738569754,0.7811645173896054,0.7835091832747166,0.7846815162172723,0.7874169597499023,0.7901524032825322,0.7913247362250879,0.7940601797577178,0.794841735052755,0.7975771785853849,0.8007033997655334,0.8034388432981634,0.8053927315357562,0.8065650644783119,0.8089097303634232,0.810863618601016,0.813599062133646,0.8151621727237202,0.8163345056662759,0.8186791715513873
subcell_mae_masked,A549,mean,0,mad_robustize,ZCAcor,moa,0.13145567049085,0.1558441558441558,77,1847,0.6328173374613003,0.6804953560371517,0.7046439628482972,0.7263157894736842,0.746749226006192,0.7591331269349845,0.7690402476780186,0.7764705882352941,0.7863777089783281,0.7956656346749226,0.8043343653250774,0.8092879256965945,0.8136222910216718,0.8204334365325078,0.8235294117647058,0.8303405572755418,0.8346749226006192,0.8352941176470589,0.8383900928792569,0.8427244582043344,0.8470588235294118,0.8513931888544891,0.8538699690402477,0.8569659442724458,0.8588235294117647,0.865015479876161,0.8674922600619195,0.8705882352941177,0.8730650154798761,0.8773993808049536,0.8798761609907121,0.881733746130031,0.8823529411764706,0.8823529411764706,0.8835913312693499,0.8854489164086687,0.886687306501548,0.8891640866873065,0.891640866873065,0.8934984520123839,0.8941176470588236,0.8947368421052632,0.896594427244582,0.896594427244582,0.8990712074303405,0.9003095975232198,0.903405572755418,0.906501547987616,0.9071207430340558,0.9102167182662538
subcell_mae_masked,A549,mean,0,mad_robustize,none,replicate,0.4948751681437737,0.9933774834437086,302,2559,0.5971082454083626,0.6549433372411098,0.6873778819851505,0.7166862055490426,0.7389605314576007,0.7534193044157874,0.7643610785463072,0.7803829620945681,0.7940601797577178,0.804611176240719,0.8163345056662759,0.8225869480265728,0.8300117233294255,0.835873388042204,0.8417350527549824,0.8464243845252052,0.8554122704181321,0.8589292692457992,0.8671355998436889,0.8698710433763188,0.874169597499023,0.8792497069167644,0.8823759280969129,0.8843298163345057,0.8858929269245799,0.8866744822196171,0.8878468151621727,0.8901914810472841,0.8948808128175069,0.8968347010550997,0.8987885892926925,0.9011332551778038,0.9046502540054708,0.9062133645955452,0.908948808128175,0.9112934740132864,0.9120750293083236,0.915201250488472,0.9159828057835092,0.9183274716686206,0.9194998046111762,0.9218444704962876,0.924189136381399,0.924970691676436,0.9269245799140288,0.9280969128565846,0.9292692457991404,0.9316139116842516,0.9323954669792888,0.9343493552168816
subcell_mae_masked,A549,mean,0,mad_robustize,none,moa,0.1697250597177838,0.2597402597402597,77,1847,0.6736842105263158,0.7356037151702787,0.7684210526315789,0.7944272445820434,0.8173374613003096,0.8352941176470589,0.8476780185758513,0.8544891640866873,0.8619195046439628,0.8736842105263158,0.8773993808049536,0.8873065015479876,0.8941176470588236,0.896594427244582,0.9015479876160992,0.9058823529411764,0.9102167182662538,0.913312693498452,0.9151702786377708,0.9188854489164088,0.9219814241486068,0.9263157894736842,0.9312693498452012,0.934984520123839,0.9356037151702786,0.939938080495356,0.9424148606811146,0.9436532507739938,0.9442724458204336,0.944891640866873,0.9455108359133126,0.9461300309597525,0.9479876160990712,0.9510835913312692,0.951702786377709,0.9523219814241486,0.9541795665634676,0.956656346749226,0.956656346749226,0.9572755417956657,0.9578947368421052,0.958513931888545,0.9603715170278638,0.9609907120743034,0.9628482972136224,0.9628482972136224,0.9628482972136224,0.9628482972136224,0.9647058823529412,0.9647058823529412
subcell_mae_masked,A549,mean,0,standardize,PCA,replicate,0.3755408719160598,0.6589403973509934,302,2559,0.5627198124267292,0.6111762407190309,0.6314966783899961,0.6447831184056272,0.6572880031262212,0.669011332551778,0.6787807737397421,0.687768659632669,0.6963657678780774,0.70379054318093,0.7076983196561156,0.7131692067213755,0.7182493161391168,0.7202032043767097,0.7233294255568582,0.7276279796795623,0.7303634232121923,0.737788198515045,0.7416959749902305,0.7452129738178976,0.7483391949980461,0.751074638530676,0.7553731926533802,0.7581086361860102,0.7616256350136772,0.7643610785463072,0.7655334114888629,0.7674872997264557,0.7690504103165299,0.7733489644392341,0.776084407971864,0.7780382962094569,0.7799921844470497,0.7831184056271981,0.7850722938647909,0.7866354044548651,0.7878077373974208,0.7901524032825322,0.7936694021101993,0.794841735052755,0.7979679562329035,0.798358733880422,0.7991402891754592,0.8022665103556077,0.8030480656506448,0.8034388432981634,0.804611176240719,0.8065650644783119,0.8093005080109418,0.8096912856584604
subcell_mae_masked,A549,mean,0,standardize,PCA,moa,0.1613643938602712,0.2207792207792207,77,1847,0.6303405572755418,0.6848297213622291,0.7071207430340557,0.7201238390092879,0.7448916408668731,0.7541795665634675,0.76656346749226,0.7746130030959752,0.7814241486068112,0.7876160990712074,0.7925696594427245,0.7987616099071208,0.8024767801857585,0.8068111455108359,0.8117647058823529,0.8191950464396285,0.8247678018575851,0.8303405572755418,0.8352941176470589,0.8359133126934984,0.8390092879256966,0.8408668730650155,0.8421052631578947,0.8452012383900929,0.8495356037151702,0.8538699690402477,0.8563467492260062,0.860061919504644,0.8631578947368421,0.865015479876161,0.8674922600619195,0.8681114551083592,0.8693498452012384,0.871826625386997,0.8755417956656347,0.8767801857585139,0.8786377708978328,0.8786377708978328,0.8804953560371517,0.881733746130031,0.8854489164086687,0.8860681114551083,0.8879256965944272,0.8891640866873065,0.8904024767801858,0.8922600619195047,0.8928792569659443,0.8941176470588236,0.8953560371517028,0.8978328173374613
subcell_mae_masked,A549,mean,0,standardize,PCAcor,replicate,0.3807745698094012,0.6721854304635762,302,2559,0.5658460336068777,0.6123485736615866,0.6291520125048847,0.6486908948808128,0.6604142243063696,0.6733098866744822,0.681516217272372,0.6862055490425948,0.6936303243454475,0.6994919890582258,0.7080890973036342,0.7143415396639312,0.7202032043767097,0.7245017584994138,0.7295818679171552,0.7330988667448222,0.7358343102774522,0.7401328644001564,0.7436498632278233,0.7467760844079718,0.7514654161781946,0.753810082063306,0.7581086361860102,0.7604533020711215,0.7631887456037515,0.7651426338413443,0.7663149667839,0.7690504103165299,0.7710042985541227,0.7745212973817898,0.7776475185619383,0.7807737397420867,0.782336850332161,0.7827276279796795,0.785853849159828,0.7881985150449394,0.7893708479874951,0.7905431809300508,0.7932786244626807,0.794841735052755,0.7967956232903478,0.798358733880422,0.7991402891754592,0.7999218444704963,0.8030480656506448,0.804611176240719,0.8053927315357562,0.8069558421258304,0.8081281750683861,0.8096912856584604
subcell_mae_masked,A549,mean,0,standardize,PCAcor,moa,0.1618660568850843,0.2207792207792207,77,1847,0.631578947368421,0.6854489164086688,0.7095975232198143,0.7331269349845201,0.7492260061919505,0.7585139318885449,0.7715170278637771,0.778328173374613,0.7839009287925697,0.7907120743034056,0.7962848297213623,0.8018575851393189,0.8074303405572756,0.8130030959752322,0.8185758513931889,0.8222910216718267,0.826625386996904,0.8328173374613003,0.8352941176470589,0.8377708978328173,0.8402476780185758,0.8439628482972136,0.8445820433436533,0.8464396284829722,0.8507739938080495,0.853250773993808,0.8544891640866873,0.8569659442724458,0.8594427244582044,0.8613003095975232,0.865015479876161,0.8674922600619195,0.8724458204334365,0.874922600619195,0.8767801857585139,0.8780185758513932,0.8804953560371517,0.8811145510835914,0.8848297213622291,0.8891640866873065,0.8904024767801858,0.891640866873065,0.8934984520123839,0.8953560371517028,0.896594427244582,0.8972136222910216,0.9003095975232198,0.9027863777089784,0.9040247678018576,0.9058823529411764
subcell_mae_masked,A549,mean,0,standardize,ZCA,replicate,0.3755408719160598,0.6589403973509934,302,2559,0.5627198124267292,0.6111762407190309,0.6314966783899961,0.6447831184056272,0.6572880031262212,0.669011332551778,0.6787807737397421,0.687768659632669,0.6963657678780774,0.70379054318093,0.7076983196561156,0.7131692067213755,0.7182493161391168,0.7202032043767097,0.7233294255568582,0.7276279796795623,0.7303634232121923,0.737788198515045,0.7416959749902305,0.7452129738178976,0.7483391949980461,0.751074638530676,0.7553731926533802,0.7581086361860102,0.7616256350136772,0.7643610785463072,0.7655334114888629,0.7674872997264557,0.7690504103165299,0.7733489644392341,0.776084407971864,0.7780382962094569,0.7799921844470497,0.7831184056271981,0.7850722938647909,0.7866354044548651,0.7878077373974208,0.7901524032825322,0.7936694021101993,0.794841735052755,0.7979679562329035,0.798358733880422,0.7991402891754592,0.8022665103556077,0.8030480656506448,0.8034388432981634,0.804611176240719,0.8065650644783119,0.8093005080109418,0.8096912856584604
subcell_mae_masked,A549,mean,0,standardize,ZCA,moa,0.1613643938602712,0.2207792207792207,77,1847,0.6303405572755418,0.6848297213622291,0.7071207430340557,0.7201238390092879,0.7448916408668731,0.7541795665634675,0.76656346749226,0.7746130030959752,0.7814241486068112,0.7876160990712074,0.7925696594427245,0.7987616099071208,0.8024767801857585,0.8068111455108359,0.8117647058823529,0.8191950464396285,0.8247678018575851,0.8303405572755418,0.8352941176470589,0.8359133126934984,0.8390092879256966,0.8408668730650155,0.8421052631578947,0.8452012383900929,0.8495356037151702,0.8538699690402477,0.8563467492260062,0.860061919504644,0.8631578947368421,0.865015479876161,0.8674922600619195,0.8681114551083592,0.8693498452012384,0.871826625386997,0.8755417956656347,0.8767801857585139,0.8786377708978328,0.8786377708978328,0.8804953560371517,0.881733746130031,0.8854489164086687,0.8860681114551083,0.8879256965944272,0.8891640866873065,0.8904024767801858,0.8922600619195047,0.8928792569659443,0.8941176470588236,0.8953560371517028,0.8978328173374613
subcell_mae_masked,A549,mean,0,standardize,ZCAcor,replicate,0.3807745698094012,0.6721854304635762,302,2559,0.5658460336068777,0.6123485736615866,0.6291520125048847,0.6486908948808128,0.6604142243063696,0.6733098866744822,0.681516217272372,0.6862055490425948,0.6936303243454475,0.6994919890582258,0.7080890973036342,0.7143415396639312,0.7202032043767097,0.7245017584994138,0.7295818679171552,0.7330988667448222,0.7358343102774522,0.7401328644001564,0.7436498632278233,0.7467760844079718,0.7514654161781946,0.753810082063306,0.7581086361860102,0.7604533020711215,0.7631887456037515,0.7651426338413443,0.7663149667839,0.7690504103165299,0.7710042985541227,0.7745212973817898,0.7776475185619383,0.7807737397420867,0.782336850332161,0.7827276279796795,0.785853849159828,0.7881985150449394,0.7893708479874951,0.7905431809300508,0.7932786244626807,0.794841735052755,0.7967956232903478,0.798358733880422,0.7991402891754592,0.7999218444704963,0.8030480656506448,0.804611176240719,0.8053927315357562,0.8069558421258304,0.8081281750683861,0.8096912856584604
subcell_mae_masked,A549,mean,0,standardize,ZCAcor,moa,0.1618660568850843,0.2207792207792207,77,1847,0.631578947368421,0.6854489164086688,0.7095975232198143,0.7331269349845201,0.7492260061919505,0.7585139318885449,0.7715170278637771,0.778328173374613,0.7839009287925697,0.7907120743034056,0.7962848297213623,0.8018575851393189,0.8074303405572756,0.8130030959752322,0.8185758513931889,0.8222910216718267,0.826625386996904,0.8328173374613003,0.8352941176470589,0.8377708978328173,0.8402476780185758,0.8439628482972136,0.8445820433436533,0.8464396284829722,0.8507739938080495,0.853250773993808,0.8544891640866873,0.8569659442724458,0.8594427244582044,0.8613003095975232,0.865015479876161,0.8674922600619195,0.8724458204334365,0.874922600619195,0.8767801857585139,0.8780185758513932,0.8804953560371517,0.8811145510835914,0.8848297213622291,0.8891640866873065,0.8904024767801858,0.891640866873065,0.8934984520123839,0.8953560371517028,0.896594427244582,0.8972136222910216,0.9003095975232198,0.9027863777089784,0.9040247678018576,0.9058823529411764
subcell_mae_masked,A549,mean,0,standardize,none,replicate,0.477880895727813,0.9966887417218544,302,2559,0.5967174677608441,0.6658851113716295,0.7010550996483002,0.7280187573270809,0.7456037514654161,0.7686596326690114,0.7792106291520126,0.7905431809300508,0.8014849550605705,0.8155529503712388,0.8245408362641657,0.8339194998046112,0.8429073856975381,0.8475967174677609,0.854630715123095,0.8624462680734662,0.8683079327862446,0.8745603751465416,0.8792497069167644,0.8819851504493943,0.8858929269245799,0.889409925752247,0.8944900351699883,0.8960531457600626,0.8983978116451738,0.9007424775302852,0.9034779210629152,0.9069949198905822,0.9097303634232122,0.912465806955842,0.915201250488472,0.9167643610785464,0.9194998046111762,0.9210629152012504,0.9218444704962876,0.9222352481438062,0.923407581086362,0.9253614693239548,0.9284876905041032,0.9312231340367332,0.9327862446268074,0.9343493552168816,0.9351309105119188,0.9351309105119188,0.9378663540445488,0.9390386869871044,0.9406017975771784,0.94294646346229,0.94294646346229,0.9433372411098084
subcell_mae_masked,A549,mean,0,standardize,none,moa,0.1712379747320829,0.3116883116883117,77,1847,0.6730650154798762,0.7430340557275542,0.7770897832817337,0.8061919504643963,0.8284829721362229,0.8445820433436533,0.8569659442724458,0.8687306501547988,0.8798761609907121,0.8904024767801858,0.896594427244582,0.9052631578947368,0.9095975232198142,0.9176470588235294,0.9226006191950464,0.9263157894736842,0.9275541795665636,0.9281733746130032,0.9306501547987616,0.936842105263158,0.9393188854489164,0.9405572755417956,0.9424148606811146,0.9442724458204336,0.946749226006192,0.9479876160990712,0.9486068111455108,0.94984520123839,0.9510835913312692,0.9529411764705882,0.9541795665634676,0.9554179566563468,0.9572755417956657,0.958513931888545,0.959752321981424,0.9628482972136224,0.9640866873065016,0.9647058823529412,0.96656346749226,0.9671826625386996,0.9671826625386996,0.9671826625386996,0.968421052631579,0.9696594427244584,0.9708978328173374,0.9708978328173374,0.9708978328173374,0.9708978328173374,0.9721362229102168,0.9739938080495356
subcell_mae_masked,A549,mean,1,PCA,mad_robustize,replicate,0.4650355367637016,0.7582781456953642,302,2559,0.5756154747948418,0.6189917936694022,0.6436107854630715,0.662758890191481,0.677999218444705,0.6873778819851505,0.696756545525596,0.7041813208284486,0.7147323173114498,0.7205939820242282,0.7260648690894881,0.7323173114497851,0.741305197342712,0.744822196170379,0.751074638530676,0.7569363032434545,0.7643610785463072,0.7686596326690114,0.7749120750293084,0.7768659632669012,0.7819460726846424,0.7835091832747166,0.7866354044548651,0.7901524032825322,0.7932786244626807,0.7967956232903478,0.8003126221180149,0.804611176240719,0.8069558421258304,0.8096912856584604,0.8132082844861274,0.8163345056662759,0.8171160609613131,0.819851504493943,0.8218053927315357,0.82336850332161,0.8249316139116842,0.826885502149277,0.8288393903868698,0.8304025009769441,0.8343102774521297,0.8362641656897225,0.8382180539273154,0.8405627198124267,0.8409534974599453,0.8436889409925752,0.8440797186400938,0.845642829230168,0.8475967174677609,0.8495506057053537
subcell_mae_masked,A549,mean,1,PCA,mad_robustize,moa,0.1800986629585367,0.2727272727272727,77,1847,0.6458204334365325,0.6922600619195046,0.7226006191950465,0.7405572755417956,0.7572755417956656,0.7708978328173375,0.7832817337461301,0.7938080495356037,0.8012383900928792,0.8123839009287925,0.8179566563467492,0.8291021671826625,0.8340557275541796,0.8396284829721362,0.8445820433436533,0.8489164086687306,0.8520123839009288,0.8588235294117647,0.8625386996904024,0.8674922600619195,0.8724458204334365,0.8761609907120743,0.8773993808049536,0.8792569659442725,0.881733746130031,0.8879256965944272,0.8910216718266254,0.8934984520123839,0.8972136222910216,0.8996904024767802,0.9009287925696594,0.9021671826625388,0.9046439628482972,0.9071207430340558,0.9089783281733748,0.9114551083591332,0.9120743034055728,0.9145510835913312,0.9164086687306502,0.920123839009288,0.9219814241486068,0.923219814241486,0.9244582043343652,0.9250773993808048,0.9263157894736842,0.9275541795665636,0.9294117647058824,0.9306501547987616,0.9318885448916407,0.9343653250773992
subcell_mae_masked,A549,mean,1,PCA,standardize,replicate,0.4235956485659849,0.7119205298013245,302,2559,0.5896834701055099,0.6330597889800703,0.6561156701836655,0.675263774912075,0.6881594372801876,0.7002735443532629,0.7112153184837827,0.7245017584994138,0.7330988667448222,0.7397420867526378,0.7463853067604533,0.7514654161781946,0.7569363032434545,0.7616256350136772,0.7667057444314185,0.7733489644392341,0.7776475185619383,0.782336850332161,0.7878077373974208,0.7940601797577178,0.7999218444704963,0.8022665103556077,0.8057835091832747,0.8096912856584604,0.8132082844861274,0.8186791715513873,0.8237592809691285,0.8284486127393513,0.8327471668620555,0.835873388042204,0.8409534974599453,0.8440797186400938,0.8472059398202423,0.8495506057053537,0.8522860492379836,0.8585384915982806,0.8604923798358733,0.8624462680734662,0.8659632669011332,0.8694802657288003,0.8718249316139117,0.8733880422039859,0.8745603751465416,0.8761234857366159,0.8784681516217272,0.8796404845642829,0.8819851504493943,0.8823759280969129,0.8851113716295428,0.8858929269245799
subcell_mae_masked,A549,mean,1,PCA,standardize,moa,0.1699429058538399,0.2077922077922078,77,1847,0.6569659442724458,0.7065015479876161,0.7479876160990712,0.7752321981424148,0.7956656346749226,0.8117647058823529,0.8241486068111455,0.8328173374613003,0.8476780185758513,0.8582043343653251,0.8662538699690403,0.874922600619195,0.8786377708978328,0.8854489164086687,0.8941176470588236,0.9009287925696594,0.9058823529411764,0.9095975232198142,0.9139318885448916,0.9164086687306502,0.920123839009288,0.9263157894736842,0.9281733746130032,0.9318885448916407,0.9331269349845202,0.9337461300309596,0.936842105263158,0.939938080495356,0.9430340557275542,0.9442724458204336,0.944891640866873,0.9461300309597525,0.9479876160990712,0.9504643962848296,0.953560371517028,0.956656346749226,0.958513931888545,0.9591331269349844,0.9591331269349844,0.9591331269349844,0.9603715170278638,0.9622291021671828,0.963467492260062,0.963467492260062,0.9647058823529412,0.9659442724458204,0.96656346749226,0.9671826625386996,0.9678018575851394,0.968421052631579
subcell_mae_masked,A549,mean,1,PCAcor,mad_robustize,replicate,0.465479301531396,0.7549668874172185,302,2559,0.5752246971473232,0.6201641266119577,0.643220007815553,0.659241891363814,0.6748729972645565,0.6862055490425948,0.6979288784681517,0.7057444314185228,0.7112153184837827,0.7194216490816725,0.7284095349745995,0.7327080890973037,0.7416959749902305,0.7463853067604533,0.7545916373583431,0.7596717467760844,0.7663149667839,0.7690504103165299,0.7721766314966784,0.7780382962094569,0.7815552950371238,0.7854630715123095,0.7881985150449394,0.7913247362250879,0.7960140679953107,0.7991402891754592,0.8026572880031262,0.8057835091832747,0.807346619773349,0.810863618601016,0.8143806174286831,0.8159437280187574,0.8190699491989059,0.82063305978898,0.8229777256740914,0.8253223915592028,0.8276670574443142,0.829620945681907,0.8315748339194998,0.8335287221570926,0.835873388042204,0.8386088315748339,0.8405627198124267,0.8425166080500195,0.8444704962876124,0.8460336068776866,0.8475967174677609,0.8487690504103166,0.8499413833528722,0.8511137162954279
subcell_mae_masked,A549,mean,1,PCAcor,mad_robustize,moa,0.1805703879468634,0.2597402597402597,77,1847,0.6476780185758514,0.6860681114551084,0.718266253869969,0.739938080495356,0.7572755417956656,0.7739938080495357,0.7845201238390093,0.7956656346749226,0.804953560371517,0.8111455108359134,0.8191950464396285,0.8321981424148607,0.836532507739938,0.8445820433436533,0.8495356037151702,0.8513931888544891,0.8569659442724458,0.8606811145510835,0.8631578947368421,0.8668730650154799,0.8699690402476781,0.8755417956656347,0.8798761609907121,0.8842105263157894,0.8873065015479876,0.8897832817337461,0.8947368421052632,0.8984520123839009,0.9003095975232198,0.9015479876160992,0.9021671826625388,0.9040247678018576,0.9071207430340558,0.9095975232198142,0.9108359133126936,0.9114551083591332,0.9126934984520124,0.9151702786377708,0.9182662538699692,0.9207430340557275,0.9213622291021673,0.9226006191950464,0.923219814241486,0.9238390092879256,0.9269349845201238,0.9294117647058824,0.9306501547987616,0.9325077399380804,0.9337461300309596,0.9337461300309596
subcell_mae_masked,A549,mean,1,PCAcor,standardize,replicate,0.4237224892639011,0.7086092715231788,302,2559,0.5900742477530285,0.6295427901524033,0.6576787807737398,0.6701836654943337,0.6787807737397421,0.6932395466979289,0.70652598671356,0.7155138726064869,0.7272372020320438,0.7358343102774522,0.7428683079327862,0.7495115279406018,0.7553731926533802,0.7624071903087143,0.7678780773739742,0.7721766314966784,0.7803829620945681,0.7835091832747166,0.7889800703399765,0.7936694021101993,0.798358733880422,0.804611176240719,0.8069558421258304,0.8104728409534975,0.8159437280187574,0.8202422821414616,0.8257131692067213,0.8284486127393513,0.8304025009769441,0.8354826103946854,0.8382180539273154,0.8401719421649082,0.8452520515826495,0.8511137162954279,0.854630715123095,0.8577569363032435,0.8620554904259476,0.8636186010160218,0.8655724892536147,0.8667448221961703,0.867917155138726,0.8698710433763188,0.8714341539663931,0.8733880422039859,0.8765142633841344,0.8788589292692458,0.8812035951543572,0.8819851504493943,0.8835482610394686,0.8847205939820242
subcell_mae_masked,A549,mean,1,PCAcor,standardize,moa,0.1697093953673733,0.2077922077922078,77,1847,0.6575851393188854,0.7052631578947368,0.7356037151702787,0.7640866873065015,0.7839009287925697,0.8055727554179567,0.821671826625387,0.8315789473684211,0.8427244582043344,0.848297213622291,0.8625386996904024,0.8668730650154799,0.8761609907120743,0.881733746130031,0.8897832817337461,0.8928792569659443,0.896594427244582,0.9027863777089784,0.9095975232198142,0.9114551083591332,0.9182662538699692,0.9207430340557275,0.9238390092879256,0.9269349845201238,0.930030959752322,0.9318885448916407,0.9331269349845202,0.9386996904024768,0.9411764705882352,0.9424148606811146,0.9430340557275542,0.9442724458204336,0.946749226006192,0.9486068111455108,0.9510835913312692,0.951702786377709,0.9529411764705882,0.9560371517027864,0.9578947368421052,0.9591331269349844,0.9603715170278638,0.961609907120743,0.9628482972136224,0.963467492260062,0.963467492260062,0.9659442724458204,0.96656346749226,0.96656346749226,0.96656346749226,0.968421052631579
subcell_mae_masked,A549,mean,1,ZCA,mad_robustize,replicate,0.487220414426491,0.8211920529801324,302,2559,0.5885111371629543,0.6400937866354045,0.6682297772567409,0.681516217272372,0.6920672137553732,0.7061352090660414,0.7178585384915983,0.7268464243845252,0.7358343102774522,0.7420867526377491,0.751074638530676,0.7592809691285658,0.7663149667839,0.769831965611567,0.7753028526768269,0.7827276279796795,0.7854630715123095,0.7889800703399765,0.7940601797577178,0.7960140679953107,0.7999218444704963,0.8042203985932005,0.8077373974208675,0.8093005080109418,0.8143806174286831,0.8186791715513873,0.82063305978898,0.8257131692067213,0.8284486127393513,0.8311840562719812,0.8350918327471668,0.8366549433372411,0.8401719421649082,0.8440797186400938,0.8452520515826495,0.848378272762798,0.8503321610003908,0.8518952715904651,0.8526768268855022,0.8550214927706136,0.8573661586557249,0.8585384915982806,0.861664712778429,0.8636186010160218,0.8655724892536147,0.8675263774912075,0.8698710433763188,0.8714341539663931,0.8722157092614302,0.8745603751465416
subcell_mae_masked,A549,mean,1,ZCA,mad_robustize,moa,0.1891090435552015,0.3116883116883117,77,1847,0.660061919504644,0.7114551083591332,0.7393188854489164,0.7578947368421053,0.7789473684210526,0.795046439628483,0.8061919504643963,0.8148606811145511,0.8272445820433436,0.8383900928792569,0.8427244582043344,0.8489164086687306,0.8569659442724458,0.860061919504644,0.8643962848297214,0.8712074303405573,0.8780185758513932,0.8829721362229103,0.8854489164086687,0.8897832817337461,0.8928792569659443,0.8984520123839009,0.9015479876160992,0.9040247678018576,0.9052631578947368,0.9108359133126936,0.9164086687306502,0.9182662538699692,0.920123839009288,0.9226006191950464,0.9238390092879256,0.9256965944272446,0.9281733746130032,0.930030959752322,0.9318885448916407,0.934984520123839,0.939938080495356,0.944891640866873,0.9461300309597525,0.9473684210526316,0.9479876160990712,0.9492260061919504,0.9510835913312692,0.9510835913312692,0.951702786377709,0.951702786377709,0.951702786377709,0.9523219814241486,0.953560371517028,0.9547987616099072
subcell_mae_masked,A549,mean,1,ZCA,standardize,replicate,0.4155376802877942,0.6788079470198676,302,2559,0.5752246971473232,0.6197733489644393,0.6397030089878859,0.6502540054708871,0.6651035560765924,0.675263774912075,0.6885502149277062,0.6971473231731145,0.7057444314185228,0.7116060961313013,0.7198124267291911,0.7264556467370067,0.7323173114497851,0.7381789761625634,0.7440406408753419,0.7459945291129347,0.7526377491207503,0.757327080890973,0.76357952325127,0.7659241891363814,0.7686596326690114,0.7737397420867527,0.778819851504494,0.7831184056271981,0.7893708479874951,0.794841735052755,0.7975771785853849,0.8014849550605705,0.8053927315357562,0.8061742868307933,0.8100820633059789,0.8112543962485346,0.8139898397811646,0.8171160609613131,0.8202422821414616,0.82336850332161,0.8276670574443142,0.8315748339194998,0.8366549433372411,0.8382180539273154,0.842125830402501,0.8440797186400938,0.8460336068776866,0.8475967174677609,0.8491598280578351,0.8507229386479094,0.8538491598280579,0.8565846033606878,0.8573661586557249,0.8593200468933178
subcell_mae_masked,A549,mean,1,ZCA,standardize,moa,0.1691098421113297,0.2077922077922078,77,1847,0.6439628482972136,0.6941176470588235,0.7294117647058823,0.7535603715170278,0.7715170278637771,0.785139318885449,0.7962848297213623,0.8074303405572756,0.8191950464396285,0.8278637770897833,0.8390092879256966,0.8507739938080495,0.8594427244582044,0.8637770897832817,0.8687306501547988,0.8761609907120743,0.8811145510835914,0.886687306501548,0.8910216718266254,0.8953560371517028,0.8984520123839009,0.9015479876160992,0.906501547987616,0.9108359133126936,0.913312693498452,0.9151702786377708,0.9164086687306502,0.9195046439628484,0.9219814241486068,0.9250773993808048,0.9263157894736842,0.930030959752322,0.9325077399380804,0.934984520123839,0.9356037151702786,0.9380804953560372,0.9405572755417956,0.9417956656346748,0.9424148606811146,0.9461300309597525,0.9473684210526316,0.9504643962848296,0.9510835913312692,0.9510835913312692,0.9510835913312692,0.9510835913312692,0.9529411764705882,0.9547987616099072,0.9572755417956657,0.9591331269349844
subcell_mae_masked,A549,mean,1,ZCAcor,mad_robustize,replicate,0.4868262713564619,0.8079470198675497,302,2559,0.5842125830402501,0.6373583431027745,0.6678389996092223,0.6846424384525205,0.694021101992966,0.7080890973036342,0.7178585384915983,0.7284095349745995,0.7342711996873779,0.7420867526377491,0.7487299726455646,0.7557639703008988,0.7627979679562329,0.7663149667839,0.7745212973817898,0.7803829620945681,0.7835091832747166,0.7862446268073466,0.7893708479874951,0.7940601797577178,0.7999218444704963,0.8026572880031262,0.8085189527159047,0.810863618601016,0.813599062133646,0.8175068386088316,0.82063305978898,0.8229777256740914,0.8257131692067213,0.829620945681907,0.8347010550996483,0.8366549433372411,0.8405627198124267,0.842125830402501,0.8448612739351309,0.8491598280578351,0.8515044939429465,0.8534583821805393,0.8550214927706136,0.8569753810082064,0.8597108245408362,0.8601016021883549,0.8628370457209847,0.8636186010160218,0.864400156311059,0.8663540445486518,0.8686987104337632,0.8710433763188745,0.8729972645564674,0.8745603751465416
subcell_mae_masked,A549,mean,1,ZCAcor,mad_robustize,moa,0.1895096033776185,0.3116883116883117,77,1847,0.6606811145510836,0.7114551083591332,0.7436532507739938,0.7647058823529411,0.7789473684210526,0.7888544891640867,0.8006191950464396,0.8086687306501548,0.8191950464396285,0.8315789473684211,0.8458204334365325,0.8526315789473684,0.8557275541795666,0.8606811145510835,0.8681114551083592,0.8730650154798761,0.8780185758513932,0.8829721362229103,0.8860681114551083,0.891640866873065,0.8953560371517028,0.9003095975232198,0.9052631578947368,0.9071207430340558,0.9102167182662538,0.9126934984520124,0.9157894736842104,0.920123839009288,0.9219814241486068,0.9219814241486068,0.9238390092879256,0.9269349845201238,0.9281733746130032,0.9287925696594428,0.9306501547987616,0.9331269349845202,0.9337461300309596,0.934984520123839,0.9374613003095976,0.9393188854489164,0.9430340557275542,0.9436532507739938,0.9436532507739938,0.9455108359133126,0.9461300309597525,0.9479876160990712,0.9492260061919504,0.9510835913312692,0.9523219814241486,0.9523219814241486
subcell_mae_masked,A549,mean,1,ZCAcor,standardize,replicate,0.4151868741794522,0.6688741721854304,302,2559,0.5767878077373975,0.6154747948417351,0.6385306760453302,0.6525986713559985,0.6647127784290738,0.6776084407971864,0.687768659632669,0.6975381008206331,0.7041813208284486,0.7123876514263384,0.7182493161391168,0.7245017584994138,0.7299726455646737,0.7362250879249707,0.7420867526377491,0.7467760844079718,0.7506838608831575,0.7565455255959359,0.760062524423603,0.7624071903087143,0.7678780773739742,0.7713950762016413,0.7749120750293084,0.7776475185619383,0.7819460726846424,0.7866354044548651,0.7897616256350137,0.7932786244626807,0.7995310668229777,0.8030480656506448,0.8081281750683861,0.8096912856584604,0.8128175068386089,0.8155529503712388,0.8194607268464243,0.8214146150840171,0.8245408362641657,0.826885502149277,0.8304025009769441,0.8339194998046112,0.835873388042204,0.8378272762797968,0.8413442751074639,0.8440797186400938,0.8468151621727237,0.8475967174677609,0.8491598280578351,0.8515044939429465,0.8542399374755764,0.8565846033606878
subcell_mae_masked,A549,mean,1,ZCAcor,standardize,moa,0.1688223732332459,0.2077922077922078,77,1847,0.643343653250774,0.691640866873065,0.7294117647058823,0.756656346749226,0.7696594427244582,0.7857585139318886,0.7944272445820434,0.8099071207430341,0.8173374613003096,0.8253869969040247,0.8346749226006192,0.8414860681114551,0.8538699690402477,0.8619195046439628,0.8681114551083592,0.8755417956656347,0.881733746130031,0.8854489164086687,0.8885448916408669,0.8947368421052632,0.8972136222910216,0.9009287925696594,0.9040247678018576,0.9108359133126936,0.9145510835913312,0.9157894736842104,0.9182662538699692,0.9207430340557275,0.9238390092879256,0.9263157894736842,0.9275541795665636,0.9306501547987616,0.9312693498452012,0.9337461300309596,0.934984520123839,0.9362229102167182,0.9386996904024768,0.9405572755417956,0.9405572755417956,0.9417956656346748,0.9455108359133126,0.946749226006192,0.9473684210526316,0.9486068111455108,0.9492260061919504,0.9504643962848296,0.9510835913312692,0.9529411764705882,0.9541795665634676,0.9554179566563468
subcell_mae_masked,A549,mean,1,mad_robustize,PCA,replicate,0.3082734033986304,0.5794701986754967,302,2559,0.5662368112543963,0.6037514654161782,0.6275889019148104,0.6455646737006643,0.6533802266510356,0.6651035560765924,0.6756545525595936,0.6838608831574834,0.6912856584603361,0.6994919890582258,0.7049628761234857,0.7108245408362641,0.716295427901524,0.7229386479093396,0.7295818679171552,0.7319265338022665,0.7358343102774522,0.737788198515045,0.7436498632278233,0.7463853067604533,0.7483391949980461,0.7534193044157874,0.7557639703008988,0.7588901914810473,0.7624071903087143,0.7651426338413443,0.7682688550214928,0.7702227432590856,0.7713950762016413,0.7737397420867527,0.7764751856193826,0.7799921844470497,0.7807737397420867,0.7831184056271981,0.7866354044548651,0.7909339585775693,0.7940601797577178,0.7956232903477921,0.7971864009378663,0.7999218444704963,0.801094177413052,0.8022665103556077,0.8034388432981634,0.8061742868307933,0.8085189527159047,0.8104728409534975,0.8116451738960532,0.8139898397811646,0.8163345056662759,0.8175068386088316
subcell_mae_masked,A549,mean,1,mad_robustize,PCA,moa,0.1344028478203549,0.1688311688311688,77,1847,0.628482972136223,0.6736842105263158,0.7021671826625387,0.7201238390092879,0.7386996904024767,0.74984520123839,0.7659442724458204,0.7752321981424148,0.7845201238390093,0.7894736842105263,0.7975232198142415,0.804953560371517,0.8105263157894737,0.8173374613003096,0.8210526315789474,0.8260061919504644,0.8291021671826625,0.8359133126934984,0.8396284829721362,0.843343653250774,0.8470588235294118,0.848297213622291,0.853250773993808,0.8563467492260062,0.8575851393188855,0.8594427244582044,0.8631578947368421,0.8662538699690403,0.8693498452012384,0.871826625386997,0.874922600619195,0.8773993808049536,0.8786377708978328,0.8804953560371517,0.8842105263157894,0.8860681114551083,0.886687306501548,0.8879256965944272,0.8897832817337461,0.8904024767801858,0.8934984520123839,0.8947368421052632,0.8972136222910216,0.8972136222910216,0.9003095975232198,0.9015479876160992,0.9027863777089784,0.9040247678018576,0.9052631578947368,0.906501547987616
subcell_mae_masked,A549,mean,1,mad_robustize,PCAcor,replicate,0.3043319778466558,0.5827814569536424,302,2559,0.5642829230168034,0.5990621336459554,0.6283704572098476,0.6451738960531458,0.6572880031262212,0.6647127784290738,0.6740914419695193,0.681516217272372,0.6916764361078547,0.6975381008206331,0.7022274325908558,0.7116060961313013,0.7182493161391168,0.7233294255568582,0.7303634232121923,0.7338804220398594,0.737788198515045,0.7424775302852676,0.747557639703009,0.7502930832356389,0.753810082063306,0.757327080890973,0.7588901914810473,0.7624071903087143,0.76357952325127,0.7663149667839,0.7678780773739742,0.7717858538491599,0.7745212973817898,0.7784290738569754,0.7807737397420867,0.7846815162172723,0.7862446268073466,0.7881985150449394,0.7901524032825322,0.7924970691676436,0.794841735052755,0.7979679562329035,0.7987495115279406,0.801094177413052,0.8022665103556077,0.8061742868307933,0.8081281750683861,0.8093005080109418,0.8104728409534975,0.8124267291910903,0.8128175068386089,0.8143806174286831,0.8155529503712388,0.8167252833137945
subcell_mae_masked,A549,mean,1,mad_robustize,PCAcor,moa,0.1328597528638949,0.1428571428571428,77,1847,0.6260061919504644,0.676780185758514,0.7095975232198143,0.7238390092879257,0.7393188854489164,0.7504643962848297,0.7702786377708978,0.7789473684210526,0.7869969040247679,0.7944272445820434,0.7987616099071208,0.8086687306501548,0.8117647058823529,0.8191950464396285,0.8229102167182663,0.8278637770897833,0.8328173374613003,0.8371517027863777,0.8427244582043344,0.8452012383900929,0.848297213622291,0.8513931888544891,0.8551083591331269,0.8563467492260062,0.8575851393188855,0.8606811145510835,0.8625386996904024,0.8662538699690403,0.8674922600619195,0.8699690402476781,0.871826625386997,0.8743034055727554,0.8767801857585139,0.8786377708978328,0.8798761609907121,0.881733746130031,0.8848297213622291,0.8885448916408669,0.8910216718266254,0.8928792569659443,0.8941176470588236,0.8953560371517028,0.8972136222910216,0.8990712074303405,0.9003095975232198,0.9015479876160992,0.9027863777089784,0.9040247678018576,0.9058823529411764,0.906501547987616
subcell_mae_masked,A549,mean,1,mad_robustize,ZCA,replicate,0.3082734033986304,0.5794701986754967,302,2559,0.5662368112543963,0.6037514654161782,0.6275889019148104,0.6455646737006643,0.6533802266510356,0.6651035560765924,0.6756545525595936,0.6838608831574834,0.6912856584603361,0.6994919890582258,0.7049628761234857,0.7108245408362641,0.716295427901524,0.7229386479093396,0.7295818679171552,0.7319265338022665,0.7358343102774522,0.737788198515045,0.7436498632278233,0.7463853067604533,0.7483391949980461,0.7534193044157874,0.7557639703008988,0.7588901914810473,0.7624071903087143,0.7651426338413443,0.7682688550214928,0.7702227432590856,0.7713950762016413,0.7737397420867527,0.7764751856193826,0.7799921844470497,0.7807737397420867,0.7831184056271981,0.7866354044548651,0.7909339585775693,0.7940601797577178,0.7956232903477921,0.7971864009378663,0.7999218444704963,0.801094177413052,0.8022665103556077,0.8034388432981634,0.8061742868307933,0.8085189527159047,0.8104728409534975,0.8116451738960532,0.8139898397811646,0.8163345056662759,0.8175068386088316
subcell_mae_masked,A549,mean,1,mad_robustize,ZCA,moa,0.1344028478203549,0.1688311688311688,77,1847,0.628482972136223,0.6736842105263158,0.7021671826625387,0.7201238390092879,0.7386996904024767,0.74984520123839,0.7659442724458204,0.7752321981424148,0.7845201238390093,0.7894736842105263,0.7975232198142415,0.804953560371517,0.8105263157894737,0.8173374613003096,0.8210526315789474,0.8260061919504644,0.8291021671826625,0.8359133126934984,0.8396284829721362,0.843343653250774,0.8470588235294118,0.848297213622291,0.853250773993808,0.8563467492260062,0.8575851393188855,0.8594427244582044,0.8631578947368421,0.8662538699690403,0.8693498452012384,0.871826625386997,0.874922600619195,0.8773993808049536,0.8786377708978328,0.8804953560371517,0.8842105263157894,0.8860681114551083,0.886687306501548,0.8879256965944272,0.8897832817337461,0.8904024767801858,0.8934984520123839,0.8947368421052632,0.8972136222910216,0.8972136222910216,0.9003095975232198,0.9015479876160992,0.9027863777089784,0.9040247678018576,0.9052631578947368,0.906501547987616
subcell_mae_masked,A549,mean,1,mad_robustize,ZCAcor,replicate,0.3043319778466558,0.5827814569536424,302,2559,0.5642829230168034,0.5990621336459554,0.6283704572098476,0.6451738960531458,0.6572880031262212,0.6647127784290738,0.6740914419695193,0.681516217272372,0.6916764361078547,0.6975381008206331,0.7022274325908558,0.7116060961313013,0.7182493161391168,0.7233294255568582,0.7303634232121923,0.7338804220398594,0.737788198515045,0.7424775302852676,0.747557639703009,0.7502930832356389,0.753810082063306,0.757327080890973,0.7588901914810473,0.7624071903087143,0.76357952325127,0.7663149667839,0.7678780773739742,0.7717858538491599,0.7745212973817898,0.7784290738569754,0.7807737397420867,0.7846815162172723,0.7862446268073466,0.7881985150449394,0.7901524032825322,0.7924970691676436,0.794841735052755,0.7979679562329035,0.7987495115279406,0.801094177413052,0.8022665103556077,0.8061742868307933,0.8081281750683861,0.8093005080109418,0.8104728409534975,0.8124267291910903,0.8128175068386089,0.8143806174286831,0.8155529503712388,0.8167252833137945
subcell_mae_masked,A549,mean,1,mad_robustize,ZCAcor,moa,0.1328597528638949,0.1428571428571428,77,1847,0.6260061919504644,0.676780185758514,0.7095975232198143,0.7238390092879257,0.7393188854489164,0.7504643962848297,0.7702786377708978,0.7789473684210526,0.7869969040247679,0.7944272445820434,0.7987616099071208,0.8086687306501548,0.8117647058823529,0.8191950464396285,0.8229102167182663,0.8278637770897833,0.8328173374613003,0.8371517027863777,0.8427244582043344,0.8452012383900929,0.848297213622291,0.8513931888544891,0.8551083591331269,0.8563467492260062,0.8575851393188855,0.8606811145510835,0.8625386996904024,0.8662538699690403,0.8674922600619195,0.8699690402476781,0.871826625386997,0.8743034055727554,0.8767801857585139,0.8786377708978328,0.8798761609907121,0.881733746130031,0.8848297213622291,0.8885448916408669,0.8910216718266254,0.8928792569659443,0.8941176470588236,0.8953560371517028,0.8972136222910216,0.8990712074303405,0.9003095975232198,0.9015479876160992,0.9027863777089784,0.9040247678018576,0.9058823529411764,0.906501547987616
subcell_mae_masked,A549,mean,1,mad_robustize,none,replicate,0.5006948316543982,0.9933774834437086,302,2559,0.6029699101211411,0.659241891363814,0.6951934349355217,0.7147323173114498,0.7409144196951934,0.757327080890973,0.7729581867917155,0.7909339585775693,0.8003126221180149,0.810863618601016,0.8190699491989059,0.8245408362641657,0.8323563892145369,0.8386088315748339,0.8460336068776866,0.8503321610003908,0.8581477139507621,0.8624462680734662,0.8675263774912075,0.8722157092614302,0.8753419304415787,0.88042203985932,0.8843298163345057,0.8882375928096913,0.8925361469323955,0.8940992575224697,0.8968347010550997,0.9007424775302852,0.9015240328253225,0.9042594763579525,0.9062133645955452,0.908948808128175,0.9101211410707308,0.911684251660805,0.912465806955842,0.9132473622508792,0.9148104728409536,0.9155920281359906,0.917936694021102,0.9191090269636576,0.9202813599062134,0.9230168034388432,0.9253614693239548,0.9273153575615476,0.9300508010941774,0.930441578741696,0.9308323563892146,0.9323954669792888,0.9335677999218444,0.9347401328644002
subcell_mae_masked,A549,mean,1,mad_robustize,none,moa,0.172896955722009,0.2597402597402597,77,1847,0.6804953560371517,0.7455108359133127,0.7752321981424148,0.7981424148606812,0.8204334365325078,0.8352941176470589,0.8495356037151702,0.8594427244582044,0.865015479876161,0.8730650154798761,0.8823529411764706,0.8904024767801858,0.8984520123839009,0.9058823529411764,0.9089783281733748,0.9108359133126936,0.9170278637770898,0.920123839009288,0.9226006191950464,0.9250773993808048,0.9281733746130032,0.9331269349845202,0.9356037151702786,0.936842105263158,0.9411764705882352,0.9424148606811146,0.9436532507739938,0.9436532507739938,0.9461300309597525,0.946749226006192,0.9486068111455108,0.94984520123839,0.9510835913312692,0.951702786377709,0.9529411764705882,0.953560371517028,0.9560371517027864,0.956656346749226,0.956656346749226,0.956656346749226,0.9578947368421052,0.958513931888545,0.959752321981424,0.959752321981424,0.959752321981424,0.961609907120743,0.9628482972136224,0.963467492260062,0.9647058823529412,0.96656346749226
subcell_mae_masked,A549,mean,1,standardize,PCA,replicate,0.375129412197454,0.6556291390728477,302,2559,0.564673700664322,0.6076592418913638,0.6295427901524033,0.6455646737006643,0.6549433372411098,0.6670574443141852,0.6772176631496678,0.6850332161000391,0.6920672137553732,0.6994919890582258,0.70379054318093,0.7096522078937085,0.7135599843688941,0.7194216490816725,0.7237202032043767,0.7268464243845252,0.7284095349745995,0.7311449785072294,0.7354435326299336,0.7389605314576007,0.7440406408753419,0.7471668620554904,0.7495115279406018,0.7526377491207503,0.7565455255959359,0.7584994138335287,0.7604533020711215,0.76357952325127,0.7663149667839,0.7678780773739742,0.7702227432590856,0.772567409144197,0.7764751856193826,0.7803829620945681,0.7819460726846424,0.7835091832747166,0.7850722938647909,0.785853849159828,0.7878077373974208,0.7893708479874951,0.7901524032825322,0.7917155138726065,0.7944509574052364,0.7964048456428292,0.7979679562329035,0.8003126221180149,0.8018757327080891,0.8034388432981634,0.8038296209456819,0.8061742868307933
subcell_mae_masked,A549,mean,1,standardize,PCA,moa,0.1609680120469883,0.2207792207792207,77,1847,0.6334365325077399,0.6811145510835913,0.7034055727554179,0.7232198142414861,0.7380804953560371,0.7504643962848297,0.7591331269349845,0.7702786377708978,0.7752321981424148,0.7845201238390093,0.7907120743034056,0.795046439628483,0.8012383900928792,0.804953560371517,0.8105263157894737,0.8179566563467492,0.8204334365325078,0.8253869969040247,0.8309597523219814,0.8346749226006192,0.836532507739938,0.8396284829721362,0.8408668730650155,0.8439628482972136,0.8470588235294118,0.8513931888544891,0.853250773993808,0.8557275541795666,0.8575851393188855,0.8613003095975232,0.8637770897832817,0.8668730650154799,0.8687306501547988,0.871826625386997,0.874922600619195,0.8755417956656347,0.8773993808049536,0.8792569659442725,0.8798761609907121,0.881733746130031,0.8835913312693499,0.886687306501548,0.8879256965944272,0.891640866873065,0.8934984520123839,0.8947368421052632,0.896594427244582,0.8978328173374613,0.8978328173374613,0.8996904024767802
subcell_mae_masked,A549,mean,1,standardize,PCAcor,replicate,0.3787256702317846,0.6622516556291391,302,2559,0.5654552559593591,0.6049237983587339,0.6268073466197733,0.6443923407581086,0.6588511137162955,0.6701836654943337,0.6799531066822978,0.6893317702227433,0.6959749902305589,0.70379054318093,0.7069167643610785,0.712778429073857,0.7166862055490426,0.7229386479093396,0.7248925361469324,0.728800312622118,0.7342711996873779,0.738569753810082,0.7440406408753419,0.7471668620554904,0.7514654161781946,0.7534193044157874,0.7553731926533802,0.7557639703008988,0.7592809691285658,0.7612348573661587,0.7631887456037515,0.7663149667839,0.7670965220789371,0.7710042985541227,0.7749120750293084,0.7776475185619383,0.779601406799531,0.7807737397420867,0.7831184056271981,0.7838999609222352,0.785853849159828,0.7874169597499023,0.7893708479874951,0.7905431809300508,0.7924970691676436,0.7932786244626807,0.794841735052755,0.7979679562329035,0.7995310668229777,0.8003126221180149,0.8022665103556077,0.8042203985932005,0.8050019538882376,0.8077373974208675
subcell_mae_masked,A549,mean,1,standardize,PCAcor,moa,0.1611809402540952,0.2207792207792207,77,1847,0.6297213622291021,0.676780185758514,0.7065015479876161,0.7238390092879257,0.7448916408668731,0.756656346749226,0.7659442724458204,0.7727554179566564,0.7789473684210526,0.7869969040247679,0.7956656346749226,0.7981424148606812,0.8068111455108359,0.8130030959752322,0.81671826625387,0.8210526315789474,0.8247678018575851,0.8291021671826625,0.8328173374613003,0.8371517027863777,0.8396284829721362,0.8421052631578947,0.8452012383900929,0.8458204334365325,0.8476780185758513,0.848297213622291,0.8520123839009288,0.8538699690402477,0.8563467492260062,0.8588235294117647,0.8625386996904024,0.8637770897832817,0.8674922600619195,0.8712074303405573,0.8724458204334365,0.8755417956656347,0.8780185758513932,0.8804953560371517,0.881733746130031,0.881733746130031,0.8848297213622291,0.8854489164086687,0.8879256965944272,0.8910216718266254,0.8928792569659443,0.8934984520123839,0.8959752321981425,0.8996904024767802,0.9021671826625388,0.903405572755418
subcell_mae_masked,A549,mean,1,standardize,ZCA,replicate,0.375129412197454,0.6556291390728477,302,2559,0.564673700664322,0.6076592418913638,0.6295427901524033,0.6455646737006643,0.6549433372411098,0.6670574443141852,0.6772176631496678,0.6850332161000391,0.6920672137553732,0.6994919890582258,0.70379054318093,0.7096522078937085,0.7135599843688941,0.7194216490816725,0.7237202032043767,0.7268464243845252,0.7284095349745995,0.7311449785072294,0.7354435326299336,0.7389605314576007,0.7440406408753419,0.7471668620554904,0.7495115279406018,0.7526377491207503,0.7565455255959359,0.7584994138335287,0.7604533020711215,0.76357952325127,0.7663149667839,0.7678780773739742,0.7702227432590856,0.772567409144197,0.7764751856193826,0.7803829620945681,0.7819460726846424,0.7835091832747166,0.7850722938647909,0.785853849159828,0.7878077373974208,0.7893708479874951,0.7901524032825322,0.7917155138726065,0.7944509574052364,0.7964048456428292,0.7979679562329035,0.8003126221180149,0.8018757327080891,0.8034388432981634,0.8038296209456819,0.8061742868307933
subcell_mae_masked,A549,mean,1,standardize,ZCA,moa,0.1609680120469883,0.2207792207792207,77,1847,0.6334365325077399,0.6811145510835913,0.7034055727554179,0.7232198142414861,0.7380804953560371,0.7504643962848297,0.7591331269349845,0.7702786377708978,0.7752321981424148,0.7845201238390093,0.7907120743034056,0.795046439628483,0.8012383900928792,0.804953560371517,0.8105263157894737,0.8179566563467492,0.8204334365325078,0.8253869969040247,0.8309597523219814,0.8346749226006192,0.836532507739938,0.8396284829721362,0.8408668730650155,0.8439628482972136,0.8470588235294118,0.8513931888544891,0.853250773993808,0.8557275541795666,0.8575851393188855,0.8613003095975232,0.8637770897832817,0.8668730650154799,0.8687306501547988,0.871826625386997,0.874922600619195,0.8755417956656347,0.8773993808049536,0.8792569659442725,0.8798761609907121,0.881733746130031,0.8835913312693499,0.886687306501548,0.8879256965944272,0.891640866873065,0.8934984520123839,0.8947368421052632,0.896594427244582,0.8978328173374613,0.8978328173374613,0.8996904024767802
subcell_mae_masked,A549,mean,1,standardize,ZCAcor,replicate,0.3787256702317846,0.6622516556291391,302,2559,0.5654552559593591,0.6049237983587339,0.6268073466197733,0.6443923407581086,0.6588511137162955,0.6701836654943337,0.6799531066822978,0.6893317702227433,0.6959749902305589,0.70379054318093,0.7069167643610785,0.712778429073857,0.7166862055490426,0.7229386479093396,0.7248925361469324,0.728800312622118,0.7342711996873779,0.738569753810082,0.7440406408753419,0.7471668620554904,0.7514654161781946,0.7534193044157874,0.7553731926533802,0.7557639703008988,0.7592809691285658,0.7612348573661587,0.7631887456037515,0.7663149667839,0.7670965220789371,0.7710042985541227,0.7749120750293084,0.7776475185619383,0.779601406799531,0.7807737397420867,0.7831184056271981,0.7838999609222352,0.785853849159828,0.7874169597499023,0.7893708479874951,0.7905431809300508,0.7924970691676436,0.7932786244626807,0.794841735052755,0.7979679562329035,0.7995310668229777,0.8003126221180149,0.8022665103556077,0.8042203985932005,0.8050019538882376,0.8077373974208675
subcell_mae_masked,A549,mean,1,standardize,ZCAcor,moa,0.1611809402540952,0.2207792207792207,77,1847,0.6297213622291021,0.676780185758514,0.7065015479876161,0.7238390092879257,0.7448916408668731,0.756656346749226,0.7659442724458204,0.7727554179566564,0.7789473684210526,0.7869969040247679,0.7956656346749226,0.7981424148606812,0.8068111455108359,0.8130030959752322,0.81671826625387,0.8210526315789474,0.8247678018575851,0.8291021671826625,0.8328173374613003,0.8371517027863777,0.8396284829721362,0.8421052631578947,0.8452012383900929,0.8458204334365325,0.8476780185758513,0.848297213622291,0.8520123839009288,0.8538699690402477,0.8563467492260062,0.8588235294117647,0.8625386996904024,0.8637770897832817,0.8674922600619195,0.8712074303405573,0.8724458204334365,0.8755417956656347,0.8780185758513932,0.8804953560371517,0.881733746130031,0.881733746130031,0.8848297213622291,0.8854489164086687,0.8879256965944272,0.8910216718266254,0.8928792569659443,0.8934984520123839,0.8959752321981425,0.8996904024767802,0.9021671826625388,0.903405572755418
subcell_mae_masked,A549,mean,1,standardize,none,replicate,0.4800837210656349,0.9933774834437086,302,2559,0.6041422430636968,0.6697928878468151,0.7030089878858929,0.7323173114497851,0.751074638530676,0.7706135209066042,0.782336850332161,0.7952325127002735,0.8081281750683861,0.8186791715513873,0.8264947245017585,0.8339194998046112,0.8432981633450567,0.8503321610003908,0.8561938257131692,0.864400156311059,0.8702618210238374,0.8761234857366159,0.8792497069167644,0.8839390386869871,0.8874560375146542,0.889409925752247,0.8952715904650254,0.8968347010550997,0.9007424775302852,0.9038686987104336,0.9058225869480264,0.908167252833138,0.9112934740132864,0.9148104728409536,0.917936694021102,0.9194998046111762,0.9218444704962876,0.9237983587338804,0.924970691676436,0.9269245799140288,0.927706135209066,0.9280969128565846,0.9296600234466588,0.930441578741696,0.9327862446268074,0.9347401328644002,0.935912465806956,0.936694021101993,0.9370847987495116,0.9378663540445488,0.9398202422821414,0.94021101992966,0.9413833528722158,0.9417741305197342
subcell_mae_masked,A549,mean,1,standardize,none,moa,0.1725910301123613,0.2987012987012987,77,1847,0.6804953560371517,0.7442724458204334,0.7814241486068112,0.8105263157894737,0.8309597523219814,0.8439628482972136,0.8575851393188855,0.8687306501547988,0.8798761609907121,0.8910216718266254,0.8984520123839009,0.9058823529411764,0.9114551083591332,0.9176470588235294,0.923219814241486,0.9269349845201238,0.9294117647058824,0.9312693498452012,0.9337461300309596,0.9356037151702786,0.939938080495356,0.9424148606811146,0.9436532507739938,0.9455108359133126,0.946749226006192,0.9479876160990712,0.9479876160990712,0.9510835913312692,0.9510835913312692,0.9523219814241486,0.9523219814241486,0.9529411764705882,0.956656346749226,0.958513931888545,0.959752321981424,0.961609907120743,0.9622291021671828,0.9628482972136224,0.963467492260062,0.9659442724458204,0.968421052631579,0.968421052631579,0.9690402476780186,0.9690402476780186,0.9702786377708978,0.9702786377708978,0.9702786377708978,0.9727554179566564,0.9739938080495356,0.9746130030959752
subcell_mae_masked,A549,median,0,PCA,mad_robustize,replicate,0.4668703492937039,0.7715231788079471,302,2559,0.5498241500586166,0.5963266901133255,0.6197733489644393,0.6463462289957015,0.6662758890191481,0.6795623290347792,0.6924579914028918,0.7076983196561156,0.7159046502540055,0.7245017584994138,0.7330988667448222,0.7405236420476748,0.7491207502930832,0.757327080890973,0.7659241891363814,0.7713950762016413,0.7772567409144197,0.7815552950371238,0.7866354044548651,0.7878077373974208,0.7901524032825322,0.7944509574052364,0.7979679562329035,0.801094177413052,0.8022665103556077,0.8061742868307933,0.8085189527159047,0.8163345056662759,0.8190699491989059,0.8218053927315357,0.82336850332161,0.8253223915592028,0.8280578350918327,0.8307932786244627,0.8339194998046112,0.8366549433372411,0.839390386869871,0.8409534974599453,0.8464243845252052,0.8472059398202423,0.8487690504103166,0.8503321610003908,0.8522860492379836,0.8530676045330207,0.8538491598280579,0.8558030480656507,0.8573661586557249,0.8577569363032435,0.8597108245408362,0.8597108245408362
subcell_mae_masked,A549,median,0,PCA,mad_robustize,moa,0.1840486773365542,0.2857142857142857,77,1847,0.6235294117647059,0.6718266253869969,0.7034055727554179,0.7337461300309598,0.7529411764705882,0.7721362229102167,0.7845201238390093,0.7969040247678019,0.8061919504643963,0.8185758513931889,0.8241486068111455,0.8297213622291022,0.8321981424148607,0.8396284829721362,0.8464396284829722,0.8520123839009288,0.8557275541795666,0.8594427244582044,0.8631578947368421,0.8681114551083592,0.8705882352941177,0.8743034055727554,0.8829721362229103,0.8848297213622291,0.8885448916408669,0.891640866873065,0.8934984520123839,0.8978328173374613,0.8990712074303405,0.9015479876160992,0.9015479876160992,0.9058823529411764,0.908359133126935,0.9120743034055728,0.9151702786377708,0.9164086687306502,0.9176470588235294,0.9188854489164088,0.9207430340557275,0.9207430340557275,0.9226006191950464,0.9238390092879256,0.9256965944272446,0.9275541795665636,0.9287925696594428,0.9294117647058824,0.930030959752322,0.9312693498452012,0.9325077399380804,0.934984520123839
subcell_mae_masked,A549,median,0,PCA,standardize,replicate,0.5196355315652853,0.9900662251655628,302,2559,0.5779601406799532,0.6123485736615866,0.6373583431027745,0.6483001172332943,0.6588511137162955,0.6694021101992966,0.6787807737397421,0.6854239937475577,0.6951934349355217,0.7041813208284486,0.7092614302461899,0.716295427901524,0.7237202032043767,0.7264556467370067,0.7303634232121923,0.7373974208675264,0.7436498632278233,0.7479484173505275,0.7506838608831575,0.7565455255959359,0.7612348573661587,0.7667057444314185,0.769831965611567,0.7753028526768269,0.779601406799531,0.7854630715123095,0.7913247362250879,0.794841735052755,0.7999218444704963,0.8034388432981634,0.8065650644783119,0.8089097303634232,0.8112543962485346,0.8139898397811646,0.8171160609613131,0.82336850332161,0.8257131692067213,0.8280578350918327,0.8311840562719812,0.8343102774521297,0.835873388042204,0.8374364986322782,0.8401719421649082,0.8429073856975381,0.8460336068776866,0.8487690504103166,0.8518952715904651,0.854630715123095,0.8550214927706136,0.8561938257131692
subcell_mae_masked,A549,median,0,PCA,standardize,moa,0.2267062829673376,0.5584415584415584,77,1847,0.6582043343653251,0.6910216718266254,0.7157894736842105,0.739938080495356,0.7622291021671826,0.7777089783281734,0.7962848297213623,0.8105263157894737,0.821671826625387,0.8297213622291022,0.8402476780185758,0.848297213622291,0.8582043343653251,0.8656346749226006,0.8705882352941177,0.8786377708978328,0.886687306501548,0.8910216718266254,0.8953560371517028,0.9027863777089784,0.9089783281733748,0.9126934984520124,0.9139318885448916,0.9157894736842104,0.9207430340557275,0.9238390092879256,0.9250773993808048,0.9269349845201238,0.9281733746130032,0.9287925696594428,0.930030959752322,0.9306501547987616,0.9312693498452012,0.9331269349845202,0.934984520123839,0.9393188854489164,0.9405572755417956,0.9411764705882352,0.9430340557275542,0.946749226006192,0.9473684210526316,0.9486068111455108,0.9504643962848296,0.9529411764705882,0.9529411764705882,0.953560371517028,0.9547987616099072,0.9572755417956657,0.9591331269349844,0.959752321981424
subcell_mae_masked,A549,median,0,PCAcor,mad_robustize,replicate,0.4667441061152647,0.7649006622516556,302,2559,0.5486518171160609,0.5951543571707698,0.6174286830793279,0.6455646737006643,0.6647127784290738,0.6795623290347792,0.6928487690504103,0.7041813208284486,0.7116060961313013,0.7213755373192653,0.728800312622118,0.735052754982415,0.7459945291129347,0.753810082063306,0.7584994138335287,0.7639703008987886,0.7713950762016413,0.7784290738569754,0.7819460726846424,0.785853849159828,0.7889800703399765,0.794841735052755,0.7987495115279406,0.8018757327080891,0.8042203985932005,0.8069558421258304,0.8100820633059789,0.813599062133646,0.8178976162563502,0.8210238374364986,0.8245408362641657,0.8280578350918327,0.8284486127393513,0.8319656115670183,0.8354826103946854,0.8382180539273154,0.8409534974599453,0.8432981633450567,0.8448612739351309,0.8472059398202423,0.8487690504103166,0.8503321610003908,0.8534583821805393,0.8550214927706136,0.8558030480656507,0.8581477139507621,0.8597108245408362,0.8604923798358733,0.8604923798358733,0.861664712778429
subcell_mae_masked,A549,median,0,PCAcor,mad_robustize,moa,0.1839659963393455,0.2987012987012987,77,1847,0.6191950464396285,0.6693498452012384,0.7058823529411765,0.7306501547987616,0.7541795665634675,0.76656346749226,0.7832817337461301,0.7925696594427245,0.8006191950464396,0.8092879256965945,0.8179566563467492,0.8253869969040247,0.8321981424148607,0.8396284829721362,0.8470588235294118,0.8489164086687306,0.8544891640866873,0.8588235294117647,0.8656346749226006,0.8693498452012384,0.8743034055727554,0.8773993808049536,0.881733746130031,0.8854489164086687,0.8885448916408669,0.8941176470588236,0.8947368421052632,0.8959752321981425,0.8972136222910216,0.9021671826625388,0.9058823529411764,0.9089783281733748,0.9114551083591332,0.9151702786377708,0.9170278637770898,0.9176470588235294,0.920123839009288,0.9219814241486068,0.923219814241486,0.9244582043343652,0.9256965944272446,0.9281733746130032,0.9294117647058824,0.9318885448916407,0.9331269349845202,0.934984520123839,0.9362229102167182,0.9374613003095976,0.9393188854489164,0.9411764705882352
subcell_mae_masked,A549,median,0,PCAcor,standardize,replicate,0.5164899437221742,0.97682119205298,302,2559,0.5744431418522861,0.6135209066041423,0.6322782336850332,0.6483001172332943,0.6631496678389996,0.6744822196170379,0.6803438843298163,0.6901133255177804,0.6998827667057445,0.7069167643610785,0.712778429073857,0.7174677608440797,0.7229386479093396,0.7299726455646737,0.7342711996873779,0.7440406408753419,0.751074638530676,0.7569363032434545,0.7627979679562329,0.7659241891363814,0.7690504103165299,0.7756936303243455,0.7780382962094569,0.782336850332161,0.7862446268073466,0.7901524032825322,0.7940601797577178,0.7964048456428292,0.7979679562329035,0.801094177413052,0.8038296209456819,0.8081281750683861,0.810863618601016,0.8147713950762017,0.8171160609613131,0.82063305978898,0.8253223915592028,0.8264947245017585,0.8280578350918327,0.8300117233294255,0.8319656115670183,0.8339194998046112,0.8374364986322782,0.8401719421649082,0.842125830402501,0.8444704962876124,0.8452520515826495,0.8472059398202423,0.8499413833528722,0.8518952715904651
subcell_mae_masked,A549,median,0,PCAcor,standardize,moa,0.2241747775617875,0.5324675324675324,77,1847,0.6476780185758514,0.6947368421052632,0.725077399380805,0.7461300309597523,0.7622291021671826,0.7801857585139319,0.7987616099071208,0.8130030959752322,0.8210526315789474,0.8328173374613003,0.8452012383900929,0.853250773993808,0.8575851393188855,0.8687306501547988,0.874922600619195,0.8798761609907121,0.8873065015479876,0.8928792569659443,0.8959752321981425,0.8990712074303405,0.9021671826625388,0.9071207430340558,0.9102167182662538,0.9145510835913312,0.9176470588235294,0.9188854489164088,0.9219814241486068,0.9250773993808048,0.9269349845201238,0.9306501547987616,0.9325077399380804,0.9356037151702786,0.9374613003095976,0.9386996904024768,0.939938080495356,0.9436532507739938,0.9436532507739938,0.9442724458204336,0.9486068111455108,0.9492260061919504,0.9510835913312692,0.951702786377709,0.951702786377709,0.9541795665634676,0.9547987616099072,0.9554179566563468,0.9578947368421052,0.958513931888545,0.9591331269349844,0.9628482972136224
subcell_mae_masked,A549,median,0,ZCA,mad_robustize,replicate,0.5078282088841004,0.9271523178807948,302,2559,0.5889019148104728,0.6361860101602188,0.6740914419695193,0.7006643220007815,0.7205939820242282,0.735052754982415,0.7479484173505275,0.7616256350136772,0.7702227432590856,0.7815552950371238,0.7870261821023837,0.7936694021101993,0.8022665103556077,0.8081281750683861,0.8124267291910903,0.8167252833137945,0.819851504493943,0.8237592809691285,0.8264947245017585,0.8315748339194998,0.8354826103946854,0.8429073856975381,0.8475967174677609,0.8507229386479094,0.8542399374755764,0.8561938257131692,0.8593200468933178,0.861664712778429,0.8636186010160218,0.8659632669011332,0.867917155138726,0.8710433763188745,0.8729972645564674,0.874169597499023,0.8765142633841344,0.8776865963266901,0.8800312622118015,0.8812035951543572,0.8819851504493943,0.8839390386869871,0.8870652598671356,0.8886283704572099,0.8898007033997656,0.8933177022274326,0.8952715904650254,0.8972254787026183,0.8991793669402111,0.9007424775302852,0.902696365767878,0.9050410316529894
subcell_mae_masked,A549,median,0,ZCA,mad_robustize,moa,0.1985658857587585,0.3246753246753247,77,1847,0.6736842105263158,0.7238390092879257,0.756656346749226,0.7826625386996904,0.8043343653250774,0.8210526315789474,0.8284829721362229,0.8390092879256966,0.8458204334365325,0.8563467492260062,0.8637770897832817,0.8712074303405573,0.8811145510835914,0.8860681114551083,0.8897832817337461,0.8934984520123839,0.9003095975232198,0.9052631578947368,0.9095975232198142,0.9126934984520124,0.9157894736842104,0.9195046439628484,0.923219814241486,0.9250773993808048,0.9294117647058824,0.9306501547987616,0.934984520123839,0.9362229102167182,0.939938080495356,0.9417956656346748,0.9430340557275542,0.944891640866873,0.9473684210526316,0.94984520123839,0.9504643962848296,0.953560371517028,0.9554179566563468,0.956656346749226,0.9578947368421052,0.961609907120743,0.9622291021671828,0.9622291021671828,0.963467492260062,0.9653250773993808,0.9653250773993808,0.96656346749226,0.96656346749226,0.9678018575851394,0.9696594427244584,0.9708978328173374
subcell_mae_masked,A549,median,0,ZCA,standardize,replicate,0.5196252651407903,0.9867549668874172,302,2559,0.580695584212583,0.6186010160218836,0.6408753419304416,0.652989449003517,0.6670574443141852,0.6776084407971864,0.6838608831574834,0.6924579914028918,0.7018366549433372,0.7073075420085971,0.7147323173114498,0.7205939820242282,0.7245017584994138,0.7338804220398594,0.7373974208675264,0.7405236420476748,0.7444314185228605,0.7495115279406018,0.7530285267682688,0.7561547479484173,0.7592809691285658,0.7655334114888629,0.7694411879640485,0.7764751856193826,0.782336850332161,0.785853849159828,0.7889800703399765,0.7936694021101993,0.7975771785853849,0.8022665103556077,0.8050019538882376,0.8093005080109418,0.813599062133646,0.8151621727237202,0.8171160609613131,0.82063305978898,0.8214146150840171,0.8245408362641657,0.8280578350918327,0.8300117233294255,0.8323563892145369,0.8354826103946854,0.8366549433372411,0.8386088315748339,0.8401719421649082,0.8436889409925752,0.8472059398202423,0.8491598280578351,0.8511137162954279,0.8526768268855022
subcell_mae_masked,A549,median,0,ZCA,standardize,moa,0.2245575402117938,0.5324675324675324,77,1847,0.6625386996904025,0.7046439628482972,0.7294117647058823,0.74984520123839,0.7702786377708978,0.7876160990712074,0.7987616099071208,0.8080495356037152,0.8179566563467492,0.8291021671826625,0.8359133126934984,0.8445820433436533,0.8544891640866873,0.8613003095975232,0.8674922600619195,0.871826625386997,0.8792569659442725,0.8848297213622291,0.891640866873065,0.8978328173374613,0.9015479876160992,0.9052631578947368,0.9108359133126936,0.9126934984520124,0.9176470588235294,0.920123839009288,0.9207430340557275,0.9238390092879256,0.9263157894736842,0.9294117647058824,0.9325077399380804,0.9343653250773992,0.9374613003095976,0.9393188854489164,0.9411764705882352,0.9436532507739938,0.9461300309597525,0.9479876160990712,0.9486068111455108,0.9504643962848296,0.9523219814241486,0.9529411764705882,0.9541795665634676,0.9560371517027864,0.956656346749226,0.9578947368421052,0.958513931888545,0.9603715170278638,0.9628482972136224,0.9640866873065016
subcell_mae_masked,A549,median,0,ZCAcor,mad_robustize,replicate,0.5068537954267455,0.9271523178807948,302,2559,0.5849941383352872,0.6361860101602188,0.6756545525595936,0.6994919890582258,0.7205939820242282,0.7370066432200079,0.7506838608831575,0.7624071903087143,0.7713950762016413,0.7803829620945681,0.7878077373974208,0.7944509574052364,0.8007033997655334,0.8042203985932005,0.8104728409534975,0.8143806174286831,0.8194607268464243,0.8253223915592028,0.8276670574443142,0.8339194998046112,0.8382180539273154,0.8425166080500195,0.8472059398202423,0.8507229386479094,0.8542399374755764,0.8585384915982806,0.8604923798358733,0.8640093786635404,0.8671355998436889,0.8686987104337632,0.8698710433763188,0.8714341539663931,0.8726064869089488,0.8729972645564674,0.8749511527940602,0.8761234857366159,0.8784681516217272,0.8796404845642829,0.8808128175068386,0.8815943728018757,0.8843298163345057,0.8874560375146542,0.8901914810472841,0.8925361469323955,0.8944900351699883,0.895662368112544,0.8980070339976554,0.8983978116451738,0.9011332551778038,0.9030871434153966
subcell_mae_masked,A549,median,0,ZCAcor,mad_robustize,moa,0.1985581926383561,0.3246753246753247,77,1847,0.6712074303405573,0.7195046439628483,0.7541795665634675,0.785139318885449,0.8068111455108359,0.8198142414860681,0.8309597523219814,0.8371517027863777,0.8476780185758513,0.8557275541795666,0.8656346749226006,0.8736842105263158,0.8804953560371517,0.8885448916408669,0.8928792569659443,0.896594427244582,0.9015479876160992,0.906501547987616,0.908359133126935,0.9126934984520124,0.9164086687306502,0.9176470588235294,0.9188854489164088,0.920123839009288,0.9244582043343652,0.9263157894736842,0.9325077399380804,0.9337461300309596,0.9374613003095976,0.939938080495356,0.9424148606811146,0.944891640866873,0.9479876160990712,0.9504643962848296,0.953560371517028,0.953560371517028,0.956656346749226,0.9572755417956657,0.9591331269349844,0.9603715170278638,0.9609907120743034,0.9622291021671828,0.9628482972136224,0.9640866873065016,0.9647058823529412,0.9653250773993808,0.9659442724458204,0.9671826625386996,0.9678018575851394,0.9678018575851394
subcell_mae_masked,A549,median,0,ZCAcor,standardize,replicate,0.5175777966316017,0.9900662251655628,302,2559,0.579914028917546,0.6170379054318093,0.6397030089878859,0.6510355607659242,0.6643220007815553,0.6764361078546307,0.6846424384525205,0.690504103165299,0.7014458772958186,0.7073075420085971,0.7139507620164126,0.719030871434154,0.7248925361469324,0.7319265338022665,0.7389605314576007,0.744822196170379,0.7495115279406018,0.7534193044157874,0.7569363032434545,0.760062524423603,0.7612348573661587,0.76357952325127,0.7651426338413443,0.7710042985541227,0.7745212973817898,0.7815552950371238,0.7862446268073466,0.792106291520125,0.7956232903477921,0.7995310668229777,0.801094177413052,0.8042203985932005,0.8065650644783119,0.8096912856584604,0.8155529503712388,0.8182883939038686,0.8214146150840171,0.8229777256740914,0.8253223915592028,0.8276670574443142,0.8284486127393513,0.8327471668620555,0.8366549433372411,0.8389996092223525,0.8401719421649082,0.8429073856975381,0.8436889409925752,0.8452520515826495,0.8475967174677609,0.8507229386479094
subcell_mae_masked,A549,median,0,ZCAcor,standardize,moa,0.2238655683920344,0.5194805194805194,77,1847,0.6594427244582043,0.7009287925696595,0.7269349845201238,0.7529411764705882,0.7659442724458204,0.7795665634674923,0.7975232198142415,0.8099071207430341,0.8210526315789474,0.8309597523219814,0.8427244582043344,0.8476780185758513,0.8501547987616099,0.8588235294117647,0.8637770897832817,0.8724458204334365,0.8780185758513932,0.8854489164086687,0.8934984520123839,0.8996904024767802,0.9027863777089784,0.9077399380804954,0.9102167182662538,0.9164086687306502,0.9188854489164088,0.9226006191950464,0.923219814241486,0.9263157894736842,0.9281733746130032,0.930030959752322,0.9331269349845202,0.934984520123839,0.9374613003095976,0.939938080495356,0.9424148606811146,0.9455108359133126,0.9461300309597525,0.9486068111455108,0.9492260061919504,0.9504643962848296,0.951702786377709,0.953560371517028,0.9560371517027864,0.9591331269349844,0.9603715170278638,0.961609907120743,0.963467492260062,0.9647058823529412,0.9647058823529412,0.9653250773993808
subcell_mae_masked,A549,median,0,mad_robustize,PCA,replicate,0.368659732653862,0.6490066225165563,302,2559,0.5412270418132082,0.5756154747948418,0.6029699101211411,0.6244626807346619,0.6400937866354045,0.6545525595935913,0.6654943337241109,0.6729191090269636,0.6838608831574834,0.6920672137553732,0.6987104337631888,0.7045720984759671,0.7104337631887456,0.7174677608440797,0.7256740914419695,0.7295818679171552,0.7354435326299336,0.7393513091051191,0.7409144196951934,0.7440406408753419,0.7467760844079718,0.7530285267682688,0.7577178585384916,0.7608440797186401,0.76357952325127,0.7663149667839,0.769831965611567,0.7737397420867527,0.7756936303243455,0.779601406799531,0.7815552950371238,0.7850722938647909,0.7889800703399765,0.7909339585775693,0.7932786244626807,0.7960140679953107,0.7975771785853849,0.7987495115279406,0.8003126221180149,0.8014849550605705,0.8026572880031262,0.8042203985932005,0.804611176240719,0.8065650644783119,0.8077373974208675,0.8120359515435717,0.8132082844861274,0.8151621727237202,0.8163345056662759,0.8190699491989059
subcell_mae_masked,A549,median,0,mad_robustize,PCA,moa,0.1529613479534965,0.1948051948051948,77,1847,0.6179566563467492,0.6606811145510836,0.6854489164086688,0.7052631578947368,0.7195046439628483,0.7325077399380805,0.746749226006192,0.7554179566563467,0.7659442724458204,0.7795665634674923,0.7863777089783281,0.795046439628483,0.8006191950464396,0.8061919504643963,0.8117647058823529,0.8179566563467492,0.821671826625387,0.826625386996904,0.8309597523219814,0.8359133126934984,0.8402476780185758,0.843343653250774,0.848297213622291,0.8507739938080495,0.853250773993808,0.8544891640866873,0.8563467492260062,0.8582043343653251,0.860061919504644,0.8619195046439628,0.8637770897832817,0.8656346749226006,0.8712074303405573,0.8730650154798761,0.8761609907120743,0.8786377708978328,0.8835913312693499,0.8860681114551083,0.8873065015479876,0.8904024767801858,0.891640866873065,0.8947368421052632,0.896594427244582,0.8978328173374613,0.9003095975232198,0.9027863777089784,0.903405572755418,0.9089783281733748,0.9102167182662538,0.9102167182662538
subcell_mae_masked,A549,median,0,mad_robustize,PCAcor,replicate,0.3635651748381065,0.6291390728476821,302,2559,0.5349745994529113,0.5748339194998046,0.6049237983587339,0.6244626807346619,0.6393122313403673,0.6525986713559985,0.6647127784290738,0.6760453302071121,0.6858147713950762,0.6912856584603361,0.6991012114107074,0.7041813208284486,0.712778429073857,0.7182493161391168,0.7237202032043767,0.7272372020320438,0.731535756154748,0.7373974208675264,0.7405236420476748,0.7440406408753419,0.7479484173505275,0.7530285267682688,0.7565455255959359,0.7588901914810473,0.7639703008987886,0.7670965220789371,0.769831965611567,0.7710042985541227,0.7753028526768269,0.779601406799531,0.7819460726846424,0.7842907385697538,0.7881985150449394,0.7901524032825322,0.792106291520125,0.7928878468151622,0.7944509574052364,0.7960140679953107,0.7967956232903478,0.7995310668229777,0.8030480656506448,0.804611176240719,0.807346619773349,0.8100820633059789,0.8128175068386089,0.8143806174286831,0.8159437280187574,0.8186791715513873,0.8194607268464243,0.8210238374364986
subcell_mae_masked,A549,median,0,mad_robustize,PCAcor,moa,0.1513486361740746,0.1948051948051948,77,1847,0.611764705882353,0.6594427244582043,0.691640866873065,0.7065015479876161,0.7226006191950465,0.7337461300309598,0.7461300309597523,0.7535603715170278,0.76656346749226,0.7752321981424148,0.7857585139318886,0.7931888544891641,0.8006191950464396,0.8055727554179567,0.8105263157894737,0.8154798761609907,0.8191950464396285,0.8210526315789474,0.8241486068111455,0.8291021671826625,0.8340557275541796,0.8377708978328173,0.8414860681114551,0.8452012383900929,0.848297213622291,0.8513931888544891,0.8594427244582044,0.8631578947368421,0.8656346749226006,0.8674922600619195,0.8705882352941177,0.8730650154798761,0.8767801857585139,0.8798761609907121,0.8804953560371517,0.881733746130031,0.8829721362229103,0.8842105263157894,0.8860681114551083,0.8891640866873065,0.8910216718266254,0.8928792569659443,0.8947368421052632,0.896594427244582,0.8972136222910216,0.8984520123839009,0.9003095975232198,0.9015479876160992,0.9027863777089784,0.9040247678018576
subcell_mae_masked,A549,median,0,mad_robustize,ZCA,replicate,0.368659732653862,0.6490066225165563,302,2559,0.5412270418132082,0.5756154747948418,0.6029699101211411,0.6244626807346619,0.6400937866354045,0.6545525595935913,0.6654943337241109,0.6729191090269636,0.6838608831574834,0.6920672137553732,0.6987104337631888,0.7045720984759671,0.7104337631887456,0.7174677608440797,0.7256740914419695,0.7295818679171552,0.7354435326299336,0.7393513091051191,0.7409144196951934,0.7440406408753419,0.7467760844079718,0.7530285267682688,0.7577178585384916,0.7608440797186401,0.76357952325127,0.7663149667839,0.769831965611567,0.7737397420867527,0.7756936303243455,0.779601406799531,0.7815552950371238,0.7850722938647909,0.7889800703399765,0.7909339585775693,0.7932786244626807,0.7960140679953107,0.7975771785853849,0.7987495115279406,0.8003126221180149,0.8014849550605705,0.8026572880031262,0.8042203985932005,0.804611176240719,0.8065650644783119,0.8077373974208675,0.8120359515435717,0.8132082844861274,0.8151621727237202,0.8163345056662759,0.8190699491989059
subcell_mae_masked,A549,median,0,mad_robustize,ZCA,moa,0.1529613479534965,0.1948051948051948,77,1847,0.6179566563467492,0.6606811145510836,0.6854489164086688,0.7052631578947368,0.7195046439628483,0.7325077399380805,0.746749226006192,0.7554179566563467,0.7659442724458204,0.7795665634674923,0.7863777089783281,0.795046439628483,0.8006191950464396,0.8061919504643963,0.8117647058823529,0.8179566563467492,0.821671826625387,0.826625386996904,0.8309597523219814,0.8359133126934984,0.8402476780185758,0.843343653250774,0.848297213622291,0.8507739938080495,0.853250773993808,0.8544891640866873,0.8563467492260062,0.8582043343653251,0.860061919504644,0.8619195046439628,0.8637770897832817,0.8656346749226006,0.8712074303405573,0.8730650154798761,0.8761609907120743,0.8786377708978328,0.8835913312693499,0.8860681114551083,0.8873065015479876,0.8904024767801858,0.891640866873065,0.8947368421052632,0.896594427244582,0.8978328173374613,0.9003095975232198,0.9027863777089784,0.903405572755418,0.9089783281733748,0.9102167182662538,0.9102167182662538
subcell_mae_masked,A549,median,0,mad_robustize,ZCAcor,replicate,0.3635651748381065,0.6291390728476821,302,2559,0.5349745994529113,0.5748339194998046,0.6049237983587339,0.6244626807346619,0.6393122313403673,0.6525986713559985,0.6647127784290738,0.6760453302071121,0.6858147713950762,0.6912856584603361,0.6991012114107074,0.7041813208284486,0.712778429073857,0.7182493161391168,0.7237202032043767,0.7272372020320438,0.731535756154748,0.7373974208675264,0.7405236420476748,0.7440406408753419,0.7479484173505275,0.7530285267682688,0.7565455255959359,0.7588901914810473,0.7639703008987886,0.7670965220789371,0.769831965611567,0.7710042985541227,0.7753028526768269,0.779601406799531,0.7819460726846424,0.7842907385697538,0.7881985150449394,0.7901524032825322,0.792106291520125,0.7928878468151622,0.7944509574052364,0.7960140679953107,0.7967956232903478,0.7995310668229777,0.8030480656506448,0.804611176240719,0.807346619773349,0.8100820633059789,0.8128175068386089,0.8143806174286831,0.8159437280187574,0.8186791715513873,0.8194607268464243,0.8210238374364986
subcell_mae_masked,A549,median,0,mad_robustize,ZCAcor,moa,0.1513486361740746,0.1948051948051948,77,1847,0.611764705882353,0.6594427244582043,0.691640866873065,0.7065015479876161,0.7226006191950465,0.7337461300309598,0.7461300309597523,0.7535603715170278,0.76656346749226,0.7752321981424148,0.7857585139318886,0.7931888544891641,0.8006191950464396,0.8055727554179567,0.8105263157894737,0.8154798761609907,0.8191950464396285,0.8210526315789474,0.8241486068111455,0.8291021671826625,0.8340557275541796,0.8377708978328173,0.8414860681114551,0.8452012383900929,0.848297213622291,0.8513931888544891,0.8594427244582044,0.8631578947368421,0.8656346749226006,0.8674922600619195,0.8705882352941177,0.8730650154798761,0.8767801857585139,0.8798761609907121,0.8804953560371517,0.881733746130031,0.8829721362229103,0.8842105263157894,0.8860681114551083,0.8891640866873065,0.8910216718266254,0.8928792569659443,0.8947368421052632,0.896594427244582,0.8972136222910216,0.8984520123839009,0.9003095975232198,0.9015479876160992,0.9027863777089784,0.9040247678018576
subcell_mae_masked,A549,median,0,mad_robustize,none,replicate,0.497169040094736,0.9933774834437086,302,2559,0.6014067995310668,0.6541617819460727,0.6869871043376319,0.7166862055490426,0.7432590855803048,0.760062524423603,0.7768659632669012,0.7874169597499023,0.7979679562329035,0.8089097303634232,0.8190699491989059,0.826885502149277,0.8343102774521297,0.8436889409925752,0.8479874951152794,0.8522860492379836,0.8565846033606878,0.8601016021883549,0.864400156311059,0.8694802657288003,0.8714341539663931,0.8749511527940602,0.8772958186791715,0.8812035951543572,0.8851113716295428,0.8870652598671356,0.8925361469323955,0.895662368112544,0.8980070339976554,0.9007424775302852,0.9030871434153966,0.9046502540054708,0.9069949198905822,0.9112934740132864,0.9136381398983978,0.9144196951934348,0.9171551387260648,0.9194998046111762,0.920672137553732,0.9214536928487692,0.9218444704962876,0.9245799140289176,0.9257522469714732,0.9273153575615476,0.9292692457991404,0.9308323563892146,0.9316139116842516,0.9316139116842516,0.933177022274326,0.9355216881594371
subcell_mae_masked,A549,median,0,mad_robustize,none,moa,0.168232669941058,0.2597402597402597,77,1847,0.6712074303405573,0.7405572755417956,0.7764705882352941,0.8012383900928792,0.8235294117647058,0.8402476780185758,0.8489164086687306,0.8538699690402477,0.8643962848297214,0.8730650154798761,0.8804953560371517,0.8885448916408669,0.896594427244582,0.9003095975232198,0.9052631578947368,0.9102167182662538,0.9151702786377708,0.9195046439628484,0.9213622291021673,0.9244582043343652,0.9287925696594428,0.9337461300309596,0.9356037151702786,0.9386996904024768,0.9393188854489164,0.9417956656346748,0.944891640866873,0.9461300309597525,0.9461300309597525,0.9479876160990712,0.9486068111455108,0.94984520123839,0.951702786377709,0.9523219814241486,0.953560371517028,0.9547987616099072,0.9547987616099072,0.9560371517027864,0.956656346749226,0.9578947368421052,0.958513931888545,0.959752321981424,0.959752321981424,0.961609907120743,0.9659442724458204,0.9659442724458204,0.96656346749226,0.968421052631579,0.968421052631579,0.9696594427244584
subcell_mae_masked,A549,median,0,standardize,PCA,replicate,0.4100475480104975,0.6688741721854304,302,2559,0.5404454865181711,0.5752246971473232,0.5971082454083626,0.6232903477921062,0.6361860101602188,0.6502540054708871,0.661977334896444,0.671746776084408,0.6811254396248535,0.6873778819851505,0.6944118796404846,0.6991012114107074,0.7041813208284486,0.7092614302461899,0.7151230949589683,0.7205939820242282,0.7237202032043767,0.728800312622118,0.7323173114497851,0.7370066432200079,0.7409144196951934,0.7444314185228605,0.7499023055881203,0.753810082063306,0.7545916373583431,0.7577178585384916,0.7604533020711215,0.7627979679562329,0.7659241891363814,0.7686596326690114,0.7713950762016413,0.7741305197342712,0.7764751856193826,0.7784290738569754,0.7811645173896054,0.782336850332161,0.7854630715123095,0.7897616256350137,0.7917155138726065,0.7940601797577178,0.7952325127002735,0.7967956232903478,0.8003126221180149,0.8026572880031262,0.8053927315357562,0.8065650644783119,0.8077373974208675,0.8089097303634232,0.8116451738960532,0.813599062133646
subcell_mae_masked,A549,median,0,standardize,PCA,moa,0.1721407228810341,0.2727272727272727,77,1847,0.6179566563467492,0.6569659442724458,0.6780185758513931,0.701547987616099,0.7151702786377709,0.7386996904024767,0.7510835913312693,0.7603715170278638,0.7640866873065015,0.7702786377708978,0.778328173374613,0.7876160990712074,0.7907120743034056,0.7962848297213623,0.8006191950464396,0.8043343653250774,0.8142414860681114,0.8179566563467492,0.8229102167182663,0.8278637770897833,0.8328173374613003,0.8390092879256966,0.8408668730650155,0.8427244582043344,0.8458204334365325,0.8470588235294118,0.8526315789473684,0.8557275541795666,0.8594427244582044,0.8613003095975232,0.8631578947368421,0.8662538699690403,0.8699690402476781,0.871826625386997,0.8730650154798761,0.8773993808049536,0.8792569659442725,0.8823529411764706,0.8835913312693499,0.8860681114551083,0.886687306501548,0.886687306501548,0.8891640866873065,0.8904024767801858,0.8928792569659443,0.8928792569659443,0.8941176470588236,0.8959752321981425,0.8972136222910216,0.8990712074303405
subcell_mae_masked,A549,median,0,standardize,PCAcor,replicate,0.4147157766153694,0.6721854304635762,302,2559,0.5408362641656898,0.5752246971473232,0.6029699101211411,0.6252442360296991,0.6412661195779601,0.6518171160609613,0.6631496678389996,0.6737006643220008,0.6822977725674091,0.6916764361078547,0.6983196561156702,0.7045720984759671,0.7080890973036342,0.712778429073857,0.7159046502540055,0.7205939820242282,0.7264556467370067,0.7299726455646737,0.7346619773348965,0.738569753810082,0.7424775302852676,0.7440406408753419,0.7483391949980461,0.751074638530676,0.7557639703008988,0.757327080890973,0.7620164126611958,0.7659241891363814,0.7702227432590856,0.7721766314966784,0.7749120750293084,0.7780382962094569,0.7811645173896054,0.7835091832747166,0.7854630715123095,0.7889800703399765,0.792106291520125,0.7940601797577178,0.7964048456428292,0.7987495115279406,0.8018757327080891,0.8038296209456819,0.8069558421258304,0.8085189527159047,0.8089097303634232,0.8100820633059789,0.8124267291910903,0.8139898397811646,0.8167252833137945,0.8186791715513873
subcell_mae_masked,A549,median,0,standardize,PCAcor,moa,0.1723202114830754,0.2727272727272727,77,1847,0.6167182662538699,0.6557275541795665,0.6811145510835913,0.708359133126935,0.7207430340557276,0.7343653250773994,0.7455108359133127,0.7547987616099071,0.7609907120743034,0.7678018575851393,0.773374613003096,0.7820433436532508,0.7888544891640867,0.7962848297213623,0.8030959752321981,0.8074303405572756,0.8136222910216718,0.8185758513931889,0.8229102167182663,0.8278637770897833,0.8303405572755418,0.8340557275541796,0.8402476780185758,0.8439628482972136,0.8476780185758513,0.8520123839009288,0.8557275541795666,0.860061919504644,0.8631578947368421,0.865015479876161,0.8674922600619195,0.8705882352941177,0.8730650154798761,0.8755417956656347,0.8786377708978328,0.8804953560371517,0.8823529411764706,0.8848297213622291,0.8854489164086687,0.8879256965944272,0.8891640866873065,0.891640866873065,0.8934984520123839,0.8947368421052632,0.8953560371517028,0.896594427244582,0.8978328173374613,0.8984520123839009,0.9015479876160992,0.9021671826625388
subcell_mae_masked,A549,median,0,standardize,ZCA,replicate,0.4100475480104975,0.6688741721854304,302,2559,0.5404454865181711,0.5752246971473232,0.5971082454083626,0.6232903477921062,0.6361860101602188,0.6502540054708871,0.661977334896444,0.671746776084408,0.6811254396248535,0.6873778819851505,0.6944118796404846,0.6991012114107074,0.7041813208284486,0.7092614302461899,0.7151230949589683,0.7205939820242282,0.7237202032043767,0.728800312622118,0.7327080890973037,0.7370066432200079,0.7409144196951934,0.7444314185228605,0.7499023055881203,0.753810082063306,0.7545916373583431,0.7577178585384916,0.7604533020711215,0.7627979679562329,0.7659241891363814,0.7686596326690114,0.7713950762016413,0.7741305197342712,0.7764751856193826,0.7784290738569754,0.7811645173896054,0.782336850332161,0.7854630715123095,0.7897616256350137,0.7917155138726065,0.7940601797577178,0.7952325127002735,0.7967956232903478,0.8003126221180149,0.8026572880031262,0.8053927315357562,0.8065650644783119,0.8077373974208675,0.8089097303634232,0.8116451738960532,0.813599062133646
subcell_mae_masked,A549,median,0,standardize,ZCA,moa,0.1721407228810341,0.2727272727272727,77,1847,0.6179566563467492,0.6569659442724458,0.6780185758513931,0.7021671826625387,0.7151702786377709,0.7386996904024767,0.7510835913312693,0.7603715170278638,0.7640866873065015,0.7702786377708978,0.778328173374613,0.7876160990712074,0.7907120743034056,0.7962848297213623,0.8006191950464396,0.8043343653250774,0.8142414860681114,0.8179566563467492,0.8229102167182663,0.8278637770897833,0.8328173374613003,0.8390092879256966,0.8408668730650155,0.8427244582043344,0.8458204334365325,0.8470588235294118,0.8526315789473684,0.8557275541795666,0.8594427244582044,0.8613003095975232,0.8631578947368421,0.8662538699690403,0.8699690402476781,0.871826625386997,0.8730650154798761,0.8773993808049536,0.8792569659442725,0.8823529411764706,0.8835913312693499,0.8860681114551083,0.886687306501548,0.886687306501548,0.8891640866873065,0.8904024767801858,0.8928792569659443,0.8928792569659443,0.8941176470588236,0.8959752321981425,0.8972136222910216,0.8990712074303405
subcell_mae_masked,A549,median,0,standardize,ZCAcor,replicate,0.4147157766153694,0.6721854304635762,302,2559,0.5408362641656898,0.5752246971473232,0.6029699101211411,0.6252442360296991,0.6412661195779601,0.6518171160609613,0.6631496678389996,0.6737006643220008,0.6822977725674091,0.6916764361078547,0.6983196561156702,0.7045720984759671,0.7080890973036342,0.712778429073857,0.7159046502540055,0.7205939820242282,0.7264556467370067,0.7299726455646737,0.7346619773348965,0.738569753810082,0.7424775302852676,0.7440406408753419,0.7483391949980461,0.751074638530676,0.7557639703008988,0.757327080890973,0.7620164126611958,0.7659241891363814,0.7702227432590856,0.7721766314966784,0.7749120750293084,0.7780382962094569,0.7811645173896054,0.7835091832747166,0.7854630715123095,0.7889800703399765,0.792106291520125,0.7940601797577178,0.7964048456428292,0.7987495115279406,0.8018757327080891,0.8038296209456819,0.8069558421258304,0.8085189527159047,0.8089097303634232,0.8100820633059789,0.8124267291910903,0.8139898397811646,0.8167252833137945,0.8186791715513873
subcell_mae_masked,A549,median,0,standardize,ZCAcor,moa,0.1723202114830754,0.2727272727272727,77,1847,0.6167182662538699,0.6557275541795665,0.6811145510835913,0.708359133126935,0.7207430340557276,0.7343653250773994,0.7455108359133127,0.7547987616099071,0.7609907120743034,0.7678018575851393,0.773374613003096,0.7820433436532508,0.7888544891640867,0.7962848297213623,0.8030959752321981,0.8074303405572756,0.8136222910216718,0.8185758513931889,0.8229102167182663,0.8278637770897833,0.8303405572755418,0.8340557275541796,0.8402476780185758,0.8439628482972136,0.8476780185758513,0.8520123839009288,0.8557275541795666,0.860061919504644,0.8631578947368421,0.865015479876161,0.8674922600619195,0.8705882352941177,0.8730650154798761,0.8755417956656347,0.8786377708978328,0.8804953560371517,0.8823529411764706,0.8848297213622291,0.8854489164086687,0.8879256965944272,0.8891640866873065,0.891640866873065,0.8934984520123839,0.8947368421052632,0.8953560371517028,0.896594427244582,0.8978328173374613,0.8984520123839009,0.9015479876160992,0.9021671826625388
subcell_mae_masked,A549,median,0,standardize,none,replicate,0.4792605340460089,0.9933774834437086,302,2559,0.6060961313012896,0.6639312231340367,0.7022274325908558,0.7256740914419695,0.751074638530676,0.7678780773739742,0.7811645173896054,0.7964048456428292,0.8042203985932005,0.8151621727237202,0.8245408362641657,0.833137944509574,0.8409534974599453,0.8479874951152794,0.8526768268855022,0.8589292692457992,0.8667448221961703,0.8729972645564674,0.8780773739742087,0.8827667057444314,0.8851113716295428,0.8890191481047284,0.8909730363423212,0.8940992575224697,0.8960531457600626,0.8999609222352482,0.9038686987104336,0.9066041422430636,0.9097303634232122,0.9120750293083236,0.915201250488472,0.9167643610785464,0.9191090269636576,0.9218444704962876,0.924189136381399,0.924970691676436,0.9265338022665104,0.927706135209066,0.9288784681516216,0.930441578741696,0.9323954669792888,0.9335677999218444,0.9335677999218444,0.9347401328644002,0.9363032434544744,0.9382571316920671,0.9398202422821414,0.9421649081672528,0.9433372411098084,0.9433372411098084
subcell_mae_masked,A549,median,0,standardize,none,moa,0.170557743303203,0.2727272727272727,77,1847,0.6829721362229102,0.7492260061919505,0.7808049535603715,0.8080495356037152,0.8321981424148607,0.843343653250774,0.860061919504644,0.8699690402476781,0.8786377708978328,0.8891640866873065,0.896594427244582,0.9027863777089784,0.9071207430340558,0.9120743034055728,0.9145510835913312,0.9195046439628484,0.9219814241486068,0.9275541795665636,0.9312693498452012,0.9356037151702786,0.936842105263158,0.9393188854489164,0.9411764705882352,0.946749226006192,0.9479876160990712,0.9504643962848296,0.951702786377709,0.951702786377709,0.9529411764705882,0.953560371517028,0.9541795665634676,0.958513931888545,0.9609907120743034,0.9609907120743034,0.9628482972136224,0.9640866873065016,0.9659442724458204,0.9671826625386996,0.9702786377708978,0.9721362229102168,0.9721362229102168,0.9721362229102168,0.9721362229102168,0.9721362229102168,0.9727554179566564,0.973374613003096,0.973374613003096,0.973374613003096,0.973374613003096,0.973374613003096
subcell_mae_masked,A549,median,1,PCA,mad_robustize,replicate,0.46752018283599,0.7649006622516556,302,2559,0.5502149277061352,0.5943728018757327,0.6221180148495506,0.6475185619382572,0.6639312231340367,0.677999218444705,0.6889409925752247,0.7030089878858929,0.7116060961313013,0.7198124267291911,0.725283313794451,0.7358343102774522,0.7424775302852676,0.7514654161781946,0.7588901914810473,0.7627979679562329,0.7678780773739742,0.772567409144197,0.7780382962094569,0.7835091832747166,0.7862446268073466,0.7913247362250879,0.7967956232903478,0.8007033997655334,0.8042203985932005,0.8089097303634232,0.8104728409534975,0.8163345056662759,0.819851504493943,0.8218053927315357,0.8241500586166471,0.8272762797967956,0.8300117233294255,0.8335287221570926,0.835873388042204,0.8374364986322782,0.8417350527549824,0.8425166080500195,0.8452520515826495,0.8475967174677609,0.8499413833528722,0.8522860492379836,0.8542399374755764,0.8565846033606878,0.8589292692457992,0.8601016021883549,0.860883157483392,0.8628370457209847,0.8636186010160218,0.8647909339585775
subcell_mae_masked,A549,median,1,PCA,mad_robustize,moa,0.1843686585685197,0.2987012987012987,77,1847,0.6266253869969041,0.6681114551083591,0.7046439628482972,0.7306501547987616,0.7535603715170278,0.7659442724458204,0.7789473684210526,0.7907120743034056,0.8012383900928792,0.8130030959752322,0.8191950464396285,0.826625386996904,0.8340557275541796,0.8408668730650155,0.843343653250774,0.8476780185758513,0.8563467492260062,0.8613003095975232,0.8681114551083592,0.8743034055727554,0.8786377708978328,0.8823529411764706,0.8848297213622291,0.8873065015479876,0.8897832817337461,0.8934984520123839,0.8947368421052632,0.8972136222910216,0.9003095975232198,0.9027863777089784,0.9046439628482972,0.9077399380804954,0.9102167182662538,0.913312693498452,0.9139318885448916,0.9157894736842104,0.9164086687306502,0.9195046439628484,0.9226006191950464,0.9263157894736842,0.9263157894736842,0.9275541795665636,0.9287925696594428,0.9306501547987616,0.9318885448916407,0.9337461300309596,0.9337461300309596,0.9343653250773992,0.9356037151702786,0.9362229102167182
subcell_mae_masked,A549,median,1,PCA,standardize,replicate,0.511516333998861,0.97682119205298,302,2559,0.5830402500976944,0.6178194607268465,0.6389214536928488,0.6514263384134428,0.6647127784290738,0.6756545525595936,0.6865963266901133,0.6975381008206331,0.7041813208284486,0.7112153184837827,0.7182493161391168,0.725283313794451,0.7323173114497851,0.7373974208675264,0.741305197342712,0.7456037514654161,0.7506838608831575,0.7561547479484173,0.7612348573661587,0.7655334114888629,0.7690504103165299,0.7745212973817898,0.779601406799531,0.7901524032825322,0.7932786244626807,0.7964048456428292,0.7987495115279406,0.8014849550605705,0.8042203985932005,0.807346619773349,0.8100820633059789,0.8139898397811646,0.8175068386088316,0.8194607268464243,0.8229777256740914,0.8264947245017585,0.8315748339194998,0.8335287221570926,0.8374364986322782,0.8405627198124267,0.8436889409925752,0.8468151621727237,0.8475967174677609,0.8499413833528722,0.8538491598280579,0.8573661586557249,0.8612739351309106,0.8636186010160218,0.8663540445486518,0.8690894880812817
subcell_mae_masked,A549,median,1,PCA,standardize,moa,0.2185139961286877,0.4935064935064935,77,1847,0.6551083591331269,0.6965944272445821,0.7256965944272445,0.74984520123839,0.7696594427244582,0.7832817337461301,0.7987616099071208,0.8142414860681114,0.8272445820433436,0.8408668730650155,0.8520123839009288,0.8606811145510835,0.8681114551083592,0.8736842105263158,0.8786377708978328,0.881733746130031,0.8860681114551083,0.8891640866873065,0.8941176470588236,0.8978328173374613,0.9058823529411764,0.908359133126935,0.9120743034055728,0.9182662538699692,0.9226006191950464,0.9269349845201238,0.9287925696594428,0.9312693498452012,0.9325077399380804,0.9337461300309596,0.9374613003095976,0.9386996904024768,0.9424148606811146,0.944891640866873,0.9461300309597525,0.9473684210526316,0.94984520123839,0.951702786377709,0.9523219814241486,0.9554179566563468,0.9572755417956657,0.9578947368421052,0.959752321981424,0.961609907120743,0.9640866873065016,0.9647058823529412,0.96656346749226,0.9671826625386996,0.9671826625386996,0.968421052631579
subcell_mae_masked,A549,median,1,PCAcor,mad_robustize,replicate,0.468162983148546,0.7682119205298014,302,2559,0.5494333724110981,0.5955451348182884,0.6225087924970691,0.64673700664322,0.6658851113716295,0.6803438843298163,0.690504103165299,0.7049628761234857,0.716295427901524,0.7221570926143025,0.7323173114497851,0.7373974208675264,0.7444314185228605,0.7495115279406018,0.7577178585384916,0.7651426338413443,0.7717858538491599,0.7768659632669012,0.7799921844470497,0.7827276279796795,0.788589292692458,0.7917155138726065,0.794841735052755,0.7975771785853849,0.8007033997655334,0.8038296209456819,0.8089097303634232,0.813599062133646,0.8175068386088316,0.8202422821414616,0.8237592809691285,0.8272762797967956,0.8304025009769441,0.8327471668620555,0.8350918327471668,0.8386088315748339,0.8429073856975381,0.8460336068776866,0.8479874951152794,0.8499413833528722,0.8503321610003908,0.8522860492379836,0.8538491598280579,0.8554122704181321,0.8577569363032435,0.8589292692457992,0.8612739351309106,0.8632278233685033,0.864400156311059,0.8667448221961703
subcell_mae_masked,A549,median,1,PCAcor,mad_robustize,moa,0.1840161665771733,0.2987012987012987,77,1847,0.6272445820433437,0.6755417956656347,0.7046439628482972,0.7281733746130031,0.7510835913312693,0.7721362229102167,0.7839009287925697,0.7907120743034056,0.7975232198142415,0.8092879256965945,0.8191950464396285,0.8253869969040247,0.8321981424148607,0.8359133126934984,0.8427244582043344,0.8513931888544891,0.8563467492260062,0.860061919504644,0.8668730650154799,0.871826625386997,0.8767801857585139,0.8786377708978328,0.8842105263157894,0.8854489164086687,0.8897832817337461,0.8934984520123839,0.896594427244582,0.8990712074303405,0.903405572755418,0.9052631578947368,0.9071207430340558,0.9102167182662538,0.913312693498452,0.9145510835913312,0.9164086687306502,0.9195046439628484,0.9207430340557275,0.923219814241486,0.9250773993808048,0.9263157894736842,0.9294117647058824,0.9337461300309596,0.9343653250773992,0.9374613003095976,0.9393188854489164,0.939938080495356,0.9405572755417956,0.9417956656346748,0.9424148606811146,0.9436532507739938
subcell_mae_masked,A549,median,1,PCAcor,standardize,replicate,0.5139119495952168,0.9801324503311258,302,2559,0.5849941383352872,0.6189917936694022,0.6381398983978116,0.6525986713559985,0.6654943337241109,0.6776084407971864,0.6846424384525205,0.696756545525596,0.70379054318093,0.712778429073857,0.7202032043767097,0.7260648690894881,0.7327080890973037,0.7389605314576007,0.7471668620554904,0.7514654161781946,0.7549824150058617,0.7608440797186401,0.7667057444314185,0.7717858538491599,0.7764751856193826,0.7819460726846424,0.785853849159828,0.7893708479874951,0.794841735052755,0.7975771785853849,0.8003126221180149,0.8042203985932005,0.8081281750683861,0.8112543962485346,0.8147713950762017,0.8171160609613131,0.819851504493943,0.8229777256740914,0.8253223915592028,0.8276670574443142,0.8300117233294255,0.8327471668620555,0.8350918327471668,0.8389996092223525,0.8429073856975381,0.8460336068776866,0.8472059398202423,0.8503321610003908,0.854630715123095,0.8581477139507621,0.8620554904259476,0.8647909339585775,0.8667448221961703,0.867917155138726
subcell_mae_masked,A549,median,1,PCAcor,standardize,moa,0.2203115097311087,0.5324675324675324,77,1847,0.6582043343653251,0.6934984520123839,0.725077399380805,0.7448916408668731,0.7640866873065015,0.7845201238390093,0.7975232198142415,0.8148606811145511,0.8303405572755418,0.843343653250774,0.8489164086687306,0.8575851393188855,0.865015479876161,0.871826625386997,0.8786377708978328,0.8835913312693499,0.886687306501548,0.8922600619195047,0.8978328173374613,0.9027863777089784,0.9095975232198142,0.9120743034055728,0.9157894736842104,0.920123839009288,0.9226006191950464,0.9256965944272446,0.930030959752322,0.9318885448916407,0.9343653250773992,0.9356037151702786,0.9393188854489164,0.9436532507739938,0.9455108359133126,0.9504643962848296,0.9510835913312692,0.953560371517028,0.9547987616099072,0.9572755417956657,0.958513931888545,0.958513931888545,0.9591331269349844,0.9609907120743034,0.961609907120743,0.963467492260062,0.9640866873065016,0.9653250773993808,0.96656346749226,0.9671826625386996,0.9678018575851394,0.9690402476780186
subcell_mae_masked,A549,median,1,ZCA,mad_robustize,replicate,0.5050347633815826,0.9105960264900662,302,2559,0.5873388042203986,0.6373583431027745,0.6697928878468151,0.694021101992966,0.7112153184837827,0.7241109808518953,0.7370066432200079,0.7502930832356389,0.7620164126611958,0.7733489644392341,0.778819851504494,0.7862446268073466,0.7936694021101993,0.8003126221180149,0.8053927315357562,0.8124267291910903,0.8182883939038686,0.82336850332161,0.8276670574443142,0.8335287221570926,0.835873388042204,0.8386088315748339,0.8405627198124267,0.8440797186400938,0.8460336068776866,0.8507229386479094,0.8550214927706136,0.8569753810082064,0.8581477139507621,0.8604923798358733,0.8640093786635404,0.8651817116060961,0.8671355998436889,0.8686987104337632,0.870652598671356,0.8729972645564674,0.8745603751465416,0.876905041031653,0.8788589292692458,0.8819851504493943,0.8819851504493943,0.8843298163345057,0.8858929269245799,0.8901914810472841,0.8917545916373584,0.8940992575224697,0.8972254787026183,0.8995701445877295,0.9019148104728408,0.9034779210629152
subcell_mae_masked,A549,median,1,ZCA,mad_robustize,moa,0.1977230261929882,0.3116883116883117,77,1847,0.6588235294117647,0.7145510835913312,0.7517027863777089,0.7752321981424148,0.795046439628483,0.8123839009287925,0.8272445820433436,0.8408668730650155,0.8538699690402477,0.8631578947368421,0.8712074303405573,0.8773993808049536,0.8811145510835914,0.8848297213622291,0.8879256965944272,0.8941176470588236,0.8972136222910216,0.9015479876160992,0.9046439628482972,0.9071207430340558,0.913312693498452,0.9157894736842104,0.9195046439628484,0.9207430340557275,0.9244582043343652,0.9275541795665636,0.9281733746130032,0.9306501547987616,0.9331269349845202,0.9356037151702786,0.9380804953560372,0.9424148606811146,0.9442724458204336,0.9455108359133126,0.9461300309597525,0.9486068111455108,0.9504643962848296,0.9529411764705882,0.9554179566563468,0.958513931888545,0.9591331269349844,0.961609907120743,0.9622291021671828,0.963467492260062,0.963467492260062,0.9647058823529412,0.9659442724458204,0.9678018575851394,0.968421052631579,0.968421052631579
subcell_mae_masked,A549,median,1,ZCA,standardize,replicate,0.5105275243033366,0.9602649006622516,302,2559,0.5803048065650644,0.618210238374365,0.6357952325127003,0.6533802266510356,0.662758890191481,0.6744822196170379,0.6838608831574834,0.6924579914028918,0.7014458772958186,0.7096522078937085,0.7178585384915983,0.722547870261821,0.7295818679171552,0.7366158655724893,0.741305197342712,0.744822196170379,0.7495115279406018,0.7542008597108245,0.7584994138335287,0.7639703008987886,0.7674872997264557,0.7713950762016413,0.7745212973817898,0.7776475185619383,0.7799921844470497,0.7819460726846424,0.7854630715123095,0.7893708479874951,0.7928878468151622,0.7971864009378663,0.8007033997655334,0.8038296209456819,0.8081281750683861,0.8112543962485346,0.8143806174286831,0.8163345056662759,0.819851504493943,0.8221961703790543,0.8253223915592028,0.826885502149277,0.8288393903868698,0.8323563892145369,0.8354826103946854,0.8374364986322782,0.842125830402501,0.8444704962876124,0.8479874951152794,0.8499413833528722,0.8522860492379836,0.8542399374755764
subcell_mae_masked,A549,median,1,ZCA,standardize,moa,0.2186303318317208,0.5064935064935064,77,1847,0.6637770897832818,0.7021671826625387,0.7294117647058823,0.74984520123839,0.7671826625386997,0.7789473684210526,0.795046439628483,0.8105263157894737,0.8204334365325078,0.8284829721362229,0.8377708978328173,0.8452012383900929,0.8551083591331269,0.860061919504644,0.8643962848297214,0.8730650154798761,0.8786377708978328,0.8873065015479876,0.8947368421052632,0.8984520123839009,0.8996904024767802,0.903405572755418,0.9071207430340558,0.9102167182662538,0.913312693498452,0.9151702786377708,0.9176470588235294,0.9195046439628484,0.923219814241486,0.9256965944272446,0.9287925696594428,0.9318885448916407,0.9343653250773992,0.9380804953560372,0.9430340557275542,0.9442724458204336,0.9461300309597525,0.9479876160990712,0.9510835913312692,0.9529411764705882,0.9547987616099072,0.9547987616099072,0.9554179566563468,0.9560371517027864,0.956656346749226,0.958513931888545,0.9609907120743034,0.9622291021671828,0.9640866873065016,0.9653250773993808
subcell_mae_masked,A549,median,1,ZCAcor,mad_robustize,replicate,0.5042935111688294,0.913907284768212,302,2559,0.5787416959749903,0.6311059007424775,0.6662758890191481,0.687768659632669,0.7108245408362641,0.7276279796795623,0.7401328644001564,0.7495115279406018,0.7620164126611958,0.7729581867917155,0.7835091832747166,0.7905431809300508,0.7952325127002735,0.7999218444704963,0.807346619773349,0.8128175068386089,0.8163345056662759,0.8221961703790543,0.8257131692067213,0.8300117233294255,0.8335287221570926,0.8389996092223525,0.8429073856975381,0.8436889409925752,0.8491598280578351,0.8511137162954279,0.8542399374755764,0.8577569363032435,0.8593200468933178,0.8612739351309106,0.864400156311059,0.867917155138726,0.8694802657288003,0.8722157092614302,0.8737788198515045,0.8753419304415787,0.8765142633841344,0.8780773739742087,0.8800312622118015,0.8815943728018757,0.8843298163345057,0.8858929269245799,0.8890191481047284,0.8917545916373584,0.8917545916373584,0.8937084798749512,0.8968347010550997,0.8987885892926925,0.9007424775302852,0.9034779210629152
subcell_mae_masked,A549,median,1,ZCAcor,mad_robustize,moa,0.197678574348177,0.3246753246753247,77,1847,0.6557275541795665,0.7089783281733746,0.74984520123839,0.778328173374613,0.8037151702786378,0.8160990712074303,0.8321981424148607,0.8390092879256966,0.848297213622291,0.8563467492260062,0.8668730650154799,0.8724458204334365,0.8773993808049536,0.8835913312693499,0.8910216718266254,0.8941176470588236,0.8978328173374613,0.9009287925696594,0.9052631578947368,0.908359133126935,0.9126934984520124,0.9164086687306502,0.9188854489164088,0.923219814241486,0.9281733746130032,0.930030959752322,0.9325077399380804,0.9337461300309596,0.9356037151702786,0.9386996904024768,0.939938080495356,0.939938080495356,0.9411764705882352,0.9436532507739938,0.9455108359133126,0.9479876160990712,0.9504643962848296,0.9523219814241486,0.9529411764705882,0.9541795665634676,0.9547987616099072,0.9560371517027864,0.956656346749226,0.9591331269349844,0.961609907120743,0.9628482972136224,0.9628482972136224,0.963467492260062,0.9671826625386996,0.968421052631579
subcell_mae_masked,A549,median,1,ZCAcor,standardize,replicate,0.5084205607308755,0.9668874172185432,302,2559,0.580695584212583,0.6170379054318093,0.6381398983978116,0.6522078937084799,0.6647127784290738,0.6756545525595936,0.684251660805002,0.690504103165299,0.694021101992966,0.7041813208284486,0.7143415396639312,0.7205939820242282,0.728800312622118,0.7319265338022665,0.7373974208675264,0.7444314185228605,0.7491207502930832,0.7534193044157874,0.7584994138335287,0.7616256350136772,0.7659241891363814,0.769831965611567,0.7737397420867527,0.7799921844470497,0.7831184056271981,0.7866354044548651,0.7893708479874951,0.792106291520125,0.7936694021101993,0.7956232903477921,0.7979679562329035,0.7987495115279406,0.8022665103556077,0.8061742868307933,0.8100820633059789,0.8116451738960532,0.8147713950762017,0.8171160609613131,0.819851504493943,0.8225869480265728,0.8264947245017585,0.8292301680343884,0.8319656115670183,0.833137944509574,0.8350918327471668,0.8362641656897225,0.8389996092223525,0.8425166080500195,0.8444704962876124,0.8472059398202423
subcell_mae_masked,A549,median,1,ZCAcor,standardize,moa,0.2183888154449974,0.5064935064935064,77,1847,0.6606811145510836,0.7003095975232199,0.7244582043343654,0.7448916408668731,0.7616099071207431,0.773374613003096,0.7925696594427245,0.8074303405572756,0.8160990712074303,0.8247678018575851,0.8371517027863777,0.8445820433436533,0.8544891640866873,0.860061919504644,0.8668730650154799,0.8736842105263158,0.881733746130031,0.886687306501548,0.8904024767801858,0.8922600619195047,0.8996904024767802,0.9040247678018576,0.9058823529411764,0.908359133126935,0.9108359133126936,0.9126934984520124,0.9151702786377708,0.9182662538699692,0.9226006191950464,0.9269349845201238,0.930030959752322,0.9331269349845202,0.934984520123839,0.9393188854489164,0.9417956656346748,0.9430340557275542,0.9455108359133126,0.9461300309597525,0.946749226006192,0.9492260061919504,0.9510835913312692,0.953560371517028,0.9541795665634676,0.9560371517027864,0.958513931888545,0.9609907120743034,0.9609907120743034,0.9628482972136224,0.9647058823529412,0.9671826625386996
subcell_mae_masked,A549,median,1,mad_robustize,PCA,replicate,0.3710285653712128,0.6423841059602649,302,2559,0.5478702618210238,0.5756154747948418,0.6029699101211411,0.6236811254396248,0.6377491207502931,0.652989449003517,0.6639312231340367,0.6705744431418523,0.6799531066822978,0.690504103165299,0.696756545525596,0.7030089878858929,0.7076983196561156,0.7135599843688941,0.7194216490816725,0.7209847596717468,0.7280187573270809,0.7323173114497851,0.7366158655724893,0.7393513091051191,0.7456037514654161,0.7479484173505275,0.751074638530676,0.7561547479484173,0.757327080890973,0.7596717467760844,0.7620164126611958,0.7663149667839,0.7690504103165299,0.7717858538491599,0.7753028526768269,0.7776475185619383,0.7807737397420867,0.7838999609222352,0.7874169597499023,0.7889800703399765,0.7905431809300508,0.7928878468151622,0.7956232903477921,0.798358733880422,0.7999218444704963,0.8007033997655334,0.8038296209456819,0.8057835091832747,0.8085189527159047,0.8112543962485346,0.8116451738960532,0.8139898397811646,0.8155529503712388,0.8178976162563502
subcell_mae_masked,A549,median,1,mad_robustize,PCA,moa,0.1543747271757709,0.1948051948051948,77,1847,0.6210526315789474,0.6569659442724458,0.6811145510835913,0.698452012383901,0.7170278637770898,0.7312693498452012,0.7430340557275542,0.7529411764705882,0.7597523219814242,0.7721362229102167,0.7789473684210526,0.7826625386996904,0.7925696594427245,0.8,0.804953560371517,0.8092879256965945,0.8130030959752322,0.81671826625387,0.8204334365325078,0.8260061919504644,0.8309597523219814,0.8352941176470589,0.8396284829721362,0.8464396284829722,0.8495356037151702,0.8538699690402477,0.8563467492260062,0.8606811145510835,0.8637770897832817,0.8668730650154799,0.8687306501547988,0.8705882352941177,0.8712074303405573,0.871826625386997,0.8730650154798761,0.8761609907120743,0.8786377708978328,0.8811145510835914,0.8829721362229103,0.8860681114551083,0.891640866873065,0.8934984520123839,0.8947368421052632,0.896594427244582,0.8978328173374613,0.8990712074303405,0.9015479876160992,0.9058823529411764,0.9071207430340558,0.9089783281733748
subcell_mae_masked,A549,median,1,mad_robustize,PCAcor,replicate,0.3662223837836138,0.6357615894039735,302,2559,0.5420085971082454,0.5779601406799532,0.6010160218835483,0.6213364595545134,0.6357952325127003,0.6510355607659242,0.6639312231340367,0.6737006643220008,0.6846424384525205,0.6920672137553732,0.6951934349355217,0.6998827667057445,0.70652598671356,0.7104337631887456,0.7139507620164126,0.716295427901524,0.722547870261821,0.7284095349745995,0.7330988667448222,0.7370066432200079,0.7397420867526378,0.7436498632278233,0.7495115279406018,0.751074638530676,0.7542008597108245,0.757327080890973,0.7588901914810473,0.7616256350136772,0.7655334114888629,0.7682688550214928,0.7710042985541227,0.7729581867917155,0.7745212973817898,0.7753028526768269,0.7799921844470497,0.7846815162172723,0.7878077373974208,0.7913247362250879,0.7928878468151622,0.7964048456428292,0.7967956232903478,0.7979679562329035,0.8030480656506448,0.804611176240719,0.8061742868307933,0.807346619773349,0.8093005080109418,0.8120359515435717,0.8124267291910903,0.8155529503712388
subcell_mae_masked,A549,median,1,mad_robustize,PCAcor,moa,0.1527138967332026,0.1948051948051948,77,1847,0.614860681114551,0.6551083591331269,0.6811145510835913,0.7052631578947368,0.7188854489164087,0.7331269349845201,0.7417956656346749,0.7535603715170278,0.7616099071207431,0.7671826625386997,0.7770897832817337,0.7820433436532508,0.7876160990712074,0.7962848297213623,0.8006191950464396,0.8061919504643963,0.8136222910216718,0.821671826625387,0.826625386996904,0.8297213622291022,0.8346749226006192,0.8352941176470589,0.8383900928792569,0.8414860681114551,0.8452012383900929,0.848297213622291,0.8538699690402477,0.8569659442724458,0.860061919504644,0.8643962848297214,0.8681114551083592,0.8705882352941177,0.8736842105263158,0.8755417956656347,0.8767801857585139,0.8811145510835914,0.881733746130031,0.8848297213622291,0.8885448916408669,0.8904024767801858,0.8922600619195047,0.8959752321981425,0.896594427244582,0.8978328173374613,0.8990712074303405,0.9015479876160992,0.9027863777089784,0.9040247678018576,0.9058823529411764,0.9077399380804954
subcell_mae_masked,A549,median,1,mad_robustize,ZCA,replicate,0.3710285653712128,0.6423841059602649,302,2559,0.5478702618210238,0.5756154747948418,0.6029699101211411,0.6236811254396248,0.6377491207502931,0.652989449003517,0.6639312231340367,0.6705744431418523,0.6799531066822978,0.690504103165299,0.696756545525596,0.7030089878858929,0.7076983196561156,0.7135599843688941,0.7194216490816725,0.7209847596717468,0.7280187573270809,0.7323173114497851,0.7366158655724893,0.7393513091051191,0.7456037514654161,0.7479484173505275,0.751074638530676,0.7561547479484173,0.757327080890973,0.7596717467760844,0.7620164126611958,0.7663149667839,0.7690504103165299,0.7717858538491599,0.7753028526768269,0.7776475185619383,0.7807737397420867,0.7838999609222352,0.7874169597499023,0.7889800703399765,0.7905431809300508,0.7928878468151622,0.7956232903477921,0.798358733880422,0.7999218444704963,0.8007033997655334,0.8038296209456819,0.8057835091832747,0.8085189527159047,0.8112543962485346,0.8116451738960532,0.8139898397811646,0.8155529503712388,0.8178976162563502
subcell_mae_masked,A549,median,1,mad_robustize,ZCA,moa,0.1543747271757709,0.1948051948051948,77,1847,0.6210526315789474,0.6569659442724458,0.6811145510835913,0.698452012383901,0.7170278637770898,0.7312693498452012,0.7430340557275542,0.7529411764705882,0.7597523219814242,0.7721362229102167,0.7789473684210526,0.7826625386996904,0.7925696594427245,0.8,0.804953560371517,0.8092879256965945,0.8130030959752322,0.81671826625387,0.8204334365325078,0.8260061919504644,0.8309597523219814,0.8352941176470589,0.8396284829721362,0.8464396284829722,0.8495356037151702,0.8538699690402477,0.8563467492260062,0.8606811145510835,0.8637770897832817,0.8668730650154799,0.8687306501547988,0.8705882352941177,0.8712074303405573,0.871826625386997,0.8730650154798761,0.8761609907120743,0.8786377708978328,0.8811145510835914,0.8829721362229103,0.8860681114551083,0.891640866873065,0.8934984520123839,0.8947368421052632,0.896594427244582,0.8978328173374613,0.8990712074303405,0.9015479876160992,0.9058823529411764,0.9071207430340558,0.9089783281733748
subcell_mae_masked,A549,median,1,mad_robustize,ZCAcor,replicate,0.3662223837836138,0.6357615894039735,302,2559,0.5420085971082454,0.5779601406799532,0.6010160218835483,0.6213364595545134,0.6357952325127003,0.6510355607659242,0.6639312231340367,0.6737006643220008,0.6846424384525205,0.6920672137553732,0.6951934349355217,0.6998827667057445,0.70652598671356,0.7104337631887456,0.7139507620164126,0.716295427901524,0.722547870261821,0.7284095349745995,0.7330988667448222,0.7370066432200079,0.7397420867526378,0.7436498632278233,0.7495115279406018,0.751074638530676,0.7542008597108245,0.757327080890973,0.7588901914810473,0.7616256350136772,0.7655334114888629,0.7682688550214928,0.7710042985541227,0.7729581867917155,0.7745212973817898,0.7753028526768269,0.7799921844470497,0.7846815162172723,0.7878077373974208,0.7913247362250879,0.7928878468151622,0.7964048456428292,0.7967956232903478,0.7979679562329035,0.8030480656506448,0.804611176240719,0.8061742868307933,0.807346619773349,0.8093005080109418,0.8120359515435717,0.8124267291910903,0.8155529503712388
subcell_mae_masked,A549,median,1,mad_robustize,ZCAcor,moa,0.1527138967332026,0.1948051948051948,77,1847,0.614860681114551,0.6551083591331269,0.6811145510835913,0.7052631578947368,0.7188854489164087,0.7331269349845201,0.7417956656346749,0.7535603715170278,0.7616099071207431,0.7671826625386997,0.7770897832817337,0.7820433436532508,0.7876160990712074,0.7962848297213623,0.8006191950464396,0.8061919504643963,0.8136222910216718,0.821671826625387,0.826625386996904,0.8297213622291022,0.8346749226006192,0.8352941176470589,0.8383900928792569,0.8414860681114551,0.8452012383900929,0.848297213622291,0.8538699690402477,0.8569659442724458,0.860061919504644,0.8643962848297214,0.8681114551083592,0.8705882352941177,0.8736842105263158,0.8755417956656347,0.8767801857585139,0.8811145510835914,0.881733746130031,0.8848297213622291,0.8885448916408669,0.8904024767801858,0.8922600619195047,0.8959752321981425,0.896594427244582,0.8978328173374613,0.8990712074303405,0.9015479876160992,0.9027863777089784,0.9040247678018576,0.9058823529411764,0.9077399380804954
subcell_mae_masked,A549,median,1,mad_robustize,none,replicate,0.5034267539982171,0.9933774834437086,302,2559,0.6080500195388824,0.6623681125439624,0.6975381008206331,0.7229386479093396,0.7440406408753419,0.7639703008987886,0.7799921844470497,0.7936694021101993,0.8022665103556077,0.8132082844861274,0.8229777256740914,0.8280578350918327,0.8362641656897225,0.8440797186400938,0.8487690504103166,0.8534583821805393,0.8589292692457992,0.8647909339585775,0.8686987104337632,0.8722157092614302,0.8757327080890973,0.8800312622118015,0.88315748339195,0.8874560375146542,0.8909730363423212,0.8944900351699883,0.895662368112544,0.8983978116451738,0.9023055881203595,0.9046502540054708,0.9073856975381008,0.9101211410707308,0.912465806955842,0.9128565846033608,0.9140289175459164,0.917936694021102,0.9194998046111762,0.9210629152012504,0.923407581086362,0.924970691676436,0.9261430246189918,0.9273153575615476,0.9284876905041032,0.9292692457991404,0.9300508010941774,0.9316139116842516,0.933177022274326,0.9339585775693632,0.935912465806956,0.9363032434544744
subcell_mae_masked,A549,median,1,mad_robustize,none,moa,0.171268933357406,0.2337662337662337,77,1847,0.676780185758514,0.7461300309597523,0.7826625386996904,0.8086687306501548,0.8241486068111455,0.8408668730650155,0.8513931888544891,0.8575851393188855,0.8681114551083592,0.8755417956656347,0.8848297213622291,0.8934984520123839,0.9009287925696594,0.9071207430340558,0.9120743034055728,0.9145510835913312,0.9188854489164088,0.9256965944272446,0.9287925696594428,0.9325077399380804,0.934984520123839,0.936842105263158,0.9386996904024768,0.9424148606811146,0.9436532507739938,0.9455108359133126,0.946749226006192,0.9473684210526316,0.9486068111455108,0.9492260061919504,0.9504643962848296,0.9504643962848296,0.9529411764705882,0.9541795665634676,0.9554179566563468,0.956656346749226,0.956656346749226,0.9578947368421052,0.9609907120743034,0.9622291021671828,0.9628482972136224,0.9628482972136224,0.963467492260062,0.963467492260062,0.9640866873065016,0.9653250773993808,0.9671826625386996,0.9678018575851394,0.968421052631579,0.9690402476780186
subcell_mae_masked,A549,median,1,standardize,PCA,replicate,0.4094524878086388,0.6655629139072847,302,2559,0.539663931223134,0.577178585384916,0.5986713559984369,0.6189917936694022,0.6350136772176631,0.6447831184056272,0.6572880031262212,0.6701836654943337,0.6772176631496678,0.6850332161000391,0.6920672137553732,0.6991012114107074,0.7049628761234857,0.7108245408362641,0.716295427901524,0.7174677608440797,0.7205939820242282,0.7248925361469324,0.7307542008597109,0.7366158655724893,0.7401328644001564,0.744822196170379,0.7467760844079718,0.751074638530676,0.7534193044157874,0.7569363032434545,0.7616256350136772,0.76357952325127,0.7655334114888629,0.7674872997264557,0.7702227432590856,0.7733489644392341,0.776084407971864,0.779601406799531,0.7807737397420867,0.7831184056271981,0.7850722938647909,0.7866354044548651,0.7901524032825322,0.7924970691676436,0.7952325127002735,0.798358733880422,0.801094177413052,0.8034388432981634,0.804611176240719,0.8061742868307933,0.8085189527159047,0.8100820633059789,0.8112543962485346,0.8132082844861274
subcell_mae_masked,A549,median,1,standardize,PCA,moa,0.1721709376585623,0.2727272727272727,77,1847,0.6123839009287926,0.6489164086687307,0.6786377708978328,0.701547987616099,0.7213622291021672,0.7368421052631579,0.7486068111455109,0.7585139318885449,0.7647058823529411,0.7702786377708978,0.7770897832817337,0.7808049535603715,0.7876160990712074,0.7956656346749226,0.8012383900928792,0.8043343653250774,0.8105263157894737,0.8117647058823529,0.8198142414860681,0.8272445820433436,0.8291021671826625,0.8346749226006192,0.8377708978328173,0.843343653250774,0.8464396284829722,0.8507739938080495,0.853250773993808,0.8582043343653251,0.860061919504644,0.8631578947368421,0.8643962848297214,0.8674922600619195,0.8687306501547988,0.8724458204334365,0.8743034055727554,0.8743034055727554,0.8761609907120743,0.8792569659442725,0.8811145510835914,0.8829721362229103,0.8842105263157894,0.8860681114551083,0.8885448916408669,0.8910216718266254,0.891640866873065,0.8922600619195047,0.8953560371517028,0.8978328173374613,0.8996904024767802,0.9027863777089784
subcell_mae_masked,A549,median,1,standardize,PCAcor,replicate,0.412544557721008,0.6655629139072847,302,2559,0.5392731535756154,0.577178585384916,0.5998436889409926,0.6178194607268465,0.6338413442751074,0.6479093395857757,0.6608050019538882,0.6721375537319265,0.6795623290347792,0.6885502149277062,0.6955842125830403,0.7018366549433372,0.7069167643610785,0.7123876514263384,0.7166862055490426,0.7213755373192653,0.7264556467370067,0.7303634232121923,0.7338804220398594,0.7362250879249707,0.7389605314576007,0.7416959749902305,0.7487299726455646,0.7518561938257131,0.7565455255959359,0.7588901914810473,0.7604533020711215,0.7624071903087143,0.7651426338413443,0.7690504103165299,0.7710042985541227,0.7729581867917155,0.7745212973817898,0.776084407971864,0.779601406799531,0.782336850332161,0.7850722938647909,0.7874169597499023,0.7901524032825322,0.7932786244626807,0.7960140679953107,0.7975771785853849,0.7999218444704963,0.8007033997655334,0.8038296209456819,0.8061742868307933,0.8081281750683861,0.8104728409534975,0.813599062133646,0.8147713950762017
subcell_mae_masked,A549,median,1,standardize,PCAcor,moa,0.171908643218099,0.2727272727272727,77,1847,0.6142414860681115,0.6501547987616099,0.6736842105263158,0.7034055727554179,0.7226006191950465,0.7430340557275542,0.7486068111455109,0.7572755417956656,0.7640866873065015,0.7721362229102167,0.7752321981424148,0.7795665634674923,0.7857585139318886,0.7907120743034056,0.7993808049535603,0.8061919504643963,0.8136222910216718,0.8179566563467492,0.821671826625387,0.8272445820433436,0.8284829721362229,0.83343653250774,0.836532507739938,0.8427244582043344,0.8470588235294118,0.8501547987616099,0.8520123839009288,0.853250773993808,0.8544891640866873,0.8582043343653251,0.8637770897832817,0.8668730650154799,0.8687306501547988,0.8699690402476781,0.871826625386997,0.874922600619195,0.8773993808049536,0.8786377708978328,0.8854489164086687,0.8860681114551083,0.8891640866873065,0.891640866873065,0.8959752321981425,0.8984520123839009,0.9027863777089784,0.903405572755418,0.9040247678018576,0.9058823529411764,0.906501547987616,0.9071207430340558
subcell_mae_masked,A549,median,1,standardize,ZCA,replicate,0.4094524878086388,0.6655629139072847,302,2559,0.539663931223134,0.577178585384916,0.5986713559984369,0.6189917936694022,0.6350136772176631,0.6447831184056272,0.6572880031262212,0.6701836654943337,0.6772176631496678,0.6850332161000391,0.6920672137553732,0.6991012114107074,0.7049628761234857,0.7108245408362641,0.716295427901524,0.7174677608440797,0.7205939820242282,0.7248925361469324,0.7307542008597109,0.7366158655724893,0.7401328644001564,0.744822196170379,0.7467760844079718,0.751074638530676,0.7534193044157874,0.7569363032434545,0.7616256350136772,0.76357952325127,0.7655334114888629,0.7674872997264557,0.7702227432590856,0.7733489644392341,0.776084407971864,0.779601406799531,0.7807737397420867,0.7831184056271981,0.7850722938647909,0.7866354044548651,0.7901524032825322,0.7924970691676436,0.7952325127002735,0.798358733880422,0.801094177413052,0.8034388432981634,0.804611176240719,0.8061742868307933,0.8085189527159047,0.8100820633059789,0.8112543962485346,0.8132082844861274
subcell_mae_masked,A549,median,1,standardize,ZCA,moa,0.1721709376585623,0.2727272727272727,77,1847,0.6123839009287926,0.6489164086687307,0.6786377708978328,0.701547987616099,0.7213622291021672,0.7368421052631579,0.7486068111455109,0.7585139318885449,0.7647058823529411,0.7702786377708978,0.7770897832817337,0.7808049535603715,0.7876160990712074,0.7956656346749226,0.8012383900928792,0.8043343653250774,0.8105263157894737,0.8117647058823529,0.8198142414860681,0.8272445820433436,0.8291021671826625,0.8346749226006192,0.8377708978328173,0.843343653250774,0.8464396284829722,0.8507739938080495,0.853250773993808,0.8582043343653251,0.860061919504644,0.8631578947368421,0.8643962848297214,0.8674922600619195,0.8687306501547988,0.8724458204334365,0.8743034055727554,0.8743034055727554,0.8761609907120743,0.8792569659442725,0.8811145510835914,0.8829721362229103,0.8842105263157894,0.8860681114551083,0.8885448916408669,0.8910216718266254,0.891640866873065,0.8922600619195047,0.8953560371517028,0.8978328173374613,0.8996904024767802,0.9027863777089784
subcell_mae_masked,A549,median,1,standardize,ZCAcor,replicate,0.412544557721008,0.6655629139072847,302,2559,0.5392731535756154,0.577178585384916,0.5998436889409926,0.6178194607268465,0.6338413442751074,0.6479093395857757,0.6608050019538882,0.6721375537319265,0.6795623290347792,0.6885502149277062,0.6955842125830403,0.7018366549433372,0.7069167643610785,0.7123876514263384,0.7166862055490426,0.7213755373192653,0.7264556467370067,0.7303634232121923,0.7338804220398594,0.7362250879249707,0.7389605314576007,0.7416959749902305,0.7487299726455646,0.7518561938257131,0.7565455255959359,0.7588901914810473,0.7604533020711215,0.7624071903087143,0.7651426338413443,0.7690504103165299,0.7710042985541227,0.7729581867917155,0.7745212973817898,0.776084407971864,0.779601406799531,0.782336850332161,0.7850722938647909,0.7874169597499023,0.7901524032825322,0.7932786244626807,0.7960140679953107,0.7975771785853849,0.7999218444704963,0.8007033997655334,0.8038296209456819,0.8061742868307933,0.8081281750683861,0.8104728409534975,0.813599062133646,0.8147713950762017
subcell_mae_masked,A549,median,1,standardize,ZCAcor,moa,0.171908643218099,0.2727272727272727,77,1847,0.6142414860681115,0.6501547987616099,0.6736842105263158,0.7034055727554179,0.7226006191950465,0.7430340557275542,0.7486068111455109,0.7572755417956656,0.7640866873065015,0.7721362229102167,0.7752321981424148,0.7795665634674923,0.7857585139318886,0.7907120743034056,0.7993808049535603,0.8061919504643963,0.8136222910216718,0.8179566563467492,0.821671826625387,0.8272445820433436,0.8284829721362229,0.83343653250774,0.836532507739938,0.8427244582043344,0.8470588235294118,0.8501547987616099,0.8520123839009288,0.853250773993808,0.8544891640866873,0.8582043343653251,0.8637770897832817,0.8668730650154799,0.8687306501547988,0.8699690402476781,0.871826625386997,0.874922600619195,0.8773993808049536,0.8786377708978328,0.8854489164086687,0.8860681114551083,0.8891640866873065,0.891640866873065,0.8959752321981425,0.8984520123839009,0.9027863777089784,0.903405572755418,0.9040247678018576,0.9058823529411764,0.906501547987616,0.9071207430340558
subcell_mae_masked,A549,median,1,standardize,none,replicate,0.4816186142907157,0.9966887417218544,302,2559,0.6092223524814381,0.6674482219617038,0.7041813208284486,0.7303634232121923,0.7514654161781946,0.7678780773739742,0.785853849159828,0.7956232903477921,0.8100820633059789,0.8194607268464243,0.8272762797967956,0.8347010550996483,0.8444704962876124,0.8530676045330207,0.8585384915982806,0.864400156311059,0.870652598671356,0.8761234857366159,0.8796404845642829,0.8847205939820242,0.8878468151621727,0.8917545916373584,0.8940992575224697,0.895662368112544,0.8987885892926925,0.9023055881203595,0.9042594763579525,0.9058225869480264,0.908948808128175,0.9112934740132864,0.9132473622508792,0.9148104728409536,0.9183274716686206,0.9214536928487692,0.923407581086362,0.924970691676436,0.9261430246189918,0.927706135209066,0.9296600234466588,0.9312231340367332,0.9339585775693632,0.9343493552168816,0.9347401328644002,0.936694021101993,0.9378663540445488,0.9386479093395858,0.9390386869871044,0.9406017975771784,0.9417741305197342,0.9425556858147714
subcell_mae_masked,A549,median,1,standardize,none,moa,0.1717540063142327,0.2597402597402597,77,1847,0.6860681114551084,0.7529411764705882,0.7863777089783281,0.8130030959752322,0.8352941176470589,0.8495356037151702,0.865015479876161,0.8773993808049536,0.881733746130031,0.8885448916408669,0.8947368421052632,0.903405572755418,0.9077399380804954,0.9139318885448916,0.9182662538699692,0.9219814241486068,0.9263157894736842,0.9281733746130032,0.9306501547987616,0.9331269349845202,0.9362229102167182,0.9393188854489164,0.9424148606811146,0.944891640866873,0.9479876160990712,0.94984520123839,0.9510835913312692,0.9529411764705882,0.953560371517028,0.9541795665634676,0.9554179566563468,0.9578947368421052,0.958513931888545,0.9603715170278638,0.9622291021671828,0.9628482972136224,0.9640866873065016,0.9659442724458204,0.968421052631579,0.9690402476780186,0.9690402476780186,0.9696594427244584,0.9708978328173374,0.9721362229102168,0.973374613003096,0.973374613003096,0.973374613003096,0.973374613003096,0.9739938080495356,0.9739938080495356
subcell_mae_masked,U2OS,mean,0,PCA,mad_robustize,replicate,0.4169113196890111,0.6655629139072847,302,2240,0.4870535714285714,0.5214285714285715,0.5486607142857143,0.5705357142857143,0.5933035714285714,0.6044642857142857,0.6178571428571429,0.6272321428571429,0.6348214285714285,0.6424107142857143,0.6513392857142857,0.6575892857142858,0.6660714285714285,0.6709821428571429,0.6767857142857143,0.6839285714285714,0.6901785714285714,0.6964285714285714,0.6995535714285714,0.7053571428571429,0.7107142857142857,0.715625,0.7205357142857143,0.7245535714285715,0.7290178571428572,0.7308035714285714,0.7348214285714286,0.7388392857142857,0.7424107142857143,0.7455357142857143,0.746875,0.7504464285714286,0.7553571428571428,0.7571428571428571,0.7602678571428572,0.7625,0.7665178571428571,0.7700892857142857,0.775,0.7794642857142857,0.7816964285714286,0.7821428571428571,0.7852678571428572,0.7883928571428571,0.7915178571428572,0.79375,0.7959821428571429,0.796875,0.8,0.8008928571428572
subcell_mae_masked,U2OS,mean,0,PCA,mad_robustize,moa,0.1666456001937221,0.2727272727272727,77,1617,0.5657708628005658,0.6039603960396039,0.64002828854314,0.6605374823196606,0.6775106082036775,0.6902404526166902,0.6994342291371994,0.7079207920792079,0.7213578500707214,0.7333804809052333,0.7496463932107497,0.7574257425742574,0.7687411598302687,0.7736916548797736,0.7800565770862801,0.785007072135785,0.78995756718529,0.7963224893917963,0.8026874115983027,0.8062234794908062,0.8125884016973126,0.8161244695898161,0.8182461103253182,0.8239038189533239,0.8288543140028288,0.8338048090523338,0.8373408769448374,0.8458274398868458,0.8493635077793493,0.8514851485148515,0.8521923620933521,0.8571428571428571,0.8613861386138614,0.8656294200848657,0.8712871287128713,0.8734087694483734,0.8776520509193777,0.879066478076379,0.8826025459688827,0.8826025459688827,0.8847241867043847,0.8868458274398868,0.8868458274398868,0.8875530410183875,0.8903818953323904,0.8910891089108911,0.8939179632248939,0.8946251768033946,0.8967468175388967,0.8995756718528995
subcell_mae_masked,U2OS,mean,0,PCA,standardize,replicate,0.3932821772767585,0.6788079470198676,302,2240,0.4977678571428571,0.5383928571428571,0.5638392857142858,0.5866071428571429,0.5977678571428572,0.6102678571428571,0.6241071428571429,0.6392857142857142,0.6459821428571428,0.6566964285714286,0.6633928571428571,0.6736607142857143,0.6839285714285714,0.690625,0.6950892857142857,0.7044642857142858,0.7102678571428571,0.7183035714285714,0.7227678571428572,0.7272321428571429,0.73125,0.7401785714285715,0.7473214285714286,0.7526785714285714,0.7584821428571429,0.7629464285714286,0.7665178571428571,0.7705357142857143,0.7776785714285714,0.7821428571428571,0.7870535714285715,0.7892857142857143,0.7933035714285714,0.7973214285714286,0.8013392857142857,0.8053571428571429,0.8089285714285714,0.8120535714285714,0.8138392857142858,0.8151785714285714,0.8191964285714286,0.8209821428571429,0.8245535714285714,0.8258928571428571,0.8285714285714286,0.8339285714285715,0.8352678571428571,0.8383928571428572,0.840625,0.8441964285714286
subcell_mae_masked,U2OS,mean,0,PCA,standardize,moa,0.1551535896892779,0.1948051948051948,77,1617,0.574964639321075,0.6237623762376238,0.6584158415841584,0.6796322489391796,0.7001414427157001,0.714992927864215,0.7333804809052333,0.748939179632249,0.7623762376237624,0.7758132956152758,0.7821782178217822,0.7927864214992928,0.8026874115983027,0.8097595473833098,0.8203677510608204,0.8295615275813296,0.8415841584158416,0.8486562942008486,0.8571428571428571,0.862093352192362,0.8705799151343706,0.8762376237623762,0.884016973125884,0.8868458274398868,0.8882602545968883,0.8917963224893918,0.8960396039603961,0.8981612446958982,0.9024045261669024,0.908062234794908,0.91018387553041,0.9144271570014144,0.917963224893918,0.9207920792079208,0.925035360678925,0.9271570014144273,0.9278642149929278,0.9306930693069309,0.9314002828854314,0.932107496463932,0.9335219236209336,0.9349363507779348,0.9363507779349364,0.937057991513437,0.9391796322489392,0.942008486562942,0.9434229137199436,0.944130127298444,0.9455445544554456,0.9455445544554456
subcell_mae_masked,U2OS,mean,0,PCAcor,mad_robustize,replicate,0.4186739085750988,0.6688741721854304,302,2240,0.484375,0.5263392857142857,0.546875,0.5700892857142857,0.5875,0.6013392857142857,0.6165178571428571,0.6263392857142858,0.634375,0.6397321428571429,0.6455357142857143,0.6526785714285714,0.6598214285714286,0.6683035714285714,0.6763392857142857,0.6839285714285714,0.6897321428571429,0.6919642857142857,0.6991071428571428,0.7049107142857143,0.7066964285714286,0.7120535714285714,0.7151785714285714,0.7183035714285714,0.7223214285714286,0.7258928571428571,0.7290178571428572,0.73125,0.7348214285714286,0.7388392857142857,0.7428571428571429,0.746875,0.7508928571428571,0.7540178571428572,0.7575892857142857,0.7616071428571428,0.7651785714285714,0.7691964285714286,0.771875,0.7736607142857143,0.778125,0.7816964285714286,0.7857142857142857,0.7892857142857143,0.7901785714285714,0.7919642857142857,0.7950892857142857,0.7964285714285714,0.7986607142857143,0.7991071428571429
subcell_mae_masked,U2OS,mean,0,PCAcor,mad_robustize,moa,0.1674739754514251,0.2727272727272727,77,1617,0.5678925035360679,0.6067892503536068,0.6364922206506365,0.6527581329561527,0.6753889674681753,0.6874115983026874,0.698019801980198,0.7107496463932107,0.7234794908062234,0.7298444130127298,0.743988684582744,0.7503536067892503,0.7595473833097596,0.7673267326732673,0.7701555869872702,0.7772277227722773,0.7828854314002829,0.7927864214992928,0.7984441301272984,0.8012729844413012,0.8097595473833098,0.814002828854314,0.8196605374823197,0.8274398868458275,0.8323903818953324,0.8366336633663366,0.8444130127298444,0.8507779349363508,0.8543140028288543,0.8578500707213579,0.8606789250353607,0.8635077793493635,0.867043847241867,0.8684582743988685,0.8705799151343706,0.8727015558698727,0.8748231966053748,0.879066478076379,0.8804809052333805,0.8826025459688827,0.884016973125884,0.8875530410183875,0.888967468175389,0.8910891089108911,0.8917963224893918,0.8932107496463932,0.8939179632248939,0.8953323903818954,0.8995756718528995,0.9002828854314003
subcell_mae_masked,U2OS,mean,0,PCAcor,standardize,replicate,0.3965446999640615,0.6887417218543046,302,2240,0.4941964285714286,0.5370535714285715,0.5647321428571429,0.5803571428571429,0.5950892857142858,0.6125,0.6236607142857142,0.634375,0.6450892857142857,0.6558035714285714,0.6625,0.6705357142857142,0.6767857142857143,0.6866071428571429,0.6946428571428571,0.7035714285714286,0.7107142857142857,0.7165178571428571,0.7241071428571428,0.7290178571428572,0.7325892857142857,0.7366071428571429,0.74375,0.7517857142857143,0.7571428571428571,0.7625,0.765625,0.7705357142857143,0.7754464285714285,0.7794642857142857,0.7825892857142858,0.7848214285714286,0.7870535714285715,0.7915178571428572,0.7995535714285714,0.803125,0.8066964285714285,0.8102678571428571,0.8129464285714286,0.81875,0.8209821428571429,0.8227678571428572,0.8245535714285714,0.828125,0.8294642857142858,0.8330357142857143,0.834375,0.8361607142857143,0.8383928571428572,0.840625
subcell_mae_masked,U2OS,mean,0,PCAcor,standardize,moa,0.1563530612576802,0.2077922077922078,77,1617,0.5721357850070722,0.6181046676096181,0.6548797736916548,0.6760961810466761,0.7008486562942009,0.7135785007072136,0.7298444130127298,0.7454031117397454,0.7644978783592645,0.7758132956152758,0.7835926449787836,0.7920792079207921,0.7984441301272984,0.8076379066478077,0.8182461103253182,0.830975954738331,0.8380480905233381,0.8458274398868458,0.8557284299858557,0.8606789250353607,0.8684582743988685,0.8769448373408769,0.8826025459688827,0.888967468175389,0.8925035360678925,0.8939179632248939,0.8953323903818954,0.8988684582743989,0.9031117397454032,0.9066478076379066,0.9115983026874116,0.915841584158416,0.917963224893918,0.9214992927864216,0.9243281471004244,0.925035360678925,0.9292786421499292,0.9292786421499292,0.9328147100424328,0.9342291371994342,0.9377652050919376,0.9384724186704384,0.93988684582744,0.9413012729844412,0.9413012729844412,0.944130127298444,0.9448373408769448,0.9476661951909476,0.9497878359264498,0.9504950495049505
subcell_mae_masked,U2OS,mean,0,ZCA,mad_robustize,replicate,0.4464693521810352,0.7450331125827815,302,2240,0.5035714285714286,0.5450892857142857,0.5772321428571429,0.5995535714285715,0.6174107142857143,0.6303571428571428,0.6410714285714286,0.6513392857142857,0.6638392857142857,0.6745535714285714,0.6821428571428572,0.6888392857142858,0.6986607142857143,0.7066964285714286,0.7200892857142858,0.7267857142857143,0.7299107142857143,0.7357142857142858,0.7397321428571428,0.7446428571428572,0.75,0.7544642857142857,0.7584821428571429,0.7642857142857142,0.7669642857142858,0.7705357142857143,0.7727678571428571,0.7772321428571428,0.7816964285714286,0.7848214285714286,0.7857142857142857,0.7883928571428571,0.7924107142857143,0.79375,0.7973214285714286,0.8008928571428572,0.80625,0.809375,0.8111607142857142,0.8120535714285714,0.8133928571428571,0.8147321428571429,0.8160714285714286,0.8178571428571428,0.8214285714285714,0.8241071428571428,0.8241071428571428,0.8267857142857142,0.828125,0.8303571428571429
subcell_mae_masked,U2OS,mean,0,ZCA,mad_robustize,moa,0.1769062806395205,0.2727272727272727,77,1617,0.5848656294200849,0.635077793493635,0.6626591230551626,0.6852899575671852,0.7057991513437057,0.7199434229137199,0.7347949080622348,0.7461103253182461,0.7630834512022631,0.7722772277227723,0.7857142857142857,0.7949080622347949,0.8026874115983027,0.814002828854314,0.8217821782178217,0.8288543140028288,0.8359264497878359,0.8387553041018387,0.8422913719943423,0.8451202263083452,0.8486562942008486,0.8514851485148515,0.8571428571428571,0.8628005657708628,0.867043847241867,0.8712871287128713,0.8748231966053748,0.8769448373408769,0.8811881188118812,0.8833097595473833,0.8875530410183875,0.888967468175389,0.8896746817538896,0.8932107496463932,0.8939179632248939,0.8946251768033946,0.8960396039603961,0.8988684582743989,0.9024045261669024,0.9045261669024044,0.9066478076379066,0.9087694483734088,0.9115983026874116,0.915841584158416,0.9172560113154172,0.9222065063649222,0.9229137199434228,0.925035360678925,0.9264497878359264,0.9285714285714286
subcell_mae_masked,U2OS,mean,0,ZCA,standardize,replicate,0.3960126753222839,0.6821192052980133,302,2240,0.5026785714285714,0.5388392857142857,0.5633928571428571,0.5825892857142857,0.5986607142857143,0.6133928571428572,0.6254464285714286,0.6383928571428571,0.6495535714285714,0.659375,0.66875,0.678125,0.684375,0.6928571428571428,0.6973214285714285,0.7040178571428571,0.7084821428571428,0.7138392857142857,0.71875,0.7258928571428571,0.7330357142857142,0.7383928571428572,0.7446428571428572,0.7495535714285714,0.7540178571428572,0.7584821428571429,0.7638392857142857,0.7683035714285714,0.7745535714285714,0.778125,0.7816964285714286,0.7857142857142857,0.7892857142857143,0.7933035714285714,0.7964285714285714,0.7995535714285714,0.8004464285714286,0.8035714285714286,0.8066964285714285,0.8102678571428571,0.8125,0.8142857142857143,0.8174107142857143,0.8191964285714286,0.8227678571428572,0.825,0.8267857142857142,0.8285714285714286,0.8339285714285715,0.8370535714285714
subcell_mae_masked,U2OS,mean,0,ZCA,standardize,moa,0.1562812934996355,0.1948051948051948,77,1617,0.5756718528995757,0.6251768033946252,0.6555869872701556,0.6803394625176803,0.7008486562942009,0.7234794908062234,0.7369165487977369,0.751060820367751,0.7644978783592645,0.7779349363507779,0.7906647807637907,0.8026874115983027,0.8104667609618105,0.8182461103253182,0.8274398868458275,0.8380480905233381,0.8408769448373409,0.8521923620933521,0.8571428571428571,0.8628005657708628,0.8677510608203678,0.8705799151343706,0.8734087694483734,0.8776520509193777,0.884016973125884,0.888967468175389,0.8925035360678925,0.8967468175388967,0.9002828854314003,0.9024045261669024,0.9073550212164072,0.91018387553041,0.9130127298444132,0.9137199434229136,0.9172560113154172,0.917963224893918,0.9193776520509194,0.9236209335219236,0.9257425742574258,0.9285714285714286,0.932107496463932,0.9335219236209336,0.937057991513437,0.9384724186704384,0.9413012729844412,0.9434229137199436,0.9448373408769448,0.946958981612447,0.9490806223479492,0.9497878359264498
subcell_mae_masked,U2OS,mean,0,ZCAcor,mad_robustize,replicate,0.4463199306425459,0.7483443708609272,302,2240,0.503125,0.5459821428571429,0.5763392857142857,0.5995535714285715,0.6147321428571428,0.6334821428571429,0.6459821428571428,0.6553571428571429,0.6642857142857143,0.6727678571428571,0.678125,0.6830357142857143,0.6928571428571428,0.7022321428571429,0.7084821428571428,0.715625,0.7196428571428571,0.7254464285714286,0.7325892857142857,0.7392857142857143,0.7441964285714285,0.7482142857142857,0.7540178571428572,0.7571428571428571,0.7633928571428571,0.76875,0.7700892857142857,0.7736607142857143,0.7758928571428572,0.7808035714285714,0.7839285714285714,0.7888392857142857,0.790625,0.7955357142857142,0.7991071428571429,0.8022321428571428,0.8058035714285714,0.8084821428571428,0.8089285714285714,0.8125,0.8133928571428571,0.8151785714285714,0.81875,0.8214285714285714,0.8236607142857143,0.8236607142857143,0.8245535714285714,0.8263392857142857,0.8276785714285714,0.8294642857142858
subcell_mae_masked,U2OS,mean,0,ZCAcor,mad_robustize,moa,0.1765002842899892,0.2727272727272727,77,1617,0.5848656294200849,0.6343705799151343,0.6584158415841584,0.6789250353606789,0.7043847241867044,0.7277227722772277,0.7397454031117398,0.7545968882602546,0.7659123055162659,0.7751060820367751,0.7835926449787836,0.7913719943422913,0.7984441301272984,0.8104667609618105,0.8147100424328148,0.8217821782178217,0.8274398868458275,0.8330975954738331,0.8437057991513437,0.8465346534653465,0.8500707213578501,0.8543140028288543,0.8571428571428571,0.8592644978783592,0.8656294200848657,0.8691654879773691,0.871994342291372,0.8755304101838756,0.879066478076379,0.8826025459688827,0.8854314002828855,0.8903818953323904,0.8925035360678925,0.8925035360678925,0.8960396039603961,0.8974540311173974,0.9002828854314003,0.9016973125884016,0.9045261669024044,0.9052333804809052,0.9073550212164072,0.9094766619519096,0.9115983026874116,0.9115983026874116,0.9137199434229136,0.915841584158416,0.917963224893918,0.9214992927864216,0.9229137199434228,0.9236209335219236
subcell_mae_masked,U2OS,mean,0,ZCAcor,standardize,replicate,0.3954925090548609,0.6788079470198676,302,2240,0.5013392857142858,0.5379464285714286,0.5647321428571429,0.5790178571428571,0.596875,0.6111607142857143,0.6272321428571429,0.6392857142857142,0.646875,0.65625,0.6674107142857143,0.6754464285714286,0.6834821428571428,0.6919642857142857,0.6959821428571429,0.7004464285714286,0.7044642857142858,0.7089285714285715,0.7160714285714286,0.7223214285714286,0.7316964285714286,0.7419642857142857,0.7482142857142857,0.7522321428571429,0.7558035714285715,0.7616071428571428,0.7665178571428571,0.7691964285714286,0.7732142857142857,0.778125,0.7825892857142858,0.784375,0.7861607142857143,0.7924107142857143,0.7950892857142857,0.7986607142857143,0.8022321428571428,0.8058035714285714,0.8080357142857143,0.809375,0.8138392857142858,0.8165178571428572,0.8200892857142857,0.8232142857142857,0.8263392857142857,0.8285714285714286,0.8303571428571429,0.8330357142857143,0.834375,0.8366071428571429
subcell_mae_masked,U2OS,mean,0,ZCAcor,standardize,moa,0.1562334738429316,0.1948051948051948,77,1617,0.5707213578500707,0.620933521923621,0.6548797736916548,0.6810466760961811,0.7043847241867044,0.7206506364922206,0.7347949080622348,0.7496463932107497,0.7687411598302687,0.7793493635077794,0.7920792079207921,0.8033946251768034,0.8118811881188119,0.8224893917963225,0.8316831683168316,0.8338048090523338,0.842998585572843,0.8458274398868458,0.8514851485148515,0.8571428571428571,0.864922206506365,0.8698727015558698,0.8755304101838756,0.8826025459688827,0.8847241867043847,0.8875530410183875,0.8903818953323904,0.8939179632248939,0.900990099009901,0.9052333804809052,0.9066478076379066,0.91018387553041,0.9151343705799152,0.9165487977369166,0.9186704384724188,0.9214992927864216,0.925035360678925,0.9257425742574258,0.9271570014144273,0.92998585572843,0.92998585572843,0.9314002828854314,0.932107496463932,0.9335219236209336,0.9356435643564356,0.937057991513437,0.9391796322489392,0.9413012729844412,0.9427157001414428,0.9455445544554456
subcell_mae_masked,U2OS,mean,0,mad_robustize,PCA,replicate,0.2958141378209258,0.5231788079470199,302,2240,0.4933035714285714,0.5352678571428572,0.5674107142857143,0.5933035714285714,0.6084821428571429,0.6241071428571429,0.6334821428571429,0.6397321428571429,0.6482142857142857,0.653125,0.6589285714285714,0.6638392857142857,0.6691964285714286,0.6741071428571429,0.6772321428571428,0.68125,0.6848214285714286,0.69375,0.6977678571428572,0.7022321428571429,0.7107142857142857,0.7138392857142857,0.7183035714285714,0.7214285714285714,0.7227678571428572,0.7263392857142857,0.7294642857142857,0.7334821428571429,0.7370535714285714,0.7415178571428571,0.7419642857142857,0.7459821428571428,0.7473214285714286,0.7504464285714286,0.7535714285714286,0.7584821428571429,0.7607142857142857,0.7625,0.765625,0.7696428571428572,0.7736607142857143,0.7790178571428571,0.7803571428571429,0.7839285714285714,0.7852678571428572,0.7866071428571428,0.7879464285714286,0.7919642857142857,0.7933035714285714,0.7950892857142857
subcell_mae_masked,U2OS,mean,0,mad_robustize,PCA,moa,0.1193521831234297,0.1818181818181818,77,1617,0.5785007072135785,0.6181046676096181,0.6527581329561527,0.6768033946251768,0.6881188118811881,0.6994342291371994,0.7093352192362093,0.7220650636492221,0.7340876944837341,0.7404526166902404,0.748939179632249,0.7538896746817539,0.7595473833097596,0.768033946251768,0.7758132956152758,0.7842998585572843,0.7956152758132956,0.7984441301272984,0.8062234794908062,0.8125884016973126,0.8147100424328148,0.8224893917963225,0.8246110325318247,0.8302687411598303,0.8366336633663366,0.8401697312588402,0.8422913719943423,0.8451202263083452,0.847949080622348,0.8500707213578501,0.8521923620933521,0.8543140028288543,0.8557284299858557,0.8564356435643564,0.8571428571428571,0.8606789250353607,0.862093352192362,0.864922206506365,0.867043847241867,0.8684582743988685,0.8705799151343706,0.871994342291372,0.8755304101838756,0.8776520509193777,0.8797736916548797,0.8818953323903819,0.8833097595473833,0.8847241867043847,0.8861386138613861,0.8882602545968883
subcell_mae_masked,U2OS,mean,0,mad_robustize,PCAcor,replicate,0.2895387656373324,0.5099337748344371,302,2240,0.4866071428571428,0.5294642857142857,0.565625,0.5888392857142857,0.6044642857142857,0.6200892857142857,0.6290178571428572,0.6383928571428571,0.6459821428571428,0.6549107142857142,0.659375,0.6642857142857143,0.6700892857142857,0.6772321428571428,0.6808035714285714,0.6861607142857142,0.6901785714285714,0.6910714285714286,0.696875,0.7017857142857142,0.7075892857142857,0.7129464285714285,0.7169642857142857,0.7223214285714286,0.725,0.7285714285714285,0.7325892857142857,0.7361607142857143,0.7392857142857143,0.7419642857142857,0.7464285714285714,0.75,0.7522321428571429,0.7535714285714286,0.7558035714285715,0.7598214285714285,0.7633928571428571,0.7665178571428571,0.7696428571428572,0.771875,0.7758928571428572,0.7772321428571428,0.7790178571428571,0.7794642857142857,0.78125,0.7839285714285714,0.7861607142857143,0.7875,0.7892857142857143,0.7892857142857143
subcell_mae_masked,U2OS,mean,0,mad_robustize,PCAcor,moa,0.1172491418219234,0.1818181818181818,77,1617,0.5707213578500707,0.6117397454031117,0.6463932107496464,0.6704384724186704,0.6867043847241867,0.6994342291371994,0.7142857142857143,0.7248939179632249,0.731966053748232,0.7383309759547383,0.7468175388967468,0.756011315417256,0.7644978783592645,0.7751060820367751,0.7793493635077794,0.7864214992927864,0.7963224893917963,0.8026874115983027,0.8062234794908062,0.8132956152758133,0.8168316831683168,0.8231966053748232,0.8267326732673267,0.8302687411598303,0.8352192362093352,0.8387553041018387,0.8408769448373409,0.842998585572843,0.8451202263083452,0.8500707213578501,0.8528995756718529,0.8571428571428571,0.8585572842998586,0.8613861386138614,0.8635077793493635,0.8635077793493635,0.8642149929278642,0.864922206506365,0.8656294200848657,0.8684582743988685,0.8734087694483734,0.8762376237623762,0.8783592644978784,0.8804809052333805,0.8826025459688827,0.8833097595473833,0.884016973125884,0.8868458274398868,0.8896746817538896,0.8903818953323904
subcell_mae_masked,U2OS,mean,0,mad_robustize,ZCA,replicate,0.2958141378209258,0.5231788079470199,302,2240,0.4933035714285714,0.5352678571428572,0.5674107142857143,0.5933035714285714,0.6084821428571429,0.6241071428571429,0.6334821428571429,0.6397321428571429,0.6482142857142857,0.653125,0.6589285714285714,0.6638392857142857,0.6691964285714286,0.6741071428571429,0.6772321428571428,0.68125,0.6848214285714286,0.69375,0.6977678571428572,0.7022321428571429,0.7107142857142857,0.7138392857142857,0.7183035714285714,0.7214285714285714,0.7227678571428572,0.7263392857142857,0.7294642857142857,0.7334821428571429,0.7370535714285714,0.7415178571428571,0.7419642857142857,0.7459821428571428,0.7473214285714286,0.7504464285714286,0.7535714285714286,0.7584821428571429,0.7607142857142857,0.7625,0.765625,0.7696428571428572,0.7736607142857143,0.7790178571428571,0.7803571428571429,0.7839285714285714,0.7852678571428572,0.7866071428571428,0.7879464285714286,0.7919642857142857,0.7933035714285714,0.7950892857142857
subcell_mae_masked,U2OS,mean,0,mad_robustize,ZCA,moa,0.1193521831234297,0.1818181818181818,77,1617,0.5785007072135785,0.6181046676096181,0.6527581329561527,0.6768033946251768,0.6881188118811881,0.6994342291371994,0.7093352192362093,0.7220650636492221,0.7340876944837341,0.7404526166902404,0.748939179632249,0.7538896746817539,0.7595473833097596,0.768033946251768,0.7758132956152758,0.7842998585572843,0.7956152758132956,0.7984441301272984,0.8062234794908062,0.8125884016973126,0.8147100424328148,0.8224893917963225,0.8246110325318247,0.8302687411598303,0.8366336633663366,0.8401697312588402,0.8422913719943423,0.8451202263083452,0.847949080622348,0.8500707213578501,0.8521923620933521,0.8543140028288543,0.8557284299858557,0.8564356435643564,0.8571428571428571,0.8606789250353607,0.862093352192362,0.864922206506365,0.867043847241867,0.8684582743988685,0.8705799151343706,0.871994342291372,0.8755304101838756,0.8776520509193777,0.8797736916548797,0.8818953323903819,0.8833097595473833,0.8847241867043847,0.8861386138613861,0.8882602545968883
subcell_mae_masked,U2OS,mean,0,mad_robustize,ZCAcor,replicate,0.2895387656373324,0.5099337748344371,302,2240,0.4866071428571428,0.5294642857142857,0.565625,0.5888392857142857,0.6044642857142857,0.6200892857142857,0.6290178571428572,0.6383928571428571,0.6459821428571428,0.6549107142857142,0.659375,0.6642857142857143,0.6700892857142857,0.6772321428571428,0.6808035714285714,0.6861607142857142,0.6901785714285714,0.6910714285714286,0.696875,0.7017857142857142,0.7075892857142857,0.7129464285714285,0.7169642857142857,0.7223214285714286,0.725,0.7285714285714285,0.7325892857142857,0.7361607142857143,0.7392857142857143,0.7419642857142857,0.7464285714285714,0.75,0.7522321428571429,0.7535714285714286,0.7558035714285715,0.7598214285714285,0.7633928571428571,0.7665178571428571,0.7696428571428572,0.771875,0.7758928571428572,0.7772321428571428,0.7790178571428571,0.7794642857142857,0.78125,0.7839285714285714,0.7861607142857143,0.7875,0.7892857142857143,0.7892857142857143
subcell_mae_masked,U2OS,mean,0,mad_robustize,ZCAcor,moa,0.1172491418219234,0.1818181818181818,77,1617,0.5707213578500707,0.6117397454031117,0.6463932107496464,0.6704384724186704,0.6867043847241867,0.6994342291371994,0.7142857142857143,0.7248939179632249,0.731966053748232,0.7383309759547383,0.7468175388967468,0.756011315417256,0.7644978783592645,0.7751060820367751,0.7793493635077794,0.7864214992927864,0.7963224893917963,0.8026874115983027,0.8062234794908062,0.8132956152758133,0.8168316831683168,0.8231966053748232,0.8267326732673267,0.8302687411598303,0.8352192362093352,0.8387553041018387,0.8408769448373409,0.842998585572843,0.8451202263083452,0.8500707213578501,0.8528995756718529,0.8571428571428571,0.8585572842998586,0.8613861386138614,0.8635077793493635,0.8635077793493635,0.8642149929278642,0.864922206506365,0.8656294200848657,0.8684582743988685,0.8734087694483734,0.8762376237623762,0.8783592644978784,0.8804809052333805,0.8826025459688827,0.8833097595473833,0.884016973125884,0.8868458274398868,0.8896746817538896,0.8903818953323904
subcell_mae_masked,U2OS,mean,0,mad_robustize,none,replicate,0.3877285177289072,0.8675496688741722,302,2240,0.465625,0.5303571428571429,0.5763392857142857,0.6084821428571429,0.6361607142857143,0.6508928571428572,0.6700892857142857,0.6870535714285714,0.6986607142857143,0.7116071428571429,0.721875,0.7285714285714285,0.7357142857142858,0.7441964285714285,0.7540178571428572,0.759375,0.7647321428571429,0.7741071428571429,0.7794642857142857,0.7848214285714286,0.7883928571428571,0.7941964285714286,0.7986607142857143,0.8035714285714286,0.8080357142857143,0.8125,0.8174107142857143,0.8236607142857143,0.8285714285714286,0.8330357142857143,0.8361607142857143,0.8392857142857143,0.8424107142857142,0.8446428571428571,0.8473214285714286,0.8486607142857143,0.8522321428571429,0.8535714285714285,0.85625,0.8580357142857142,0.8616071428571429,0.8638392857142857,0.8674107142857143,0.8696428571428572,0.8705357142857143,0.871875,0.8732142857142857,0.8763392857142858,0.8794642857142857,0.8816964285714286
subcell_mae_masked,U2OS,mean,0,mad_robustize,none,moa,0.150908285608564,0.2727272727272727,77,1617,0.5516265912305516,0.6216407355021216,0.6697312588401697,0.7036775106082037,0.7234794908062234,0.7545968882602546,0.7765205091937766,0.7913719943422913,0.7963224893917963,0.8055162659123055,0.814002828854314,0.8239038189533239,0.8302687411598303,0.842998585572843,0.8486562942008486,0.8543140028288543,0.8613861386138614,0.8656294200848657,0.8705799151343706,0.8734087694483734,0.8776520509193777,0.8826025459688827,0.888967468175389,0.8903818953323904,0.8946251768033946,0.9002828854314003,0.9038189533239038,0.9073550212164072,0.9108910891089108,0.9130127298444132,0.915841584158416,0.917963224893918,0.917963224893918,0.9236209335219236,0.9257425742574258,0.9278642149929278,0.9292786421499292,0.92998585572843,0.932107496463932,0.9342291371994342,0.9356435643564356,0.9377652050919376,0.9384724186704384,0.93988684582744,0.9413012729844412,0.9427157001414428,0.9427157001414428,0.944130127298444,0.944130127298444,0.9455445544554456
subcell_mae_masked,U2OS,mean,0,standardize,PCA,replicate,0.3675944697996073,0.5827814569536424,302,2240,0.4879464285714285,0.5397321428571429,0.5700892857142857,0.5888392857142857,0.6044642857142857,0.6142857142857143,0.6258928571428571,0.6375,0.6446428571428572,0.6482142857142857,0.6580357142857143,0.66875,0.6741071428571429,0.6830357142857143,0.6892857142857143,0.6950892857142857,0.7,0.703125,0.7075892857142857,0.7111607142857143,0.7165178571428571,0.721875,0.7263392857142857,0.7299107142857143,0.734375,0.7370535714285714,0.7410714285714286,0.7450892857142857,0.7477678571428571,0.7504464285714286,0.753125,0.7549107142857143,0.7584821428571429,0.7616071428571428,0.7629464285714286,0.7665178571428571,0.7691964285714286,0.7714285714285715,0.7723214285714286,0.7745535714285714,0.7767857142857143,0.7790178571428571,0.7816964285714286,0.7830357142857143,0.7852678571428572,0.7879464285714286,0.7897321428571429,0.7915178571428572,0.7924107142857143,0.7941964285714286
subcell_mae_masked,U2OS,mean,0,standardize,PCA,moa,0.1539520585013868,0.2467532467532467,77,1617,0.5714285714285714,0.6173974540311173,0.6499292786421499,0.6732673267326733,0.6881188118811881,0.7029702970297029,0.7157001414427157,0.7305516265912305,0.7404526166902404,0.7531824611032532,0.7602545968882602,0.7701555869872702,0.7758132956152758,0.7864214992927864,0.7913719943422913,0.7963224893917963,0.8048090523338048,0.8111739745403111,0.8196605374823197,0.8224893917963225,0.8295615275813296,0.8316831683168316,0.8323903818953324,0.8380480905233381,0.8401697312588402,0.8422913719943423,0.842998585572843,0.8437057991513437,0.8458274398868458,0.8500707213578501,0.8521923620933521,0.8564356435643564,0.8606789250353607,0.8628005657708628,0.8656294200848657,0.8684582743988685,0.8727015558698727,0.8748231966053748,0.8769448373408769,0.8818953323903819,0.8826025459688827,0.8854314002828855,0.8868458274398868,0.8882602545968883,0.8882602545968883,0.8903818953323904,0.8917963224893918,0.8939179632248939,0.8960396039603961,0.8974540311173974
subcell_mae_masked,U2OS,mean,0,standardize,PCAcor,replicate,0.3732225309991916,0.5927152317880795,302,2240,0.4910714285714285,0.5415178571428572,0.56875,0.5919642857142857,0.6084821428571429,0.6205357142857143,0.63125,0.6401785714285714,0.6482142857142857,0.6535714285714286,0.659375,0.6633928571428571,0.66875,0.6754464285714286,0.6830357142857143,0.6892857142857143,0.6941964285714286,0.6991071428571428,0.7058035714285714,0.7133928571428572,0.7209821428571429,0.725,0.728125,0.7308035714285714,0.7348214285714286,0.7383928571428572,0.7428571428571429,0.7473214285714286,0.7495535714285714,0.7526785714285714,0.7540178571428572,0.7558035714285715,0.7589285714285714,0.7625,0.7651785714285714,0.7674107142857143,0.76875,0.7696428571428572,0.7723214285714286,0.775,0.7763392857142857,0.7776785714285714,0.7794642857142857,0.7808035714285714,0.7839285714285714,0.7848214285714286,0.7870535714285715,0.7879464285714286,0.7897321428571429,0.7941964285714286
subcell_mae_masked,U2OS,mean,0,standardize,PCAcor,moa,0.1545831769035311,0.2467532467532467,77,1617,0.5721357850070722,0.6216407355021216,0.6471004243281471,0.6661951909476662,0.6867043847241867,0.7008486562942009,0.7178217821782178,0.7291371994342292,0.7383309759547383,0.7468175388967468,0.7588401697312589,0.7666195190947667,0.7751060820367751,0.7857142857142857,0.7934936350777935,0.801980198019802,0.8055162659123055,0.8104667609618105,0.814002828854314,0.8175388967468176,0.8210749646393211,0.8281471004243282,0.8323903818953324,0.8352192362093352,0.8373408769448374,0.8394625176803394,0.8437057991513437,0.8465346534653465,0.8514851485148515,0.8536067892503536,0.8571428571428571,0.85997171145686,0.8628005657708628,0.8656294200848657,0.8656294200848657,0.8698727015558698,0.871994342291372,0.8748231966053748,0.8748231966053748,0.8776520509193777,0.8797736916548797,0.8804809052333805,0.8818953323903819,0.884016973125884,0.8854314002828855,0.8868458274398868,0.8875530410183875,0.8903818953323904,0.8903818953323904,0.8932107496463932
subcell_mae_masked,U2OS,mean,0,standardize,ZCA,replicate,0.3675944697996073,0.5827814569536424,302,2240,0.4879464285714285,0.5397321428571429,0.5700892857142857,0.5888392857142857,0.6044642857142857,0.6142857142857143,0.6258928571428571,0.6375,0.6446428571428572,0.6482142857142857,0.6580357142857143,0.66875,0.6741071428571429,0.6830357142857143,0.6892857142857143,0.6950892857142857,0.7,0.703125,0.7075892857142857,0.7111607142857143,0.7165178571428571,0.721875,0.7263392857142857,0.7299107142857143,0.734375,0.7370535714285714,0.7410714285714286,0.7450892857142857,0.7477678571428571,0.7504464285714286,0.753125,0.7549107142857143,0.7584821428571429,0.7616071428571428,0.7629464285714286,0.7665178571428571,0.7691964285714286,0.7714285714285715,0.7723214285714286,0.7745535714285714,0.7767857142857143,0.7790178571428571,0.7816964285714286,0.7830357142857143,0.7852678571428572,0.7879464285714286,0.7897321428571429,0.7915178571428572,0.7924107142857143,0.7941964285714286
subcell_mae_masked,U2OS,mean,0,standardize,ZCA,moa,0.1539520585013868,0.2467532467532467,77,1617,0.5714285714285714,0.6173974540311173,0.6499292786421499,0.6732673267326733,0.6881188118811881,0.7029702970297029,0.7157001414427157,0.7305516265912305,0.7404526166902404,0.7531824611032532,0.7602545968882602,0.7701555869872702,0.7758132956152758,0.7864214992927864,0.7913719943422913,0.7963224893917963,0.8048090523338048,0.8111739745403111,0.8196605374823197,0.8224893917963225,0.8295615275813296,0.8316831683168316,0.8323903818953324,0.8380480905233381,0.8401697312588402,0.8422913719943423,0.842998585572843,0.8437057991513437,0.8458274398868458,0.8500707213578501,0.8521923620933521,0.8564356435643564,0.8606789250353607,0.8628005657708628,0.8656294200848657,0.8684582743988685,0.8727015558698727,0.8748231966053748,0.8769448373408769,0.8818953323903819,0.8826025459688827,0.8854314002828855,0.8868458274398868,0.8882602545968883,0.8882602545968883,0.8903818953323904,0.8917963224893918,0.8939179632248939,0.8960396039603961,0.8974540311173974
subcell_mae_masked,U2OS,mean,0,standardize,ZCAcor,replicate,0.3732225309991916,0.5927152317880795,302,2240,0.4910714285714285,0.5415178571428572,0.56875,0.5919642857142857,0.6084821428571429,0.6205357142857143,0.63125,0.6401785714285714,0.6482142857142857,0.6535714285714286,0.659375,0.6633928571428571,0.66875,0.6754464285714286,0.6830357142857143,0.6892857142857143,0.6941964285714286,0.6991071428571428,0.7058035714285714,0.7133928571428572,0.7209821428571429,0.725,0.728125,0.7308035714285714,0.7348214285714286,0.7383928571428572,0.7428571428571429,0.7473214285714286,0.7495535714285714,0.7526785714285714,0.7540178571428572,0.7558035714285715,0.7589285714285714,0.7625,0.7651785714285714,0.7674107142857143,0.76875,0.7696428571428572,0.7723214285714286,0.775,0.7763392857142857,0.7776785714285714,0.7794642857142857,0.7808035714285714,0.7839285714285714,0.7848214285714286,0.7870535714285715,0.7879464285714286,0.7897321428571429,0.7941964285714286
subcell_mae_masked,U2OS,mean,0,standardize,ZCAcor,moa,0.1545831769035311,0.2467532467532467,77,1617,0.5721357850070722,0.6216407355021216,0.6471004243281471,0.6661951909476662,0.6867043847241867,0.7008486562942009,0.7178217821782178,0.7291371994342292,0.7383309759547383,0.7468175388967468,0.7588401697312589,0.7666195190947667,0.7751060820367751,0.7857142857142857,0.7934936350777935,0.801980198019802,0.8055162659123055,0.8104667609618105,0.814002828854314,0.8175388967468176,0.8210749646393211,0.8281471004243282,0.8323903818953324,0.8352192362093352,0.8373408769448374,0.8394625176803394,0.8437057991513437,0.8465346534653465,0.8514851485148515,0.8536067892503536,0.8571428571428571,0.85997171145686,0.8628005657708628,0.8656294200848657,0.8656294200848657,0.8698727015558698,0.871994342291372,0.8748231966053748,0.8748231966053748,0.8776520509193777,0.8797736916548797,0.8804809052333805,0.8818953323903819,0.884016973125884,0.8854314002828855,0.8868458274398868,0.8875530410183875,0.8903818953323904,0.8903818953323904,0.8932107496463932
subcell_mae_masked,U2OS,mean,0,standardize,none,replicate,0.3704967155336299,0.8178807947019867,302,2240,0.4602678571428571,0.5205357142857143,0.5616071428571429,0.5901785714285714,0.6205357142857143,0.6424107142857143,0.6625,0.6723214285714286,0.6848214285714286,0.7,0.7107142857142857,0.7191964285714286,0.7276785714285714,0.7370535714285714,0.7401785714285715,0.7482142857142857,0.7553571428571428,0.7611607142857143,0.7696428571428572,0.7785714285714286,0.784375,0.7897321428571429,0.7964285714285714,0.7995535714285714,0.8049107142857143,0.8107142857142857,0.8160714285714286,0.8200892857142857,0.8223214285714285,0.8245535714285714,0.8263392857142857,0.8299107142857143,0.8316964285714286,0.8352678571428571,0.8383928571428572,0.8401785714285714,0.8433035714285714,0.8464285714285714,0.85,0.8517857142857143,0.8535714285714285,0.8553571428571428,0.8580357142857142,0.8598214285714286,0.8633928571428572,0.8660714285714286,0.86875,0.8700892857142857,0.8714285714285714,0.8745535714285714
subcell_mae_masked,U2OS,mean,0,standardize,none,moa,0.1476566051710646,0.2727272727272727,77,1617,0.5396039603960396,0.599009900990099,0.6562942008486563,0.6923620933521923,0.7241867043847242,0.7496463932107497,0.7673267326732673,0.7821782178217822,0.7920792079207921,0.804101838755304,0.8147100424328148,0.8267326732673267,0.8352192362093352,0.8437057991513437,0.8543140028288543,0.862093352192362,0.867043847241867,0.8727015558698727,0.8776520509193777,0.8818953323903819,0.8854314002828855,0.8896746817538896,0.8939179632248939,0.8960396039603961,0.8995756718528995,0.9024045261669024,0.9038189533239038,0.9066478076379066,0.9087694483734088,0.9123055162659124,0.915841584158416,0.9172560113154172,0.9236209335219236,0.9257425742574258,0.9271570014144273,0.92998585572843,0.9306930693069309,0.9306930693069309,0.932107496463932,0.932107496463932,0.9328147100424328,0.9356435643564356,0.937057991513437,0.937057991513437,0.9377652050919376,0.9384724186704384,0.93988684582744,0.944130127298444,0.9462517680339464,0.9462517680339464
subcell_mae_masked,U2OS,mean,1,PCA,mad_robustize,replicate,0.4171919831995433,0.6788079470198676,302,2240,0.4834821428571428,0.5272321428571428,0.5575892857142857,0.571875,0.5883928571428572,0.6022321428571429,0.61875,0.6321428571428571,0.6433035714285714,0.6495535714285714,0.6584821428571429,0.6665178571428572,0.6732142857142858,0.6808035714285714,0.6834821428571428,0.6901785714285714,0.69375,0.6973214285714285,0.7008928571428571,0.7075892857142857,0.7116071428571429,0.7165178571428571,0.7205357142857143,0.7272321428571429,0.7290178571428572,0.7330357142857142,0.7379464285714286,0.7401785714285715,0.746875,0.7495535714285714,0.7517857142857143,0.75625,0.7589285714285714,0.7616071428571428,0.7638392857142857,0.7669642857142858,0.7691964285714286,0.7705357142857143,0.7745535714285714,0.7772321428571428,0.78125,0.784375,0.7875,0.7892857142857143,0.7919642857142857,0.7950892857142857,0.7982142857142858,0.7995535714285714,0.8008928571428572,0.803125
subcell_mae_masked,U2OS,mean,1,PCA,mad_robustize,moa,0.1670653286587456,0.2727272727272727,77,1617,0.5657708628005658,0.6117397454031117,0.64002828854314,0.657001414427157,0.6718528995756718,0.690947666195191,0.7029702970297029,0.7142857142857143,0.7284299858557284,0.7446958981612447,0.7475247524752475,0.7538896746817539,0.7616690240452617,0.772984441301273,0.7814710042432814,0.7878359264497878,0.7942008486562943,0.8005657708628006,0.804101838755304,0.806930693069307,0.8076379066478077,0.8168316831683168,0.8224893917963225,0.8274398868458275,0.8338048090523338,0.8401697312588402,0.8465346534653465,0.8493635077793493,0.8514851485148515,0.8543140028288543,0.8585572842998586,0.85997171145686,0.8656294200848657,0.8698727015558698,0.8705799151343706,0.8712871287128713,0.8762376237623762,0.8776520509193777,0.8797736916548797,0.884016973125884,0.8861386138613861,0.8882602545968883,0.8910891089108911,0.8932107496463932,0.8967468175388967,0.8981612446958982,0.900990099009901,0.9024045261669024,0.9045261669024044,0.9052333804809052
subcell_mae_masked,U2OS,mean,1,PCA,standardize,replicate,0.3967866140095923,0.6887417218543046,302,2240,0.5017857142857143,0.5433035714285714,0.5723214285714285,0.590625,0.6084821428571429,0.6209821428571428,0.6357142857142857,0.64375,0.6535714285714286,0.6633928571428571,0.6745535714285714,0.6839285714285714,0.6910714285714286,0.7,0.7066964285714286,0.7116071428571429,0.7200892857142858,0.7299107142857143,0.7388392857142857,0.7428571428571429,0.7459821428571428,0.7504464285714286,0.7535714285714286,0.7584821428571429,0.7629464285714286,0.76875,0.7732142857142857,0.7772321428571428,0.778125,0.7839285714285714,0.7866071428571428,0.790625,0.7959821428571429,0.8035714285714286,0.80625,0.8089285714285714,0.8129464285714286,0.8183035714285715,0.8205357142857143,0.8227678571428572,0.8263392857142857,0.828125,0.83125,0.8348214285714286,0.8375,0.8401785714285714,0.8419642857142857,0.8455357142857143,0.8477678571428572,0.8508928571428571
subcell_mae_masked,U2OS,mean,1,PCA,standardize,moa,0.1548079624560595,0.1948051948051948,77,1617,0.5785007072135785,0.6315417256011315,0.6640735502121641,0.6916548797736917,0.7142857142857143,0.7333804809052333,0.7496463932107497,0.7644978783592645,0.7828854314002829,0.7949080622347949,0.801980198019802,0.8111739745403111,0.8182461103253182,0.8267326732673267,0.8373408769448374,0.8415841584158416,0.8493635077793493,0.8578500707213579,0.8642149929278642,0.8698727015558698,0.879066478076379,0.8826025459688827,0.8882602545968883,0.8896746817538896,0.8917963224893918,0.8953323903818954,0.9002828854314003,0.9016973125884016,0.9045261669024044,0.9123055162659124,0.9151343705799152,0.9193776520509194,0.9207920792079208,0.9229137199434228,0.9243281471004244,0.9264497878359264,0.9285714285714286,0.92998585572843,0.9335219236209336,0.9349363507779348,0.9384724186704384,0.9384724186704384,0.9413012729844412,0.944130127298444,0.9448373408769448,0.946958981612447,0.9483734087694484,0.9497878359264498,0.9533239038189534,0.9547383309759548
subcell_mae_masked,U2OS,mean,1,PCAcor,mad_robustize,replicate,0.4191751410051643,0.6754966887417219,302,2240,0.4839285714285714,0.5294642857142857,0.5522321428571428,0.5705357142857143,0.5888392857142857,0.6013392857142857,0.6142857142857143,0.6263392857142858,0.6357142857142857,0.6441964285714286,0.65,0.65625,0.6638392857142857,0.6714285714285714,0.6767857142857143,0.6852678571428571,0.6919642857142857,0.6995535714285714,0.70625,0.7111607142857143,0.715625,0.7205357142857143,0.7258928571428571,0.728125,0.73125,0.7361607142857143,0.740625,0.7446428571428572,0.7473214285714286,0.7504464285714286,0.7535714285714286,0.7558035714285715,0.7580357142857143,0.7589285714285714,0.7625,0.765625,0.7705357142857143,0.7736607142857143,0.7772321428571428,0.7776785714285714,0.7803571428571429,0.7821428571428571,0.7839285714285714,0.7861607142857143,0.790625,0.7919642857142857,0.7941964285714286,0.7955357142857142,0.7973214285714286,0.7986607142857143
subcell_mae_masked,U2OS,mean,1,PCAcor,mad_robustize,moa,0.1686546198840831,0.2727272727272727,77,1617,0.5678925035360679,0.6089108910891089,0.6336633663366337,0.6513437057991514,0.6704384724186704,0.6867043847241867,0.698019801980198,0.7157001414427157,0.7263083451202264,0.7362093352192363,0.7482319660537482,0.7545968882602546,0.7637906647807637,0.7736916548797736,0.7842998585572843,0.7927864214992928,0.7963224893917963,0.8012729844413012,0.8076379066478077,0.8132956152758133,0.8182461103253182,0.8231966053748232,0.8274398868458275,0.830975954738331,0.8373408769448374,0.8415841584158416,0.8451202263083452,0.8493635077793493,0.8507779349363508,0.8536067892503536,0.8564356435643564,0.85997171145686,0.8677510608203678,0.8705799151343706,0.8734087694483734,0.8741159830268741,0.8762376237623762,0.8776520509193777,0.8818953323903819,0.8847241867043847,0.8861386138613861,0.888967468175389,0.8917963224893918,0.8967468175388967,0.8974540311173974,0.8981612446958982,0.9002828854314003,0.9031117397454032,0.9045261669024044,0.905940594059406
subcell_mae_masked,U2OS,mean,1,PCAcor,standardize,replicate,0.3980922279098864,0.6821192052980133,302,2240,0.5026785714285714,0.5410714285714285,0.5709821428571429,0.5924107142857142,0.6066964285714286,0.6165178571428571,0.6316964285714286,0.6455357142857143,0.65625,0.6665178571428572,0.6758928571428572,0.6870535714285714,0.6986607142857143,0.7040178571428571,0.709375,0.7160714285714286,0.725,0.728125,0.7357142857142858,0.7410714285714286,0.7482142857142857,0.7544642857142857,0.7616071428571428,0.7669642857142858,0.7700892857142857,0.7754464285714285,0.7799107142857142,0.7852678571428572,0.7888392857142857,0.7919642857142857,0.79375,0.7982142857142858,0.8017857142857143,0.8066964285714285,0.8129464285714286,0.8160714285714286,0.8191964285714286,0.8241071428571428,0.825,0.8263392857142857,0.8285714285714286,0.8294642857142858,0.8330357142857143,0.8361607142857143,0.8383928571428572,0.8424107142857142,0.846875,0.85,0.8522321428571429,0.8549107142857143
subcell_mae_masked,U2OS,mean,1,PCAcor,standardize,moa,0.1556009876952701,0.1948051948051948,77,1617,0.5785007072135785,0.6308345120226309,0.6640735502121641,0.6902404526166902,0.7079207920792079,0.7298444130127298,0.7503536067892503,0.7666195190947667,0.7779349363507779,0.7864214992927864,0.7991513437057991,0.8097595473833098,0.8196605374823197,0.8281471004243282,0.8380480905233381,0.8486562942008486,0.8571428571428571,0.8642149929278642,0.8727015558698727,0.8804809052333805,0.8833097595473833,0.8847241867043847,0.8875530410183875,0.8932107496463932,0.9002828854314003,0.9038189533239038,0.9073550212164072,0.9073550212164072,0.9108910891089108,0.9130127298444132,0.9144271570014144,0.917963224893918,0.92008486562942,0.9243281471004244,0.925035360678925,0.92998585572843,0.9328147100424328,0.9342291371994342,0.937057991513437,0.9384724186704384,0.93988684582744,0.9405940594059404,0.9434229137199436,0.946958981612447,0.9476661951909476,0.9476661951909476,0.9490806223479492,0.9504950495049505,0.951909476661952,0.954031117397454
subcell_mae_masked,U2OS,mean,1,ZCA,mad_robustize,replicate,0.4441321367504816,0.7549668874172185,302,2240,0.5013392857142858,0.5428571428571428,0.5745535714285714,0.5964285714285714,0.6151785714285715,0.634375,0.6455357142857143,0.6589285714285714,0.6700892857142857,0.6799107142857143,0.6915178571428572,0.6991071428571428,0.70625,0.7098214285714286,0.7169642857142857,0.7232142857142857,0.7303571428571428,0.7366071428571429,0.7392857142857143,0.7428571428571429,0.7473214285714286,0.7526785714285714,0.7558035714285715,0.7580357142857143,0.7629464285714286,0.7660714285714286,0.7700892857142857,0.7736607142857143,0.7767857142857143,0.7790178571428571,0.7816964285714286,0.7857142857142857,0.7892857142857143,0.7910714285714285,0.7950892857142857,0.7973214285714286,0.8008928571428572,0.8040178571428571,0.8075892857142857,0.809375,0.8151785714285714,0.8183035714285715,0.8191964285714286,0.8200892857142857,0.8223214285714285,0.8227678571428572,0.8241071428571428,0.8263392857142857,0.8285714285714286,0.8299107142857143
subcell_mae_masked,U2OS,mean,1,ZCA,mad_robustize,moa,0.1766112323511061,0.2727272727272727,77,1617,0.5869872701555869,0.6308345120226309,0.6591230551626591,0.685997171145686,0.7072135785007072,0.7248939179632249,0.7390381895332391,0.7524752475247525,0.7666195190947667,0.772984441301273,0.7835926449787836,0.7956152758132956,0.8048090523338048,0.8118811881188119,0.8147100424328148,0.8210749646393211,0.8295615275813296,0.8352192362093352,0.8401697312588402,0.8444130127298444,0.8514851485148515,0.8585572842998586,0.8642149929278642,0.8663366336633663,0.8684582743988685,0.8698727015558698,0.8727015558698727,0.8762376237623762,0.879066478076379,0.8804809052333805,0.8833097595473833,0.8910891089108911,0.8946251768033946,0.8981612446958982,0.9016973125884016,0.9038189533239038,0.9052333804809052,0.9087694483734088,0.91018387553041,0.9130127298444132,0.9144271570014144,0.9144271570014144,0.9151343705799152,0.9172560113154172,0.917963224893918,0.9207920792079208,0.9214992927864216,0.9222065063649222,0.9236209335219236,0.9257425742574258
subcell_mae_masked,U2OS,mean,1,ZCA,standardize,replicate,0.394851826070591,0.6721854304635762,302,2240,0.496875,0.5361607142857143,0.5647321428571429,0.5834821428571428,0.596875,0.6089285714285714,0.6227678571428571,0.6334821428571429,0.6459821428571428,0.6558035714285714,0.6683035714285714,0.6758928571428572,0.6808035714285714,0.6901785714285714,0.6991071428571428,0.70625,0.7129464285714285,0.7209821428571429,0.7245535714285715,0.7299107142857143,0.734375,0.7379464285714286,0.7455357142857143,0.7508928571428571,0.7540178571428572,0.75625,0.7620535714285714,0.7660714285714286,0.7714285714285715,0.7745535714285714,0.778125,0.7825892857142858,0.7857142857142857,0.7892857142857143,0.7941964285714286,0.7982142857142858,0.8013392857142857,0.8044642857142857,0.8071428571428572,0.8102678571428571,0.8111607142857142,0.8133928571428571,0.8169642857142857,0.8205357142857143,0.8209821428571429,0.8241071428571428,0.828125,0.8285714285714286,0.83125,0.8330357142857143
subcell_mae_masked,U2OS,mean,1,ZCA,standardize,moa,0.1555508473438805,0.2077922077922078,77,1617,0.5714285714285714,0.6251768033946252,0.6548797736916548,0.6803394625176803,0.7001414427157001,0.7227722772277227,0.7418670438472419,0.7538896746817539,0.7687411598302687,0.7892503536067893,0.801980198019802,0.8125884016973126,0.8168316831683168,0.8246110325318247,0.8323903818953324,0.8373408769448374,0.8444130127298444,0.8514851485148515,0.8571428571428571,0.8642149929278642,0.8677510608203678,0.8741159830268741,0.8776520509193777,0.8804809052333805,0.8854314002828855,0.8868458274398868,0.8910891089108911,0.8960396039603961,0.9002828854314003,0.9066478076379066,0.9115983026874116,0.9137199434229136,0.9172560113154172,0.917963224893918,0.92008486562942,0.9222065063649222,0.9243281471004244,0.9264497878359264,0.9285714285714286,0.9335219236209336,0.9349363507779348,0.937057991513437,0.9384724186704384,0.9391796322489392,0.9391796322489392,0.9434229137199436,0.9448373408769448,0.9455445544554456,0.946958981612447,0.9483734087694484
subcell_mae_masked,U2OS,mean,1,ZCAcor,mad_robustize,replicate,0.4428055773274122,0.7450331125827815,302,2240,0.4955357142857143,0.5459821428571429,0.5714285714285714,0.5941964285714286,0.6120535714285714,0.6294642857142857,0.6419642857142858,0.6540178571428571,0.6647321428571429,0.671875,0.6794642857142857,0.6883928571428571,0.6982142857142857,0.7040178571428571,0.7116071428571429,0.7165178571428571,0.7209821428571429,0.7267857142857143,0.734375,0.7375,0.7419642857142857,0.7508928571428571,0.753125,0.7584821428571429,0.7611607142857143,0.7642857142857142,0.7691964285714286,0.7736607142857143,0.7772321428571428,0.7799107142857142,0.7825892857142858,0.7852678571428572,0.7866071428571428,0.7892857142857143,0.7924107142857143,0.7964285714285714,0.7977678571428571,0.8008928571428572,0.8035714285714286,0.8049107142857143,0.8075892857142857,0.8116071428571429,0.8125,0.8174107142857143,0.8196428571428571,0.8214285714285714,0.8232142857142857,0.8245535714285714,0.8254464285714286,0.8285714285714286
subcell_mae_masked,U2OS,mean,1,ZCAcor,mad_robustize,moa,0.1758149218061828,0.2727272727272727,77,1617,0.5841584158415841,0.6258840169731259,0.6591230551626591,0.6831683168316832,0.7029702970297029,0.7142857142857143,0.731966053748232,0.7503536067892503,0.7623762376237624,0.7736916548797736,0.7800565770862801,0.7906647807637907,0.7991513437057991,0.8104667609618105,0.8154172560113154,0.8217821782178217,0.8274398868458275,0.8345120226308345,0.842998585572843,0.8465346534653465,0.8514851485148515,0.8571428571428571,0.85997171145686,0.8628005657708628,0.8705799151343706,0.8734087694483734,0.8748231966053748,0.8783592644978784,0.8826025459688827,0.8854314002828855,0.8882602545968883,0.8917963224893918,0.8932107496463932,0.8960396039603961,0.8967468175388967,0.8967468175388967,0.8995756718528995,0.9031117397454032,0.9087694483734088,0.9108910891089108,0.9130127298444132,0.9137199434229136,0.9144271570014144,0.915841584158416,0.917963224893918,0.9193776520509194,0.9236209335219236,0.925035360678925,0.9271570014144273,0.9278642149929278
subcell_mae_masked,U2OS,mean,1,ZCAcor,standardize,replicate,0.3940294533737469,0.6754966887417219,302,2240,0.4933035714285714,0.53125,0.559375,0.58125,0.5924107142857142,0.6066964285714286,0.6209821428571428,0.634375,0.6473214285714286,0.6584821428571429,0.66875,0.6727678571428571,0.6803571428571429,0.6901785714285714,0.6959821428571429,0.7044642857142858,0.7107142857142857,0.7174107142857142,0.721875,0.7303571428571428,0.7375,0.7433035714285714,0.7459821428571428,0.7495535714285714,0.7526785714285714,0.7566964285714286,0.7607142857142857,0.7647321428571429,0.7691964285714286,0.7745535714285714,0.7785714285714286,0.7830357142857143,0.7866071428571428,0.7883928571428571,0.7901785714285714,0.7915178571428572,0.7955357142857142,0.8013392857142857,0.8040178571428571,0.8089285714285714,0.8129464285714286,0.8142857142857143,0.8183035714285715,0.8205357142857143,0.8232142857142857,0.828125,0.8303571428571429,0.8325892857142857,0.8348214285714286,0.8370535714285714
subcell_mae_masked,U2OS,mean,1,ZCAcor,standardize,moa,0.1548547113874235,0.1948051948051948,77,1617,0.57001414427157,0.6181046676096181,0.6499292786421499,0.6789250353606789,0.7029702970297029,0.7185289957567186,0.7362093352192363,0.7545968882602546,0.7722772277227723,0.7821782178217822,0.7934936350777935,0.8062234794908062,0.8161244695898161,0.8224893917963225,0.8316831683168316,0.8387553041018387,0.8472418670438473,0.8550212164073551,0.8585572842998586,0.862093352192362,0.8684582743988685,0.8748231966053748,0.8783592644978784,0.884016973125884,0.8868458274398868,0.8917963224893918,0.8960396039603961,0.8995756718528995,0.9031117397454032,0.9066478076379066,0.9115983026874116,0.9137199434229136,0.9151343705799152,0.92008486562942,0.9207920792079208,0.925035360678925,0.9278642149929278,0.9278642149929278,0.9314002828854314,0.9328147100424328,0.9363507779349364,0.93988684582744,0.9405940594059404,0.942008486562942,0.9434229137199436,0.9434229137199436,0.946958981612447,0.9476661951909476,0.9497878359264498,0.9512022630834512
subcell_mae_masked,U2OS,mean,1,mad_robustize,PCA,replicate,0.3027380076916837,0.5165562913907285,302,2240,0.4910714285714285,0.5339285714285714,0.5629464285714286,0.5875,0.6017857142857143,0.6183035714285714,0.6290178571428572,0.6410714285714286,0.6495535714285714,0.6553571428571429,0.6602678571428572,0.6660714285714285,0.6700892857142857,0.6758928571428572,0.6808035714285714,0.6875,0.69375,0.6986607142857143,0.7017857142857142,0.7049107142857143,0.7080357142857143,0.7107142857142857,0.7151785714285714,0.7174107142857142,0.7214285714285714,0.725,0.7276785714285714,0.7321428571428571,0.7361607142857143,0.7401785714285715,0.7433035714285714,0.7446428571428572,0.7455357142857143,0.7473214285714286,0.7508928571428571,0.7540178571428572,0.7575892857142857,0.7607142857142857,0.7647321428571429,0.7660714285714286,0.7691964285714286,0.7709821428571428,0.7745535714285714,0.7772321428571428,0.7790178571428571,0.7821428571428571,0.784375,0.7848214285714286,0.7857142857142857,0.7888392857142857
subcell_mae_masked,U2OS,mean,1,mad_robustize,PCA,moa,0.1237371291624923,0.1818181818181818,77,1617,0.5721357850070722,0.6195190947666195,0.6449787835926449,0.6697312588401697,0.685997171145686,0.7050919377652051,0.7157001414427157,0.7220650636492221,0.7326732673267327,0.7411598302687411,0.7503536067892503,0.7623762376237624,0.768033946251768,0.7722772277227723,0.7743988684582744,0.7800565770862801,0.7857142857142857,0.7927864214992928,0.801980198019802,0.8118811881188119,0.8175388967468176,0.8239038189533239,0.8281471004243282,0.8330975954738331,0.8359264497878359,0.8401697312588402,0.8422913719943423,0.8444130127298444,0.8472418670438473,0.8528995756718529,0.8550212164073551,0.8557284299858557,0.8578500707213579,0.8628005657708628,0.864922206506365,0.8656294200848657,0.8684582743988685,0.8698727015558698,0.8705799151343706,0.8734087694483734,0.8783592644978784,0.879066478076379,0.8797736916548797,0.8833097595473833,0.8854314002828855,0.8868458274398868,0.888967468175389,0.8903818953323904,0.8925035360678925,0.8932107496463932
subcell_mae_masked,U2OS,mean,1,mad_robustize,PCAcor,replicate,0.2960579791082411,0.5132450331125827,302,2240,0.4879464285714285,0.5316964285714286,0.5616071428571429,0.5848214285714286,0.6008928571428571,0.6160714285714286,0.6263392857142858,0.6366071428571428,0.6446428571428572,0.653125,0.659375,0.6633928571428571,0.6714285714285714,0.6772321428571428,0.6830357142857143,0.6892857142857143,0.6924107142857143,0.6982142857142857,0.703125,0.7066964285714286,0.7111607142857143,0.7138392857142857,0.7160714285714286,0.7223214285714286,0.7232142857142857,0.7272321428571429,0.7294642857142857,0.7325892857142857,0.7339285714285714,0.7361607142857143,0.7375,0.7397321428571428,0.7410714285714286,0.7433035714285714,0.7477678571428571,0.7513392857142858,0.7549107142857143,0.75625,0.7580357142857143,0.7611607142857143,0.7638392857142857,0.7665178571428571,0.7696428571428572,0.7723214285714286,0.775,0.7758928571428572,0.7785714285714286,0.78125,0.784375,0.7861607142857143
subcell_mae_masked,U2OS,mean,1,mad_robustize,PCAcor,moa,0.1210403201829676,0.1818181818181818,77,1617,0.5671852899575672,0.6131541725601132,0.6421499292786421,0.6661951909476662,0.6888260254596889,0.7022630834512023,0.7142857142857143,0.7220650636492221,0.7333804809052333,0.7404526166902404,0.7475247524752475,0.7574257425742574,0.7659123055162659,0.7743988684582744,0.7828854314002829,0.7864214992927864,0.7906647807637907,0.7977369165487977,0.8012729844413012,0.8062234794908062,0.809052333804809,0.8175388967468176,0.8224893917963225,0.8288543140028288,0.8323903818953324,0.8345120226308345,0.8366336633663366,0.8394625176803394,0.8451202263083452,0.847949080622348,0.8528995756718529,0.8564356435643564,0.8592644978783592,0.8628005657708628,0.8656294200848657,0.8698727015558698,0.8727015558698727,0.8748231966053748,0.8769448373408769,0.8804809052333805,0.8804809052333805,0.8811881188118812,0.8826025459688827,0.8833097595473833,0.8854314002828855,0.8861386138613861,0.8882602545968883,0.8910891089108911,0.8946251768033946,0.8960396039603961
subcell_mae_masked,U2OS,mean,1,mad_robustize,ZCA,replicate,0.3027380076916837,0.5165562913907285,302,2240,0.4910714285714285,0.5339285714285714,0.5629464285714286,0.5875,0.6017857142857143,0.6183035714285714,0.6290178571428572,0.6410714285714286,0.6495535714285714,0.6553571428571429,0.6602678571428572,0.6660714285714285,0.6700892857142857,0.6758928571428572,0.6808035714285714,0.6875,0.69375,0.6986607142857143,0.7017857142857142,0.7049107142857143,0.7080357142857143,0.7107142857142857,0.7151785714285714,0.7174107142857142,0.7214285714285714,0.725,0.7276785714285714,0.7321428571428571,0.7361607142857143,0.7401785714285715,0.7433035714285714,0.7446428571428572,0.7455357142857143,0.7473214285714286,0.7508928571428571,0.7540178571428572,0.7575892857142857,0.7607142857142857,0.7647321428571429,0.7660714285714286,0.7691964285714286,0.7709821428571428,0.7745535714285714,0.7772321428571428,0.7790178571428571,0.7821428571428571,0.784375,0.7848214285714286,0.7857142857142857,0.7888392857142857
subcell_mae_masked,U2OS,mean,1,mad_robustize,ZCA,moa,0.1237371291624923,0.1818181818181818,77,1617,0.5721357850070722,0.6195190947666195,0.6449787835926449,0.6697312588401697,0.685997171145686,0.7050919377652051,0.7157001414427157,0.7220650636492221,0.7326732673267327,0.7411598302687411,0.7503536067892503,0.7623762376237624,0.768033946251768,0.7722772277227723,0.7743988684582744,0.7800565770862801,0.7857142857142857,0.7927864214992928,0.801980198019802,0.8118811881188119,0.8175388967468176,0.8239038189533239,0.8281471004243282,0.8330975954738331,0.8359264497878359,0.8401697312588402,0.8422913719943423,0.8444130127298444,0.8472418670438473,0.8528995756718529,0.8550212164073551,0.8557284299858557,0.8578500707213579,0.8628005657708628,0.864922206506365,0.8656294200848657,0.8684582743988685,0.8698727015558698,0.8705799151343706,0.8734087694483734,0.8783592644978784,0.879066478076379,0.8797736916548797,0.8833097595473833,0.8854314002828855,0.8868458274398868,0.888967468175389,0.8903818953323904,0.8925035360678925,0.8932107496463932
subcell_mae_masked,U2OS,mean,1,mad_robustize,ZCAcor,replicate,0.2960579791082411,0.5132450331125827,302,2240,0.4879464285714285,0.5316964285714286,0.5616071428571429,0.5848214285714286,0.6008928571428571,0.6160714285714286,0.6263392857142858,0.6366071428571428,0.6446428571428572,0.653125,0.659375,0.6633928571428571,0.6714285714285714,0.6772321428571428,0.6830357142857143,0.6892857142857143,0.6924107142857143,0.6982142857142857,0.703125,0.7066964285714286,0.7111607142857143,0.7138392857142857,0.7160714285714286,0.7223214285714286,0.7232142857142857,0.7272321428571429,0.7294642857142857,0.7325892857142857,0.7339285714285714,0.7361607142857143,0.7375,0.7397321428571428,0.7410714285714286,0.7433035714285714,0.7477678571428571,0.7513392857142858,0.7549107142857143,0.75625,0.7580357142857143,0.7611607142857143,0.7638392857142857,0.7665178571428571,0.7696428571428572,0.7723214285714286,0.775,0.7758928571428572,0.7785714285714286,0.78125,0.784375,0.7861607142857143
subcell_mae_masked,U2OS,mean,1,mad_robustize,ZCAcor,moa,0.1210403201829676,0.1818181818181818,77,1617,0.5671852899575672,0.6131541725601132,0.6421499292786421,0.6661951909476662,0.6888260254596889,0.7022630834512023,0.7142857142857143,0.7220650636492221,0.7333804809052333,0.7404526166902404,0.7475247524752475,0.7574257425742574,0.7659123055162659,0.7743988684582744,0.7828854314002829,0.7864214992927864,0.7906647807637907,0.7977369165487977,0.8012729844413012,0.8062234794908062,0.809052333804809,0.8175388967468176,0.8224893917963225,0.8288543140028288,0.8323903818953324,0.8345120226308345,0.8366336633663366,0.8394625176803394,0.8451202263083452,0.847949080622348,0.8528995756718529,0.8564356435643564,0.8592644978783592,0.8628005657708628,0.8656294200848657,0.8698727015558698,0.8727015558698727,0.8748231966053748,0.8769448373408769,0.8804809052333805,0.8804809052333805,0.8811881188118812,0.8826025459688827,0.8833097595473833,0.8854314002828855,0.8861386138613861,0.8882602545968883,0.8910891089108911,0.8946251768033946,0.8960396039603961
subcell_mae_masked,U2OS,mean,1,mad_robustize,none,replicate,0.3954934711462955,0.8874172185430463,302,2240,0.4683035714285714,0.5361607142857143,0.5808035714285714,0.6120535714285714,0.640625,0.6589285714285714,0.675,0.6910714285714286,0.703125,0.7205357142857143,0.7272321428571429,0.7361607142857143,0.7415178571428571,0.7495535714285714,0.7575892857142857,0.765625,0.7736607142857143,0.7803571428571429,0.7839285714285714,0.7897321428571429,0.7941964285714286,0.7991071428571429,0.8035714285714286,0.8075892857142857,0.8125,0.8183035714285715,0.8245535714285714,0.8299107142857143,0.8330357142857143,0.8361607142857143,0.8419642857142857,0.8459821428571429,0.8473214285714286,0.8517857142857143,0.8540178571428572,0.8553571428571428,0.8580357142857142,0.8580357142857142,0.8584821428571429,0.8625,0.8633928571428572,0.8678571428571429,0.8705357142857143,0.8714285714285714,0.8741071428571429,0.8754464285714286,0.8767857142857143,0.8794642857142857,0.8803571428571428,0.8830357142857143
subcell_mae_masked,U2OS,mean,1,mad_robustize,none,moa,0.153444171417576,0.2857142857142857,77,1617,0.5509193776520509,0.6287128712871287,0.6817538896746818,0.7093352192362093,0.7362093352192363,0.7567185289957568,0.7779349363507779,0.7906647807637907,0.8062234794908062,0.8147100424328148,0.8217821782178217,0.8316831683168316,0.8380480905233381,0.8444130127298444,0.8521923620933521,0.8578500707213579,0.867043847241867,0.8698727015558698,0.8755304101838756,0.884016973125884,0.8854314002828855,0.888967468175389,0.8917963224893918,0.8953323903818954,0.8981612446958982,0.9031117397454032,0.905940594059406,0.9073550212164072,0.9123055162659124,0.9151343705799152,0.9172560113154172,0.92008486562942,0.9243281471004244,0.9278642149929278,0.9292786421499292,0.9306930693069309,0.9314002828854314,0.9335219236209336,0.9342291371994342,0.9363507779349364,0.9391796322489392,0.93988684582744,0.942008486562942,0.9427157001414428,0.944130127298444,0.9455445544554456,0.9455445544554456,0.9462517680339464,0.9476661951909476,0.9483734087694484
subcell_mae_masked,U2OS,mean,1,standardize,PCA,replicate,0.3678534437902707,0.5794701986754967,302,2240,0.4852678571428571,0.5375,0.5674107142857143,0.5839285714285715,0.5986607142857143,0.6120535714285714,0.6254464285714286,0.634375,0.6428571428571429,0.6508928571428572,0.6598214285714286,0.6678571428571428,0.6732142857142858,0.6794642857142857,0.6834821428571428,0.6883928571428571,0.6964285714285714,0.7049107142857143,0.709375,0.7142857142857143,0.7169642857142857,0.7209821428571429,0.7223214285714286,0.728125,0.73125,0.7330357142857142,0.7357142857142858,0.7388392857142857,0.7419642857142857,0.7450892857142857,0.7486607142857142,0.753125,0.75625,0.7611607142857143,0.7633928571428571,0.7678571428571429,0.7714285714285715,0.7732142857142857,0.7758928571428572,0.7763392857142857,0.7785714285714286,0.7794642857142857,0.7821428571428571,0.7830357142857143,0.784375,0.7861607142857143,0.7892857142857143,0.7915178571428572,0.7941964285714286,0.7946428571428571
subcell_mae_masked,U2OS,mean,1,standardize,PCA,moa,0.154263336154396,0.2337662337662337,77,1617,0.5714285714285714,0.6166902404526167,0.6463932107496464,0.6711456859971712,0.6895332390381895,0.7086280056577087,0.7220650636492221,0.731966053748232,0.7432814710042432,0.7538896746817539,0.7623762376237624,0.7687411598302687,0.7758132956152758,0.7842998585572843,0.7885431400282885,0.7949080622347949,0.7977369165487977,0.8033946251768034,0.8111739745403111,0.8154172560113154,0.8224893917963225,0.826025459688826,0.8295615275813296,0.830975954738331,0.8323903818953324,0.8408769448373409,0.8486562942008486,0.8536067892503536,0.8557284299858557,0.8578500707213579,0.8613861386138614,0.867043847241867,0.8691654879773691,0.8712871287128713,0.8734087694483734,0.8734087694483734,0.8748231966053748,0.8755304101838756,0.879066478076379,0.8826025459688827,0.8847241867043847,0.8861386138613861,0.8882602545968883,0.8903818953323904,0.8910891089108911,0.8910891089108911,0.8932107496463932,0.8946251768033946,0.8953323903818954,0.8953323903818954
subcell_mae_masked,U2OS,mean,1,standardize,PCAcor,replicate,0.3711675428016731,0.5860927152317881,302,2240,0.4883928571428571,0.5388392857142857,0.5660714285714286,0.5897321428571428,0.6044642857142857,0.6196428571428572,0.6285714285714286,0.6379464285714286,0.6491071428571429,0.6526785714285714,0.6607142857142857,0.6674107142857143,0.6745535714285714,0.68125,0.6883928571428571,0.6946428571428571,0.6991071428571428,0.703125,0.7053571428571429,0.7116071428571429,0.7165178571428571,0.7205357142857143,0.7241071428571428,0.7272321428571429,0.7321428571428571,0.734375,0.7361607142857143,0.7392857142857143,0.7428571428571429,0.7450892857142857,0.7486607142857142,0.7522321428571429,0.7544642857142857,0.7566964285714286,0.7602678571428572,0.7642857142857142,0.7665178571428571,0.7683035714285714,0.771875,0.7727678571428571,0.7741071428571429,0.7767857142857143,0.7785714285714286,0.7790178571428571,0.7808035714285714,0.78125,0.7834821428571429,0.7839285714285714,0.7857142857142857,0.7879464285714286
subcell_mae_masked,U2OS,mean,1,standardize,PCAcor,moa,0.154501272405329,0.2467532467532467,77,1617,0.5671852899575672,0.6145685997171145,0.6513437057991514,0.6768033946251768,0.6923620933521923,0.7022630834512023,0.7157001414427157,0.7305516265912305,0.7446958981612447,0.7531824611032532,0.7588401697312589,0.7630834512022631,0.7722772277227723,0.7835926449787836,0.7920792079207921,0.7956152758132956,0.8012729844413012,0.806930693069307,0.8125884016973126,0.8154172560113154,0.8203677510608204,0.8274398868458275,0.8316831683168316,0.8366336633663366,0.8415841584158416,0.8451202263083452,0.8472418670438473,0.8493635077793493,0.8528995756718529,0.8557284299858557,0.8585572842998586,0.862093352192362,0.864922206506365,0.867043847241867,0.8677510608203678,0.8712871287128713,0.8741159830268741,0.8755304101838756,0.879066478076379,0.8818953323903819,0.8854314002828855,0.8875530410183875,0.8882602545968883,0.8910891089108911,0.8925035360678925,0.8960396039603961,0.8995756718528995,0.9024045261669024,0.9031117397454032,0.905940594059406
subcell_mae_masked,U2OS,mean,1,standardize,ZCA,replicate,0.3678534437902707,0.5794701986754967,302,2240,0.4852678571428571,0.5375,0.5674107142857143,0.5839285714285715,0.5986607142857143,0.6120535714285714,0.6254464285714286,0.634375,0.6428571428571429,0.6508928571428572,0.6598214285714286,0.6678571428571428,0.6732142857142858,0.6794642857142857,0.6834821428571428,0.6883928571428571,0.6964285714285714,0.7049107142857143,0.709375,0.7142857142857143,0.7169642857142857,0.7209821428571429,0.7223214285714286,0.728125,0.73125,0.7330357142857142,0.7357142857142858,0.7388392857142857,0.7419642857142857,0.7450892857142857,0.7486607142857142,0.753125,0.75625,0.7611607142857143,0.7633928571428571,0.7678571428571429,0.7714285714285715,0.7732142857142857,0.7758928571428572,0.7763392857142857,0.7785714285714286,0.7794642857142857,0.7821428571428571,0.7830357142857143,0.784375,0.7861607142857143,0.7892857142857143,0.7915178571428572,0.7941964285714286,0.7946428571428571
subcell_mae_masked,U2OS,mean,1,standardize,ZCA,moa,0.154263336154396,0.2337662337662337,77,1617,0.5714285714285714,0.6166902404526167,0.6463932107496464,0.6711456859971712,0.6895332390381895,0.7086280056577087,0.7220650636492221,0.731966053748232,0.7432814710042432,0.7538896746817539,0.7623762376237624,0.7687411598302687,0.7758132956152758,0.7842998585572843,0.7885431400282885,0.7949080622347949,0.7977369165487977,0.8033946251768034,0.8111739745403111,0.8154172560113154,0.8224893917963225,0.826025459688826,0.8295615275813296,0.830975954738331,0.8323903818953324,0.8408769448373409,0.8486562942008486,0.8536067892503536,0.8557284299858557,0.8578500707213579,0.8613861386138614,0.867043847241867,0.8691654879773691,0.8712871287128713,0.8734087694483734,0.8734087694483734,0.8748231966053748,0.8755304101838756,0.879066478076379,0.8826025459688827,0.8847241867043847,0.8861386138613861,0.8882602545968883,0.8903818953323904,0.8910891089108911,0.8910891089108911,0.8932107496463932,0.8946251768033946,0.8953323903818954,0.8953323903818954
subcell_mae_masked,U2OS,mean,1,standardize,ZCAcor,replicate,0.3711675428016731,0.5860927152317881,302,2240,0.4883928571428571,0.5388392857142857,0.5660714285714286,0.5897321428571428,0.6044642857142857,0.6196428571428572,0.6285714285714286,0.6379464285714286,0.6491071428571429,0.6526785714285714,0.6607142857142857,0.6674107142857143,0.6745535714285714,0.68125,0.6883928571428571,0.6946428571428571,0.6991071428571428,0.703125,0.7053571428571429,0.7116071428571429,0.7165178571428571,0.7205357142857143,0.7241071428571428,0.7272321428571429,0.7321428571428571,0.734375,0.7361607142857143,0.7392857142857143,0.7428571428571429,0.7450892857142857,0.7486607142857142,0.7522321428571429,0.7544642857142857,0.7566964285714286,0.7602678571428572,0.7642857142857142,0.7665178571428571,0.7683035714285714,0.771875,0.7727678571428571,0.7741071428571429,0.7767857142857143,0.7785714285714286,0.7790178571428571,0.7808035714285714,0.78125,0.7834821428571429,0.7839285714285714,0.7857142857142857,0.7879464285714286
subcell_mae_masked,U2OS,mean,1,standardize,ZCAcor,moa,0.154501272405329,0.2467532467532467,77,1617,0.5671852899575672,0.6145685997171145,0.6513437057991514,0.6768033946251768,0.6923620933521923,0.7022630834512023,0.7157001414427157,0.7305516265912305,0.7446958981612447,0.7531824611032532,0.7588401697312589,0.7630834512022631,0.7722772277227723,0.7835926449787836,0.7920792079207921,0.7956152758132956,0.8012729844413012,0.806930693069307,0.8125884016973126,0.8154172560113154,0.8203677510608204,0.8274398868458275,0.8316831683168316,0.8366336633663366,0.8415841584158416,0.8451202263083452,0.8472418670438473,0.8493635077793493,0.8528995756718529,0.8557284299858557,0.8585572842998586,0.862093352192362,0.864922206506365,0.867043847241867,0.8677510608203678,0.8712871287128713,0.8741159830268741,0.8755304101838756,0.879066478076379,0.8818953323903819,0.8854314002828855,0.8875530410183875,0.8882602545968883,0.8910891089108911,0.8925035360678925,0.8960396039603961,0.8995756718528995,0.9024045261669024,0.9031117397454032,0.905940594059406
subcell_mae_masked,U2OS,mean,1,standardize,none,replicate,0.373881342910847,0.8112582781456954,302,2240,0.4598214285714285,0.5227678571428571,0.5629464285714286,0.5897321428571428,0.6191964285714285,0.646875,0.6651785714285714,0.6776785714285715,0.6870535714285714,0.7004464285714286,0.7125,0.7223214285714286,0.7321428571428571,0.7392857142857143,0.7446428571428572,0.75,0.7571428571428571,0.7642857142857142,0.7723214285714286,0.778125,0.7825892857142858,0.7875,0.79375,0.8013392857142857,0.8058035714285714,0.8098214285714286,0.8151785714285714,0.8178571428571428,0.821875,0.825,0.8276785714285714,0.8308035714285714,0.8339285714285715,0.8361607142857143,0.8388392857142857,0.8410714285714286,0.8446428571428571,0.8486607142857143,0.8504464285714286,0.8517857142857143,0.8535714285714285,0.8558035714285714,0.8571428571428571,0.8602678571428571,0.8629464285714286,0.8678571428571429,0.8709821428571428,0.8727678571428571,0.875,0.8767857142857143
subcell_mae_masked,U2OS,mean,1,standardize,none,moa,0.1487332549451183,0.2727272727272727,77,1617,0.5332390381895332,0.6067892503536068,0.6584158415841584,0.7008486562942009,0.7355021216407355,0.756011315417256,0.7758132956152758,0.7878359264497878,0.7991513437057991,0.8111739745403111,0.8154172560113154,0.8231966053748232,0.8359264497878359,0.8458274398868458,0.8564356435643564,0.8628005657708628,0.867043847241867,0.8712871287128713,0.879066478076379,0.8826025459688827,0.8847241867043847,0.8875530410183875,0.888967468175389,0.8925035360678925,0.8981612446958982,0.9016973125884016,0.9038189533239038,0.9066478076379066,0.9087694483734088,0.9087694483734088,0.9123055162659124,0.9165487977369166,0.92008486562942,0.9222065063649222,0.9236209335219236,0.9271570014144273,0.9278642149929278,0.9306930693069309,0.932107496463932,0.9335219236209336,0.9342291371994342,0.9363507779349364,0.9377652050919376,0.9405940594059404,0.9405940594059404,0.9427157001414428,0.9434229137199436,0.944130127298444,0.946958981612447,0.9476661951909476
subcell_mae_masked,U2OS,median,0,PCA,mad_robustize,replicate,0.4150606203454046,0.6986754966887417,302,2240,0.4598214285714285,0.5142857142857142,0.5540178571428571,0.5830357142857143,0.5982142857142857,0.6102678571428571,0.6236607142857142,0.6352678571428572,0.646875,0.6553571428571429,0.6642857142857143,0.6767857142857143,0.684375,0.690625,0.7,0.70625,0.7107142857142857,0.7174107142857142,0.7209821428571429,0.7254464285714286,0.7308035714285714,0.734375,0.7379464285714286,0.7433035714285714,0.7455357142857143,0.7513392857142858,0.7540178571428572,0.7558035714285715,0.7589285714285714,0.7616071428571428,0.7651785714285714,0.7674107142857143,0.7696428571428572,0.771875,0.7767857142857143,0.7794642857142857,0.7808035714285714,0.784375,0.7861607142857143,0.7901785714285714,0.7915178571428572,0.7941964285714286,0.7950892857142857,0.7959821428571429,0.7991071428571429,0.8013392857142857,0.803125,0.8049107142857143,0.8080357142857143,0.8098214285714286
subcell_mae_masked,U2OS,median,0,PCA,mad_robustize,moa,0.1621703155709758,0.2467532467532467,77,1617,0.5480905233380481,0.6053748231966054,0.6393210749646393,0.6669024045261669,0.6845827439886846,0.7057991513437057,0.7234794908062234,0.7369165487977369,0.7517680339462518,0.7609618104667609,0.7666195190947667,0.772984441301273,0.7842998585572843,0.78995756718529,0.7984441301272984,0.8048090523338048,0.8125884016973126,0.8175388967468176,0.8210749646393211,0.8246110325318247,0.8295615275813296,0.8345120226308345,0.8387553041018387,0.8401697312588402,0.8444130127298444,0.8444130127298444,0.8493635077793493,0.8521923620933521,0.8557284299858557,0.8606789250353607,0.8642149929278642,0.8691654879773691,0.8712871287128713,0.8741159830268741,0.8741159830268741,0.8776520509193777,0.8804809052333805,0.8826025459688827,0.8854314002828855,0.8882602545968883,0.8932107496463932,0.8967468175388967,0.8988684582743989,0.8995756718528995,0.900990099009901,0.9016973125884016,0.9038189533239038,0.905940594059406,0.9087694483734088,0.9130127298444132
subcell_mae_masked,U2OS,median,0,PCA,standardize,replicate,0.4671081933181074,0.9867549668874172,302,2240,0.4803571428571428,0.5334821428571429,0.559375,0.5790178571428571,0.596875,0.6120535714285714,0.6267857142857143,0.6415178571428571,0.6526785714285714,0.6638392857142857,0.671875,0.68125,0.6879464285714286,0.6955357142857143,0.7044642857142858,0.7107142857142857,0.7165178571428571,0.725,0.7303571428571428,0.7348214285714286,0.7392857142857143,0.74375,0.7477678571428571,0.7535714285714286,0.7602678571428572,0.7651785714285714,0.7691964285714286,0.7727678571428571,0.775,0.7790178571428571,0.784375,0.7879464285714286,0.7901785714285714,0.7955357142857142,0.7995535714285714,0.8026785714285715,0.8053571428571429,0.8084821428571428,0.8102678571428571,0.8125,0.8160714285714286,0.8183035714285715,0.8200892857142857,0.821875,0.8245535714285714,0.8276785714285714,0.8290178571428571,0.8316964285714286,0.8357142857142857,0.8383928571428572
subcell_mae_masked,U2OS,median,0,PCA,standardize,moa,0.2008874071319017,0.5714285714285714,77,1617,0.5664780763790664,0.6251768033946252,0.6577086280056577,0.690947666195191,0.7185289957567186,0.7446958981612447,0.7588401697312589,0.7708628005657708,0.7828854314002829,0.7913719943422913,0.8055162659123055,0.8132956152758133,0.8189533239038189,0.8281471004243282,0.8352192362093352,0.8415841584158416,0.8458274398868458,0.8536067892503536,0.8635077793493635,0.867043847241867,0.8727015558698727,0.8769448373408769,0.8826025459688827,0.8854314002828855,0.8861386138613861,0.8910891089108911,0.8939179632248939,0.8981612446958982,0.9016973125884016,0.9045261669024044,0.9073550212164072,0.9123055162659124,0.9151343705799152,0.917963224893918,0.92008486562942,0.9243281471004244,0.9278642149929278,0.9306930693069309,0.9342291371994342,0.9363507779349364,0.9384724186704384,0.9405940594059404,0.9434229137199436,0.944130127298444,0.944130127298444,0.9462517680339464,0.9490806223479492,0.9497878359264498,0.951909476661952,0.954031117397454
subcell_mae_masked,U2OS,median,0,PCAcor,mad_robustize,replicate,0.4159495216046165,0.6986754966887417,302,2240,0.4602678571428571,0.5151785714285714,0.5566964285714285,0.5852678571428571,0.5982142857142857,0.6120535714285714,0.6241071428571429,0.6392857142857142,0.6495535714285714,0.6580357142857143,0.6651785714285714,0.6758928571428572,0.6839285714285714,0.6883928571428571,0.6955357142857143,0.7017857142857142,0.70625,0.7138392857142857,0.7183035714285714,0.7232142857142857,0.7272321428571429,0.7303571428571428,0.7361607142857143,0.740625,0.7424107142857143,0.7464285714285714,0.7486607142857142,0.7513392857142858,0.7540178571428572,0.7549107142857143,0.75625,0.7611607142857143,0.7633928571428571,0.7678571428571429,0.771875,0.7736607142857143,0.7767857142857143,0.7790178571428571,0.7821428571428571,0.7834821428571429,0.7866071428571428,0.7883928571428571,0.7910714285714285,0.7928571428571428,0.796875,0.7973214285714286,0.8004464285714286,0.8026785714285715,0.8040178571428571,0.8071428571428572
subcell_mae_masked,U2OS,median,0,PCAcor,mad_robustize,moa,0.1632675519365348,0.2467532467532467,77,1617,0.5537482319660537,0.6032531824611033,0.6386138613861386,0.6647807637906648,0.6845827439886846,0.7065063649222065,0.7220650636492221,0.7397454031117398,0.7553041018387553,0.7630834512022631,0.7666195190947667,0.7772277227722773,0.7835926449787836,0.78995756718529,0.7956152758132956,0.801980198019802,0.804101838755304,0.8111739745403111,0.8154172560113154,0.8189533239038189,0.8224893917963225,0.826025459688826,0.8323903818953324,0.8373408769448374,0.842998585572843,0.8451202263083452,0.8493635077793493,0.8536067892503536,0.8571428571428571,0.8578500707213579,0.8635077793493635,0.867043847241867,0.871994342291372,0.8776520509193777,0.8804809052333805,0.8833097595473833,0.8833097595473833,0.888967468175389,0.888967468175389,0.8903818953323904,0.8910891089108911,0.8946251768033946,0.8974540311173974,0.8981612446958982,0.8995756718528995,0.9016973125884016,0.9024045261669024,0.9038189533239038,0.9052333804809052,0.9066478076379066
subcell_mae_masked,U2OS,median,0,PCAcor,standardize,replicate,0.4660791983159908,0.9801324503311258,302,2240,0.4830357142857143,0.5316964285714286,0.559375,0.5892857142857143,0.6022321428571429,0.6147321428571428,0.625,0.6366071428571428,0.6459821428571428,0.6566964285714286,0.6642857142857143,0.6790178571428571,0.6861607142857142,0.6910714285714286,0.7013392857142857,0.7080357142857143,0.7165178571428571,0.7245535714285715,0.7321428571428571,0.7388392857142857,0.7491071428571429,0.7544642857142857,0.7598214285714285,0.7638392857142857,0.76875,0.7714285714285715,0.7741071428571429,0.778125,0.7825892857142858,0.7848214285714286,0.7866071428571428,0.7915178571428572,0.79375,0.7964285714285714,0.7977678571428571,0.8017857142857143,0.8040178571428571,0.80625,0.809375,0.8116071428571429,0.8142857142857143,0.8183035714285715,0.8209821428571429,0.821875,0.8254464285714286,0.8272321428571429,0.8294642857142858,0.8334821428571428,0.8366071428571429,0.8401785714285714
subcell_mae_masked,U2OS,median,0,PCAcor,standardize,moa,0.1960120391633511,0.5584415584415584,77,1617,0.5636492220650636,0.6216407355021216,0.6647807637906648,0.690947666195191,0.714992927864215,0.7326732673267327,0.7517680339462518,0.7673267326732673,0.785007072135785,0.8012729844413012,0.8154172560113154,0.8210749646393211,0.8316831683168316,0.8408769448373409,0.8451202263083452,0.8493635077793493,0.8557284299858557,0.8585572842998586,0.8635077793493635,0.871994342291372,0.8755304101838756,0.8776520509193777,0.8804809052333805,0.8875530410183875,0.8910891089108911,0.8939179632248939,0.8995756718528995,0.9002828854314003,0.9052333804809052,0.9087694483734088,0.91018387553041,0.9151343705799152,0.917963224893918,0.9229137199434228,0.9271570014144273,0.9306930693069309,0.9377652050919376,0.9391796322489392,0.9427157001414428,0.9434229137199436,0.9476661951909476,0.9490806223479492,0.9490806223479492,0.9497878359264498,0.9504950495049505,0.9512022630834512,0.951909476661952,0.951909476661952,0.954031117397454,0.9575671852899575
subcell_mae_masked,U2OS,median,0,ZCA,mad_robustize,replicate,0.4597877375657003,0.7947019867549668,302,2240,0.496875,0.5633928571428571,0.5941964285714286,0.6227678571428571,0.6441964285714286,0.6566964285714286,0.6727678571428571,0.6852678571428571,0.6964285714285714,0.7071428571428572,0.721875,0.7299107142857143,0.7388392857142857,0.7486607142857142,0.75625,0.7625,0.7669642857142858,0.771875,0.7763392857142857,0.7799107142857142,0.7839285714285714,0.7870535714285715,0.7910714285714285,0.7964285714285714,0.7995535714285714,0.8026785714285715,0.8053571428571429,0.8098214285714286,0.8111607142857142,0.8169642857142857,0.8191964285714286,0.821875,0.8232142857142857,0.8276785714285714,0.83125,0.8316964285714286,0.8339285714285715,0.8375,0.840625,0.8428571428571429,0.8441964285714286,0.8455357142857143,0.8473214285714286,0.8495535714285715,0.853125,0.85625,0.8571428571428571,0.8584821428571429,0.8611607142857143,0.8647321428571428
subcell_mae_masked,U2OS,median,0,ZCA,mad_robustize,moa,0.1780822525969538,0.2987012987012987,77,1617,0.5884016973125884,0.6555869872701556,0.6902404526166902,0.7128712871287128,0.7326732673267327,0.7496463932107497,0.7758132956152758,0.7906647807637907,0.804101838755304,0.8161244695898161,0.8281471004243282,0.8295615275813296,0.8373408769448374,0.8465346534653465,0.8528995756718529,0.8557284299858557,0.8578500707213579,0.8635077793493635,0.8698727015558698,0.8734087694483734,0.8797736916548797,0.8811881188118812,0.8847241867043847,0.8903818953323904,0.8960396039603961,0.8995756718528995,0.9024045261669024,0.9045261669024044,0.9066478076379066,0.91018387553041,0.9123055162659124,0.9144271570014144,0.917963224893918,0.9193776520509194,0.9214992927864216,0.9229137199434228,0.9257425742574258,0.9285714285714286,0.92998585572843,0.9314002828854314,0.9342291371994342,0.9349363507779348,0.9363507779349364,0.937057991513437,0.937057991513437,0.9377652050919376,0.93988684582744,0.9405940594059404,0.9405940594059404,0.9427157001414428
subcell_mae_masked,U2OS,median,0,ZCA,standardize,replicate,0.4647624635088431,0.9701986754966888,302,2240,0.4928571428571429,0.5339285714285714,0.5665178571428572,0.5892857142857143,0.603125,0.6183035714285714,0.634375,0.646875,0.659375,0.671875,0.6803571428571429,0.6875,0.6950892857142857,0.7013392857142857,0.7080357142857143,0.7165178571428571,0.7241071428571428,0.7316964285714286,0.7370535714285714,0.7433035714285714,0.7495535714285714,0.7566964285714286,0.7602678571428572,0.7660714285714286,0.7736607142857143,0.7767857142857143,0.78125,0.7861607142857143,0.7897321428571429,0.7955357142857142,0.7977678571428571,0.8017857142857143,0.8035714285714286,0.8080357142857143,0.8107142857142857,0.8147321428571429,0.8178571428571428,0.8209821428571429,0.8236607142857143,0.828125,0.8299107142857143,0.8321428571428572,0.8348214285714286,0.8375,0.8392857142857143,0.8424107142857142,0.84375,0.8477678571428572,0.8504464285714286,0.8526785714285714
subcell_mae_masked,U2OS,median,0,ZCA,standardize,moa,0.1947007158777387,0.5844155844155844,77,1617,0.5756718528995757,0.6272984441301273,0.6640735502121641,0.698019801980198,0.7199434229137199,0.7446958981612447,0.7602545968882602,0.7758132956152758,0.78995756718529,0.7998585572842999,0.8097595473833098,0.8224893917963225,0.8323903818953324,0.8387553041018387,0.8465346534653465,0.8521923620933521,0.8578500707213579,0.862093352192362,0.8684582743988685,0.871994342291372,0.8741159830268741,0.8811881188118812,0.8868458274398868,0.8925035360678925,0.8946251768033946,0.900990099009901,0.9066478076379066,0.9137199434229136,0.917963224893918,0.92008486562942,0.9222065063649222,0.9236209335219236,0.9264497878359264,0.9264497878359264,0.92998585572843,0.9314002828854314,0.9335219236209336,0.9356435643564356,0.9377652050919376,0.9391796322489392,0.93988684582744,0.9427157001414428,0.9448373408769448,0.9448373408769448,0.946958981612447,0.9490806223479492,0.9512022630834512,0.951909476661952,0.9561527581329562,0.9575671852899575
subcell_mae_masked,U2OS,median,0,ZCAcor,mad_robustize,replicate,0.4572442930594557,0.7913907284768212,302,2240,0.4950892857142857,0.559375,0.5955357142857143,0.6232142857142857,0.64375,0.6598214285714286,0.675,0.6879464285714286,0.6977678571428572,0.7102678571428571,0.7214285714285714,0.7316964285714286,0.7415178571428571,0.7450892857142857,0.75,0.7575892857142857,0.7625,0.7691964285714286,0.7745535714285714,0.7790178571428571,0.7821428571428571,0.7852678571428572,0.7910714285714285,0.7946428571428571,0.7977678571428571,0.8026785714285715,0.8035714285714286,0.8075892857142857,0.8102678571428571,0.8138392857142858,0.8178571428571428,0.821875,0.8232142857142857,0.8263392857142857,0.8303571428571429,0.8308035714285714,0.8330357142857143,0.8339285714285715,0.8375,0.8401785714285714,0.8428571428571429,0.8459821428571429,0.8473214285714286,0.8508928571428571,0.8540178571428572,0.8558035714285714,0.8566964285714286,0.8602678571428571,0.8625,0.8625
subcell_mae_masked,U2OS,median,0,ZCAcor,mad_robustize,moa,0.177053729114775,0.2597402597402597,77,1617,0.5933521923620934,0.6527581329561527,0.6902404526166902,0.7164073550212164,0.7404526166902404,0.7545968882602546,0.7751060820367751,0.785007072135785,0.8005657708628006,0.8189533239038189,0.826025459688826,0.8345120226308345,0.8394625176803394,0.8486562942008486,0.8528995756718529,0.8564356435643564,0.8592644978783592,0.864922206506365,0.8705799151343706,0.8734087694483734,0.8776520509193777,0.8818953323903819,0.8861386138613861,0.8917963224893918,0.8960396039603961,0.9002828854314003,0.9024045261669024,0.9052333804809052,0.905940594059406,0.9087694483734088,0.9108910891089108,0.9151343705799152,0.917963224893918,0.9186704384724188,0.9214992927864216,0.9243281471004244,0.9264497878359264,0.9264497878359264,0.9285714285714286,0.9292786421499292,0.9314002828854314,0.9328147100424328,0.9349363507779348,0.9363507779349364,0.937057991513437,0.9384724186704384,0.93988684582744,0.9434229137199436,0.9434229137199436,0.9455445544554456
subcell_mae_masked,U2OS,median,0,ZCAcor,standardize,replicate,0.461093233755159,0.9602649006622516,302,2240,0.4924107142857143,0.5366071428571428,0.5642857142857143,0.5879464285714285,0.6044642857142857,0.6209821428571428,0.6325892857142857,0.6482142857142857,0.6602678571428572,0.6727678571428571,0.6834821428571428,0.690625,0.6982142857142857,0.7066964285714286,0.7125,0.7200892857142858,0.7290178571428572,0.7361607142857143,0.7428571428571429,0.746875,0.7508928571428571,0.7544642857142857,0.7607142857142857,0.7678571428571429,0.7723214285714286,0.7767857142857143,0.7808035714285714,0.7839285714285714,0.7879464285714286,0.7941964285714286,0.7995535714285714,0.8026785714285715,0.8084821428571428,0.8116071428571429,0.8142857142857143,0.815625,0.8183035714285715,0.8223214285714285,0.825,0.8267857142857142,0.8285714285714286,0.8325892857142857,0.8357142857142857,0.8375,0.8397321428571428,0.8419642857142857,0.8446428571428571,0.846875,0.8491071428571428,0.8526785714285714
subcell_mae_masked,U2OS,median,0,ZCAcor,standardize,moa,0.192127151802661,0.5454545454545454,77,1617,0.5756718528995757,0.6272984441301273,0.6619519094766619,0.690947666195191,0.7248939179632249,0.756011315417256,0.7694483734087695,0.7800565770862801,0.7934936350777935,0.806930693069307,0.8132956152758133,0.8210749646393211,0.8295615275813296,0.8359264497878359,0.8422913719943423,0.8486562942008486,0.8557284299858557,0.8656294200848657,0.8691654879773691,0.8727015558698727,0.8762376237623762,0.8826025459688827,0.8882602545968883,0.8925035360678925,0.8981612446958982,0.900990099009901,0.9045261669024044,0.9073550212164072,0.9130127298444132,0.917963224893918,0.9193776520509194,0.9207920792079208,0.9229137199434228,0.925035360678925,0.9257425742574258,0.92998585572843,0.932107496463932,0.9342291371994342,0.937057991513437,0.9413012729844412,0.9427157001414428,0.944130127298444,0.9448373408769448,0.9455445544554456,0.9483734087694484,0.9504950495049505,0.9533239038189534,0.9568599717114568,0.9582743988684582,0.958981612446959
subcell_mae_masked,U2OS,median,0,mad_robustize,PCA,replicate,0.3382641021509877,0.5827814569536424,302,2240,0.4665178571428571,0.5169642857142858,0.5566964285714285,0.5808035714285714,0.5924107142857142,0.6040178571428572,0.6174107142857143,0.6258928571428571,0.6375,0.64375,0.6535714285714286,0.6589285714285714,0.6638392857142857,0.6714285714285714,0.6763392857142857,0.6808035714285714,0.6857142857142857,0.6901785714285714,0.6933035714285715,0.6982142857142857,0.7026785714285714,0.7089285714285715,0.7138392857142857,0.7183035714285714,0.7196428571428571,0.7227678571428572,0.725,0.7294642857142857,0.7321428571428571,0.7357142857142858,0.7379464285714286,0.7415178571428571,0.7433035714285714,0.7464285714285714,0.7508928571428571,0.7549107142857143,0.7571428571428571,0.7598214285714285,0.7620535714285714,0.7651785714285714,0.7683035714285714,0.7700892857142857,0.7705357142857143,0.775,0.7785714285714286,0.7799107142857142,0.7816964285714286,0.7821428571428571,0.7839285714285714,0.7848214285714286
subcell_mae_masked,U2OS,median,0,mad_robustize,PCA,moa,0.1355561138101758,0.2207792207792207,77,1617,0.5523338048090524,0.6089108910891089,0.6364922206506365,0.6541725601131542,0.6669024045261669,0.6831683168316832,0.6944837340876945,0.71004243281471,0.7220650636492221,0.7305516265912305,0.7397454031117398,0.7454031117397454,0.7531824611032532,0.7616690240452617,0.7687411598302687,0.7758132956152758,0.7835926449787836,0.78995756718529,0.7934936350777935,0.7970297029702971,0.8055162659123055,0.8111739745403111,0.8196605374823197,0.8231966053748232,0.8246110325318247,0.830975954738331,0.8323903818953324,0.8345120226308345,0.8359264497878359,0.8373408769448374,0.8408769448373409,0.8472418670438473,0.8500707213578501,0.8528995756718529,0.8528995756718529,0.8557284299858557,0.8571428571428571,0.8585572842998586,0.864922206506365,0.8663366336633663,0.8698727015558698,0.8727015558698727,0.8755304101838756,0.8776520509193777,0.879066478076379,0.8811881188118812,0.8818953323903819,0.8833097595473833,0.8854314002828855,0.8861386138613861
subcell_mae_masked,U2OS,median,0,mad_robustize,PCAcor,replicate,0.3314327082253828,0.5761589403973509,302,2240,0.4616071428571429,0.5116071428571428,0.5535714285714286,0.5772321428571429,0.5928571428571429,0.6084821428571429,0.61875,0.6267857142857143,0.634375,0.6415178571428571,0.6504464285714285,0.6558035714285714,0.6607142857142857,0.6683035714285714,0.6745535714285714,0.6808035714285714,0.6852678571428571,0.6883928571428571,0.690625,0.696875,0.7008928571428571,0.7026785714285714,0.7066964285714286,0.7107142857142857,0.7169642857142857,0.7205357142857143,0.7223214285714286,0.7241071428571428,0.7272321428571429,0.7325892857142857,0.7352678571428571,0.7379464285714286,0.7419642857142857,0.7441964285714285,0.7486607142857142,0.7513392857142858,0.7544642857142857,0.7566964285714286,0.7602678571428572,0.7625,0.7651785714285714,0.7669642857142858,0.7691964285714286,0.7714285714285715,0.7741071428571429,0.775,0.778125,0.7808035714285714,0.7825892857142858,0.7861607142857143
subcell_mae_masked,U2OS,median,0,mad_robustize,PCAcor,moa,0.1336425231910015,0.2207792207792207,77,1617,0.545968882602546,0.6060820367751061,0.6336633663366337,0.6548797736916548,0.6683168316831684,0.6810466760961811,0.6916548797736917,0.7072135785007072,0.7142857142857143,0.7241867043847242,0.7347949080622348,0.7461103253182461,0.7517680339462518,0.7602545968882602,0.7666195190947667,0.7722772277227723,0.7821782178217822,0.785007072135785,0.7913719943422913,0.7963224893917963,0.8033946251768034,0.8083451202263083,0.8111739745403111,0.8132956152758133,0.8175388967468176,0.8189533239038189,0.8224893917963225,0.8253182461103253,0.8295615275813296,0.8345120226308345,0.8387553041018387,0.8401697312588402,0.8437057991513437,0.8500707213578501,0.8514851485148515,0.8543140028288543,0.8571428571428571,0.8585572842998586,0.862093352192362,0.867043847241867,0.8684582743988685,0.8712871287128713,0.871994342291372,0.8748231966053748,0.8762376237623762,0.879066478076379,0.8811881188118812,0.8826025459688827,0.884016973125884,0.8854314002828855
subcell_mae_masked,U2OS,median,0,mad_robustize,ZCA,replicate,0.3382641021509877,0.5827814569536424,302,2240,0.4665178571428571,0.5169642857142858,0.5566964285714285,0.5808035714285714,0.5924107142857142,0.6040178571428572,0.6174107142857143,0.6258928571428571,0.6375,0.64375,0.6535714285714286,0.6589285714285714,0.6638392857142857,0.6714285714285714,0.6763392857142857,0.6808035714285714,0.6857142857142857,0.6901785714285714,0.6933035714285715,0.6982142857142857,0.7026785714285714,0.7089285714285715,0.7138392857142857,0.7183035714285714,0.7196428571428571,0.7227678571428572,0.725,0.7294642857142857,0.7321428571428571,0.7357142857142858,0.7379464285714286,0.7415178571428571,0.7433035714285714,0.7464285714285714,0.7508928571428571,0.7549107142857143,0.7571428571428571,0.7598214285714285,0.7620535714285714,0.7651785714285714,0.7683035714285714,0.7700892857142857,0.7705357142857143,0.775,0.7785714285714286,0.7799107142857142,0.7816964285714286,0.7821428571428571,0.7839285714285714,0.7848214285714286
subcell_mae_masked,U2OS,median,0,mad_robustize,ZCA,moa,0.1355561138101758,0.2207792207792207,77,1617,0.5523338048090524,0.6089108910891089,0.6364922206506365,0.6541725601131542,0.6669024045261669,0.6831683168316832,0.6944837340876945,0.71004243281471,0.7220650636492221,0.7305516265912305,0.7397454031117398,0.7454031117397454,0.7531824611032532,0.7616690240452617,0.7687411598302687,0.7758132956152758,0.7835926449787836,0.78995756718529,0.7934936350777935,0.7970297029702971,0.8055162659123055,0.8111739745403111,0.8196605374823197,0.8231966053748232,0.8246110325318247,0.830975954738331,0.8323903818953324,0.8345120226308345,0.8359264497878359,0.8373408769448374,0.8408769448373409,0.8472418670438473,0.8500707213578501,0.8528995756718529,0.8528995756718529,0.8557284299858557,0.8571428571428571,0.8585572842998586,0.864922206506365,0.8663366336633663,0.8698727015558698,0.8727015558698727,0.8755304101838756,0.8776520509193777,0.879066478076379,0.8811881188118812,0.8818953323903819,0.8833097595473833,0.8854314002828855,0.8861386138613861
subcell_mae_masked,U2OS,median,0,mad_robustize,ZCAcor,replicate,0.3314327082253828,0.5761589403973509,302,2240,0.4616071428571429,0.5116071428571428,0.5535714285714286,0.5772321428571429,0.5928571428571429,0.6084821428571429,0.61875,0.6267857142857143,0.634375,0.6415178571428571,0.6504464285714285,0.6558035714285714,0.6607142857142857,0.6683035714285714,0.6745535714285714,0.6808035714285714,0.6852678571428571,0.6883928571428571,0.690625,0.696875,0.7008928571428571,0.7026785714285714,0.7066964285714286,0.7107142857142857,0.7169642857142857,0.7205357142857143,0.7223214285714286,0.7241071428571428,0.7272321428571429,0.7325892857142857,0.7352678571428571,0.7379464285714286,0.7419642857142857,0.7441964285714285,0.7486607142857142,0.7513392857142858,0.7544642857142857,0.7566964285714286,0.7602678571428572,0.7625,0.7651785714285714,0.7669642857142858,0.7691964285714286,0.7714285714285715,0.7741071428571429,0.775,0.778125,0.7808035714285714,0.7825892857142858,0.7861607142857143
subcell_mae_masked,U2OS,median,0,mad_robustize,ZCAcor,moa,0.1336425231910015,0.2207792207792207,77,1617,0.545968882602546,0.6060820367751061,0.6336633663366337,0.6548797736916548,0.6683168316831684,0.6810466760961811,0.6916548797736917,0.7072135785007072,0.7142857142857143,0.7241867043847242,0.7347949080622348,0.7461103253182461,0.7517680339462518,0.7602545968882602,0.7666195190947667,0.7722772277227723,0.7821782178217822,0.785007072135785,0.7913719943422913,0.7963224893917963,0.8033946251768034,0.8083451202263083,0.8111739745403111,0.8132956152758133,0.8175388967468176,0.8189533239038189,0.8224893917963225,0.8253182461103253,0.8295615275813296,0.8345120226308345,0.8387553041018387,0.8401697312588402,0.8437057991513437,0.8500707213578501,0.8514851485148515,0.8543140028288543,0.8571428571428571,0.8585572842998586,0.862093352192362,0.867043847241867,0.8684582743988685,0.8712871287128713,0.871994342291372,0.8748231966053748,0.8762376237623762,0.879066478076379,0.8811881188118812,0.8826025459688827,0.884016973125884,0.8854314002828855
subcell_mae_masked,U2OS,median,0,mad_robustize,none,replicate,0.3923955643970687,0.8741721854304636,302,2240,0.4758928571428571,0.5370535714285715,0.5754464285714286,0.6066964285714286,0.6285714285714286,0.6508928571428572,0.6683035714285714,0.684375,0.7004464285714286,0.7125,0.7227678571428572,0.7321428571428571,0.74375,0.7526785714285714,0.7616071428571428,0.7683035714285714,0.7709821428571428,0.7767857142857143,0.7821428571428571,0.790625,0.7955357142857142,0.7995535714285714,0.8071428571428572,0.8107142857142857,0.8142857142857143,0.8178571428571428,0.8205357142857143,0.8245535714285714,0.8290178571428571,0.83125,0.834375,0.8383928571428572,0.8415178571428571,0.8446428571428571,0.8482142857142857,0.8491071428571428,0.853125,0.8553571428571428,0.8575892857142857,0.8616071428571429,0.8633928571428572,0.8674107142857143,0.8678571428571429,0.8705357142857143,0.8736607142857142,0.8758928571428571,0.8772321428571429,0.8790178571428572,0.8799107142857143,0.8821428571428571
subcell_mae_masked,U2OS,median,0,mad_robustize,none,moa,0.1503060695770934,0.2987012987012987,77,1617,0.5586987270155587,0.6237623762376238,0.6711456859971712,0.7001414427157001,0.7227722772277227,0.7524752475247525,0.768033946251768,0.78995756718529,0.7977369165487977,0.8055162659123055,0.8161244695898161,0.8253182461103253,0.8345120226308345,0.8437057991513437,0.8528995756718529,0.8606789250353607,0.8642149929278642,0.8705799151343706,0.8769448373408769,0.8811881188118812,0.8854314002828855,0.8882602545968883,0.8925035360678925,0.8953323903818954,0.8967468175388967,0.9002828854314003,0.9031117397454032,0.908062234794908,0.9094766619519096,0.9130127298444132,0.9144271570014144,0.917963224893918,0.9207920792079208,0.9236209335219236,0.9264497878359264,0.9264497878359264,0.9306930693069309,0.9335219236209336,0.9363507779349364,0.9391796322489392,0.93988684582744,0.9413012729844412,0.9434229137199436,0.944130127298444,0.944130127298444,0.9455445544554456,0.9462517680339464,0.946958981612447,0.9476661951909476,0.9476661951909476
subcell_mae_masked,U2OS,median,0,standardize,PCA,replicate,0.3882973578877575,0.609271523178808,302,2240,0.4625,0.5098214285714285,0.5589285714285714,0.5803571428571429,0.5977678571428572,0.6120535714285714,0.6258928571428571,0.634375,0.6415178571428571,0.6491071428571429,0.6549107142857142,0.6629464285714286,0.6700892857142857,0.6732142857142858,0.6776785714285715,0.6857142857142857,0.690625,0.6928571428571428,0.6982142857142857,0.7026785714285714,0.70625,0.7102678571428571,0.7151785714285714,0.7196428571428571,0.7232142857142857,0.725,0.7294642857142857,0.7321428571428571,0.7361607142857143,0.7392857142857143,0.7428571428571429,0.7450892857142857,0.7486607142857142,0.7504464285714286,0.75625,0.759375,0.7638392857142857,0.7665178571428571,0.7678571428571429,0.7691964285714286,0.7700892857142857,0.7723214285714286,0.7741071428571429,0.7772321428571428,0.7794642857142857,0.7821428571428571,0.7834821428571429,0.7848214285714286,0.7870535714285715,0.7892857142857143
subcell_mae_masked,U2OS,median,0,standardize,PCA,moa,0.1606809126580625,0.2597402597402597,77,1617,0.5445544554455446,0.5968882602545968,0.637906647807638,0.6598302687411598,0.6810466760961811,0.695898161244696,0.7057991513437057,0.7157001414427157,0.7284299858557284,0.7369165487977369,0.743988684582744,0.7538896746817539,0.7630834512022631,0.7694483734087695,0.7751060820367751,0.7814710042432814,0.785007072135785,0.7892503536067893,0.7963224893917963,0.8005657708628006,0.804101838755304,0.806930693069307,0.8125884016973126,0.8175388967468176,0.8210749646393211,0.8231966053748232,0.8253182461103253,0.8274398868458275,0.830975954738331,0.8345120226308345,0.8422913719943423,0.8444130127298444,0.8486562942008486,0.8507779349363508,0.8543140028288543,0.8585572842998586,0.8592644978783592,0.862093352192362,0.864922206506365,0.8684582743988685,0.8712871287128713,0.8712871287128713,0.8741159830268741,0.8748231966053748,0.8762376237623762,0.879066478076379,0.8804809052333805,0.8833097595473833,0.8847241867043847,0.8854314002828855
subcell_mae_masked,U2OS,median,0,standardize,PCAcor,replicate,0.3928857868003043,0.6291390728476821,302,2240,0.4669642857142857,0.5200892857142857,0.5642857142857143,0.5857142857142857,0.6013392857142857,0.6151785714285715,0.6276785714285714,0.6392857142857142,0.6459821428571428,0.6544642857142857,0.6647321428571429,0.6691964285714286,0.6741071428571429,0.678125,0.6816964285714285,0.6852678571428571,0.6901785714285714,0.6928571428571428,0.6964285714285714,0.7017857142857142,0.7049107142857143,0.7116071428571429,0.71875,0.7241071428571428,0.728125,0.7330357142857142,0.7361607142857143,0.7397321428571428,0.7424107142857143,0.7477678571428571,0.7526785714285714,0.7566964285714286,0.7584821428571429,0.7620535714285714,0.7651785714285714,0.7696428571428572,0.771875,0.7736607142857143,0.7758928571428572,0.7776785714285714,0.7790178571428571,0.7821428571428571,0.7839285714285714,0.7866071428571428,0.7892857142857143,0.7897321428571429,0.7897321428571429,0.7928571428571428,0.7950892857142857,0.7977678571428571
subcell_mae_masked,U2OS,median,0,standardize,PCAcor,moa,0.1606067234231229,0.2597402597402597,77,1617,0.5509193776520509,0.6103253182461104,0.6471004243281471,0.6633663366336634,0.6803394625176803,0.7008486562942009,0.7142857142857143,0.727015558698727,0.7340876944837341,0.7425742574257426,0.7496463932107497,0.7567185289957568,0.7644978783592645,0.7687411598302687,0.7751060820367751,0.7793493635077794,0.785007072135785,0.7885431400282885,0.7949080622347949,0.7998585572842999,0.8026874115983027,0.8104667609618105,0.8168316831683168,0.8224893917963225,0.826025459688826,0.8302687411598303,0.8338048090523338,0.8359264497878359,0.8366336633663366,0.8437057991513437,0.847949080622348,0.8514851485148515,0.8550212164073551,0.8571428571428571,0.8585572842998586,0.862093352192362,0.864922206506365,0.867043847241867,0.8698727015558698,0.8727015558698727,0.8755304101838756,0.8776520509193777,0.8783592644978784,0.8818953323903819,0.8833097595473833,0.8847241867043847,0.8861386138613861,0.888967468175389,0.8896746817538896,0.8910891089108911
subcell_mae_masked,U2OS,median,0,standardize,ZCA,replicate,0.3882973578877575,0.609271523178808,302,2240,0.4625,0.5098214285714285,0.5589285714285714,0.5803571428571429,0.5977678571428572,0.6120535714285714,0.6258928571428571,0.634375,0.6415178571428571,0.6491071428571429,0.6549107142857142,0.6629464285714286,0.6700892857142857,0.6732142857142858,0.6776785714285715,0.6857142857142857,0.690625,0.6928571428571428,0.6982142857142857,0.7026785714285714,0.70625,0.7102678571428571,0.7151785714285714,0.7196428571428571,0.7232142857142857,0.725,0.7294642857142857,0.7321428571428571,0.7361607142857143,0.7392857142857143,0.7428571428571429,0.7450892857142857,0.7486607142857142,0.7504464285714286,0.75625,0.759375,0.7638392857142857,0.7665178571428571,0.7678571428571429,0.7691964285714286,0.7700892857142857,0.7723214285714286,0.7741071428571429,0.7772321428571428,0.7794642857142857,0.7821428571428571,0.7834821428571429,0.7848214285714286,0.7870535714285715,0.7892857142857143
subcell_mae_masked,U2OS,median,0,standardize,ZCA,moa,0.1606809126580625,0.2597402597402597,77,1617,0.5445544554455446,0.5968882602545968,0.637906647807638,0.6598302687411598,0.6810466760961811,0.695898161244696,0.7057991513437057,0.7157001414427157,0.7284299858557284,0.7369165487977369,0.743988684582744,0.7538896746817539,0.7630834512022631,0.7694483734087695,0.7751060820367751,0.7814710042432814,0.785007072135785,0.7892503536067893,0.7963224893917963,0.8005657708628006,0.804101838755304,0.806930693069307,0.8125884016973126,0.8175388967468176,0.8210749646393211,0.8231966053748232,0.8253182461103253,0.8274398868458275,0.830975954738331,0.8345120226308345,0.8422913719943423,0.8444130127298444,0.8486562942008486,0.8507779349363508,0.8543140028288543,0.8585572842998586,0.8592644978783592,0.862093352192362,0.864922206506365,0.8684582743988685,0.8712871287128713,0.8712871287128713,0.8741159830268741,0.8748231966053748,0.8762376237623762,0.879066478076379,0.8804809052333805,0.8833097595473833,0.8847241867043847,0.8854314002828855
subcell_mae_masked,U2OS,median,0,standardize,ZCAcor,replicate,0.3928857868003043,0.6291390728476821,302,2240,0.4669642857142857,0.5200892857142857,0.5642857142857143,0.5857142857142857,0.6013392857142857,0.6151785714285715,0.6276785714285714,0.6392857142857142,0.6459821428571428,0.6544642857142857,0.6647321428571429,0.6691964285714286,0.6741071428571429,0.678125,0.6816964285714285,0.6852678571428571,0.6901785714285714,0.6928571428571428,0.6964285714285714,0.7017857142857142,0.7049107142857143,0.7116071428571429,0.71875,0.7241071428571428,0.728125,0.7330357142857142,0.7361607142857143,0.7397321428571428,0.7424107142857143,0.7477678571428571,0.7526785714285714,0.7566964285714286,0.7584821428571429,0.7620535714285714,0.7651785714285714,0.7696428571428572,0.771875,0.7736607142857143,0.7758928571428572,0.7776785714285714,0.7790178571428571,0.7821428571428571,0.7839285714285714,0.7866071428571428,0.7892857142857143,0.7897321428571429,0.7897321428571429,0.7928571428571428,0.7950892857142857,0.7977678571428571
subcell_mae_masked,U2OS,median,0,standardize,ZCAcor,moa,0.1606067234231229,0.2597402597402597,77,1617,0.5509193776520509,0.6103253182461104,0.6471004243281471,0.6633663366336634,0.6803394625176803,0.7008486562942009,0.7142857142857143,0.727015558698727,0.7340876944837341,0.7425742574257426,0.7496463932107497,0.7567185289957568,0.7644978783592645,0.7687411598302687,0.7751060820367751,0.7793493635077794,0.785007072135785,0.7885431400282885,0.7949080622347949,0.7998585572842999,0.8026874115983027,0.8104667609618105,0.8168316831683168,0.8224893917963225,0.826025459688826,0.8302687411598303,0.8338048090523338,0.8359264497878359,0.8366336633663366,0.8437057991513437,0.847949080622348,0.8514851485148515,0.8550212164073551,0.8571428571428571,0.8585572842998586,0.862093352192362,0.864922206506365,0.867043847241867,0.8698727015558698,0.8727015558698727,0.8755304101838756,0.8776520509193777,0.8783592644978784,0.8818953323903819,0.8833097595473833,0.8847241867043847,0.8861386138613861,0.888967468175389,0.8896746817538896,0.8910891089108911
subcell_mae_masked,U2OS,median,0,standardize,none,replicate,0.3734506672180211,0.8377483443708609,302,2240,0.465625,0.5174107142857143,0.559375,0.5941964285714286,0.6169642857142857,0.6397321428571429,0.6549107142857142,0.6736607142857143,0.6879464285714286,0.6991071428571428,0.7107142857142857,0.7205357142857143,0.7299107142857143,0.7370535714285714,0.7428571428571429,0.75,0.7575892857142857,0.7633928571428571,0.7678571428571429,0.7741071428571429,0.7803571428571429,0.7866071428571428,0.7959821428571429,0.8,0.8053571428571429,0.8080357142857143,0.8107142857142857,0.8138392857142858,0.8174107142857143,0.821875,0.8263392857142857,0.828125,0.8325892857142857,0.8361607142857143,0.8401785714285714,0.8428571428571429,0.8455357142857143,0.8495535714285715,0.8522321428571429,0.8544642857142857,0.85625,0.8575892857142857,0.859375,0.8638392857142857,0.8651785714285715,0.8665178571428571,0.8683035714285714,0.8705357142857143,0.8727678571428571,0.8763392857142858
subcell_mae_masked,U2OS,median,0,standardize,none,moa,0.1464096792159194,0.2727272727272727,77,1617,0.5367751060820368,0.6004243281471005,0.6527581329561527,0.6916548797736917,0.727015558698727,0.7496463932107497,0.7666195190947667,0.7842998585572843,0.7927864214992928,0.8026874115983027,0.8104667609618105,0.8253182461103253,0.8352192362093352,0.8401697312588402,0.847949080622348,0.8543140028288543,0.8635077793493635,0.8684582743988685,0.8727015558698727,0.8776520509193777,0.8847241867043847,0.8882602545968883,0.8910891089108911,0.8953323903818954,0.8981612446958982,0.8988684582743989,0.9031117397454032,0.9087694483734088,0.9123055162659124,0.915841584158416,0.9193776520509194,0.9222065063649222,0.9243281471004244,0.9271570014144273,0.9271570014144273,0.9292786421499292,0.9328147100424328,0.9363507779349364,0.937057991513437,0.9391796322489392,0.9405940594059404,0.942008486562942,0.944130127298444,0.9455445544554456,0.9455445544554456,0.946958981612447,0.9476661951909476,0.9483734087694484,0.9497878359264498,0.9512022630834512
subcell_mae_masked,U2OS,median,1,PCA,mad_robustize,replicate,0.414236065727403,0.6821192052980133,302,2240,0.4571428571428571,0.5125,0.5526785714285715,0.5785714285714286,0.5991071428571428,0.6120535714285714,0.6254464285714286,0.6397321428571429,0.6486607142857143,0.6575892857142858,0.6700892857142857,0.6785714285714286,0.6866071428571429,0.6888392857142858,0.69375,0.7013392857142857,0.7040178571428571,0.7102678571428571,0.7142857142857143,0.71875,0.7227678571428572,0.725,0.7290178571428572,0.7316964285714286,0.7352678571428571,0.7379464285714286,0.7419642857142857,0.7464285714285714,0.7477678571428571,0.7513392857142858,0.753125,0.7580357142857143,0.7598214285714285,0.7629464285714286,0.7674107142857143,0.7700892857142857,0.7727678571428571,0.7767857142857143,0.7803571428571429,0.7821428571428571,0.7830357142857143,0.7857142857142857,0.7888392857142857,0.7910714285714285,0.7955357142857142,0.7982142857142858,0.8004464285714286,0.8022321428571428,0.8040178571428571,0.80625
subcell_mae_masked,U2OS,median,1,PCA,mad_robustize,moa,0.1641184716135372,0.2727272727272727,77,1617,0.5388967468175389,0.5926449787835927,0.6393210749646393,0.6669024045261669,0.6881188118811881,0.7022630834512023,0.7206506364922206,0.7284299858557284,0.7397454031117398,0.7524752475247525,0.7609618104667609,0.7673267326732673,0.7701555869872702,0.7772277227722773,0.7842998585572843,0.7920792079207921,0.7977369165487977,0.801980198019802,0.8076379066478077,0.8182461103253182,0.8231966053748232,0.8253182461103253,0.8288543140028288,0.8330975954738331,0.8366336633663366,0.8422913719943423,0.8444130127298444,0.8528995756718529,0.8550212164073551,0.8557284299858557,0.8613861386138614,0.8642149929278642,0.8677510608203678,0.8705799151343706,0.8734087694483734,0.8783592644978784,0.8797736916548797,0.8811881188118812,0.8826025459688827,0.8847241867043847,0.8868458274398868,0.888967468175389,0.8903818953323904,0.8925035360678925,0.8946251768033946,0.8981612446958982,0.8988684582743989,0.9052333804809052,0.9073550212164072,0.9094766619519096
subcell_mae_masked,U2OS,median,1,PCA,standardize,replicate,0.4456630298412329,0.933774834437086,302,2240,0.4919642857142857,0.5388392857142857,0.5660714285714286,0.5928571428571429,0.6129464285714286,0.6263392857142858,0.6375,0.6491071428571429,0.6620535714285715,0.671875,0.6830357142857143,0.6933035714285715,0.7017857142857142,0.7089285714285715,0.715625,0.7227678571428572,0.7299107142857143,0.7375,0.7428571428571429,0.7477678571428571,0.7540178571428572,0.7575892857142857,0.7625,0.7678571428571429,0.7736607142857143,0.7776785714285714,0.7816964285714286,0.7848214285714286,0.7875,0.790625,0.7928571428571428,0.7950892857142857,0.7982142857142858,0.8008928571428572,0.8040178571428571,0.8089285714285714,0.8133928571428571,0.8160714285714286,0.8200892857142857,0.8236607142857143,0.8254464285714286,0.8294642857142858,0.8316964285714286,0.8361607142857143,0.8388392857142857,0.8415178571428571,0.8424107142857142,0.8450892857142858,0.8477678571428572,0.85
subcell_mae_masked,U2OS,median,1,PCA,standardize,moa,0.1817587527780656,0.4285714285714285,77,1617,0.5728429985855729,0.6294200848656294,0.6661951909476662,0.6994342291371994,0.7199434229137199,0.7468175388967468,0.7616690240452617,0.7779349363507779,0.7927864214992928,0.8048090523338048,0.8175388967468176,0.8239038189533239,0.8323903818953324,0.8387553041018387,0.8415841584158416,0.847949080622348,0.8528995756718529,0.8613861386138614,0.8677510608203678,0.8698727015558698,0.8734087694483734,0.8769448373408769,0.8804809052333805,0.8854314002828855,0.8896746817538896,0.8932107496463932,0.8967468175388967,0.9024045261669024,0.9073550212164072,0.91018387553041,0.9144271570014144,0.917963224893918,0.9193776520509194,0.9222065063649222,0.9236209335219236,0.925035360678925,0.9285714285714286,0.9328147100424328,0.937057991513437,0.93988684582744,0.9413012729844412,0.942008486562942,0.9462517680339464,0.9476661951909476,0.9490806223479492,0.9504950495049505,0.951909476661952,0.9526166902404526,0.9533239038189534,0.954031117397454
subcell_mae_masked,U2OS,median,1,PCAcor,mad_robustize,replicate,0.4163167725970201,0.6887417218543046,302,2240,0.4584821428571428,0.5107142857142857,0.5522321428571428,0.578125,0.5946428571428571,0.6120535714285714,0.6245535714285714,0.6392857142857142,0.6504464285714285,0.6558035714285714,0.6633928571428571,0.6723214285714286,0.6790178571428571,0.6861607142857142,0.6928571428571428,0.6973214285714285,0.7013392857142857,0.7071428571428572,0.7125,0.7178571428571429,0.7254464285714286,0.728125,0.7339285714285714,0.7366071428571429,0.7415178571428571,0.7450892857142857,0.7491071428571429,0.7522321428571429,0.75625,0.7584821428571429,0.7607142857142857,0.7625,0.7660714285714286,0.7691964285714286,0.7723214285714286,0.7745535714285714,0.7767857142857143,0.7799107142857142,0.78125,0.7839285714285714,0.7875,0.7910714285714285,0.7955357142857142,0.7977678571428571,0.7986607142857143,0.8004464285714286,0.8026785714285715,0.8071428571428572,0.8084821428571428,0.8107142857142857
subcell_mae_masked,U2OS,median,1,PCAcor,mad_robustize,moa,0.1651286697733176,0.2727272727272727,77,1617,0.5445544554455446,0.5968882602545968,0.64002828854314,0.6647807637906648,0.6867043847241867,0.7029702970297029,0.7178217821782178,0.7333804809052333,0.743988684582744,0.7496463932107497,0.7574257425742574,0.7659123055162659,0.7722772277227723,0.7800565770862801,0.7913719943422913,0.7977369165487977,0.806930693069307,0.8132956152758133,0.8189533239038189,0.8224893917963225,0.8281471004243282,0.8323903818953324,0.8359264497878359,0.8415841584158416,0.8451202263083452,0.847949080622348,0.8521923620933521,0.8557284299858557,0.8585572842998586,0.862093352192362,0.864922206506365,0.867043847241867,0.8684582743988685,0.8748231966053748,0.8776520509193777,0.8797736916548797,0.8833097595473833,0.8847241867043847,0.8882602545968883,0.8903818953323904,0.8946251768033946,0.8967468175388967,0.8988684582743989,0.9016973125884016,0.9045261669024044,0.9073550212164072,0.9087694483734088,0.915841584158416,0.9172560113154172,0.9193776520509194
subcell_mae_masked,U2OS,median,1,PCAcor,standardize,replicate,0.4463842581793218,0.9403973509933776,302,2240,0.4924107142857143,0.5424107142857143,0.5745535714285714,0.6040178571428572,0.6174107142857143,0.6339285714285714,0.6455357142857143,0.659375,0.6691964285714286,0.6803571428571429,0.6901785714285714,0.6959821428571429,0.7044642857142858,0.7111607142857143,0.7174107142857142,0.7258928571428571,0.7325892857142857,0.7370535714285714,0.7433035714285714,0.7477678571428571,0.7517857142857143,0.7589285714285714,0.7633928571428571,0.7678571428571429,0.7745535714285714,0.7794642857142857,0.7834821428571429,0.7883928571428571,0.7924107142857143,0.7959821428571429,0.7995535714285714,0.803125,0.8066964285714285,0.8107142857142857,0.8138392857142858,0.8169642857142857,0.821875,0.8241071428571428,0.8276785714285714,0.8299107142857143,0.8316964285714286,0.8330357142857143,0.8366071428571429,0.8383928571428572,0.8392857142857143,0.8401785714285714,0.8424107142857142,0.8450892857142858,0.846875,0.8491071428571428
subcell_mae_masked,U2OS,median,1,PCAcor,standardize,moa,0.1793876167853488,0.4285714285714285,77,1617,0.5813295615275813,0.6343705799151343,0.6746817538896747,0.7072135785007072,0.7326732673267327,0.7538896746817539,0.7722772277227723,0.7821782178217822,0.7949080622347949,0.809052333804809,0.8132956152758133,0.8246110325318247,0.8330975954738331,0.8408769448373409,0.8451202263083452,0.8550212164073551,0.8613861386138614,0.867043847241867,0.8755304101838756,0.8811881188118812,0.8868458274398868,0.8917963224893918,0.8974540311173974,0.900990099009901,0.9052333804809052,0.9066478076379066,0.9073550212164072,0.91018387553041,0.9123055162659124,0.9151343705799152,0.9172560113154172,0.9207920792079208,0.9236209335219236,0.9278642149929278,0.9292786421499292,0.9314002828854314,0.9342291371994342,0.9356435643564356,0.9377652050919376,0.93988684582744,0.9413012729844412,0.9448373408769448,0.9476661951909476,0.9504950495049505,0.951909476661952,0.9526166902404526,0.9526166902404526,0.954031117397454,0.9554455445544554,0.9582743988684582
subcell_mae_masked,U2OS,median,1,ZCA,mad_robustize,replicate,0.4563852571445277,0.7880794701986755,302,2240,0.49375,0.5549107142857143,0.5883928571428572,0.6178571428571429,0.6419642857142858,0.6589285714285714,0.671875,0.6848214285714286,0.6959821428571429,0.7035714285714286,0.7151785714285714,0.7214285714285714,0.7299107142857143,0.734375,0.7424107142857143,0.7459821428571428,0.7549107142857143,0.7633928571428571,0.7674107142857143,0.7709821428571428,0.775,0.78125,0.784375,0.7870535714285715,0.7915178571428572,0.7950892857142857,0.7977678571428571,0.8,0.8035714285714286,0.8084821428571428,0.8116071428571429,0.815625,0.8200892857142857,0.8227678571428572,0.8258928571428571,0.8285714285714286,0.8299107142857143,0.83125,0.8348214285714286,0.8392857142857143,0.8410714285714286,0.8415178571428571,0.8441964285714286,0.8441964285714286,0.8450892857142858,0.8477678571428572,0.8504464285714286,0.8513392857142857,0.8544642857142857,0.85625
subcell_mae_masked,U2OS,median,1,ZCA,mad_robustize,moa,0.1789107120538688,0.2987012987012987,77,1617,0.5834512022630834,0.6485148514851485,0.685997171145686,0.7142857142857143,0.7355021216407355,0.748939179632249,0.7637906647807637,0.7814710042432814,0.7949080622347949,0.8005657708628006,0.8104667609618105,0.8161244695898161,0.8246110325318247,0.8295615275813296,0.8366336633663366,0.8408769448373409,0.8472418670438473,0.8521923620933521,0.8592644978783592,0.8642149929278642,0.8691654879773691,0.8741159830268741,0.8783592644978784,0.8818953323903819,0.888967468175389,0.8932107496463932,0.8981612446958982,0.9016973125884016,0.9038189533239038,0.9045261669024044,0.905940594059406,0.9108910891089108,0.9137199434229136,0.915841584158416,0.9186704384724188,0.9207920792079208,0.9214992927864216,0.9236209335219236,0.9264497878359264,0.9278642149929278,0.9292786421499292,0.932107496463932,0.9342291371994342,0.9356435643564356,0.9391796322489392,0.9405940594059404,0.942008486562942,0.944130127298444,0.944130127298444,0.9455445544554456
subcell_mae_masked,U2OS,median,1,ZCA,standardize,replicate,0.4480181423762909,0.9238410596026492,302,2240,0.4982142857142857,0.5450892857142857,0.575,0.596875,0.6107142857142858,0.6267857142857143,0.6392857142857142,0.6549107142857142,0.6642857142857143,0.6763392857142857,0.6848214285714286,0.6901785714285714,0.7008928571428571,0.709375,0.7169642857142857,0.725,0.7339285714285714,0.7415178571428571,0.746875,0.7513392857142858,0.75625,0.7625,0.7674107142857143,0.771875,0.7741071428571429,0.7790178571428571,0.7825892857142858,0.7866071428571428,0.7919642857142857,0.7959821428571429,0.796875,0.7995535714285714,0.8044642857142857,0.8075892857142857,0.8098214285714286,0.8147321428571429,0.8178571428571428,0.8214285714285714,0.8254464285714286,0.8272321428571429,0.83125,0.8339285714285715,0.8357142857142857,0.840625,0.8419642857142857,0.8441964285714286,0.8455357142857143,0.8486607142857143,0.8508928571428571,0.8549107142857143
subcell_mae_masked,U2OS,median,1,ZCA,standardize,moa,0.1808360594278781,0.4155844155844156,77,1617,0.5792079207920792,0.6357850070721358,0.6753889674681753,0.7079207920792079,0.7284299858557284,0.7482319660537482,0.7637906647807637,0.7779349363507779,0.7906647807637907,0.8048090523338048,0.8154172560113154,0.826025459688826,0.830975954738331,0.8366336633663366,0.8422913719943423,0.8500707213578501,0.8564356435643564,0.8642149929278642,0.8705799151343706,0.8762376237623762,0.8818953323903819,0.8847241867043847,0.8868458274398868,0.8910891089108911,0.8974540311173974,0.9002828854314003,0.9038189533239038,0.9087694483734088,0.9115983026874116,0.9151343705799152,0.917963224893918,0.917963224893918,0.92008486562942,0.9236209335219236,0.9257425742574258,0.9292786421499292,0.9306930693069309,0.9314002828854314,0.9328147100424328,0.9349363507779348,0.9377652050919376,0.9391796322489392,0.9405940594059404,0.9427157001414428,0.944130127298444,0.9462517680339464,0.9483734087694484,0.9512022630834512,0.9526166902404526,0.9547383309759548
subcell_mae_masked,U2OS,median,1,ZCAcor,mad_robustize,replicate,0.4534248179139041,0.7880794701986755,302,2240,0.4901785714285714,0.5486607142857143,0.5910714285714286,0.6209821428571428,0.6410714285714286,0.6571428571428571,0.6696428571428571,0.6825892857142857,0.6933035714285715,0.7058035714285714,0.7129464285714285,0.7245535714285715,0.7325892857142857,0.7397321428571428,0.7446428571428572,0.7491071428571429,0.7553571428571428,0.7584821428571429,0.7638392857142857,0.7674107142857143,0.7714285714285715,0.775,0.7785714285714286,0.784375,0.7857142857142857,0.790625,0.7946428571428571,0.796875,0.803125,0.8098214285714286,0.8129464285714286,0.8160714285714286,0.8196428571428571,0.8223214285714285,0.825,0.8267857142857142,0.8294642857142858,0.8325892857142857,0.834375,0.8370535714285714,0.8392857142857143,0.8410714285714286,0.8424107142857142,0.8446428571428571,0.846875,0.8491071428571428,0.8526785714285714,0.8535714285714285,0.8540178571428572,0.8544642857142857
subcell_mae_masked,U2OS,median,1,ZCAcor,mad_robustize,moa,0.178220981750957,0.2857142857142857,77,1617,0.5770862800565771,0.6449787835926449,0.6845827439886846,0.7185289957567186,0.7326732673267327,0.7531824611032532,0.7708628005657708,0.7821782178217822,0.7956152758132956,0.801980198019802,0.8147100424328148,0.8203677510608204,0.826025459688826,0.8316831683168316,0.8373408769448374,0.842998585572843,0.8507779349363508,0.8578500707213579,0.8656294200848657,0.8727015558698727,0.8797736916548797,0.8826025459688827,0.8868458274398868,0.8882602545968883,0.8910891089108911,0.8939179632248939,0.8981612446958982,0.9038189533239038,0.9045261669024044,0.9073550212164072,0.9094766619519096,0.9108910891089108,0.9123055162659124,0.9144271570014144,0.917963224893918,0.9222065063649222,0.9257425742574258,0.9278642149929278,0.932107496463932,0.9328147100424328,0.9335219236209336,0.9356435643564356,0.937057991513437,0.9384724186704384,0.9391796322489392,0.93988684582744,0.9405940594059404,0.942008486562942,0.9427157001414428,0.9476661951909476
subcell_mae_masked,U2OS,median,1,ZCAcor,standardize,replicate,0.4450419621434388,0.9172185430463576,302,2240,0.4977678571428571,0.5433035714285714,0.5772321428571429,0.5973214285714286,0.6142857142857143,0.6276785714285714,0.640625,0.65625,0.6669642857142857,0.6758928571428572,0.6875,0.6950892857142857,0.7058035714285714,0.7120535714285714,0.7205357142857143,0.7276785714285714,0.7334821428571429,0.7392857142857143,0.7473214285714286,0.7526785714285714,0.7598214285714285,0.7629464285714286,0.7683035714285714,0.7696428571428572,0.7723214285714286,0.7754464285714285,0.7839285714285714,0.7866071428571428,0.7910714285714285,0.7950892857142857,0.7977678571428571,0.803125,0.8071428571428572,0.8102678571428571,0.8142857142857143,0.8165178571428572,0.8191964285714286,0.8205357142857143,0.8223214285714285,0.8241071428571428,0.8294642857142858,0.8330357142857143,0.8383928571428572,0.8415178571428571,0.8433035714285714,0.8455357142857143,0.8477678571428572,0.8508928571428571,0.8526785714285714,0.853125
subcell_mae_masked,U2OS,median,1,ZCAcor,standardize,moa,0.1802897615097711,0.4285714285714285,77,1617,0.5841584158415841,0.6357850070721358,0.6732673267326733,0.7065063649222065,0.7263083451202264,0.7496463932107497,0.7666195190947667,0.7786421499292786,0.7977369165487977,0.8118811881188119,0.8224893917963225,0.830975954738331,0.8338048090523338,0.8415841584158416,0.8507779349363508,0.8550212164073551,0.85997171145686,0.867043847241867,0.8734087694483734,0.8783592644978784,0.8833097595473833,0.8882602545968883,0.8910891089108911,0.8960396039603961,0.8974540311173974,0.9016973125884016,0.9038189533239038,0.905940594059406,0.9087694483734088,0.91018387553041,0.9144271570014144,0.9165487977369166,0.917963224893918,0.9229137199434228,0.925035360678925,0.9278642149929278,0.9306930693069309,0.932107496463932,0.9328147100424328,0.9356435643564356,0.9384724186704384,0.9413012729844412,0.944130127298444,0.9448373408769448,0.9476661951909476,0.9497878359264498,0.9497878359264498,0.9512022630834512,0.951909476661952,0.9526166902404526
subcell_mae_masked,U2OS,median,1,mad_robustize,PCA,replicate,0.3427907327928629,0.5794701986754967,302,2240,0.4598214285714285,0.5058035714285715,0.5473214285714286,0.56875,0.5879464285714285,0.6044642857142857,0.6165178571428571,0.6263392857142858,0.6352678571428572,0.6419642857142858,0.6491071428571429,0.6580357142857143,0.6633928571428571,0.6691964285714286,0.6727678571428571,0.6794642857142857,0.6848214285714286,0.6897321428571429,0.6955357142857143,0.6991071428571428,0.7026785714285714,0.7089285714285715,0.7125,0.7160714285714286,0.7191964285714286,0.7214285714285714,0.7263392857142857,0.7285714285714285,0.7321428571428571,0.7361607142857143,0.7388392857142857,0.7415178571428571,0.7477678571428571,0.7517857142857143,0.753125,0.7535714285714286,0.7566964285714286,0.7589285714285714,0.7625,0.7638392857142857,0.765625,0.7674107142857143,0.771875,0.7745535714285714,0.778125,0.7794642857142857,0.78125,0.7834821428571429,0.7852678571428572,0.7866071428571428
subcell_mae_masked,U2OS,median,1,mad_robustize,PCA,moa,0.1383980255379935,0.2077922077922078,77,1617,0.5431400282885431,0.5975954738330976,0.6322489391796322,0.652050919377652,0.669024045261669,0.6789250353606789,0.693069306930693,0.7043847241867044,0.7157001414427157,0.7213578500707214,0.7326732673267327,0.7383309759547383,0.7418670438472419,0.7503536067892503,0.7581329561527581,0.7694483734087695,0.7743988684582744,0.785007072135785,0.7927864214992928,0.7963224893917963,0.8026874115983027,0.8048090523338048,0.806930693069307,0.814002828854314,0.8196605374823197,0.8239038189533239,0.826025459688826,0.830975954738331,0.8345120226308345,0.8366336633663366,0.8437057991513437,0.8465346534653465,0.8521923620933521,0.8536067892503536,0.8550212164073551,0.8585572842998586,0.8613861386138614,0.8642149929278642,0.864922206506365,0.8677510608203678,0.8705799151343706,0.8727015558698727,0.8734087694483734,0.8769448373408769,0.8776520509193777,0.8797736916548797,0.8811881188118812,0.884016973125884,0.884016973125884,0.8854314002828855
subcell_mae_masked,U2OS,median,1,mad_robustize,PCAcor,replicate,0.3354252858688924,0.5662251655629139,302,2240,0.4598214285714285,0.5049107142857143,0.5450892857142857,0.5691964285714286,0.5861607142857143,0.6049107142857143,0.6138392857142857,0.6241071428571429,0.6339285714285714,0.6383928571428571,0.6446428571428572,0.6508928571428572,0.6598214285714286,0.6651785714285714,0.6709821428571429,0.6767857142857143,0.68125,0.6839285714285714,0.6879464285714286,0.6933035714285715,0.6995535714285714,0.703125,0.7066964285714286,0.7116071428571429,0.7151785714285714,0.7191964285714286,0.7232142857142857,0.7254464285714286,0.7299107142857143,0.7316964285714286,0.7348214285714286,0.7397321428571428,0.74375,0.7455357142857143,0.7482142857142857,0.7495535714285714,0.7526785714285714,0.7575892857142857,0.7598214285714285,0.7616071428571428,0.7647321428571429,0.765625,0.7691964285714286,0.7709821428571428,0.7723214285714286,0.7772321428571428,0.778125,0.7803571428571429,0.7816964285714286,0.7821428571428571
subcell_mae_masked,U2OS,median,1,mad_robustize,PCAcor,moa,0.1360019079447117,0.2077922077922078,77,1617,0.5417256011315418,0.5933521923620934,0.6265912305516266,0.6442715700141443,0.6654879773691655,0.6831683168316832,0.6895332390381895,0.7008486562942009,0.7128712871287128,0.7199434229137199,0.7305516265912305,0.7369165487977369,0.7432814710042432,0.751060820367751,0.756011315417256,0.7623762376237624,0.7701555869872702,0.7751060820367751,0.7835926449787836,0.7892503536067893,0.7949080622347949,0.8005657708628006,0.8062234794908062,0.8111739745403111,0.8147100424328148,0.8182461103253182,0.8274398868458275,0.8295615275813296,0.8338048090523338,0.8345120226308345,0.8380480905233381,0.8401697312588402,0.8444130127298444,0.8465346534653465,0.8472418670438473,0.8493635077793493,0.8528995756718529,0.8564356435643564,0.8592644978783592,0.8606789250353607,0.8635077793493635,0.867043847241867,0.8691654879773691,0.8712871287128713,0.8727015558698727,0.8727015558698727,0.8762376237623762,0.8776520509193777,0.8797736916548797,0.8826025459688827
subcell_mae_masked,U2OS,median,1,mad_robustize,ZCA,replicate,0.3427907327928629,0.5794701986754967,302,2240,0.4598214285714285,0.5058035714285715,0.5473214285714286,0.56875,0.5879464285714285,0.6044642857142857,0.6165178571428571,0.6263392857142858,0.6352678571428572,0.6419642857142858,0.6491071428571429,0.6580357142857143,0.6633928571428571,0.6691964285714286,0.6727678571428571,0.6794642857142857,0.6848214285714286,0.6897321428571429,0.6955357142857143,0.6991071428571428,0.7026785714285714,0.7089285714285715,0.7125,0.7160714285714286,0.7191964285714286,0.7214285714285714,0.7263392857142857,0.7285714285714285,0.7321428571428571,0.7361607142857143,0.7388392857142857,0.7415178571428571,0.7477678571428571,0.7517857142857143,0.753125,0.7535714285714286,0.7566964285714286,0.7589285714285714,0.7625,0.7638392857142857,0.765625,0.7674107142857143,0.771875,0.7745535714285714,0.778125,0.7794642857142857,0.78125,0.7834821428571429,0.7852678571428572,0.7866071428571428
subcell_mae_masked,U2OS,median,1,mad_robustize,ZCA,moa,0.1383980255379935,0.2077922077922078,77,1617,0.5431400282885431,0.5975954738330976,0.6322489391796322,0.652050919377652,0.669024045261669,0.6789250353606789,0.693069306930693,0.7043847241867044,0.7157001414427157,0.7213578500707214,0.7326732673267327,0.7383309759547383,0.7418670438472419,0.7503536067892503,0.7581329561527581,0.7694483734087695,0.7743988684582744,0.785007072135785,0.7927864214992928,0.7963224893917963,0.8026874115983027,0.8048090523338048,0.806930693069307,0.814002828854314,0.8196605374823197,0.8239038189533239,0.826025459688826,0.830975954738331,0.8345120226308345,0.8366336633663366,0.8437057991513437,0.8465346534653465,0.8521923620933521,0.8536067892503536,0.8550212164073551,0.8585572842998586,0.8613861386138614,0.8642149929278642,0.864922206506365,0.8677510608203678,0.8705799151343706,0.8727015558698727,0.8734087694483734,0.8769448373408769,0.8776520509193777,0.8797736916548797,0.8811881188118812,0.884016973125884,0.884016973125884,0.8854314002828855
subcell_mae_masked,U2OS,median,1,mad_robustize,ZCAcor,replicate,0.3354252858688924,0.5662251655629139,302,2240,0.4598214285714285,0.5049107142857143,0.5450892857142857,0.5691964285714286,0.5861607142857143,0.6049107142857143,0.6138392857142857,0.6241071428571429,0.6334821428571429,0.6383928571428571,0.6446428571428572,0.6508928571428572,0.6598214285714286,0.6651785714285714,0.6709821428571429,0.6767857142857143,0.68125,0.6839285714285714,0.6879464285714286,0.6933035714285715,0.6995535714285714,0.703125,0.7066964285714286,0.7116071428571429,0.7151785714285714,0.7191964285714286,0.7232142857142857,0.7254464285714286,0.7299107142857143,0.7316964285714286,0.7348214285714286,0.7397321428571428,0.74375,0.7455357142857143,0.7482142857142857,0.7495535714285714,0.7526785714285714,0.7575892857142857,0.7598214285714285,0.7616071428571428,0.7647321428571429,0.765625,0.7691964285714286,0.7709821428571428,0.7723214285714286,0.7772321428571428,0.778125,0.7803571428571429,0.7816964285714286,0.7821428571428571
subcell_mae_masked,U2OS,median,1,mad_robustize,ZCAcor,moa,0.1360019079447117,0.2077922077922078,77,1617,0.5417256011315418,0.5933521923620934,0.6265912305516266,0.6442715700141443,0.6654879773691655,0.6831683168316832,0.6895332390381895,0.7008486562942009,0.7128712871287128,0.7199434229137199,0.7305516265912305,0.7369165487977369,0.7432814710042432,0.751060820367751,0.756011315417256,0.7623762376237624,0.7701555869872702,0.7751060820367751,0.7835926449787836,0.7892503536067893,0.7949080622347949,0.8005657708628006,0.8062234794908062,0.8111739745403111,0.8147100424328148,0.8182461103253182,0.8274398868458275,0.8295615275813296,0.8338048090523338,0.8345120226308345,0.8380480905233381,0.8401697312588402,0.8444130127298444,0.8465346534653465,0.8472418670438473,0.8493635077793493,0.8528995756718529,0.8564356435643564,0.8592644978783592,0.8606789250353607,0.8635077793493635,0.867043847241867,0.8691654879773691,0.8712871287128713,0.8727015558698727,0.8727015558698727,0.8762376237623762,0.8776520509193777,0.8797736916548797,0.8826025459688827
subcell_mae_masked,U2OS,median,1,mad_robustize,none,replicate,0.3969616237979681,0.8708609271523179,302,2240,0.4767857142857143,0.5388392857142857,0.578125,0.6075892857142857,0.6321428571428571,0.6522321428571428,0.671875,0.6866071428571429,0.7040178571428571,0.7142857142857143,0.725,0.73125,0.7410714285714286,0.753125,0.7598214285714285,0.7678571428571429,0.7767857142857143,0.78125,0.7839285714285714,0.7910714285714285,0.8,0.803125,0.8089285714285714,0.8111607142857142,0.8138392857142858,0.8169642857142857,0.8205357142857143,0.8236607142857143,0.8267857142857142,0.8325892857142857,0.8375,0.8410714285714286,0.8433035714285714,0.8464285714285714,0.8495535714285715,0.8517857142857143,0.85625,0.8589285714285714,0.8611607142857143,0.8647321428571428,0.8683035714285714,0.8696428571428572,0.8714285714285714,0.8723214285714286,0.8745535714285714,0.8758928571428571,0.8776785714285714,0.8790178571428572,0.8799107142857143,0.8816964285714286
subcell_mae_masked,U2OS,median,1,mad_robustize,none,moa,0.1531988718484635,0.2857142857142857,77,1617,0.5608203677510608,0.6272984441301273,0.6711456859971712,0.7050919377652051,0.7333804809052333,0.7503536067892503,0.7673267326732673,0.785007072135785,0.7963224893917963,0.8083451202263083,0.8189533239038189,0.830975954738331,0.8387553041018387,0.847949080622348,0.8536067892503536,0.8585572842998586,0.864922206506365,0.8705799151343706,0.8748231966053748,0.8797736916548797,0.8854314002828855,0.8896746817538896,0.8917963224893918,0.8967468175388967,0.8988684582743989,0.900990099009901,0.9038189533239038,0.9094766619519096,0.9151343705799152,0.9172560113154172,0.9193776520509194,0.9236209335219236,0.9243281471004244,0.9264497878359264,0.92998585572843,0.932107496463932,0.9342291371994342,0.9349363507779348,0.9377652050919376,0.9405940594059404,0.9427157001414428,0.9455445544554456,0.9462517680339464,0.9462517680339464,0.9462517680339464,0.946958981612447,0.9476661951909476,0.9504950495049505,0.9512022630834512,0.9512022630834512
subcell_mae_masked,U2OS,median,1,standardize,PCA,replicate,0.3888122451002517,0.609271523178808,302,2240,0.4575892857142857,0.5142857142857142,0.5517857142857143,0.5776785714285714,0.5915178571428571,0.60625,0.6183035714285714,0.6299107142857143,0.6379464285714286,0.64375,0.65,0.6589285714285714,0.6674107142857143,0.6732142857142858,0.6772321428571428,0.6848214285714286,0.6875,0.6915178571428572,0.6964285714285714,0.7008928571428571,0.7040178571428571,0.7098214285714286,0.7120535714285714,0.7142857142857143,0.7169642857142857,0.7205357142857143,0.725,0.7285714285714285,0.7321428571428571,0.7361607142857143,0.740625,0.7428571428571429,0.746875,0.7508928571428571,0.7544642857142857,0.7575892857142857,0.7598214285714285,0.7620535714285714,0.765625,0.7669642857142858,0.7696428571428572,0.7714285714285715,0.771875,0.7723214285714286,0.775,0.7776785714285714,0.7803571428571429,0.7821428571428571,0.7852678571428572,0.7883928571428571
subcell_mae_masked,U2OS,median,1,standardize,PCA,moa,0.1618921725406047,0.2597402597402597,77,1617,0.5396039603960396,0.5997171145685997,0.6336633663366337,0.6527581329561527,0.6704384724186704,0.6881188118811881,0.6973125884016973,0.7093352192362093,0.7199434229137199,0.7355021216407355,0.7454031117397454,0.7553041018387553,0.7630834512022631,0.7694483734087695,0.7708628005657708,0.7800565770862801,0.7842998585572843,0.7885431400282885,0.7913719943422913,0.7949080622347949,0.8033946251768034,0.8048090523338048,0.8104667609618105,0.814002828854314,0.8168316831683168,0.8196605374823197,0.8274398868458275,0.830975954738331,0.8352192362093352,0.8366336633663366,0.8380480905233381,0.8422913719943423,0.8437057991513437,0.8458274398868458,0.8500707213578501,0.8528995756718529,0.8550212164073551,0.8571428571428571,0.8613861386138614,0.8635077793493635,0.867043847241867,0.8698727015558698,0.871994342291372,0.8727015558698727,0.8741159830268741,0.8748231966053748,0.8776520509193777,0.8811881188118812,0.8826025459688827,0.884016973125884
subcell_mae_masked,U2OS,median,1,standardize,PCAcor,replicate,0.3914771966338721,0.6158940397350994,302,2240,0.4620535714285714,0.5147321428571429,0.5544642857142857,0.58125,0.5986607142857143,0.6138392857142857,0.6241071428571429,0.6357142857142857,0.64375,0.6535714285714286,0.6589285714285714,0.6660714285714285,0.6705357142857142,0.6745535714285714,0.6799107142857143,0.6848214285714286,0.6910714285714286,0.696875,0.7008928571428571,0.7053571428571429,0.7098214285714286,0.7116071428571429,0.7147321428571428,0.7196428571428571,0.7214285714285714,0.7241071428571428,0.7258928571428571,0.7285714285714285,0.734375,0.7397321428571428,0.7424107142857143,0.7482142857142857,0.7526785714285714,0.7549107142857143,0.7584821428571429,0.7642857142857142,0.7674107142857143,0.7709821428571428,0.7723214285714286,0.7745535714285714,0.7772321428571428,0.778125,0.7790178571428571,0.7816964285714286,0.7830357142857143,0.7839285714285714,0.7870535714285715,0.7892857142857143,0.7910714285714285,0.7919642857142857
subcell_mae_masked,U2OS,median,1,standardize,PCAcor,moa,0.1622553880109726,0.2597402597402597,77,1617,0.5466760961810466,0.5997171145685997,0.6386138613861386,0.6584158415841584,0.6753889674681753,0.6895332390381895,0.7029702970297029,0.714992927864215,0.7248939179632249,0.7333804809052333,0.743988684582744,0.7524752475247525,0.7616690240452617,0.768033946251768,0.7743988684582744,0.7793493635077794,0.7857142857142857,0.7927864214992928,0.7991513437057991,0.8033946251768034,0.806930693069307,0.814002828854314,0.8175388967468176,0.8217821782178217,0.8239038189533239,0.8267326732673267,0.8295615275813296,0.8338048090523338,0.8366336633663366,0.842998585572843,0.8458274398868458,0.8507779349363508,0.8514851485148515,0.8550212164073551,0.8564356435643564,0.8578500707213579,0.8613861386138614,0.8635077793493635,0.8642149929278642,0.867043847241867,0.8677510608203678,0.8691654879773691,0.871994342291372,0.8734087694483734,0.8748231966053748,0.8797736916548797,0.8811881188118812,0.8818953323903819,0.8826025459688827,0.8826025459688827
subcell_mae_masked,U2OS,median,1,standardize,ZCA,replicate,0.3888122451002517,0.609271523178808,302,2240,0.4575892857142857,0.5142857142857142,0.5517857142857143,0.5776785714285714,0.5915178571428571,0.60625,0.6183035714285714,0.6299107142857143,0.6379464285714286,0.64375,0.65,0.6589285714285714,0.6674107142857143,0.6732142857142858,0.6772321428571428,0.6848214285714286,0.6875,0.6915178571428572,0.6964285714285714,0.7008928571428571,0.7040178571428571,0.7098214285714286,0.7120535714285714,0.7142857142857143,0.7169642857142857,0.7205357142857143,0.725,0.7285714285714285,0.7321428571428571,0.7361607142857143,0.740625,0.7428571428571429,0.746875,0.7508928571428571,0.7544642857142857,0.7575892857142857,0.7598214285714285,0.7620535714285714,0.765625,0.7669642857142858,0.7696428571428572,0.7714285714285715,0.771875,0.7723214285714286,0.775,0.7776785714285714,0.7803571428571429,0.7821428571428571,0.7852678571428572,0.7883928571428571
subcell_mae_masked,U2OS,median,1,standardize,ZCA,moa,0.1618921725406047,0.2597402597402597,77,1617,0.5396039603960396,0.5997171145685997,0.6336633663366337,0.6527581329561527,0.6704384724186704,0.6881188118811881,0.6973125884016973,0.7093352192362093,0.7199434229137199,0.7355021216407355,0.7454031117397454,0.7553041018387553,0.7630834512022631,0.7694483734087695,0.7708628005657708,0.7800565770862801,0.7842998585572843,0.7885431400282885,0.7913719943422913,0.7949080622347949,0.8033946251768034,0.8048090523338048,0.8104667609618105,0.814002828854314,0.8168316831683168,0.8196605374823197,0.8274398868458275,0.830975954738331,0.8352192362093352,0.8366336633663366,0.8380480905233381,0.8422913719943423,0.8437057991513437,0.8458274398868458,0.8500707213578501,0.8528995756718529,0.8550212164073551,0.8571428571428571,0.8613861386138614,0.8635077793493635,0.867043847241867,0.8698727015558698,0.871994342291372,0.8727015558698727,0.8741159830268741,0.8748231966053748,0.8776520509193777,0.8811881188118812,0.8826025459688827,0.884016973125884
subcell_mae_masked,U2OS,median,1,standardize,ZCAcor,replicate,0.3914771966338721,0.6158940397350994,302,2240,0.4620535714285714,0.5147321428571429,0.5544642857142857,0.58125,0.5986607142857143,0.6138392857142857,0.6241071428571429,0.6357142857142857,0.64375,0.6535714285714286,0.6589285714285714,0.6660714285714285,0.6705357142857142,0.6745535714285714,0.6799107142857143,0.6848214285714286,0.6910714285714286,0.696875,0.7008928571428571,0.7053571428571429,0.7098214285714286,0.7116071428571429,0.7147321428571428,0.7196428571428571,0.7214285714285714,0.7241071428571428,0.7258928571428571,0.7285714285714285,0.734375,0.7397321428571428,0.7424107142857143,0.7482142857142857,0.7526785714285714,0.7549107142857143,0.7584821428571429,0.7642857142857142,0.7674107142857143,0.7709821428571428,0.7723214285714286,0.7745535714285714,0.7772321428571428,0.778125,0.7790178571428571,0.7816964285714286,0.7830357142857143,0.7839285714285714,0.7870535714285715,0.7892857142857143,0.7910714285714285,0.7919642857142857
subcell_mae_masked,U2OS,median,1,standardize,ZCAcor,moa,0.1622553880109726,0.2597402597402597,77,1617,0.5466760961810466,0.5997171145685997,0.6386138613861386,0.6584158415841584,0.6753889674681753,0.6895332390381895,0.7029702970297029,0.714992927864215,0.7248939179632249,0.7333804809052333,0.743988684582744,0.7524752475247525,0.7616690240452617,0.768033946251768,0.7743988684582744,0.7793493635077794,0.7857142857142857,0.7927864214992928,0.7991513437057991,0.8033946251768034,0.806930693069307,0.814002828854314,0.8175388967468176,0.8217821782178217,0.8239038189533239,0.8267326732673267,0.8295615275813296,0.8338048090523338,0.8366336633663366,0.842998585572843,0.8458274398868458,0.8507779349363508,0.8514851485148515,0.8550212164073551,0.8564356435643564,0.8578500707213579,0.8613861386138614,0.8635077793493635,0.8642149929278642,0.867043847241867,0.8677510608203678,0.8691654879773691,0.871994342291372,0.8734087694483734,0.8748231966053748,0.8797736916548797,0.8811881188118812,0.8818953323903819,0.8826025459688827,0.8826025459688827
subcell_mae_masked,U2OS,median,1,standardize,none,replicate,0.3757135754427299,0.8311258278145696,302,2240,0.46473214285714287,0.5196428571428572,0.5651785714285714,0.6,0.6227678571428571,0.6401785714285714,0.6589285714285714,0.6776785714285715,0.6875,0.6959821428571429,0.7089285714285715,0.7174107142857142,0.7254464285714286,0.7370535714285714,0.74375,0.7504464285714286,0.7553571428571428,0.7638392857142857,0.7683035714285714,0.775,0.7825892857142858,0.7892857142857143,0.7946428571428571,0.8,0.8040178571428571,0.8102678571428571,0.8133928571428571,0.815625,0.8191964285714286,0.8209821428571429,0.8236607142857143,0.828125,0.8308035714285714,0.8334821428571428,0.8366071428571429,0.8388392857142857,0.8446428571428571,0.846875,0.8504464285714286,0.8526785714285714,0.8575892857142857,0.859375,0.8607142857142858,0.8638392857142857,0.8678571428571429,0.871875,0.8741071428571429,0.8745535714285714,0.8745535714285714,0.8754464285714286
subcell_mae_masked,U2OS,median,1,standardize,none,moa,0.14796405556432907,0.2727272727272727,77,1617,0.5374823196605375,0.6032531824611033,0.6562942008486563,0.6966053748231966,0.7291371994342292,0.7503536067892503,0.7722772277227723,0.7828854314002829,0.7942008486562943,0.804101838755304,0.8175388967468176,0.8231966053748232,0.8323903818953324,0.8401697312588402,0.8493635077793493,0.8592644978783592,0.8656294200848657,0.8698727015558698,0.8734087694483734,0.8762376237623762,0.8804809052333805,0.8854314002828855,0.8882602545968883,0.8925035360678925,0.8960396039603961,0.9016973125884017,0.905940594059406,0.9080622347949081,0.9130127298444131,0.9144271570014144,0.917963224893918,0.9186704384724187,0.92008486562942,0.9236209335219236,0.9257425742574258,0.9285714285714286,0.9328147100424328,0.9335219236209336,0.9349363507779349,0.9363507779349364,0.9391796322489392,0.9405940594059405,0.942008486562942,0.9441301272984441,0.9448373408769448,0.9462517680339463,0.9476661951909476,0.9483734087694484,0.9497878359264498,0.9504950495049505
