model,cell_type,agg,fs,norm1,norm2,task,mAP,frac_retrievable,n_groups,n_queries,nn_k1,nn_k2,nn_k3,nn_k4,nn_k5,nn_k6,nn_k7,nn_k8,nn_k9,nn_k10,nn_k11,nn_k12,nn_k13,nn_k14,nn_k15,nn_k16,nn_k17,nn_k18,nn_k19,nn_k20,nn_k21,nn_k22,nn_k23,nn_k24,nn_k25,nn_k26,nn_k27,nn_k28,nn_k29,nn_k30,nn_k31,nn_k32,nn_k33,nn_k34,nn_k35,nn_k36,nn_k37,nn_k38,nn_k39,nn_k40,nn_k41,nn_k42,nn_k43,nn_k44,nn_k45,nn_k46,nn_k47,nn_k48,nn_k49,nn_k50
cell_dino_avgpool,A549,mean,0,PCA,mad_robustize,replicate,0.4156395557536594,0.804635761589404,302,2559,0.5697538100820633,0.6158655724892537,0.6408753419304416,0.6596326690113326,0.6748729972645565,0.6869871043376319,0.6994919890582258,0.7112153184837827,0.7186400937866354,0.7264556467370067,0.7319265338022665,0.7401328644001564,0.7452129738178976,0.7514654161781946,0.7549824150058617,0.7624071903087143,0.7678780773739742,0.7710042985541227,0.7756936303243455,0.7784290738569754,0.7835091832747166,0.7874169597499023,0.7917155138726065,0.7964048456428292,0.7987495115279406,0.8007033997655334,0.804611176240719,0.8085189527159047,0.8112543962485346,0.8139898397811646,0.8155529503712388,0.8178976162563502,0.8210238374364986,0.82336850332161,0.8241500586166471,0.8261039468542399,0.8276670574443142,0.8304025009769441,0.8327471668620555,0.8335287221570926,0.8354826103946854,0.8382180539273154,0.8405627198124267,0.8429073856975381,0.845642829230168,0.8468151621727237,0.848378272762798,0.8495506057053537,0.8526768268855022,0.8542399374755764
cell_dino_avgpool,A549,mean,0,PCA,mad_robustize,moa,0.1705604402780083,0.2467532467532467,77,1847,0.1170278637770897,0.1343653250773993,0.1547987616099071,0.1696594427244582,0.1845201238390093,0.1987616099071207,0.2092879256965944,0.2198142414860681,0.2272445820433436,0.2352941176470588,0.2390092879256966,0.2458204334365325,0.2520123839009288,0.2551083591331269,0.2613003095975232,0.2674922600619195,0.2730650154798761,0.2786377708978328,0.2848297213622291,0.2891640866873065,0.2904024767801857,0.2959752321981424,0.3040247678018576,0.3095975232198142,0.3157894736842105,0.3195046439628483,0.3226006191950464,0.3250773993808049,0.3263157894736842,0.3337461300309597,0.3393188854489164,0.3455108359133127,0.3498452012383901,0.3572755417956656,0.361609907120743,0.3684210526315789,0.3721362229102167,0.3764705882352941,0.378328173374613,0.3820433436532507,0.3876160990712074,0.3919504643962848,0.3950464396284829,0.4024767801857585,0.4080495356037151,0.4136222910216718,0.4154798761609907,0.4191950464396284,0.4198142414860681,0.4222910216718266
cell_dino_avgpool,A549,mean,0,PCA,standardize,replicate,0.389665267894711,0.7218543046357616,302,2559,0.5951543571707698,0.6428292301680344,0.6807346619773349,0.7026182102383743,0.7186400937866354,0.7319265338022665,0.7456037514654161,0.7588901914810473,0.7706135209066042,0.7819460726846424,0.7893708479874951,0.7971864009378663,0.8030480656506448,0.8124267291910903,0.8218053927315357,0.8280578350918327,0.8335287221570926,0.8382180539273154,0.8413442751074639,0.845642829230168,0.8499413833528722,0.8554122704181321,0.860883157483392,0.8655724892536147,0.8690894880812817,0.8714341539663931,0.8749511527940602,0.8772958186791715,0.8796404845642829,0.8827667057444314,0.8855021492770614,0.8909730363423212,0.8944900351699883,0.8983978116451738,0.9003516998827668,0.9015240328253225,0.9030871434153966,0.9050410316529894,0.9062133645955452,0.9093395857756936,0.910902696365768,0.9132473622508792,0.9148104728409536,0.915201250488472,0.9175459163735834,0.920672137553732,0.9230168034388432,0.924970691676436,0.924970691676436,0.9265338022665104
cell_dino_avgpool,A549,mean,0,PCA,standardize,moa,0.1537255976373883,0.1428571428571428,77,1847,0.113312693498452,0.1337461300309597,0.1436532507739938,0.1585139318885449,0.1733746130030959,0.1839009287925696,0.1931888544891641,0.2030959752321981,0.2204334365325077,0.2297213622291021,0.2371517027863777,0.2452012383900929,0.2526315789473684,0.2575851393188854,0.2637770897832817,0.2724458204334365,0.2804953560371517,0.2860681114551083,0.2910216718266253,0.2984520123839009,0.3058823529411765,0.3095975232198142,0.3164086687306501,0.3226006191950464,0.3294117647058823,0.3356037151702786,0.3405572755417956,0.3479876160990712,0.3529411764705882,0.3578947368421052,0.3647058823529411,0.3702786377708978,0.3758513931888544,0.3777089783281733,0.3839009287925696,0.388235294117647,0.3919504643962848,0.3956656346749226,0.4006191950464396,0.4043343653250774,0.4080495356037151,0.4123839009287925,0.4160990712074303,0.4191950464396284,0.4235294117647059,0.4284829721362229,0.4334365325077399,0.4359133126934985,0.4390092879256966,0.4414860681114551
cell_dino_avgpool,A549,mean,0,PCAcor,mad_robustize,replicate,0.4180068468454258,0.804635761589404,302,2559,0.570926143024619,0.6197733489644393,0.6451738960531458,0.6623681125439624,0.6764361078546307,0.6920672137553732,0.7045720984759671,0.7155138726064869,0.7260648690894881,0.731535756154748,0.7370066432200079,0.7416959749902305,0.747557639703009,0.753810082063306,0.7604533020711215,0.7651426338413443,0.7694411879640485,0.772567409144197,0.7749120750293084,0.7780382962094569,0.7842907385697538,0.7870261821023837,0.7889800703399765,0.7901524032825322,0.7936694021101993,0.7975771785853849,0.8018757327080891,0.8053927315357562,0.8093005080109418,0.8124267291910903,0.8151621727237202,0.8190699491989059,0.8225869480265728,0.82336850332161,0.8261039468542399,0.8276670574443142,0.829620945681907,0.8323563892145369,0.8335287221570926,0.8362641656897225,0.8378272762797968,0.8389996092223525,0.842125830402501,0.8440797186400938,0.8460336068776866,0.8487690504103166,0.8507229386479094,0.8511137162954279,0.8522860492379836,0.8550214927706136
cell_dino_avgpool,A549,mean,0,PCAcor,mad_robustize,moa,0.1734042809664069,0.2467532467532467,77,1847,0.1219814241486068,0.1467492260061919,0.1609907120743034,0.178328173374613,0.1907120743034055,0.2006191950464396,0.2092879256965944,0.2241486068111455,0.2291021671826625,0.2371517027863777,0.2452012383900929,0.2507739938080495,0.2588235294117647,0.2619195046439628,0.2724458204334365,0.2773993808049536,0.2835913312693498,0.2891640866873065,0.2941176470588235,0.2978328173374613,0.3021671826625387,0.3071207430340557,0.3114551083591331,0.3151702786377709,0.323219814241486,0.3287925696594427,0.3343653250773993,0.3386996904024767,0.3442724458204334,0.3510835913312694,0.356656346749226,0.3640866873065015,0.3684210526315789,0.3721362229102167,0.3746130030959752,0.3777089783281733,0.3826625386996904,0.3863777089783282,0.3900928792569659,0.3944272445820433,0.3975232198142415,0.4024767801857585,0.4055727554179567,0.4086687306501548,0.4142414860681114,0.4154798761609907,0.4198142414860681,0.421671826625387,0.4253869969040247,0.4297213622291022
cell_dino_avgpool,A549,mean,0,PCAcor,standardize,replicate,0.3932057589238481,0.7384105960264901,302,2559,0.5908558030480656,0.6463462289957015,0.6776084407971864,0.7033997655334114,0.7209847596717468,0.7346619773348965,0.747557639703009,0.7627979679562329,0.7741305197342712,0.7803829620945681,0.788589292692458,0.7936694021101993,0.801094177413052,0.8065650644783119,0.8128175068386089,0.8190699491989059,0.8257131692067213,0.8319656115670183,0.8366549433372411,0.8440797186400938,0.848378272762798,0.8522860492379836,0.8558030480656507,0.8604923798358733,0.8647909339585775,0.870652598671356,0.8737788198515045,0.8776865963266901,0.8788589292692458,0.8823759280969129,0.8847205939820242,0.8858929269245799,0.8874560375146542,0.8909730363423212,0.8933177022274326,0.8960531457600626,0.8980070339976554,0.9007424775302852,0.9023055881203595,0.9058225869480264,0.9085580304806564,0.910902696365768,0.912465806955842,0.9136381398983978,0.9155920281359906,0.9187182493161392,0.9210629152012504,0.9222352481438062,0.9237983587338804,0.9269245799140288
cell_dino_avgpool,A549,mean,0,PCAcor,standardize,moa,0.1577363316621532,0.1428571428571428,77,1847,0.1145510835913312,0.1380804953560371,0.1517027863777089,0.1647058823529411,0.178328173374613,0.1863777089783281,0.1956656346749226,0.2074303405572755,0.2154798761609907,0.2260061919504644,0.231578947368421,0.2408668730650154,0.2452012383900929,0.2544891640866873,0.2619195046439628,0.2743034055727554,0.2792569659442724,0.2854489164086687,0.2984520123839009,0.3046439628482972,0.3102167182662538,0.3157894736842105,0.3195046439628483,0.3275541795665634,0.3318885448916409,0.3356037151702786,0.339938080495356,0.3436532507739938,0.3492260061919505,0.3541795665634675,0.361609907120743,0.3684210526315789,0.3739938080495356,0.3801857585139319,0.3845201238390093,0.3894736842105263,0.3938080495356037,0.3987616099071207,0.4018575851393189,0.4092879256965944,0.4111455108359133,0.4130030959752322,0.4173374613003096,0.4191950464396284,0.4241486068111455,0.426625386996904,0.4334365325077399,0.436532507739938,0.4414860681114551,0.4464396284829721
cell_dino_avgpool,A549,mean,0,ZCA,mad_robustize,replicate,0.3782416990166795,0.7019867549668874,302,2559,0.5123094958968347,0.5451348182883939,0.5681906994919891,0.5834310277452129,0.5951543571707698,0.6080500195388824,0.6178194607268465,0.6248534583821805,0.6318874560375146,0.6365767878077374,0.6443923407581086,0.6498632278233685,0.6541617819460727,0.659241891363814,0.6639312231340367,0.6678389996092223,0.6733098866744822,0.6776084407971864,0.681516217272372,0.6858147713950762,0.6908948808128175,0.694021101992966,0.6983196561156702,0.7018366549433372,0.7045720984759671,0.7061352090660414,0.7080890973036342,0.7108245408362641,0.7131692067213755,0.7186400937866354,0.7217663149667839,0.7245017584994138,0.7272372020320438,0.7307542008597109,0.7346619773348965,0.7373974208675264,0.7405236420476748,0.7432590855803048,0.7459945291129347,0.747557639703009,0.7502930832356389,0.7530285267682688,0.7549824150058617,0.757327080890973,0.7608440797186401,0.7627979679562329,0.7659241891363814,0.7674872997264557,0.7702227432590856,0.7721766314966784
cell_dino_avgpool,A549,mean,0,ZCA,mad_robustize,moa,0.1629497084201398,0.2337662337662337,77,1847,0.1077399380804953,0.1318885448916408,0.1455108359133126,0.1628482972136223,0.1739938080495356,0.1851393188854489,0.1931888544891641,0.2006191950464396,0.2068111455108359,0.2154798761609907,0.226625386996904,0.2352941176470588,0.2421052631578947,0.2501547987616099,0.2582043343653251,0.265015479876161,0.2718266253869969,0.2761609907120743,0.2817337461300309,0.2829721362229102,0.2835913312693498,0.2879256965944272,0.2928792569659442,0.2972136222910216,0.2996904024767802,0.3040247678018576,0.3083591331269349,0.3114551083591331,0.3170278637770898,0.318266253869969,0.3219814241486068,0.3238390092879257,0.3287925696594427,0.3368421052631579,0.3417956656346749,0.3492260061919505,0.3541795665634675,0.3572755417956656,0.3628482972136223,0.3708978328173374,0.3752321981424149,0.378328173374613,0.3839009287925696,0.388235294117647,0.3925696594427245,0.3944272445820433,0.3975232198142415,0.4012383900928792,0.4068111455108359,0.409907120743034
cell_dino_avgpool,A549,mean,0,ZCA,standardize,replicate,0.3235029405345918,0.5331125827814569,302,2559,0.4951152794060179,0.5326299335678,0.5482610394685424,0.5611567018366549,0.5752246971473232,0.5857756936303243,0.5947635795232513,0.6072684642438453,0.6178194607268465,0.6244626807346619,0.6307151230949589,0.6354044548651817,0.6420476748729973,0.6479093395857757,0.6541617819460727,0.6588511137162955,0.6658851113716295,0.671746776084408,0.677999218444705,0.681516217272372,0.6846424384525205,0.690504103165299,0.6948026572880032,0.6994919890582258,0.7045720984759671,0.7096522078937085,0.7170769831965611,0.722547870261821,0.7260648690894881,0.7303634232121923,0.735052754982415,0.7373974208675264,0.7420867526377491,0.7463853067604533,0.7518561938257131,0.7561547479484173,0.760062524423603,0.7627979679562329,0.7651426338413443,0.7682688550214928,0.7702227432590856,0.7729581867917155,0.7756936303243455,0.779601406799531,0.7846815162172723,0.7866354044548651,0.7893708479874951,0.792106291520125,0.7940601797577178,0.7952325127002735
cell_dino_avgpool,A549,mean,0,ZCA,standardize,moa,0.1399254791955776,0.1428571428571428,77,1847,0.096594427244582,0.1108359133126935,0.1244582043343653,0.134984520123839,0.1492260061919504,0.1597523219814241,0.1684210526315789,0.178328173374613,0.1869969040247678,0.1956656346749226,0.2074303405572755,0.2136222910216718,0.2222910216718266,0.2309597523219814,0.236532507739938,0.2402476780185758,0.2470588235294117,0.2520123839009288,0.2594427244582043,0.2674922600619195,0.2755417956656347,0.2823529411764706,0.286687306501548,0.2941176470588235,0.2996904024767802,0.3058823529411765,0.313312693498452,0.3176470588235294,0.3269349845201238,0.3343653250773993,0.3417956656346749,0.3467492260061919,0.356656346749226,0.3622291021671827,0.36656346749226,0.3721362229102167,0.3752321981424149,0.3808049535603715,0.3845201238390093,0.3894736842105263,0.3975232198142415,0.4024767801857585,0.4074303405572755,0.4136222910216718,0.421671826625387,0.4247678018575851,0.4297213622291022,0.4352941176470588,0.4421052631578947,0.4458204334365325
cell_dino_avgpool,A549,mean,0,ZCAcor,mad_robustize,replicate,0.3815104760179704,0.7284768211920529,302,2559,0.5166080500195389,0.5525595935912466,0.5779601406799532,0.5967174677608441,0.6111762407190309,0.6201641266119577,0.6314966783899961,0.6381398983978116,0.6420476748729973,0.6483001172332943,0.6541617819460727,0.6600234466588512,0.6654943337241109,0.671746776084408,0.6744822196170379,0.6799531066822978,0.6850332161000391,0.6881594372801876,0.6908948808128175,0.6955842125830403,0.6998827667057445,0.70379054318093,0.7084798749511528,0.7108245408362641,0.712778429073857,0.7166862055490426,0.7202032043767097,0.7237202032043767,0.7248925361469324,0.7260648690894881,0.7280187573270809,0.7319265338022665,0.7346619773348965,0.7389605314576007,0.7409144196951934,0.7424775302852676,0.7432590855803048,0.7459945291129347,0.7487299726455646,0.751074638530676,0.7534193044157874,0.7542008597108245,0.7561547479484173,0.7584994138335287,0.7592809691285658,0.7608440797186401,0.7631887456037515,0.7643610785463072,0.7667057444314185,0.7686596326690114
cell_dino_avgpool,A549,mean,0,ZCAcor,mad_robustize,moa,0.1665332227227296,0.2077922077922078,77,1847,0.1151702786377708,0.1362229102167182,0.1541795665634674,0.1671826625386996,0.1808049535603715,0.1913312693498452,0.1987616099071207,0.2086687306501548,0.2191950464396284,0.2260061919504644,0.2352941176470588,0.2408668730650154,0.2470588235294117,0.2582043343653251,0.2693498452012384,0.2761609907120743,0.2829721362229102,0.2897832817337461,0.2934984520123839,0.3009287925696594,0.3040247678018576,0.3065015479876161,0.3151702786377709,0.3176470588235294,0.3219814241486068,0.3275541795665634,0.3362229102167182,0.3393188854489164,0.3430340557275542,0.3479876160990712,0.3517027863777089,0.3560371517027864,0.3640866873065015,0.3690402476780186,0.3715170278637771,0.3739938080495356,0.3801857585139319,0.38328173374613,0.3894736842105263,0.3925696594427245,0.3962848297213622,0.4,0.4030959752321981,0.4068111455108359,0.4080495356037151,0.4123839009287925,0.4136222910216718,0.4173374613003096,0.4204334365325077,0.4235294117647059
cell_dino_avgpool,A549,mean,0,ZCAcor,standardize,replicate,0.3292209813109896,0.5397350993377483,302,2559,0.4943337241109808,0.5310668229777257,0.5588120359515436,0.5760062524423603,0.5881203595154357,0.5978898007033998,0.6092223524814381,0.618210238374365,0.6228995701445877,0.6287612348573661,0.6350136772176631,0.6416568972254787,0.6475185619382572,0.6537710042985542,0.6572880031262212,0.6631496678389996,0.6697928878468151,0.6772176631496678,0.6834701055099648,0.6881594372801876,0.6908948808128175,0.6971473231731145,0.7010550996483002,0.7053536537710043,0.7088706525986713,0.7147323173114498,0.7202032043767097,0.7256740914419695,0.7295818679171552,0.735052754982415,0.738569753810082,0.7452129738178976,0.747557639703009,0.751074638530676,0.7565455255959359,0.7588901914810473,0.7647518561938257,0.7690504103165299,0.7737397420867527,0.776084407971864,0.7799921844470497,0.7819460726846424,0.7838999609222352,0.788589292692458,0.792106291520125,0.7952325127002735,0.7971864009378663,0.7999218444704963,0.8022665103556077,0.8034388432981634
cell_dino_avgpool,A549,mean,0,ZCAcor,standardize,moa,0.1452141303321583,0.1428571428571428,77,1847,0.1009287925696594,0.1250773993808049,0.1343653250773993,0.1517027863777089,0.1591331269349845,0.1690402476780185,0.1820433436532507,0.1944272445820433,0.204953560371517,0.2148606811145511,0.221671826625387,0.2303405572755417,0.2383900928792569,0.2470588235294117,0.2520123839009288,0.2557275541795665,0.2594427244582043,0.2693498452012384,0.2761609907120743,0.2804953560371517,0.2885448916408669,0.2984520123839009,0.3046439628482972,0.3102167182662538,0.3157894736842105,0.3226006191950464,0.3275541795665634,0.3325077399380804,0.3380804953560371,0.3424148606811145,0.3479876160990712,0.3523219814241486,0.3578947368421052,0.3634674922600619,0.3678018575851393,0.3708978328173374,0.3777089783281733,0.38328173374613,0.3857585139318885,0.3913312693498452,0.3938080495356037,0.3993808049535604,0.4030959752321981,0.4061919504643962,0.4105263157894737,0.4136222910216718,0.4191950464396284,0.4222910216718266,0.426625386996904,0.4303405572755417
cell_dino_avgpool,A549,mean,0,mad_robustize,PCA,replicate,0.19670798572137,0.4205298013245033,302,2559,0.4755763970300898,0.5162172723720203,0.5377100429855413,0.5533411488862837,0.5670183665494334,0.5775693630324346,0.5861664712778429,0.593200468933177,0.599452911293474,0.6029699101211411,0.6064869089488081,0.6123485736615866,0.6205549042594763,0.6271981242672919,0.6299335677999218,0.6338413442751074,0.6361860101602188,0.6424384525205158,0.64947245017585,0.6553341148886284,0.6623681125439624,0.6662758890191481,0.6709652207893708,0.6740914419695193,0.6787807737397421,0.681516217272372,0.6854239937475577,0.6865963266901133,0.6901133255177804,0.6932395466979289,0.6951934349355217,0.6971473231731145,0.6991012114107074,0.7018366549433372,0.70379054318093,0.7057444314185228,0.7080890973036342,0.7092614302461899,0.7123876514263384,0.7143415396639312,0.7186400937866354,0.722547870261821,0.725283313794451,0.7268464243845252,0.7284095349745995,0.7303634232121923,0.7311449785072294,0.7334896443923408,0.735052754982415,0.7362250879249707
cell_dino_avgpool,A549,mean,0,mad_robustize,PCA,moa,0.1084441782292002,0.0909090909090909,77,1847,0.1077399380804953,0.1263157894736842,0.1393188854489164,0.1498452012383901,0.156656346749226,0.16656346749226,0.1746130030959752,0.1820433436532507,0.1894736842105263,0.2018575851393189,0.209907120743034,0.2185758513931888,0.2303405572755417,0.2352941176470588,0.2427244582043343,0.2476780185758514,0.2551083591331269,0.2613003095975232,0.2674922600619195,0.2724458204334365,0.279876160990712,0.2829721362229102,0.286687306501548,0.2897832817337461,0.296594427244582,0.3015479876160991,0.3058823529411765,0.3139318885448916,0.3176470588235294,0.3213622291021671,0.3250773993808049,0.3325077399380804,0.3374613003095975,0.3430340557275542,0.3467492260061919,0.3517027863777089,0.3541795665634675,0.3585139318885449,0.3622291021671827,0.3659442724458204,0.3684210526315789,0.3752321981424149,0.3789473684210526,0.3814241486068111,0.3845201238390093,0.3888544891640867,0.3900928792569659,0.3969040247678018,0.3993808049535604,0.4061919504643962
cell_dino_avgpool,A549,mean,0,mad_robustize,PCAcor,replicate,0.1952360236894522,0.4139072847682119,302,2559,0.4806565064478312,0.5166080500195389,0.5377100429855413,0.5517780382962094,0.5611567018366549,0.573661586557249,0.5861664712778429,0.5951543571707698,0.6049237983587339,0.6103946854239938,0.6166471277842908,0.6197733489644393,0.6225087924970691,0.6268073466197733,0.6314966783899961,0.6377491207502931,0.6420476748729973,0.6471277842907386,0.6514263384134428,0.6545525595935913,0.6596326690113326,0.6647127784290738,0.6674482219617038,0.6729191090269636,0.6760453302071121,0.6795623290347792,0.6846424384525205,0.6862055490425948,0.6908948808128175,0.6948026572880032,0.6959749902305589,0.6979288784681517,0.7010550996483002,0.7033997655334114,0.7057444314185228,0.7069167643610785,0.7092614302461899,0.7108245408362641,0.7139507620164126,0.7159046502540055,0.7174677608440797,0.7202032043767097,0.7221570926143025,0.7233294255568582,0.7260648690894881,0.7276279796795623,0.728800312622118,0.7299726455646737,0.7319265338022665,0.7334896443923408
cell_dino_avgpool,A549,mean,0,mad_robustize,PCAcor,moa,0.1080801205671285,0.1038961038961039,77,1847,0.1058823529411764,0.1294117647058823,0.1411764705882353,0.1523219814241486,0.1609907120743034,0.1702786377708978,0.1801857585139319,0.188235294117647,0.1969040247678018,0.2037151702786377,0.2105263157894736,0.2191950464396284,0.2235294117647059,0.2291021671826625,0.236532507739938,0.2421052631578947,0.2495356037151702,0.2588235294117647,0.2625386996904025,0.2687306501547987,0.2755417956656347,0.2848297213622291,0.291640866873065,0.2953560371517028,0.3003095975232198,0.3046439628482972,0.3089783281733746,0.3120743034055727,0.3170278637770898,0.323219814241486,0.3275541795665634,0.3325077399380804,0.3393188854489164,0.3442724458204334,0.3486068111455108,0.3498452012383901,0.3541795665634675,0.356656346749226,0.3597523219814241,0.3628482972136223,0.3684210526315789,0.3708978328173374,0.3727554179566563,0.3764705882352941,0.3795665634674922,0.3845201238390093,0.3888544891640867,0.3913312693498452,0.3962848297213622,0.4024767801857585
cell_dino_avgpool,A549,mean,0,mad_robustize,ZCA,replicate,0.19670798572137,0.4205298013245033,302,2559,0.4755763970300898,0.5162172723720203,0.5377100429855413,0.5533411488862837,0.5670183665494334,0.5775693630324346,0.5861664712778429,0.593200468933177,0.599452911293474,0.6029699101211411,0.6064869089488081,0.6123485736615866,0.6205549042594763,0.6271981242672919,0.6299335677999218,0.6338413442751074,0.6361860101602188,0.6424384525205158,0.64947245017585,0.6553341148886284,0.6623681125439624,0.6662758890191481,0.6709652207893708,0.6740914419695193,0.6787807737397421,0.681516217272372,0.6854239937475577,0.6865963266901133,0.6901133255177804,0.6932395466979289,0.6951934349355217,0.6971473231731145,0.6991012114107074,0.7018366549433372,0.70379054318093,0.7057444314185228,0.7080890973036342,0.7092614302461899,0.7123876514263384,0.7143415396639312,0.7186400937866354,0.722547870261821,0.725283313794451,0.7268464243845252,0.7284095349745995,0.7303634232121923,0.7311449785072294,0.7334896443923408,0.735052754982415,0.7362250879249707
cell_dino_avgpool,A549,mean,0,mad_robustize,ZCA,moa,0.1084441782292002,0.0909090909090909,77,1847,0.1077399380804953,0.1263157894736842,0.1393188854489164,0.1498452012383901,0.156656346749226,0.16656346749226,0.1746130030959752,0.1820433436532507,0.1894736842105263,0.2018575851393189,0.209907120743034,0.2185758513931888,0.2303405572755417,0.2352941176470588,0.2427244582043343,0.2476780185758514,0.2551083591331269,0.2613003095975232,0.2674922600619195,0.2724458204334365,0.279876160990712,0.2829721362229102,0.286687306501548,0.2897832817337461,0.296594427244582,0.3015479876160991,0.3058823529411765,0.3139318885448916,0.3176470588235294,0.3213622291021671,0.3250773993808049,0.3325077399380804,0.3374613003095975,0.3430340557275542,0.3467492260061919,0.3517027863777089,0.3541795665634675,0.3585139318885449,0.3622291021671827,0.3659442724458204,0.3684210526315789,0.3752321981424149,0.3789473684210526,0.3814241486068111,0.3845201238390093,0.3888544891640867,0.3900928792569659,0.3969040247678018,0.3993808049535604,0.4061919504643962
cell_dino_avgpool,A549,mean,0,mad_robustize,ZCAcor,replicate,0.1952360236894522,0.4139072847682119,302,2559,0.4806565064478312,0.5166080500195389,0.5377100429855413,0.5517780382962094,0.5611567018366549,0.573661586557249,0.5861664712778429,0.5951543571707698,0.6049237983587339,0.6103946854239938,0.6166471277842908,0.6197733489644393,0.6225087924970691,0.6268073466197733,0.6314966783899961,0.6377491207502931,0.6420476748729973,0.6471277842907386,0.6514263384134428,0.6545525595935913,0.6596326690113326,0.6647127784290738,0.6674482219617038,0.6729191090269636,0.6760453302071121,0.6795623290347792,0.6846424384525205,0.6862055490425948,0.6908948808128175,0.6948026572880032,0.6959749902305589,0.6979288784681517,0.7010550996483002,0.7033997655334114,0.7057444314185228,0.7069167643610785,0.7092614302461899,0.7108245408362641,0.7139507620164126,0.7159046502540055,0.7174677608440797,0.7202032043767097,0.7221570926143025,0.7233294255568582,0.7260648690894881,0.7276279796795623,0.728800312622118,0.7299726455646737,0.7319265338022665,0.7334896443923408
cell_dino_avgpool,A549,mean,0,mad_robustize,ZCAcor,moa,0.1080801205671285,0.1038961038961039,77,1847,0.1058823529411764,0.1294117647058823,0.1411764705882353,0.1523219814241486,0.1609907120743034,0.1702786377708978,0.1801857585139319,0.188235294117647,0.1969040247678018,0.2037151702786377,0.2105263157894736,0.2191950464396284,0.2235294117647059,0.2291021671826625,0.236532507739938,0.2421052631578947,0.2495356037151702,0.2588235294117647,0.2625386996904025,0.2687306501547987,0.2755417956656347,0.2848297213622291,0.291640866873065,0.2953560371517028,0.3003095975232198,0.3046439628482972,0.3089783281733746,0.3120743034055727,0.3170278637770898,0.323219814241486,0.3275541795665634,0.3325077399380804,0.3393188854489164,0.3442724458204334,0.3486068111455108,0.3498452012383901,0.3541795665634675,0.356656346749226,0.3597523219814241,0.3628482972136223,0.3684210526315789,0.3708978328173374,0.3727554179566563,0.3764705882352941,0.3795665634674922,0.3845201238390093,0.3888544891640867,0.3913312693498452,0.3962848297213622,0.4024767801857585
cell_dino_avgpool,A549,mean,0,mad_robustize,none,replicate,0.4450738530463581,0.97682119205298,302,2559,0.5592028135990621,0.6225087924970691,0.6635404454865181,0.6994919890582258,0.7217663149667839,0.7381789761625634,0.7553731926533802,0.7686596326690114,0.7799921844470497,0.7901524032825322,0.8014849550605705,0.8100820633059789,0.8202422821414616,0.8288393903868698,0.8362641656897225,0.8401719421649082,0.845642829230168,0.8511137162954279,0.8561938257131692,0.860883157483392,0.8659632669011332,0.8702618210238374,0.8745603751465416,0.8792497069167644,0.8823759280969129,0.8843298163345057,0.8870652598671356,0.8890191481047284,0.8925361469323955,0.8944900351699883,0.8960531457600626,0.8983978116451738,0.8999609222352482,0.9038686987104336,0.9062133645955452,0.9066041422430636,0.9069949198905822,0.9093395857756936,0.9101211410707308,0.9120750293083236,0.915201250488472,0.9163735834310276,0.9175459163735834,0.917936694021102,0.9183274716686206,0.9191090269636576,0.9210629152012504,0.9222352481438062,0.9237983587338804,0.924189136381399
cell_dino_avgpool,A549,mean,0,mad_robustize,none,moa,0.1634828629659767,0.2337662337662337,77,1847,0.091640866873065,0.1052631578947368,0.1201238390092879,0.1306501547987616,0.1405572755417956,0.1498452012383901,0.1572755417956656,0.1671826625386996,0.1777089783281733,0.1839009287925696,0.1919504643962848,0.1993808049535603,0.209907120743034,0.2173374613003096,0.2260061919504644,0.2334365325077399,0.2408668730650154,0.248297213622291,0.2520123839009288,0.2557275541795665,0.2656346749226006,0.2718266253869969,0.2780185758513931,0.2848297213622291,0.2904024767801857,0.2978328173374613,0.3015479876160991,0.3046439628482972,0.3102167182662538,0.3195046439628483,0.3219814241486068,0.3256965944272446,0.3294117647058823,0.3312693498452012,0.3356037151702786,0.3386996904024767,0.3448916408668731,0.3461300309597523,0.3479876160990712,0.3529411764705882,0.356656346749226,0.3609907120743034,0.3659442724458204,0.3690402476780186,0.3708978328173374,0.3746130030959752,0.378328173374613,0.3814241486068111,0.3851393188854489,0.3869969040247678
cell_dino_avgpool,A549,mean,0,standardize,PCA,replicate,0.2900553167130861,0.5496688741721855,302,2559,0.486127393513091,0.5283313794450958,0.5517780382962094,0.5654552559593591,0.5752246971473232,0.5865572489253614,0.5955451348182884,0.6045330207112153,0.6115670183665495,0.6197733489644393,0.6264165689722548,0.6307151230949589,0.6346228995701446,0.6397030089878859,0.6463462289957015,0.6498632278233685,0.6553341148886284,0.6596326690113326,0.662758890191481,0.6678389996092223,0.6697928878468151,0.6721375537319265,0.6756545525595936,0.6783899960922235,0.6807346619773349,0.684251660805002,0.6865963266901133,0.6889409925752247,0.6912856584603361,0.6932395466979289,0.6948026572880032,0.6975381008206331,0.6991012114107074,0.7002735443532629,0.7030089878858929,0.7053536537710043,0.70652598671356,0.7092614302461899,0.7123876514263384,0.7135599843688941,0.7143415396639312,0.7159046502540055,0.7178585384915983,0.7186400937866354,0.7198124267291911,0.7213755373192653,0.722547870261821,0.7229386479093396,0.7245017584994138,0.7268464243845252
cell_dino_avgpool,A549,mean,0,standardize,PCA,moa,0.1416909381082103,0.1688311688311688,77,1847,0.1095975232198142,0.1269349845201238,0.1411764705882353,0.1529411764705882,0.1640866873065015,0.1715170278637771,0.1876160990712074,0.1975232198142414,0.2105263157894736,0.2148606811145511,0.2204334365325077,0.2309597523219814,0.2396284829721362,0.2470588235294117,0.2538699690402476,0.2569659442724458,0.2643962848297214,0.2674922600619195,0.2736842105263158,0.2786377708978328,0.2860681114551083,0.2928792569659442,0.2990712074303405,0.3052631578947368,0.3089783281733746,0.3157894736842105,0.3195046439628483,0.3238390092879257,0.330030959752322,0.3356037151702786,0.3386996904024767,0.3424148606811145,0.3455108359133127,0.3529411764705882,0.3554179566563467,0.3585139318885449,0.3634674922600619,0.36656346749226,0.3696594427244582,0.373374613003096,0.3770897832817337,0.3826625386996904,0.3876160990712074,0.3919504643962848,0.3950464396284829,0.3975232198142415,0.4012383900928792,0.4061919504643962,0.4086687306501548,0.4105263157894737
cell_dino_avgpool,A549,mean,0,standardize,PCAcor,replicate,0.2924974882878176,0.5562913907284768,302,2559,0.4947245017584994,0.5283313794450958,0.5556858147713951,0.5732708089097304,0.579914028917546,0.5916373583431028,0.6014067995310668,0.6092223524814381,0.6143024618991794,0.6213364595545134,0.6275889019148104,0.6322782336850332,0.6393122313403673,0.6416568972254787,0.6471277842907386,0.6510355607659242,0.6545525595935913,0.6584603360687769,0.6623681125439624,0.6670574443141852,0.6694021101992966,0.6705744431418523,0.6744822196170379,0.6764361078546307,0.681516217272372,0.6858147713950762,0.6869871043376319,0.6893317702227433,0.6936303243454475,0.6959749902305589,0.6979288784681517,0.6998827667057445,0.7030089878858929,0.7073075420085971,0.7096522078937085,0.7143415396639312,0.7170769831965611,0.719030871434154,0.7213755373192653,0.7229386479093396,0.725283313794451,0.7264556467370067,0.7295818679171552,0.7311449785072294,0.7334896443923408,0.7358343102774522,0.738569753810082,0.7393513091051191,0.7401328644001564,0.7420867526377491
cell_dino_avgpool,A549,mean,0,standardize,PCAcor,moa,0.1421660297492536,0.1688311688311688,77,1847,0.1102167182662538,0.1275541795665634,0.144891640866873,0.156656346749226,0.1696594427244582,0.1801857585139319,0.1900928792569659,0.2024767801857585,0.2130030959752322,0.2198142414860681,0.2272445820433436,0.2346749226006192,0.2414860681114551,0.2476780185758514,0.2538699690402476,0.2582043343653251,0.2631578947368421,0.2681114551083591,0.2712074303405573,0.2786377708978328,0.2854489164086687,0.2934984520123839,0.3015479876160991,0.3058823529411765,0.3089783281733746,0.3120743034055727,0.318266253869969,0.323219814241486,0.330030959752322,0.3331269349845201,0.3386996904024767,0.3448916408668731,0.3479876160990712,0.3492260061919505,0.3517027863777089,0.3572755417956656,0.3622291021671827,0.3678018575851393,0.3708978328173374,0.3752321981424149,0.378328173374613,0.3795665634674922,0.3820433436532507,0.3857585139318885,0.3888544891640867,0.3919504643962848,0.3950464396284829,0.4018575851393189,0.4055727554179567,0.4086687306501548
cell_dino_avgpool,A549,mean,0,standardize,ZCA,replicate,0.2900553167130861,0.5496688741721855,302,2559,0.486127393513091,0.5283313794450958,0.5517780382962094,0.5654552559593591,0.5752246971473232,0.5865572489253614,0.5955451348182884,0.6045330207112153,0.6115670183665495,0.6197733489644393,0.6264165689722548,0.6307151230949589,0.6346228995701446,0.6397030089878859,0.6463462289957015,0.6498632278233685,0.6553341148886284,0.6596326690113326,0.662758890191481,0.6678389996092223,0.6697928878468151,0.6721375537319265,0.6756545525595936,0.6783899960922235,0.6807346619773349,0.684251660805002,0.6865963266901133,0.6889409925752247,0.6912856584603361,0.6932395466979289,0.6948026572880032,0.6975381008206331,0.6991012114107074,0.7002735443532629,0.7030089878858929,0.7053536537710043,0.70652598671356,0.7092614302461899,0.7123876514263384,0.7135599843688941,0.7143415396639312,0.7159046502540055,0.7178585384915983,0.7186400937866354,0.7198124267291911,0.7213755373192653,0.722547870261821,0.7229386479093396,0.7245017584994138,0.7268464243845252
cell_dino_avgpool,A549,mean,0,standardize,ZCA,moa,0.1416909381082103,0.1688311688311688,77,1847,0.1095975232198142,0.1269349845201238,0.1411764705882353,0.1529411764705882,0.1640866873065015,0.1715170278637771,0.1876160990712074,0.1975232198142414,0.2105263157894736,0.2148606811145511,0.2204334365325077,0.2309597523219814,0.2396284829721362,0.2470588235294117,0.2538699690402476,0.2569659442724458,0.2643962848297214,0.2674922600619195,0.2736842105263158,0.2786377708978328,0.2860681114551083,0.2928792569659442,0.2990712074303405,0.3052631578947368,0.3089783281733746,0.3157894736842105,0.3195046439628483,0.3238390092879257,0.330030959752322,0.3356037151702786,0.3386996904024767,0.3424148606811145,0.3455108359133127,0.3529411764705882,0.3554179566563467,0.3585139318885449,0.3634674922600619,0.36656346749226,0.3696594427244582,0.373374613003096,0.3770897832817337,0.3826625386996904,0.3876160990712074,0.3919504643962848,0.3950464396284829,0.3975232198142415,0.4012383900928792,0.4061919504643962,0.4086687306501548,0.4105263157894737
cell_dino_avgpool,A549,mean,0,standardize,ZCAcor,replicate,0.2924974882878176,0.5562913907284768,302,2559,0.4947245017584994,0.5283313794450958,0.5556858147713951,0.5732708089097304,0.579914028917546,0.5916373583431028,0.6014067995310668,0.6092223524814381,0.6143024618991794,0.6213364595545134,0.6275889019148104,0.6322782336850332,0.6393122313403673,0.6416568972254787,0.6471277842907386,0.6510355607659242,0.6545525595935913,0.6584603360687769,0.6623681125439624,0.6670574443141852,0.6694021101992966,0.6705744431418523,0.6744822196170379,0.6764361078546307,0.681516217272372,0.6858147713950762,0.6869871043376319,0.6893317702227433,0.6936303243454475,0.6959749902305589,0.6979288784681517,0.6998827667057445,0.7030089878858929,0.7073075420085971,0.7096522078937085,0.7143415396639312,0.7170769831965611,0.719030871434154,0.7213755373192653,0.7229386479093396,0.725283313794451,0.7264556467370067,0.7295818679171552,0.7311449785072294,0.7334896443923408,0.7358343102774522,0.738569753810082,0.7393513091051191,0.7401328644001564,0.7420867526377491
cell_dino_avgpool,A549,mean,0,standardize,ZCAcor,moa,0.1421660297492536,0.1688311688311688,77,1847,0.1102167182662538,0.1275541795665634,0.144891640866873,0.156656346749226,0.1696594427244582,0.1801857585139319,0.1900928792569659,0.2024767801857585,0.2130030959752322,0.2198142414860681,0.2272445820433436,0.2346749226006192,0.2414860681114551,0.2476780185758514,0.2538699690402476,0.2582043343653251,0.2631578947368421,0.2681114551083591,0.2712074303405573,0.2786377708978328,0.2854489164086687,0.2934984520123839,0.3015479876160991,0.3058823529411765,0.3089783281733746,0.3120743034055727,0.318266253869969,0.323219814241486,0.330030959752322,0.3331269349845201,0.3386996904024767,0.3448916408668731,0.3479876160990712,0.3492260061919505,0.3517027863777089,0.3572755417956656,0.3622291021671827,0.3678018575851393,0.3708978328173374,0.3752321981424149,0.378328173374613,0.3795665634674922,0.3820433436532507,0.3857585139318885,0.3888544891640867,0.3919504643962848,0.3950464396284829,0.4018575851393189,0.4055727554179567,0.4086687306501548
cell_dino_avgpool,A549,mean,0,standardize,none,replicate,0.4417614751553508,0.9735099337748344,302,2559,0.552168815943728,0.6213364595545134,0.6615865572489253,0.6920672137553732,0.7166862055490426,0.7381789761625634,0.753810082063306,0.7678780773739742,0.7799921844470497,0.7936694021101993,0.8042203985932005,0.8159437280187574,0.8225869480265728,0.8300117233294255,0.8370457209847597,0.8440797186400938,0.8507229386479094,0.8581477139507621,0.8628370457209847,0.8671355998436889,0.870652598671356,0.8745603751465416,0.88042203985932,0.88315748339195,0.8851113716295428,0.8901914810472841,0.8925361469323955,0.8940992575224697,0.8964439234075811,0.8991793669402111,0.9003516998827668,0.9030871434153966,0.9050410316529894,0.9069949198905822,0.9097303634232122,0.9112934740132864,0.9144196951934348,0.9159828057835092,0.9175459163735834,0.9198905822586948,0.9210629152012504,0.924189136381399,0.9257522469714732,0.9257522469714732,0.9280969128565846,0.9284876905041032,0.9288784681516216,0.9288784681516216,0.930441578741696,0.9316139116842516
cell_dino_avgpool,A549,mean,0,standardize,none,moa,0.1656029316992634,0.2207792207792207,77,1847,0.0835913312693498,0.1009287925696594,0.1114551083591331,0.1256965944272446,0.139938080495356,0.1461300309597523,0.1510835913312693,0.1603715170278637,0.1690402476780185,0.1764705882352941,0.1869969040247678,0.1950464396284829,0.2055727554179566,0.2154798761609907,0.226625386996904,0.2352941176470588,0.2439628482972136,0.2501547987616099,0.2613003095975232,0.2681114551083591,0.2755417956656347,0.2811145510835913,0.2879256965944272,0.2934984520123839,0.2996904024767802,0.3058823529411765,0.3108359133126935,0.3120743034055727,0.318266253869969,0.3207430340557275,0.3238390092879257,0.3287925696594427,0.3343653250773993,0.3386996904024767,0.3424148606811145,0.3442724458204334,0.3479876160990712,0.3529411764705882,0.3554179566563467,0.3609907120743034,0.3678018575851393,0.373374613003096,0.3770897832817337,0.3795665634674922,0.3820433436532507,0.3876160990712074,0.3900928792569659,0.3944272445820433,0.3962848297213622,0.3993808049535604
cell_dino_avgpool,A549,mean,1,PCA,mad_robustize,replicate,0.4176987427719673,0.8178807947019867,302,2559,0.5693630324345448,0.618210238374365,0.6443923407581086,0.6604142243063696,0.6795623290347792,0.6924579914028918,0.70379054318093,0.716295427901524,0.7221570926143025,0.7307542008597109,0.7358343102774522,0.7420867526377491,0.7483391949980461,0.7530285267682688,0.7581086361860102,0.7620164126611958,0.7651426338413443,0.7694411879640485,0.7729581867917155,0.7768659632669012,0.7803829620945681,0.7854630715123095,0.788589292692458,0.792106291520125,0.7952325127002735,0.7975771785853849,0.8014849550605705,0.8050019538882376,0.8077373974208675,0.810863618601016,0.8112543962485346,0.8143806174286831,0.8182883939038686,0.82063305978898,0.8253223915592028,0.8280578350918327,0.8292301680343884,0.8307932786244627,0.8311840562719812,0.8366549433372411,0.8401719421649082,0.8444704962876124,0.8479874951152794,0.8499413833528722,0.8511137162954279,0.8550214927706136,0.8577569363032435,0.8601016021883549,0.8620554904259476,0.8636186010160218
cell_dino_avgpool,A549,mean,1,PCA,mad_robustize,moa,0.1702466904083324,0.2467532467532467,77,1847,0.1170278637770897,0.1411764705882353,0.1560371517027863,0.1684210526315789,0.1869969040247678,0.1993808049535603,0.2080495356037151,0.2154798761609907,0.2247678018575851,0.2334365325077399,0.2396284829721362,0.2452012383900929,0.2489164086687306,0.2520123839009288,0.2656346749226006,0.2730650154798761,0.2804953560371517,0.2879256965944272,0.2953560371517028,0.3003095975232198,0.3034055727554179,0.3065015479876161,0.3108359133126935,0.3151702786377709,0.3226006191950464,0.3275541795665634,0.330030959752322,0.3325077399380804,0.3386996904024767,0.3424148606811145,0.3479876160990712,0.3504643962848297,0.3547987616099071,0.3578947368421052,0.361609907120743,0.3653250773993808,0.3684210526315789,0.3721362229102167,0.3758513931888544,0.3789473684210526,0.38328173374613,0.3869969040247678,0.3907120743034056,0.3956656346749226,0.3981424148606811,0.4037151702786378,0.4074303405572755,0.409907120743034,0.4136222910216718,0.4154798761609907
cell_dino_avgpool,A549,mean,1,PCA,standardize,replicate,0.3889180950981871,0.7317880794701986,302,2559,0.5904650254005471,0.6420476748729973,0.6799531066822978,0.7057444314185228,0.7186400937866354,0.7366158655724893,0.7522469714732317,0.7647518561938257,0.7745212973817898,0.785853849159828,0.7944509574052364,0.804611176240719,0.8132082844861274,0.8221961703790543,0.8276670574443142,0.8300117233294255,0.8323563892145369,0.8401719421649082,0.8436889409925752,0.8479874951152794,0.8530676045330207,0.8573661586557249,0.8632278233685033,0.8663540445486518,0.870652598671356,0.8726064869089488,0.876905041031653,0.8808128175068386,0.8843298163345057,0.8874560375146542,0.8913638139898398,0.8933177022274326,0.895662368112544,0.8976162563501368,0.8980070339976554,0.8991793669402111,0.9011332551778038,0.902696365767878,0.9050410316529894,0.9066041422430636,0.9077764751856194,0.9112934740132864,0.912465806955842,0.9136381398983978,0.9144196951934348,0.9171551387260648,0.9191090269636576,0.920672137553732,0.9230168034388432,0.9253614693239548
cell_dino_avgpool,A549,mean,1,PCA,standardize,moa,0.153719571421024,0.1428571428571428,77,1847,0.1065015479876161,0.1318885448916408,0.1424148606811145,0.1609907120743034,0.1746130030959752,0.1876160990712074,0.1956656346749226,0.2043343653250774,0.2154798761609907,0.2297213622291021,0.2328173374613003,0.2414860681114551,0.2501547987616099,0.2594427244582043,0.2693498452012384,0.2780185758513931,0.286687306501548,0.2922600619195046,0.2978328173374613,0.3034055727554179,0.3114551083591331,0.3195046439628483,0.3263157894736842,0.3331269349845201,0.3362229102167182,0.3436532507739938,0.3461300309597523,0.3541795665634675,0.3597523219814241,0.3634674922600619,0.3678018575851393,0.3739938080495356,0.3746130030959752,0.378328173374613,0.3808049535603715,0.3876160990712074,0.3907120743034056,0.3944272445820433,0.3969040247678018,0.4,0.4030959752321981,0.4055727554179567,0.4092879256965944,0.4123839009287925,0.4142414860681114,0.4191950464396284,0.421671826625387,0.4235294117647059,0.4303405572755417,0.4340557275541796
cell_dino_avgpool,A549,mean,1,PCAcor,mad_robustize,replicate,0.4204733309105442,0.8211920529801324,302,2559,0.5763970300898789,0.6213364595545134,0.6479093395857757,0.6654943337241109,0.6803438843298163,0.6912856584603361,0.70379054318093,0.7151230949589683,0.722547870261821,0.7284095349745995,0.7334896443923408,0.7420867526377491,0.7483391949980461,0.7545916373583431,0.7592809691285658,0.7624071903087143,0.7670965220789371,0.7721766314966784,0.7772567409144197,0.7811645173896054,0.7854630715123095,0.7901524032825322,0.7936694021101993,0.7971864009378663,0.8018757327080891,0.8065650644783119,0.8100820633059789,0.8128175068386089,0.8151621727237202,0.8171160609613131,0.8190699491989059,0.8218053927315357,0.8245408362641657,0.8276670574443142,0.8292301680343884,0.8319656115670183,0.8350918327471668,0.8378272762797968,0.8389996092223525,0.8409534974599453,0.8432981633450567,0.8460336068776866,0.848378272762798,0.8507229386479094,0.8534583821805393,0.8550214927706136,0.8585384915982806,0.8593200468933178,0.8620554904259476,0.8628370457209847
cell_dino_avgpool,A549,mean,1,PCAcor,mad_robustize,moa,0.1730985265281393,0.2467532467532467,77,1847,0.1226006191950464,0.1486068111455108,0.1647058823529411,0.1826625386996904,0.1900928792569659,0.2018575851393189,0.2136222910216718,0.2222910216718266,0.2284829721362229,0.236532507739938,0.2383900928792569,0.2458204334365325,0.2495356037151702,0.2538699690402476,0.2625386996904025,0.2705882352941176,0.2792569659442724,0.2860681114551083,0.2947368421052631,0.3009287925696594,0.3046439628482972,0.3102167182662538,0.3151702786377709,0.3195046439628483,0.3238390092879257,0.3269349845201238,0.3318885448916409,0.3380804953560371,0.3430340557275542,0.3467492260061919,0.3523219814241486,0.356656346749226,0.3622291021671827,0.36656346749226,0.3684210526315789,0.3727554179566563,0.3752321981424149,0.3826625386996904,0.3888544891640867,0.3913312693498452,0.3938080495356037,0.3962848297213622,0.4,0.4037151702786378,0.4068111455108359,0.4080495356037151,0.4154798761609907,0.4222910216718266,0.4253869969040247,0.4284829721362229
cell_dino_avgpool,A549,mean,1,PCAcor,standardize,replicate,0.3942131472272913,0.7384105960264901,302,2559,0.5951543571707698,0.6479093395857757,0.6799531066822978,0.7030089878858929,0.7217663149667839,0.737788198515045,0.751074638530676,0.7639703008987886,0.7776475185619383,0.7862446268073466,0.7924970691676436,0.8026572880031262,0.8081281750683861,0.813599062133646,0.819851504493943,0.8237592809691285,0.8311840562719812,0.835873388042204,0.8417350527549824,0.8464243845252052,0.8526768268855022,0.8569753810082064,0.8601016021883549,0.8655724892536147,0.8675263774912075,0.8710433763188745,0.8745603751465416,0.8788589292692458,0.8815943728018757,0.8855021492770614,0.8882375928096913,0.8937084798749512,0.8968347010550997,0.9011332551778038,0.9034779210629152,0.9058225869480264,0.9073856975381008,0.9097303634232122,0.912465806955842,0.9132473622508792,0.9144196951934348,0.9163735834310276,0.9187182493161392,0.9202813599062134,0.9222352481438062,0.9237983587338804,0.9245799140289176,0.9261430246189918,0.9280969128565846,0.9296600234466588
cell_dino_avgpool,A549,mean,1,PCAcor,standardize,moa,0.1579107537811204,0.1558441558441558,77,1847,0.1114551083591331,0.1362229102167182,0.1547987616099071,0.1708978328173374,0.1795665634674922,0.188235294117647,0.2,0.2130030959752322,0.2241486068111455,0.2352941176470588,0.2414860681114551,0.2464396284829721,0.2513931888544892,0.2600619195046439,0.2668730650154798,0.2730650154798761,0.2811145510835913,0.2885448916408669,0.2972136222910216,0.3040247678018576,0.3108359133126935,0.3164086687306501,0.3213622291021671,0.3275541795665634,0.3325077399380804,0.339938080495356,0.3436532507739938,0.3461300309597523,0.3535603715170278,0.3591331269349845,0.3634674922600619,0.3690402476780186,0.3758513931888544,0.3839009287925696,0.3907120743034056,0.3962848297213622,0.3993808049535604,0.4037151702786378,0.4061919504643962,0.4105263157894737,0.4130030959752322,0.4173374613003096,0.4222910216718266,0.4260061919504644,0.4297213622291022,0.4340557275541796,0.436532507739938,0.4402476780185758,0.4427244582043343,0.4452012383900929
cell_dino_avgpool,A549,mean,1,ZCA,mad_robustize,replicate,0.3747729870421253,0.6854304635761589,302,2559,0.502149277061352,0.536146932395467,0.5572489253614693,0.5775693630324346,0.5889019148104728,0.5986713559984369,0.611957796014068,0.6193825713169206,0.6260257913247362,0.6318874560375146,0.6377491207502931,0.6412661195779601,0.6490816725283314,0.6541617819460727,0.6580695584212582,0.662758890191481,0.6654943337241109,0.6694021101992966,0.6737006643220008,0.6768268855021493,0.6799531066822978,0.6830793278624463,0.6865963266901133,0.690504103165299,0.6948026572880032,0.6987104337631888,0.7006643220007815,0.7033997655334114,0.7073075420085971,0.7123876514263384,0.7147323173114498,0.7170769831965611,0.7194216490816725,0.722547870261821,0.725283313794451,0.7284095349745995,0.731535756154748,0.7346619773348965,0.7370066432200079,0.7405236420476748,0.7424775302852676,0.744822196170379,0.7463853067604533,0.7495115279406018,0.7506838608831575,0.7518561938257131,0.7553731926533802,0.7581086361860102,0.7604533020711215,0.7616256350136772
cell_dino_avgpool,A549,mean,1,ZCA,mad_robustize,moa,0.1600127984422213,0.2077922077922078,77,1847,0.1114551083591331,0.1287925696594427,0.1430340557275541,0.161609907120743,0.1758513931888544,0.1876160990712074,0.1938080495356037,0.1975232198142414,0.2030959752321981,0.2117647058823529,0.2179566563467492,0.2241486068111455,0.2309597523219814,0.2340557275541795,0.2458204334365325,0.2507739938080495,0.2563467492260062,0.2613003095975232,0.2662538699690402,0.2705882352941176,0.2736842105263158,0.2755417956656347,0.2804953560371517,0.2860681114551083,0.291640866873065,0.2984520123839009,0.3040247678018576,0.3089783281733746,0.3114551083591331,0.3164086687306501,0.3201238390092879,0.3238390092879257,0.3263157894736842,0.3294117647058823,0.3318885448916409,0.3368421052631579,0.3405572755417956,0.3455108359133127,0.3529411764705882,0.356656346749226,0.3628482972136223,0.36656346749226,0.3727554179566563,0.3764705882352941,0.3795665634674922,0.3851393188854489,0.3894736842105263,0.3931888544891641,0.3981424148606811,0.4030959752321981
cell_dino_avgpool,A549,mean,1,ZCA,standardize,replicate,0.3231847191783975,0.5298013245033113,302,2559,0.4876905041031653,0.5248143806174287,0.5451348182883939,0.5592028135990621,0.5720984759671747,0.5834310277452129,0.5920281359906213,0.6017975771785854,0.6100039077764752,0.6170379054318093,0.627979679562329,0.6365767878077374,0.6424384525205158,0.64947245017585,0.6549433372411098,0.6561156701836655,0.661977334896444,0.6670574443141852,0.6733098866744822,0.6795623290347792,0.6838608831574834,0.6897225478702618,0.6955842125830403,0.7014458772958186,0.70379054318093,0.7080890973036342,0.7108245408362641,0.7155138726064869,0.7198124267291911,0.7245017584994138,0.728800312622118,0.7307542008597109,0.7354435326299336,0.7409144196951934,0.7452129738178976,0.7491207502930832,0.7514654161781946,0.7557639703008988,0.7588901914810473,0.7616256350136772,0.7667057444314185,0.7702227432590856,0.7753028526768269,0.779601406799531,0.7819460726846424,0.7846815162172723,0.7870261821023837,0.7897616256350137,0.7932786244626807,0.794841735052755
cell_dino_avgpool,A549,mean,1,ZCA,standardize,moa,0.1393768884553607,0.1298701298701298,77,1847,0.0947368421052631,0.1089783281733746,0.1238390092879257,0.1393188854489164,0.1486068111455108,0.1554179566563467,0.1647058823529411,0.1752321981424148,0.18328173374613,0.1919504643962848,0.2006191950464396,0.2148606811145511,0.2253869969040247,0.231578947368421,0.2390092879256966,0.2458204334365325,0.2526315789473684,0.2582043343653251,0.2631578947368421,0.2687306501547987,0.2724458204334365,0.2792569659442724,0.2842105263157894,0.2904024767801857,0.2947368421052631,0.2984520123839009,0.3046439628482972,0.3095975232198142,0.3145510835913312,0.3176470588235294,0.3244582043343653,0.3318885448916409,0.3380804953560371,0.3430340557275542,0.3455108359133127,0.3510835913312694,0.3547987616099071,0.3591331269349845,0.36656346749226,0.3727554179566563,0.3777089783281733,0.3820433436532507,0.3869969040247678,0.3925696594427245,0.3975232198142415,0.4024767801857585,0.4068111455108359,0.4111455108359133,0.4142414860681114,0.4179566563467492
cell_dino_avgpool,A549,mean,1,ZCAcor,mad_robustize,replicate,0.3790862445535695,0.7119205298013245,302,2559,0.511137162954279,0.5466979288784681,0.5677999218444705,0.5857756936303243,0.5978898007033998,0.6103946854239938,0.6228995701445877,0.6330597889800703,0.6397030089878859,0.6443923407581086,0.6506447831184057,0.6553341148886284,0.6643220007815553,0.6674482219617038,0.6713559984368894,0.677999218444705,0.6811254396248535,0.6854239937475577,0.6889409925752247,0.6924579914028918,0.6963657678780774,0.6987104337631888,0.7014458772958186,0.7057444314185228,0.7092614302461899,0.7104337631887456,0.7123876514263384,0.7170769831965611,0.7194216490816725,0.7209847596717468,0.7233294255568582,0.7264556467370067,0.7291910902696366,0.7311449785072294,0.7346619773348965,0.7370066432200079,0.737788198515045,0.7405236420476748,0.7424775302852676,0.7452129738178976,0.7467760844079718,0.7487299726455646,0.7499023055881203,0.7518561938257131,0.7542008597108245,0.7565455255959359,0.7584994138335287,0.7604533020711215,0.7612348573661587,0.7639703008987886
cell_dino_avgpool,A549,mean,1,ZCAcor,mad_robustize,moa,0.1651507670865157,0.2207792207792207,77,1847,0.1157894736842105,0.1337461300309597,0.1541795665634674,0.1733746130030959,0.1869969040247678,0.1987616099071207,0.2080495356037151,0.2142414860681114,0.2198142414860681,0.2303405572755417,0.2340557275541795,0.2421052631578947,0.2501547987616099,0.2588235294117647,0.2656346749226006,0.269969040247678,0.2761609907120743,0.2792569659442724,0.2860681114551083,0.2941176470588235,0.3015479876160991,0.3071207430340557,0.313312693498452,0.3176470588235294,0.323219814241486,0.3269349845201238,0.3306501547987616,0.334984520123839,0.3380804953560371,0.3442724458204334,0.3479876160990712,0.3535603715170278,0.3560371517027864,0.3597523219814241,0.361609907120743,0.3653250773993808,0.3684210526315789,0.3721362229102167,0.3746130030959752,0.3770897832817337,0.3814241486068111,0.3845201238390093,0.3900928792569659,0.3938080495356037,0.3981424148606811,0.4024767801857585,0.4074303405572755,0.4136222910216718,0.4160990712074303,0.4179566563467492
cell_dino_avgpool,A549,mean,1,ZCAcor,standardize,replicate,0.3273823335705002,0.5397350993377483,302,2559,0.488862837045721,0.5275498241500586,0.5506057053536537,0.5685814771395076,0.579914028917546,0.5916373583431028,0.6017975771785854,0.6111762407190309,0.6189917936694022,0.6264165689722548,0.6346228995701446,0.6440015631105901,0.6490816725283314,0.6553341148886284,0.6611957796014069,0.6670574443141852,0.6725283313794451,0.6776084407971864,0.6838608831574834,0.6897225478702618,0.6924579914028918,0.696756545525596,0.6998827667057445,0.7045720984759671,0.7069167643610785,0.7119968737788198,0.716295427901524,0.7205939820242282,0.7272372020320438,0.7303634232121923,0.7334896443923408,0.7362250879249707,0.7397420867526378,0.7424775302852676,0.7467760844079718,0.7518561938257131,0.7545916373583431,0.7581086361860102,0.7612348573661587,0.7663149667839,0.7710042985541227,0.7733489644392341,0.7772567409144197,0.782336850332161,0.7850722938647909,0.7862446268073466,0.7893708479874951,0.7932786244626807,0.7964048456428292,0.7971864009378663
cell_dino_avgpool,A549,mean,1,ZCAcor,standardize,moa,0.1444010697537964,0.1428571428571428,77,1847,0.101547987616099,0.1226006191950464,0.1343653250773993,0.1461300309597523,0.1591331269349845,0.1678018575851393,0.1801857585139319,0.1938080495356037,0.2043343653250774,0.2136222910216718,0.2222910216718266,0.2303405572755417,0.236532507739938,0.2414860681114551,0.2513931888544892,0.2588235294117647,0.2631578947368421,0.2681114551083591,0.2755417956656347,0.2817337461300309,0.2897832817337461,0.296594427244582,0.3009287925696594,0.3058823529411765,0.3126934984520124,0.3151702786377709,0.3188854489164087,0.3250773993808049,0.3306501547987616,0.3356037151702786,0.3393188854489164,0.3467492260061919,0.3523219814241486,0.3554179566563467,0.3603715170278638,0.36656346749226,0.3690402476780186,0.3739938080495356,0.3814241486068111,0.3839009287925696,0.3925696594427245,0.3962848297213622,0.3975232198142415,0.4037151702786378,0.4086687306501548,0.4130030959752322,0.4154798761609907,0.4229102167182662,0.4247678018575851,0.4278637770897833
cell_dino_avgpool,A549,mean,1,mad_robustize,PCA,replicate,0.2003083379925108,0.423841059602649,302,2559,0.4744040640875342,0.5087924970691676,0.5310668229777257,0.5447440406408753,0.5568581477139508,0.5662368112543963,0.5779601406799532,0.5846033606877686,0.593200468933177,0.5998436889409926,0.6049237983587339,0.6111762407190309,0.6154747948417351,0.6221180148495506,0.6256350136772176,0.6299335677999218,0.6326690113325518,0.636967565455256,0.640484564282923,0.6483001172332943,0.6533802266510356,0.6580695584212582,0.6608050019538882,0.6639312231340367,0.6670574443141852,0.6725283313794451,0.6764361078546307,0.6799531066822978,0.6830793278624463,0.6854239937475577,0.6869871043376319,0.6897225478702618,0.6908948808128175,0.6924579914028918,0.6951934349355217,0.6998827667057445,0.7018366549433372,0.7030089878858929,0.7057444314185228,0.7088706525986713,0.7108245408362641,0.7123876514263384,0.7139507620164126,0.7182493161391168,0.7209847596717468,0.7241109808518953,0.7272372020320438,0.728800312622118,0.7307542008597109,0.7327080890973037
cell_dino_avgpool,A549,mean,1,mad_robustize,PCA,moa,0.1103263204586661,0.1038961038961039,77,1847,0.1083591331269349,0.1250773993808049,0.1380804953560371,0.1498452012383901,0.1628482972136223,0.1727554179566563,0.1770897832817337,0.1851393188854489,0.1919504643962848,0.2030959752321981,0.2111455108359133,0.2210526315789473,0.2284829721362229,0.2377708978328173,0.2458204334365325,0.2520123839009288,0.2563467492260062,0.2625386996904025,0.2668730650154798,0.2712074303405573,0.2767801857585139,0.2835913312693498,0.2897832817337461,0.2928792569659442,0.2972136222910216,0.2996904024767802,0.3040247678018576,0.3071207430340557,0.3108359133126935,0.3157894736842105,0.323219814241486,0.3269349845201238,0.3318885448916409,0.3368421052631579,0.3405572755417956,0.3436532507739938,0.3461300309597523,0.3535603715170278,0.3578947368421052,0.3622291021671827,0.3659442724458204,0.3721362229102167,0.3752321981424149,0.3789473684210526,0.3845201238390093,0.3894736842105263,0.3950464396284829,0.4,0.4030959752321981,0.4055727554179567
cell_dino_avgpool,A549,mean,1,mad_robustize,PCAcor,replicate,0.1988568083852968,0.4172185430463576,302,2559,0.4744040640875342,0.5099648300117233,0.5322391559202814,0.5463071512309496,0.5599843688940993,0.5697538100820633,0.5795232512700274,0.5865572489253614,0.5943728018757327,0.5998436889409926,0.6060961313012896,0.6103946854239938,0.6189917936694022,0.6232903477921062,0.6271981242672919,0.6338413442751074,0.6385306760453302,0.6424384525205158,0.6451738960531458,0.6486908948808128,0.6561156701836655,0.6588511137162955,0.6635404454865181,0.6678389996092223,0.6709652207893708,0.6744822196170379,0.6768268855021493,0.6811254396248535,0.6834701055099648,0.6858147713950762,0.6869871043376319,0.6901133255177804,0.6908948808128175,0.6948026572880032,0.6987104337631888,0.7002735443532629,0.7018366549433372,0.7049628761234857,0.7073075420085971,0.7096522078937085,0.712778429073857,0.7143415396639312,0.7155138726064869,0.719030871434154,0.7213755373192653,0.7233294255568582,0.7268464243845252,0.7276279796795623,0.728800312622118,0.731535756154748
cell_dino_avgpool,A549,mean,1,mad_robustize,PCAcor,moa,0.1098089166458298,0.1038961038961039,77,1847,0.1102167182662538,0.1275541795665634,0.1405572755417956,0.1535603715170278,0.1684210526315789,0.1770897832817337,0.1820433436532507,0.188235294117647,0.1993808049535603,0.2074303405572755,0.2160990712074303,0.2253869969040247,0.2340557275541795,0.2414860681114551,0.2464396284829721,0.2513931888544892,0.2575851393188854,0.2662538699690402,0.269969040247678,0.2743034055727554,0.2786377708978328,0.2860681114551083,0.2879256965944272,0.2910216718266253,0.2947368421052631,0.2984520123839009,0.3046439628482972,0.3089783281733746,0.3157894736842105,0.318266253869969,0.323219814241486,0.3275541795665634,0.3312693498452012,0.3362229102167182,0.3424148606811145,0.3461300309597523,0.3504643962848297,0.3547987616099071,0.3603715170278638,0.3634674922600619,0.3671826625386997,0.3708978328173374,0.3752321981424149,0.3770897832817337,0.3820433436532507,0.3863777089783282,0.3869969040247678,0.3919504643962848,0.3981424148606811,0.4043343653250774
cell_dino_avgpool,A549,mean,1,mad_robustize,ZCA,replicate,0.2003083379925108,0.423841059602649,302,2559,0.4744040640875342,0.5087924970691676,0.5310668229777257,0.5447440406408753,0.5568581477139508,0.5662368112543963,0.5779601406799532,0.5846033606877686,0.593200468933177,0.5998436889409926,0.6049237983587339,0.6111762407190309,0.6154747948417351,0.6221180148495506,0.6256350136772176,0.6299335677999218,0.6326690113325518,0.636967565455256,0.640484564282923,0.6483001172332943,0.6533802266510356,0.6580695584212582,0.6608050019538882,0.6639312231340367,0.6670574443141852,0.6725283313794451,0.6764361078546307,0.6799531066822978,0.6830793278624463,0.6854239937475577,0.6869871043376319,0.6897225478702618,0.6908948808128175,0.6924579914028918,0.6951934349355217,0.6998827667057445,0.7018366549433372,0.7030089878858929,0.7057444314185228,0.7088706525986713,0.7108245408362641,0.7123876514263384,0.7139507620164126,0.7182493161391168,0.7209847596717468,0.7241109808518953,0.7272372020320438,0.728800312622118,0.7307542008597109,0.7327080890973037
cell_dino_avgpool,A549,mean,1,mad_robustize,ZCA,moa,0.1103263204586661,0.1038961038961039,77,1847,0.1083591331269349,0.1250773993808049,0.1380804953560371,0.1498452012383901,0.1628482972136223,0.1727554179566563,0.1770897832817337,0.1851393188854489,0.1919504643962848,0.2030959752321981,0.2111455108359133,0.2210526315789473,0.2284829721362229,0.2377708978328173,0.2458204334365325,0.2520123839009288,0.2563467492260062,0.2625386996904025,0.2668730650154798,0.2712074303405573,0.2767801857585139,0.2835913312693498,0.2897832817337461,0.2928792569659442,0.2972136222910216,0.2996904024767802,0.3040247678018576,0.3071207430340557,0.3108359133126935,0.3157894736842105,0.323219814241486,0.3269349845201238,0.3318885448916409,0.3368421052631579,0.3405572755417956,0.3436532507739938,0.3461300309597523,0.3535603715170278,0.3578947368421052,0.3622291021671827,0.3659442724458204,0.3721362229102167,0.3752321981424149,0.3789473684210526,0.3845201238390093,0.3894736842105263,0.3950464396284829,0.4,0.4030959752321981,0.4055727554179567
cell_dino_avgpool,A549,mean,1,mad_robustize,ZCAcor,replicate,0.1988568083852968,0.4172185430463576,302,2559,0.4744040640875342,0.5099648300117233,0.5322391559202814,0.5463071512309496,0.5599843688940993,0.5697538100820633,0.5795232512700274,0.5865572489253614,0.5943728018757327,0.5998436889409926,0.6060961313012896,0.6103946854239938,0.6189917936694022,0.6232903477921062,0.6271981242672919,0.6338413442751074,0.6385306760453302,0.6424384525205158,0.6451738960531458,0.6486908948808128,0.6561156701836655,0.6588511137162955,0.6635404454865181,0.6678389996092223,0.6709652207893708,0.6744822196170379,0.6768268855021493,0.6811254396248535,0.6834701055099648,0.6858147713950762,0.6869871043376319,0.6901133255177804,0.6908948808128175,0.6948026572880032,0.6987104337631888,0.7002735443532629,0.7018366549433372,0.7049628761234857,0.7073075420085971,0.7096522078937085,0.712778429073857,0.7143415396639312,0.7155138726064869,0.719030871434154,0.7213755373192653,0.7233294255568582,0.7268464243845252,0.7276279796795623,0.728800312622118,0.731535756154748
cell_dino_avgpool,A549,mean,1,mad_robustize,ZCAcor,moa,0.1098089166458298,0.1038961038961039,77,1847,0.1102167182662538,0.1275541795665634,0.1405572755417956,0.1535603715170278,0.1684210526315789,0.1770897832817337,0.1820433436532507,0.188235294117647,0.1993808049535603,0.2074303405572755,0.2160990712074303,0.2253869969040247,0.2340557275541795,0.2414860681114551,0.2464396284829721,0.2513931888544892,0.2575851393188854,0.2662538699690402,0.269969040247678,0.2743034055727554,0.2786377708978328,0.2860681114551083,0.2879256965944272,0.2910216718266253,0.2947368421052631,0.2984520123839009,0.3046439628482972,0.3089783281733746,0.3157894736842105,0.318266253869969,0.323219814241486,0.3275541795665634,0.3312693498452012,0.3362229102167182,0.3424148606811145,0.3461300309597523,0.3504643962848297,0.3547987616099071,0.3603715170278638,0.3634674922600619,0.3671826625386997,0.3708978328173374,0.3752321981424149,0.3770897832817337,0.3820433436532507,0.3863777089783282,0.3869969040247678,0.3919504643962848,0.3981424148606811,0.4043343653250774
cell_dino_avgpool,A549,mean,1,mad_robustize,none,replicate,0.4475872190754806,0.97682119205298,302,2559,0.5627198124267292,0.6244626807346619,0.6678389996092223,0.7002735443532629,0.7245017584994138,0.7397420867526378,0.7565455255959359,0.7706135209066042,0.7831184056271981,0.792106291520125,0.8022665103556077,0.8143806174286831,0.8253223915592028,0.8307932786244627,0.8362641656897225,0.8413442751074639,0.848378272762798,0.8534583821805393,0.8581477139507621,0.8612739351309106,0.8659632669011332,0.8694802657288003,0.8749511527940602,0.8796404845642829,0.8815943728018757,0.8862837045720985,0.8882375928096913,0.889409925752247,0.8929269245799141,0.8937084798749512,0.895662368112544,0.9003516998827668,0.902696365767878,0.9046502540054708,0.9077764751856194,0.9085580304806564,0.9097303634232122,0.9105119187182492,0.911684251660805,0.911684251660805,0.9140289175459164,0.9159828057835092,0.9183274716686206,0.9191090269636576,0.9214536928487692,0.9222352481438062,0.9230168034388432,0.923407581086362,0.923407581086362,0.924189136381399
cell_dino_avgpool,A549,mean,1,mad_robustize,none,moa,0.1640388765470028,0.2207792207792207,77,1847,0.0941176470588235,0.1052631578947368,0.1207430340557275,0.1306501547987616,0.1430340557275541,0.1492260061919504,0.1591331269349845,0.1653250773993808,0.1764705882352941,0.1845201238390093,0.1919504643962848,0.2,0.2105263157894736,0.2198142414860681,0.2309597523219814,0.2371517027863777,0.2439628482972136,0.2501547987616099,0.2557275541795665,0.2606811145510836,0.2712074303405573,0.2767801857585139,0.2817337461300309,0.2891640866873065,0.2928792569659442,0.2972136222910216,0.3015479876160991,0.3027863777089783,0.3089783281733746,0.3151702786377709,0.3207430340557275,0.3250773993808049,0.3269349845201238,0.3325077399380804,0.3393188854489164,0.3411764705882353,0.3442724458204334,0.3455108359133127,0.3510835913312694,0.3541795665634675,0.3585139318885449,0.3634674922600619,0.3647058823529411,0.3690402476780186,0.3739938080495356,0.3770897832817337,0.3814241486068111,0.3851393188854489,0.3900928792569659,0.3913312693498452
cell_dino_avgpool,A549,mean,1,standardize,PCA,replicate,0.2904293509223316,0.5562913907284768,302,2559,0.4814380617428683,0.5255959359124658,0.5498241500586166,0.564673700664322,0.5756154747948418,0.5838218053927315,0.5908558030480656,0.6017975771785854,0.6100039077764752,0.6143024618991794,0.6205549042594763,0.6248534583821805,0.6322782336850332,0.6361860101602188,0.6400937866354045,0.6436107854630715,0.6479093395857757,0.6506447831184057,0.6545525595935913,0.6604142243063696,0.6631496678389996,0.6647127784290738,0.6670574443141852,0.6694021101992966,0.6733098866744822,0.6760453302071121,0.6799531066822978,0.6826885502149277,0.6862055490425948,0.6889409925752247,0.6912856584603361,0.6944118796404846,0.6959749902305589,0.6994919890582258,0.7026182102383743,0.7030089878858929,0.70379054318093,0.70652598671356,0.7084798749511528,0.7104337631887456,0.7119968737788198,0.7170769831965611,0.7178585384915983,0.7194216490816725,0.722547870261821,0.7233294255568582,0.7248925361469324,0.7272372020320438,0.7291910902696366,0.7303634232121923
cell_dino_avgpool,A549,mean,1,standardize,PCA,moa,0.1412567596882943,0.1688311688311688,77,1847,0.113312693498452,0.1287925696594427,0.1411764705882353,0.1517027863777089,0.1640866873065015,0.1764705882352941,0.1894736842105263,0.1993808049535603,0.2092879256965944,0.2173374613003096,0.2198142414860681,0.2278637770897832,0.2377708978328173,0.2476780185758514,0.2575851393188854,0.2637770897832817,0.2668730650154798,0.2736842105263158,0.2780185758513931,0.2835913312693498,0.286687306501548,0.2928792569659442,0.2996904024767802,0.3034055727554179,0.3083591331269349,0.3126934984520124,0.3157894736842105,0.3176470588235294,0.3213622291021671,0.3287925696594427,0.3318885448916409,0.3362229102167182,0.3417956656346749,0.3473684210526316,0.3510835913312694,0.3541795665634675,0.3560371517027864,0.3597523219814241,0.3647058823529411,0.3684210526315789,0.373374613003096,0.3764705882352941,0.3808049535603715,0.3826625386996904,0.3894736842105263,0.3919504643962848,0.3950464396284829,0.3981424148606811,0.4012383900928792,0.4030959752321981
cell_dino_avgpool,A549,mean,1,standardize,PCAcor,replicate,0.2928345046036436,0.5529801324503312,302,2559,0.4869089488081282,0.5248143806174287,0.5451348182883939,0.5689722547870262,0.5787416959749903,0.5892926924579914,0.5974990230558812,0.6041422430636968,0.6100039077764752,0.6154747948417351,0.6228995701445877,0.6260257913247362,0.6318874560375146,0.6365767878077374,0.6393122313403673,0.6443923407581086,0.6486908948808128,0.6502540054708871,0.652989449003517,0.6561156701836655,0.6635404454865181,0.6658851113716295,0.6713559984368894,0.6756545525595936,0.6787807737397421,0.6826885502149277,0.6846424384525205,0.6889409925752247,0.6916764361078547,0.694021101992966,0.6975381008206331,0.6983196561156702,0.6998827667057445,0.7026182102383743,0.7041813208284486,0.7080890973036342,0.7116060961313013,0.7131692067213755,0.7166862055490426,0.7186400937866354,0.7194216490816725,0.7221570926143025,0.725283313794451,0.7268464243845252,0.7284095349745995,0.7307542008597109,0.7311449785072294,0.7338804220398594,0.7342711996873779,0.735052754982415
cell_dino_avgpool,A549,mean,1,standardize,PCAcor,moa,0.1418914027113214,0.1688311688311688,77,1847,0.1120743034055727,0.1306501547987616,0.1473684210526315,0.1547987616099071,0.1690402476780185,0.1789473684210526,0.1894736842105263,0.2012383900928792,0.2130030959752322,0.2185758513931888,0.2241486068111455,0.2297213622291021,0.236532507739938,0.2439628482972136,0.2495356037151702,0.2544891640866873,0.2606811145510836,0.2674922600619195,0.2730650154798761,0.2811145510835913,0.2848297213622291,0.2910216718266253,0.2978328173374613,0.3021671826625387,0.3052631578947368,0.3077399380804954,0.3102167182662538,0.3170278637770898,0.3213622291021671,0.3269349845201238,0.330030959752322,0.334984520123839,0.3393188854489164,0.3442724458204334,0.3479876160990712,0.3541795665634675,0.3591331269349845,0.3622291021671827,0.3640866873065015,0.3671826625386997,0.373374613003096,0.3758513931888544,0.3789473684210526,0.3826625386996904,0.3839009287925696,0.3888544891640867,0.3925696594427245,0.3944272445820433,0.3981424148606811,0.4006191950464396
cell_dino_avgpool,A549,mean,1,standardize,ZCA,replicate,0.2904293509223316,0.5562913907284768,302,2559,0.4814380617428683,0.5255959359124658,0.5498241500586166,0.564673700664322,0.5756154747948418,0.5838218053927315,0.5908558030480656,0.6017975771785854,0.6100039077764752,0.6143024618991794,0.6205549042594763,0.6248534583821805,0.6322782336850332,0.6361860101602188,0.6400937866354045,0.6436107854630715,0.6479093395857757,0.6506447831184057,0.6545525595935913,0.6604142243063696,0.6631496678389996,0.6647127784290738,0.6670574443141852,0.6694021101992966,0.6733098866744822,0.6760453302071121,0.6799531066822978,0.6826885502149277,0.6862055490425948,0.6889409925752247,0.6912856584603361,0.6944118796404846,0.6959749902305589,0.6994919890582258,0.7026182102383743,0.7030089878858929,0.70379054318093,0.70652598671356,0.7084798749511528,0.7104337631887456,0.7119968737788198,0.7170769831965611,0.7178585384915983,0.7194216490816725,0.722547870261821,0.7233294255568582,0.7248925361469324,0.7272372020320438,0.7291910902696366,0.7303634232121923
cell_dino_avgpool,A549,mean,1,standardize,ZCA,moa,0.1412567596882943,0.1688311688311688,77,1847,0.113312693498452,0.1287925696594427,0.1411764705882353,0.1517027863777089,0.1640866873065015,0.1764705882352941,0.1894736842105263,0.1993808049535603,0.2092879256965944,0.2173374613003096,0.2198142414860681,0.2278637770897832,0.2377708978328173,0.2476780185758514,0.2575851393188854,0.2637770897832817,0.2668730650154798,0.2736842105263158,0.2780185758513931,0.2835913312693498,0.286687306501548,0.2928792569659442,0.2996904024767802,0.3034055727554179,0.3083591331269349,0.3126934984520124,0.3157894736842105,0.3176470588235294,0.3213622291021671,0.3287925696594427,0.3318885448916409,0.3362229102167182,0.3417956656346749,0.3467492260061919,0.3510835913312694,0.3541795665634675,0.3560371517027864,0.3597523219814241,0.3647058823529411,0.3684210526315789,0.373374613003096,0.3764705882352941,0.3808049535603715,0.3826625386996904,0.3894736842105263,0.3919504643962848,0.3950464396284829,0.3981424148606811,0.4012383900928792,0.4030959752321981
cell_dino_avgpool,A549,mean,1,standardize,ZCAcor,replicate,0.2928345046036436,0.5529801324503312,302,2559,0.4869089488081282,0.5248143806174287,0.5451348182883939,0.5689722547870262,0.5787416959749903,0.5892926924579914,0.5974990230558812,0.6041422430636968,0.6100039077764752,0.6154747948417351,0.6228995701445877,0.6260257913247362,0.6318874560375146,0.6365767878077374,0.6393122313403673,0.6443923407581086,0.6486908948808128,0.6502540054708871,0.652989449003517,0.6561156701836655,0.6635404454865181,0.6658851113716295,0.6713559984368894,0.6756545525595936,0.6787807737397421,0.6826885502149277,0.6846424384525205,0.6889409925752247,0.6916764361078547,0.694021101992966,0.6975381008206331,0.6983196561156702,0.6998827667057445,0.7026182102383743,0.7041813208284486,0.7080890973036342,0.7116060961313013,0.7131692067213755,0.7166862055490426,0.7186400937866354,0.7194216490816725,0.7221570926143025,0.725283313794451,0.7268464243845252,0.7284095349745995,0.7307542008597109,0.7311449785072294,0.7338804220398594,0.7342711996873779,0.735052754982415
cell_dino_avgpool,A549,mean,1,standardize,ZCAcor,moa,0.1418914027113214,0.1688311688311688,77,1847,0.1120743034055727,0.1306501547987616,0.1473684210526315,0.1547987616099071,0.1690402476780185,0.1789473684210526,0.1894736842105263,0.2012383900928792,0.2130030959752322,0.2185758513931888,0.2241486068111455,0.2297213622291021,0.236532507739938,0.2439628482972136,0.2495356037151702,0.2544891640866873,0.2606811145510836,0.2674922600619195,0.2730650154798761,0.2811145510835913,0.2848297213622291,0.2910216718266253,0.2978328173374613,0.3021671826625387,0.3052631578947368,0.3077399380804954,0.3102167182662538,0.3170278637770898,0.3213622291021671,0.3269349845201238,0.330030959752322,0.334984520123839,0.3393188854489164,0.3442724458204334,0.3479876160990712,0.3541795665634675,0.3591331269349845,0.3622291021671827,0.3640866873065015,0.3671826625386997,0.373374613003096,0.3758513931888544,0.3789473684210526,0.3826625386996904,0.3839009287925696,0.3888544891640867,0.3925696594427245,0.3944272445820433,0.3981424148606811,0.4006191950464396
cell_dino_avgpool,A549,mean,1,standardize,none,replicate,0.442610129787011,0.97682119205298,302,2559,0.5529503712387651,0.6240719030871434,0.6631496678389996,0.6932395466979289,0.716295427901524,0.7362250879249707,0.7557639703008988,0.7690504103165299,0.7831184056271981,0.7944509574052364,0.807346619773349,0.8159437280187574,0.8249316139116842,0.8335287221570926,0.8409534974599453,0.8472059398202423,0.8561938257131692,0.8620554904259476,0.8655724892536147,0.8675263774912075,0.8726064869089488,0.8749511527940602,0.8796404845642829,0.8843298163345057,0.8886283704572099,0.8917545916373584,0.8940992575224697,0.8952715904650254,0.8964439234075811,0.8991793669402111,0.9019148104728408,0.9050410316529894,0.9073856975381008,0.9105119187182492,0.9112934740132864,0.9136381398983978,0.9148104728409536,0.9163735834310276,0.9175459163735834,0.9191090269636576,0.9214536928487692,0.9226260257913248,0.923407581086362,0.9253614693239548,0.9280969128565846,0.9292692457991404,0.930441578741696,0.9308323563892146,0.9312231340367332,0.9320046893317704
cell_dino_avgpool,A549,mean,1,standardize,none,moa,0.1658476630694915,0.2077922077922078,77,1847,0.0829721362229102,0.1027863777089783,0.1120743034055727,0.1238390092879257,0.1386996904024768,0.1461300309597523,0.1510835913312693,0.161609907120743,0.1727554179566563,0.1795665634674922,0.188235294117647,0.1993808049535603,0.2074303405572755,0.2179566563467492,0.2297213622291021,0.2377708978328173,0.248297213622291,0.2544891640866873,0.2662538699690402,0.2718266253869969,0.279876160990712,0.2848297213622291,0.2910216718266253,0.2978328173374613,0.3015479876160991,0.3077399380804954,0.3139318885448916,0.3170278637770898,0.3188854489164087,0.3226006191950464,0.3275541795665634,0.3306501547987616,0.334984520123839,0.3386996904024767,0.3430340557275542,0.3479876160990712,0.3517027863777089,0.3541795665634675,0.3572755417956656,0.3609907120743034,0.3659442724458204,0.3702786377708978,0.3758513931888544,0.3801857585139319,0.3826625386996904,0.3869969040247678,0.3900928792569659,0.3913312693498452,0.3925696594427245,0.3969040247678018
cell_dino_avgpool,A549,median,0,PCA,mad_robustize,replicate,0.4058526287850698,0.7814569536423841,302,2559,0.5052754982415005,0.5486518171160609,0.5830402500976944,0.6103946854239938,0.6260257913247362,0.6397030089878859,0.6518171160609613,0.6647127784290738,0.671746776084408,0.6819069949198906,0.6908948808128175,0.6998827667057445,0.7076983196561156,0.7135599843688941,0.7178585384915983,0.7217663149667839,0.7268464243845252,0.731535756154748,0.7366158655724893,0.7393513091051191,0.744822196170379,0.7514654161781946,0.7565455255959359,0.7616256350136772,0.7627979679562329,0.7659241891363814,0.7690504103165299,0.7737397420867527,0.7776475185619383,0.7807737397420867,0.7827276279796795,0.7854630715123095,0.7889800703399765,0.7913247362250879,0.7952325127002735,0.7999218444704963,0.8038296209456819,0.8050019538882376,0.807346619773349,0.8112543962485346,0.8139898397811646,0.8155529503712388,0.8175068386088316,0.8202422821414616,0.8237592809691285,0.8249316139116842,0.8253223915592028,0.8280578350918327,0.8300117233294255,0.8339194998046112
cell_dino_avgpool,A549,median,0,PCA,mad_robustize,moa,0.1730412390484122,0.2337662337662337,77,1847,0.1151702786377708,0.1275541795665634,0.1461300309597523,0.1554179566563467,0.1690402476780185,0.18328173374613,0.1925696594427244,0.2068111455108359,0.2136222910216718,0.2167182662538699,0.2272445820433436,0.2371517027863777,0.2427244582043343,0.2489164086687306,0.2551083591331269,0.2637770897832817,0.2687306501547987,0.2755417956656347,0.2811145510835913,0.286687306501548,0.2904024767801857,0.296594427244582,0.3034055727554179,0.3095975232198142,0.3139318885448916,0.3195046439628483,0.3256965944272446,0.330030959752322,0.334984520123839,0.339938080495356,0.3473684210526316,0.3541795665634675,0.3572755417956656,0.3603715170278638,0.36656346749226,0.3690402476780186,0.3746130030959752,0.3764705882352941,0.3820433436532507,0.3851393188854489,0.3869969040247678,0.3907120743034056,0.3938080495356037,0.3962848297213622,0.3987616099071207,0.4030959752321981,0.4074303405572755,0.409907120743034,0.4123839009287925,0.4123839009287925
cell_dino_avgpool,A549,median,0,PCA,standardize,replicate,0.4210401475359431,0.9105960264900662,302,2559,0.5341930441578742,0.5865572489253614,0.6150840171942165,0.636967565455256,0.6615865572489253,0.6756545525595936,0.6908948808128175,0.7014458772958186,0.7088706525986713,0.7178585384915983,0.7260648690894881,0.7338804220398594,0.7436498632278233,0.7487299726455646,0.7581086361860102,0.7674872997264557,0.776084407971864,0.7819460726846424,0.7893708479874951,0.7917155138726065,0.7975771785853849,0.7995310668229777,0.8042203985932005,0.8093005080109418,0.8139898397811646,0.8159437280187574,0.8182883939038686,0.82063305978898,0.8241500586166471,0.826885502149277,0.8315748339194998,0.835873388042204,0.8386088315748339,0.8417350527549824,0.8448612739351309,0.8491598280578351,0.8507229386479094,0.854630715123095,0.8558030480656507,0.8577569363032435,0.8601016021883549,0.8601016021883549,0.8624462680734662,0.864400156311059,0.8659632669011332,0.8694802657288003,0.870652598671356,0.8733880422039859,0.8749511527940602,0.8772958186791715
cell_dino_avgpool,A549,median,0,PCA,standardize,moa,0.1750060321111466,0.2337662337662337,77,1847,0.1046439628482972,0.1213622291021671,0.1405572755417956,0.1603715170278637,0.1764705882352941,0.1863777089783281,0.1975232198142414,0.2105263157894736,0.2241486068111455,0.2334365325077399,0.243343653250774,0.2520123839009288,0.2582043343653251,0.2662538699690402,0.2730650154798761,0.2780185758513931,0.2842105263157894,0.2885448916408669,0.2972136222910216,0.3040247678018576,0.3164086687306501,0.3219814241486068,0.3256965944272446,0.3287925696594427,0.3331269349845201,0.3368421052631579,0.3442724458204334,0.3479876160990712,0.3504643962848297,0.3572755417956656,0.3622291021671827,0.3684210526315789,0.3777089783281733,0.3839009287925696,0.3894736842105263,0.3956656346749226,0.3987616099071207,0.4024767801857585,0.4068111455108359,0.4123839009287925,0.4198142414860681,0.4229102167182662,0.4247678018575851,0.4284829721362229,0.4309597523219814,0.4359133126934985,0.4377708978328173,0.443343653250774,0.4476780185758514,0.4513931888544891
cell_dino_avgpool,A549,median,0,PCAcor,mad_robustize,replicate,0.4141892848431274,0.8344370860927153,302,2559,0.5279406017975772,0.5779601406799532,0.6107854630715123,0.6373583431027745,0.6568972254787027,0.6733098866744822,0.6873778819851505,0.6959749902305589,0.7018366549433372,0.710042985541227,0.716295427901524,0.7213755373192653,0.7256740914419695,0.7334896443923408,0.7405236420476748,0.7467760844079718,0.7530285267682688,0.7592809691285658,0.7631887456037515,0.7678780773739742,0.772567409144197,0.7780382962094569,0.7835091832747166,0.7862446268073466,0.7917155138726065,0.794841735052755,0.7995310668229777,0.8007033997655334,0.8042203985932005,0.8069558421258304,0.8104728409534975,0.8132082844861274,0.8175068386088316,0.82063305978898,0.8225869480265728,0.8261039468542399,0.8304025009769441,0.8315748339194998,0.8347010550996483,0.8374364986322782,0.8386088315748339,0.8409534974599453,0.8436889409925752,0.8464243845252052,0.8487690504103166,0.8499413833528722,0.8518952715904651,0.8542399374755764,0.8561938257131692,0.8597108245408362
cell_dino_avgpool,A549,median,0,PCAcor,mad_robustize,moa,0.1734328518507579,0.2467532467532467,77,1847,0.1126934984520123,0.1343653250773993,0.1479876160990712,0.1597523219814241,0.1814241486068111,0.1925696594427244,0.204953560371517,0.2142414860681114,0.2235294117647059,0.2309597523219814,0.2396284829721362,0.248297213622291,0.2551083591331269,0.2619195046439628,0.2681114551083591,0.2718266253869969,0.2780185758513931,0.2848297213622291,0.2910216718266253,0.2953560371517028,0.3034055727554179,0.3089783281733746,0.318266253869969,0.3238390092879257,0.3281733746130031,0.3337461300309597,0.3362229102167182,0.339938080495356,0.3448916408668731,0.3461300309597523,0.3510835913312694,0.356656346749226,0.361609907120743,0.3684210526315789,0.3708978328173374,0.3739938080495356,0.3777089783281733,0.3795665634674922,0.3851393188854489,0.3888544891640867,0.3956656346749226,0.3981424148606811,0.4018575851393189,0.4037151702786378,0.4043343653250774,0.4074303405572755,0.4092879256965944,0.4142414860681114,0.4191950464396284,0.4235294117647059
cell_dino_avgpool,A549,median,0,PCAcor,standardize,replicate,0.4278830037255789,0.9470198675496688,302,2559,0.5443532629933567,0.5955451348182884,0.6256350136772176,0.6436107854630715,0.6576787807737398,0.6748729972645565,0.6854239937475577,0.7006643220007815,0.7116060961313013,0.7237202032043767,0.7346619773348965,0.7428683079327862,0.751074638530676,0.7588901914810473,0.7643610785463072,0.7706135209066042,0.7756936303243455,0.7815552950371238,0.7878077373974208,0.7928878468151622,0.798358733880422,0.8038296209456819,0.8085189527159047,0.8163345056662759,0.8202422821414616,0.8264947245017585,0.8315748339194998,0.8362641656897225,0.8374364986322782,0.8397811645173896,0.8417350527549824,0.8468151621727237,0.8487690504103166,0.8503321610003908,0.8522860492379836,0.8561938257131692,0.8573661586557249,0.8604923798358733,0.8628370457209847,0.8636186010160218,0.8651817116060961,0.8663540445486518,0.8714341539663931,0.874169597499023,0.8761234857366159,0.88042203985932,0.8815943728018757,0.8843298163345057,0.8870652598671356,0.8898007033997656
cell_dino_avgpool,A549,median,0,PCAcor,standardize,moa,0.1777067024413489,0.2077922077922078,77,1847,0.1034055727554179,0.1207430340557275,0.1393188854489164,0.1547987616099071,0.1702786377708978,0.1869969040247678,0.1987616099071207,0.2117647058823529,0.221671826625387,0.2334365325077399,0.2458204334365325,0.2495356037151702,0.2575851393188854,0.2705882352941176,0.274922600619195,0.2792569659442724,0.2885448916408669,0.2941176470588235,0.2996904024767802,0.3071207430340557,0.3120743034055727,0.3213622291021671,0.3244582043343653,0.3312693498452012,0.3380804953560371,0.3424148606811145,0.3461300309597523,0.3510835913312694,0.3560371517027864,0.36656346749226,0.3715170278637771,0.3758513931888544,0.3851393188854489,0.388235294117647,0.3956656346749226,0.4018575851393189,0.4080495356037151,0.4123839009287925,0.4179566563467492,0.4210526315789473,0.4241486068111455,0.4272445820433436,0.4321981424148607,0.4359133126934985,0.4408668730650155,0.4445820433436532,0.4458204334365325,0.4495356037151702,0.4501547987616099,0.4520123839009288
cell_dino_avgpool,A549,median,0,ZCA,mad_robustize,replicate,0.3687916929701838,0.6887417218543046,302,2559,0.4474404064087534,0.4833919499804611,0.5056662758890191,0.5220789370847988,0.5353653771004299,0.5494333724110981,0.5595935912465807,0.5685814771395076,0.5775693630324346,0.5873388042203986,0.5963266901133255,0.6064869089488081,0.6150840171942165,0.6228995701445877,0.627979679562329,0.6338413442751074,0.6389214536928488,0.6436107854630715,0.6486908948808128,0.652989449003517,0.6572880031262212,0.662758890191481,0.6647127784290738,0.669011332551778,0.6725283313794451,0.677999218444705,0.6838608831574834,0.687768659632669,0.6912856584603361,0.6916764361078547,0.6971473231731145,0.6994919890582258,0.7030089878858929,0.7069167643610785,0.7092614302461899,0.712778429073857,0.716295427901524,0.719030871434154,0.7221570926143025,0.725283313794451,0.728800312622118,0.7327080890973037,0.7346619773348965,0.737788198515045,0.7409144196951934,0.7452129738178976,0.7471668620554904,0.751074638530676,0.7522469714732317,0.753810082063306
cell_dino_avgpool,A549,median,0,ZCA,mad_robustize,moa,0.168900348845735,0.2337662337662337,77,1847,0.1046439628482972,0.1170278637770897,0.1287925696594427,0.144891640866873,0.1597523219814241,0.1770897832817337,0.1863777089783281,0.1969040247678018,0.2123839009287925,0.2229102167182662,0.2309597523219814,0.2383900928792569,0.2452012383900929,0.2501547987616099,0.2557275541795665,0.2619195046439628,0.2662538699690402,0.2761609907120743,0.2835913312693498,0.2873065015479876,0.291640866873065,0.2959752321981424,0.3003095975232198,0.3040247678018576,0.3095975232198142,0.3108359133126935,0.3164086687306501,0.318266253869969,0.323219814241486,0.3312693498452012,0.3331269349845201,0.3374613003095975,0.339938080495356,0.3442724458204334,0.3492260061919505,0.3535603715170278,0.3603715170278638,0.3678018575851393,0.3708978328173374,0.3746130030959752,0.3789473684210526,0.3826625386996904,0.3869969040247678,0.3913312693498452,0.3950464396284829,0.3993808049535604,0.4018575851393189,0.4086687306501548,0.4111455108359133,0.4160990712074303
cell_dino_avgpool,A549,median,0,ZCA,standardize,replicate,0.3714444492989803,0.7615894039735099,302,2559,0.4458772958186792,0.4876905041031653,0.5076201641266119,0.523642047674873,0.5349745994529113,0.5455255959359124,0.5588120359515436,0.5689722547870262,0.579914028917546,0.5889019148104728,0.5978898007033998,0.6045330207112153,0.6123485736615866,0.6178194607268465,0.6236811254396248,0.6295427901524033,0.6334505666275889,0.640484564282923,0.6463462289957015,0.6545525595935913,0.6611957796014069,0.6658851113716295,0.6701836654943337,0.6744822196170379,0.6783899960922235,0.684251660805002,0.6897225478702618,0.694021101992966,0.6971473231731145,0.7002735443532629,0.7022274325908558,0.70652598671356,0.710042985541227,0.7131692067213755,0.7166862055490426,0.7178585384915983,0.7209847596717468,0.7237202032043767,0.7260648690894881,0.728800312622118,0.7323173114497851,0.7354435326299336,0.7381789761625634,0.7405236420476748,0.7424775302852676,0.744822196170379,0.7471668620554904,0.7502930832356389,0.753810082063306,0.7569363032434545
cell_dino_avgpool,A549,median,0,ZCA,standardize,moa,0.1716037713067207,0.1948051948051948,77,1847,0.096594427244582,0.1164086687306501,0.1331269349845201,0.1529411764705882,0.1622291021671826,0.1696594427244582,0.1839009287925696,0.1938080495356037,0.2037151702786377,0.2123839009287925,0.2235294117647059,0.2303405572755417,0.2427244582043343,0.2520123839009288,0.2563467492260062,0.265015479876161,0.2724458204334365,0.2786377708978328,0.2879256965944272,0.2928792569659442,0.2990712074303405,0.3058823529411765,0.3102167182662538,0.3145510835913312,0.3195046439628483,0.3281733746130031,0.3337461300309597,0.3362229102167182,0.3405572755417956,0.3467492260061919,0.3492260061919505,0.3578947368421052,0.3653250773993808,0.3690402476780186,0.3739938080495356,0.3770897832817337,0.38328173374613,0.3888544891640867,0.3900928792569659,0.3950464396284829,0.3987616099071207,0.4030959752321981,0.4080495356037151,0.4092879256965944,0.4123839009287925,0.4210526315789473,0.4272445820433436,0.4334365325077399,0.4352941176470588,0.4390092879256966
cell_dino_avgpool,A549,median,0,ZCAcor,mad_robustize,replicate,0.3793002234566805,0.7152317880794702,302,2559,0.4615084017194216,0.4998046111762407,0.5224697147323173,0.5427901524032825,0.5599843688940993,0.5783509183274717,0.5920281359906213,0.6025791324736225,0.6127393513091052,0.6205549042594763,0.6338413442751074,0.6447831184056272,0.6537710042985542,0.6596326690113326,0.6686205549042594,0.6756545525595936,0.6803438843298163,0.6854239937475577,0.6920672137553732,0.6959749902305589,0.7010550996483002,0.7026182102383743,0.7030089878858929,0.7088706525986713,0.7104337631887456,0.7147323173114498,0.7170769831965611,0.7209847596717468,0.7237202032043767,0.7264556467370067,0.7299726455646737,0.7334896443923408,0.738569753810082,0.7432590855803048,0.7459945291129347,0.7491207502930832,0.753810082063306,0.7549824150058617,0.7581086361860102,0.7624071903087143,0.7659241891363814,0.7710042985541227,0.7729581867917155,0.7753028526768269,0.7792106291520126,0.7803829620945681,0.7815552950371238,0.7842907385697538,0.7881985150449394,0.7901524032825322
cell_dino_avgpool,A549,median,0,ZCAcor,mad_robustize,moa,0.1686195268322241,0.2467532467532467,77,1847,0.1071207430340557,0.1238390092879257,0.1356037151702786,0.1467492260061919,0.156656346749226,0.1678018575851393,0.1826625386996904,0.1938080495356037,0.2018575851393189,0.2080495356037151,0.2123839009287925,0.2229102167182662,0.2272445820433436,0.231578947368421,0.236532507739938,0.2464396284829721,0.2507739938080495,0.2588235294117647,0.2674922600619195,0.2705882352941176,0.2767801857585139,0.2835913312693498,0.291640866873065,0.2984520123839009,0.3046439628482972,0.3102167182662538,0.3170278637770898,0.3201238390092879,0.3250773993808049,0.3306501547987616,0.3343653250773993,0.3424148606811145,0.3467492260061919,0.3547987616099071,0.3585139318885449,0.3634674922600619,0.3678018575851393,0.3708978328173374,0.3752321981424149,0.3777089783281733,0.3795665634674922,0.3839009287925696,0.388235294117647,0.3900928792569659,0.3925696594427245,0.3950464396284829,0.3969040247678018,0.3993808049535604,0.4018575851393189,0.4061919504643962
cell_dino_avgpool,A549,median,0,ZCAcor,standardize,replicate,0.3776195884227876,0.7880794701986755,302,2559,0.4673700664322001,0.5009769441187965,0.523642047674873,0.5427901524032825,0.5568581477139508,0.5689722547870262,0.5838218053927315,0.5939820242282141,0.6025791324736225,0.6139116842516608,0.6189917936694022,0.6291520125048847,0.6365767878077374,0.6443923407581086,0.6498632278233685,0.6561156701836655,0.6611957796014069,0.6658851113716295,0.6729191090269636,0.6807346619773349,0.6854239937475577,0.6928487690504103,0.6959749902305589,0.6994919890582258,0.70379054318093,0.7104337631887456,0.712778429073857,0.7174677608440797,0.7213755373192653,0.7256740914419695,0.7291910902696366,0.7330988667448222,0.7358343102774522,0.741305197342712,0.7440406408753419,0.7483391949980461,0.7499023055881203,0.753810082063306,0.7565455255959359,0.7584994138335287,0.7620164126611958,0.7667057444314185,0.7690504103165299,0.7721766314966784,0.7756936303243455,0.7776475185619383,0.779601406799531,0.782336850332161,0.7846815162172723,0.7878077373974208
cell_dino_avgpool,A549,median,0,ZCAcor,standardize,moa,0.1701581189257855,0.1948051948051948,77,1847,0.0996904024767801,0.1126934984520123,0.1238390092879257,0.1393188854489164,0.1498452012383901,0.16656346749226,0.1795665634674922,0.1925696594427244,0.1993808049535603,0.209907120743034,0.221671826625387,0.2284829721362229,0.2346749226006192,0.2439628482972136,0.2532507739938081,0.2606811145510836,0.2687306501547987,0.2755417956656347,0.2811145510835913,0.286687306501548,0.2928792569659442,0.296594427244582,0.3040247678018576,0.3102167182662538,0.3164086687306501,0.323219814241486,0.3294117647058823,0.3356037151702786,0.3386996904024767,0.3455108359133127,0.3479876160990712,0.356656346749226,0.3591331269349845,0.3622291021671827,0.3690402476780186,0.3752321981424149,0.3764705882352941,0.3808049535603715,0.3845201238390093,0.3869969040247678,0.388235294117647,0.3919504643962848,0.3987616099071207,0.4055727554179567,0.4105263157894737,0.4136222910216718,0.4179566563467492,0.4222910216718266,0.426625386996904,0.4291021671826625
cell_dino_avgpool,A549,median,0,mad_robustize,PCA,replicate,0.2537568185643168,0.4933774834437086,302,2559,0.4361078546307151,0.4747948417350527,0.5001953888237592,0.5209066041422431,0.5345838218053928,0.5494333724110981,0.5599843688940993,0.5697538100820633,0.577178585384916,0.5814771395076201,0.5885111371629543,0.5974990230558812,0.6060961313012896,0.6111762407190309,0.6154747948417351,0.621727237202032,0.6264165689722548,0.6314966783899961,0.6357952325127003,0.6412661195779601,0.6455646737006643,0.6502540054708871,0.6549433372411098,0.6576787807737398,0.661977334896444,0.6654943337241109,0.6686205549042594,0.6721375537319265,0.6768268855021493,0.6822977725674091,0.6869871043376319,0.6901133255177804,0.6916764361078547,0.6951934349355217,0.6983196561156702,0.6994919890582258,0.7026182102383743,0.7041813208284486,0.7061352090660414,0.7080890973036342,0.7104337631887456,0.7112153184837827,0.712778429073857,0.7147323173114498,0.716295427901524,0.7194216490816725,0.7221570926143025,0.725283313794451,0.7264556467370067,0.7284095349745995
cell_dino_avgpool,A549,median,0,mad_robustize,PCA,moa,0.1296142318189434,0.1688311688311688,77,1847,0.1027863777089783,0.1238390092879257,0.1368421052631579,0.1467492260061919,0.1560371517027863,0.1671826625386996,0.1777089783281733,0.1863777089783281,0.1931888544891641,0.2024767801857585,0.2117647058823529,0.2235294117647059,0.2297213622291021,0.2371517027863777,0.243343653250774,0.2476780185758514,0.2538699690402476,0.2582043343653251,0.2625386996904025,0.2637770897832817,0.2668730650154798,0.2705882352941176,0.2761609907120743,0.2823529411764706,0.2891640866873065,0.2934984520123839,0.2972136222910216,0.3021671826625387,0.3034055727554179,0.3102167182662538,0.3145510835913312,0.318266253869969,0.3219814241486068,0.3256965944272446,0.3287925696594427,0.3325077399380804,0.3374613003095975,0.3411764705882353,0.3461300309597523,0.3479876160990712,0.3554179566563467,0.3585139318885449,0.3622291021671827,0.3640866873065015,0.36656346749226,0.3696594427244582,0.3721362229102167,0.3758513931888544,0.3789473684210526,0.3826625386996904
cell_dino_avgpool,A549,median,0,mad_robustize,PCAcor,replicate,0.2530251566413721,0.4867549668874172,302,2559,0.4361078546307151,0.4755763970300898,0.4974599452911293,0.5212973817897616,0.5404454865181711,0.5545134818288394,0.5654552559593591,0.573661586557249,0.5803048065650644,0.5857756936303243,0.593200468933177,0.5998436889409926,0.6080500195388824,0.6123485736615866,0.6158655724892537,0.621727237202032,0.6244626807346619,0.6283704572098476,0.6318874560375146,0.6357952325127003,0.6397030089878859,0.643220007815553,0.6459554513481829,0.6502540054708871,0.6518171160609613,0.6572880031262212,0.6608050019538882,0.6654943337241109,0.6694021101992966,0.6729191090269636,0.6748729972645565,0.6783899960922235,0.6838608831574834,0.6854239937475577,0.687768659632669,0.6908948808128175,0.6932395466979289,0.6951934349355217,0.6983196561156702,0.7006643220007815,0.7018366549433372,0.7049628761234857,0.70652598671356,0.7076983196561156,0.7092614302461899,0.7112153184837827,0.7135599843688941,0.7155138726064869,0.716295427901524,0.7182493161391168
cell_dino_avgpool,A549,median,0,mad_robustize,PCAcor,moa,0.1294933591270199,0.1688311688311688,77,1847,0.1040247678018575,0.1195046439628483,0.1380804953560371,0.144891640866873,0.1572755417956656,0.1696594427244582,0.1814241486068111,0.1900928792569659,0.1993808049535603,0.2080495356037151,0.2179566563467492,0.2229102167182662,0.231578947368421,0.2396284829721362,0.2458204334365325,0.2520123839009288,0.2594427244582043,0.2643962848297214,0.2681114551083591,0.2705882352941176,0.2743034055727554,0.2773993808049536,0.279876160990712,0.2829721362229102,0.286687306501548,0.291640866873065,0.2978328173374613,0.3034055727554179,0.3071207430340557,0.3102167182662538,0.3164086687306501,0.3226006191950464,0.3269349845201238,0.3281733746130031,0.330030959752322,0.3337461300309597,0.3368421052631579,0.3405572755417956,0.3448916408668731,0.3486068111455108,0.3517027863777089,0.3541795665634675,0.3572755417956656,0.3609907120743034,0.3647058823529411,0.3671826625386997,0.3690402476780186,0.3708978328173374,0.3752321981424149,0.3820433436532507
cell_dino_avgpool,A549,median,0,mad_robustize,ZCA,replicate,0.2537568185643168,0.4933774834437086,302,2559,0.4361078546307151,0.4747948417350527,0.5001953888237592,0.5209066041422431,0.5345838218053928,0.5494333724110981,0.5599843688940993,0.5697538100820633,0.577178585384916,0.5814771395076201,0.5885111371629543,0.5974990230558812,0.6060961313012896,0.6111762407190309,0.6154747948417351,0.621727237202032,0.6264165689722548,0.6314966783899961,0.6357952325127003,0.6412661195779601,0.6455646737006643,0.6502540054708871,0.6549433372411098,0.6576787807737398,0.661977334896444,0.6654943337241109,0.6686205549042594,0.6721375537319265,0.6768268855021493,0.6822977725674091,0.6869871043376319,0.6901133255177804,0.6916764361078547,0.6951934349355217,0.6983196561156702,0.6994919890582258,0.7026182102383743,0.7041813208284486,0.7061352090660414,0.7080890973036342,0.7104337631887456,0.7112153184837827,0.712778429073857,0.7147323173114498,0.716295427901524,0.7194216490816725,0.7221570926143025,0.725283313794451,0.7264556467370067,0.7284095349745995
cell_dino_avgpool,A549,median,0,mad_robustize,ZCA,moa,0.1296142318189434,0.1688311688311688,77,1847,0.1027863777089783,0.1238390092879257,0.1368421052631579,0.1467492260061919,0.1560371517027863,0.1671826625386996,0.1777089783281733,0.1863777089783281,0.1931888544891641,0.2024767801857585,0.2117647058823529,0.2235294117647059,0.2297213622291021,0.2371517027863777,0.243343653250774,0.2476780185758514,0.2538699690402476,0.2582043343653251,0.2625386996904025,0.2637770897832817,0.2668730650154798,0.2705882352941176,0.2761609907120743,0.2823529411764706,0.2891640866873065,0.2934984520123839,0.2972136222910216,0.3021671826625387,0.3034055727554179,0.3102167182662538,0.3145510835913312,0.318266253869969,0.3219814241486068,0.3256965944272446,0.3287925696594427,0.3325077399380804,0.3374613003095975,0.3411764705882353,0.3461300309597523,0.3479876160990712,0.3554179566563467,0.3585139318885449,0.3622291021671827,0.3640866873065015,0.36656346749226,0.3696594427244582,0.3721362229102167,0.3758513931888544,0.3789473684210526,0.3826625386996904
cell_dino_avgpool,A549,median,0,mad_robustize,ZCAcor,replicate,0.2530251566413721,0.4867549668874172,302,2559,0.4361078546307151,0.4755763970300898,0.4974599452911293,0.5212973817897616,0.5404454865181711,0.5545134818288394,0.5654552559593591,0.573661586557249,0.5803048065650644,0.5857756936303243,0.593200468933177,0.5998436889409926,0.6080500195388824,0.6123485736615866,0.6158655724892537,0.621727237202032,0.6244626807346619,0.6283704572098476,0.6318874560375146,0.6357952325127003,0.6397030089878859,0.643220007815553,0.6459554513481829,0.6502540054708871,0.6518171160609613,0.6572880031262212,0.6608050019538882,0.6654943337241109,0.6694021101992966,0.6729191090269636,0.6748729972645565,0.6783899960922235,0.6838608831574834,0.6854239937475577,0.687768659632669,0.6908948808128175,0.6932395466979289,0.6951934349355217,0.6983196561156702,0.7006643220007815,0.7018366549433372,0.7049628761234857,0.70652598671356,0.7076983196561156,0.7092614302461899,0.7112153184837827,0.7135599843688941,0.7155138726064869,0.716295427901524,0.7182493161391168
cell_dino_avgpool,A549,median,0,mad_robustize,ZCAcor,moa,0.1294933591270199,0.1688311688311688,77,1847,0.1040247678018575,0.1195046439628483,0.1380804953560371,0.144891640866873,0.1572755417956656,0.1696594427244582,0.1814241486068111,0.1900928792569659,0.1993808049535603,0.2080495356037151,0.2179566563467492,0.2229102167182662,0.231578947368421,0.2396284829721362,0.2458204334365325,0.2520123839009288,0.2594427244582043,0.2643962848297214,0.2681114551083591,0.2705882352941176,0.2743034055727554,0.2773993808049536,0.279876160990712,0.2829721362229102,0.286687306501548,0.291640866873065,0.2978328173374613,0.3034055727554179,0.3071207430340557,0.3102167182662538,0.3164086687306501,0.3226006191950464,0.3269349845201238,0.3281733746130031,0.330030959752322,0.3337461300309597,0.3368421052631579,0.3405572755417956,0.3448916408668731,0.3486068111455108,0.3517027863777089,0.3541795665634675,0.3572755417956656,0.3609907120743034,0.3647058823529411,0.3671826625386997,0.3690402476780186,0.3708978328173374,0.3752321981424149,0.3820433436532507
cell_dino_avgpool,A549,median,0,mad_robustize,none,replicate,0.4414109462262506,0.9834437086092715,302,2559,0.5498241500586166,0.608440797186401,0.6545525595935913,0.687768659632669,0.7131692067213755,0.7311449785072294,0.7487299726455646,0.7639703008987886,0.7733489644392341,0.7846815162172723,0.794841735052755,0.8042203985932005,0.8112543962485346,0.8167252833137945,0.8249316139116842,0.8311840562719812,0.8350918327471668,0.8413442751074639,0.845642829230168,0.8526768268855022,0.8565846033606878,0.8632278233685033,0.8686987104337632,0.8702618210238374,0.8718249316139117,0.8765142633841344,0.8815943728018757,0.8843298163345057,0.8874560375146542,0.8886283704572099,0.8901914810472841,0.8929269245799141,0.8964439234075811,0.8987885892926925,0.8995701445877295,0.9015240328253225,0.9038686987104336,0.905431809300508,0.9073856975381008,0.9085580304806564,0.9093395857756936,0.910902696365768,0.9120750293083236,0.9148104728409536,0.9175459163735834,0.9187182493161392,0.9191090269636576,0.920672137553732,0.9218444704962876,0.9226260257913248
cell_dino_avgpool,A549,median,0,mad_robustize,none,moa,0.162565325114884,0.2467532467532467,77,1847,0.0910216718266253,0.1034055727554179,0.118266253869969,0.1281733746130031,0.1380804953560371,0.1473684210526315,0.1622291021671826,0.1708978328173374,0.1801857585139319,0.1869969040247678,0.1944272445820433,0.2006191950464396,0.2105263157894736,0.2167182662538699,0.2272445820433436,0.2346749226006192,0.2408668730650154,0.2476780185758514,0.2575851393188854,0.2619195046439628,0.2662538699690402,0.2743034055727554,0.2804953560371517,0.2854489164086687,0.2928792569659442,0.296594427244582,0.3009287925696594,0.3052631578947368,0.3083591331269349,0.3139318885448916,0.3188854489164087,0.3207430340557275,0.323219814241486,0.3287925696594427,0.3331269349845201,0.3380804953560371,0.3430340557275542,0.3442724458204334,0.3473684210526316,0.3510835913312694,0.3517027863777089,0.3554179566563467,0.3628482972136223,0.36656346749226,0.3702786377708978,0.3721362229102167,0.3770897832817337,0.3801857585139319,0.3826625386996904,0.3851393188854489
cell_dino_avgpool,A549,median,0,standardize,PCA,replicate,0.3233677445804289,0.5761589403973509,302,2559,0.4431418522860492,0.486127393513091,0.5123094958968347,0.52989449003517,0.5455255959359124,0.5568581477139508,0.5666275889019148,0.5791324736225087,0.5846033606877686,0.5912465806955842,0.5990621336459554,0.6060961313012896,0.6135209066041423,0.6193825713169206,0.6260257913247362,0.6311059007424775,0.6373583431027745,0.6424384525205158,0.6463462289957015,0.6510355607659242,0.6541617819460727,0.6580695584212582,0.6639312231340367,0.6682297772567409,0.6725283313794451,0.6756545525595936,0.6772176631496678,0.6819069949198906,0.684251660805002,0.6869871043376319,0.6893317702227433,0.6920672137553732,0.6955842125830403,0.6979288784681517,0.7018366549433372,0.7041813208284486,0.7080890973036342,0.7108245408362641,0.7135599843688941,0.7155138726064869,0.7186400937866354,0.7205939820242282,0.722547870261821,0.7245017584994138,0.7264556467370067,0.7272372020320438,0.7303634232121923,0.731535756154748,0.7342711996873779,0.7354435326299336
cell_dino_avgpool,A549,median,0,standardize,PCA,moa,0.1537811182560187,0.1818181818181818,77,1847,0.1065015479876161,0.1213622291021671,0.1337461300309597,0.1467492260061919,0.1554179566563467,0.1671826625386996,0.1752321981424148,0.1820433436532507,0.1888544891640866,0.1975232198142414,0.204953560371517,0.2173374613003096,0.2235294117647059,0.2328173374613003,0.2390092879256966,0.2427244582043343,0.2507739938080495,0.2544891640866873,0.2563467492260062,0.2631578947368421,0.2674922600619195,0.269969040247678,0.2736842105263158,0.2786377708978328,0.2842105263157894,0.2879256965944272,0.2934984520123839,0.2972136222910216,0.3015479876160991,0.3052631578947368,0.3095975232198142,0.3126934984520124,0.3170278637770898,0.3226006191950464,0.3263157894736842,0.3306501547987616,0.3356037151702786,0.3424148606811145,0.3486068111455108,0.3529411764705882,0.3541795665634675,0.3560371517027864,0.3634674922600619,0.3653250773993808,0.3678018575851393,0.3715170278637771,0.3739938080495356,0.3789473684210526,0.3808049535603715,0.3839009287925696
cell_dino_avgpool,A549,median,0,standardize,PCAcor,replicate,0.3253315501469513,0.5695364238410596,302,2559,0.4486127393513091,0.4900351699882767,0.5166080500195389,0.5377100429855413,0.5509964830011723,0.5631105900742478,0.5732708089097304,0.5830402500976944,0.5904650254005471,0.5978898007033998,0.6049237983587339,0.6139116842516608,0.620945681906995,0.6268073466197733,0.6346228995701446,0.6381398983978116,0.6451738960531458,0.64947245017585,0.6537710042985542,0.6584603360687769,0.6611957796014069,0.6647127784290738,0.6670574443141852,0.6686205549042594,0.6721375537319265,0.6756545525595936,0.6787807737397421,0.6826885502149277,0.6862055490425948,0.6901133255177804,0.6936303243454475,0.6959749902305589,0.6991012114107074,0.7014458772958186,0.7045720984759671,0.7057444314185228,0.7088706525986713,0.7104337631887456,0.712778429073857,0.7147323173114498,0.7166862055490426,0.7186400937866354,0.7217663149667839,0.7237202032043767,0.7268464243845252,0.7291910902696366,0.7299726455646737,0.7311449785072294,0.7327080890973037,0.7338804220398594
cell_dino_avgpool,A549,median,0,standardize,PCAcor,moa,0.1546202420839369,0.1688311688311688,77,1847,0.1065015479876161,0.1176470588235294,0.1356037151702786,0.1492260061919504,0.1578947368421052,0.1721362229102167,0.1808049535603715,0.1888544891640866,0.1969040247678018,0.2018575851393189,0.2086687306501548,0.2154798761609907,0.2260061919504644,0.2309597523219814,0.2352941176470588,0.2408668730650154,0.2445820433436532,0.2532507739938081,0.2594427244582043,0.2637770897832817,0.2662538699690402,0.2712074303405573,0.2755417956656347,0.2804953560371517,0.2842105263157894,0.2910216718266253,0.2941176470588235,0.296594427244582,0.3003095975232198,0.3040247678018576,0.3071207430340557,0.313312693498452,0.3176470588235294,0.3244582043343653,0.3281733746130031,0.330030959752322,0.3325077399380804,0.3386996904024767,0.3424148606811145,0.3486068111455108,0.3541795665634675,0.3554179566563467,0.3572755417956656,0.3591331269349845,0.3634674922600619,0.3684210526315789,0.3696594427244582,0.3758513931888544,0.3808049535603715,0.3857585139318885
cell_dino_avgpool,A549,median,0,standardize,ZCA,replicate,0.3233677445804289,0.5761589403973509,302,2559,0.4431418522860492,0.486127393513091,0.5123094958968347,0.52989449003517,0.5455255959359124,0.5568581477139508,0.5666275889019148,0.5791324736225087,0.5846033606877686,0.5912465806955842,0.5990621336459554,0.6060961313012896,0.6135209066041423,0.6193825713169206,0.6260257913247362,0.6311059007424775,0.6373583431027745,0.6424384525205158,0.6463462289957015,0.6510355607659242,0.6541617819460727,0.6580695584212582,0.6639312231340367,0.6682297772567409,0.6725283313794451,0.6756545525595936,0.6772176631496678,0.6819069949198906,0.684251660805002,0.6869871043376319,0.6893317702227433,0.6920672137553732,0.6955842125830403,0.6979288784681517,0.7018366549433372,0.7041813208284486,0.7080890973036342,0.7108245408362641,0.7135599843688941,0.7155138726064869,0.7186400937866354,0.7205939820242282,0.722547870261821,0.7245017584994138,0.7264556467370067,0.7272372020320438,0.7303634232121923,0.731535756154748,0.7342711996873779,0.7354435326299336
cell_dino_avgpool,A549,median,0,standardize,ZCA,moa,0.1537811182560187,0.1818181818181818,77,1847,0.1065015479876161,0.1213622291021671,0.1337461300309597,0.1467492260061919,0.1554179566563467,0.1671826625386996,0.1752321981424148,0.1820433436532507,0.1888544891640866,0.1975232198142414,0.204953560371517,0.2173374613003096,0.2235294117647059,0.2328173374613003,0.2390092879256966,0.2427244582043343,0.2507739938080495,0.2544891640866873,0.2563467492260062,0.2631578947368421,0.2674922600619195,0.269969040247678,0.2736842105263158,0.2786377708978328,0.2842105263157894,0.2879256965944272,0.2934984520123839,0.2972136222910216,0.3015479876160991,0.3052631578947368,0.3095975232198142,0.3126934984520124,0.3170278637770898,0.3226006191950464,0.3263157894736842,0.3306501547987616,0.3356037151702786,0.3424148606811145,0.3486068111455108,0.3529411764705882,0.3541795665634675,0.3560371517027864,0.3634674922600619,0.3653250773993808,0.3678018575851393,0.3715170278637771,0.3739938080495356,0.3789473684210526,0.3808049535603715,0.3839009287925696
cell_dino_avgpool,A549,median,0,standardize,ZCAcor,replicate,0.3253315501469513,0.5695364238410596,302,2559,0.4486127393513091,0.4900351699882767,0.5166080500195389,0.5377100429855413,0.5509964830011723,0.5631105900742478,0.5732708089097304,0.5830402500976944,0.5904650254005471,0.5978898007033998,0.6049237983587339,0.6139116842516608,0.620945681906995,0.6268073466197733,0.6346228995701446,0.6381398983978116,0.6451738960531458,0.64947245017585,0.6537710042985542,0.6584603360687769,0.6611957796014069,0.6647127784290738,0.6670574443141852,0.6686205549042594,0.6721375537319265,0.6756545525595936,0.6787807737397421,0.6826885502149277,0.6862055490425948,0.6901133255177804,0.6936303243454475,0.6959749902305589,0.6991012114107074,0.7014458772958186,0.7045720984759671,0.7057444314185228,0.7088706525986713,0.7104337631887456,0.712778429073857,0.7147323173114498,0.7166862055490426,0.7186400937866354,0.7217663149667839,0.7237202032043767,0.7268464243845252,0.7291910902696366,0.7299726455646737,0.7311449785072294,0.7327080890973037,0.7338804220398594
cell_dino_avgpool,A549,median,0,standardize,ZCAcor,moa,0.1546202420839369,0.1688311688311688,77,1847,0.1065015479876161,0.1176470588235294,0.1356037151702786,0.1492260061919504,0.1578947368421052,0.1721362229102167,0.1808049535603715,0.1888544891640866,0.1969040247678018,0.2018575851393189,0.2086687306501548,0.2154798761609907,0.2260061919504644,0.2309597523219814,0.2352941176470588,0.2408668730650154,0.2445820433436532,0.2532507739938081,0.2594427244582043,0.2637770897832817,0.2662538699690402,0.2712074303405573,0.2755417956656347,0.2804953560371517,0.2842105263157894,0.2910216718266253,0.2941176470588235,0.296594427244582,0.3003095975232198,0.3040247678018576,0.3071207430340557,0.313312693498452,0.3176470588235294,0.3244582043343653,0.3281733746130031,0.330030959752322,0.3325077399380804,0.3386996904024767,0.3424148606811145,0.3486068111455108,0.3541795665634675,0.3554179566563467,0.3572755417956656,0.3591331269349845,0.3634674922600619,0.3684210526315789,0.3696594427244582,0.3758513931888544,0.3808049535603715,0.3857585139318885
cell_dino_avgpool,A549,median,0,standardize,none,replicate,0.4376791291104304,0.9735099337748344,302,2559,0.5439624853458382,0.6127393513091052,0.6568972254787027,0.6858147713950762,0.7092614302461899,0.7319265338022665,0.7483391949980461,0.7631887456037515,0.779601406799531,0.788589292692458,0.8026572880031262,0.8089097303634232,0.8167252833137945,0.8257131692067213,0.8370457209847597,0.8444704962876124,0.8487690504103166,0.8534583821805393,0.8565846033606878,0.8601016021883549,0.8632278233685033,0.8667448221961703,0.8698710433763188,0.874169597499023,0.8776865963266901,0.8812035951543572,0.8839390386869871,0.8866744822196171,0.8890191481047284,0.8921453692848769,0.8937084798749512,0.895662368112544,0.8976162563501368,0.9003516998827668,0.9042594763579525,0.9066041422430636,0.9097303634232122,0.9101211410707308,0.9120750293083236,0.9132473622508792,0.915201250488472,0.9171551387260648,0.9175459163735834,0.9198905822586948,0.920672137553732,0.9226260257913248,0.9237983587338804,0.9237983587338804,0.9273153575615476,0.9280969128565846
cell_dino_avgpool,A549,median,0,standardize,none,moa,0.1646541562278986,0.2077922077922078,77,1847,0.0835913312693498,0.1003095975232198,0.1102167182662538,0.1207430340557275,0.1362229102167182,0.1455108359133126,0.1517027863777089,0.1609907120743034,0.1746130030959752,0.1814241486068111,0.1913312693498452,0.1975232198142414,0.2061919504643962,0.2167182662538699,0.2260061919504644,0.2321981424148606,0.2427244582043343,0.2520123839009288,0.2631578947368421,0.2718266253869969,0.2773993808049536,0.2835913312693498,0.2904024767801857,0.2928792569659442,0.296594427244582,0.3021671826625387,0.3065015479876161,0.3114551083591331,0.3170278637770898,0.3219814241486068,0.3269349845201238,0.3325077399380804,0.3356037151702786,0.3393188854489164,0.3436532507739938,0.3467492260061919,0.3510835913312694,0.356656346749226,0.3597523219814241,0.3647058823529411,0.3671826625386997,0.3721362229102167,0.3770897832817337,0.3808049535603715,0.38328173374613,0.3863777089783282,0.3894736842105263,0.3913312693498452,0.3956656346749226,0.3969040247678018
cell_dino_avgpool,A549,median,1,PCA,mad_robustize,replicate,0.406478565916823,0.8013245033112583,302,2559,0.5033216100039077,0.5545134818288394,0.5826494724501758,0.6107854630715123,0.6314966783899961,0.6455646737006643,0.6580695584212582,0.6670574443141852,0.6768268855021493,0.6830793278624463,0.6885502149277062,0.696756545525596,0.7045720984759671,0.710042985541227,0.7166862055490426,0.7221570926143025,0.7256740914419695,0.7327080890973037,0.7370066432200079,0.7424775302852676,0.7467760844079718,0.7506838608831575,0.7542008597108245,0.7581086361860102,0.7604533020711215,0.7655334114888629,0.7710042985541227,0.7753028526768269,0.779601406799531,0.7838999609222352,0.7874169597499023,0.7913247362250879,0.7944509574052364,0.7975771785853849,0.8007033997655334,0.8057835091832747,0.807346619773349,0.8124267291910903,0.8159437280187574,0.819851504493943,0.8218053927315357,0.8237592809691285,0.8261039468542399,0.8288393903868698,0.8315748339194998,0.8335287221570926,0.835873388042204,0.8370457209847597,0.8386088315748339,0.8417350527549824
cell_dino_avgpool,A549,median,1,PCA,mad_robustize,moa,0.1730931050719814,0.2467532467532467,77,1847,0.1126934984520123,0.1281733746130031,0.1393188854489164,0.1554179566563467,0.1684210526315789,0.1839009287925696,0.1975232198142414,0.2074303405572755,0.2173374613003096,0.2247678018575851,0.231578947368421,0.2427244582043343,0.2495356037151702,0.2569659442724458,0.2631578947368421,0.2705882352941176,0.2773993808049536,0.2873065015479876,0.291640866873065,0.2972136222910216,0.3003095975232198,0.3095975232198142,0.3114551083591331,0.3139318885448916,0.3195046439628483,0.3226006191950464,0.3287925696594427,0.3343653250773993,0.3380804953560371,0.3461300309597523,0.3504643962848297,0.3535603715170278,0.3541795665634675,0.3591331269349845,0.3653250773993808,0.3671826625386997,0.3715170278637771,0.3764705882352941,0.3789473684210526,0.3808049535603715,0.3851393188854489,0.3900928792569659,0.3944272445820433,0.3962848297213622,0.3987616099071207,0.4043343653250774,0.4074303405572755,0.409907120743034,0.4136222910216718,0.41671826625387
cell_dino_avgpool,A549,median,1,PCA,standardize,replicate,0.4282332820232134,0.9370860927152318,302,2559,0.5338022665103556,0.5795232512700274,0.6127393513091052,0.6322782336850332,0.6525986713559985,0.6678389996092223,0.6854239937475577,0.6963657678780774,0.7080890973036342,0.7194216490816725,0.7272372020320438,0.7366158655724893,0.7436498632278233,0.7506838608831575,0.7584994138335287,0.7651426338413443,0.7721766314966784,0.7756936303243455,0.782336850332161,0.7846815162172723,0.7878077373974208,0.7944509574052364,0.7995310668229777,0.8030480656506448,0.8061742868307933,0.8093005080109418,0.8143806174286831,0.8175068386088316,0.8218053927315357,0.8257131692067213,0.8284486127393513,0.8311840562719812,0.8347010550996483,0.839390386869871,0.8436889409925752,0.8464243845252052,0.8518952715904651,0.8534583821805393,0.854630715123095,0.8561938257131692,0.8589292692457992,0.8612739351309106,0.8640093786635404,0.8686987104337632,0.8710433763188745,0.8737788198515045,0.8761234857366159,0.8765142633841344,0.8792497069167644,0.88042203985932
cell_dino_avgpool,A549,median,1,PCA,standardize,moa,0.1791528634383828,0.2987012987012987,77,1847,0.1034055727554179,0.1244582043343653,0.1393188854489164,0.1529411764705882,0.1659442724458204,0.1839009287925696,0.1907120743034055,0.1993808049535603,0.2105263157894736,0.2222910216718266,0.2303405572755417,0.2408668730650154,0.2495356037151702,0.2606811145510836,0.2662538699690402,0.2743034055727554,0.279876160990712,0.286687306501548,0.2928792569659442,0.2978328173374613,0.3065015479876161,0.3114551083591331,0.3188854489164087,0.3238390092879257,0.3337461300309597,0.3411764705882353,0.3467492260061919,0.3529411764705882,0.3591331269349845,0.3659442724458204,0.3708978328173374,0.3764705882352941,0.3826625386996904,0.3851393188854489,0.3894736842105263,0.3938080495356037,0.3981424148606811,0.4024767801857585,0.4080495356037151,0.4123839009287925,0.4185758513931888,0.4210526315789473,0.4241486068111455,0.4284829721362229,0.4309597523219814,0.4359133126934985,0.4421052631578947,0.4464396284829721,0.4489164086687306,0.4520123839009288
cell_dino_avgpool,A549,median,1,PCAcor,mad_robustize,replicate,0.4146233521464342,0.8245033112582781,302,2559,0.5279406017975772,0.5763970300898789,0.6064869089488081,0.6318874560375146,0.6553341148886284,0.6705744431418523,0.6834701055099648,0.6924579914028918,0.7030089878858929,0.712778429073857,0.722547870261821,0.7276279796795623,0.7319265338022665,0.7373974208675264,0.7420867526377491,0.7463853067604533,0.7514654161781946,0.7557639703008988,0.7608440797186401,0.7643610785463072,0.769831965611567,0.7741305197342712,0.7772567409144197,0.779601406799531,0.7831184056271981,0.7854630715123095,0.7889800703399765,0.7913247362250879,0.7952325127002735,0.7979679562329035,0.8026572880031262,0.8050019538882376,0.8089097303634232,0.8120359515435717,0.8159437280187574,0.8178976162563502,0.82063305978898,0.8225869480265728,0.8245408362641657,0.8292301680343884,0.8304025009769441,0.8343102774521297,0.8370457209847597,0.8397811645173896,0.8436889409925752,0.8472059398202423,0.8495506057053537,0.8511137162954279,0.8526768268855022,0.8554122704181321
cell_dino_avgpool,A549,median,1,PCAcor,mad_robustize,moa,0.1739924399422854,0.2467532467532467,77,1847,0.1170278637770897,0.1417956656346749,0.1529411764705882,0.1671826625386996,0.1820433436532507,0.1962848297213622,0.209907120743034,0.2173374613003096,0.2253869969040247,0.2334365325077399,0.2427244582043343,0.2495356037151702,0.2588235294117647,0.2625386996904025,0.2712074303405573,0.2755417956656347,0.2823529411764706,0.286687306501548,0.2910216718266253,0.296594427244582,0.3009287925696594,0.3089783281733746,0.3145510835913312,0.3207430340557275,0.3238390092879257,0.3263157894736842,0.330030959752322,0.3362229102167182,0.3430340557275542,0.3448916408668731,0.3498452012383901,0.356656346749226,0.361609907120743,0.3659442724458204,0.3696594427244582,0.3696594427244582,0.3739938080495356,0.3770897832817337,0.3801857585139319,0.3845201238390093,0.3876160990712074,0.3907120743034056,0.3931888544891641,0.3975232198142415,0.4012383900928792,0.404953560371517,0.4086687306501548,0.4130030959752322,0.4142414860681114,0.41671826625387
cell_dino_avgpool,A549,median,1,PCAcor,standardize,replicate,0.4291393823608833,0.9503311258278144,302,2559,0.5455255959359124,0.5955451348182884,0.6256350136772176,0.6502540054708871,0.6674482219617038,0.6850332161000391,0.6975381008206331,0.7057444314185228,0.716295427901524,0.7248925361469324,0.735052754982415,0.7428683079327862,0.7499023055881203,0.7534193044157874,0.7624071903087143,0.7682688550214928,0.7749120750293084,0.7815552950371238,0.7870261821023837,0.792106291520125,0.7979679562329035,0.8030480656506448,0.8077373974208675,0.8143806174286831,0.8178976162563502,0.8214146150840171,0.8237592809691285,0.8292301680343884,0.8319656115670183,0.8354826103946854,0.8397811645173896,0.8425166080500195,0.8448612739351309,0.8452520515826495,0.848378272762798,0.8534583821805393,0.8558030480656507,0.8589292692457992,0.860883157483392,0.8636186010160218,0.8671355998436889,0.8694802657288003,0.8714341539663931,0.8733880422039859,0.8749511527940602,0.8780773739742087,0.8788589292692458,0.8800312622118015,0.8815943728018757,0.8862837045720985
cell_dino_avgpool,A549,median,1,PCAcor,standardize,moa,0.1784851415168067,0.2337662337662337,77,1847,0.1058823529411764,0.1207430340557275,0.1393188854489164,0.1504643962848297,0.1727554179566563,0.1888544891640866,0.1981424148606811,0.2117647058823529,0.2198142414860681,0.2272445820433436,0.2371517027863777,0.2396284829721362,0.2470588235294117,0.2538699690402476,0.2600619195046439,0.2668730650154798,0.2761609907120743,0.2829721362229102,0.2941176470588235,0.3009287925696594,0.3071207430340557,0.3139318885448916,0.3170278637770898,0.3213622291021671,0.330030959752322,0.334984520123839,0.3405572755417956,0.3467492260061919,0.3523219814241486,0.3578947368421052,0.3634674922600619,0.3715170278637771,0.3764705882352941,0.3839009287925696,0.3863777089783282,0.3925696594427245,0.3969040247678018,0.4024767801857585,0.4037151702786378,0.4086687306501548,0.4130030959752322,0.4160990712074303,0.4204334365325077,0.4210526315789473,0.426625386996904,0.4328173374613003,0.4377708978328173,0.4396284829721362,0.4452012383900929,0.4507739938080495
cell_dino_avgpool,A549,median,1,ZCA,mad_robustize,replicate,0.3649074572845461,0.6887417218543046,302,2559,0.4439234075810863,0.4876905041031653,0.5080109417741305,0.5220789370847988,0.5349745994529113,0.5447440406408753,0.5576397030089879,0.5677999218444705,0.5795232512700274,0.5873388042203986,0.5959359124658069,0.6041422430636968,0.6111762407190309,0.6170379054318093,0.6240719030871434,0.6291520125048847,0.6326690113325518,0.6397030089878859,0.6443923407581086,0.6486908948808128,0.652989449003517,0.6561156701836655,0.6600234466588512,0.6647127784290738,0.6678389996092223,0.6701836654943337,0.6764361078546307,0.6819069949198906,0.6862055490425948,0.6908948808128175,0.694021101992966,0.6975381008206331,0.7010550996483002,0.7030089878858929,0.7061352090660414,0.7080890973036342,0.7104337631887456,0.7135599843688941,0.7174677608440797,0.7202032043767097,0.722547870261821,0.7264556467370067,0.728800312622118,0.7319265338022665,0.7354435326299336,0.738569753810082,0.7401328644001564,0.7444314185228605,0.7471668620554904,0.7499023055881203
cell_dino_avgpool,A549,median,1,ZCA,mad_robustize,moa,0.1662548349902803,0.2337662337662337,77,1847,0.1034055727554179,0.1201238390092879,0.1318885448916408,0.144891640866873,0.1560371517027863,0.1678018575851393,0.1764705882352941,0.1869969040247678,0.2037151702786377,0.2142414860681114,0.2191950464396284,0.2272445820433436,0.2352941176470588,0.2421052631578947,0.2458204334365325,0.2495356037151702,0.2551083591331269,0.2606811145510836,0.2662538699690402,0.269969040247678,0.2743034055727554,0.2792569659442724,0.2823529411764706,0.2891640866873065,0.2947368421052631,0.2978328173374613,0.3021671826625387,0.3083591331269349,0.3170278637770898,0.323219814241486,0.3287925696594427,0.3318885448916409,0.334984520123839,0.3393188854489164,0.3424148606811145,0.3473684210526316,0.3510835913312694,0.3535603715170278,0.3578947368421052,0.3634674922600619,0.3678018575851393,0.3702786377708978,0.3739938080495356,0.3795665634674922,0.38328173374613,0.388235294117647,0.3931888544891641,0.3962848297213622,0.4024767801857585,0.4043343653250774
cell_dino_avgpool,A549,median,1,ZCA,standardize,replicate,0.3699614256737947,0.7847682119205298,302,2559,0.4435326299335678,0.4779210629152012,0.5029308323563892,0.5216881594372802,0.5353653771004299,0.5474794841735052,0.5580304806565064,0.5677999218444705,0.5779601406799532,0.5881203595154357,0.5943728018757327,0.6053145760062525,0.6127393513091052,0.6213364595545134,0.6314966783899961,0.6357952325127003,0.6408753419304416,0.6471277842907386,0.6525986713559985,0.6565064478311841,0.6639312231340367,0.6670574443141852,0.671746776084408,0.6740914419695193,0.6768268855021493,0.6830793278624463,0.6873778819851505,0.6908948808128175,0.6951934349355217,0.696756545525596,0.7014458772958186,0.7045720984759671,0.7080890973036342,0.7135599843688941,0.7155138726064869,0.7178585384915983,0.7213755373192653,0.725283313794451,0.7291910902696366,0.7330988667448222,0.7373974208675264,0.7393513091051191,0.741305197342712,0.7432590855803048,0.744822196170379,0.7467760844079718,0.7502930832356389,0.753810082063306,0.7561547479484173,0.7581086361860102
cell_dino_avgpool,A549,median,1,ZCA,standardize,moa,0.1723252116778978,0.2077922077922078,77,1847,0.0922600619195046,0.1052631578947368,0.1244582043343653,0.1405572755417956,0.1492260061919504,0.1603715170278637,0.1721362229102167,0.1808049535603715,0.1919504643962848,0.2037151702786377,0.2117647058823529,0.2198142414860681,0.2284829721362229,0.2371517027863777,0.2439628482972136,0.2526315789473684,0.265015479876161,0.2730650154798761,0.2786377708978328,0.2842105263157894,0.2879256965944272,0.2959752321981424,0.3003095975232198,0.3046439628482972,0.3114551083591331,0.318266253869969,0.3226006191950464,0.3281733746130031,0.3331269349845201,0.3386996904024767,0.3424148606811145,0.3498452012383901,0.3554179566563467,0.3603715170278638,0.3678018575851393,0.3758513931888544,0.3814241486068111,0.3863777089783282,0.3888544891640867,0.3919504643962848,0.3962848297213622,0.4030959752321981,0.4080495356037151,0.4105263157894737,0.4148606811145511,0.4229102167182662,0.4247678018575851,0.4291021671826625,0.4297213622291022,0.4352941176470588
cell_dino_avgpool,A549,median,1,ZCAcor,mad_robustize,replicate,0.3748596169767177,0.7218543046357616,302,2559,0.4572098475967174,0.4966783899960922,0.5169988276670574,0.5377100429855413,0.5588120359515436,0.5728800312622118,0.5889019148104728,0.6006252442360297,0.608440797186401,0.6143024618991794,0.6236811254396248,0.6346228995701446,0.6428292301680344,0.64947245017585,0.6541617819460727,0.6596326690113326,0.6658851113716295,0.6705744431418523,0.6756545525595936,0.6811254396248535,0.6865963266901133,0.6928487690504103,0.6971473231731145,0.7030089878858929,0.7045720984759671,0.7104337631887456,0.7139507620164126,0.7170769831965611,0.7209847596717468,0.7256740914419695,0.7268464243845252,0.7303634232121923,0.7354435326299336,0.7397420867526378,0.7420867526377491,0.744822196170379,0.7487299726455646,0.7518561938257131,0.7545916373583431,0.7577178585384916,0.7612348573661587,0.7643610785463072,0.7655334114888629,0.7674872997264557,0.7694411879640485,0.7710042985541227,0.7741305197342712,0.7780382962094569,0.7807737397420867,0.782336850332161
cell_dino_avgpool,A549,median,1,ZCAcor,mad_robustize,moa,0.1673141284937646,0.2467532467532467,77,1847,0.1040247678018575,0.1250773993808049,0.1380804953560371,0.1517027863777089,0.1640866873065015,0.1702786377708978,0.178328173374613,0.1888544891640866,0.1962848297213622,0.2074303405572755,0.2130030959752322,0.2191950464396284,0.226625386996904,0.2346749226006192,0.2414860681114551,0.2489164086687306,0.2557275541795665,0.2600619195046439,0.2674922600619195,0.2730650154798761,0.2817337461300309,0.2860681114551083,0.2941176470588235,0.2984520123839009,0.3003095975232198,0.3058823529411765,0.3083591331269349,0.3114551083591331,0.3157894736842105,0.3213622291021671,0.3281733746130031,0.3318885448916409,0.3368421052631579,0.3417956656346749,0.3455108359133127,0.3492260061919505,0.3504643962848297,0.3560371517027864,0.361609907120743,0.3678018575851393,0.3721362229102167,0.3770897832817337,0.3814241486068111,0.3857585139318885,0.3907120743034056,0.3944272445820433,0.3962848297213622,0.4024767801857585,0.4061919504643962,0.4086687306501548
cell_dino_avgpool,A549,median,1,ZCAcor,standardize,replicate,0.3754124608161117,0.804635761589404,302,2559,0.463853067604533,0.4978507229386479,0.5216881594372802,0.539663931223134,0.5541227041813208,0.5677999218444705,0.5830402500976944,0.5928096912856584,0.6033606877686596,0.6115670183665495,0.6193825713169206,0.6275889019148104,0.634232121922626,0.6412661195779601,0.6479093395857757,0.6541617819460727,0.6639312231340367,0.6701836654943337,0.6756545525595936,0.6807346619773349,0.684251660805002,0.6885502149277062,0.6916764361078547,0.6955842125830403,0.6979288784681517,0.6998827667057445,0.7053536537710043,0.7104337631887456,0.7139507620164126,0.7170769831965611,0.7186400937866354,0.7233294255568582,0.7264556467370067,0.7291910902696366,0.7330988667448222,0.7358343102774522,0.741305197342712,0.7440406408753419,0.7467760844079718,0.7502930832356389,0.7534193044157874,0.7553731926533802,0.7581086361860102,0.7616256350136772,0.7639703008987886,0.7667057444314185,0.769831965611567,0.7737397420867527,0.7753028526768269,0.7784290738569754
cell_dino_avgpool,A549,median,1,ZCAcor,standardize,moa,0.1711698402307927,0.1948051948051948,77,1847,0.096594427244582,0.1095975232198142,0.1201238390092879,0.139938080495356,0.1529411764705882,0.1585139318885449,0.1702786377708978,0.1814241486068111,0.1931888544891641,0.2061919504643962,0.2117647058823529,0.2173374613003096,0.2272445820433436,0.2377708978328173,0.2445820433436532,0.2563467492260062,0.265015479876161,0.2718266253869969,0.2792569659442724,0.2848297213622291,0.2891640866873065,0.2953560371517028,0.3003095975232198,0.3071207430340557,0.3170278637770898,0.3244582043343653,0.3287925696594427,0.3318885448916409,0.3380804953560371,0.3405572755417956,0.3473684210526316,0.3523219814241486,0.3572755417956656,0.3591331269349845,0.3684210526315789,0.3721362229102167,0.3795665634674922,0.3857585139318885,0.3913312693498452,0.3969040247678018,0.4061919504643962,0.4123839009287925,0.4160990712074303,0.4210526315789473,0.4247678018575851,0.426625386996904,0.4278637770897833,0.4334365325077399,0.4371517027863777,0.4421052631578947
cell_dino_avgpool,A549,median,1,mad_robustize,PCA,replicate,0.2535658578813086,0.4735099337748344,302,2559,0.4329816334505666,0.4693239546697929,0.4962876123485736,0.5130910511918718,0.5279406017975772,0.5427901524032825,0.5552950371238765,0.5662368112543963,0.5756154747948418,0.5818679171551387,0.5896834701055099,0.5974990230558812,0.6045330207112153,0.6127393513091052,0.618210238374365,0.6236811254396248,0.6275889019148104,0.6303243454474404,0.634232121922626,0.6385306760453302,0.6424384525205158,0.6486908948808128,0.6525986713559985,0.6561156701836655,0.6596326690113326,0.6658851113716295,0.6678389996092223,0.6725283313794451,0.6756545525595936,0.6787807737397421,0.6819069949198906,0.6869871043376319,0.6893317702227433,0.6901133255177804,0.6920672137553732,0.6955842125830403,0.6987104337631888,0.6991012114107074,0.7014458772958186,0.70379054318093,0.7069167643610785,0.7080890973036342,0.7131692067213755,0.7147323173114498,0.7159046502540055,0.7174677608440797,0.7182493161391168,0.7205939820242282,0.7248925361469324,0.7256740914419695
cell_dino_avgpool,A549,median,1,mad_robustize,PCA,moa,0.1304164120595144,0.1688311688311688,77,1847,0.1052631578947368,0.1263157894736842,0.1424148606811145,0.1510835913312693,0.1628482972136223,0.1733746130030959,0.1820433436532507,0.188235294117647,0.1962848297213622,0.2018575851393189,0.2123839009287925,0.2210526315789473,0.2272445820433436,0.2334365325077399,0.2390092879256966,0.2458204334365325,0.2513931888544892,0.2557275541795665,0.2643962848297214,0.2693498452012384,0.2743034055727554,0.2767801857585139,0.2817337461300309,0.2860681114551083,0.2897832817337461,0.2947368421052631,0.2972136222910216,0.3015479876160991,0.3077399380804954,0.3102167182662538,0.3157894736842105,0.3213622291021671,0.323219814241486,0.3250773993808049,0.3250773993808049,0.3294117647058823,0.3343653250773993,0.3386996904024767,0.3424148606811145,0.3486068111455108,0.3541795665634675,0.3560371517027864,0.3591331269349845,0.3647058823529411,0.3684210526315789,0.3721362229102167,0.3758513931888544,0.3789473684210526,0.3814241486068111,0.3863777089783282
cell_dino_avgpool,A549,median,1,mad_robustize,PCAcor,replicate,0.253348057931279,0.4867549668874172,302,2559,0.4333724110980851,0.4704962876123486,0.4962876123485736,0.5138726064869089,0.5302852676826886,0.545916373583431,0.5556858147713951,0.564673700664322,0.5724892536146933,0.5775693630324346,0.5842125830402501,0.5924189136381399,0.6014067995310668,0.6072684642438453,0.6115670183665495,0.6193825713169206,0.6236811254396248,0.6295427901524033,0.634232121922626,0.636967565455256,0.640484564282923,0.6455646737006643,0.6490816725283314,0.652989449003517,0.6565064478311841,0.6596326690113326,0.6631496678389996,0.6658851113716295,0.6709652207893708,0.6737006643220008,0.6760453302071121,0.6795623290347792,0.6811254396248535,0.6826885502149277,0.6862055490425948,0.6908948808128175,0.6924579914028918,0.6951934349355217,0.6971473231731145,0.6991012114107074,0.7010550996483002,0.7033997655334114,0.7057444314185228,0.7084798749511528,0.7096522078937085,0.7116060961313013,0.7135599843688941,0.7178585384915983,0.719030871434154,0.7213755373192653
cell_dino_avgpool,A549,median,1,mad_robustize,PCAcor,moa,0.1302699447616785,0.1688311688311688,77,1847,0.1040247678018575,0.1195046439628483,0.1386996904024768,0.1479876160990712,0.156656346749226,0.1702786377708978,0.1789473684210526,0.1900928792569659,0.1981424148606811,0.2055727554179566,0.2148606811145511,0.2229102167182662,0.2297213622291021,0.2359133126934984,0.2414860681114551,0.2495356037151702,0.2569659442724458,0.2600619195046439,0.2674922600619195,0.2730650154798761,0.2761609907120743,0.2773993808049536,0.2835913312693498,0.2885448916408669,0.2928792569659442,0.2959752321981424,0.2972136222910216,0.3034055727554179,0.3065015479876161,0.3102167182662538,0.3139318885448916,0.3207430340557275,0.3226006191950464,0.3281733746130031,0.3337461300309597,0.334984520123839,0.3386996904024767,0.3417956656346749,0.3467492260061919,0.3504643962848297,0.3554179566563467,0.3591331269349845,0.3640866873065015,0.3640866873065015,0.3702786377708978,0.3752321981424149,0.3801857585139319,0.38328173374613,0.3876160990712074,0.3919504643962848
cell_dino_avgpool,A549,median,1,mad_robustize,ZCA,replicate,0.2535658578813086,0.4735099337748344,302,2559,0.4329816334505666,0.4693239546697929,0.4962876123485736,0.5130910511918718,0.5279406017975772,0.5427901524032825,0.5552950371238765,0.5662368112543963,0.5756154747948418,0.5818679171551387,0.5896834701055099,0.5974990230558812,0.6045330207112153,0.6127393513091052,0.618210238374365,0.6236811254396248,0.6275889019148104,0.6303243454474404,0.634232121922626,0.6385306760453302,0.6424384525205158,0.6486908948808128,0.6525986713559985,0.6561156701836655,0.6596326690113326,0.6658851113716295,0.6678389996092223,0.6725283313794451,0.6756545525595936,0.6787807737397421,0.6819069949198906,0.6869871043376319,0.6893317702227433,0.6901133255177804,0.6920672137553732,0.6955842125830403,0.6987104337631888,0.6991012114107074,0.7014458772958186,0.70379054318093,0.7069167643610785,0.7080890973036342,0.7131692067213755,0.7147323173114498,0.7159046502540055,0.7174677608440797,0.7182493161391168,0.7205939820242282,0.7248925361469324,0.7256740914419695
cell_dino_avgpool,A549,median,1,mad_robustize,ZCA,moa,0.1304164120595144,0.1688311688311688,77,1847,0.1052631578947368,0.1263157894736842,0.1424148606811145,0.1510835913312693,0.1628482972136223,0.1733746130030959,0.1820433436532507,0.188235294117647,0.1962848297213622,0.2018575851393189,0.2123839009287925,0.2210526315789473,0.2272445820433436,0.2334365325077399,0.2390092879256966,0.2458204334365325,0.2513931888544892,0.2557275541795665,0.2643962848297214,0.2693498452012384,0.2743034055727554,0.2767801857585139,0.2817337461300309,0.2860681114551083,0.2897832817337461,0.2947368421052631,0.2972136222910216,0.3015479876160991,0.3077399380804954,0.3102167182662538,0.3157894736842105,0.3213622291021671,0.323219814241486,0.3250773993808049,0.3250773993808049,0.3294117647058823,0.3343653250773993,0.3386996904024767,0.3424148606811145,0.3486068111455108,0.3541795665634675,0.3560371517027864,0.3591331269349845,0.3647058823529411,0.3684210526315789,0.3721362229102167,0.3758513931888544,0.3789473684210526,0.3814241486068111,0.3863777089783282
cell_dino_avgpool,A549,median,1,mad_robustize,ZCAcor,replicate,0.253348057931279,0.4867549668874172,302,2559,0.4333724110980851,0.4704962876123486,0.4962876123485736,0.5138726064869089,0.5302852676826886,0.545916373583431,0.5556858147713951,0.564673700664322,0.5724892536146933,0.5775693630324346,0.5842125830402501,0.5924189136381399,0.6014067995310668,0.6072684642438453,0.6115670183665495,0.6193825713169206,0.6236811254396248,0.6295427901524033,0.634232121922626,0.636967565455256,0.640484564282923,0.6455646737006643,0.6490816725283314,0.652989449003517,0.6565064478311841,0.6596326690113326,0.6631496678389996,0.6658851113716295,0.6709652207893708,0.6737006643220008,0.6760453302071121,0.6795623290347792,0.6811254396248535,0.6826885502149277,0.6862055490425948,0.6908948808128175,0.6924579914028918,0.6951934349355217,0.6971473231731145,0.6991012114107074,0.7010550996483002,0.7033997655334114,0.7057444314185228,0.7084798749511528,0.7096522078937085,0.7116060961313013,0.7135599843688941,0.7178585384915983,0.719030871434154,0.7213755373192653
cell_dino_avgpool,A549,median,1,mad_robustize,ZCAcor,moa,0.1302699447616785,0.1688311688311688,77,1847,0.1040247678018575,0.1195046439628483,0.1386996904024768,0.1479876160990712,0.156656346749226,0.1702786377708978,0.1789473684210526,0.1900928792569659,0.1981424148606811,0.2055727554179566,0.2148606811145511,0.2229102167182662,0.2297213622291021,0.2359133126934984,0.2414860681114551,0.2495356037151702,0.2569659442724458,0.2600619195046439,0.2674922600619195,0.2730650154798761,0.2761609907120743,0.2773993808049536,0.2835913312693498,0.2885448916408669,0.2928792569659442,0.2959752321981424,0.2972136222910216,0.3034055727554179,0.3065015479876161,0.3102167182662538,0.3139318885448916,0.3207430340557275,0.3226006191950464,0.3281733746130031,0.3337461300309597,0.334984520123839,0.3386996904024767,0.3417956656346749,0.3467492260061919,0.3504643962848297,0.3554179566563467,0.3591331269349845,0.3640866873065015,0.3640866873065015,0.3702786377708978,0.3752321981424149,0.3801857585139319,0.38328173374613,0.3876160990712074,0.3919504643962848
cell_dino_avgpool,A549,median,1,mad_robustize,none,replicate,0.4430751059210858,0.9801324503311258,302,2559,0.552168815943728,0.6131301289566237,0.655724892536147,0.690504103165299,0.7159046502540055,0.7334896443923408,0.7491207502930832,0.7616256350136772,0.7745212973817898,0.785853849159828,0.7975771785853849,0.807346619773349,0.8120359515435717,0.8210238374364986,0.8284486127393513,0.8339194998046112,0.8397811645173896,0.8448612739351309,0.8499413833528722,0.8554122704181321,0.8593200468933178,0.8647909339585775,0.8675263774912075,0.8714341539663931,0.8733880422039859,0.8761234857366159,0.8823759280969129,0.8858929269245799,0.8890191481047284,0.8909730363423212,0.8937084798749512,0.8952715904650254,0.8968347010550997,0.8983978116451738,0.9003516998827668,0.9007424775302852,0.902696365767878,0.9062133645955452,0.9077764751856194,0.9093395857756936,0.9105119187182492,0.911684251660805,0.9132473622508792,0.9148104728409536,0.9159828057835092,0.9167643610785464,0.9171551387260648,0.9191090269636576,0.920672137553732,0.9230168034388432
cell_dino_avgpool,A549,median,1,mad_robustize,none,moa,0.1631298373471697,0.2207792207792207,77,1847,0.0904024767801857,0.1040247678018575,0.1170278637770897,0.1281733746130031,0.1380804953560371,0.1510835913312693,0.1622291021671826,0.1708978328173374,0.178328173374613,0.1857585139318885,0.1931888544891641,0.2018575851393189,0.2130030959752322,0.2185758513931888,0.2260061919504644,0.2359133126934984,0.2458204334365325,0.2507739938080495,0.2557275541795665,0.2631578947368421,0.2712074303405573,0.2761609907120743,0.2786377708978328,0.2829721362229102,0.2910216718266253,0.2972136222910216,0.3046439628482972,0.3065015479876161,0.3102167182662538,0.313312693498452,0.3170278637770898,0.3238390092879257,0.3281733746130031,0.3325077399380804,0.334984520123839,0.3393188854489164,0.3436532507739938,0.3455108359133127,0.3486068111455108,0.3510835913312694,0.3541795665634675,0.3597523219814241,0.3640866873065015,0.3684210526315789,0.3721362229102167,0.3752321981424149,0.3777089783281733,0.3808049535603715,0.38328173374613,0.3869969040247678
cell_dino_avgpool,A549,median,1,standardize,PCA,replicate,0.3222667642096888,0.5695364238410596,302,2559,0.441578741695975,0.4853458382180539,0.5095740523642047,0.5232512700273544,0.5377100429855413,0.5509964830011723,0.5619382571316921,0.5728800312622118,0.5830402500976944,0.5912465806955842,0.6006252442360297,0.6041422430636968,0.6088315748339195,0.6143024618991794,0.6189917936694022,0.6264165689722548,0.6295427901524033,0.6373583431027745,0.6408753419304416,0.6479093395857757,0.6518171160609613,0.6553341148886284,0.6584603360687769,0.6639312231340367,0.6701836654943337,0.6713559984368894,0.6737006643220008,0.6776084407971864,0.6834701055099648,0.6862055490425948,0.6885502149277062,0.6936303243454475,0.6963657678780774,0.7002735443532629,0.7026182102383743,0.70379054318093,0.7073075420085971,0.7092614302461899,0.7112153184837827,0.7139507620164126,0.7151230949589683,0.7186400937866354,0.7202032043767097,0.7217663149667839,0.7256740914419695,0.7272372020320438,0.7291910902696366,0.7307542008597109,0.7311449785072294,0.7342711996873779
cell_dino_avgpool,A549,median,1,standardize,PCA,moa,0.1538314385915923,0.1558441558441558,77,1847,0.1034055727554179,0.1195046439628483,0.1306501547987616,0.139938080495356,0.1504643962848297,0.1578947368421052,0.1696594427244582,0.1814241486068111,0.1900928792569659,0.2012383900928792,0.209907120743034,0.2185758513931888,0.2229102167182662,0.2334365325077399,0.2383900928792569,0.243343653250774,0.2476780185758514,0.2551083591331269,0.2569659442724458,0.2643962848297214,0.2705882352941176,0.2761609907120743,0.2786377708978328,0.2842105263157894,0.2904024767801857,0.2922600619195046,0.2959752321981424,0.3003095975232198,0.3034055727554179,0.3065015479876161,0.3102167182662538,0.3114551083591331,0.3170278637770898,0.3207430340557275,0.3275541795665634,0.3281733746130031,0.3318885448916409,0.3368421052631579,0.3411764705882353,0.3461300309597523,0.3510835913312694,0.3560371517027864,0.3591331269349845,0.3647058823529411,0.3678018575851393,0.3721362229102167,0.3770897832817337,0.3789473684210526,0.3826625386996904,0.3919504643962848
cell_dino_avgpool,A549,median,1,standardize,PCAcor,replicate,0.3240092779945344,0.5695364238410596,302,2559,0.4439234075810863,0.4833919499804611,0.5119187182493161,0.5283313794450958,0.5423993747557639,0.5560765924189136,0.5666275889019148,0.577178585384916,0.5830402500976944,0.5904650254005471,0.599452911293474,0.6080500195388824,0.6135209066041423,0.6213364595545134,0.6303243454474404,0.6354044548651817,0.6408753419304416,0.6451738960531458,0.6490816725283314,0.6525986713559985,0.6565064478311841,0.6611957796014069,0.6654943337241109,0.6701836654943337,0.6733098866744822,0.677999218444705,0.681516217272372,0.6834701055099648,0.6869871043376319,0.6889409925752247,0.6916764361078547,0.694021101992966,0.696756545525596,0.6991012114107074,0.7014458772958186,0.7033997655334114,0.7053536537710043,0.7080890973036342,0.7108245408362641,0.7139507620164126,0.7155138726064869,0.7174677608440797,0.7194216490816725,0.7209847596717468,0.7241109808518953,0.7256740914419695,0.7268464243845252,0.728800312622118,0.7319265338022665,0.7334896443923408
cell_dino_avgpool,A549,median,1,standardize,PCAcor,moa,0.154772546453993,0.1558441558441558,77,1847,0.1065015479876161,0.1207430340557275,0.1331269349845201,0.1473684210526315,0.1554179566563467,0.16656346749226,0.1795665634674922,0.1944272445820433,0.2024767801857585,0.2080495356037151,0.2160990712074303,0.2204334365325077,0.226625386996904,0.2309597523219814,0.2371517027863777,0.2445820433436532,0.2501547987616099,0.2532507739938081,0.2582043343653251,0.2631578947368421,0.2687306501547987,0.2718266253869969,0.2743034055727554,0.2786377708978328,0.2829721362229102,0.2891640866873065,0.2941176470588235,0.2984520123839009,0.3015479876160991,0.3040247678018576,0.3083591331269349,0.3120743034055727,0.3195046439628483,0.3219814241486068,0.3256965944272446,0.330030959752322,0.3343653250773993,0.3411764705882353,0.3467492260061919,0.3510835913312694,0.3560371517027864,0.3603715170278638,0.3640866873065015,0.3678018575851393,0.3702786377708978,0.3739938080495356,0.3789473684210526,0.3839009287925696,0.3869969040247678,0.3894736842105263
cell_dino_avgpool,A549,median,1,standardize,ZCA,replicate,0.3222667642096888,0.5695364238410596,302,2559,0.441578741695975,0.4853458382180539,0.5095740523642047,0.5232512700273544,0.5377100429855413,0.5509964830011723,0.5619382571316921,0.5728800312622118,0.5830402500976944,0.5912465806955842,0.6006252442360297,0.6041422430636968,0.6088315748339195,0.6143024618991794,0.6189917936694022,0.6264165689722548,0.6295427901524033,0.6373583431027745,0.6408753419304416,0.6479093395857757,0.6518171160609613,0.6553341148886284,0.6584603360687769,0.6639312231340367,0.6701836654943337,0.6713559984368894,0.6737006643220008,0.6776084407971864,0.6834701055099648,0.6862055490425948,0.6885502149277062,0.6936303243454475,0.6963657678780774,0.7002735443532629,0.7026182102383743,0.70379054318093,0.7073075420085971,0.7092614302461899,0.7112153184837827,0.7139507620164126,0.7151230949589683,0.7186400937866354,0.7202032043767097,0.7217663149667839,0.7256740914419695,0.7272372020320438,0.7291910902696366,0.7307542008597109,0.7311449785072294,0.7342711996873779
cell_dino_avgpool,A549,median,1,standardize,ZCA,moa,0.1538314385915923,0.1558441558441558,77,1847,0.1034055727554179,0.1195046439628483,0.1306501547987616,0.139938080495356,0.1504643962848297,0.1578947368421052,0.1696594427244582,0.1814241486068111,0.1900928792569659,0.2012383900928792,0.209907120743034,0.2185758513931888,0.2229102167182662,0.2334365325077399,0.2383900928792569,0.243343653250774,0.2476780185758514,0.2551083591331269,0.2569659442724458,0.2643962848297214,0.2705882352941176,0.2761609907120743,0.2786377708978328,0.2842105263157894,0.2904024767801857,0.2922600619195046,0.2959752321981424,0.3003095975232198,0.3034055727554179,0.3065015479876161,0.3102167182662538,0.3114551083591331,0.3170278637770898,0.3207430340557275,0.3275541795665634,0.3281733746130031,0.3318885448916409,0.3368421052631579,0.3411764705882353,0.3461300309597523,0.3510835913312694,0.3560371517027864,0.3591331269349845,0.3647058823529411,0.3678018575851393,0.3721362229102167,0.3770897832817337,0.3789473684210526,0.3826625386996904,0.3919504643962848
cell_dino_avgpool,A549,median,1,standardize,ZCAcor,replicate,0.3240092779945344,0.5695364238410596,302,2559,0.4439234075810863,0.4833919499804611,0.5119187182493161,0.5283313794450958,0.5423993747557639,0.5560765924189136,0.5666275889019148,0.577178585384916,0.5830402500976944,0.5904650254005471,0.599452911293474,0.6080500195388824,0.6135209066041423,0.6213364595545134,0.6303243454474404,0.6354044548651817,0.6408753419304416,0.6451738960531458,0.6490816725283314,0.6525986713559985,0.6565064478311841,0.6611957796014069,0.6654943337241109,0.6701836654943337,0.6733098866744822,0.677999218444705,0.681516217272372,0.6834701055099648,0.6869871043376319,0.6889409925752247,0.6916764361078547,0.694021101992966,0.696756545525596,0.6991012114107074,0.7014458772958186,0.7033997655334114,0.7053536537710043,0.7080890973036342,0.7108245408362641,0.7139507620164126,0.7155138726064869,0.7174677608440797,0.7194216490816725,0.7209847596717468,0.7241109808518953,0.7256740914419695,0.7268464243845252,0.728800312622118,0.7319265338022665,0.7334896443923408
cell_dino_avgpool,A549,median,1,standardize,ZCAcor,moa,0.154772546453993,0.1558441558441558,77,1847,0.1065015479876161,0.1207430340557275,0.1331269349845201,0.1473684210526315,0.1554179566563467,0.16656346749226,0.1795665634674922,0.1944272445820433,0.2024767801857585,0.2080495356037151,0.2160990712074303,0.2204334365325077,0.226625386996904,0.2309597523219814,0.2371517027863777,0.2445820433436532,0.2501547987616099,0.2532507739938081,0.2582043343653251,0.2631578947368421,0.2687306501547987,0.2718266253869969,0.2743034055727554,0.2786377708978328,0.2829721362229102,0.2891640866873065,0.2941176470588235,0.2984520123839009,0.3015479876160991,0.3040247678018576,0.3083591331269349,0.3120743034055727,0.3195046439628483,0.3219814241486068,0.3256965944272446,0.330030959752322,0.3343653250773993,0.3411764705882353,0.3467492260061919,0.3510835913312694,0.3560371517027864,0.3603715170278638,0.3640866873065015,0.3678018575851393,0.3702786377708978,0.3739938080495356,0.3789473684210526,0.3839009287925696,0.3869969040247678,0.3894736842105263
cell_dino_avgpool,A549,median,1,standardize,none,replicate,0.4382205046384712,0.9735099337748344,302,2559,0.5451348182883939,0.6154747948417351,0.6568972254787027,0.6850332161000391,0.7112153184837827,0.7319265338022665,0.7487299726455646,0.7647518561938257,0.778819851504494,0.7932786244626807,0.8050019538882376,0.8124267291910903,0.8214146150840171,0.829620945681907,0.8389996092223525,0.8475967174677609,0.8530676045330207,0.8569753810082064,0.8589292692457992,0.8636186010160218,0.8659632669011332,0.8702618210238374,0.8737788198515045,0.8765142633841344,0.8792497069167644,0.8823759280969129,0.8851113716295428,0.8866744822196171,0.8886283704572099,0.8929269245799141,0.8952715904650254,0.8991793669402111,0.8999609222352482,0.9015240328253225,0.9038686987104336,0.9058225869480264,0.9097303634232122,0.9112934740132864,0.9128565846033608,0.915201250488472,0.9163735834310276,0.9171551387260648,0.9194998046111762,0.920672137553732,0.9218444704962876,0.9230168034388432,0.9245799140289176,0.9261430246189918,0.9273153575615476,0.9280969128565846
cell_dino_avgpool,A549,median,1,standardize,none,moa,0.1648685777577539,0.2077922077922078,77,1847,0.0848297213622291,0.1003095975232198,0.1114551083591331,0.123219814241486,0.1368421052631579,0.1504643962848297,0.1560371517027863,0.1647058823529411,0.1727554179566563,0.1820433436532507,0.1931888544891641,0.2,0.2086687306501548,0.2204334365325077,0.2284829721362229,0.2321981424148606,0.2439628482972136,0.2575851393188854,0.2643962848297214,0.2705882352941176,0.2773993808049536,0.2848297213622291,0.2897832817337461,0.2953560371517028,0.2996904024767802,0.3071207430340557,0.3114551083591331,0.3126934984520124,0.3157894736842105,0.3207430340557275,0.3256965944272446,0.3294117647058823,0.3362229102167182,0.3405572755417956,0.3448916408668731,0.3498452012383901,0.3541795665634675,0.3591331269349845,0.3609907120743034,0.3671826625386997,0.3715170278637771,0.3739938080495356,0.3777089783281733,0.3795665634674922,0.3814241486068111,0.3826625386996904,0.3845201238390093,0.3907120743034056,0.3944272445820433,0.3981424148606811
cell_dino_avgpool,U2OS,mean,0,PCA,mad_robustize,replicate,0.3555878728406186,0.6589403973509934,302,2240,0.4549107142857143,0.5116071428571428,0.5450892857142857,0.5665178571428572,0.5816964285714286,0.5986607142857143,0.6138392857142857,0.6236607142857142,0.6321428571428571,0.6428571428571429,0.6486607142857143,0.6553571428571429,0.6642857142857143,0.6714285714285714,0.6754464285714286,0.6808035714285714,0.6852678571428571,0.6892857142857143,0.6959821428571429,0.7013392857142857,0.7040178571428571,0.7111607142857143,0.7160714285714286,0.7191964285714286,0.7245535714285715,0.7303571428571428,0.7321428571428571,0.734375,0.7383928571428572,0.7419642857142857,0.7464285714285714,0.7486607142857142,0.7517857142857143,0.7544642857142857,0.7575892857142857,0.7616071428571428,0.7620535714285714,0.7647321428571429,0.7669642857142858,0.7691964285714286,0.7723214285714286,0.7741071428571429,0.775,0.7790178571428571,0.78125,0.784375,0.7866071428571428,0.7892857142857143,0.7928571428571428,0.7959821428571429
cell_dino_avgpool,U2OS,mean,0,PCA,mad_robustize,moa,0.1411243787686265,0.2207792207792207,77,1617,0.0848656294200848,0.1032531824611032,0.123055162659123,0.1371994342291372,0.1456859971711457,0.1584158415841584,0.1746817538896747,0.1824611032531824,0.1874115983026874,0.2022630834512022,0.2157001414427157,0.2227722772277227,0.2312588401697312,0.2425742574257425,0.2517680339462517,0.2588401697312588,0.2694483734087694,0.2779349363507779,0.2807637906647807,0.2871287128712871,0.2934936350777934,0.3019801980198019,0.3076379066478076,0.3154172560113154,0.3217821782178218,0.326025459688826,0.3302687411598303,0.3408769448373409,0.3465346534653465,0.35007072135785,0.3528995756718528,0.3606789250353607,0.3656294200848656,0.3677510608203677,0.3684582743988684,0.3712871287128713,0.3748231966053748,0.3811881188118812,0.3868458274398868,0.3896746817538897,0.3946251768033946,0.4002828854314003,0.4031117397454031,0.4073550212164074,0.408062234794908,0.4144271570014144,0.4158415841584158,0.4186704384724187,0.4222065063649222,0.4236209335219236
cell_dino_avgpool,U2OS,mean,0,PCA,standardize,replicate,0.3287304272119215,0.5827814569536424,302,2240,0.4754464285714285,0.5392857142857143,0.5700892857142857,0.5950892857142858,0.6138392857142857,0.6272321428571429,0.6401785714285714,0.65,0.6620535714285715,0.6723214285714286,0.684375,0.6924107142857143,0.6995535714285714,0.709375,0.7174107142857142,0.7232142857142857,0.7308035714285714,0.7375,0.7450892857142857,0.7504464285714286,0.75625,0.7620535714285714,0.7678571428571429,0.7745535714285714,0.7794642857142857,0.7861607142857143,0.7915178571428572,0.7955357142857142,0.7982142857142858,0.8017857142857143,0.8035714285714286,0.8075892857142857,0.8116071428571429,0.815625,0.8174107142857143,0.8214285714285714,0.825,0.8299107142857143,0.8316964285714286,0.834375,0.8370535714285714,0.8392857142857143,0.8441964285714286,0.8477678571428572,0.8504464285714286,0.8517857142857143,0.853125,0.8544642857142857,0.8575892857142857,0.8602678571428571
cell_dino_avgpool,U2OS,mean,0,PCA,standardize,moa,0.1313260446718357,0.1688311688311688,77,1617,0.0905233380480905,0.1039603960396039,0.1166902404526167,0.1287128712871287,0.1428571428571428,0.1591230551626591,0.1725601131541725,0.1817538896746817,0.1902404526166902,0.2001414427157001,0.2093352192362093,0.2241867043847241,0.2333804809052334,0.2454031117397454,0.2574257425742574,0.2652050919377652,0.2736916548797737,0.2835926449787836,0.2963224893917963,0.3055162659123055,0.3125884016973126,0.3253182461103253,0.3345120226308345,0.338048090523338,0.3465346534653465,0.3528995756718528,0.3571428571428571,0.3663366336633663,0.3691654879773691,0.3762376237623762,0.3854314002828854,0.3939179632248939,0.4002828854314003,0.4052333804809052,0.4101838755304102,0.4123055162659123,0.4158415841584158,0.4179632248939179,0.4257425742574257,0.4292786421499293,0.4321074964639321,0.4384724186704384,0.4413012729844413,0.4434229137199434,0.4476661951909477,0.4504950495049505,0.454031117397454,0.4568599717114568,0.4618104667609618,0.4632248939179632
cell_dino_avgpool,U2OS,mean,0,PCAcor,mad_robustize,replicate,0.3528986943686558,0.6589403973509934,302,2240,0.45,0.5026785714285714,0.5392857142857143,0.5607142857142857,0.5776785714285714,0.5928571428571429,0.6049107142857143,0.6160714285714286,0.6245535714285714,0.6321428571428571,0.6415178571428571,0.6513392857142857,0.6558035714285714,0.6616071428571428,0.6674107142857143,0.6754464285714286,0.6866071428571429,0.6915178571428572,0.6973214285714285,0.6991071428571428,0.70625,0.7129464285714285,0.7160714285714286,0.7200892857142858,0.7223214285714286,0.7267857142857143,0.7321428571428571,0.7352678571428571,0.7361607142857143,0.7392857142857143,0.7433035714285714,0.75,0.7553571428571428,0.7580357142857143,0.7598214285714285,0.7620535714285714,0.7651785714285714,0.7691964285714286,0.7709821428571428,0.7736607142857143,0.7758928571428572,0.7785714285714286,0.7830357142857143,0.7888392857142857,0.7910714285714285,0.7933035714285714,0.7964285714285714,0.7977678571428571,0.8035714285714286,0.8080357142857143
cell_dino_avgpool,U2OS,mean,0,PCAcor,mad_robustize,moa,0.1412675617182678,0.2207792207792207,77,1617,0.086987270155587,0.1046676096181046,0.1159830268741159,0.1301272984441301,0.1435643564356435,0.1555869872701555,0.1697312588401697,0.1852899575671852,0.1909476661951909,0.2050919377652051,0.2128712871287128,0.2213578500707213,0.2340876944837341,0.2425742574257425,0.2489391796322489,0.2574257425742574,0.2687411598302687,0.2758132956152758,0.2842998585572843,0.2878359264497878,0.2949080622347949,0.3033946251768034,0.3076379066478076,0.314002828854314,0.318953323903819,0.3281471004243281,0.3352192362093352,0.342998585572843,0.3493635077793494,0.3528995756718528,0.3571428571428571,0.3628005657708628,0.3677510608203677,0.3748231966053748,0.3783592644978784,0.3854314002828854,0.3889674681753889,0.3953323903818953,0.400990099009901,0.4059405940594059,0.4123055162659123,0.4151343705799151,0.4172560113154172,0.4243281471004243,0.42998585572843,0.4321074964639321,0.4342291371994342,0.4363507779349364,0.4413012729844413,0.4455445544554455
cell_dino_avgpool,U2OS,mean,0,PCAcor,standardize,replicate,0.3232355308004002,0.5894039735099338,302,2240,0.4785714285714286,0.5285714285714286,0.5602678571428571,0.5816964285714286,0.596875,0.6116071428571429,0.6299107142857143,0.6428571428571429,0.6553571428571429,0.665625,0.6763392857142857,0.6870535714285714,0.6964285714285714,0.7022321428571429,0.7080357142857143,0.7151785714285714,0.7254464285714286,0.7339285714285714,0.7415178571428571,0.7473214285714286,0.7544642857142857,0.7616071428571428,0.7647321428571429,0.7705357142857143,0.775,0.7790178571428571,0.7834821428571429,0.7866071428571428,0.7888392857142857,0.7950892857142857,0.7982142857142858,0.8017857142857143,0.8044642857142857,0.8080357142857143,0.8116071428571429,0.8151785714285714,0.8191964285714286,0.821875,0.8245535714285714,0.8285714285714286,0.8308035714285714,0.8325892857142857,0.8361607142857143,0.8379464285714285,0.840625,0.8415178571428571,0.84375,0.8459821428571429,0.8486607142857143,0.853125
cell_dino_avgpool,U2OS,mean,0,PCAcor,standardize,moa,0.1293343998054837,0.1688311688311688,77,1617,0.0792079207920792,0.1011315417256011,0.1138613861386138,0.1315417256011315,0.1428571428571428,0.1584158415841584,0.1718528995756718,0.1831683168316831,0.193069306930693,0.1994342291371994,0.2121640735502121,0.2277227722772277,0.239038189533239,0.2503536067892503,0.2574257425742574,0.2673267326732673,0.2807637906647807,0.2913719943422914,0.2977369165487977,0.309052333804809,0.3196605374823196,0.3309759547383309,0.3373408769448373,0.3458274398868458,0.3536067892503536,0.3585572842998585,0.3635077793493635,0.3691654879773691,0.3755304101838755,0.3818953323903818,0.3861386138613861,0.3932107496463932,0.3981612446958981,0.4016973125884017,0.4066478076379066,0.4087694483734088,0.413012729844413,0.4172560113154172,0.4222065063649222,0.4321074964639321,0.4363507779349364,0.4405940594059406,0.4434229137199434,0.4483734087694483,0.4533239038189533,0.458981612446959,0.4618104667609618,0.4632248939179632,0.466053748231966,0.4681753889674682
cell_dino_avgpool,U2OS,mean,0,ZCA,mad_robustize,replicate,0.336776019958544,0.6026490066225165,302,2240,0.4191964285714286,0.4665178571428571,0.496875,0.5165178571428571,0.5321428571428571,0.5464285714285714,0.5589285714285714,0.5669642857142857,0.5732142857142857,0.5825892857142857,0.5892857142857143,0.5991071428571428,0.6058035714285714,0.6116071428571429,0.6160714285714286,0.6232142857142857,0.6272321428571429,0.6308035714285715,0.6325892857142857,0.6397321428571429,0.6446428571428572,0.653125,0.6589285714285714,0.6629464285714286,0.6683035714285714,0.6714285714285714,0.6763392857142857,0.68125,0.6861607142857142,0.6883928571428571,0.6924107142857143,0.6977678571428572,0.6995535714285714,0.7035714285714286,0.7080357142857143,0.7125,0.715625,0.7178571428571429,0.7205357142857143,0.7223214285714286,0.725,0.7272321428571429,0.7290178571428572,0.7321428571428571,0.7370535714285714,0.7410714285714286,0.7433035714285714,0.7446428571428572,0.7455357142857143,0.75
cell_dino_avgpool,U2OS,mean,0,ZCA,mad_robustize,moa,0.1379066048167608,0.2077922077922078,77,1617,0.0834512022630834,0.1018387553041018,0.1138613861386138,0.1265912305516266,0.1364922206506365,0.1456859971711457,0.1584158415841584,0.1676096181046676,0.1760961810466761,0.1874115983026874,0.2008486562942008,0.2072135785007072,0.2192362093352192,0.2284299858557284,0.2355021216407355,0.2461103253182461,0.2538896746817539,0.2623762376237624,0.2708628005657709,0.2793493635077793,0.2885431400282885,0.2949080622347949,0.2991513437057991,0.3033946251768034,0.3104667609618105,0.321074964639321,0.3253182461103253,0.3309759547383309,0.3387553041018387,0.3451202263083451,0.3493635077793494,0.3543140028288543,0.3599717114568599,0.3656294200848656,0.3691654879773691,0.3769448373408769,0.379066478076379,0.3896746817538897,0.3903818953323903,0.3932107496463932,0.3974540311173974,0.4016973125884017,0.4052333804809052,0.408062234794908,0.4094766619519094,0.4115983026874116,0.4137199434229137,0.4165487977369165,0.4207920792079208,0.4222065063649222
cell_dino_avgpool,U2OS,mean,0,ZCA,standardize,replicate,0.291535462542771,0.4602649006622517,302,2240,0.4116071428571428,0.4517857142857143,0.4834821428571428,0.4959821428571428,0.5111607142857143,0.5294642857142857,0.5401785714285714,0.5473214285714286,0.5575892857142857,0.5647321428571429,0.5705357142857143,0.5772321428571429,0.5861607142857143,0.5933035714285714,0.6013392857142857,0.60625,0.6129464285714286,0.6205357142857143,0.6245535714285714,0.628125,0.634375,0.6388392857142857,0.6477678571428571,0.6549107142857142,0.6575892857142858,0.6638392857142857,0.6674107142857143,0.6745535714285714,0.678125,0.6857142857142857,0.6915178571428572,0.6955357142857143,0.7035714285714286,0.7066964285714286,0.7089285714285715,0.7125,0.7169642857142857,0.7214285714285714,0.7263392857142857,0.7294642857142857,0.7330357142857142,0.7366071428571429,0.7397321428571428,0.7424107142857143,0.7441964285714285,0.7482142857142857,0.7535714285714286,0.7544642857142857,0.7566964285714286,0.759375
cell_dino_avgpool,U2OS,mean,0,ZCA,standardize,moa,0.1223339918482729,0.1428571428571428,77,1617,0.0721357850070721,0.0876944837340877,0.1011315417256011,0.1138613861386138,0.1244695898161244,0.1364922206506365,0.1435643564356435,0.1534653465346534,0.1683168316831683,0.181046676096181,0.1909476661951909,0.1987270155586987,0.2057991513437058,0.2199434229137199,0.2256011315417256,0.239038189533239,0.2496463932107496,0.2574257425742574,0.2644978783592644,0.2736916548797737,0.28005657708628,0.2913719943422914,0.3026874115983027,0.3118811881188119,0.3217821782178218,0.3309759547383309,0.3359264497878359,0.3401697312588401,0.3437057991513437,0.3536067892503536,0.3585572842998585,0.3628005657708628,0.3663366336633663,0.3698727015558699,0.3748231966053748,0.3762376237623762,0.3811881188118812,0.3868458274398868,0.3910891089108911,0.3967468175388967,0.4016973125884017,0.4024045261669024,0.4066478076379066,0.4087694483734088,0.4123055162659123,0.4151343705799151,0.4193776520509193,0.4257425742574257,0.4278642149929278,0.4335219236209335
cell_dino_avgpool,U2OS,mean,0,ZCAcor,mad_robustize,replicate,0.3325357695600383,0.5894039735099338,302,2240,0.41875,0.4633928571428571,0.4915178571428571,0.5178571428571429,0.5316964285714286,0.5464285714285714,0.5549107142857143,0.5665178571428572,0.5772321428571429,0.584375,0.5910714285714286,0.5995535714285715,0.6075892857142857,0.6165178571428571,0.6236607142857142,0.6267857142857143,0.6321428571428571,0.6370535714285714,0.6424107142857143,0.646875,0.6517857142857143,0.6553571428571429,0.6598214285714286,0.665625,0.6696428571428571,0.6732142857142858,0.6758928571428572,0.678125,0.6830357142857143,0.6861607142857142,0.6910714285714286,0.6941964285714286,0.6991071428571428,0.7022321428571429,0.7044642857142858,0.7058035714285714,0.7098214285714286,0.7129464285714285,0.7178571428571429,0.7200892857142858,0.721875,0.725,0.7285714285714285,0.7325892857142857,0.7339285714285714,0.7357142857142858,0.7379464285714286,0.7410714285714286,0.7428571428571429,0.7464285714285714
cell_dino_avgpool,U2OS,mean,0,ZCAcor,mad_robustize,moa,0.1376771481532097,0.1948051948051948,77,1617,0.0763790664780763,0.0968882602545968,0.1103253182461103,0.1265912305516266,0.14002828854314,0.1527581329561527,0.1619519094766619,0.1683168316831683,0.1746817538896747,0.185997171145686,0.2001414427157001,0.2107496463932107,0.2256011315417256,0.2369165487977369,0.2439886845827439,0.2475247524752475,0.2524752475247525,0.2581329561527581,0.2673267326732673,0.2751060820367751,0.2842998585572843,0.2913719943422914,0.2998585572842998,0.3076379066478076,0.314002828854314,0.3168316831683168,0.3203677510608204,0.3274398868458274,0.3338048090523338,0.3422913719943423,0.3472418670438472,0.355021216407355,0.3606789250353607,0.3642149929278642,0.3712871287128713,0.3776520509193776,0.3868458274398868,0.3932107496463932,0.3967468175388967,0.3988684582743989,0.4031117397454031,0.408062234794908,0.4094766619519094,0.4137199434229137,0.4165487977369165,0.4186704384724187,0.4243281471004243,0.4278642149929278,0.4306930693069307,0.4321074964639321
cell_dino_avgpool,U2OS,mean,0,ZCAcor,standardize,replicate,0.2890667565447138,0.4470198675496689,302,2240,0.4138392857142857,0.4549107142857143,0.4776785714285714,0.496875,0.5098214285714285,0.5223214285714286,0.5334821428571429,0.5433035714285714,0.5535714285714286,0.5633928571428571,0.5736607142857143,0.5834821428571428,0.5915178571428571,0.5959821428571429,0.6049107142857143,0.6107142857142858,0.6165178571428571,0.6227678571428571,0.6299107142857143,0.6357142857142857,0.6441964285714286,0.6495535714285714,0.6526785714285714,0.6616071428571428,0.6647321428571429,0.6700892857142857,0.6732142857142858,0.678125,0.68125,0.6852678571428571,0.6910714285714286,0.6950892857142857,0.6995535714285714,0.7022321428571429,0.70625,0.7098214285714286,0.7138392857142857,0.7169642857142857,0.7196428571428571,0.7236607142857143,0.7267857142857143,0.7321428571428571,0.7375,0.7410714285714286,0.7446428571428572,0.7495535714285714,0.7508928571428571,0.7540178571428572,0.75625,0.7602678571428572
cell_dino_avgpool,U2OS,mean,0,ZCAcor,standardize,moa,0.1223790239592043,0.1298701298701298,77,1617,0.0693069306930693,0.0891089108910891,0.1053748231966053,0.1152758132956152,0.1265912305516266,0.1364922206506365,0.1541725601131541,0.1669024045261669,0.1803394625176803,0.1973125884016973,0.2065063649222065,0.2128712871287128,0.2256011315417256,0.2319660537482319,0.2418670438472418,0.2496463932107496,0.2616690240452616,0.2708628005657709,0.28005657708628,0.28995756718529,0.3019801980198019,0.3104667609618105,0.3175388967468175,0.3224893917963224,0.3295615275813295,0.3366336633663366,0.3401697312588401,0.347949080622348,0.3528995756718528,0.3599717114568599,0.3620933521923621,0.3684582743988684,0.3727015558698727,0.3748231966053748,0.3811881188118812,0.3833097595473833,0.3875530410183875,0.3903818953323903,0.3939179632248939,0.3981612446958981,0.4016973125884017,0.4059405940594059,0.4087694483734088,0.4144271570014144,0.4200848656294201,0.4222065063649222,0.4271570014144271,0.4292786421499293,0.4342291371994342,0.437057991513437
cell_dino_avgpool,U2OS,mean,0,mad_robustize,PCA,replicate,0.1463938045896879,0.3311258278145695,302,2240,0.3861607142857143,0.4254464285714285,0.4598214285714285,0.4763392857142857,0.4901785714285714,0.4995535714285714,0.5111607142857143,0.5205357142857143,0.5258928571428572,0.5352678571428572,0.5401785714285714,0.5450892857142857,0.5544642857142857,0.5607142857142857,0.5642857142857143,0.5714285714285714,0.5763392857142857,0.58125,0.5883928571428572,0.5946428571428571,0.6017857142857143,0.6058035714285714,0.6098214285714286,0.6138392857142857,0.6196428571428572,0.6241071428571429,0.6263392857142858,0.6272321428571429,0.6348214285714285,0.6379464285714286,0.6415178571428571,0.6446428571428572,0.6482142857142857,0.6513392857142857,0.6535714285714286,0.6602678571428572,0.6642857142857143,0.6669642857142857,0.66875,0.6727678571428571,0.6758928571428572,0.678125,0.6816964285714285,0.6834821428571428,0.6852678571428571,0.6866071428571429,0.6870535714285714,0.6897321428571429,0.6919642857142857,0.6946428571428571
cell_dino_avgpool,U2OS,mean,0,mad_robustize,PCA,moa,0.0818546741947524,0.1038961038961039,77,1617,0.0785007072135785,0.0912305516265912,0.111032531824611,0.1188118811881188,0.1265912305516266,0.1435643564356435,0.1492220650636492,0.1605374823196605,0.1732673267326732,0.181046676096181,0.1902404526166902,0.1958981612446959,0.2029702970297029,0.21004243281471,0.214992927864215,0.2206506364922206,0.2333804809052334,0.2418670438472418,0.2482319660537482,0.2553041018387553,0.2659123055162659,0.2751060820367751,0.2779349363507779,0.2814710042432815,0.2892503536067892,0.2977369165487977,0.3055162659123055,0.309052333804809,0.3132956152758133,0.3175388967468175,0.3224893917963224,0.326025459688826,0.3281471004243281,0.3366336633663366,0.3437057991513437,0.3507779349363508,0.3543140028288543,0.3628005657708628,0.3649222065063649,0.3684582743988684,0.3734087694483734,0.3741159830268741,0.3776520509193776,0.3804809052333804,0.3833097595473833,0.3847241867043847,0.3868458274398868,0.3917963224893918,0.3946251768033946,0.3995756718528995
cell_dino_avgpool,U2OS,mean,0,mad_robustize,PCAcor,replicate,0.1454956629943468,0.3311258278145695,302,2240,0.3892857142857143,0.4303571428571429,0.4602678571428571,0.4794642857142857,0.490625,0.5035714285714286,0.5107142857142857,0.51875,0.5258928571428572,0.5325892857142858,0.5424107142857143,0.5486607142857143,0.5544642857142857,0.5620535714285714,0.5674107142857143,0.5714285714285714,0.5790178571428571,0.584375,0.5910714285714286,0.5973214285714286,0.6040178571428572,0.6089285714285714,0.6125,0.6174107142857143,0.621875,0.6241071428571429,0.6294642857142857,0.6334821428571429,0.6357142857142857,0.6383928571428571,0.6424107142857143,0.6459821428571428,0.6504464285714285,0.6522321428571428,0.6558035714285714,0.659375,0.6638392857142857,0.66875,0.6696428571428571,0.671875,0.6736607142857143,0.6776785714285715,0.6808035714285714,0.6834821428571428,0.6861607142857142,0.6879464285714286,0.6910714285714286,0.6928571428571428,0.6950892857142857,0.6973214285714285
cell_dino_avgpool,U2OS,mean,0,mad_robustize,PCAcor,moa,0.0812907203246608,0.1038961038961039,77,1617,0.0785007072135785,0.0926449787835926,0.1103253182461103,0.1216407355021216,0.1287128712871287,0.144978783592645,0.1534653465346534,0.1626591230551626,0.1732673267326732,0.1768033946251768,0.1888260254596888,0.1966053748231966,0.2008486562942008,0.2065063649222065,0.214992927864215,0.2199434229137199,0.2298444130127298,0.2362093352192362,0.2439886845827439,0.256011315417256,0.2616690240452616,0.2666195190947666,0.2743988684582744,0.2821782178217821,0.2913719943422914,0.2949080622347949,0.3005657708628005,0.3033946251768034,0.3083451202263083,0.3154172560113154,0.3246110325318246,0.3274398868458274,0.3309759547383309,0.3345120226308345,0.3394625176803394,0.3472418670438472,0.3521923620933522,0.3564356435643564,0.3628005657708628,0.3691654879773691,0.371994342291372,0.3776520509193776,0.3804809052333804,0.384016973125884,0.3854314002828854,0.3861386138613861,0.3882602545968883,0.3903818953323903,0.3925035360678925,0.3946251768033946
cell_dino_avgpool,U2OS,mean,0,mad_robustize,ZCA,replicate,0.1463938045896879,0.3311258278145695,302,2240,0.3861607142857143,0.4254464285714285,0.4598214285714285,0.4763392857142857,0.4901785714285714,0.4995535714285714,0.5111607142857143,0.5205357142857143,0.5258928571428572,0.5352678571428572,0.5401785714285714,0.5450892857142857,0.5544642857142857,0.5607142857142857,0.5642857142857143,0.5714285714285714,0.5763392857142857,0.58125,0.5883928571428572,0.5946428571428571,0.6017857142857143,0.6058035714285714,0.6098214285714286,0.6138392857142857,0.6196428571428572,0.6241071428571429,0.6263392857142858,0.6272321428571429,0.6348214285714285,0.6379464285714286,0.6415178571428571,0.6446428571428572,0.6482142857142857,0.6513392857142857,0.6535714285714286,0.6602678571428572,0.6642857142857143,0.6669642857142857,0.66875,0.6727678571428571,0.6758928571428572,0.678125,0.6816964285714285,0.6834821428571428,0.6852678571428571,0.6866071428571429,0.6870535714285714,0.6897321428571429,0.6919642857142857,0.6946428571428571
cell_dino_avgpool,U2OS,mean,0,mad_robustize,ZCA,moa,0.0818546741947524,0.1038961038961039,77,1617,0.0785007072135785,0.0912305516265912,0.111032531824611,0.1188118811881188,0.1265912305516266,0.1435643564356435,0.1492220650636492,0.1605374823196605,0.1732673267326732,0.181046676096181,0.1902404526166902,0.1958981612446959,0.2029702970297029,0.21004243281471,0.214992927864215,0.2206506364922206,0.2333804809052334,0.2418670438472418,0.2482319660537482,0.2553041018387553,0.2659123055162659,0.2751060820367751,0.2779349363507779,0.2814710042432815,0.2892503536067892,0.2977369165487977,0.3055162659123055,0.309052333804809,0.3132956152758133,0.3175388967468175,0.3224893917963224,0.326025459688826,0.3281471004243281,0.3366336633663366,0.3437057991513437,0.3507779349363508,0.3543140028288543,0.3628005657708628,0.3649222065063649,0.3684582743988684,0.3734087694483734,0.3741159830268741,0.3776520509193776,0.3804809052333804,0.3833097595473833,0.3847241867043847,0.3868458274398868,0.3917963224893918,0.3946251768033946,0.3995756718528995
cell_dino_avgpool,U2OS,mean,0,mad_robustize,ZCAcor,replicate,0.1454956629943468,0.3311258278145695,302,2240,0.3892857142857143,0.4303571428571429,0.4602678571428571,0.4794642857142857,0.490625,0.5035714285714286,0.5107142857142857,0.51875,0.5258928571428572,0.5325892857142858,0.5424107142857143,0.5486607142857143,0.5544642857142857,0.5620535714285714,0.5674107142857143,0.5714285714285714,0.5790178571428571,0.584375,0.5910714285714286,0.5973214285714286,0.6040178571428572,0.6089285714285714,0.6125,0.6174107142857143,0.621875,0.6241071428571429,0.6294642857142857,0.6334821428571429,0.6357142857142857,0.6383928571428571,0.6424107142857143,0.6459821428571428,0.6504464285714285,0.6522321428571428,0.6558035714285714,0.659375,0.6638392857142857,0.66875,0.6696428571428571,0.671875,0.6736607142857143,0.6776785714285715,0.6808035714285714,0.6834821428571428,0.6861607142857142,0.6879464285714286,0.6910714285714286,0.6928571428571428,0.6950892857142857,0.6973214285714285
cell_dino_avgpool,U2OS,mean,0,mad_robustize,ZCAcor,moa,0.0812907203246608,0.1038961038961039,77,1617,0.0785007072135785,0.0926449787835926,0.1103253182461103,0.1216407355021216,0.1287128712871287,0.144978783592645,0.1534653465346534,0.1626591230551626,0.1732673267326732,0.1768033946251768,0.1888260254596888,0.1966053748231966,0.2008486562942008,0.2065063649222065,0.214992927864215,0.2199434229137199,0.2298444130127298,0.2362093352192362,0.2439886845827439,0.256011315417256,0.2616690240452616,0.2666195190947666,0.2743988684582744,0.2821782178217821,0.2913719943422914,0.2949080622347949,0.3005657708628005,0.3033946251768034,0.3083451202263083,0.3154172560113154,0.3246110325318246,0.3274398868458274,0.3309759547383309,0.3345120226308345,0.3394625176803394,0.3472418670438472,0.3521923620933522,0.3564356435643564,0.3628005657708628,0.3691654879773691,0.371994342291372,0.3776520509193776,0.3804809052333804,0.384016973125884,0.3854314002828854,0.3861386138613861,0.3882602545968883,0.3903818953323903,0.3925035360678925,0.3946251768033946
cell_dino_avgpool,U2OS,mean,0,mad_robustize,none,replicate,0.2813491289090213,0.7086092715231788,302,2240,0.4013392857142857,0.4611607142857143,0.4946428571428571,0.5183035714285714,0.5419642857142857,0.5611607142857142,0.578125,0.5888392857142857,0.6017857142857143,0.6120535714285714,0.61875,0.63125,0.6361607142857143,0.6446428571428572,0.6522321428571428,0.6575892857142858,0.6651785714285714,0.671875,0.6785714285714286,0.6839285714285714,0.6910714285714286,0.6946428571428571,0.6991071428571428,0.7040178571428571,0.7075892857142857,0.7116071428571429,0.7165178571428571,0.7209821428571429,0.7258928571428571,0.7321428571428571,0.734375,0.7366071428571429,0.7410714285714286,0.7477678571428571,0.753125,0.7571428571428571,0.7629464285714286,0.765625,0.7669642857142858,0.7683035714285714,0.7714285714285715,0.7736607142857143,0.7776785714285714,0.7799107142857142,0.7825892857142858,0.784375,0.7866071428571428,0.7892857142857143,0.7919642857142857,0.7941964285714286
cell_dino_avgpool,U2OS,mean,0,mad_robustize,none,moa,0.129247257511855,0.2077922077922078,77,1617,0.0707213578500707,0.086987270155587,0.1039603960396039,0.1117397454031117,0.1195190947666195,0.1329561527581329,0.1421499292786421,0.1562942008486563,0.164073550212164,0.1746817538896747,0.1838755304101838,0.1994342291371994,0.2121640735502121,0.2241867043847241,0.2326732673267326,0.2383309759547383,0.2475247524752475,0.2553041018387553,0.2652050919377652,0.2772277227722772,0.2892503536067892,0.2942008486562942,0.2998585572842998,0.3062234794908062,0.3125884016973126,0.3175388967468175,0.3224893917963224,0.3274398868458274,0.3323903818953324,0.3394625176803394,0.3458274398868458,0.3536067892503536,0.3606789250353607,0.3635077793493635,0.3698727015558699,0.3762376237623762,0.3811881188118812,0.3868458274398868,0.3917963224893918,0.3946251768033946,0.3995756718528995,0.400990099009901,0.4045261669024045,0.408062234794908,0.4108910891089108,0.413012729844413,0.4144271570014144,0.4193776520509193,0.4243281471004243,0.4278642149929278
cell_dino_avgpool,U2OS,mean,0,standardize,PCA,replicate,0.2471126453161195,0.4503311258278146,302,2240,0.4129464285714285,0.4598214285714285,0.4883928571428571,0.5026785714285714,0.51875,0.525,0.5348214285714286,0.5473214285714286,0.553125,0.5575892857142857,0.5633928571428571,0.5714285714285714,0.5763392857142857,0.5816964285714286,0.5879464285714285,0.5955357142857143,0.5995535714285715,0.6049107142857143,0.6084821428571429,0.6147321428571428,0.6232142857142857,0.6272321428571429,0.6299107142857143,0.63125,0.6352678571428572,0.6375,0.6392857142857142,0.6419642857142858,0.6455357142857143,0.6495535714285714,0.6526785714285714,0.653125,0.6558035714285714,0.6611607142857143,0.665625,0.6674107142857143,0.6700892857142857,0.6736607142857143,0.6790178571428571,0.6808035714285714,0.6821428571428572,0.6848214285714286,0.6879464285714286,0.6888392857142858,0.6933035714285715,0.6991071428571428,0.7026785714285714,0.7053571428571429,0.7080357142857143,0.7089285714285715
cell_dino_avgpool,U2OS,mean,0,standardize,PCA,moa,0.1172992275584457,0.1688311688311688,77,1617,0.0806223479490806,0.1018387553041018,0.1152758132956152,0.123055162659123,0.1336633663366336,0.1421499292786421,0.1534653465346534,0.1612446958981612,0.1753889674681754,0.1838755304101838,0.193069306930693,0.2022630834512022,0.2114568599717114,0.2178217821782178,0.2234794908062234,0.2298444130127298,0.2369165487977369,0.2411598302687411,0.2482319660537482,0.2581329561527581,0.268033946251768,0.2736916548797737,0.2814710042432815,0.2842998585572843,0.2871287128712871,0.2942008486562942,0.3033946251768034,0.309052333804809,0.3097595473833097,0.3154172560113154,0.3224893917963224,0.3267326732673267,0.3352192362093352,0.3387553041018387,0.3458274398868458,0.347949080622348,0.3514851485148514,0.355021216407355,0.3613861386138614,0.3663366336633663,0.3691654879773691,0.371994342291372,0.3762376237623762,0.3783592644978784,0.3833097595473833,0.3868458274398868,0.3896746817538897,0.3932107496463932,0.396039603960396,0.4002828854314003
cell_dino_avgpool,U2OS,mean,0,standardize,PCAcor,replicate,0.2492282529363909,0.4602649006622517,302,2240,0.4183035714285714,0.4584821428571428,0.4888392857142857,0.50625,0.5200892857142857,0.53125,0.5428571428571428,0.5482142857142858,0.5549107142857143,0.5607142857142857,0.5669642857142857,0.5727678571428572,0.578125,0.5825892857142857,0.5888392857142857,0.5959821428571429,0.6026785714285714,0.6075892857142857,0.6129464285714286,0.6160714285714286,0.6196428571428572,0.6254464285714286,0.6303571428571428,0.6352678571428572,0.6401785714285714,0.6450892857142857,0.65,0.6522321428571428,0.6549107142857142,0.6598214285714286,0.6642857142857143,0.6660714285714285,0.66875,0.6714285714285714,0.6741071428571429,0.6772321428571428,0.6799107142857143,0.6825892857142857,0.684375,0.6870535714285714,0.6888392857142858,0.6892857142857143,0.6919642857142857,0.6950892857142857,0.6986607142857143,0.7,0.7026785714285714,0.7080357142857143,0.7102678571428571,0.7111607142857143
cell_dino_avgpool,U2OS,mean,0,standardize,PCAcor,moa,0.1175930840537357,0.1688311688311688,77,1617,0.082036775106082,0.1025459688826025,0.1188118811881188,0.1244695898161244,0.1301272984441301,0.1463932107496464,0.157001414427157,0.1669024045261669,0.1768033946251768,0.1852899575671852,0.1923620933521923,0.2001414427157001,0.2107496463932107,0.2206506364922206,0.222065063649222,0.2291371994342291,0.2369165487977369,0.2425742574257425,0.2475247524752475,0.256011315417256,0.2659123055162659,0.2715700141442715,0.2751060820367751,0.2807637906647807,0.2857142857142857,0.2913719943422914,0.2977369165487977,0.3033946251768034,0.3076379066478076,0.3154172560113154,0.321074964639321,0.3239038189533239,0.3267326732673267,0.3316831683168317,0.3345120226308345,0.3373408769448373,0.342998585572843,0.3486562942008486,0.3528995756718528,0.3578500707213578,0.3642149929278642,0.3691654879773691,0.3734087694483734,0.3762376237623762,0.3818953323903818,0.3868458274398868,0.3903818953323903,0.3939179632248939,0.3967468175388967,0.3981612446958981
cell_dino_avgpool,U2OS,mean,0,standardize,ZCA,replicate,0.2471126453161195,0.4503311258278146,302,2240,0.4129464285714285,0.4598214285714285,0.4883928571428571,0.5026785714285714,0.51875,0.525,0.5348214285714286,0.5473214285714286,0.553125,0.5575892857142857,0.5633928571428571,0.5714285714285714,0.5763392857142857,0.5816964285714286,0.5879464285714285,0.5955357142857143,0.5995535714285715,0.6049107142857143,0.6084821428571429,0.6147321428571428,0.6232142857142857,0.6272321428571429,0.6299107142857143,0.63125,0.6352678571428572,0.6375,0.6392857142857142,0.6419642857142858,0.6455357142857143,0.6495535714285714,0.6526785714285714,0.653125,0.6558035714285714,0.6611607142857143,0.665625,0.6674107142857143,0.6700892857142857,0.6736607142857143,0.6790178571428571,0.6808035714285714,0.6821428571428572,0.6848214285714286,0.6879464285714286,0.6888392857142858,0.6933035714285715,0.6991071428571428,0.7026785714285714,0.7053571428571429,0.7080357142857143,0.7089285714285715
cell_dino_avgpool,U2OS,mean,0,standardize,ZCA,moa,0.1172992275584457,0.1688311688311688,77,1617,0.0806223479490806,0.1018387553041018,0.1152758132956152,0.123055162659123,0.1336633663366336,0.1421499292786421,0.1534653465346534,0.1612446958981612,0.1753889674681754,0.1838755304101838,0.193069306930693,0.2022630834512022,0.2114568599717114,0.2178217821782178,0.2234794908062234,0.2298444130127298,0.2369165487977369,0.2411598302687411,0.2482319660537482,0.2581329561527581,0.268033946251768,0.2736916548797737,0.2814710042432815,0.2842998585572843,0.2871287128712871,0.2942008486562942,0.3033946251768034,0.309052333804809,0.3097595473833097,0.3154172560113154,0.3224893917963224,0.3267326732673267,0.3352192362093352,0.3387553041018387,0.3458274398868458,0.347949080622348,0.3514851485148514,0.355021216407355,0.3613861386138614,0.3663366336633663,0.3691654879773691,0.371994342291372,0.3762376237623762,0.3783592644978784,0.3833097595473833,0.3868458274398868,0.3896746817538897,0.3932107496463932,0.396039603960396,0.4002828854314003
cell_dino_avgpool,U2OS,mean,0,standardize,ZCAcor,replicate,0.2492282529363909,0.4602649006622517,302,2240,0.4183035714285714,0.4584821428571428,0.4888392857142857,0.50625,0.5200892857142857,0.53125,0.5428571428571428,0.5482142857142858,0.5549107142857143,0.5607142857142857,0.5669642857142857,0.5727678571428572,0.578125,0.5825892857142857,0.5888392857142857,0.5959821428571429,0.6026785714285714,0.6075892857142857,0.6129464285714286,0.6160714285714286,0.6196428571428572,0.6254464285714286,0.6303571428571428,0.6352678571428572,0.6401785714285714,0.6450892857142857,0.65,0.6522321428571428,0.6549107142857142,0.6598214285714286,0.6642857142857143,0.6660714285714285,0.66875,0.6714285714285714,0.6741071428571429,0.6772321428571428,0.6799107142857143,0.6825892857142857,0.684375,0.6870535714285714,0.6888392857142858,0.6892857142857143,0.6919642857142857,0.6950892857142857,0.6986607142857143,0.7,0.7026785714285714,0.7080357142857143,0.7102678571428571,0.7111607142857143
cell_dino_avgpool,U2OS,mean,0,standardize,ZCAcor,moa,0.1175930840537357,0.1688311688311688,77,1617,0.082036775106082,0.1025459688826025,0.1188118811881188,0.1244695898161244,0.1301272984441301,0.1463932107496464,0.157001414427157,0.1669024045261669,0.1768033946251768,0.1852899575671852,0.1923620933521923,0.2001414427157001,0.2107496463932107,0.2206506364922206,0.222065063649222,0.2291371994342291,0.2369165487977369,0.2425742574257425,0.2475247524752475,0.256011315417256,0.2659123055162659,0.2715700141442715,0.2751060820367751,0.2807637906647807,0.2857142857142857,0.2913719943422914,0.2977369165487977,0.3033946251768034,0.3076379066478076,0.3154172560113154,0.321074964639321,0.3239038189533239,0.3267326732673267,0.3316831683168317,0.3345120226308345,0.3373408769448373,0.342998585572843,0.3486562942008486,0.3528995756718528,0.3578500707213578,0.3642149929278642,0.3691654879773691,0.3734087694483734,0.3762376237623762,0.3818953323903818,0.3868458274398868,0.3903818953323903,0.3939179632248939,0.3967468175388967,0.3981612446958981
cell_dino_avgpool,U2OS,mean,0,standardize,none,replicate,0.2886107020223063,0.6589403973509934,302,2240,0.3910714285714285,0.446875,0.4808035714285714,0.5102678571428572,0.53125,0.5482142857142858,0.5647321428571429,0.578125,0.590625,0.6022321428571429,0.6120535714285714,0.6227678571428571,0.6299107142857143,0.6352678571428572,0.6415178571428571,0.6473214285714286,0.6535714285714286,0.6602678571428572,0.6660714285714285,0.6714285714285714,0.678125,0.6857142857142857,0.690625,0.6959821428571429,0.7035714285714286,0.7066964285714286,0.7116071428571429,0.7142857142857143,0.7200892857142858,0.7241071428571428,0.7285714285714285,0.7325892857142857,0.7366071428571429,0.7401785714285715,0.746875,0.7517857142857143,0.7544642857142857,0.7584821428571429,0.7625,0.7665178571428571,0.7709821428571428,0.775,0.7758928571428572,0.7808035714285714,0.7825892857142858,0.7848214285714286,0.7861607142857143,0.7897321428571429,0.7910714285714285,0.7928571428571428
cell_dino_avgpool,U2OS,mean,0,standardize,none,moa,0.1321229695963165,0.1818181818181818,77,1617,0.0685997171145686,0.0884016973125884,0.1025459688826025,0.1074964639321075,0.1145685997171145,0.1308345120226308,0.1386138613861386,0.1456859971711457,0.1626591230551626,0.1725601131541725,0.1867043847241867,0.2001414427157001,0.2107496463932107,0.2157001414427157,0.2284299858557284,0.2355021216407355,0.2439886845827439,0.2531824611032532,0.2602545968882602,0.2687411598302687,0.2765205091937765,0.2828854314002829,0.2927864214992928,0.2991513437057991,0.3083451202263083,0.314002828854314,0.3203677510608204,0.3281471004243281,0.3352192362093352,0.3401697312588401,0.3458274398868458,0.3514851485148514,0.355021216407355,0.3571428571428571,0.3628005657708628,0.3677510608203677,0.3734087694483734,0.379066478076379,0.3896746817538897,0.3939179632248939,0.3981612446958981,0.4024045261669024,0.408062234794908,0.4101838755304102,0.4137199434229137,0.4193776520509193,0.425035360678925,0.4264497878359264,0.4285714285714285,0.42998585572843
cell_dino_avgpool,U2OS,mean,1,PCA,mad_robustize,replicate,0.3566355269158986,0.6655629139072847,302,2240,0.4598214285714285,0.5147321428571429,0.5415178571428572,0.5616071428571429,0.5834821428571428,0.5986607142857143,0.6111607142857143,0.6254464285714286,0.634375,0.6446428571428572,0.6508928571428572,0.6580357142857143,0.6669642857142857,0.6723214285714286,0.6790178571428571,0.6834821428571428,0.6875,0.6924107142857143,0.6977678571428572,0.7035714285714286,0.7080357142857143,0.7111607142857143,0.7147321428571428,0.7191964285714286,0.7227678571428572,0.7263392857142857,0.7294642857142857,0.7325892857142857,0.7383928571428572,0.7419642857142857,0.7450892857142857,0.7482142857142857,0.7544642857142857,0.7584821428571429,0.7633928571428571,0.7674107142857143,0.771875,0.7732142857142857,0.7745535714285714,0.7763392857142857,0.7803571428571429,0.7839285714285714,0.7866071428571428,0.7901785714285714,0.79375,0.7959821428571429,0.7977678571428571,0.7991071428571429,0.8008928571428572,0.8040178571428571
cell_dino_avgpool,U2OS,mean,1,PCA,mad_robustize,moa,0.1401220476664644,0.2207792207792207,77,1617,0.0848656294200848,0.1039603960396039,0.1152758132956152,0.1251768033946251,0.1407355021216407,0.1555869872701555,0.1661951909476662,0.1746817538896747,0.1852899575671852,0.1951909476661951,0.2029702970297029,0.2128712871287128,0.2213578500707213,0.2277227722772277,0.2326732673267326,0.2411598302687411,0.2531824611032532,0.263083451202263,0.2701555869872701,0.2828854314002829,0.2885431400282885,0.2942008486562942,0.3019801980198019,0.3097595473833097,0.314002828854314,0.321074964639321,0.3239038189533239,0.3281471004243281,0.3302687411598303,0.3352192362093352,0.3422913719943423,0.347949080622348,0.355021216407355,0.3571428571428571,0.3599717114568599,0.3628005657708628,0.3642149929278642,0.3684582743988684,0.3748231966053748,0.379066478076379,0.3818953323903818,0.3868458274398868,0.3896746817538897,0.3939179632248939,0.4002828854314003,0.4045261669024045,0.4101838755304102,0.4137199434229137,0.4172560113154172,0.4193776520509193
cell_dino_avgpool,U2OS,mean,1,PCA,standardize,replicate,0.336618335015782,0.6225165562913907,302,2240,0.4830357142857143,0.5348214285714286,0.5660714285714286,0.5892857142857143,0.60625,0.6236607142857142,0.6366071428571428,0.646875,0.6575892857142858,0.6700892857142857,0.6816964285714285,0.6933035714285715,0.7004464285714286,0.7098214285714286,0.71875,0.7276785714285714,0.7325892857142857,0.7370535714285714,0.746875,0.7526785714285714,0.7607142857142857,0.7660714285714286,0.7714285714285715,0.7754464285714285,0.7821428571428571,0.7888392857142857,0.7901785714285714,0.7946428571428571,0.7991071428571429,0.8026785714285715,0.8049107142857143,0.8075892857142857,0.8111607142857142,0.8129464285714286,0.8151785714285714,0.8169642857142857,0.8200892857142857,0.8236607142857143,0.8267857142857142,0.8303571428571429,0.8316964285714286,0.8357142857142857,0.8415178571428571,0.8446428571428571,0.846875,0.8491071428571428,0.8517857142857143,0.8549107142857143,0.85625,0.8575892857142857
cell_dino_avgpool,U2OS,mean,1,PCA,standardize,moa,0.1330736782673626,0.1428571428571428,77,1617,0.0905233380480905,0.1046676096181046,0.1216407355021216,0.1343705799151343,0.1442715700141442,0.1555869872701555,0.1647807637906647,0.1746817538896747,0.1838755304101838,0.193069306930693,0.2072135785007072,0.2192362093352192,0.227015558698727,0.2404526166902404,0.2496463932107496,0.2616690240452616,0.2701555869872701,0.2807637906647807,0.2878359264497878,0.2991513437057991,0.3033946251768034,0.3111739745403111,0.3154172560113154,0.3239038189533239,0.3316831683168317,0.3366336633663366,0.3465346534653465,0.3507779349363508,0.3564356435643564,0.3642149929278642,0.3698727015558699,0.3762376237623762,0.384016973125884,0.3889674681753889,0.396039603960396,0.4002828854314003,0.4059405940594059,0.4158415841584158,0.4207920792079208,0.4257425742574257,0.4306930693069307,0.4349363507779349,0.4384724186704384,0.442008486562942,0.4483734087694483,0.4497878359264498,0.4512022630834512,0.4554455445544554,0.4618104667609618,0.4646393210749646
cell_dino_avgpool,U2OS,mean,1,PCAcor,mad_robustize,replicate,0.3567249078979626,0.6821192052980133,302,2240,0.4566964285714285,0.5120535714285714,0.5428571428571428,0.5660714285714286,0.5883928571428572,0.6035714285714285,0.6147321428571428,0.6276785714285714,0.6330357142857143,0.6424107142857143,0.6491071428571429,0.6575892857142858,0.6638392857142857,0.6709821428571429,0.6758928571428572,0.6816964285714285,0.6857142857142857,0.6910714285714286,0.6959821428571429,0.7008928571428571,0.7044642857142858,0.7102678571428571,0.7138392857142857,0.71875,0.7236607142857143,0.7267857142857143,0.73125,0.7348214285714286,0.7370535714285714,0.7419642857142857,0.7450892857142857,0.7482142857142857,0.7522321428571429,0.7558035714285715,0.7598214285714285,0.7638392857142857,0.7678571428571429,0.7700892857142857,0.7763392857142857,0.7799107142857142,0.784375,0.7888392857142857,0.7910714285714285,0.7933035714285714,0.7959821428571429,0.7982142857142858,0.8017857142857143,0.8049107142857143,0.8080357142857143,0.8107142857142857
cell_dino_avgpool,U2OS,mean,1,PCAcor,mad_robustize,moa,0.1413539624173551,0.2337662337662337,77,1617,0.0862800565770862,0.1039603960396039,0.1159830268741159,0.1329561527581329,0.144978783592645,0.1548797736916548,0.169024045261669,0.1838755304101838,0.193069306930693,0.1994342291371994,0.2142857142857142,0.227015558698727,0.2369165487977369,0.2446958981612447,0.2489391796322489,0.2581329561527581,0.2659123055162659,0.2736916548797737,0.285007072135785,0.292079207920792,0.3005657708628005,0.3076379066478076,0.3175388967468175,0.3224893917963224,0.3267326732673267,0.3345120226308345,0.3394625176803394,0.3458274398868458,0.3521923620933522,0.3564356435643564,0.3592644978783593,0.3620933521923621,0.3691654879773691,0.3712871287128713,0.3762376237623762,0.3797736916548798,0.3826025459688826,0.3889674681753889,0.3925035360678925,0.3946251768033946,0.396039603960396,0.3988684582743989,0.4016973125884017,0.4059405940594059,0.4123055162659123,0.4158415841584158,0.4200848656294201,0.4229137199434229,0.4285714285714285,0.4328147100424328
cell_dino_avgpool,U2OS,mean,1,PCAcor,standardize,replicate,0.3302998959942312,0.5960264900662252,302,2240,0.4794642857142857,0.5290178571428571,0.5647321428571429,0.5875,0.6071428571428571,0.6191964285714285,0.634375,0.6504464285714285,0.6584821428571429,0.6691964285714286,0.6799107142857143,0.6910714285714286,0.7017857142857142,0.7129464285714285,0.7178571428571429,0.7245535714285715,0.7334821428571429,0.7375,0.7433035714285714,0.7513392857142858,0.75625,0.7633928571428571,0.7678571428571429,0.7732142857142857,0.7785714285714286,0.7803571428571429,0.7861607142857143,0.7901785714285714,0.7950892857142857,0.7986607142857143,0.8040178571428571,0.8075892857142857,0.8111607142857142,0.8142857142857143,0.81875,0.821875,0.8245535714285714,0.828125,0.8308035714285714,0.8334821428571428,0.8375,0.8419642857142857,0.8455357142857143,0.8504464285714286,0.8522321428571429,0.8544642857142857,0.8571428571428571,0.8602678571428571,0.8629464285714286,0.8651785714285715
cell_dino_avgpool,U2OS,mean,1,PCAcor,standardize,moa,0.1308210508177161,0.1688311688311688,77,1617,0.082036775106082,0.1018387553041018,0.1181046676096181,0.135077793493635,0.1435643564356435,0.1605374823196605,0.1753889674681754,0.185997171145686,0.1944837340876944,0.2015558698727015,0.2164073550212164,0.2248939179632249,0.2397454031117397,0.2524752475247525,0.2673267326732673,0.2751060820367751,0.2864214992927864,0.2927864214992928,0.3012729844413013,0.3076379066478076,0.318953323903819,0.3281471004243281,0.3408769448373409,0.3465346534653465,0.355021216407355,0.3599717114568599,0.367043847241867,0.3762376237623762,0.3868458274398868,0.3910891089108911,0.3967468175388967,0.4016973125884017,0.4052333804809052,0.4087694483734088,0.4165487977369165,0.4222065063649222,0.4271570014144271,0.4314002828854314,0.4363507779349364,0.437057991513437,0.4398868458274398,0.4441301272984441,0.4455445544554455,0.4490806223479491,0.4526166902404526,0.4568599717114568,0.4603960396039604,0.4611032531824611,0.466053748231966,0.4688826025459688
cell_dino_avgpool,U2OS,mean,1,ZCA,mad_robustize,replicate,0.32275861934457,0.543046357615894,302,2240,0.403125,0.4401785714285714,0.46875,0.4866071428571428,0.503125,0.5174107142857143,0.53125,0.540625,0.5482142857142858,0.5522321428571428,0.5633928571428571,0.5696428571428571,0.5785714285714286,0.584375,0.5924107142857142,0.5991071428571428,0.6053571428571428,0.6098214285714286,0.6125,0.6178571428571429,0.6241071428571429,0.6272321428571429,0.6330357142857143,0.6357142857142857,0.6397321428571429,0.6464285714285715,0.6477678571428571,0.6526785714285714,0.65625,0.6598214285714286,0.6638392857142857,0.6678571428571428,0.6709821428571429,0.6741071428571429,0.6772321428571428,0.6790178571428571,0.6821428571428572,0.6857142857142857,0.6879464285714286,0.6897321428571429,0.6915178571428572,0.696875,0.7008928571428571,0.7035714285714286,0.70625,0.7084821428571428,0.7111607142857143,0.7160714285714286,0.7183035714285714,0.7205357142857143
cell_dino_avgpool,U2OS,mean,1,ZCA,mad_robustize,moa,0.1334188972225009,0.1558441558441558,77,1617,0.0792079207920792,0.0997171145685997,0.1067892503536067,0.1152758132956152,0.1287128712871287,0.1379066478076379,0.1541725601131541,0.1612446958981612,0.1732673267326732,0.1838755304101838,0.1909476661951909,0.1987270155586987,0.2079207920792079,0.2157001414427157,0.2213578500707213,0.2326732673267326,0.2418670438472418,0.2531824611032532,0.2581329561527581,0.2708628005657709,0.2814710042432815,0.2913719943422914,0.2984441301272984,0.3062234794908062,0.3083451202263083,0.314002828854314,0.3168316831683168,0.3224893917963224,0.3309759547383309,0.3323903818953324,0.3366336633663366,0.3437057991513437,0.3465346534653465,0.3507779349363508,0.3536067892503536,0.3606789250353607,0.3656294200848656,0.3727015558698727,0.3769448373408769,0.3804809052333804,0.384016973125884,0.3889674681753889,0.3932107496463932,0.3953323903818953,0.3981612446958981,0.4024045261669024,0.4059405940594059,0.4094766619519094,0.413012729844413,0.4144271570014144
cell_dino_avgpool,U2OS,mean,1,ZCA,standardize,replicate,0.2847366492244645,0.4403973509933774,302,2240,0.4008928571428571,0.43125,0.4611607142857143,0.4723214285714285,0.4901785714285714,0.4986607142857143,0.5102678571428572,0.5209821428571428,0.5303571428571429,0.5401785714285714,0.5486607142857143,0.559375,0.5683035714285715,0.5736607142857143,0.5857142857142857,0.5901785714285714,0.5973214285714286,0.6017857142857143,0.609375,0.6169642857142857,0.6200892857142857,0.6232142857142857,0.6290178571428572,0.6334821428571429,0.6392857142857142,0.6455357142857143,0.6526785714285714,0.6571428571428571,0.6638392857142857,0.6696428571428571,0.6745535714285714,0.6776785714285715,0.6808035714285714,0.6834821428571428,0.6870535714285714,0.6928571428571428,0.6982142857142857,0.7013392857142857,0.7049107142857143,0.7089285714285715,0.7120535714285714,0.7165178571428571,0.7209821428571429,0.7254464285714286,0.7294642857142857,0.7321428571428571,0.7352678571428571,0.7388392857142857,0.740625,0.7446428571428572
cell_dino_avgpool,U2OS,mean,1,ZCA,standardize,moa,0.1214992368056792,0.1428571428571428,77,1617,0.07001414427157,0.0834512022630834,0.099009900990099,0.1103253182461103,0.1209335219236209,0.1336633663366336,0.1442715700141442,0.157001414427157,0.1676096181046676,0.185997171145686,0.1951909476661951,0.2043847241867044,0.2114568599717114,0.2199434229137199,0.2305516265912305,0.2369165487977369,0.2489391796322489,0.2553041018387553,0.2623762376237624,0.2715700141442715,0.2751060820367751,0.2814710042432815,0.2864214992927864,0.2956152758132956,0.3012729844413013,0.309052333804809,0.3132956152758133,0.3196605374823196,0.3217821782178218,0.3302687411598303,0.3352192362093352,0.3408769448373409,0.347949080622348,0.3528995756718528,0.3578500707213578,0.3620933521923621,0.3684582743988684,0.371994342291372,0.3797736916548798,0.384016973125884,0.3889674681753889,0.3953323903818953,0.3988684582743989,0.4031117397454031,0.4059405940594059,0.408062234794908,0.4115983026874116,0.4165487977369165,0.4179632248939179,0.4243281471004243
cell_dino_avgpool,U2OS,mean,1,ZCAcor,mad_robustize,replicate,0.3236213484109837,0.5695364238410596,302,2240,0.4044642857142857,0.4459821428571429,0.4763392857142857,0.496875,0.5089285714285714,0.5209821428571428,0.5299107142857142,0.5415178571428572,0.5482142857142858,0.5540178571428571,0.5647321428571429,0.5705357142857143,0.5767857142857142,0.5848214285714286,0.5892857142857143,0.5941964285714286,0.6013392857142857,0.6071428571428571,0.6138392857142857,0.6191964285714285,0.621875,0.6236607142857142,0.6294642857142857,0.6348214285714285,0.6419642857142858,0.6486607142857143,0.6517857142857143,0.6589285714285714,0.6598214285714286,0.6642857142857143,0.6696428571428571,0.6754464285714286,0.678125,0.6830357142857143,0.6861607142857142,0.6901785714285714,0.6924107142857143,0.6964285714285714,0.6982142857142857,0.703125,0.7066964285714286,0.7107142857142857,0.7120535714285714,0.7147321428571428,0.7183035714285714,0.7200892857142858,0.7227678571428572,0.7254464285714286,0.7285714285714285,0.73125
cell_dino_avgpool,U2OS,mean,1,ZCAcor,mad_robustize,moa,0.135223877643516,0.1818181818181818,77,1617,0.0763790664780763,0.0947666195190947,0.1074964639321075,0.1244695898161244,0.1393210749646393,0.1471004243281471,0.1591230551626591,0.1676096181046676,0.1768033946251768,0.1895332390381895,0.1994342291371994,0.2072135785007072,0.2185289957567185,0.2326732673267326,0.2383309759547383,0.2468175388967468,0.256011315417256,0.2623762376237624,0.2701555869872701,0.2786421499292786,0.2857142857142857,0.2927864214992928,0.2991513437057991,0.3026874115983027,0.3083451202263083,0.3132956152758133,0.3175388967468175,0.321074964639321,0.3288543140028288,0.3330975954738331,0.3373408769448373,0.342998585572843,0.35007072135785,0.3543140028288543,0.3613861386138614,0.3663366336633663,0.3684582743988684,0.3734087694483734,0.3776520509193776,0.3826025459688826,0.3854314002828854,0.3875530410183875,0.3910891089108911,0.3946251768033946,0.3995756718528995,0.4024045261669024,0.4052333804809052,0.4101838755304102,0.4137199434229137,0.4179632248939179
cell_dino_avgpool,U2OS,mean,1,ZCAcor,standardize,replicate,0.2841058378461725,0.4536423841059602,302,2240,0.3964285714285714,0.4352678571428571,0.4553571428571428,0.4754464285714285,0.4897321428571428,0.4991071428571428,0.50625,0.5183035714285714,0.5258928571428572,0.5397321428571429,0.5513392857142857,0.5580357142857143,0.5647321428571429,0.5709821428571429,0.578125,0.584375,0.5933035714285714,0.6004464285714286,0.6080357142857142,0.6151785714285715,0.6236607142857142,0.628125,0.634375,0.6401785714285714,0.6428571428571429,0.65,0.65625,0.6616071428571428,0.6696428571428571,0.671875,0.675,0.6794642857142857,0.684375,0.6879464285714286,0.6924107142857143,0.6964285714285714,0.7,0.7035714285714286,0.709375,0.7116071428571429,0.7151785714285714,0.7200892857142858,0.721875,0.7254464285714286,0.7276785714285714,0.7330357142857142,0.7370535714285714,0.7388392857142857,0.7424107142857143,0.7459821428571428
cell_dino_avgpool,U2OS,mean,1,ZCAcor,standardize,moa,0.1221660360065098,0.1298701298701298,77,1617,0.0629420084865629,0.0827439886845827,0.0975954738330975,0.111032531824611,0.1265912305516266,0.1407355021216407,0.157001414427157,0.1683168316831683,0.1789250353606789,0.1909476661951909,0.1994342291371994,0.2079207920792079,0.2206506364922206,0.2319660537482319,0.2404526166902404,0.2489391796322489,0.2602545968882602,0.2694483734087694,0.2736916548797737,0.285007072135785,0.2906647807637906,0.3005657708628005,0.3076379066478076,0.3168316831683168,0.3217821782178218,0.3267326732673267,0.3316831683168317,0.3366336633663366,0.3415841584158416,0.347949080622348,0.355021216407355,0.3599717114568599,0.367043847241867,0.3705799151343705,0.3741159830268741,0.3769448373408769,0.3833097595473833,0.3875530410183875,0.3917963224893918,0.4002828854314003,0.4038189533239038,0.4059405940594059,0.4101838755304102,0.4158415841584158,0.4186704384724187,0.4229137199434229,0.4264497878359264,0.4278642149929278,0.4292786421499293,0.4356435643564356
cell_dino_avgpool,U2OS,mean,1,mad_robustize,PCA,replicate,0.1463879134510259,0.3278145695364238,302,2240,0.3758928571428571,0.4147321428571429,0.4370535714285714,0.4544642857142857,0.4709821428571428,0.4821428571428571,0.4892857142857142,0.4995535714285714,0.5071428571428571,0.5138392857142857,0.5209821428571428,0.5272321428571428,0.5321428571428571,0.5379464285714286,0.5446428571428571,0.55,0.5571428571428572,0.5589285714285714,0.5633928571428571,0.5696428571428571,0.5767857142857142,0.5816964285714286,0.5879464285714285,0.5955357142857143,0.6,0.60625,0.609375,0.6133928571428572,0.6169642857142857,0.6178571428571429,0.6227678571428571,0.6263392857142858,0.6303571428571428,0.6321428571428571,0.6361607142857143,0.6388392857142857,0.6433035714285714,0.6459821428571428,0.646875,0.6495535714285714,0.6513392857142857,0.6540178571428571,0.6558035714285714,0.6589285714285714,0.6607142857142857,0.6638392857142857,0.6674107142857143,0.6709821428571429,0.6723214285714286,0.6741071428571429
cell_dino_avgpool,U2OS,mean,1,mad_robustize,PCA,moa,0.0828604374026365,0.1168831168831168,77,1617,0.0749646393210749,0.0912305516265912,0.1032531824611032,0.1166902404526167,0.128005657708628,0.1407355021216407,0.1499292786421499,0.1619519094766619,0.1732673267326732,0.1796322489391796,0.1881188118811881,0.198019801980198,0.2079207920792079,0.2164073550212164,0.222065063649222,0.2291371994342291,0.2397454031117397,0.2475247524752475,0.2595473833097595,0.2673267326732673,0.2743988684582744,0.2807637906647807,0.2835926449787836,0.28995756718529,0.2949080622347949,0.2998585572842998,0.3062234794908062,0.3111739745403111,0.3175388967468175,0.3239038189533239,0.3274398868458274,0.3323903818953324,0.3345120226308345,0.3387553041018387,0.3408769448373409,0.3458274398868458,0.3514851485148514,0.3564356435643564,0.3585572842998585,0.3635077793493635,0.3677510608203677,0.3705799151343705,0.3727015558698727,0.3755304101838755,0.3797736916548798,0.3861386138613861,0.3896746817538897,0.3932107496463932,0.3953323903818953,0.4031117397454031
cell_dino_avgpool,U2OS,mean,1,mad_robustize,PCAcor,replicate,0.1459513380866558,0.3245033112582781,302,2240,0.3736607142857143,0.41875,0.440625,0.4589285714285714,0.4754464285714285,0.4879464285714285,0.4933035714285714,0.5017857142857143,0.5111607142857143,0.5160714285714286,0.5205357142857143,0.5294642857142857,0.5357142857142857,0.5424107142857143,0.55,0.5540178571428571,0.559375,0.5660714285714286,0.5714285714285714,0.578125,0.5852678571428571,0.5892857142857143,0.596875,0.6013392857142857,0.60625,0.6089285714285714,0.6125,0.6151785714285715,0.6191964285714285,0.621875,0.6263392857142858,0.6294642857142857,0.6308035714285715,0.634375,0.6370535714285714,0.6383928571428571,0.6424107142857143,0.6459821428571428,0.646875,0.6504464285714285,0.6522321428571428,0.6549107142857142,0.6584821428571429,0.6602678571428572,0.6629464285714286,0.665625,0.6683035714285714,0.6700892857142857,0.6741071428571429,0.6763392857142857
cell_dino_avgpool,U2OS,mean,1,mad_robustize,PCAcor,moa,0.0828272764878608,0.0909090909090909,77,1617,0.0735502121640735,0.0891089108910891,0.1011315417256011,0.1166902404526167,0.1287128712871287,0.1421499292786421,0.1506364922206506,0.164073550212164,0.1725601131541725,0.1775106082036775,0.1867043847241867,0.1973125884016973,0.2072135785007072,0.2142857142857142,0.2241867043847241,0.2355021216407355,0.2446958981612447,0.2517680339462517,0.2567185289957567,0.2666195190947666,0.2722772277227723,0.2779349363507779,0.285007072135785,0.2913719943422914,0.297029702970297,0.3019801980198019,0.3118811881188119,0.314002828854314,0.321074964639321,0.3253182461103253,0.3295615275813295,0.3352192362093352,0.3387553041018387,0.3415841584158416,0.347949080622348,0.3536067892503536,0.3557284299858557,0.3606789250353607,0.3628005657708628,0.3677510608203677,0.3705799151343705,0.3741159830268741,0.3748231966053748,0.3762376237623762,0.3826025459688826,0.3868458274398868,0.3896746817538897,0.3917963224893918,0.3925035360678925,0.3939179632248939
cell_dino_avgpool,U2OS,mean,1,mad_robustize,ZCA,replicate,0.1463879134510259,0.3278145695364238,302,2240,0.3758928571428571,0.4147321428571429,0.4370535714285714,0.4544642857142857,0.4709821428571428,0.4821428571428571,0.4892857142857142,0.4995535714285714,0.5071428571428571,0.5138392857142857,0.5209821428571428,0.5272321428571428,0.5321428571428571,0.5379464285714286,0.5446428571428571,0.55,0.5571428571428572,0.5589285714285714,0.5633928571428571,0.5696428571428571,0.5767857142857142,0.5816964285714286,0.5879464285714285,0.5950892857142858,0.6,0.60625,0.609375,0.6133928571428572,0.6169642857142857,0.6178571428571429,0.6227678571428571,0.6263392857142858,0.6303571428571428,0.6321428571428571,0.6361607142857143,0.6388392857142857,0.6433035714285714,0.6459821428571428,0.646875,0.6495535714285714,0.6513392857142857,0.6540178571428571,0.6558035714285714,0.6589285714285714,0.6607142857142857,0.6638392857142857,0.6674107142857143,0.6709821428571429,0.6723214285714286,0.6741071428571429
cell_dino_avgpool,U2OS,mean,1,mad_robustize,ZCA,moa,0.0828604374026365,0.1168831168831168,77,1617,0.0749646393210749,0.0912305516265912,0.1032531824611032,0.1166902404526167,0.128005657708628,0.1407355021216407,0.1499292786421499,0.1619519094766619,0.1732673267326732,0.1796322489391796,0.1881188118811881,0.198019801980198,0.2079207920792079,0.2164073550212164,0.222065063649222,0.2291371994342291,0.2397454031117397,0.2475247524752475,0.2595473833097595,0.2673267326732673,0.2743988684582744,0.2807637906647807,0.2835926449787836,0.28995756718529,0.2949080622347949,0.2998585572842998,0.3062234794908062,0.3111739745403111,0.3175388967468175,0.3239038189533239,0.3274398868458274,0.3323903818953324,0.3345120226308345,0.3387553041018387,0.3408769448373409,0.3458274398868458,0.3514851485148514,0.3564356435643564,0.3585572842998585,0.3635077793493635,0.3677510608203677,0.3705799151343705,0.3727015558698727,0.3755304101838755,0.3797736916548798,0.3861386138613861,0.3896746817538897,0.3925035360678925,0.3953323903818953,0.4031117397454031
cell_dino_avgpool,U2OS,mean,1,mad_robustize,ZCAcor,replicate,0.1459513380866558,0.3245033112582781,302,2240,0.3736607142857143,0.41875,0.440625,0.4589285714285714,0.4754464285714285,0.4879464285714285,0.4933035714285714,0.5017857142857143,0.5111607142857143,0.5160714285714286,0.5205357142857143,0.5294642857142857,0.5357142857142857,0.5424107142857143,0.55,0.5540178571428571,0.559375,0.5660714285714286,0.5714285714285714,0.578125,0.5852678571428571,0.5892857142857143,0.596875,0.6017857142857143,0.60625,0.6089285714285714,0.6125,0.6151785714285715,0.6191964285714285,0.621875,0.6263392857142858,0.6294642857142857,0.6308035714285715,0.634375,0.6370535714285714,0.6383928571428571,0.6424107142857143,0.6459821428571428,0.646875,0.6504464285714285,0.6522321428571428,0.6549107142857142,0.6584821428571429,0.6602678571428572,0.6629464285714286,0.665625,0.6683035714285714,0.6700892857142857,0.6741071428571429,0.6763392857142857
cell_dino_avgpool,U2OS,mean,1,mad_robustize,ZCAcor,moa,0.0828272764878608,0.0909090909090909,77,1617,0.0735502121640735,0.0891089108910891,0.1011315417256011,0.1166902404526167,0.1287128712871287,0.1421499292786421,0.1506364922206506,0.164073550212164,0.1725601131541725,0.1775106082036775,0.1867043847241867,0.1973125884016973,0.2072135785007072,0.2142857142857142,0.2241867043847241,0.2355021216407355,0.2446958981612447,0.2517680339462517,0.2567185289957567,0.2666195190947666,0.2722772277227723,0.2779349363507779,0.285007072135785,0.2913719943422914,0.297029702970297,0.3019801980198019,0.3118811881188119,0.314002828854314,0.321074964639321,0.3253182461103253,0.3295615275813295,0.3352192362093352,0.3387553041018387,0.3415841584158416,0.347949080622348,0.3536067892503536,0.3557284299858557,0.3606789250353607,0.3628005657708628,0.3677510608203677,0.3705799151343705,0.3741159830268741,0.3748231966053748,0.3762376237623762,0.3826025459688826,0.3868458274398868,0.3896746817538897,0.3917963224893918,0.3925035360678925,0.3939179632248939
cell_dino_avgpool,U2OS,mean,1,mad_robustize,none,replicate,0.2877829709332202,0.7019867549668874,302,2240,0.409375,0.4669642857142857,0.4982142857142857,0.5232142857142857,0.5491071428571429,0.5696428571428571,0.5808035714285714,0.5928571428571429,0.60625,0.6178571428571429,0.6276785714285714,0.6361607142857143,0.6424107142857143,0.65,0.6553571428571429,0.6629464285714286,0.6669642857142857,0.6723214285714286,0.678125,0.6830357142857143,0.6892857142857143,0.696875,0.7004464285714286,0.7040178571428571,0.7102678571428571,0.7142857142857143,0.7183035714285714,0.7227678571428572,0.7294642857142857,0.7334821428571429,0.7375,0.7424107142857143,0.7482142857142857,0.7513392857142858,0.7575892857142857,0.7625,0.76875,0.7727678571428571,0.7772321428571428,0.78125,0.7821428571428571,0.7839285714285714,0.7852678571428572,0.7866071428571428,0.7901785714285714,0.7950892857142857,0.7959821428571429,0.7977678571428571,0.7991071428571429,0.8
cell_dino_avgpool,U2OS,mean,1,mad_robustize,none,moa,0.1300340501154003,0.1688311688311688,77,1617,0.07001414427157,0.086987270155587,0.1067892503536067,0.1145685997171145,0.1202263083451202,0.1343705799151343,0.1435643564356435,0.1555869872701555,0.1661951909476662,0.1753889674681754,0.1867043847241867,0.1973125884016973,0.2065063649222065,0.2213578500707213,0.2326732673267326,0.2425742574257425,0.251060820367751,0.2567185289957567,0.268033946251768,0.2772277227722772,0.2842998585572843,0.2913719943422914,0.2998585572842998,0.3055162659123055,0.3132956152758133,0.3168316831683168,0.3239038189533239,0.3316831683168317,0.3359264497878359,0.3408769448373409,0.3472418670438472,0.3514851485148514,0.3571428571428571,0.3663366336633663,0.3698727015558699,0.3755304101838755,0.3826025459688826,0.3847241867043847,0.3917963224893918,0.3981612446958981,0.4024045261669024,0.4038189533239038,0.4059405940594059,0.408062234794908,0.4108910891089108,0.4179632248939179,0.425035360678925,0.4271570014144271,0.4306930693069307,0.4342291371994342
cell_dino_avgpool,U2OS,mean,1,standardize,PCA,replicate,0.2476404493496674,0.4337748344370861,302,2240,0.4084821428571428,0.4441964285714285,0.4705357142857143,0.4879464285714285,0.5022321428571429,0.5129464285714286,0.5236607142857143,0.5339285714285714,0.5424107142857143,0.5486607142857143,0.5522321428571428,0.55625,0.5607142857142857,0.5678571428571428,0.5745535714285714,0.5825892857142857,0.5866071428571429,0.5901785714285714,0.5933035714285714,0.596875,0.5995535714285715,0.6026785714285714,0.6075892857142857,0.6107142857142858,0.6133928571428572,0.61875,0.6223214285714286,0.625,0.6276785714285714,0.6325892857142857,0.6348214285714285,0.6383928571428571,0.6419642857142858,0.6455357142857143,0.6491071428571429,0.6513392857142857,0.653125,0.6549107142857142,0.6589285714285714,0.6625,0.6660714285714285,0.6665178571428572,0.66875,0.6700892857142857,0.6732142857142858,0.6772321428571428,0.68125,0.6834821428571428,0.6861607142857142,0.6883928571428571
cell_dino_avgpool,U2OS,mean,1,standardize,PCA,moa,0.1178366201019371,0.1688311688311688,77,1617,0.0813295615275813,0.0954738330975954,0.1053748231966053,0.1173974540311174,0.1251768033946251,0.1329561527581329,0.1463932107496464,0.1555869872701555,0.1654879773691654,0.173974540311174,0.1852899575671852,0.1951909476661951,0.2050919377652051,0.2185289957567185,0.227015558698727,0.2340876944837341,0.2411598302687411,0.251060820367751,0.2574257425742574,0.2637906647807638,0.2687411598302687,0.2722772277227723,0.2758132956152758,0.2821782178217821,0.2857142857142857,0.2913719943422914,0.297029702970297,0.3048090523338048,0.3111739745403111,0.3182461103253182,0.3246110325318246,0.3288543140028288,0.3323903818953324,0.3359264497878359,0.3437057991513437,0.3493635077793494,0.3528995756718528,0.3578500707213578,0.3613861386138614,0.3642149929278642,0.3663366336633663,0.3698727015558699,0.3727015558698727,0.3755304101838755,0.3797736916548798,0.3833097595473833,0.3875530410183875,0.3896746817538897,0.3932107496463932,0.396039603960396
cell_dino_avgpool,U2OS,mean,1,standardize,PCAcor,replicate,0.2488971513519546,0.4503311258278146,302,2240,0.4089285714285714,0.4491071428571428,0.4767857142857143,0.4941964285714286,0.5111607142857143,0.5205357142857143,0.5267857142857143,0.5330357142857143,0.5397321428571429,0.55,0.5575892857142857,0.5616071428571429,0.5665178571428572,0.5714285714285714,0.5776785714285714,0.58125,0.5883928571428572,0.5924107142857142,0.5977678571428572,0.6013392857142857,0.6066964285714286,0.6111607142857143,0.6138392857142857,0.6178571428571429,0.6200892857142857,0.6241071428571429,0.6272321428571429,0.6294642857142857,0.6308035714285715,0.6339285714285714,0.6361607142857143,0.640625,0.6441964285714286,0.6473214285714286,0.6504464285714285,0.6526785714285714,0.6540178571428571,0.6558035714285714,0.6598214285714286,0.6642857142857143,0.6665178571428572,0.66875,0.6705357142857142,0.6736607142857143,0.6767857142857143,0.678125,0.6799107142857143,0.6839285714285714,0.6883928571428571,0.6892857142857143
cell_dino_avgpool,U2OS,mean,1,standardize,PCAcor,moa,0.1179894254616995,0.1688311688311688,77,1617,0.0827439886845827,0.0997171145685997,0.1124469589816124,0.1188118811881188,0.1272984441301273,0.1379066478076379,0.1456859971711457,0.1555869872701555,0.1654879773691654,0.1782178217821782,0.1867043847241867,0.1966053748231966,0.2029702970297029,0.2142857142857142,0.222065063649222,0.2291371994342291,0.2362093352192362,0.2439886845827439,0.2538896746817539,0.2623762376237624,0.2701555869872701,0.2772277227722772,0.2807637906647807,0.285007072135785,0.2878359264497878,0.2934936350777934,0.2991513437057991,0.3033946251768034,0.3076379066478076,0.3132956152758133,0.318953323903819,0.3217821782178218,0.3246110325318246,0.326025459688826,0.3338048090523338,0.3401697312588401,0.3451202263083451,0.3514851485148514,0.3571428571428571,0.3613861386138614,0.3656294200848656,0.3677510608203677,0.3698727015558699,0.371994342291372,0.3748231966053748,0.3811881188118812,0.3847241867043847,0.3868458274398868,0.3889674681753889,0.3939179632248939
cell_dino_avgpool,U2OS,mean,1,standardize,ZCA,replicate,0.2476404493496674,0.4337748344370861,302,2240,0.4084821428571428,0.4441964285714285,0.4705357142857143,0.4879464285714285,0.5022321428571429,0.5129464285714286,0.5236607142857143,0.5339285714285714,0.5424107142857143,0.5486607142857143,0.5522321428571428,0.55625,0.5607142857142857,0.5678571428571428,0.5745535714285714,0.5825892857142857,0.5866071428571429,0.5901785714285714,0.5933035714285714,0.596875,0.5995535714285715,0.6026785714285714,0.6075892857142857,0.6107142857142858,0.6133928571428572,0.61875,0.6223214285714286,0.625,0.6276785714285714,0.6325892857142857,0.6348214285714285,0.6383928571428571,0.6419642857142858,0.6455357142857143,0.6491071428571429,0.6513392857142857,0.653125,0.6549107142857142,0.6589285714285714,0.6625,0.6660714285714285,0.6665178571428572,0.66875,0.6700892857142857,0.6732142857142858,0.6772321428571428,0.68125,0.6834821428571428,0.6861607142857142,0.6883928571428571
cell_dino_avgpool,U2OS,mean,1,standardize,ZCA,moa,0.1178366201019371,0.1688311688311688,77,1617,0.0813295615275813,0.0954738330975954,0.1053748231966053,0.1173974540311174,0.1251768033946251,0.1329561527581329,0.1463932107496464,0.1555869872701555,0.1654879773691654,0.173974540311174,0.1852899575671852,0.1951909476661951,0.2050919377652051,0.2185289957567185,0.227015558698727,0.2340876944837341,0.2411598302687411,0.251060820367751,0.2574257425742574,0.2637906647807638,0.2687411598302687,0.2722772277227723,0.2758132956152758,0.2821782178217821,0.2857142857142857,0.2913719943422914,0.297029702970297,0.3048090523338048,0.3111739745403111,0.3182461103253182,0.3246110325318246,0.3288543140028288,0.3323903818953324,0.3359264497878359,0.3437057991513437,0.3493635077793494,0.3528995756718528,0.3578500707213578,0.3613861386138614,0.3642149929278642,0.3663366336633663,0.3698727015558699,0.3727015558698727,0.3755304101838755,0.3797736916548798,0.3833097595473833,0.3875530410183875,0.3896746817538897,0.3932107496463932,0.396039603960396
cell_dino_avgpool,U2OS,mean,1,standardize,ZCAcor,replicate,0.2488971513519546,0.4503311258278146,302,2240,0.4089285714285714,0.4491071428571428,0.4767857142857143,0.4941964285714286,0.5111607142857143,0.5205357142857143,0.5267857142857143,0.5330357142857143,0.5397321428571429,0.55,0.5575892857142857,0.5616071428571429,0.5665178571428572,0.5714285714285714,0.5776785714285714,0.58125,0.5883928571428572,0.5924107142857142,0.5977678571428572,0.6013392857142857,0.6066964285714286,0.6111607142857143,0.6138392857142857,0.6178571428571429,0.6200892857142857,0.6241071428571429,0.6272321428571429,0.6294642857142857,0.6308035714285715,0.6339285714285714,0.6361607142857143,0.640625,0.6441964285714286,0.6473214285714286,0.6504464285714285,0.6526785714285714,0.6540178571428571,0.6558035714285714,0.6598214285714286,0.6642857142857143,0.6665178571428572,0.66875,0.6705357142857142,0.6736607142857143,0.6767857142857143,0.678125,0.6799107142857143,0.6839285714285714,0.6883928571428571,0.6892857142857143
cell_dino_avgpool,U2OS,mean,1,standardize,ZCAcor,moa,0.1179894254616995,0.1688311688311688,77,1617,0.0827439886845827,0.0997171145685997,0.1124469589816124,0.1188118811881188,0.1272984441301273,0.1379066478076379,0.1456859971711457,0.1555869872701555,0.1654879773691654,0.1782178217821782,0.1867043847241867,0.1966053748231966,0.2029702970297029,0.2142857142857142,0.222065063649222,0.2291371994342291,0.2362093352192362,0.2439886845827439,0.2538896746817539,0.2623762376237624,0.2701555869872701,0.2772277227722772,0.2807637906647807,0.285007072135785,0.2878359264497878,0.2934936350777934,0.2991513437057991,0.3033946251768034,0.3076379066478076,0.3132956152758133,0.318953323903819,0.3217821782178218,0.3246110325318246,0.326025459688826,0.3338048090523338,0.3401697312588401,0.3451202263083451,0.3514851485148514,0.3571428571428571,0.3613861386138614,0.3656294200848656,0.3677510608203677,0.3698727015558699,0.371994342291372,0.3748231966053748,0.3811881188118812,0.3847241867043847,0.3868458274398868,0.3889674681753889,0.3939179632248939
cell_dino_avgpool,U2OS,mean,1,standardize,none,replicate,0.2943877722354442,0.6589403973509934,302,2240,0.3964285714285714,0.4513392857142857,0.4892857142857142,0.5174107142857143,0.5392857142857143,0.5571428571428572,0.5696428571428571,0.584375,0.59375,0.6049107142857143,0.6165178571428571,0.6236607142857142,0.6321428571428571,0.640625,0.6482142857142857,0.6553571428571429,0.6629464285714286,0.6700892857142857,0.6754464285714286,0.678125,0.6848214285714286,0.690625,0.6946428571428571,0.6986607142857143,0.7035714285714286,0.7098214285714286,0.7165178571428571,0.7214285714285714,0.7285714285714285,0.7334821428571429,0.7379464285714286,0.7455357142857143,0.7477678571428571,0.7513392857142858,0.7553571428571428,0.7575892857142857,0.7589285714285714,0.7651785714285714,0.7696428571428572,0.7736607142857143,0.7785714285714286,0.7852678571428572,0.7866071428571428,0.7888392857142857,0.7910714285714285,0.7941964285714286,0.7955357142857142,0.7973214285714286,0.7995535714285714,0.8026785714285715
cell_dino_avgpool,U2OS,mean,1,standardize,none,moa,0.1324737526536777,0.1818181818181818,77,1617,0.0664780763790664,0.0884016973125884,0.1004243281471004,0.1082036775106082,0.1202263083451202,0.1329561527581329,0.14002828854314,0.1499292786421499,0.1619519094766619,0.1753889674681754,0.1852899575671852,0.1958981612446959,0.2043847241867044,0.2157001414427157,0.2305516265912305,0.2369165487977369,0.2461103253182461,0.2545968882602546,0.2644978783592644,0.2715700141442715,0.28005657708628,0.2864214992927864,0.2913719943422914,0.3005657708628005,0.3083451202263083,0.3147100424328147,0.3196605374823196,0.3253182461103253,0.3316831683168317,0.3401697312588401,0.3451202263083451,0.3514851485148514,0.3564356435643564,0.3642149929278642,0.3705799151343705,0.3748231966053748,0.3762376237623762,0.3847241867043847,0.3896746817538897,0.3910891089108911,0.3967468175388967,0.4031117397454031,0.4045261669024045,0.4094766619519094,0.4144271570014144,0.4207920792079208,0.4264497878359264,0.4292786421499293,0.4321074964639321,0.4363507779349364
cell_dino_avgpool,U2OS,median,0,PCA,mad_robustize,replicate,0.3248003073517376,0.6225165562913907,302,2240,0.4080357142857143,0.4566964285714285,0.4870535714285714,0.5111607142857143,0.5294642857142857,0.5477678571428571,0.5625,0.5727678571428572,0.5825892857142857,0.59375,0.6008928571428571,0.6066964285714286,0.6129464285714286,0.6191964285714285,0.6263392857142858,0.6316964285714286,0.6379464285714286,0.6455357142857143,0.6517857142857143,0.6558035714285714,0.6607142857142857,0.6665178571428572,0.6727678571428571,0.6772321428571428,0.6816964285714285,0.6857142857142857,0.6892857142857143,0.6946428571428571,0.696875,0.7004464285714286,0.7049107142857143,0.7089285714285715,0.7133928571428572,0.7169642857142857,0.7209821428571429,0.7241071428571428,0.7290178571428572,0.7308035714285714,0.7330357142857142,0.7361607142857143,0.7397321428571428,0.7419642857142857,0.7450892857142857,0.7482142857142857,0.7504464285714286,0.7540178571428572,0.7566964285714286,0.7589285714285714,0.7602678571428572,0.7625
cell_dino_avgpool,U2OS,median,0,PCA,mad_robustize,moa,0.1441235958925565,0.2337662337662337,77,1617,0.082036775106082,0.0975954738330975,0.1131541725601131,0.1258840169731258,0.1407355021216407,0.1534653465346534,0.1633663366336633,0.1704384724186704,0.1852899575671852,0.1951909476661951,0.2022630834512022,0.21004243281471,0.2206506364922206,0.2305516265912305,0.239038189533239,0.2482319660537482,0.2567185289957567,0.260961810466761,0.2673267326732673,0.2814710042432815,0.28995756718529,0.2977369165487977,0.3062234794908062,0.314002828854314,0.318953323903819,0.3217821782178218,0.326025459688826,0.3302687411598303,0.3401697312588401,0.3444130127298444,0.3458274398868458,0.3486562942008486,0.3564356435643564,0.3578500707213578,0.3642149929278642,0.3698727015558699,0.3755304101838755,0.3811881188118812,0.384016973125884,0.3903818953323903,0.3946251768033946,0.3988684582743989,0.4066478076379066,0.4115983026874116,0.4158415841584158,0.4186704384724187,0.4222065063649222,0.4257425742574257,0.42998585572843,0.4342291371994342
cell_dino_avgpool,U2OS,median,0,PCA,standardize,replicate,0.3342401261407567,0.652317880794702,302,2240,0.421875,0.4683035714285714,0.5066964285714286,0.5303571428571429,0.553125,0.5678571428571428,0.5816964285714286,0.5946428571428571,0.6040178571428572,0.6165178571428571,0.6214285714285714,0.628125,0.63125,0.6388392857142857,0.6477678571428571,0.6540178571428571,0.6625,0.66875,0.6732142857142858,0.6790178571428571,0.6857142857142857,0.6924107142857143,0.6977678571428572,0.7053571428571429,0.7107142857142857,0.7174107142857142,0.721875,0.728125,0.7308035714285714,0.7352678571428571,0.7379464285714286,0.7415178571428571,0.7455357142857143,0.7504464285714286,0.753125,0.7553571428571428,0.7584821428571429,0.7620535714285714,0.7665178571428571,0.7696428571428572,0.7758928571428572,0.778125,0.78125,0.7870535714285715,0.7892857142857143,0.7933035714285714,0.796875,0.7986607142857143,0.8,0.8026785714285715
cell_dino_avgpool,U2OS,median,0,PCA,standardize,moa,0.1423449268039536,0.2077922077922078,77,1617,0.0841584158415841,0.0983026874115983,0.111032531824611,0.1272984441301273,0.1478076379066478,0.1584158415841584,0.1732673267326732,0.1831683168316831,0.1909476661951909,0.2008486562942008,0.2121640735502121,0.222065063649222,0.2319660537482319,0.2397454031117397,0.2503536067892503,0.2595473833097595,0.2659123055162659,0.2722772277227723,0.2828854314002829,0.2977369165487977,0.3069306930693069,0.3125884016973126,0.3196605374823196,0.3295615275813295,0.338048090523338,0.3465346534653465,0.3514851485148514,0.3571428571428571,0.3599717114568599,0.3656294200848656,0.3705799151343705,0.3769448373408769,0.3833097595473833,0.3854314002828854,0.3910891089108911,0.3932107496463932,0.3981612446958981,0.4045261669024045,0.4066478076379066,0.413012729844413,0.4186704384724187,0.4236209335219236,0.4278642149929278,0.4335219236209335,0.4363507779349364,0.4405940594059406,0.4441301272984441,0.4490806223479491,0.454031117397454,0.4561527581329561
cell_dino_avgpool,U2OS,median,0,PCAcor,mad_robustize,replicate,0.3313002069074674,0.6324503311258278,302,2240,0.4142857142857143,0.4696428571428571,0.4964285714285714,0.5223214285714286,0.5433035714285714,0.5575892857142857,0.5678571428571428,0.5794642857142858,0.5933035714285714,0.6040178571428572,0.6125,0.6178571428571429,0.625,0.6339285714285714,0.6410714285714286,0.6455357142857143,0.6522321428571428,0.6571428571428571,0.6616071428571428,0.6678571428571428,0.6723214285714286,0.6772321428571428,0.6834821428571428,0.6866071428571429,0.6888392857142858,0.6928571428571428,0.6964285714285714,0.7008928571428571,0.7066964285714286,0.7107142857142857,0.7138392857142857,0.715625,0.7196428571428571,0.7223214285714286,0.7263392857142857,0.7299107142857143,0.7330357142857142,0.7383928571428572,0.7419642857142857,0.7455357142857143,0.7513392857142858,0.7553571428571428,0.7580357142857143,0.7611607142857143,0.7651785714285714,0.7660714285714286,0.7678571428571429,0.7691964285714286,0.7691964285714286,0.7705357142857143
cell_dino_avgpool,U2OS,median,0,PCAcor,mad_robustize,moa,0.1430296838264247,0.2467532467532467,77,1617,0.0834512022630834,0.0968882602545968,0.106082036775106,0.1209335219236209,0.1308345120226308,0.1407355021216407,0.152050919377652,0.1647807637906647,0.173974540311174,0.1824611032531824,0.1909476661951909,0.1987270155586987,0.2050919377652051,0.2121640735502121,0.2206506364922206,0.2256011315417256,0.2355021216407355,0.2446958981612447,0.2538896746817539,0.260961810466761,0.268033946251768,0.2751060820367751,0.2842998585572843,0.2906647807637906,0.2998585572842998,0.3069306930693069,0.3104667609618105,0.3147100424328147,0.3182461103253182,0.3224893917963224,0.3302687411598303,0.3359264497878359,0.3415841584158416,0.3458274398868458,0.3543140028288543,0.3599717114568599,0.3698727015558699,0.3741159830268741,0.3797736916548798,0.3854314002828854,0.3917963224893918,0.3953323903818953,0.400990099009901,0.4087694483734088,0.4108910891089108,0.4158415841584158,0.4214992927864215,0.4278642149929278,0.4292786421499293,0.4314002828854314
cell_dino_avgpool,U2OS,median,0,PCAcor,standardize,replicate,0.3307134284234528,0.6721854304635762,302,2240,0.4285714285714285,0.4772321428571429,0.5125,0.5330357142857143,0.5491071428571429,0.5727678571428572,0.5839285714285715,0.5955357142857143,0.6071428571428571,0.6138392857142857,0.6272321428571429,0.6325892857142857,0.6392857142857142,0.6473214285714286,0.653125,0.6589285714285714,0.6660714285714285,0.671875,0.6799107142857143,0.6852678571428571,0.6928571428571428,0.6986607142857143,0.7049107142857143,0.7116071428571429,0.715625,0.7191964285714286,0.7254464285714286,0.7316964285714286,0.7401785714285715,0.7441964285714285,0.7491071428571429,0.7526785714285714,0.7553571428571428,0.7589285714285714,0.7638392857142857,0.7665178571428571,0.7700892857142857,0.7727678571428571,0.7758928571428572,0.7790178571428571,0.7803571428571429,0.7821428571428571,0.7848214285714286,0.7875,0.7910714285714285,0.7982142857142858,0.8004464285714286,0.8026785714285715,0.8075892857142857,0.8111607142857142
cell_dino_avgpool,U2OS,median,0,PCAcor,standardize,moa,0.1395047623719233,0.2077922077922078,77,1617,0.077086280056577,0.0933521923620933,0.1053748231966053,0.1237623762376237,0.1301272984441301,0.1421499292786421,0.1562942008486563,0.1669024045261669,0.1789250353606789,0.1902404526166902,0.2043847241867044,0.2178217821782178,0.2241867043847241,0.2305516265912305,0.2411598302687411,0.2545968882602546,0.263083451202263,0.2701555869872701,0.2828854314002829,0.2927864214992928,0.2998585572842998,0.3083451202263083,0.3203677510608204,0.3302687411598303,0.3359264497878359,0.3415841584158416,0.3451202263083451,0.3514851485148514,0.3543140028288543,0.3599717114568599,0.3691654879773691,0.3776520509193776,0.3854314002828854,0.3875530410183875,0.3903818953323903,0.3946251768033946,0.3988684582743989,0.4031117397454031,0.4073550212164074,0.4115983026874116,0.413012729844413,0.4186704384724187,0.4236209335219236,0.4292786421499293,0.4342291371994342,0.437057991513437,0.4434229137199434,0.4462517680339462,0.4490806223479491,0.4519094766619519
cell_dino_avgpool,U2OS,median,0,ZCA,mad_robustize,replicate,0.3040301620516594,0.5231788079470199,302,2240,0.371875,0.4116071428571428,0.4508928571428571,0.4683035714285714,0.4830357142857143,0.4959821428571428,0.509375,0.5254464285714285,0.5334821428571429,0.5428571428571428,0.55,0.5566964285714285,0.5607142857142857,0.565625,0.5700892857142857,0.5745535714285714,0.5803571428571429,0.5875,0.5941964285714286,0.5964285714285714,0.6017857142857143,0.6058035714285714,0.6098214285714286,0.6116071428571429,0.6169642857142857,0.6245535714285714,0.6303571428571428,0.6330357142857143,0.6357142857142857,0.6392857142857142,0.6415178571428571,0.6450892857142857,0.6477678571428571,0.6508928571428572,0.65625,0.6584821428571429,0.6625,0.6665178571428572,0.6696428571428571,0.6727678571428571,0.678125,0.6808035714285714,0.6830357142857143,0.684375,0.6861607142857142,0.6892857142857143,0.6915178571428572,0.6941964285714286,0.696875,0.703125
cell_dino_avgpool,U2OS,median,0,ZCA,mad_robustize,moa,0.141234593764658,0.2337662337662337,77,1617,0.0785007072135785,0.094059405940594,0.1089108910891089,0.123055162659123,0.1336633663366336,0.1456859971711457,0.1527581329561527,0.1605374823196605,0.173974540311174,0.181046676096181,0.193069306930693,0.2008486562942008,0.2093352192362093,0.2164073550212164,0.2256011315417256,0.2333804809052334,0.2418670438472418,0.2468175388967468,0.2524752475247525,0.2623762376237624,0.2694483734087694,0.2758132956152758,0.28995756718529,0.2949080622347949,0.3019801980198019,0.3069306930693069,0.3154172560113154,0.3175388967468175,0.3231966053748232,0.326025459688826,0.3323903818953324,0.3359264497878359,0.3387553041018387,0.3444130127298444,0.35007072135785,0.3571428571428571,0.3606789250353607,0.3656294200848656,0.3691654879773691,0.3705799151343705,0.3762376237623762,0.3826025459688826,0.3925035360678925,0.3974540311173974,0.4031117397454031,0.4059405940594059,0.4108910891089108,0.4172560113154172,0.4243281471004243,0.4257425742574257
cell_dino_avgpool,U2OS,median,0,ZCA,standardize,replicate,0.2970402234803365,0.4701986754966887,302,2240,0.3691964285714286,0.4160714285714286,0.4388392857142857,0.4580357142857142,0.4705357142857143,0.4785714285714286,0.4910714285714285,0.5004464285714286,0.5084821428571429,0.5183035714285714,0.5254464285714285,0.534375,0.54375,0.5486607142857143,0.5558035714285714,0.5598214285714286,0.5674107142857143,0.5745535714285714,0.58125,0.5897321428571428,0.59375,0.6,0.60625,0.6102678571428571,0.6151785714285715,0.6169642857142857,0.6191964285714285,0.6245535714285714,0.6285714285714286,0.6334821428571429,0.6392857142857142,0.6446428571428572,0.6495535714285714,0.653125,0.6575892857142858,0.6620535714285715,0.6678571428571428,0.6714285714285714,0.6758928571428572,0.6821428571428572,0.6866071428571429,0.6892857142857143,0.6928571428571428,0.696875,0.7,0.7040178571428571,0.70625,0.7102678571428571,0.7138392857142857,0.7196428571428571
cell_dino_avgpool,U2OS,median,0,ZCA,standardize,moa,0.136295559444245,0.1558441558441558,77,1617,0.0685997171145686,0.0841584158415841,0.1018387553041018,0.1124469589816124,0.1202263083451202,0.135077793493635,0.1471004243281471,0.1584158415841584,0.1711456859971711,0.1867043847241867,0.1987270155586987,0.2086280056577086,0.2192362093352192,0.2248939179632249,0.2340876944837341,0.2411598302687411,0.2461103253182461,0.2531824611032532,0.2588401697312588,0.2708628005657709,0.2793493635077793,0.2906647807637906,0.3019801980198019,0.309052333804809,0.3168316831683168,0.3231966053748232,0.3281471004243281,0.3338048090523338,0.3394625176803394,0.3437057991513437,0.3507779349363508,0.3543140028288543,0.3635077793493635,0.3691654879773691,0.3712871287128713,0.3741159830268741,0.3769448373408769,0.3811881188118812,0.3875530410183875,0.3896746817538897,0.3932107496463932,0.4002828854314003,0.4024045261669024,0.4087694483734088,0.4158415841584158,0.4200848656294201,0.4229137199434229,0.4271570014144271,0.4321074964639321,0.437057991513437
cell_dino_avgpool,U2OS,median,0,ZCAcor,mad_robustize,replicate,0.3079639554449311,0.5761589403973509,302,2240,0.3834821428571429,0.4214285714285714,0.4441964285714285,0.4642857142857143,0.4772321428571429,0.4955357142857143,0.5071428571428571,0.5174107142857143,0.5276785714285714,0.5401785714285714,0.5513392857142857,0.55625,0.5629464285714286,0.5678571428571428,0.5741071428571428,0.5790178571428571,0.5861607142857143,0.5915178571428571,0.5986607142857143,0.6049107142857143,0.6098214285714286,0.615625,0.6200892857142857,0.6254464285714286,0.6321428571428571,0.6352678571428572,0.6383928571428571,0.6441964285714286,0.646875,0.6504464285714285,0.6540178571428571,0.6580357142857143,0.6598214285714286,0.6629464285714286,0.6678571428571428,0.6714285714285714,0.6736607142857143,0.6758928571428572,0.6790178571428571,0.6816964285714285,0.6839285714285714,0.6861607142857142,0.6888392857142858,0.6928571428571428,0.696875,0.6991071428571428,0.7035714285714286,0.7058035714285714,0.7098214285714286,0.7120535714285714
cell_dino_avgpool,U2OS,median,0,ZCAcor,mad_robustize,moa,0.1421298018971573,0.2337662337662337,77,1617,0.0777934936350777,0.0905233380480905,0.1018387553041018,0.1145685997171145,0.1301272984441301,0.1379066478076379,0.1485148514851485,0.1577086280056577,0.1683168316831683,0.1803394625176803,0.1888260254596888,0.1951909476661951,0.2043847241867044,0.2192362093352192,0.2319660537482319,0.2397454031117397,0.2432814710042432,0.2503536067892503,0.2567185289957567,0.2637906647807638,0.268033946251768,0.2722772277227723,0.2779349363507779,0.2842998585572843,0.2906647807637906,0.2956152758132956,0.3041018387553041,0.3104667609618105,0.3182461103253182,0.321074964639321,0.3246110325318246,0.3288543140028288,0.338048090523338,0.3437057991513437,0.3493635077793494,0.3543140028288543,0.3578500707213578,0.3620933521923621,0.3677510608203677,0.3712871287128713,0.3741159830268741,0.3783592644978784,0.3826025459688826,0.3882602545968883,0.3946251768033946,0.4016973125884017,0.4038189533239038,0.4101838755304102,0.4158415841584158,0.4214992927864215
cell_dino_avgpool,U2OS,median,0,ZCAcor,standardize,replicate,0.3001764769183789,0.5033112582781457,302,2240,0.3758928571428571,0.4138392857142857,0.434375,0.4526785714285714,0.4754464285714285,0.4910714285714285,0.5026785714285714,0.5116071428571428,0.5191964285714286,0.5299107142857142,0.5379464285714286,0.5455357142857142,0.5544642857142857,0.5616071428571429,0.5714285714285714,0.578125,0.5825892857142857,0.5959821428571429,0.6017857142857143,0.6084821428571429,0.6142857142857143,0.6223214285714286,0.6258928571428571,0.6325892857142857,0.6375,0.6419642857142858,0.6459821428571428,0.6495535714285714,0.6517857142857143,0.6558035714285714,0.6584821428571429,0.6647321428571429,0.66875,0.6727678571428571,0.6763392857142857,0.6830357142857143,0.6879464285714286,0.6919642857142857,0.6964285714285714,0.7008928571428571,0.7044642857142858,0.7084821428571428,0.7133928571428572,0.7160714285714286,0.7183035714285714,0.7200892857142858,0.725,0.7299107142857143,0.7339285714285714,0.7366071428571429
cell_dino_avgpool,U2OS,median,0,ZCAcor,standardize,moa,0.1368385603931473,0.1428571428571428,77,1617,0.0678925035360678,0.0848656294200848,0.0983026874115983,0.1082036775106082,0.1244695898161244,0.1343705799151343,0.1442715700141442,0.1562942008486563,0.1683168316831683,0.1796322489391796,0.1937765205091937,0.2050919377652051,0.2171145685997171,0.2248939179632249,0.2326732673267326,0.2411598302687411,0.2531824611032532,0.2673267326732673,0.2765205091937765,0.2864214992927864,0.2927864214992928,0.3048090523338048,0.3097595473833097,0.3132956152758133,0.3217821782178218,0.3281471004243281,0.3345120226308345,0.342998585572843,0.347949080622348,0.3528995756718528,0.3592644978783593,0.3649222065063649,0.3691654879773691,0.3748231966053748,0.3776520509193776,0.3833097595473833,0.3875530410183875,0.3910891089108911,0.3946251768033946,0.3981612446958981,0.4031117397454031,0.4052333804809052,0.4094766619519094,0.4186704384724187,0.4229137199434229,0.4271570014144271,0.4342291371994342,0.4384724186704384,0.4413012729844413,0.4441301272984441
cell_dino_avgpool,U2OS,median,0,mad_robustize,PCA,replicate,0.1806641135703814,0.3841059602649007,302,2240,0.3705357142857143,0.4151785714285714,0.4348214285714286,0.4522321428571428,0.4620535714285714,0.4709821428571428,0.4790178571428571,0.4910714285714285,0.4991071428571428,0.5044642857142857,0.5129464285714286,0.5205357142857143,0.528125,0.5352678571428572,0.5424107142857143,0.546875,0.5540178571428571,0.5616071428571429,0.565625,0.5709821428571429,0.5732142857142857,0.5767857142857142,0.58125,0.5879464285714285,0.5915178571428571,0.5959821428571429,0.5982142857142857,0.6022321428571429,0.6080357142857142,0.6102678571428571,0.6142857142857143,0.6200892857142857,0.6227678571428571,0.6258928571428571,0.6294642857142857,0.6316964285714286,0.6357142857142857,0.640625,0.6433035714285714,0.6450892857142857,0.6477678571428571,0.65,0.6517857142857143,0.6540178571428571,0.6575892857142858,0.6620535714285715,0.6638392857142857,0.665625,0.6665178571428572,0.6683035714285714
cell_dino_avgpool,U2OS,median,0,mad_robustize,PCA,moa,0.0994804805895797,0.1558441558441558,77,1617,0.0721357850070721,0.0862800565770862,0.1025459688826025,0.1131541725601131,0.1244695898161244,0.1371994342291372,0.1541725601131541,0.1654879773691654,0.1768033946251768,0.1824611032531824,0.1958981612446959,0.2065063649222065,0.2135785007072135,0.222065063649222,0.2277227722772277,0.2333804809052334,0.2404526166902404,0.2461103253182461,0.2538896746817539,0.2623762376237624,0.2708628005657709,0.2758132956152758,0.2807637906647807,0.2842998585572843,0.2878359264497878,0.28995756718529,0.2977369165487977,0.3062234794908062,0.3111739745403111,0.3147100424328147,0.3196605374823196,0.3224893917963224,0.3288543140028288,0.3352192362093352,0.3415841584158416,0.3458274398868458,0.3493635077793494,0.3543140028288543,0.3599717114568599,0.3663366336633663,0.3691654879773691,0.3755304101838755,0.3783592644978784,0.3847241867043847,0.3861386138613861,0.3896746817538897,0.3932107496463932,0.3981612446958981,0.4031117397454031,0.4087694483734088
cell_dino_avgpool,U2OS,median,0,mad_robustize,PCAcor,replicate,0.1794364907968351,0.3874172185430463,302,2240,0.3696428571428571,0.4129464285714285,0.434375,0.4513392857142857,0.4625,0.4714285714285714,0.4799107142857143,0.4888392857142857,0.4982142857142857,0.5058035714285715,0.5089285714285714,0.5174107142857143,0.5254464285714285,0.5294642857142857,0.5361607142857143,0.5433035714285714,0.5486607142857143,0.5522321428571428,0.5607142857142857,0.5683035714285715,0.5758928571428571,0.5785714285714286,0.5808035714285714,0.5857142857142857,0.5897321428571428,0.5946428571428571,0.5977678571428572,0.6013392857142857,0.603125,0.60625,0.6111607142857143,0.6138392857142857,0.6174107142857143,0.6214285714285714,0.625,0.6285714285714286,0.6321428571428571,0.6375,0.6424107142857143,0.64375,0.6473214285714286,0.6513392857142857,0.6526785714285714,0.6549107142857142,0.6575892857142858,0.659375,0.6625,0.6647321428571429,0.6674107142857143,0.6705357142857142
cell_dino_avgpool,U2OS,median,0,mad_robustize,PCAcor,moa,0.0992042093795632,0.1558441558441558,77,1617,0.0742574257425742,0.0884016973125884,0.0983026874115983,0.106082036775106,0.1209335219236209,0.1315417256011315,0.1506364922206506,0.1626591230551626,0.1732673267326732,0.1831683168316831,0.1951909476661951,0.2086280056577086,0.2171145685997171,0.2213578500707213,0.2284299858557284,0.2347949080622348,0.2418670438472418,0.251060820367751,0.2588401697312588,0.2637906647807638,0.2722772277227723,0.2807637906647807,0.2857142857142857,0.2913719943422914,0.2963224893917963,0.2998585572842998,0.3062234794908062,0.3111739745403111,0.314002828854314,0.3168316831683168,0.321074964639321,0.3246110325318246,0.3316831683168317,0.3359264497878359,0.3401697312588401,0.3458274398868458,0.3472418670438472,0.3493635077793494,0.3564356435643564,0.3606789250353607,0.3635077793493635,0.367043847241867,0.3712871287128713,0.3734087694483734,0.379066478076379,0.3847241867043847,0.3910891089108911,0.3939179632248939,0.3953323903818953,0.3974540311173974
cell_dino_avgpool,U2OS,median,0,mad_robustize,ZCA,replicate,0.1806641135703814,0.3841059602649007,302,2240,0.3705357142857143,0.4151785714285714,0.4348214285714286,0.4522321428571428,0.4620535714285714,0.4709821428571428,0.4790178571428571,0.4910714285714285,0.4991071428571428,0.5044642857142857,0.5129464285714286,0.5205357142857143,0.528125,0.5352678571428572,0.5424107142857143,0.546875,0.5540178571428571,0.5616071428571429,0.565625,0.5709821428571429,0.5732142857142857,0.5767857142857142,0.58125,0.5879464285714285,0.5915178571428571,0.5959821428571429,0.5982142857142857,0.6022321428571429,0.6080357142857142,0.6102678571428571,0.6142857142857143,0.6200892857142857,0.6227678571428571,0.6258928571428571,0.6294642857142857,0.6316964285714286,0.6357142857142857,0.640625,0.6433035714285714,0.6450892857142857,0.6477678571428571,0.65,0.6517857142857143,0.6540178571428571,0.6575892857142858,0.6620535714285715,0.6638392857142857,0.665625,0.6665178571428572,0.6683035714285714
cell_dino_avgpool,U2OS,median,0,mad_robustize,ZCA,moa,0.0994804805895797,0.1558441558441558,77,1617,0.0721357850070721,0.0862800565770862,0.1025459688826025,0.1131541725601131,0.1244695898161244,0.1371994342291372,0.1541725601131541,0.1654879773691654,0.1768033946251768,0.1824611032531824,0.1958981612446959,0.2065063649222065,0.2135785007072135,0.222065063649222,0.2277227722772277,0.2333804809052334,0.2404526166902404,0.2461103253182461,0.2538896746817539,0.2623762376237624,0.2708628005657709,0.2758132956152758,0.2807637906647807,0.2842998585572843,0.2878359264497878,0.28995756718529,0.2977369165487977,0.3062234794908062,0.3111739745403111,0.3147100424328147,0.3196605374823196,0.3224893917963224,0.3288543140028288,0.3352192362093352,0.3415841584158416,0.3458274398868458,0.3493635077793494,0.3543140028288543,0.3599717114568599,0.3663366336633663,0.3691654879773691,0.3755304101838755,0.3783592644978784,0.3847241867043847,0.3861386138613861,0.3896746817538897,0.3932107496463932,0.3981612446958981,0.4031117397454031,0.4087694483734088
cell_dino_avgpool,U2OS,median,0,mad_robustize,ZCAcor,replicate,0.1794364907968351,0.3874172185430463,302,2240,0.3696428571428571,0.4129464285714285,0.434375,0.4513392857142857,0.4625,0.4714285714285714,0.4799107142857143,0.4888392857142857,0.4982142857142857,0.5058035714285715,0.5089285714285714,0.5174107142857143,0.5254464285714285,0.5294642857142857,0.5361607142857143,0.5433035714285714,0.5486607142857143,0.5522321428571428,0.5607142857142857,0.5683035714285715,0.5758928571428571,0.5785714285714286,0.5808035714285714,0.5857142857142857,0.5897321428571428,0.5946428571428571,0.5977678571428572,0.6013392857142857,0.603125,0.60625,0.6111607142857143,0.6138392857142857,0.6174107142857143,0.6214285714285714,0.625,0.6285714285714286,0.6321428571428571,0.6375,0.6424107142857143,0.64375,0.6473214285714286,0.6513392857142857,0.6526785714285714,0.6549107142857142,0.6575892857142858,0.659375,0.6625,0.6647321428571429,0.6674107142857143,0.6705357142857142
cell_dino_avgpool,U2OS,median,0,mad_robustize,ZCAcor,moa,0.0992042093795632,0.1558441558441558,77,1617,0.0742574257425742,0.0884016973125884,0.0983026874115983,0.106082036775106,0.1209335219236209,0.1315417256011315,0.1506364922206506,0.1626591230551626,0.1732673267326732,0.1831683168316831,0.1951909476661951,0.2086280056577086,0.2171145685997171,0.2213578500707213,0.2284299858557284,0.2347949080622348,0.2418670438472418,0.251060820367751,0.2588401697312588,0.2637906647807638,0.2722772277227723,0.2807637906647807,0.2857142857142857,0.2913719943422914,0.2963224893917963,0.2998585572842998,0.3062234794908062,0.3111739745403111,0.314002828854314,0.3168316831683168,0.321074964639321,0.3246110325318246,0.3316831683168317,0.3359264497878359,0.3401697312588401,0.3458274398868458,0.3472418670438472,0.3493635077793494,0.3564356435643564,0.3606789250353607,0.3635077793493635,0.367043847241867,0.3712871287128713,0.3734087694483734,0.379066478076379,0.3847241867043847,0.3910891089108911,0.3939179632248939,0.3953323903818953,0.3974540311173974
cell_dino_avgpool,U2OS,median,0,mad_robustize,none,replicate,0.2791934662866444,0.7052980132450332,302,2240,0.3973214285714285,0.4517857142857143,0.4924107142857143,0.5169642857142858,0.5392857142857143,0.5553571428571429,0.5683035714285715,0.5808035714285714,0.5955357142857143,0.6075892857142857,0.6147321428571428,0.6214285714285714,0.6267857142857143,0.6339285714285714,0.6450892857142857,0.6526785714285714,0.6607142857142857,0.6665178571428572,0.6723214285714286,0.6803571428571429,0.6857142857142857,0.6924107142857143,0.6959821428571429,0.7,0.7049107142857143,0.7066964285714286,0.7111607142857143,0.7138392857142857,0.7178571428571429,0.7191964285714286,0.725,0.7303571428571428,0.7379464285714286,0.7424107142857143,0.746875,0.7495535714285714,0.7504464285714286,0.753125,0.7584821428571429,0.7607142857142857,0.7638392857142857,0.7674107142857143,0.7700892857142857,0.7732142857142857,0.7754464285714285,0.7763392857142857,0.7803571428571429,0.7821428571428571,0.7848214285714286,0.7892857142857143
cell_dino_avgpool,U2OS,median,0,mad_robustize,none,moa,0.1287178312889804,0.1948051948051948,77,1617,0.0707213578500707,0.0912305516265912,0.1039603960396039,0.1124469589816124,0.1251768033946251,0.1322489391796322,0.1442715700141442,0.1548797736916548,0.1633663366336633,0.1746817538896747,0.1867043847241867,0.198019801980198,0.2057991513437058,0.2185289957567185,0.2305516265912305,0.2383309759547383,0.251060820367751,0.263083451202263,0.2708628005657709,0.2772277227722772,0.2864214992927864,0.2913719943422914,0.3026874115983027,0.3062234794908062,0.3111739745403111,0.3182461103253182,0.3253182461103253,0.3309759547383309,0.3352192362093352,0.3387553041018387,0.3465346534653465,0.3514851485148514,0.3585572842998585,0.3649222065063649,0.3712871287128713,0.3783592644978784,0.3847241867043847,0.3882602545968883,0.3925035360678925,0.3953323903818953,0.3981612446958981,0.400990099009901,0.4073550212164074,0.4108910891089108,0.413012729844413,0.4151343705799151,0.4165487977369165,0.4179632248939179,0.4243281471004243,0.4271570014144271
cell_dino_avgpool,U2OS,median,0,standardize,PCA,replicate,0.2699812962898397,0.4503311258278146,302,2240,0.3745535714285714,0.409375,0.4383928571428571,0.459375,0.4723214285714285,0.4866071428571428,0.5013392857142858,0.5129464285714286,0.5241071428571429,0.5294642857142857,0.5370535714285715,0.5441964285714286,0.5522321428571428,0.5598214285714286,0.5642857142857143,0.5696428571428571,0.5763392857142857,0.5821428571428572,0.5857142857142857,0.5888392857142857,0.5910714285714286,0.5933035714285714,0.5973214285714286,0.5995535714285715,0.6049107142857143,0.6098214285714286,0.6142857142857143,0.6151785714285715,0.6183035714285714,0.6209821428571428,0.6263392857142858,0.628125,0.6303571428571428,0.634375,0.6383928571428571,0.6419642857142858,0.6464285714285715,0.6491071428571429,0.6513392857142857,0.653125,0.6544642857142857,0.6566964285714286,0.659375,0.6633928571428571,0.6651785714285714,0.6669642857142857,0.66875,0.6709821428571429,0.6736607142857143,0.6790178571428571
cell_dino_avgpool,U2OS,median,0,standardize,PCA,moa,0.1298344554402405,0.2077922077922078,77,1617,0.0763790664780763,0.0912305516265912,0.1067892503536067,0.1166902404526167,0.1272984441301273,0.135077793493635,0.1463932107496464,0.1562942008486563,0.1626591230551626,0.173974540311174,0.1796322489391796,0.1944837340876944,0.2029702970297029,0.2114568599717114,0.2227722772277227,0.2305516265912305,0.239038189533239,0.2439886845827439,0.251060820367751,0.2616690240452616,0.2687411598302687,0.2751060820367751,0.28005657708628,0.285007072135785,0.28995756718529,0.2963224893917963,0.3033946251768034,0.309052333804809,0.3132956152758133,0.3182461103253182,0.3239038189533239,0.3253182461103253,0.3288543140028288,0.3309759547383309,0.3359264497878359,0.3422913719943423,0.3437057991513437,0.3514851485148514,0.3571428571428571,0.3620933521923621,0.3656294200848656,0.3705799151343705,0.3755304101838755,0.3797736916548798,0.3818953323903818,0.3854314002828854,0.3875530410183875,0.3910891089108911,0.3967468175388967,0.3995756718528995
cell_dino_avgpool,U2OS,median,0,standardize,PCAcor,replicate,0.2697227273029896,0.4701986754966887,302,2240,0.371875,0.4084821428571428,0.4410714285714285,0.4620535714285714,0.4763392857142857,0.4879464285714285,0.4986607142857143,0.5111607142857143,0.5245535714285714,0.5316964285714286,0.5383928571428571,0.5428571428571428,0.5513392857142857,0.5544642857142857,0.559375,0.5633928571428571,0.5683035714285715,0.5709821428571429,0.5772321428571429,0.5816964285714286,0.584375,0.5901785714285714,0.5933035714285714,0.596875,0.6,0.6049107142857143,0.6071428571428571,0.609375,0.6138392857142857,0.6174107142857143,0.6196428571428572,0.6245535714285714,0.6276785714285714,0.6316964285714286,0.634375,0.6366071428571428,0.640625,0.6424107142857143,0.6450892857142857,0.646875,0.6504464285714285,0.6540178571428571,0.6589285714285714,0.6625,0.6651785714285714,0.6674107142857143,0.6700892857142857,0.6709821428571429,0.6736607142857143,0.6758928571428572
cell_dino_avgpool,U2OS,median,0,standardize,PCAcor,moa,0.1291417021992185,0.2207792207792207,77,1617,0.0785007072135785,0.0905233380480905,0.1067892503536067,0.1195190947666195,0.1287128712871287,0.1336633663366336,0.1499292786421499,0.1548797736916548,0.164073550212164,0.1775106082036775,0.1838755304101838,0.1902404526166902,0.2029702970297029,0.2114568599717114,0.2164073550212164,0.2234794908062234,0.2333804809052334,0.2418670438472418,0.2475247524752475,0.2567185289957567,0.263083451202263,0.2701555869872701,0.2758132956152758,0.2821782178217821,0.28995756718529,0.2984441301272984,0.3019801980198019,0.309052333804809,0.3118811881188119,0.3196605374823196,0.3239038189533239,0.3281471004243281,0.3316831683168317,0.338048090523338,0.3401697312588401,0.347949080622348,0.35007072135785,0.3521923620933522,0.355021216407355,0.3592644978783593,0.3628005657708628,0.3677510608203677,0.3748231966053748,0.379066478076379,0.3818953323903818,0.3833097595473833,0.3875530410183875,0.3946251768033946,0.3981612446958981,0.4002828854314003
cell_dino_avgpool,U2OS,median,0,standardize,ZCA,replicate,0.2699812962898397,0.4503311258278146,302,2240,0.3745535714285714,0.409375,0.4383928571428571,0.459375,0.4723214285714285,0.4866071428571428,0.5013392857142858,0.5129464285714286,0.5241071428571429,0.5294642857142857,0.5370535714285715,0.5441964285714286,0.5522321428571428,0.5598214285714286,0.5642857142857143,0.5696428571428571,0.5763392857142857,0.5821428571428572,0.5857142857142857,0.5888392857142857,0.5910714285714286,0.5933035714285714,0.5973214285714286,0.5995535714285715,0.6049107142857143,0.6098214285714286,0.6142857142857143,0.6151785714285715,0.6183035714285714,0.6209821428571428,0.6263392857142858,0.628125,0.6303571428571428,0.634375,0.6383928571428571,0.6419642857142858,0.6464285714285715,0.6491071428571429,0.6513392857142857,0.653125,0.6544642857142857,0.6566964285714286,0.659375,0.6633928571428571,0.6651785714285714,0.6669642857142857,0.66875,0.6709821428571429,0.6736607142857143,0.6790178571428571
cell_dino_avgpool,U2OS,median,0,standardize,ZCA,moa,0.1298344554402405,0.2077922077922078,77,1617,0.0763790664780763,0.0912305516265912,0.1067892503536067,0.1166902404526167,0.1272984441301273,0.135077793493635,0.1463932107496464,0.1562942008486563,0.1626591230551626,0.173974540311174,0.1796322489391796,0.1944837340876944,0.2029702970297029,0.2114568599717114,0.2227722772277227,0.2305516265912305,0.239038189533239,0.2439886845827439,0.251060820367751,0.2616690240452616,0.2687411598302687,0.2751060820367751,0.28005657708628,0.285007072135785,0.28995756718529,0.2963224893917963,0.3033946251768034,0.309052333804809,0.3132956152758133,0.3182461103253182,0.3239038189533239,0.3253182461103253,0.3288543140028288,0.3309759547383309,0.3359264497878359,0.3422913719943423,0.3437057991513437,0.3514851485148514,0.3571428571428571,0.3620933521923621,0.3656294200848656,0.3705799151343705,0.3755304101838755,0.3797736916548798,0.3818953323903818,0.3854314002828854,0.3875530410183875,0.3910891089108911,0.3967468175388967,0.3995756718528995
cell_dino_avgpool,U2OS,median,0,standardize,ZCAcor,replicate,0.2697227273029896,0.4701986754966887,302,2240,0.371875,0.4084821428571428,0.4410714285714285,0.4620535714285714,0.4763392857142857,0.4879464285714285,0.4986607142857143,0.5111607142857143,0.5245535714285714,0.5316964285714286,0.5383928571428571,0.5428571428571428,0.5513392857142857,0.5544642857142857,0.559375,0.5633928571428571,0.5683035714285715,0.5709821428571429,0.5772321428571429,0.5816964285714286,0.584375,0.5901785714285714,0.5933035714285714,0.596875,0.6,0.6049107142857143,0.6071428571428571,0.609375,0.6138392857142857,0.6174107142857143,0.6196428571428572,0.6245535714285714,0.6276785714285714,0.6316964285714286,0.634375,0.6366071428571428,0.640625,0.6424107142857143,0.6450892857142857,0.646875,0.6504464285714285,0.6540178571428571,0.6589285714285714,0.6625,0.6651785714285714,0.6674107142857143,0.6700892857142857,0.6709821428571429,0.6736607142857143,0.6758928571428572
cell_dino_avgpool,U2OS,median,0,standardize,ZCAcor,moa,0.1291417021992185,0.2207792207792207,77,1617,0.0785007072135785,0.0905233380480905,0.1067892503536067,0.1195190947666195,0.1287128712871287,0.1336633663366336,0.1499292786421499,0.1548797736916548,0.164073550212164,0.1775106082036775,0.1838755304101838,0.1902404526166902,0.2029702970297029,0.2114568599717114,0.2164073550212164,0.2234794908062234,0.2333804809052334,0.2418670438472418,0.2475247524752475,0.2567185289957567,0.263083451202263,0.2701555869872701,0.2758132956152758,0.2821782178217821,0.28995756718529,0.2984441301272984,0.3019801980198019,0.309052333804809,0.3118811881188119,0.3196605374823196,0.3239038189533239,0.3281471004243281,0.3316831683168317,0.338048090523338,0.3401697312588401,0.347949080622348,0.35007072135785,0.3521923620933522,0.355021216407355,0.3592644978783593,0.3628005657708628,0.3677510608203677,0.3748231966053748,0.379066478076379,0.3818953323903818,0.3833097595473833,0.3875530410183875,0.3946251768033946,0.3981612446958981,0.4002828854314003
cell_dino_avgpool,U2OS,median,0,standardize,none,replicate,0.287137358557537,0.6556291390728477,302,2240,0.3924107142857143,0.4397321428571428,0.4767857142857143,0.5058035714285715,0.5258928571428572,0.5441964285714286,0.5642857142857143,0.575,0.5897321428571428,0.6026785714285714,0.6089285714285714,0.6165178571428571,0.6267857142857143,0.6334821428571429,0.6388392857142857,0.64375,0.6508928571428572,0.6571428571428571,0.6651785714285714,0.6700892857142857,0.6767857142857143,0.6821428571428572,0.6883928571428571,0.6919642857142857,0.6959821428571429,0.7017857142857142,0.7071428571428572,0.7107142857142857,0.7160714285714286,0.7196428571428571,0.7223214285714286,0.7254464285714286,0.7316964285714286,0.7379464285714286,0.7415178571428571,0.7464285714285714,0.7508928571428571,0.7544642857142857,0.75625,0.7611607142857143,0.7638392857142857,0.7674107142857143,0.7700892857142857,0.7727678571428571,0.778125,0.7803571428571429,0.784375,0.7870535714285715,0.790625,0.7919642857142857
cell_dino_avgpool,U2OS,median,0,standardize,none,moa,0.1316869342671798,0.1818181818181818,77,1617,0.0671852899575671,0.0855728429985855,0.1004243281471004,0.1082036775106082,0.1195190947666195,0.1315417256011315,0.1435643564356435,0.1513437057991513,0.1626591230551626,0.1697312588401697,0.1817538896746817,0.1973125884016973,0.2043847241867044,0.21004243281471,0.2185289957567185,0.2319660537482319,0.2425742574257425,0.2489391796322489,0.2567185289957567,0.2666195190947666,0.272984441301273,0.2793493635077793,0.2864214992927864,0.2913719943422914,0.3012729844413013,0.3118811881188119,0.3196605374823196,0.3246110325318246,0.3288543140028288,0.3359264497878359,0.3394625176803394,0.3451202263083451,0.3514851485148514,0.3585572842998585,0.3642149929278642,0.3691654879773691,0.3748231966053748,0.3804809052333804,0.3847241867043847,0.3903818953323903,0.3967468175388967,0.4002828854314003,0.4066478076379066,0.4123055162659123,0.4144271570014144,0.4179632248939179,0.4222065063649222,0.4285714285714285,0.4335219236209335,0.4363507779349364
cell_dino_avgpool,U2OS,median,1,PCA,mad_robustize,replicate,0.3280406190296435,0.6158940397350994,302,2240,0.4044642857142857,0.4584821428571428,0.4825892857142857,0.5058035714285715,0.5214285714285715,0.5401785714285714,0.5526785714285715,0.5642857142857143,0.5727678571428572,0.5821428571428572,0.5888392857142857,0.596875,0.6049107142857143,0.6107142857142858,0.6174107142857143,0.6236607142857142,0.6294642857142857,0.6361607142857143,0.6446428571428572,0.6508928571428572,0.6584821428571429,0.6642857142857143,0.6705357142857142,0.6754464285714286,0.6830357142857143,0.6875,0.6919642857142857,0.6973214285714285,0.7013392857142857,0.7066964285714286,0.7102678571428571,0.7111607142857143,0.715625,0.7191964285714286,0.7227678571428572,0.7267857142857143,0.73125,0.7348214285714286,0.7379464285714286,0.7415178571428571,0.7428571428571429,0.7455357142857143,0.7473214285714286,0.7491071428571429,0.7535714285714286,0.7584821428571429,0.7589285714285714,0.7629464285714286,0.7638392857142857,0.7669642857142858
cell_dino_avgpool,U2OS,median,1,PCA,mad_robustize,moa,0.1450084644636289,0.2597402597402597,77,1617,0.0792079207920792,0.0968882602545968,0.1089108910891089,0.1195190947666195,0.1336633663366336,0.1428571428571428,0.1534653465346534,0.1619519094766619,0.1669024045261669,0.1753889674681754,0.1845827439886845,0.1958981612446959,0.2072135785007072,0.2178217821782178,0.2256011315417256,0.2376237623762376,0.2475247524752475,0.2545968882602546,0.2637906647807638,0.2722772277227723,0.2807637906647807,0.28995756718529,0.297029702970297,0.3041018387553041,0.3147100424328147,0.321074964639321,0.3267326732673267,0.3316831683168317,0.3373408769448373,0.3422913719943423,0.3465346534653465,0.3521923620933522,0.3578500707213578,0.3663366336633663,0.3698727015558699,0.3748231966053748,0.3769448373408769,0.379066478076379,0.3797736916548798,0.3847241867043847,0.3882602545968883,0.3932107496463932,0.3974540311173974,0.400990099009901,0.4073550212164074,0.4108910891089108,0.4144271570014144,0.4186704384724187,0.4222065063649222,0.4243281471004243
cell_dino_avgpool,U2OS,median,1,PCA,standardize,replicate,0.3377435700380148,0.6754966887417219,302,2240,0.4267857142857142,0.4741071428571428,0.5080357142857143,0.5308035714285714,0.546875,0.5651785714285714,0.5799107142857143,0.5924107142857142,0.6049107142857143,0.6142857142857143,0.6209821428571428,0.6308035714285715,0.640625,0.6486607142857143,0.6580357142857143,0.6651785714285714,0.6696428571428571,0.6745535714285714,0.6808035714285714,0.6861607142857142,0.6919642857142857,0.6991071428571428,0.7058035714285714,0.7098214285714286,0.71875,0.725,0.7303571428571428,0.7352678571428571,0.7419642857142857,0.7450892857142857,0.7535714285714286,0.7571428571428571,0.759375,0.7625,0.7691964285714286,0.7705357142857143,0.7754464285714285,0.7790178571428571,0.7830357142857143,0.7857142857142857,0.7879464285714286,0.790625,0.79375,0.7977678571428571,0.8004464285714286,0.8035714285714286,0.8049107142857143,0.8102678571428571,0.8138392857142858,0.8151785714285714
cell_dino_avgpool,U2OS,median,1,PCA,standardize,moa,0.1438976316194672,0.2207792207792207,77,1617,0.0785007072135785,0.0954738330975954,0.1124469589816124,0.1237623762376237,0.1379066478076379,0.152050919377652,0.1697312588401697,0.1796322489391796,0.1881188118811881,0.1994342291371994,0.2057991513437058,0.2178217821782178,0.2248939179632249,0.2312588401697312,0.2411598302687411,0.2489391796322489,0.2623762376237624,0.2722772277227723,0.28005657708628,0.2878359264497878,0.2991513437057991,0.3069306930693069,0.3147100424328147,0.321074964639321,0.3267326732673267,0.3345120226308345,0.3422913719943423,0.3493635077793494,0.3578500707213578,0.367043847241867,0.3741159830268741,0.3762376237623762,0.3797736916548798,0.3818953323903818,0.3854314002828854,0.3925035360678925,0.4002828854314003,0.4045261669024045,0.4094766619519094,0.4137199434229137,0.4179632248939179,0.4222065063649222,0.425035360678925,0.4349363507779349,0.4391796322489392,0.4413012729844413,0.4476661951909477,0.454031117397454,0.4561527581329561,0.4618104667609618
cell_dino_avgpool,U2OS,median,1,PCAcor,mad_robustize,replicate,0.3331612751533792,0.6423841059602649,302,2240,0.4209821428571428,0.4678571428571428,0.4986607142857143,0.5227678571428571,0.5392857142857143,0.5526785714285715,0.5683035714285715,0.58125,0.5941964285714286,0.6066964285714286,0.615625,0.6232142857142857,0.63125,0.640625,0.6464285714285715,0.6535714285714286,0.6611607142857143,0.6647321428571429,0.6678571428571428,0.6723214285714286,0.6794642857142857,0.6830357142857143,0.6870535714285714,0.6946428571428571,0.6991071428571428,0.7008928571428571,0.7035714285714286,0.7066964285714286,0.709375,0.7116071428571429,0.7183035714285714,0.7209821428571429,0.7263392857142857,0.7294642857142857,0.7339285714285714,0.7401785714285715,0.7441964285714285,0.7464285714285714,0.75,0.7513392857142858,0.7544642857142857,0.7571428571428571,0.759375,0.7625,0.7665178571428571,0.7696428571428572,0.7745535714285714,0.7763392857142857,0.7776785714285714,0.7785714285714286
cell_dino_avgpool,U2OS,median,1,PCAcor,mad_robustize,moa,0.1447208880894609,0.2597402597402597,77,1617,0.0813295615275813,0.094059405940594,0.1117397454031117,0.1251768033946251,0.1357850070721357,0.1456859971711457,0.1584158415841584,0.1676096181046676,0.1817538896746817,0.1902404526166902,0.1951909476661951,0.2036775106082037,0.2086280056577086,0.2121640735502121,0.2185289957567185,0.2277227722772277,0.2383309759547383,0.2482319660537482,0.2588401697312588,0.2652050919377652,0.2736916548797737,0.2814710042432815,0.2871287128712871,0.2927864214992928,0.2991513437057991,0.3062234794908062,0.3104667609618105,0.314002828854314,0.3246110325318246,0.3338048090523338,0.3352192362093352,0.3401697312588401,0.3444130127298444,0.35007072135785,0.3521923620933522,0.3564356435643564,0.3606789250353607,0.3684582743988684,0.3734087694483734,0.3783592644978784,0.3818953323903818,0.3861386138613861,0.3917963224893918,0.3981612446958981,0.4016973125884017,0.4059405940594059,0.4144271570014144,0.4172560113154172,0.4193776520509193,0.425035360678925
cell_dino_avgpool,U2OS,median,1,PCAcor,standardize,replicate,0.3311839052729461,0.6291390728476821,302,2240,0.4401785714285714,0.496875,0.528125,0.553125,0.5714285714285714,0.5888392857142857,0.603125,0.6138392857142857,0.6254464285714286,0.6330357142857143,0.6424107142857143,0.653125,0.6616071428571428,0.6683035714285714,0.6754464285714286,0.684375,0.6941964285714286,0.7004464285714286,0.7107142857142857,0.7165178571428571,0.721875,0.7272321428571429,0.734375,0.7379464285714286,0.7415178571428571,0.7446428571428572,0.7477678571428571,0.7491071428571429,0.7549107142857143,0.7575892857142857,0.7625,0.7683035714285714,0.7723214285714286,0.7776785714285714,0.7816964285714286,0.7848214285714286,0.7901785714285714,0.7933035714285714,0.7941964285714286,0.7964285714285714,0.7982142857142858,0.8008928571428572,0.8035714285714286,0.8075892857142857,0.809375,0.8142857142857143,0.8160714285714286,0.8183035714285715,0.8205357142857143,0.8205357142857143
cell_dino_avgpool,U2OS,median,1,PCAcor,standardize,moa,0.1392578215381156,0.2077922077922078,77,1617,0.082036775106082,0.0919377652050919,0.1103253182461103,0.1265912305516266,0.1386138613861386,0.1555869872701555,0.1683168316831683,0.1796322489391796,0.1888260254596888,0.2029702970297029,0.2107496463932107,0.2171145685997171,0.2277227722772277,0.2411598302687411,0.2489391796322489,0.256011315417256,0.2659123055162659,0.2793493635077793,0.28995756718529,0.2984441301272984,0.3048090523338048,0.309052333804809,0.3217821782178218,0.3253182461103253,0.3338048090523338,0.3422913719943423,0.347949080622348,0.3528995756718528,0.3620933521923621,0.3656294200848656,0.3691654879773691,0.3727015558698727,0.3776520509193776,0.3833097595473833,0.3854314002828854,0.3903818953323903,0.396039603960396,0.4016973125884017,0.4087694483734088,0.413012729844413,0.4144271570014144,0.4207920792079208,0.4257425742574257,0.4306930693069307,0.4321074964639321,0.437057991513437,0.442008486562942,0.4455445544554455,0.4490806223479491,0.4526166902404526
cell_dino_avgpool,U2OS,median,1,ZCA,mad_robustize,replicate,0.2935775573876522,0.5066225165562914,302,2240,0.3540178571428571,0.3919642857142857,0.4165178571428571,0.4397321428571428,0.4571428571428571,0.4696428571428571,0.4808035714285714,0.4870535714285714,0.4959821428571428,0.5053571428571428,0.5129464285714286,0.5191964285714286,0.5258928571428572,0.5325892857142858,0.5366071428571428,0.5455357142857142,0.5508928571428572,0.5575892857142857,0.5611607142857142,0.5665178571428572,0.5709821428571429,0.575,0.5808035714285714,0.5839285714285715,0.5883928571428572,0.5910714285714286,0.5950892857142858,0.603125,0.6080357142857142,0.6125,0.615625,0.6205357142857143,0.6227678571428571,0.6254464285714286,0.6276785714285714,0.63125,0.6352678571428572,0.6401785714285714,0.6424107142857143,0.6464285714285715,0.6495535714285714,0.6566964285714286,0.6625,0.6642857142857143,0.6678571428571428,0.6700892857142857,0.6741071428571429,0.6754464285714286,0.6776785714285715,0.68125
cell_dino_avgpool,U2OS,median,1,ZCA,mad_robustize,moa,0.1427916939199714,0.2337662337662337,77,1617,0.07001414427157,0.0862800565770862,0.0975954738330975,0.111032531824611,0.1251768033946251,0.1322489391796322,0.1463932107496464,0.1541725601131541,0.1626591230551626,0.1718528995756718,0.1803394625176803,0.1923620933521923,0.2022630834512022,0.2128712871287128,0.2234794908062234,0.2340876944837341,0.2454031117397454,0.2553041018387553,0.2659123055162659,0.2758132956152758,0.2871287128712871,0.2927864214992928,0.3012729844413013,0.3083451202263083,0.3147100424328147,0.3203677510608204,0.3246110325318246,0.3288543140028288,0.3345120226308345,0.3422913719943423,0.3451202263083451,0.3507779349363508,0.3536067892503536,0.3571428571428571,0.3628005657708628,0.3656294200848656,0.3712871287128713,0.3727015558698727,0.3769448373408769,0.3833097595473833,0.3896746817538897,0.3932107496463932,0.3988684582743989,0.4038189533239038,0.408062234794908,0.4137199434229137,0.4158415841584158,0.4200848656294201,0.4243281471004243,0.4264497878359264
cell_dino_avgpool,U2OS,median,1,ZCA,standardize,replicate,0.2899756776721879,0.4536423841059602,302,2240,0.3491071428571428,0.3883928571428571,0.4107142857142857,0.4316964285714286,0.4495535714285714,0.4616071428571429,0.4758928571428571,0.4870535714285714,0.4928571428571429,0.5022321428571429,0.5120535714285714,0.5196428571428572,0.525,0.5334821428571429,0.5419642857142857,0.5486607142857143,0.553125,0.55625,0.559375,0.5678571428571428,0.5727678571428572,0.5763392857142857,0.58125,0.5870535714285714,0.5924107142857142,0.5986607142857143,0.6017857142857143,0.6089285714285714,0.6133928571428572,0.6169642857142857,0.6200892857142857,0.6258928571428571,0.6325892857142857,0.6357142857142857,0.6401785714285714,0.6441964285714286,0.6508928571428572,0.65625,0.6625,0.6660714285714285,0.6700892857142857,0.6754464285714286,0.6794642857142857,0.6839285714285714,0.6870535714285714,0.6897321428571429,0.6919642857142857,0.6959821428571429,0.7,0.7040178571428571
cell_dino_avgpool,U2OS,median,1,ZCA,standardize,moa,0.1366101421614806,0.1428571428571428,77,1617,0.0643564356435643,0.0792079207920792,0.0926449787835926,0.1096181046676096,0.1209335219236209,0.135077793493635,0.1485148514851485,0.1605374823196605,0.1732673267326732,0.1845827439886845,0.1937765205091937,0.2057991513437058,0.2178217821782178,0.227015558698727,0.2362093352192362,0.2425742574257425,0.2496463932107496,0.2588401697312588,0.268033946251768,0.2736916548797737,0.28005657708628,0.285007072135785,0.2942008486562942,0.3012729844413013,0.3097595473833097,0.314002828854314,0.321074964639321,0.3309759547383309,0.3366336633663366,0.3408769448373409,0.3472418670438472,0.3528995756718528,0.3564356435643564,0.3613861386138614,0.3684582743988684,0.3741159830268741,0.3811881188118812,0.3868458274398868,0.3946251768033946,0.3974540311173974,0.4031117397454031,0.4066478076379066,0.413012729844413,0.4179632248939179,0.4229137199434229,0.4285714285714285,0.4328147100424328,0.4349363507779349,0.4405940594059406,0.4476661951909477
cell_dino_avgpool,U2OS,median,1,ZCAcor,mad_robustize,replicate,0.2970400992301803,0.5165562913907285,302,2240,0.3691964285714286,0.4098214285714285,0.4375,0.45,0.4629464285714286,0.4727678571428571,0.4830357142857143,0.4897321428571428,0.5004464285714286,0.5080357142857143,0.5125,0.5205357142857143,0.5290178571428571,0.5366071428571428,0.540625,0.54375,0.5517857142857143,0.5607142857142857,0.5669642857142857,0.571875,0.5772321428571429,0.5794642857142858,0.5866071428571429,0.5901785714285714,0.596875,0.6004464285714286,0.6066964285714286,0.6107142857142858,0.6174107142857143,0.6241071428571429,0.628125,0.6308035714285715,0.6348214285714285,0.6401785714285714,0.6446428571428572,0.65,0.6540178571428571,0.6580357142857143,0.6616071428571428,0.6638392857142857,0.6665178571428572,0.66875,0.671875,0.6763392857142857,0.68125,0.6861607142857142,0.6915178571428572,0.6946428571428571,0.696875,0.7026785714285714
cell_dino_avgpool,U2OS,median,1,ZCAcor,mad_robustize,moa,0.1405343941602181,0.2337662337662337,77,1617,0.0728429985855728,0.0912305516265912,0.1053748231966053,0.1244695898161244,0.1336633663366336,0.1379066478076379,0.1499292786421499,0.1612446958981612,0.1697312588401697,0.181046676096181,0.1881188118811881,0.198019801980198,0.2057991513437058,0.2135785007072135,0.222065063649222,0.2298444130127298,0.2383309759547383,0.2475247524752475,0.2574257425742574,0.2666195190947666,0.2779349363507779,0.2835926449787836,0.2913719943422914,0.2984441301272984,0.3033946251768034,0.3083451202263083,0.3182461103253182,0.3253182461103253,0.3295615275813295,0.3330975954738331,0.3387553041018387,0.3408769448373409,0.3451202263083451,0.3521923620933522,0.3564356435643564,0.3592644978783593,0.3649222065063649,0.3712871287128713,0.3748231966053748,0.3783592644978784,0.3818953323903818,0.3882602545968883,0.3953323903818953,0.3988684582743989,0.4052333804809052,0.4094766619519094,0.4158415841584158,0.4186704384724187,0.4271570014144271,0.42998585572843
cell_dino_avgpool,U2OS,median,1,ZCAcor,standardize,replicate,0.2910826603721044,0.4503311258278146,302,2240,0.3611607142857143,0.4013392857142857,0.4258928571428571,0.4455357142857143,0.4611607142857143,0.4745535714285714,0.4825892857142857,0.4897321428571428,0.5004464285714286,0.5080357142857143,0.5151785714285714,0.5223214285714286,0.5308035714285714,0.5379464285714286,0.5441964285714286,0.5508928571428572,0.559375,0.5691964285714286,0.5772321428571429,0.5808035714285714,0.5875,0.5928571428571429,0.5986607142857143,0.6026785714285714,0.6089285714285714,0.6151785714285715,0.6196428571428572,0.6245535714285714,0.6294642857142857,0.6325892857142857,0.6366071428571428,0.6392857142857142,0.6450892857142857,0.6495535714285714,0.6571428571428571,0.6607142857142857,0.6642857142857143,0.66875,0.6723214285714286,0.6745535714285714,0.6799107142857143,0.6825892857142857,0.6870535714285714,0.6888392857142858,0.6933035714285715,0.696875,0.7,0.7044642857142858,0.7107142857142857,0.7133928571428572
cell_dino_avgpool,U2OS,median,1,ZCAcor,standardize,moa,0.1367630656934337,0.1558441558441558,77,1617,0.0664780763790664,0.082036775106082,0.0919377652050919,0.1103253182461103,0.1258840169731258,0.1371994342291372,0.1513437057991513,0.1619519094766619,0.1711456859971711,0.1852899575671852,0.1951909476661951,0.2036775106082037,0.2142857142857142,0.2213578500707213,0.2355021216407355,0.2489391796322489,0.2581329561527581,0.2659123055162659,0.272984441301273,0.2807637906647807,0.28995756718529,0.2977369165487977,0.3033946251768034,0.3111739745403111,0.3196605374823196,0.3246110325318246,0.3302687411598303,0.3359264497878359,0.342998585572843,0.3528995756718528,0.3620933521923621,0.3656294200848656,0.3741159830268741,0.3776520509193776,0.3804809052333804,0.3875530410183875,0.3939179632248939,0.3988684582743989,0.4066478076379066,0.4115983026874116,0.4179632248939179,0.4236209335219236,0.4271570014144271,0.4314002828854314,0.4363507779349364,0.4434229137199434,0.4490806223479491,0.4526166902404526,0.4575671852899575,0.4618104667609618
cell_dino_avgpool,U2OS,median,1,mad_robustize,PCA,replicate,0.1814353554562829,0.3774834437086092,302,2240,0.3616071428571428,0.3973214285714285,0.4174107142857143,0.4334821428571428,0.4459821428571429,0.4558035714285714,0.4669642857142857,0.4776785714285714,0.4852678571428571,0.4959821428571428,0.5058035714285715,0.5089285714285714,0.5142857142857142,0.5209821428571428,0.5272321428571428,0.53125,0.5352678571428572,0.5397321428571429,0.5441964285714286,0.55,0.5553571428571429,0.5602678571428571,0.5651785714285714,0.5683035714285715,0.5723214285714285,0.5758928571428571,0.5790178571428571,0.5825892857142857,0.5834821428571428,0.5857142857142857,0.5897321428571428,0.5915178571428571,0.5955357142857143,0.5991071428571428,0.6022321428571429,0.60625,0.6102678571428571,0.6129464285714286,0.6169642857142857,0.6196428571428572,0.6227678571428571,0.6258928571428571,0.6276785714285714,0.63125,0.6348214285714285,0.6366071428571428,0.6392857142857142,0.6419642857142858,0.64375,0.6459821428571428
cell_dino_avgpool,U2OS,median,1,mad_robustize,PCA,moa,0.1002451832703649,0.1688311688311688,77,1617,0.0714285714285714,0.0848656294200848,0.1011315417256011,0.1152758132956152,0.1287128712871287,0.1414427157001414,0.1499292786421499,0.1612446958981612,0.1683168316831683,0.1746817538896747,0.1867043847241867,0.2008486562942008,0.2093352192362093,0.2185289957567185,0.2263083451202263,0.227015558698727,0.2369165487977369,0.2404526166902404,0.2461103253182461,0.2524752475247525,0.2574257425742574,0.2623762376237624,0.2644978783592644,0.2694483734087694,0.2772277227722772,0.2821782178217821,0.2892503536067892,0.297029702970297,0.3026874115983027,0.309052333804809,0.3147100424328147,0.3161244695898161,0.3224893917963224,0.3274398868458274,0.3345120226308345,0.3415841584158416,0.3458274398868458,0.3507779349363508,0.3571428571428571,0.3606789250353607,0.3642149929278642,0.3677510608203677,0.3741159830268741,0.3797736916548798,0.3861386138613861,0.3889674681753889,0.3903818953323903,0.3925035360678925,0.3939179632248939,0.3967468175388967
cell_dino_avgpool,U2OS,median,1,mad_robustize,PCAcor,replicate,0.1803809605350674,0.3675496688741722,302,2240,0.3638392857142857,0.3995535714285714,0.415625,0.4308035714285714,0.4486607142857143,0.45625,0.4620535714285714,0.4727678571428571,0.4830357142857143,0.4941964285714286,0.5017857142857143,0.5084821428571429,0.5133928571428571,0.51875,0.5254464285714285,0.53125,0.5370535714285715,0.5397321428571429,0.5446428571428571,0.5495535714285714,0.5526785714285715,0.5566964285714285,0.5629464285714286,0.5660714285714286,0.5691964285714286,0.5741071428571428,0.5763392857142857,0.5821428571428572,0.5830357142857143,0.5870535714285714,0.5915178571428571,0.5946428571428571,0.5964285714285714,0.5986607142857143,0.6017857142857143,0.6040178571428572,0.6084821428571429,0.6138392857142857,0.6169642857142857,0.6209821428571428,0.6232142857142857,0.6267857142857143,0.628125,0.6303571428571428,0.6334821428571429,0.6348214285714285,0.6383928571428571,0.6428571428571429,0.6441964285714286,0.6491071428571429
cell_dino_avgpool,U2OS,median,1,mad_robustize,PCAcor,moa,0.1001809993434332,0.1558441558441558,77,1617,0.0714285714285714,0.086987270155587,0.1004243281471004,0.1131541725601131,0.1301272984441301,0.1386138613861386,0.1492220650636492,0.1584158415841584,0.1669024045261669,0.1753889674681754,0.1867043847241867,0.198019801980198,0.2043847241867044,0.2135785007072135,0.2185289957567185,0.2256011315417256,0.2362093352192362,0.2404526166902404,0.2482319660537482,0.2545968882602546,0.2623762376237624,0.2687411598302687,0.2736916548797737,0.2786421499292786,0.2821782178217821,0.2878359264497878,0.2906647807637906,0.2942008486562942,0.2998585572842998,0.3055162659123055,0.309052333804809,0.3125884016973126,0.3182461103253182,0.3246110325318246,0.3302687411598303,0.3352192362093352,0.3401697312588401,0.342998585572843,0.3458274398868458,0.347949080622348,0.3528995756718528,0.355021216407355,0.3613861386138614,0.367043847241867,0.3705799151343705,0.3811881188118812,0.3896746817538897,0.3925035360678925,0.3939179632248939,0.3967468175388967
cell_dino_avgpool,U2OS,median,1,mad_robustize,ZCA,replicate,0.1814353554562829,0.3774834437086092,302,2240,0.3616071428571428,0.3973214285714285,0.4174107142857143,0.4334821428571428,0.4459821428571429,0.4558035714285714,0.4669642857142857,0.4776785714285714,0.4852678571428571,0.4959821428571428,0.5058035714285715,0.5089285714285714,0.5142857142857142,0.5209821428571428,0.5272321428571428,0.53125,0.5352678571428572,0.5397321428571429,0.5441964285714286,0.55,0.5553571428571429,0.5602678571428571,0.5651785714285714,0.5683035714285715,0.5723214285714285,0.5758928571428571,0.5790178571428571,0.5825892857142857,0.5834821428571428,0.5857142857142857,0.5897321428571428,0.5915178571428571,0.5955357142857143,0.5991071428571428,0.6022321428571429,0.60625,0.6102678571428571,0.6129464285714286,0.6169642857142857,0.6196428571428572,0.6227678571428571,0.6258928571428571,0.6276785714285714,0.63125,0.6348214285714285,0.6366071428571428,0.6392857142857142,0.6419642857142858,0.64375,0.6459821428571428
cell_dino_avgpool,U2OS,median,1,mad_robustize,ZCA,moa,0.1002451832703649,0.1688311688311688,77,1617,0.0714285714285714,0.0848656294200848,0.1011315417256011,0.1152758132956152,0.1287128712871287,0.1414427157001414,0.1499292786421499,0.1612446958981612,0.1683168316831683,0.1746817538896747,0.1867043847241867,0.2008486562942008,0.2093352192362093,0.2185289957567185,0.2263083451202263,0.227015558698727,0.2369165487977369,0.2404526166902404,0.2461103253182461,0.2524752475247525,0.2574257425742574,0.2623762376237624,0.2644978783592644,0.2694483734087694,0.2772277227722772,0.2821782178217821,0.2892503536067892,0.297029702970297,0.3026874115983027,0.309052333804809,0.3147100424328147,0.3161244695898161,0.3224893917963224,0.3274398868458274,0.3345120226308345,0.3415841584158416,0.3458274398868458,0.3507779349363508,0.3571428571428571,0.3606789250353607,0.3642149929278642,0.3677510608203677,0.3741159830268741,0.3797736916548798,0.3861386138613861,0.3889674681753889,0.3903818953323903,0.3925035360678925,0.3939179632248939,0.3967468175388967
cell_dino_avgpool,U2OS,median,1,mad_robustize,ZCAcor,replicate,0.1803809605350674,0.3675496688741722,302,2240,0.3638392857142857,0.3995535714285714,0.415625,0.4308035714285714,0.4486607142857143,0.45625,0.4620535714285714,0.4727678571428571,0.4830357142857143,0.4941964285714286,0.5017857142857143,0.5084821428571429,0.5133928571428571,0.51875,0.5254464285714285,0.53125,0.5370535714285715,0.5397321428571429,0.5446428571428571,0.5495535714285714,0.5526785714285715,0.5566964285714285,0.5629464285714286,0.5660714285714286,0.5691964285714286,0.5741071428571428,0.5763392857142857,0.5821428571428572,0.5830357142857143,0.5870535714285714,0.5915178571428571,0.5946428571428571,0.5964285714285714,0.5986607142857143,0.6017857142857143,0.6040178571428572,0.6084821428571429,0.6138392857142857,0.6169642857142857,0.6209821428571428,0.6232142857142857,0.6267857142857143,0.628125,0.6303571428571428,0.6334821428571429,0.6348214285714285,0.6383928571428571,0.6428571428571429,0.6441964285714286,0.6491071428571429
cell_dino_avgpool,U2OS,median,1,mad_robustize,ZCAcor,moa,0.1001809993434332,0.1558441558441558,77,1617,0.0714285714285714,0.086987270155587,0.1004243281471004,0.1131541725601131,0.1301272984441301,0.1386138613861386,0.1492220650636492,0.1584158415841584,0.1669024045261669,0.1753889674681754,0.1867043847241867,0.198019801980198,0.2043847241867044,0.2135785007072135,0.2185289957567185,0.2256011315417256,0.2362093352192362,0.2404526166902404,0.2482319660537482,0.2545968882602546,0.2623762376237624,0.2687411598302687,0.2736916548797737,0.2786421499292786,0.2821782178217821,0.2878359264497878,0.2906647807637906,0.2942008486562942,0.2998585572842998,0.3055162659123055,0.309052333804809,0.3125884016973126,0.3182461103253182,0.3246110325318246,0.3302687411598303,0.3352192362093352,0.3401697312588401,0.342998585572843,0.3458274398868458,0.347949080622348,0.3528995756718528,0.355021216407355,0.3613861386138614,0.367043847241867,0.3705799151343705,0.3811881188118812,0.3896746817538897,0.3925035360678925,0.3939179632248939,0.3967468175388967
cell_dino_avgpool,U2OS,median,1,mad_robustize,none,replicate,0.2854345340457911,0.7119205298013245,302,2240,0.4035714285714286,0.4580357142857142,0.4995535714285714,0.5245535714285714,0.5482142857142858,0.5638392857142858,0.5767857142857142,0.5852678571428571,0.5973214285714286,0.6098214285714286,0.6196428571428572,0.628125,0.6366071428571428,0.6419642857142858,0.6504464285714285,0.6544642857142857,0.6625,0.6696428571428571,0.6763392857142857,0.68125,0.6866071428571429,0.6941964285714286,0.6986607142857143,0.7026785714285714,0.7058035714285714,0.709375,0.7138392857142857,0.71875,0.721875,0.725,0.73125,0.7361607142857143,0.740625,0.7473214285714286,0.7491071428571429,0.7540178571428572,0.7575892857142857,0.7616071428571428,0.7642857142857142,0.7647321428571429,0.7678571428571429,0.771875,0.775,0.7808035714285714,0.7825892857142858,0.784375,0.7883928571428571,0.7910714285714285,0.7928571428571428,0.7977678571428571
cell_dino_avgpool,U2OS,median,1,mad_robustize,none,moa,0.1294955977214257,0.1818181818181818,77,1617,0.07001414427157,0.0876944837340877,0.1032531824611032,0.1145685997171145,0.1265912305516266,0.1386138613861386,0.1463932107496464,0.1562942008486563,0.164073550212164,0.173974540311174,0.185997171145686,0.1987270155586987,0.2114568599717114,0.2248939179632249,0.2340876944837341,0.2439886845827439,0.2503536067892503,0.2588401697312588,0.2722772277227723,0.28005657708628,0.2885431400282885,0.2963224893917963,0.3033946251768034,0.3118811881188119,0.3161244695898161,0.321074964639321,0.3253182461103253,0.3309759547383309,0.3352192362093352,0.3401697312588401,0.347949080622348,0.3536067892503536,0.3585572842998585,0.3663366336633663,0.3712871287128713,0.3762376237623762,0.3818953323903818,0.3854314002828854,0.3903818953323903,0.3939179632248939,0.3981612446958981,0.4031117397454031,0.4094766619519094,0.4144271570014144,0.4158415841584158,0.4165487977369165,0.4200848656294201,0.4229137199434229,0.425035360678925,0.4278642149929278
cell_dino_avgpool,U2OS,median,1,standardize,PCA,replicate,0.2659076641375592,0.4503311258278146,302,2240,0.3616071428571428,0.3991071428571429,0.4178571428571428,0.4415178571428571,0.4535714285714285,0.4691964285714285,0.4803571428571428,0.4879464285714285,0.4950892857142857,0.5,0.5066964285714286,0.5142857142857142,0.5223214285714286,0.5299107142857142,0.5325892857142858,0.5383928571428571,0.5424107142857143,0.5477678571428571,0.5495535714285714,0.55625,0.559375,0.5633928571428571,0.56875,0.5723214285714285,0.5785714285714286,0.5830357142857143,0.5861607142857143,0.5910714285714286,0.596875,0.6026785714285714,0.6053571428571428,0.6089285714285714,0.6138392857142857,0.6160714285714286,0.61875,0.6227678571428571,0.6263392857142858,0.6299107142857143,0.6303571428571428,0.6330357142857143,0.6375,0.6397321428571429,0.6410714285714286,0.6446428571428572,0.6473214285714286,0.6477678571428571,0.6504464285714285,0.6535714285714286,0.6540178571428571,0.6575892857142858
cell_dino_avgpool,U2OS,median,1,standardize,PCA,moa,0.1290415888229669,0.1948051948051948,77,1617,0.0756718528995756,0.0905233380480905,0.1089108910891089,0.123055162659123,0.1322489391796322,0.1393210749646393,0.1478076379066478,0.1541725601131541,0.164073550212164,0.1753889674681754,0.1817538896746817,0.1951909476661951,0.2001414427157001,0.2093352192362093,0.2171145685997171,0.2227722772277227,0.2326732673267326,0.2369165487977369,0.2404526166902404,0.2446958981612447,0.2517680339462517,0.2595473833097595,0.2644978783592644,0.272984441301273,0.28005657708628,0.285007072135785,0.2934936350777934,0.2998585572842998,0.3048090523338048,0.3111739745403111,0.3147100424328147,0.3168316831683168,0.3196605374823196,0.3231966053748232,0.3274398868458274,0.3316831683168317,0.3373408769448373,0.3401697312588401,0.3451202263083451,0.3493635077793494,0.3557284299858557,0.3599717114568599,0.3628005657708628,0.3663366336633663,0.3691654879773691,0.3776520509193776,0.3818953323903818,0.384016973125884,0.3868458274398868,0.3896746817538897
cell_dino_avgpool,U2OS,median,1,standardize,PCAcor,replicate,0.266279038291209,0.4470198675496689,302,2240,0.36875,0.4008928571428571,0.4245535714285714,0.4424107142857142,0.4602678571428571,0.4732142857142857,0.4816964285714286,0.4946428571428571,0.5022321428571429,0.5089285714285714,0.5133928571428571,0.5196428571428572,0.528125,0.5321428571428571,0.5379464285714286,0.5410714285714285,0.5441964285714286,0.5486607142857143,0.5549107142857143,0.5602678571428571,0.5638392857142858,0.5678571428571428,0.5723214285714285,0.5763392857142857,0.5799107142857143,0.5839285714285715,0.5883928571428572,0.5915178571428571,0.5950892857142858,0.5991071428571428,0.603125,0.6058035714285714,0.6102678571428571,0.6151785714285715,0.6191964285714285,0.6205357142857143,0.6227678571428571,0.6245535714285714,0.6272321428571429,0.6290178571428572,0.6308035714285715,0.634375,0.6361607142857143,0.6388392857142857,0.6415178571428571,0.6424107142857143,0.6455357142857143,0.6477678571428571,0.65,0.653125
cell_dino_avgpool,U2OS,median,1,standardize,PCAcor,moa,0.1281885494172385,0.1948051948051948,77,1617,0.0714285714285714,0.086987270155587,0.1032531824611032,0.1159830268741159,0.1272984441301273,0.1386138613861386,0.1492220650636492,0.1619519094766619,0.1704384724186704,0.1824611032531824,0.1881188118811881,0.1937765205091937,0.2015558698727015,0.2157001414427157,0.2256011315417256,0.2340876944837341,0.2362093352192362,0.2439886845827439,0.2475247524752475,0.2553041018387553,0.2623762376237624,0.2666195190947666,0.2743988684582744,0.2758132956152758,0.2793493635077793,0.2835926449787836,0.2864214992927864,0.2934936350777934,0.2998585572842998,0.3041018387553041,0.3118811881188119,0.3182461103253182,0.3239038189533239,0.3274398868458274,0.3316831683168317,0.3373408769448373,0.3437057991513437,0.3472418670438472,0.3514851485148514,0.3528995756718528,0.355021216407355,0.3606789250353607,0.3663366336633663,0.371994342291372,0.3783592644978784,0.3811881188118812,0.3861386138613861,0.3896746817538897,0.3917963224893918,0.3953323903818953
cell_dino_avgpool,U2OS,median,1,standardize,ZCA,replicate,0.2659076641375592,0.4503311258278146,302,2240,0.3616071428571428,0.3991071428571429,0.4178571428571428,0.4415178571428571,0.4535714285714285,0.4691964285714285,0.4803571428571428,0.4879464285714285,0.4950892857142857,0.5,0.5066964285714286,0.5142857142857142,0.5223214285714286,0.5299107142857142,0.5325892857142858,0.5383928571428571,0.5424107142857143,0.5477678571428571,0.5495535714285714,0.55625,0.559375,0.5633928571428571,0.56875,0.5723214285714285,0.5785714285714286,0.5830357142857143,0.5861607142857143,0.5910714285714286,0.596875,0.6026785714285714,0.6053571428571428,0.6089285714285714,0.6138392857142857,0.6160714285714286,0.61875,0.6227678571428571,0.6258928571428571,0.6299107142857143,0.6303571428571428,0.6330357142857143,0.6375,0.6397321428571429,0.6410714285714286,0.6446428571428572,0.6473214285714286,0.6477678571428571,0.6504464285714285,0.6535714285714286,0.6540178571428571,0.6575892857142858
cell_dino_avgpool,U2OS,median,1,standardize,ZCA,moa,0.1290415888229669,0.1948051948051948,77,1617,0.0756718528995756,0.0905233380480905,0.1089108910891089,0.123055162659123,0.1322489391796322,0.1393210749646393,0.1478076379066478,0.1541725601131541,0.164073550212164,0.1753889674681754,0.1817538896746817,0.1951909476661951,0.2001414427157001,0.2093352192362093,0.2171145685997171,0.2227722772277227,0.2326732673267326,0.2369165487977369,0.2404526166902404,0.2446958981612447,0.2517680339462517,0.2595473833097595,0.2644978783592644,0.272984441301273,0.28005657708628,0.285007072135785,0.2934936350777934,0.2998585572842998,0.3048090523338048,0.3111739745403111,0.3147100424328147,0.3168316831683168,0.3196605374823196,0.3231966053748232,0.3274398868458274,0.3316831683168317,0.3373408769448373,0.3401697312588401,0.3451202263083451,0.3493635077793494,0.3557284299858557,0.3599717114568599,0.3628005657708628,0.3663366336633663,0.3691654879773691,0.3776520509193776,0.3818953323903818,0.384016973125884,0.3868458274398868,0.3896746817538897
cell_dino_avgpool,U2OS,median,1,standardize,ZCAcor,replicate,0.266279038291209,0.4470198675496689,302,2240,0.36875,0.4008928571428571,0.4245535714285714,0.4424107142857142,0.4602678571428571,0.4732142857142857,0.4816964285714286,0.4946428571428571,0.5022321428571429,0.5089285714285714,0.5133928571428571,0.5196428571428572,0.528125,0.5321428571428571,0.5379464285714286,0.5410714285714285,0.5441964285714286,0.5486607142857143,0.5549107142857143,0.5602678571428571,0.5638392857142858,0.5678571428571428,0.5723214285714285,0.5763392857142857,0.5799107142857143,0.5839285714285715,0.5883928571428572,0.5915178571428571,0.5950892857142858,0.5991071428571428,0.603125,0.6058035714285714,0.6102678571428571,0.6151785714285715,0.6191964285714285,0.6205357142857143,0.6227678571428571,0.6245535714285714,0.6272321428571429,0.6290178571428572,0.6308035714285715,0.634375,0.6361607142857143,0.6388392857142857,0.6415178571428571,0.6424107142857143,0.6455357142857143,0.6477678571428571,0.65,0.653125
cell_dino_avgpool,U2OS,median,1,standardize,ZCAcor,moa,0.1281885494172385,0.1948051948051948,77,1617,0.0714285714285714,0.086987270155587,0.1032531824611032,0.1159830268741159,0.1272984441301273,0.1386138613861386,0.1492220650636492,0.1619519094766619,0.1704384724186704,0.1824611032531824,0.1881188118811881,0.1937765205091937,0.2015558698727015,0.2157001414427157,0.2256011315417256,0.2340876944837341,0.2362093352192362,0.2439886845827439,0.2475247524752475,0.2553041018387553,0.2623762376237624,0.2666195190947666,0.2743988684582744,0.2758132956152758,0.2793493635077793,0.2835926449787836,0.2864214992927864,0.2934936350777934,0.2998585572842998,0.3041018387553041,0.3118811881188119,0.3182461103253182,0.3239038189533239,0.3274398868458274,0.3316831683168317,0.3373408769448373,0.3437057991513437,0.3472418670438472,0.3514851485148514,0.3528995756718528,0.355021216407355,0.3606789250353607,0.3663366336633663,0.371994342291372,0.3783592644978784,0.3811881188118812,0.3861386138613861,0.3896746817538897,0.3917963224893918,0.3953323903818953
cell_dino_avgpool,U2OS,median,1,standardize,none,replicate,0.29235047272788084,0.6490066225165563,302,2240,0.40223214285714287,0.44419642857142855,0.48526785714285714,0.5125,0.5339285714285714,0.5517857142857143,0.5674107142857143,0.578125,0.5928571428571429,0.6022321428571429,0.6120535714285714,0.6214285714285714,0.6290178571428572,0.6392857142857142,0.6441964285714286,0.6522321428571428,0.6589285714285714,0.6638392857142857,0.66875,0.6736607142857143,0.6776785714285715,0.684375,0.690625,0.6941964285714286,0.7004464285714286,0.7044642857142858,0.7111607142857143,0.7169642857142857,0.7227678571428572,0.7276785714285714,0.7299107142857143,0.7352678571428571,0.7401785714285715,0.7459821428571428,0.7504464285714286,0.7549107142857143,0.7589285714285714,0.7611607142857143,0.7665178571428571,0.771875,0.7767857142857143,0.7808035714285714,0.7852678571428572,0.7875,0.790625,0.7933035714285714,0.7964285714285714,0.7986607142857143,0.8,0.8017857142857143
cell_dino_avgpool,U2OS,median,1,standardize,none,moa,0.13220577463009436,0.18181818181818182,77,1617,0.06647807637906648,0.0876944837340877,0.10113154172560113,0.10678925035360678,0.11951909476661952,0.13295615275813297,0.14002828854314003,0.14992927864214992,0.16053748231966053,0.17114568599717114,0.18246110325318246,0.19519094766619519,0.2036775106082037,0.21287128712871287,0.22065063649222066,0.22913719943422914,0.24186704384724186,0.24893917963224893,0.26025459688826025,0.2722772277227723,0.28005657708628007,0.28783592644978784,0.2956152758132956,0.30056577086280056,0.30905233380480907,0.3132956152758133,0.31683168316831684,0.32248939179632247,0.3274398868458274,0.33875530410183874,0.3437057991513437,0.3465346534653465,0.3507779349363508,0.3564356435643564,0.36633663366336633,0.36845827439886847,0.3755304101838755,0.38048090523338046,0.38896746817538896,0.3939179632248939,0.39745403111739747,0.400990099009901,0.4045261669024045,0.4101838755304102,0.41230551626591233,0.41796322489391796,0.42362093352192365,0.42857142857142855,0.4314002828854314,0.43564356435643564
