plate,well,cell_type,timepoint,compound,perturbation,broad_sample,control_type,moas,umap_1,umap_2
BR00117010,A01,U2OS,48,gabapentin-enacarbil,compound,BRD-A86665761-001-01-1,,,18.488531,7.182291
BR00117010,A02,U2OS,48,DMSO,compound,,negcon,,19.030594,7.551947
BR00117010,A03,U2OS,48,amlodipine,compound,BRD-A22032524-074-09-9,,['calcium channel blocker'],13.995118,7.0628333
BR00117010,A04,U2OS,48,hexestrol,compound,BRD-A01078468-001-14-8,,,18.940897,7.659743
BR00117010,A05,U2OS,48,quinine,compound,BRD-K48278478-001-01-2,,,18.571796,7.486994
BR00117010,A06,U2OS,48,LOXO-101,compound,BRD-K36574127-001-01-3,,,18.540989,7.4784718
BR00117010,A07,U2OS,48,brinzolamide,compound,BRD-K74913225-001-14-0,,['carbonic anhydrase inhibitor'],18.792482,7.460178
BR00117010,A08,U2OS,48,NS-11021,compound,BRD-K94342292-001-01-3,,['calcium-activated potassium channel activator'],14.781141,6.431725
BR00117010,A09,U2OS,48,DMSO,compound,,negcon,,19.233646,7.5491695
BR00117010,A10,U2OS,48,GNF-5837,compound,BRD-K19975102-001-01-2,,['growth factor receptor inhibitor'],16.139555,6.6907806
BR00117010,A11,U2OS,48,apatinib,compound,BRD-K25244359-066-02-6,,['RET tyrosine kinase inhibitor'],16.937933,6.1133614
BR00117010,A12,U2OS,48,ethoxzolamide,compound,BRD-K18131774-001-18-4,,['carbonic anhydrase inhibitor'],18.786776,7.4065866
BR00117010,A13,U2OS,48,ascorbic-acid,compound,BRD-A85242401-001-11-5,,,15.410403,7.554123
BR00117010,A14,U2OS,48,ryuvidine,compound,BRD-K06426971-001-02-7,,['histone lysine methyltransferase inhibitor'],10.686725,7.042029
BR00117010,A15,U2OS,48,BAN-ORL-24,compound,BRD-K47049295-300-03-1,,,13.179703,7.672211
BR00117010,A16,U2OS,48,NNC-55-0396,compound,BRD-K78122587-300-04-3,,,15.6479435,5.069212
BR00117010,A17,U2OS,48,DMSO,compound,,negcon,,19.073647,8.388627
BR00117010,A18,U2OS,48,WH-4-023,compound,BRD-K50199947-001-03-4,,['src inhibitor'],14.264499,5.871936
BR00117010,A19,U2OS,48,flupirtine,compound,BRD-K50720187-051-03-1,,['glutamate receptor antagonist'],15.368843,7.327669
BR00117010,A20,U2OS,48,ZK811752,compound,BRD-K91825936-001-03-9,,,15.606733,7.3060493
BR00117010,A21,U2OS,48,dexamethasone,compound,BRD-K38775274-001-22-1,,['glucocorticoid receptor agonist'],15.509622,6.4998765
BR00117010,A22,U2OS,48,PP-1,compound,BRD-K47598052-001-14-1,,['src inhibitor'],14.676601,5.8989162
BR00117010,A23,U2OS,48,DDR1-IN-1,compound,BRD-K61845293-300-01-9,,,16.171097,5.0688663
BR00117010,A24,U2OS,48,AVL-292,compound,BRD-K87782578-001-01-4,,"[""Bruton's tyrosine kinase (BTK) inhibitor""]",13.784429,6.417198
BR00117010,B01,U2OS,48,H2L-5765834,compound,BRD-K26439554-001-01-3,,['lysophosphatidic acid receptor antagonist'],16.499002,7.757485
BR00117010,B02,U2OS,48,thiostrepton,compound,BRD-K58049875-001-03-9,,['protein synthesis inhibitor'],11.029441,6.68629
BR00117010,B03,U2OS,48,DMSO,compound,,negcon,,19.090363,8.778539
BR00117010,B04,U2OS,48,arcyriaflavin-a,compound,BRD-K72726508-001-02-1,,['CDK inhibitor'],14.2890215,6.381137
BR00117010,B05,U2OS,48,CYM-5520,compound,BRD-K29151923-001-01-5,,['sphingosine 1 phosphate receptor agonist'],17.710821,7.3685975
BR00117010,B06,U2OS,48,fludarabine,compound,BRD-K66788707-001-14-3,,['ribonucleotide reductase inhibitor'],14.683811,8.726234
BR00117010,B07,U2OS,48,alda-1,compound,BRD-K06890060-001-09-1,,,18.313643,8.760517
BR00117010,B08,U2OS,48,meclofenamic-acid,compound,BRD-K50398167-236-22-7,,"['cyclooxygenase inhibitor', 'prostanoid receptor antagonist']",17.44365,7.3281145
BR00117010,B09,U2OS,48,GNF-5,compound,BRD-K87632963-001-03-0,,['Bcr-Abl kinase inhibitor'],16.421034,7.2491336
BR00117010,B10,U2OS,48,NS-309,compound,BRD-K37602296-001-01-6,,['calcium-activated potassium channel activator'],16.609106,7.2068963
BR00117010,B11,U2OS,48,AK-7,compound,BRD-K09143580-001-01-0,,['SIRT inhibitor'],16.62644,7.056867
BR00117010,B12,U2OS,48,BVT-948,compound,BRD-A22713669-001-04-3,,,10.539729,6.6872063
BR00117010,B13,U2OS,48,SirReal-2,compound,BRD-K16472653-001-01-6,,['SIRT inhibitor'],16.154728,6.575663
BR00117010,B14,U2OS,48,DMSO,compound,,negcon,,19.233562,8.519274
BR00117010,B15,U2OS,48,BMS-536924,compound,BRD-K34581968-001-05-3,,['IGF-1 inhibitor'],14.082597,6.591375
BR00117010,B16,U2OS,48,PP-121,compound,BRD-K81801188-001-02-8,,['protein tyrosine kinase inhibitor'],12.670688,7.0540705
BR00117010,B17,U2OS,48,MCOPPB,compound,BRD-K73276278-305-01-1,,,15.3995495,4.177586
BR00117010,B18,U2OS,48,ozagrel,compound,BRD-K53061490-003-13-9,,,15.251902,8.394208
BR00117010,B19,U2OS,48,CYM-5442,compound,BRD-A43005764-003-01-5,,['sphingosine 1 phosphate receptor agonist'],15.985032,4.7953444
BR00117010,B20,U2OS,48,CVT-10216,compound,BRD-K60659193-001-01-0,,,18.22893,7.4825897
BR00117010,B21,U2OS,48,TCN201,compound,BRD-K09787262-001-02-7,,['glutamate receptor antagonist'],16.028126,6.501051
BR00117010,B22,U2OS,48,fomepizole,compound,BRD-K56810756-003-07-7,,['alcohol dehydrogenase inhibitor'],16.433113,8.399892
BR00117010,B23,U2OS,48,benzamil,compound,BRD-K87158025-003-08-7,,['sodium channel blocker'],17.232744,6.2607064
BR00117010,B24,U2OS,48,lercanidipine,compound,BRD-A18992208-003-02-7,,['calcium channel blocker'],15.886164,7.2220626
BR00117010,C01,U2OS,48,4-CMTB,compound,BRD-A54139254-001-09-2,,['free fatty acid receptor agonist'],18.457376,6.536865
BR00117010,C02,U2OS,48,ML-228,compound,BRD-K44432556-001-05-5,,,18.994963,7.1331086
BR00117010,C03,U2OS,48,DMSO,compound,,negcon,,19.803041,7.6684165
BR00117010,C04,U2OS,48,GSK1070916,compound,BRD-K36740062-001-06-6,,['Aurora kinase inhibitor'],13.486475,7.7634835
BR00117010,C05,U2OS,48,ML-193,compound,BRD-K27539181-001-08-5,,,19.200686,6.948296
BR00117010,C06,U2OS,48,DMSO,compound,,negcon,,19.647068,7.4181747
BR00117010,C07,U2OS,48,M-25,compound,BRD-K51265828-001-01-0,,['smoothened receptor antagonist'],18.775846,7.2149806
BR00117010,C08,U2OS,48,azeliragon,compound,BRD-K51899933-001-02-6,,['RAGE receptor antagonist'],11.828268,6.7529373
BR00117010,C09,U2OS,48,CYT-997,compound,BRD-K23363278-001-02-1,poscon_diverse,['tubulin polymerization inhibitor'],12.163831,7.896034
BR00117010,C10,U2OS,48,AR-12,compound,BRD-K90497590-001-05-9,,,10.640586,7.0997224
BR00117010,C11,U2OS,48,CYM-50260,compound,BRD-K69877120-001-01-7,,['sphingosine 1 phosphate receptor agonist'],19.000284,7.1373324
BR00117010,C12,U2OS,48,DMSO,compound,,negcon,,19.778784,7.5043154
BR00117010,C13,U2OS,48,KG-5,compound,BRD-K90747162-001-01-4,poscon_cp,['RAF inhibitor'],13.12727,8.134545
BR00117010,C14,U2OS,48,JTE-607,compound,BRD-K81405859-300-01-4,,,13.920525,8.32565
BR00117010,C15,U2OS,48,DMSO,compound,,negcon,,19.59234,7.7251863
BR00117010,C16,U2OS,48,ilomastat,compound,BRD-K51662849-001-05-4,,['matrix metalloprotease inhibitor'],16.298029,6.49533
BR00117010,C17,U2OS,48,RX-821002,compound,BRD-A65597028-003-08-1,,['adrenergic receptor antagonist'],19.072786,7.298285
BR00117010,C18,U2OS,48,DMSO,compound,,negcon,,19.77098,7.797199
BR00117010,C19,U2OS,48,TUG-891,compound,BRD-K24282351-001-01-4,,['free fatty acid receptor agonist'],16.492214,5.0900593
BR00117010,C20,U2OS,48,ponatinib,compound,BRD-K44227013-001-08-0,,"['PDGFR tyrosine kinase receptor inhibitor', 'FLT3 inhibitor', 'Bcr-Abl kinase inhibitor']",10.849788,6.987799
BR00117010,C21,U2OS,48,DMSO,compound,,negcon,,19.436117,7.7565703
BR00117010,C22,U2OS,48,puromycin,compound,BRD-K01824976-300-02-9,,['protein synthesis inhibitor'],10.917426,6.8681884
BR00117010,C23,U2OS,48,SRC-kinase-inhibitor-I,compound,BRD-K50495309-001-02-0,,['src inhibitor'],15.932321,4.614609
BR00117010,C24,U2OS,48,acetylcysteine,compound,BRD-K59058747-001-19-1,,,15.809005,7.5027313
BR00117010,D01,U2OS,48,NSC-625987,compound,BRD-K62949423-001-03-1,,['CDK inhibitor'],16.241764,6.406896
BR00117010,D02,U2OS,48,dalfampridine,compound,BRD-K22482860-001-20-6,,['potassium channel blocker'],17.969343,8.241853
BR00117010,D03,U2OS,48,NSC-95397,compound,BRD-K68143200-001-11-7,,['CDC inhibitor'],10.976745,6.681799
BR00117010,D04,U2OS,48,alrestatin,compound,BRD-K35498378-001-06-1,,['aldose reductase inhibitor'],18.076468,8.258269
BR00117010,D05,U2OS,48,PF-03758309,compound,BRD-K37764012-001-03-3,poscon_diverse,['p21 activated kinase inhibitor'],18.540745,8.203925
BR00117010,D06,U2OS,48,IRL-2500,compound,BRD-K98357249-001-02-9,,['endothelin receptor antagonist'],18.683739,8.554253
BR00117010,D07,U2OS,48,PF-04217903,compound,BRD-K73319509-001-08-0,poscon_cp,,17.996939,7.5351562
BR00117010,D08,U2OS,48,FK-866,compound,BRD-K58550667-001-08-7,poscon_diverse,,11.665605,5.665571
BR00117010,D09,U2OS,48,amlexanox,compound,BRD-K29530284-001-06-2,,,17.717663,6.5216475
BR00117010,D10,U2OS,48,GW-311616,compound,BRD-K37864785-001-01-0,,['elastase inhibitor'],18.249743,8.230952
BR00117010,D11,U2OS,48,buparlisib,compound,BRD-K42191735-001-08-7,poscon_diverse,,12.242812,7.800584
BR00117010,D12,U2OS,48,amiloride,compound,BRD-K97181089-003-24-7,,['sodium channel blocker'],17.109606,6.8447466
BR00117010,D13,U2OS,48,DG-172,compound,BRD-K75748943-300-01-3,,,16.065226,4.7385893
BR00117010,D14,U2OS,48,DMSO,compound,,negcon,,19.326447,9.094303
BR00117010,D15,U2OS,48,DMSO,compound,,negcon,,19.57612,8.474292
BR00117010,D16,U2OS,48,NVP-ADW742,compound,BRD-K15179513-001-04-2,poscon_cp,,15.280585,4.3913226
BR00117010,D17,U2OS,48,misoprostol,compound,BRD-A72351335-001-04-5,,['prostanoid receptor agonist'],14.283016,8.121461
BR00117010,D18,U2OS,48,conivaptan,compound,BRD-K37385792-003-02-1,,,16.445845,5.6169043
BR00117010,D19,U2OS,48,spiroxatrine,compound,BRD-A72483914-001-03-7,,['serotonin receptor antagonist'],16.168472,4.6987863
BR00117010,D20,U2OS,48,diacerein,compound,BRD-K69122748-001-10-1,,,19.088614,7.464724
BR00117010,D21,U2OS,48,DMSO,compound,,negcon,,19.483198,7.9226427
BR00117010,D22,U2OS,48,DMSO,compound,,negcon,,19.393963,8.467727
BR00117010,D23,U2OS,48,glyburide,compound,BRD-K36927236-001-36-7,,['ATP channel blocker'],17.800917,7.0315247
BR00117010,D24,U2OS,48,ANR-94,compound,BRD-K31170746-001-01-6,,,16.189226,7.8120384
BR00117010,E01,U2OS,48,TFC-007,compound,BRD-K57708067-001-01-3,,,18.833221,6.726915
BR00117010,E02,U2OS,48,trihexyphenidyl,compound,BRD-A48180038-003-24-3,,['acetylcholine receptor antagonist'],19.216644,7.34781
BR00117010,E03,U2OS,48,epoprostenol,compound,BRD-K64054020-001-02-7,,,18.863417,7.3039536
BR00117010,E04,U2OS,48,sacubitril,compound,BRD-K91456750-001-01-9,,,18.899668,6.903987
BR00117010,E05,U2OS,48,danusertib,compound,BRD-K07881437-001-03-8,poscon_diverse,"['growth factor receptor inhibitor', 'Aurora kinase inhibitor']",14.02597,8.4157095
BR00117010,E06,U2OS,48,CYT-997,compound,BRD-K23363278-001-02-1,poscon_diverse,['tubulin polymerization inhibitor'],12.349218,8.054123
BR00117010,E07,U2OS,48,DMSO,compound,,negcon,,19.854038,7.8329077
BR00117010,E08,U2OS,48,BQ-788,compound,BRD-K02490038-236-03-8,,['endothelin receptor antagonist'],15.6633,7.4617906
BR00117010,E09,U2OS,48,SB-202190,compound,BRD-K54330070-001-19-6,poscon_orf,['p38 MAPK inhibitor'],17.853455,5.6756525
BR00117010,E10,U2OS,48,GSK2110183,compound,BRD-K25412176-001-01-9,poscon_diverse,,16.682512,5.839311
BR00117010,E11,U2OS,48,GSK3787,compound,BRD-K03155172-001-03-0,,['PPAR receptor antagonist'],18.897781,6.875264
BR00117010,E12,U2OS,48,BAM7,compound,BRD-K07442505-001-03-6,,,18.726175,6.778199
BR00117010,E13,U2OS,48,PHA-793887,compound,BRD-K64800655-001-09-0,poscon_diverse,['CDK inhibitor'],12.736685,6.6081657
BR00117010,E14,U2OS,48,DMSO,compound,,negcon,,19.867664,7.964407
BR00117010,E15,U2OS,48,GSK-37647,compound,BRD-K26514105-001-01-7,,['free fatty acid receptor agonist'],18.634708,6.6278377
BR00117010,E16,U2OS,48,desonide,compound,BRD-K21528677-001-04-4,,['glucocorticoid receptor agonist'],16.845343,5.95001
BR00117010,E17,U2OS,48,DMSO,compound,,negcon,,19.953806,8.049859
BR00117010,E18,U2OS,48,aloxistatin,compound,BRD-K91188791-001-17-5,,,15.932572,4.317075
BR00117010,E19,U2OS,48,azathioprine,compound,BRD-K32821942-001-22-1,,,17.595797,6.7432847
BR00117010,E20,U2OS,48,ZK-93423,compound,BRD-K33882852-003-02-8,poscon_diverse,['benzodiazepine receptor agonist'],15.641158,7.220589
BR00117010,E21,U2OS,48,BI-2536,compound,BRD-K64890080-001-02-1,poscon_diverse,,12.413465,7.496644
BR00117010,E22,U2OS,48,EI1,compound,BRD-K91535048-001-01-2,poscon_cp,['histone lysine methyltransferase inhibitor'],17.336176,6.7684283
BR00117010,E23,U2OS,48,NVP-HSP990,compound,BRD-K67915505-001-01-2,,['HSP inhibitor'],11.76738,7.018893
BR00117010,E24,U2OS,48,DMSO,compound,,negcon,,19.470701,8.210754
BR00117010,F01,U2OS,48,DMSO,compound,,negcon,,18.801464,8.3866825
BR00117010,F02,U2OS,48,nialamide,compound,BRD-K12102668-001-25-5,,,18.11524,8.279355
BR00117010,F03,U2OS,48,DMSO,compound,,negcon,,19.186,8.4668255
BR00117010,F04,U2OS,48,arundic-acid,compound,BRD-K49223707-001-01-0,,,18.370451,8.562565
BR00117010,F05,U2OS,48,torcitabine,compound,BRD-K91822704-003-07-2,,,18.811258,8.290895
BR00117010,F06,U2OS,48,DMSO,compound,,negcon,,18.937977,8.734779
BR00117010,F07,U2OS,48,epothilone-b,compound,BRD-K68164687-001-01-6,,"['microtubule stabilizing agent', 'tubulin polymerization inhibitor']",13.00662,8.169939
BR00117010,F08,U2OS,48,dyphylline,compound,BRD-A00827783-001-24-6,,['phosphodiesterase inhibitor'],18.722507,7.722623
BR00117010,F09,U2OS,48,DMSO,compound,,negcon,,19.367432,8.775298
BR00117010,F10,U2OS,48,quinidine,compound,BRD-K59632282-052-03-1,,['sodium channel blocker'],15.475823,7.461468
BR00117010,F11,U2OS,48,halopemide,compound,BRD-K50055394-001-03-6,,,16.55089,6.1987667
BR00117010,F12,U2OS,48,sulfinpyrazone,compound,BRD-A36217750-001-16-3,,,18.268162,7.6197023
BR00117010,F13,U2OS,48,ML-323,compound,BRD-K93942811-001-01-3,poscon_cp,['ubiquitin specific protease inhibitor'],17.058205,7.1689568
BR00117010,F14,U2OS,48,racecadotril,compound,BRD-A08187463-001-12-9,,,16.870193,7.3177996
BR00117010,F15,U2OS,48,BRL-50481,compound,BRD-K84266862-001-03-2,,['phosphodiesterase inhibitor'],17.036314,6.5448246
BR00117010,F16,U2OS,48,GSK2110183,compound,BRD-K25412176-001-01-9,poscon_diverse,,16.146404,5.9924874
BR00117010,F17,U2OS,48,bufexamac,compound,BRD-K36660044-001-24-2,,['cyclooxygenase inhibitor'],17.547636,8.070374
BR00117010,F18,U2OS,48,anandamide,compound,BRD-K42352790-001-05-3,,,17.447693,6.8332663
BR00117010,F19,U2OS,48,thioguanine,compound,BRD-K49350383-001-13-7,poscon_diverse,,14.791344,6.7202754
BR00117010,F20,U2OS,48,IWP-L6,compound,BRD-K53234107-001-01-6,,['porcupine inhibitor'],16.828518,6.008652
BR00117010,F21,U2OS,48,edoxaban,compound,BRD-K29322660-001-01-9,,['coagulation factor inhibitor'],17.581047,7.113444
BR00117010,F22,U2OS,48,lonafarnib,compound,BRD-K41599323-001-02-3,poscon_diverse,,14.953221,6.32256
BR00117010,F23,U2OS,48,ibutamoren,compound,BRD-K44771174-066-01-0,,,16.947876,6.1148825
BR00117010,F24,U2OS,48,somatostatin,compound,BRD-K14681867-001-01-6,,['somatostatin receptor agonist'],16.097097,7.545906
BR00117010,G01,U2OS,48,L-proline,compound,BRD-K01666412-001-02-0,,,19.077534,6.766621
BR00117010,G02,U2OS,48,zamifenacin,compound,BRD-K80451230-051-02-6,,['acetylcholine receptor antagonist'],19.072851,7.471572
BR00117010,G03,U2OS,48,YC-1,compound,BRD-K60476892-001-16-1,,,12.289804,7.1134906
BR00117010,G04,U2OS,48,DMSO,compound,,negcon,,19.636572,7.9337196
BR00117010,G05,U2OS,48,ME-0328,compound,BRD-K24283677-001-01-9,,['PPAR receptor antagonist'],17.958288,5.9693766
BR00117010,G06,U2OS,48,NSC-663284,compound,BRD-K03109492-001-02-2,,['CDC inhibitor'],10.690255,6.9664993
BR00117010,G07,U2OS,48,CYM-50358,compound,BRD-K80666802-003-01-0,,,16.602238,5.0388994
BR00117010,G08,U2OS,48,trazodone,compound,BRD-K70778732-003-27-5,,"['adrenergic receptor antagonist', 'serotonin receptor antagonist']",18.815367,7.0286455
BR00117010,G09,U2OS,48,DMSO,compound,,negcon,,19.627998,7.3885045
BR00117010,G10,U2OS,48,DMSO,compound,,negcon,,19.72294,8.143623
BR00117010,G11,U2OS,48,sulfasalazine,compound,BRD-K10670311-001-17-1,,['cyclooxygenase inhibitor'],18.50642,6.3404436
BR00117010,G12,U2OS,48,"2,5-furandimethanol",compound,BRD-K29791386-001-01-8,,,18.635311,6.693314
BR00117010,G13,U2OS,48,DMSO,compound,,negcon,,19.786018,7.7861433
BR00117010,G14,U2OS,48,dilazep,compound,BRD-K48722258-300-11-0,,,18.574743,7.167976
BR00117010,G15,U2OS,48,felodipine,compound,BRD-A30815329-001-12-1,,['calcium channel blocker'],18.536983,6.430523
BR00117010,G16,U2OS,48,paliperidone,compound,BRD-A99888680-001-05-3,,"['dopamine receptor antagonist', 'serotonin receptor antagonist']",19.12423,7.744158
BR00117010,G17,U2OS,48,purvalanol-a,compound,BRD-K50836978-001-03-3,poscon_orf,['CDK inhibitor'],14.301209,7.634484
BR00117010,G18,U2OS,48,DMSO,compound,,negcon,,19.38428,7.9918003
BR00117010,G19,U2OS,48,Ro-1138452,compound,BRD-K77220725-003-01-5,,['prostanoid receptor antagonist'],17.367817,5.9963665
BR00117010,G20,U2OS,48,sorbinil,compound,BRD-A89164055-001-03-3,,['aldose reductase inhibitor'],18.63941,7.5169687
BR00117010,G21,U2OS,48,TC-S-7004,compound,BRD-K89517477-001-01-4,poscon_cp,['DYRK inhibitor'],15.551027,6.5671244
BR00117010,G22,U2OS,48,saclofen,compound,BRD-A24122750-001-03-7,,['GABA receptor antagonist'],19.238804,8.008144
BR00117010,G23,U2OS,48,BAY-87-2243,compound,BRD-K70463136-001-01-5,,,15.886808,7.0625615
BR00117010,G24,U2OS,48,ibudilast,compound,BRD-K16444452-001-09-1,,['phosphodiesterase inhibitor'],16.550562,7.2649984
BR00117010,H01,U2OS,48,briciclib,compound,BRD-K05531427-001-01-7,,,11.979087,7.867474
BR00117010,H02,U2OS,48,2-Oleoylglycerol,compound,BRD-K77087341-001-02-4,,,18.5292,7.979547
BR00117010,H03,U2OS,48,RGFP966,compound,BRD-K61688984-001-02-9,poscon_cp,['HDAC inhibitor'],14.808852,7.078746
BR00117010,H04,U2OS,48,DMSO,compound,,negcon,,18.549103,8.436193
BR00117010,H05,U2OS,48,azacitidine,compound,BRD-K03406345-001-21-1,poscon_diverse,,17.496784,6.2330213
BR00117010,H06,U2OS,48,N6-cyclopentyladenosine,compound,BRD-K60150510-001-15-6,,,17.5561,8.131448
BR00117010,H07,U2OS,48,filgotinib,compound,BRD-K16803204-001-01-6,poscon_cp,['JAK inhibitor'],17.523289,5.9918404
BR00117010,H08,U2OS,48,guanidine,compound,BRD-K76037122-001-02-5,,['HSP inhibitor'],18.539865,8.221114
BR00117010,H09,U2OS,48,coumarin,compound,BRD-K23913458-001-20-7,,,17.678806,6.970433
BR00117010,H10,U2OS,48,DMSO,compound,,negcon,,19.172161,8.177558
BR00117010,H11,U2OS,48,ZM-336372,compound,BRD-K73789395-001-09-9,poscon_orf,['RAF inhibitor'],17.363276,6.9393244
BR00117010,H12,U2OS,48,citric-acid,compound,BRD-K76792669-001-08-1,,['coagulation factor inhibitor'],16.928331,8.760545
BR00117010,H13,U2OS,48,DMSO,compound,,negcon,,18.683315,7.8343773
BR00117010,H14,U2OS,48,CCG-63802,compound,BRD-K26970495-001-02-7,,['G protein signaling inhibitor'],15.4698515,7.7112775
BR00117010,H15,U2OS,48,ibutilide,compound,BRD-A74391928-051-03-9,,['potassium channel blocker'],16.86091,6.9427066
BR00117010,H16,U2OS,48,batimastat,compound,BRD-K82818427-001-04-8,,['matrix metalloprotease inhibitor'],15.286609,7.3132844
BR00117010,H17,U2OS,48,DMSO,compound,,negcon,,18.846079,8.6023655
BR00117010,H18,U2OS,48,DMSO,compound,,negcon,,19.165817,8.313399
BR00117010,H19,U2OS,48,UNC1999,compound,BRD-K26989966-001-04-3,poscon_cp,['histone lysine methyltransferase inhibitor'],11.457734,6.615726
BR00117010,H20,U2OS,48,glutamine-(l),compound,BRD-K83896451-001-06-7,,,18.025229,7.550297
BR00117010,H21,U2OS,48,PD-98059,compound,BRD-K62810658-001-11-4,poscon_orf,,16.964294,6.258115
BR00117010,H22,U2OS,48,enilconazole,compound,BRD-K01825690-065-01-9,,,18.429268,8.447091
BR00117010,H23,U2OS,48,N-alpha-Methylhistamine-dihydrochloride,compound,BRD-K75390981-300-04-9,,['histamine receptor agonist'],16.261848,6.8393455
BR00117010,H24,U2OS,48,GK921,compound,BRD-K38272302-001-02-7,,,11.536295,6.837688
BR00117010,I01,U2OS,48,nilvadipine,compound,BRD-A84687895-001-03-2,,['calcium channel blocker'],18.629467,6.8293815
BR00117010,I02,U2OS,48,DMSO,compound,,negcon,,19.818123,7.782621
BR00117010,I03,U2OS,48,AC-710,compound,BRD-K15819326-001-01-6,,['PDGFR tyrosine kinase receptor inhibitor'],15.237901,4.8701773
BR00117010,I04,U2OS,48,PETCM,compound,BRD-A93477898-001-04-2,,,19.059532,7.0478864
BR00117010,I05,U2OS,48,AZD7762,compound,BRD-K86525559-001-07-8,poscon_diverse,['CHK inhibitor'],11.026268,6.802171
BR00117010,I06,U2OS,48,PHA-793887,compound,BRD-K64800655-001-09-0,poscon_diverse,['CDK inhibitor'],12.652262,6.6274414
BR00117010,I07,U2OS,48,KU-60019,compound,BRD-K36016295-001-05-2,,['ATM kinase inhibitor'],14.677297,5.602821
BR00117010,I08,U2OS,48,nafamostat,compound,BRD-K06674495-334-04-0,,,18.28411,6.1603413
BR00117010,I09,U2OS,48,DMSO,compound,,negcon,,19.92869,7.6911497
BR00117010,I10,U2OS,48,DMSO,compound,,negcon,,20.004055,7.551363
BR00117010,I11,U2OS,48,taladegib,compound,BRD-K50498985-001-03-3,,['smoothened receptor antagonist'],18.403305,6.752589
BR00117010,I12,U2OS,48,acetohexamide,compound,BRD-K52960356-001-13-0,,['ATP channel blocker'],16.08523,7.231591
BR00117010,I13,U2OS,48,minocycline,compound,BRD-A69651145-003-11-4,,,15.604534,6.3869095
BR00117010,I14,U2OS,48,BI-2536,compound,BRD-K64890080-001-02-1,poscon_diverse,,12.284206,7.2934546
BR00117010,I15,U2OS,48,riociguat,compound,BRD-K84783599-001-01-0,,,18.394232,7.010759
BR00117010,I16,U2OS,48,CP-724714,compound,BRD-K76908866-001-07-6,poscon_cp,"['EGFR inhibitor', 'protein tyrosine kinase inhibitor']",16.788353,6.332295
BR00117010,I17,U2OS,48,ganetespib,compound,BRD-K38852836-001-04-9,poscon_diverse,['HSP inhibitor'],11.727556,6.981916
BR00117010,I18,U2OS,48,AZ191,compound,BRD-K80935598-001-01-1,poscon_cp,['DYRK inhibitor'],15.338008,4.186322
BR00117010,I19,U2OS,48,BAX-channel-blocker,compound,BRD-A18763547-300-06-3,,,12.688124,6.3020253
BR00117010,I20,U2OS,48,SU3327,compound,BRD-K32730239-001-01-0,,['JNK inhibitor'],11.129812,6.956455
BR00117010,I21,U2OS,48,DMSO,compound,,negcon,,19.548962,8.357501
BR00117010,I22,U2OS,48,DMSO,compound,,negcon,,19.593233,8.148139
BR00117010,I23,U2OS,48,octreotide,compound,BRD-A64173453-015-03-1,,['somatostatin receptor agonist'],18.046366,7.2673626
BR00117010,I24,U2OS,48,1-octanol,compound,BRD-K09338665-001-08-9,,,16.747707,7.1859303
BR00117010,J01,U2OS,48,acalabrutinib,compound,BRD-K64034691-001-01-9,,"[""Bruton's tyrosine kinase (BTK) inhibitor""]",16.736395,7.02817
BR00117010,J02,U2OS,48,rifamycin,compound,BRD-K38512030-001-01-7,,,18.430021,8.371383
BR00117010,J03,U2OS,48,pazopanib,compound,BRD-K74514084-003-09-2,,"['KIT inhibitor', 'VEGFR inhibitor', 'PDGFR tyrosine kinase receptor inhibitor']",15.6778345,6.3206377
BR00117010,J04,U2OS,48,RKI-1447,compound,BRD-K19333160-001-01-3,poscon_cp,,16.69928,5.614249
BR00117010,J05,U2OS,48,vitamin-E,compound,BRD-K97091514-001-11-4,,['PKC inhibitor'],18.61198,8.191212
BR00117010,J06,U2OS,48,lonafarnib,compound,BRD-K41599323-001-02-3,poscon_diverse,,15.072407,6.3717666
BR00117010,J07,U2OS,48,ethyl-pyruvate,compound,BRD-K47738867-001-01-5,,,17.695528,7.8397565
BR00117010,J08,U2OS,48,picrotin,compound,BRD-A91822151-001-05-0,,['GABA receptor antagonist'],17.923288,7.9447484
BR00117010,J09,U2OS,48,SGX523,compound,BRD-K19477839-001-07-6,poscon_cp,,17.366385,7.4601207
BR00117010,J10,U2OS,48,PP-2,compound,BRD-K95785537-001-22-3,,['src inhibitor'],14.666551,5.950122
BR00117010,J11,U2OS,48,ME-0328,compound,BRD-A63444178-001-01-5,,['PPAR receptor antagonist'],15.463184,6.395535
BR00117010,J12,U2OS,48,AZD9668,compound,BRD-K31476763-001-01-5,,['elastase inhibitor'],18.108522,7.3833055
BR00117010,J13,U2OS,48,NQDI-1,compound,BRD-K61918008-001-07-1,,,17.025877,6.57116
BR00117010,J14,U2OS,48,DMSO,compound,,negcon,,19.53141,8.0157175
BR00117010,J15,U2OS,48,carzenide,compound,BRD-K09295674-001-09-8,,,15.479429,8.369038
BR00117010,J16,U2OS,48,KU-55933,compound,BRD-K25311561-001-10-7,,['ATM kinase inhibitor'],15.34059,5.6246295
BR00117010,J17,U2OS,48,NVP-AEW541,compound,BRD-K24696047-001-02-3,poscon_cp,['IGF-1 inhibitor'],15.8623905,4.9636855
BR00117010,J18,U2OS,48,leflunomide,compound,BRD-K78692225-001-24-5,,['PDGFR tyrosine kinase receptor inhibitor'],16.575907,6.1817737
BR00117010,J19,U2OS,48,DMSO,compound,,negcon,,19.107681,8.832699
BR00117010,J20,U2OS,48,azacitidine,compound,BRD-K03406345-001-21-1,poscon_diverse,,17.6593,6.255501
BR00117010,J21,U2OS,48,ixabepilone,compound,BRD-K03601870-001-01-2,,['microtubule stabilizing agent'],12.774587,8.017082
BR00117010,J22,U2OS,48,KH-CB19,compound,BRD-K66430217-001-03-8,poscon_cp,['CDC inhibitor'],18.184984,6.815422
BR00117010,J23,U2OS,48,DMSO,compound,,negcon,,19.392391,8.411371
BR00117010,J24,U2OS,48,PF-05190457,compound,BRD-K02554563-001-01-6,,,16.094627,7.442357
BR00117010,K01,U2OS,48,LDN-212854,compound,BRD-K59831625-001-03-9,,,10.866571,7.0258436
BR00117010,K02,U2OS,48,formononetin,compound,BRD-K55567017-001-12-3,,['alcohol dehydrogenase inhibitor'],18.994059,6.912149
BR00117010,K03,U2OS,48,aminopurvalanol-a,compound,BRD-K07762753-001-05-1,poscon_orf,['CDK inhibitor'],14.193133,7.637329
BR00117010,K04,U2OS,48,ruxolitinib,compound,BRD-K53972329-001-01-3,poscon_cp,['JAK inhibitor'],17.046858,5.8252697
BR00117010,K05,U2OS,48,DMSO,compound,,negcon,,19.918005,7.654798
BR00117010,K06,U2OS,48,DMSO,compound,,negcon,,19.81541,7.7997427
BR00117010,K07,U2OS,48,LGK-974,compound,BRD-K16810791-001-01-0,,['porcupine inhibitor'],18.884966,6.591109
BR00117010,K08,U2OS,48,polydatin,compound,BRD-K43236057-001-07-1,,['ICAM1 expression inhibitor'],13.371691,8.084675
BR00117010,K09,U2OS,48,enflurane,compound,BRD-A51831848-001-01-7,,,18.754818,7.4322467
BR00117010,K10,U2OS,48,PFI-1,compound,BRD-K13094524-001-04-2,poscon_cp,,18.722946,7.954931
BR00117010,K11,U2OS,48,AZD7762,compound,BRD-K86525559-001-07-8,poscon_diverse,['CHK inhibitor'],10.9349575,6.7851753
BR00117010,K12,U2OS,48,sotrastaurin,compound,BRD-K16761703-001-03-8,,['PKC inhibitor'],17.640463,5.744781
BR00117010,K13,U2OS,48,DMSO,compound,,negcon,,20.059813,7.668969
BR00117010,K14,U2OS,48,cycloheximide,compound,BRD-K36055864-001-20-0,,['protein synthesis inhibitor'],12.563558,6.8257403
BR00117010,K15,U2OS,48,oxytocin,compound,BRD-K25243230-001-01-2,,,19.21252,7.9993153
BR00117010,K16,U2OS,48,DMSO,compound,,negcon,,19.622072,7.9536285
BR00117010,K17,U2OS,48,colchicine,compound,BRD-K00259736-001-16-4,,,12.033621,7.7640142
BR00117010,K18,U2OS,48,afimoxifene,compound,BRD-K04210847-001-21-9,,,17.989868,6.538834
BR00117010,K19,U2OS,48,DMSO,compound,,negcon,,19.731085,8.01224
BR00117010,K20,U2OS,48,ZK-93423,compound,BRD-K33882852-003-02-8,poscon_diverse,['benzodiazepine receptor agonist'],16.120049,6.922792
BR00117010,K21,U2OS,48,RGB-286638,compound,BRD-K20986415-001-02-6,,['CDK inhibitor'],12.780126,6.2125125
BR00117010,K22,U2OS,48,FPS-ZM1,compound,BRD-K87691185-001-01-2,,['RAGE receptor antagonist'],18.49948,6.911205
BR00117010,K23,U2OS,48,flindokalner,compound,BRD-K56740996-001-02-1,,,18.256853,7.658732
BR00117010,K24,U2OS,48,motesanib,compound,BRD-K99616396-316-05-3,,"['KIT inhibitor', 'VEGFR inhibitor', 'PDGFR tyrosine kinase receptor inhibitor']",16.85979,6.4476976
BR00117010,L01,U2OS,48,geldanamycin,compound,BRD-K43570081-001-02-4,,['HSP inhibitor'],11.6233225,6.936079
BR00117010,L02,U2OS,48,DMSO,compound,,negcon,,18.685326,8.453704
BR00117010,L03,U2OS,48,CGP-53353,compound,BRD-K32292990-001-03-6,,"['PKC inhibitor', 'EGFR inhibitor']",17.855734,7.3609843
BR00117010,L04,U2OS,48,7-hydroxystaurosporine,compound,BRD-K45293975-001-02-0,,"['CDK inhibitor', 'PKC inhibitor', 'CHK inhibitor']",11.283644,6.4955344
BR00117010,L05,U2OS,48,DMSO,compound,,negcon,,19.029154,8.592263
BR00117010,L06,U2OS,48,DMSO,compound,,negcon,,19.143526,8.789016
BR00117010,L07,U2OS,48,efaproxiral,compound,BRD-K37355418-236-01-6,,,18.210436,8.3420315
BR00117010,L08,U2OS,48,SB-203580,compound,BRD-A37704979-001-12-3,poscon_orf,['p38 MAPK inhibitor'],17.177437,5.3220754
BR00117010,L09,U2OS,48,FK-866,compound,BRD-K58550667-001-08-7,poscon_diverse,,11.64868,5.7004743
BR00117010,L10,U2OS,48,bepridil,compound,BRD-A91008255-003-24-8,,['calcium channel blocker'],16.939232,6.427557
BR00117010,L11,U2OS,48,delanzomib,compound,BRD-K59325863-001-04-4,,,11.037843,6.7296257
BR00117010,L12,U2OS,48,buparlisib,compound,BRD-K42191735-001-08-7,poscon_diverse,,12.249658,7.799859
BR00117010,L13,U2OS,48,phenylbutazone,compound,BRD-K10843433-001-23-5,,"['cyclooxygenase inhibitor', 'prostanoid receptor antagonist']",17.18353,6.5819306
BR00117010,L14,U2OS,48,deferasirox,compound,BRD-K97010173-001-04-1,,,14.408976,8.366546
BR00117010,L15,U2OS,48,DMSO,compound,,negcon,,18.936394,8.660496
BR00117010,L16,U2OS,48,cediranib,compound,BRD-K86930074-001-05-0,,"['KIT inhibitor', 'VEGFR inhibitor']",15.735742,4.49042
BR00117010,L17,U2OS,48,isoflurane,compound,BRD-A31564021-001-02-6,,,17.792105,7.207688
BR00117010,L18,U2OS,48,DMSO,compound,,negcon,,19.384718,8.328871
BR00117010,L19,U2OS,48,CCG-50014,compound,BRD-K08893438-001-06-4,,['G protein signaling inhibitor'],11.429765,7.318203
BR00117010,L20,U2OS,48,PF-431396,compound,BRD-K93788137-001-04-1,,,13.774482,8.551497
BR00117010,L21,U2OS,48,TG-02,compound,BRD-K14560436-001-01-4,,"['CDK inhibitor', 'FLT3 inhibitor', 'JAK inhibitor']",12.044246,6.830188
BR00117010,L22,U2OS,48,baclofen,compound,BRD-K01826724-003-07-9,,['benzodiazepine receptor agonist'],18.885736,7.4906826
BR00117010,L23,U2OS,48,thiostrepton,compound,BRD-A20697603-001-07-2,,['protein synthesis inhibitor'],14.536413,7.242029
BR00117010,L24,U2OS,48,flufenamic-acid,compound,BRD-K44067360-001-29-5,,,17.398964,7.276339
BR00117010,M01,U2OS,48,DMSO,compound,,negcon,,19.417244,7.1743636
BR00117010,M02,U2OS,48,LY2109761,compound,BRD-K47557313-001-02-7,,,17.328987,5.4784427
BR00117010,M03,U2OS,48,olopatadine,compound,BRD-K67637637-003-11-8,,['histamine receptor antagonist'],19.42941,6.930693
BR00117010,M04,U2OS,48,DMSO,compound,,negcon,,19.888603,7.7610474
BR00117010,M05,U2OS,48,castanospermine,compound,BRD-K20897876-001-11-8,,['glucosidase inhibitor'],19.294472,7.2474604
BR00117010,M06,U2OS,48,A205804,compound,BRD-K77627880-001-04-0,,['ICAM1 expression inhibitor'],14.633963,8.607244
BR00117010,M07,U2OS,48,VU591,compound,BRD-K72063794-003-01-0,,['potassium channel blocker'],19.324615,7.070569
BR00117010,M08,U2OS,48,dalbavancin,compound,BRD-K30177383-001-01-0,,['bacterial cell wall synthesis inhibitor'],18.790335,6.5360036
BR00117010,M09,U2OS,48,CC-401,compound,BRD-K45746021-003-01-9,,['JNK inhibitor'],18.390108,6.2913237
BR00117010,M10,U2OS,48,ganetespib,compound,BRD-K38852836-001-04-9,poscon_diverse,['HSP inhibitor'],11.753877,7.046753
BR00117010,M11,U2OS,48,ingenol-mebutate,compound,BRD-K93779381-001-01-9,,,16.975853,6.043663
BR00117010,M12,U2OS,48,menadione,compound,BRD-K78126613-001-27-7,,,12.5823145,6.7463965
BR00117010,M13,U2OS,48,cetilistat,compound,BRD-K94863486-001-02-2,,,19.473236,7.8089857
BR00117010,M14,U2OS,48,methoxsalen,compound,BRD-K63430059-001-16-4,,['DNA synthesis inhibitor'],19.231077,7.358406
BR00117010,M15,U2OS,48,cyclosporine,compound,BRD-K13533483-001-16-2,,,14.330798,6.1381063
BR00117010,M16,U2OS,48,NSC-632839,compound,BRD-K81197548-003-01-4,poscon_cp,['ubiquitin specific protease inhibitor'],11.199898,6.849576
BR00117010,M17,U2OS,48,DMSO,compound,,negcon,,19.646326,7.666224
BR00117010,M18,U2OS,48,TG-003,compound,BRD-K97072811-001-11-4,poscon_cp,,18.424679,8.0410795
BR00117010,M19,U2OS,48,oxibendazole,compound,BRD-K52075715-001-06-7,,['tubulin polymerization inhibitor'],12.261467,8.084133
BR00117010,M20,U2OS,48,TG-101348,compound,BRD-K12502280-001-11-4,poscon_cp,"['JAK inhibitor', 'FLT3 inhibitor']",11.667061,6.3741
BR00117010,M21,U2OS,48,miglitol,compound,BRD-A63310107-001-04-8,,['glucosidase inhibitor'],17.79737,7.6486187
BR00117010,M22,U2OS,48,DMSO,compound,,negcon,,19.637653,8.1459675
BR00117010,M23,U2OS,48,DMSO,compound,,negcon,,19.252361,7.9906383
BR00117010,M24,U2OS,48,tranilast,compound,BRD-K17849083-001-32-9,,,15.88922,7.568437
BR00117010,N01,U2OS,48,4-methylhistamine,compound,BRD-K70821460-300-02-4,,['histamine receptor agonist'],16.25077,7.133913
BR00117010,N02,U2OS,48,LDN-27219,compound,BRD-K51485109-001-01-4,,,18.404453,8.486005
BR00117010,N03,U2OS,48,anisomycin,compound,BRD-K91370081-001-25-1,,['DNA synthesis inhibitor'],11.864775,6.685303
BR00117010,N04,U2OS,48,thioguanine,compound,BRD-K49350383-001-13-7,poscon_diverse,,14.850049,6.8408055
BR00117010,N05,U2OS,48,droxinostat,compound,BRD-K11558771-001-13-9,,['HDAC inhibitor'],17.634516,8.064481
BR00117010,N06,U2OS,48,UNC2025,compound,BRD-K91283740-003-01-6,poscon_cp,['FLT3 inhibitor'],12.176375,6.9484434
BR00117010,N07,U2OS,48,DMSO,compound,,negcon,,19.325542,8.523865
BR00117010,N08,U2OS,48,DMSO,compound,,negcon,,19.373877,8.643949
BR00117010,N09,U2OS,48,AMG900,compound,BRD-K21728777-001-02-3,poscon_cp,['Aurora kinase inhibitor'],13.682204,8.7108965
BR00117010,N10,U2OS,48,PF-06463922,compound,BRD-A23124853-001-01-4,,['ALK tyrosine kinase receptor inhibitor'],16.140028,5.8152676
BR00117010,N11,U2OS,48,orantinib,compound,BRD-K55966568-001-09-6,poscon_cp,"['FGFR inhibitor', 'PDGFR tyrosine kinase receptor inhibitor', 'VEGFR inhibitor']",16.93571,6.2323527
BR00117010,N12,U2OS,48,fludarabine-phosphate,compound,BRD-K71106091-001-09-5,,['ribonucleotide reductase inhibitor'],14.172856,8.687967
BR00117010,N13,U2OS,48,ceritinib,compound,BRD-K22149900-001-06-2,,['ALK tyrosine kinase receptor inhibitor'],16.059288,5.452161
BR00117010,N14,U2OS,48,NVS-PAK1-1,compound,BRD-K28132190-001-02-0,poscon_cp,['p21 activated kinase inhibitor'],15.369093,5.9379396
BR00117010,N15,U2OS,48,homoharringtonine,compound,BRD-K76674262-001-03-3,,['protein synthesis inhibitor'],11.695854,6.6525164
BR00117010,N16,U2OS,48,picrotoxinin,compound,BRD-K36461289-001-05-8,,['GABA receptor antagonist'],18.853785,8.24577
BR00117010,N17,U2OS,48,DMSO,compound,,negcon,,19.396965,8.595059
BR00117010,N18,U2OS,48,danusertib,compound,BRD-K07881437-001-03-8,poscon_diverse,"['growth factor receptor inhibitor', 'Aurora kinase inhibitor']",13.956848,8.540846
BR00117010,N19,U2OS,48,romidepsin,compound,BRD-K61397605-001-01-8,poscon_cp,['HDAC inhibitor'],11.419553,7.0245166
BR00117010,N20,U2OS,48,FERb-033,compound,BRD-K61642990-001-01-0,poscon_cp,['EGFR inhibitor'],17.047655,7.014441
BR00117010,N21,U2OS,48,PF-03758309,compound,BRD-K37764012-001-03-3,poscon_diverse,['p21 activated kinase inhibitor'],12.022556,6.7309275
BR00117010,N22,U2OS,48,DMSO,compound,,negcon,,18.773201,8.791306
BR00117010,N23,U2OS,48,trometamol,compound,BRD-K47978074-001-03-2,,,16.302515,7.490974
BR00117010,N24,U2OS,48,simvastatin,compound,BRD-K22134346-001-22-3,,['HMGCR inhibitor'],14.829452,5.852784
BR00117010,O01,U2OS,48,zaprinast,compound,BRD-K16542329-001-16-8,,['phosphodiesterase inhibitor'],18.951553,7.0178537
BR00117010,O02,U2OS,48,dexamethasone,compound,BRD-A10188456-001-04-9,,['glucocorticoid receptor agonist'],17.65221,6.2625446
BR00117010,O03,U2OS,48,salicylic-acid,compound,BRD-K93632104-001-17-2,,['cyclooxygenase inhibitor'],18.874878,7.030925
BR00117010,O04,U2OS,48,diltiazem,compound,BRD-A69636825-003-04-7,,['calcium channel blocker'],19.166979,7.0050974
BR00117010,O05,U2OS,48,phenolphthalein,compound,BRD-K19227686-001-18-6,,,19.150242,7.224365
BR00117010,O06,U2OS,48,niflumic-acid,compound,BRD-K98763141-001-30-8,,['cyclooxygenase inhibitor'],19.346855,7.0071087
BR00117010,O07,U2OS,48,DMSO,compound,,negcon,,19.702972,7.450037
BR00117010,O08,U2OS,48,L-Cystine,compound,BRD-A15397381-001-02-5,,,19.165476,7.098288
BR00117010,O09,U2OS,48,ozanimod,compound,BRD-K46625559-001-01-8,,['sphingosine 1 phosphate receptor agonist'],16.372139,4.905679
BR00117010,O10,U2OS,48,efaroxan,compound,BRD-A10739734-003-09-8,,['adrenergic receptor antagonist'],19.045866,7.5293975
BR00117010,O11,U2OS,48,NBQX,compound,BRD-K11796549-001-05-2,,['glutamate receptor antagonist'],18.912287,7.456493
BR00117010,O12,U2OS,48,dinoprostone,compound,BRD-K26521938-001-07-2,,['prostanoid receptor agonist'],18.765665,6.815032
BR00117010,O13,U2OS,48,Ro-20-1724,compound,BRD-A07207424-001-14-0,,['phosphodiesterase inhibitor'],19.30703,7.128304
BR00117010,O14,U2OS,48,xanomeline,compound,BRD-K72815923-034-02-0,,['acetylcholine receptor agonist'],19.209501,7.5218306
BR00117010,O15,U2OS,48,terazosin,compound,BRD-K01825589-310-02-9,,['adrenergic receptor antagonist'],19.232601,7.259451
BR00117010,O16,U2OS,48,BVT-948,compound,BRD-K68567222-001-01-2,,,11.511036,6.264387
BR00117010,O17,U2OS,48,nicotine,compound,BRD-K01825660-322-01-9,,['acetylcholine receptor agonist'],19.19064,7.2429976
BR00117010,O18,U2OS,48,DMSO,compound,,negcon,,20.002224,8.235201
BR00117010,O19,U2OS,48,U-0521,compound,BRD-K08953028-001-09-6,,,18.194563,6.8206124
BR00117010,O20,U2OS,48,BMS-587101,compound,BRD-K20093108-001-02-3,,,17.23202,6.8456016
BR00117010,O21,U2OS,48,nimodipine,compound,BRD-A58048407-001-20-4,,['calcium channel blocker'],17.656862,6.8925886
BR00117010,O22,U2OS,48,pyrrolidine-dithiocarbamate,compound,BRD-K80970344-201-08-6,,,10.9336195,7.10538
BR00117010,O23,U2OS,48,PF-915275,compound,BRD-K18289362-001-02-2,,,18.177744,7.199925
BR00117010,O24,U2OS,48,JTE-013,compound,BRD-K43330982-001-02-3,,,15.941818,7.6425786
BR00117010,P01,U2OS,48,sodium-butyrate,compound,BRD-K05878375-236-05-7,,['HDAC inhibitor'],15.594769,8.854277
BR00117010,P02,U2OS,48,pentostatin,compound,BRD-K91543828-001-02-0,,['ribonucleotide reductase inhibitor'],17.267666,8.000474
BR00117010,P03,U2OS,48,OMDM-2,compound,BRD-K48830578-001-01-9,,,17.118408,7.771316
BR00117010,P04,U2OS,48,nalmefene,compound,BRD-A72767275-003-01-6,,,17.61519,8.272833
BR00117010,P05,U2OS,48,DMSO,compound,,negcon,,18.368217,8.641463
BR00117010,P06,U2OS,48,1-EBIO,compound,BRD-K70586315-001-02-4,,,17.387558,7.698972
BR00117010,P07,U2OS,48,SB-505124,compound,BRD-K40109029-001-02-9,,['ALK tyrosine kinase receptor inhibitor'],15.365184,7.4168754
BR00117010,P08,U2OS,48,prasugrel,compound,BRD-A83029242-001-06-1,,['purinergic receptor antagonist'],16.165636,7.7167015
BR00117010,P09,U2OS,48,pidolic-acid,compound,BRD-K57313110-001-06-8,,,17.0415,8.007917
BR00117010,P10,U2OS,48,DMSO,compound,,negcon,,17.709826,8.1084585
BR00117010,P11,U2OS,48,nevirapine,compound,BRD-K15502390-001-20-9,,,17.300655,8.164705
BR00117010,P12,U2OS,48,triamterene,compound,BRD-K92049597-001-20-8,,['sodium channel blocker'],16.993603,7.8287787
BR00117010,P13,U2OS,48,regorafenib,compound,BRD-K16730910-001-07-3,,"['PDGFR tyrosine kinase receptor inhibitor', 'RAF inhibitor', 'KIT inhibitor', 'RET tyrosine kinase inhibitor', 'FGFR inhibitor', 'VEGFR inhibitor']",16.202147,6.150864
BR00117010,P14,U2OS,48,cyclophosphamide,compound,BRD-A09722536-002-18-0,,,17.264095,8.113465
BR00117010,P15,U2OS,48,olanzapine,compound,BRD-K18895904-001-16-1,,"['dopamine receptor antagonist', 'serotonin receptor antagonist']",16.073448,4.939354
BR00117010,P16,U2OS,48,KI-16425,compound,BRD-A25569250-001-03-3,,['lysophosphatidic acid receptor antagonist'],17.088644,7.7747674
BR00117010,P17,U2OS,48,SKLB1002,compound,BRD-K29895144-001-01-0,,['VEGFR inhibitor'],13.985273,8.327011
BR00117010,P18,U2OS,48,cilostazol,compound,BRD-K67017579-001-28-1,,['phosphodiesterase inhibitor'],17.137512,7.955243
BR00117010,P19,U2OS,48,AZD1283,compound,BRD-K77060810-001-01-5,,['purinergic receptor antagonist'],16.995659,7.861573
BR00117010,P20,U2OS,48,A-987306,compound,BRD-K68982262-001-01-4,,['histamine receptor antagonist'],16.117247,4.838169
BR00117010,P21,U2OS,48,procaine,compound,BRD-K24616672-003-20-1,,['HMGCR inhibitor'],16.691353,8.033094
BR00117010,P22,U2OS,48,miconazole,compound,BRD-A82396632-008-30-8,,['bacterial cell wall synthesis inhibitor'],16.72858,7.595429
BR00117010,P23,U2OS,48,loperamide,compound,BRD-K61250553-003-30-6,,,15.455868,7.512195
BR00117010,P24,U2OS,48,aripiprazole,compound,BRD-K70358946-001-17-3,,['serotonin receptor antagonist'],15.727084,7.764506
BR00117011,A01,U2OS,48,gabapentin-enacarbil,compound,BRD-A86665761-001-01-1,,,17.395063,8.408734
BR00117011,A02,U2OS,48,DMSO,compound,,negcon,,18.372786,9.365718
BR00117011,A03,U2OS,48,amlodipine,compound,BRD-A22032524-074-09-9,,['calcium channel blocker'],12.748187,7.6654634
BR00117011,A04,U2OS,48,hexestrol,compound,BRD-A01078468-001-14-8,,,18.062546,7.427199
BR00117011,A05,U2OS,48,quinine,compound,BRD-K48278478-001-01-2,,,17.559837,7.1522336
BR00117011,A06,U2OS,48,LOXO-101,compound,BRD-K36574127-001-01-3,,,17.754677,8.230636
BR00117011,A07,U2OS,48,brinzolamide,compound,BRD-K74913225-001-14-0,,['carbonic anhydrase inhibitor'],18.112432,8.42235
BR00117011,A08,U2OS,48,NS-11021,compound,BRD-K94342292-001-01-3,,['calcium-activated potassium channel activator'],14.440428,6.5607405
BR00117011,A09,U2OS,48,DMSO,compound,,negcon,,18.063295,8.46452
BR00117011,A10,U2OS,48,GNF-5837,compound,BRD-K19975102-001-01-2,,['growth factor receptor inhibitor'],16.05683,6.666318
BR00117011,A11,U2OS,48,apatinib,compound,BRD-K25244359-066-02-6,,['RET tyrosine kinase inhibitor'],16.383976,5.546427
BR00117011,A12,U2OS,48,ethoxzolamide,compound,BRD-K18131774-001-18-4,,['carbonic anhydrase inhibitor'],18.079592,7.909378
BR00117011,A13,U2OS,48,ascorbic-acid,compound,BRD-A85242401-001-11-5,,,15.35129,7.670897
BR00117011,A14,U2OS,48,ryuvidine,compound,BRD-K06426971-001-02-7,,['histone lysine methyltransferase inhibitor'],10.634387,6.858114
BR00117011,A15,U2OS,48,BAN-ORL-24,compound,BRD-K47049295-300-03-1,,,13.358316,7.492667
BR00117011,A16,U2OS,48,NNC-55-0396,compound,BRD-K78122587-300-04-3,,,15.588756,5.068001
BR00117011,A17,U2OS,48,DMSO,compound,,negcon,,16.074335,7.393156
BR00117011,A18,U2OS,48,WH-4-023,compound,BRD-K50199947-001-03-4,,['src inhibitor'],14.280857,5.9969444
BR00117011,A19,U2OS,48,flupirtine,compound,BRD-K50720187-051-03-1,,['glutamate receptor antagonist'],15.548752,7.3273425
BR00117011,A20,U2OS,48,ZK811752,compound,BRD-K91825936-001-03-9,,,15.650481,7.16401
BR00117011,A21,U2OS,48,dexamethasone,compound,BRD-K38775274-001-22-1,,['glucocorticoid receptor agonist'],14.554397,6.4005876
BR00117011,A22,U2OS,48,PP-1,compound,BRD-K47598052-001-14-1,,['src inhibitor'],14.573865,5.9681416
BR00117011,A23,U2OS,48,DDR1-IN-1,compound,BRD-K61845293-300-01-9,,,16.104631,5.220705
BR00117011,A24,U2OS,48,AVL-292,compound,BRD-K87782578-001-01-4,,"[""Bruton's tyrosine kinase (BTK) inhibitor""]",13.712084,6.4592896
BR00117011,B01,U2OS,48,H2L-5765834,compound,BRD-K26439554-001-01-3,,['lysophosphatidic acid receptor antagonist'],17.962118,7.9415965
BR00117011,B02,U2OS,48,thiostrepton,compound,BRD-K58049875-001-03-9,,['protein synthesis inhibitor'],11.072514,6.766507
BR00117011,B03,U2OS,48,DMSO,compound,,negcon,,19.361834,8.855575
BR00117011,B04,U2OS,48,arcyriaflavin-a,compound,BRD-K72726508-001-02-1,,['CDK inhibitor'],14.299582,6.3395333
BR00117011,B05,U2OS,48,CYM-5520,compound,BRD-K29151923-001-01-5,,['sphingosine 1 phosphate receptor agonist'],18.642925,8.42426
BR00117011,B06,U2OS,48,fludarabine,compound,BRD-K66788707-001-14-3,,['ribonucleotide reductase inhibitor'],14.556383,8.740322
BR00117011,B07,U2OS,48,alda-1,compound,BRD-K06890060-001-09-1,,,17.987368,8.235146
BR00117011,B08,U2OS,48,meclofenamic-acid,compound,BRD-K50398167-236-22-7,,"['cyclooxygenase inhibitor', 'prostanoid receptor antagonist']",17.751993,7.86384
BR00117011,B09,U2OS,48,GNF-5,compound,BRD-K87632963-001-03-0,,['Bcr-Abl kinase inhibitor'],17.10138,7.087887
BR00117011,B10,U2OS,48,NS-309,compound,BRD-K37602296-001-01-6,,['calcium-activated potassium channel activator'],16.591854,6.743937
BR00117011,B11,U2OS,48,AK-7,compound,BRD-K09143580-001-01-0,,['SIRT inhibitor'],16.699902,6.955276
BR00117011,B12,U2OS,48,BVT-948,compound,BRD-A22713669-001-04-3,,,10.692356,6.7009625
BR00117011,B13,U2OS,48,SirReal-2,compound,BRD-K16472653-001-01-6,,['SIRT inhibitor'],16.470732,6.6440067
BR00117011,B14,U2OS,48,DMSO,compound,,negcon,,19.627394,8.682591
BR00117011,B15,U2OS,48,BMS-536924,compound,BRD-K34581968-001-05-3,,['IGF-1 inhibitor'],14.023005,6.4548
BR00117011,B16,U2OS,48,PP-121,compound,BRD-K81801188-001-02-8,,['protein tyrosine kinase inhibitor'],13.052862,6.931478
BR00117011,B17,U2OS,48,MCOPPB,compound,BRD-K73276278-305-01-1,,,15.413831,4.223883
BR00117011,B18,U2OS,48,ozagrel,compound,BRD-K53061490-003-13-9,,,18.116379,8.210651
BR00117011,B19,U2OS,48,CYM-5442,compound,BRD-A43005764-003-01-5,,['sphingosine 1 phosphate receptor agonist'],16.078161,4.91861
BR00117011,B20,U2OS,48,CVT-10216,compound,BRD-K60659193-001-01-0,,,18.716015,8.21822
BR00117011,B21,U2OS,48,TCN201,compound,BRD-K09787262-001-02-7,,['glutamate receptor antagonist'],14.864892,8.289267
BR00117011,B22,U2OS,48,fomepizole,compound,BRD-K56810756-003-07-7,,['alcohol dehydrogenase inhibitor'],17.475191,6.8895197
BR00117011,B23,U2OS,48,benzamil,compound,BRD-K87158025-003-08-7,,['sodium channel blocker'],16.606663,6.625187
BR00117011,B24,U2OS,48,lercanidipine,compound,BRD-A18992208-003-02-7,,['calcium channel blocker'],15.801218,7.0583425
BR00117011,C01,U2OS,48,4-CMTB,compound,BRD-A54139254-001-09-2,,['free fatty acid receptor agonist'],18.172098,7.8192415
BR00117011,C02,U2OS,48,ML-228,compound,BRD-K44432556-001-05-5,,,18.931128,7.792234
BR00117011,C03,U2OS,48,DMSO,compound,,negcon,,19.819378,7.8655157
BR00117011,C04,U2OS,48,GSK1070916,compound,BRD-K36740062-001-06-6,,['Aurora kinase inhibitor'],13.469558,7.873219
BR00117011,C05,U2OS,48,ML-193,compound,BRD-K27539181-001-08-5,,,19.053553,7.2695556
BR00117011,C06,U2OS,48,DMSO,compound,,negcon,,19.785353,7.725692
BR00117011,C07,U2OS,48,M-25,compound,BRD-K51265828-001-01-0,,['smoothened receptor antagonist'],18.47977,7.5543075
BR00117011,C08,U2OS,48,azeliragon,compound,BRD-K51899933-001-02-6,,['RAGE receptor antagonist'],11.719851,6.5726695
BR00117011,C09,U2OS,48,CYT-997,compound,BRD-K23363278-001-02-1,poscon_diverse,['tubulin polymerization inhibitor'],12.164644,7.925935
BR00117011,C10,U2OS,48,AR-12,compound,BRD-K90497590-001-05-9,,,10.525339,6.6390705
BR00117011,C11,U2OS,48,CYM-50260,compound,BRD-K69877120-001-01-7,,['sphingosine 1 phosphate receptor agonist'],18.551819,7.280689
BR00117011,C12,U2OS,48,DMSO,compound,,negcon,,19.847874,7.9287176
BR00117011,C13,U2OS,48,KG-5,compound,BRD-K90747162-001-01-4,poscon_cp,['RAF inhibitor'],12.870858,8.212827
BR00117011,C14,U2OS,48,JTE-607,compound,BRD-K81405859-300-01-4,,,13.949082,8.254675
BR00117011,C15,U2OS,48,DMSO,compound,,negcon,,19.901884,8.398549
BR00117011,C16,U2OS,48,ilomastat,compound,BRD-K51662849-001-05-4,,['matrix metalloprotease inhibitor'],17.788599,8.122587
BR00117011,C17,U2OS,48,RX-821002,compound,BRD-A65597028-003-08-1,,['adrenergic receptor antagonist'],18.390663,7.6513734
BR00117011,C18,U2OS,48,DMSO,compound,,negcon,,19.628876,8.211538
BR00117011,C19,U2OS,48,TUG-891,compound,BRD-K24282351-001-01-4,,['free fatty acid receptor agonist'],19.146362,7.549482
BR00117011,C20,U2OS,48,ponatinib,compound,BRD-K44227013-001-08-0,,"['PDGFR tyrosine kinase receptor inhibitor', 'FLT3 inhibitor', 'Bcr-Abl kinase inhibitor']",10.989429,7.088163
BR00117011,C21,U2OS,48,DMSO,compound,,negcon,,19.510164,8.035141
BR00117011,C22,U2OS,48,puromycin,compound,BRD-K01824976-300-02-9,,['protein synthesis inhibitor'],10.980934,6.918716
BR00117011,C23,U2OS,48,SRC-kinase-inhibitor-I,compound,BRD-K50495309-001-02-0,,['src inhibitor'],15.950765,4.666141
BR00117011,C24,U2OS,48,acetylcysteine,compound,BRD-K59058747-001-19-1,,,16.362782,7.7444663
BR00117011,D01,U2OS,48,NSC-625987,compound,BRD-K62949423-001-03-1,,['CDK inhibitor'],18.09816,7.9584193
BR00117011,D02,U2OS,48,dalfampridine,compound,BRD-K22482860-001-20-6,,['potassium channel blocker'],19.071007,8.223014
BR00117011,D03,U2OS,48,NSC-95397,compound,BRD-K68143200-001-11-7,,['CDC inhibitor'],11.307184,6.5842195
BR00117011,D04,U2OS,48,alrestatin,compound,BRD-K35498378-001-06-1,,['aldose reductase inhibitor'],18.157312,8.0371895
BR00117011,D05,U2OS,48,PF-03758309,compound,BRD-K37764012-001-03-3,poscon_diverse,['p21 activated kinase inhibitor'],18.182371,8.022586
BR00117011,D06,U2OS,48,IRL-2500,compound,BRD-K98357249-001-02-9,,['endothelin receptor antagonist'],18.379032,8.003566
BR00117011,D07,U2OS,48,PF-04217903,compound,BRD-K73319509-001-08-0,poscon_cp,,18.805122,7.828206
BR00117011,D08,U2OS,48,FK-866,compound,BRD-K58550667-001-08-7,poscon_diverse,,11.671043,5.674139
BR00117011,D09,U2OS,48,amlexanox,compound,BRD-K29530284-001-06-2,,,18.654305,7.7994204
BR00117011,D10,U2OS,48,GW-311616,compound,BRD-K37864785-001-01-0,,['elastase inhibitor'],18.280167,8.00466
BR00117011,D11,U2OS,48,buparlisib,compound,BRD-K42191735-001-08-7,poscon_diverse,,12.303912,7.838656
BR00117011,D12,U2OS,48,amiloride,compound,BRD-K97181089-003-24-7,,['sodium channel blocker'],17.803938,7.474225
BR00117011,D13,U2OS,48,DG-172,compound,BRD-K75748943-300-01-3,,,16.169394,4.7999196
BR00117011,D14,U2OS,48,DMSO,compound,,negcon,,19.749207,7.957898
BR00117011,D15,U2OS,48,DMSO,compound,,negcon,,18.933105,9.015937
BR00117011,D16,U2OS,48,NVP-ADW742,compound,BRD-K15179513-001-04-2,poscon_cp,,15.296778,4.4943523
BR00117011,D17,U2OS,48,misoprostol,compound,BRD-A72351335-001-04-5,,['prostanoid receptor agonist'],15.091884,7.934221
BR00117011,D18,U2OS,48,conivaptan,compound,BRD-K37385792-003-02-1,,,16.434603,5.4185505
BR00117011,D19,U2OS,48,spiroxatrine,compound,BRD-A72483914-001-03-7,,['serotonin receptor antagonist'],17.74664,7.1565166
BR00117011,D20,U2OS,48,diacerein,compound,BRD-K69122748-001-10-1,,,18.42209,7.2153654
BR00117011,D21,U2OS,48,DMSO,compound,,negcon,,19.185535,8.272605
BR00117011,D22,U2OS,48,DMSO,compound,,negcon,,19.6651,8.330186
BR00117011,D23,U2OS,48,glyburide,compound,BRD-K36927236-001-36-7,,['ATP channel blocker'],17.628506,7.22049
BR00117011,D24,U2OS,48,ANR-94,compound,BRD-K31170746-001-01-6,,,16.892979,7.623963
BR00117011,E01,U2OS,48,TFC-007,compound,BRD-K57708067-001-01-3,,,18.612974,7.824188
BR00117011,E02,U2OS,48,trihexyphenidyl,compound,BRD-A48180038-003-24-3,,['acetylcholine receptor antagonist'],15.630003,5.8907046
BR00117011,E03,U2OS,48,epoprostenol,compound,BRD-K64054020-001-02-7,,,19.413841,7.554026
BR00117011,E04,U2OS,48,sacubitril,compound,BRD-K91456750-001-01-9,,,19.034075,7.5530443
BR00117011,E05,U2OS,48,danusertib,compound,BRD-K07881437-001-03-8,poscon_diverse,"['growth factor receptor inhibitor', 'Aurora kinase inhibitor']",13.887695,8.372129
BR00117011,E06,U2OS,48,CYT-997,compound,BRD-K23363278-001-02-1,poscon_diverse,['tubulin polymerization inhibitor'],12.468717,8.171599
BR00117011,E07,U2OS,48,DMSO,compound,,negcon,,19.93683,8.074065
BR00117011,E08,U2OS,48,BQ-788,compound,BRD-K02490038-236-03-8,,['endothelin receptor antagonist'],19.354204,8.266507
BR00117011,E09,U2OS,48,SB-202190,compound,BRD-K54330070-001-19-6,poscon_orf,['p38 MAPK inhibitor'],17.245708,5.8012342
BR00117011,E10,U2OS,48,GSK2110183,compound,BRD-K25412176-001-01-9,poscon_diverse,,16.514137,6.014487
BR00117011,E11,U2OS,48,GSK3787,compound,BRD-K03155172-001-03-0,,['PPAR receptor antagonist'],18.230972,6.7928925
BR00117011,E12,U2OS,48,BAM7,compound,BRD-K07442505-001-03-6,,,17.015623,6.903625
BR00117011,E13,U2OS,48,PHA-793887,compound,BRD-K64800655-001-09-0,poscon_diverse,['CDK inhibitor'],12.827548,6.5612097
BR00117011,E14,U2OS,48,DMSO,compound,,negcon,,19.552061,8.623924
BR00117011,E15,U2OS,48,GSK-37647,compound,BRD-K26514105-001-01-7,,['free fatty acid receptor agonist'],17.51296,6.5023093
BR00117011,E16,U2OS,48,desonide,compound,BRD-K21528677-001-04-4,,['glucocorticoid receptor agonist'],16.83755,6.284888
BR00117011,E17,U2OS,48,DMSO,compound,,negcon,,19.42321,7.911947
BR00117011,E18,U2OS,48,aloxistatin,compound,BRD-K91188791-001-17-5,,,16.083803,4.351421
BR00117011,E19,U2OS,48,azathioprine,compound,BRD-K32821942-001-22-1,,,17.131243,6.5374494
BR00117011,E20,U2OS,48,ZK-93423,compound,BRD-K33882852-003-02-8,poscon_diverse,['benzodiazepine receptor agonist'],15.861289,6.9885693
BR00117011,E21,U2OS,48,BI-2536,compound,BRD-K64890080-001-02-1,poscon_diverse,,12.278761,7.371596
BR00117011,E22,U2OS,48,EI1,compound,BRD-K91535048-001-01-2,poscon_cp,['histone lysine methyltransferase inhibitor'],17.156246,7.1786394
BR00117011,E23,U2OS,48,NVP-HSP990,compound,BRD-K67915505-001-01-2,,['HSP inhibitor'],11.819225,6.880077
BR00117011,E24,U2OS,48,DMSO,compound,,negcon,,16.153551,7.9304967
BR00117011,F01,U2OS,48,DMSO,compound,,negcon,,18.714758,8.439246
BR00117011,F02,U2OS,48,nialamide,compound,BRD-K12102668-001-25-5,,,14.238685,6.7273016
BR00117011,F03,U2OS,48,DMSO,compound,,negcon,,19.09328,8.972729
BR00117011,F04,U2OS,48,arundic-acid,compound,BRD-K49223707-001-01-0,,,17.573563,7.249124
BR00117011,F05,U2OS,48,torcitabine,compound,BRD-K91822704-003-07-2,,,18.620035,8.557844
BR00117011,F06,U2OS,48,DMSO,compound,,negcon,,19.19096,8.587321
BR00117011,F07,U2OS,48,epothilone-b,compound,BRD-K68164687-001-01-6,,"['microtubule stabilizing agent', 'tubulin polymerization inhibitor']",12.940218,8.135971
BR00117011,F08,U2OS,48,dyphylline,compound,BRD-A00827783-001-24-6,,['phosphodiesterase inhibitor'],18.174368,7.8566337
BR00117011,F09,U2OS,48,DMSO,compound,,negcon,,19.237844,8.903625
BR00117011,F10,U2OS,48,quinidine,compound,BRD-K59632282-052-03-1,,['sodium channel blocker'],15.61413,7.5717463
BR00117011,F11,U2OS,48,halopemide,compound,BRD-K50055394-001-03-6,,,16.508427,5.9383416
BR00117011,F12,U2OS,48,sulfinpyrazone,compound,BRD-A36217750-001-16-3,,,17.81033,7.9929347
BR00117011,F13,U2OS,48,ML-323,compound,BRD-K93942811-001-01-3,poscon_cp,['ubiquitin specific protease inhibitor'],16.415567,6.908583
BR00117011,F14,U2OS,48,racecadotril,compound,BRD-A08187463-001-12-9,,,16.70805,6.887961
BR00117011,F15,U2OS,48,BRL-50481,compound,BRD-K84266862-001-03-2,,['phosphodiesterase inhibitor'],18.230516,8.136854
BR00117011,F16,U2OS,48,GSK2110183,compound,BRD-K25412176-001-01-9,poscon_diverse,,16.566137,6.0703325
BR00117011,F17,U2OS,48,bufexamac,compound,BRD-K36660044-001-24-2,,['cyclooxygenase inhibitor'],17.819836,6.495047
BR00117011,F18,U2OS,48,anandamide,compound,BRD-K42352790-001-05-3,,,16.899126,6.9744253
BR00117011,F19,U2OS,48,thioguanine,compound,BRD-K49350383-001-13-7,poscon_diverse,,14.847463,6.7531867
BR00117011,F20,U2OS,48,IWP-L6,compound,BRD-K53234107-001-01-6,,['porcupine inhibitor'],17.760456,6.7422214
BR00117011,F21,U2OS,48,edoxaban,compound,BRD-K29322660-001-01-9,,['coagulation factor inhibitor'],16.68415,6.993176
BR00117011,F22,U2OS,48,lonafarnib,compound,BRD-K41599323-001-02-3,poscon_diverse,,14.788907,6.250827
BR00117011,F23,U2OS,48,ibutamoren,compound,BRD-K44771174-066-01-0,,,16.419935,6.3626537
BR00117011,F24,U2OS,48,somatostatin,compound,BRD-K14681867-001-01-6,,['somatostatin receptor agonist'],16.129948,7.7900753
BR00117011,G01,U2OS,48,L-proline,compound,BRD-K01666412-001-02-0,,,18.297228,7.711117
BR00117011,G02,U2OS,48,zamifenacin,compound,BRD-K80451230-051-02-6,,['acetylcholine receptor antagonist'],18.642103,7.6010146
BR00117011,G03,U2OS,48,YC-1,compound,BRD-K60476892-001-16-1,,,12.372153,6.98267
BR00117011,G04,U2OS,48,DMSO,compound,,negcon,,19.898876,7.8000083
BR00117011,G05,U2OS,48,ME-0328,compound,BRD-K24283677-001-01-9,,['PPAR receptor antagonist'],18.049135,7.764314
BR00117011,G06,U2OS,48,NSC-663284,compound,BRD-K03109492-001-02-2,,['CDC inhibitor'],10.619135,6.8446164
BR00117011,G07,U2OS,48,CYM-50358,compound,BRD-K80666802-003-01-0,,,16.212599,4.8713746
BR00117011,G08,U2OS,48,trazodone,compound,BRD-K70778732-003-27-5,,"['adrenergic receptor antagonist', 'serotonin receptor antagonist']",18.801,7.905256
BR00117011,G09,U2OS,48,DMSO,compound,,negcon,,19.579285,7.8845577
BR00117011,G10,U2OS,48,DMSO,compound,,negcon,,19.994879,8.108005
BR00117011,G11,U2OS,48,sulfasalazine,compound,BRD-K10670311-001-17-1,,['cyclooxygenase inhibitor'],18.650707,6.8850527
BR00117011,G12,U2OS,48,"2,5-furandimethanol",compound,BRD-K29791386-001-01-8,,,18.459532,8.046057
BR00117011,G13,U2OS,48,DMSO,compound,,negcon,,19.216219,7.964496
BR00117011,G14,U2OS,48,dilazep,compound,BRD-K48722258-300-11-0,,,17.85401,7.448962
BR00117011,G15,U2OS,48,felodipine,compound,BRD-A30815329-001-12-1,,['calcium channel blocker'],17.159044,6.3480344
BR00117011,G16,U2OS,48,paliperidone,compound,BRD-A99888680-001-05-3,,"['dopamine receptor antagonist', 'serotonin receptor antagonist']",17.625597,6.872771
BR00117011,G17,U2OS,48,purvalanol-a,compound,BRD-K50836978-001-03-3,poscon_orf,['CDK inhibitor'],14.385811,7.50226
BR00117011,G18,U2OS,48,DMSO,compound,,negcon,,18.456877,8.654987
BR00117011,G19,U2OS,48,Ro-1138452,compound,BRD-K77220725-003-01-5,,['prostanoid receptor antagonist'],15.91675,7.4215865
BR00117011,G20,U2OS,48,sorbinil,compound,BRD-A89164055-001-03-3,,['aldose reductase inhibitor'],18.191326,7.909048
BR00117011,G21,U2OS,48,TC-S-7004,compound,BRD-K89517477-001-01-4,poscon_cp,['DYRK inhibitor'],15.344635,6.6919656
BR00117011,G22,U2OS,48,saclofen,compound,BRD-A24122750-001-03-7,,['GABA receptor antagonist'],17.35055,7.2004876
BR00117011,G23,U2OS,48,BAY-87-2243,compound,BRD-K70463136-001-01-5,,,15.836555,6.984932
BR00117011,G24,U2OS,48,ibudilast,compound,BRD-K16444452-001-09-1,,['phosphodiesterase inhibitor'],16.895567,7.4832516
BR00117011,H01,U2OS,48,briciclib,compound,BRD-K05531427-001-01-7,,,12.086118,8.07975
BR00117011,H02,U2OS,48,2-Oleoylglycerol,compound,BRD-K77087341-001-02-4,,,18.02581,8.389593
BR00117011,H03,U2OS,48,RGFP966,compound,BRD-K61688984-001-02-9,poscon_cp,['HDAC inhibitor'],14.820829,7.02423
BR00117011,H04,U2OS,48,DMSO,compound,,negcon,,18.830053,8.8048725
BR00117011,H05,U2OS,48,azacitidine,compound,BRD-K03406345-001-21-1,poscon_diverse,,17.674282,6.4440527
BR00117011,H06,U2OS,48,N6-cyclopentyladenosine,compound,BRD-K60150510-001-15-6,,,17.922623,7.3972716
BR00117011,H07,U2OS,48,filgotinib,compound,BRD-K16803204-001-01-6,poscon_cp,['JAK inhibitor'],17.495674,6.077458
BR00117011,H08,U2OS,48,guanidine,compound,BRD-K76037122-001-02-5,,['HSP inhibitor'],17.461014,6.9171653
BR00117011,H09,U2OS,48,coumarin,compound,BRD-K23913458-001-20-7,,,18.162275,7.331012
BR00117011,H10,U2OS,48,DMSO,compound,,negcon,,18.840218,9.23056
BR00117011,H11,U2OS,48,ZM-336372,compound,BRD-K73789395-001-09-9,poscon_orf,['RAF inhibitor'],17.22109,6.9976525
BR00117011,H12,U2OS,48,citric-acid,compound,BRD-K76792669-001-08-1,,['coagulation factor inhibitor'],18.56789,8.378057
BR00117011,H13,U2OS,48,DMSO,compound,,negcon,,19.18942,8.742754
BR00117011,H14,U2OS,48,CCG-63802,compound,BRD-K26970495-001-02-7,,['G protein signaling inhibitor'],15.951491,7.5685973
BR00117011,H15,U2OS,48,ibutilide,compound,BRD-A74391928-051-03-9,,['potassium channel blocker'],17.037638,6.6685305
BR00117011,H16,U2OS,48,batimastat,compound,BRD-K82818427-001-04-8,,['matrix metalloprotease inhibitor'],15.38292,7.064323
BR00117011,H17,U2OS,48,DMSO,compound,,negcon,,19.497303,8.837892
BR00117011,H18,U2OS,48,DMSO,compound,,negcon,,19.676857,8.407126
BR00117011,H19,U2OS,48,UNC1999,compound,BRD-K26989966-001-04-3,poscon_cp,['histone lysine methyltransferase inhibitor'],11.806944,6.4827003
BR00117011,H20,U2OS,48,glutamine-(l),compound,BRD-K83896451-001-06-7,,,18.058653,8.185305
BR00117011,H21,U2OS,48,PD-98059,compound,BRD-K62810658-001-11-4,poscon_orf,,17.327522,7.5456953
BR00117011,H22,U2OS,48,enilconazole,compound,BRD-K01825690-065-01-9,,,17.982208,7.7707076
BR00117011,H23,U2OS,48,N-alpha-Methylhistamine-dihydrochloride,compound,BRD-K75390981-300-04-9,,['histamine receptor agonist'],17.918695,7.9314632
BR00117011,H24,U2OS,48,GK921,compound,BRD-K38272302-001-02-7,,,11.511948,6.703881
BR00117011,I01,U2OS,48,nilvadipine,compound,BRD-A84687895-001-03-2,,['calcium channel blocker'],17.92614,7.5944376
BR00117011,I02,U2OS,48,DMSO,compound,,negcon,,19.385386,8.535322
BR00117011,I03,U2OS,48,AC-710,compound,BRD-K15819326-001-01-6,,['PDGFR tyrosine kinase receptor inhibitor'],15.320838,4.7708554
BR00117011,I04,U2OS,48,PETCM,compound,BRD-A93477898-001-04-2,,,17.918068,6.89353
BR00117011,I05,U2OS,48,AZD7762,compound,BRD-K86525559-001-07-8,poscon_diverse,['CHK inhibitor'],10.974643,6.814344
BR00117011,I06,U2OS,48,PHA-793887,compound,BRD-K64800655-001-09-0,poscon_diverse,['CDK inhibitor'],12.704175,6.678749
BR00117011,I07,U2OS,48,KU-60019,compound,BRD-K36016295-001-05-2,,['ATM kinase inhibitor'],14.782138,5.4665112
BR00117011,I08,U2OS,48,nafamostat,compound,BRD-K06674495-334-04-0,,,15.977847,6.578769
BR00117011,I09,U2OS,48,DMSO,compound,,negcon,,19.322659,8.130245
BR00117011,I10,U2OS,48,DMSO,compound,,negcon,,19.426838,8.22962
BR00117011,I11,U2OS,48,taladegib,compound,BRD-K50498985-001-03-3,,['smoothened receptor antagonist'],17.663145,7.460553
BR00117011,I12,U2OS,48,acetohexamide,compound,BRD-K52960356-001-13-0,,['ATP channel blocker'],17.798553,7.228663
BR00117011,I13,U2OS,48,minocycline,compound,BRD-A69651145-003-11-4,,,15.926132,6.5744805
BR00117011,I14,U2OS,48,BI-2536,compound,BRD-K64890080-001-02-1,poscon_diverse,,12.330917,7.4031544
BR00117011,I15,U2OS,48,riociguat,compound,BRD-K84783599-001-01-0,,,17.595467,6.6489964
BR00117011,I16,U2OS,48,CP-724714,compound,BRD-K76908866-001-07-6,poscon_cp,"['EGFR inhibitor', 'protein tyrosine kinase inhibitor']",16.50251,6.3166814
BR00117011,I17,U2OS,48,ganetespib,compound,BRD-K38852836-001-04-9,poscon_diverse,['HSP inhibitor'],11.818909,6.8459816
BR00117011,I18,U2OS,48,AZ191,compound,BRD-K80935598-001-01-1,poscon_cp,['DYRK inhibitor'],15.339151,4.1546273
BR00117011,I19,U2OS,48,BAX-channel-blocker,compound,BRD-A18763547-300-06-3,,,12.4596,6.4654
BR00117011,I20,U2OS,48,SU3327,compound,BRD-K32730239-001-01-0,,['JNK inhibitor'],11.001105,6.9361153
BR00117011,I21,U2OS,48,DMSO,compound,,negcon,,18.404905,7.7759743
BR00117011,I22,U2OS,48,DMSO,compound,,negcon,,19.367651,8.292548
BR00117011,I23,U2OS,48,octreotide,compound,BRD-A64173453-015-03-1,,['somatostatin receptor agonist'],18.08222,8.254688
BR00117011,I24,U2OS,48,1-octanol,compound,BRD-K09338665-001-08-9,,,17.253881,7.3882747
BR00117011,J01,U2OS,48,acalabrutinib,compound,BRD-K64034691-001-01-9,,"[""Bruton's tyrosine kinase (BTK) inhibitor""]",17.94947,7.746737
BR00117011,J02,U2OS,48,rifamycin,compound,BRD-K38512030-001-01-7,,,18.101173,7.548932
BR00117011,J03,U2OS,48,pazopanib,compound,BRD-K74514084-003-09-2,,"['KIT inhibitor', 'VEGFR inhibitor', 'PDGFR tyrosine kinase receptor inhibitor']",15.595466,6.270442
BR00117011,J04,U2OS,48,RKI-1447,compound,BRD-K19333160-001-01-3,poscon_cp,,16.6945,5.621292
BR00117011,J05,U2OS,48,vitamin-E,compound,BRD-K97091514-001-11-4,,['PKC inhibitor'],17.22993,8.227861
BR00117011,J06,U2OS,48,lonafarnib,compound,BRD-K41599323-001-02-3,poscon_diverse,,14.959258,6.278308
BR00117011,J07,U2OS,48,ethyl-pyruvate,compound,BRD-K47738867-001-01-5,,,18.273434,8.129559
BR00117011,J08,U2OS,48,picrotin,compound,BRD-A91822151-001-05-0,,['GABA receptor antagonist'],18.33086,8.135806
BR00117011,J09,U2OS,48,SGX523,compound,BRD-K19477839-001-07-6,poscon_cp,,16.080717,7.319313
BR00117011,J10,U2OS,48,PP-2,compound,BRD-K95785537-001-22-3,,['src inhibitor'],14.712871,5.8885813
BR00117011,J11,U2OS,48,ME-0328,compound,BRD-A63444178-001-01-5,,['PPAR receptor antagonist'],15.956362,6.58071
BR00117011,J12,U2OS,48,AZD9668,compound,BRD-K31476763-001-01-5,,['elastase inhibitor'],17.915268,7.898794
BR00117011,J13,U2OS,48,NQDI-1,compound,BRD-K61918008-001-07-1,,,16.900925,6.586848
BR00117011,J14,U2OS,48,DMSO,compound,,negcon,,19.233004,8.75074
BR00117011,J15,U2OS,48,carzenide,compound,BRD-K09295674-001-09-8,,,18.669521,7.274682
BR00117011,J16,U2OS,48,KU-55933,compound,BRD-K25311561-001-10-7,,['ATM kinase inhibitor'],15.33357,5.7009153
BR00117011,J17,U2OS,48,NVP-AEW541,compound,BRD-K24696047-001-02-3,poscon_cp,['IGF-1 inhibitor'],15.9747925,4.8289723
BR00117011,J18,U2OS,48,leflunomide,compound,BRD-K78692225-001-24-5,,['PDGFR tyrosine kinase receptor inhibitor'],16.248823,7.4370933
BR00117011,J19,U2OS,48,DMSO,compound,,negcon,,19.289,8.719364
BR00117011,J20,U2OS,48,azacitidine,compound,BRD-K03406345-001-21-1,poscon_diverse,,17.577961,6.5283604
BR00117011,J21,U2OS,48,ixabepilone,compound,BRD-K03601870-001-01-2,,['microtubule stabilizing agent'],12.730872,8.0259285
BR00117011,J22,U2OS,48,KH-CB19,compound,BRD-K66430217-001-03-8,poscon_cp,['CDC inhibitor'],15.809398,7.589556
BR00117011,J23,U2OS,48,DMSO,compound,,negcon,,18.87638,7.7999654
BR00117011,J24,U2OS,48,PF-05190457,compound,BRD-K02554563-001-01-6,,,16.635363,7.195666
BR00117011,K01,U2OS,48,LDN-212854,compound,BRD-K59831625-001-03-9,,,10.831891,6.9437137
BR00117011,K02,U2OS,48,formononetin,compound,BRD-K55567017-001-12-3,,['alcohol dehydrogenase inhibitor'],17.584627,7.6603017
BR00117011,K03,U2OS,48,aminopurvalanol-a,compound,BRD-K07762753-001-05-1,poscon_orf,['CDK inhibitor'],14.106167,7.6679807
BR00117011,K04,U2OS,48,ruxolitinib,compound,BRD-K53972329-001-01-3,poscon_cp,['JAK inhibitor'],17.391119,5.9065175
BR00117011,K05,U2OS,48,DMSO,compound,,negcon,,19.60129,7.769906
BR00117011,K06,U2OS,48,DMSO,compound,,negcon,,19.724,7.794275
BR00117011,K07,U2OS,48,LGK-974,compound,BRD-K16810791-001-01-0,,['porcupine inhibitor'],17.140533,6.3152533
BR00117011,K08,U2OS,48,polydatin,compound,BRD-K43236057-001-07-1,,['ICAM1 expression inhibitor'],13.425933,8.027346
BR00117011,K09,U2OS,48,enflurane,compound,BRD-A51831848-001-01-7,,,18.793537,7.717837
BR00117011,K10,U2OS,48,PFI-1,compound,BRD-K13094524-001-04-2,poscon_cp,,19.203304,7.9193377
BR00117011,K11,U2OS,48,AZD7762,compound,BRD-K86525559-001-07-8,poscon_diverse,['CHK inhibitor'],11.006744,6.8203874
BR00117011,K12,U2OS,48,sotrastaurin,compound,BRD-K16761703-001-03-8,,['PKC inhibitor'],17.423508,5.8495364
BR00117011,K13,U2OS,48,DMSO,compound,,negcon,,19.586485,7.9828563
BR00117011,K14,U2OS,48,cycloheximide,compound,BRD-K36055864-001-20-0,,['protein synthesis inhibitor'],12.891067,6.811141
BR00117011,K15,U2OS,48,oxytocin,compound,BRD-K25243230-001-01-2,,,17.448174,7.116158
BR00117011,K16,U2OS,48,DMSO,compound,,negcon,,19.80799,8.369436
BR00117011,K17,U2OS,48,colchicine,compound,BRD-K00259736-001-16-4,,,12.077623,7.9414644
BR00117011,K18,U2OS,48,afimoxifene,compound,BRD-K04210847-001-21-9,,,16.42411,5.345952
BR00117011,K19,U2OS,48,DMSO,compound,,negcon,,19.394985,8.840657
BR00117011,K20,U2OS,48,ZK-93423,compound,BRD-K33882852-003-02-8,poscon_diverse,['benzodiazepine receptor agonist'],15.98799,6.955869
BR00117011,K21,U2OS,48,RGB-286638,compound,BRD-K20986415-001-02-6,,['CDK inhibitor'],12.908826,6.249003
BR00117011,K22,U2OS,48,FPS-ZM1,compound,BRD-K87691185-001-01-2,,['RAGE receptor antagonist'],17.274237,6.8965597
BR00117011,K23,U2OS,48,flindokalner,compound,BRD-K56740996-001-02-1,,,17.667397,7.2555604
BR00117011,K24,U2OS,48,motesanib,compound,BRD-K99616396-316-05-3,,"['KIT inhibitor', 'VEGFR inhibitor', 'PDGFR tyrosine kinase receptor inhibitor']",16.553366,6.5971837
BR00117011,L01,U2OS,48,geldanamycin,compound,BRD-K43570081-001-02-4,,['HSP inhibitor'],11.706512,6.912236
BR00117011,L02,U2OS,48,DMSO,compound,,negcon,,19.097965,8.856104
BR00117011,L03,U2OS,48,CGP-53353,compound,BRD-K32292990-001-03-6,,"['PKC inhibitor', 'EGFR inhibitor']",17.981535,7.5993567
BR00117011,L04,U2OS,48,7-hydroxystaurosporine,compound,BRD-K45293975-001-02-0,,"['CDK inhibitor', 'PKC inhibitor', 'CHK inhibitor']",11.159988,6.5108023
BR00117011,L05,U2OS,48,DMSO,compound,,negcon,,19.041538,8.725082
BR00117011,L06,U2OS,48,DMSO,compound,,negcon,,19.069963,8.561595
BR00117011,L07,U2OS,48,efaproxiral,compound,BRD-K37355418-236-01-6,,,18.614767,8.61635
BR00117011,L08,U2OS,48,SB-203580,compound,BRD-A37704979-001-12-3,poscon_orf,['p38 MAPK inhibitor'],17.211168,5.356738
BR00117011,L09,U2OS,48,FK-866,compound,BRD-K58550667-001-08-7,poscon_diverse,,11.591376,5.7459335
BR00117011,L10,U2OS,48,bepridil,compound,BRD-A91008255-003-24-8,,['calcium channel blocker'],16.903387,7.800602
BR00117011,L11,U2OS,48,delanzomib,compound,BRD-K59325863-001-04-4,,,11.057069,6.7182555
BR00117011,L12,U2OS,48,buparlisib,compound,BRD-K42191735-001-08-7,poscon_diverse,,12.441303,7.821493
BR00117011,L13,U2OS,48,phenylbutazone,compound,BRD-K10843433-001-23-5,,"['cyclooxygenase inhibitor', 'prostanoid receptor antagonist']",17.499619,7.1067758
BR00117011,L14,U2OS,48,deferasirox,compound,BRD-K97010173-001-04-1,,,14.345973,8.473972
BR00117011,L15,U2OS,48,DMSO,compound,,negcon,,19.100796,8.952518
BR00117011,L16,U2OS,48,cediranib,compound,BRD-K86930074-001-05-0,,"['KIT inhibitor', 'VEGFR inhibitor']",15.824117,4.448614
BR00117011,L17,U2OS,48,isoflurane,compound,BRD-A31564021-001-02-6,,,16.780624,6.828942
BR00117011,L18,U2OS,48,DMSO,compound,,negcon,,19.265768,8.973424
BR00117011,L19,U2OS,48,CCG-50014,compound,BRD-K08893438-001-06-4,,['G protein signaling inhibitor'],11.154355,6.7488656
BR00117011,L20,U2OS,48,PF-431396,compound,BRD-K93788137-001-04-1,,,13.751697,8.530595
BR00117011,L21,U2OS,48,TG-02,compound,BRD-K14560436-001-01-4,,"['CDK inhibitor', 'FLT3 inhibitor', 'JAK inhibitor']",12.321282,6.6919236
BR00117011,L22,U2OS,48,baclofen,compound,BRD-K01826724-003-07-9,,['benzodiazepine receptor agonist'],17.990707,7.147773
BR00117011,L23,U2OS,48,thiostrepton,compound,BRD-A20697603-001-07-2,,['protein synthesis inhibitor'],14.029781,7.201178
BR00117011,L24,U2OS,48,flufenamic-acid,compound,BRD-K44067360-001-29-5,,,17.470749,8.081675
BR00117011,M01,U2OS,48,DMSO,compound,,negcon,,18.44463,8.117294
BR00117011,M02,U2OS,48,LY2109761,compound,BRD-K47557313-001-02-7,,,17.134657,5.3160496
BR00117011,M03,U2OS,48,olopatadine,compound,BRD-K67637637-003-11-8,,['histamine receptor antagonist'],19.189507,7.6344395
BR00117011,M04,U2OS,48,DMSO,compound,,negcon,,19.87175,7.9467497
BR00117011,M05,U2OS,48,castanospermine,compound,BRD-K20897876-001-11-8,,['glucosidase inhibitor'],18.574495,7.327511
BR00117011,M06,U2OS,48,A205804,compound,BRD-K77627880-001-04-0,,['ICAM1 expression inhibitor'],14.775282,8.62678
BR00117011,M07,U2OS,48,VU591,compound,BRD-K72063794-003-01-0,,['potassium channel blocker'],15.94149,7.632959
BR00117011,M08,U2OS,48,dalbavancin,compound,BRD-K30177383-001-01-0,,['bacterial cell wall synthesis inhibitor'],16.98203,6.1369557
BR00117011,M09,U2OS,48,CC-401,compound,BRD-K45746021-003-01-9,,['JNK inhibitor'],17.759514,5.915157
BR00117011,M10,U2OS,48,ganetespib,compound,BRD-K38852836-001-04-9,poscon_diverse,['HSP inhibitor'],11.673628,7.01265
BR00117011,M11,U2OS,48,ingenol-mebutate,compound,BRD-K93779381-001-01-9,,,16.453457,6.252006
BR00117011,M12,U2OS,48,menadione,compound,BRD-K78126613-001-27-7,,,12.44417,6.61262
BR00117011,M13,U2OS,48,cetilistat,compound,BRD-K94863486-001-02-2,,,18.912214,8.042832
BR00117011,M14,U2OS,48,methoxsalen,compound,BRD-K63430059-001-16-4,,['DNA synthesis inhibitor'],18.28797,8.495502
BR00117011,M15,U2OS,48,cyclosporine,compound,BRD-K13533483-001-16-2,,,14.459367,6.476603
BR00117011,M16,U2OS,48,NSC-632839,compound,BRD-K81197548-003-01-4,poscon_cp,['ubiquitin specific protease inhibitor'],11.165384,6.844328
BR00117011,M17,U2OS,48,DMSO,compound,,negcon,,19.482834,8.112838
BR00117011,M18,U2OS,48,TG-003,compound,BRD-K97072811-001-11-4,poscon_cp,,17.48768,7.8806944
BR00117011,M19,U2OS,48,oxibendazole,compound,BRD-K52075715-001-06-7,,['tubulin polymerization inhibitor'],12.505148,8.054377
BR00117011,M20,U2OS,48,TG-101348,compound,BRD-K12502280-001-11-4,poscon_cp,"['JAK inhibitor', 'FLT3 inhibitor']",11.726499,6.205765
BR00117011,M21,U2OS,48,miglitol,compound,BRD-A63310107-001-04-8,,['glucosidase inhibitor'],16.85979,7.0942116
BR00117011,M22,U2OS,48,DMSO,compound,,negcon,,19.25275,8.61927
BR00117011,M23,U2OS,48,DMSO,compound,,negcon,,18.732538,8.441679
BR00117011,M24,U2OS,48,tranilast,compound,BRD-K17849083-001-32-9,,,16.828503,7.6299505
BR00117011,N01,U2OS,48,4-methylhistamine,compound,BRD-K70821460-300-02-4,,['histamine receptor agonist'],16.86157,7.5077486
BR00117011,N02,U2OS,48,LDN-27219,compound,BRD-K51485109-001-01-4,,,17.324373,8.212806
BR00117011,N03,U2OS,48,anisomycin,compound,BRD-K91370081-001-25-1,,['DNA synthesis inhibitor'],11.835847,6.6434255
BR00117011,N04,U2OS,48,thioguanine,compound,BRD-K49350383-001-13-7,poscon_diverse,,14.827853,6.8273067
BR00117011,N05,U2OS,48,droxinostat,compound,BRD-K11558771-001-13-9,,['HDAC inhibitor'],17.594437,7.9894753
BR00117011,N06,U2OS,48,UNC2025,compound,BRD-K91283740-003-01-6,poscon_cp,['FLT3 inhibitor'],12.16062,6.8821487
BR00117011,N07,U2OS,48,DMSO,compound,,negcon,,19.140156,8.404537
BR00117011,N08,U2OS,48,DMSO,compound,,negcon,,19.303131,8.74737
BR00117011,N09,U2OS,48,AMG900,compound,BRD-K21728777-001-02-3,poscon_cp,['Aurora kinase inhibitor'],13.755666,8.673798
BR00117011,N10,U2OS,48,PF-06463922,compound,BRD-A23124853-001-01-4,,['ALK tyrosine kinase receptor inhibitor'],16.253212,6.1026134
BR00117011,N11,U2OS,48,orantinib,compound,BRD-K55966568-001-09-6,poscon_cp,"['FGFR inhibitor', 'PDGFR tyrosine kinase receptor inhibitor', 'VEGFR inhibitor']",17.05814,6.5102563
BR00117011,N12,U2OS,48,fludarabine-phosphate,compound,BRD-K71106091-001-09-5,,['ribonucleotide reductase inhibitor'],14.268214,8.667495
BR00117011,N13,U2OS,48,ceritinib,compound,BRD-K22149900-001-06-2,,['ALK tyrosine kinase receptor inhibitor'],15.998655,5.51723
BR00117011,N14,U2OS,48,NVS-PAK1-1,compound,BRD-K28132190-001-02-0,poscon_cp,['p21 activated kinase inhibitor'],15.371279,5.9719725
BR00117011,N15,U2OS,48,homoharringtonine,compound,BRD-K76674262-001-03-3,,['protein synthesis inhibitor'],11.710918,6.6923785
BR00117011,N16,U2OS,48,picrotoxinin,compound,BRD-K36461289-001-05-8,,['GABA receptor antagonist'],17.629765,6.872021
BR00117011,N17,U2OS,48,DMSO,compound,,negcon,,19.899075,8.499857
BR00117011,N18,U2OS,48,danusertib,compound,BRD-K07881437-001-03-8,poscon_diverse,"['growth factor receptor inhibitor', 'Aurora kinase inhibitor']",13.8768425,8.461826
BR00117011,N19,U2OS,48,romidepsin,compound,BRD-K61397605-001-01-8,poscon_cp,['HDAC inhibitor'],11.539933,6.872627
BR00117011,N20,U2OS,48,FERb-033,compound,BRD-K61642990-001-01-0,poscon_cp,['EGFR inhibitor'],16.430477,6.5628757
BR00117011,N21,U2OS,48,PF-03758309,compound,BRD-K37764012-001-03-3,poscon_diverse,['p21 activated kinase inhibitor'],12.9012165,6.665298
BR00117011,N22,U2OS,48,DMSO,compound,,negcon,,18.793587,9.032328
BR00117011,N23,U2OS,48,trometamol,compound,BRD-K47978074-001-03-2,,,17.744469,8.358555
BR00117011,N24,U2OS,48,simvastatin,compound,BRD-K22134346-001-22-3,,['HMGCR inhibitor'],14.94655,5.9802485
BR00117011,O01,U2OS,48,zaprinast,compound,BRD-K16542329-001-16-8,,['phosphodiesterase inhibitor'],17.839542,7.73618
BR00117011,O02,U2OS,48,dexamethasone,compound,BRD-A10188456-001-04-9,,['glucocorticoid receptor agonist'],16.383509,6.7245216
BR00117011,O03,U2OS,48,salicylic-acid,compound,BRD-K93632104-001-17-2,,['cyclooxygenase inhibitor'],19.388216,7.5246515
BR00117011,O04,U2OS,48,diltiazem,compound,BRD-A69636825-003-04-7,,['calcium channel blocker'],18.140041,6.7568574
BR00117011,O05,U2OS,48,phenolphthalein,compound,BRD-K19227686-001-18-6,,,18.745499,7.3630815
BR00117011,O06,U2OS,48,niflumic-acid,compound,BRD-K98763141-001-30-8,,['cyclooxygenase inhibitor'],18.32041,7.295651
BR00117011,O07,U2OS,48,DMSO,compound,,negcon,,19.140642,8.422968
BR00117011,O08,U2OS,48,L-Cystine,compound,BRD-A15397381-001-02-5,,,17.803713,7.518472
BR00117011,O09,U2OS,48,ozanimod,compound,BRD-K46625559-001-01-8,,['sphingosine 1 phosphate receptor agonist'],16.165249,5.1500535
BR00117011,O10,U2OS,48,efaroxan,compound,BRD-A10739734-003-09-8,,['adrenergic receptor antagonist'],18.346731,8.557588
BR00117011,O11,U2OS,48,NBQX,compound,BRD-K11796549-001-05-2,,['glutamate receptor antagonist'],18.772654,7.4342365
BR00117011,O12,U2OS,48,dinoprostone,compound,BRD-K26521938-001-07-2,,['prostanoid receptor agonist'],18.4861,7.1675296
BR00117011,O13,U2OS,48,Ro-20-1724,compound,BRD-A07207424-001-14-0,,['phosphodiesterase inhibitor'],18.50359,8.619147
BR00117011,O14,U2OS,48,xanomeline,compound,BRD-K72815923-034-02-0,,['acetylcholine receptor agonist'],18.4888,8.451772
BR00117011,O15,U2OS,48,terazosin,compound,BRD-K01825589-310-02-9,,['adrenergic receptor antagonist'],18.248537,8.111127
BR00117011,O16,U2OS,48,BVT-948,compound,BRD-K68567222-001-01-2,,,11.500094,6.260801
BR00117011,O17,U2OS,48,nicotine,compound,BRD-K01825660-322-01-9,,['acetylcholine receptor agonist'],18.510378,7.572519
BR00117011,O18,U2OS,48,DMSO,compound,,negcon,,19.355871,8.617318
BR00117011,O19,U2OS,48,U-0521,compound,BRD-K08953028-001-09-6,,,17.991436,6.8627186
BR00117011,O20,U2OS,48,BMS-587101,compound,BRD-K20093108-001-02-3,,,18.315023,7.4561844
BR00117011,O21,U2OS,48,nimodipine,compound,BRD-A58048407-001-20-4,,['calcium channel blocker'],17.32163,7.0026507
BR00117011,O22,U2OS,48,pyrrolidine-dithiocarbamate,compound,BRD-K80970344-201-08-6,,,10.96278,7.181183
BR00117011,O23,U2OS,48,PF-915275,compound,BRD-K18289362-001-02-2,,,16.095592,7.3719745
BR00117011,O24,U2OS,48,JTE-013,compound,BRD-K43330982-001-02-3,,,15.624255,7.63513
BR00117011,P01,U2OS,48,sodium-butyrate,compound,BRD-K05878375-236-05-7,,['HDAC inhibitor'],15.4400625,8.924461
BR00117011,P02,U2OS,48,pentostatin,compound,BRD-K91543828-001-02-0,,['ribonucleotide reductase inhibitor'],17.480957,8.065814
BR00117011,P03,U2OS,48,OMDM-2,compound,BRD-K48830578-001-01-9,,,17.031525,7.3206315
BR00117011,P04,U2OS,48,nalmefene,compound,BRD-A72767275-003-01-6,,,17.021528,8.140229
BR00117011,P05,U2OS,48,DMSO,compound,,negcon,,18.665983,8.457333
BR00117011,P06,U2OS,48,1-EBIO,compound,BRD-K70586315-001-02-4,,,17.334187,7.693238
BR00117011,P07,U2OS,48,SB-505124,compound,BRD-K40109029-001-02-9,,['ALK tyrosine kinase receptor inhibitor'],15.287299,7.4632025
BR00117011,P08,U2OS,48,prasugrel,compound,BRD-A83029242-001-06-1,,['purinergic receptor antagonist'],16.82541,6.957831
BR00117011,P09,U2OS,48,pidolic-acid,compound,BRD-K57313110-001-06-8,,,16.75993,6.7681565
BR00117011,P10,U2OS,48,DMSO,compound,,negcon,,17.903168,8.344763
BR00117011,P11,U2OS,48,nevirapine,compound,BRD-K15502390-001-20-9,,,16.656925,7.3373194
BR00117011,P12,U2OS,48,triamterene,compound,BRD-K92049597-001-20-8,,['sodium channel blocker'],17.446522,8.052414
BR00117011,P13,U2OS,48,regorafenib,compound,BRD-K16730910-001-07-3,,"['PDGFR tyrosine kinase receptor inhibitor', 'RAF inhibitor', 'KIT inhibitor', 'RET tyrosine kinase inhibitor', 'FGFR inhibitor', 'VEGFR inhibitor']",16.341763,6.467054
BR00117011,P14,U2OS,48,cyclophosphamide,compound,BRD-A09722536-002-18-0,,,17.155252,7.760535
BR00117011,P15,U2OS,48,olanzapine,compound,BRD-K18895904-001-16-1,,"['dopamine receptor antagonist', 'serotonin receptor antagonist']",16.27646,4.9731126
BR00117011,P16,U2OS,48,KI-16425,compound,BRD-A25569250-001-03-3,,['lysophosphatidic acid receptor antagonist'],17.065783,7.800446
BR00117011,P17,U2OS,48,SKLB1002,compound,BRD-K29895144-001-01-0,,['VEGFR inhibitor'],14.121329,8.338409
BR00117011,P18,U2OS,48,cilostazol,compound,BRD-K67017579-001-28-1,,['phosphodiesterase inhibitor'],16.872765,7.5247645
BR00117011,P19,U2OS,48,AZD1283,compound,BRD-K77060810-001-01-5,,['purinergic receptor antagonist'],17.321468,8.104167
BR00117011,P20,U2OS,48,A-987306,compound,BRD-K68982262-001-01-4,,['histamine receptor antagonist'],16.051273,4.7556906
BR00117011,P21,U2OS,48,procaine,compound,BRD-K24616672-003-20-1,,['HMGCR inhibitor'],17.150948,7.8987045
BR00117011,P22,U2OS,48,miconazole,compound,BRD-A82396632-008-30-8,,['bacterial cell wall synthesis inhibitor'],16.354967,7.8593287
BR00117011,P23,U2OS,48,loperamide,compound,BRD-K61250553-003-30-6,,,15.967448,7.179194
BR00117011,P24,U2OS,48,aripiprazole,compound,BRD-K70358946-001-17-3,,['serotonin receptor antagonist'],15.810936,7.745491
BR00117012,A01,U2OS,48,gabapentin-enacarbil,compound,BRD-A86665761-001-01-1,,,19.943604,6.6256957
BR00117012,A02,U2OS,48,DMSO,compound,,negcon,,20.09578,6.729849
BR00117012,A03,U2OS,48,amlodipine,compound,BRD-A22032524-074-09-9,,['calcium channel blocker'],13.160236,7.4325104
BR00117012,A04,U2OS,48,hexestrol,compound,BRD-A01078468-001-14-8,,,20.190361,6.9046907
BR00117012,A05,U2OS,48,quinine,compound,BRD-K48278478-001-01-2,,,19.67057,7.033249
BR00117012,A06,U2OS,48,LOXO-101,compound,BRD-K36574127-001-01-3,,,20.168032,6.8344665
BR00117012,A07,U2OS,48,brinzolamide,compound,BRD-K74913225-001-14-0,,['carbonic anhydrase inhibitor'],20.276197,6.9660244
BR00117012,A08,U2OS,48,NS-11021,compound,BRD-K94342292-001-01-3,,['calcium-activated potassium channel activator'],14.689023,6.17963
BR00117012,A09,U2OS,48,DMSO,compound,,negcon,,19.210554,6.324577
BR00117012,A10,U2OS,48,GNF-5837,compound,BRD-K19975102-001-01-2,,['growth factor receptor inhibitor'],18.116764,5.800948
BR00117012,A11,U2OS,48,apatinib,compound,BRD-K25244359-066-02-6,,['RET tyrosine kinase inhibitor'],18.458887,5.8031583
BR00117012,A12,U2OS,48,ethoxzolamide,compound,BRD-K18131774-001-18-4,,['carbonic anhydrase inhibitor'],19.049406,5.830851
BR00117012,A13,U2OS,48,ascorbic-acid,compound,BRD-A85242401-001-11-5,,,18.679224,5.8540936
BR00117012,A14,U2OS,48,ryuvidine,compound,BRD-K06426971-001-02-7,,['histone lysine methyltransferase inhibitor'],11.010656,7.1623087
BR00117012,A15,U2OS,48,BAN-ORL-24,compound,BRD-K47049295-300-03-1,,,13.243298,7.5477586
BR00117012,A16,U2OS,48,NNC-55-0396,compound,BRD-K78122587-300-04-3,,,15.306881,5.203556
BR00117012,A17,U2OS,48,DMSO,compound,,negcon,,19.080925,5.855906
BR00117012,A18,U2OS,48,WH-4-023,compound,BRD-K50199947-001-03-4,,['src inhibitor'],14.146323,5.9299536
BR00117012,A19,U2OS,48,flupirtine,compound,BRD-K50720187-051-03-1,,['glutamate receptor antagonist'],18.552752,5.5930867
BR00117012,A20,U2OS,48,ZK811752,compound,BRD-K91825936-001-03-9,,,18.888655,5.6661496
BR00117012,A21,U2OS,48,dexamethasone,compound,BRD-K38775274-001-22-1,,['glucocorticoid receptor agonist'],19.071268,5.720944
BR00117012,A22,U2OS,48,PP-1,compound,BRD-K47598052-001-14-1,,['src inhibitor'],14.614232,5.8215675
BR00117012,A23,U2OS,48,DDR1-IN-1,compound,BRD-K61845293-300-01-9,,,15.6833,4.9716372
BR00117012,A24,U2OS,48,AVL-292,compound,BRD-K87782578-001-01-4,,"[""Bruton's tyrosine kinase (BTK) inhibitor""]",13.745982,6.634839
BR00117012,B01,U2OS,48,H2L-5765834,compound,BRD-K26439554-001-01-3,,['lysophosphatidic acid receptor antagonist'],16.663687,7.4946294
BR00117012,B02,U2OS,48,thiostrepton,compound,BRD-K58049875-001-03-9,,['protein synthesis inhibitor'],11.021916,6.9139442
BR00117012,B03,U2OS,48,DMSO,compound,,negcon,,18.37098,8.226165
BR00117012,B04,U2OS,48,arcyriaflavin-a,compound,BRD-K72726508-001-02-1,,['CDK inhibitor'],14.3698225,6.307567
BR00117012,B05,U2OS,48,CYM-5520,compound,BRD-K29151923-001-01-5,,['sphingosine 1 phosphate receptor agonist'],18.310827,8.030766
BR00117012,B06,U2OS,48,fludarabine,compound,BRD-K66788707-001-14-3,,['ribonucleotide reductase inhibitor'],14.445539,8.67386
BR00117012,B07,U2OS,48,alda-1,compound,BRD-K06890060-001-09-1,,,18.181408,7.458659
BR00117012,B08,U2OS,48,meclofenamic-acid,compound,BRD-K50398167-236-22-7,,"['cyclooxygenase inhibitor', 'prostanoid receptor antagonist']",18.32695,7.1623545
BR00117012,B09,U2OS,48,GNF-5,compound,BRD-K87632963-001-03-0,,['Bcr-Abl kinase inhibitor'],16.545818,7.548822
BR00117012,B10,U2OS,48,NS-309,compound,BRD-K37602296-001-01-6,,['calcium-activated potassium channel activator'],16.438705,7.4393716
BR00117012,B11,U2OS,48,AK-7,compound,BRD-K09143580-001-01-0,,['SIRT inhibitor'],16.666792,6.8875113
BR00117012,B12,U2OS,48,BVT-948,compound,BRD-A22713669-001-04-3,,,10.633761,6.7815647
BR00117012,B13,U2OS,48,SirReal-2,compound,BRD-K16472653-001-01-6,,['SIRT inhibitor'],16.783192,6.524794
BR00117012,B14,U2OS,48,DMSO,compound,,negcon,,18.983698,8.186899
BR00117012,B15,U2OS,48,BMS-536924,compound,BRD-K34581968-001-05-3,,['IGF-1 inhibitor'],13.972375,6.610766
BR00117012,B16,U2OS,48,PP-121,compound,BRD-K81801188-001-02-8,,['protein tyrosine kinase inhibitor'],12.671077,7.150467
BR00117012,B17,U2OS,48,MCOPPB,compound,BRD-K73276278-305-01-1,,,15.318963,4.15936
BR00117012,B18,U2OS,48,ozagrel,compound,BRD-K53061490-003-13-9,,,18.96257,6.890039
BR00117012,B19,U2OS,48,CYM-5442,compound,BRD-A43005764-003-01-5,,['sphingosine 1 phosphate receptor agonist'],16.02835,4.714134
BR00117012,B20,U2OS,48,CVT-10216,compound,BRD-K60659193-001-01-0,,,18.965197,6.322551
BR00117012,B21,U2OS,48,TCN201,compound,BRD-K09787262-001-02-7,,['glutamate receptor antagonist'],18.96415,5.949775
BR00117012,B22,U2OS,48,fomepizole,compound,BRD-K56810756-003-07-7,,['alcohol dehydrogenase inhibitor'],18.676018,5.9220505
BR00117012,B23,U2OS,48,benzamil,compound,BRD-K87158025-003-08-7,,['sodium channel blocker'],18.861933,6.2301793
BR00117012,B24,U2OS,48,lercanidipine,compound,BRD-A18992208-003-02-7,,['calcium channel blocker'],18.658813,5.7208195
BR00117012,C01,U2OS,48,4-CMTB,compound,BRD-A54139254-001-09-2,,['free fatty acid receptor agonist'],19.88959,6.7680216
BR00117012,C02,U2OS,48,ML-228,compound,BRD-K44432556-001-05-5,,,20.201302,6.2906833
BR00117012,C03,U2OS,48,DMSO,compound,,negcon,,20.176662,6.3706703
BR00117012,C04,U2OS,48,GSK1070916,compound,BRD-K36740062-001-06-6,,['Aurora kinase inhibitor'],13.605077,7.7505746
BR00117012,C05,U2OS,48,ML-193,compound,BRD-K27539181-001-08-5,,,19.831728,6.481832
BR00117012,C06,U2OS,48,DMSO,compound,,negcon,,20.342632,6.8971324
BR00117012,C07,U2OS,48,M-25,compound,BRD-K51265828-001-01-0,,['smoothened receptor antagonist'],20.258705,6.986074
BR00117012,C08,U2OS,48,azeliragon,compound,BRD-K51899933-001-02-6,,['RAGE receptor antagonist'],11.913567,6.7958937
BR00117012,C09,U2OS,48,CYT-997,compound,BRD-K23363278-001-02-1,poscon_diverse,['tubulin polymerization inhibitor'],12.455509,7.803333
BR00117012,C10,U2OS,48,AR-12,compound,BRD-K90497590-001-05-9,,,10.964842,7.1402593
BR00117012,C11,U2OS,48,CYM-50260,compound,BRD-K69877120-001-01-7,,['sphingosine 1 phosphate receptor agonist'],19.00039,6.240749
BR00117012,C12,U2OS,48,DMSO,compound,,negcon,,19.490517,6.457399
BR00117012,C13,U2OS,48,KG-5,compound,BRD-K90747162-001-01-4,poscon_cp,['RAF inhibitor'],12.857064,7.9437127
BR00117012,C14,U2OS,48,JTE-607,compound,BRD-K81405859-300-01-4,,,13.820212,8.158773
BR00117012,C15,U2OS,48,DMSO,compound,,negcon,,19.495834,6.4963474
BR00117012,C16,U2OS,48,ilomastat,compound,BRD-K51662849-001-05-4,,['matrix metalloprotease inhibitor'],18.588837,5.7979913
BR00117012,C17,U2OS,48,RX-821002,compound,BRD-A65597028-003-08-1,,['adrenergic receptor antagonist'],19.216696,5.9597545
BR00117012,C18,U2OS,48,DMSO,compound,,negcon,,19.484285,6.518723
BR00117012,C19,U2OS,48,TUG-891,compound,BRD-K24282351-001-01-4,,['free fatty acid receptor agonist'],18.89158,6.241507
BR00117012,C20,U2OS,48,ponatinib,compound,BRD-K44227013-001-08-0,,"['PDGFR tyrosine kinase receptor inhibitor', 'FLT3 inhibitor', 'Bcr-Abl kinase inhibitor']",11.388627,7.2814064
BR00117012,C21,U2OS,48,DMSO,compound,,negcon,,19.490095,6.434332
BR00117012,C22,U2OS,48,puromycin,compound,BRD-K01824976-300-02-9,,['protein synthesis inhibitor'],11.323293,7.2191324
BR00117012,C23,U2OS,48,SRC-kinase-inhibitor-I,compound,BRD-K50495309-001-02-0,,['src inhibitor'],15.442905,4.996387
BR00117012,C24,U2OS,48,acetylcysteine,compound,BRD-K59058747-001-19-1,,,18.933596,5.711891
BR00117012,D01,U2OS,48,NSC-625987,compound,BRD-K62949423-001-03-1,,['CDK inhibitor'],16.15606,5.976674
BR00117012,D02,U2OS,48,dalfampridine,compound,BRD-K22482860-001-20-6,,['potassium channel blocker'],17.933249,8.193929
BR00117012,D03,U2OS,48,NSC-95397,compound,BRD-K68143200-001-11-7,,['CDC inhibitor'],11.237237,6.615198
BR00117012,D04,U2OS,48,alrestatin,compound,BRD-K35498378-001-06-1,,['aldose reductase inhibitor'],17.9718,8.107241
BR00117012,D05,U2OS,48,PF-03758309,compound,BRD-K37764012-001-03-3,poscon_diverse,['p21 activated kinase inhibitor'],18.243391,7.615248
BR00117012,D06,U2OS,48,IRL-2500,compound,BRD-K98357249-001-02-9,,['endothelin receptor antagonist'],16.597641,5.436938
BR00117012,D07,U2OS,48,PF-04217903,compound,BRD-K73319509-001-08-0,poscon_cp,,18.337261,7.10923
BR00117012,D08,U2OS,48,FK-866,compound,BRD-K58550667-001-08-7,poscon_diverse,,11.684711,5.6368213
BR00117012,D09,U2OS,48,amlexanox,compound,BRD-K29530284-001-06-2,,,18.172098,6.972299
BR00117012,D10,U2OS,48,GW-311616,compound,BRD-K37864785-001-01-0,,['elastase inhibitor'],18.156712,7.005884
BR00117012,D11,U2OS,48,buparlisib,compound,BRD-K42191735-001-08-7,poscon_diverse,,12.284076,7.8020515
BR00117012,D12,U2OS,48,amiloride,compound,BRD-K97181089-003-24-7,,['sodium channel blocker'],17.812933,6.927309
BR00117012,D13,U2OS,48,DG-172,compound,BRD-K75748943-300-01-3,,,16.25768,4.7442513
BR00117012,D14,U2OS,48,DMSO,compound,,negcon,,18.88286,8.034197
BR00117012,D15,U2OS,48,DMSO,compound,,negcon,,19.184576,8.2090225
BR00117012,D16,U2OS,48,NVP-ADW742,compound,BRD-K15179513-001-04-2,poscon_cp,,15.254532,4.305128
BR00117012,D17,U2OS,48,misoprostol,compound,BRD-A72351335-001-04-5,,['prostanoid receptor agonist'],14.204097,8.386665
BR00117012,D18,U2OS,48,conivaptan,compound,BRD-K37385792-003-02-1,,,16.644972,5.557996
BR00117012,D19,U2OS,48,spiroxatrine,compound,BRD-A72483914-001-03-7,,['serotonin receptor antagonist'],18.814795,6.2381773
BR00117012,D20,U2OS,48,diacerein,compound,BRD-K69122748-001-10-1,,,19.008032,6.3940163
BR00117012,D21,U2OS,48,DMSO,compound,,negcon,,19.410666,6.3055043
BR00117012,D22,U2OS,48,DMSO,compound,,negcon,,19.343164,6.004019
BR00117012,D23,U2OS,48,glyburide,compound,BRD-K36927236-001-36-7,,['ATP channel blocker'],19.337091,5.800648
BR00117012,D24,U2OS,48,ANR-94,compound,BRD-K31170746-001-01-6,,,19.257109,5.6132464
BR00117012,E01,U2OS,48,TFC-007,compound,BRD-K57708067-001-01-3,,,20.242548,6.406494
BR00117012,E02,U2OS,48,trihexyphenidyl,compound,BRD-A48180038-003-24-3,,['acetylcholine receptor antagonist'],20.140612,6.3924494
BR00117012,E03,U2OS,48,epoprostenol,compound,BRD-K64054020-001-02-7,,,20.216036,6.345888
BR00117012,E04,U2OS,48,sacubitril,compound,BRD-K91456750-001-01-9,,,20.107742,6.6368012
BR00117012,E05,U2OS,48,danusertib,compound,BRD-K07881437-001-03-8,poscon_diverse,"['growth factor receptor inhibitor', 'Aurora kinase inhibitor']",13.856066,8.20927
BR00117012,E06,U2OS,48,CYT-997,compound,BRD-K23363278-001-02-1,poscon_diverse,['tubulin polymerization inhibitor'],12.02907,7.5431314
BR00117012,E07,U2OS,48,DMSO,compound,,negcon,,20.176855,6.672284
BR00117012,E08,U2OS,48,BQ-788,compound,BRD-K02490038-236-03-8,,['endothelin receptor antagonist'],19.715372,6.236521
BR00117012,E09,U2OS,48,SB-202190,compound,BRD-K54330070-001-19-6,poscon_orf,['p38 MAPK inhibitor'],18.06874,5.6637044
BR00117012,E10,U2OS,48,GSK2110183,compound,BRD-K25412176-001-01-9,poscon_diverse,,18.098639,5.6462073
BR00117012,E11,U2OS,48,GSK3787,compound,BRD-K03155172-001-03-0,,['PPAR receptor antagonist'],18.949049,6.4343653
BR00117012,E12,U2OS,48,BAM7,compound,BRD-K07442505-001-03-6,,,18.660288,6.121734
BR00117012,E13,U2OS,48,PHA-793887,compound,BRD-K64800655-001-09-0,poscon_diverse,['CDK inhibitor'],12.444007,6.780935
BR00117012,E14,U2OS,48,DMSO,compound,,negcon,,19.498049,6.553669
BR00117012,E15,U2OS,48,GSK-37647,compound,BRD-K26514105-001-01-7,,['free fatty acid receptor agonist'],18.934126,6.3594623
BR00117012,E16,U2OS,48,desonide,compound,BRD-K21528677-001-04-4,,['glucocorticoid receptor agonist'],18.905682,6.216097
BR00117012,E17,U2OS,48,DMSO,compound,,negcon,,19.661573,6.5877757
BR00117012,E18,U2OS,48,aloxistatin,compound,BRD-K91188791-001-17-5,,,16.003115,4.208317
BR00117012,E19,U2OS,48,azathioprine,compound,BRD-K32821942-001-22-1,,,19.021706,6.0222898
BR00117012,E20,U2OS,48,ZK-93423,compound,BRD-K33882852-003-02-8,poscon_diverse,['benzodiazepine receptor agonist'],18.704788,5.852814
BR00117012,E21,U2OS,48,BI-2536,compound,BRD-K64890080-001-02-1,poscon_diverse,,12.358071,7.2551513
BR00117012,E22,U2OS,48,EI1,compound,BRD-K91535048-001-01-2,poscon_cp,['histone lysine methyltransferase inhibitor'],19.041212,5.842612
BR00117012,E23,U2OS,48,NVP-HSP990,compound,BRD-K67915505-001-01-2,,['HSP inhibitor'],11.832074,7.169504
BR00117012,E24,U2OS,48,DMSO,compound,,negcon,,19.34201,5.629577
BR00117012,F01,U2OS,48,DMSO,compound,,negcon,,18.65129,7.9649935
BR00117012,F02,U2OS,48,nialamide,compound,BRD-K12102668-001-25-5,,,17.994722,8.20186
BR00117012,F03,U2OS,48,DMSO,compound,,negcon,,18.701084,7.9439297
BR00117012,F04,U2OS,48,arundic-acid,compound,BRD-K49223707-001-01-0,,,18.487873,8.03802
BR00117012,F05,U2OS,48,torcitabine,compound,BRD-K91822704-003-07-2,,,18.761778,7.6663585
BR00117012,F06,U2OS,48,DMSO,compound,,negcon,,19.02651,8.223363
BR00117012,F07,U2OS,48,epothilone-b,compound,BRD-K68164687-001-01-6,,"['microtubule stabilizing agent', 'tubulin polymerization inhibitor']",12.985636,8.183352
BR00117012,F08,U2OS,48,dyphylline,compound,BRD-A00827783-001-24-6,,['phosphodiesterase inhibitor'],16.62346,7.950283
BR00117012,F09,U2OS,48,DMSO,compound,,negcon,,19.183277,8.085931
BR00117012,F10,U2OS,48,quinidine,compound,BRD-K59632282-052-03-1,,['sodium channel blocker'],15.364107,7.630437
BR00117012,F11,U2OS,48,halopemide,compound,BRD-K50055394-001-03-6,,,16.45046,6.0565944
BR00117012,F12,U2OS,48,sulfinpyrazone,compound,BRD-A36217750-001-16-3,,,18.119555,6.8466516
BR00117012,F13,U2OS,48,ML-323,compound,BRD-K93942811-001-01-3,poscon_cp,['ubiquitin specific protease inhibitor'],17.58755,6.5039334
BR00117012,F14,U2OS,48,racecadotril,compound,BRD-A08187463-001-12-9,,,18.531847,7.0736365
BR00117012,F15,U2OS,48,BRL-50481,compound,BRD-K84266862-001-03-2,,['phosphodiesterase inhibitor'],17.20094,6.308356
BR00117012,F16,U2OS,48,GSK2110183,compound,BRD-K25412176-001-01-9,poscon_diverse,,16.722126,5.7781577
BR00117012,F17,U2OS,48,bufexamac,compound,BRD-K36660044-001-24-2,,['cyclooxygenase inhibitor'],17.604885,6.587454
BR00117012,F18,U2OS,48,anandamide,compound,BRD-K42352790-001-05-3,,,18.072021,6.484532
BR00117012,F19,U2OS,48,thioguanine,compound,BRD-K49350383-001-13-7,poscon_diverse,,14.749916,6.6496687
BR00117012,F20,U2OS,48,IWP-L6,compound,BRD-K53234107-001-01-6,,['porcupine inhibitor'],18.180994,6.0849648
BR00117012,F21,U2OS,48,edoxaban,compound,BRD-K29322660-001-01-9,,['coagulation factor inhibitor'],18.643515,5.895212
BR00117012,F22,U2OS,48,lonafarnib,compound,BRD-K41599323-001-02-3,poscon_diverse,,14.547702,6.106135
BR00117012,F23,U2OS,48,ibutamoren,compound,BRD-K44771174-066-01-0,,,19.42648,5.7941275
BR00117012,F24,U2OS,48,somatostatin,compound,BRD-K14681867-001-01-6,,['somatostatin receptor agonist'],19.386791,5.7382193
BR00117012,G01,U2OS,48,L-proline,compound,BRD-K01666412-001-02-0,,,20.084063,6.9343433
BR00117012,G02,U2OS,48,zamifenacin,compound,BRD-K80451230-051-02-6,,['acetylcholine receptor antagonist'],19.774462,6.5517354
BR00117012,G03,U2OS,48,YC-1,compound,BRD-K60476892-001-16-1,,,12.009484,7.1484113
BR00117012,G04,U2OS,48,DMSO,compound,,negcon,,19.839268,7.214939
BR00117012,G05,U2OS,48,ME-0328,compound,BRD-K24283677-001-01-9,,['PPAR receptor antagonist'],20.221567,6.276734
BR00117012,G06,U2OS,48,NSC-663284,compound,BRD-K03109492-001-02-2,,['CDC inhibitor'],10.616312,6.850301
BR00117012,G07,U2OS,48,CYM-50358,compound,BRD-K80666802-003-01-0,,,20.207283,6.242225
BR00117012,G08,U2OS,48,trazodone,compound,BRD-K70778732-003-27-5,,"['adrenergic receptor antagonist', 'serotonin receptor antagonist']",20.226143,6.9166713
BR00117012,G09,U2OS,48,DMSO,compound,,negcon,,20.223803,6.4982977
BR00117012,G10,U2OS,48,DMSO,compound,,negcon,,20.254892,6.5072064
BR00117012,G11,U2OS,48,sulfasalazine,compound,BRD-K10670311-001-17-1,,['cyclooxygenase inhibitor'],19.854307,6.278475
BR00117012,G12,U2OS,48,"2,5-furandimethanol",compound,BRD-K29791386-001-01-8,,,19.609428,6.479067
BR00117012,G13,U2OS,48,DMSO,compound,,negcon,,19.489511,6.360438
BR00117012,G14,U2OS,48,dilazep,compound,BRD-K48722258-300-11-0,,,19.561811,6.52188
BR00117012,G15,U2OS,48,felodipine,compound,BRD-A30815329-001-12-1,,['calcium channel blocker'],19.342575,6.3361936
BR00117012,G16,U2OS,48,paliperidone,compound,BRD-A99888680-001-05-3,,"['dopamine receptor antagonist', 'serotonin receptor antagonist']",19.30398,6.3609858
BR00117012,G17,U2OS,48,purvalanol-a,compound,BRD-K50836978-001-03-3,poscon_orf,['CDK inhibitor'],14.227553,7.838512
BR00117012,G18,U2OS,48,DMSO,compound,,negcon,,19.76487,6.494813
BR00117012,G19,U2OS,48,Ro-1138452,compound,BRD-K77220725-003-01-5,,['prostanoid receptor antagonist'],19.072819,6.3323874
BR00117012,G20,U2OS,48,sorbinil,compound,BRD-A89164055-001-03-3,,['aldose reductase inhibitor'],19.635155,6.68557
BR00117012,G21,U2OS,48,TC-S-7004,compound,BRD-K89517477-001-01-4,poscon_cp,['DYRK inhibitor'],18.676237,5.7982826
BR00117012,G22,U2OS,48,saclofen,compound,BRD-A24122750-001-03-7,,['GABA receptor antagonist'],19.313578,6.178021
BR00117012,G23,U2OS,48,BAY-87-2243,compound,BRD-K70463136-001-01-5,,,18.638704,5.809749
BR00117012,G24,U2OS,48,ibudilast,compound,BRD-K16444452-001-09-1,,['phosphodiesterase inhibitor'],19.393982,6.0066457
BR00117012,H01,U2OS,48,briciclib,compound,BRD-K05531427-001-01-7,,,12.1284075,7.9453826
BR00117012,H02,U2OS,48,2-Oleoylglycerol,compound,BRD-K77087341-001-02-4,,,18.006445,8.159522
BR00117012,H03,U2OS,48,RGFP966,compound,BRD-K61688984-001-02-9,poscon_cp,['HDAC inhibitor'],14.735109,7.189248
BR00117012,H04,U2OS,48,DMSO,compound,,negcon,,18.833801,8.164414
BR00117012,H05,U2OS,48,azacitidine,compound,BRD-K03406345-001-21-1,poscon_diverse,,17.577513,6.2539597
BR00117012,H06,U2OS,48,N6-cyclopentyladenosine,compound,BRD-K60150510-001-15-6,,,17.93265,7.1961875
BR00117012,H07,U2OS,48,filgotinib,compound,BRD-K16803204-001-01-6,poscon_cp,['JAK inhibitor'],17.656464,6.16254
BR00117012,H08,U2OS,48,guanidine,compound,BRD-K76037122-001-02-5,,['HSP inhibitor'],17.698828,6.822816
BR00117012,H09,U2OS,48,coumarin,compound,BRD-K23913458-001-20-7,,,15.839535,5.351294
BR00117012,H10,U2OS,48,DMSO,compound,,negcon,,18.856596,8.190306
BR00117012,H11,U2OS,48,ZM-336372,compound,BRD-K73789395-001-09-9,poscon_orf,['RAF inhibitor'],17.25824,6.8442335
BR00117012,H12,U2OS,48,citric-acid,compound,BRD-K76792669-001-08-1,,['coagulation factor inhibitor'],18.294249,7.1189127
BR00117012,H13,U2OS,48,DMSO,compound,,negcon,,19.101542,7.82968
BR00117012,H14,U2OS,48,CCG-63802,compound,BRD-K26970495-001-02-7,,['G protein signaling inhibitor'],15.371889,7.6067896
BR00117012,H15,U2OS,48,ibutilide,compound,BRD-A74391928-051-03-9,,['potassium channel blocker'],17.861454,6.498677
BR00117012,H16,U2OS,48,batimastat,compound,BRD-K82818427-001-04-8,,['matrix metalloprotease inhibitor'],15.276332,7.073847
BR00117012,H17,U2OS,48,DMSO,compound,,negcon,,19.365913,7.5660486
BR00117012,H18,U2OS,48,DMSO,compound,,negcon,,19.316015,7.202338
BR00117012,H19,U2OS,48,UNC1999,compound,BRD-K26989966-001-04-3,poscon_cp,['histone lysine methyltransferase inhibitor'],11.648131,6.5825152
BR00117012,H20,U2OS,48,glutamine-(l),compound,BRD-K83896451-001-06-7,,,18.650488,6.589311
BR00117012,H21,U2OS,48,PD-98059,compound,BRD-K62810658-001-11-4,poscon_orf,,18.946291,6.2103925
BR00117012,H22,U2OS,48,enilconazole,compound,BRD-K01825690-065-01-9,,,18.915956,6.4223576
BR00117012,H23,U2OS,48,N-alpha-Methylhistamine-dihydrochloride,compound,BRD-K75390981-300-04-9,,['histamine receptor agonist'],19.286718,6.171833
BR00117012,H24,U2OS,48,GK921,compound,BRD-K38272302-001-02-7,,,11.692909,6.993589
BR00117012,I01,U2OS,48,nilvadipine,compound,BRD-A84687895-001-03-2,,['calcium channel blocker'],19.948423,6.6370535
BR00117012,I02,U2OS,48,DMSO,compound,,negcon,,20.355692,7.036621
BR00117012,I03,U2OS,48,AC-710,compound,BRD-K15819326-001-01-6,,['PDGFR tyrosine kinase receptor inhibitor'],10.601563,6.478928
BR00117012,I04,U2OS,48,PETCM,compound,BRD-A93477898-001-04-2,,,20.053066,7.077917
BR00117012,I05,U2OS,48,AZD7762,compound,BRD-K86525559-001-07-8,poscon_diverse,['CHK inhibitor'],11.07199,7.095679
BR00117012,I06,U2OS,48,PHA-793887,compound,BRD-K64800655-001-09-0,poscon_diverse,['CDK inhibitor'],12.389917,6.921989
BR00117012,I07,U2OS,48,KU-60019,compound,BRD-K36016295-001-05-2,,['ATM kinase inhibitor'],12.827404,7.1398983
BR00117012,I08,U2OS,48,nafamostat,compound,BRD-K06674495-334-04-0,,,20.22031,6.925606
BR00117012,I09,U2OS,48,DMSO,compound,,negcon,,19.467684,6.548468
BR00117012,I10,U2OS,48,DMSO,compound,,negcon,,19.437395,6.607855
BR00117012,I11,U2OS,48,taladegib,compound,BRD-K50498985-001-03-3,,['smoothened receptor antagonist'],19.370617,6.2905364
BR00117012,I12,U2OS,48,acetohexamide,compound,BRD-K52960356-001-13-0,,['ATP channel blocker'],19.33376,6.4308915
BR00117012,I13,U2OS,48,minocycline,compound,BRD-A69651145-003-11-4,,,18.85034,5.910172
BR00117012,I14,U2OS,48,BI-2536,compound,BRD-K64890080-001-02-1,poscon_diverse,,12.226138,7.3148265
BR00117012,I15,U2OS,48,riociguat,compound,BRD-K84783599-001-01-0,,,19.105738,6.383255
BR00117012,I16,U2OS,48,CP-724714,compound,BRD-K76908866-001-07-6,poscon_cp,"['EGFR inhibitor', 'protein tyrosine kinase inhibitor']",18.298872,5.636625
BR00117012,I17,U2OS,48,ganetespib,compound,BRD-K38852836-001-04-9,poscon_diverse,['HSP inhibitor'],11.6819315,7.1866927
BR00117012,I18,U2OS,48,AZ191,compound,BRD-K80935598-001-01-1,poscon_cp,['DYRK inhibitor'],15.455462,4.2532034
BR00117012,I19,U2OS,48,BAX-channel-blocker,compound,BRD-A18763547-300-06-3,,,12.299274,6.94835
BR00117012,I20,U2OS,48,SU3327,compound,BRD-K32730239-001-01-0,,['JNK inhibitor'],11.207381,7.3210135
BR00117012,I21,U2OS,48,DMSO,compound,,negcon,,19.461012,6.1094255
BR00117012,I22,U2OS,48,DMSO,compound,,negcon,,19.571095,6.828224
BR00117012,I23,U2OS,48,octreotide,compound,BRD-A64173453-015-03-1,,['somatostatin receptor agonist'],19.325462,5.7903037
BR00117012,I24,U2OS,48,1-octanol,compound,BRD-K09338665-001-08-9,,,19.324718,5.7803664
BR00117012,J01,U2OS,48,acalabrutinib,compound,BRD-K64034691-001-01-9,,"[""Bruton's tyrosine kinase (BTK) inhibitor""]",17.363266,7.5943184
BR00117012,J02,U2OS,48,rifamycin,compound,BRD-K38512030-001-01-7,,,17.571938,8.246874
BR00117012,J03,U2OS,48,pazopanib,compound,BRD-K74514084-003-09-2,,"['KIT inhibitor', 'VEGFR inhibitor', 'PDGFR tyrosine kinase receptor inhibitor']",15.707754,6.389494
BR00117012,J04,U2OS,48,RKI-1447,compound,BRD-K19333160-001-01-3,poscon_cp,,16.71765,5.602127
BR00117012,J05,U2OS,48,vitamin-E,compound,BRD-K97091514-001-11-4,,['PKC inhibitor'],18.32109,7.3899755
BR00117012,J06,U2OS,48,lonafarnib,compound,BRD-K41599323-001-02-3,poscon_diverse,,14.974468,6.356979
BR00117012,J07,U2OS,48,ethyl-pyruvate,compound,BRD-K47738867-001-01-5,,,17.80804,6.91751
BR00117012,J08,U2OS,48,picrotin,compound,BRD-A91822151-001-05-0,,['GABA receptor antagonist'],17.829002,6.7583623
BR00117012,J09,U2OS,48,SGX523,compound,BRD-K19477839-001-07-6,poscon_cp,,17.03763,6.2780895
BR00117012,J10,U2OS,48,PP-2,compound,BRD-K95785537-001-22-3,,['src inhibitor'],14.797641,5.880888
BR00117012,J11,U2OS,48,ME-0328,compound,BRD-A63444178-001-01-5,,['PPAR receptor antagonist'],17.896912,6.793963
BR00117012,J12,U2OS,48,AZD9668,compound,BRD-K31476763-001-01-5,,['elastase inhibitor'],17.78973,6.512405
BR00117012,J13,U2OS,48,NQDI-1,compound,BRD-K61918008-001-07-1,,,16.70799,5.804957
BR00117012,J14,U2OS,48,DMSO,compound,,negcon,,19.265959,7.2709656
BR00117012,J15,U2OS,48,carzenide,compound,BRD-K09295674-001-09-8,,,17.096907,6.1198378
BR00117012,J16,U2OS,48,KU-55933,compound,BRD-K25311561-001-10-7,,['ATM kinase inhibitor'],15.19631,5.594712
BR00117012,J17,U2OS,48,NVP-AEW541,compound,BRD-K24696047-001-02-3,poscon_cp,['IGF-1 inhibitor'],16.022745,4.59843
BR00117012,J18,U2OS,48,leflunomide,compound,BRD-K78692225-001-24-5,,['PDGFR tyrosine kinase receptor inhibitor'],17.709827,6.136176
BR00117012,J19,U2OS,48,DMSO,compound,,negcon,,19.266008,6.853164
BR00117012,J20,U2OS,48,azacitidine,compound,BRD-K03406345-001-21-1,poscon_diverse,,17.979479,6.0305896
BR00117012,J21,U2OS,48,ixabepilone,compound,BRD-K03601870-001-01-2,,['microtubule stabilizing agent'],12.708946,7.9543767
BR00117012,J22,U2OS,48,KH-CB19,compound,BRD-K66430217-001-03-8,poscon_cp,['CDC inhibitor'],18.767065,6.336957
BR00117012,J23,U2OS,48,DMSO,compound,,negcon,,19.311705,6.102152
BR00117012,J24,U2OS,48,PF-05190457,compound,BRD-K02554563-001-01-6,,,19.132654,5.72753
BR00117012,K01,U2OS,48,LDN-212854,compound,BRD-K59831625-001-03-9,,,11.025406,7.041857
BR00117012,K02,U2OS,48,formononetin,compound,BRD-K55567017-001-12-3,,['alcohol dehydrogenase inhibitor'],20.264637,6.269581
BR00117012,K03,U2OS,48,aminopurvalanol-a,compound,BRD-K07762753-001-05-1,poscon_orf,['CDK inhibitor'],13.915082,7.7686963
BR00117012,K04,U2OS,48,ruxolitinib,compound,BRD-K53972329-001-01-3,poscon_cp,['JAK inhibitor'],19.966047,6.0407953
BR00117012,K05,U2OS,48,DMSO,compound,,negcon,,19.995544,7.3468947
BR00117012,K06,U2OS,48,DMSO,compound,,negcon,,20.106853,7.2415767
BR00117012,K07,U2OS,48,LGK-974,compound,BRD-K16810791-001-01-0,,['porcupine inhibitor'],20.20508,6.227605
BR00117012,K08,U2OS,48,polydatin,compound,BRD-K43236057-001-07-1,,['ICAM1 expression inhibitor'],12.590035,7.4772153
BR00117012,K09,U2OS,48,enflurane,compound,BRD-A51831848-001-01-7,,,19.479763,6.9259696
BR00117012,K10,U2OS,48,PFI-1,compound,BRD-K13094524-001-04-2,poscon_cp,,19.164852,7.4265943
BR00117012,K11,U2OS,48,AZD7762,compound,BRD-K86525559-001-07-8,poscon_diverse,['CHK inhibitor'],11.100265,6.905558
BR00117012,K12,U2OS,48,sotrastaurin,compound,BRD-K16761703-001-03-8,,['PKC inhibitor'],18.131384,5.6396484
BR00117012,K13,U2OS,48,DMSO,compound,,negcon,,19.664454,6.6735415
BR00117012,K14,U2OS,48,cycloheximide,compound,BRD-K36055864-001-20-0,,['protein synthesis inhibitor'],12.517811,6.847816
BR00117012,K15,U2OS,48,oxytocin,compound,BRD-K25243230-001-01-2,,,19.215631,6.4511414
BR00117012,K16,U2OS,48,DMSO,compound,,negcon,,19.353266,6.610047
BR00117012,K17,U2OS,48,colchicine,compound,BRD-K00259736-001-16-4,,,12.020574,7.680783
BR00117012,K18,U2OS,48,afimoxifene,compound,BRD-K04210847-001-21-9,,,19.441742,6.739506
BR00117012,K19,U2OS,48,DMSO,compound,,negcon,,19.375185,6.470612
BR00117012,K20,U2OS,48,ZK-93423,compound,BRD-K33882852-003-02-8,poscon_diverse,['benzodiazepine receptor agonist'],18.969524,5.845959
BR00117012,K21,U2OS,48,RGB-286638,compound,BRD-K20986415-001-02-6,,['CDK inhibitor'],12.676692,6.423153
BR00117012,K22,U2OS,48,FPS-ZM1,compound,BRD-K87691185-001-01-2,,['RAGE receptor antagonist'],19.301744,6.044601
BR00117012,K23,U2OS,48,flindokalner,compound,BRD-K56740996-001-02-1,,,19.1387,5.9527297
BR00117012,K24,U2OS,48,motesanib,compound,BRD-K99616396-316-05-3,,"['KIT inhibitor', 'VEGFR inhibitor', 'PDGFR tyrosine kinase receptor inhibitor']",18.6768,5.4839997
BR00117012,L01,U2OS,48,geldanamycin,compound,BRD-K43570081-001-02-4,,['HSP inhibitor'],11.6778965,6.9718738
BR00117012,L02,U2OS,48,DMSO,compound,,negcon,,19.02011,8.164489
BR00117012,L03,U2OS,48,CGP-53353,compound,BRD-K32292990-001-03-6,,"['PKC inhibitor', 'EGFR inhibitor']",17.937263,7.111024
BR00117012,L04,U2OS,48,7-hydroxystaurosporine,compound,BRD-K45293975-001-02-0,,"['CDK inhibitor', 'PKC inhibitor', 'CHK inhibitor']",11.222282,6.4785075
BR00117012,L05,U2OS,48,DMSO,compound,,negcon,,18.844076,7.910638
BR00117012,L06,U2OS,48,DMSO,compound,,negcon,,18.662678,8.053101
BR00117012,L07,U2OS,48,efaproxiral,compound,BRD-K37355418-236-01-6,,,17.947338,6.9768224
BR00117012,L08,U2OS,48,SB-203580,compound,BRD-A37704979-001-12-3,poscon_orf,['p38 MAPK inhibitor'],17.041086,5.2660565
BR00117012,L09,U2OS,48,FK-866,compound,BRD-K58550667-001-08-7,poscon_diverse,,11.759646,5.673818
BR00117012,L10,U2OS,48,bepridil,compound,BRD-A91008255-003-24-8,,['calcium channel blocker'],16.550474,5.2861514
BR00117012,L11,U2OS,48,delanzomib,compound,BRD-K59325863-001-04-4,,,10.992179,6.8718104
BR00117012,L12,U2OS,48,buparlisib,compound,BRD-K42191735-001-08-7,poscon_diverse,,11.89045,7.6651855
BR00117012,L13,U2OS,48,phenylbutazone,compound,BRD-K10843433-001-23-5,,"['cyclooxygenase inhibitor', 'prostanoid receptor antagonist']",18.005482,6.9030457
BR00117012,L14,U2OS,48,deferasirox,compound,BRD-K97010173-001-04-1,,,14.337493,8.577637
BR00117012,L15,U2OS,48,DMSO,compound,,negcon,,18.145752,6.986158
BR00117012,L16,U2OS,48,cediranib,compound,BRD-K86930074-001-05-0,,"['KIT inhibitor', 'VEGFR inhibitor']",15.887476,4.465876
BR00117012,L17,U2OS,48,isoflurane,compound,BRD-A31564021-001-02-6,,,18.148273,6.5203266
BR00117012,L18,U2OS,48,DMSO,compound,,negcon,,18.51833,7.509033
BR00117012,L19,U2OS,48,CCG-50014,compound,BRD-K08893438-001-06-4,,['G protein signaling inhibitor'],11.980311,7.0098186
BR00117012,L20,U2OS,48,PF-431396,compound,BRD-K93788137-001-04-1,,,13.752691,8.547027
BR00117012,L21,U2OS,48,TG-02,compound,BRD-K14560436-001-01-4,,"['CDK inhibitor', 'FLT3 inhibitor', 'JAK inhibitor']",12.217418,6.801871
BR00117012,L22,U2OS,48,baclofen,compound,BRD-K01826724-003-07-9,,['benzodiazepine receptor agonist'],19.089186,6.0682096
BR00117012,L23,U2OS,48,thiostrepton,compound,BRD-A20697603-001-07-2,,['protein synthesis inhibitor'],13.871636,6.960623
BR00117012,L24,U2OS,48,flufenamic-acid,compound,BRD-K44067360-001-29-5,,,19.262222,5.656125
BR00117012,M01,U2OS,48,DMSO,compound,,negcon,,20.069258,7.1141915
BR00117012,M02,U2OS,48,LY2109761,compound,BRD-K47557313-001-02-7,,,19.989662,6.1120787
BR00117012,M03,U2OS,48,olopatadine,compound,BRD-K67637637-003-11-8,,['histamine receptor antagonist'],20.30816,6.355751
BR00117012,M04,U2OS,48,DMSO,compound,,negcon,,20.262197,6.5995054
BR00117012,M05,U2OS,48,castanospermine,compound,BRD-K20897876-001-11-8,,['glucosidase inhibitor'],20.340631,6.313648
BR00117012,M06,U2OS,48,A205804,compound,BRD-K77627880-001-04-0,,['ICAM1 expression inhibitor'],14.548874,8.3585005
BR00117012,M07,U2OS,48,VU591,compound,BRD-K72063794-003-01-0,,['potassium channel blocker'],20.259964,6.5855637
BR00117012,M08,U2OS,48,dalbavancin,compound,BRD-K30177383-001-01-0,,['bacterial cell wall synthesis inhibitor'],19.38915,6.815042
BR00117012,M09,U2OS,48,CC-401,compound,BRD-K45746021-003-01-9,,['JNK inhibitor'],18.578556,6.1131034
BR00117012,M10,U2OS,48,ganetespib,compound,BRD-K38852836-001-04-9,poscon_diverse,['HSP inhibitor'],11.672089,7.155451
BR00117012,M11,U2OS,48,ingenol-mebutate,compound,BRD-K93779381-001-01-9,,,17.726902,5.851989
BR00117012,M12,U2OS,48,menadione,compound,BRD-K78126613-001-27-7,,,12.586933,6.7875905
BR00117012,M13,U2OS,48,cetilistat,compound,BRD-K94863486-001-02-2,,,19.549585,6.5718884
BR00117012,M14,U2OS,48,methoxsalen,compound,BRD-K63430059-001-16-4,,['DNA synthesis inhibitor'],19.245152,6.09098
BR00117012,M15,U2OS,48,cyclosporine,compound,BRD-K13533483-001-16-2,,,14.309704,6.122454
BR00117012,M16,U2OS,48,NSC-632839,compound,BRD-K81197548-003-01-4,poscon_cp,['ubiquitin specific protease inhibitor'],11.115519,7.307687
BR00117012,M17,U2OS,48,DMSO,compound,,negcon,,19.819162,6.9559503
BR00117012,M18,U2OS,48,TG-003,compound,BRD-K97072811-001-11-4,poscon_cp,,19.033436,6.5679994
BR00117012,M19,U2OS,48,oxibendazole,compound,BRD-K52075715-001-06-7,,['tubulin polymerization inhibitor'],12.353106,7.7938766
BR00117012,M20,U2OS,48,TG-101348,compound,BRD-K12502280-001-11-4,poscon_cp,"['JAK inhibitor', 'FLT3 inhibitor']",11.82948,6.228063
BR00117012,M21,U2OS,48,miglitol,compound,BRD-A63310107-001-04-8,,['glucosidase inhibitor'],19.297209,6.2530136
BR00117012,M22,U2OS,48,DMSO,compound,,negcon,,19.379063,6.370315
BR00117012,M23,U2OS,48,DMSO,compound,,negcon,,19.574598,6.1239815
BR00117012,M24,U2OS,48,tranilast,compound,BRD-K17849083-001-32-9,,,18.988047,5.609619
BR00117012,N01,U2OS,48,4-methylhistamine,compound,BRD-K70821460-300-02-4,,['histamine receptor agonist'],17.863781,7.7557545
BR00117012,N02,U2OS,48,LDN-27219,compound,BRD-K51485109-001-01-4,,,18.05268,8.14997
BR00117012,N03,U2OS,48,anisomycin,compound,BRD-K91370081-001-25-1,,['DNA synthesis inhibitor'],11.914279,6.5999227
BR00117012,N04,U2OS,48,thioguanine,compound,BRD-K49350383-001-13-7,poscon_diverse,,14.795388,6.9575152
BR00117012,N05,U2OS,48,droxinostat,compound,BRD-K11558771-001-13-9,,['HDAC inhibitor'],17.665207,7.99837
BR00117012,N06,U2OS,48,UNC2025,compound,BRD-K91283740-003-01-6,poscon_cp,['FLT3 inhibitor'],12.023918,6.785899
BR00117012,N07,U2OS,48,DMSO,compound,,negcon,,17.988049,7.475017
BR00117012,N08,U2OS,48,DMSO,compound,,negcon,,19.065413,8.162742
BR00117012,N09,U2OS,48,AMG900,compound,BRD-K21728777-001-02-3,poscon_cp,['Aurora kinase inhibitor'],13.782424,8.686398
BR00117012,N10,U2OS,48,PF-06463922,compound,BRD-A23124853-001-01-4,,['ALK tyrosine kinase receptor inhibitor'],16.1612,6.205101
BR00117012,N11,U2OS,48,orantinib,compound,BRD-K55966568-001-09-6,poscon_cp,"['FGFR inhibitor', 'PDGFR tyrosine kinase receptor inhibitor', 'VEGFR inhibitor']",17.293575,6.6361756
BR00117012,N12,U2OS,48,fludarabine-phosphate,compound,BRD-K71106091-001-09-5,,['ribonucleotide reductase inhibitor'],14.184709,8.577313
BR00117012,N13,U2OS,48,ceritinib,compound,BRD-K22149900-001-06-2,,['ALK tyrosine kinase receptor inhibitor'],15.930087,5.367181
BR00117012,N14,U2OS,48,NVS-PAK1-1,compound,BRD-K28132190-001-02-0,poscon_cp,['p21 activated kinase inhibitor'],15.400913,5.9202466
BR00117012,N15,U2OS,48,homoharringtonine,compound,BRD-K76674262-001-03-3,,['protein synthesis inhibitor'],11.879252,6.626884
BR00117012,N16,U2OS,48,picrotoxinin,compound,BRD-K36461289-001-05-8,,['GABA receptor antagonist'],17.847624,6.5040565
BR00117012,N17,U2OS,48,DMSO,compound,,negcon,,19.21683,8.147846
BR00117012,N18,U2OS,48,danusertib,compound,BRD-K07881437-001-03-8,poscon_diverse,"['growth factor receptor inhibitor', 'Aurora kinase inhibitor']",13.949268,8.512962
BR00117012,N19,U2OS,48,romidepsin,compound,BRD-K61397605-001-01-8,poscon_cp,['HDAC inhibitor'],11.219268,7.1838007
BR00117012,N20,U2OS,48,FERb-033,compound,BRD-K61642990-001-01-0,poscon_cp,['EGFR inhibitor'],17.942905,5.8247185
BR00117012,N21,U2OS,48,PF-03758309,compound,BRD-K37764012-001-03-3,poscon_diverse,['p21 activated kinase inhibitor'],12.09965,6.961917
BR00117012,N22,U2OS,48,DMSO,compound,,negcon,,19.190447,6.4474416
BR00117012,N23,U2OS,48,trometamol,compound,BRD-K47978074-001-03-2,,,19.126932,6.0021014
BR00117012,N24,U2OS,48,simvastatin,compound,BRD-K22134346-001-22-3,,['HMGCR inhibitor'],14.781025,5.9276967
BR00117012,O01,U2OS,48,zaprinast,compound,BRD-K16542329-001-16-8,,['phosphodiesterase inhibitor'],20.10587,6.4800563
BR00117012,O02,U2OS,48,dexamethasone,compound,BRD-A10188456-001-04-9,,['glucocorticoid receptor agonist'],20.166811,6.824041
BR00117012,O03,U2OS,48,salicylic-acid,compound,BRD-K93632104-001-17-2,,['cyclooxygenase inhibitor'],20.113985,6.201573
BR00117012,O04,U2OS,48,diltiazem,compound,BRD-A69636825-003-04-7,,['calcium channel blocker'],19.95869,6.332506
BR00117012,O05,U2OS,48,phenolphthalein,compound,BRD-K19227686-001-18-6,,,20.228527,6.8734136
BR00117012,O06,U2OS,48,niflumic-acid,compound,BRD-K98763141-001-30-8,,['cyclooxygenase inhibitor'],20.358997,7.0116496
BR00117012,O07,U2OS,48,DMSO,compound,,negcon,,20.01688,7.589722
BR00117012,O08,U2OS,48,L-Cystine,compound,BRD-A15397381-001-02-5,,,19.96846,7.0108213
BR00117012,O09,U2OS,48,ozanimod,compound,BRD-K46625559-001-01-8,,['sphingosine 1 phosphate receptor agonist'],19.739298,6.409018
BR00117012,O10,U2OS,48,efaroxan,compound,BRD-A10739734-003-09-8,,['adrenergic receptor antagonist'],19.68604,6.172603
BR00117012,O11,U2OS,48,NBQX,compound,BRD-K11796549-001-05-2,,['glutamate receptor antagonist'],19.40222,6.2951474
BR00117012,O12,U2OS,48,dinoprostone,compound,BRD-K26521938-001-07-2,,['prostanoid receptor agonist'],18.692533,6.090076
BR00117012,O13,U2OS,48,Ro-20-1724,compound,BRD-A07207424-001-14-0,,['phosphodiesterase inhibitor'],19.077816,6.114865
BR00117012,O14,U2OS,48,xanomeline,compound,BRD-K72815923-034-02-0,,['acetylcholine receptor agonist'],19.259436,6.4479265
BR00117012,O15,U2OS,48,terazosin,compound,BRD-K01825589-310-02-9,,['adrenergic receptor antagonist'],19.396137,5.8917885
BR00117012,O16,U2OS,48,BVT-948,compound,BRD-K68567222-001-01-2,,,11.89036,6.3714776
BR00117012,O17,U2OS,48,nicotine,compound,BRD-K01825660-322-01-9,,['acetylcholine receptor agonist'],19.560442,6.007133
BR00117012,O18,U2OS,48,DMSO,compound,,negcon,,19.53801,5.9873276
BR00117012,O19,U2OS,48,U-0521,compound,BRD-K08953028-001-09-6,,,19.080107,5.6808953
BR00117012,O20,U2OS,48,BMS-587101,compound,BRD-K20093108-001-02-3,,,19.138203,5.8606305
BR00117012,O21,U2OS,48,nimodipine,compound,BRD-A58048407-001-20-4,,['calcium channel blocker'],19.171103,5.7712646
BR00117012,O22,U2OS,48,pyrrolidine-dithiocarbamate,compound,BRD-K80970344-201-08-6,,,11.565045,7.4082007
BR00117012,O23,U2OS,48,PF-915275,compound,BRD-K18289362-001-02-2,,,19.27205,5.664507
BR00117012,O24,U2OS,48,JTE-013,compound,BRD-K43330982-001-02-3,,,18.749186,5.562218
BR00117012,P01,U2OS,48,sodium-butyrate,compound,BRD-K05878375-236-05-7,,['HDAC inhibitor'],15.322972,8.927462
BR00117012,P02,U2OS,48,pentostatin,compound,BRD-K91543828-001-02-0,,['ribonucleotide reductase inhibitor'],17.477058,7.891986
BR00117012,P03,U2OS,48,OMDM-2,compound,BRD-K48830578-001-01-9,,,16.950266,7.66115
BR00117012,P04,U2OS,48,nalmefene,compound,BRD-A72767275-003-01-6,,,17.360985,7.7547317
BR00117012,P05,U2OS,48,DMSO,compound,,negcon,,18.453627,8.220983
BR00117012,P06,U2OS,48,1-EBIO,compound,BRD-K70586315-001-02-4,,,17.26549,7.503348
BR00117012,P07,U2OS,48,SB-505124,compound,BRD-K40109029-001-02-9,,['ALK tyrosine kinase receptor inhibitor'],15.260054,7.4938936
BR00117012,P08,U2OS,48,prasugrel,compound,BRD-A83029242-001-06-1,,['purinergic receptor antagonist'],16.98179,7.4151177
BR00117012,P09,U2OS,48,pidolic-acid,compound,BRD-K57313110-001-06-8,,,17.275072,7.9355254
BR00117012,P10,U2OS,48,DMSO,compound,,negcon,,17.44151,7.4769583
BR00117012,P11,U2OS,48,nevirapine,compound,BRD-K15502390-001-20-9,,,17.068922,7.155101
BR00117012,P12,U2OS,48,triamterene,compound,BRD-K92049597-001-20-8,,['sodium channel blocker'],17.270292,7.843881
BR00117012,P13,U2OS,48,regorafenib,compound,BRD-K16730910-001-07-3,,"['PDGFR tyrosine kinase receptor inhibitor', 'RAF inhibitor', 'KIT inhibitor', 'RET tyrosine kinase inhibitor', 'FGFR inhibitor', 'VEGFR inhibitor']",16.342312,6.607283
BR00117012,P14,U2OS,48,cyclophosphamide,compound,BRD-A09722536-002-18-0,,,17.120213,7.697846
BR00117012,P15,U2OS,48,olanzapine,compound,BRD-K18895904-001-16-1,,"['dopamine receptor antagonist', 'serotonin receptor antagonist']",16.081444,4.974174
BR00117012,P16,U2OS,48,KI-16425,compound,BRD-A25569250-001-03-3,,['lysophosphatidic acid receptor antagonist'],17.006067,7.892955
BR00117012,P17,U2OS,48,SKLB1002,compound,BRD-K29895144-001-01-0,,['VEGFR inhibitor'],14.107237,8.26818
BR00117012,P18,U2OS,48,cilostazol,compound,BRD-K67017579-001-28-1,,['phosphodiesterase inhibitor'],17.12693,7.8708644
BR00117012,P19,U2OS,48,AZD1283,compound,BRD-K77060810-001-01-5,,['purinergic receptor antagonist'],18.36212,6.2767653
BR00117012,P20,U2OS,48,A-987306,compound,BRD-K68982262-001-01-4,,['histamine receptor antagonist'],16.09833,4.6420236
BR00117012,P21,U2OS,48,procaine,compound,BRD-K24616672-003-20-1,,['HMGCR inhibitor'],18.628729,6.204165
BR00117012,P22,U2OS,48,miconazole,compound,BRD-A82396632-008-30-8,,['bacterial cell wall synthesis inhibitor'],18.430607,6.0936275
BR00117012,P23,U2OS,48,loperamide,compound,BRD-K61250553-003-30-6,,,18.47604,5.7736273
BR00117012,P24,U2OS,48,aripiprazole,compound,BRD-K70358946-001-17-3,,['serotonin receptor antagonist'],18.47426,5.8597555
BR00117013,A01,U2OS,48,gabapentin-enacarbil,compound,BRD-A86665761-001-01-1,,,15.997502,8.633693
BR00117013,A02,U2OS,48,DMSO,compound,,negcon,,17.677086,7.991029
BR00117013,A03,U2OS,48,amlodipine,compound,BRD-A22032524-074-09-9,,['calcium channel blocker'],14.522492,6.361179
BR00117013,A04,U2OS,48,hexestrol,compound,BRD-A01078468-001-14-8,,,17.984865,7.4642544
BR00117013,A05,U2OS,48,quinine,compound,BRD-K48278478-001-01-2,,,15.77074,7.419007
BR00117013,A06,U2OS,48,LOXO-101,compound,BRD-K36574127-001-01-3,,,17.09747,7.587055
BR00117013,A07,U2OS,48,brinzolamide,compound,BRD-K74913225-001-14-0,,['carbonic anhydrase inhibitor'],16.111433,7.4764066
BR00117013,A08,U2OS,48,NS-11021,compound,BRD-K94342292-001-01-3,,['calcium-activated potassium channel activator'],14.683293,6.508192
BR00117013,A09,U2OS,48,DMSO,compound,,negcon,,19.019703,7.9791813
BR00117013,A10,U2OS,48,GNF-5837,compound,BRD-K19975102-001-01-2,,['growth factor receptor inhibitor'],15.96742,6.6230903
BR00117013,A11,U2OS,48,apatinib,compound,BRD-K25244359-066-02-6,,['RET tyrosine kinase inhibitor'],16.29685,5.625434
BR00117013,A12,U2OS,48,ethoxzolamide,compound,BRD-K18131774-001-18-4,,['carbonic anhydrase inhibitor'],16.933016,7.0005093
BR00117013,A13,U2OS,48,ascorbic-acid,compound,BRD-A85242401-001-11-5,,,15.323825,7.5003777
BR00117013,A14,U2OS,48,ryuvidine,compound,BRD-K06426971-001-02-7,,['histone lysine methyltransferase inhibitor'],10.594354,6.9005466
BR00117013,A15,U2OS,48,BAN-ORL-24,compound,BRD-K47049295-300-03-1,,,13.389504,7.4230356
BR00117013,A16,U2OS,48,NNC-55-0396,compound,BRD-K78122587-300-04-3,,,15.557603,4.8734183
BR00117013,A17,U2OS,48,DMSO,compound,,negcon,,18.877789,8.325189
BR00117013,A18,U2OS,48,WH-4-023,compound,BRD-K50199947-001-03-4,,['src inhibitor'],14.166964,6.1051283
BR00117013,A19,U2OS,48,flupirtine,compound,BRD-K50720187-051-03-1,,['glutamate receptor antagonist'],15.549667,7.2686286
BR00117013,A20,U2OS,48,ZK811752,compound,BRD-K91825936-001-03-9,,,15.58281,7.0512266
BR00117013,A21,U2OS,48,dexamethasone,compound,BRD-K38775274-001-22-1,,['glucocorticoid receptor agonist'],15.442028,6.290659
BR00117013,A22,U2OS,48,PP-1,compound,BRD-K47598052-001-14-1,,['src inhibitor'],14.590344,5.970116
BR00117013,A23,U2OS,48,DDR1-IN-1,compound,BRD-K61845293-300-01-9,,,15.998132,5.201017
BR00117013,A24,U2OS,48,AVL-292,compound,BRD-K87782578-001-01-4,,"[""Bruton's tyrosine kinase (BTK) inhibitor""]",13.730352,6.441646
BR00117013,B01,U2OS,48,H2L-5765834,compound,BRD-K26439554-001-01-3,,['lysophosphatidic acid receptor antagonist'],18.428217,7.857684
BR00117013,B02,U2OS,48,thiostrepton,compound,BRD-K58049875-001-03-9,,['protein synthesis inhibitor'],11.102762,6.953134
BR00117013,B03,U2OS,48,DMSO,compound,,negcon,,19.67909,7.8788896
BR00117013,B04,U2OS,48,arcyriaflavin-a,compound,BRD-K72726508-001-02-1,,['CDK inhibitor'],14.304392,6.288782
BR00117013,B05,U2OS,48,CYM-5520,compound,BRD-K29151923-001-01-5,,['sphingosine 1 phosphate receptor agonist'],18.959948,7.099427
BR00117013,B06,U2OS,48,fludarabine,compound,BRD-K66788707-001-14-3,,['ribonucleotide reductase inhibitor'],14.522992,8.716798
BR00117013,B07,U2OS,48,alda-1,compound,BRD-K06890060-001-09-1,,,18.776087,7.5202847
BR00117013,B08,U2OS,48,meclofenamic-acid,compound,BRD-K50398167-236-22-7,,"['cyclooxygenase inhibitor', 'prostanoid receptor antagonist']",19.018824,6.85601
BR00117013,B09,U2OS,48,GNF-5,compound,BRD-K87632963-001-03-0,,['Bcr-Abl kinase inhibitor'],18.512184,7.1928253
BR00117013,B10,U2OS,48,NS-309,compound,BRD-K37602296-001-01-6,,['calcium-activated potassium channel activator'],16.772963,7.2065907
BR00117013,B11,U2OS,48,AK-7,compound,BRD-K09143580-001-01-0,,['SIRT inhibitor'],16.953503,6.9528966
BR00117013,B12,U2OS,48,BVT-948,compound,BRD-A22713669-001-04-3,,,10.577801,6.8178
BR00117013,B13,U2OS,48,SirReal-2,compound,BRD-K16472653-001-01-6,,['SIRT inhibitor'],16.844248,6.923101
BR00117013,B14,U2OS,48,DMSO,compound,,negcon,,19.670254,8.85928
BR00117013,B15,U2OS,48,BMS-536924,compound,BRD-K34581968-001-05-3,,['IGF-1 inhibitor'],13.862079,6.6691546
BR00117013,B16,U2OS,48,PP-121,compound,BRD-K81801188-001-02-8,,['protein tyrosine kinase inhibitor'],12.77697,7.0363016
BR00117013,B17,U2OS,48,MCOPPB,compound,BRD-K73276278-305-01-1,,,15.338305,4.2056327
BR00117013,B18,U2OS,48,ozagrel,compound,BRD-K53061490-003-13-9,,,18.498186,7.2208257
BR00117013,B19,U2OS,48,CYM-5442,compound,BRD-A43005764-003-01-5,,['sphingosine 1 phosphate receptor agonist'],16.007296,4.6178155
BR00117013,B20,U2OS,48,CVT-10216,compound,BRD-K60659193-001-01-0,,,18.209225,7.504498
BR00117013,B21,U2OS,48,TCN201,compound,BRD-K09787262-001-02-7,,['glutamate receptor antagonist'],18.650908,6.95015
BR00117013,B22,U2OS,48,fomepizole,compound,BRD-K56810756-003-07-7,,['alcohol dehydrogenase inhibitor'],18.53994,6.6295657
BR00117013,B23,U2OS,48,benzamil,compound,BRD-K87158025-003-08-7,,['sodium channel blocker'],18.01425,6.6128387
BR00117013,B24,U2OS,48,lercanidipine,compound,BRD-A18992208-003-02-7,,['calcium channel blocker'],15.793458,6.9855886
BR00117013,C01,U2OS,48,4-CMTB,compound,BRD-A54139254-001-09-2,,['free fatty acid receptor agonist'],18.176422,7.709086
BR00117013,C02,U2OS,48,ML-228,compound,BRD-K44432556-001-05-5,,,18.13551,7.060379
BR00117013,C03,U2OS,48,DMSO,compound,,negcon,,19.925127,8.066431
BR00117013,C04,U2OS,48,GSK1070916,compound,BRD-K36740062-001-06-6,,['Aurora kinase inhibitor'],13.640386,7.8859754
BR00117013,C05,U2OS,48,ML-193,compound,BRD-K27539181-001-08-5,,,17.828129,6.7047806
BR00117013,C06,U2OS,48,DMSO,compound,,negcon,,19.736275,8.290835
BR00117013,C07,U2OS,48,M-25,compound,BRD-K51265828-001-01-0,,['smoothened receptor antagonist'],18.692486,7.8565507
BR00117013,C08,U2OS,48,azeliragon,compound,BRD-K51899933-001-02-6,,['RAGE receptor antagonist'],11.81882,6.640621
BR00117013,C09,U2OS,48,CYT-997,compound,BRD-K23363278-001-02-1,poscon_diverse,['tubulin polymerization inhibitor'],12.02113,7.821637
BR00117013,C10,U2OS,48,AR-12,compound,BRD-K90497590-001-05-9,,,10.433626,6.7526727
BR00117013,C11,U2OS,48,CYM-50260,compound,BRD-K69877120-001-01-7,,['sphingosine 1 phosphate receptor agonist'],18.039701,6.9134336
BR00117013,C12,U2OS,48,DMSO,compound,,negcon,,19.781681,8.271966
BR00117013,C13,U2OS,48,KG-5,compound,BRD-K90747162-001-01-4,poscon_cp,['RAF inhibitor'],12.928406,8.202811
BR00117013,C14,U2OS,48,JTE-607,compound,BRD-K81405859-300-01-4,,,13.7167015,8.369961
BR00117013,C15,U2OS,48,DMSO,compound,,negcon,,19.88402,8.355373
BR00117013,C16,U2OS,48,ilomastat,compound,BRD-K51662849-001-05-4,,['matrix metalloprotease inhibitor'],18.364855,6.413739
BR00117013,C17,U2OS,48,RX-821002,compound,BRD-A65597028-003-08-1,,['adrenergic receptor antagonist'],18.620611,8.557117
BR00117013,C18,U2OS,48,DMSO,compound,,negcon,,19.886518,8.358823
BR00117013,C19,U2OS,48,TUG-891,compound,BRD-K24282351-001-01-4,,['free fatty acid receptor agonist'],17.764132,6.3370337
BR00117013,C20,U2OS,48,ponatinib,compound,BRD-K44227013-001-08-0,,"['PDGFR tyrosine kinase receptor inhibitor', 'FLT3 inhibitor', 'Bcr-Abl kinase inhibitor']",10.98377,7.172266
BR00117013,C21,U2OS,48,DMSO,compound,,negcon,,19.7184,8.307942
BR00117013,C22,U2OS,48,puromycin,compound,BRD-K01824976-300-02-9,,['protein synthesis inhibitor'],10.979124,7.0179787
BR00117013,C23,U2OS,48,SRC-kinase-inhibitor-I,compound,BRD-K50495309-001-02-0,,['src inhibitor'],16.09352,4.6576176
BR00117013,C24,U2OS,48,acetylcysteine,compound,BRD-K59058747-001-19-1,,,16.105103,7.748942
BR00117013,D01,U2OS,48,NSC-625987,compound,BRD-K62949423-001-03-1,,['CDK inhibitor'],18.292292,7.6515007
BR00117013,D02,U2OS,48,dalfampridine,compound,BRD-K22482860-001-20-6,,['potassium channel blocker'],19.215387,7.133078
BR00117013,D03,U2OS,48,NSC-95397,compound,BRD-K68143200-001-11-7,,['CDC inhibitor'],11.154027,6.6878405
BR00117013,D04,U2OS,48,alrestatin,compound,BRD-K35498378-001-06-1,,['aldose reductase inhibitor'],19.163942,6.972036
BR00117013,D05,U2OS,48,PF-03758309,compound,BRD-K37764012-001-03-3,poscon_diverse,['p21 activated kinase inhibitor'],19.195347,7.137919
BR00117013,D06,U2OS,48,IRL-2500,compound,BRD-K98357249-001-02-9,,['endothelin receptor antagonist'],19.486568,7.050971
BR00117013,D07,U2OS,48,PF-04217903,compound,BRD-K73319509-001-08-0,poscon_cp,,19.022015,7.6138983
BR00117013,D08,U2OS,48,FK-866,compound,BRD-K58550667-001-08-7,poscon_diverse,,11.709018,5.567907
BR00117013,D09,U2OS,48,amlexanox,compound,BRD-K29530284-001-06-2,,,18.893776,7.0217133
BR00117013,D10,U2OS,48,GW-311616,compound,BRD-K37864785-001-01-0,,['elastase inhibitor'],18.229942,6.6453714
BR00117013,D11,U2OS,48,buparlisib,compound,BRD-K42191735-001-08-7,poscon_diverse,,12.114905,7.835058
BR00117013,D12,U2OS,48,amiloride,compound,BRD-K97181089-003-24-7,,['sodium channel blocker'],17.53822,6.8881288
BR00117013,D13,U2OS,48,DG-172,compound,BRD-K75748943-300-01-3,,,16.21113,4.733901
BR00117013,D14,U2OS,48,DMSO,compound,,negcon,,19.779205,8.646787
BR00117013,D15,U2OS,48,DMSO,compound,,negcon,,20.192936,7.952965
BR00117013,D16,U2OS,48,NVP-ADW742,compound,BRD-K15179513-001-04-2,poscon_cp,,15.247086,4.3480563
BR00117013,D17,U2OS,48,misoprostol,compound,BRD-A72351335-001-04-5,,['prostanoid receptor agonist'],14.322258,7.651625
BR00117013,D18,U2OS,48,conivaptan,compound,BRD-K37385792-003-02-1,,,16.121414,5.167664
BR00117013,D19,U2OS,48,spiroxatrine,compound,BRD-A72483914-001-03-7,,['serotonin receptor antagonist'],18.334778,6.6358757
BR00117013,D20,U2OS,48,diacerein,compound,BRD-K69122748-001-10-1,,,17.981207,8.389425
BR00117013,D21,U2OS,48,DMSO,compound,,negcon,,19.74403,8.245804
BR00117013,D22,U2OS,48,DMSO,compound,,negcon,,19.587084,8.139211
BR00117013,D23,U2OS,48,glyburide,compound,BRD-K36927236-001-36-7,,['ATP channel blocker'],18.32013,6.887338
BR00117013,D24,U2OS,48,ANR-94,compound,BRD-K31170746-001-01-6,,,16.469242,7.841932
BR00117013,E01,U2OS,48,TFC-007,compound,BRD-K57708067-001-01-3,,,18.184273,7.557786
BR00117013,E02,U2OS,48,trihexyphenidyl,compound,BRD-A48180038-003-24-3,,['acetylcholine receptor antagonist'],18.05325,7.3227296
BR00117013,E03,U2OS,48,epoprostenol,compound,BRD-K64054020-001-02-7,,,18.297787,6.656478
BR00117013,E04,U2OS,48,sacubitril,compound,BRD-K91456750-001-01-9,,,18.193544,6.880972
BR00117013,E05,U2OS,48,danusertib,compound,BRD-K07881437-001-03-8,poscon_diverse,"['growth factor receptor inhibitor', 'Aurora kinase inhibitor']",13.9544525,8.319856
BR00117013,E06,U2OS,48,CYT-997,compound,BRD-K23363278-001-02-1,poscon_diverse,['tubulin polymerization inhibitor'],12.112094,7.924519
BR00117013,E07,U2OS,48,DMSO,compound,,negcon,,19.788479,8.534054
BR00117013,E08,U2OS,48,BQ-788,compound,BRD-K02490038-236-03-8,,['endothelin receptor antagonist'],18.263445,6.695721
BR00117013,E09,U2OS,48,SB-202190,compound,BRD-K54330070-001-19-6,poscon_orf,['p38 MAPK inhibitor'],17.595537,5.6659064
BR00117013,E10,U2OS,48,GSK2110183,compound,BRD-K25412176-001-01-9,poscon_diverse,,16.196575,5.9562244
BR00117013,E11,U2OS,48,GSK3787,compound,BRD-K03155172-001-03-0,,['PPAR receptor antagonist'],17.349113,6.220979
BR00117013,E12,U2OS,48,BAM7,compound,BRD-K07442505-001-03-6,,,17.871967,7.410473
BR00117013,E13,U2OS,48,PHA-793887,compound,BRD-K64800655-001-09-0,poscon_diverse,['CDK inhibitor'],12.629441,6.6955905
BR00117013,E14,U2OS,48,DMSO,compound,,negcon,,19.80274,8.407409
BR00117013,E15,U2OS,48,GSK-37647,compound,BRD-K26514105-001-01-7,,['free fatty acid receptor agonist'],17.004753,6.0635815
BR00117013,E16,U2OS,48,desonide,compound,BRD-K21528677-001-04-4,,['glucocorticoid receptor agonist'],18.011446,6.221877
BR00117013,E17,U2OS,48,DMSO,compound,,negcon,,19.060076,8.8819685
BR00117013,E18,U2OS,48,aloxistatin,compound,BRD-K91188791-001-17-5,,,15.996276,4.3042846
BR00117013,E19,U2OS,48,azathioprine,compound,BRD-K32821942-001-22-1,,,17.691814,6.4617047
BR00117013,E20,U2OS,48,ZK-93423,compound,BRD-K33882852-003-02-8,poscon_diverse,['benzodiazepine receptor agonist'],15.701168,6.9207335
BR00117013,E21,U2OS,48,BI-2536,compound,BRD-K64890080-001-02-1,poscon_diverse,,12.1075535,7.2520976
BR00117013,E22,U2OS,48,EI1,compound,BRD-K91535048-001-01-2,poscon_cp,['histone lysine methyltransferase inhibitor'],17.82066,7.123941
BR00117013,E23,U2OS,48,NVP-HSP990,compound,BRD-K67915505-001-01-2,,['HSP inhibitor'],11.853859,6.9729
BR00117013,E24,U2OS,48,DMSO,compound,,negcon,,17.10762,7.9891934
BR00117013,F01,U2OS,48,DMSO,compound,,negcon,,19.040966,8.02552
BR00117013,F02,U2OS,48,nialamide,compound,BRD-K12102668-001-25-5,,,19.022085,7.0888524
BR00117013,F03,U2OS,48,DMSO,compound,,negcon,,19.696556,8.007878
BR00117013,F04,U2OS,48,arundic-acid,compound,BRD-K49223707-001-01-0,,,19.436605,7.388718
BR00117013,F05,U2OS,48,torcitabine,compound,BRD-K91822704-003-07-2,,,19.192425,7.1676016
BR00117013,F06,U2OS,48,DMSO,compound,,negcon,,20.016497,7.6040697
BR00117013,F07,U2OS,48,epothilone-b,compound,BRD-K68164687-001-01-6,,"['microtubule stabilizing agent', 'tubulin polymerization inhibitor']",12.8965025,8.139352
BR00117013,F08,U2OS,48,dyphylline,compound,BRD-A00827783-001-24-6,,['phosphodiesterase inhibitor'],19.017326,6.9709606
BR00117013,F09,U2OS,48,DMSO,compound,,negcon,,19.820517,7.567022
BR00117013,F10,U2OS,48,quinidine,compound,BRD-K59632282-052-03-1,,['sodium channel blocker'],15.58034,7.4476266
BR00117013,F11,U2OS,48,halopemide,compound,BRD-K50055394-001-03-6,,,16.668861,6.090663
BR00117013,F12,U2OS,48,sulfinpyrazone,compound,BRD-A36217750-001-16-3,,,18.435085,7.225976
BR00117013,F13,U2OS,48,ML-323,compound,BRD-K93942811-001-01-3,poscon_cp,['ubiquitin specific protease inhibitor'],17.006577,7.3373914
BR00117013,F14,U2OS,48,racecadotril,compound,BRD-A08187463-001-12-9,,,18.457432,7.0728498
BR00117013,F15,U2OS,48,BRL-50481,compound,BRD-K84266862-001-03-2,,['phosphodiesterase inhibitor'],18.23041,7.001394
BR00117013,F16,U2OS,48,GSK2110183,compound,BRD-K25412176-001-01-9,poscon_diverse,,16.406902,5.793253
BR00117013,F17,U2OS,48,bufexamac,compound,BRD-K36660044-001-24-2,,['cyclooxygenase inhibitor'],17.467632,7.0035663
BR00117013,F18,U2OS,48,anandamide,compound,BRD-K42352790-001-05-3,,,17.434937,6.635903
BR00117013,F19,U2OS,48,thioguanine,compound,BRD-K49350383-001-13-7,poscon_diverse,,14.6438,6.762786
BR00117013,F20,U2OS,48,IWP-L6,compound,BRD-K53234107-001-01-6,,['porcupine inhibitor'],16.781261,6.1205873
BR00117013,F21,U2OS,48,edoxaban,compound,BRD-K29322660-001-01-9,,['coagulation factor inhibitor'],19.446507,7.242966
BR00117013,F22,U2OS,48,lonafarnib,compound,BRD-K41599323-001-02-3,poscon_diverse,,14.811723,6.249358
BR00117013,F23,U2OS,48,ibutamoren,compound,BRD-K44771174-066-01-0,,,18.350039,7.836404
BR00117013,F24,U2OS,48,somatostatin,compound,BRD-K14681867-001-01-6,,['somatostatin receptor agonist'],16.874811,7.767975
BR00117013,G01,U2OS,48,L-proline,compound,BRD-K01666412-001-02-0,,,18.001015,7.5605373
BR00117013,G02,U2OS,48,zamifenacin,compound,BRD-K80451230-051-02-6,,['acetylcholine receptor antagonist'],18.033289,7.1928506
BR00117013,G03,U2OS,48,YC-1,compound,BRD-K60476892-001-16-1,,,12.283148,7.0112286
BR00117013,G04,U2OS,48,DMSO,compound,,negcon,,19.871992,8.148378
BR00117013,G05,U2OS,48,ME-0328,compound,BRD-K24283677-001-01-9,,['PPAR receptor antagonist'],17.982737,6.461881
BR00117013,G06,U2OS,48,NSC-663284,compound,BRD-K03109492-001-02-2,,['CDC inhibitor'],10.567955,6.938871
BR00117013,G07,U2OS,48,CYM-50358,compound,BRD-K80666802-003-01-0,,,16.3056,5.0346894
BR00117013,G08,U2OS,48,trazodone,compound,BRD-K70778732-003-27-5,,"['adrenergic receptor antagonist', 'serotonin receptor antagonist']",18.829575,7.617183
BR00117013,G09,U2OS,48,DMSO,compound,,negcon,,19.455091,8.230193
BR00117013,G10,U2OS,48,DMSO,compound,,negcon,,19.914558,8.31045
BR00117013,G11,U2OS,48,sulfasalazine,compound,BRD-K10670311-001-17-1,,['cyclooxygenase inhibitor'],18.238129,6.477897
BR00117013,G12,U2OS,48,"2,5-furandimethanol",compound,BRD-K29791386-001-01-8,,,18.163565,8.070916
BR00117013,G13,U2OS,48,DMSO,compound,,negcon,,19.525831,8.779908
BR00117013,G14,U2OS,48,dilazep,compound,BRD-K48722258-300-11-0,,,17.890121,7.6142364
BR00117013,G15,U2OS,48,felodipine,compound,BRD-A30815329-001-12-1,,['calcium channel blocker'],18.13335,6.0751157
BR00117013,G16,U2OS,48,paliperidone,compound,BRD-A99888680-001-05-3,,"['dopamine receptor antagonist', 'serotonin receptor antagonist']",17.19068,6.662873
BR00117013,G17,U2OS,48,purvalanol-a,compound,BRD-K50836978-001-03-3,poscon_orf,['CDK inhibitor'],14.272099,7.7014256
BR00117013,G18,U2OS,48,DMSO,compound,,negcon,,19.669783,7.8481493
BR00117013,G19,U2OS,48,Ro-1138452,compound,BRD-K77220725-003-01-5,,['prostanoid receptor antagonist'],17.925821,6.1190143
BR00117013,G20,U2OS,48,sorbinil,compound,BRD-A89164055-001-03-3,,['aldose reductase inhibitor'],18.28388,6.7881746
BR00117013,G21,U2OS,48,TC-S-7004,compound,BRD-K89517477-001-01-4,poscon_cp,['DYRK inhibitor'],15.341028,6.4687543
BR00117013,G22,U2OS,48,saclofen,compound,BRD-A24122750-001-03-7,,['GABA receptor antagonist'],17.82766,7.23982
BR00117013,G23,U2OS,48,BAY-87-2243,compound,BRD-K70463136-001-01-5,,,15.954861,6.8183794
BR00117013,G24,U2OS,48,ibudilast,compound,BRD-K16444452-001-09-1,,['phosphodiesterase inhibitor'],17.189016,8.291313
BR00117013,H01,U2OS,48,briciclib,compound,BRD-K05531427-001-01-7,,,12.0824585,7.8572717
BR00117013,H02,U2OS,48,2-Oleoylglycerol,compound,BRD-K77087341-001-02-4,,,18.920492,7.4972086
BR00117013,H03,U2OS,48,RGFP966,compound,BRD-K61688984-001-02-9,poscon_cp,['HDAC inhibitor'],14.65048,7.1953177
BR00117013,H04,U2OS,48,DMSO,compound,,negcon,,19.914139,8.09978
BR00117013,H05,U2OS,48,azacitidine,compound,BRD-K03406345-001-21-1,poscon_diverse,,17.920757,6.0720897
BR00117013,H06,U2OS,48,N6-cyclopentyladenosine,compound,BRD-K60150510-001-15-6,,,18.495008,6.7151065
BR00117013,H07,U2OS,48,filgotinib,compound,BRD-K16803204-001-01-6,poscon_cp,['JAK inhibitor'],18.230404,6.1356544
BR00117013,H08,U2OS,48,guanidine,compound,BRD-K76037122-001-02-5,,['HSP inhibitor'],19.498524,7.0350423
BR00117013,H09,U2OS,48,coumarin,compound,BRD-K23913458-001-20-7,,,18.537996,7.350035
BR00117013,H10,U2OS,48,DMSO,compound,,negcon,,19.994423,7.7180614
BR00117013,H11,U2OS,48,ZM-336372,compound,BRD-K73789395-001-09-9,poscon_orf,['RAF inhibitor'],17.684275,7.3364544
BR00117013,H12,U2OS,48,citric-acid,compound,BRD-K76792669-001-08-1,,['coagulation factor inhibitor'],19.19098,7.620249
BR00117013,H13,U2OS,48,DMSO,compound,,negcon,,19.79345,7.700339
BR00117013,H14,U2OS,48,CCG-63802,compound,BRD-K26970495-001-02-7,,['G protein signaling inhibitor'],15.363752,7.7418427
BR00117013,H15,U2OS,48,ibutilide,compound,BRD-A74391928-051-03-9,,['potassium channel blocker'],18.733238,6.690961
BR00117013,H16,U2OS,48,batimastat,compound,BRD-K82818427-001-04-8,,['matrix metalloprotease inhibitor'],15.462645,6.743266
BR00117013,H17,U2OS,48,DMSO,compound,,negcon,,19.504576,8.587625
BR00117013,H18,U2OS,48,DMSO,compound,,negcon,,19.773926,8.316115
BR00117013,H19,U2OS,48,UNC1999,compound,BRD-K26989966-001-04-3,poscon_cp,['histone lysine methyltransferase inhibitor'],11.347732,6.882114
BR00117013,H20,U2OS,48,glutamine-(l),compound,BRD-K83896451-001-06-7,,,14.365046,7.1240935
BR00117013,H21,U2OS,48,PD-98059,compound,BRD-K62810658-001-11-4,poscon_orf,,18.427896,7.3006086
BR00117013,H22,U2OS,48,enilconazole,compound,BRD-K01825690-065-01-9,,,19.377798,7.658997
BR00117013,H23,U2OS,48,N-alpha-Methylhistamine-dihydrochloride,compound,BRD-K75390981-300-04-9,,['histamine receptor agonist'],17.807274,7.083034
BR00117013,H24,U2OS,48,GK921,compound,BRD-K38272302-001-02-7,,,11.521711,6.6654205
BR00117013,I01,U2OS,48,nilvadipine,compound,BRD-A84687895-001-03-2,,['calcium channel blocker'],17.603386,7.4877
BR00117013,I02,U2OS,48,DMSO,compound,,negcon,,19.553297,8.380707
BR00117013,I03,U2OS,48,AC-710,compound,BRD-K15819326-001-01-6,,['PDGFR tyrosine kinase receptor inhibitor'],15.395478,4.750864
BR00117013,I04,U2OS,48,PETCM,compound,BRD-A93477898-001-04-2,,,18.372158,6.966302
BR00117013,I05,U2OS,48,AZD7762,compound,BRD-K86525559-001-07-8,poscon_diverse,['CHK inhibitor'],10.864466,6.772092
BR00117013,I06,U2OS,48,PHA-793887,compound,BRD-K64800655-001-09-0,poscon_diverse,['CDK inhibitor'],12.702384,6.5593433
BR00117013,I07,U2OS,48,KU-60019,compound,BRD-K36016295-001-05-2,,['ATM kinase inhibitor'],14.666944,5.542876
BR00117013,I08,U2OS,48,nafamostat,compound,BRD-K06674495-334-04-0,,,15.839926,6.496624
BR00117013,I09,U2OS,48,DMSO,compound,,negcon,,19.288713,8.37421
BR00117013,I10,U2OS,48,DMSO,compound,,negcon,,19.803923,8.4189825
BR00117013,I11,U2OS,48,taladegib,compound,BRD-K50498985-001-03-3,,['smoothened receptor antagonist'],18.345242,6.4204392
BR00117013,I12,U2OS,48,acetohexamide,compound,BRD-K52960356-001-13-0,,['ATP channel blocker'],17.911936,7.0093546
BR00117013,I13,U2OS,48,minocycline,compound,BRD-A69651145-003-11-4,,,15.102672,6.6204844
BR00117013,I14,U2OS,48,BI-2536,compound,BRD-K64890080-001-02-1,poscon_diverse,,12.370095,7.561833
BR00117013,I15,U2OS,48,riociguat,compound,BRD-K84783599-001-01-0,,,18.423672,6.7340984
BR00117013,I16,U2OS,48,CP-724714,compound,BRD-K76908866-001-07-6,poscon_cp,"['EGFR inhibitor', 'protein tyrosine kinase inhibitor']",16.583527,6.339282
BR00117013,I17,U2OS,48,ganetespib,compound,BRD-K38852836-001-04-9,poscon_diverse,['HSP inhibitor'],11.857538,7.001344
BR00117013,I18,U2OS,48,AZ191,compound,BRD-K80935598-001-01-1,poscon_cp,['DYRK inhibitor'],15.2835245,4.1687255
BR00117013,I19,U2OS,48,BAX-channel-blocker,compound,BRD-A18763547-300-06-3,,,12.49735,6.5021453
BR00117013,I20,U2OS,48,SU3327,compound,BRD-K32730239-001-01-0,,['JNK inhibitor'],11.008654,6.9800644
BR00117013,I21,U2OS,48,DMSO,compound,,negcon,,19.494593,7.71928
BR00117013,I22,U2OS,48,DMSO,compound,,negcon,,20.06413,7.9021277
BR00117013,I23,U2OS,48,octreotide,compound,BRD-A64173453-015-03-1,,['somatostatin receptor agonist'],18.654093,8.314613
BR00117013,I24,U2OS,48,1-octanol,compound,BRD-K09338665-001-08-9,,,18.62712,8.364137
BR00117013,J01,U2OS,48,acalabrutinib,compound,BRD-K64034691-001-01-9,,"[""Bruton's tyrosine kinase (BTK) inhibitor""]",18.46017,7.891224
BR00117013,J02,U2OS,48,rifamycin,compound,BRD-K38512030-001-01-7,,,19.4717,7.1312966
BR00117013,J03,U2OS,48,pazopanib,compound,BRD-K74514084-003-09-2,,"['KIT inhibitor', 'VEGFR inhibitor', 'PDGFR tyrosine kinase receptor inhibitor']",15.867472,6.150236
BR00117013,J04,U2OS,48,RKI-1447,compound,BRD-K19333160-001-01-3,poscon_cp,,16.612925,5.667863
BR00117013,J05,U2OS,48,vitamin-E,compound,BRD-K97091514-001-11-4,,['PKC inhibitor'],19.706997,7.3306007
BR00117013,J06,U2OS,48,lonafarnib,compound,BRD-K41599323-001-02-3,poscon_diverse,,14.7470875,6.2412925
BR00117013,J07,U2OS,48,ethyl-pyruvate,compound,BRD-K47738867-001-01-5,,,19.536968,7.2928333
BR00117013,J08,U2OS,48,picrotin,compound,BRD-A91822151-001-05-0,,['GABA receptor antagonist'],19.408657,7.1305428
BR00117013,J09,U2OS,48,SGX523,compound,BRD-K19477839-001-07-6,poscon_cp,,17.691114,7.213522
BR00117013,J10,U2OS,48,PP-2,compound,BRD-K95785537-001-22-3,,['src inhibitor'],15.005434,5.8233795
BR00117013,J11,U2OS,48,ME-0328,compound,BRD-A63444178-001-01-5,,['PPAR receptor antagonist'],19.277872,7.6714354
BR00117013,J12,U2OS,48,AZD9668,compound,BRD-K31476763-001-01-5,,['elastase inhibitor'],18.341047,7.1587543
BR00117013,J13,U2OS,48,NQDI-1,compound,BRD-K61918008-001-07-1,,,16.784464,6.139406
BR00117013,J14,U2OS,48,DMSO,compound,,negcon,,20.221153,8.171323
BR00117013,J15,U2OS,48,carzenide,compound,BRD-K09295674-001-09-8,,,17.345524,6.589456
BR00117013,J16,U2OS,48,KU-55933,compound,BRD-K25311561-001-10-7,,['ATM kinase inhibitor'],15.318179,5.7498226
BR00117013,J17,U2OS,48,NVP-AEW541,compound,BRD-K24696047-001-02-3,poscon_cp,['IGF-1 inhibitor'],16.030252,4.654076
BR00117013,J18,U2OS,48,leflunomide,compound,BRD-K78692225-001-24-5,,['PDGFR tyrosine kinase receptor inhibitor'],17.856113,6.998193
BR00117013,J19,U2OS,48,DMSO,compound,,negcon,,19.353384,8.000181
BR00117013,J20,U2OS,48,azacitidine,compound,BRD-K03406345-001-21-1,poscon_diverse,,18.059536,6.2722354
BR00117013,J21,U2OS,48,ixabepilone,compound,BRD-K03601870-001-01-2,,['microtubule stabilizing agent'],12.654207,8.068196
BR00117013,J22,U2OS,48,KH-CB19,compound,BRD-K66430217-001-03-8,poscon_cp,['CDC inhibitor'],18.211264,6.631705
BR00117013,J23,U2OS,48,DMSO,compound,,negcon,,19.32286,8.717057
BR00117013,J24,U2OS,48,PF-05190457,compound,BRD-K02554563-001-01-6,,,17.046122,7.2250915
BR00117013,K01,U2OS,48,LDN-212854,compound,BRD-K59831625-001-03-9,,,10.725277,6.748989
BR00117013,K02,U2OS,48,formononetin,compound,BRD-K55567017-001-12-3,,['alcohol dehydrogenase inhibitor'],17.264889,6.653345
BR00117013,K03,U2OS,48,aminopurvalanol-a,compound,BRD-K07762753-001-05-1,poscon_orf,['CDK inhibitor'],14.285354,7.1841497
BR00117013,K04,U2OS,48,ruxolitinib,compound,BRD-K53972329-001-01-3,poscon_cp,['JAK inhibitor'],17.342762,5.861432
BR00117013,K05,U2OS,48,DMSO,compound,,negcon,,20.101583,8.329287
BR00117013,K06,U2OS,48,DMSO,compound,,negcon,,20.232143,8.242613
BR00117013,K07,U2OS,48,LGK-974,compound,BRD-K16810791-001-01-0,,['porcupine inhibitor'],17.464155,6.2749157
BR00117013,K08,U2OS,48,polydatin,compound,BRD-K43236057-001-07-1,,['ICAM1 expression inhibitor'],13.247834,7.97178
BR00117013,K09,U2OS,48,enflurane,compound,BRD-A51831848-001-01-7,,,17.911114,6.3119035
BR00117013,K10,U2OS,48,PFI-1,compound,BRD-K13094524-001-04-2,poscon_cp,,19.167583,8.132311
BR00117013,K11,U2OS,48,AZD7762,compound,BRD-K86525559-001-07-8,poscon_diverse,['CHK inhibitor'],10.836097,6.592938
BR00117013,K12,U2OS,48,sotrastaurin,compound,BRD-K16761703-001-03-8,,['PKC inhibitor'],17.535776,5.666666
BR00117013,K13,U2OS,48,DMSO,compound,,negcon,,19.597788,8.282692
BR00117013,K14,U2OS,48,cycloheximide,compound,BRD-K36055864-001-20-0,,['protein synthesis inhibitor'],12.575759,6.8091245
BR00117013,K15,U2OS,48,oxytocin,compound,BRD-K25243230-001-01-2,,,18.879976,7.4552846
BR00117013,K16,U2OS,48,DMSO,compound,,negcon,,20.173164,8.183928
BR00117013,K17,U2OS,48,colchicine,compound,BRD-K00259736-001-16-4,,,12.158055,8.006005
BR00117013,K18,U2OS,48,afimoxifene,compound,BRD-K04210847-001-21-9,,,18.226492,6.844334
BR00117013,K19,U2OS,48,DMSO,compound,,negcon,,19.817228,8.287191
BR00117013,K20,U2OS,48,ZK-93423,compound,BRD-K33882852-003-02-8,poscon_diverse,['benzodiazepine receptor agonist'],15.789444,6.872442
BR00117013,K21,U2OS,48,RGB-286638,compound,BRD-K20986415-001-02-6,,['CDK inhibitor'],12.616844,6.280741
BR00117013,K22,U2OS,48,FPS-ZM1,compound,BRD-K87691185-001-01-2,,['RAGE receptor antagonist'],18.22233,7.485484
BR00117013,K23,U2OS,48,flindokalner,compound,BRD-K56740996-001-02-1,,,17.205132,6.7849355
BR00117013,K24,U2OS,48,motesanib,compound,BRD-K99616396-316-05-3,,"['KIT inhibitor', 'VEGFR inhibitor', 'PDGFR tyrosine kinase receptor inhibitor']",16.540907,5.7767015
BR00117013,L01,U2OS,48,geldanamycin,compound,BRD-K43570081-001-02-4,,['HSP inhibitor'],11.762054,7.005913
BR00117013,L02,U2OS,48,DMSO,compound,,negcon,,20.092196,7.745597
BR00117013,L03,U2OS,48,CGP-53353,compound,BRD-K32292990-001-03-6,,"['PKC inhibitor', 'EGFR inhibitor']",19.010735,7.2710166
BR00117013,L04,U2OS,48,7-hydroxystaurosporine,compound,BRD-K45293975-001-02-0,,"['CDK inhibitor', 'PKC inhibitor', 'CHK inhibitor']",11.003564,6.6732473
BR00117013,L05,U2OS,48,DMSO,compound,,negcon,,20.107698,7.7311563
BR00117013,L06,U2OS,48,DMSO,compound,,negcon,,20.162888,7.702785
BR00117013,L07,U2OS,48,efaproxiral,compound,BRD-K37355418-236-01-6,,,14.990731,8.2032
BR00117013,L08,U2OS,48,SB-203580,compound,BRD-A37704979-001-12-3,poscon_orf,['p38 MAPK inhibitor'],17.341599,5.3336906
BR00117013,L09,U2OS,48,FK-866,compound,BRD-K58550667-001-08-7,poscon_diverse,,11.649313,5.626298
BR00117013,L10,U2OS,48,bepridil,compound,BRD-A91008255-003-24-8,,['calcium channel blocker'],15.514423,5.72521
BR00117013,L11,U2OS,48,delanzomib,compound,BRD-K59325863-001-04-4,,,10.992485,6.747661
BR00117013,L12,U2OS,48,buparlisib,compound,BRD-K42191735-001-08-7,poscon_diverse,,12.17779,7.6728973
BR00117013,L13,U2OS,48,phenylbutazone,compound,BRD-K10843433-001-23-5,,"['cyclooxygenase inhibitor', 'prostanoid receptor antagonist']",18.86516,7.6575418
BR00117013,L14,U2OS,48,deferasirox,compound,BRD-K97010173-001-04-1,,,14.363161,8.540943
BR00117013,L15,U2OS,48,DMSO,compound,,negcon,,20.029837,8.082208
BR00117013,L16,U2OS,48,cediranib,compound,BRD-K86930074-001-05-0,,"['KIT inhibitor', 'VEGFR inhibitor']",15.767014,4.4849834
BR00117013,L17,U2OS,48,isoflurane,compound,BRD-A31564021-001-02-6,,,18.364851,6.4285893
BR00117013,L18,U2OS,48,DMSO,compound,,negcon,,19.675928,8.141928
BR00117013,L19,U2OS,48,CCG-50014,compound,BRD-K08893438-001-06-4,,['G protein signaling inhibitor'],11.187161,7.1808786
BR00117013,L20,U2OS,48,PF-431396,compound,BRD-K93788137-001-04-1,,,13.761433,8.583518
BR00117013,L21,U2OS,48,TG-02,compound,BRD-K14560436-001-01-4,,"['CDK inhibitor', 'FLT3 inhibitor', 'JAK inhibitor']",12.382941,6.6290884
BR00117013,L22,U2OS,48,baclofen,compound,BRD-K01826724-003-07-9,,['benzodiazepine receptor agonist'],18.255352,7.366741
BR00117013,L23,U2OS,48,thiostrepton,compound,BRD-A20697603-001-07-2,,['protein synthesis inhibitor'],13.85855,7.220969
BR00117013,L24,U2OS,48,flufenamic-acid,compound,BRD-K44067360-001-29-5,,,17.499664,7.8265486
BR00117013,M01,U2OS,48,DMSO,compound,,negcon,,18.24676,7.852779
BR00117013,M02,U2OS,48,LY2109761,compound,BRD-K47557313-001-02-7,,,16.877956,5.197535
BR00117013,M03,U2OS,48,olopatadine,compound,BRD-K67637637-003-11-8,,['histamine receptor antagonist'],17.937069,6.326713
BR00117013,M04,U2OS,48,DMSO,compound,,negcon,,19.993256,8.351654
BR00117013,M05,U2OS,48,castanospermine,compound,BRD-K20897876-001-11-8,,['glucosidase inhibitor'],18.030666,6.9463215
BR00117013,M06,U2OS,48,A205804,compound,BRD-K77627880-001-04-0,,['ICAM1 expression inhibitor'],14.702281,8.702957
BR00117013,M07,U2OS,48,VU591,compound,BRD-K72063794-003-01-0,,['potassium channel blocker'],18.095375,6.3482814
BR00117013,M08,U2OS,48,dalbavancin,compound,BRD-K30177383-001-01-0,,['bacterial cell wall synthesis inhibitor'],18.061647,6.3193107
BR00117013,M09,U2OS,48,CC-401,compound,BRD-K45746021-003-01-9,,['JNK inhibitor'],17.479641,5.893122
BR00117013,M10,U2OS,48,ganetespib,compound,BRD-K38852836-001-04-9,poscon_diverse,['HSP inhibitor'],11.628049,6.9280453
BR00117013,M11,U2OS,48,ingenol-mebutate,compound,BRD-K93779381-001-01-9,,,16.703724,6.263673
BR00117013,M12,U2OS,48,menadione,compound,BRD-K78126613-001-27-7,,,12.332356,6.567074
BR00117013,M13,U2OS,48,cetilistat,compound,BRD-K94863486-001-02-2,,,18.126398,7.7915754
BR00117013,M14,U2OS,48,methoxsalen,compound,BRD-K63430059-001-16-4,,['DNA synthesis inhibitor'],18.287067,8.381825
BR00117013,M15,U2OS,48,cyclosporine,compound,BRD-K13533483-001-16-2,,,14.468206,6.227872
BR00117013,M16,U2OS,48,NSC-632839,compound,BRD-K81197548-003-01-4,poscon_cp,['ubiquitin specific protease inhibitor'],11.155005,7.1681423
BR00117013,M17,U2OS,48,DMSO,compound,,negcon,,19.994148,8.276959
BR00117013,M18,U2OS,48,TG-003,compound,BRD-K97072811-001-11-4,poscon_cp,,18.363537,7.9263253
BR00117013,M19,U2OS,48,oxibendazole,compound,BRD-K52075715-001-06-7,,['tubulin polymerization inhibitor'],12.286171,8.053788
BR00117013,M20,U2OS,48,TG-101348,compound,BRD-K12502280-001-11-4,poscon_cp,"['JAK inhibitor', 'FLT3 inhibitor']",11.485201,6.5163064
BR00117013,M21,U2OS,48,miglitol,compound,BRD-A63310107-001-04-8,,['glucosidase inhibitor'],18.009624,7.3479633
BR00117013,M22,U2OS,48,DMSO,compound,,negcon,,19.805286,8.476157
BR00117013,M23,U2OS,48,DMSO,compound,,negcon,,19.514654,8.659199
BR00117013,M24,U2OS,48,tranilast,compound,BRD-K17849083-001-32-9,,,15.878417,7.7243004
BR00117013,N01,U2OS,48,4-methylhistamine,compound,BRD-K70821460-300-02-4,,['histamine receptor agonist'],18.606955,7.8792653
BR00117013,N02,U2OS,48,LDN-27219,compound,BRD-K51485109-001-01-4,,,19.03969,7.683313
BR00117013,N03,U2OS,48,anisomycin,compound,BRD-K91370081-001-25-1,,['DNA synthesis inhibitor'],11.720236,6.85263
BR00117013,N04,U2OS,48,thioguanine,compound,BRD-K49350383-001-13-7,poscon_diverse,,14.724736,6.7478786
BR00117013,N05,U2OS,48,droxinostat,compound,BRD-K11558771-001-13-9,,['HDAC inhibitor'],17.712015,7.9374723
BR00117013,N06,U2OS,48,UNC2025,compound,BRD-K91283740-003-01-6,poscon_cp,['FLT3 inhibitor'],12.193431,7.230507
BR00117013,N07,U2OS,48,DMSO,compound,,negcon,,19.54452,7.5752006
BR00117013,N08,U2OS,48,DMSO,compound,,negcon,,20.108986,7.750851
BR00117013,N09,U2OS,48,AMG900,compound,BRD-K21728777-001-02-3,poscon_cp,['Aurora kinase inhibitor'],13.729604,8.646117
BR00117013,N10,U2OS,48,PF-06463922,compound,BRD-A23124853-001-01-4,,['ALK tyrosine kinase receptor inhibitor'],16.363544,5.9629283
BR00117013,N11,U2OS,48,orantinib,compound,BRD-K55966568-001-09-6,poscon_cp,"['FGFR inhibitor', 'PDGFR tyrosine kinase receptor inhibitor', 'VEGFR inhibitor']",18.800224,7.629886
BR00117013,N12,U2OS,48,fludarabine-phosphate,compound,BRD-K71106091-001-09-5,,['ribonucleotide reductase inhibitor'],14.189798,8.6828575
BR00117013,N13,U2OS,48,ceritinib,compound,BRD-K22149900-001-06-2,,['ALK tyrosine kinase receptor inhibitor'],16.29006,5.520984
BR00117013,N14,U2OS,48,NVS-PAK1-1,compound,BRD-K28132190-001-02-0,poscon_cp,['p21 activated kinase inhibitor'],15.474687,5.9436846
BR00117013,N15,U2OS,48,homoharringtonine,compound,BRD-K76674262-001-03-3,,['protein synthesis inhibitor'],11.542906,6.7746468
BR00117013,N16,U2OS,48,picrotoxinin,compound,BRD-K36461289-001-05-8,,['GABA receptor antagonist'],18.929115,7.491654
BR00117013,N17,U2OS,48,DMSO,compound,,negcon,,19.539843,8.734941
BR00117013,N18,U2OS,48,danusertib,compound,BRD-K07881437-001-03-8,poscon_diverse,"['growth factor receptor inhibitor', 'Aurora kinase inhibitor']",14.017177,8.451692
BR00117013,N19,U2OS,48,romidepsin,compound,BRD-K61397605-001-01-8,poscon_cp,['HDAC inhibitor'],11.432073,7.064124
BR00117013,N20,U2OS,48,FERb-033,compound,BRD-K61642990-001-01-0,poscon_cp,['EGFR inhibitor'],16.716295,6.5961413
BR00117013,N21,U2OS,48,PF-03758309,compound,BRD-K37764012-001-03-3,poscon_diverse,['p21 activated kinase inhibitor'],12.258344,6.782338
BR00117013,N22,U2OS,48,DMSO,compound,,negcon,,19.973057,8.457158
BR00117013,N23,U2OS,48,trometamol,compound,BRD-K47978074-001-03-2,,,18.52852,7.9755936
BR00117013,N24,U2OS,48,simvastatin,compound,BRD-K22134346-001-22-3,,['HMGCR inhibitor'],14.9473,5.934245
BR00117013,O01,U2OS,48,zaprinast,compound,BRD-K16542329-001-16-8,,['phosphodiesterase inhibitor'],18.159418,8.102008
BR00117013,O02,U2OS,48,dexamethasone,compound,BRD-A10188456-001-04-9,,['glucocorticoid receptor agonist'],16.574705,6.350644
BR00117013,O03,U2OS,48,salicylic-acid,compound,BRD-K93632104-001-17-2,,['cyclooxygenase inhibitor'],18.440794,6.7206106
BR00117013,O04,U2OS,48,diltiazem,compound,BRD-A69636825-003-04-7,,['calcium channel blocker'],17.861387,6.420424
BR00117013,O05,U2OS,48,phenolphthalein,compound,BRD-K19227686-001-18-6,,,18.582777,7.0396
BR00117013,O06,U2OS,48,niflumic-acid,compound,BRD-K98763141-001-30-8,,['cyclooxygenase inhibitor'],18.41059,7.027428
BR00117013,O07,U2OS,48,DMSO,compound,,negcon,,19.815828,8.690184
BR00117013,O08,U2OS,48,L-Cystine,compound,BRD-A15397381-001-02-5,,,18.247707,7.583625
BR00117013,O09,U2OS,48,ozanimod,compound,BRD-K46625559-001-01-8,,['sphingosine 1 phosphate receptor agonist'],16.3498,5.5053387
BR00117013,O10,U2OS,48,efaroxan,compound,BRD-A10739734-003-09-8,,['adrenergic receptor antagonist'],18.487469,7.294983
BR00117013,O11,U2OS,48,NBQX,compound,BRD-K11796549-001-05-2,,['glutamate receptor antagonist'],18.50867,7.903841
BR00117013,O12,U2OS,48,dinoprostone,compound,BRD-K26521938-001-07-2,,['prostanoid receptor agonist'],17.590683,7.1985526
BR00117013,O13,U2OS,48,Ro-20-1724,compound,BRD-A07207424-001-14-0,,['phosphodiesterase inhibitor'],18.229708,8.2496
BR00117013,O14,U2OS,48,xanomeline,compound,BRD-K72815923-034-02-0,,['acetylcholine receptor agonist'],18.7198,8.234204
BR00117013,O15,U2OS,48,terazosin,compound,BRD-K01825589-310-02-9,,['adrenergic receptor antagonist'],19.040274,6.958615
BR00117013,O16,U2OS,48,BVT-948,compound,BRD-K68567222-001-01-2,,,11.756746,6.171947
BR00117013,O17,U2OS,48,nicotine,compound,BRD-K01825660-322-01-9,,['acetylcholine receptor agonist'],18.261702,7.939124
BR00117013,O18,U2OS,48,DMSO,compound,,negcon,,18.951189,8.773052
BR00117013,O19,U2OS,48,U-0521,compound,BRD-K08953028-001-09-6,,,17.500992,6.59295
BR00117013,O20,U2OS,48,BMS-587101,compound,BRD-K20093108-001-02-3,,,18.473448,7.688332
BR00117013,O21,U2OS,48,nimodipine,compound,BRD-A58048407-001-20-4,,['calcium channel blocker'],18.554907,6.9146233
BR00117013,O22,U2OS,48,pyrrolidine-dithiocarbamate,compound,BRD-K80970344-201-08-6,,,11.301281,7.44078
BR00117013,O23,U2OS,48,PF-915275,compound,BRD-K18289362-001-02-2,,,17.921644,7.724478
BR00117013,O24,U2OS,48,JTE-013,compound,BRD-K43330982-001-02-3,,,15.846327,7.787266
BR00117013,P01,U2OS,48,sodium-butyrate,compound,BRD-K05878375-236-05-7,,['HDAC inhibitor'],15.628733,9.066709
BR00117013,P02,U2OS,48,pentostatin,compound,BRD-K91543828-001-02-0,,['ribonucleotide reductase inhibitor'],17.964363,8.050883
BR00117013,P03,U2OS,48,OMDM-2,compound,BRD-K48830578-001-01-9,,,18.84481,6.8969097
BR00117013,P04,U2OS,48,nalmefene,compound,BRD-A72767275-003-01-6,,,17.4867,7.7613926
BR00117013,P05,U2OS,48,DMSO,compound,,negcon,,19.839668,7.8044786
BR00117013,P06,U2OS,48,1-EBIO,compound,BRD-K70586315-001-02-4,,,18.937746,7.24426
BR00117013,P07,U2OS,48,SB-505124,compound,BRD-K40109029-001-02-9,,['ALK tyrosine kinase receptor inhibitor'],15.347171,7.4085784
BR00117013,P08,U2OS,48,prasugrel,compound,BRD-A83029242-001-06-1,,['purinergic receptor antagonist'],17.453117,7.390428
BR00117013,P09,U2OS,48,pidolic-acid,compound,BRD-K57313110-001-06-8,,,18.169197,7.8197885
BR00117013,P10,U2OS,48,DMSO,compound,,negcon,,19.826675,8.055393
BR00117013,P11,U2OS,48,nevirapine,compound,BRD-K15502390-001-20-9,,,17.534212,8.010886
BR00117013,P12,U2OS,48,triamterene,compound,BRD-K92049597-001-20-8,,['sodium channel blocker'],17.597748,8.357857
BR00117013,P13,U2OS,48,regorafenib,compound,BRD-K16730910-001-07-3,,"['PDGFR tyrosine kinase receptor inhibitor', 'RAF inhibitor', 'KIT inhibitor', 'RET tyrosine kinase inhibitor', 'FGFR inhibitor', 'VEGFR inhibitor']",16.195713,6.420558
BR00117013,P14,U2OS,48,cyclophosphamide,compound,BRD-A09722536-002-18-0,,,17.056818,8.253101
BR00117013,P15,U2OS,48,olanzapine,compound,BRD-K18895904-001-16-1,,"['dopamine receptor antagonist', 'serotonin receptor antagonist']",16.220776,4.664326
BR00117013,P16,U2OS,48,KI-16425,compound,BRD-A25569250-001-03-3,,['lysophosphatidic acid receptor antagonist'],15.717331,7.8576436
BR00117013,P17,U2OS,48,SKLB1002,compound,BRD-K29895144-001-01-0,,['VEGFR inhibitor'],14.057391,8.555778
BR00117013,P18,U2OS,48,cilostazol,compound,BRD-K67017579-001-28-1,,['phosphodiesterase inhibitor'],17.53549,7.9876223
BR00117013,P19,U2OS,48,AZD1283,compound,BRD-K77060810-001-01-5,,['purinergic receptor antagonist'],17.721067,8.217841
BR00117013,P20,U2OS,48,A-987306,compound,BRD-K68982262-001-01-4,,['histamine receptor antagonist'],16.107082,4.6501107
BR00117013,P21,U2OS,48,procaine,compound,BRD-K24616672-003-20-1,,['HMGCR inhibitor'],17.825611,8.419043
BR00117013,P22,U2OS,48,miconazole,compound,BRD-A82396632-008-30-8,,['bacterial cell wall synthesis inhibitor'],16.446583,6.4289317
BR00117013,P23,U2OS,48,loperamide,compound,BRD-K61250553-003-30-6,,,15.722394,7.14913
BR00117013,P24,U2OS,48,aripiprazole,compound,BRD-K70358946-001-17-3,,['serotonin receptor antagonist'],15.519202,7.7096815
BR00117024,A01,U2OS,24,gabapentin-enacarbil,compound,BRD-A86665761-001-01-1,,,15.407024,9.114928
BR00117024,A02,U2OS,24,DMSO,compound,,negcon,,16.701054,9.700229
BR00117024,A03,U2OS,24,amlodipine,compound,BRD-A22032524-074-09-9,,['calcium channel blocker'],15.403194,4.9392276
BR00117024,A04,U2OS,24,hexestrol,compound,BRD-A01078468-001-14-8,,,17.151505,9.331085
BR00117024,A05,U2OS,24,quinine,compound,BRD-K48278478-001-01-2,,,17.234346,8.904011
BR00117024,A06,U2OS,24,LOXO-101,compound,BRD-K36574127-001-01-3,,,16.864954,9.228604
BR00117024,A07,U2OS,24,brinzolamide,compound,BRD-K74913225-001-14-0,,['carbonic anhydrase inhibitor'],16.344475,9.289119
BR00117024,A08,U2OS,24,NS-11021,compound,BRD-K94342292-001-01-3,,['calcium-activated potassium channel activator'],14.442922,6.699072
BR00117024,A09,U2OS,24,DMSO,compound,,negcon,,17.63129,9.834668
BR00117024,A10,U2OS,24,GNF-5837,compound,BRD-K19975102-001-01-2,,['growth factor receptor inhibitor'],15.709067,6.4939756
BR00117024,A11,U2OS,24,apatinib,compound,BRD-K25244359-066-02-6,,['RET tyrosine kinase inhibitor'],15.866648,5.2145042
BR00117024,A12,U2OS,24,ethoxzolamide,compound,BRD-K18131774-001-18-4,,['carbonic anhydrase inhibitor'],15.920074,8.627828
BR00117024,A13,U2OS,24,ascorbic-acid,compound,BRD-A85242401-001-11-5,,,15.938869,8.2085
BR00117024,A14,U2OS,24,ryuvidine,compound,BRD-K06426971-001-02-7,,['histone lysine methyltransferase inhibitor'],10.463316,6.4755673
BR00117024,A15,U2OS,24,BAN-ORL-24,compound,BRD-K47049295-300-03-1,,,13.550542,7.220892
BR00117024,A16,U2OS,24,NNC-55-0396,compound,BRD-K78122587-300-04-3,,,15.636698,4.8176193
BR00117024,A17,U2OS,24,DMSO,compound,,negcon,,17.446842,10.041423
BR00117024,A18,U2OS,24,WH-4-023,compound,BRD-K50199947-001-03-4,,['src inhibitor'],14.302168,6.2087646
BR00117024,A19,U2OS,24,flupirtine,compound,BRD-K50720187-051-03-1,,['glutamate receptor antagonist'],15.399921,7.134707
BR00117024,A20,U2OS,24,ZK811752,compound,BRD-K91825936-001-03-9,,,15.692114,7.2496843
BR00117024,A21,U2OS,24,dexamethasone,compound,BRD-K38775274-001-22-1,,['glucocorticoid receptor agonist'],15.147613,6.695418
BR00117024,A22,U2OS,24,PP-1,compound,BRD-K47598052-001-14-1,,['src inhibitor'],14.663443,6.116864
BR00117024,A23,U2OS,24,DDR1-IN-1,compound,BRD-K61845293-300-01-9,,,15.7963,5.3267026
BR00117024,A24,U2OS,24,AVL-292,compound,BRD-K87782578-001-01-4,,"[""Bruton's tyrosine kinase (BTK) inhibitor""]",13.870404,6.4778037
BR00117024,B01,U2OS,24,H2L-5765834,compound,BRD-K26439554-001-01-3,,['lysophosphatidic acid receptor antagonist'],16.316658,9.492231
BR00117024,B02,U2OS,24,thiostrepton,compound,BRD-K58049875-001-03-9,,['protein synthesis inhibitor'],11.118499,6.358468
BR00117024,B03,U2OS,24,DMSO,compound,,negcon,,17.783766,10.157849
BR00117024,B04,U2OS,24,arcyriaflavin-a,compound,BRD-K72726508-001-02-1,,['CDK inhibitor'],14.426121,6.56601
BR00117024,B05,U2OS,24,CYM-5520,compound,BRD-K29151923-001-01-5,,['sphingosine 1 phosphate receptor agonist'],17.214886,7.872935
BR00117024,B06,U2OS,24,fludarabine,compound,BRD-K66788707-001-14-3,,['ribonucleotide reductase inhibitor'],15.324339,8.957774
BR00117024,B07,U2OS,24,alda-1,compound,BRD-K06890060-001-09-1,,,17.456104,9.573155
BR00117024,B08,U2OS,24,meclofenamic-acid,compound,BRD-K50398167-236-22-7,,"['cyclooxygenase inhibitor', 'prostanoid receptor antagonist']",17.685108,9.696788
BR00117024,B09,U2OS,24,GNF-5,compound,BRD-K87632963-001-03-0,,['Bcr-Abl kinase inhibitor'],16.671461,7.895957
BR00117024,B10,U2OS,24,NS-309,compound,BRD-K37602296-001-01-6,,['calcium-activated potassium channel activator'],16.84836,8.020562
BR00117024,B11,U2OS,24,AK-7,compound,BRD-K09143580-001-01-0,,['SIRT inhibitor'],16.489649,7.274733
BR00117024,B12,U2OS,24,BVT-948,compound,BRD-A22713669-001-04-3,,,12.360832,5.944357
BR00117024,B13,U2OS,24,SirReal-2,compound,BRD-K16472653-001-01-6,,['SIRT inhibitor'],16.164526,5.7337003
BR00117024,B14,U2OS,24,DMSO,compound,,negcon,,17.649057,10.233867
BR00117024,B15,U2OS,24,BMS-536924,compound,BRD-K34581968-001-05-3,,['IGF-1 inhibitor'],14.015309,6.386754
BR00117024,B16,U2OS,24,PP-121,compound,BRD-K81801188-001-02-8,,['protein tyrosine kinase inhibitor'],13.457151,6.628698
BR00117024,B17,U2OS,24,MCOPPB,compound,BRD-K73276278-305-01-1,,,15.497609,4.3309174
BR00117024,B18,U2OS,24,ozagrel,compound,BRD-K53061490-003-13-9,,,16.90722,8.14858
BR00117024,B19,U2OS,24,CYM-5442,compound,BRD-A43005764-003-01-5,,['sphingosine 1 phosphate receptor agonist'],15.688068,4.731484
BR00117024,B20,U2OS,24,CVT-10216,compound,BRD-K60659193-001-01-0,,,16.752466,8.08988
BR00117024,B21,U2OS,24,TCN201,compound,BRD-K09787262-001-02-7,,['glutamate receptor antagonist'],15.970474,6.1637707
BR00117024,B22,U2OS,24,fomepizole,compound,BRD-K56810756-003-07-7,,['alcohol dehydrogenase inhibitor'],17.104864,8.087944
BR00117024,B23,U2OS,24,benzamil,compound,BRD-K87158025-003-08-7,,['sodium channel blocker'],17.01345,7.5755825
BR00117024,B24,U2OS,24,lercanidipine,compound,BRD-A18992208-003-02-7,,['calcium channel blocker'],15.771234,7.165754
BR00117024,C01,U2OS,24,4-CMTB,compound,BRD-A54139254-001-09-2,,['free fatty acid receptor agonist'],16.669226,9.536179
BR00117024,C02,U2OS,24,ML-228,compound,BRD-K44432556-001-05-5,,,17.19437,9.837305
BR00117024,C03,U2OS,24,DMSO,compound,,negcon,,18.108202,10.095226
BR00117024,C04,U2OS,24,GSK1070916,compound,BRD-K36740062-001-06-6,,['Aurora kinase inhibitor'],13.742253,7.188072
BR00117024,C05,U2OS,24,ML-193,compound,BRD-K27539181-001-08-5,,,18.072887,9.305815
BR00117024,C06,U2OS,24,DMSO,compound,,negcon,,18.15217,9.94224
BR00117024,C07,U2OS,24,M-25,compound,BRD-K51265828-001-01-0,,['smoothened receptor antagonist'],17.07187,7.6946325
BR00117024,C08,U2OS,24,azeliragon,compound,BRD-K51899933-001-02-6,,['RAGE receptor antagonist'],15.158306,4.6384244
BR00117024,C09,U2OS,24,CYT-997,compound,BRD-K23363278-001-02-1,poscon_diverse,['tubulin polymerization inhibitor'],12.285399,8.592222
BR00117024,C10,U2OS,24,AR-12,compound,BRD-K90497590-001-05-9,,,10.496054,6.6924224
BR00117024,C11,U2OS,24,CYM-50260,compound,BRD-K69877120-001-01-7,,['sphingosine 1 phosphate receptor agonist'],17.030409,7.993905
BR00117024,C12,U2OS,24,DMSO,compound,,negcon,,18.314434,9.876474
BR00117024,C13,U2OS,24,KG-5,compound,BRD-K90747162-001-01-4,poscon_cp,['RAF inhibitor'],12.550307,8.406336
BR00117024,C14,U2OS,24,JTE-607,compound,BRD-K81405859-300-01-4,,,14.233059,8.362827
BR00117024,C15,U2OS,24,DMSO,compound,,negcon,,18.24511,10.020472
BR00117024,C16,U2OS,24,ilomastat,compound,BRD-K51662849-001-05-4,,['matrix metalloprotease inhibitor'],16.721798,7.5425453
BR00117024,C17,U2OS,24,RX-821002,compound,BRD-A65597028-003-08-1,,['adrenergic receptor antagonist'],14.687804,7.1345086
BR00117024,C18,U2OS,24,DMSO,compound,,negcon,,18.474163,10.126971
BR00117024,C19,U2OS,24,TUG-891,compound,BRD-K24282351-001-01-4,,['free fatty acid receptor agonist'],14.887571,6.3317275
BR00117024,C20,U2OS,24,ponatinib,compound,BRD-K44227013-001-08-0,,"['PDGFR tyrosine kinase receptor inhibitor', 'FLT3 inhibitor', 'Bcr-Abl kinase inhibitor']",10.841782,6.2873545
BR00117024,C21,U2OS,24,DMSO,compound,,negcon,,18.000725,9.991674
BR00117024,C22,U2OS,24,puromycin,compound,BRD-K01824976-300-02-9,,['protein synthesis inhibitor'],11.088089,6.5528045
BR00117024,C23,U2OS,24,SRC-kinase-inhibitor-I,compound,BRD-K50495309-001-02-0,,['src inhibitor'],15.908684,4.7507534
BR00117024,C24,U2OS,24,acetylcysteine,compound,BRD-K59058747-001-19-1,,,15.961683,8.2645235
BR00117024,D01,U2OS,24,NSC-625987,compound,BRD-K62949423-001-03-1,,['CDK inhibitor'],16.688282,9.497933
BR00117024,D02,U2OS,24,dalfampridine,compound,BRD-K22482860-001-20-6,,['potassium channel blocker'],17.244812,9.09663
BR00117024,D03,U2OS,24,NSC-95397,compound,BRD-K68143200-001-11-7,,['CDC inhibitor'],12.434801,5.924738
BR00117024,D04,U2OS,24,alrestatin,compound,BRD-K35498378-001-06-1,,['aldose reductase inhibitor'],17.322004,9.515501
BR00117024,D05,U2OS,24,PF-03758309,compound,BRD-K37764012-001-03-3,poscon_diverse,['p21 activated kinase inhibitor'],17.712141,9.560872
BR00117024,D06,U2OS,24,IRL-2500,compound,BRD-K98357249-001-02-9,,['endothelin receptor antagonist'],17.08805,9.571565
BR00117024,D07,U2OS,24,PF-04217903,compound,BRD-K73319509-001-08-0,poscon_cp,,17.719624,9.635807
BR00117024,D08,U2OS,24,FK-866,compound,BRD-K58550667-001-08-7,poscon_diverse,,16.06868,8.206994
BR00117024,D09,U2OS,24,amlexanox,compound,BRD-K29530284-001-06-2,,,17.100988,8.649119
BR00117024,D10,U2OS,24,GW-311616,compound,BRD-K37864785-001-01-0,,['elastase inhibitor'],16.464737,8.2449665
BR00117024,D11,U2OS,24,buparlisib,compound,BRD-K42191735-001-08-7,poscon_diverse,,12.496687,8.410797
BR00117024,D12,U2OS,24,amiloride,compound,BRD-K97181089-003-24-7,,['sodium channel blocker'],16.980776,8.05075
BR00117024,D13,U2OS,24,DG-172,compound,BRD-K75748943-300-01-3,,,15.992071,4.70079
BR00117024,D14,U2OS,24,DMSO,compound,,negcon,,18.038101,9.692827
BR00117024,D15,U2OS,24,DMSO,compound,,negcon,,18.28653,10.25968
BR00117024,D16,U2OS,24,NVP-ADW742,compound,BRD-K15179513-001-04-2,poscon_cp,,15.464502,4.516109
BR00117024,D17,U2OS,24,misoprostol,compound,BRD-A72351335-001-04-5,,['prostanoid receptor agonist'],15.571357,7.7665014
BR00117024,D18,U2OS,24,conivaptan,compound,BRD-K37385792-003-02-1,,,16.023994,5.294397
BR00117024,D19,U2OS,24,spiroxatrine,compound,BRD-A72483914-001-03-7,,['serotonin receptor antagonist'],17.051634,7.2848945
BR00117024,D20,U2OS,24,diacerein,compound,BRD-K69122748-001-10-1,,,15.749014,8.246282
BR00117024,D21,U2OS,24,DMSO,compound,,negcon,,18.166943,10.374871
BR00117024,D22,U2OS,24,DMSO,compound,,negcon,,18.193693,9.828112
BR00117024,D23,U2OS,24,glyburide,compound,BRD-K36927236-001-36-7,,['ATP channel blocker'],15.851627,5.831681
BR00117024,D24,U2OS,24,ANR-94,compound,BRD-K31170746-001-01-6,,,16.015278,8.449062
BR00117024,E01,U2OS,24,TFC-007,compound,BRD-K57708067-001-01-3,,,16.685192,9.293592
BR00117024,E02,U2OS,24,trihexyphenidyl,compound,BRD-A48180038-003-24-3,,['acetylcholine receptor antagonist'],17.52295,9.751324
BR00117024,E03,U2OS,24,epoprostenol,compound,BRD-K64054020-001-02-7,,,17.906734,9.421678
BR00117024,E04,U2OS,24,sacubitril,compound,BRD-K91456750-001-01-9,,,17.056906,9.234332
BR00117024,E05,U2OS,24,danusertib,compound,BRD-K07881437-001-03-8,poscon_diverse,"['growth factor receptor inhibitor', 'Aurora kinase inhibitor']",13.8676,8.713034
BR00117024,E06,U2OS,24,CYT-997,compound,BRD-K23363278-001-02-1,poscon_diverse,['tubulin polymerization inhibitor'],12.224543,8.651762
BR00117024,E07,U2OS,24,DMSO,compound,,negcon,,17.877037,9.987236
BR00117024,E08,U2OS,24,BQ-788,compound,BRD-K02490038-236-03-8,,['endothelin receptor antagonist'],17.31455,9.789403
BR00117024,E09,U2OS,24,SB-202190,compound,BRD-K54330070-001-19-6,poscon_orf,['p38 MAPK inhibitor'],17.110893,5.380797
BR00117024,E10,U2OS,24,GSK2110183,compound,BRD-K25412176-001-01-9,poscon_diverse,,15.861702,5.9412155
BR00117024,E11,U2OS,24,GSK3787,compound,BRD-K03155172-001-03-0,,['PPAR receptor antagonist'],17.782516,8.875398
BR00117024,E12,U2OS,24,BAM7,compound,BRD-K07442505-001-03-6,,,17.140749,8.865388
BR00117024,E13,U2OS,24,PHA-793887,compound,BRD-K64800655-001-09-0,poscon_diverse,['CDK inhibitor'],13.260706,6.4697647
BR00117024,E14,U2OS,24,DMSO,compound,,negcon,,18.534014,9.924206
BR00117024,E15,U2OS,24,GSK-37647,compound,BRD-K26514105-001-01-7,,['free fatty acid receptor agonist'],16.911333,6.905683
BR00117024,E16,U2OS,24,desonide,compound,BRD-K21528677-001-04-4,,['glucocorticoid receptor agonist'],15.558703,6.7276573
BR00117024,E17,U2OS,24,DMSO,compound,,negcon,,18.32059,9.968256
BR00117024,E18,U2OS,24,aloxistatin,compound,BRD-K91188791-001-17-5,,,15.84289,4.2358575
BR00117024,E19,U2OS,24,azathioprine,compound,BRD-K32821942-001-22-1,,,16.996765,7.91343
BR00117024,E20,U2OS,24,ZK-93423,compound,BRD-K33882852-003-02-8,poscon_diverse,['benzodiazepine receptor agonist'],16.013638,7.146935
BR00117024,E21,U2OS,24,BI-2536,compound,BRD-K64890080-001-02-1,poscon_diverse,,12.437021,7.8985834
BR00117024,E22,U2OS,24,EI1,compound,BRD-K91535048-001-01-2,poscon_cp,['histone lysine methyltransferase inhibitor'],16.861399,8.739123
BR00117024,E23,U2OS,24,NVP-HSP990,compound,BRD-K67915505-001-01-2,,['HSP inhibitor'],13.840456,6.185223
BR00117024,E24,U2OS,24,DMSO,compound,,negcon,,17.060598,9.882414
BR00117024,F01,U2OS,24,DMSO,compound,,negcon,,17.256632,10.089585
BR00117024,F02,U2OS,24,nialamide,compound,BRD-K12102668-001-25-5,,,16.854609,9.430521
BR00117024,F03,U2OS,24,DMSO,compound,,negcon,,17.692974,10.097348
BR00117024,F04,U2OS,24,arundic-acid,compound,BRD-K49223707-001-01-0,,,17.397568,9.612393
BR00117024,F05,U2OS,24,torcitabine,compound,BRD-K91822704-003-07-2,,,16.806059,9.235223
BR00117024,F06,U2OS,24,DMSO,compound,,negcon,,17.530191,10.04516
BR00117024,F07,U2OS,24,epothilone-b,compound,BRD-K68164687-001-01-6,,"['microtubule stabilizing agent', 'tubulin polymerization inhibitor']",12.981366,8.254546
BR00117024,F08,U2OS,24,dyphylline,compound,BRD-A00827783-001-24-6,,['phosphodiesterase inhibitor'],17.245089,9.114764
BR00117024,F09,U2OS,24,DMSO,compound,,negcon,,18.448227,9.559164
BR00117024,F10,U2OS,24,quinidine,compound,BRD-K59632282-052-03-1,,['sodium channel blocker'],16.54816,7.9070697
BR00117024,F11,U2OS,24,halopemide,compound,BRD-K50055394-001-03-6,,,16.5014,6.728003
BR00117024,F12,U2OS,24,sulfinpyrazone,compound,BRD-A36217750-001-16-3,,,17.895313,8.859985
BR00117024,F13,U2OS,24,ML-323,compound,BRD-K93942811-001-01-3,poscon_cp,['ubiquitin specific protease inhibitor'],16.384506,7.4018025
BR00117024,F14,U2OS,24,racecadotril,compound,BRD-A08187463-001-12-9,,,17.246073,8.251872
BR00117024,F15,U2OS,24,BRL-50481,compound,BRD-K84266862-001-03-2,,['phosphodiesterase inhibitor'],15.39226,8.541953
BR00117024,F16,U2OS,24,GSK2110183,compound,BRD-K25412176-001-01-9,poscon_diverse,,15.808457,6.1236253
BR00117024,F17,U2OS,24,bufexamac,compound,BRD-K36660044-001-24-2,,['cyclooxygenase inhibitor'],17.355196,8.054314
BR00117024,F18,U2OS,24,anandamide,compound,BRD-K42352790-001-05-3,,,16.94169,8.646122
BR00117024,F19,U2OS,24,thioguanine,compound,BRD-K49350383-001-13-7,poscon_diverse,,14.871947,6.797262
BR00117024,F20,U2OS,24,IWP-L6,compound,BRD-K53234107-001-01-6,,['porcupine inhibitor'],16.30904,6.394885
BR00117024,F21,U2OS,24,edoxaban,compound,BRD-K29322660-001-01-9,,['coagulation factor inhibitor'],16.783747,7.8142304
BR00117024,F22,U2OS,24,lonafarnib,compound,BRD-K41599323-001-02-3,poscon_diverse,,14.960088,6.3904486
BR00117024,F23,U2OS,24,ibutamoren,compound,BRD-K44771174-066-01-0,,,16.152176,6.234306
BR00117024,F24,U2OS,24,somatostatin,compound,BRD-K14681867-001-01-6,,['somatostatin receptor agonist'],15.906921,8.560629
BR00117024,G01,U2OS,24,L-proline,compound,BRD-K01666412-001-02-0,,,16.447834,9.515985
BR00117024,G02,U2OS,24,zamifenacin,compound,BRD-K80451230-051-02-6,,['acetylcholine receptor antagonist'],16.89149,9.26352
BR00117024,G03,U2OS,24,YC-1,compound,BRD-K60476892-001-16-1,,,13.049609,6.7328763
BR00117024,G04,U2OS,24,DMSO,compound,,negcon,,18.41914,10.015509
BR00117024,G05,U2OS,24,ME-0328,compound,BRD-K24283677-001-01-9,,['PPAR receptor antagonist'],17.646124,9.53913
BR00117024,G06,U2OS,24,NSC-663284,compound,BRD-K03109492-001-02-2,,['CDC inhibitor'],10.569559,6.3805137
BR00117024,G07,U2OS,24,CYM-50358,compound,BRD-K80666802-003-01-0,,,16.193853,4.7773046
BR00117024,G08,U2OS,24,trazodone,compound,BRD-K70778732-003-27-5,,"['adrenergic receptor antagonist', 'serotonin receptor antagonist']",16.802792,7.7827625
BR00117024,G09,U2OS,24,DMSO,compound,,negcon,,17.996107,9.593265
BR00117024,G10,U2OS,24,DMSO,compound,,negcon,,18.162521,9.870316
BR00117024,G11,U2OS,24,sulfasalazine,compound,BRD-K10670311-001-17-1,,['cyclooxygenase inhibitor'],17.958971,9.3632345
BR00117024,G12,U2OS,24,"2,5-furandimethanol",compound,BRD-K29791386-001-01-8,,,17.961674,9.053101
BR00117024,G13,U2OS,24,DMSO,compound,,negcon,,18.444544,9.784745
BR00117024,G14,U2OS,24,dilazep,compound,BRD-K48722258-300-11-0,,,17.629343,9.386031
BR00117024,G15,U2OS,24,felodipine,compound,BRD-A30815329-001-12-1,,['calcium channel blocker'],15.638056,6.836305
BR00117024,G16,U2OS,24,paliperidone,compound,BRD-A99888680-001-05-3,,"['dopamine receptor antagonist', 'serotonin receptor antagonist']",17.736988,9.286308
BR00117024,G17,U2OS,24,purvalanol-a,compound,BRD-K50836978-001-03-3,poscon_orf,['CDK inhibitor'],14.681088,7.3555164
BR00117024,G18,U2OS,24,DMSO,compound,,negcon,,18.199156,9.615931
BR00117024,G19,U2OS,24,Ro-1138452,compound,BRD-K77220725-003-01-5,,['prostanoid receptor antagonist'],15.613433,6.810138
BR00117024,G20,U2OS,24,sorbinil,compound,BRD-A89164055-001-03-3,,['aldose reductase inhibitor'],17.005953,8.447525
BR00117024,G21,U2OS,24,TC-S-7004,compound,BRD-K89517477-001-01-4,poscon_cp,['DYRK inhibitor'],15.059906,6.7485433
BR00117024,G22,U2OS,24,saclofen,compound,BRD-A24122750-001-03-7,,['GABA receptor antagonist'],17.68812,9.058786
BR00117024,G23,U2OS,24,BAY-87-2243,compound,BRD-K70463136-001-01-5,,,16.000814,7.1418777
BR00117024,G24,U2OS,24,ibudilast,compound,BRD-K16444452-001-09-1,,['phosphodiesterase inhibitor'],16.342579,8.091042
BR00117024,H01,U2OS,24,briciclib,compound,BRD-K05531427-001-01-7,,,12.205735,8.568938
BR00117024,H02,U2OS,24,2-Oleoylglycerol,compound,BRD-K77087341-001-02-4,,,17.455034,9.257656
BR00117024,H03,U2OS,24,RGFP966,compound,BRD-K61688984-001-02-9,poscon_cp,['HDAC inhibitor'],14.98973,7.1486025
BR00117024,H04,U2OS,24,DMSO,compound,,negcon,,17.921444,10.313633
BR00117024,H05,U2OS,24,azacitidine,compound,BRD-K03406345-001-21-1,poscon_diverse,,14.925582,6.894001
BR00117024,H06,U2OS,24,N6-cyclopentyladenosine,compound,BRD-K60150510-001-15-6,,,16.872206,9.039996
BR00117024,H07,U2OS,24,filgotinib,compound,BRD-K16803204-001-01-6,poscon_cp,['JAK inhibitor'],16.91687,6.0834284
BR00117024,H08,U2OS,24,guanidine,compound,BRD-K76037122-001-02-5,,['HSP inhibitor'],17.243597,8.891092
BR00117024,H09,U2OS,24,coumarin,compound,BRD-K23913458-001-20-7,,,17.044542,8.967731
BR00117024,H10,U2OS,24,DMSO,compound,,negcon,,17.854944,10.184418
BR00117024,H11,U2OS,24,ZM-336372,compound,BRD-K73789395-001-09-9,poscon_orf,['RAF inhibitor'],18.023813,9.31792
BR00117024,H12,U2OS,24,citric-acid,compound,BRD-K76792669-001-08-1,,['coagulation factor inhibitor'],17.913242,8.758953
BR00117024,H13,U2OS,24,DMSO,compound,,negcon,,18.473763,9.646211
BR00117024,H14,U2OS,24,CCG-63802,compound,BRD-K26970495-001-02-7,,['G protein signaling inhibitor'],14.89437,8.421108
BR00117024,H15,U2OS,24,ibutilide,compound,BRD-A74391928-051-03-9,,['potassium channel blocker'],16.814663,8.277193
BR00117024,H16,U2OS,24,batimastat,compound,BRD-K82818427-001-04-8,,['matrix metalloprotease inhibitor'],15.419523,6.9457
BR00117024,H17,U2OS,24,DMSO,compound,,negcon,,18.364727,9.816097
BR00117024,H18,U2OS,24,DMSO,compound,,negcon,,18.054943,9.186437
BR00117024,H19,U2OS,24,UNC1999,compound,BRD-K26989966-001-04-3,poscon_cp,['histone lysine methyltransferase inhibitor'],12.136337,5.790365
BR00117024,H20,U2OS,24,glutamine-(l),compound,BRD-K83896451-001-06-7,,,16.723885,8.217236
BR00117024,H21,U2OS,24,PD-98059,compound,BRD-K62810658-001-11-4,poscon_orf,,14.998678,7.0047264
BR00117024,H22,U2OS,24,enilconazole,compound,BRD-K01825690-065-01-9,,,16.541517,7.5955057
BR00117024,H23,U2OS,24,N-alpha-Methylhistamine-dihydrochloride,compound,BRD-K75390981-300-04-9,,['histamine receptor agonist'],16.738974,8.863983
BR00117024,H24,U2OS,24,GK921,compound,BRD-K38272302-001-02-7,,,13.412298,6.0421653
BR00117024,I01,U2OS,24,nilvadipine,compound,BRD-A84687895-001-03-2,,['calcium channel blocker'],16.384447,9.307739
BR00117024,I02,U2OS,24,DMSO,compound,,negcon,,17.679623,10.240529
BR00117024,I03,U2OS,24,AC-710,compound,BRD-K15819326-001-01-6,,['PDGFR tyrosine kinase receptor inhibitor'],15.298729,4.8327007
BR00117024,I04,U2OS,24,PETCM,compound,BRD-A93477898-001-04-2,,,17.67375,8.978066
BR00117024,I05,U2OS,24,AZD7762,compound,BRD-K86525559-001-07-8,poscon_diverse,['CHK inhibitor'],10.829116,6.2286067
BR00117024,I06,U2OS,24,PHA-793887,compound,BRD-K64800655-001-09-0,poscon_diverse,['CDK inhibitor'],13.344335,6.4733896
BR00117024,I07,U2OS,24,KU-60019,compound,BRD-K36016295-001-05-2,,['ATM kinase inhibitor'],14.757288,5.577082
BR00117024,I08,U2OS,24,nafamostat,compound,BRD-K06674495-334-04-0,,,16.243317,7.26649
BR00117024,I09,U2OS,24,DMSO,compound,,negcon,,18.151894,10.164688
BR00117024,I10,U2OS,24,DMSO,compound,,negcon,,17.785122,10.263211
BR00117024,I11,U2OS,24,taladegib,compound,BRD-K50498985-001-03-3,,['smoothened receptor antagonist'],16.919584,8.796038
BR00117024,I12,U2OS,24,acetohexamide,compound,BRD-K52960356-001-13-0,,['ATP channel blocker'],17.119385,8.811029
BR00117024,I13,U2OS,24,minocycline,compound,BRD-A69651145-003-11-4,,,15.260782,6.8194084
BR00117024,I14,U2OS,24,BI-2536,compound,BRD-K64890080-001-02-1,poscon_diverse,,12.438085,7.689567
BR00117024,I15,U2OS,24,riociguat,compound,BRD-K84783599-001-01-0,,,16.79474,7.1199145
BR00117024,I16,U2OS,24,CP-724714,compound,BRD-K76908866-001-07-6,poscon_cp,"['EGFR inhibitor', 'protein tyrosine kinase inhibitor']",16.133455,6.6732984
BR00117024,I17,U2OS,24,ganetespib,compound,BRD-K38852836-001-04-9,poscon_diverse,['HSP inhibitor'],13.825559,6.1965656
BR00117024,I18,U2OS,24,AZ191,compound,BRD-K80935598-001-01-1,poscon_cp,['DYRK inhibitor'],15.381635,4.1583056
BR00117024,I19,U2OS,24,BAX-channel-blocker,compound,BRD-A18763547-300-06-3,,,15.066662,4.8277073
BR00117024,I20,U2OS,24,SU3327,compound,BRD-K32730239-001-01-0,,['JNK inhibitor'],10.674676,6.567295
BR00117024,I21,U2OS,24,DMSO,compound,,negcon,,18.065947,9.371292
BR00117024,I22,U2OS,24,DMSO,compound,,negcon,,18.290398,9.944914
BR00117024,I23,U2OS,24,octreotide,compound,BRD-A64173453-015-03-1,,['somatostatin receptor agonist'],16.109507,7.9032736
BR00117024,I24,U2OS,24,1-octanol,compound,BRD-K09338665-001-08-9,,,15.863311,8.44628
BR00117024,J01,U2OS,24,acalabrutinib,compound,BRD-K64034691-001-01-9,,"[""Bruton's tyrosine kinase (BTK) inhibitor""]",16.04745,9.217258
BR00117024,J02,U2OS,24,rifamycin,compound,BRD-K38512030-001-01-7,,,18.321281,9.285028
BR00117024,J03,U2OS,24,pazopanib,compound,BRD-K74514084-003-09-2,,"['KIT inhibitor', 'VEGFR inhibitor', 'PDGFR tyrosine kinase receptor inhibitor']",15.2440405,6.5458627
BR00117024,J04,U2OS,24,RKI-1447,compound,BRD-K19333160-001-01-3,poscon_cp,,16.633091,5.7129455
BR00117024,J05,U2OS,24,vitamin-E,compound,BRD-K97091514-001-11-4,,['PKC inhibitor'],17.805063,8.605387
BR00117024,J06,U2OS,24,lonafarnib,compound,BRD-K41599323-001-02-3,poscon_diverse,,14.987186,6.5516114
BR00117024,J07,U2OS,24,ethyl-pyruvate,compound,BRD-K47738867-001-01-5,,,16.578424,8.509552
BR00117024,J08,U2OS,24,picrotin,compound,BRD-A91822151-001-05-0,,['GABA receptor antagonist'],16.52239,8.263803
BR00117024,J09,U2OS,24,SGX523,compound,BRD-K19477839-001-07-6,poscon_cp,,16.609812,6.993923
BR00117024,J10,U2OS,24,PP-2,compound,BRD-K95785537-001-22-3,,['src inhibitor'],14.7292,6.0922437
BR00117024,J11,U2OS,24,ME-0328,compound,BRD-A63444178-001-01-5,,['PPAR receptor antagonist'],16.755848,7.3993635
BR00117024,J12,U2OS,24,AZD9668,compound,BRD-K31476763-001-01-5,,['elastase inhibitor'],17.075846,8.507035
BR00117024,J13,U2OS,24,NQDI-1,compound,BRD-K61918008-001-07-1,,,16.311201,6.7708397
BR00117024,J14,U2OS,24,DMSO,compound,,negcon,,18.4411,9.297403
BR00117024,J15,U2OS,24,carzenide,compound,BRD-K09295674-001-09-8,,,16.183346,8.301422
BR00117024,J16,U2OS,24,KU-55933,compound,BRD-K25311561-001-10-7,,['ATM kinase inhibitor'],15.4990425,5.734619
BR00117024,J17,U2OS,24,NVP-AEW541,compound,BRD-K24696047-001-02-3,poscon_cp,['IGF-1 inhibitor'],15.68045,4.865192
BR00117024,J18,U2OS,24,leflunomide,compound,BRD-K78692225-001-24-5,,['PDGFR tyrosine kinase receptor inhibitor'],16.506649,7.9967933
BR00117024,J19,U2OS,24,DMSO,compound,,negcon,,18.148514,10.166593
BR00117024,J20,U2OS,24,azacitidine,compound,BRD-K03406345-001-21-1,poscon_diverse,,14.959847,6.9226766
BR00117024,J21,U2OS,24,ixabepilone,compound,BRD-K03601870-001-01-2,,['microtubule stabilizing agent'],12.768469,8.263321
BR00117024,J22,U2OS,24,KH-CB19,compound,BRD-K66430217-001-03-8,poscon_cp,['CDC inhibitor'],17.709772,6.5420275
BR00117024,J23,U2OS,24,DMSO,compound,,negcon,,18.215464,9.730237
BR00117024,J24,U2OS,24,PF-05190457,compound,BRD-K02554563-001-01-6,,,15.665795,7.824693
BR00117024,K01,U2OS,24,LDN-212854,compound,BRD-K59831625-001-03-9,,,10.851165,6.405988
BR00117024,K02,U2OS,24,formononetin,compound,BRD-K55567017-001-12-3,,['alcohol dehydrogenase inhibitor'],17.228071,9.566892
BR00117024,K03,U2OS,24,aminopurvalanol-a,compound,BRD-K07762753-001-05-1,poscon_orf,['CDK inhibitor'],14.378812,7.139302
BR00117024,K04,U2OS,24,ruxolitinib,compound,BRD-K53972329-001-01-3,poscon_cp,['JAK inhibitor'],16.825094,5.6589727
BR00117024,K05,U2OS,24,DMSO,compound,,negcon,,17.860773,10.252131
BR00117024,K06,U2OS,24,DMSO,compound,,negcon,,18.173445,9.976366
BR00117024,K07,U2OS,24,LGK-974,compound,BRD-K16810791-001-01-0,,['porcupine inhibitor'],16.724163,8.054626
BR00117024,K08,U2OS,24,polydatin,compound,BRD-K43236057-001-07-1,,['ICAM1 expression inhibitor'],13.521826,7.928625
BR00117024,K09,U2OS,24,enflurane,compound,BRD-A51831848-001-01-7,,,16.78027,9.015721
BR00117024,K10,U2OS,24,PFI-1,compound,BRD-K13094524-001-04-2,poscon_cp,,17.908447,9.68195
BR00117024,K11,U2OS,24,AZD7762,compound,BRD-K86525559-001-07-8,poscon_diverse,['CHK inhibitor'],10.780729,6.1844044
BR00117024,K12,U2OS,24,sotrastaurin,compound,BRD-K16761703-001-03-8,,['PKC inhibitor'],17.149212,5.650371
BR00117024,K13,U2OS,24,DMSO,compound,,negcon,,18.064869,9.49498
BR00117024,K14,U2OS,24,cycloheximide,compound,BRD-K36055864-001-20-0,,['protein synthesis inhibitor'],14.002204,6.7815385
BR00117024,K15,U2OS,24,oxytocin,compound,BRD-K25243230-001-01-2,,,18.019228,9.328501
BR00117024,K16,U2OS,24,DMSO,compound,,negcon,,18.19537,10.099841
BR00117024,K17,U2OS,24,colchicine,compound,BRD-K00259736-001-16-4,,,12.243862,8.558704
BR00117024,K18,U2OS,24,afimoxifene,compound,BRD-K04210847-001-21-9,,,16.953878,8.31573
BR00117024,K19,U2OS,24,DMSO,compound,,negcon,,18.022867,10.035337
BR00117024,K20,U2OS,24,ZK-93423,compound,BRD-K33882852-003-02-8,poscon_diverse,['benzodiazepine receptor agonist'],16.184645,6.8982778
BR00117024,K21,U2OS,24,RGB-286638,compound,BRD-K20986415-001-02-6,,['CDK inhibitor'],13.240806,6.2542667
BR00117024,K22,U2OS,24,FPS-ZM1,compound,BRD-K87691185-001-01-2,,['RAGE receptor antagonist'],16.326437,6.8816
BR00117024,K23,U2OS,24,flindokalner,compound,BRD-K56740996-001-02-1,,,16.333637,7.8527985
BR00117024,K24,U2OS,24,motesanib,compound,BRD-K99616396-316-05-3,,"['KIT inhibitor', 'VEGFR inhibitor', 'PDGFR tyrosine kinase receptor inhibitor']",16.071411,6.486993
BR00117024,L01,U2OS,24,geldanamycin,compound,BRD-K43570081-001-02-4,,['HSP inhibitor'],13.771967,6.2567153
BR00117024,L02,U2OS,24,DMSO,compound,,negcon,,17.555822,10.244361
BR00117024,L03,U2OS,24,CGP-53353,compound,BRD-K32292990-001-03-6,,"['PKC inhibitor', 'EGFR inhibitor']",16.947199,7.5389256
BR00117024,L04,U2OS,24,7-hydroxystaurosporine,compound,BRD-K45293975-001-02-0,,"['CDK inhibitor', 'PKC inhibitor', 'CHK inhibitor']",11.100352,6.3365574
BR00117024,L05,U2OS,24,DMSO,compound,,negcon,,18.32228,9.482163
BR00117024,L06,U2OS,24,DMSO,compound,,negcon,,17.868074,10.36301
BR00117024,L07,U2OS,24,efaproxiral,compound,BRD-K37355418-236-01-6,,,16.550182,8.63984
BR00117024,L08,U2OS,24,SB-203580,compound,BRD-A37704979-001-12-3,poscon_orf,['p38 MAPK inhibitor'],17.140957,5.294818
BR00117024,L09,U2OS,24,FK-866,compound,BRD-K58550667-001-08-7,poscon_diverse,,16.360592,8.114932
BR00117024,L10,U2OS,24,bepridil,compound,BRD-A91008255-003-24-8,,['calcium channel blocker'],15.01437,6.1953797
BR00117024,L11,U2OS,24,delanzomib,compound,BRD-K59325863-001-04-4,,,10.958405,6.444335
BR00117024,L12,U2OS,24,buparlisib,compound,BRD-K42191735-001-08-7,poscon_diverse,,12.387951,8.460618
BR00117024,L13,U2OS,24,phenylbutazone,compound,BRD-K10843433-001-23-5,,"['cyclooxygenase inhibitor', 'prostanoid receptor antagonist']",16.603954,7.5265827
BR00117024,L14,U2OS,24,deferasirox,compound,BRD-K97010173-001-04-1,,,15.776435,8.883439
BR00117024,L15,U2OS,24,DMSO,compound,,negcon,,18.45839,10.116387
BR00117024,L16,U2OS,24,cediranib,compound,BRD-K86930074-001-05-0,,"['KIT inhibitor', 'VEGFR inhibitor']",15.7937565,4.616977
BR00117024,L17,U2OS,24,isoflurane,compound,BRD-A31564021-001-02-6,,,16.378944,8.183672
BR00117024,L18,U2OS,24,DMSO,compound,,negcon,,18.358374,9.9861765
BR00117024,L19,U2OS,24,CCG-50014,compound,BRD-K08893438-001-06-4,,['G protein signaling inhibitor'],11.003372,6.4045076
BR00117024,L20,U2OS,24,PF-431396,compound,BRD-K93788137-001-04-1,,,13.757865,8.724954
BR00117024,L21,U2OS,24,TG-02,compound,BRD-K14560436-001-01-4,,"['CDK inhibitor', 'FLT3 inhibitor', 'JAK inhibitor']",13.147015,6.450308
BR00117024,L22,U2OS,24,baclofen,compound,BRD-K01826724-003-07-9,,['benzodiazepine receptor agonist'],15.743755,6.55094
BR00117024,L23,U2OS,24,thiostrepton,compound,BRD-A20697603-001-07-2,,['protein synthesis inhibitor'],14.434829,6.970628
BR00117024,L24,U2OS,24,flufenamic-acid,compound,BRD-K44067360-001-29-5,,,15.809103,8.133915
BR00117024,M01,U2OS,24,DMSO,compound,,negcon,,17.201014,10.16568
BR00117024,M02,U2OS,24,LY2109761,compound,BRD-K47557313-001-02-7,,,16.971394,5.475777
BR00117024,M03,U2OS,24,olopatadine,compound,BRD-K67637637-003-11-8,,['histamine receptor antagonist'],17.60579,8.400762
BR00117024,M04,U2OS,24,DMSO,compound,,negcon,,17.725391,10.056931
BR00117024,M05,U2OS,24,castanospermine,compound,BRD-K20897876-001-11-8,,['glucosidase inhibitor'],17.226618,8.431269
BR00117024,M06,U2OS,24,A205804,compound,BRD-K77627880-001-04-0,,['ICAM1 expression inhibitor'],15.19635,8.874922
BR00117024,M07,U2OS,24,VU591,compound,BRD-K72063794-003-01-0,,['potassium channel blocker'],16.657589,7.5271034
BR00117024,M08,U2OS,24,dalbavancin,compound,BRD-K30177383-001-01-0,,['bacterial cell wall synthesis inhibitor'],16.381931,5.0525146
BR00117024,M09,U2OS,24,CC-401,compound,BRD-K45746021-003-01-9,,['JNK inhibitor'],17.385946,5.8977885
BR00117024,M10,U2OS,24,ganetespib,compound,BRD-K38852836-001-04-9,poscon_diverse,['HSP inhibitor'],13.853044,6.1848884
BR00117024,M11,U2OS,24,ingenol-mebutate,compound,BRD-K93779381-001-01-9,,,16.16002,6.2448297
BR00117024,M12,U2OS,24,menadione,compound,BRD-K78126613-001-27-7,,,14.647209,7.4833674
BR00117024,M13,U2OS,24,cetilistat,compound,BRD-K94863486-001-02-2,,,16.61122,7.859468
BR00117024,M14,U2OS,24,methoxsalen,compound,BRD-K63430059-001-16-4,,['DNA synthesis inhibitor'],17.894243,8.785163
BR00117024,M15,U2OS,24,cyclosporine,compound,BRD-K13533483-001-16-2,,,14.461216,6.318367
BR00117024,M16,U2OS,24,NSC-632839,compound,BRD-K81197548-003-01-4,poscon_cp,['ubiquitin specific protease inhibitor'],10.968969,6.361123
BR00117024,M17,U2OS,24,DMSO,compound,,negcon,,17.943825,9.968372
BR00117024,M18,U2OS,24,TG-003,compound,BRD-K97072811-001-11-4,poscon_cp,,17.049234,8.137742
BR00117024,M19,U2OS,24,oxibendazole,compound,BRD-K52075715-001-06-7,,['tubulin polymerization inhibitor'],12.434888,8.494103
BR00117024,M20,U2OS,24,TG-101348,compound,BRD-K12502280-001-11-4,poscon_cp,"['JAK inhibitor', 'FLT3 inhibitor']",12.277833,5.8368936
BR00117024,M21,U2OS,24,miglitol,compound,BRD-A63310107-001-04-8,,['glucosidase inhibitor'],16.677399,6.885459
BR00117024,M22,U2OS,24,DMSO,compound,,negcon,,18.2737,10.237609
BR00117024,M23,U2OS,24,DMSO,compound,,negcon,,18.212257,10.283079
BR00117024,M24,U2OS,24,tranilast,compound,BRD-K17849083-001-32-9,,,15.7141075,8.100733
BR00117024,N01,U2OS,24,4-methylhistamine,compound,BRD-K70821460-300-02-4,,['histamine receptor agonist'],15.822375,9.436092
BR00117024,N02,U2OS,24,LDN-27219,compound,BRD-K51485109-001-01-4,,,16.94815,9.59829
BR00117024,N03,U2OS,24,anisomycin,compound,BRD-K91370081-001-25-1,,['DNA synthesis inhibitor'],11.770747,6.6358275
BR00117024,N04,U2OS,24,thioguanine,compound,BRD-K49350383-001-13-7,poscon_diverse,,14.93622,6.7856946
BR00117024,N05,U2OS,24,droxinostat,compound,BRD-K11558771-001-13-9,,['HDAC inhibitor'],17.602316,8.381788
BR00117024,N06,U2OS,24,UNC2025,compound,BRD-K91283740-003-01-6,poscon_cp,['FLT3 inhibitor'],13.554371,6.7305717
BR00117024,N07,U2OS,24,DMSO,compound,,negcon,,17.882431,9.374177
BR00117024,N08,U2OS,24,DMSO,compound,,negcon,,18.326113,10.118821
BR00117024,N09,U2OS,24,AMG900,compound,BRD-K21728777-001-02-3,poscon_cp,['Aurora kinase inhibitor'],13.845865,8.776644
BR00117024,N10,U2OS,24,PF-06463922,compound,BRD-A23124853-001-01-4,,['ALK tyrosine kinase receptor inhibitor'],16.182713,6.1646805
BR00117024,N11,U2OS,24,orantinib,compound,BRD-K55966568-001-09-6,poscon_cp,"['FGFR inhibitor', 'PDGFR tyrosine kinase receptor inhibitor', 'VEGFR inhibitor']",15.729571,7.13392
BR00117024,N12,U2OS,24,fludarabine-phosphate,compound,BRD-K71106091-001-09-5,,['ribonucleotide reductase inhibitor'],14.492062,8.755928
BR00117024,N13,U2OS,24,ceritinib,compound,BRD-K22149900-001-06-2,,['ALK tyrosine kinase receptor inhibitor'],15.80999,5.774373
BR00117024,N14,U2OS,24,NVS-PAK1-1,compound,BRD-K28132190-001-02-0,poscon_cp,['p21 activated kinase inhibitor'],15.307453,6.040663
BR00117024,N15,U2OS,24,homoharringtonine,compound,BRD-K76674262-001-03-3,,['protein synthesis inhibitor'],12.2129545,6.3871694
BR00117024,N16,U2OS,24,picrotoxinin,compound,BRD-K36461289-001-05-8,,['GABA receptor antagonist'],17.67862,8.150288
BR00117024,N17,U2OS,24,DMSO,compound,,negcon,,18.42108,9.932967
BR00117024,N18,U2OS,24,danusertib,compound,BRD-K07881437-001-03-8,poscon_diverse,"['growth factor receptor inhibitor', 'Aurora kinase inhibitor']",13.841482,8.773767
BR00117024,N19,U2OS,24,romidepsin,compound,BRD-K61397605-001-01-8,poscon_cp,['HDAC inhibitor'],11.90395,6.623359
BR00117024,N20,U2OS,24,FERb-033,compound,BRD-K61642990-001-01-0,poscon_cp,['EGFR inhibitor'],16.916252,8.269066
BR00117024,N21,U2OS,24,PF-03758309,compound,BRD-K37764012-001-03-3,poscon_diverse,['p21 activated kinase inhibitor'],13.745339,6.6215153
BR00117024,N22,U2OS,24,DMSO,compound,,negcon,,18.091463,10.298284
BR00117024,N23,U2OS,24,trometamol,compound,BRD-K47978074-001-03-2,,,16.312925,8.345397
BR00117024,N24,U2OS,24,simvastatin,compound,BRD-K22134346-001-22-3,,['HMGCR inhibitor'],15.294726,6.099171
BR00117024,O01,U2OS,24,zaprinast,compound,BRD-K16542329-001-16-8,,['phosphodiesterase inhibitor'],15.511993,9.228698
BR00117024,O02,U2OS,24,dexamethasone,compound,BRD-A10188456-001-04-9,,['glucocorticoid receptor agonist'],16.424923,7.340635
BR00117024,O03,U2OS,24,salicylic-acid,compound,BRD-K93632104-001-17-2,,['cyclooxygenase inhibitor'],17.099352,9.354319
BR00117024,O04,U2OS,24,diltiazem,compound,BRD-A69636825-003-04-7,,['calcium channel blocker'],17.329441,8.568134
BR00117024,O05,U2OS,24,phenolphthalein,compound,BRD-K19227686-001-18-6,,,17.490091,8.890595
BR00117024,O06,U2OS,24,niflumic-acid,compound,BRD-K98763141-001-30-8,,['cyclooxygenase inhibitor'],17.46433,9.2964945
BR00117024,O07,U2OS,24,DMSO,compound,,negcon,,18.07281,9.777256
BR00117024,O08,U2OS,24,L-Cystine,compound,BRD-A15397381-001-02-5,,,17.140066,8.881075
BR00117024,O09,U2OS,24,ozanimod,compound,BRD-K46625559-001-01-8,,['sphingosine 1 phosphate receptor agonist'],16.125992,4.841068
BR00117024,O10,U2OS,24,efaroxan,compound,BRD-A10739734-003-09-8,,['adrenergic receptor antagonist'],16.963152,9.42571
BR00117024,O11,U2OS,24,NBQX,compound,BRD-K11796549-001-05-2,,['glutamate receptor antagonist'],17.220692,7.2655497
BR00117024,O12,U2OS,24,dinoprostone,compound,BRD-K26521938-001-07-2,,['prostanoid receptor agonist'],17.025055,8.404082
BR00117024,O13,U2OS,24,Ro-20-1724,compound,BRD-A07207424-001-14-0,,['phosphodiesterase inhibitor'],17.400444,8.48819
BR00117024,O14,U2OS,24,xanomeline,compound,BRD-K72815923-034-02-0,,['acetylcholine receptor agonist'],17.168634,9.590806
BR00117024,O15,U2OS,24,terazosin,compound,BRD-K01825589-310-02-9,,['adrenergic receptor antagonist'],16.176605,7.9618506
BR00117024,O16,U2OS,24,BVT-948,compound,BRD-K68567222-001-01-2,,,12.475291,5.957526
BR00117024,O17,U2OS,24,nicotine,compound,BRD-K01825660-322-01-9,,['acetylcholine receptor agonist'],17.27672,8.513724
BR00117024,O18,U2OS,24,DMSO,compound,,negcon,,17.492506,9.569355
BR00117024,O19,U2OS,24,U-0521,compound,BRD-K08953028-001-09-6,,,16.337078,7.9869795
BR00117024,O20,U2OS,24,BMS-587101,compound,BRD-K20093108-001-02-3,,,16.95988,8.479443
BR00117024,O21,U2OS,24,nimodipine,compound,BRD-A58048407-001-20-4,,['calcium channel blocker'],16.46202,7.2060184
BR00117024,O22,U2OS,24,pyrrolidine-dithiocarbamate,compound,BRD-K80970344-201-08-6,,,11.538388,6.521915
BR00117024,O23,U2OS,24,PF-915275,compound,BRD-K18289362-001-02-2,,,17.254345,8.179831
BR00117024,O24,U2OS,24,JTE-013,compound,BRD-K43330982-001-02-3,,,15.660712,8.036258
BR00117024,P01,U2OS,24,sodium-butyrate,compound,BRD-K05878375-236-05-7,,['HDAC inhibitor'],15.350848,9.034952
BR00117024,P02,U2OS,24,pentostatin,compound,BRD-K91543828-001-02-0,,['ribonucleotide reductase inhibitor'],15.5437565,9.125128
BR00117024,P03,U2OS,24,OMDM-2,compound,BRD-K48830578-001-01-9,,,15.760494,9.062338
BR00117024,P04,U2OS,24,nalmefene,compound,BRD-A72767275-003-01-6,,,15.744861,9.26809
BR00117024,P05,U2OS,24,DMSO,compound,,negcon,,16.607033,9.922455
BR00117024,P06,U2OS,24,1-EBIO,compound,BRD-K70586315-001-02-4,,,15.480755,8.854108
BR00117024,P07,U2OS,24,SB-505124,compound,BRD-K40109029-001-02-9,,['ALK tyrosine kinase receptor inhibitor'],15.020983,7.801347
BR00117024,P08,U2OS,24,prasugrel,compound,BRD-A83029242-001-06-1,,['purinergic receptor antagonist'],15.518238,8.535387
BR00117024,P09,U2OS,24,pidolic-acid,compound,BRD-K57313110-001-06-8,,,15.518552,8.86593
BR00117024,P10,U2OS,24,DMSO,compound,,negcon,,16.596575,9.815188
BR00117024,P11,U2OS,24,nevirapine,compound,BRD-K15502390-001-20-9,,,15.5783415,8.622829
BR00117024,P12,U2OS,24,triamterene,compound,BRD-K92049597-001-20-8,,['sodium channel blocker'],15.564447,8.347473
BR00117024,P13,U2OS,24,regorafenib,compound,BRD-K16730910-001-07-3,,"['PDGFR tyrosine kinase receptor inhibitor', 'RAF inhibitor', 'KIT inhibitor', 'RET tyrosine kinase inhibitor', 'FGFR inhibitor', 'VEGFR inhibitor']",15.126636,7.633802
BR00117024,P14,U2OS,24,cyclophosphamide,compound,BRD-A09722536-002-18-0,,,15.542004,8.714909
BR00117024,P15,U2OS,24,olanzapine,compound,BRD-K18895904-001-16-1,,"['dopamine receptor antagonist', 'serotonin receptor antagonist']",15.393883,8.393554
BR00117024,P16,U2OS,24,KI-16425,compound,BRD-A25569250-001-03-3,,['lysophosphatidic acid receptor antagonist'],15.470177,8.644937
BR00117024,P17,U2OS,24,SKLB1002,compound,BRD-K29895144-001-01-0,,['VEGFR inhibitor'],14.820029,7.6133933
BR00117024,P18,U2OS,24,cilostazol,compound,BRD-K67017579-001-28-1,,['phosphodiesterase inhibitor'],15.47003,8.591284
BR00117024,P19,U2OS,24,AZD1283,compound,BRD-K77060810-001-01-5,,['purinergic receptor antagonist'],15.557285,8.55971
BR00117024,P20,U2OS,24,A-987306,compound,BRD-K68982262-001-01-4,,['histamine receptor antagonist'],15.611662,5.2290606
BR00117024,P21,U2OS,24,procaine,compound,BRD-K24616672-003-20-1,,['HMGCR inhibitor'],15.64569,8.6304
BR00117024,P22,U2OS,24,miconazole,compound,BRD-A82396632-008-30-8,,['bacterial cell wall synthesis inhibitor'],15.5800905,8.656412
BR00117024,P23,U2OS,24,loperamide,compound,BRD-K61250553-003-30-6,,,15.440386,8.05336
BR00117024,P24,U2OS,24,aripiprazole,compound,BRD-K70358946-001-17-3,,['serotonin receptor antagonist'],15.383063,8.496346
BR00117025,A01,U2OS,24,gabapentin-enacarbil,compound,BRD-A86665761-001-01-1,,,15.350448,9.000411
BR00117025,A02,U2OS,24,DMSO,compound,,negcon,,16.765736,9.944822
BR00117025,A03,U2OS,24,amlodipine,compound,BRD-A22032524-074-09-9,,['calcium channel blocker'],15.4581175,5.0403275
BR00117025,A04,U2OS,24,hexestrol,compound,BRD-A01078468-001-14-8,,,16.74993,9.174674
BR00117025,A05,U2OS,24,quinine,compound,BRD-K48278478-001-01-2,,,17.78676,8.44463
BR00117025,A06,U2OS,24,LOXO-101,compound,BRD-K36574127-001-01-3,,,16.695564,9.377051
BR00117025,A07,U2OS,24,brinzolamide,compound,BRD-K74913225-001-14-0,,['carbonic anhydrase inhibitor'],17.169905,7.102784
BR00117025,A08,U2OS,24,NS-11021,compound,BRD-K94342292-001-01-3,,['calcium-activated potassium channel activator'],14.360057,6.605455
BR00117025,A09,U2OS,24,DMSO,compound,,negcon,,18.039892,9.982987
BR00117025,A10,U2OS,24,GNF-5837,compound,BRD-K19975102-001-01-2,,['growth factor receptor inhibitor'],16.176355,6.5624156
BR00117025,A11,U2OS,24,apatinib,compound,BRD-K25244359-066-02-6,,['RET tyrosine kinase inhibitor'],15.830701,5.3628654
BR00117025,A12,U2OS,24,ethoxzolamide,compound,BRD-K18131774-001-18-4,,['carbonic anhydrase inhibitor'],15.426258,8.240625
BR00117025,A13,U2OS,24,ascorbic-acid,compound,BRD-A85242401-001-11-5,,,16.191072,8.708359
BR00117025,A14,U2OS,24,ryuvidine,compound,BRD-K06426971-001-02-7,,['histone lysine methyltransferase inhibitor'],10.543092,6.4989576
BR00117025,A15,U2OS,24,BAN-ORL-24,compound,BRD-K47049295-300-03-1,,,13.412765,7.462071
BR00117025,A16,U2OS,24,NNC-55-0396,compound,BRD-K78122587-300-04-3,,,15.704032,4.855574
BR00117025,A17,U2OS,24,DMSO,compound,,negcon,,17.610579,9.371102
BR00117025,A18,U2OS,24,WH-4-023,compound,BRD-K50199947-001-03-4,,['src inhibitor'],14.183473,6.028428
BR00117025,A19,U2OS,24,flupirtine,compound,BRD-K50720187-051-03-1,,['glutamate receptor antagonist'],15.653168,7.94225
BR00117025,A20,U2OS,24,ZK811752,compound,BRD-K91825936-001-03-9,,,15.826297,7.3387947
BR00117025,A21,U2OS,24,dexamethasone,compound,BRD-K38775274-001-22-1,,['glucocorticoid receptor agonist'],15.722916,7.9121037
BR00117025,A22,U2OS,24,PP-1,compound,BRD-K47598052-001-14-1,,['src inhibitor'],14.787057,6.2084737
BR00117025,A23,U2OS,24,DDR1-IN-1,compound,BRD-K61845293-300-01-9,,,15.89946,5.0178485
BR00117025,A24,U2OS,24,AVL-292,compound,BRD-K87782578-001-01-4,,"[""Bruton's tyrosine kinase (BTK) inhibitor""]",13.674202,6.5215673
BR00117025,B01,U2OS,24,H2L-5765834,compound,BRD-K26439554-001-01-3,,['lysophosphatidic acid receptor antagonist'],16.553005,9.426069
BR00117025,B02,U2OS,24,thiostrepton,compound,BRD-K58049875-001-03-9,,['protein synthesis inhibitor'],11.163807,6.3619785
BR00117025,B03,U2OS,24,DMSO,compound,,negcon,,18.499388,8.898916
BR00117025,B04,U2OS,24,arcyriaflavin-a,compound,BRD-K72726508-001-02-1,,['CDK inhibitor'],14.390148,6.4784617
BR00117025,B05,U2OS,24,CYM-5520,compound,BRD-K29151923-001-01-5,,['sphingosine 1 phosphate receptor agonist'],17.093748,8.659955
BR00117025,B06,U2OS,24,fludarabine,compound,BRD-K66788707-001-14-3,,['ribonucleotide reductase inhibitor'],14.89005,8.764219
BR00117025,B07,U2OS,24,alda-1,compound,BRD-K06890060-001-09-1,,,17.611076,8.703032
BR00117025,B08,U2OS,24,meclofenamic-acid,compound,BRD-K50398167-236-22-7,,"['cyclooxygenase inhibitor', 'prostanoid receptor antagonist']",16.506723,8.690597
BR00117025,B09,U2OS,24,GNF-5,compound,BRD-K87632963-001-03-0,,['Bcr-Abl kinase inhibitor'],16.439833,8.179691
BR00117025,B10,U2OS,24,NS-309,compound,BRD-K37602296-001-01-6,,['calcium-activated potassium channel activator'],16.476019,7.7443824
BR00117025,B11,U2OS,24,AK-7,compound,BRD-K09143580-001-01-0,,['SIRT inhibitor'],16.490416,7.095926
BR00117025,B12,U2OS,24,BVT-948,compound,BRD-A22713669-001-04-3,,,12.207885,5.8724084
BR00117025,B13,U2OS,24,SirReal-2,compound,BRD-K16472653-001-01-6,,['SIRT inhibitor'],15.973592,6.402604
BR00117025,B14,U2OS,24,DMSO,compound,,negcon,,18.627281,9.791457
BR00117025,B15,U2OS,24,BMS-536924,compound,BRD-K34581968-001-05-3,,['IGF-1 inhibitor'],13.901837,6.569216
BR00117025,B16,U2OS,24,PP-121,compound,BRD-K81801188-001-02-8,,['protein tyrosine kinase inhibitor'],13.563449,6.7055545
BR00117025,B17,U2OS,24,MCOPPB,compound,BRD-K73276278-305-01-1,,,15.379659,4.2645698
BR00117025,B18,U2OS,24,ozagrel,compound,BRD-K53061490-003-13-9,,,17.575024,9.071555
BR00117025,B19,U2OS,24,CYM-5442,compound,BRD-A43005764-003-01-5,,['sphingosine 1 phosphate receptor agonist'],15.630257,4.7687454
BR00117025,B20,U2OS,24,CVT-10216,compound,BRD-K60659193-001-01-0,,,16.75099,8.588924
BR00117025,B21,U2OS,24,TCN201,compound,BRD-K09787262-001-02-7,,['glutamate receptor antagonist'],17.012217,7.2919135
BR00117025,B22,U2OS,24,fomepizole,compound,BRD-K56810756-003-07-7,,['alcohol dehydrogenase inhibitor'],16.416636,8.772002
BR00117025,B23,U2OS,24,benzamil,compound,BRD-K87158025-003-08-7,,['sodium channel blocker'],16.031382,6.2712975
BR00117025,B24,U2OS,24,lercanidipine,compound,BRD-A18992208-003-02-7,,['calcium channel blocker'],15.531677,7.0175133
BR00117025,C01,U2OS,24,4-CMTB,compound,BRD-A54139254-001-09-2,,['free fatty acid receptor agonist'],15.901704,9.460493
BR00117025,C02,U2OS,24,ML-228,compound,BRD-K44432556-001-05-5,,,17.250992,9.856979
BR00117025,C03,U2OS,24,DMSO,compound,,negcon,,18.529757,10.003014
BR00117025,C04,U2OS,24,GSK1070916,compound,BRD-K36740062-001-06-6,,['Aurora kinase inhibitor'],13.665188,7.1446443
BR00117025,C05,U2OS,24,ML-193,compound,BRD-K27539181-001-08-5,,,18.017134,8.878617
BR00117025,C06,U2OS,24,DMSO,compound,,negcon,,18.464537,10.274264
BR00117025,C07,U2OS,24,M-25,compound,BRD-K51265828-001-01-0,,['smoothened receptor antagonist'],17.762451,7.8223863
BR00117025,C08,U2OS,24,azeliragon,compound,BRD-K51899933-001-02-6,,['RAGE receptor antagonist'],15.068742,4.6938977
BR00117025,C09,U2OS,24,CYT-997,compound,BRD-K23363278-001-02-1,poscon_diverse,['tubulin polymerization inhibitor'],12.251017,8.611486
BR00117025,C10,U2OS,24,AR-12,compound,BRD-K90497590-001-05-9,,,10.408579,6.656127
BR00117025,C11,U2OS,24,CYM-50260,compound,BRD-K69877120-001-01-7,,['sphingosine 1 phosphate receptor agonist'],17.467636,8.103934
BR00117025,C12,U2OS,24,DMSO,compound,,negcon,,18.01755,9.796084
BR00117025,C13,U2OS,24,KG-5,compound,BRD-K90747162-001-01-4,poscon_cp,['RAF inhibitor'],12.494591,8.429938
BR00117025,C14,U2OS,24,JTE-607,compound,BRD-K81405859-300-01-4,,,14.255684,8.204965
BR00117025,C15,U2OS,24,DMSO,compound,,negcon,,18.787596,10.100594
BR00117025,C16,U2OS,24,ilomastat,compound,BRD-K51662849-001-05-4,,['matrix metalloprotease inhibitor'],15.419271,6.7390776
BR00117025,C17,U2OS,24,RX-821002,compound,BRD-A65597028-003-08-1,,['adrenergic receptor antagonist'],17.618807,8.548146
BR00117025,C18,U2OS,24,DMSO,compound,,negcon,,18.480957,10.298866
BR00117025,C19,U2OS,24,TUG-891,compound,BRD-K24282351-001-01-4,,['free fatty acid receptor agonist'],16.721134,8.279233
BR00117025,C20,U2OS,24,ponatinib,compound,BRD-K44227013-001-08-0,,"['PDGFR tyrosine kinase receptor inhibitor', 'FLT3 inhibitor', 'Bcr-Abl kinase inhibitor']",10.8803625,6.262014
BR00117025,C21,U2OS,24,DMSO,compound,,negcon,,18.304619,10.370978
BR00117025,C22,U2OS,24,puromycin,compound,BRD-K01824976-300-02-9,,['protein synthesis inhibitor'],11.028372,6.4393425
BR00117025,C23,U2OS,24,SRC-kinase-inhibitor-I,compound,BRD-K50495309-001-02-0,,['src inhibitor'],15.89406,4.5920444
BR00117025,C24,U2OS,24,acetylcysteine,compound,BRD-K59058747-001-19-1,,,16.17287,8.843692
BR00117025,D01,U2OS,24,NSC-625987,compound,BRD-K62949423-001-03-1,,['CDK inhibitor'],16.586674,9.539877
BR00117025,D02,U2OS,24,dalfampridine,compound,BRD-K22482860-001-20-6,,['potassium channel blocker'],17.172226,9.68227
BR00117025,D03,U2OS,24,NSC-95397,compound,BRD-K68143200-001-11-7,,['CDC inhibitor'],12.406287,5.9421415
BR00117025,D04,U2OS,24,alrestatin,compound,BRD-K35498378-001-06-1,,['aldose reductase inhibitor'],17.150774,9.108304
BR00117025,D05,U2OS,24,PF-03758309,compound,BRD-K37764012-001-03-3,poscon_diverse,['p21 activated kinase inhibitor'],16.826496,8.678917
BR00117025,D06,U2OS,24,IRL-2500,compound,BRD-K98357249-001-02-9,,['endothelin receptor antagonist'],16.525291,8.720027
BR00117025,D07,U2OS,24,PF-04217903,compound,BRD-K73319509-001-08-0,poscon_cp,,17.03322,7.7912664
BR00117025,D08,U2OS,24,FK-866,compound,BRD-K58550667-001-08-7,poscon_diverse,,16.39372,8.195503
BR00117025,D09,U2OS,24,amlexanox,compound,BRD-K29530284-001-06-2,,,17.430546,8.622294
BR00117025,D10,U2OS,24,GW-311616,compound,BRD-K37864785-001-01-0,,['elastase inhibitor'],17.43965,8.820606
BR00117025,D11,U2OS,24,buparlisib,compound,BRD-K42191735-001-08-7,poscon_diverse,,12.391025,8.384985
BR00117025,D12,U2OS,24,amiloride,compound,BRD-K97181089-003-24-7,,['sodium channel blocker'],17.337053,9.058854
BR00117025,D13,U2OS,24,DG-172,compound,BRD-K75748943-300-01-3,,,15.963677,4.8741837
BR00117025,D14,U2OS,24,DMSO,compound,,negcon,,18.421177,9.590015
BR00117025,D15,U2OS,24,DMSO,compound,,negcon,,17.837017,9.833358
BR00117025,D16,U2OS,24,NVP-ADW742,compound,BRD-K15179513-001-04-2,poscon_cp,,15.362489,4.398051
BR00117025,D17,U2OS,24,misoprostol,compound,BRD-A72351335-001-04-5,,['prostanoid receptor agonist'],15.977934,8.37373
BR00117025,D18,U2OS,24,conivaptan,compound,BRD-K37385792-003-02-1,,,16.145224,5.2486963
BR00117025,D19,U2OS,24,spiroxatrine,compound,BRD-A72483914-001-03-7,,['serotonin receptor antagonist'],16.128443,5.6481614
BR00117025,D20,U2OS,24,diacerein,compound,BRD-K69122748-001-10-1,,,16.680355,9.020429
BR00117025,D21,U2OS,24,DMSO,compound,,negcon,,17.095522,9.268144
BR00117025,D22,U2OS,24,DMSO,compound,,negcon,,18.51283,10.084179
BR00117025,D23,U2OS,24,glyburide,compound,BRD-K36927236-001-36-7,,['ATP channel blocker'],18.11465,8.971075
BR00117025,D24,U2OS,24,ANR-94,compound,BRD-K31170746-001-01-6,,,16.107798,8.542617
BR00117025,E01,U2OS,24,TFC-007,compound,BRD-K57708067-001-01-3,,,16.432823,9.505089
BR00117025,E02,U2OS,24,trihexyphenidyl,compound,BRD-A48180038-003-24-3,,['acetylcholine receptor antagonist'],16.197561,9.5404
BR00117025,E03,U2OS,24,epoprostenol,compound,BRD-K64054020-001-02-7,,,17.875126,8.813833
BR00117025,E04,U2OS,24,sacubitril,compound,BRD-K91456750-001-01-9,,,17.204689,9.178594
BR00117025,E05,U2OS,24,danusertib,compound,BRD-K07881437-001-03-8,poscon_diverse,"['growth factor receptor inhibitor', 'Aurora kinase inhibitor']",13.76421,8.693288
BR00117025,E06,U2OS,24,CYT-997,compound,BRD-K23363278-001-02-1,poscon_diverse,['tubulin polymerization inhibitor'],12.199993,8.493767
BR00117025,E07,U2OS,24,DMSO,compound,,negcon,,17.875933,9.071312
BR00117025,E08,U2OS,24,BQ-788,compound,BRD-K02490038-236-03-8,,['endothelin receptor antagonist'],17.20148,9.174117
BR00117025,E09,U2OS,24,SB-202190,compound,BRD-K54330070-001-19-6,poscon_orf,['p38 MAPK inhibitor'],17.002108,5.402096
BR00117025,E10,U2OS,24,GSK2110183,compound,BRD-K25412176-001-01-9,poscon_diverse,,15.78831,6.046484
BR00117025,E11,U2OS,24,GSK3787,compound,BRD-K03155172-001-03-0,,['PPAR receptor antagonist'],15.2723,6.8294983
BR00117025,E12,U2OS,24,BAM7,compound,BRD-K07442505-001-03-6,,,16.76365,8.509331
BR00117025,E13,U2OS,24,PHA-793887,compound,BRD-K64800655-001-09-0,poscon_diverse,['CDK inhibitor'],13.347708,6.431443
BR00117025,E14,U2OS,24,DMSO,compound,,negcon,,18.480066,9.78753
BR00117025,E15,U2OS,24,GSK-37647,compound,BRD-K26514105-001-01-7,,['free fatty acid receptor agonist'],16.698488,7.063194
BR00117025,E16,U2OS,24,desonide,compound,BRD-K21528677-001-04-4,,['glucocorticoid receptor agonist'],14.981828,6.590261
BR00117025,E17,U2OS,24,DMSO,compound,,negcon,,18.556593,9.78512
BR00117025,E18,U2OS,24,aloxistatin,compound,BRD-K91188791-001-17-5,,,15.941314,4.319445
BR00117025,E19,U2OS,24,azathioprine,compound,BRD-K32821942-001-22-1,,,17.446663,8.094391
BR00117025,E20,U2OS,24,ZK-93423,compound,BRD-K33882852-003-02-8,poscon_diverse,['benzodiazepine receptor agonist'],16.214468,7.059378
BR00117025,E21,U2OS,24,BI-2536,compound,BRD-K64890080-001-02-1,poscon_diverse,,12.419558,7.7132115
BR00117025,E22,U2OS,24,EI1,compound,BRD-K91535048-001-01-2,poscon_cp,['histone lysine methyltransferase inhibitor'],17.12638,8.714937
BR00117025,E23,U2OS,24,NVP-HSP990,compound,BRD-K67915505-001-01-2,,['HSP inhibitor'],13.798385,6.235542
BR00117025,E24,U2OS,24,DMSO,compound,,negcon,,16.877338,9.456344
BR00117025,F01,U2OS,24,DMSO,compound,,negcon,,16.927309,9.854988
BR00117025,F02,U2OS,24,nialamide,compound,BRD-K12102668-001-25-5,,,16.93588,9.226214
BR00117025,F03,U2OS,24,DMSO,compound,,negcon,,17.168713,9.836908
BR00117025,F04,U2OS,24,arundic-acid,compound,BRD-K49223707-001-01-0,,,16.85538,9.229741
BR00117025,F05,U2OS,24,torcitabine,compound,BRD-K91822704-003-07-2,,,17.4869,7.9351325
BR00117025,F06,U2OS,24,DMSO,compound,,negcon,,17.675224,9.897218
BR00117025,F07,U2OS,24,epothilone-b,compound,BRD-K68164687-001-01-6,,"['microtubule stabilizing agent', 'tubulin polymerization inhibitor']",12.881062,8.226051
BR00117025,F08,U2OS,24,dyphylline,compound,BRD-A00827783-001-24-6,,['phosphodiesterase inhibitor'],17.743265,9.649999
BR00117025,F09,U2OS,24,DMSO,compound,,negcon,,17.938375,9.729174
BR00117025,F10,U2OS,24,quinidine,compound,BRD-K59632282-052-03-1,,['sodium channel blocker'],17.027397,7.870355
BR00117025,F11,U2OS,24,halopemide,compound,BRD-K50055394-001-03-6,,,16.889528,6.3927255
BR00117025,F12,U2OS,24,sulfinpyrazone,compound,BRD-A36217750-001-16-3,,,17.768026,8.700951
BR00117025,F13,U2OS,24,ML-323,compound,BRD-K93942811-001-01-3,poscon_cp,['ubiquitin specific protease inhibitor'],16.267534,7.3053546
BR00117025,F14,U2OS,24,racecadotril,compound,BRD-A08187463-001-12-9,,,16.772732,9.046922
BR00117025,F15,U2OS,24,BRL-50481,compound,BRD-K84266862-001-03-2,,['phosphodiesterase inhibitor'],16.880243,8.380169
BR00117025,F16,U2OS,24,GSK2110183,compound,BRD-K25412176-001-01-9,poscon_diverse,,15.627445,6.2497144
BR00117025,F17,U2OS,24,bufexamac,compound,BRD-K36660044-001-24-2,,['cyclooxygenase inhibitor'],17.425613,8.167412
BR00117025,F18,U2OS,24,anandamide,compound,BRD-K42352790-001-05-3,,,17.699022,9.061289
BR00117025,F19,U2OS,24,thioguanine,compound,BRD-K49350383-001-13-7,poscon_diverse,,14.945831,6.811959
BR00117025,F20,U2OS,24,IWP-L6,compound,BRD-K53234107-001-01-6,,['porcupine inhibitor'],16.29222,5.700444
BR00117025,F21,U2OS,24,edoxaban,compound,BRD-K29322660-001-01-9,,['coagulation factor inhibitor'],16.841415,8.352314
BR00117025,F22,U2OS,24,lonafarnib,compound,BRD-K41599323-001-02-3,poscon_diverse,,14.956387,6.413458
BR00117025,F23,U2OS,24,ibutamoren,compound,BRD-K44771174-066-01-0,,,16.648115,7.1392946
BR00117025,F24,U2OS,24,somatostatin,compound,BRD-K14681867-001-01-6,,['somatostatin receptor agonist'],16.478281,8.836694
BR00117025,G01,U2OS,24,L-proline,compound,BRD-K01666412-001-02-0,,,16.411242,9.4582615
BR00117025,G02,U2OS,24,zamifenacin,compound,BRD-K80451230-051-02-6,,['acetylcholine receptor antagonist'],17.427097,8.87184
BR00117025,G03,U2OS,24,YC-1,compound,BRD-K60476892-001-16-1,,,13.220675,6.7884793
BR00117025,G04,U2OS,24,DMSO,compound,,negcon,,18.363564,9.596404
BR00117025,G05,U2OS,24,ME-0328,compound,BRD-K24283677-001-01-9,,['PPAR receptor antagonist'],16.604464,8.550122
BR00117025,G06,U2OS,24,NSC-663284,compound,BRD-K03109492-001-02-2,,['CDC inhibitor'],10.585429,6.3653703
BR00117025,G07,U2OS,24,CYM-50358,compound,BRD-K80666802-003-01-0,,,16.215572,4.5484266
BR00117025,G08,U2OS,24,trazodone,compound,BRD-K70778732-003-27-5,,"['adrenergic receptor antagonist', 'serotonin receptor antagonist']",16.947514,8.862895
BR00117025,G09,U2OS,24,DMSO,compound,,negcon,,18.37133,10.084336
BR00117025,G10,U2OS,24,DMSO,compound,,negcon,,18.56403,9.826329
BR00117025,G11,U2OS,24,sulfasalazine,compound,BRD-K10670311-001-17-1,,['cyclooxygenase inhibitor'],16.406982,8.173208
BR00117025,G12,U2OS,24,"2,5-furandimethanol",compound,BRD-K29791386-001-01-8,,,17.621538,9.328392
BR00117025,G13,U2OS,24,DMSO,compound,,negcon,,18.209652,9.728826
BR00117025,G14,U2OS,24,dilazep,compound,BRD-K48722258-300-11-0,,,16.975142,7.6371436
BR00117025,G15,U2OS,24,felodipine,compound,BRD-A30815329-001-12-1,,['calcium channel blocker'],16.801365,8.155448
BR00117025,G16,U2OS,24,paliperidone,compound,BRD-A99888680-001-05-3,,"['dopamine receptor antagonist', 'serotonin receptor antagonist']",16.825178,7.658657
BR00117025,G17,U2OS,24,purvalanol-a,compound,BRD-K50836978-001-03-3,poscon_orf,['CDK inhibitor'],14.559902,7.388773
BR00117025,G18,U2OS,24,DMSO,compound,,negcon,,19.03302,9.148135
BR00117025,G19,U2OS,24,Ro-1138452,compound,BRD-K77220725-003-01-5,,['prostanoid receptor antagonist'],17.490515,7.4948344
BR00117025,G20,U2OS,24,sorbinil,compound,BRD-A89164055-001-03-3,,['aldose reductase inhibitor'],17.431786,8.235658
BR00117025,G21,U2OS,24,TC-S-7004,compound,BRD-K89517477-001-01-4,poscon_cp,['DYRK inhibitor'],14.560548,6.9680133
BR00117025,G22,U2OS,24,saclofen,compound,BRD-A24122750-001-03-7,,['GABA receptor antagonist'],16.763393,8.463167
BR00117025,G23,U2OS,24,BAY-87-2243,compound,BRD-K70463136-001-01-5,,,16.032959,7.035554
BR00117025,G24,U2OS,24,ibudilast,compound,BRD-K16444452-001-09-1,,['phosphodiesterase inhibitor'],16.333534,8.548547
BR00117025,H01,U2OS,24,briciclib,compound,BRD-K05531427-001-01-7,,,12.256477,8.594586
BR00117025,H02,U2OS,24,2-Oleoylglycerol,compound,BRD-K77087341-001-02-4,,,17.022738,9.258571
BR00117025,H03,U2OS,24,RGFP966,compound,BRD-K61688984-001-02-9,poscon_cp,['HDAC inhibitor'],14.919953,7.189399
BR00117025,H04,U2OS,24,DMSO,compound,,negcon,,17.28403,9.971036
BR00117025,H05,U2OS,24,azacitidine,compound,BRD-K03406345-001-21-1,poscon_diverse,,15.041422,7.0594406
BR00117025,H06,U2OS,24,N6-cyclopentyladenosine,compound,BRD-K60150510-001-15-6,,,17.555872,8.739121
BR00117025,H07,U2OS,24,filgotinib,compound,BRD-K16803204-001-01-6,poscon_cp,['JAK inhibitor'],17.09817,6.0586047
BR00117025,H08,U2OS,24,guanidine,compound,BRD-K76037122-001-02-5,,['HSP inhibitor'],17.322271,8.662298
BR00117025,H09,U2OS,24,coumarin,compound,BRD-K23913458-001-20-7,,,17.072952,8.910277
BR00117025,H10,U2OS,24,DMSO,compound,,negcon,,17.83555,10.070086
BR00117025,H11,U2OS,24,ZM-336372,compound,BRD-K73789395-001-09-9,poscon_orf,['RAF inhibitor'],17.67623,8.995835
BR00117025,H12,U2OS,24,citric-acid,compound,BRD-K76792669-001-08-1,,['coagulation factor inhibitor'],17.929314,9.102493
BR00117025,H13,U2OS,24,DMSO,compound,,negcon,,18.596796,9.19153
BR00117025,H14,U2OS,24,CCG-63802,compound,BRD-K26970495-001-02-7,,['G protein signaling inhibitor'],17.027924,7.9358706
BR00117025,H15,U2OS,24,ibutilide,compound,BRD-A74391928-051-03-9,,['potassium channel blocker'],17.300648,8.797905
BR00117025,H16,U2OS,24,batimastat,compound,BRD-K82818427-001-04-8,,['matrix metalloprotease inhibitor'],15.246027,7.0799627
BR00117025,H17,U2OS,24,DMSO,compound,,negcon,,18.58061,9.823667
BR00117025,H18,U2OS,24,DMSO,compound,,negcon,,18.421776,9.289289
BR00117025,H19,U2OS,24,UNC1999,compound,BRD-K26989966-001-04-3,poscon_cp,['histone lysine methyltransferase inhibitor'],11.917221,6.0111527
BR00117025,H20,U2OS,24,glutamine-(l),compound,BRD-K83896451-001-06-7,,,17.325598,7.621047
BR00117025,H21,U2OS,24,PD-98059,compound,BRD-K62810658-001-11-4,poscon_orf,,16.951546,6.6736603
BR00117025,H22,U2OS,24,enilconazole,compound,BRD-K01825690-065-01-9,,,16.917803,8.631849
BR00117025,H23,U2OS,24,N-alpha-Methylhistamine-dihydrochloride,compound,BRD-K75390981-300-04-9,,['histamine receptor agonist'],18.113337,8.942479
BR00117025,H24,U2OS,24,GK921,compound,BRD-K38272302-001-02-7,,,13.279596,6.1566358
BR00117025,I01,U2OS,24,nilvadipine,compound,BRD-A84687895-001-03-2,,['calcium channel blocker'],16.495243,7.0866933
BR00117025,I02,U2OS,24,DMSO,compound,,negcon,,17.248926,9.785033
BR00117025,I03,U2OS,24,AC-710,compound,BRD-K15819326-001-01-6,,['PDGFR tyrosine kinase receptor inhibitor'],15.286409,4.7627654
BR00117025,I04,U2OS,24,PETCM,compound,BRD-A93477898-001-04-2,,,17.064306,9.263615
BR00117025,I05,U2OS,24,AZD7762,compound,BRD-K86525559-001-07-8,poscon_diverse,['CHK inhibitor'],10.724766,6.321756
BR00117025,I06,U2OS,24,PHA-793887,compound,BRD-K64800655-001-09-0,poscon_diverse,['CDK inhibitor'],13.294423,6.475067
BR00117025,I07,U2OS,24,KU-60019,compound,BRD-K36016295-001-05-2,,['ATM kinase inhibitor'],14.77441,5.504027
BR00117025,I08,U2OS,24,nafamostat,compound,BRD-K06674495-334-04-0,,,15.997851,6.896667
BR00117025,I09,U2OS,24,DMSO,compound,,negcon,,17.992418,9.594009
BR00117025,I10,U2OS,24,DMSO,compound,,negcon,,18.36563,10.365436
BR00117025,I11,U2OS,24,taladegib,compound,BRD-K50498985-001-03-3,,['smoothened receptor antagonist'],16.77625,7.915136
BR00117025,I12,U2OS,24,acetohexamide,compound,BRD-K52960356-001-13-0,,['ATP channel blocker'],15.843568,7.6909304
BR00117025,I13,U2OS,24,minocycline,compound,BRD-A69651145-003-11-4,,,15.296874,6.9110093
BR00117025,I14,U2OS,24,BI-2536,compound,BRD-K64890080-001-02-1,poscon_diverse,,12.399259,7.734194
BR00117025,I15,U2OS,24,riociguat,compound,BRD-K84783599-001-01-0,,,17.464207,8.795004
BR00117025,I16,U2OS,24,CP-724714,compound,BRD-K76908866-001-07-6,poscon_cp,"['EGFR inhibitor', 'protein tyrosine kinase inhibitor']",16.316887,7.173252
BR00117025,I17,U2OS,24,ganetespib,compound,BRD-K38852836-001-04-9,poscon_diverse,['HSP inhibitor'],13.842525,6.156561
BR00117025,I18,U2OS,24,AZ191,compound,BRD-K80935598-001-01-1,poscon_cp,['DYRK inhibitor'],15.371393,4.2279334
BR00117025,I19,U2OS,24,BAX-channel-blocker,compound,BRD-A18763547-300-06-3,,,15.109333,4.8517175
BR00117025,I20,U2OS,24,SU3327,compound,BRD-K32730239-001-01-0,,['JNK inhibitor'],10.65145,6.5592146
BR00117025,I21,U2OS,24,DMSO,compound,,negcon,,18.175852,9.776892
BR00117025,I22,U2OS,24,DMSO,compound,,negcon,,18.605612,9.681293
BR00117025,I23,U2OS,24,octreotide,compound,BRD-A64173453-015-03-1,,['somatostatin receptor agonist'],14.736637,8.563805
BR00117025,I24,U2OS,24,1-octanol,compound,BRD-K09338665-001-08-9,,,16.446423,8.838235
BR00117025,J01,U2OS,24,acalabrutinib,compound,BRD-K64034691-001-01-9,,"[""Bruton's tyrosine kinase (BTK) inhibitor""]",16.472443,9.302386
BR00117025,J02,U2OS,24,rifamycin,compound,BRD-K38512030-001-01-7,,,16.667738,7.0809894
BR00117025,J03,U2OS,24,pazopanib,compound,BRD-K74514084-003-09-2,,"['KIT inhibitor', 'VEGFR inhibitor', 'PDGFR tyrosine kinase receptor inhibitor']",15.359152,6.4802604
BR00117025,J04,U2OS,24,RKI-1447,compound,BRD-K19333160-001-01-3,poscon_cp,,16.580088,5.5331507
BR00117025,J05,U2OS,24,vitamin-E,compound,BRD-K97091514-001-11-4,,['PKC inhibitor'],17.505722,8.656855
BR00117025,J06,U2OS,24,lonafarnib,compound,BRD-K41599323-001-02-3,poscon_diverse,,15.122971,6.346706
BR00117025,J07,U2OS,24,ethyl-pyruvate,compound,BRD-K47738867-001-01-5,,,17.615696,8.4526615
BR00117025,J08,U2OS,24,picrotin,compound,BRD-A91822151-001-05-0,,['GABA receptor antagonist'],17.118427,9.232011
BR00117025,J09,U2OS,24,SGX523,compound,BRD-K19477839-001-07-6,poscon_cp,,16.450397,7.082385
BR00117025,J10,U2OS,24,PP-2,compound,BRD-K95785537-001-22-3,,['src inhibitor'],14.835998,5.942746
BR00117025,J11,U2OS,24,ME-0328,compound,BRD-A63444178-001-01-5,,['PPAR receptor antagonist'],17.55745,8.685634
BR00117025,J12,U2OS,24,AZD9668,compound,BRD-K31476763-001-01-5,,['elastase inhibitor'],17.712685,9.204716
BR00117025,J13,U2OS,24,NQDI-1,compound,BRD-K61918008-001-07-1,,,15.701136,6.364245
BR00117025,J14,U2OS,24,DMSO,compound,,negcon,,18.361593,9.445755
BR00117025,J15,U2OS,24,carzenide,compound,BRD-K09295674-001-09-8,,,15.9836035,8.038221
BR00117025,J16,U2OS,24,KU-55933,compound,BRD-K25311561-001-10-7,,['ATM kinase inhibitor'],15.405595,5.687979
BR00117025,J17,U2OS,24,NVP-AEW541,compound,BRD-K24696047-001-02-3,poscon_cp,['IGF-1 inhibitor'],15.81755,4.866025
BR00117025,J18,U2OS,24,leflunomide,compound,BRD-K78692225-001-24-5,,['PDGFR tyrosine kinase receptor inhibitor'],16.346941,7.7835627
BR00117025,J19,U2OS,24,DMSO,compound,,negcon,,17.912754,9.637706
BR00117025,J20,U2OS,24,azacitidine,compound,BRD-K03406345-001-21-1,poscon_diverse,,14.992531,6.9860764
BR00117025,J21,U2OS,24,ixabepilone,compound,BRD-K03601870-001-01-2,,['microtubule stabilizing agent'],12.620099,8.278032
BR00117025,J22,U2OS,24,KH-CB19,compound,BRD-K66430217-001-03-8,poscon_cp,['CDC inhibitor'],17.42913,9.63215
BR00117025,J23,U2OS,24,DMSO,compound,,negcon,,18.699554,10.112073
BR00117025,J24,U2OS,24,PF-05190457,compound,BRD-K02554563-001-01-6,,,15.923224,7.866352
BR00117025,K01,U2OS,24,LDN-212854,compound,BRD-K59831625-001-03-9,,,10.693787,6.5432696
BR00117025,K02,U2OS,24,formononetin,compound,BRD-K55567017-001-12-3,,['alcohol dehydrogenase inhibitor'],17.20154,6.4962997
BR00117025,K03,U2OS,24,aminopurvalanol-a,compound,BRD-K07762753-001-05-1,poscon_orf,['CDK inhibitor'],14.428197,7.2293577
BR00117025,K04,U2OS,24,ruxolitinib,compound,BRD-K53972329-001-01-3,poscon_cp,['JAK inhibitor'],17.061775,5.602554
BR00117025,K05,U2OS,24,DMSO,compound,,negcon,,18.607832,9.977024
BR00117025,K06,U2OS,24,DMSO,compound,,negcon,,18.454702,9.432835
BR00117025,K07,U2OS,24,LGK-974,compound,BRD-K16810791-001-01-0,,['porcupine inhibitor'],16.397303,7.6554656
BR00117025,K08,U2OS,24,polydatin,compound,BRD-K43236057-001-07-1,,['ICAM1 expression inhibitor'],13.415537,7.9905605
BR00117025,K09,U2OS,24,enflurane,compound,BRD-A51831848-001-01-7,,,17.433193,9.572614
BR00117025,K10,U2OS,24,PFI-1,compound,BRD-K13094524-001-04-2,poscon_cp,,18.10885,9.172522
BR00117025,K11,U2OS,24,AZD7762,compound,BRD-K86525559-001-07-8,poscon_diverse,['CHK inhibitor'],10.761969,6.1989036
BR00117025,K12,U2OS,24,sotrastaurin,compound,BRD-K16761703-001-03-8,,['PKC inhibitor'],17.161852,5.5468273
BR00117025,K13,U2OS,24,DMSO,compound,,negcon,,18.509686,9.671582
BR00117025,K14,U2OS,24,cycloheximide,compound,BRD-K36055864-001-20-0,,['protein synthesis inhibitor'],13.868256,6.922134
BR00117025,K15,U2OS,24,oxytocin,compound,BRD-K25243230-001-01-2,,,16.78806,7.920783
BR00117025,K16,U2OS,24,DMSO,compound,,negcon,,18.57554,9.534472
BR00117025,K17,U2OS,24,colchicine,compound,BRD-K00259736-001-16-4,,,12.227741,8.5475235
BR00117025,K18,U2OS,24,afimoxifene,compound,BRD-K04210847-001-21-9,,,16.480455,5.6560407
BR00117025,K19,U2OS,24,DMSO,compound,,negcon,,17.726585,10.119995
BR00117025,K20,U2OS,24,ZK-93423,compound,BRD-K33882852-003-02-8,poscon_diverse,['benzodiazepine receptor agonist'],16.119837,6.727799
BR00117025,K21,U2OS,24,RGB-286638,compound,BRD-K20986415-001-02-6,,['CDK inhibitor'],13.123228,6.099775
BR00117025,K22,U2OS,24,FPS-ZM1,compound,BRD-K87691185-001-01-2,,['RAGE receptor antagonist'],17.242746,9.052632
BR00117025,K23,U2OS,24,flindokalner,compound,BRD-K56740996-001-02-1,,,16.241592,8.155269
BR00117025,K24,U2OS,24,motesanib,compound,BRD-K99616396-316-05-3,,"['KIT inhibitor', 'VEGFR inhibitor', 'PDGFR tyrosine kinase receptor inhibitor']",15.976599,6.251607
BR00117025,L01,U2OS,24,geldanamycin,compound,BRD-K43570081-001-02-4,,['HSP inhibitor'],13.697191,6.2343035
BR00117025,L02,U2OS,24,DMSO,compound,,negcon,,17.105412,9.898363
BR00117025,L03,U2OS,24,CGP-53353,compound,BRD-K32292990-001-03-6,,"['PKC inhibitor', 'EGFR inhibitor']",16.714825,7.4537277
BR00117025,L04,U2OS,24,7-hydroxystaurosporine,compound,BRD-K45293975-001-02-0,,"['CDK inhibitor', 'PKC inhibitor', 'CHK inhibitor']",11.180325,6.4445977
BR00117025,L05,U2OS,24,DMSO,compound,,negcon,,17.59047,9.335171
BR00117025,L06,U2OS,24,DMSO,compound,,negcon,,17.699877,10.024761
BR00117025,L07,U2OS,24,efaproxiral,compound,BRD-K37355418-236-01-6,,,17.636847,8.934683
BR00117025,L08,U2OS,24,SB-203580,compound,BRD-A37704979-001-12-3,poscon_orf,['p38 MAPK inhibitor'],17.021587,5.3137865
BR00117025,L09,U2OS,24,FK-866,compound,BRD-K58550667-001-08-7,poscon_diverse,,16.039814,8.230154
BR00117025,L10,U2OS,24,bepridil,compound,BRD-A91008255-003-24-8,,['calcium channel blocker'],15.6595,6.4388227
BR00117025,L11,U2OS,24,delanzomib,compound,BRD-K59325863-001-04-4,,,10.98508,6.3047314
BR00117025,L12,U2OS,24,buparlisib,compound,BRD-K42191735-001-08-7,poscon_diverse,,12.466031,8.311633
BR00117025,L13,U2OS,24,phenylbutazone,compound,BRD-K10843433-001-23-5,,"['cyclooxygenase inhibitor', 'prostanoid receptor antagonist']",16.560448,8.0042925
BR00117025,L14,U2OS,24,deferasirox,compound,BRD-K97010173-001-04-1,,,16.339573,8.872137
BR00117025,L15,U2OS,24,DMSO,compound,,negcon,,17.537498,9.902477
BR00117025,L16,U2OS,24,cediranib,compound,BRD-K86930074-001-05-0,,"['KIT inhibitor', 'VEGFR inhibitor']",15.845199,4.5558844
BR00117025,L17,U2OS,24,isoflurane,compound,BRD-A31564021-001-02-6,,,17.353119,8.807042
BR00117025,L18,U2OS,24,DMSO,compound,,negcon,,18.493774,9.939807
BR00117025,L19,U2OS,24,CCG-50014,compound,BRD-K08893438-001-06-4,,['G protein signaling inhibitor'],16.07,8.164552
BR00117025,L20,U2OS,24,PF-431396,compound,BRD-K93788137-001-04-1,,,13.700437,8.600024
BR00117025,L21,U2OS,24,TG-02,compound,BRD-K14560436-001-01-4,,"['CDK inhibitor', 'FLT3 inhibitor', 'JAK inhibitor']",13.189046,6.4302497
BR00117025,L22,U2OS,24,baclofen,compound,BRD-K01826724-003-07-9,,['benzodiazepine receptor agonist'],16.730755,8.047402
BR00117025,L23,U2OS,24,thiostrepton,compound,BRD-A20697603-001-07-2,,['protein synthesis inhibitor'],14.26642,6.870865
BR00117025,L24,U2OS,24,flufenamic-acid,compound,BRD-K44067360-001-29-5,,,16.034819,8.684869
BR00117025,M01,U2OS,24,DMSO,compound,,negcon,,16.869028,9.872933
BR00117025,M02,U2OS,24,LY2109761,compound,BRD-K47557313-001-02-7,,,17.080154,5.421394
BR00117025,M03,U2OS,24,olopatadine,compound,BRD-K67637637-003-11-8,,['histamine receptor antagonist'],17.77044,9.032628
BR00117025,M04,U2OS,24,DMSO,compound,,negcon,,18.564503,10.196607
BR00117025,M05,U2OS,24,castanospermine,compound,BRD-K20897876-001-11-8,,['glucosidase inhibitor'],16.96121,8.381239
BR00117025,M06,U2OS,24,A205804,compound,BRD-K77627880-001-04-0,,['ICAM1 expression inhibitor'],14.924241,8.795742
BR00117025,M07,U2OS,24,VU591,compound,BRD-K72063794-003-01-0,,['potassium channel blocker'],17.556444,8.575749
BR00117025,M08,U2OS,24,dalbavancin,compound,BRD-K30177383-001-01-0,,['bacterial cell wall synthesis inhibitor'],17.202742,8.023069
BR00117025,M09,U2OS,24,CC-401,compound,BRD-K45746021-003-01-9,,['JNK inhibitor'],17.232924,6.444561
BR00117025,M10,U2OS,24,ganetespib,compound,BRD-K38852836-001-04-9,poscon_diverse,['HSP inhibitor'],13.828651,6.1904497
BR00117025,M11,U2OS,24,ingenol-mebutate,compound,BRD-K93779381-001-01-9,,,16.249996,6.027582
BR00117025,M12,U2OS,24,menadione,compound,BRD-K78126613-001-27-7,,,14.734954,7.647779
BR00117025,M13,U2OS,24,cetilistat,compound,BRD-K94863486-001-02-2,,,17.32011,8.756778
BR00117025,M14,U2OS,24,methoxsalen,compound,BRD-K63430059-001-16-4,,['DNA synthesis inhibitor'],17.94759,8.721199
BR00117025,M15,U2OS,24,cyclosporine,compound,BRD-K13533483-001-16-2,,,14.423528,6.3741713
BR00117025,M16,U2OS,24,NSC-632839,compound,BRD-K81197548-003-01-4,poscon_cp,['ubiquitin specific protease inhibitor'],11.127797,6.368444
BR00117025,M17,U2OS,24,DMSO,compound,,negcon,,18.681396,9.939924
BR00117025,M18,U2OS,24,TG-003,compound,BRD-K97072811-001-11-4,poscon_cp,,17.640764,8.382644
BR00117025,M19,U2OS,24,oxibendazole,compound,BRD-K52075715-001-06-7,,['tubulin polymerization inhibitor'],12.448926,8.408338
BR00117025,M20,U2OS,24,TG-101348,compound,BRD-K12502280-001-11-4,poscon_cp,"['JAK inhibitor', 'FLT3 inhibitor']",12.230711,5.9103055
BR00117025,M21,U2OS,24,miglitol,compound,BRD-A63310107-001-04-8,,['glucosidase inhibitor'],17.859735,9.028012
BR00117025,M22,U2OS,24,DMSO,compound,,negcon,,18.630507,9.892604
BR00117025,M23,U2OS,24,DMSO,compound,,negcon,,18.744219,9.60552
BR00117025,M24,U2OS,24,tranilast,compound,BRD-K17849083-001-32-9,,,15.621508,8.217866
BR00117025,N01,U2OS,24,4-methylhistamine,compound,BRD-K70821460-300-02-4,,['histamine receptor agonist'],15.876453,9.187494
BR00117025,N02,U2OS,24,LDN-27219,compound,BRD-K51485109-001-01-4,,,16.79577,9.262474
BR00117025,N03,U2OS,24,anisomycin,compound,BRD-K91370081-001-25-1,,['DNA synthesis inhibitor'],11.870118,6.530391
BR00117025,N04,U2OS,24,thioguanine,compound,BRD-K49350383-001-13-7,poscon_diverse,,14.831416,6.8961034
BR00117025,N05,U2OS,24,droxinostat,compound,BRD-K11558771-001-13-9,,['HDAC inhibitor'],17.364353,8.073126
BR00117025,N06,U2OS,24,UNC2025,compound,BRD-K91283740-003-01-6,poscon_cp,['FLT3 inhibitor'],13.539834,6.787032
BR00117025,N07,U2OS,24,DMSO,compound,,negcon,,17.482733,10.086411
BR00117025,N08,U2OS,24,DMSO,compound,,negcon,,18.528599,9.2822895
BR00117025,N09,U2OS,24,AMG900,compound,BRD-K21728777-001-02-3,poscon_cp,['Aurora kinase inhibitor'],13.735444,8.787662
BR00117025,N10,U2OS,24,PF-06463922,compound,BRD-A23124853-001-01-4,,['ALK tyrosine kinase receptor inhibitor'],16.126919,6.099384
BR00117025,N11,U2OS,24,orantinib,compound,BRD-K55966568-001-09-6,poscon_cp,"['FGFR inhibitor', 'PDGFR tyrosine kinase receptor inhibitor', 'VEGFR inhibitor']",18.616417,7.773557
BR00117025,N12,U2OS,24,fludarabine-phosphate,compound,BRD-K71106091-001-09-5,,['ribonucleotide reductase inhibitor'],14.600855,8.780251
BR00117025,N13,U2OS,24,ceritinib,compound,BRD-K22149900-001-06-2,,['ALK tyrosine kinase receptor inhibitor'],15.807113,5.5890765
BR00117025,N14,U2OS,24,NVS-PAK1-1,compound,BRD-K28132190-001-02-0,poscon_cp,['p21 activated kinase inhibitor'],15.312594,5.9661965
BR00117025,N15,U2OS,24,homoharringtonine,compound,BRD-K76674262-001-03-3,,['protein synthesis inhibitor'],12.046307,6.487618
BR00117025,N16,U2OS,24,picrotoxinin,compound,BRD-K36461289-001-05-8,,['GABA receptor antagonist'],16.739334,8.918998
BR00117025,N17,U2OS,24,DMSO,compound,,negcon,,17.68129,10.169441
BR00117025,N18,U2OS,24,danusertib,compound,BRD-K07881437-001-03-8,poscon_diverse,"['growth factor receptor inhibitor', 'Aurora kinase inhibitor']",13.817355,8.715893
BR00117025,N19,U2OS,24,romidepsin,compound,BRD-K61397605-001-01-8,poscon_cp,['HDAC inhibitor'],11.839167,6.598269
BR00117025,N20,U2OS,24,FERb-033,compound,BRD-K61642990-001-01-0,poscon_cp,['EGFR inhibitor'],16.23204,7.289978
BR00117025,N21,U2OS,24,PF-03758309,compound,BRD-K37764012-001-03-3,poscon_diverse,['p21 activated kinase inhibitor'],13.565481,6.510999
BR00117025,N22,U2OS,24,DMSO,compound,,negcon,,18.7119,9.796663
BR00117025,N23,U2OS,24,trometamol,compound,BRD-K47978074-001-03-2,,,17.280813,9.17649
BR00117025,N24,U2OS,24,simvastatin,compound,BRD-K22134346-001-22-3,,['HMGCR inhibitor'],15.485437,5.8999147
BR00117025,O01,U2OS,24,zaprinast,compound,BRD-K16542329-001-16-8,,['phosphodiesterase inhibitor'],15.622782,9.307271
BR00117025,O02,U2OS,24,dexamethasone,compound,BRD-A10188456-001-04-9,,['glucocorticoid receptor agonist'],15.989065,6.7831106
BR00117025,O03,U2OS,24,salicylic-acid,compound,BRD-K93632104-001-17-2,,['cyclooxygenase inhibitor'],17.336937,9.080863
BR00117025,O04,U2OS,24,diltiazem,compound,BRD-A69636825-003-04-7,,['calcium channel blocker'],17.71126,8.8575115
BR00117025,O05,U2OS,24,phenolphthalein,compound,BRD-K19227686-001-18-6,,,17.65236,8.559561
BR00117025,O06,U2OS,24,niflumic-acid,compound,BRD-K98763141-001-30-8,,['cyclooxygenase inhibitor'],17.832548,8.982621
BR00117025,O07,U2OS,24,DMSO,compound,,negcon,,17.67507,9.352396
BR00117025,O08,U2OS,24,L-Cystine,compound,BRD-A15397381-001-02-5,,,17.42833,8.600444
BR00117025,O09,U2OS,24,ozanimod,compound,BRD-K46625559-001-01-8,,['sphingosine 1 phosphate receptor agonist'],15.781975,5.0880103
BR00117025,O10,U2OS,24,efaroxan,compound,BRD-A10739734-003-09-8,,['adrenergic receptor antagonist'],17.095963,8.851935
BR00117025,O11,U2OS,24,NBQX,compound,BRD-K11796549-001-05-2,,['glutamate receptor antagonist'],17.525614,8.778135
BR00117025,O12,U2OS,24,dinoprostone,compound,BRD-K26521938-001-07-2,,['prostanoid receptor agonist'],15.85275,6.8872313
BR00117025,O13,U2OS,24,Ro-20-1724,compound,BRD-A07207424-001-14-0,,['phosphodiesterase inhibitor'],17.180607,9.279973
BR00117025,O14,U2OS,24,xanomeline,compound,BRD-K72815923-034-02-0,,['acetylcholine receptor agonist'],17.724272,9.416404
BR00117025,O15,U2OS,24,terazosin,compound,BRD-K01825589-310-02-9,,['adrenergic receptor antagonist'],16.74509,8.516761
BR00117025,O16,U2OS,24,BVT-948,compound,BRD-K68567222-001-01-2,,,12.641246,5.9671183
BR00117025,O17,U2OS,24,nicotine,compound,BRD-K01825660-322-01-9,,['acetylcholine receptor agonist'],17.662197,9.069961
BR00117025,O18,U2OS,24,DMSO,compound,,negcon,,18.611456,9.455278
BR00117025,O19,U2OS,24,U-0521,compound,BRD-K08953028-001-09-6,,,17.42171,8.712267
BR00117025,O20,U2OS,24,BMS-587101,compound,BRD-K20093108-001-02-3,,,16.757086,8.251003
BR00117025,O21,U2OS,24,nimodipine,compound,BRD-A58048407-001-20-4,,['calcium channel blocker'],17.205986,7.3027873
BR00117025,O22,U2OS,24,pyrrolidine-dithiocarbamate,compound,BRD-K80970344-201-08-6,,,11.791908,6.6180973
BR00117025,O23,U2OS,24,PF-915275,compound,BRD-K18289362-001-02-2,,,14.5669,8.033425
BR00117025,O24,U2OS,24,JTE-013,compound,BRD-K43330982-001-02-3,,,15.510884,8.154663
BR00117025,P01,U2OS,24,sodium-butyrate,compound,BRD-K05878375-236-05-7,,['HDAC inhibitor'],15.410494,9.167727
BR00117025,P02,U2OS,24,pentostatin,compound,BRD-K91543828-001-02-0,,['ribonucleotide reductase inhibitor'],15.646274,9.230983
BR00117025,P03,U2OS,24,OMDM-2,compound,BRD-K48830578-001-01-9,,,15.955829,9.280406
BR00117025,P04,U2OS,24,nalmefene,compound,BRD-A72767275-003-01-6,,,16.034176,9.493628
BR00117025,P05,U2OS,24,DMSO,compound,,negcon,,16.10855,9.548775
BR00117025,P06,U2OS,24,1-EBIO,compound,BRD-K70586315-001-02-4,,,16.233246,9.422664
BR00117025,P07,U2OS,24,SB-505124,compound,BRD-K40109029-001-02-9,,['ALK tyrosine kinase receptor inhibitor'],15.031786,7.6650395
BR00117025,P08,U2OS,24,prasugrel,compound,BRD-A83029242-001-06-1,,['purinergic receptor antagonist'],15.648438,8.161155
BR00117025,P09,U2OS,24,pidolic-acid,compound,BRD-K57313110-001-06-8,,,15.921577,9.271751
BR00117025,P10,U2OS,24,DMSO,compound,,negcon,,16.236887,9.606346
BR00117025,P11,U2OS,24,nevirapine,compound,BRD-K15502390-001-20-9,,,16.535463,9.550291
BR00117025,P12,U2OS,24,triamterene,compound,BRD-K92049597-001-20-8,,['sodium channel blocker'],15.331658,8.378862
BR00117025,P13,U2OS,24,regorafenib,compound,BRD-K16730910-001-07-3,,"['PDGFR tyrosine kinase receptor inhibitor', 'RAF inhibitor', 'KIT inhibitor', 'RET tyrosine kinase inhibitor', 'FGFR inhibitor', 'VEGFR inhibitor']",15.4314785,7.0236206
BR00117025,P14,U2OS,24,cyclophosphamide,compound,BRD-A09722536-002-18-0,,,15.664565,8.069925
BR00117025,P15,U2OS,24,olanzapine,compound,BRD-K18895904-001-16-1,,"['dopamine receptor antagonist', 'serotonin receptor antagonist']",15.783864,4.8946576
BR00117025,P16,U2OS,24,KI-16425,compound,BRD-A25569250-001-03-3,,['lysophosphatidic acid receptor antagonist'],16.151697,8.336696
BR00117025,P17,U2OS,24,SKLB1002,compound,BRD-K29895144-001-01-0,,['VEGFR inhibitor'],14.773046,7.8885026
BR00117025,P18,U2OS,24,cilostazol,compound,BRD-K67017579-001-28-1,,['phosphodiesterase inhibitor'],16.073654,8.342295
BR00117025,P19,U2OS,24,AZD1283,compound,BRD-K77060810-001-01-5,,['purinergic receptor antagonist'],16.016075,8.592965
BR00117025,P20,U2OS,24,A-987306,compound,BRD-K68982262-001-01-4,,['histamine receptor antagonist'],15.858086,4.9024076
BR00117025,P21,U2OS,24,procaine,compound,BRD-K24616672-003-20-1,,['HMGCR inhibitor'],16.001047,8.575718
BR00117025,P22,U2OS,24,miconazole,compound,BRD-A82396632-008-30-8,,['bacterial cell wall synthesis inhibitor'],16.094643,8.2824955
BR00117025,P23,U2OS,24,loperamide,compound,BRD-K61250553-003-30-6,,,15.46366,7.702039
BR00117025,P24,U2OS,24,aripiprazole,compound,BRD-K70358946-001-17-3,,['serotonin receptor antagonist'],15.46439,8.3637495
BR00117026,A01,U2OS,24,gabapentin-enacarbil,compound,BRD-A86665761-001-01-1,,,15.270504,9.261093
BR00117026,A02,U2OS,24,DMSO,compound,,negcon,,17.344738,9.9911785
BR00117026,A03,U2OS,24,amlodipine,compound,BRD-A22032524-074-09-9,,['calcium channel blocker'],15.538996,5.0094543
BR00117026,A04,U2OS,24,hexestrol,compound,BRD-A01078468-001-14-8,,,17.073801,9.620649
BR00117026,A05,U2OS,24,quinine,compound,BRD-K48278478-001-01-2,,,16.237103,9.030271
BR00117026,A06,U2OS,24,LOXO-101,compound,BRD-K36574127-001-01-3,,,16.560566,9.367119
BR00117026,A07,U2OS,24,brinzolamide,compound,BRD-K74913225-001-14-0,,['carbonic anhydrase inhibitor'],16.10697,8.996457
BR00117026,A08,U2OS,24,NS-11021,compound,BRD-K94342292-001-01-3,,['calcium-activated potassium channel activator'],14.682832,6.643981
BR00117026,A09,U2OS,24,DMSO,compound,,negcon,,17.100111,9.888851
BR00117026,A10,U2OS,24,GNF-5837,compound,BRD-K19975102-001-01-2,,['growth factor receptor inhibitor'],15.860333,6.4048324
BR00117026,A11,U2OS,24,apatinib,compound,BRD-K25244359-066-02-6,,['RET tyrosine kinase inhibitor'],16.091208,5.2326894
BR00117026,A12,U2OS,24,ethoxzolamide,compound,BRD-K18131774-001-18-4,,['carbonic anhydrase inhibitor'],15.833976,8.408445
BR00117026,A13,U2OS,24,ascorbic-acid,compound,BRD-A85242401-001-11-5,,,17.257626,6.9891973
BR00117026,A14,U2OS,24,ryuvidine,compound,BRD-K06426971-001-02-7,,['histone lysine methyltransferase inhibitor'],10.456325,6.5347867
BR00117026,A15,U2OS,24,BAN-ORL-24,compound,BRD-K47049295-300-03-1,,,13.389879,7.3735237
BR00117026,A16,U2OS,24,NNC-55-0396,compound,BRD-K78122587-300-04-3,,,15.695581,4.865918
BR00117026,A17,U2OS,24,DMSO,compound,,negcon,,15.980446,8.760938
BR00117026,A18,U2OS,24,WH-4-023,compound,BRD-K50199947-001-03-4,,['src inhibitor'],14.130521,6.1115346
BR00117026,A19,U2OS,24,flupirtine,compound,BRD-K50720187-051-03-1,,['glutamate receptor antagonist'],15.288271,7.6100144
BR00117026,A20,U2OS,24,ZK811752,compound,BRD-K91825936-001-03-9,,,15.702766,7.110176
BR00117026,A21,U2OS,24,dexamethasone,compound,BRD-K38775274-001-22-1,,['glucocorticoid receptor agonist'],15.143048,7.4195776
BR00117026,A22,U2OS,24,PP-1,compound,BRD-K47598052-001-14-1,,['src inhibitor'],14.577314,5.9792128
BR00117026,A23,U2OS,24,DDR1-IN-1,compound,BRD-K61845293-300-01-9,,,15.782231,4.967142
BR00117026,A24,U2OS,24,AVL-292,compound,BRD-K87782578-001-01-4,,"[""Bruton's tyrosine kinase (BTK) inhibitor""]",13.842408,6.5084577
BR00117026,B01,U2OS,24,H2L-5765834,compound,BRD-K26439554-001-01-3,,['lysophosphatidic acid receptor antagonist'],14.964975,7.9856806
BR00117026,B02,U2OS,24,thiostrepton,compound,BRD-K58049875-001-03-9,,['protein synthesis inhibitor'],11.151927,6.3629208
BR00117026,B03,U2OS,24,DMSO,compound,,negcon,,17.622751,9.9290495
BR00117026,B04,U2OS,24,arcyriaflavin-a,compound,BRD-K72726508-001-02-1,,['CDK inhibitor'],14.38948,6.5319147
BR00117026,B05,U2OS,24,CYM-5520,compound,BRD-K29151923-001-01-5,,['sphingosine 1 phosphate receptor agonist'],17.479053,8.479026
BR00117026,B06,U2OS,24,fludarabine,compound,BRD-K66788707-001-14-3,,['ribonucleotide reductase inhibitor'],14.800764,8.9104595
BR00117026,B07,U2OS,24,alda-1,compound,BRD-K06890060-001-09-1,,,17.4258,8.77069
BR00117026,B08,U2OS,24,meclofenamic-acid,compound,BRD-K50398167-236-22-7,,"['cyclooxygenase inhibitor', 'prostanoid receptor antagonist']",16.744925,8.005516
BR00117026,B09,U2OS,24,GNF-5,compound,BRD-K87632963-001-03-0,,['Bcr-Abl kinase inhibitor'],16.334799,8.276298
BR00117026,B10,U2OS,24,NS-309,compound,BRD-K37602296-001-01-6,,['calcium-activated potassium channel activator'],16.373648,7.8821554
BR00117026,B11,U2OS,24,AK-7,compound,BRD-K09143580-001-01-0,,['SIRT inhibitor'],16.405571,7.1371193
BR00117026,B12,U2OS,24,BVT-948,compound,BRD-A22713669-001-04-3,,,12.274975,5.874105
BR00117026,B13,U2OS,24,SirReal-2,compound,BRD-K16472653-001-01-6,,['SIRT inhibitor'],16.284891,6.000882
BR00117026,B14,U2OS,24,DMSO,compound,,negcon,,18.031666,10.333193
BR00117026,B15,U2OS,24,BMS-536924,compound,BRD-K34581968-001-05-3,,['IGF-1 inhibitor'],13.8398,6.44234
BR00117026,B16,U2OS,24,PP-121,compound,BRD-K81801188-001-02-8,,['protein tyrosine kinase inhibitor'],13.646459,6.5759263
BR00117026,B17,U2OS,24,MCOPPB,compound,BRD-K73276278-305-01-1,,,15.454648,4.1760387
BR00117026,B18,U2OS,24,ozagrel,compound,BRD-K53061490-003-13-9,,,17.486242,8.400704
BR00117026,B19,U2OS,24,CYM-5442,compound,BRD-A43005764-003-01-5,,['sphingosine 1 phosphate receptor agonist'],15.68911,4.8358116
BR00117026,B20,U2OS,24,CVT-10216,compound,BRD-K60659193-001-01-0,,,16.982801,8.301408
BR00117026,B21,U2OS,24,TCN201,compound,BRD-K09787262-001-02-7,,['glutamate receptor antagonist'],17.327648,8.36461
BR00117026,B22,U2OS,24,fomepizole,compound,BRD-K56810756-003-07-7,,['alcohol dehydrogenase inhibitor'],17.794973,8.565848
BR00117026,B23,U2OS,24,benzamil,compound,BRD-K87158025-003-08-7,,['sodium channel blocker'],16.948484,7.4146204
BR00117026,B24,U2OS,24,lercanidipine,compound,BRD-A18992208-003-02-7,,['calcium channel blocker'],15.731655,7.072847
BR00117026,C01,U2OS,24,4-CMTB,compound,BRD-A54139254-001-09-2,,['free fatty acid receptor agonist'],17.634771,7.090428
BR00117026,C02,U2OS,24,ML-228,compound,BRD-K44432556-001-05-5,,,17.30209,9.796196
BR00117026,C03,U2OS,24,DMSO,compound,,negcon,,18.76247,10.030402
BR00117026,C04,U2OS,24,GSK1070916,compound,BRD-K36740062-001-06-6,,['Aurora kinase inhibitor'],13.686449,7.13012
BR00117026,C05,U2OS,24,ML-193,compound,BRD-K27539181-001-08-5,,,17.383247,8.529008
BR00117026,C06,U2OS,24,DMSO,compound,,negcon,,18.12705,10.230076
BR00117026,C07,U2OS,24,M-25,compound,BRD-K51265828-001-01-0,,['smoothened receptor antagonist'],17.063774,7.971407
BR00117026,C08,U2OS,24,azeliragon,compound,BRD-K51899933-001-02-6,,['RAGE receptor antagonist'],15.11203,4.68698
BR00117026,C09,U2OS,24,CYT-997,compound,BRD-K23363278-001-02-1,poscon_diverse,['tubulin polymerization inhibitor'],12.298856,8.631097
BR00117026,C10,U2OS,24,AR-12,compound,BRD-K90497590-001-05-9,,,10.429217,6.6302023
BR00117026,C11,U2OS,24,CYM-50260,compound,BRD-K69877120-001-01-7,,['sphingosine 1 phosphate receptor agonist'],17.89044,8.187641
BR00117026,C12,U2OS,24,DMSO,compound,,negcon,,18.324247,10.270157
BR00117026,C13,U2OS,24,KG-5,compound,BRD-K90747162-001-01-4,poscon_cp,['RAF inhibitor'],12.549478,8.406385
BR00117026,C14,U2OS,24,JTE-607,compound,BRD-K81405859-300-01-4,,,14.310378,8.210776
BR00117026,C15,U2OS,24,DMSO,compound,,negcon,,18.143377,9.851257
BR00117026,C16,U2OS,24,ilomastat,compound,BRD-K51662849-001-05-4,,['matrix metalloprotease inhibitor'],15.566922,6.836757
BR00117026,C17,U2OS,24,RX-821002,compound,BRD-A65597028-003-08-1,,['adrenergic receptor antagonist'],16.83294,8.045466
BR00117026,C18,U2OS,24,DMSO,compound,,negcon,,18.189034,9.762798
BR00117026,C19,U2OS,24,TUG-891,compound,BRD-K24282351-001-01-4,,['free fatty acid receptor agonist'],16.832886,8.093262
BR00117026,C20,U2OS,24,ponatinib,compound,BRD-K44227013-001-08-0,,"['PDGFR tyrosine kinase receptor inhibitor', 'FLT3 inhibitor', 'Bcr-Abl kinase inhibitor']",10.812363,6.3259773
BR00117026,C21,U2OS,24,DMSO,compound,,negcon,,18.8048,9.996465
BR00117026,C22,U2OS,24,puromycin,compound,BRD-K01824976-300-02-9,,['protein synthesis inhibitor'],11.214024,6.4872475
BR00117026,C23,U2OS,24,SRC-kinase-inhibitor-I,compound,BRD-K50495309-001-02-0,,['src inhibitor'],15.96379,4.5795436
BR00117026,C24,U2OS,24,acetylcysteine,compound,BRD-K59058747-001-19-1,,,16.194288,8.80577
BR00117026,D01,U2OS,24,NSC-625987,compound,BRD-K62949423-001-03-1,,['CDK inhibitor'],16.59751,9.579741
BR00117026,D02,U2OS,24,dalfampridine,compound,BRD-K22482860-001-20-6,,['potassium channel blocker'],16.866016,9.287741
BR00117026,D03,U2OS,24,NSC-95397,compound,BRD-K68143200-001-11-7,,['CDC inhibitor'],12.404748,5.9390073
BR00117026,D04,U2OS,24,alrestatin,compound,BRD-K35498378-001-06-1,,['aldose reductase inhibitor'],17.314085,9.488648
BR00117026,D05,U2OS,24,PF-03758309,compound,BRD-K37764012-001-03-3,poscon_diverse,['p21 activated kinase inhibitor'],17.628883,9.2815695
BR00117026,D06,U2OS,24,IRL-2500,compound,BRD-K98357249-001-02-9,,['endothelin receptor antagonist'],16.277365,8.924249
BR00117026,D07,U2OS,24,PF-04217903,compound,BRD-K73319509-001-08-0,poscon_cp,,16.60483,8.970985
BR00117026,D08,U2OS,24,FK-866,compound,BRD-K58550667-001-08-7,poscon_diverse,,16.190174,8.033257
BR00117026,D09,U2OS,24,amlexanox,compound,BRD-K29530284-001-06-2,,,15.932814,7.171168
BR00117026,D10,U2OS,24,GW-311616,compound,BRD-K37864785-001-01-0,,['elastase inhibitor'],17.403442,8.736254
BR00117026,D11,U2OS,24,buparlisib,compound,BRD-K42191735-001-08-7,poscon_diverse,,12.373976,8.374965
BR00117026,D12,U2OS,24,amiloride,compound,BRD-K97181089-003-24-7,,['sodium channel blocker'],18.093958,8.695147
BR00117026,D13,U2OS,24,DG-172,compound,BRD-K75748943-300-01-3,,,15.790434,4.7222204
BR00117026,D14,U2OS,24,DMSO,compound,,negcon,,18.552803,9.284551
BR00117026,D15,U2OS,24,DMSO,compound,,negcon,,18.437414,10.153328
BR00117026,D16,U2OS,24,NVP-ADW742,compound,BRD-K15179513-001-04-2,poscon_cp,,15.469449,4.4505854
BR00117026,D17,U2OS,24,misoprostol,compound,BRD-A72351335-001-04-5,,['prostanoid receptor agonist'],15.041063,8.025689
BR00117026,D18,U2OS,24,conivaptan,compound,BRD-K37385792-003-02-1,,,16.163137,5.357251
BR00117026,D19,U2OS,24,spiroxatrine,compound,BRD-A72483914-001-03-7,,['serotonin receptor antagonist'],15.76936,4.6053014
BR00117026,D20,U2OS,24,diacerein,compound,BRD-K69122748-001-10-1,,,18.259436,9.159224
BR00117026,D21,U2OS,24,DMSO,compound,,negcon,,18.568983,10.356
BR00117026,D22,U2OS,24,DMSO,compound,,negcon,,18.01418,9.47983
BR00117026,D23,U2OS,24,glyburide,compound,BRD-K36927236-001-36-7,,['ATP channel blocker'],17.046108,8.323661
BR00117026,D24,U2OS,24,ANR-94,compound,BRD-K31170746-001-01-6,,,16.299953,8.746918
BR00117026,E01,U2OS,24,TFC-007,compound,BRD-K57708067-001-01-3,,,17.198246,7.2462296
BR00117026,E02,U2OS,24,trihexyphenidyl,compound,BRD-A48180038-003-24-3,,['acetylcholine receptor antagonist'],17.126608,7.277499
BR00117026,E03,U2OS,24,epoprostenol,compound,BRD-K64054020-001-02-7,,,17.927317,7.391393
BR00117026,E04,U2OS,24,sacubitril,compound,BRD-K91456750-001-01-9,,,18.266834,9.052389
BR00117026,E05,U2OS,24,danusertib,compound,BRD-K07881437-001-03-8,poscon_diverse,"['growth factor receptor inhibitor', 'Aurora kinase inhibitor']",13.856049,8.744411
BR00117026,E06,U2OS,24,CYT-997,compound,BRD-K23363278-001-02-1,poscon_diverse,['tubulin polymerization inhibitor'],12.224107,8.633094
BR00117026,E07,U2OS,24,DMSO,compound,,negcon,,18.759783,9.719215
BR00117026,E08,U2OS,24,BQ-788,compound,BRD-K02490038-236-03-8,,['endothelin receptor antagonist'],16.810804,8.8381605
BR00117026,E09,U2OS,24,SB-202190,compound,BRD-K54330070-001-19-6,poscon_orf,['p38 MAPK inhibitor'],17.200527,5.5424643
BR00117026,E10,U2OS,24,GSK2110183,compound,BRD-K25412176-001-01-9,poscon_diverse,,15.843726,6.1279197
BR00117026,E11,U2OS,24,GSK3787,compound,BRD-K03155172-001-03-0,,['PPAR receptor antagonist'],18.226925,8.903001
BR00117026,E12,U2OS,24,BAM7,compound,BRD-K07442505-001-03-6,,,17.269472,8.582025
BR00117026,E13,U2OS,24,PHA-793887,compound,BRD-K64800655-001-09-0,poscon_diverse,['CDK inhibitor'],13.282909,6.4553094
BR00117026,E14,U2OS,24,DMSO,compound,,negcon,,18.111507,10.269624
BR00117026,E15,U2OS,24,GSK-37647,compound,BRD-K26514105-001-01-7,,['free fatty acid receptor agonist'],16.68767,6.1327734
BR00117026,E16,U2OS,24,desonide,compound,BRD-K21528677-001-04-4,,['glucocorticoid receptor agonist'],16.534012,6.7692947
BR00117026,E17,U2OS,24,DMSO,compound,,negcon,,18.715706,9.523602
BR00117026,E18,U2OS,24,aloxistatin,compound,BRD-K91188791-001-17-5,,,15.799975,4.2303085
BR00117026,E19,U2OS,24,azathioprine,compound,BRD-K32821942-001-22-1,,,17.24165,7.2235537
BR00117026,E20,U2OS,24,ZK-93423,compound,BRD-K33882852-003-02-8,poscon_diverse,['benzodiazepine receptor agonist'],16.345984,7.024633
BR00117026,E21,U2OS,24,BI-2536,compound,BRD-K64890080-001-02-1,poscon_diverse,,12.448645,7.6762433
BR00117026,E22,U2OS,24,EI1,compound,BRD-K91535048-001-01-2,poscon_cp,['histone lysine methyltransferase inhibitor'],16.707,8.508845
BR00117026,E23,U2OS,24,NVP-HSP990,compound,BRD-K67915505-001-01-2,,['HSP inhibitor'],13.779239,6.241576
BR00117026,E24,U2OS,24,DMSO,compound,,negcon,,16.264616,8.902431
BR00117026,F01,U2OS,24,DMSO,compound,,negcon,,16.817797,9.995206
BR00117026,F02,U2OS,24,nialamide,compound,BRD-K12102668-001-25-5,,,17.402742,7.5903654
BR00117026,F03,U2OS,24,DMSO,compound,,negcon,,18.652685,10.054065
BR00117026,F04,U2OS,24,arundic-acid,compound,BRD-K49223707-001-01-0,,,17.41237,7.231081
BR00117026,F05,U2OS,24,torcitabine,compound,BRD-K91822704-003-07-2,,,17.20028,7.4873214
BR00117026,F06,U2OS,24,DMSO,compound,,negcon,,18.400715,9.126317
BR00117026,F07,U2OS,24,epothilone-b,compound,BRD-K68164687-001-01-6,,"['microtubule stabilizing agent', 'tubulin polymerization inhibitor']",12.817937,8.241853
BR00117026,F08,U2OS,24,dyphylline,compound,BRD-A00827783-001-24-6,,['phosphodiesterase inhibitor'],16.724205,8.712581
BR00117026,F09,U2OS,24,DMSO,compound,,negcon,,17.763834,9.947977
BR00117026,F10,U2OS,24,quinidine,compound,BRD-K59632282-052-03-1,,['sodium channel blocker'],17.295916,8.257402
BR00117026,F11,U2OS,24,halopemide,compound,BRD-K50055394-001-03-6,,,16.819061,6.469095
BR00117026,F12,U2OS,24,sulfinpyrazone,compound,BRD-A36217750-001-16-3,,,18.200102,9.220865
BR00117026,F13,U2OS,24,ML-323,compound,BRD-K93942811-001-01-3,poscon_cp,['ubiquitin specific protease inhibitor'],16.29287,7.6121273
BR00117026,F14,U2OS,24,racecadotril,compound,BRD-A08187463-001-12-9,,,18.062138,9.085089
BR00117026,F15,U2OS,24,BRL-50481,compound,BRD-K84266862-001-03-2,,['phosphodiesterase inhibitor'],16.72217,8.601548
BR00117026,F16,U2OS,24,GSK2110183,compound,BRD-K25412176-001-01-9,poscon_diverse,,15.74144,6.1255536
BR00117026,F17,U2OS,24,bufexamac,compound,BRD-K36660044-001-24-2,,['cyclooxygenase inhibitor'],17.504372,7.3144035
BR00117026,F18,U2OS,24,anandamide,compound,BRD-K42352790-001-05-3,,,16.78427,7.0851555
BR00117026,F19,U2OS,24,thioguanine,compound,BRD-K49350383-001-13-7,poscon_diverse,,14.782812,6.8086286
BR00117026,F20,U2OS,24,IWP-L6,compound,BRD-K53234107-001-01-6,,['porcupine inhibitor'],16.625763,6.5513325
BR00117026,F21,U2OS,24,edoxaban,compound,BRD-K29322660-001-01-9,,['coagulation factor inhibitor'],16.553017,8.319181
BR00117026,F22,U2OS,24,lonafarnib,compound,BRD-K41599323-001-02-3,poscon_diverse,,14.964382,6.4920535
BR00117026,F23,U2OS,24,ibutamoren,compound,BRD-K44771174-066-01-0,,,16.520082,6.71497
BR00117026,F24,U2OS,24,somatostatin,compound,BRD-K14681867-001-01-6,,['somatostatin receptor agonist'],16.087717,8.824924
BR00117026,G01,U2OS,24,L-proline,compound,BRD-K01666412-001-02-0,,,17.074389,8.283162
BR00117026,G02,U2OS,24,zamifenacin,compound,BRD-K80451230-051-02-6,,['acetylcholine receptor antagonist'],16.533157,9.104978
BR00117026,G03,U2OS,24,YC-1,compound,BRD-K60476892-001-16-1,,,13.03674,6.776385
BR00117026,G04,U2OS,24,DMSO,compound,,negcon,,18.348139,10.035996
BR00117026,G05,U2OS,24,ME-0328,compound,BRD-K24283677-001-01-9,,['PPAR receptor antagonist'],16.68325,6.7302237
BR00117026,G06,U2OS,24,NSC-663284,compound,BRD-K03109492-001-02-2,,['CDC inhibitor'],10.622345,6.3662276
BR00117026,G07,U2OS,24,CYM-50358,compound,BRD-K80666802-003-01-0,,,16.26753,4.6035395
BR00117026,G08,U2OS,24,trazodone,compound,BRD-K70778732-003-27-5,,"['adrenergic receptor antagonist', 'serotonin receptor antagonist']",17.908524,8.593642
BR00117026,G09,U2OS,24,DMSO,compound,,negcon,,18.433632,9.399423
BR00117026,G10,U2OS,24,DMSO,compound,,negcon,,18.228369,9.779942
BR00117026,G11,U2OS,24,sulfasalazine,compound,BRD-K10670311-001-17-1,,['cyclooxygenase inhibitor'],18.002695,8.501813
BR00117026,G12,U2OS,24,"2,5-furandimethanol",compound,BRD-K29791386-001-01-8,,,17.625385,9.153724
BR00117026,G13,U2OS,24,DMSO,compound,,negcon,,18.351336,9.559751
BR00117026,G14,U2OS,24,dilazep,compound,BRD-K48722258-300-11-0,,,18.354788,7.455362
BR00117026,G15,U2OS,24,felodipine,compound,BRD-A30815329-001-12-1,,['calcium channel blocker'],16.658422,8.336072
BR00117026,G16,U2OS,24,paliperidone,compound,BRD-A99888680-001-05-3,,"['dopamine receptor antagonist', 'serotonin receptor antagonist']",17.310993,8.511097
BR00117026,G17,U2OS,24,purvalanol-a,compound,BRD-K50836978-001-03-3,poscon_orf,['CDK inhibitor'],14.444938,7.4186826
BR00117026,G18,U2OS,24,DMSO,compound,,negcon,,18.38376,10.1960745
BR00117026,G19,U2OS,24,Ro-1138452,compound,BRD-K77220725-003-01-5,,['prostanoid receptor antagonist'],17.229406,7.397752
BR00117026,G20,U2OS,24,sorbinil,compound,BRD-A89164055-001-03-3,,['aldose reductase inhibitor'],18.54191,8.517211
BR00117026,G21,U2OS,24,TC-S-7004,compound,BRD-K89517477-001-01-4,poscon_cp,['DYRK inhibitor'],15.195868,6.836399
BR00117026,G22,U2OS,24,saclofen,compound,BRD-A24122750-001-03-7,,['GABA receptor antagonist'],18.039576,8.564107
BR00117026,G23,U2OS,24,BAY-87-2243,compound,BRD-K70463136-001-01-5,,,16.080223,7.0440454
BR00117026,G24,U2OS,24,ibudilast,compound,BRD-K16444452-001-09-1,,['phosphodiesterase inhibitor'],15.895636,8.551572
BR00117026,H01,U2OS,24,briciclib,compound,BRD-K05531427-001-01-7,,,12.309292,8.522614
BR00117026,H02,U2OS,24,2-Oleoylglycerol,compound,BRD-K77087341-001-02-4,,,17.351269,7.3914385
BR00117026,H03,U2OS,24,RGFP966,compound,BRD-K61688984-001-02-9,poscon_cp,['HDAC inhibitor'],15.180903,7.2666044
BR00117026,H04,U2OS,24,DMSO,compound,,negcon,,17.91348,10.052511
BR00117026,H05,U2OS,24,azacitidine,compound,BRD-K03406345-001-21-1,poscon_diverse,,14.962743,6.9359293
BR00117026,H06,U2OS,24,N6-cyclopentyladenosine,compound,BRD-K60150510-001-15-6,,,17.04975,9.372867
BR00117026,H07,U2OS,24,filgotinib,compound,BRD-K16803204-001-01-6,poscon_cp,['JAK inhibitor'],17.137774,5.9632645
BR00117026,H08,U2OS,24,guanidine,compound,BRD-K76037122-001-02-5,,['HSP inhibitor'],16.93564,8.86671
BR00117026,H09,U2OS,24,coumarin,compound,BRD-K23913458-001-20-7,,,17.981792,8.745258
BR00117026,H10,U2OS,24,DMSO,compound,,negcon,,17.586096,10.058101
BR00117026,H11,U2OS,24,ZM-336372,compound,BRD-K73789395-001-09-9,poscon_orf,['RAF inhibitor'],17.180483,8.893925
BR00117026,H12,U2OS,24,citric-acid,compound,BRD-K76792669-001-08-1,,['coagulation factor inhibitor'],17.024866,9.180249
BR00117026,H13,U2OS,24,DMSO,compound,,negcon,,17.99467,9.782945
BR00117026,H14,U2OS,24,CCG-63802,compound,BRD-K26970495-001-02-7,,['G protein signaling inhibitor'],16.847301,7.043416
BR00117026,H15,U2OS,24,ibutilide,compound,BRD-A74391928-051-03-9,,['potassium channel blocker'],17.17778,8.52644
BR00117026,H16,U2OS,24,batimastat,compound,BRD-K82818427-001-04-8,,['matrix metalloprotease inhibitor'],15.397244,6.777679
BR00117026,H17,U2OS,24,DMSO,compound,,negcon,,17.881424,10.058473
BR00117026,H18,U2OS,24,DMSO,compound,,negcon,,18.641415,9.738625
BR00117026,H19,U2OS,24,UNC1999,compound,BRD-K26989966-001-04-3,poscon_cp,['histone lysine methyltransferase inhibitor'],11.817849,6.109558
BR00117026,H20,U2OS,24,glutamine-(l),compound,BRD-K83896451-001-06-7,,,17.403433,9.11051
BR00117026,H21,U2OS,24,PD-98059,compound,BRD-K62810658-001-11-4,poscon_orf,,16.751884,8.515154
BR00117026,H22,U2OS,24,enilconazole,compound,BRD-K01825690-065-01-9,,,17.245628,9.313396
BR00117026,H23,U2OS,24,N-alpha-Methylhistamine-dihydrochloride,compound,BRD-K75390981-300-04-9,,['histamine receptor agonist'],16.629505,8.531149
BR00117026,H24,U2OS,24,GK921,compound,BRD-K38272302-001-02-7,,,13.420398,6.167691
BR00117026,I01,U2OS,24,nilvadipine,compound,BRD-A84687895-001-03-2,,['calcium channel blocker'],16.912834,7.1873856
BR00117026,I02,U2OS,24,DMSO,compound,,negcon,,18.818995,9.282888
BR00117026,I03,U2OS,24,AC-710,compound,BRD-K15819326-001-01-6,,['PDGFR tyrosine kinase receptor inhibitor'],15.248087,4.77439
BR00117026,I04,U2OS,24,PETCM,compound,BRD-A93477898-001-04-2,,,17.152332,8.342954
BR00117026,I05,U2OS,24,AZD7762,compound,BRD-K86525559-001-07-8,poscon_diverse,['CHK inhibitor'],10.774527,6.2818427
BR00117026,I06,U2OS,24,PHA-793887,compound,BRD-K64800655-001-09-0,poscon_diverse,['CDK inhibitor'],13.327107,6.3993735
BR00117026,I07,U2OS,24,KU-60019,compound,BRD-K36016295-001-05-2,,['ATM kinase inhibitor'],14.786932,5.5386376
BR00117026,I08,U2OS,24,nafamostat,compound,BRD-K06674495-334-04-0,,,16.158146,6.997466
BR00117026,I09,U2OS,24,DMSO,compound,,negcon,,18.24241,10.2770815
BR00117026,I10,U2OS,24,DMSO,compound,,negcon,,17.877092,9.851146
BR00117026,I11,U2OS,24,taladegib,compound,BRD-K50498985-001-03-3,,['smoothened receptor antagonist'],16.737244,8.521417
BR00117026,I12,U2OS,24,acetohexamide,compound,BRD-K52960356-001-13-0,,['ATP channel blocker'],17.873331,6.9039655
BR00117026,I13,U2OS,24,minocycline,compound,BRD-A69651145-003-11-4,,,15.18241,6.930953
BR00117026,I14,U2OS,24,BI-2536,compound,BRD-K64890080-001-02-1,poscon_diverse,,12.416145,7.7900434
BR00117026,I15,U2OS,24,riociguat,compound,BRD-K84783599-001-01-0,,,17.428097,7.5262065
BR00117026,I16,U2OS,24,CP-724714,compound,BRD-K76908866-001-07-6,poscon_cp,"['EGFR inhibitor', 'protein tyrosine kinase inhibitor']",16.30102,7.0291615
BR00117026,I17,U2OS,24,ganetespib,compound,BRD-K38852836-001-04-9,poscon_diverse,['HSP inhibitor'],13.732761,6.1808043
BR00117026,I18,U2OS,24,AZ191,compound,BRD-K80935598-001-01-1,poscon_cp,['DYRK inhibitor'],15.374935,4.249712
BR00117026,I19,U2OS,24,BAX-channel-blocker,compound,BRD-A18763547-300-06-3,,,15.138783,4.842791
BR00117026,I20,U2OS,24,SU3327,compound,BRD-K32730239-001-01-0,,['JNK inhibitor'],10.817035,6.528257
BR00117026,I21,U2OS,24,DMSO,compound,,negcon,,18.00075,9.3110485
BR00117026,I22,U2OS,24,DMSO,compound,,negcon,,18.436876,9.611799
BR00117026,I23,U2OS,24,octreotide,compound,BRD-A64173453-015-03-1,,['somatostatin receptor agonist'],17.717506,7.8764987
BR00117026,I24,U2OS,24,1-octanol,compound,BRD-K09338665-001-08-9,,,15.950646,8.63781
BR00117026,J01,U2OS,24,acalabrutinib,compound,BRD-K64034691-001-01-9,,"[""Bruton's tyrosine kinase (BTK) inhibitor""]",16.35248,9.287488
BR00117026,J02,U2OS,24,rifamycin,compound,BRD-K38512030-001-01-7,,,16.860405,5.908693
BR00117026,J03,U2OS,24,pazopanib,compound,BRD-K74514084-003-09-2,,"['KIT inhibitor', 'VEGFR inhibitor', 'PDGFR tyrosine kinase receptor inhibitor']",15.308673,6.534251
BR00117026,J04,U2OS,24,RKI-1447,compound,BRD-K19333160-001-01-3,poscon_cp,,16.786455,5.5432506
BR00117026,J05,U2OS,24,vitamin-E,compound,BRD-K97091514-001-11-4,,['PKC inhibitor'],16.979239,5.90418
BR00117026,J06,U2OS,24,lonafarnib,compound,BRD-K41599323-001-02-3,poscon_diverse,,14.840222,6.3571825
BR00117026,J07,U2OS,24,ethyl-pyruvate,compound,BRD-K47738867-001-01-5,,,16.958225,8.92536
BR00117026,J08,U2OS,24,picrotin,compound,BRD-A91822151-001-05-0,,['GABA receptor antagonist'],16.661575,7.671928
BR00117026,J09,U2OS,24,SGX523,compound,BRD-K19477839-001-07-6,poscon_cp,,16.541794,6.779176
BR00117026,J10,U2OS,24,PP-2,compound,BRD-K95785537-001-22-3,,['src inhibitor'],14.706499,6.0972104
BR00117026,J11,U2OS,24,ME-0328,compound,BRD-A63444178-001-01-5,,['PPAR receptor antagonist'],15.866082,8.770051
BR00117026,J12,U2OS,24,AZD9668,compound,BRD-K31476763-001-01-5,,['elastase inhibitor'],16.227179,7.968126
BR00117026,J13,U2OS,24,NQDI-1,compound,BRD-K61918008-001-07-1,,,16.733793,6.672443
BR00117026,J14,U2OS,24,DMSO,compound,,negcon,,17.95081,10.416453
BR00117026,J15,U2OS,24,carzenide,compound,BRD-K09295674-001-09-8,,,16.459993,8.514606
BR00117026,J16,U2OS,24,KU-55933,compound,BRD-K25311561-001-10-7,,['ATM kinase inhibitor'],15.084921,5.497158
BR00117026,J17,U2OS,24,NVP-AEW541,compound,BRD-K24696047-001-02-3,poscon_cp,['IGF-1 inhibitor'],15.768605,5.0198817
BR00117026,J18,U2OS,24,leflunomide,compound,BRD-K78692225-001-24-5,,['PDGFR tyrosine kinase receptor inhibitor'],16.287174,6.895659
BR00117026,J19,U2OS,24,DMSO,compound,,negcon,,18.285427,9.796844
BR00117026,J20,U2OS,24,azacitidine,compound,BRD-K03406345-001-21-1,poscon_diverse,,14.934746,7.044959
BR00117026,J21,U2OS,24,ixabepilone,compound,BRD-K03601870-001-01-2,,['microtubule stabilizing agent'],12.607033,8.219271
BR00117026,J22,U2OS,24,KH-CB19,compound,BRD-K66430217-001-03-8,poscon_cp,['CDC inhibitor'],18.285606,8.99581
BR00117026,J23,U2OS,24,DMSO,compound,,negcon,,17.387005,9.578637
BR00117026,J24,U2OS,24,PF-05190457,compound,BRD-K02554563-001-01-6,,,16.000826,5.6837807
BR00117026,K01,U2OS,24,LDN-212854,compound,BRD-K59831625-001-03-9,,,10.706384,6.432959
BR00117026,K02,U2OS,24,formononetin,compound,BRD-K55567017-001-12-3,,['alcohol dehydrogenase inhibitor'],16.380964,8.912933
BR00117026,K03,U2OS,24,aminopurvalanol-a,compound,BRD-K07762753-001-05-1,poscon_orf,['CDK inhibitor'],14.332255,7.0740223
BR00117026,K04,U2OS,24,ruxolitinib,compound,BRD-K53972329-001-01-3,poscon_cp,['JAK inhibitor'],17.000671,5.9370375
BR00117026,K05,U2OS,24,DMSO,compound,,negcon,,18.300909,9.581349
BR00117026,K06,U2OS,24,DMSO,compound,,negcon,,18.11585,9.59809
BR00117026,K07,U2OS,24,LGK-974,compound,BRD-K16810791-001-01-0,,['porcupine inhibitor'],18.151451,9.045745
BR00117026,K08,U2OS,24,polydatin,compound,BRD-K43236057-001-07-1,,['ICAM1 expression inhibitor'],13.420217,8.001243
BR00117026,K09,U2OS,24,enflurane,compound,BRD-A51831848-001-01-7,,,17.276339,9.2682085
BR00117026,K10,U2OS,24,PFI-1,compound,BRD-K13094524-001-04-2,poscon_cp,,18.314484,9.038324
BR00117026,K11,U2OS,24,AZD7762,compound,BRD-K86525559-001-07-8,poscon_diverse,['CHK inhibitor'],10.811815,6.1783605
BR00117026,K12,U2OS,24,sotrastaurin,compound,BRD-K16761703-001-03-8,,['PKC inhibitor'],17.241295,5.6429734
BR00117026,K13,U2OS,24,DMSO,compound,,negcon,,18.294748,10.288468
BR00117026,K14,U2OS,24,cycloheximide,compound,BRD-K36055864-001-20-0,,['protein synthesis inhibitor'],13.901066,6.8887672
BR00117026,K15,U2OS,24,oxytocin,compound,BRD-K25243230-001-01-2,,,17.147089,8.795917
BR00117026,K16,U2OS,24,DMSO,compound,,negcon,,17.709435,9.716274
BR00117026,K17,U2OS,24,colchicine,compound,BRD-K00259736-001-16-4,,,12.27482,8.636771
BR00117026,K18,U2OS,24,afimoxifene,compound,BRD-K04210847-001-21-9,,,17.075243,8.357122
BR00117026,K19,U2OS,24,DMSO,compound,,negcon,,18.70705,9.601166
BR00117026,K20,U2OS,24,ZK-93423,compound,BRD-K33882852-003-02-8,poscon_diverse,['benzodiazepine receptor agonist'],16.30996,7.386708
BR00117026,K21,U2OS,24,RGB-286638,compound,BRD-K20986415-001-02-6,,['CDK inhibitor'],13.2491255,6.2080293
BR00117026,K22,U2OS,24,FPS-ZM1,compound,BRD-K87691185-001-01-2,,['RAGE receptor antagonist'],16.2235,6.7530003
BR00117026,K23,U2OS,24,flindokalner,compound,BRD-K56740996-001-02-1,,,15.717858,7.5440936
BR00117026,K24,U2OS,24,motesanib,compound,BRD-K99616396-316-05-3,,"['KIT inhibitor', 'VEGFR inhibitor', 'PDGFR tyrosine kinase receptor inhibitor']",15.903569,6.425567
BR00117026,L01,U2OS,24,geldanamycin,compound,BRD-K43570081-001-02-4,,['HSP inhibitor'],13.780146,6.1211767
BR00117026,L02,U2OS,24,DMSO,compound,,negcon,,17.027847,10.088781
BR00117026,L03,U2OS,24,CGP-53353,compound,BRD-K32292990-001-03-6,,"['PKC inhibitor', 'EGFR inhibitor']",17.427755,7.446148
BR00117026,L04,U2OS,24,7-hydroxystaurosporine,compound,BRD-K45293975-001-02-0,,"['CDK inhibitor', 'PKC inhibitor', 'CHK inhibitor']",10.927449,6.3173814
BR00117026,L05,U2OS,24,DMSO,compound,,negcon,,17.416353,9.960441
BR00117026,L06,U2OS,24,DMSO,compound,,negcon,,17.840134,10.078104
BR00117026,L07,U2OS,24,efaproxiral,compound,BRD-K37355418-236-01-6,,,17.702433,9.153194
BR00117026,L08,U2OS,24,SB-203580,compound,BRD-A37704979-001-12-3,poscon_orf,['p38 MAPK inhibitor'],17.268415,5.3541393
BR00117026,L09,U2OS,24,FK-866,compound,BRD-K58550667-001-08-7,poscon_diverse,,16.266802,8.018857
BR00117026,L10,U2OS,24,bepridil,compound,BRD-A91008255-003-24-8,,['calcium channel blocker'],15.984655,6.0098715
BR00117026,L11,U2OS,24,delanzomib,compound,BRD-K59325863-001-04-4,,,11.079693,6.4159136
BR00117026,L12,U2OS,24,buparlisib,compound,BRD-K42191735-001-08-7,poscon_diverse,,12.381431,8.329153
BR00117026,L13,U2OS,24,phenylbutazone,compound,BRD-K10843433-001-23-5,,"['cyclooxygenase inhibitor', 'prostanoid receptor antagonist']",16.516949,8.373114
BR00117026,L14,U2OS,24,deferasirox,compound,BRD-K97010173-001-04-1,,,16.479202,8.9442625
BR00117026,L15,U2OS,24,DMSO,compound,,negcon,,18.018492,9.641023
BR00117026,L16,U2OS,24,cediranib,compound,BRD-K86930074-001-05-0,,"['KIT inhibitor', 'VEGFR inhibitor']",15.664204,4.538897
BR00117026,L17,U2OS,24,isoflurane,compound,BRD-A31564021-001-02-6,,,16.517431,8.50181
BR00117026,L18,U2OS,24,DMSO,compound,,negcon,,17.97254,9.632175
BR00117026,L19,U2OS,24,CCG-50014,compound,BRD-K08893438-001-06-4,,['G protein signaling inhibitor'],17.9525,7.6623917
BR00117026,L20,U2OS,24,PF-431396,compound,BRD-K93788137-001-04-1,,,13.706286,8.636814
BR00117026,L21,U2OS,24,TG-02,compound,BRD-K14560436-001-01-4,,"['CDK inhibitor', 'FLT3 inhibitor', 'JAK inhibitor']",13.257791,6.4592824
BR00117026,L22,U2OS,24,baclofen,compound,BRD-K01826724-003-07-9,,['benzodiazepine receptor agonist'],16.700563,8.398087
BR00117026,L23,U2OS,24,thiostrepton,compound,BRD-A20697603-001-07-2,,['protein synthesis inhibitor'],14.217201,6.7936225
BR00117026,L24,U2OS,24,flufenamic-acid,compound,BRD-K44067360-001-29-5,,,15.858721,7.6396136
BR00117026,M01,U2OS,24,DMSO,compound,,negcon,,16.852991,10.028556
BR00117026,M02,U2OS,24,LY2109761,compound,BRD-K47557313-001-02-7,,,17.174202,5.4369793
BR00117026,M03,U2OS,24,olopatadine,compound,BRD-K67637637-003-11-8,,['histamine receptor antagonist'],17.710924,9.045961
BR00117026,M04,U2OS,24,DMSO,compound,,negcon,,18.774616,10.140404
BR00117026,M05,U2OS,24,castanospermine,compound,BRD-K20897876-001-11-8,,['glucosidase inhibitor'],17.791145,8.94526
BR00117026,M06,U2OS,24,A205804,compound,BRD-K77627880-001-04-0,,['ICAM1 expression inhibitor'],15.00662,8.76787
BR00117026,M07,U2OS,24,VU591,compound,BRD-K72063794-003-01-0,,['potassium channel blocker'],16.571848,7.565943
BR00117026,M08,U2OS,24,dalbavancin,compound,BRD-K30177383-001-01-0,,['bacterial cell wall synthesis inhibitor'],17.522007,9.166819
BR00117026,M09,U2OS,24,CC-401,compound,BRD-K45746021-003-01-9,,['JNK inhibitor'],17.435097,5.7675834
BR00117026,M10,U2OS,24,ganetespib,compound,BRD-K38852836-001-04-9,poscon_diverse,['HSP inhibitor'],13.885933,6.1379185
BR00117026,M11,U2OS,24,ingenol-mebutate,compound,BRD-K93779381-001-01-9,,,16.224636,6.230897
BR00117026,M12,U2OS,24,menadione,compound,BRD-K78126613-001-27-7,,,14.773121,7.687455
BR00117026,M13,U2OS,24,cetilistat,compound,BRD-K94863486-001-02-2,,,17.88345,9.107546
BR00117026,M14,U2OS,24,methoxsalen,compound,BRD-K63430059-001-16-4,,['DNA synthesis inhibitor'],18.271955,9.242714
BR00117026,M15,U2OS,24,cyclosporine,compound,BRD-K13533483-001-16-2,,,14.400885,6.439591
BR00117026,M16,U2OS,24,NSC-632839,compound,BRD-K81197548-003-01-4,poscon_cp,['ubiquitin specific protease inhibitor'],11.074257,6.2637663
BR00117026,M17,U2OS,24,DMSO,compound,,negcon,,18.37889,10.266999
BR00117026,M18,U2OS,24,TG-003,compound,BRD-K97072811-001-11-4,poscon_cp,,17.130465,8.020446
BR00117026,M19,U2OS,24,oxibendazole,compound,BRD-K52075715-001-06-7,,['tubulin polymerization inhibitor'],12.3393,8.504766
BR00117026,M20,U2OS,24,TG-101348,compound,BRD-K12502280-001-11-4,poscon_cp,"['JAK inhibitor', 'FLT3 inhibitor']",12.253775,5.857213
BR00117026,M21,U2OS,24,miglitol,compound,BRD-A63310107-001-04-8,,['glucosidase inhibitor'],18.045038,9.417086
BR00117026,M22,U2OS,24,DMSO,compound,,negcon,,18.34155,10.222485
BR00117026,M23,U2OS,24,DMSO,compound,,negcon,,18.726133,9.478432
BR00117026,M24,U2OS,24,tranilast,compound,BRD-K17849083-001-32-9,,,15.714523,8.063706
BR00117026,N01,U2OS,24,4-methylhistamine,compound,BRD-K70821460-300-02-4,,['histamine receptor agonist'],15.569033,9.324411
BR00117026,N02,U2OS,24,LDN-27219,compound,BRD-K51485109-001-01-4,,,16.145824,8.144659
BR00117026,N03,U2OS,24,anisomycin,compound,BRD-K91370081-001-25-1,,['DNA synthesis inhibitor'],11.731737,6.452642
BR00117026,N04,U2OS,24,thioguanine,compound,BRD-K49350383-001-13-7,poscon_diverse,,14.948528,6.820232
BR00117026,N05,U2OS,24,droxinostat,compound,BRD-K11558771-001-13-9,,['HDAC inhibitor'],17.425585,8.2535515
BR00117026,N06,U2OS,24,UNC2025,compound,BRD-K91283740-003-01-6,poscon_cp,['FLT3 inhibitor'],13.6310215,6.796814
BR00117026,N07,U2OS,24,DMSO,compound,,negcon,,17.727436,10.16273
BR00117026,N08,U2OS,24,DMSO,compound,,negcon,,17.550812,9.467697
BR00117026,N09,U2OS,24,AMG900,compound,BRD-K21728777-001-02-3,poscon_cp,['Aurora kinase inhibitor'],13.729684,8.835721
BR00117026,N10,U2OS,24,PF-06463922,compound,BRD-A23124853-001-01-4,,['ALK tyrosine kinase receptor inhibitor'],15.932814,6.050618
BR00117026,N11,U2OS,24,orantinib,compound,BRD-K55966568-001-09-6,poscon_cp,"['FGFR inhibitor', 'PDGFR tyrosine kinase receptor inhibitor', 'VEGFR inhibitor']",16.019997,8.12945
BR00117026,N12,U2OS,24,fludarabine-phosphate,compound,BRD-K71106091-001-09-5,,['ribonucleotide reductase inhibitor'],14.500739,8.811574
BR00117026,N13,U2OS,24,ceritinib,compound,BRD-K22149900-001-06-2,,['ALK tyrosine kinase receptor inhibitor'],15.857929,5.5831337
BR00117026,N14,U2OS,24,NVS-PAK1-1,compound,BRD-K28132190-001-02-0,poscon_cp,['p21 activated kinase inhibitor'],15.237536,5.99876
BR00117026,N15,U2OS,24,homoharringtonine,compound,BRD-K76674262-001-03-3,,['protein synthesis inhibitor'],11.946216,6.4419537
BR00117026,N16,U2OS,24,picrotoxinin,compound,BRD-K36461289-001-05-8,,['GABA receptor antagonist'],16.156599,8.704521
BR00117026,N17,U2OS,24,DMSO,compound,,negcon,,18.219875,10.217406
BR00117026,N18,U2OS,24,danusertib,compound,BRD-K07881437-001-03-8,poscon_diverse,"['growth factor receptor inhibitor', 'Aurora kinase inhibitor']",13.828608,8.749002
BR00117026,N19,U2OS,24,romidepsin,compound,BRD-K61397605-001-01-8,poscon_cp,['HDAC inhibitor'],11.852749,6.5791535
BR00117026,N20,U2OS,24,FERb-033,compound,BRD-K61642990-001-01-0,poscon_cp,['EGFR inhibitor'],16.45876,6.787347
BR00117026,N21,U2OS,24,PF-03758309,compound,BRD-K37764012-001-03-3,poscon_diverse,['p21 activated kinase inhibitor'],13.519471,6.5463853
BR00117026,N22,U2OS,24,DMSO,compound,,negcon,,18.520956,10.126285
BR00117026,N23,U2OS,24,trometamol,compound,BRD-K47978074-001-03-2,,,17.16308,9.001061
BR00117026,N24,U2OS,24,simvastatin,compound,BRD-K22134346-001-22-3,,['HMGCR inhibitor'],15.351012,6.113079
BR00117026,O01,U2OS,24,zaprinast,compound,BRD-K16542329-001-16-8,,['phosphodiesterase inhibitor'],15.564163,9.3384
BR00117026,O02,U2OS,24,dexamethasone,compound,BRD-A10188456-001-04-9,,['glucocorticoid receptor agonist'],16.08213,7.4801307
BR00117026,O03,U2OS,24,salicylic-acid,compound,BRD-K93632104-001-17-2,,['cyclooxygenase inhibitor'],17.005169,8.776822
BR00117026,O04,U2OS,24,diltiazem,compound,BRD-A69636825-003-04-7,,['calcium channel blocker'],17.596525,8.48093
BR00117026,O05,U2OS,24,phenolphthalein,compound,BRD-K19227686-001-18-6,,,17.88415,8.934517
BR00117026,O06,U2OS,24,niflumic-acid,compound,BRD-K98763141-001-30-8,,['cyclooxygenase inhibitor'],17.5501,8.579182
BR00117026,O07,U2OS,24,DMSO,compound,,negcon,,18.265903,9.985957
BR00117026,O08,U2OS,24,L-Cystine,compound,BRD-A15397381-001-02-5,,,17.135845,7.1560445
BR00117026,O09,U2OS,24,ozanimod,compound,BRD-K46625559-001-01-8,,['sphingosine 1 phosphate receptor agonist'],16.020645,4.7118154
BR00117026,O10,U2OS,24,efaroxan,compound,BRD-A10739734-003-09-8,,['adrenergic receptor antagonist'],17.969126,8.863882
BR00117026,O11,U2OS,24,NBQX,compound,BRD-K11796549-001-05-2,,['glutamate receptor antagonist'],16.693157,7.920366
BR00117026,O12,U2OS,24,dinoprostone,compound,BRD-K26521938-001-07-2,,['prostanoid receptor agonist'],17.072403,7.1862397
BR00117026,O13,U2OS,24,Ro-20-1724,compound,BRD-A07207424-001-14-0,,['phosphodiesterase inhibitor'],16.772793,8.934602
BR00117026,O14,U2OS,24,xanomeline,compound,BRD-K72815923-034-02-0,,['acetylcholine receptor agonist'],17.395647,9.25523
BR00117026,O15,U2OS,24,terazosin,compound,BRD-K01825589-310-02-9,,['adrenergic receptor antagonist'],17.179981,8.952034
BR00117026,O16,U2OS,24,BVT-948,compound,BRD-K68567222-001-01-2,,,12.600134,5.9206266
BR00117026,O17,U2OS,24,nicotine,compound,BRD-K01825660-322-01-9,,['acetylcholine receptor agonist'],17.584621,8.96678
BR00117026,O18,U2OS,24,DMSO,compound,,negcon,,18.540075,9.949192
BR00117026,O19,U2OS,24,U-0521,compound,BRD-K08953028-001-09-6,,,17.252493,7.7944717
BR00117026,O20,U2OS,24,BMS-587101,compound,BRD-K20093108-001-02-3,,,16.18924,7.5182033
BR00117026,O21,U2OS,24,nimodipine,compound,BRD-A58048407-001-20-4,,['calcium channel blocker'],16.426212,7.0008736
BR00117026,O22,U2OS,24,pyrrolidine-dithiocarbamate,compound,BRD-K80970344-201-08-6,,,11.749827,6.4162397
BR00117026,O23,U2OS,24,PF-915275,compound,BRD-K18289362-001-02-2,,,17.661888,9.0026045
BR00117026,O24,U2OS,24,JTE-013,compound,BRD-K43330982-001-02-3,,,15.668405,8.370922
BR00117026,P01,U2OS,24,sodium-butyrate,compound,BRD-K05878375-236-05-7,,['HDAC inhibitor'],15.318773,9.207876
BR00117026,P02,U2OS,24,pentostatin,compound,BRD-K91543828-001-02-0,,['ribonucleotide reductase inhibitor'],15.545681,9.297528
BR00117026,P03,U2OS,24,OMDM-2,compound,BRD-K48830578-001-01-9,,,15.674086,9.171055
BR00117026,P04,U2OS,24,nalmefene,compound,BRD-A72767275-003-01-6,,,15.991631,9.492176
BR00117026,P05,U2OS,24,DMSO,compound,,negcon,,16.52303,9.802651
BR00117026,P06,U2OS,24,1-EBIO,compound,BRD-K70586315-001-02-4,,,16.279,9.58682
BR00117026,P07,U2OS,24,SB-505124,compound,BRD-K40109029-001-02-9,,['ALK tyrosine kinase receptor inhibitor'],14.9158125,7.65903
BR00117026,P08,U2OS,24,prasugrel,compound,BRD-A83029242-001-06-1,,['purinergic receptor antagonist'],15.417826,8.180178
BR00117026,P09,U2OS,24,pidolic-acid,compound,BRD-K57313110-001-06-8,,,15.4568205,8.636577
BR00117026,P10,U2OS,24,DMSO,compound,,negcon,,16.554914,9.796624
BR00117026,P11,U2OS,24,nevirapine,compound,BRD-K15502390-001-20-9,,,16.365337,9.53382
BR00117026,P12,U2OS,24,triamterene,compound,BRD-K92049597-001-20-8,,['sodium channel blocker'],15.867855,8.183841
BR00117026,P13,U2OS,24,regorafenib,compound,BRD-K16730910-001-07-3,,"['PDGFR tyrosine kinase receptor inhibitor', 'RAF inhibitor', 'KIT inhibitor', 'RET tyrosine kinase inhibitor', 'FGFR inhibitor', 'VEGFR inhibitor']",15.755126,6.5056787
BR00117026,P14,U2OS,24,cyclophosphamide,compound,BRD-A09722536-002-18-0,,,15.774367,8.726493
BR00117026,P15,U2OS,24,olanzapine,compound,BRD-K18895904-001-16-1,,"['dopamine receptor antagonist', 'serotonin receptor antagonist']",15.602631,5.1943026
BR00117026,P16,U2OS,24,KI-16425,compound,BRD-A25569250-001-03-3,,['lysophosphatidic acid receptor antagonist'],15.86491,9.085893
BR00117026,P17,U2OS,24,SKLB1002,compound,BRD-K29895144-001-01-0,,['VEGFR inhibitor'],14.894987,7.5477066
BR00117026,P18,U2OS,24,cilostazol,compound,BRD-K67017579-001-28-1,,['phosphodiesterase inhibitor'],15.976288,8.262209
BR00117026,P19,U2OS,24,AZD1283,compound,BRD-K77060810-001-01-5,,['purinergic receptor antagonist'],15.813072,8.732649
BR00117026,P20,U2OS,24,A-987306,compound,BRD-K68982262-001-01-4,,['histamine receptor antagonist'],15.809518,4.926416
BR00117026,P21,U2OS,24,procaine,compound,BRD-K24616672-003-20-1,,['HMGCR inhibitor'],15.92654,8.450422
BR00117026,P22,U2OS,24,miconazole,compound,BRD-A82396632-008-30-8,,['bacterial cell wall synthesis inhibitor'],16.365625,7.410374
BR00117026,P23,U2OS,24,loperamide,compound,BRD-K61250553-003-30-6,,,15.5398855,7.993516
BR00117026,P24,U2OS,24,aripiprazole,compound,BRD-K70358946-001-17-3,,['serotonin receptor antagonist'],15.557635,8.461618
