plate,well,cell_type,timepoint,compound,perturbation,broad_sample,control_type,moas,umap_1,umap_2
BR00117010,A01,U2OS,48,gabapentin-enacarbil,compound,BRD-A86665761-001-01-1,,,3.8940241,-5.2368493
BR00117010,A02,U2OS,48,DMSO,compound,,negcon,,3.8795311,-5.9448195
BR00117010,A03,U2OS,48,amlodipine,compound,BRD-A22032524-074-09-9,,['calcium channel blocker'],3.3123977,-4.9138784
BR00117010,A04,U2OS,48,hexestrol,compound,BRD-A01078468-001-14-8,,,3.1138906,-5.394037
BR00117010,A05,U2OS,48,quinine,compound,BRD-K48278478-001-01-2,,,3.99922,-6.5336065
BR00117010,A06,U2OS,48,LOXO-101,compound,BRD-K36574127-001-01-3,,,3.252711,-5.553771
BR00117010,A07,U2OS,48,brinzolamide,compound,BRD-K74913225-001-14-0,,['carbonic anhydrase inhibitor'],3.9074087,-5.697162
BR00117010,A08,U2OS,48,NS-11021,compound,BRD-K94342292-001-01-3,,['calcium-activated potassium channel activator'],5.2405825,0.8236878
BR00117010,A09,U2OS,48,DMSO,compound,,negcon,,3.726773,-6.2157583
BR00117010,A10,U2OS,48,GNF-5837,compound,BRD-K19975102-001-01-2,,['growth factor receptor inhibitor'],4.2675753,-3.5528765
BR00117010,A11,U2OS,48,apatinib,compound,BRD-K25244359-066-02-6,,['RET tyrosine kinase inhibitor'],2.9940135,-6.3076634
BR00117010,A12,U2OS,48,ethoxzolamide,compound,BRD-K18131774-001-18-4,,['carbonic anhydrase inhibitor'],3.8157659,-5.920988
BR00117010,A13,U2OS,48,ascorbic-acid,compound,BRD-A85242401-001-11-5,,,5.1057873,-1.9616494
BR00117010,A14,U2OS,48,ryuvidine,compound,BRD-K06426971-001-02-7,,['histone lysine methyltransferase inhibitor'],0.0106089935,16.375437
BR00117010,A15,U2OS,48,BAN-ORL-24,compound,BRD-K47049295-300-03-1,,,3.1598039,11.789257
BR00117010,A16,U2OS,48,NNC-55-0396,compound,BRD-K78122587-300-04-3,,,4.563857,6.8233333
BR00117010,A17,U2OS,48,DMSO,compound,,negcon,,3.5574572,-6.217074
BR00117010,A18,U2OS,48,WH-4-023,compound,BRD-K50199947-001-03-4,,['src inhibitor'],2.4609787,11.1331835
BR00117010,A19,U2OS,48,flupirtine,compound,BRD-K50720187-051-03-1,,['glutamate receptor antagonist'],3.5161028,-5.444733
BR00117010,A20,U2OS,48,ZK811752,compound,BRD-K91825936-001-03-9,,,3.659098,-6.032826
BR00117010,A21,U2OS,48,dexamethasone,compound,BRD-K38775274-001-22-1,,['glucocorticoid receptor agonist'],2.12837,-6.1578126
BR00117010,A22,U2OS,48,PP-1,compound,BRD-K47598052-001-14-1,,['src inhibitor'],2.364039,10.517927
BR00117010,A23,U2OS,48,DDR1-IN-1,compound,BRD-K61845293-300-01-9,,,4.9110403,6.1994295
BR00117010,A24,U2OS,48,AVL-292,compound,BRD-K87782578-001-01-4,,"[""Bruton's tyrosine kinase (BTK) inhibitor""]",2.0033724,11.446543
BR00117010,B01,U2OS,48,H2L-5765834,compound,BRD-K26439554-001-01-3,,['lysophosphatidic acid receptor antagonist'],3.6070168,-6.756639
BR00117010,B02,U2OS,48,thiostrepton,compound,BRD-K58049875-001-03-9,,['protein synthesis inhibitor'],0.7733861,15.593991
BR00117010,B03,U2OS,48,DMSO,compound,,negcon,,3.925581,-6.6084814
BR00117010,B04,U2OS,48,arcyriaflavin-a,compound,BRD-K72726508-001-02-1,,['CDK inhibitor'],1.068959,11.306192
BR00117010,B05,U2OS,48,CYM-5520,compound,BRD-K29151923-001-01-5,,['sphingosine 1 phosphate receptor agonist'],5.5349026,-6.834081
BR00117010,B06,U2OS,48,fludarabine,compound,BRD-K66788707-001-14-3,,['ribonucleotide reductase inhibitor'],-1.7410147,7.5298367
BR00117010,B07,U2OS,48,alda-1,compound,BRD-K06890060-001-09-1,,,3.8381922,-6.335964
BR00117010,B08,U2OS,48,meclofenamic-acid,compound,BRD-K50398167-236-22-7,,"['cyclooxygenase inhibitor', 'prostanoid receptor antagonist']",5.5425105,-6.699279
BR00117010,B09,U2OS,48,GNF-5,compound,BRD-K87632963-001-03-0,,['Bcr-Abl kinase inhibitor'],3.5758903,-5.8040605
BR00117010,B10,U2OS,48,NS-309,compound,BRD-K37602296-001-01-6,,['calcium-activated potassium channel activator'],3.621048,-6.777671
BR00117010,B11,U2OS,48,AK-7,compound,BRD-K09143580-001-01-0,,['SIRT inhibitor'],4.990922,-4.5574203
BR00117010,B12,U2OS,48,BVT-948,compound,BRD-A22713669-001-04-3,,,-0.085619666,16.42316
BR00117010,B13,U2OS,48,SirReal-2,compound,BRD-K16472653-001-01-6,,['SIRT inhibitor'],1.7097198,-5.3246174
BR00117010,B14,U2OS,48,DMSO,compound,,negcon,,3.4332461,-6.348384
BR00117010,B15,U2OS,48,BMS-536924,compound,BRD-K34581968-001-05-3,,['IGF-1 inhibitor'],2.0380647,11.303217
BR00117010,B16,U2OS,48,PP-121,compound,BRD-K81801188-001-02-8,,['protein tyrosine kinase inhibitor'],1.9183025,11.665543
BR00117010,B17,U2OS,48,MCOPPB,compound,BRD-K73276278-305-01-1,,,5.270858,7.199205
BR00117010,B18,U2OS,48,ozagrel,compound,BRD-K53061490-003-13-9,,,3.9613097,-6.288121
BR00117010,B19,U2OS,48,CYM-5442,compound,BRD-A43005764-003-01-5,,['sphingosine 1 phosphate receptor agonist'],4.76824,6.514429
BR00117010,B20,U2OS,48,CVT-10216,compound,BRD-K60659193-001-01-0,,,3.6916852,-6.4377284
BR00117010,B21,U2OS,48,TCN201,compound,BRD-K09787262-001-02-7,,['glutamate receptor antagonist'],3.3176348,-5.960587
BR00117010,B22,U2OS,48,fomepizole,compound,BRD-K56810756-003-07-7,,['alcohol dehydrogenase inhibitor'],1.6443818,-4.9869843
BR00117010,B23,U2OS,48,benzamil,compound,BRD-K87158025-003-08-7,,['sodium channel blocker'],3.6010563,-6.311708
BR00117010,B24,U2OS,48,lercanidipine,compound,BRD-A18992208-003-02-7,,['calcium channel blocker'],2.7214475,-4.4779506
BR00117010,C01,U2OS,48,4-CMTB,compound,BRD-A54139254-001-09-2,,['free fatty acid receptor agonist'],4.37981,-6.286423
BR00117010,C02,U2OS,48,ML-228,compound,BRD-K44432556-001-05-5,,,6.195395,-6.576442
BR00117010,C03,U2OS,48,DMSO,compound,,negcon,,4.2051625,-6.4315605
BR00117010,C04,U2OS,48,GSK1070916,compound,BRD-K36740062-001-06-6,,['Aurora kinase inhibitor'],2.1254952,12.317017
BR00117010,C05,U2OS,48,ML-193,compound,BRD-K27539181-001-08-5,,,4.1454315,-6.396728
BR00117010,C06,U2OS,48,DMSO,compound,,negcon,,3.9671082,-6.419541
BR00117010,C07,U2OS,48,M-25,compound,BRD-K51265828-001-01-0,,['smoothened receptor antagonist'],4.0918665,-6.4928255
BR00117010,C08,U2OS,48,azeliragon,compound,BRD-K51899933-001-02-6,,['RAGE receptor antagonist'],1.1857878,15.328739
BR00117010,C09,U2OS,48,CYT-997,compound,BRD-K23363278-001-02-1,poscon_diverse,['tubulin polymerization inhibitor'],2.4562442,14.712195
BR00117010,C10,U2OS,48,AR-12,compound,BRD-K90497590-001-05-9,,,0.47040185,16.094599
BR00117010,C11,U2OS,48,CYM-50260,compound,BRD-K69877120-001-01-7,,['sphingosine 1 phosphate receptor agonist'],4.7514367,-6.6683335
BR00117010,C12,U2OS,48,DMSO,compound,,negcon,,4.0003247,-6.766125
BR00117010,C13,U2OS,48,KG-5,compound,BRD-K90747162-001-01-4,poscon_cp,['RAF inhibitor'],2.9241285,13.735581
BR00117010,C14,U2OS,48,JTE-607,compound,BRD-K81405859-300-01-4,,,-1.5346992,7.765078
BR00117010,C15,U2OS,48,DMSO,compound,,negcon,,3.5485492,-6.390168
BR00117010,C16,U2OS,48,ilomastat,compound,BRD-K51662849-001-05-4,,['matrix metalloprotease inhibitor'],4.021928,-6.276199
BR00117010,C17,U2OS,48,RX-821002,compound,BRD-A65597028-003-08-1,,['adrenergic receptor antagonist'],4.488193,-6.3948984
BR00117010,C18,U2OS,48,DMSO,compound,,negcon,,4.018984,-6.630997
BR00117010,C19,U2OS,48,TUG-891,compound,BRD-K24282351-001-01-4,,['free fatty acid receptor agonist'],4.107209,-6.4146996
BR00117010,C20,U2OS,48,ponatinib,compound,BRD-K44227013-001-08-0,,"['PDGFR tyrosine kinase receptor inhibitor', 'FLT3 inhibitor', 'Bcr-Abl kinase inhibitor']",0.60983074,15.953555
BR00117010,C21,U2OS,48,DMSO,compound,,negcon,,3.8775682,-6.3472843
BR00117010,C22,U2OS,48,puromycin,compound,BRD-K01824976-300-02-9,,['protein synthesis inhibitor'],0.5145629,15.949004
BR00117010,C23,U2OS,48,SRC-kinase-inhibitor-I,compound,BRD-K50495309-001-02-0,,['src inhibitor'],4.9526715,6.3324804
BR00117010,C24,U2OS,48,acetylcysteine,compound,BRD-K59058747-001-19-1,,,2.047944,-5.5937796
BR00117010,D01,U2OS,48,NSC-625987,compound,BRD-K62949423-001-03-1,,['CDK inhibitor'],3.4760845,-6.380809
BR00117010,D02,U2OS,48,dalfampridine,compound,BRD-K22482860-001-20-6,,['potassium channel blocker'],3.971888,-6.374912
BR00117010,D03,U2OS,48,NSC-95397,compound,BRD-K68143200-001-11-7,,['CDC inhibitor'],-0.09450823,15.875997
BR00117010,D04,U2OS,48,alrestatin,compound,BRD-K35498378-001-06-1,,['aldose reductase inhibitor'],3.0677574,-5.9622025
BR00117010,D05,U2OS,48,PF-03758309,compound,BRD-K37764012-001-03-3,poscon_diverse,['p21 activated kinase inhibitor'],5.5689707,-6.659825
BR00117010,D06,U2OS,48,IRL-2500,compound,BRD-K98357249-001-02-9,,['endothelin receptor antagonist'],3.8557754,-6.3658834
BR00117010,D07,U2OS,48,PF-04217903,compound,BRD-K73319509-001-08-0,poscon_cp,,4.009853,-6.4899206
BR00117010,D08,U2OS,48,FK-866,compound,BRD-K58550667-001-08-7,poscon_diverse,,15.660174,8.262357
BR00117010,D09,U2OS,48,amlexanox,compound,BRD-K29530284-001-06-2,,,4.3214,-6.5816884
BR00117010,D10,U2OS,48,GW-311616,compound,BRD-K37864785-001-01-0,,['elastase inhibitor'],4.840132,-6.610559
BR00117010,D11,U2OS,48,buparlisib,compound,BRD-K42191735-001-08-7,poscon_diverse,,2.48443,14.960093
BR00117010,D12,U2OS,48,amiloride,compound,BRD-K97181089-003-24-7,,['sodium channel blocker'],3.5431483,-6.3983526
BR00117010,D13,U2OS,48,DG-172,compound,BRD-K75748943-300-01-3,,,4.9087434,6.190074
BR00117010,D14,U2OS,48,DMSO,compound,,negcon,,3.7370787,-6.591984
BR00117010,D15,U2OS,48,DMSO,compound,,negcon,,3.6881385,-6.7591686
BR00117010,D16,U2OS,48,NVP-ADW742,compound,BRD-K15179513-001-04-2,poscon_cp,,4.6999993,7.190437
BR00117010,D17,U2OS,48,misoprostol,compound,BRD-A72351335-001-04-5,,['prostanoid receptor agonist'],5.286979,-6.4410787
BR00117010,D18,U2OS,48,conivaptan,compound,BRD-K37385792-003-02-1,,,3.374466,-4.2046504
BR00117010,D19,U2OS,48,spiroxatrine,compound,BRD-A72483914-001-03-7,,['serotonin receptor antagonist'],3.4543064,-6.135002
BR00117010,D20,U2OS,48,diacerein,compound,BRD-K69122748-001-10-1,,,2.4802592,-5.9323745
BR00117010,D21,U2OS,48,DMSO,compound,,negcon,,4.038124,-6.464928
BR00117010,D22,U2OS,48,DMSO,compound,,negcon,,3.8878133,-6.3182683
BR00117010,D23,U2OS,48,glyburide,compound,BRD-K36927236-001-36-7,,['ATP channel blocker'],2.4235158,-5.768675
BR00117010,D24,U2OS,48,ANR-94,compound,BRD-K31170746-001-01-6,,,2.53205,-5.376841
BR00117010,E01,U2OS,48,TFC-007,compound,BRD-K57708067-001-01-3,,,4.009791,-6.352059
BR00117010,E02,U2OS,48,trihexyphenidyl,compound,BRD-A48180038-003-24-3,,['acetylcholine receptor antagonist'],3.773272,-6.2367563
BR00117010,E03,U2OS,48,epoprostenol,compound,BRD-K64054020-001-02-7,,,4.7399464,-6.51283
BR00117010,E04,U2OS,48,sacubitril,compound,BRD-K91456750-001-01-9,,,4.0967765,-6.274147
BR00117010,E05,U2OS,48,danusertib,compound,BRD-K07881437-001-03-8,poscon_diverse,"['growth factor receptor inhibitor', 'Aurora kinase inhibitor']",-1.3585505,8.14312
BR00117010,E06,U2OS,48,CYT-997,compound,BRD-K23363278-001-02-1,poscon_diverse,['tubulin polymerization inhibitor'],2.5437768,14.667111
BR00117010,E07,U2OS,48,DMSO,compound,,negcon,,4.0404468,-6.7580376
BR00117010,E08,U2OS,48,BQ-788,compound,BRD-K02490038-236-03-8,,['endothelin receptor antagonist'],4.9999847,-6.583565
BR00117010,E09,U2OS,48,SB-202190,compound,BRD-K54330070-001-19-6,poscon_orf,['p38 MAPK inhibitor'],6.2757325,-4.2303963
BR00117010,E10,U2OS,48,GSK2110183,compound,BRD-K25412176-001-01-9,poscon_diverse,,8.446151,-3.740272
BR00117010,E11,U2OS,48,GSK3787,compound,BRD-K03155172-001-03-0,,['PPAR receptor antagonist'],4.185558,-6.5340533
BR00117010,E12,U2OS,48,BAM7,compound,BRD-K07442505-001-03-6,,,3.5272336,-6.1912923
BR00117010,E13,U2OS,48,PHA-793887,compound,BRD-K64800655-001-09-0,poscon_diverse,['CDK inhibitor'],0.033474766,13.985067
BR00117010,E14,U2OS,48,DMSO,compound,,negcon,,4.186748,-6.3412757
BR00117010,E15,U2OS,48,GSK-37647,compound,BRD-K26514105-001-01-7,,['free fatty acid receptor agonist'],3.606035,-6.2994633
BR00117010,E16,U2OS,48,desonide,compound,BRD-K21528677-001-04-4,,['glucocorticoid receptor agonist'],3.5318723,-6.100007
BR00117010,E17,U2OS,48,DMSO,compound,,negcon,,4.1364455,-6.3293786
BR00117010,E18,U2OS,48,aloxistatin,compound,BRD-K91188791-001-17-5,,,4.4161477,-4.21756
BR00117010,E19,U2OS,48,azathioprine,compound,BRD-K32821942-001-22-1,,,2.7629716,-5.733784
BR00117010,E20,U2OS,48,ZK-93423,compound,BRD-K33882852-003-02-8,poscon_diverse,['benzodiazepine receptor agonist'],4.1151114,-3.276407
BR00117010,E21,U2OS,48,BI-2536,compound,BRD-K64890080-001-02-1,poscon_diverse,,3.7791872,15.42975
BR00117010,E22,U2OS,48,EI1,compound,BRD-K91535048-001-01-2,poscon_cp,['histone lysine methyltransferase inhibitor'],2.0158782,-5.5445476
BR00117010,E23,U2OS,48,NVP-HSP990,compound,BRD-K67915505-001-01-2,,['HSP inhibitor'],0.92533267,14.4602785
BR00117010,E24,U2OS,48,DMSO,compound,,negcon,,3.6195943,-6.2290463
BR00117010,F01,U2OS,48,DMSO,compound,,negcon,,3.4786353,-6.5577927
BR00117010,F02,U2OS,48,nialamide,compound,BRD-K12102668-001-25-5,,,3.7747855,-6.4770465
BR00117010,F03,U2OS,48,DMSO,compound,,negcon,,4.0910606,-6.448512
BR00117010,F04,U2OS,48,arundic-acid,compound,BRD-K49223707-001-01-0,,,4.5698543,-6.568632
BR00117010,F05,U2OS,48,torcitabine,compound,BRD-K91822704-003-07-2,,,3.7900572,-6.552856
BR00117010,F06,U2OS,48,DMSO,compound,,negcon,,3.8357558,-6.5123243
BR00117010,F07,U2OS,48,epothilone-b,compound,BRD-K68164687-001-01-6,,"['microtubule stabilizing agent', 'tubulin polymerization inhibitor']",2.8976734,13.908339
BR00117010,F08,U2OS,48,dyphylline,compound,BRD-A00827783-001-24-6,,['phosphodiesterase inhibitor'],3.6559932,-6.7437634
BR00117010,F09,U2OS,48,DMSO,compound,,negcon,,4.193778,-6.380156
BR00117010,F10,U2OS,48,quinidine,compound,BRD-K59632282-052-03-1,,['sodium channel blocker'],5.55546,-6.723301
BR00117010,F11,U2OS,48,halopemide,compound,BRD-K50055394-001-03-6,,,6.643015,-2.4401991
BR00117010,F12,U2OS,48,sulfinpyrazone,compound,BRD-A36217750-001-16-3,,,3.6108887,-6.4496903
BR00117010,F13,U2OS,48,ML-323,compound,BRD-K93942811-001-01-3,poscon_cp,['ubiquitin specific protease inhibitor'],3.7198904,-6.632517
BR00117010,F14,U2OS,48,racecadotril,compound,BRD-A08187463-001-12-9,,,3.6988614,-6.639263
BR00117010,F15,U2OS,48,BRL-50481,compound,BRD-K84266862-001-03-2,,['phosphodiesterase inhibitor'],5.0762434,-6.4447856
BR00117010,F16,U2OS,48,GSK2110183,compound,BRD-K25412176-001-01-9,poscon_diverse,,8.45542,-3.7327716
BR00117010,F17,U2OS,48,bufexamac,compound,BRD-K36660044-001-24-2,,['cyclooxygenase inhibitor'],3.699404,-6.6241093
BR00117010,F18,U2OS,48,anandamide,compound,BRD-K42352790-001-05-3,,,3.8456352,-6.5854096
BR00117010,F19,U2OS,48,thioguanine,compound,BRD-K49350383-001-13-7,poscon_diverse,,-0.040073615,11.060939
BR00117010,F20,U2OS,48,IWP-L6,compound,BRD-K53234107-001-01-6,,['porcupine inhibitor'],2.9873915,-5.694451
BR00117010,F21,U2OS,48,edoxaban,compound,BRD-K29322660-001-01-9,,['coagulation factor inhibitor'],5.1839175,-6.6678343
BR00117010,F22,U2OS,48,lonafarnib,compound,BRD-K41599323-001-02-3,poscon_diverse,,4.343608,11.908904
BR00117010,F23,U2OS,48,ibutamoren,compound,BRD-K44771174-066-01-0,,,2.7665486,-5.690745
BR00117010,F24,U2OS,48,somatostatin,compound,BRD-K14681867-001-01-6,,['somatostatin receptor agonist'],3.4885864,-6.2423167
BR00117010,G01,U2OS,48,L-proline,compound,BRD-K01666412-001-02-0,,,3.9213212,-6.238109
BR00117010,G02,U2OS,48,zamifenacin,compound,BRD-K80451230-051-02-6,,['acetylcholine receptor antagonist'],4.0476885,-6.2947526
BR00117010,G03,U2OS,48,YC-1,compound,BRD-K60476892-001-16-1,,,-0.65638417,13.372168
BR00117010,G04,U2OS,48,DMSO,compound,,negcon,,4.0941687,-6.8500814
BR00117010,G05,U2OS,48,ME-0328,compound,BRD-K24283677-001-01-9,,['PPAR receptor antagonist'],3.4018521,-6.1347356
BR00117010,G06,U2OS,48,NSC-663284,compound,BRD-K03109492-001-02-2,,['CDC inhibitor'],-0.08330914,16.42679
BR00117010,G07,U2OS,48,CYM-50358,compound,BRD-K80666802-003-01-0,,,4.053614,-6.724863
BR00117010,G08,U2OS,48,trazodone,compound,BRD-K70778732-003-27-5,,"['adrenergic receptor antagonist', 'serotonin receptor antagonist']",4.22769,-6.627947
BR00117010,G09,U2OS,48,DMSO,compound,,negcon,,3.967618,-6.474687
BR00117010,G10,U2OS,48,DMSO,compound,,negcon,,3.9032304,-6.7041492
BR00117010,G11,U2OS,48,sulfasalazine,compound,BRD-K10670311-001-17-1,,['cyclooxygenase inhibitor'],4.215982,-6.5682487
BR00117010,G12,U2OS,48,"2,5-furandimethanol",compound,BRD-K29791386-001-01-8,,,3.846075,-6.4063277
BR00117010,G13,U2OS,48,DMSO,compound,,negcon,,4.1510057,-6.3865905
BR00117010,G14,U2OS,48,dilazep,compound,BRD-K48722258-300-11-0,,,3.902613,-6.6299014
BR00117010,G15,U2OS,48,felodipine,compound,BRD-A30815329-001-12-1,,['calcium channel blocker'],3.8848581,-6.5446563
BR00117010,G16,U2OS,48,paliperidone,compound,BRD-A99888680-001-05-3,,"['dopamine receptor antagonist', 'serotonin receptor antagonist']",3.2946398,-6.1019573
BR00117010,G17,U2OS,48,purvalanol-a,compound,BRD-K50836978-001-03-3,poscon_orf,['CDK inhibitor'],0.0077352948,7.370844
BR00117010,G18,U2OS,48,DMSO,compound,,negcon,,3.814584,-6.475541
BR00117010,G19,U2OS,48,Ro-1138452,compound,BRD-K77220725-003-01-5,,['prostanoid receptor antagonist'],3.6347394,-6.108485
BR00117010,G20,U2OS,48,sorbinil,compound,BRD-A89164055-001-03-3,,['aldose reductase inhibitor'],3.6650338,-6.374182
BR00117010,G21,U2OS,48,TC-S-7004,compound,BRD-K89517477-001-01-4,poscon_cp,['DYRK inhibitor'],5.3524313,-3.591901
BR00117010,G22,U2OS,48,saclofen,compound,BRD-A24122750-001-03-7,,['GABA receptor antagonist'],4.0670276,-6.5680366
BR00117010,G23,U2OS,48,BAY-87-2243,compound,BRD-K70463136-001-01-5,,,4.0481453,-3.261425
BR00117010,G24,U2OS,48,ibudilast,compound,BRD-K16444452-001-09-1,,['phosphodiesterase inhibitor'],3.9343078,-6.5338087
BR00117010,H01,U2OS,48,briciclib,compound,BRD-K05531427-001-01-7,,,2.431245,14.748551
BR00117010,H02,U2OS,48,2-Oleoylglycerol,compound,BRD-K77087341-001-02-4,,,4.15741,-6.6221547
BR00117010,H03,U2OS,48,RGFP966,compound,BRD-K61688984-001-02-9,poscon_cp,['HDAC inhibitor'],5.5637727,-1.5503922
BR00117010,H04,U2OS,48,DMSO,compound,,negcon,,3.9227781,-6.56542
BR00117010,H05,U2OS,48,azacitidine,compound,BRD-K03406345-001-21-1,poscon_diverse,,3.9684386,-6.7107944
BR00117010,H06,U2OS,48,N6-cyclopentyladenosine,compound,BRD-K60150510-001-15-6,,,3.957936,-6.976737
BR00117010,H07,U2OS,48,filgotinib,compound,BRD-K16803204-001-01-6,poscon_cp,['JAK inhibitor'],4.162474,-6.913561
BR00117010,H08,U2OS,48,guanidine,compound,BRD-K76037122-001-02-5,,['HSP inhibitor'],3.71849,-6.821642
BR00117010,H09,U2OS,48,coumarin,compound,BRD-K23913458-001-20-7,,,3.8128462,-6.7821445
BR00117010,H10,U2OS,48,DMSO,compound,,negcon,,3.9869406,-6.343548
BR00117010,H11,U2OS,48,ZM-336372,compound,BRD-K73789395-001-09-9,poscon_orf,['RAF inhibitor'],3.6675158,-6.5064826
BR00117010,H12,U2OS,48,citric-acid,compound,BRD-K76792669-001-08-1,,['coagulation factor inhibitor'],3.4528387,-6.7587724
BR00117010,H13,U2OS,48,DMSO,compound,,negcon,,3.8027155,-6.87015
BR00117010,H14,U2OS,48,CCG-63802,compound,BRD-K26970495-001-02-7,,['G protein signaling inhibitor'],4.6928496,-6.6886787
BR00117010,H15,U2OS,48,ibutilide,compound,BRD-A74391928-051-03-9,,['potassium channel blocker'],3.530591,-6.6813693
BR00117010,H16,U2OS,48,batimastat,compound,BRD-K82818427-001-04-8,,['matrix metalloprotease inhibitor'],4.8801193,-2.8062966
BR00117010,H17,U2OS,48,DMSO,compound,,negcon,,4.4380884,-6.5628543
BR00117010,H18,U2OS,48,DMSO,compound,,negcon,,3.8101964,-6.6867795
BR00117010,H19,U2OS,48,UNC1999,compound,BRD-K26989966-001-04-3,poscon_cp,['histone lysine methyltransferase inhibitor'],1.1642367,15.434787
BR00117010,H20,U2OS,48,glutamine-(l),compound,BRD-K83896451-001-06-7,,,4.140483,-6.687753
BR00117010,H21,U2OS,48,PD-98059,compound,BRD-K62810658-001-11-4,poscon_orf,,3.4516199,-6.234216
BR00117010,H22,U2OS,48,enilconazole,compound,BRD-K01825690-065-01-9,,,5.4233675,-6.7709637
BR00117010,H23,U2OS,48,N-alpha-Methylhistamine-dihydrochloride,compound,BRD-K75390981-300-04-9,,['histamine receptor agonist'],3.6197543,-6.101538
BR00117010,H24,U2OS,48,GK921,compound,BRD-K38272302-001-02-7,,,-1.161212,14.135452
BR00117010,I01,U2OS,48,nilvadipine,compound,BRD-A84687895-001-03-2,,['calcium channel blocker'],4.3202896,-6.467456
BR00117010,I02,U2OS,48,DMSO,compound,,negcon,,4.2628145,-6.2469425
BR00117010,I03,U2OS,48,AC-710,compound,BRD-K15819326-001-01-6,,['PDGFR tyrosine kinase receptor inhibitor'],4.2315135,7.3525925
BR00117010,I04,U2OS,48,PETCM,compound,BRD-A93477898-001-04-2,,,3.8882918,-6.3399987
BR00117010,I05,U2OS,48,AZD7762,compound,BRD-K86525559-001-07-8,poscon_diverse,['CHK inhibitor'],-0.004831415,15.735353
BR00117010,I06,U2OS,48,PHA-793887,compound,BRD-K64800655-001-09-0,poscon_diverse,['CDK inhibitor'],0.038919162,13.9888525
BR00117010,I07,U2OS,48,KU-60019,compound,BRD-K36016295-001-05-2,,['ATM kinase inhibitor'],-1.4904172,14.184725
BR00117010,I08,U2OS,48,nafamostat,compound,BRD-K06674495-334-04-0,,,4.893236,-3.2853794
BR00117010,I09,U2OS,48,DMSO,compound,,negcon,,4.16334,-6.7327085
BR00117010,I10,U2OS,48,DMSO,compound,,negcon,,4.2013316,-6.597992
BR00117010,I11,U2OS,48,taladegib,compound,BRD-K50498985-001-03-3,,['smoothened receptor antagonist'],3.955289,-6.304831
BR00117010,I12,U2OS,48,acetohexamide,compound,BRD-K52960356-001-13-0,,['ATP channel blocker'],4.1367164,-6.5882382
BR00117010,I13,U2OS,48,minocycline,compound,BRD-A69651145-003-11-4,,,4.2757044,-6.5924325
BR00117010,I14,U2OS,48,BI-2536,compound,BRD-K64890080-001-02-1,poscon_diverse,,3.798473,15.437595
BR00117010,I15,U2OS,48,riociguat,compound,BRD-K84783599-001-01-0,,,2.438277,-5.9996805
BR00117010,I16,U2OS,48,CP-724714,compound,BRD-K76908866-001-07-6,poscon_cp,"['EGFR inhibitor', 'protein tyrosine kinase inhibitor']",2.9275796,-4.9777136
BR00117010,I17,U2OS,48,ganetespib,compound,BRD-K38852836-001-04-9,poscon_diverse,['HSP inhibitor'],0.93306625,14.45386
BR00117010,I18,U2OS,48,AZ191,compound,BRD-K80935598-001-01-1,poscon_cp,['DYRK inhibitor'],5.2946277,7.4338126
BR00117010,I19,U2OS,48,BAX-channel-blocker,compound,BRD-A18763547-300-06-3,,,4.3158536,7.416025
BR00117010,I20,U2OS,48,SU3327,compound,BRD-K32730239-001-01-0,,['JNK inhibitor'],0.55521274,16.010035
BR00117010,I21,U2OS,48,DMSO,compound,,negcon,,3.9518466,-6.5710106
BR00117010,I22,U2OS,48,DMSO,compound,,negcon,,4.1980844,-6.6990376
BR00117010,I23,U2OS,48,octreotide,compound,BRD-A64173453-015-03-1,,['somatostatin receptor agonist'],3.9967487,-6.6634183
BR00117010,I24,U2OS,48,1-octanol,compound,BRD-K09338665-001-08-9,,,2.703083,-5.9438696
BR00117010,J01,U2OS,48,acalabrutinib,compound,BRD-K64034691-001-01-9,,"[""Bruton's tyrosine kinase (BTK) inhibitor""]",3.9020605,-6.7974653
BR00117010,J02,U2OS,48,rifamycin,compound,BRD-K38512030-001-01-7,,,3.7696962,-6.548564
BR00117010,J03,U2OS,48,pazopanib,compound,BRD-K74514084-003-09-2,,"['KIT inhibitor', 'VEGFR inhibitor', 'PDGFR tyrosine kinase receptor inhibitor']",7.605134,-4.3958764
BR00117010,J04,U2OS,48,RKI-1447,compound,BRD-K19333160-001-01-3,poscon_cp,,12.420174,0.49448922
BR00117010,J05,U2OS,48,vitamin-E,compound,BRD-K97091514-001-11-4,,['PKC inhibitor'],4.0830913,-6.771308
BR00117010,J06,U2OS,48,lonafarnib,compound,BRD-K41599323-001-02-3,poscon_diverse,,4.355457,11.922955
BR00117010,J07,U2OS,48,ethyl-pyruvate,compound,BRD-K47738867-001-01-5,,,3.8048444,-6.6321297
BR00117010,J08,U2OS,48,picrotin,compound,BRD-A91822151-001-05-0,,['GABA receptor antagonist'],2.798732,-5.998898
BR00117010,J09,U2OS,48,SGX523,compound,BRD-K19477839-001-07-6,poscon_cp,,3.279794,-6.819539
BR00117010,J10,U2OS,48,PP-2,compound,BRD-K95785537-001-22-3,,['src inhibitor'],2.3349462,10.628132
BR00117010,J11,U2OS,48,ME-0328,compound,BRD-A63444178-001-01-5,,['PPAR receptor antagonist'],3.695187,-6.821123
BR00117010,J12,U2OS,48,AZD9668,compound,BRD-K31476763-001-01-5,,['elastase inhibitor'],5.0214906,-6.852173
BR00117010,J13,U2OS,48,NQDI-1,compound,BRD-K61918008-001-07-1,,,3.1945968,-6.123501
BR00117010,J14,U2OS,48,DMSO,compound,,negcon,,4.1024747,-6.477178
BR00117010,J15,U2OS,48,carzenide,compound,BRD-K09295674-001-09-8,,,4.502094,-6.7348366
BR00117010,J16,U2OS,48,KU-55933,compound,BRD-K25311561-001-10-7,,['ATM kinase inhibitor'],1.9141234,-7.373531
BR00117010,J17,U2OS,48,NVP-AEW541,compound,BRD-K24696047-001-02-3,poscon_cp,['IGF-1 inhibitor'],4.828466,6.527091
BR00117010,J18,U2OS,48,leflunomide,compound,BRD-K78692225-001-24-5,,['PDGFR tyrosine kinase receptor inhibitor'],4.050871,-7.0176187
BR00117010,J19,U2OS,48,DMSO,compound,,negcon,,3.9670224,-6.789596
BR00117010,J20,U2OS,48,azacitidine,compound,BRD-K03406345-001-21-1,poscon_diverse,,3.8464017,-6.849418
BR00117010,J21,U2OS,48,ixabepilone,compound,BRD-K03601870-001-01-2,,['microtubule stabilizing agent'],2.7976725,14.286562
BR00117010,J22,U2OS,48,KH-CB19,compound,BRD-K66430217-001-03-8,poscon_cp,['CDC inhibitor'],3.8604827,-6.4901175
BR00117010,J23,U2OS,48,DMSO,compound,,negcon,,3.579455,-6.3737106
BR00117010,J24,U2OS,48,PF-05190457,compound,BRD-K02554563-001-01-6,,,2.3292665,-5.2556796
BR00117010,K01,U2OS,48,LDN-212854,compound,BRD-K59831625-001-03-9,,,0.3269697,15.99586
BR00117010,K02,U2OS,48,formononetin,compound,BRD-K55567017-001-12-3,,['alcohol dehydrogenase inhibitor'],4.3060517,-6.3371735
BR00117010,K03,U2OS,48,aminopurvalanol-a,compound,BRD-K07762753-001-05-1,poscon_orf,['CDK inhibitor'],-0.015430155,7.4021873
BR00117010,K04,U2OS,48,ruxolitinib,compound,BRD-K53972329-001-01-3,poscon_cp,['JAK inhibitor'],3.3841934,-5.932469
BR00117010,K05,U2OS,48,DMSO,compound,,negcon,,4.248763,-6.522856
BR00117010,K06,U2OS,48,DMSO,compound,,negcon,,4.3467236,-6.337515
BR00117010,K07,U2OS,48,LGK-974,compound,BRD-K16810791-001-01-0,,['porcupine inhibitor'],4.1790786,-6.876535
BR00117010,K08,U2OS,48,polydatin,compound,BRD-K43236057-001-07-1,,['ICAM1 expression inhibitor'],3.6701043,11.8486185
BR00117010,K09,U2OS,48,enflurane,compound,BRD-A51831848-001-01-7,,,5.152001,-6.759162
BR00117010,K10,U2OS,48,PFI-1,compound,BRD-K13094524-001-04-2,poscon_cp,,4.228003,-6.6981134
BR00117010,K11,U2OS,48,AZD7762,compound,BRD-K86525559-001-07-8,poscon_diverse,['CHK inhibitor'],-0.01751828,15.710086
BR00117010,K12,U2OS,48,sotrastaurin,compound,BRD-K16761703-001-03-8,,['PKC inhibitor'],6.440642,-4.350094
BR00117010,K13,U2OS,48,DMSO,compound,,negcon,,4.243328,-6.6713676
BR00117010,K14,U2OS,48,cycloheximide,compound,BRD-K36055864-001-20-0,,['protein synthesis inhibitor'],-0.8250434,13.167339
BR00117010,K15,U2OS,48,oxytocin,compound,BRD-K25243230-001-01-2,,,4.475743,-6.8217688
BR00117010,K16,U2OS,48,DMSO,compound,,negcon,,3.9849794,-6.6611977
BR00117010,K17,U2OS,48,colchicine,compound,BRD-K00259736-001-16-4,,,2.441898,14.745847
BR00117010,K18,U2OS,48,afimoxifene,compound,BRD-K04210847-001-21-9,,,4.033963,-6.688124
BR00117010,K19,U2OS,48,DMSO,compound,,negcon,,3.8546228,-6.7723165
BR00117010,K20,U2OS,48,ZK-93423,compound,BRD-K33882852-003-02-8,poscon_diverse,['benzodiazepine receptor agonist'],4.1176734,-3.336123
BR00117010,K21,U2OS,48,RGB-286638,compound,BRD-K20986415-001-02-6,,['CDK inhibitor'],-1.5990924,13.948086
BR00117010,K22,U2OS,48,FPS-ZM1,compound,BRD-K87691185-001-01-2,,['RAGE receptor antagonist'],4.1670666,-6.7768903
BR00117010,K23,U2OS,48,flindokalner,compound,BRD-K56740996-001-02-1,,,3.9824193,-6.5144405
BR00117010,K24,U2OS,48,motesanib,compound,BRD-K99616396-316-05-3,,"['KIT inhibitor', 'VEGFR inhibitor', 'PDGFR tyrosine kinase receptor inhibitor']",2.828793,-4.865152
BR00117010,L01,U2OS,48,geldanamycin,compound,BRD-K43570081-001-02-4,,['HSP inhibitor'],0.9949075,14.503266
BR00117010,L02,U2OS,48,DMSO,compound,,negcon,,4.320962,-6.389047
BR00117010,L03,U2OS,48,CGP-53353,compound,BRD-K32292990-001-03-6,,"['PKC inhibitor', 'EGFR inhibitor']",3.8831956,-6.819395
BR00117010,L04,U2OS,48,7-hydroxystaurosporine,compound,BRD-K45293975-001-02-0,,"['CDK inhibitor', 'PKC inhibitor', 'CHK inhibitor']",-0.18890134,15.475377
BR00117010,L05,U2OS,48,DMSO,compound,,negcon,,4.0692883,-6.8607244
BR00117010,L06,U2OS,48,DMSO,compound,,negcon,,3.77744,-6.779977
BR00117010,L07,U2OS,48,efaproxiral,compound,BRD-K37355418-236-01-6,,,4.118193,-6.938767
BR00117010,L08,U2OS,48,SB-203580,compound,BRD-A37704979-001-12-3,poscon_orf,['p38 MAPK inhibitor'],6.6913652,-4.093036
BR00117010,L09,U2OS,48,FK-866,compound,BRD-K58550667-001-08-7,poscon_diverse,,15.660211,8.26238
BR00117010,L10,U2OS,48,bepridil,compound,BRD-A91008255-003-24-8,,['calcium channel blocker'],3.266029,-6.55864
BR00117010,L11,U2OS,48,delanzomib,compound,BRD-K59325863-001-04-4,,,0.4091681,15.638735
BR00117010,L12,U2OS,48,buparlisib,compound,BRD-K42191735-001-08-7,poscon_diverse,,2.480513,15.001659
BR00117010,L13,U2OS,48,phenylbutazone,compound,BRD-K10843433-001-23-5,,"['cyclooxygenase inhibitor', 'prostanoid receptor antagonist']",3.4943588,-6.1785183
BR00117010,L14,U2OS,48,deferasirox,compound,BRD-K97010173-001-04-1,,,-1.7465504,7.505655
BR00117010,L15,U2OS,48,DMSO,compound,,negcon,,3.8031204,-6.2662473
BR00117010,L16,U2OS,48,cediranib,compound,BRD-K86930074-001-05-0,,"['KIT inhibitor', 'VEGFR inhibitor']",5.459295,7.26685
BR00117010,L17,U2OS,48,isoflurane,compound,BRD-A31564021-001-02-6,,,3.7676208,-6.9193296
BR00117010,L18,U2OS,48,DMSO,compound,,negcon,,4.114147,-6.6640453
BR00117010,L19,U2OS,48,CCG-50014,compound,BRD-K08893438-001-06-4,,['G protein signaling inhibitor'],0.79596335,15.793899
BR00117010,L20,U2OS,48,PF-431396,compound,BRD-K93788137-001-04-1,,,-1.4583906,8.721007
BR00117010,L21,U2OS,48,TG-02,compound,BRD-K14560436-001-01-4,,"['CDK inhibitor', 'FLT3 inhibitor', 'JAK inhibitor']",0.30032158,14.368598
BR00117010,L22,U2OS,48,baclofen,compound,BRD-K01826724-003-07-9,,['benzodiazepine receptor agonist'],3.8755524,-6.4288554
BR00117010,L23,U2OS,48,thiostrepton,compound,BRD-A20697603-001-07-2,,['protein synthesis inhibitor'],5.166821,-1.7612534
BR00117010,L24,U2OS,48,flufenamic-acid,compound,BRD-K44067360-001-29-5,,,3.128148,-6.451649
BR00117010,M01,U2OS,48,DMSO,compound,,negcon,,3.920755,-6.153656
BR00117010,M02,U2OS,48,LY2109761,compound,BRD-K47557313-001-02-7,,,7.4057794,-9.191465
BR00117010,M03,U2OS,48,olopatadine,compound,BRD-K67637637-003-11-8,,['histamine receptor antagonist'],4.7700057,-6.782894
BR00117010,M04,U2OS,48,DMSO,compound,,negcon,,4.1855254,-6.5556464
BR00117010,M05,U2OS,48,castanospermine,compound,BRD-K20897876-001-11-8,,['glucosidase inhibitor'],4.193823,-6.8869762
BR00117010,M06,U2OS,48,A205804,compound,BRD-K77627880-001-04-0,,['ICAM1 expression inhibitor'],3.973279,-7.979475
BR00117010,M07,U2OS,48,VU591,compound,BRD-K72063794-003-01-0,,['potassium channel blocker'],4.291765,-6.715397
BR00117010,M08,U2OS,48,dalbavancin,compound,BRD-K30177383-001-01-0,,['bacterial cell wall synthesis inhibitor'],4.265452,-6.899058
BR00117010,M09,U2OS,48,CC-401,compound,BRD-K45746021-003-01-9,,['JNK inhibitor'],2.2344263,-6.5832047
BR00117010,M10,U2OS,48,ganetespib,compound,BRD-K38852836-001-04-9,poscon_diverse,['HSP inhibitor'],0.9225932,14.456297
BR00117010,M11,U2OS,48,ingenol-mebutate,compound,BRD-K93779381-001-01-9,,,6.074715,-5.129789
BR00117010,M12,U2OS,48,menadione,compound,BRD-K78126613-001-27-7,,,-1.1037917,13.403711
BR00117010,M13,U2OS,48,cetilistat,compound,BRD-K94863486-001-02-2,,,4.131213,-6.501212
BR00117010,M14,U2OS,48,methoxsalen,compound,BRD-K63430059-001-16-4,,['DNA synthesis inhibitor'],4.2733316,-6.77373
BR00117010,M15,U2OS,48,cyclosporine,compound,BRD-K13533483-001-16-2,,,5.3920393,1.05137
BR00117010,M16,U2OS,48,NSC-632839,compound,BRD-K81197548-003-01-4,poscon_cp,['ubiquitin specific protease inhibitor'],0.73801976,15.606068
BR00117010,M17,U2OS,48,DMSO,compound,,negcon,,3.6592596,-6.669494
BR00117010,M18,U2OS,48,TG-003,compound,BRD-K97072811-001-11-4,poscon_cp,,4.7453723,-6.65922
BR00117010,M19,U2OS,48,oxibendazole,compound,BRD-K52075715-001-06-7,,['tubulin polymerization inhibitor'],2.490743,14.660057
BR00117010,M20,U2OS,48,TG-101348,compound,BRD-K12502280-001-11-4,poscon_cp,"['JAK inhibitor', 'FLT3 inhibitor']",1.4776087,15.44932
BR00117010,M21,U2OS,48,miglitol,compound,BRD-A63310107-001-04-8,,['glucosidase inhibitor'],4.220844,-6.62978
BR00117010,M22,U2OS,48,DMSO,compound,,negcon,,4.2029357,-6.1716733
BR00117010,M23,U2OS,48,DMSO,compound,,negcon,,3.6817224,-6.146758
BR00117010,M24,U2OS,48,tranilast,compound,BRD-K17849083-001-32-9,,,3.8618824,-6.5179563
BR00117010,N01,U2OS,48,4-methylhistamine,compound,BRD-K70821460-300-02-4,,['histamine receptor agonist'],3.2944474,-6.625111
BR00117010,N02,U2OS,48,LDN-27219,compound,BRD-K51485109-001-01-4,,,3.7582133,-6.5361953
BR00117010,N03,U2OS,48,anisomycin,compound,BRD-K91370081-001-25-1,,['DNA synthesis inhibitor'],-0.025155494,14.81778
BR00117010,N04,U2OS,48,thioguanine,compound,BRD-K49350383-001-13-7,poscon_diverse,,-0.048352074,11.055673
BR00117010,N05,U2OS,48,droxinostat,compound,BRD-K11558771-001-13-9,,['HDAC inhibitor'],2.7674413,-3.1262212
BR00117010,N06,U2OS,48,UNC2025,compound,BRD-K91283740-003-01-6,poscon_cp,['FLT3 inhibitor'],0.83474815,14.465019
BR00117010,N07,U2OS,48,DMSO,compound,,negcon,,4.0371075,-7.0074224
BR00117010,N08,U2OS,48,DMSO,compound,,negcon,,3.7544324,-6.8742003
BR00117010,N09,U2OS,48,AMG900,compound,BRD-K21728777-001-02-3,poscon_cp,['Aurora kinase inhibitor'],-1.405416,8.630019
BR00117010,N10,U2OS,48,PF-06463922,compound,BRD-A23124853-001-01-4,,['ALK tyrosine kinase receptor inhibitor'],6.8236513,-5.458744
BR00117010,N11,U2OS,48,orantinib,compound,BRD-K55966568-001-09-6,poscon_cp,"['FGFR inhibitor', 'PDGFR tyrosine kinase receptor inhibitor', 'VEGFR inhibitor']",3.9694035,-7.028705
BR00117010,N12,U2OS,48,fludarabine-phosphate,compound,BRD-K71106091-001-09-5,,['ribonucleotide reductase inhibitor'],-1.6299376,7.6694984
BR00117010,N13,U2OS,48,ceritinib,compound,BRD-K22149900-001-06-2,,['ALK tyrosine kinase receptor inhibitor'],6.1095963,-5.7191443
BR00117010,N14,U2OS,48,NVS-PAK1-1,compound,BRD-K28132190-001-02-0,poscon_cp,['p21 activated kinase inhibitor'],2.3229344,10.091921
BR00117010,N15,U2OS,48,homoharringtonine,compound,BRD-K76674262-001-03-3,,['protein synthesis inhibitor'],-0.024394695,14.7976675
BR00117010,N16,U2OS,48,picrotoxinin,compound,BRD-K36461289-001-05-8,,['GABA receptor antagonist'],3.8349974,-6.5062075
BR00117010,N17,U2OS,48,DMSO,compound,,negcon,,4.0489836,-6.454345
BR00117010,N18,U2OS,48,danusertib,compound,BRD-K07881437-001-03-8,poscon_diverse,"['growth factor receptor inhibitor', 'Aurora kinase inhibitor']",-1.3686072,8.190386
BR00117010,N19,U2OS,48,romidepsin,compound,BRD-K61397605-001-01-8,poscon_cp,['HDAC inhibitor'],0.8073446,15.822281
BR00117010,N20,U2OS,48,FERb-033,compound,BRD-K61642990-001-01-0,poscon_cp,['EGFR inhibitor'],3.323142,-6.664995
BR00117010,N21,U2OS,48,PF-03758309,compound,BRD-K37764012-001-03-3,poscon_diverse,['p21 activated kinase inhibitor'],0.13419667,15.019333
BR00117010,N22,U2OS,48,DMSO,compound,,negcon,,3.8001204,-6.5460544
BR00117010,N23,U2OS,48,trometamol,compound,BRD-K47978074-001-03-2,,,3.1551805,-6.481616
BR00117010,N24,U2OS,48,simvastatin,compound,BRD-K22134346-001-22-3,,['HMGCR inhibitor'],2.3355105,10.237941
BR00117010,O01,U2OS,48,zaprinast,compound,BRD-K16542329-001-16-8,,['phosphodiesterase inhibitor'],3.7847383,-6.5746207
BR00117010,O02,U2OS,48,dexamethasone,compound,BRD-A10188456-001-04-9,,['glucocorticoid receptor agonist'],4.3327565,-6.209646
BR00117010,O03,U2OS,48,salicylic-acid,compound,BRD-K93632104-001-17-2,,['cyclooxygenase inhibitor'],4.0864873,-6.3081684
BR00117010,O04,U2OS,48,diltiazem,compound,BRD-A69636825-003-04-7,,['calcium channel blocker'],3.88361,-7.0347195
BR00117010,O05,U2OS,48,phenolphthalein,compound,BRD-K19227686-001-18-6,,,3.933975,-6.43062
BR00117010,O06,U2OS,48,niflumic-acid,compound,BRD-K98763141-001-30-8,,['cyclooxygenase inhibitor'],3.397409,-6.878526
BR00117010,O07,U2OS,48,DMSO,compound,,negcon,,4.1557236,-6.470554
BR00117010,O08,U2OS,48,L-Cystine,compound,BRD-A15397381-001-02-5,,,3.9684458,-7.095966
BR00117010,O09,U2OS,48,ozanimod,compound,BRD-K46625559-001-01-8,,['sphingosine 1 phosphate receptor agonist'],3.165427,-4.4844723
BR00117010,O10,U2OS,48,efaroxan,compound,BRD-A10739734-003-09-8,,['adrenergic receptor antagonist'],4.2161236,-6.652535
BR00117010,O11,U2OS,48,NBQX,compound,BRD-K11796549-001-05-2,,['glutamate receptor antagonist'],4.132085,-6.959796
BR00117010,O12,U2OS,48,dinoprostone,compound,BRD-K26521938-001-07-2,,['prostanoid receptor agonist'],4.0579214,-6.1324296
BR00117010,O13,U2OS,48,Ro-20-1724,compound,BRD-A07207424-001-14-0,,['phosphodiesterase inhibitor'],4.638129,-6.9037576
BR00117010,O14,U2OS,48,xanomeline,compound,BRD-K72815923-034-02-0,,['acetylcholine receptor agonist'],3.6706958,-6.7344265
BR00117010,O15,U2OS,48,terazosin,compound,BRD-K01825589-310-02-9,,['adrenergic receptor antagonist'],4.019952,-6.7341104
BR00117010,O16,U2OS,48,BVT-948,compound,BRD-K68567222-001-01-2,,,-1.2660595,13.794604
BR00117010,O17,U2OS,48,nicotine,compound,BRD-K01825660-322-01-9,,['acetylcholine receptor agonist'],3.4208288,-6.628106
BR00117010,O18,U2OS,48,DMSO,compound,,negcon,,3.5692515,-6.460886
BR00117010,O19,U2OS,48,U-0521,compound,BRD-K08953028-001-09-6,,,2.9629178,-6.1209188
BR00117010,O20,U2OS,48,BMS-587101,compound,BRD-K20093108-001-02-3,,,4.0323796,-6.931438
BR00117010,O21,U2OS,48,nimodipine,compound,BRD-A58048407-001-20-4,,['calcium channel blocker'],2.8638086,-6.1134744
BR00117010,O22,U2OS,48,pyrrolidine-dithiocarbamate,compound,BRD-K80970344-201-08-6,,,0.6439136,15.969667
BR00117010,O23,U2OS,48,PF-915275,compound,BRD-K18289362-001-02-2,,,3.6230617,-6.604403
BR00117010,O24,U2OS,48,JTE-013,compound,BRD-K43330982-001-02-3,,,3.3165417,-5.143416
BR00117010,P01,U2OS,48,sodium-butyrate,compound,BRD-K05878375-236-05-7,,['HDAC inhibitor'],4.153653,-4.467531
BR00117010,P02,U2OS,48,pentostatin,compound,BRD-K91543828-001-02-0,,['ribonucleotide reductase inhibitor'],3.8144128,-6.010011
BR00117010,P03,U2OS,48,OMDM-2,compound,BRD-K48830578-001-01-9,,,3.2243469,-6.3752
BR00117010,P04,U2OS,48,nalmefene,compound,BRD-A72767275-003-01-6,,,3.6066213,-6.7580576
BR00117010,P05,U2OS,48,DMSO,compound,,negcon,,3.7756302,-6.114154
BR00117010,P06,U2OS,48,1-EBIO,compound,BRD-K70586315-001-02-4,,,3.546204,-6.8359246
BR00117010,P07,U2OS,48,SB-505124,compound,BRD-K40109029-001-02-9,,['ALK tyrosine kinase receptor inhibitor'],5.095321,-1.9214858
BR00117010,P08,U2OS,48,prasugrel,compound,BRD-A83029242-001-06-1,,['purinergic receptor antagonist'],3.080911,-6.6720486
BR00117010,P09,U2OS,48,pidolic-acid,compound,BRD-K57313110-001-06-8,,,3.410414,-6.627009
BR00117010,P10,U2OS,48,DMSO,compound,,negcon,,3.4228623,-6.691092
BR00117010,P11,U2OS,48,nevirapine,compound,BRD-K15502390-001-20-9,,,4.3256197,-6.9546847
BR00117010,P12,U2OS,48,triamterene,compound,BRD-K92049597-001-20-8,,['sodium channel blocker'],3.4143887,-5.2994742
BR00117010,P13,U2OS,48,regorafenib,compound,BRD-K16730910-001-07-3,,"['PDGFR tyrosine kinase receptor inhibitor', 'RAF inhibitor', 'KIT inhibitor', 'RET tyrosine kinase inhibitor', 'FGFR inhibitor', 'VEGFR inhibitor']",5.453363,-5.358425
BR00117010,P14,U2OS,48,cyclophosphamide,compound,BRD-A09722536-002-18-0,,,2.5386007,-6.0061417
BR00117010,P15,U2OS,48,olanzapine,compound,BRD-K18895904-001-16-1,,"['dopamine receptor antagonist', 'serotonin receptor antagonist']",2.1744368,-5.4713554
BR00117010,P16,U2OS,48,KI-16425,compound,BRD-A25569250-001-03-3,,['lysophosphatidic acid receptor antagonist'],3.4650156,-6.823976
BR00117010,P17,U2OS,48,SKLB1002,compound,BRD-K29895144-001-01-0,,['VEGFR inhibitor'],-1.5111591,7.8494906
BR00117010,P18,U2OS,48,cilostazol,compound,BRD-K67017579-001-28-1,,['phosphodiesterase inhibitor'],3.369857,-6.330025
BR00117010,P19,U2OS,48,AZD1283,compound,BRD-K77060810-001-01-5,,['purinergic receptor antagonist'],3.3934443,-6.652383
BR00117010,P20,U2OS,48,A-987306,compound,BRD-K68982262-001-01-4,,['histamine receptor antagonist'],4.9304986,6.1694813
BR00117010,P21,U2OS,48,procaine,compound,BRD-K24616672-003-20-1,,['HMGCR inhibitor'],3.5135403,-6.4824176
BR00117010,P22,U2OS,48,miconazole,compound,BRD-A82396632-008-30-8,,['bacterial cell wall synthesis inhibitor'],2.7838535,-6.341641
BR00117010,P23,U2OS,48,loperamide,compound,BRD-K61250553-003-30-6,,,2.8804748,-3.8330145
BR00117010,P24,U2OS,48,aripiprazole,compound,BRD-K70358946-001-17-3,,['serotonin receptor antagonist'],2.9786181,-3.783368
BR00117011,A01,U2OS,48,gabapentin-enacarbil,compound,BRD-A86665761-001-01-1,,,4.0432544,-5.6653724
BR00117011,A02,U2OS,48,DMSO,compound,,negcon,,3.9794452,-5.305162
BR00117011,A03,U2OS,48,amlodipine,compound,BRD-A22032524-074-09-9,,['calcium channel blocker'],3.3057897,-4.6856303
BR00117011,A04,U2OS,48,hexestrol,compound,BRD-A01078468-001-14-8,,,3.5170727,-5.1097894
BR00117011,A05,U2OS,48,quinine,compound,BRD-K48278478-001-01-2,,,3.6473832,-5.4964013
BR00117011,A06,U2OS,48,LOXO-101,compound,BRD-K36574127-001-01-3,,,3.8844383,-5.6109667
BR00117011,A07,U2OS,48,brinzolamide,compound,BRD-K74913225-001-14-0,,['carbonic anhydrase inhibitor'],3.9000895,-5.216759
BR00117011,A08,U2OS,48,NS-11021,compound,BRD-K94342292-001-01-3,,['calcium-activated potassium channel activator'],5.2337713,0.8144355
BR00117011,A09,U2OS,48,DMSO,compound,,negcon,,3.9230533,-5.3510494
BR00117011,A10,U2OS,48,GNF-5837,compound,BRD-K19975102-001-01-2,,['growth factor receptor inhibitor'],4.2611322,-3.5622623
BR00117011,A11,U2OS,48,apatinib,compound,BRD-K25244359-066-02-6,,['RET tyrosine kinase inhibitor'],3.1200738,-6.2926087
BR00117011,A12,U2OS,48,ethoxzolamide,compound,BRD-K18131774-001-18-4,,['carbonic anhydrase inhibitor'],3.296089,-6.1394944
BR00117011,A13,U2OS,48,ascorbic-acid,compound,BRD-A85242401-001-11-5,,,5.087736,-2.0195932
BR00117011,A14,U2OS,48,ryuvidine,compound,BRD-K06426971-001-02-7,,['histone lysine methyltransferase inhibitor'],0.22355175,16.247776
BR00117011,A15,U2OS,48,BAN-ORL-24,compound,BRD-K47049295-300-03-1,,,3.1497338,11.775457
BR00117011,A16,U2OS,48,NNC-55-0396,compound,BRD-K78122587-300-04-3,,,4.5495048,6.8237605
BR00117011,A17,U2OS,48,DMSO,compound,,negcon,,3.7536113,-5.5420594
BR00117011,A18,U2OS,48,WH-4-023,compound,BRD-K50199947-001-03-4,,['src inhibitor'],2.4164524,11.145077
BR00117011,A19,U2OS,48,flupirtine,compound,BRD-K50720187-051-03-1,,['glutamate receptor antagonist'],3.4673197,-5.3390675
BR00117011,A20,U2OS,48,ZK811752,compound,BRD-K91825936-001-03-9,,,4.4348564,-6.103238
BR00117011,A21,U2OS,48,dexamethasone,compound,BRD-K38775274-001-22-1,,['glucocorticoid receptor agonist'],3.5446336,-5.620499
BR00117011,A22,U2OS,48,PP-1,compound,BRD-K47598052-001-14-1,,['src inhibitor'],2.341994,10.589406
BR00117011,A23,U2OS,48,DDR1-IN-1,compound,BRD-K61845293-300-01-9,,,4.9046154,6.1477566
BR00117011,A24,U2OS,48,AVL-292,compound,BRD-K87782578-001-01-4,,"[""Bruton's tyrosine kinase (BTK) inhibitor""]",1.9861028,11.459331
BR00117011,B01,U2OS,48,H2L-5765834,compound,BRD-K26439554-001-01-3,,['lysophosphatidic acid receptor antagonist'],3.860099,-5.95385
BR00117011,B02,U2OS,48,thiostrepton,compound,BRD-K58049875-001-03-9,,['protein synthesis inhibitor'],0.7403767,15.546443
BR00117011,B03,U2OS,48,DMSO,compound,,negcon,,3.7786021,-5.346795
BR00117011,B04,U2OS,48,arcyriaflavin-a,compound,BRD-K72726508-001-02-1,,['CDK inhibitor'],1.0816866,11.318773
BR00117011,B05,U2OS,48,CYM-5520,compound,BRD-K29151923-001-01-5,,['sphingosine 1 phosphate receptor agonist'],3.7363732,-6.5864654
BR00117011,B06,U2OS,48,fludarabine,compound,BRD-K66788707-001-14-3,,['ribonucleotide reductase inhibitor'],-1.7127434,7.5698886
BR00117011,B07,U2OS,48,alda-1,compound,BRD-K06890060-001-09-1,,,4.2261477,-6.083943
BR00117011,B08,U2OS,48,meclofenamic-acid,compound,BRD-K50398167-236-22-7,,"['cyclooxygenase inhibitor', 'prostanoid receptor antagonist']",3.9776702,-5.2432384
BR00117011,B09,U2OS,48,GNF-5,compound,BRD-K87632963-001-03-0,,['Bcr-Abl kinase inhibitor'],3.517877,-5.382172
BR00117011,B10,U2OS,48,NS-309,compound,BRD-K37602296-001-01-6,,['calcium-activated potassium channel activator'],4.870365,-6.7679796
BR00117011,B11,U2OS,48,AK-7,compound,BRD-K09143580-001-01-0,,['SIRT inhibitor'],4.953656,-4.617075
BR00117011,B12,U2OS,48,BVT-948,compound,BRD-A22713669-001-04-3,,,-0.025406439,16.40032
BR00117011,B13,U2OS,48,SirReal-2,compound,BRD-K16472653-001-01-6,,['SIRT inhibitor'],3.2434928,-6.7191753
BR00117011,B14,U2OS,48,DMSO,compound,,negcon,,3.8242962,-5.21971
BR00117011,B15,U2OS,48,BMS-536924,compound,BRD-K34581968-001-05-3,,['IGF-1 inhibitor'],1.9867052,11.321576
BR00117011,B16,U2OS,48,PP-121,compound,BRD-K81801188-001-02-8,,['protein tyrosine kinase inhibitor'],1.9539151,11.58092
BR00117011,B17,U2OS,48,MCOPPB,compound,BRD-K73276278-305-01-1,,,5.2738304,7.2167525
BR00117011,B18,U2OS,48,ozagrel,compound,BRD-K53061490-003-13-9,,,3.9474618,-5.3913465
BR00117011,B19,U2OS,48,CYM-5442,compound,BRD-A43005764-003-01-5,,['sphingosine 1 phosphate receptor agonist'],4.8139,6.446525
BR00117011,B20,U2OS,48,CVT-10216,compound,BRD-K60659193-001-01-0,,,3.282327,-5.332754
BR00117011,B21,U2OS,48,TCN201,compound,BRD-K09787262-001-02-7,,['glutamate receptor antagonist'],2.6678975,-6.095793
BR00117011,B22,U2OS,48,fomepizole,compound,BRD-K56810756-003-07-7,,['alcohol dehydrogenase inhibitor'],3.5246935,-6.4525547
BR00117011,B23,U2OS,48,benzamil,compound,BRD-K87158025-003-08-7,,['sodium channel blocker'],3.1310937,-6.2113967
BR00117011,B24,U2OS,48,lercanidipine,compound,BRD-A18992208-003-02-7,,['calcium channel blocker'],2.8028805,-4.407936
BR00117011,C01,U2OS,48,4-CMTB,compound,BRD-A54139254-001-09-2,,['free fatty acid receptor agonist'],4.1045957,-6.2182794
BR00117011,C02,U2OS,48,ML-228,compound,BRD-K44432556-001-05-5,,,4.124436,-5.2333302
BR00117011,C03,U2OS,48,DMSO,compound,,negcon,,3.8943124,-5.5316706
BR00117011,C04,U2OS,48,GSK1070916,compound,BRD-K36740062-001-06-6,,['Aurora kinase inhibitor'],2.1300125,12.328983
BR00117011,C05,U2OS,48,ML-193,compound,BRD-K27539181-001-08-5,,,4.2309413,-5.739159
BR00117011,C06,U2OS,48,DMSO,compound,,negcon,,4.070667,-5.1444116
BR00117011,C07,U2OS,48,M-25,compound,BRD-K51265828-001-01-0,,['smoothened receptor antagonist'],4.2146335,-6.2389774
BR00117011,C08,U2OS,48,azeliragon,compound,BRD-K51899933-001-02-6,,['RAGE receptor antagonist'],1.1893983,15.299792
BR00117011,C09,U2OS,48,CYT-997,compound,BRD-K23363278-001-02-1,poscon_diverse,['tubulin polymerization inhibitor'],2.5148547,14.686128
BR00117011,C10,U2OS,48,AR-12,compound,BRD-K90497590-001-05-9,,,0.013883026,16.22271
BR00117011,C11,U2OS,48,CYM-50260,compound,BRD-K69877120-001-01-7,,['sphingosine 1 phosphate receptor agonist'],4.2259035,-5.5635195
BR00117011,C12,U2OS,48,DMSO,compound,,negcon,,4.178086,-5.7924724
BR00117011,C13,U2OS,48,KG-5,compound,BRD-K90747162-001-01-4,poscon_cp,['RAF inhibitor'],2.9312873,13.814661
BR00117011,C14,U2OS,48,JTE-607,compound,BRD-K81405859-300-01-4,,,-1.5209198,7.7788267
BR00117011,C15,U2OS,48,DMSO,compound,,negcon,,3.7107947,-5.518078
BR00117011,C16,U2OS,48,ilomastat,compound,BRD-K51662849-001-05-4,,['matrix metalloprotease inhibitor'],4.143457,-5.1789117
BR00117011,C17,U2OS,48,RX-821002,compound,BRD-A65597028-003-08-1,,['adrenergic receptor antagonist'],4.0275774,-5.7577553
BR00117011,C18,U2OS,48,DMSO,compound,,negcon,,4.0870595,-5.3257384
BR00117011,C19,U2OS,48,TUG-891,compound,BRD-K24282351-001-01-4,,['free fatty acid receptor agonist'],4.24826,-6.4258823
BR00117011,C20,U2OS,48,ponatinib,compound,BRD-K44227013-001-08-0,,"['PDGFR tyrosine kinase receptor inhibitor', 'FLT3 inhibitor', 'Bcr-Abl kinase inhibitor']",0.76504046,15.784406
BR00117011,C21,U2OS,48,DMSO,compound,,negcon,,3.8977814,-5.46438
BR00117011,C22,U2OS,48,puromycin,compound,BRD-K01824976-300-02-9,,['protein synthesis inhibitor'],0.5865003,15.98161
BR00117011,C23,U2OS,48,SRC-kinase-inhibitor-I,compound,BRD-K50495309-001-02-0,,['src inhibitor'],4.9522486,6.291936
BR00117011,C24,U2OS,48,acetylcysteine,compound,BRD-K59058747-001-19-1,,,3.4748204,-5.7313395
BR00117011,D01,U2OS,48,NSC-625987,compound,BRD-K62949423-001-03-1,,['CDK inhibitor'],3.9003637,-5.449223
BR00117011,D02,U2OS,48,dalfampridine,compound,BRD-K22482860-001-20-6,,['potassium channel blocker'],4.560874,-5.7318287
BR00117011,D03,U2OS,48,NSC-95397,compound,BRD-K68143200-001-11-7,,['CDC inhibitor'],-0.09632382,15.732892
BR00117011,D04,U2OS,48,alrestatin,compound,BRD-K35498378-001-06-1,,['aldose reductase inhibitor'],3.979867,-5.3923454
BR00117011,D05,U2OS,48,PF-03758309,compound,BRD-K37764012-001-03-3,poscon_diverse,['p21 activated kinase inhibitor'],4.2112246,-6.7190375
BR00117011,D06,U2OS,48,IRL-2500,compound,BRD-K98357249-001-02-9,,['endothelin receptor antagonist'],3.9420178,-6.9325743
BR00117011,D07,U2OS,48,PF-04217903,compound,BRD-K73319509-001-08-0,poscon_cp,,4.1296473,-5.377801
BR00117011,D08,U2OS,48,FK-866,compound,BRD-K58550667-001-08-7,poscon_diverse,,15.660218,8.262386
BR00117011,D09,U2OS,48,amlexanox,compound,BRD-K29530284-001-06-2,,,4.1402035,-5.4239383
BR00117011,D10,U2OS,48,GW-311616,compound,BRD-K37864785-001-01-0,,['elastase inhibitor'],3.7901182,-5.3910394
BR00117011,D11,U2OS,48,buparlisib,compound,BRD-K42191735-001-08-7,poscon_diverse,,2.518321,14.958333
BR00117011,D12,U2OS,48,amiloride,compound,BRD-K97181089-003-24-7,,['sodium channel blocker'],3.3226495,-6.4501624
BR00117011,D13,U2OS,48,DG-172,compound,BRD-K75748943-300-01-3,,,4.9386597,6.0933704
BR00117011,D14,U2OS,48,DMSO,compound,,negcon,,3.1621902,-6.152678
BR00117011,D15,U2OS,48,DMSO,compound,,negcon,,3.859552,-5.5831175
BR00117011,D16,U2OS,48,NVP-ADW742,compound,BRD-K15179513-001-04-2,poscon_cp,,4.6554174,7.238798
BR00117011,D17,U2OS,48,misoprostol,compound,BRD-A72351335-001-04-5,,['prostanoid receptor agonist'],3.8537064,-5.3278427
BR00117011,D18,U2OS,48,conivaptan,compound,BRD-K37385792-003-02-1,,,3.3733063,-4.220392
BR00117011,D19,U2OS,48,spiroxatrine,compound,BRD-A72483914-001-03-7,,['serotonin receptor antagonist'],3.162422,-6.201968
BR00117011,D20,U2OS,48,diacerein,compound,BRD-K69122748-001-10-1,,,4.076637,-5.40122
BR00117011,D21,U2OS,48,DMSO,compound,,negcon,,4.0243998,-5.4122415
BR00117011,D22,U2OS,48,DMSO,compound,,negcon,,3.9898896,-5.3271284
BR00117011,D23,U2OS,48,glyburide,compound,BRD-K36927236-001-36-7,,['ATP channel blocker'],3.2655656,-5.916694
BR00117011,D24,U2OS,48,ANR-94,compound,BRD-K31170746-001-01-6,,,3.3088882,-5.4170446
BR00117011,E01,U2OS,48,TFC-007,compound,BRD-K57708067-001-01-3,,,4.025528,-5.3264594
BR00117011,E02,U2OS,48,trihexyphenidyl,compound,BRD-A48180038-003-24-3,,['acetylcholine receptor antagonist'],4.1828046,-6.120373
BR00117011,E03,U2OS,48,epoprostenol,compound,BRD-K64054020-001-02-7,,,4.1261344,-5.7590194
BR00117011,E04,U2OS,48,sacubitril,compound,BRD-K91456750-001-01-9,,,4.0509624,-5.57791
BR00117011,E05,U2OS,48,danusertib,compound,BRD-K07881437-001-03-8,poscon_diverse,"['growth factor receptor inhibitor', 'Aurora kinase inhibitor']",-1.3502315,8.203845
BR00117011,E06,U2OS,48,CYT-997,compound,BRD-K23363278-001-02-1,poscon_diverse,['tubulin polymerization inhibitor'],2.5018375,14.685312
BR00117011,E07,U2OS,48,DMSO,compound,,negcon,,4.0052733,-5.338723
BR00117011,E08,U2OS,48,BQ-788,compound,BRD-K02490038-236-03-8,,['endothelin receptor antagonist'],3.9513156,-6.9626865
BR00117011,E09,U2OS,48,SB-202190,compound,BRD-K54330070-001-19-6,poscon_orf,['p38 MAPK inhibitor'],6.272713,-4.227158
BR00117011,E10,U2OS,48,GSK2110183,compound,BRD-K25412176-001-01-9,poscon_diverse,,8.454459,-3.7348397
BR00117011,E11,U2OS,48,GSK3787,compound,BRD-K03155172-001-03-0,,['PPAR receptor antagonist'],4.1764326,-5.4419785
BR00117011,E12,U2OS,48,BAM7,compound,BRD-K07442505-001-03-6,,,4.2418976,-6.774948
BR00117011,E13,U2OS,48,PHA-793887,compound,BRD-K64800655-001-09-0,poscon_diverse,['CDK inhibitor'],0.035092875,13.9696455
BR00117011,E14,U2OS,48,DMSO,compound,,negcon,,4.0360537,-5.1357193
BR00117011,E15,U2OS,48,GSK-37647,compound,BRD-K26514105-001-01-7,,['free fatty acid receptor agonist'],3.5386212,-5.394774
BR00117011,E16,U2OS,48,desonide,compound,BRD-K21528677-001-04-4,,['glucocorticoid receptor agonist'],3.3929296,-6.0153527
BR00117011,E17,U2OS,48,DMSO,compound,,negcon,,3.8662517,-5.4232864
BR00117011,E18,U2OS,48,aloxistatin,compound,BRD-K91188791-001-17-5,,,4.429899,-4.2125025
BR00117011,E19,U2OS,48,azathioprine,compound,BRD-K32821942-001-22-1,,,4.16852,-6.415818
BR00117011,E20,U2OS,48,ZK-93423,compound,BRD-K33882852-003-02-8,poscon_diverse,['benzodiazepine receptor agonist'],4.0638094,-3.271905
BR00117011,E21,U2OS,48,BI-2536,compound,BRD-K64890080-001-02-1,poscon_diverse,,3.7615678,15.444751
BR00117011,E22,U2OS,48,EI1,compound,BRD-K91535048-001-01-2,poscon_cp,['histone lysine methyltransferase inhibitor'],3.1915548,-6.1054907
BR00117011,E23,U2OS,48,NVP-HSP990,compound,BRD-K67915505-001-01-2,,['HSP inhibitor'],0.911075,14.430129
BR00117011,E24,U2OS,48,DMSO,compound,,negcon,,3.566183,-5.3241777
BR00117011,F01,U2OS,48,DMSO,compound,,negcon,,3.9865503,-5.287957
BR00117011,F02,U2OS,48,nialamide,compound,BRD-K12102668-001-25-5,,,4.461668,-5.377426
BR00117011,F03,U2OS,48,DMSO,compound,,negcon,,3.9903624,-5.1030097
BR00117011,F04,U2OS,48,arundic-acid,compound,BRD-K49223707-001-01-0,,,4.177953,-5.393147
BR00117011,F05,U2OS,48,torcitabine,compound,BRD-K91822704-003-07-2,,,2.993563,-6.4508643
BR00117011,F06,U2OS,48,DMSO,compound,,negcon,,3.6329098,-5.2590637
BR00117011,F07,U2OS,48,epothilone-b,compound,BRD-K68164687-001-01-6,,"['microtubule stabilizing agent', 'tubulin polymerization inhibitor']",2.8958428,13.886239
BR00117011,F08,U2OS,48,dyphylline,compound,BRD-A00827783-001-24-6,,['phosphodiesterase inhibitor'],4.0435414,-5.20707
BR00117011,F09,U2OS,48,DMSO,compound,,negcon,,3.7892318,-5.1331434
BR00117011,F10,U2OS,48,quinidine,compound,BRD-K59632282-052-03-1,,['sodium channel blocker'],5.1894784,-6.714786
BR00117011,F11,U2OS,48,halopemide,compound,BRD-K50055394-001-03-6,,,6.656475,-2.4286041
BR00117011,F12,U2OS,48,sulfinpyrazone,compound,BRD-A36217750-001-16-3,,,4.306411,-6.0425243
BR00117011,F13,U2OS,48,ML-323,compound,BRD-K93942811-001-01-3,poscon_cp,['ubiquitin specific protease inhibitor'],4.008214,-5.917974
BR00117011,F14,U2OS,48,racecadotril,compound,BRD-A08187463-001-12-9,,,3.3823345,-5.934422
BR00117011,F15,U2OS,48,BRL-50481,compound,BRD-K84266862-001-03-2,,['phosphodiesterase inhibitor'],3.1078296,-5.646553
BR00117011,F16,U2OS,48,GSK2110183,compound,BRD-K25412176-001-01-9,poscon_diverse,,8.40713,-3.780041
BR00117011,F17,U2OS,48,bufexamac,compound,BRD-K36660044-001-24-2,,['cyclooxygenase inhibitor'],4.104911,-4.9654274
BR00117011,F18,U2OS,48,anandamide,compound,BRD-K42352790-001-05-3,,,4.1584053,-5.553131
BR00117011,F19,U2OS,48,thioguanine,compound,BRD-K49350383-001-13-7,poscon_diverse,,-0.043659016,11.054088
BR00117011,F20,U2OS,48,IWP-L6,compound,BRD-K53234107-001-01-6,,['porcupine inhibitor'],2.1724887,-5.265165
BR00117011,F21,U2OS,48,edoxaban,compound,BRD-K29322660-001-01-9,,['coagulation factor inhibitor'],3.5157404,-6.5261855
BR00117011,F22,U2OS,48,lonafarnib,compound,BRD-K41599323-001-02-3,poscon_diverse,,4.359584,11.920177
BR00117011,F23,U2OS,48,ibutamoren,compound,BRD-K44771174-066-01-0,,,4.461485,-6.1116676
BR00117011,F24,U2OS,48,somatostatin,compound,BRD-K14681867-001-01-6,,['somatostatin receptor agonist'],3.438479,-5.5495214
BR00117011,G01,U2OS,48,L-proline,compound,BRD-K01666412-001-02-0,,,3.8330898,-5.589763
BR00117011,G02,U2OS,48,zamifenacin,compound,BRD-K80451230-051-02-6,,['acetylcholine receptor antagonist'],4.183719,-5.9001174
BR00117011,G03,U2OS,48,YC-1,compound,BRD-K60476892-001-16-1,,,-0.6684483,13.338424
BR00117011,G04,U2OS,48,DMSO,compound,,negcon,,3.8869936,-5.389585
BR00117011,G05,U2OS,48,ME-0328,compound,BRD-K24283677-001-01-9,,['PPAR receptor antagonist'],3.910456,-5.4126115
BR00117011,G06,U2OS,48,NSC-663284,compound,BRD-K03109492-001-02-2,,['CDC inhibitor'],-0.043992206,16.35212
BR00117011,G07,U2OS,48,CYM-50358,compound,BRD-K80666802-003-01-0,,,3.5691924,-5.229807
BR00117011,G08,U2OS,48,trazodone,compound,BRD-K70778732-003-27-5,,"['adrenergic receptor antagonist', 'serotonin receptor antagonist']",4.5039883,-6.693966
BR00117011,G09,U2OS,48,DMSO,compound,,negcon,,4.1525702,-5.685657
BR00117011,G10,U2OS,48,DMSO,compound,,negcon,,4.1542068,-5.2203183
BR00117011,G11,U2OS,48,sulfasalazine,compound,BRD-K10670311-001-17-1,,['cyclooxygenase inhibitor'],4.2010503,-6.209769
BR00117011,G12,U2OS,48,"2,5-furandimethanol",compound,BRD-K29791386-001-01-8,,,3.4174094,-6.4327197
BR00117011,G13,U2OS,48,DMSO,compound,,negcon,,3.9873276,-5.342781
BR00117011,G14,U2OS,48,dilazep,compound,BRD-K48722258-300-11-0,,,2.6406276,-6.0342298
BR00117011,G15,U2OS,48,felodipine,compound,BRD-A30815329-001-12-1,,['calcium channel blocker'],3.1765215,-6.239578
BR00117011,G16,U2OS,48,paliperidone,compound,BRD-A99888680-001-05-3,,"['dopamine receptor antagonist', 'serotonin receptor antagonist']",3.9543788,-5.2248793
BR00117011,G17,U2OS,48,purvalanol-a,compound,BRD-K50836978-001-03-3,poscon_orf,['CDK inhibitor'],0.02419391,7.350363
BR00117011,G18,U2OS,48,DMSO,compound,,negcon,,3.932031,-5.2173634
BR00117011,G19,U2OS,48,Ro-1138452,compound,BRD-K77220725-003-01-5,,['prostanoid receptor antagonist'],4.3261285,-6.7556586
BR00117011,G20,U2OS,48,sorbinil,compound,BRD-A89164055-001-03-3,,['aldose reductase inhibitor'],3.1905692,-6.211827
BR00117011,G21,U2OS,48,TC-S-7004,compound,BRD-K89517477-001-01-4,poscon_cp,['DYRK inhibitor'],5.3569317,-3.5961277
BR00117011,G22,U2OS,48,saclofen,compound,BRD-A24122750-001-03-7,,['GABA receptor antagonist'],3.4379303,-5.954388
BR00117011,G23,U2OS,48,BAY-87-2243,compound,BRD-K70463136-001-01-5,,,4.0877037,-3.2356613
BR00117011,G24,U2OS,48,ibudilast,compound,BRD-K16444452-001-09-1,,['phosphodiesterase inhibitor'],3.051456,-5.3438272
BR00117011,H01,U2OS,48,briciclib,compound,BRD-K05531427-001-01-7,,,2.5108676,14.739069
BR00117011,H02,U2OS,48,2-Oleoylglycerol,compound,BRD-K77087341-001-02-4,,,2.7169092,-5.887368
BR00117011,H03,U2OS,48,RGFP966,compound,BRD-K61688984-001-02-9,poscon_cp,['HDAC inhibitor'],5.580169,-1.5264925
BR00117011,H04,U2OS,48,DMSO,compound,,negcon,,4.1131344,-5.118903
BR00117011,H05,U2OS,48,azacitidine,compound,BRD-K03406345-001-21-1,poscon_diverse,,3.8688505,-6.9747853
BR00117011,H06,U2OS,48,N6-cyclopentyladenosine,compound,BRD-K60150510-001-15-6,,,3.7833433,-6.9412723
BR00117011,H07,U2OS,48,filgotinib,compound,BRD-K16803204-001-01-6,poscon_cp,['JAK inhibitor'],4.1649446,-6.8581676
BR00117011,H08,U2OS,48,guanidine,compound,BRD-K76037122-001-02-5,,['HSP inhibitor'],3.6511955,-6.267155
BR00117011,H09,U2OS,48,coumarin,compound,BRD-K23913458-001-20-7,,,4.129069,-5.1744847
BR00117011,H10,U2OS,48,DMSO,compound,,negcon,,4.1091657,-5.1697016
BR00117011,H11,U2OS,48,ZM-336372,compound,BRD-K73789395-001-09-9,poscon_orf,['RAF inhibitor'],3.3282974,-5.7794204
BR00117011,H12,U2OS,48,citric-acid,compound,BRD-K76792669-001-08-1,,['coagulation factor inhibitor'],3.9751549,-5.5348325
BR00117011,H13,U2OS,48,DMSO,compound,,negcon,,4.0425863,-5.9547787
BR00117011,H14,U2OS,48,CCG-63802,compound,BRD-K26970495-001-02-7,,['G protein signaling inhibitor'],3.9689226,-5.6720743
BR00117011,H15,U2OS,48,ibutilide,compound,BRD-A74391928-051-03-9,,['potassium channel blocker'],4.3083363,-6.87526
BR00117011,H16,U2OS,48,batimastat,compound,BRD-K82818427-001-04-8,,['matrix metalloprotease inhibitor'],4.8940234,-2.7767317
BR00117011,H17,U2OS,48,DMSO,compound,,negcon,,3.9087338,-5.431355
BR00117011,H18,U2OS,48,DMSO,compound,,negcon,,3.686809,-5.2913775
BR00117011,H19,U2OS,48,UNC1999,compound,BRD-K26989966-001-04-3,poscon_cp,['histone lysine methyltransferase inhibitor'],1.1928762,15.423025
BR00117011,H20,U2OS,48,glutamine-(l),compound,BRD-K83896451-001-06-7,,,2.874087,-6.1609707
BR00117011,H21,U2OS,48,PD-98059,compound,BRD-K62810658-001-11-4,poscon_orf,,3.0652616,-6.0696926
BR00117011,H22,U2OS,48,enilconazole,compound,BRD-K01825690-065-01-9,,,3.9089196,-5.8412247
BR00117011,H23,U2OS,48,N-alpha-Methylhistamine-dihydrochloride,compound,BRD-K75390981-300-04-9,,['histamine receptor agonist'],3.283552,-5.7022595
BR00117011,H24,U2OS,48,GK921,compound,BRD-K38272302-001-02-7,,,-1.2132803,14.101582
BR00117011,I01,U2OS,48,nilvadipine,compound,BRD-A84687895-001-03-2,,['calcium channel blocker'],3.7318196,-5.7723904
BR00117011,I02,U2OS,48,DMSO,compound,,negcon,,3.8567846,-5.4079366
BR00117011,I03,U2OS,48,AC-710,compound,BRD-K15819326-001-01-6,,['PDGFR tyrosine kinase receptor inhibitor'],4.261572,7.336585
BR00117011,I04,U2OS,48,PETCM,compound,BRD-A93477898-001-04-2,,,3.903184,-5.6425285
BR00117011,I05,U2OS,48,AZD7762,compound,BRD-K86525559-001-07-8,poscon_diverse,['CHK inhibitor'],-0.013545231,15.7330065
BR00117011,I06,U2OS,48,PHA-793887,compound,BRD-K64800655-001-09-0,poscon_diverse,['CDK inhibitor'],0.019352226,13.962487
BR00117011,I07,U2OS,48,KU-60019,compound,BRD-K36016295-001-05-2,,['ATM kinase inhibitor'],-1.5173032,14.218588
BR00117011,I08,U2OS,48,nafamostat,compound,BRD-K06674495-334-04-0,,,4.8786893,-3.236889
BR00117011,I09,U2OS,48,DMSO,compound,,negcon,,4.1440153,-5.4646096
BR00117011,I10,U2OS,48,DMSO,compound,,negcon,,3.994419,-5.407225
BR00117011,I11,U2OS,48,taladegib,compound,BRD-K50498985-001-03-3,,['smoothened receptor antagonist'],4.096861,-5.4745235
BR00117011,I12,U2OS,48,acetohexamide,compound,BRD-K52960356-001-13-0,,['ATP channel blocker'],4.387935,-6.5871754
BR00117011,I13,U2OS,48,minocycline,compound,BRD-A69651145-003-11-4,,,3.8751187,-4.995159
BR00117011,I14,U2OS,48,BI-2536,compound,BRD-K64890080-001-02-1,poscon_diverse,,3.7662597,15.415671
BR00117011,I15,U2OS,48,riociguat,compound,BRD-K84783599-001-01-0,,,3.0946279,-6.430988
BR00117011,I16,U2OS,48,CP-724714,compound,BRD-K76908866-001-07-6,poscon_cp,"['EGFR inhibitor', 'protein tyrosine kinase inhibitor']",2.834991,-6.162066
BR00117011,I17,U2OS,48,ganetespib,compound,BRD-K38852836-001-04-9,poscon_diverse,['HSP inhibitor'],0.9099285,14.427468
BR00117011,I18,U2OS,48,AZ191,compound,BRD-K80935598-001-01-1,poscon_cp,['DYRK inhibitor'],5.287569,7.414357
BR00117011,I19,U2OS,48,BAX-channel-blocker,compound,BRD-A18763547-300-06-3,,,4.280696,7.435756
BR00117011,I20,U2OS,48,SU3327,compound,BRD-K32730239-001-01-0,,['JNK inhibitor'],0.52540815,16.05381
BR00117011,I21,U2OS,48,DMSO,compound,,negcon,,3.4901214,-5.2714043
BR00117011,I22,U2OS,48,DMSO,compound,,negcon,,3.9835253,-5.337905
BR00117011,I23,U2OS,48,octreotide,compound,BRD-A64173453-015-03-1,,['somatostatin receptor agonist'],3.590006,-5.1831923
BR00117011,I24,U2OS,48,1-octanol,compound,BRD-K09338665-001-08-9,,,3.3829417,-5.897469
BR00117011,J01,U2OS,48,acalabrutinib,compound,BRD-K64034691-001-01-9,,"[""Bruton's tyrosine kinase (BTK) inhibitor""]",4.094255,-5.935758
BR00117011,J02,U2OS,48,rifamycin,compound,BRD-K38512030-001-01-7,,,4.228556,-5.6119585
BR00117011,J03,U2OS,48,pazopanib,compound,BRD-K74514084-003-09-2,,"['KIT inhibitor', 'VEGFR inhibitor', 'PDGFR tyrosine kinase receptor inhibitor']",7.624943,-4.3848443
BR00117011,J04,U2OS,48,RKI-1447,compound,BRD-K19333160-001-01-3,poscon_cp,,12.420204,0.49448133
BR00117011,J05,U2OS,48,vitamin-E,compound,BRD-K97091514-001-11-4,,['PKC inhibitor'],4.137941,-5.3198195
BR00117011,J06,U2OS,48,lonafarnib,compound,BRD-K41599323-001-02-3,poscon_diverse,,4.350087,11.920916
BR00117011,J07,U2OS,48,ethyl-pyruvate,compound,BRD-K47738867-001-01-5,,,4.3202944,-6.2863283
BR00117011,J08,U2OS,48,picrotin,compound,BRD-A91822151-001-05-0,,['GABA receptor antagonist'],4.142463,-5.467329
BR00117011,J09,U2OS,48,SGX523,compound,BRD-K19477839-001-07-6,poscon_cp,,4.3924026,-6.08718
BR00117011,J10,U2OS,48,PP-2,compound,BRD-K95785537-001-22-3,,['src inhibitor'],2.3506408,10.621353
BR00117011,J11,U2OS,48,ME-0328,compound,BRD-A63444178-001-01-5,,['PPAR receptor antagonist'],4.4434624,-6.154936
BR00117011,J12,U2OS,48,AZD9668,compound,BRD-K31476763-001-01-5,,['elastase inhibitor'],4.132594,-6.996613
BR00117011,J13,U2OS,48,NQDI-1,compound,BRD-K61918008-001-07-1,,,3.281853,-6.283595
BR00117011,J14,U2OS,48,DMSO,compound,,negcon,,4.09903,-5.357234
BR00117011,J15,U2OS,48,carzenide,compound,BRD-K09295674-001-09-8,,,4.017335,-5.1379156
BR00117011,J16,U2OS,48,KU-55933,compound,BRD-K25311561-001-10-7,,['ATM kinase inhibitor'],1.8996155,-7.395604
BR00117011,J17,U2OS,48,NVP-AEW541,compound,BRD-K24696047-001-02-3,poscon_cp,['IGF-1 inhibitor'],4.8855104,6.4425125
BR00117011,J18,U2OS,48,leflunomide,compound,BRD-K78692225-001-24-5,,['PDGFR tyrosine kinase receptor inhibitor'],3.295696,-5.83006
BR00117011,J19,U2OS,48,DMSO,compound,,negcon,,3.9895563,-5.633512
BR00117011,J20,U2OS,48,azacitidine,compound,BRD-K03406345-001-21-1,poscon_diverse,,2.8032706,-6.2508416
BR00117011,J21,U2OS,48,ixabepilone,compound,BRD-K03601870-001-01-2,,['microtubule stabilizing agent'],2.775936,14.355279
BR00117011,J22,U2OS,48,KH-CB19,compound,BRD-K66430217-001-03-8,poscon_cp,['CDC inhibitor'],3.2733235,-6.3312097
BR00117011,J23,U2OS,48,DMSO,compound,,negcon,,3.9438965,-5.6923804
BR00117011,J24,U2OS,48,PF-05190457,compound,BRD-K02554563-001-01-6,,,3.5816104,-5.3287935
BR00117011,K01,U2OS,48,LDN-212854,compound,BRD-K59831625-001-03-9,,,0.5279909,16.02802
BR00117011,K02,U2OS,48,formononetin,compound,BRD-K55567017-001-12-3,,['alcohol dehydrogenase inhibitor'],4.23012,-5.717884
BR00117011,K03,U2OS,48,aminopurvalanol-a,compound,BRD-K07762753-001-05-1,poscon_orf,['CDK inhibitor'],-0.02466146,7.4057703
BR00117011,K04,U2OS,48,ruxolitinib,compound,BRD-K53972329-001-01-3,poscon_cp,['JAK inhibitor'],3.554364,-5.2814937
BR00117011,K05,U2OS,48,DMSO,compound,,negcon,,4.19317,-5.2886186
BR00117011,K06,U2OS,48,DMSO,compound,,negcon,,3.7517397,-5.127793
BR00117011,K07,U2OS,48,LGK-974,compound,BRD-K16810791-001-01-0,,['porcupine inhibitor'],4.3238077,-6.8650546
BR00117011,K08,U2OS,48,polydatin,compound,BRD-K43236057-001-07-1,,['ICAM1 expression inhibitor'],3.6299253,11.847373
BR00117011,K09,U2OS,48,enflurane,compound,BRD-A51831848-001-01-7,,,3.9802191,-5.7867064
BR00117011,K10,U2OS,48,PFI-1,compound,BRD-K13094524-001-04-2,poscon_cp,,4.2577887,-5.7635713
BR00117011,K11,U2OS,48,AZD7762,compound,BRD-K86525559-001-07-8,poscon_diverse,['CHK inhibitor'],0.01573957,15.76985
BR00117011,K12,U2OS,48,sotrastaurin,compound,BRD-K16761703-001-03-8,,['PKC inhibitor'],6.425536,-4.3737683
BR00117011,K13,U2OS,48,DMSO,compound,,negcon,,3.5958705,-5.435221
BR00117011,K14,U2OS,48,cycloheximide,compound,BRD-K36055864-001-20-0,,['protein synthesis inhibitor'],-0.85440075,13.136421
BR00117011,K15,U2OS,48,oxytocin,compound,BRD-K25243230-001-01-2,,,3.5029156,-5.6467733
BR00117011,K16,U2OS,48,DMSO,compound,,negcon,,4.1819234,-5.7896676
BR00117011,K17,U2OS,48,colchicine,compound,BRD-K00259736-001-16-4,,,2.4330454,14.744876
BR00117011,K18,U2OS,48,afimoxifene,compound,BRD-K04210847-001-21-9,,,2.5642066,-6.0454807
BR00117011,K19,U2OS,48,DMSO,compound,,negcon,,4.102346,-4.93322
BR00117011,K20,U2OS,48,ZK-93423,compound,BRD-K33882852-003-02-8,poscon_diverse,['benzodiazepine receptor agonist'],4.1009846,-3.2753365
BR00117011,K21,U2OS,48,RGB-286638,compound,BRD-K20986415-001-02-6,,['CDK inhibitor'],-1.6069773,13.949379
BR00117011,K22,U2OS,48,FPS-ZM1,compound,BRD-K87691185-001-01-2,,['RAGE receptor antagonist'],3.9396584,-5.976634
BR00117011,K23,U2OS,48,flindokalner,compound,BRD-K56740996-001-02-1,,,3.3146646,-6.1003833
BR00117011,K24,U2OS,48,motesanib,compound,BRD-K99616396-316-05-3,,"['KIT inhibitor', 'VEGFR inhibitor', 'PDGFR tyrosine kinase receptor inhibitor']",2.8360722,-4.917823
BR00117011,L01,U2OS,48,geldanamycin,compound,BRD-K43570081-001-02-4,,['HSP inhibitor'],0.932236,14.441199
BR00117011,L02,U2OS,48,DMSO,compound,,negcon,,4.05773,-5.2843304
BR00117011,L03,U2OS,48,CGP-53353,compound,BRD-K32292990-001-03-6,,"['PKC inhibitor', 'EGFR inhibitor']",4.2836275,-5.9424586
BR00117011,L04,U2OS,48,7-hydroxystaurosporine,compound,BRD-K45293975-001-02-0,,"['CDK inhibitor', 'PKC inhibitor', 'CHK inhibitor']",-0.19849889,15.454129
BR00117011,L05,U2OS,48,DMSO,compound,,negcon,,4.1949167,-5.761075
BR00117011,L06,U2OS,48,DMSO,compound,,negcon,,4.130938,-5.227913
BR00117011,L07,U2OS,48,efaproxiral,compound,BRD-K37355418-236-01-6,,,4.1632657,-6.2765703
BR00117011,L08,U2OS,48,SB-203580,compound,BRD-A37704979-001-12-3,poscon_orf,['p38 MAPK inhibitor'],6.6506476,-4.116159
BR00117011,L09,U2OS,48,FK-866,compound,BRD-K58550667-001-08-7,poscon_diverse,,15.660226,8.2623825
BR00117011,L10,U2OS,48,bepridil,compound,BRD-A91008255-003-24-8,,['calcium channel blocker'],3.056242,-6.075437
BR00117011,L11,U2OS,48,delanzomib,compound,BRD-K59325863-001-04-4,,,0.41888776,15.717123
BR00117011,L12,U2OS,48,buparlisib,compound,BRD-K42191735-001-08-7,poscon_diverse,,2.605705,14.955096
BR00117011,L13,U2OS,48,phenylbutazone,compound,BRD-K10843433-001-23-5,,"['cyclooxygenase inhibitor', 'prostanoid receptor antagonist']",3.2236722,-6.360243
BR00117011,L14,U2OS,48,deferasirox,compound,BRD-K97010173-001-04-1,,,-1.7610478,7.4805717
BR00117011,L15,U2OS,48,DMSO,compound,,negcon,,3.9648356,-5.1247005
BR00117011,L16,U2OS,48,cediranib,compound,BRD-K86930074-001-05-0,,"['KIT inhibitor', 'VEGFR inhibitor']",5.4454627,7.245525
BR00117011,L17,U2OS,48,isoflurane,compound,BRD-A31564021-001-02-6,,,3.656884,-6.131171
BR00117011,L18,U2OS,48,DMSO,compound,,negcon,,3.7599623,-5.5354156
BR00117011,L19,U2OS,48,CCG-50014,compound,BRD-K08893438-001-06-4,,['G protein signaling inhibitor'],3.9326706,-5.6206007
BR00117011,L20,U2OS,48,PF-431396,compound,BRD-K93788137-001-04-1,,,-1.4174956,8.663342
BR00117011,L21,U2OS,48,TG-02,compound,BRD-K14560436-001-01-4,,"['CDK inhibitor', 'FLT3 inhibitor', 'JAK inhibitor']",0.1448088,14.176644
BR00117011,L22,U2OS,48,baclofen,compound,BRD-K01826724-003-07-9,,['benzodiazepine receptor agonist'],3.0321875,-6.308786
BR00117011,L23,U2OS,48,thiostrepton,compound,BRD-A20697603-001-07-2,,['protein synthesis inhibitor'],5.213884,-1.7069323
BR00117011,L24,U2OS,48,flufenamic-acid,compound,BRD-K44067360-001-29-5,,,2.9020078,-5.790109
BR00117011,M01,U2OS,48,DMSO,compound,,negcon,,4.0592456,-5.5129323
BR00117011,M02,U2OS,48,LY2109761,compound,BRD-K47557313-001-02-7,,,7.405183,-9.19265
BR00117011,M03,U2OS,48,olopatadine,compound,BRD-K67637637-003-11-8,,['histamine receptor antagonist'],4.1513853,-5.3622146
BR00117011,M04,U2OS,48,DMSO,compound,,negcon,,4.240569,-5.5915046
BR00117011,M05,U2OS,48,castanospermine,compound,BRD-K20897876-001-11-8,,['glucosidase inhibitor'],4.2591043,-5.2617855
BR00117011,M06,U2OS,48,A205804,compound,BRD-K77627880-001-04-0,,['ICAM1 expression inhibitor'],3.948958,-8.0292225
BR00117011,M07,U2OS,48,VU591,compound,BRD-K72063794-003-01-0,,['potassium channel blocker'],3.7797623,-5.6088114
BR00117011,M08,U2OS,48,dalbavancin,compound,BRD-K30177383-001-01-0,,['bacterial cell wall synthesis inhibitor'],4.057187,-5.6674147
BR00117011,M09,U2OS,48,CC-401,compound,BRD-K45746021-003-01-9,,['JNK inhibitor'],2.0957086,-6.5149555
BR00117011,M10,U2OS,48,ganetespib,compound,BRD-K38852836-001-04-9,poscon_diverse,['HSP inhibitor'],0.9346764,14.469767
BR00117011,M11,U2OS,48,ingenol-mebutate,compound,BRD-K93779381-001-01-9,,,6.099808,-5.0970025
BR00117011,M12,U2OS,48,menadione,compound,BRD-K78126613-001-27-7,,,-1.074772,13.375149
BR00117011,M13,U2OS,48,cetilistat,compound,BRD-K94863486-001-02-2,,,4.100091,-5.671796
BR00117011,M14,U2OS,48,methoxsalen,compound,BRD-K63430059-001-16-4,,['DNA synthesis inhibitor'],3.9902456,-5.8848357
BR00117011,M15,U2OS,48,cyclosporine,compound,BRD-K13533483-001-16-2,,,5.3958497,1.0572007
BR00117011,M16,U2OS,48,NSC-632839,compound,BRD-K81197548-003-01-4,poscon_cp,['ubiquitin specific protease inhibitor'],0.80230045,15.641478
BR00117011,M17,U2OS,48,DMSO,compound,,negcon,,3.6966379,-5.5548067
BR00117011,M18,U2OS,48,TG-003,compound,BRD-K97072811-001-11-4,poscon_cp,,2.6452947,-5.851048
BR00117011,M19,U2OS,48,oxibendazole,compound,BRD-K52075715-001-06-7,,['tubulin polymerization inhibitor'],2.5319002,14.546355
BR00117011,M20,U2OS,48,TG-101348,compound,BRD-K12502280-001-11-4,poscon_cp,"['JAK inhibitor', 'FLT3 inhibitor']",1.4749107,15.45299
BR00117011,M21,U2OS,48,miglitol,compound,BRD-A63310107-001-04-8,,['glucosidase inhibitor'],3.3775544,-5.961909
BR00117011,M22,U2OS,48,DMSO,compound,,negcon,,3.9576852,-5.4747167
BR00117011,M23,U2OS,48,DMSO,compound,,negcon,,4.0050135,-5.46269
BR00117011,M24,U2OS,48,tranilast,compound,BRD-K17849083-001-32-9,,,3.4353316,-5.7232614
BR00117011,N01,U2OS,48,4-methylhistamine,compound,BRD-K70821460-300-02-4,,['histamine receptor agonist'],3.8264484,-5.69819
BR00117011,N02,U2OS,48,LDN-27219,compound,BRD-K51485109-001-01-4,,,3.4311311,-5.5261745
BR00117011,N03,U2OS,48,anisomycin,compound,BRD-K91370081-001-25-1,,['DNA synthesis inhibitor'],-0.040535435,14.819292
BR00117011,N04,U2OS,48,thioguanine,compound,BRD-K49350383-001-13-7,poscon_diverse,,-0.048567608,11.055923
BR00117011,N05,U2OS,48,droxinostat,compound,BRD-K11558771-001-13-9,,['HDAC inhibitor'],2.74477,-3.1280565
BR00117011,N06,U2OS,48,UNC2025,compound,BRD-K91283740-003-01-6,poscon_cp,['FLT3 inhibitor'],0.82398283,14.450013
BR00117011,N07,U2OS,48,DMSO,compound,,negcon,,3.9211662,-5.2332606
BR00117011,N08,U2OS,48,DMSO,compound,,negcon,,4.2470865,-5.2282615
BR00117011,N09,U2OS,48,AMG900,compound,BRD-K21728777-001-02-3,poscon_cp,['Aurora kinase inhibitor'],-1.4012526,8.65798
BR00117011,N10,U2OS,48,PF-06463922,compound,BRD-A23124853-001-01-4,,['ALK tyrosine kinase receptor inhibitor'],6.83609,-5.4326963
BR00117011,N11,U2OS,48,orantinib,compound,BRD-K55966568-001-09-6,poscon_cp,"['FGFR inhibitor', 'PDGFR tyrosine kinase receptor inhibitor', 'VEGFR inhibitor']",2.9331217,-6.050995
BR00117011,N12,U2OS,48,fludarabine-phosphate,compound,BRD-K71106091-001-09-5,,['ribonucleotide reductase inhibitor'],-1.6167204,7.6871805
BR00117011,N13,U2OS,48,ceritinib,compound,BRD-K22149900-001-06-2,,['ALK tyrosine kinase receptor inhibitor'],6.1376467,-5.7420106
BR00117011,N14,U2OS,48,NVS-PAK1-1,compound,BRD-K28132190-001-02-0,poscon_cp,['p21 activated kinase inhibitor'],2.3234904,10.10538
BR00117011,N15,U2OS,48,homoharringtonine,compound,BRD-K76674262-001-03-3,,['protein synthesis inhibitor'],-0.010782202,14.826433
BR00117011,N16,U2OS,48,picrotoxinin,compound,BRD-K36461289-001-05-8,,['GABA receptor antagonist'],3.4534175,-5.9550304
BR00117011,N17,U2OS,48,DMSO,compound,,negcon,,4.21589,-5.8130608
BR00117011,N18,U2OS,48,danusertib,compound,BRD-K07881437-001-03-8,poscon_diverse,"['growth factor receptor inhibitor', 'Aurora kinase inhibitor']",-1.3733469,8.16508
BR00117011,N19,U2OS,48,romidepsin,compound,BRD-K61397605-001-01-8,poscon_cp,['HDAC inhibitor'],0.81300443,15.792327
BR00117011,N20,U2OS,48,FERb-033,compound,BRD-K61642990-001-01-0,poscon_cp,['EGFR inhibitor'],2.794068,-5.688438
BR00117011,N21,U2OS,48,PF-03758309,compound,BRD-K37764012-001-03-3,poscon_diverse,['p21 activated kinase inhibitor'],-0.06687197,14.314578
BR00117011,N22,U2OS,48,DMSO,compound,,negcon,,3.52065,-5.2651057
BR00117011,N23,U2OS,48,trometamol,compound,BRD-K47978074-001-03-2,,,3.8271756,-6.257184
BR00117011,N24,U2OS,48,simvastatin,compound,BRD-K22134346-001-22-3,,['HMGCR inhibitor'],2.3384287,10.214532
BR00117011,O01,U2OS,48,zaprinast,compound,BRD-K16542329-001-16-8,,['phosphodiesterase inhibitor'],4.329709,-5.442117
BR00117011,O02,U2OS,48,dexamethasone,compound,BRD-A10188456-001-04-9,,['glucocorticoid receptor agonist'],2.8155775,-6.0981407
BR00117011,O03,U2OS,48,salicylic-acid,compound,BRD-K93632104-001-17-2,,['cyclooxygenase inhibitor'],4.3341866,-5.571696
BR00117011,O04,U2OS,48,diltiazem,compound,BRD-A69636825-003-04-7,,['calcium channel blocker'],3.7611518,-5.1709127
BR00117011,O05,U2OS,48,phenolphthalein,compound,BRD-K19227686-001-18-6,,,4.2890286,-5.4511695
BR00117011,O06,U2OS,48,niflumic-acid,compound,BRD-K98763141-001-30-8,,['cyclooxygenase inhibitor'],3.9482398,-5.929433
BR00117011,O07,U2OS,48,DMSO,compound,,negcon,,4.0086565,-5.172454
BR00117011,O08,U2OS,48,L-Cystine,compound,BRD-A15397381-001-02-5,,,3.616024,-6.1211486
BR00117011,O09,U2OS,48,ozanimod,compound,BRD-K46625559-001-01-8,,['sphingosine 1 phosphate receptor agonist'],3.0901875,-4.444055
BR00117011,O10,U2OS,48,efaroxan,compound,BRD-A10739734-003-09-8,,['adrenergic receptor antagonist'],4.303658,-6.0608964
BR00117011,O11,U2OS,48,NBQX,compound,BRD-K11796549-001-05-2,,['glutamate receptor antagonist'],4.2495627,-5.2459083
BR00117011,O12,U2OS,48,dinoprostone,compound,BRD-K26521938-001-07-2,,['prostanoid receptor agonist'],4.3454175,-5.8343763
BR00117011,O13,U2OS,48,Ro-20-1724,compound,BRD-A07207424-001-14-0,,['phosphodiesterase inhibitor'],4.152687,-5.9402103
BR00117011,O14,U2OS,48,xanomeline,compound,BRD-K72815923-034-02-0,,['acetylcholine receptor agonist'],4.077714,-5.417675
BR00117011,O15,U2OS,48,terazosin,compound,BRD-K01825589-310-02-9,,['adrenergic receptor antagonist'],3.7683063,-5.321456
BR00117011,O16,U2OS,48,BVT-948,compound,BRD-K68567222-001-01-2,,,-1.256871,13.786387
BR00117011,O17,U2OS,48,nicotine,compound,BRD-K01825660-322-01-9,,['acetylcholine receptor agonist'],4.0243297,-5.2567244
BR00117011,O18,U2OS,48,DMSO,compound,,negcon,,3.9405127,-5.327357
BR00117011,O19,U2OS,48,U-0521,compound,BRD-K08953028-001-09-6,,,3.6212735,-5.272951
BR00117011,O20,U2OS,48,BMS-587101,compound,BRD-K20093108-001-02-3,,,4.059799,-4.845815
BR00117011,O21,U2OS,48,nimodipine,compound,BRD-A58048407-001-20-4,,['calcium channel blocker'],3.792374,-5.6022944
BR00117011,O22,U2OS,48,pyrrolidine-dithiocarbamate,compound,BRD-K80970344-201-08-6,,,0.7930061,15.799327
BR00117011,O23,U2OS,48,PF-915275,compound,BRD-K18289362-001-02-2,,,3.7941718,-5.3517003
BR00117011,O24,U2OS,48,JTE-013,compound,BRD-K43330982-001-02-3,,,3.4588134,-4.8985724
BR00117011,P01,U2OS,48,sodium-butyrate,compound,BRD-K05878375-236-05-7,,['HDAC inhibitor'],4.1195087,-4.383873
BR00117011,P02,U2OS,48,pentostatin,compound,BRD-K91543828-001-02-0,,['ribonucleotide reductase inhibitor'],3.032682,-5.6001744
BR00117011,P03,U2OS,48,OMDM-2,compound,BRD-K48830578-001-01-9,,,2.8802726,-5.5016093
BR00117011,P04,U2OS,48,nalmefene,compound,BRD-A72767275-003-01-6,,,4.210753,-5.4946856
BR00117011,P05,U2OS,48,DMSO,compound,,negcon,,4.1985607,-5.061103
BR00117011,P06,U2OS,48,1-EBIO,compound,BRD-K70586315-001-02-4,,,3.5380442,-5.630192
BR00117011,P07,U2OS,48,SB-505124,compound,BRD-K40109029-001-02-9,,['ALK tyrosine kinase receptor inhibitor'],5.1140676,-1.9164543
BR00117011,P08,U2OS,48,prasugrel,compound,BRD-A83029242-001-06-1,,['purinergic receptor antagonist'],3.1371431,-5.972354
BR00117011,P09,U2OS,48,pidolic-acid,compound,BRD-K57313110-001-06-8,,,3.380148,-5.677784
BR00117011,P10,U2OS,48,DMSO,compound,,negcon,,3.6035504,-5.374232
BR00117011,P11,U2OS,48,nevirapine,compound,BRD-K15502390-001-20-9,,,3.0095432,-6.045269
BR00117011,P12,U2OS,48,triamterene,compound,BRD-K92049597-001-20-8,,['sodium channel blocker'],4.0790963,-5.1914086
BR00117011,P13,U2OS,48,regorafenib,compound,BRD-K16730910-001-07-3,,"['PDGFR tyrosine kinase receptor inhibitor', 'RAF inhibitor', 'KIT inhibitor', 'RET tyrosine kinase inhibitor', 'FGFR inhibitor', 'VEGFR inhibitor']",5.4192295,-5.383606
BR00117011,P14,U2OS,48,cyclophosphamide,compound,BRD-A09722536-002-18-0,,,4.221098,-5.48869
BR00117011,P15,U2OS,48,olanzapine,compound,BRD-K18895904-001-16-1,,"['dopamine receptor antagonist', 'serotonin receptor antagonist']",2.8727167,-5.1521654
BR00117011,P16,U2OS,48,KI-16425,compound,BRD-A25569250-001-03-3,,['lysophosphatidic acid receptor antagonist'],3.1357045,-5.501382
BR00117011,P17,U2OS,48,SKLB1002,compound,BRD-K29895144-001-01-0,,['VEGFR inhibitor'],-1.5041426,7.8467684
BR00117011,P18,U2OS,48,cilostazol,compound,BRD-K67017579-001-28-1,,['phosphodiesterase inhibitor'],3.1594431,-5.27314
BR00117011,P19,U2OS,48,AZD1283,compound,BRD-K77060810-001-01-5,,['purinergic receptor antagonist'],4.5893583,-6.298946
BR00117011,P20,U2OS,48,A-987306,compound,BRD-K68982262-001-01-4,,['histamine receptor antagonist'],4.937832,6.1435466
BR00117011,P21,U2OS,48,procaine,compound,BRD-K24616672-003-20-1,,['HMGCR inhibitor'],3.4732702,-5.759062
BR00117011,P22,U2OS,48,miconazole,compound,BRD-A82396632-008-30-8,,['bacterial cell wall synthesis inhibitor'],3.1371,-5.7635703
BR00117011,P23,U2OS,48,loperamide,compound,BRD-K61250553-003-30-6,,,2.586876,-5.527011
BR00117011,P24,U2OS,48,aripiprazole,compound,BRD-K70358946-001-17-3,,['serotonin receptor antagonist'],2.9761589,-3.7953527
BR00117012,A01,U2OS,48,gabapentin-enacarbil,compound,BRD-A86665761-001-01-1,,,6.153962,-7.6576533
BR00117012,A02,U2OS,48,DMSO,compound,,negcon,,6.4107523,-6.8776894
BR00117012,A03,U2OS,48,amlodipine,compound,BRD-A22032524-074-09-9,,['calcium channel blocker'],2.465933,-5.3354506
BR00117012,A04,U2OS,48,hexestrol,compound,BRD-A01078468-001-14-8,,,6.6997585,-6.850915
BR00117012,A05,U2OS,48,quinine,compound,BRD-K48278478-001-01-2,,,2.485747,-5.2805605
BR00117012,A06,U2OS,48,LOXO-101,compound,BRD-K36574127-001-01-3,,,6.7235503,-6.9327736
BR00117012,A07,U2OS,48,brinzolamide,compound,BRD-K74913225-001-14-0,,['carbonic anhydrase inhibitor'],6.8620534,-6.858715
BR00117012,A08,U2OS,48,NS-11021,compound,BRD-K94342292-001-01-3,,['calcium-activated potassium channel activator'],5.217613,0.792421
BR00117012,A09,U2OS,48,DMSO,compound,,negcon,,5.809596,-6.921025
BR00117012,A10,U2OS,48,GNF-5837,compound,BRD-K19975102-001-01-2,,['growth factor receptor inhibitor'],4.262571,-3.5999668
BR00117012,A11,U2OS,48,apatinib,compound,BRD-K25244359-066-02-6,,['RET tyrosine kinase inhibitor'],5.933278,-7.039861
BR00117012,A12,U2OS,48,ethoxzolamide,compound,BRD-K18131774-001-18-4,,['carbonic anhydrase inhibitor'],5.6602407,-7.0371766
BR00117012,A13,U2OS,48,ascorbic-acid,compound,BRD-A85242401-001-11-5,,,4.1796865,-6.3297815
BR00117012,A14,U2OS,48,ryuvidine,compound,BRD-K06426971-001-02-7,,['histone lysine methyltransferase inhibitor'],-0.060257666,16.37328
BR00117012,A15,U2OS,48,BAN-ORL-24,compound,BRD-K47049295-300-03-1,,,3.1421635,11.761065
BR00117012,A16,U2OS,48,NNC-55-0396,compound,BRD-K78122587-300-04-3,,,4.5633125,6.8306003
BR00117012,A17,U2OS,48,DMSO,compound,,negcon,,5.617612,-7.0934696
BR00117012,A18,U2OS,48,WH-4-023,compound,BRD-K50199947-001-03-4,,['src inhibitor'],2.5278506,11.165566
BR00117012,A19,U2OS,48,flupirtine,compound,BRD-K50720187-051-03-1,,['glutamate receptor antagonist'],5.4641757,-6.9752088
BR00117012,A20,U2OS,48,ZK811752,compound,BRD-K91825936-001-03-9,,,4.6288414,-6.563573
BR00117012,A21,U2OS,48,dexamethasone,compound,BRD-K38775274-001-22-1,,['glucocorticoid receptor agonist'],5.634409,-7.164959
BR00117012,A22,U2OS,48,PP-1,compound,BRD-K47598052-001-14-1,,['src inhibitor'],2.361469,10.482776
BR00117012,A23,U2OS,48,DDR1-IN-1,compound,BRD-K61845293-300-01-9,,,4.8962536,6.31632
BR00117012,A24,U2OS,48,AVL-292,compound,BRD-K87782578-001-01-4,,"[""Bruton's tyrosine kinase (BTK) inhibitor""]",2.0641441,11.408519
BR00117012,B01,U2OS,48,H2L-5765834,compound,BRD-K26439554-001-01-3,,['lysophosphatidic acid receptor antagonist'],5.8717647,-6.7396455
BR00117012,B02,U2OS,48,thiostrepton,compound,BRD-K58049875-001-03-9,,['protein synthesis inhibitor'],0.7535464,15.56641
BR00117012,B03,U2OS,48,DMSO,compound,,negcon,,5.9890924,-6.65348
BR00117012,B04,U2OS,48,arcyriaflavin-a,compound,BRD-K72726508-001-02-1,,['CDK inhibitor'],1.0908558,11.320106
BR00117012,B05,U2OS,48,CYM-5520,compound,BRD-K29151923-001-01-5,,['sphingosine 1 phosphate receptor agonist'],5.934074,-6.6205716
BR00117012,B06,U2OS,48,fludarabine,compound,BRD-K66788707-001-14-3,,['ribonucleotide reductase inhibitor'],-1.7100159,7.576536
BR00117012,B07,U2OS,48,alda-1,compound,BRD-K06890060-001-09-1,,,6.0375514,-6.7757645
BR00117012,B08,U2OS,48,meclofenamic-acid,compound,BRD-K50398167-236-22-7,,"['cyclooxygenase inhibitor', 'prostanoid receptor antagonist']",5.920236,-6.7858014
BR00117012,B09,U2OS,48,GNF-5,compound,BRD-K87632963-001-03-0,,['Bcr-Abl kinase inhibitor'],6.044029,-6.814762
BR00117012,B10,U2OS,48,NS-309,compound,BRD-K37602296-001-01-6,,['calcium-activated potassium channel activator'],5.802797,-6.653748
BR00117012,B11,U2OS,48,AK-7,compound,BRD-K09143580-001-01-0,,['SIRT inhibitor'],5.0820293,-4.626223
BR00117012,B12,U2OS,48,BVT-948,compound,BRD-A22713669-001-04-3,,,-0.07729017,16.401287
BR00117012,B13,U2OS,48,SirReal-2,compound,BRD-K16472653-001-01-6,,['SIRT inhibitor'],6.017215,-6.8452854
BR00117012,B14,U2OS,48,DMSO,compound,,negcon,,5.938685,-6.7925024
BR00117012,B15,U2OS,48,BMS-536924,compound,BRD-K34581968-001-05-3,,['IGF-1 inhibitor'],1.9943968,11.351379
BR00117012,B16,U2OS,48,PP-121,compound,BRD-K81801188-001-02-8,,['protein tyrosine kinase inhibitor'],1.9108057,11.645782
BR00117012,B17,U2OS,48,MCOPPB,compound,BRD-K73276278-305-01-1,,,5.250862,7.2182894
BR00117012,B18,U2OS,48,ozagrel,compound,BRD-K53061490-003-13-9,,,5.8596487,-6.8963995
BR00117012,B19,U2OS,48,CYM-5442,compound,BRD-A43005764-003-01-5,,['sphingosine 1 phosphate receptor agonist'],4.7778153,6.497499
BR00117012,B20,U2OS,48,CVT-10216,compound,BRD-K60659193-001-01-0,,,5.7172394,-6.9892855
BR00117012,B21,U2OS,48,TCN201,compound,BRD-K09787262-001-02-7,,['glutamate receptor antagonist'],5.8721266,-7.111307
BR00117012,B22,U2OS,48,fomepizole,compound,BRD-K56810756-003-07-7,,['alcohol dehydrogenase inhibitor'],5.3647094,-7.077109
BR00117012,B23,U2OS,48,benzamil,compound,BRD-K87158025-003-08-7,,['sodium channel blocker'],5.303763,-7.053637
BR00117012,B24,U2OS,48,lercanidipine,compound,BRD-A18992208-003-02-7,,['calcium channel blocker'],5.7328997,-7.07381
BR00117012,C01,U2OS,48,4-CMTB,compound,BRD-A54139254-001-09-2,,['free fatty acid receptor agonist'],6.136279,-7.524952
BR00117012,C02,U2OS,48,ML-228,compound,BRD-K44432556-001-05-5,,,6.9876504,-6.9211607
BR00117012,C03,U2OS,48,DMSO,compound,,negcon,,6.4750366,-6.813812
BR00117012,C04,U2OS,48,GSK1070916,compound,BRD-K36740062-001-06-6,,['Aurora kinase inhibitor'],2.1208804,12.322907
BR00117012,C05,U2OS,48,ML-193,compound,BRD-K27539181-001-08-5,,,6.126933,-7.6807117
BR00117012,C06,U2OS,48,DMSO,compound,,negcon,,6.4801664,-6.9588737
BR00117012,C07,U2OS,48,M-25,compound,BRD-K51265828-001-01-0,,['smoothened receptor antagonist'],6.783852,-7.010148
BR00117012,C08,U2OS,48,azeliragon,compound,BRD-K51899933-001-02-6,,['RAGE receptor antagonist'],1.1668226,15.362775
BR00117012,C09,U2OS,48,CYT-997,compound,BRD-K23363278-001-02-1,poscon_diverse,['tubulin polymerization inhibitor'],-0.75696594,13.856808
BR00117012,C10,U2OS,48,AR-12,compound,BRD-K90497590-001-05-9,,,-0.04074362,16.394342
BR00117012,C11,U2OS,48,CYM-50260,compound,BRD-K69877120-001-01-7,,['sphingosine 1 phosphate receptor agonist'],5.884224,-6.8953857
BR00117012,C12,U2OS,48,DMSO,compound,,negcon,,6.150661,-6.970217
BR00117012,C13,U2OS,48,KG-5,compound,BRD-K90747162-001-01-4,poscon_cp,['RAF inhibitor'],2.9501677,13.82207
BR00117012,C14,U2OS,48,JTE-607,compound,BRD-K81405859-300-01-4,,,-1.547411,7.7546706
BR00117012,C15,U2OS,48,DMSO,compound,,negcon,,5.900522,-6.865629
BR00117012,C16,U2OS,48,ilomastat,compound,BRD-K51662849-001-05-4,,['matrix metalloprotease inhibitor'],6.21379,-6.931723
BR00117012,C17,U2OS,48,RX-821002,compound,BRD-A65597028-003-08-1,,['adrenergic receptor antagonist'],5.8491406,-7.004791
BR00117012,C18,U2OS,48,DMSO,compound,,negcon,,6.0959654,-7.177166
BR00117012,C19,U2OS,48,TUG-891,compound,BRD-K24282351-001-01-4,,['free fatty acid receptor agonist'],5.78285,-6.984106
BR00117012,C20,U2OS,48,ponatinib,compound,BRD-K44227013-001-08-0,,"['PDGFR tyrosine kinase receptor inhibitor', 'FLT3 inhibitor', 'Bcr-Abl kinase inhibitor']",0.3415242,15.792513
BR00117012,C21,U2OS,48,DMSO,compound,,negcon,,5.9199686,-7.0258384
BR00117012,C22,U2OS,48,puromycin,compound,BRD-K01824976-300-02-9,,['protein synthesis inhibitor'],0.56297904,15.948696
BR00117012,C23,U2OS,48,SRC-kinase-inhibitor-I,compound,BRD-K50495309-001-02-0,,['src inhibitor'],4.9200964,6.3272614
BR00117012,C24,U2OS,48,acetylcysteine,compound,BRD-K59058747-001-19-1,,,5.5573196,-7.177726
BR00117012,D01,U2OS,48,NSC-625987,compound,BRD-K62949423-001-03-1,,['CDK inhibitor'],5.769379,-6.790362
BR00117012,D02,U2OS,48,dalfampridine,compound,BRD-K22482860-001-20-6,,['potassium channel blocker'],5.854568,-6.7328286
BR00117012,D03,U2OS,48,NSC-95397,compound,BRD-K68143200-001-11-7,,['CDC inhibitor'],-0.06933892,15.766141
BR00117012,D04,U2OS,48,alrestatin,compound,BRD-K35498378-001-06-1,,['aldose reductase inhibitor'],6.1821313,-6.78484
BR00117012,D05,U2OS,48,PF-03758309,compound,BRD-K37764012-001-03-3,poscon_diverse,['p21 activated kinase inhibitor'],6.0366206,-6.7534466
BR00117012,D06,U2OS,48,IRL-2500,compound,BRD-K98357249-001-02-9,,['endothelin receptor antagonist'],5.9568777,-6.793107
BR00117012,D07,U2OS,48,PF-04217903,compound,BRD-K73319509-001-08-0,poscon_cp,,6.29963,-6.886446
BR00117012,D08,U2OS,48,FK-866,compound,BRD-K58550667-001-08-7,poscon_diverse,,15.660219,8.262385
BR00117012,D09,U2OS,48,amlexanox,compound,BRD-K29530284-001-06-2,,,5.842001,-6.7311354
BR00117012,D10,U2OS,48,GW-311616,compound,BRD-K37864785-001-01-0,,['elastase inhibitor'],5.830449,-6.8118677
BR00117012,D11,U2OS,48,buparlisib,compound,BRD-K42191735-001-08-7,poscon_diverse,,2.456891,14.93709
BR00117012,D12,U2OS,48,amiloride,compound,BRD-K97181089-003-24-7,,['sodium channel blocker'],6.16032,-6.8620863
BR00117012,D13,U2OS,48,DG-172,compound,BRD-K75748943-300-01-3,,,4.96467,6.1165686
BR00117012,D14,U2OS,48,DMSO,compound,,negcon,,6.2321677,-6.7058454
BR00117012,D15,U2OS,48,DMSO,compound,,negcon,,5.958819,-6.737888
BR00117012,D16,U2OS,48,NVP-ADW742,compound,BRD-K15179513-001-04-2,poscon_cp,,4.710841,7.2204704
BR00117012,D17,U2OS,48,misoprostol,compound,BRD-A72351335-001-04-5,,['prostanoid receptor agonist'],5.9057226,-6.758926
BR00117012,D18,U2OS,48,conivaptan,compound,BRD-K37385792-003-02-1,,,3.445787,-4.259968
BR00117012,D19,U2OS,48,spiroxatrine,compound,BRD-A72483914-001-03-7,,['serotonin receptor antagonist'],5.931858,-6.7832975
BR00117012,D20,U2OS,48,diacerein,compound,BRD-K69122748-001-10-1,,,5.851473,-6.9546776
BR00117012,D21,U2OS,48,DMSO,compound,,negcon,,5.9440546,-7.032954
BR00117012,D22,U2OS,48,DMSO,compound,,negcon,,5.7967496,-7.1816587
BR00117012,D23,U2OS,48,glyburide,compound,BRD-K36927236-001-36-7,,['ATP channel blocker'],5.780926,-7.2147026
BR00117012,D24,U2OS,48,ANR-94,compound,BRD-K31170746-001-01-6,,,5.6991615,-7.1645164
BR00117012,E01,U2OS,48,TFC-007,compound,BRD-K57708067-001-01-3,,,6.837594,-6.855681
BR00117012,E02,U2OS,48,trihexyphenidyl,compound,BRD-A48180038-003-24-3,,['acetylcholine receptor antagonist'],6.6311355,-6.8360763
BR00117012,E03,U2OS,48,epoprostenol,compound,BRD-K64054020-001-02-7,,,7.014284,-6.950233
BR00117012,E04,U2OS,48,sacubitril,compound,BRD-K91456750-001-01-9,,,6.691602,-6.8166547
BR00117012,E05,U2OS,48,danusertib,compound,BRD-K07881437-001-03-8,poscon_diverse,"['growth factor receptor inhibitor', 'Aurora kinase inhibitor']",-1.2830954,8.178238
BR00117012,E06,U2OS,48,CYT-997,compound,BRD-K23363278-001-02-1,poscon_diverse,['tubulin polymerization inhibitor'],2.3921003,14.797195
BR00117012,E07,U2OS,48,DMSO,compound,,negcon,,6.312909,-6.721362
BR00117012,E08,U2OS,48,BQ-788,compound,BRD-K02490038-236-03-8,,['endothelin receptor antagonist'],6.686055,-6.994412
BR00117012,E09,U2OS,48,SB-202190,compound,BRD-K54330070-001-19-6,poscon_orf,['p38 MAPK inhibitor'],6.241255,-7.329187
BR00117012,E10,U2OS,48,GSK2110183,compound,BRD-K25412176-001-01-9,poscon_diverse,,8.454097,-3.7354405
BR00117012,E11,U2OS,48,GSK3787,compound,BRD-K03155172-001-03-0,,['PPAR receptor antagonist'],5.8816166,-6.8333645
BR00117012,E12,U2OS,48,BAM7,compound,BRD-K07442505-001-03-6,,,5.706605,-6.8980412
BR00117012,E13,U2OS,48,PHA-793887,compound,BRD-K64800655-001-09-0,poscon_diverse,['CDK inhibitor'],0.053335108,14.013764
BR00117012,E14,U2OS,48,DMSO,compound,,negcon,,6.0005426,-6.9758525
BR00117012,E15,U2OS,48,GSK-37647,compound,BRD-K26514105-001-01-7,,['free fatty acid receptor agonist'],5.9301353,-7.0989814
BR00117012,E16,U2OS,48,desonide,compound,BRD-K21528677-001-04-4,,['glucocorticoid receptor agonist'],5.7616243,-7.1253924
BR00117012,E17,U2OS,48,DMSO,compound,,negcon,,6.0725937,-6.889688
BR00117012,E18,U2OS,48,aloxistatin,compound,BRD-K91188791-001-17-5,,,4.5016775,-4.177
BR00117012,E19,U2OS,48,azathioprine,compound,BRD-K32821942-001-22-1,,,5.78589,-6.9743
BR00117012,E20,U2OS,48,ZK-93423,compound,BRD-K33882852-003-02-8,poscon_diverse,['benzodiazepine receptor agonist'],4.555432,-6.3266873
BR00117012,E21,U2OS,48,BI-2536,compound,BRD-K64890080-001-02-1,poscon_diverse,,3.7709486,15.441048
BR00117012,E22,U2OS,48,EI1,compound,BRD-K91535048-001-01-2,poscon_cp,['histone lysine methyltransferase inhibitor'],5.865305,-7.035523
BR00117012,E23,U2OS,48,NVP-HSP990,compound,BRD-K67915505-001-01-2,,['HSP inhibitor'],0.93769807,14.473543
BR00117012,E24,U2OS,48,DMSO,compound,,negcon,,6.01881,-7.275222
BR00117012,F01,U2OS,48,DMSO,compound,,negcon,,6.0251703,-6.767667
BR00117012,F02,U2OS,48,nialamide,compound,BRD-K12102668-001-25-5,,,6.326228,-6.7302494
BR00117012,F03,U2OS,48,DMSO,compound,,negcon,,6.13119,-6.8706207
BR00117012,F04,U2OS,48,arundic-acid,compound,BRD-K49223707-001-01-0,,,6.3669963,-7.128986
BR00117012,F05,U2OS,48,torcitabine,compound,BRD-K91822704-003-07-2,,,6.073603,-7.084529
BR00117012,F06,U2OS,48,DMSO,compound,,negcon,,6.037132,-6.9624047
BR00117012,F07,U2OS,48,epothilone-b,compound,BRD-K68164687-001-01-6,,"['microtubule stabilizing agent', 'tubulin polymerization inhibitor']",2.9055989,13.905498
BR00117012,F08,U2OS,48,dyphylline,compound,BRD-A00827783-001-24-6,,['phosphodiesterase inhibitor'],6.1316833,-7.0195165
BR00117012,F09,U2OS,48,DMSO,compound,,negcon,,6.060083,-6.643836
BR00117012,F10,U2OS,48,quinidine,compound,BRD-K59632282-052-03-1,,['sodium channel blocker'],5.641212,-6.657133
BR00117012,F11,U2OS,48,halopemide,compound,BRD-K50055394-001-03-6,,,6.6522226,-2.4341047
BR00117012,F12,U2OS,48,sulfinpyrazone,compound,BRD-A36217750-001-16-3,,,6.416429,-6.9615517
BR00117012,F13,U2OS,48,ML-323,compound,BRD-K93942811-001-01-3,poscon_cp,['ubiquitin specific protease inhibitor'],6.146077,-6.7379456
BR00117012,F14,U2OS,48,racecadotril,compound,BRD-A08187463-001-12-9,,,6.1605406,-6.8757167
BR00117012,F15,U2OS,48,BRL-50481,compound,BRD-K84266862-001-03-2,,['phosphodiesterase inhibitor'],6.409556,-6.637232
BR00117012,F16,U2OS,48,GSK2110183,compound,BRD-K25412176-001-01-9,poscon_diverse,,8.440083,-3.7479026
BR00117012,F17,U2OS,48,bufexamac,compound,BRD-K36660044-001-24-2,,['cyclooxygenase inhibitor'],5.6422696,-6.4947248
BR00117012,F18,U2OS,48,anandamide,compound,BRD-K42352790-001-05-3,,,6.0529885,-6.7657304
BR00117012,F19,U2OS,48,thioguanine,compound,BRD-K49350383-001-13-7,poscon_diverse,,-0.037587468,11.05989
BR00117012,F20,U2OS,48,IWP-L6,compound,BRD-K53234107-001-01-6,,['porcupine inhibitor'],5.948052,-6.9586143
BR00117012,F21,U2OS,48,edoxaban,compound,BRD-K29322660-001-01-9,,['coagulation factor inhibitor'],5.9445066,-7.085834
BR00117012,F22,U2OS,48,lonafarnib,compound,BRD-K41599323-001-02-3,poscon_diverse,,4.3595285,11.914718
BR00117012,F23,U2OS,48,ibutamoren,compound,BRD-K44771174-066-01-0,,,5.8134303,-7.205939
BR00117012,F24,U2OS,48,somatostatin,compound,BRD-K14681867-001-01-6,,['somatostatin receptor agonist'],5.619712,-7.3130097
BR00117012,G01,U2OS,48,L-proline,compound,BRD-K01666412-001-02-0,,,5.78439,-6.517245
BR00117012,G02,U2OS,48,zamifenacin,compound,BRD-K80451230-051-02-6,,['acetylcholine receptor antagonist'],6.714382,-6.6524935
BR00117012,G03,U2OS,48,YC-1,compound,BRD-K60476892-001-16-1,,,-0.69406825,13.462371
BR00117012,G04,U2OS,48,DMSO,compound,,negcon,,6.1436195,-7.3116846
BR00117012,G05,U2OS,48,ME-0328,compound,BRD-K24283677-001-01-9,,['PPAR receptor antagonist'],6.7879086,-6.7900305
BR00117012,G06,U2OS,48,NSC-663284,compound,BRD-K03109492-001-02-2,,['CDC inhibitor'],-0.03132791,16.389456
BR00117012,G07,U2OS,48,CYM-50358,compound,BRD-K80666802-003-01-0,,,6.959692,-6.932738
BR00117012,G08,U2OS,48,trazodone,compound,BRD-K70778732-003-27-5,,"['adrenergic receptor antagonist', 'serotonin receptor antagonist']",6.9661794,-6.8600593
BR00117012,G09,U2OS,48,DMSO,compound,,negcon,,6.786663,-6.8297677
BR00117012,G10,U2OS,48,DMSO,compound,,negcon,,6.659209,-6.802325
BR00117012,G11,U2OS,48,sulfasalazine,compound,BRD-K10670311-001-17-1,,['cyclooxygenase inhibitor'],6.713824,-7.0226483
BR00117012,G12,U2OS,48,"2,5-furandimethanol",compound,BRD-K29791386-001-01-8,,,6.146885,-7.6681767
BR00117012,G13,U2OS,48,DMSO,compound,,negcon,,6.446993,-6.9403515
BR00117012,G14,U2OS,48,dilazep,compound,BRD-K48722258-300-11-0,,,6.1645975,-7.090207
BR00117012,G15,U2OS,48,felodipine,compound,BRD-A30815329-001-12-1,,['calcium channel blocker'],6.2560673,-6.805005
BR00117012,G16,U2OS,48,paliperidone,compound,BRD-A99888680-001-05-3,,"['dopamine receptor antagonist', 'serotonin receptor antagonist']",6.033456,-7.525907
BR00117012,G17,U2OS,48,purvalanol-a,compound,BRD-K50836978-001-03-3,poscon_orf,['CDK inhibitor'],0.07556361,7.287954
BR00117012,G18,U2OS,48,DMSO,compound,,negcon,,6.152622,-7.189484
BR00117012,G19,U2OS,48,Ro-1138452,compound,BRD-K77220725-003-01-5,,['prostanoid receptor antagonist'],6.013256,-7.0047684
BR00117012,G20,U2OS,48,sorbinil,compound,BRD-A89164055-001-03-3,,['aldose reductase inhibitor'],6.5510216,-6.8958273
BR00117012,G21,U2OS,48,TC-S-7004,compound,BRD-K89517477-001-01-4,poscon_cp,['DYRK inhibitor'],5.3298187,-3.6199694
BR00117012,G22,U2OS,48,saclofen,compound,BRD-A24122750-001-03-7,,['GABA receptor antagonist'],6.029699,-7.0878496
BR00117012,G23,U2OS,48,BAY-87-2243,compound,BRD-K70463136-001-01-5,,,4.5518084,-6.2967925
BR00117012,G24,U2OS,48,ibudilast,compound,BRD-K16444452-001-09-1,,['phosphodiesterase inhibitor'],5.779832,-7.0955124
BR00117012,H01,U2OS,48,briciclib,compound,BRD-K05531427-001-01-7,,,2.483193,14.710211
BR00117012,H02,U2OS,48,2-Oleoylglycerol,compound,BRD-K77087341-001-02-4,,,6.1554756,-6.777153
BR00117012,H03,U2OS,48,RGFP966,compound,BRD-K61688984-001-02-9,poscon_cp,['HDAC inhibitor'],5.574273,-1.5316787
BR00117012,H04,U2OS,48,DMSO,compound,,negcon,,6.350154,-6.7718635
BR00117012,H05,U2OS,48,azacitidine,compound,BRD-K03406345-001-21-1,poscon_diverse,,6.33787,-6.8885427
BR00117012,H06,U2OS,48,N6-cyclopentyladenosine,compound,BRD-K60150510-001-15-6,,,6.0558095,-6.968826
BR00117012,H07,U2OS,48,filgotinib,compound,BRD-K16803204-001-01-6,poscon_cp,['JAK inhibitor'],6.02743,-6.744999
BR00117012,H08,U2OS,48,guanidine,compound,BRD-K76037122-001-02-5,,['HSP inhibitor'],6.350031,-6.8653264
BR00117012,H09,U2OS,48,coumarin,compound,BRD-K23913458-001-20-7,,,6.224898,-6.8233476
BR00117012,H10,U2OS,48,DMSO,compound,,negcon,,6.2179966,-7.092455
BR00117012,H11,U2OS,48,ZM-336372,compound,BRD-K73789395-001-09-9,poscon_orf,['RAF inhibitor'],6.2315497,-6.6569
BR00117012,H12,U2OS,48,citric-acid,compound,BRD-K76792669-001-08-1,,['coagulation factor inhibitor'],6.285705,-6.63394
BR00117012,H13,U2OS,48,DMSO,compound,,negcon,,6.2346973,-6.6660447
BR00117012,H14,U2OS,48,CCG-63802,compound,BRD-K26970495-001-02-7,,['G protein signaling inhibitor'],6.3636737,-6.5291653
BR00117012,H15,U2OS,48,ibutilide,compound,BRD-A74391928-051-03-9,,['potassium channel blocker'],6.209831,-6.788354
BR00117012,H16,U2OS,48,batimastat,compound,BRD-K82818427-001-04-8,,['matrix metalloprotease inhibitor'],4.88088,-2.832937
BR00117012,H17,U2OS,48,DMSO,compound,,negcon,,6.2523885,-6.626021
BR00117012,H18,U2OS,48,DMSO,compound,,negcon,,6.303597,-6.7182803
BR00117012,H19,U2OS,48,UNC1999,compound,BRD-K26989966-001-04-3,poscon_cp,['histone lysine methyltransferase inhibitor'],1.1649505,15.425382
BR00117012,H20,U2OS,48,glutamine-(l),compound,BRD-K83896451-001-06-7,,,6.1837554,-6.823673
BR00117012,H21,U2OS,48,PD-98059,compound,BRD-K62810658-001-11-4,poscon_orf,,5.8972015,-7.230501
BR00117012,H22,U2OS,48,enilconazole,compound,BRD-K01825690-065-01-9,,,6.04998,-6.971649
BR00117012,H23,U2OS,48,N-alpha-Methylhistamine-dihydrochloride,compound,BRD-K75390981-300-04-9,,['histamine receptor agonist'],6.0898805,-7.1620674
BR00117012,H24,U2OS,48,GK921,compound,BRD-K38272302-001-02-7,,,-1.214261,14.064469
BR00117012,I01,U2OS,48,nilvadipine,compound,BRD-A84687895-001-03-2,,['calcium channel blocker'],6.230229,-7.2933316
BR00117012,I02,U2OS,48,DMSO,compound,,negcon,,6.6210856,-6.8998384
BR00117012,I03,U2OS,48,AC-710,compound,BRD-K15819326-001-01-6,,['PDGFR tyrosine kinase receptor inhibitor'],-0.857571,13.9681225
BR00117012,I04,U2OS,48,PETCM,compound,BRD-A93477898-001-04-2,,,6.719931,-7.2461658
BR00117012,I05,U2OS,48,AZD7762,compound,BRD-K86525559-001-07-8,poscon_diverse,['CHK inhibitor'],0.18604457,15.870034
BR00117012,I06,U2OS,48,PHA-793887,compound,BRD-K64800655-001-09-0,poscon_diverse,['CDK inhibitor'],-0.11184375,13.748388
BR00117012,I07,U2OS,48,KU-60019,compound,BRD-K36016295-001-05-2,,['ATM kinase inhibitor'],-1.1415021,13.793193
BR00117012,I08,U2OS,48,nafamostat,compound,BRD-K06674495-334-04-0,,,6.9582148,-6.8912945
BR00117012,I09,U2OS,48,DMSO,compound,,negcon,,6.0999227,-6.98162
BR00117012,I10,U2OS,48,DMSO,compound,,negcon,,6.037369,-7.1631002
BR00117012,I11,U2OS,48,taladegib,compound,BRD-K50498985-001-03-3,,['smoothened receptor antagonist'],5.938884,-7.180007
BR00117012,I12,U2OS,48,acetohexamide,compound,BRD-K52960356-001-13-0,,['ATP channel blocker'],6.1762385,-6.9581795
BR00117012,I13,U2OS,48,minocycline,compound,BRD-A69651145-003-11-4,,,4.875239,-6.9494524
BR00117012,I14,U2OS,48,BI-2536,compound,BRD-K64890080-001-02-1,poscon_diverse,,3.7850773,15.431469
BR00117012,I15,U2OS,48,riociguat,compound,BRD-K84783599-001-01-0,,,6.1541314,-6.980057
BR00117012,I16,U2OS,48,CP-724714,compound,BRD-K76908866-001-07-6,poscon_cp,"['EGFR inhibitor', 'protein tyrosine kinase inhibitor']",4.7794166,-5.761829
BR00117012,I17,U2OS,48,ganetespib,compound,BRD-K38852836-001-04-9,poscon_diverse,['HSP inhibitor'],0.9409367,14.452692
BR00117012,I18,U2OS,48,AZ191,compound,BRD-K80935598-001-01-1,poscon_cp,['DYRK inhibitor'],5.29872,7.4351263
BR00117012,I19,U2OS,48,BAX-channel-blocker,compound,BRD-A18763547-300-06-3,,,4.3018384,7.4173265
BR00117012,I20,U2OS,48,SU3327,compound,BRD-K32730239-001-01-0,,['JNK inhibitor'],0.5148949,16.045404
BR00117012,I21,U2OS,48,DMSO,compound,,negcon,,6.101969,-7.141022
BR00117012,I22,U2OS,48,DMSO,compound,,negcon,,6.020542,-7.19296
BR00117012,I23,U2OS,48,octreotide,compound,BRD-A64173453-015-03-1,,['somatostatin receptor agonist'],5.9727836,-7.1677537
BR00117012,I24,U2OS,48,1-octanol,compound,BRD-K09338665-001-08-9,,,5.9833603,-7.1318197
BR00117012,J01,U2OS,48,acalabrutinib,compound,BRD-K64034691-001-01-9,,"[""Bruton's tyrosine kinase (BTK) inhibitor""]",6.2457347,-6.6314096
BR00117012,J02,U2OS,48,rifamycin,compound,BRD-K38512030-001-01-7,,,6.2507415,-6.7659397
BR00117012,J03,U2OS,48,pazopanib,compound,BRD-K74514084-003-09-2,,"['KIT inhibitor', 'VEGFR inhibitor', 'PDGFR tyrosine kinase receptor inhibitor']",7.620785,-4.430634
BR00117012,J04,U2OS,48,RKI-1447,compound,BRD-K19333160-001-01-3,poscon_cp,,12.420231,0.49446106
BR00117012,J05,U2OS,48,vitamin-E,compound,BRD-K97091514-001-11-4,,['PKC inhibitor'],6.3422446,-6.8599944
BR00117012,J06,U2OS,48,lonafarnib,compound,BRD-K41599323-001-02-3,poscon_diverse,,4.355177,11.921481
BR00117012,J07,U2OS,48,ethyl-pyruvate,compound,BRD-K47738867-001-01-5,,,6.4066024,-6.823825
BR00117012,J08,U2OS,48,picrotin,compound,BRD-A91822151-001-05-0,,['GABA receptor antagonist'],6.2473373,-6.8048105
BR00117012,J09,U2OS,48,SGX523,compound,BRD-K19477839-001-07-6,poscon_cp,,6.1854734,-6.729876
BR00117012,J10,U2OS,48,PP-2,compound,BRD-K95785537-001-22-3,,['src inhibitor'],2.3549798,10.612685
BR00117012,J11,U2OS,48,ME-0328,compound,BRD-A63444178-001-01-5,,['PPAR receptor antagonist'],6.111545,-6.839446
BR00117012,J12,U2OS,48,AZD9668,compound,BRD-K31476763-001-01-5,,['elastase inhibitor'],6.080349,-6.8567514
BR00117012,J13,U2OS,48,NQDI-1,compound,BRD-K61918008-001-07-1,,,6.1178684,-6.7661915
BR00117012,J14,U2OS,48,DMSO,compound,,negcon,,6.447912,-6.7139645
BR00117012,J15,U2OS,48,carzenide,compound,BRD-K09295674-001-09-8,,,6.316267,-6.7124653
BR00117012,J16,U2OS,48,KU-55933,compound,BRD-K25311561-001-10-7,,['ATM kinase inhibitor'],1.9270248,-7.4185514
BR00117012,J17,U2OS,48,NVP-AEW541,compound,BRD-K24696047-001-02-3,poscon_cp,['IGF-1 inhibitor'],4.849489,6.512267
BR00117012,J18,U2OS,48,leflunomide,compound,BRD-K78692225-001-24-5,,['PDGFR tyrosine kinase receptor inhibitor'],6.276727,-6.811292
BR00117012,J19,U2OS,48,DMSO,compound,,negcon,,6.1585536,-6.70653
BR00117012,J20,U2OS,48,azacitidine,compound,BRD-K03406345-001-21-1,poscon_diverse,,5.9860024,-7.3435864
BR00117012,J21,U2OS,48,ixabepilone,compound,BRD-K03601870-001-01-2,,['microtubule stabilizing agent'],2.788838,14.269822
BR00117012,J22,U2OS,48,KH-CB19,compound,BRD-K66430217-001-03-8,poscon_cp,['CDC inhibitor'],6.0317783,-7.103522
BR00117012,J23,U2OS,48,DMSO,compound,,negcon,,5.8599815,-7.195989
BR00117012,J24,U2OS,48,PF-05190457,compound,BRD-K02554563-001-01-6,,,5.4583993,-7.093713
BR00117012,K01,U2OS,48,LDN-212854,compound,BRD-K59831625-001-03-9,,,0.36473355,15.990381
BR00117012,K02,U2OS,48,formononetin,compound,BRD-K55567017-001-12-3,,['alcohol dehydrogenase inhibitor'],7.0501895,-6.9285207
BR00117012,K03,U2OS,48,aminopurvalanol-a,compound,BRD-K07762753-001-05-1,poscon_orf,['CDK inhibitor'],-0.30733433,7.606828
BR00117012,K04,U2OS,48,ruxolitinib,compound,BRD-K53972329-001-01-3,poscon_cp,['JAK inhibitor'],6.5860376,-6.8655705
BR00117012,K05,U2OS,48,DMSO,compound,,negcon,,5.989294,-7.3266377
BR00117012,K06,U2OS,48,DMSO,compound,,negcon,,6.2874656,-7.0161858
BR00117012,K07,U2OS,48,LGK-974,compound,BRD-K16810791-001-01-0,,['porcupine inhibitor'],6.9650707,-6.910995
BR00117012,K08,U2OS,48,polydatin,compound,BRD-K43236057-001-07-1,,['ICAM1 expression inhibitor'],-0.8420917,13.762665
BR00117012,K09,U2OS,48,enflurane,compound,BRD-A51831848-001-01-7,,,6.252167,-6.800559
BR00117012,K10,U2OS,48,PFI-1,compound,BRD-K13094524-001-04-2,poscon_cp,,6.375079,-7.084503
BR00117012,K11,U2OS,48,AZD7762,compound,BRD-K86525559-001-07-8,poscon_diverse,['CHK inhibitor'],-0.025829718,15.750303
BR00117012,K12,U2OS,48,sotrastaurin,compound,BRD-K16761703-001-03-8,,['PKC inhibitor'],6.495592,-4.485124
BR00117012,K13,U2OS,48,DMSO,compound,,negcon,,6.035143,-6.9408207
BR00117012,K14,U2OS,48,cycloheximide,compound,BRD-K36055864-001-20-0,,['protein synthesis inhibitor'],-0.83442193,13.165006
BR00117012,K15,U2OS,48,oxytocin,compound,BRD-K25243230-001-01-2,,,6.1317534,-7.6334915
BR00117012,K16,U2OS,48,DMSO,compound,,negcon,,6.007999,-6.976715
BR00117012,K17,U2OS,48,colchicine,compound,BRD-K00259736-001-16-4,,,2.4841137,14.729464
BR00117012,K18,U2OS,48,afimoxifene,compound,BRD-K04210847-001-21-9,,,6.0524836,-7.05267
BR00117012,K19,U2OS,48,DMSO,compound,,negcon,,6.254523,-7.1613536
BR00117012,K20,U2OS,48,ZK-93423,compound,BRD-K33882852-003-02-8,poscon_diverse,['benzodiazepine receptor agonist'],4.516815,-6.3609233
BR00117012,K21,U2OS,48,RGB-286638,compound,BRD-K20986415-001-02-6,,['CDK inhibitor'],-1.6046902,13.941549
BR00117012,K22,U2OS,48,FPS-ZM1,compound,BRD-K87691185-001-01-2,,['RAGE receptor antagonist'],6.1851287,-6.9691844
BR00117012,K23,U2OS,48,flindokalner,compound,BRD-K56740996-001-02-1,,,6.027786,-7.2302327
BR00117012,K24,U2OS,48,motesanib,compound,BRD-K99616396-316-05-3,,"['KIT inhibitor', 'VEGFR inhibitor', 'PDGFR tyrosine kinase receptor inhibitor']",5.571134,-7.131315
BR00117012,L01,U2OS,48,geldanamycin,compound,BRD-K43570081-001-02-4,,['HSP inhibitor'],0.89724094,14.416874
BR00117012,L02,U2OS,48,DMSO,compound,,negcon,,6.401836,-6.875256
BR00117012,L03,U2OS,48,CGP-53353,compound,BRD-K32292990-001-03-6,,"['PKC inhibitor', 'EGFR inhibitor']",6.2403255,-7.050014
BR00117012,L04,U2OS,48,7-hydroxystaurosporine,compound,BRD-K45293975-001-02-0,,"['CDK inhibitor', 'PKC inhibitor', 'CHK inhibitor']",-0.20354521,15.473023
BR00117012,L05,U2OS,48,DMSO,compound,,negcon,,6.36498,-6.9039435
BR00117012,L06,U2OS,48,DMSO,compound,,negcon,,6.20358,-6.868782
BR00117012,L07,U2OS,48,efaproxiral,compound,BRD-K37355418-236-01-6,,,6.240572,-6.9522295
BR00117012,L08,U2OS,48,SB-203580,compound,BRD-A37704979-001-12-3,poscon_orf,['p38 MAPK inhibitor'],6.738673,-4.0379815
BR00117012,L09,U2OS,48,FK-866,compound,BRD-K58550667-001-08-7,poscon_diverse,,15.660229,8.262394
BR00117012,L10,U2OS,48,bepridil,compound,BRD-A91008255-003-24-8,,['calcium channel blocker'],6.449817,-7.005733
BR00117012,L11,U2OS,48,delanzomib,compound,BRD-K59325863-001-04-4,,,0.44895494,15.683198
BR00117012,L12,U2OS,48,buparlisib,compound,BRD-K42191735-001-08-7,poscon_diverse,,2.3148856,15.010655
BR00117012,L13,U2OS,48,phenylbutazone,compound,BRD-K10843433-001-23-5,,"['cyclooxygenase inhibitor', 'prostanoid receptor antagonist']",6.1994457,-6.93798
BR00117012,L14,U2OS,48,deferasirox,compound,BRD-K97010173-001-04-1,,,-1.7237424,7.535115
BR00117012,L15,U2OS,48,DMSO,compound,,negcon,,6.4233084,-6.956094
BR00117012,L16,U2OS,48,cediranib,compound,BRD-K86930074-001-05-0,,"['KIT inhibitor', 'VEGFR inhibitor']",5.475288,7.293611
BR00117012,L17,U2OS,48,isoflurane,compound,BRD-A31564021-001-02-6,,,6.3177323,-6.8142967
BR00117012,L18,U2OS,48,DMSO,compound,,negcon,,6.3131847,-6.788552
BR00117012,L19,U2OS,48,CCG-50014,compound,BRD-K08893438-001-06-4,,['G protein signaling inhibitor'],6.1532145,-6.697345
BR00117012,L20,U2OS,48,PF-431396,compound,BRD-K93788137-001-04-1,,,-1.4344695,8.677133
BR00117012,L21,U2OS,48,TG-02,compound,BRD-K14560436-001-01-4,,"['CDK inhibitor', 'FLT3 inhibitor', 'JAK inhibitor']",0.14882891,14.240328
BR00117012,L22,U2OS,48,baclofen,compound,BRD-K01826724-003-07-9,,['benzodiazepine receptor agonist'],6.368367,-6.788961
BR00117012,L23,U2OS,48,thiostrepton,compound,BRD-A20697603-001-07-2,,['protein synthesis inhibitor'],5.220409,-1.5999532
BR00117012,L24,U2OS,48,flufenamic-acid,compound,BRD-K44067360-001-29-5,,,3.467929,-6.1172013
BR00117012,M01,U2OS,48,DMSO,compound,,negcon,,6.3388433,-6.7035866
BR00117012,M02,U2OS,48,LY2109761,compound,BRD-K47557313-001-02-7,,,7.402818,-9.181521
BR00117012,M03,U2OS,48,olopatadine,compound,BRD-K67637637-003-11-8,,['histamine receptor antagonist'],6.8789177,-7.015733
BR00117012,M04,U2OS,48,DMSO,compound,,negcon,,6.717456,-6.7913923
BR00117012,M05,U2OS,48,castanospermine,compound,BRD-K20897876-001-11-8,,['glucosidase inhibitor'],6.892031,-6.754044
BR00117012,M06,U2OS,48,A205804,compound,BRD-K77627880-001-04-0,,['ICAM1 expression inhibitor'],4.159993,-7.996848
BR00117012,M07,U2OS,48,VU591,compound,BRD-K72063794-003-01-0,,['potassium channel blocker'],7.0450015,-6.7666755
BR00117012,M08,U2OS,48,dalbavancin,compound,BRD-K30177383-001-01-0,,['bacterial cell wall synthesis inhibitor'],6.1161222,-7.6658435
BR00117012,M09,U2OS,48,CC-401,compound,BRD-K45746021-003-01-9,,['JNK inhibitor'],6.1510825,-6.8618827
BR00117012,M10,U2OS,48,ganetespib,compound,BRD-K38852836-001-04-9,poscon_diverse,['HSP inhibitor'],0.9265051,14.467743
BR00117012,M11,U2OS,48,ingenol-mebutate,compound,BRD-K93779381-001-01-9,,,6.067986,-5.1655827
BR00117012,M12,U2OS,48,menadione,compound,BRD-K78126613-001-27-7,,,-1.0594931,13.366728
BR00117012,M13,U2OS,48,cetilistat,compound,BRD-K94863486-001-02-2,,,6.268204,-6.8941693
BR00117012,M14,U2OS,48,methoxsalen,compound,BRD-K63430059-001-16-4,,['DNA synthesis inhibitor'],5.9770603,-7.042129
BR00117012,M15,U2OS,48,cyclosporine,compound,BRD-K13533483-001-16-2,,,5.3824344,1.0496038
BR00117012,M16,U2OS,48,NSC-632839,compound,BRD-K81197548-003-01-4,poscon_cp,['ubiquitin specific protease inhibitor'],0.8170752,15.716729
BR00117012,M17,U2OS,48,DMSO,compound,,negcon,,6.328195,-7.194966
BR00117012,M18,U2OS,48,TG-003,compound,BRD-K97072811-001-11-4,poscon_cp,,6.332145,-7.098719
BR00117012,M19,U2OS,48,oxibendazole,compound,BRD-K52075715-001-06-7,,['tubulin polymerization inhibitor'],2.4970045,14.61935
BR00117012,M20,U2OS,48,TG-101348,compound,BRD-K12502280-001-11-4,poscon_cp,"['JAK inhibitor', 'FLT3 inhibitor']",1.5175675,15.430732
BR00117012,M21,U2OS,48,miglitol,compound,BRD-A63310107-001-04-8,,['glucosidase inhibitor'],6.227141,-6.890415
BR00117012,M22,U2OS,48,DMSO,compound,,negcon,,6.169373,-7.3064604
BR00117012,M23,U2OS,48,DMSO,compound,,negcon,,5.7958755,-7.203526
BR00117012,M24,U2OS,48,tranilast,compound,BRD-K17849083-001-32-9,,,5.3287845,-6.991219
BR00117012,N01,U2OS,48,4-methylhistamine,compound,BRD-K70821460-300-02-4,,['histamine receptor agonist'],6.2024417,-7.018937
BR00117012,N02,U2OS,48,LDN-27219,compound,BRD-K51485109-001-01-4,,,6.3039007,-7.065061
BR00117012,N03,U2OS,48,anisomycin,compound,BRD-K91370081-001-25-1,,['DNA synthesis inhibitor'],-0.03797914,14.801504
BR00117012,N04,U2OS,48,thioguanine,compound,BRD-K49350383-001-13-7,poscon_diverse,,-0.061422657,11.067913
BR00117012,N05,U2OS,48,droxinostat,compound,BRD-K11558771-001-13-9,,['HDAC inhibitor'],2.7696018,-3.113371
BR00117012,N06,U2OS,48,UNC2025,compound,BRD-K91283740-003-01-6,poscon_cp,['FLT3 inhibitor'],0.8432933,14.432454
BR00117012,N07,U2OS,48,DMSO,compound,,negcon,,6.41934,-6.916565
BR00117012,N08,U2OS,48,DMSO,compound,,negcon,,6.5094504,-6.821918
BR00117012,N09,U2OS,48,AMG900,compound,BRD-K21728777-001-02-3,poscon_cp,['Aurora kinase inhibitor'],-1.4260669,8.623074
BR00117012,N10,U2OS,48,PF-06463922,compound,BRD-A23124853-001-01-4,,['ALK tyrosine kinase receptor inhibitor'],6.8240433,-5.497704
BR00117012,N11,U2OS,48,orantinib,compound,BRD-K55966568-001-09-6,poscon_cp,"['FGFR inhibitor', 'PDGFR tyrosine kinase receptor inhibitor', 'VEGFR inhibitor']",6.465085,-6.7586255
BR00117012,N12,U2OS,48,fludarabine-phosphate,compound,BRD-K71106091-001-09-5,,['ribonucleotide reductase inhibitor'],-1.5910438,7.7194486
BR00117012,N13,U2OS,48,ceritinib,compound,BRD-K22149900-001-06-2,,['ALK tyrosine kinase receptor inhibitor'],6.1656194,-5.791678
BR00117012,N14,U2OS,48,NVS-PAK1-1,compound,BRD-K28132190-001-02-0,poscon_cp,['p21 activated kinase inhibitor'],2.3134413,10.107579
BR00117012,N15,U2OS,48,homoharringtonine,compound,BRD-K76674262-001-03-3,,['protein synthesis inhibitor'],-0.024261335,14.815399
BR00117012,N16,U2OS,48,picrotoxinin,compound,BRD-K36461289-001-05-8,,['GABA receptor antagonist'],6.458745,-6.6600604
BR00117012,N17,U2OS,48,DMSO,compound,,negcon,,6.4736514,-7.01869
BR00117012,N18,U2OS,48,danusertib,compound,BRD-K07881437-001-03-8,poscon_diverse,"['growth factor receptor inhibitor', 'Aurora kinase inhibitor']",-1.3572171,8.1900425
BR00117012,N19,U2OS,48,romidepsin,compound,BRD-K61397605-001-01-8,poscon_cp,['HDAC inhibitor'],0.7627945,15.83745
BR00117012,N20,U2OS,48,FERb-033,compound,BRD-K61642990-001-01-0,poscon_cp,['EGFR inhibitor'],6.077717,-6.7785664
BR00117012,N21,U2OS,48,PF-03758309,compound,BRD-K37764012-001-03-3,poscon_diverse,['p21 activated kinase inhibitor'],0.049803853,14.719476
BR00117012,N22,U2OS,48,DMSO,compound,,negcon,,6.08548,-7.065611
BR00117012,N23,U2OS,48,trometamol,compound,BRD-K47978074-001-03-2,,,6.1245456,-7.2196503
BR00117012,N24,U2OS,48,simvastatin,compound,BRD-K22134346-001-22-3,,['HMGCR inhibitor'],2.3641279,10.293955
BR00117012,O01,U2OS,48,zaprinast,compound,BRD-K16542329-001-16-8,,['phosphodiesterase inhibitor'],6.6820064,-6.7568192
BR00117012,O02,U2OS,48,dexamethasone,compound,BRD-A10188456-001-04-9,,['glucocorticoid receptor agonist'],7.0019493,-6.810426
BR00117012,O03,U2OS,48,salicylic-acid,compound,BRD-K93632104-001-17-2,,['cyclooxygenase inhibitor'],6.812922,-7.0396647
BR00117012,O04,U2OS,48,diltiazem,compound,BRD-A69636825-003-04-7,,['calcium channel blocker'],6.0663805,-7.730511
BR00117012,O05,U2OS,48,phenolphthalein,compound,BRD-K19227686-001-18-6,,,6.8606257,-6.921373
BR00117012,O06,U2OS,48,niflumic-acid,compound,BRD-K98763141-001-30-8,,['cyclooxygenase inhibitor'],6.752919,-6.872305
BR00117012,O07,U2OS,48,DMSO,compound,,negcon,,6.0986857,-7.382534
BR00117012,O08,U2OS,48,L-Cystine,compound,BRD-A15397381-001-02-5,,,6.8536,-7.1851077
BR00117012,O09,U2OS,48,ozanimod,compound,BRD-K46625559-001-01-8,,['sphingosine 1 phosphate receptor agonist'],6.9563046,-6.791205
BR00117012,O10,U2OS,48,efaroxan,compound,BRD-A10739734-003-09-8,,['adrenergic receptor antagonist'],6.6572747,-6.7834625
BR00117012,O11,U2OS,48,NBQX,compound,BRD-K11796549-001-05-2,,['glutamate receptor antagonist'],6.2450814,-6.8021693
BR00117012,O12,U2OS,48,dinoprostone,compound,BRD-K26521938-001-07-2,,['prostanoid receptor agonist'],6.055489,-6.757712
BR00117012,O13,U2OS,48,Ro-20-1724,compound,BRD-A07207424-001-14-0,,['phosphodiesterase inhibitor'],6.3089767,-7.334378
BR00117012,O14,U2OS,48,xanomeline,compound,BRD-K72815923-034-02-0,,['acetylcholine receptor agonist'],6.356121,-7.205708
BR00117012,O15,U2OS,48,terazosin,compound,BRD-K01825589-310-02-9,,['adrenergic receptor antagonist'],6.257986,-7.0357776
BR00117012,O16,U2OS,48,BVT-948,compound,BRD-K68567222-001-01-2,,,-1.2656047,13.764484
BR00117012,O17,U2OS,48,nicotine,compound,BRD-K01825660-322-01-9,,['acetylcholine receptor agonist'],6.2422724,-7.273212
BR00117012,O18,U2OS,48,DMSO,compound,,negcon,,6.0921206,-7.189261
BR00117012,O19,U2OS,48,U-0521,compound,BRD-K08953028-001-09-6,,,5.9257274,-7.3150187
BR00117012,O20,U2OS,48,BMS-587101,compound,BRD-K20093108-001-02-3,,,6.1085725,-7.3633385
BR00117012,O21,U2OS,48,nimodipine,compound,BRD-A58048407-001-20-4,,['calcium channel blocker'],5.9909406,-7.3318925
BR00117012,O22,U2OS,48,pyrrolidine-dithiocarbamate,compound,BRD-K80970344-201-08-6,,,0.7579694,15.893293
BR00117012,O23,U2OS,48,PF-915275,compound,BRD-K18289362-001-02-2,,,5.909457,-7.1590805
BR00117012,O24,U2OS,48,JTE-013,compound,BRD-K43330982-001-02-3,,,5.5385075,-7.19455
BR00117012,P01,U2OS,48,sodium-butyrate,compound,BRD-K05878375-236-05-7,,['HDAC inhibitor'],4.3125324,-4.459237
BR00117012,P02,U2OS,48,pentostatin,compound,BRD-K91543828-001-02-0,,['ribonucleotide reductase inhibitor'],6.4648914,-7.0438437
BR00117012,P03,U2OS,48,OMDM-2,compound,BRD-K48830578-001-01-9,,,6.2472935,-7.097284
BR00117012,P04,U2OS,48,nalmefene,compound,BRD-A72767275-003-01-6,,,6.4963894,-7.1201363
BR00117012,P05,U2OS,48,DMSO,compound,,negcon,,6.576475,-7.0437555
BR00117012,P06,U2OS,48,1-EBIO,compound,BRD-K70586315-001-02-4,,,6.474299,-6.9730053
BR00117012,P07,U2OS,48,SB-505124,compound,BRD-K40109029-001-02-9,,['ALK tyrosine kinase receptor inhibitor'],5.121743,-1.9112191
BR00117012,P08,U2OS,48,prasugrel,compound,BRD-A83029242-001-06-1,,['purinergic receptor antagonist'],6.519799,-7.1650968
BR00117012,P09,U2OS,48,pidolic-acid,compound,BRD-K57313110-001-06-8,,,6.5460124,-7.1299233
BR00117012,P10,U2OS,48,DMSO,compound,,negcon,,6.346239,-7.156863
BR00117012,P11,U2OS,48,nevirapine,compound,BRD-K15502390-001-20-9,,,6.395358,-6.950655
BR00117012,P12,U2OS,48,triamterene,compound,BRD-K92049597-001-20-8,,['sodium channel blocker'],6.5916862,-7.077968
BR00117012,P13,U2OS,48,regorafenib,compound,BRD-K16730910-001-07-3,,"['PDGFR tyrosine kinase receptor inhibitor', 'RAF inhibitor', 'KIT inhibitor', 'RET tyrosine kinase inhibitor', 'FGFR inhibitor', 'VEGFR inhibitor']",5.5164742,-5.3944836
BR00117012,P14,U2OS,48,cyclophosphamide,compound,BRD-A09722536-002-18-0,,,6.3521395,-6.9327044
BR00117012,P15,U2OS,48,olanzapine,compound,BRD-K18895904-001-16-1,,"['dopamine receptor antagonist', 'serotonin receptor antagonist']",2.9697704,-5.068239
BR00117012,P16,U2OS,48,KI-16425,compound,BRD-A25569250-001-03-3,,['lysophosphatidic acid receptor antagonist'],6.4678144,-7.119675
BR00117012,P17,U2OS,48,SKLB1002,compound,BRD-K29895144-001-01-0,,['VEGFR inhibitor'],-1.4950647,7.861306
BR00117012,P18,U2OS,48,cilostazol,compound,BRD-K67017579-001-28-1,,['phosphodiesterase inhibitor'],6.487757,-6.9207644
BR00117012,P19,U2OS,48,AZD1283,compound,BRD-K77060810-001-01-5,,['purinergic receptor antagonist'],6.6477613,-7.183969
BR00117012,P20,U2OS,48,A-987306,compound,BRD-K68982262-001-01-4,,['histamine receptor antagonist'],4.932678,6.1919837
BR00117012,P21,U2OS,48,procaine,compound,BRD-K24616672-003-20-1,,['HMGCR inhibitor'],6.5044246,-6.9299006
BR00117012,P22,U2OS,48,miconazole,compound,BRD-A82396632-008-30-8,,['bacterial cell wall synthesis inhibitor'],6.266322,-7.235347
BR00117012,P23,U2OS,48,loperamide,compound,BRD-K61250553-003-30-6,,,5.0304227,-6.5552263
BR00117012,P24,U2OS,48,aripiprazole,compound,BRD-K70358946-001-17-3,,['serotonin receptor antagonist'],5.054008,-6.436398
BR00117013,A01,U2OS,48,gabapentin-enacarbil,compound,BRD-A86665761-001-01-1,,,3.8773415,-4.6083317
BR00117013,A02,U2OS,48,DMSO,compound,,negcon,,2.0644557,-5.5782247
BR00117013,A03,U2OS,48,amlodipine,compound,BRD-A22032524-074-09-9,,['calcium channel blocker'],3.18387,-4.834982
BR00117013,A04,U2OS,48,hexestrol,compound,BRD-A01078468-001-14-8,,,2.1227057,-5.8172116
BR00117013,A05,U2OS,48,quinine,compound,BRD-K48278478-001-01-2,,,2.5692596,-5.877833
BR00117013,A06,U2OS,48,LOXO-101,compound,BRD-K36574127-001-01-3,,,2.5636158,-5.9435225
BR00117013,A07,U2OS,48,brinzolamide,compound,BRD-K74913225-001-14-0,,['carbonic anhydrase inhibitor'],2.762288,-5.69969
BR00117013,A08,U2OS,48,NS-11021,compound,BRD-K94342292-001-01-3,,['calcium-activated potassium channel activator'],5.2327304,0.8116457
BR00117013,A09,U2OS,48,DMSO,compound,,negcon,,1.9538083,-5.5044527
BR00117013,A10,U2OS,48,GNF-5837,compound,BRD-K19975102-001-01-2,,['growth factor receptor inhibitor'],4.263703,-3.54505
BR00117013,A11,U2OS,48,apatinib,compound,BRD-K25244359-066-02-6,,['RET tyrosine kinase inhibitor'],1.798955,-5.9174185
BR00117013,A12,U2OS,48,ethoxzolamide,compound,BRD-K18131774-001-18-4,,['carbonic anhydrase inhibitor'],2.759832,-5.786511
BR00117013,A13,U2OS,48,ascorbic-acid,compound,BRD-A85242401-001-11-5,,,5.0688167,-2.1854222
BR00117013,A14,U2OS,48,ryuvidine,compound,BRD-K06426971-001-02-7,,['histone lysine methyltransferase inhibitor'],-0.057427313,16.400644
BR00117013,A15,U2OS,48,BAN-ORL-24,compound,BRD-K47049295-300-03-1,,,3.147642,11.775305
BR00117013,A16,U2OS,48,NNC-55-0396,compound,BRD-K78122587-300-04-3,,,4.547512,6.865338
BR00117013,A17,U2OS,48,DMSO,compound,,negcon,,2.1031663,-4.863242
BR00117013,A18,U2OS,48,WH-4-023,compound,BRD-K50199947-001-03-4,,['src inhibitor'],2.4719977,11.178014
BR00117013,A19,U2OS,48,flupirtine,compound,BRD-K50720187-051-03-1,,['glutamate receptor antagonist'],5.9293637,-7.314724
BR00117013,A20,U2OS,48,ZK811752,compound,BRD-K91825936-001-03-9,,,2.8524947,-5.8149548
BR00117013,A21,U2OS,48,dexamethasone,compound,BRD-K38775274-001-22-1,,['glucocorticoid receptor agonist'],2.6002362,-6.000637
BR00117013,A22,U2OS,48,PP-1,compound,BRD-K47598052-001-14-1,,['src inhibitor'],2.3449097,10.554054
BR00117013,A23,U2OS,48,DDR1-IN-1,compound,BRD-K61845293-300-01-9,,,4.891338,6.151195
BR00117013,A24,U2OS,48,AVL-292,compound,BRD-K87782578-001-01-4,,"[""Bruton's tyrosine kinase (BTK) inhibitor""]",1.9954818,11.489734
BR00117013,B01,U2OS,48,H2L-5765834,compound,BRD-K26439554-001-01-3,,['lysophosphatidic acid receptor antagonist'],2.3713994,-5.602779
BR00117013,B02,U2OS,48,thiostrepton,compound,BRD-K58049875-001-03-9,,['protein synthesis inhibitor'],0.78780496,15.560771
BR00117013,B03,U2OS,48,DMSO,compound,,negcon,,1.8784852,-4.6358194
BR00117013,B04,U2OS,48,arcyriaflavin-a,compound,BRD-K72726508-001-02-1,,['CDK inhibitor'],1.0769354,11.30059
BR00117013,B05,U2OS,48,CYM-5520,compound,BRD-K29151923-001-01-5,,['sphingosine 1 phosphate receptor agonist'],3.75591,-6.94135
BR00117013,B06,U2OS,48,fludarabine,compound,BRD-K66788707-001-14-3,,['ribonucleotide reductase inhibitor'],-1.6735823,7.6029387
BR00117013,B07,U2OS,48,alda-1,compound,BRD-K06890060-001-09-1,,,5.3126693,-6.082617
BR00117013,B08,U2OS,48,meclofenamic-acid,compound,BRD-K50398167-236-22-7,,"['cyclooxygenase inhibitor', 'prostanoid receptor antagonist']",1.4120917,-5.8149757
BR00117013,B09,U2OS,48,GNF-5,compound,BRD-K87632963-001-03-0,,['Bcr-Abl kinase inhibitor'],3.0511556,-5.1721563
BR00117013,B10,U2OS,48,NS-309,compound,BRD-K37602296-001-01-6,,['calcium-activated potassium channel activator'],4.3305054,-6.8892922
BR00117013,B11,U2OS,48,AK-7,compound,BRD-K09143580-001-01-0,,['SIRT inhibitor'],4.9877944,-4.5978084
BR00117013,B12,U2OS,48,BVT-948,compound,BRD-A22713669-001-04-3,,,-0.07834509,16.427963
BR00117013,B13,U2OS,48,SirReal-2,compound,BRD-K16472653-001-01-6,,['SIRT inhibitor'],6.3902793,-7.1951175
BR00117013,B14,U2OS,48,DMSO,compound,,negcon,,1.9790871,-4.709481
BR00117013,B15,U2OS,48,BMS-536924,compound,BRD-K34581968-001-05-3,,['IGF-1 inhibitor'],1.9633844,11.383685
BR00117013,B16,U2OS,48,PP-121,compound,BRD-K81801188-001-02-8,,['protein tyrosine kinase inhibitor'],1.9562787,11.618619
BR00117013,B17,U2OS,48,MCOPPB,compound,BRD-K73276278-305-01-1,,,5.252776,7.207426
BR00117013,B18,U2OS,48,ozagrel,compound,BRD-K53061490-003-13-9,,,2.8368375,-5.6460824
BR00117013,B19,U2OS,48,CYM-5442,compound,BRD-A43005764-003-01-5,,['sphingosine 1 phosphate receptor agonist'],4.7953863,6.460798
BR00117013,B20,U2OS,48,CVT-10216,compound,BRD-K60659193-001-01-0,,,2.1260154,-5.105135
BR00117013,B21,U2OS,48,TCN201,compound,BRD-K09787262-001-02-7,,['glutamate receptor antagonist'],2.5994549,-5.5373673
BR00117013,B22,U2OS,48,fomepizole,compound,BRD-K56810756-003-07-7,,['alcohol dehydrogenase inhibitor'],2.9759,-5.442005
BR00117013,B23,U2OS,48,benzamil,compound,BRD-K87158025-003-08-7,,['sodium channel blocker'],2.026671,-4.739758
BR00117013,B24,U2OS,48,lercanidipine,compound,BRD-A18992208-003-02-7,,['calcium channel blocker'],2.7630854,-4.4994726
BR00117013,C01,U2OS,48,4-CMTB,compound,BRD-A54139254-001-09-2,,['free fatty acid receptor agonist'],2.4371066,-6.1114173
BR00117013,C02,U2OS,48,ML-228,compound,BRD-K44432556-001-05-5,,,2.1178992,-6.062926
BR00117013,C03,U2OS,48,DMSO,compound,,negcon,,2.0547633,-5.9428453
BR00117013,C04,U2OS,48,GSK1070916,compound,BRD-K36740062-001-06-6,,['Aurora kinase inhibitor'],2.1283112,12.325519
BR00117013,C05,U2OS,48,ML-193,compound,BRD-K27539181-001-08-5,,,2.1784108,-6.159991
BR00117013,C06,U2OS,48,DMSO,compound,,negcon,,1.8737091,-5.8868165
BR00117013,C07,U2OS,48,M-25,compound,BRD-K51265828-001-01-0,,['smoothened receptor antagonist'],2.0902767,-5.903081
BR00117013,C08,U2OS,48,azeliragon,compound,BRD-K51899933-001-02-6,,['RAGE receptor antagonist'],1.2012992,15.359829
BR00117013,C09,U2OS,48,CYT-997,compound,BRD-K23363278-001-02-1,poscon_diverse,['tubulin polymerization inhibitor'],2.455113,14.746833
BR00117013,C10,U2OS,48,AR-12,compound,BRD-K90497590-001-05-9,,,0.22845335,16.247026
BR00117013,C11,U2OS,48,CYM-50260,compound,BRD-K69877120-001-01-7,,['sphingosine 1 phosphate receptor agonist'],3.8281913,-5.1611867
BR00117013,C12,U2OS,48,DMSO,compound,,negcon,,1.893208,-4.344295
BR00117013,C13,U2OS,48,KG-5,compound,BRD-K90747162-001-01-4,poscon_cp,['RAF inhibitor'],2.9375703,13.788372
BR00117013,C14,U2OS,48,JTE-607,compound,BRD-K81405859-300-01-4,,,-1.4853756,7.8279405
BR00117013,C15,U2OS,48,DMSO,compound,,negcon,,1.5865207,-5.3547564
BR00117013,C16,U2OS,48,ilomastat,compound,BRD-K51662849-001-05-4,,['matrix metalloprotease inhibitor'],2.9264622,-5.8764997
BR00117013,C17,U2OS,48,RX-821002,compound,BRD-A65597028-003-08-1,,['adrenergic receptor antagonist'],2.492893,-5.7432165
BR00117013,C18,U2OS,48,DMSO,compound,,negcon,,2.2779694,-4.9793315
BR00117013,C19,U2OS,48,TUG-891,compound,BRD-K24282351-001-01-4,,['free fatty acid receptor agonist'],2.636579,-5.743899
BR00117013,C20,U2OS,48,ponatinib,compound,BRD-K44227013-001-08-0,,"['PDGFR tyrosine kinase receptor inhibitor', 'FLT3 inhibitor', 'Bcr-Abl kinase inhibitor']",0.6415245,15.81816
BR00117013,C21,U2OS,48,DMSO,compound,,negcon,,2.0979736,-5.15871
BR00117013,C22,U2OS,48,puromycin,compound,BRD-K01824976-300-02-9,,['protein synthesis inhibitor'],0.5151518,15.839654
BR00117013,C23,U2OS,48,SRC-kinase-inhibitor-I,compound,BRD-K50495309-001-02-0,,['src inhibitor'],4.9957504,6.320544
BR00117013,C24,U2OS,48,acetylcysteine,compound,BRD-K59058747-001-19-1,,,2.5106266,-5.1591945
BR00117013,D01,U2OS,48,NSC-625987,compound,BRD-K62949423-001-03-1,,['CDK inhibitor'],2.824491,-4.9326873
BR00117013,D02,U2OS,48,dalfampridine,compound,BRD-K22482860-001-20-6,,['potassium channel blocker'],2.401004,-5.707341
BR00117013,D03,U2OS,48,NSC-95397,compound,BRD-K68143200-001-11-7,,['CDC inhibitor'],-0.13173114,15.877298
BR00117013,D04,U2OS,48,alrestatin,compound,BRD-K35498378-001-06-1,,['aldose reductase inhibitor'],2.352206,-4.4869304
BR00117013,D05,U2OS,48,PF-03758309,compound,BRD-K37764012-001-03-3,poscon_diverse,['p21 activated kinase inhibitor'],2.1504796,-6.2407417
BR00117013,D06,U2OS,48,IRL-2500,compound,BRD-K98357249-001-02-9,,['endothelin receptor antagonist'],2.552971,-5.537468
BR00117013,D07,U2OS,48,PF-04217903,compound,BRD-K73319509-001-08-0,poscon_cp,,2.224705,-4.8493934
BR00117013,D08,U2OS,48,FK-866,compound,BRD-K58550667-001-08-7,poscon_diverse,,15.660347,8.262432
BR00117013,D09,U2OS,48,amlexanox,compound,BRD-K29530284-001-06-2,,,2.470534,-4.7160215
BR00117013,D10,U2OS,48,GW-311616,compound,BRD-K37864785-001-01-0,,['elastase inhibitor'],3.0837014,-6.425866
BR00117013,D11,U2OS,48,buparlisib,compound,BRD-K42191735-001-08-7,poscon_diverse,,2.4331136,14.984261
BR00117013,D12,U2OS,48,amiloride,compound,BRD-K97181089-003-24-7,,['sodium channel blocker'],2.3187752,-5.5433125
BR00117013,D13,U2OS,48,DG-172,compound,BRD-K75748943-300-01-3,,,4.9587626,6.1600423
BR00117013,D14,U2OS,48,DMSO,compound,,negcon,,1.5865995,-4.9181247
BR00117013,D15,U2OS,48,DMSO,compound,,negcon,,2.0891268,-5.5590496
BR00117013,D16,U2OS,48,NVP-ADW742,compound,BRD-K15179513-001-04-2,poscon_cp,,4.6939573,7.2200775
BR00117013,D17,U2OS,48,misoprostol,compound,BRD-A72351335-001-04-5,,['prostanoid receptor agonist'],3.98719,-6.7587457
BR00117013,D18,U2OS,48,conivaptan,compound,BRD-K37385792-003-02-1,,,3.3625593,-4.263314
BR00117013,D19,U2OS,48,spiroxatrine,compound,BRD-A72483914-001-03-7,,['serotonin receptor antagonist'],2.6455865,-5.899823
BR00117013,D20,U2OS,48,diacerein,compound,BRD-K69122748-001-10-1,,,2.5793931,-5.6724167
BR00117013,D21,U2OS,48,DMSO,compound,,negcon,,1.5786616,-4.817394
BR00117013,D22,U2OS,48,DMSO,compound,,negcon,,1.9821374,-4.897892
BR00117013,D23,U2OS,48,glyburide,compound,BRD-K36927236-001-36-7,,['ATP channel blocker'],2.4498177,-5.1139884
BR00117013,D24,U2OS,48,ANR-94,compound,BRD-K31170746-001-01-6,,,2.3735404,-4.994301
BR00117013,E01,U2OS,48,TFC-007,compound,BRD-K57708067-001-01-3,,,2.1937933,-5.9396896
BR00117013,E02,U2OS,48,trihexyphenidyl,compound,BRD-A48180038-003-24-3,,['acetylcholine receptor antagonist'],2.2648835,-5.9877834
BR00117013,E03,U2OS,48,epoprostenol,compound,BRD-K64054020-001-02-7,,,2.165453,-5.920098
BR00117013,E04,U2OS,48,sacubitril,compound,BRD-K91456750-001-01-9,,,2.0623727,-6.1109433
BR00117013,E05,U2OS,48,danusertib,compound,BRD-K07881437-001-03-8,poscon_diverse,"['growth factor receptor inhibitor', 'Aurora kinase inhibitor']",-1.3607045,8.1770935
BR00117013,E06,U2OS,48,CYT-997,compound,BRD-K23363278-001-02-1,poscon_diverse,['tubulin polymerization inhibitor'],2.4763231,14.667392
BR00117013,E07,U2OS,48,DMSO,compound,,negcon,,1.8549423,-6.0266085
BR00117013,E08,U2OS,48,BQ-788,compound,BRD-K02490038-236-03-8,,['endothelin receptor antagonist'],2.2430816,-6.0154076
BR00117013,E09,U2OS,48,SB-202190,compound,BRD-K54330070-001-19-6,poscon_orf,['p38 MAPK inhibitor'],6.278301,-4.241354
BR00117013,E10,U2OS,48,GSK2110183,compound,BRD-K25412176-001-01-9,poscon_diverse,,8.480751,-3.7068217
BR00117013,E11,U2OS,48,GSK3787,compound,BRD-K03155172-001-03-0,,['PPAR receptor antagonist'],4.269131,-6.3398714
BR00117013,E12,U2OS,48,BAM7,compound,BRD-K07442505-001-03-6,,,2.5405953,-5.2623796
BR00117013,E13,U2OS,48,PHA-793887,compound,BRD-K64800655-001-09-0,poscon_diverse,['CDK inhibitor'],0.086862765,14.079887
BR00117013,E14,U2OS,48,DMSO,compound,,negcon,,1.7276645,-5.388524
BR00117013,E15,U2OS,48,GSK-37647,compound,BRD-K26514105-001-01-7,,['free fatty acid receptor agonist'],2.4124358,-5.845854
BR00117013,E16,U2OS,48,desonide,compound,BRD-K21528677-001-04-4,,['glucocorticoid receptor agonist'],2.2990398,-6.2085814
BR00117013,E17,U2OS,48,DMSO,compound,,negcon,,1.3289402,-4.360566
BR00117013,E18,U2OS,48,aloxistatin,compound,BRD-K91188791-001-17-5,,,4.424648,-4.184484
BR00117013,E19,U2OS,48,azathioprine,compound,BRD-K32821942-001-22-1,,,2.2601683,-5.3479486
BR00117013,E20,U2OS,48,ZK-93423,compound,BRD-K33882852-003-02-8,poscon_diverse,['benzodiazepine receptor agonist'],4.1313953,-3.2081091
BR00117013,E21,U2OS,48,BI-2536,compound,BRD-K64890080-001-02-1,poscon_diverse,,3.7884789,15.434401
BR00117013,E22,U2OS,48,EI1,compound,BRD-K91535048-001-01-2,poscon_cp,['histone lysine methyltransferase inhibitor'],2.357526,-5.7460113
BR00117013,E23,U2OS,48,NVP-HSP990,compound,BRD-K67915505-001-01-2,,['HSP inhibitor'],0.91108304,14.422399
BR00117013,E24,U2OS,48,DMSO,compound,,negcon,,2.2595596,-4.966751
BR00117013,F01,U2OS,48,DMSO,compound,,negcon,,1.8814437,-4.8828077
BR00117013,F02,U2OS,48,nialamide,compound,BRD-K12102668-001-25-5,,,2.1641426,-4.645616
BR00117013,F03,U2OS,48,DMSO,compound,,negcon,,1.9928346,-4.813061
BR00117013,F04,U2OS,48,arundic-acid,compound,BRD-K49223707-001-01-0,,,2.2901006,-4.7231956
BR00117013,F05,U2OS,48,torcitabine,compound,BRD-K91822704-003-07-2,,,2.0956147,-4.7538476
BR00117013,F06,U2OS,48,DMSO,compound,,negcon,,2.4259377,-4.6920567
BR00117013,F07,U2OS,48,epothilone-b,compound,BRD-K68164687-001-01-6,,"['microtubule stabilizing agent', 'tubulin polymerization inhibitor']",2.9077668,13.89979
BR00117013,F08,U2OS,48,dyphylline,compound,BRD-A00827783-001-24-6,,['phosphodiesterase inhibitor'],2.1609616,-4.714751
BR00117013,F09,U2OS,48,DMSO,compound,,negcon,,2.061366,-4.7718854
BR00117013,F10,U2OS,48,quinidine,compound,BRD-K59632282-052-03-1,,['sodium channel blocker'],2.7840862,-5.660579
BR00117013,F11,U2OS,48,halopemide,compound,BRD-K50055394-001-03-6,,,6.6583014,-2.429651
BR00117013,F12,U2OS,48,sulfinpyrazone,compound,BRD-A36217750-001-16-3,,,4.3457985,-6.86071
BR00117013,F13,U2OS,48,ML-323,compound,BRD-K93942811-001-01-3,poscon_cp,['ubiquitin specific protease inhibitor'],6.528018,-6.6444306
BR00117013,F14,U2OS,48,racecadotril,compound,BRD-A08187463-001-12-9,,,2.2565103,-5.0570703
BR00117013,F15,U2OS,48,BRL-50481,compound,BRD-K84266862-001-03-2,,['phosphodiesterase inhibitor'],4.5607567,-7.063686
BR00117013,F16,U2OS,48,GSK2110183,compound,BRD-K25412176-001-01-9,poscon_diverse,,8.426513,-3.7628915
BR00117013,F17,U2OS,48,bufexamac,compound,BRD-K36660044-001-24-2,,['cyclooxygenase inhibitor'],2.7577338,-5.4359207
BR00117013,F18,U2OS,48,anandamide,compound,BRD-K42352790-001-05-3,,,3.6984282,-6.483764
BR00117013,F19,U2OS,48,thioguanine,compound,BRD-K49350383-001-13-7,poscon_diverse,,-0.026177052,11.07756
BR00117013,F20,U2OS,48,IWP-L6,compound,BRD-K53234107-001-01-6,,['porcupine inhibitor'],2.607279,-5.464482
BR00117013,F21,U2OS,48,edoxaban,compound,BRD-K29322660-001-01-9,,['coagulation factor inhibitor'],2.0286105,-4.828133
BR00117013,F22,U2OS,48,lonafarnib,compound,BRD-K41599323-001-02-3,poscon_diverse,,4.351324,11.919441
BR00117013,F23,U2OS,48,ibutamoren,compound,BRD-K44771174-066-01-0,,,2.1719298,-5.17586
BR00117013,F24,U2OS,48,somatostatin,compound,BRD-K14681867-001-01-6,,['somatostatin receptor agonist'],2.443827,-5.118842
BR00117013,G01,U2OS,48,L-proline,compound,BRD-K01666412-001-02-0,,,2.1255898,-5.995654
BR00117013,G02,U2OS,48,zamifenacin,compound,BRD-K80451230-051-02-6,,['acetylcholine receptor antagonist'],2.171589,-6.027522
BR00117013,G03,U2OS,48,YC-1,compound,BRD-K60476892-001-16-1,,,-0.5192627,13.41155
BR00117013,G04,U2OS,48,DMSO,compound,,negcon,,1.7861797,-6.0062237
BR00117013,G05,U2OS,48,ME-0328,compound,BRD-K24283677-001-01-9,,['PPAR receptor antagonist'],2.3516653,-6.0227523
BR00117013,G06,U2OS,48,NSC-663284,compound,BRD-K03109492-001-02-2,,['CDC inhibitor'],-0.074514434,16.42091
BR00117013,G07,U2OS,48,CYM-50358,compound,BRD-K80666802-003-01-0,,,1.9023023,-6.070546
BR00117013,G08,U2OS,48,trazodone,compound,BRD-K70778732-003-27-5,,"['adrenergic receptor antagonist', 'serotonin receptor antagonist']",1.9650599,-6.096066
BR00117013,G09,U2OS,48,DMSO,compound,,negcon,,1.8524225,-5.3048334
BR00117013,G10,U2OS,48,DMSO,compound,,negcon,,2.0465593,-5.716666
BR00117013,G11,U2OS,48,sulfasalazine,compound,BRD-K10670311-001-17-1,,['cyclooxygenase inhibitor'],2.5123546,-6.0069394
BR00117013,G12,U2OS,48,"2,5-furandimethanol",compound,BRD-K29791386-001-01-8,,,2.0126417,-5.9543967
BR00117013,G13,U2OS,48,DMSO,compound,,negcon,,1.8953812,-4.8542166
BR00117013,G14,U2OS,48,dilazep,compound,BRD-K48722258-300-11-0,,,2.4251704,-6.064182
BR00117013,G15,U2OS,48,felodipine,compound,BRD-A30815329-001-12-1,,['calcium channel blocker'],2.573328,-6.1430783
BR00117013,G16,U2OS,48,paliperidone,compound,BRD-A99888680-001-05-3,,"['dopamine receptor antagonist', 'serotonin receptor antagonist']",2.1992412,-5.1917944
BR00117013,G17,U2OS,48,purvalanol-a,compound,BRD-K50836978-001-03-3,poscon_orf,['CDK inhibitor'],0.048614018,7.3285003
BR00117013,G18,U2OS,48,DMSO,compound,,negcon,,2.0249004,-5.27597
BR00117013,G19,U2OS,48,Ro-1138452,compound,BRD-K77220725-003-01-5,,['prostanoid receptor antagonist'],4.3640995,-6.7805104
BR00117013,G20,U2OS,48,sorbinil,compound,BRD-A89164055-001-03-3,,['aldose reductase inhibitor'],6.5908175,-6.850877
BR00117013,G21,U2OS,48,TC-S-7004,compound,BRD-K89517477-001-01-4,poscon_cp,['DYRK inhibitor'],5.3755465,-3.600728
BR00117013,G22,U2OS,48,saclofen,compound,BRD-A24122750-001-03-7,,['GABA receptor antagonist'],6.3845,-7.402598
BR00117013,G23,U2OS,48,BAY-87-2243,compound,BRD-K70463136-001-01-5,,,4.069089,-3.2481048
BR00117013,G24,U2OS,48,ibudilast,compound,BRD-K16444452-001-09-1,,['phosphodiesterase inhibitor'],6.4633393,-7.2104526
BR00117013,H01,U2OS,48,briciclib,compound,BRD-K05531427-001-01-7,,,2.5418181,14.682325
BR00117013,H02,U2OS,48,2-Oleoylglycerol,compound,BRD-K77087341-001-02-4,,,2.3199239,-4.981159
BR00117013,H03,U2OS,48,RGFP966,compound,BRD-K61688984-001-02-9,poscon_cp,['HDAC inhibitor'],5.573373,-1.5277749
BR00117013,H04,U2OS,48,DMSO,compound,,negcon,,1.8283367,-5.0257945
BR00117013,H05,U2OS,48,azacitidine,compound,BRD-K03406345-001-21-1,poscon_diverse,,2.13915,-6.0923743
BR00117013,H06,U2OS,48,N6-cyclopentyladenosine,compound,BRD-K60150510-001-15-6,,,2.2674196,-5.291767
BR00117013,H07,U2OS,48,filgotinib,compound,BRD-K16803204-001-01-6,poscon_cp,['JAK inhibitor'],6.731467,-6.5158644
BR00117013,H08,U2OS,48,guanidine,compound,BRD-K76037122-001-02-5,,['HSP inhibitor'],2.258533,-4.751924
BR00117013,H09,U2OS,48,coumarin,compound,BRD-K23913458-001-20-7,,,2.405819,-5.2525177
BR00117013,H10,U2OS,48,DMSO,compound,,negcon,,2.5705285,-4.7967925
BR00117013,H11,U2OS,48,ZM-336372,compound,BRD-K73789395-001-09-9,poscon_orf,['RAF inhibitor'],3.6991837,-6.7240024
BR00117013,H12,U2OS,48,citric-acid,compound,BRD-K76792669-001-08-1,,['coagulation factor inhibitor'],2.3271625,-5.58115
BR00117013,H13,U2OS,48,DMSO,compound,,negcon,,1.5736808,-5.1391473
BR00117013,H14,U2OS,48,CCG-63802,compound,BRD-K26970495-001-02-7,,['G protein signaling inhibitor'],5.0547533,-2.3507466
BR00117013,H15,U2OS,48,ibutilide,compound,BRD-A74391928-051-03-9,,['potassium channel blocker'],2.0904543,-5.860142
BR00117013,H16,U2OS,48,batimastat,compound,BRD-K82818427-001-04-8,,['matrix metalloprotease inhibitor'],4.8960037,-2.8322597
BR00117013,H17,U2OS,48,DMSO,compound,,negcon,,1.9546405,-4.854074
BR00117013,H18,U2OS,48,DMSO,compound,,negcon,,2.3766658,-5.740958
BR00117013,H19,U2OS,48,UNC1999,compound,BRD-K26989966-001-04-3,poscon_cp,['histone lysine methyltransferase inhibitor'],0.96773267,15.535962
BR00117013,H20,U2OS,48,glutamine-(l),compound,BRD-K83896451-001-06-7,,,2.2206933,-5.9845643
BR00117013,H21,U2OS,48,PD-98059,compound,BRD-K62810658-001-11-4,poscon_orf,,2.444882,-5.772674
BR00117013,H22,U2OS,48,enilconazole,compound,BRD-K01825690-065-01-9,,,2.260247,-5.2081127
BR00117013,H23,U2OS,48,N-alpha-Methylhistamine-dihydrochloride,compound,BRD-K75390981-300-04-9,,['histamine receptor agonist'],1.9332603,-4.9487944
BR00117013,H24,U2OS,48,GK921,compound,BRD-K38272302-001-02-7,,,-1.2942169,14.121261
BR00117013,I01,U2OS,48,nilvadipine,compound,BRD-A84687895-001-03-2,,['calcium channel blocker'],2.1616313,-5.9564943
BR00117013,I02,U2OS,48,DMSO,compound,,negcon,,1.794093,-5.5596895
BR00117013,I03,U2OS,48,AC-710,compound,BRD-K15819326-001-01-6,,['PDGFR tyrosine kinase receptor inhibitor'],4.2380595,7.301642
BR00117013,I04,U2OS,48,PETCM,compound,BRD-A93477898-001-04-2,,,2.0622673,-5.9516206
BR00117013,I05,U2OS,48,AZD7762,compound,BRD-K86525559-001-07-8,poscon_diverse,['CHK inhibitor'],0.015604377,15.789167
BR00117013,I06,U2OS,48,PHA-793887,compound,BRD-K64800655-001-09-0,poscon_diverse,['CDK inhibitor'],0.05852749,14.028584
BR00117013,I07,U2OS,48,KU-60019,compound,BRD-K36016295-001-05-2,,['ATM kinase inhibitor'],-1.4921032,14.21435
BR00117013,I08,U2OS,48,nafamostat,compound,BRD-K06674495-334-04-0,,,4.888212,-3.2499213
BR00117013,I09,U2OS,48,DMSO,compound,,negcon,,1.72591,-5.6835628
BR00117013,I10,U2OS,48,DMSO,compound,,negcon,,1.8842703,-6.0676565
BR00117013,I11,U2OS,48,taladegib,compound,BRD-K50498985-001-03-3,,['smoothened receptor antagonist'],2.2538092,-5.4969764
BR00117013,I12,U2OS,48,acetohexamide,compound,BRD-K52960356-001-13-0,,['ATP channel blocker'],2.0101686,-6.1118684
BR00117013,I13,U2OS,48,minocycline,compound,BRD-A69651145-003-11-4,,,4.0795484,-6.740753
BR00117013,I14,U2OS,48,BI-2536,compound,BRD-K64890080-001-02-1,poscon_diverse,,3.8082266,15.393524
BR00117013,I15,U2OS,48,riociguat,compound,BRD-K84783599-001-01-0,,,2.0888658,-5.299068
BR00117013,I16,U2OS,48,CP-724714,compound,BRD-K76908866-001-07-6,poscon_cp,"['EGFR inhibitor', 'protein tyrosine kinase inhibitor']",4.6989365,-6.826363
BR00117013,I17,U2OS,48,ganetespib,compound,BRD-K38852836-001-04-9,poscon_diverse,['HSP inhibitor'],0.9126635,14.44019
BR00117013,I18,U2OS,48,AZ191,compound,BRD-K80935598-001-01-1,poscon_cp,['DYRK inhibitor'],5.2651,7.4572387
BR00117013,I19,U2OS,48,BAX-channel-blocker,compound,BRD-A18763547-300-06-3,,,4.291293,7.426349
BR00117013,I20,U2OS,48,SU3327,compound,BRD-K32730239-001-01-0,,['JNK inhibitor'],0.5436355,15.994928
BR00117013,I21,U2OS,48,DMSO,compound,,negcon,,2.0757318,-5.1324935
BR00117013,I22,U2OS,48,DMSO,compound,,negcon,,1.9907297,-5.0393934
BR00117013,I23,U2OS,48,octreotide,compound,BRD-A64173453-015-03-1,,['somatostatin receptor agonist'],1.8049033,-4.827419
BR00117013,I24,U2OS,48,1-octanol,compound,BRD-K09338665-001-08-9,,,2.3842134,-4.9313865
BR00117013,J01,U2OS,48,acalabrutinib,compound,BRD-K64034691-001-01-9,,"[""Bruton's tyrosine kinase (BTK) inhibitor""]",2.3502932,-5.448046
BR00117013,J02,U2OS,48,rifamycin,compound,BRD-K38512030-001-01-7,,,2.4949856,-4.843103
BR00117013,J03,U2OS,48,pazopanib,compound,BRD-K74514084-003-09-2,,"['KIT inhibitor', 'VEGFR inhibitor', 'PDGFR tyrosine kinase receptor inhibitor']",7.6369677,-4.3789077
BR00117013,J04,U2OS,48,RKI-1447,compound,BRD-K19333160-001-01-3,poscon_cp,,12.420376,0.49515036
BR00117013,J05,U2OS,48,vitamin-E,compound,BRD-K97091514-001-11-4,,['PKC inhibitor'],2.3963153,-4.5766983
BR00117013,J06,U2OS,48,lonafarnib,compound,BRD-K41599323-001-02-3,poscon_diverse,,4.339629,11.916363
BR00117013,J07,U2OS,48,ethyl-pyruvate,compound,BRD-K47738867-001-01-5,,,2.4320488,-5.401507
BR00117013,J08,U2OS,48,picrotin,compound,BRD-A91822151-001-05-0,,['GABA receptor antagonist'],2.5495625,-5.0274997
BR00117013,J09,U2OS,48,SGX523,compound,BRD-K19477839-001-07-6,poscon_cp,,6.4362464,-6.9398966
BR00117013,J10,U2OS,48,PP-2,compound,BRD-K95785537-001-22-3,,['src inhibitor'],2.3449001,10.597631
BR00117013,J11,U2OS,48,ME-0328,compound,BRD-A63444178-001-01-5,,['PPAR receptor antagonist'],2.2103615,-5.5751166
BR00117013,J12,U2OS,48,AZD9668,compound,BRD-K31476763-001-01-5,,['elastase inhibitor'],2.1818373,-5.270335
BR00117013,J13,U2OS,48,NQDI-1,compound,BRD-K61918008-001-07-1,,,2.261014,-5.703855
BR00117013,J14,U2OS,48,DMSO,compound,,negcon,,2.1674287,-5.437442
BR00117013,J15,U2OS,48,carzenide,compound,BRD-K09295674-001-09-8,,,4.8397384,-7.09396
BR00117013,J16,U2OS,48,KU-55933,compound,BRD-K25311561-001-10-7,,['ATM kinase inhibitor'],1.8983463,-7.378217
BR00117013,J17,U2OS,48,NVP-AEW541,compound,BRD-K24696047-001-02-3,poscon_cp,['IGF-1 inhibitor'],4.8436646,6.4699965
BR00117013,J18,U2OS,48,leflunomide,compound,BRD-K78692225-001-24-5,,['PDGFR tyrosine kinase receptor inhibitor'],2.7267432,-5.5585546
BR00117013,J19,U2OS,48,DMSO,compound,,negcon,,2.402757,-5.186556
BR00117013,J20,U2OS,48,azacitidine,compound,BRD-K03406345-001-21-1,poscon_diverse,,2.2251732,-5.765988
BR00117013,J21,U2OS,48,ixabepilone,compound,BRD-K03601870-001-01-2,,['microtubule stabilizing agent'],2.7695355,14.394255
BR00117013,J22,U2OS,48,KH-CB19,compound,BRD-K66430217-001-03-8,poscon_cp,['CDC inhibitor'],2.0645623,-5.7324142
BR00117013,J23,U2OS,48,DMSO,compound,,negcon,,1.6318029,-4.729124
BR00117013,J24,U2OS,48,PF-05190457,compound,BRD-K02554563-001-01-6,,,2.5462964,-5.1403446
BR00117013,K01,U2OS,48,LDN-212854,compound,BRD-K59831625-001-03-9,,,0.14132223,15.904932
BR00117013,K02,U2OS,48,formononetin,compound,BRD-K55567017-001-12-3,,['alcohol dehydrogenase inhibitor'],2.102678,-5.9100327
BR00117013,K03,U2OS,48,aminopurvalanol-a,compound,BRD-K07762753-001-05-1,poscon_orf,['CDK inhibitor'],-0.019726995,7.4086757
BR00117013,K04,U2OS,48,ruxolitinib,compound,BRD-K53972329-001-01-3,poscon_cp,['JAK inhibitor'],2.3574612,-5.87752
BR00117013,K05,U2OS,48,DMSO,compound,,negcon,,2.3238997,-5.9212008
BR00117013,K06,U2OS,48,DMSO,compound,,negcon,,1.9262611,-5.853712
BR00117013,K07,U2OS,48,LGK-974,compound,BRD-K16810791-001-01-0,,['porcupine inhibitor'],2.243352,-5.9345717
BR00117013,K08,U2OS,48,polydatin,compound,BRD-K43236057-001-07-1,,['ICAM1 expression inhibitor'],3.6283078,11.862481
BR00117013,K09,U2OS,48,enflurane,compound,BRD-A51831848-001-01-7,,,2.113119,-6.1484017
BR00117013,K10,U2OS,48,PFI-1,compound,BRD-K13094524-001-04-2,poscon_cp,,2.1093695,-6.2066336
BR00117013,K11,U2OS,48,AZD7762,compound,BRD-K86525559-001-07-8,poscon_diverse,['CHK inhibitor'],-0.02503577,15.718756
BR00117013,K12,U2OS,48,sotrastaurin,compound,BRD-K16761703-001-03-8,,['PKC inhibitor'],6.449492,-4.3921385
BR00117013,K13,U2OS,48,DMSO,compound,,negcon,,1.6914326,-4.7860303
BR00117013,K14,U2OS,48,cycloheximide,compound,BRD-K36055864-001-20-0,,['protein synthesis inhibitor'],-0.85139126,13.199818
BR00117013,K15,U2OS,48,oxytocin,compound,BRD-K25243230-001-01-2,,,1.8240877,-5.512572
BR00117013,K16,U2OS,48,DMSO,compound,,negcon,,2.192297,-5.4713
BR00117013,K17,U2OS,48,colchicine,compound,BRD-K00259736-001-16-4,,,2.5001578,14.671612
BR00117013,K18,U2OS,48,afimoxifene,compound,BRD-K04210847-001-21-9,,,2.856381,-6.5009637
BR00117013,K19,U2OS,48,DMSO,compound,,negcon,,2.06598,-5.057088
BR00117013,K20,U2OS,48,ZK-93423,compound,BRD-K33882852-003-02-8,poscon_diverse,['benzodiazepine receptor agonist'],4.1411448,-3.2177606
BR00117013,K21,U2OS,48,RGB-286638,compound,BRD-K20986415-001-02-6,,['CDK inhibitor'],-1.6053287,13.947163
BR00117013,K22,U2OS,48,FPS-ZM1,compound,BRD-K87691185-001-01-2,,['RAGE receptor antagonist'],2.2140741,-5.47684
BR00117013,K23,U2OS,48,flindokalner,compound,BRD-K56740996-001-02-1,,,3.7458625,-5.414991
BR00117013,K24,U2OS,48,motesanib,compound,BRD-K99616396-316-05-3,,"['KIT inhibitor', 'VEGFR inhibitor', 'PDGFR tyrosine kinase receptor inhibitor']",2.6780994,-4.9505553
BR00117013,L01,U2OS,48,geldanamycin,compound,BRD-K43570081-001-02-4,,['HSP inhibitor'],0.9304814,14.455212
BR00117013,L02,U2OS,48,DMSO,compound,,negcon,,2.004544,-4.442295
BR00117013,L03,U2OS,48,CGP-53353,compound,BRD-K32292990-001-03-6,,"['PKC inhibitor', 'EGFR inhibitor']",2.0626009,-4.8107305
BR00117013,L04,U2OS,48,7-hydroxystaurosporine,compound,BRD-K45293975-001-02-0,,"['CDK inhibitor', 'PKC inhibitor', 'CHK inhibitor']",-0.17520005,15.456958
BR00117013,L05,U2OS,48,DMSO,compound,,negcon,,1.6276052,-5.0130444
BR00117013,L06,U2OS,48,DMSO,compound,,negcon,,2.3169708,-4.6629977
BR00117013,L07,U2OS,48,efaproxiral,compound,BRD-K37355418-236-01-6,,,2.2690406,-5.2498183
BR00117013,L08,U2OS,48,SB-203580,compound,BRD-A37704979-001-12-3,poscon_orf,['p38 MAPK inhibitor'],6.7270885,-4.050179
BR00117013,L09,U2OS,48,FK-866,compound,BRD-K58550667-001-08-7,poscon_diverse,,15.660266,8.262404
BR00117013,L10,U2OS,48,bepridil,compound,BRD-A91008255-003-24-8,,['calcium channel blocker'],2.5021505,-4.986289
BR00117013,L11,U2OS,48,delanzomib,compound,BRD-K59325863-001-04-4,,,0.3649328,15.598352
BR00117013,L12,U2OS,48,buparlisib,compound,BRD-K42191735-001-08-7,poscon_diverse,,2.44837,14.974505
BR00117013,L13,U2OS,48,phenylbutazone,compound,BRD-K10843433-001-23-5,,"['cyclooxygenase inhibitor', 'prostanoid receptor antagonist']",2.4396987,-5.410931
BR00117013,L14,U2OS,48,deferasirox,compound,BRD-K97010173-001-04-1,,,-1.6735828,7.5805597
BR00117013,L15,U2OS,48,DMSO,compound,,negcon,,2.2351806,-5.7070622
BR00117013,L16,U2OS,48,cediranib,compound,BRD-K86930074-001-05-0,,"['KIT inhibitor', 'VEGFR inhibitor']",5.454126,7.241336
BR00117013,L17,U2OS,48,isoflurane,compound,BRD-A31564021-001-02-6,,,2.2219787,-5.325988
BR00117013,L18,U2OS,48,DMSO,compound,,negcon,,1.9257517,-5.1131654
BR00117013,L19,U2OS,48,CCG-50014,compound,BRD-K08893438-001-06-4,,['G protein signaling inhibitor'],0.8410785,15.678377
BR00117013,L20,U2OS,48,PF-431396,compound,BRD-K93788137-001-04-1,,,-1.4599692,8.703698
BR00117013,L21,U2OS,48,TG-02,compound,BRD-K14560436-001-01-4,,"['CDK inhibitor', 'FLT3 inhibitor', 'JAK inhibitor']",0.12012632,14.120731
BR00117013,L22,U2OS,48,baclofen,compound,BRD-K01826724-003-07-9,,['benzodiazepine receptor agonist'],2.350134,-5.5891185
BR00117013,L23,U2OS,48,thiostrepton,compound,BRD-A20697603-001-07-2,,['protein synthesis inhibitor'],5.1730022,-1.6774927
BR00117013,L24,U2OS,48,flufenamic-acid,compound,BRD-K44067360-001-29-5,,,2.483189,-5.171446
BR00117013,M01,U2OS,48,DMSO,compound,,negcon,,2.0569923,-5.9502325
BR00117013,M02,U2OS,48,LY2109761,compound,BRD-K47557313-001-02-7,,,7.406918,-9.196164
BR00117013,M03,U2OS,48,olopatadine,compound,BRD-K67637637-003-11-8,,['histamine receptor antagonist'],2.06318,-5.7654314
BR00117013,M04,U2OS,48,DMSO,compound,,negcon,,2.085367,-5.879807
BR00117013,M05,U2OS,48,castanospermine,compound,BRD-K20897876-001-11-8,,['glucosidase inhibitor'],2.0223289,-5.9860263
BR00117013,M06,U2OS,48,A205804,compound,BRD-K77627880-001-04-0,,['ICAM1 expression inhibitor'],3.9176042,-7.9875927
BR00117013,M07,U2OS,48,VU591,compound,BRD-K72063794-003-01-0,,['potassium channel blocker'],2.0952818,-5.887361
BR00117013,M08,U2OS,48,dalbavancin,compound,BRD-K30177383-001-01-0,,['bacterial cell wall synthesis inhibitor'],1.9651643,-6.1211915
BR00117013,M09,U2OS,48,CC-401,compound,BRD-K45746021-003-01-9,,['JNK inhibitor'],2.065197,-6.4073496
BR00117013,M10,U2OS,48,ganetespib,compound,BRD-K38852836-001-04-9,poscon_diverse,['HSP inhibitor'],0.99418527,14.503271
BR00117013,M11,U2OS,48,ingenol-mebutate,compound,BRD-K93779381-001-01-9,,,6.089025,-5.1240826
BR00117013,M12,U2OS,48,menadione,compound,BRD-K78126613-001-27-7,,,-1.0845352,13.39519
BR00117013,M13,U2OS,48,cetilistat,compound,BRD-K94863486-001-02-2,,,1.8393562,-5.1742415
BR00117013,M14,U2OS,48,methoxsalen,compound,BRD-K63430059-001-16-4,,['DNA synthesis inhibitor'],4.291973,-7.0643396
BR00117013,M15,U2OS,48,cyclosporine,compound,BRD-K13533483-001-16-2,,,5.3914785,1.0571698
BR00117013,M16,U2OS,48,NSC-632839,compound,BRD-K81197548-003-01-4,poscon_cp,['ubiquitin specific protease inhibitor'],0.8112255,15.656539
BR00117013,M17,U2OS,48,DMSO,compound,,negcon,,1.6918398,-4.7520137
BR00117013,M18,U2OS,48,TG-003,compound,BRD-K97072811-001-11-4,poscon_cp,,2.299928,-5.575554
BR00117013,M19,U2OS,48,oxibendazole,compound,BRD-K52075715-001-06-7,,['tubulin polymerization inhibitor'],2.5055785,14.621604
BR00117013,M20,U2OS,48,TG-101348,compound,BRD-K12502280-001-11-4,poscon_cp,"['JAK inhibitor', 'FLT3 inhibitor']",1.4440087,15.449251
BR00117013,M21,U2OS,48,miglitol,compound,BRD-A63310107-001-04-8,,['glucosidase inhibitor'],1.9514271,-5.2007546
BR00117013,M22,U2OS,48,DMSO,compound,,negcon,,2.2942371,-5.3951373
BR00117013,M23,U2OS,48,DMSO,compound,,negcon,,1.4745092,-5.1604443
BR00117013,M24,U2OS,48,tranilast,compound,BRD-K17849083-001-32-9,,,1.7322131,-5.445802
BR00117013,N01,U2OS,48,4-methylhistamine,compound,BRD-K70821460-300-02-4,,['histamine receptor agonist'],2.0636137,-5.68286
BR00117013,N02,U2OS,48,LDN-27219,compound,BRD-K51485109-001-01-4,,,2.1976037,-4.586553
BR00117013,N03,U2OS,48,anisomycin,compound,BRD-K91370081-001-25-1,,['DNA synthesis inhibitor'],-0.013433454,14.805963
BR00117013,N04,U2OS,48,thioguanine,compound,BRD-K49350383-001-13-7,poscon_diverse,,-0.045968875,11.061527
BR00117013,N05,U2OS,48,droxinostat,compound,BRD-K11558771-001-13-9,,['HDAC inhibitor'],2.7451303,-3.1381574
BR00117013,N06,U2OS,48,UNC2025,compound,BRD-K91283740-003-01-6,poscon_cp,['FLT3 inhibitor'],0.8399031,14.41127
BR00117013,N07,U2OS,48,DMSO,compound,,negcon,,2.3989778,-4.7819576
BR00117013,N08,U2OS,48,DMSO,compound,,negcon,,2.5843143,-5.126697
BR00117013,N09,U2OS,48,AMG900,compound,BRD-K21728777-001-02-3,poscon_cp,['Aurora kinase inhibitor'],-1.410595,8.637679
BR00117013,N10,U2OS,48,PF-06463922,compound,BRD-A23124853-001-01-4,,['ALK tyrosine kinase receptor inhibitor'],6.830524,-5.442074
BR00117013,N11,U2OS,48,orantinib,compound,BRD-K55966568-001-09-6,poscon_cp,"['FGFR inhibitor', 'PDGFR tyrosine kinase receptor inhibitor', 'VEGFR inhibitor']",3.381771,-6.915086
BR00117013,N12,U2OS,48,fludarabine-phosphate,compound,BRD-K71106091-001-09-5,,['ribonucleotide reductase inhibitor'],-1.626668,7.6779213
BR00117013,N13,U2OS,48,ceritinib,compound,BRD-K22149900-001-06-2,,['ALK tyrosine kinase receptor inhibitor'],6.1342998,-5.607435
BR00117013,N14,U2OS,48,NVS-PAK1-1,compound,BRD-K28132190-001-02-0,poscon_cp,['p21 activated kinase inhibitor'],2.3292377,10.091148
BR00117013,N15,U2OS,48,homoharringtonine,compound,BRD-K76674262-001-03-3,,['protein synthesis inhibitor'],0.0037830619,14.864638
BR00117013,N16,U2OS,48,picrotoxinin,compound,BRD-K36461289-001-05-8,,['GABA receptor antagonist'],2.0545847,-5.384211
BR00117013,N17,U2OS,48,DMSO,compound,,negcon,,2.0246835,-5.3591437
BR00117013,N18,U2OS,48,danusertib,compound,BRD-K07881437-001-03-8,poscon_diverse,"['growth factor receptor inhibitor', 'Aurora kinase inhibitor']",-1.3746586,8.147237
BR00117013,N19,U2OS,48,romidepsin,compound,BRD-K61397605-001-01-8,poscon_cp,['HDAC inhibitor'],0.82511955,15.793309
BR00117013,N20,U2OS,48,FERb-033,compound,BRD-K61642990-001-01-0,poscon_cp,['EGFR inhibitor'],2.2336032,-5.489158
BR00117013,N21,U2OS,48,PF-03758309,compound,BRD-K37764012-001-03-3,poscon_diverse,['p21 activated kinase inhibitor'],0.06658635,14.655768
BR00117013,N22,U2OS,48,DMSO,compound,,negcon,,2.1697977,-5.322453
BR00117013,N23,U2OS,48,trometamol,compound,BRD-K47978074-001-03-2,,,2.2328815,-5.300666
BR00117013,N24,U2OS,48,simvastatin,compound,BRD-K22134346-001-22-3,,['HMGCR inhibitor'],2.3357804,10.207762
BR00117013,O01,U2OS,48,zaprinast,compound,BRD-K16542329-001-16-8,,['phosphodiesterase inhibitor'],1.9318223,-5.9087424
BR00117013,O02,U2OS,48,dexamethasone,compound,BRD-A10188456-001-04-9,,['glucocorticoid receptor agonist'],1.9898562,-6.2157345
BR00117013,O03,U2OS,48,salicylic-acid,compound,BRD-K93632104-001-17-2,,['cyclooxygenase inhibitor'],2.1576326,-5.9149885
BR00117013,O04,U2OS,48,diltiazem,compound,BRD-A69636825-003-04-7,,['calcium channel blocker'],1.9382474,-6.082849
BR00117013,O05,U2OS,48,phenolphthalein,compound,BRD-K19227686-001-18-6,,,2.1333816,-5.958232
BR00117013,O06,U2OS,48,niflumic-acid,compound,BRD-K98763141-001-30-8,,['cyclooxygenase inhibitor'],2.1283214,-5.8960066
BR00117013,O07,U2OS,48,DMSO,compound,,negcon,,1.7961974,-5.6509247
BR00117013,O08,U2OS,48,L-Cystine,compound,BRD-A15397381-001-02-5,,,1.9089495,-6.154867
BR00117013,O09,U2OS,48,ozanimod,compound,BRD-K46625559-001-01-8,,['sphingosine 1 phosphate receptor agonist'],2.2213721,-5.9733634
BR00117013,O10,U2OS,48,efaroxan,compound,BRD-A10739734-003-09-8,,['adrenergic receptor antagonist'],1.9526829,-5.8536057
BR00117013,O11,U2OS,48,NBQX,compound,BRD-K11796549-001-05-2,,['glutamate receptor antagonist'],2.3068886,-5.0537634
BR00117013,O12,U2OS,48,dinoprostone,compound,BRD-K26521938-001-07-2,,['prostanoid receptor agonist'],2.1141,-5.4616456
BR00117013,O13,U2OS,48,Ro-20-1724,compound,BRD-A07207424-001-14-0,,['phosphodiesterase inhibitor'],2.484363,-5.258952
BR00117013,O14,U2OS,48,xanomeline,compound,BRD-K72815923-034-02-0,,['acetylcholine receptor agonist'],2.294969,-5.182035
BR00117013,O15,U2OS,48,terazosin,compound,BRD-K01825589-310-02-9,,['adrenergic receptor antagonist'],2.110922,-5.4189277
BR00117013,O16,U2OS,48,BVT-948,compound,BRD-K68567222-001-01-2,,,-1.2740147,13.760525
BR00117013,O17,U2OS,48,nicotine,compound,BRD-K01825660-322-01-9,,['acetylcholine receptor agonist'],2.171107,-5.3819656
BR00117013,O18,U2OS,48,DMSO,compound,,negcon,,1.8615048,-4.894827
BR00117013,O19,U2OS,48,U-0521,compound,BRD-K08953028-001-09-6,,,2.0609736,-5.3789067
BR00117013,O20,U2OS,48,BMS-587101,compound,BRD-K20093108-001-02-3,,,2.3211758,-4.997416
BR00117013,O21,U2OS,48,nimodipine,compound,BRD-A58048407-001-20-4,,['calcium channel blocker'],2.2875195,-4.951483
BR00117013,O22,U2OS,48,pyrrolidine-dithiocarbamate,compound,BRD-K80970344-201-08-6,,,0.71406996,15.940536
BR00117013,O23,U2OS,48,PF-915275,compound,BRD-K18289362-001-02-2,,,2.4644158,-5.574634
BR00117013,O24,U2OS,48,JTE-013,compound,BRD-K43330982-001-02-3,,,1.8334372,-5.4059463
BR00117013,P01,U2OS,48,sodium-butyrate,compound,BRD-K05878375-236-05-7,,['HDAC inhibitor'],3.9863658,-4.3001957
BR00117013,P02,U2OS,48,pentostatin,compound,BRD-K91543828-001-02-0,,['ribonucleotide reductase inhibitor'],2.081396,-5.3069324
BR00117013,P03,U2OS,48,OMDM-2,compound,BRD-K48830578-001-01-9,,,2.4344788,-5.16037
BR00117013,P04,U2OS,48,nalmefene,compound,BRD-A72767275-003-01-6,,,2.288688,-5.618256
BR00117013,P05,U2OS,48,DMSO,compound,,negcon,,2.1239715,-5.125587
BR00117013,P06,U2OS,48,1-EBIO,compound,BRD-K70586315-001-02-4,,,2.1314685,-5.75906
BR00117013,P07,U2OS,48,SB-505124,compound,BRD-K40109029-001-02-9,,['ALK tyrosine kinase receptor inhibitor'],5.115848,-1.9116652
BR00117013,P08,U2OS,48,prasugrel,compound,BRD-A83029242-001-06-1,,['purinergic receptor antagonist'],1.9478513,-5.6549187
BR00117013,P09,U2OS,48,pidolic-acid,compound,BRD-K57313110-001-06-8,,,2.1166117,-5.132445
BR00117013,P10,U2OS,48,DMSO,compound,,negcon,,1.8817323,-4.9240084
BR00117013,P11,U2OS,48,nevirapine,compound,BRD-K15502390-001-20-9,,,2.099031,-5.812627
BR00117013,P12,U2OS,48,triamterene,compound,BRD-K92049597-001-20-8,,['sodium channel blocker'],2.2277937,-5.62292
BR00117013,P13,U2OS,48,regorafenib,compound,BRD-K16730910-001-07-3,,"['PDGFR tyrosine kinase receptor inhibitor', 'RAF inhibitor', 'KIT inhibitor', 'RET tyrosine kinase inhibitor', 'FGFR inhibitor', 'VEGFR inhibitor']",5.432928,-5.3925447
BR00117013,P14,U2OS,48,cyclophosphamide,compound,BRD-A09722536-002-18-0,,,1.965325,-5.738346
BR00117013,P15,U2OS,48,olanzapine,compound,BRD-K18895904-001-16-1,,"['dopamine receptor antagonist', 'serotonin receptor antagonist']",1.8719451,-5.8471966
BR00117013,P16,U2OS,48,KI-16425,compound,BRD-A25569250-001-03-3,,['lysophosphatidic acid receptor antagonist'],3.5300894,-6.9633636
BR00117013,P17,U2OS,48,SKLB1002,compound,BRD-K29895144-001-01-0,,['VEGFR inhibitor'],-1.5020952,7.8277664
BR00117013,P18,U2OS,48,cilostazol,compound,BRD-K67017579-001-28-1,,['phosphodiesterase inhibitor'],2.6238608,-5.8344283
BR00117013,P19,U2OS,48,AZD1283,compound,BRD-K77060810-001-01-5,,['purinergic receptor antagonist'],2.5798557,-5.454391
BR00117013,P20,U2OS,48,A-987306,compound,BRD-K68982262-001-01-4,,['histamine receptor antagonist'],4.9468737,6.129338
BR00117013,P21,U2OS,48,procaine,compound,BRD-K24616672-003-20-1,,['HMGCR inhibitor'],2.0587816,-5.5017443
BR00117013,P22,U2OS,48,miconazole,compound,BRD-A82396632-008-30-8,,['bacterial cell wall synthesis inhibitor'],2.1585345,-5.636617
BR00117013,P23,U2OS,48,loperamide,compound,BRD-K61250553-003-30-6,,,2.2946188,-5.1770487
BR00117013,P24,U2OS,48,aripiprazole,compound,BRD-K70358946-001-17-3,,['serotonin receptor antagonist'],3.0169528,-3.7671983
BR00117024,A01,U2OS,24,gabapentin-enacarbil,compound,BRD-A86665761-001-01-1,,,3.9739056,-4.0913086
BR00117024,A02,U2OS,24,DMSO,compound,,negcon,,0.14186022,-3.2490127
BR00117024,A03,U2OS,24,amlodipine,compound,BRD-A22032524-074-09-9,,['calcium channel blocker'],4.6445336,6.7154865
BR00117024,A04,U2OS,24,hexestrol,compound,BRD-A01078468-001-14-8,,,0.50286645,-3.5097811
BR00117024,A05,U2OS,24,quinine,compound,BRD-K48278478-001-01-2,,,2.0675118,-5.4237666
BR00117024,A06,U2OS,24,LOXO-101,compound,BRD-K36574127-001-01-3,,,2.7844465,-5.387682
BR00117024,A07,U2OS,24,brinzolamide,compound,BRD-K74913225-001-14-0,,['carbonic anhydrase inhibitor'],0.3773463,-3.6468053
BR00117024,A08,U2OS,24,NS-11021,compound,BRD-K94342292-001-01-3,,['calcium-activated potassium channel activator'],5.2455196,0.8342665
BR00117024,A09,U2OS,24,DMSO,compound,,negcon,,0.13097595,-3.168688
BR00117024,A10,U2OS,24,GNF-5837,compound,BRD-K19975102-001-01-2,,['growth factor receptor inhibitor'],4.2781053,-3.5242822
BR00117024,A11,U2OS,24,apatinib,compound,BRD-K25244359-066-02-6,,['RET tyrosine kinase inhibitor'],1.4899688,-6.1861424
BR00117024,A12,U2OS,24,ethoxzolamide,compound,BRD-K18131774-001-18-4,,['carbonic anhydrase inhibitor'],0.93380046,-3.393364
BR00117024,A13,U2OS,24,ascorbic-acid,compound,BRD-A85242401-001-11-5,,,3.8163743,-5.138765
BR00117024,A14,U2OS,24,ryuvidine,compound,BRD-K06426971-001-02-7,,['histone lysine methyltransferase inhibitor'],-0.3252747,16.462425
BR00117024,A15,U2OS,24,BAN-ORL-24,compound,BRD-K47049295-300-03-1,,,3.169907,11.808386
BR00117024,A16,U2OS,24,NNC-55-0396,compound,BRD-K78122587-300-04-3,,,4.5832014,6.813594
BR00117024,A17,U2OS,24,DMSO,compound,,negcon,,0.089827456,-3.2813632
BR00117024,A18,U2OS,24,WH-4-023,compound,BRD-K50199947-001-03-4,,['src inhibitor'],2.3469474,11.061811
BR00117024,A19,U2OS,24,flupirtine,compound,BRD-K50720187-051-03-1,,['glutamate receptor antagonist'],0.9748515,-3.7900698
BR00117024,A20,U2OS,24,ZK811752,compound,BRD-K91825936-001-03-9,,,0.84330136,-3.8699906
BR00117024,A21,U2OS,24,dexamethasone,compound,BRD-K38775274-001-22-1,,['glucocorticoid receptor agonist'],2.006366,-6.3854885
BR00117024,A22,U2OS,24,PP-1,compound,BRD-K47598052-001-14-1,,['src inhibitor'],2.2810194,10.673884
BR00117024,A23,U2OS,24,DDR1-IN-1,compound,BRD-K61845293-300-01-9,,,4.923002,6.103456
BR00117024,A24,U2OS,24,AVL-292,compound,BRD-K87782578-001-01-4,,"[""Bruton's tyrosine kinase (BTK) inhibitor""]",1.9587902,11.472781
BR00117024,B01,U2OS,24,H2L-5765834,compound,BRD-K26439554-001-01-3,,['lysophosphatidic acid receptor antagonist'],2.5006607,-4.2874465
BR00117024,B02,U2OS,24,thiostrepton,compound,BRD-K58049875-001-03-9,,['protein synthesis inhibitor'],0.20374717,15.319375
BR00117024,B03,U2OS,24,DMSO,compound,,negcon,,0.39915904,-3.183244
BR00117024,B04,U2OS,24,arcyriaflavin-a,compound,BRD-K72726508-001-02-1,,['CDK inhibitor'],1.0979555,11.32629
BR00117024,B05,U2OS,24,CYM-5520,compound,BRD-K29151923-001-01-5,,['sphingosine 1 phosphate receptor agonist'],0.70386034,-3.7356544
BR00117024,B06,U2OS,24,fludarabine,compound,BRD-K66788707-001-14-3,,['ribonucleotide reductase inhibitor'],-1.8137091,7.307657
BR00117024,B07,U2OS,24,alda-1,compound,BRD-K06890060-001-09-1,,,1.7760898,-4.540227
BR00117024,B08,U2OS,24,meclofenamic-acid,compound,BRD-K50398167-236-22-7,,"['cyclooxygenase inhibitor', 'prostanoid receptor antagonist']",0.51759297,-3.2672446
BR00117024,B09,U2OS,24,GNF-5,compound,BRD-K87632963-001-03-0,,['Bcr-Abl kinase inhibitor'],0.7891917,-3.797851
BR00117024,B10,U2OS,24,NS-309,compound,BRD-K37602296-001-01-6,,['calcium-activated potassium channel activator'],0.4623022,-4.0305347
BR00117024,B11,U2OS,24,AK-7,compound,BRD-K09143580-001-01-0,,['SIRT inhibitor'],5.0114775,-4.5288997
BR00117024,B12,U2OS,24,BVT-948,compound,BRD-A22713669-001-04-3,,,-1.3526661,13.674396
BR00117024,B13,U2OS,24,SirReal-2,compound,BRD-K16472653-001-01-6,,['SIRT inhibitor'],1.0700687,-3.9579523
BR00117024,B14,U2OS,24,DMSO,compound,,negcon,,0.5961547,-3.303138
BR00117024,B15,U2OS,24,BMS-536924,compound,BRD-K34581968-001-05-3,,['IGF-1 inhibitor'],2.0059857,11.351986
BR00117024,B16,U2OS,24,PP-121,compound,BRD-K81801188-001-02-8,,['protein tyrosine kinase inhibitor'],1.9564672,11.608773
BR00117024,B17,U2OS,24,MCOPPB,compound,BRD-K73276278-305-01-1,,,5.2463317,7.138496
BR00117024,B18,U2OS,24,ozagrel,compound,BRD-K53061490-003-13-9,,,2.6571033,-4.4638796
BR00117024,B19,U2OS,24,CYM-5442,compound,BRD-A43005764-003-01-5,,['sphingosine 1 phosphate receptor agonist'],4.8240232,6.6042776
BR00117024,B20,U2OS,24,CVT-10216,compound,BRD-K60659193-001-01-0,,,1.3671145,-5.05125
BR00117024,B21,U2OS,24,TCN201,compound,BRD-K09787262-001-02-7,,['glutamate receptor antagonist'],2.0946712,-4.7999015
BR00117024,B22,U2OS,24,fomepizole,compound,BRD-K56810756-003-07-7,,['alcohol dehydrogenase inhibitor'],3.6778705,-5.057532
BR00117024,B23,U2OS,24,benzamil,compound,BRD-K87158025-003-08-7,,['sodium channel blocker'],1.8387688,-5.487088
BR00117024,B24,U2OS,24,lercanidipine,compound,BRD-A18992208-003-02-7,,['calcium channel blocker'],2.767118,-4.3627844
BR00117024,C01,U2OS,24,4-CMTB,compound,BRD-A54139254-001-09-2,,['free fatty acid receptor agonist'],2.501184,-4.4398985
BR00117024,C02,U2OS,24,ML-228,compound,BRD-K44432556-001-05-5,,,1.9260997,-4.544152
BR00117024,C03,U2OS,24,DMSO,compound,,negcon,,0.19885802,-3.2727728
BR00117024,C04,U2OS,24,GSK1070916,compound,BRD-K36740062-001-06-6,,['Aurora kinase inhibitor'],2.126321,12.309171
BR00117024,C05,U2OS,24,ML-193,compound,BRD-K27539181-001-08-5,,,1.1143227,-5.2709713
BR00117024,C06,U2OS,24,DMSO,compound,,negcon,,0.17856653,-3.2545674
BR00117024,C07,U2OS,24,M-25,compound,BRD-K51265828-001-01-0,,['smoothened receptor antagonist'],1.7709095,-5.205566
BR00117024,C08,U2OS,24,azeliragon,compound,BRD-K51899933-001-02-6,,['RAGE receptor antagonist'],4.2952724,7.3652945
BR00117024,C09,U2OS,24,CYT-997,compound,BRD-K23363278-001-02-1,poscon_diverse,['tubulin polymerization inhibitor'],3.3761795,14.595922
BR00117024,C10,U2OS,24,AR-12,compound,BRD-K90497590-001-05-9,,,0.032703064,16.419317
BR00117024,C11,U2OS,24,CYM-50260,compound,BRD-K69877120-001-01-7,,['sphingosine 1 phosphate receptor agonist'],1.7642992,-5.2637625
BR00117024,C12,U2OS,24,DMSO,compound,,negcon,,-0.007275411,-3.1109676
BR00117024,C13,U2OS,24,KG-5,compound,BRD-K90747162-001-01-4,poscon_cp,['RAF inhibitor'],3.1692631,14.214916
BR00117024,C14,U2OS,24,JTE-607,compound,BRD-K81405859-300-01-4,,,-1.6179448,7.67824
BR00117024,C15,U2OS,24,DMSO,compound,,negcon,,0.18175082,-3.1370773
BR00117024,C16,U2OS,24,ilomastat,compound,BRD-K51662849-001-05-4,,['matrix metalloprotease inhibitor'],2.655032,-5.8189664
BR00117024,C17,U2OS,24,RX-821002,compound,BRD-A65597028-003-08-1,,['adrenergic receptor antagonist'],1.2960371,-4.12255
BR00117024,C18,U2OS,24,DMSO,compound,,negcon,,0.046221446,-3.097924
BR00117024,C19,U2OS,24,TUG-891,compound,BRD-K24282351-001-01-4,,['free fatty acid receptor agonist'],3.1628258,-5.1221952
BR00117024,C20,U2OS,24,ponatinib,compound,BRD-K44227013-001-08-0,,"['PDGFR tyrosine kinase receptor inhibitor', 'FLT3 inhibitor', 'Bcr-Abl kinase inhibitor']",-0.103751294,15.563152
BR00117024,C21,U2OS,24,DMSO,compound,,negcon,,0.322369,-2.7872105
BR00117024,C22,U2OS,24,puromycin,compound,BRD-K01824976-300-02-9,,['protein synthesis inhibitor'],0.24519546,15.244048
BR00117024,C23,U2OS,24,SRC-kinase-inhibitor-I,compound,BRD-K50495309-001-02-0,,['src inhibitor'],4.954242,6.4015007
BR00117024,C24,U2OS,24,acetylcysteine,compound,BRD-K59058747-001-19-1,,,1.5981865,-4.394544
BR00117024,D01,U2OS,24,NSC-625987,compound,BRD-K62949423-001-03-1,,['CDK inhibitor'],0.16800846,-3.9019635
BR00117024,D02,U2OS,24,dalfampridine,compound,BRD-K22482860-001-20-6,,['potassium channel blocker'],1.1162993,-4.016713
BR00117024,D03,U2OS,24,NSC-95397,compound,BRD-K68143200-001-11-7,,['CDC inhibitor'],-1.3238878,13.628893
BR00117024,D04,U2OS,24,alrestatin,compound,BRD-K35498378-001-06-1,,['aldose reductase inhibitor'],0.15489921,-3.2473843
BR00117024,D05,U2OS,24,PF-03758309,compound,BRD-K37764012-001-03-3,poscon_diverse,['p21 activated kinase inhibitor'],0.090421654,-3.6995738
BR00117024,D06,U2OS,24,IRL-2500,compound,BRD-K98357249-001-02-9,,['endothelin receptor antagonist'],0.8298391,-3.8538625
BR00117024,D07,U2OS,24,PF-04217903,compound,BRD-K73319509-001-08-0,poscon_cp,,0.6696096,-3.6045184
BR00117024,D08,U2OS,24,FK-866,compound,BRD-K58550667-001-08-7,poscon_diverse,,2.4051013,-4.287532
BR00117024,D09,U2OS,24,amlexanox,compound,BRD-K29530284-001-06-2,,,0.66009355,-3.937995
BR00117024,D10,U2OS,24,GW-311616,compound,BRD-K37864785-001-01-0,,['elastase inhibitor'],2.2427475,-4.841893
BR00117024,D11,U2OS,24,buparlisib,compound,BRD-K42191735-001-08-7,poscon_diverse,,3.0903645,14.83936
BR00117024,D12,U2OS,24,amiloride,compound,BRD-K97181089-003-24-7,,['sodium channel blocker'],1.0078504,-3.2876556
BR00117024,D13,U2OS,24,DG-172,compound,BRD-K75748943-300-01-3,,,4.954669,6.1259995
BR00117024,D14,U2OS,24,DMSO,compound,,negcon,,0.05313771,-3.0866854
BR00117024,D15,U2OS,24,DMSO,compound,,negcon,,0.024503745,-3.0483046
BR00117024,D16,U2OS,24,NVP-ADW742,compound,BRD-K15179513-001-04-2,poscon_cp,,4.7961802,7.063276
BR00117024,D17,U2OS,24,misoprostol,compound,BRD-A72351335-001-04-5,,['prostanoid receptor agonist'],0.5590424,-3.3089879
BR00117024,D18,U2OS,24,conivaptan,compound,BRD-K37385792-003-02-1,,,3.408069,-4.1079493
BR00117024,D19,U2OS,24,spiroxatrine,compound,BRD-A72483914-001-03-7,,['serotonin receptor antagonist'],1.533871,-5.305698
BR00117024,D20,U2OS,24,diacerein,compound,BRD-K69122748-001-10-1,,,1.8908172,-5.3899965
BR00117024,D21,U2OS,24,DMSO,compound,,negcon,,0.12933093,-3.1102004
BR00117024,D22,U2OS,24,DMSO,compound,,negcon,,0.029176187,-3.1597054
BR00117024,D23,U2OS,24,glyburide,compound,BRD-K36927236-001-36-7,,['ATP channel blocker'],2.3255658,-5.571103
BR00117024,D24,U2OS,24,ANR-94,compound,BRD-K31170746-001-01-6,,,2.186176,-4.7175145
BR00117024,E01,U2OS,24,TFC-007,compound,BRD-K57708067-001-01-3,,,1.1382484,-4.0938373
BR00117024,E02,U2OS,24,trihexyphenidyl,compound,BRD-A48180038-003-24-3,,['acetylcholine receptor antagonist'],0.19716471,-3.618175
BR00117024,E03,U2OS,24,epoprostenol,compound,BRD-K64054020-001-02-7,,,0.8608836,-3.689824
BR00117024,E04,U2OS,24,sacubitril,compound,BRD-K91456750-001-01-9,,,2.3100753,-4.4712462
BR00117024,E05,U2OS,24,danusertib,compound,BRD-K07881437-001-03-8,poscon_diverse,"['growth factor receptor inhibitor', 'Aurora kinase inhibitor']",-1.4373312,8.585873
BR00117024,E06,U2OS,24,CYT-997,compound,BRD-K23363278-001-02-1,poscon_diverse,['tubulin polymerization inhibitor'],3.3902218,14.5917635
BR00117024,E07,U2OS,24,DMSO,compound,,negcon,,0.1922452,-2.8992028
BR00117024,E08,U2OS,24,BQ-788,compound,BRD-K02490038-236-03-8,,['endothelin receptor antagonist'],0.19434229,-3.91751
BR00117024,E09,U2OS,24,SB-202190,compound,BRD-K54330070-001-19-6,poscon_orf,['p38 MAPK inhibitor'],6.365748,-4.236258
BR00117024,E10,U2OS,24,GSK2110183,compound,BRD-K25412176-001-01-9,poscon_diverse,,8.464187,-3.7239861
BR00117024,E11,U2OS,24,GSK3787,compound,BRD-K03155172-001-03-0,,['PPAR receptor antagonist'],1.3365108,-4.5894117
BR00117024,E12,U2OS,24,BAM7,compound,BRD-K07442505-001-03-6,,,0.44385675,-3.4121616
BR00117024,E13,U2OS,24,PHA-793887,compound,BRD-K64800655-001-09-0,poscon_diverse,['CDK inhibitor'],-0.12655348,13.736728
BR00117024,E14,U2OS,24,DMSO,compound,,negcon,,0.16260476,-3.3206394
BR00117024,E15,U2OS,24,GSK-37647,compound,BRD-K26514105-001-01-7,,['free fatty acid receptor agonist'],1.4744703,-4.285707
BR00117024,E16,U2OS,24,desonide,compound,BRD-K21528677-001-04-4,,['glucocorticoid receptor agonist'],2.4883237,-6.052777
BR00117024,E17,U2OS,24,DMSO,compound,,negcon,,0.09405936,-3.059406
BR00117024,E18,U2OS,24,aloxistatin,compound,BRD-K91188791-001-17-5,,,5.160839,6.585846
BR00117024,E19,U2OS,24,azathioprine,compound,BRD-K32821942-001-22-1,,,1.6052681,-5.24631
BR00117024,E20,U2OS,24,ZK-93423,compound,BRD-K33882852-003-02-8,poscon_diverse,['benzodiazepine receptor agonist'],0.62002504,-3.506506
BR00117024,E21,U2OS,24,BI-2536,compound,BRD-K64890080-001-02-1,poscon_diverse,,3.8094163,15.376448
BR00117024,E22,U2OS,24,EI1,compound,BRD-K91535048-001-01-2,poscon_cp,['histone lysine methyltransferase inhibitor'],0.046286877,-3.1594007
BR00117024,E23,U2OS,24,NVP-HSP990,compound,BRD-K67915505-001-01-2,,['HSP inhibitor'],-7.9523473,13.302875
BR00117024,E24,U2OS,24,DMSO,compound,,negcon,,0.113816425,-2.8743374
BR00117024,F01,U2OS,24,DMSO,compound,,negcon,,0.046234537,-3.079069
BR00117024,F02,U2OS,24,nialamide,compound,BRD-K12102668-001-25-5,,,2.0337658,-4.3982997
BR00117024,F03,U2OS,24,DMSO,compound,,negcon,,0.0104584005,-2.9137626
BR00117024,F04,U2OS,24,arundic-acid,compound,BRD-K49223707-001-01-0,,,1.4177344,-4.310505
BR00117024,F05,U2OS,24,torcitabine,compound,BRD-K91822704-003-07-2,,,0.1651015,-3.7715795
BR00117024,F06,U2OS,24,DMSO,compound,,negcon,,0.09977233,-3.3185797
BR00117024,F07,U2OS,24,epothilone-b,compound,BRD-K68164687-001-01-6,,"['microtubule stabilizing agent', 'tubulin polymerization inhibitor']",2.9537554,13.88809
BR00117024,F08,U2OS,24,dyphylline,compound,BRD-A00827783-001-24-6,,['phosphodiesterase inhibitor'],0.59117776,-3.4446268
BR00117024,F09,U2OS,24,DMSO,compound,,negcon,,0.49486947,-3.3619194
BR00117024,F10,U2OS,24,quinidine,compound,BRD-K59632282-052-03-1,,['sodium channel blocker'],3.8576086,-5.1022716
BR00117024,F11,U2OS,24,halopemide,compound,BRD-K50055394-001-03-6,,,6.664108,-2.4200516
BR00117024,F12,U2OS,24,sulfinpyrazone,compound,BRD-A36217750-001-16-3,,,1.7454066,-4.859683
BR00117024,F13,U2OS,24,ML-323,compound,BRD-K93942811-001-01-3,poscon_cp,['ubiquitin specific protease inhibitor'],0.7112698,-4.100971
BR00117024,F14,U2OS,24,racecadotril,compound,BRD-A08187463-001-12-9,,,0.6679141,-3.6561186
BR00117024,F15,U2OS,24,BRL-50481,compound,BRD-K84266862-001-03-2,,['phosphodiesterase inhibitor'],2.6451874,-4.7908034
BR00117024,F16,U2OS,24,GSK2110183,compound,BRD-K25412176-001-01-9,poscon_diverse,,8.472097,-3.7174542
BR00117024,F17,U2OS,24,bufexamac,compound,BRD-K36660044-001-24-2,,['cyclooxygenase inhibitor'],2.708309,-3.2045772
BR00117024,F18,U2OS,24,anandamide,compound,BRD-K42352790-001-05-3,,,0.8423372,-3.470304
BR00117024,F19,U2OS,24,thioguanine,compound,BRD-K49350383-001-13-7,poscon_diverse,,-0.046983127,11.046122
BR00117024,F20,U2OS,24,IWP-L6,compound,BRD-K53234107-001-01-6,,['porcupine inhibitor'],1.210126,-3.0805473
BR00117024,F21,U2OS,24,edoxaban,compound,BRD-K29322660-001-01-9,,['coagulation factor inhibitor'],0.3401304,-3.1841924
BR00117024,F22,U2OS,24,lonafarnib,compound,BRD-K41599323-001-02-3,poscon_diverse,,4.3838863,11.940878
BR00117024,F23,U2OS,24,ibutamoren,compound,BRD-K44771174-066-01-0,,,2.043406,-6.038699
BR00117024,F24,U2OS,24,somatostatin,compound,BRD-K14681867-001-01-6,,['somatostatin receptor agonist'],1.288266,-4.2318916
BR00117024,G01,U2OS,24,L-proline,compound,BRD-K01666412-001-02-0,,,0.48234895,-3.7156835
BR00117024,G02,U2OS,24,zamifenacin,compound,BRD-K80451230-051-02-6,,['acetylcholine receptor antagonist'],1.8242049,-4.602523
BR00117024,G03,U2OS,24,YC-1,compound,BRD-K60476892-001-16-1,,,-0.5255603,13.417913
BR00117024,G04,U2OS,24,DMSO,compound,,negcon,,0.096137114,-2.9486601
BR00117024,G05,U2OS,24,ME-0328,compound,BRD-K24283677-001-01-9,,['PPAR receptor antagonist'],1.8936827,-4.6298537
BR00117024,G06,U2OS,24,NSC-663284,compound,BRD-K03109492-001-02-2,,['CDC inhibitor'],-0.3320873,16.458662
BR00117024,G07,U2OS,24,CYM-50358,compound,BRD-K80666802-003-01-0,,,1.8886878,-5.6167126
BR00117024,G08,U2OS,24,trazodone,compound,BRD-K70778732-003-27-5,,"['adrenergic receptor antagonist', 'serotonin receptor antagonist']",1.2286355,-4.6829424
BR00117024,G09,U2OS,24,DMSO,compound,,negcon,,-0.014544921,-2.9557981
BR00117024,G10,U2OS,24,DMSO,compound,,negcon,,0.11617758,-3.061981
BR00117024,G11,U2OS,24,sulfasalazine,compound,BRD-K10670311-001-17-1,,['cyclooxygenase inhibitor'],-0.047943868,-3.5673106
BR00117024,G12,U2OS,24,"2,5-furandimethanol",compound,BRD-K29791386-001-01-8,,,1.9188976,-5.443821
BR00117024,G13,U2OS,24,DMSO,compound,,negcon,,-0.07281138,-3.2625759
BR00117024,G14,U2OS,24,dilazep,compound,BRD-K48722258-300-11-0,,,-0.026981968,-3.184461
BR00117024,G15,U2OS,24,felodipine,compound,BRD-A30815329-001-12-1,,['calcium channel blocker'],1.3034606,-3.9712865
BR00117024,G16,U2OS,24,paliperidone,compound,BRD-A99888680-001-05-3,,"['dopamine receptor antagonist', 'serotonin receptor antagonist']",1.9385879,-5.576615
BR00117024,G17,U2OS,24,purvalanol-a,compound,BRD-K50836978-001-03-3,poscon_orf,['CDK inhibitor'],0.0046624844,7.3758407
BR00117024,G18,U2OS,24,DMSO,compound,,negcon,,0.021646643,-2.9745119
BR00117024,G19,U2OS,24,Ro-1138452,compound,BRD-K77220725-003-01-5,,['prostanoid receptor antagonist'],2.0246556,-5.6932554
BR00117024,G20,U2OS,24,sorbinil,compound,BRD-A89164055-001-03-3,,['aldose reductase inhibitor'],0.5495284,-3.6717792
BR00117024,G21,U2OS,24,TC-S-7004,compound,BRD-K89517477-001-01-4,poscon_cp,['DYRK inhibitor'],5.3344555,-3.5176992
BR00117024,G22,U2OS,24,saclofen,compound,BRD-A24122750-001-03-7,,['GABA receptor antagonist'],0.6286906,-3.2248695
BR00117024,G23,U2OS,24,BAY-87-2243,compound,BRD-K70463136-001-01-5,,,3.9970806,-3.2253013
BR00117024,G24,U2OS,24,ibudilast,compound,BRD-K16444452-001-09-1,,['phosphodiesterase inhibitor'],0.6981504,-4.0632687
BR00117024,H01,U2OS,24,briciclib,compound,BRD-K05531427-001-01-7,,,3.380138,14.604237
BR00117024,H02,U2OS,24,2-Oleoylglycerol,compound,BRD-K77087341-001-02-4,,,3.22047,-5.443711
BR00117024,H03,U2OS,24,RGFP966,compound,BRD-K61688984-001-02-9,poscon_cp,['HDAC inhibitor'],5.5844164,-1.5282221
BR00117024,H04,U2OS,24,DMSO,compound,,negcon,,0.24982546,-2.953684
BR00117024,H05,U2OS,24,azacitidine,compound,BRD-K03406345-001-21-1,poscon_diverse,,5.1326017,-3.306779
BR00117024,H06,U2OS,24,N6-cyclopentyladenosine,compound,BRD-K60150510-001-15-6,,,0.32310322,-3.5505664
BR00117024,H07,U2OS,24,filgotinib,compound,BRD-K16803204-001-01-6,poscon_cp,['JAK inhibitor'],1.3623022,-5.853224
BR00117024,H08,U2OS,24,guanidine,compound,BRD-K76037122-001-02-5,,['HSP inhibitor'],1.1123428,-3.922695
BR00117024,H09,U2OS,24,coumarin,compound,BRD-K23913458-001-20-7,,,0.39130086,-3.3322225
BR00117024,H10,U2OS,24,DMSO,compound,,negcon,,0.027424328,-3.0573473
BR00117024,H11,U2OS,24,ZM-336372,compound,BRD-K73789395-001-09-9,poscon_orf,['RAF inhibitor'],0.27337134,-3.389569
BR00117024,H12,U2OS,24,citric-acid,compound,BRD-K76792669-001-08-1,,['coagulation factor inhibitor'],0.4501517,-3.0542848
BR00117024,H13,U2OS,24,DMSO,compound,,negcon,,-0.055083346,-3.1915085
BR00117024,H14,U2OS,24,CCG-63802,compound,BRD-K26970495-001-02-7,,['G protein signaling inhibitor'],0.4417591,-3.234982
BR00117024,H15,U2OS,24,ibutilide,compound,BRD-A74391928-051-03-9,,['potassium channel blocker'],-0.045682594,-3.1309006
BR00117024,H16,U2OS,24,batimastat,compound,BRD-K82818427-001-04-8,,['matrix metalloprotease inhibitor'],4.870495,-2.8986485
BR00117024,H17,U2OS,24,DMSO,compound,,negcon,,0.117926,-3.3168871
BR00117024,H18,U2OS,24,DMSO,compound,,negcon,,0.5498061,-3.249196
BR00117024,H19,U2OS,24,UNC1999,compound,BRD-K26989966-001-04-3,poscon_cp,['histone lysine methyltransferase inhibitor'],1.5019557,15.395237
BR00117024,H20,U2OS,24,glutamine-(l),compound,BRD-K83896451-001-06-7,,,0.29970995,-2.8187118
BR00117024,H21,U2OS,24,PD-98059,compound,BRD-K62810658-001-11-4,poscon_orf,,0.9618392,-3.524864
BR00117024,H22,U2OS,24,enilconazole,compound,BRD-K01825690-065-01-9,,,1.8015507,-5.0021963
BR00117024,H23,U2OS,24,N-alpha-Methylhistamine-dihydrochloride,compound,BRD-K75390981-300-04-9,,['histamine receptor agonist'],2.7031107,-5.045144
BR00117024,H24,U2OS,24,GK921,compound,BRD-K38272302-001-02-7,,,-1.4541391,14.15333
BR00117024,I01,U2OS,24,nilvadipine,compound,BRD-A84687895-001-03-2,,['calcium channel blocker'],0.26516506,-3.279757
BR00117024,I02,U2OS,24,DMSO,compound,,negcon,,0.04302708,-3.2447538
BR00117024,I03,U2OS,24,AC-710,compound,BRD-K15819326-001-01-6,,['PDGFR tyrosine kinase receptor inhibitor'],4.2353096,7.354019
BR00117024,I04,U2OS,24,PETCM,compound,BRD-A93477898-001-04-2,,,3.659506,-5.0900865
BR00117024,I05,U2OS,24,AZD7762,compound,BRD-K86525559-001-07-8,poscon_diverse,['CHK inhibitor'],-0.11173765,15.553785
BR00117024,I06,U2OS,24,PHA-793887,compound,BRD-K64800655-001-09-0,poscon_diverse,['CDK inhibitor'],-0.13730958,13.729451
BR00117024,I07,U2OS,24,KU-60019,compound,BRD-K36016295-001-05-2,,['ATM kinase inhibitor'],-1.4750376,14.17385
BR00117024,I08,U2OS,24,nafamostat,compound,BRD-K06674495-334-04-0,,,0.7925439,-3.599608
BR00117024,I09,U2OS,24,DMSO,compound,,negcon,,-0.073172085,-3.1753058
BR00117024,I10,U2OS,24,DMSO,compound,,negcon,,-0.11517719,-2.932911
BR00117024,I11,U2OS,24,taladegib,compound,BRD-K50498985-001-03-3,,['smoothened receptor antagonist'],0.22857703,-3.7687666
BR00117024,I12,U2OS,24,acetohexamide,compound,BRD-K52960356-001-13-0,,['ATP channel blocker'],0.6615861,-3.4519663
BR00117024,I13,U2OS,24,minocycline,compound,BRD-A69651145-003-11-4,,,4.6547685,-3.4504747
BR00117024,I14,U2OS,24,BI-2536,compound,BRD-K64890080-001-02-1,poscon_diverse,,3.8176072,15.373552
BR00117024,I15,U2OS,24,riociguat,compound,BRD-K84783599-001-01-0,,,1.8925484,-5.7270017
BR00117024,I16,U2OS,24,CP-724714,compound,BRD-K76908866-001-07-6,poscon_cp,"['EGFR inhibitor', 'protein tyrosine kinase inhibitor']",0.6012182,-2.4751217
BR00117024,I17,U2OS,24,ganetespib,compound,BRD-K38852836-001-04-9,poscon_diverse,['HSP inhibitor'],-7.932116,13.292893
BR00117024,I18,U2OS,24,AZ191,compound,BRD-K80935598-001-01-1,poscon_cp,['DYRK inhibitor'],5.2875233,7.4124103
BR00117024,I19,U2OS,24,BAX-channel-blocker,compound,BRD-A18763547-300-06-3,,,4.3653293,7.364864
BR00117024,I20,U2OS,24,SU3327,compound,BRD-K32730239-001-01-0,,['JNK inhibitor'],0.030333843,15.790997
BR00117024,I21,U2OS,24,DMSO,compound,,negcon,,0.14091691,-3.396326
BR00117024,I22,U2OS,24,DMSO,compound,,negcon,,0.28773102,-3.2230766
BR00117024,I23,U2OS,24,octreotide,compound,BRD-A64173453-015-03-1,,['somatostatin receptor agonist'],1.6412188,-5.713337
BR00117024,I24,U2OS,24,1-octanol,compound,BRD-K09338665-001-08-9,,,1.8963172,-5.8734984
BR00117024,J01,U2OS,24,acalabrutinib,compound,BRD-K64034691-001-01-9,,"[""Bruton's tyrosine kinase (BTK) inhibitor""]",4.0270324,-5.055494
BR00117024,J02,U2OS,24,rifamycin,compound,BRD-K38512030-001-01-7,,,1.8387951,-4.183708
BR00117024,J03,U2OS,24,pazopanib,compound,BRD-K74514084-003-09-2,,"['KIT inhibitor', 'VEGFR inhibitor', 'PDGFR tyrosine kinase receptor inhibitor']",7.6256986,-4.3874717
BR00117024,J04,U2OS,24,RKI-1447,compound,BRD-K19333160-001-01-3,poscon_cp,,12.420423,0.49458173
BR00117024,J05,U2OS,24,vitamin-E,compound,BRD-K97091514-001-11-4,,['PKC inhibitor'],1.0462694,-4.0288916
BR00117024,J06,U2OS,24,lonafarnib,compound,BRD-K41599323-001-02-3,poscon_diverse,,4.3611026,11.928587
BR00117024,J07,U2OS,24,ethyl-pyruvate,compound,BRD-K47738867-001-01-5,,,0.40260613,-3.1307044
BR00117024,J08,U2OS,24,picrotin,compound,BRD-A91822151-001-05-0,,['GABA receptor antagonist'],0.74960715,-3.0320282
BR00117024,J09,U2OS,24,SGX523,compound,BRD-K19477839-001-07-6,poscon_cp,,-0.27325508,-3.2237642
BR00117024,J10,U2OS,24,PP-2,compound,BRD-K95785537-001-22-3,,['src inhibitor'],2.3256276,10.6628
BR00117024,J11,U2OS,24,ME-0328,compound,BRD-A63444178-001-01-5,,['PPAR receptor antagonist'],0.63802934,-3.3945663
BR00117024,J12,U2OS,24,AZD9668,compound,BRD-K31476763-001-01-5,,['elastase inhibitor'],0.77723837,-3.299338
BR00117024,J13,U2OS,24,NQDI-1,compound,BRD-K61918008-001-07-1,,,1.857763,-5.8270326
BR00117024,J14,U2OS,24,DMSO,compound,,negcon,,0.6755149,-3.0702446
BR00117024,J15,U2OS,24,carzenide,compound,BRD-K09295674-001-09-8,,,0.8784316,-3.1760442
BR00117024,J16,U2OS,24,KU-55933,compound,BRD-K25311561-001-10-7,,['ATM kinase inhibitor'],1.8540424,-7.4375787
BR00117024,J17,U2OS,24,NVP-AEW541,compound,BRD-K24696047-001-02-3,poscon_cp,['IGF-1 inhibitor'],4.8796,6.5080404
BR00117024,J18,U2OS,24,leflunomide,compound,BRD-K78692225-001-24-5,,['PDGFR tyrosine kinase receptor inhibitor'],0.72195137,-3.494143
BR00117024,J19,U2OS,24,DMSO,compound,,negcon,,-0.017111184,-2.9434204
BR00117024,J20,U2OS,24,azacitidine,compound,BRD-K03406345-001-21-1,poscon_diverse,,5.132327,-3.315682
BR00117024,J21,U2OS,24,ixabepilone,compound,BRD-K03601870-001-01-2,,['microtubule stabilizing agent'],3.3026104,14.613277
BR00117024,J22,U2OS,24,KH-CB19,compound,BRD-K66430217-001-03-8,poscon_cp,['CDC inhibitor'],1.1720074,-4.6160307
BR00117024,J23,U2OS,24,DMSO,compound,,negcon,,-0.10377704,-3.2098153
BR00117024,J24,U2OS,24,PF-05190457,compound,BRD-K02554563-001-01-6,,,0.6557206,-3.8787634
BR00117024,K01,U2OS,24,LDN-212854,compound,BRD-K59831625-001-03-9,,,0.32153744,15.956774
BR00117024,K02,U2OS,24,formononetin,compound,BRD-K55567017-001-12-3,,['alcohol dehydrogenase inhibitor'],1.8827178,-4.2700267
BR00117024,K03,U2OS,24,aminopurvalanol-a,compound,BRD-K07762753-001-05-1,poscon_orf,['CDK inhibitor'],-0.032176245,7.424327
BR00117024,K04,U2OS,24,ruxolitinib,compound,BRD-K53972329-001-01-3,poscon_cp,['JAK inhibitor'],3.0612328,-5.339812
BR00117024,K05,U2OS,24,DMSO,compound,,negcon,,-0.0147852255,-2.914494
BR00117024,K06,U2OS,24,DMSO,compound,,negcon,,0.08920584,-3.4275472
BR00117024,K07,U2OS,24,LGK-974,compound,BRD-K16810791-001-01-0,,['porcupine inhibitor'],1.5923837,-4.069867
BR00117024,K08,U2OS,24,polydatin,compound,BRD-K43236057-001-07-1,,['ICAM1 expression inhibitor'],3.7092047,11.811661
BR00117024,K09,U2OS,24,enflurane,compound,BRD-A51831848-001-01-7,,,0.06916479,-3.064392
BR00117024,K10,U2OS,24,PFI-1,compound,BRD-K13094524-001-04-2,poscon_cp,,0.48787037,-3.355107
BR00117024,K11,U2OS,24,AZD7762,compound,BRD-K86525559-001-07-8,poscon_diverse,['CHK inhibitor'],-0.15982243,15.566256
BR00117024,K12,U2OS,24,sotrastaurin,compound,BRD-K16761703-001-03-8,,['PKC inhibitor'],6.4574647,-4.3431053
BR00117024,K13,U2OS,24,DMSO,compound,,negcon,,-0.0101715885,-3.0019424
BR00117024,K14,U2OS,24,cycloheximide,compound,BRD-K36055864-001-20-0,,['protein synthesis inhibitor'],-0.7857113,13.088124
BR00117024,K15,U2OS,24,oxytocin,compound,BRD-K25243230-001-01-2,,,1.4530962,-3.9884243
BR00117024,K16,U2OS,24,DMSO,compound,,negcon,,0.0845863,-2.853971
BR00117024,K17,U2OS,24,colchicine,compound,BRD-K00259736-001-16-4,,,3.3847938,14.57159
BR00117024,K18,U2OS,24,afimoxifene,compound,BRD-K04210847-001-21-9,,,1.7905506,-5.8024135
BR00117024,K19,U2OS,24,DMSO,compound,,negcon,,0.13395485,-2.7701018
BR00117024,K20,U2OS,24,ZK-93423,compound,BRD-K33882852-003-02-8,poscon_diverse,['benzodiazepine receptor agonist'],0.3797228,-2.4137228
BR00117024,K21,U2OS,24,RGB-286638,compound,BRD-K20986415-001-02-6,,['CDK inhibitor'],-1.5917449,13.961957
BR00117024,K22,U2OS,24,FPS-ZM1,compound,BRD-K87691185-001-01-2,,['RAGE receptor antagonist'],1.0993336,-4.913578
BR00117024,K23,U2OS,24,flindokalner,compound,BRD-K56740996-001-02-1,,,1.9513407,-5.6011705
BR00117024,K24,U2OS,24,motesanib,compound,BRD-K99616396-316-05-3,,"['KIT inhibitor', 'VEGFR inhibitor', 'PDGFR tyrosine kinase receptor inhibitor']",2.7499247,-4.8853583
BR00117024,L01,U2OS,24,geldanamycin,compound,BRD-K43570081-001-02-4,,['HSP inhibitor'],-7.942099,13.296925
BR00117024,L02,U2OS,24,DMSO,compound,,negcon,,0.20880187,-3.2630835
BR00117024,L03,U2OS,24,CGP-53353,compound,BRD-K32292990-001-03-6,,"['PKC inhibitor', 'EGFR inhibitor']",0.25146693,-3.6622043
BR00117024,L04,U2OS,24,7-hydroxystaurosporine,compound,BRD-K45293975-001-02-0,,"['CDK inhibitor', 'PKC inhibitor', 'CHK inhibitor']",0.07780999,15.179036
BR00117024,L05,U2OS,24,DMSO,compound,,negcon,,0.15173371,-3.3850331
BR00117024,L06,U2OS,24,DMSO,compound,,negcon,,0.034283105,-2.9182339
BR00117024,L07,U2OS,24,efaproxiral,compound,BRD-K37355418-236-01-6,,,1.5683374,-5.4766345
BR00117024,L08,U2OS,24,SB-203580,compound,BRD-A37704979-001-12-3,poscon_orf,['p38 MAPK inhibitor'],6.67382,-4.104202
BR00117024,L09,U2OS,24,FK-866,compound,BRD-K58550667-001-08-7,poscon_diverse,,2.382774,-4.271486
BR00117024,L10,U2OS,24,bepridil,compound,BRD-A91008255-003-24-8,,['calcium channel blocker'],1.7568667,-5.867042
BR00117024,L11,U2OS,24,delanzomib,compound,BRD-K59325863-001-04-4,,,0.20234083,15.3365965
BR00117024,L12,U2OS,24,buparlisib,compound,BRD-K42191735-001-08-7,poscon_diverse,,3.1357105,14.798531
BR00117024,L13,U2OS,24,phenylbutazone,compound,BRD-K10843433-001-23-5,,"['cyclooxygenase inhibitor', 'prostanoid receptor antagonist']",1.76284,-5.8108263
BR00117024,L14,U2OS,24,deferasirox,compound,BRD-K97010173-001-04-1,,,-1.8516687,7.2929134
BR00117024,L15,U2OS,24,DMSO,compound,,negcon,,-0.017051203,-3.1133091
BR00117024,L16,U2OS,24,cediranib,compound,BRD-K86930074-001-05-0,,"['KIT inhibitor', 'VEGFR inhibitor']",5.471281,7.2846766
BR00117024,L17,U2OS,24,isoflurane,compound,BRD-A31564021-001-02-6,,,0.82667166,-3.8052347
BR00117024,L18,U2OS,24,DMSO,compound,,negcon,,-0.03253856,-3.1687913
BR00117024,L19,U2OS,24,CCG-50014,compound,BRD-K08893438-001-06-4,,['G protein signaling inhibitor'],0.89167327,-3.0692809
BR00117024,L20,U2OS,24,PF-431396,compound,BRD-K93788137-001-04-1,,,-1.427063,8.689624
BR00117024,L21,U2OS,24,TG-02,compound,BRD-K14560436-001-01-4,,"['CDK inhibitor', 'FLT3 inhibitor', 'JAK inhibitor']",-0.08957361,13.787094
BR00117024,L22,U2OS,24,baclofen,compound,BRD-K01826724-003-07-9,,['benzodiazepine receptor agonist'],0.6861691,-3.304019
BR00117024,L23,U2OS,24,thiostrepton,compound,BRD-A20697603-001-07-2,,['protein synthesis inhibitor'],5.296114,-1.540991
BR00117024,L24,U2OS,24,flufenamic-acid,compound,BRD-K44067360-001-29-5,,,1.9547044,-5.67963
BR00117024,M01,U2OS,24,DMSO,compound,,negcon,,0.17881134,-3.0925088
BR00117024,M02,U2OS,24,LY2109761,compound,BRD-K47557313-001-02-7,,,7.4170704,-9.2132635
BR00117024,M03,U2OS,24,olopatadine,compound,BRD-K67637637-003-11-8,,['histamine receptor antagonist'],1.2422249,-3.805099
BR00117024,M04,U2OS,24,DMSO,compound,,negcon,,-0.06251397,-3.057877
BR00117024,M05,U2OS,24,castanospermine,compound,BRD-K20897876-001-11-8,,['glucosidase inhibitor'],0.47609192,-3.3895898
BR00117024,M06,U2OS,24,A205804,compound,BRD-K77627880-001-04-0,,['ICAM1 expression inhibitor'],3.940903,-8.051087
BR00117024,M07,U2OS,24,VU591,compound,BRD-K72063794-003-01-0,,['potassium channel blocker'],2.8435283,-4.7740364
BR00117024,M08,U2OS,24,dalbavancin,compound,BRD-K30177383-001-01-0,,['bacterial cell wall synthesis inhibitor'],1.1758955,-4.9443297
BR00117024,M09,U2OS,24,CC-401,compound,BRD-K45746021-003-01-9,,['JNK inhibitor'],2.0745327,-6.5069833
BR00117024,M10,U2OS,24,ganetespib,compound,BRD-K38852836-001-04-9,poscon_diverse,['HSP inhibitor'],-7.9442787,13.29896
BR00117024,M11,U2OS,24,ingenol-mebutate,compound,BRD-K93779381-001-01-9,,,6.1785383,-5.0756264
BR00117024,M12,U2OS,24,menadione,compound,BRD-K78126613-001-27-7,,,5.0201263,-2.2461345
BR00117024,M13,U2OS,24,cetilistat,compound,BRD-K94863486-001-02-2,,,2.1600165,-5.0159025
BR00117024,M14,U2OS,24,methoxsalen,compound,BRD-K63430059-001-16-4,,['DNA synthesis inhibitor'],1.320503,-4.986432
BR00117024,M15,U2OS,24,cyclosporine,compound,BRD-K13533483-001-16-2,,,5.426606,1.0885804
BR00117024,M16,U2OS,24,NSC-632839,compound,BRD-K81197548-003-01-4,poscon_cp,['ubiquitin specific protease inhibitor'],0.047363173,15.47759
BR00117024,M17,U2OS,24,DMSO,compound,,negcon,,0.13758053,-3.0717664
BR00117024,M18,U2OS,24,TG-003,compound,BRD-K97072811-001-11-4,poscon_cp,,0.17022878,-3.4763181
BR00117024,M19,U2OS,24,oxibendazole,compound,BRD-K52075715-001-06-7,,['tubulin polymerization inhibitor'],3.3561,14.5800295
BR00117024,M20,U2OS,24,TG-101348,compound,BRD-K12502280-001-11-4,poscon_cp,"['JAK inhibitor', 'FLT3 inhibitor']",1.5487677,15.405865
BR00117024,M21,U2OS,24,miglitol,compound,BRD-A63310107-001-04-8,,['glucosidase inhibitor'],1.2067239,-4.0131903
BR00117024,M22,U2OS,24,DMSO,compound,,negcon,,-0.03498772,-3.2399068
BR00117024,M23,U2OS,24,DMSO,compound,,negcon,,0.1337443,-2.8537383
BR00117024,M24,U2OS,24,tranilast,compound,BRD-K17849083-001-32-9,,,1.3829056,-3.8176587
BR00117024,N01,U2OS,24,4-methylhistamine,compound,BRD-K70821460-300-02-4,,['histamine receptor agonist'],0.04595434,-3.385538
BR00117024,N02,U2OS,24,LDN-27219,compound,BRD-K51485109-001-01-4,,,-0.06843657,-3.0768754
BR00117024,N03,U2OS,24,anisomycin,compound,BRD-K91370081-001-25-1,,['DNA synthesis inhibitor'],-0.0065033324,14.826188
BR00117024,N04,U2OS,24,thioguanine,compound,BRD-K49350383-001-13-7,poscon_diverse,,-0.048916567,11.031102
BR00117024,N05,U2OS,24,droxinostat,compound,BRD-K11558771-001-13-9,,['HDAC inhibitor'],2.7594552,-3.0825424
BR00117024,N06,U2OS,24,UNC2025,compound,BRD-K91283740-003-01-6,poscon_cp,['FLT3 inhibitor'],2.0765414,12.2260065
BR00117024,N07,U2OS,24,DMSO,compound,,negcon,,0.028096268,-3.0845077
BR00117024,N08,U2OS,24,DMSO,compound,,negcon,,0.24465297,-3.0503602
BR00117024,N09,U2OS,24,AMG900,compound,BRD-K21728777-001-02-3,poscon_cp,['Aurora kinase inhibitor'],-1.4220009,8.633927
BR00117024,N10,U2OS,24,PF-06463922,compound,BRD-A23124853-001-01-4,,['ALK tyrosine kinase receptor inhibitor'],6.8757734,-5.3976455
BR00117024,N11,U2OS,24,orantinib,compound,BRD-K55966568-001-09-6,poscon_cp,"['FGFR inhibitor', 'PDGFR tyrosine kinase receptor inhibitor', 'VEGFR inhibitor']",1.96783,-5.30641
BR00117024,N12,U2OS,24,fludarabine-phosphate,compound,BRD-K71106091-001-09-5,,['ribonucleotide reductase inhibitor'],-1.6738571,7.615619
BR00117024,N13,U2OS,24,ceritinib,compound,BRD-K22149900-001-06-2,,['ALK tyrosine kinase receptor inhibitor'],6.1807117,-5.5394354
BR00117024,N14,U2OS,24,NVS-PAK1-1,compound,BRD-K28132190-001-02-0,poscon_cp,['p21 activated kinase inhibitor'],2.3304572,10.070299
BR00117024,N15,U2OS,24,homoharringtonine,compound,BRD-K76674262-001-03-3,,['protein synthesis inhibitor'],-0.05900516,14.704191
BR00117024,N16,U2OS,24,picrotoxinin,compound,BRD-K36461289-001-05-8,,['GABA receptor antagonist'],0.96849424,-4.83751
BR00117024,N17,U2OS,24,DMSO,compound,,negcon,,0.012871761,-3.1638207
BR00117024,N18,U2OS,24,danusertib,compound,BRD-K07881437-001-03-8,poscon_diverse,"['growth factor receptor inhibitor', 'Aurora kinase inhibitor']",-1.4516262,8.594924
BR00117024,N19,U2OS,24,romidepsin,compound,BRD-K61397605-001-01-8,poscon_cp,['HDAC inhibitor'],1.0974787,15.494675
BR00117024,N20,U2OS,24,FERb-033,compound,BRD-K61642990-001-01-0,poscon_cp,['EGFR inhibitor'],0.62001836,-3.23571
BR00117024,N21,U2OS,24,PF-03758309,compound,BRD-K37764012-001-03-3,poscon_diverse,['p21 activated kinase inhibitor'],-0.19844668,13.745433
BR00117024,N22,U2OS,24,DMSO,compound,,negcon,,0.32199448,-3.0663772
BR00117024,N23,U2OS,24,trometamol,compound,BRD-K47978074-001-03-2,,,1.5725138,-5.6346846
BR00117024,N24,U2OS,24,simvastatin,compound,BRD-K22134346-001-22-3,,['HMGCR inhibitor'],2.3206978,10.131785
BR00117024,O01,U2OS,24,zaprinast,compound,BRD-K16542329-001-16-8,,['phosphodiesterase inhibitor'],3.9768603,-4.706546
BR00117024,O02,U2OS,24,dexamethasone,compound,BRD-A10188456-001-04-9,,['glucocorticoid receptor agonist'],1.8571348,-5.8585544
BR00117024,O03,U2OS,24,salicylic-acid,compound,BRD-K93632104-001-17-2,,['cyclooxygenase inhibitor'],0.37055168,-3.8181992
BR00117024,O04,U2OS,24,diltiazem,compound,BRD-A69636825-003-04-7,,['calcium channel blocker'],0.46579918,-3.4034262
BR00117024,O05,U2OS,24,phenolphthalein,compound,BRD-K19227686-001-18-6,,,0.24154362,-3.3084512
BR00117024,O06,U2OS,24,niflumic-acid,compound,BRD-K98763141-001-30-8,,['cyclooxygenase inhibitor'],1.5921584,-5.2367797
BR00117024,O07,U2OS,24,DMSO,compound,,negcon,,0.20679006,-2.9991016
BR00117024,O08,U2OS,24,L-Cystine,compound,BRD-A15397381-001-02-5,,,0.53031707,-3.6713011
BR00117024,O09,U2OS,24,ozanimod,compound,BRD-K46625559-001-01-8,,['sphingosine 1 phosphate receptor agonist'],3.0148733,-4.4650316
BR00117024,O10,U2OS,24,efaroxan,compound,BRD-A10739734-003-09-8,,['adrenergic receptor antagonist'],0.4073843,-3.21813
BR00117024,O11,U2OS,24,NBQX,compound,BRD-K11796549-001-05-2,,['glutamate receptor antagonist'],0.43777066,-3.3545115
BR00117024,O12,U2OS,24,dinoprostone,compound,BRD-K26521938-001-07-2,,['prostanoid receptor agonist'],1.470943,-3.9790785
BR00117024,O13,U2OS,24,Ro-20-1724,compound,BRD-A07207424-001-14-0,,['phosphodiesterase inhibitor'],0.23555386,-3.27944
BR00117024,O14,U2OS,24,xanomeline,compound,BRD-K72815923-034-02-0,,['acetylcholine receptor agonist'],1.3153621,-4.9560256
BR00117024,O15,U2OS,24,terazosin,compound,BRD-K01825589-310-02-9,,['adrenergic receptor antagonist'],0.6564888,-3.2263079
BR00117024,O16,U2OS,24,BVT-948,compound,BRD-K68567222-001-01-2,,,-1.3168114,13.605931
BR00117024,O17,U2OS,24,nicotine,compound,BRD-K01825660-322-01-9,,['acetylcholine receptor agonist'],0.45021203,-3.4287167
BR00117024,O18,U2OS,24,DMSO,compound,,negcon,,0.3500382,-3.3533678
BR00117024,O19,U2OS,24,U-0521,compound,BRD-K08953028-001-09-6,,,2.5496523,-4.969252
BR00117024,O20,U2OS,24,BMS-587101,compound,BRD-K20093108-001-02-3,,,0.1296833,-3.4924064
BR00117024,O21,U2OS,24,nimodipine,compound,BRD-A58048407-001-20-4,,['calcium channel blocker'],1.1305002,-4.5449357
BR00117024,O22,U2OS,24,pyrrolidine-dithiocarbamate,compound,BRD-K80970344-201-08-6,,,0.1875498,14.466565
BR00117024,O23,U2OS,24,PF-915275,compound,BRD-K18289362-001-02-2,,,0.55592567,-3.197683
BR00117024,O24,U2OS,24,JTE-013,compound,BRD-K43330982-001-02-3,,,2.7195613,-4.1965585
BR00117024,P01,U2OS,24,sodium-butyrate,compound,BRD-K05878375-236-05-7,,['HDAC inhibitor'],3.938655,-4.063429
BR00117024,P02,U2OS,24,pentostatin,compound,BRD-K91543828-001-02-0,,['ribonucleotide reductase inhibitor'],3.7012393,-4.18174
BR00117024,P03,U2OS,24,OMDM-2,compound,BRD-K48830578-001-01-9,,,1.7699076,-4.856597
BR00117024,P04,U2OS,24,nalmefene,compound,BRD-A72767275-003-01-6,,,0.3325596,-3.3714828
BR00117024,P05,U2OS,24,DMSO,compound,,negcon,,0.015990665,-2.911902
BR00117024,P06,U2OS,24,1-EBIO,compound,BRD-K70586315-001-02-4,,,3.9356537,-4.7946906
BR00117024,P07,U2OS,24,SB-505124,compound,BRD-K40109029-001-02-9,,['ALK tyrosine kinase receptor inhibitor'],5.0918603,-2.0969713
BR00117024,P08,U2OS,24,prasugrel,compound,BRD-A83029242-001-06-1,,['purinergic receptor antagonist'],1.0137789,-3.7986488
BR00117024,P09,U2OS,24,pidolic-acid,compound,BRD-K57313110-001-06-8,,,0.55378485,-3.6869879
BR00117024,P10,U2OS,24,DMSO,compound,,negcon,,0.17697771,-3.1039603
BR00117024,P11,U2OS,24,nevirapine,compound,BRD-K15502390-001-20-9,,,0.17112495,-3.0033464
BR00117024,P12,U2OS,24,triamterene,compound,BRD-K92049597-001-20-8,,['sodium channel blocker'],1.6715444,-5.2653537
BR00117024,P13,U2OS,24,regorafenib,compound,BRD-K16730910-001-07-3,,"['PDGFR tyrosine kinase receptor inhibitor', 'RAF inhibitor', 'KIT inhibitor', 'RET tyrosine kinase inhibitor', 'FGFR inhibitor', 'VEGFR inhibitor']",5.536486,-5.2903275
BR00117024,P14,U2OS,24,cyclophosphamide,compound,BRD-A09722536-002-18-0,,,0.3621175,-3.4834778
BR00117024,P15,U2OS,24,olanzapine,compound,BRD-K18895904-001-16-1,,"['dopamine receptor antagonist', 'serotonin receptor antagonist']",0.48584256,-3.4499118
BR00117024,P16,U2OS,24,KI-16425,compound,BRD-A25569250-001-03-3,,['lysophosphatidic acid receptor antagonist'],3.5792568,-4.799039
BR00117024,P17,U2OS,24,SKLB1002,compound,BRD-K29895144-001-01-0,,['VEGFR inhibitor'],3.479785,-3.8639047
BR00117024,P18,U2OS,24,cilostazol,compound,BRD-K67017579-001-28-1,,['phosphodiesterase inhibitor'],0.7959465,-3.599183
BR00117024,P19,U2OS,24,AZD1283,compound,BRD-K77060810-001-01-5,,['purinergic receptor antagonist'],0.42674097,-3.712266
BR00117024,P20,U2OS,24,A-987306,compound,BRD-K68982262-001-01-4,,['histamine receptor antagonist'],4.9324417,6.096515
BR00117024,P21,U2OS,24,procaine,compound,BRD-K24616672-003-20-1,,['HMGCR inhibitor'],0.7991032,-3.600988
BR00117024,P22,U2OS,24,miconazole,compound,BRD-A82396632-008-30-8,,['bacterial cell wall synthesis inhibitor'],0.63317376,-3.3477566
BR00117024,P23,U2OS,24,loperamide,compound,BRD-K61250553-003-30-6,,,4.922581,5.9300117
BR00117024,P24,U2OS,24,aripiprazole,compound,BRD-K70358946-001-17-3,,['serotonin receptor antagonist'],3.113103,-3.716686
BR00117025,A01,U2OS,24,gabapentin-enacarbil,compound,BRD-A86665761-001-01-1,,,3.9611683,-4.0939217
BR00117025,A02,U2OS,24,DMSO,compound,,negcon,,0.6303019,-3.2344751
BR00117025,A03,U2OS,24,amlodipine,compound,BRD-A22032524-074-09-9,,['calcium channel blocker'],4.61296,6.757514
BR00117025,A04,U2OS,24,hexestrol,compound,BRD-A01078468-001-14-8,,,1.112063,-4.1415105
BR00117025,A05,U2OS,24,quinine,compound,BRD-K48278478-001-01-2,,,1.7758373,-5.603378
BR00117025,A06,U2OS,24,LOXO-101,compound,BRD-K36574127-001-01-3,,,3.7638855,-4.9166636
BR00117025,A07,U2OS,24,brinzolamide,compound,BRD-K74913225-001-14-0,,['carbonic anhydrase inhibitor'],0.6866352,-4.7711916
BR00117025,A08,U2OS,24,NS-11021,compound,BRD-K94342292-001-01-3,,['calcium-activated potassium channel activator'],5.267523,0.8597592
BR00117025,A09,U2OS,24,DMSO,compound,,negcon,,0.5708355,-3.269808
BR00117025,A10,U2OS,24,GNF-5837,compound,BRD-K19975102-001-01-2,,['growth factor receptor inhibitor'],4.2776318,-3.5217018
BR00117025,A11,U2OS,24,apatinib,compound,BRD-K25244359-066-02-6,,['RET tyrosine kinase inhibitor'],2.7582238,-5.9066005
BR00117025,A12,U2OS,24,ethoxzolamide,compound,BRD-K18131774-001-18-4,,['carbonic anhydrase inhibitor'],0.45616728,-3.8027506
BR00117025,A13,U2OS,24,ascorbic-acid,compound,BRD-A85242401-001-11-5,,,0.8121322,-2.9008331
BR00117025,A14,U2OS,24,ryuvidine,compound,BRD-K06426971-001-02-7,,['histone lysine methyltransferase inhibitor'],-0.35563052,16.459686
BR00117025,A15,U2OS,24,BAN-ORL-24,compound,BRD-K47049295-300-03-1,,,3.1467953,11.801077
BR00117025,A16,U2OS,24,NNC-55-0396,compound,BRD-K78122587-300-04-3,,,4.6416507,6.771623
BR00117025,A17,U2OS,24,DMSO,compound,,negcon,,0.77052957,-3.4350667
BR00117025,A18,U2OS,24,WH-4-023,compound,BRD-K50199947-001-03-4,,['src inhibitor'],2.36189,11.059692
BR00117025,A19,U2OS,24,flupirtine,compound,BRD-K50720187-051-03-1,,['glutamate receptor antagonist'],2.4997656,-5.2289653
BR00117025,A20,U2OS,24,ZK811752,compound,BRD-K91825936-001-03-9,,,1.0016074,-3.392605
BR00117025,A21,U2OS,24,dexamethasone,compound,BRD-K38775274-001-22-1,,['glucocorticoid receptor agonist'],2.1226995,-6.3769894
BR00117025,A22,U2OS,24,PP-1,compound,BRD-K47598052-001-14-1,,['src inhibitor'],2.3219688,10.6334915
BR00117025,A23,U2OS,24,DDR1-IN-1,compound,BRD-K61845293-300-01-9,,,4.9447923,6.073996
BR00117025,A24,U2OS,24,AVL-292,compound,BRD-K87782578-001-01-4,,"[""Bruton's tyrosine kinase (BTK) inhibitor""]",1.9519683,11.461593
BR00117025,B01,U2OS,24,H2L-5765834,compound,BRD-K26439554-001-01-3,,['lysophosphatidic acid receptor antagonist'],0.7675269,-3.3522327
BR00117025,B02,U2OS,24,thiostrepton,compound,BRD-K58049875-001-03-9,,['protein synthesis inhibitor'],0.15772371,15.372694
BR00117025,B03,U2OS,24,DMSO,compound,,negcon,,0.7611598,-3.3233163
BR00117025,B04,U2OS,24,arcyriaflavin-a,compound,BRD-K72726508-001-02-1,,['CDK inhibitor'],1.0947566,11.330152
BR00117025,B05,U2OS,24,CYM-5520,compound,BRD-K29151923-001-01-5,,['sphingosine 1 phosphate receptor agonist'],1.5611356,-4.529418
BR00117025,B06,U2OS,24,fludarabine,compound,BRD-K66788707-001-14-3,,['ribonucleotide reductase inhibitor'],-1.7690735,7.5173206
BR00117025,B07,U2OS,24,alda-1,compound,BRD-K06890060-001-09-1,,,0.17445122,-3.3342783
BR00117025,B08,U2OS,24,meclofenamic-acid,compound,BRD-K50398167-236-22-7,,"['cyclooxygenase inhibitor', 'prostanoid receptor antagonist']",4.0297294,-6.2423844
BR00117025,B09,U2OS,24,GNF-5,compound,BRD-K87632963-001-03-0,,['Bcr-Abl kinase inhibitor'],3.460581,-4.7574515
BR00117025,B10,U2OS,24,NS-309,compound,BRD-K37602296-001-01-6,,['calcium-activated potassium channel activator'],1.4720287,-5.5810785
BR00117025,B11,U2OS,24,AK-7,compound,BRD-K09143580-001-01-0,,['SIRT inhibitor'],4.9909997,-4.5452867
BR00117025,B12,U2OS,24,BVT-948,compound,BRD-A22713669-001-04-3,,,-1.3523426,13.628203
BR00117025,B13,U2OS,24,SirReal-2,compound,BRD-K16472653-001-01-6,,['SIRT inhibitor'],0.48708102,-3.2932985
BR00117025,B14,U2OS,24,DMSO,compound,,negcon,,0.76373845,-3.374979
BR00117025,B15,U2OS,24,BMS-536924,compound,BRD-K34581968-001-05-3,,['IGF-1 inhibitor'],1.9881285,11.396756
BR00117025,B16,U2OS,24,PP-121,compound,BRD-K81801188-001-02-8,,['protein tyrosine kinase inhibitor'],1.9505848,11.618989
BR00117025,B17,U2OS,24,MCOPPB,compound,BRD-K73276278-305-01-1,,,5.266949,7.1426
BR00117025,B18,U2OS,24,ozagrel,compound,BRD-K53061490-003-13-9,,,0.79518366,-3.3465254
BR00117025,B19,U2OS,24,CYM-5442,compound,BRD-A43005764-003-01-5,,['sphingosine 1 phosphate receptor agonist'],4.821775,6.6415315
BR00117025,B20,U2OS,24,CVT-10216,compound,BRD-K60659193-001-01-0,,,0.5361334,-3.723454
BR00117025,B21,U2OS,24,TCN201,compound,BRD-K09787262-001-02-7,,['glutamate receptor antagonist'],0.6628901,-3.8009574
BR00117025,B22,U2OS,24,fomepizole,compound,BRD-K56810756-003-07-7,,['alcohol dehydrogenase inhibitor'],1.4134417,-4.524422
BR00117025,B23,U2OS,24,benzamil,compound,BRD-K87158025-003-08-7,,['sodium channel blocker'],1.8036636,-5.2505755
BR00117025,B24,U2OS,24,lercanidipine,compound,BRD-A18992208-003-02-7,,['calcium channel blocker'],2.5674503,-4.5484405
BR00117025,C01,U2OS,24,4-CMTB,compound,BRD-A54139254-001-09-2,,['free fatty acid receptor agonist'],1.2669584,-4.605843
BR00117025,C02,U2OS,24,ML-228,compound,BRD-K44432556-001-05-5,,,0.651084,-3.0801477
BR00117025,C03,U2OS,24,DMSO,compound,,negcon,,1.6136029,-3.7505264
BR00117025,C04,U2OS,24,GSK1070916,compound,BRD-K36740062-001-06-6,,['Aurora kinase inhibitor'],2.1293504,12.307332
BR00117025,C05,U2OS,24,ML-193,compound,BRD-K27539181-001-08-5,,,3.6031609,-5.1555996
BR00117025,C06,U2OS,24,DMSO,compound,,negcon,,0.7772244,-3.7139826
BR00117025,C07,U2OS,24,M-25,compound,BRD-K51265828-001-01-0,,['smoothened receptor antagonist'],0.5107416,-3.5908859
BR00117025,C08,U2OS,24,azeliragon,compound,BRD-K51899933-001-02-6,,['RAGE receptor antagonist'],4.338038,7.3423533
BR00117025,C09,U2OS,24,CYT-997,compound,BRD-K23363278-001-02-1,poscon_diverse,['tubulin polymerization inhibitor'],3.4026365,14.58417
BR00117025,C10,U2OS,24,AR-12,compound,BRD-K90497590-001-05-9,,,0.16724911,16.231668
BR00117025,C11,U2OS,24,CYM-50260,compound,BRD-K69877120-001-01-7,,['sphingosine 1 phosphate receptor agonist'],1.6799918,-4.437394
BR00117025,C12,U2OS,24,DMSO,compound,,negcon,,0.83305293,-3.2090943
BR00117025,C13,U2OS,24,KG-5,compound,BRD-K90747162-001-01-4,poscon_cp,['RAF inhibitor'],3.3008695,14.458813
BR00117025,C14,U2OS,24,JTE-607,compound,BRD-K81405859-300-01-4,,,-1.5938666,7.704564
BR00117025,C15,U2OS,24,DMSO,compound,,negcon,,0.27707592,-3.4926102
BR00117025,C16,U2OS,24,ilomastat,compound,BRD-K51662849-001-05-4,,['matrix metalloprotease inhibitor'],1.9192575,-4.997291
BR00117025,C17,U2OS,24,RX-821002,compound,BRD-A65597028-003-08-1,,['adrenergic receptor antagonist'],0.05264236,-3.6217148
BR00117025,C18,U2OS,24,DMSO,compound,,negcon,,1.080201,-3.4754412
BR00117025,C19,U2OS,24,TUG-891,compound,BRD-K24282351-001-01-4,,['free fatty acid receptor agonist'],3.6845338,-5.181743
BR00117025,C20,U2OS,24,ponatinib,compound,BRD-K44227013-001-08-0,,"['PDGFR tyrosine kinase receptor inhibitor', 'FLT3 inhibitor', 'Bcr-Abl kinase inhibitor']",-0.1613069,15.537482
BR00117025,C21,U2OS,24,DMSO,compound,,negcon,,0.94103605,-3.3953538
BR00117025,C22,U2OS,24,puromycin,compound,BRD-K01824976-300-02-9,,['protein synthesis inhibitor'],0.28955343,15.22543
BR00117025,C23,U2OS,24,SRC-kinase-inhibitor-I,compound,BRD-K50495309-001-02-0,,['src inhibitor'],4.9774537,6.3641768
BR00117025,C24,U2OS,24,acetylcysteine,compound,BRD-K59058747-001-19-1,,,1.8544683,-4.843061
BR00117025,D01,U2OS,24,NSC-625987,compound,BRD-K62949423-001-03-1,,['CDK inhibitor'],0.4595929,-3.3967233
BR00117025,D02,U2OS,24,dalfampridine,compound,BRD-K22482860-001-20-6,,['potassium channel blocker'],1.7573647,-4.4819283
BR00117025,D03,U2OS,24,NSC-95397,compound,BRD-K68143200-001-11-7,,['CDC inhibitor'],-1.3368478,13.658717
BR00117025,D04,U2OS,24,alrestatin,compound,BRD-K35498378-001-06-1,,['aldose reductase inhibitor'],1.4812328,-3.8793213
BR00117025,D05,U2OS,24,PF-03758309,compound,BRD-K37764012-001-03-3,poscon_diverse,['p21 activated kinase inhibitor'],6.3740835,-6.416298
BR00117025,D06,U2OS,24,IRL-2500,compound,BRD-K98357249-001-02-9,,['endothelin receptor antagonist'],1.570561,-5.911631
BR00117025,D07,U2OS,24,PF-04217903,compound,BRD-K73319509-001-08-0,poscon_cp,,0.4986171,-3.0600317
BR00117025,D08,U2OS,24,FK-866,compound,BRD-K58550667-001-08-7,poscon_diverse,,2.5482213,-4.5406747
BR00117025,D09,U2OS,24,amlexanox,compound,BRD-K29530284-001-06-2,,,2.8754776,-5.315563
BR00117025,D10,U2OS,24,GW-311616,compound,BRD-K37864785-001-01-0,,['elastase inhibitor'],1.7015427,-5.2334576
BR00117025,D11,U2OS,24,buparlisib,compound,BRD-K42191735-001-08-7,poscon_diverse,,3.14754,14.803009
BR00117025,D12,U2OS,24,amiloride,compound,BRD-K97181089-003-24-7,,['sodium channel blocker'],2.0824263,-5.376809
BR00117025,D13,U2OS,24,DG-172,compound,BRD-K75748943-300-01-3,,,4.933265,6.1787596
BR00117025,D14,U2OS,24,DMSO,compound,,negcon,,0.7490978,-2.9396071
BR00117025,D15,U2OS,24,DMSO,compound,,negcon,,2.0041504,-5.146103
BR00117025,D16,U2OS,24,NVP-ADW742,compound,BRD-K15179513-001-04-2,poscon_cp,,4.782752,7.0941043
BR00117025,D17,U2OS,24,misoprostol,compound,BRD-A72351335-001-04-5,,['prostanoid receptor agonist'],4.0137806,-5.225437
BR00117025,D18,U2OS,24,conivaptan,compound,BRD-K37385792-003-02-1,,,3.385941,-4.143234
BR00117025,D19,U2OS,24,spiroxatrine,compound,BRD-A72483914-001-03-7,,['serotonin receptor antagonist'],0.6310617,-3.6322057
BR00117025,D20,U2OS,24,diacerein,compound,BRD-K69122748-001-10-1,,,1.4714338,-3.448439
BR00117025,D21,U2OS,24,DMSO,compound,,negcon,,0.9725882,-3.320845
BR00117025,D22,U2OS,24,DMSO,compound,,negcon,,0.73210645,-3.680037
BR00117025,D23,U2OS,24,glyburide,compound,BRD-K36927236-001-36-7,,['ATP channel blocker'],1.8070053,-5.3990426
BR00117025,D24,U2OS,24,ANR-94,compound,BRD-K31170746-001-01-6,,,1.5563022,-4.00933
BR00117025,E01,U2OS,24,TFC-007,compound,BRD-K57708067-001-01-3,,,1.6610603,-5.9337945
BR00117025,E02,U2OS,24,trihexyphenidyl,compound,BRD-A48180038-003-24-3,,['acetylcholine receptor antagonist'],1.8258826,-5.0774603
BR00117025,E03,U2OS,24,epoprostenol,compound,BRD-K64054020-001-02-7,,,1.9105995,-4.0389414
BR00117025,E04,U2OS,24,sacubitril,compound,BRD-K91456750-001-01-9,,,0.13043721,-3.21186
BR00117025,E05,U2OS,24,danusertib,compound,BRD-K07881437-001-03-8,poscon_diverse,"['growth factor receptor inhibitor', 'Aurora kinase inhibitor']",-1.3853922,8.565782
BR00117025,E06,U2OS,24,CYT-997,compound,BRD-K23363278-001-02-1,poscon_diverse,['tubulin polymerization inhibitor'],3.3848958,14.601274
BR00117025,E07,U2OS,24,DMSO,compound,,negcon,,0.8252546,-3.0968053
BR00117025,E08,U2OS,24,BQ-788,compound,BRD-K02490038-236-03-8,,['endothelin receptor antagonist'],0.067257755,-3.118297
BR00117025,E09,U2OS,24,SB-202190,compound,BRD-K54330070-001-19-6,poscon_orf,['p38 MAPK inhibitor'],6.3729367,-4.1980286
BR00117025,E10,U2OS,24,GSK2110183,compound,BRD-K25412176-001-01-9,poscon_diverse,,8.49604,-3.694443
BR00117025,E11,U2OS,24,GSK3787,compound,BRD-K03155172-001-03-0,,['PPAR receptor antagonist'],2.245507,-4.7423444
BR00117025,E12,U2OS,24,BAM7,compound,BRD-K07442505-001-03-6,,,0.58080494,-3.261171
BR00117025,E13,U2OS,24,PHA-793887,compound,BRD-K64800655-001-09-0,poscon_diverse,['CDK inhibitor'],-0.14067782,13.7324295
BR00117025,E14,U2OS,24,DMSO,compound,,negcon,,0.7224955,-3.4849443
BR00117025,E15,U2OS,24,GSK-37647,compound,BRD-K26514105-001-01-7,,['free fatty acid receptor agonist'],2.2868059,-5.299657
BR00117025,E16,U2OS,24,desonide,compound,BRD-K21528677-001-04-4,,['glucocorticoid receptor agonist'],3.5660284,-5.997755
BR00117025,E17,U2OS,24,DMSO,compound,,negcon,,0.52256334,-3.5540159
BR00117025,E18,U2OS,24,aloxistatin,compound,BRD-K91188791-001-17-5,,,5.1566267,6.5734053
BR00117025,E19,U2OS,24,azathioprine,compound,BRD-K32821942-001-22-1,,,5.184157,-6.6936836
BR00117025,E20,U2OS,24,ZK-93423,compound,BRD-K33882852-003-02-8,poscon_diverse,['benzodiazepine receptor agonist'],0.44630405,-2.5154605
BR00117025,E21,U2OS,24,BI-2536,compound,BRD-K64890080-001-02-1,poscon_diverse,,3.7964416,15.386779
BR00117025,E22,U2OS,24,EI1,compound,BRD-K91535048-001-01-2,poscon_cp,['histone lysine methyltransferase inhibitor'],0.96633446,-3.3685315
BR00117025,E23,U2OS,24,NVP-HSP990,compound,BRD-K67915505-001-01-2,,['HSP inhibitor'],-7.943754,13.297882
BR00117025,E24,U2OS,24,DMSO,compound,,negcon,,0.81371343,-3.5198047
BR00117025,F01,U2OS,24,DMSO,compound,,negcon,,1.2199136,-3.6402316
BR00117025,F02,U2OS,24,nialamide,compound,BRD-K12102668-001-25-5,,,0.46595576,-3.6548486
BR00117025,F03,U2OS,24,DMSO,compound,,negcon,,0.37668568,-3.7808545
BR00117025,F04,U2OS,24,arundic-acid,compound,BRD-K49223707-001-01-0,,,6.6938167,-6.945112
BR00117025,F05,U2OS,24,torcitabine,compound,BRD-K91822704-003-07-2,,,1.3010815,-5.0721693
BR00117025,F06,U2OS,24,DMSO,compound,,negcon,,1.1237797,-3.1604116
BR00117025,F07,U2OS,24,epothilone-b,compound,BRD-K68164687-001-01-6,,"['microtubule stabilizing agent', 'tubulin polymerization inhibitor']",2.9368174,13.885614
BR00117025,F08,U2OS,24,dyphylline,compound,BRD-A00827783-001-24-6,,['phosphodiesterase inhibitor'],1.5854149,-3.5774803
BR00117025,F09,U2OS,24,DMSO,compound,,negcon,,0.6993552,-3.3413713
BR00117025,F10,U2OS,24,quinidine,compound,BRD-K59632282-052-03-1,,['sodium channel blocker'],1.7717053,-5.2276177
BR00117025,F11,U2OS,24,halopemide,compound,BRD-K50055394-001-03-6,,,6.6607537,-2.4237392
BR00117025,F12,U2OS,24,sulfinpyrazone,compound,BRD-A36217750-001-16-3,,,1.9600856,-4.8354783
BR00117025,F13,U2OS,24,ML-323,compound,BRD-K93942811-001-01-3,poscon_cp,['ubiquitin specific protease inhibitor'],0.63077676,-2.8816538
BR00117025,F14,U2OS,24,racecadotril,compound,BRD-A08187463-001-12-9,,,1.3494984,-5.2431617
BR00117025,F15,U2OS,24,BRL-50481,compound,BRD-K84266862-001-03-2,,['phosphodiesterase inhibitor'],2.4763024,-5.503824
BR00117025,F16,U2OS,24,GSK2110183,compound,BRD-K25412176-001-01-9,poscon_diverse,,8.470505,-3.7191758
BR00117025,F17,U2OS,24,bufexamac,compound,BRD-K36660044-001-24-2,,['cyclooxygenase inhibitor'],2.6109176,-3.1565173
BR00117025,F18,U2OS,24,anandamide,compound,BRD-K42352790-001-05-3,,,0.5967691,-3.4908261
BR00117025,F19,U2OS,24,thioguanine,compound,BRD-K49350383-001-13-7,poscon_diverse,,-0.050590497,11.043246
BR00117025,F20,U2OS,24,IWP-L6,compound,BRD-K53234107-001-01-6,,['porcupine inhibitor'],2.1636043,-4.9974775
BR00117025,F21,U2OS,24,edoxaban,compound,BRD-K29322660-001-01-9,,['coagulation factor inhibitor'],1.6686746,-5.5920215
BR00117025,F22,U2OS,24,lonafarnib,compound,BRD-K41599323-001-02-3,poscon_diverse,,4.359603,11.927461
BR00117025,F23,U2OS,24,ibutamoren,compound,BRD-K44771174-066-01-0,,,2.0275507,-5.245278
BR00117025,F24,U2OS,24,somatostatin,compound,BRD-K14681867-001-01-6,,['somatostatin receptor agonist'],1.8869075,-4.229426
BR00117025,G01,U2OS,24,L-proline,compound,BRD-K01666412-001-02-0,,,0.6006228,-3.1013787
BR00117025,G02,U2OS,24,zamifenacin,compound,BRD-K80451230-051-02-6,,['acetylcholine receptor antagonist'],1.1320647,-3.28942
BR00117025,G03,U2OS,24,YC-1,compound,BRD-K60476892-001-16-1,,,-0.52867275,13.422362
BR00117025,G04,U2OS,24,DMSO,compound,,negcon,,0.73044133,-3.273499
BR00117025,G05,U2OS,24,ME-0328,compound,BRD-K24283677-001-01-9,,['PPAR receptor antagonist'],1.8544168,-5.4696784
BR00117025,G06,U2OS,24,NSC-663284,compound,BRD-K03109492-001-02-2,,['CDC inhibitor'],-0.34628376,16.474144
BR00117025,G07,U2OS,24,CYM-50358,compound,BRD-K80666802-003-01-0,,,2.097174,-5.2518606
BR00117025,G08,U2OS,24,trazodone,compound,BRD-K70778732-003-27-5,,"['adrenergic receptor antagonist', 'serotonin receptor antagonist']",1.5677699,-3.2778773
BR00117025,G09,U2OS,24,DMSO,compound,,negcon,,0.6145732,-2.9823046
BR00117025,G10,U2OS,24,DMSO,compound,,negcon,,0.63455594,-3.6165118
BR00117025,G11,U2OS,24,sulfasalazine,compound,BRD-K10670311-001-17-1,,['cyclooxygenase inhibitor'],1.8974692,-4.9423227
BR00117025,G12,U2OS,24,"2,5-furandimethanol",compound,BRD-K29791386-001-01-8,,,1.6154824,-4.66801
BR00117025,G13,U2OS,24,DMSO,compound,,negcon,,0.63610685,-3.158599
BR00117025,G14,U2OS,24,dilazep,compound,BRD-K48722258-300-11-0,,,1.4884194,-4.7563834
BR00117025,G15,U2OS,24,felodipine,compound,BRD-A30815329-001-12-1,,['calcium channel blocker'],1.8508854,-5.8402925
BR00117025,G16,U2OS,24,paliperidone,compound,BRD-A99888680-001-05-3,,"['dopamine receptor antagonist', 'serotonin receptor antagonist']",2.9431815,-6.6579857
BR00117025,G17,U2OS,24,purvalanol-a,compound,BRD-K50836978-001-03-3,poscon_orf,['CDK inhibitor'],0.0025812632,7.379322
BR00117025,G18,U2OS,24,DMSO,compound,,negcon,,0.6307123,-3.0049236
BR00117025,G19,U2OS,24,Ro-1138452,compound,BRD-K77220725-003-01-5,,['prostanoid receptor antagonist'],0.23370945,-2.8827667
BR00117025,G20,U2OS,24,sorbinil,compound,BRD-A89164055-001-03-3,,['aldose reductase inhibitor'],1.3246272,-5.43944
BR00117025,G21,U2OS,24,TC-S-7004,compound,BRD-K89517477-001-01-4,poscon_cp,['DYRK inhibitor'],5.3323836,-3.5137448
BR00117025,G22,U2OS,24,saclofen,compound,BRD-A24122750-001-03-7,,['GABA receptor antagonist'],1.902136,-4.651704
BR00117025,G23,U2OS,24,BAY-87-2243,compound,BRD-K70463136-001-01-5,,,3.9129195,-3.3069756
BR00117025,G24,U2OS,24,ibudilast,compound,BRD-K16444452-001-09-1,,['phosphodiesterase inhibitor'],1.2712178,-4.0736303
BR00117025,H01,U2OS,24,briciclib,compound,BRD-K05531427-001-01-7,,,3.4061978,14.602914
BR00117025,H02,U2OS,24,2-Oleoylglycerol,compound,BRD-K77087341-001-02-4,,,1.2125014,-3.4665153
BR00117025,H03,U2OS,24,RGFP966,compound,BRD-K61688984-001-02-9,poscon_cp,['HDAC inhibitor'],5.5858283,-1.5241021
BR00117025,H04,U2OS,24,DMSO,compound,,negcon,,0.6732456,-3.3426816
BR00117025,H05,U2OS,24,azacitidine,compound,BRD-K03406345-001-21-1,poscon_diverse,,5.125452,-3.2879078
BR00117025,H06,U2OS,24,N6-cyclopentyladenosine,compound,BRD-K60150510-001-15-6,,,1.3549352,-3.427467
BR00117025,H07,U2OS,24,filgotinib,compound,BRD-K16803204-001-01-6,poscon_cp,['JAK inhibitor'],1.3745499,-5.8142943
BR00117025,H08,U2OS,24,guanidine,compound,BRD-K76037122-001-02-5,,['HSP inhibitor'],3.0616186,-4.82186
BR00117025,H09,U2OS,24,coumarin,compound,BRD-K23913458-001-20-7,,,2.7152798,-6.656142
BR00117025,H10,U2OS,24,DMSO,compound,,negcon,,1.0135355,-4.4917164
BR00117025,H11,U2OS,24,ZM-336372,compound,BRD-K73789395-001-09-9,poscon_orf,['RAF inhibitor'],6.00811,-6.3844714
BR00117025,H12,U2OS,24,citric-acid,compound,BRD-K76792669-001-08-1,,['coagulation factor inhibitor'],1.8151515,-4.689406
BR00117025,H13,U2OS,24,DMSO,compound,,negcon,,1.0418239,-3.5423748
BR00117025,H14,U2OS,24,CCG-63802,compound,BRD-K26970495-001-02-7,,['G protein signaling inhibitor'],0.7669128,-3.0508845
BR00117025,H15,U2OS,24,ibutilide,compound,BRD-A74391928-051-03-9,,['potassium channel blocker'],-0.0042542187,-3.2620468
BR00117025,H16,U2OS,24,batimastat,compound,BRD-K82818427-001-04-8,,['matrix metalloprotease inhibitor'],4.87246,-2.8656707
BR00117025,H17,U2OS,24,DMSO,compound,,negcon,,0.8812658,-2.9405642
BR00117025,H18,U2OS,24,DMSO,compound,,negcon,,1.3976296,-5.4344625
BR00117025,H19,U2OS,24,UNC1999,compound,BRD-K26989966-001-04-3,poscon_cp,['histone lysine methyltransferase inhibitor'],1.4976228,15.389399
BR00117025,H20,U2OS,24,glutamine-(l),compound,BRD-K83896451-001-06-7,,,0.66055495,-3.200987
BR00117025,H21,U2OS,24,PD-98059,compound,BRD-K62810658-001-11-4,poscon_orf,,3.9128356,-5.0239005
BR00117025,H22,U2OS,24,enilconazole,compound,BRD-K01825690-065-01-9,,,1.0451516,-3.1532433
BR00117025,H23,U2OS,24,N-alpha-Methylhistamine-dihydrochloride,compound,BRD-K75390981-300-04-9,,['histamine receptor agonist'],1.7486209,-5.0363364
BR00117025,H24,U2OS,24,GK921,compound,BRD-K38272302-001-02-7,,,-1.4245555,14.1191025
BR00117025,I01,U2OS,24,nilvadipine,compound,BRD-A84687895-001-03-2,,['calcium channel blocker'],1.4938626,-4.6580105
BR00117025,I02,U2OS,24,DMSO,compound,,negcon,,0.9809382,-3.2106793
BR00117025,I03,U2OS,24,AC-710,compound,BRD-K15819326-001-01-6,,['PDGFR tyrosine kinase receptor inhibitor'],4.2418885,7.3379717
BR00117025,I04,U2OS,24,PETCM,compound,BRD-A93477898-001-04-2,,,0.16201991,-3.071495
BR00117025,I05,U2OS,24,AZD7762,compound,BRD-K86525559-001-07-8,poscon_diverse,['CHK inhibitor'],-0.107961245,15.501995
BR00117025,I06,U2OS,24,PHA-793887,compound,BRD-K64800655-001-09-0,poscon_diverse,['CDK inhibitor'],-0.1255762,13.711625
BR00117025,I07,U2OS,24,KU-60019,compound,BRD-K36016295-001-05-2,,['ATM kinase inhibitor'],-1.4810597,14.184705
BR00117025,I08,U2OS,24,nafamostat,compound,BRD-K06674495-334-04-0,,,4.801541,-3.2236168
BR00117025,I09,U2OS,24,DMSO,compound,,negcon,,0.26214778,-3.6506681
BR00117025,I10,U2OS,24,DMSO,compound,,negcon,,0.7132274,-3.2942662
BR00117025,I11,U2OS,24,taladegib,compound,BRD-K50498985-001-03-3,,['smoothened receptor antagonist'],1.6171765,-4.4344854
BR00117025,I12,U2OS,24,acetohexamide,compound,BRD-K52960356-001-13-0,,['ATP channel blocker'],1.8388813,-5.1750736
BR00117025,I13,U2OS,24,minocycline,compound,BRD-A69651145-003-11-4,,,4.849358,-3.3183844
BR00117025,I14,U2OS,24,BI-2536,compound,BRD-K64890080-001-02-1,poscon_diverse,,3.7953002,15.343423
BR00117025,I15,U2OS,24,riociguat,compound,BRD-K84783599-001-01-0,,,1.4680444,-4.6721625
BR00117025,I16,U2OS,24,CP-724714,compound,BRD-K76908866-001-07-6,poscon_cp,"['EGFR inhibitor', 'protein tyrosine kinase inhibitor']",0.49829128,-2.53836
BR00117025,I17,U2OS,24,ganetespib,compound,BRD-K38852836-001-04-9,poscon_diverse,['HSP inhibitor'],-7.933824,13.292579
BR00117025,I18,U2OS,24,AZ191,compound,BRD-K80935598-001-01-1,poscon_cp,['DYRK inhibitor'],5.2878203,7.415689
BR00117025,I19,U2OS,24,BAX-channel-blocker,compound,BRD-A18763547-300-06-3,,,4.3370132,7.3603153
BR00117025,I20,U2OS,24,SU3327,compound,BRD-K32730239-001-01-0,,['JNK inhibitor'],0.040455792,15.829487
BR00117025,I21,U2OS,24,DMSO,compound,,negcon,,1.0939925,-3.1540172
BR00117025,I22,U2OS,24,DMSO,compound,,negcon,,0.9903147,-3.086546
BR00117025,I23,U2OS,24,octreotide,compound,BRD-A64173453-015-03-1,,['somatostatin receptor agonist'],2.4296608,-5.045153
BR00117025,I24,U2OS,24,1-octanol,compound,BRD-K09338665-001-08-9,,,1.8442708,-4.837842
BR00117025,J01,U2OS,24,acalabrutinib,compound,BRD-K64034691-001-01-9,,"[""Bruton's tyrosine kinase (BTK) inhibitor""]",1.4971961,-5.140503
BR00117025,J02,U2OS,24,rifamycin,compound,BRD-K38512030-001-01-7,,,1.128289,-3.1713676
BR00117025,J03,U2OS,24,pazopanib,compound,BRD-K74514084-003-09-2,,"['KIT inhibitor', 'VEGFR inhibitor', 'PDGFR tyrosine kinase receptor inhibitor']",7.627014,-4.382269
BR00117025,J04,U2OS,24,RKI-1447,compound,BRD-K19333160-001-01-3,poscon_cp,,12.4204445,0.49460685
BR00117025,J05,U2OS,24,vitamin-E,compound,BRD-K97091514-001-11-4,,['PKC inhibitor'],1.9291238,-4.6416717
BR00117025,J06,U2OS,24,lonafarnib,compound,BRD-K41599323-001-02-3,poscon_diverse,,4.347243,11.927446
BR00117025,J07,U2OS,24,ethyl-pyruvate,compound,BRD-K47738867-001-01-5,,,1.7378185,-5.255612
BR00117025,J08,U2OS,24,picrotin,compound,BRD-A91822151-001-05-0,,['GABA receptor antagonist'],1.1675861,-3.6065354
BR00117025,J09,U2OS,24,SGX523,compound,BRD-K19477839-001-07-6,poscon_cp,,0.25951555,-3.8501458
BR00117025,J10,U2OS,24,PP-2,compound,BRD-K95785537-001-22-3,,['src inhibitor'],2.3210032,10.658966
BR00117025,J11,U2OS,24,ME-0328,compound,BRD-A63444178-001-01-5,,['PPAR receptor antagonist'],1.5864279,-4.017617
BR00117025,J12,U2OS,24,AZD9668,compound,BRD-K31476763-001-01-5,,['elastase inhibitor'],1.5828395,-5.483696
BR00117025,J13,U2OS,24,NQDI-1,compound,BRD-K61918008-001-07-1,,,1.8452673,-5.715566
BR00117025,J14,U2OS,24,DMSO,compound,,negcon,,1.1727208,-3.8920958
BR00117025,J15,U2OS,24,carzenide,compound,BRD-K09295674-001-09-8,,,1.2517658,-5.863237
BR00117025,J16,U2OS,24,KU-55933,compound,BRD-K25311561-001-10-7,,['ATM kinase inhibitor'],1.874462,-7.39573
BR00117025,J17,U2OS,24,NVP-AEW541,compound,BRD-K24696047-001-02-3,poscon_cp,['IGF-1 inhibitor'],4.8564134,6.6071043
BR00117025,J18,U2OS,24,leflunomide,compound,BRD-K78692225-001-24-5,,['PDGFR tyrosine kinase receptor inhibitor'],2.3281357,-5.264687
BR00117025,J19,U2OS,24,DMSO,compound,,negcon,,0.3828714,-3.0911283
BR00117025,J20,U2OS,24,azacitidine,compound,BRD-K03406345-001-21-1,poscon_diverse,,5.1569242,-3.3236644
BR00117025,J21,U2OS,24,ixabepilone,compound,BRD-K03601870-001-01-2,,['microtubule stabilizing agent'],3.2978237,14.597613
BR00117025,J22,U2OS,24,KH-CB19,compound,BRD-K66430217-001-03-8,poscon_cp,['CDC inhibitor'],-0.029598681,-3.0840678
BR00117025,J23,U2OS,24,DMSO,compound,,negcon,,0.5921093,-3.1675754
BR00117025,J24,U2OS,24,PF-05190457,compound,BRD-K02554563-001-01-6,,,1.7034528,-4.424995
BR00117025,K01,U2OS,24,LDN-212854,compound,BRD-K59831625-001-03-9,,,0.4023646,15.979639
BR00117025,K02,U2OS,24,formononetin,compound,BRD-K55567017-001-12-3,,['alcohol dehydrogenase inhibitor'],2.0135624,-4.404863
BR00117025,K03,U2OS,24,aminopurvalanol-a,compound,BRD-K07762753-001-05-1,poscon_orf,['CDK inhibitor'],-0.024895964,7.4182086
BR00117025,K04,U2OS,24,ruxolitinib,compound,BRD-K53972329-001-01-3,poscon_cp,['JAK inhibitor'],3.0456796,-5.2897105
BR00117025,K05,U2OS,24,DMSO,compound,,negcon,,0.72421986,-3.0162113
BR00117025,K06,U2OS,24,DMSO,compound,,negcon,,1.1290119,-3.2720184
BR00117025,K07,U2OS,24,LGK-974,compound,BRD-K16810791-001-01-0,,['porcupine inhibitor'],2.4370735,-4.8612113
BR00117025,K08,U2OS,24,polydatin,compound,BRD-K43236057-001-07-1,,['ICAM1 expression inhibitor'],3.6680627,11.8436365
BR00117025,K09,U2OS,24,enflurane,compound,BRD-A51831848-001-01-7,,,2.2592738,-5.102565
BR00117025,K10,U2OS,24,PFI-1,compound,BRD-K13094524-001-04-2,poscon_cp,,0.2604459,-3.064545
BR00117025,K11,U2OS,24,AZD7762,compound,BRD-K86525559-001-07-8,poscon_diverse,['CHK inhibitor'],-0.15568914,15.546038
BR00117025,K12,U2OS,24,sotrastaurin,compound,BRD-K16761703-001-03-8,,['PKC inhibitor'],6.472151,-4.3505793
BR00117025,K13,U2OS,24,DMSO,compound,,negcon,,2.1342616,-4.6732016
BR00117025,K14,U2OS,24,cycloheximide,compound,BRD-K36055864-001-20-0,,['protein synthesis inhibitor'],-0.8162781,13.06269
BR00117025,K15,U2OS,24,oxytocin,compound,BRD-K25243230-001-01-2,,,1.3828022,-5.5461416
BR00117025,K16,U2OS,24,DMSO,compound,,negcon,,0.8495092,-2.9469957
BR00117025,K17,U2OS,24,colchicine,compound,BRD-K00259736-001-16-4,,,3.391747,14.587962
BR00117025,K18,U2OS,24,afimoxifene,compound,BRD-K04210847-001-21-9,,,-0.11383264,-3.1371853
BR00117025,K19,U2OS,24,DMSO,compound,,negcon,,0.6895377,-3.0947752
BR00117025,K20,U2OS,24,ZK-93423,compound,BRD-K33882852-003-02-8,poscon_diverse,['benzodiazepine receptor agonist'],0.19504498,-2.6001375
BR00117025,K21,U2OS,24,RGB-286638,compound,BRD-K20986415-001-02-6,,['CDK inhibitor'],-1.5933748,13.9368305
BR00117025,K22,U2OS,24,FPS-ZM1,compound,BRD-K87691185-001-01-2,,['RAGE receptor antagonist'],1.9319911,-4.904084
BR00117025,K23,U2OS,24,flindokalner,compound,BRD-K56740996-001-02-1,,,2.2323334,-5.099964
BR00117025,K24,U2OS,24,motesanib,compound,BRD-K99616396-316-05-3,,"['KIT inhibitor', 'VEGFR inhibitor', 'PDGFR tyrosine kinase receptor inhibitor']",2.3782644,-4.8630795
BR00117025,L01,U2OS,24,geldanamycin,compound,BRD-K43570081-001-02-4,,['HSP inhibitor'],-7.9431343,13.297642
BR00117025,L02,U2OS,24,DMSO,compound,,negcon,,1.5710477,-3.9639466
BR00117025,L03,U2OS,24,CGP-53353,compound,BRD-K32292990-001-03-6,,"['PKC inhibitor', 'EGFR inhibitor']",1.3021251,-3.2493954
BR00117025,L04,U2OS,24,7-hydroxystaurosporine,compound,BRD-K45293975-001-02-0,,"['CDK inhibitor', 'PKC inhibitor', 'CHK inhibitor']",0.05133217,15.055298
BR00117025,L05,U2OS,24,DMSO,compound,,negcon,,0.83005816,-3.4647527
BR00117025,L06,U2OS,24,DMSO,compound,,negcon,,0.83233577,-3.2756557
BR00117025,L07,U2OS,24,efaproxiral,compound,BRD-K37355418-236-01-6,,,1.8691403,-5.123523
BR00117025,L08,U2OS,24,SB-203580,compound,BRD-A37704979-001-12-3,poscon_orf,['p38 MAPK inhibitor'],6.6789784,-4.097936
BR00117025,L09,U2OS,24,FK-866,compound,BRD-K58550667-001-08-7,poscon_diverse,,2.146214,-4.0472503
BR00117025,L10,U2OS,24,bepridil,compound,BRD-A91008255-003-24-8,,['calcium channel blocker'],1.8482417,-6.103722
BR00117025,L11,U2OS,24,delanzomib,compound,BRD-K59325863-001-04-4,,,0.18385535,15.376411
BR00117025,L12,U2OS,24,buparlisib,compound,BRD-K42191735-001-08-7,poscon_diverse,,3.099607,14.818609
BR00117025,L13,U2OS,24,phenylbutazone,compound,BRD-K10843433-001-23-5,,"['cyclooxygenase inhibitor', 'prostanoid receptor antagonist']",1.2142149,-3.350507
BR00117025,L14,U2OS,24,deferasirox,compound,BRD-K97010173-001-04-1,,,-1.845515,7.3499713
BR00117025,L15,U2OS,24,DMSO,compound,,negcon,,0.9970208,-3.2826173
BR00117025,L16,U2OS,24,cediranib,compound,BRD-K86930074-001-05-0,,"['KIT inhibitor', 'VEGFR inhibitor']",5.487895,7.264076
BR00117025,L17,U2OS,24,isoflurane,compound,BRD-A31564021-001-02-6,,,0.8500188,-2.9641795
BR00117025,L18,U2OS,24,DMSO,compound,,negcon,,0.9694617,-3.135329
BR00117025,L19,U2OS,24,CCG-50014,compound,BRD-K08893438-001-06-4,,['G protein signaling inhibitor'],0.39460474,-3.2307026
BR00117025,L20,U2OS,24,PF-431396,compound,BRD-K93788137-001-04-1,,,-1.4281499,8.679237
BR00117025,L21,U2OS,24,TG-02,compound,BRD-K14560436-001-01-4,,"['CDK inhibitor', 'FLT3 inhibitor', 'JAK inhibitor']",-0.10498939,13.759736
BR00117025,L22,U2OS,24,baclofen,compound,BRD-K01826724-003-07-9,,['benzodiazepine receptor agonist'],0.58858925,-3.551317
BR00117025,L23,U2OS,24,thiostrepton,compound,BRD-A20697603-001-07-2,,['protein synthesis inhibitor'],5.2795615,-1.5338117
BR00117025,L24,U2OS,24,flufenamic-acid,compound,BRD-K44067360-001-29-5,,,0.3566613,-3.9679143
BR00117025,M01,U2OS,24,DMSO,compound,,negcon,,0.51268876,-3.6222987
BR00117025,M02,U2OS,24,LY2109761,compound,BRD-K47557313-001-02-7,,,7.409043,-9.199156
BR00117025,M03,U2OS,24,olopatadine,compound,BRD-K67637637-003-11-8,,['histamine receptor antagonist'],3.1491995,-5.2846427
BR00117025,M04,U2OS,24,DMSO,compound,,negcon,,1.7353749,-4.1524224
BR00117025,M05,U2OS,24,castanospermine,compound,BRD-K20897876-001-11-8,,['glucosidase inhibitor'],1.433761,-5.0372376
BR00117025,M06,U2OS,24,A205804,compound,BRD-K77627880-001-04-0,,['ICAM1 expression inhibitor'],3.9415617,-8.056534
BR00117025,M07,U2OS,24,VU591,compound,BRD-K72063794-003-01-0,,['potassium channel blocker'],2.3526695,-4.7794824
BR00117025,M08,U2OS,24,dalbavancin,compound,BRD-K30177383-001-01-0,,['bacterial cell wall synthesis inhibitor'],1.7053465,-5.6185794
BR00117025,M09,U2OS,24,CC-401,compound,BRD-K45746021-003-01-9,,['JNK inhibitor'],2.0655634,-6.487611
BR00117025,M10,U2OS,24,ganetespib,compound,BRD-K38852836-001-04-9,poscon_diverse,['HSP inhibitor'],-7.941454,13.2965975
BR00117025,M11,U2OS,24,ingenol-mebutate,compound,BRD-K93779381-001-01-9,,,6.1619263,-5.0616517
BR00117025,M12,U2OS,24,menadione,compound,BRD-K78126613-001-27-7,,,5.0057817,-2.2509546
BR00117025,M13,U2OS,24,cetilistat,compound,BRD-K94863486-001-02-2,,,2.2133179,-5.1511984
BR00117025,M14,U2OS,24,methoxsalen,compound,BRD-K63430059-001-16-4,,['DNA synthesis inhibitor'],2.4862204,-5.4719763
BR00117025,M15,U2OS,24,cyclosporine,compound,BRD-K13533483-001-16-2,,,5.4053807,1.0661436
BR00117025,M16,U2OS,24,NSC-632839,compound,BRD-K81197548-003-01-4,poscon_cp,['ubiquitin specific protease inhibitor'],0.08691415,15.396084
BR00117025,M17,U2OS,24,DMSO,compound,,negcon,,1.0223585,-2.942096
BR00117025,M18,U2OS,24,TG-003,compound,BRD-K97072811-001-11-4,poscon_cp,,1.412614,-4.208911
BR00117025,M19,U2OS,24,oxibendazole,compound,BRD-K52075715-001-06-7,,['tubulin polymerization inhibitor'],3.365712,14.56884
BR00117025,M20,U2OS,24,TG-101348,compound,BRD-K12502280-001-11-4,poscon_cp,"['JAK inhibitor', 'FLT3 inhibitor']",1.5444515,15.414601
BR00117025,M21,U2OS,24,miglitol,compound,BRD-A63310107-001-04-8,,['glucosidase inhibitor'],3.7379513,-7.0019817
BR00117025,M22,U2OS,24,DMSO,compound,,negcon,,1.1228062,-3.3506215
BR00117025,M23,U2OS,24,DMSO,compound,,negcon,,1.1873436,-3.6763806
BR00117025,M24,U2OS,24,tranilast,compound,BRD-K17849083-001-32-9,,,0.7777603,-3.7355263
BR00117025,N01,U2OS,24,4-methylhistamine,compound,BRD-K70821460-300-02-4,,['histamine receptor agonist'],0.8009235,-3.0630572
BR00117025,N02,U2OS,24,LDN-27219,compound,BRD-K51485109-001-01-4,,,0.98694515,-3.461537
BR00117025,N03,U2OS,24,anisomycin,compound,BRD-K91370081-001-25-1,,['DNA synthesis inhibitor'],0.030429572,14.858685
BR00117025,N04,U2OS,24,thioguanine,compound,BRD-K49350383-001-13-7,poscon_diverse,,-0.05084552,11.036478
BR00117025,N05,U2OS,24,droxinostat,compound,BRD-K11558771-001-13-9,,['HDAC inhibitor'],2.7642365,-3.1065657
BR00117025,N06,U2OS,24,UNC2025,compound,BRD-K91283740-003-01-6,poscon_cp,['FLT3 inhibitor'],2.0965037,12.229073
BR00117025,N07,U2OS,24,DMSO,compound,,negcon,,0.9468754,-3.0654
BR00117025,N08,U2OS,24,DMSO,compound,,negcon,,0.56445116,-3.0605521
BR00117025,N09,U2OS,24,AMG900,compound,BRD-K21728777-001-02-3,poscon_cp,['Aurora kinase inhibitor'],-1.410978,8.67135
BR00117025,N10,U2OS,24,PF-06463922,compound,BRD-A23124853-001-01-4,,['ALK tyrosine kinase receptor inhibitor'],6.8467245,-5.422648
BR00117025,N11,U2OS,24,orantinib,compound,BRD-K55966568-001-09-6,poscon_cp,"['FGFR inhibitor', 'PDGFR tyrosine kinase receptor inhibitor', 'VEGFR inhibitor']",1.6149768,-5.745619
BR00117025,N12,U2OS,24,fludarabine-phosphate,compound,BRD-K71106091-001-09-5,,['ribonucleotide reductase inhibitor'],-1.6526058,7.635052
BR00117025,N13,U2OS,24,ceritinib,compound,BRD-K22149900-001-06-2,,['ALK tyrosine kinase receptor inhibitor'],6.14721,-5.538216
BR00117025,N14,U2OS,24,NVS-PAK1-1,compound,BRD-K28132190-001-02-0,poscon_cp,['p21 activated kinase inhibitor'],2.3289328,10.059855
BR00117025,N15,U2OS,24,homoharringtonine,compound,BRD-K76674262-001-03-3,,['protein synthesis inhibitor'],-0.014051482,14.766812
BR00117025,N16,U2OS,24,picrotoxinin,compound,BRD-K36461289-001-05-8,,['GABA receptor antagonist'],1.2916638,-4.25501
BR00117025,N17,U2OS,24,DMSO,compound,,negcon,,1.3435133,-3.344477
BR00117025,N18,U2OS,24,danusertib,compound,BRD-K07881437-001-03-8,poscon_diverse,"['growth factor receptor inhibitor', 'Aurora kinase inhibitor']",-1.4175146,8.645988
BR00117025,N19,U2OS,24,romidepsin,compound,BRD-K61397605-001-01-8,poscon_cp,['HDAC inhibitor'],1.1258721,15.476105
BR00117025,N20,U2OS,24,FERb-033,compound,BRD-K61642990-001-01-0,poscon_cp,['EGFR inhibitor'],1.1300888,-3.095686
BR00117025,N21,U2OS,24,PF-03758309,compound,BRD-K37764012-001-03-3,poscon_diverse,['p21 activated kinase inhibitor'],-0.20936519,13.743542
BR00117025,N22,U2OS,24,DMSO,compound,,negcon,,0.7623793,-3.0630515
BR00117025,N23,U2OS,24,trometamol,compound,BRD-K47978074-001-03-2,,,1.9045426,-4.579426
BR00117025,N24,U2OS,24,simvastatin,compound,BRD-K22134346-001-22-3,,['HMGCR inhibitor'],2.2841208,10.173398
BR00117025,O01,U2OS,24,zaprinast,compound,BRD-K16542329-001-16-8,,['phosphodiesterase inhibitor'],3.7789767,-4.360386
BR00117025,O02,U2OS,24,dexamethasone,compound,BRD-A10188456-001-04-9,,['glucocorticoid receptor agonist'],1.9858774,-6.2810283
BR00117025,O03,U2OS,24,salicylic-acid,compound,BRD-K93632104-001-17-2,,['cyclooxygenase inhibitor'],1.5381705,-4.095442
BR00117025,O04,U2OS,24,diltiazem,compound,BRD-A69636825-003-04-7,,['calcium channel blocker'],1.4118209,-3.882986
BR00117025,O05,U2OS,24,phenolphthalein,compound,BRD-K19227686-001-18-6,,,1.5641642,-4.2280536
BR00117025,O06,U2OS,24,niflumic-acid,compound,BRD-K98763141-001-30-8,,['cyclooxygenase inhibitor'],0.75857997,-3.0133557
BR00117025,O07,U2OS,24,DMSO,compound,,negcon,,0.862905,-3.0956054
BR00117025,O08,U2OS,24,L-Cystine,compound,BRD-A15397381-001-02-5,,,1.371679,-3.7161672
BR00117025,O09,U2OS,24,ozanimod,compound,BRD-K46625559-001-01-8,,['sphingosine 1 phosphate receptor agonist'],3.1419184,-4.3718038
BR00117025,O10,U2OS,24,efaroxan,compound,BRD-A10739734-003-09-8,,['adrenergic receptor antagonist'],2.8595238,-4.8889613
BR00117025,O11,U2OS,24,NBQX,compound,BRD-K11796549-001-05-2,,['glutamate receptor antagonist'],1.6316075,-5.771274
BR00117025,O12,U2OS,24,dinoprostone,compound,BRD-K26521938-001-07-2,,['prostanoid receptor agonist'],2.0010085,-5.023559
BR00117025,O13,U2OS,24,Ro-20-1724,compound,BRD-A07207424-001-14-0,,['phosphodiesterase inhibitor'],1.020358,-3.2760577
BR00117025,O14,U2OS,24,xanomeline,compound,BRD-K72815923-034-02-0,,['acetylcholine receptor agonist'],1.6398349,-4.550251
BR00117025,O15,U2OS,24,terazosin,compound,BRD-K01825589-310-02-9,,['adrenergic receptor antagonist'],0.3801204,-3.939568
BR00117025,O16,U2OS,24,BVT-948,compound,BRD-K68567222-001-01-2,,,-1.2914006,13.5775385
BR00117025,O17,U2OS,24,nicotine,compound,BRD-K01825660-322-01-9,,['acetylcholine receptor agonist'],1.629824,-4.685605
BR00117025,O18,U2OS,24,DMSO,compound,,negcon,,0.6610106,-3.0670238
BR00117025,O19,U2OS,24,U-0521,compound,BRD-K08953028-001-09-6,,,3.0048492,-4.897642
BR00117025,O20,U2OS,24,BMS-587101,compound,BRD-K20093108-001-02-3,,,1.6171353,-5.033636
BR00117025,O21,U2OS,24,nimodipine,compound,BRD-A58048407-001-20-4,,['calcium channel blocker'],2.0159268,-5.074007
BR00117025,O22,U2OS,24,pyrrolidine-dithiocarbamate,compound,BRD-K80970344-201-08-6,,,0.29767928,14.634167
BR00117025,O23,U2OS,24,PF-915275,compound,BRD-K18289362-001-02-2,,,1.4703803,-5.795302
BR00117025,O24,U2OS,24,JTE-013,compound,BRD-K43330982-001-02-3,,,2.7013593,-4.1487284
BR00117025,P01,U2OS,24,sodium-butyrate,compound,BRD-K05878375-236-05-7,,['HDAC inhibitor'],3.9551837,-4.0576572
BR00117025,P02,U2OS,24,pentostatin,compound,BRD-K91543828-001-02-0,,['ribonucleotide reductase inhibitor'],3.8396025,-4.1863384
BR00117025,P03,U2OS,24,OMDM-2,compound,BRD-K48830578-001-01-9,,,2.779205,-5.648352
BR00117025,P04,U2OS,24,nalmefene,compound,BRD-A72767275-003-01-6,,,0.84961975,-3.411263
BR00117025,P05,U2OS,24,DMSO,compound,,negcon,,0.97650075,-3.5710933
BR00117025,P06,U2OS,24,1-EBIO,compound,BRD-K70586315-001-02-4,,,0.86225545,-3.1816516
BR00117025,P07,U2OS,24,SB-505124,compound,BRD-K40109029-001-02-9,,['ALK tyrosine kinase receptor inhibitor'],5.112625,-2.0548916
BR00117025,P08,U2OS,24,prasugrel,compound,BRD-A83029242-001-06-1,,['purinergic receptor antagonist'],1.5780846,-5.42342
BR00117025,P09,U2OS,24,pidolic-acid,compound,BRD-K57313110-001-06-8,,,1.889713,-5.4158134
BR00117025,P10,U2OS,24,DMSO,compound,,negcon,,0.7254017,-3.5235398
BR00117025,P11,U2OS,24,nevirapine,compound,BRD-K15502390-001-20-9,,,0.9541952,-3.4152906
BR00117025,P12,U2OS,24,triamterene,compound,BRD-K92049597-001-20-8,,['sodium channel blocker'],1.1612697,-4.213055
BR00117025,P13,U2OS,24,regorafenib,compound,BRD-K16730910-001-07-3,,"['PDGFR tyrosine kinase receptor inhibitor', 'RAF inhibitor', 'KIT inhibitor', 'RET tyrosine kinase inhibitor', 'FGFR inhibitor', 'VEGFR inhibitor']",5.5572896,-5.3029566
BR00117025,P14,U2OS,24,cyclophosphamide,compound,BRD-A09722536-002-18-0,,,1.9312564,-4.579163
BR00117025,P15,U2OS,24,olanzapine,compound,BRD-K18895904-001-16-1,,"['dopamine receptor antagonist', 'serotonin receptor antagonist']",1.9956341,-4.8174157
BR00117025,P16,U2OS,24,KI-16425,compound,BRD-A25569250-001-03-3,,['lysophosphatidic acid receptor antagonist'],1.7175266,-5.0004478
BR00117025,P17,U2OS,24,SKLB1002,compound,BRD-K29895144-001-01-0,,['VEGFR inhibitor'],3.4350014,-3.7675993
BR00117025,P18,U2OS,24,cilostazol,compound,BRD-K67017579-001-28-1,,['phosphodiesterase inhibitor'],0.40734485,-3.6757803
BR00117025,P19,U2OS,24,AZD1283,compound,BRD-K77060810-001-01-5,,['purinergic receptor antagonist'],3.4869082,-4.955924
BR00117025,P20,U2OS,24,A-987306,compound,BRD-K68982262-001-01-4,,['histamine receptor antagonist'],4.9871697,5.981052
BR00117025,P21,U2OS,24,procaine,compound,BRD-K24616672-003-20-1,,['HMGCR inhibitor'],0.73323965,-3.899025
BR00117025,P22,U2OS,24,miconazole,compound,BRD-A82396632-008-30-8,,['bacterial cell wall synthesis inhibitor'],1.7648134,-5.4798446
BR00117025,P23,U2OS,24,loperamide,compound,BRD-K61250553-003-30-6,,,3.2982073,-4.5766296
BR00117025,P24,U2OS,24,aripiprazole,compound,BRD-K70358946-001-17-3,,['serotonin receptor antagonist'],3.0725396,-3.7211633
BR00117026,A01,U2OS,24,gabapentin-enacarbil,compound,BRD-A86665761-001-01-1,,,3.9394436,-4.0642843
BR00117026,A02,U2OS,24,DMSO,compound,,negcon,,0.8599954,-3.854052
BR00117026,A03,U2OS,24,amlodipine,compound,BRD-A22032524-074-09-9,,['calcium channel blocker'],4.721583,6.608357
BR00117026,A04,U2OS,24,hexestrol,compound,BRD-A01078468-001-14-8,,,1.1885148,-3.3299859
BR00117026,A05,U2OS,24,quinine,compound,BRD-K48278478-001-01-2,,,0.9834001,-3.6456778
BR00117026,A06,U2OS,24,LOXO-101,compound,BRD-K36574127-001-01-3,,,1.1783428,-3.1181824
BR00117026,A07,U2OS,24,brinzolamide,compound,BRD-K74913225-001-14-0,,['carbonic anhydrase inhibitor'],0.87592363,-3.6363852
BR00117026,A08,U2OS,24,NS-11021,compound,BRD-K94342292-001-01-3,,['calcium-activated potassium channel activator'],5.2296987,0.8117268
BR00117026,A09,U2OS,24,DMSO,compound,,negcon,,0.41768894,-3.9954712
BR00117026,A10,U2OS,24,GNF-5837,compound,BRD-K19975102-001-01-2,,['growth factor receptor inhibitor'],4.260616,-3.5089107
BR00117026,A11,U2OS,24,apatinib,compound,BRD-K25244359-066-02-6,,['RET tyrosine kinase inhibitor'],2.800493,-6.257243
BR00117026,A12,U2OS,24,ethoxzolamide,compound,BRD-K18131774-001-18-4,,['carbonic anhydrase inhibitor'],0.6549539,-3.6530247
BR00117026,A13,U2OS,24,ascorbic-acid,compound,BRD-A85242401-001-11-5,,,0.7418515,-4.8573747
BR00117026,A14,U2OS,24,ryuvidine,compound,BRD-K06426971-001-02-7,,['histone lysine methyltransferase inhibitor'],-0.32928526,16.452778
BR00117026,A15,U2OS,24,BAN-ORL-24,compound,BRD-K47049295-300-03-1,,,3.150755,11.831375
BR00117026,A16,U2OS,24,NNC-55-0396,compound,BRD-K78122587-300-04-3,,,4.5741673,6.8441687
BR00117026,A17,U2OS,24,DMSO,compound,,negcon,,0.44734403,-4.0054307
BR00117026,A18,U2OS,24,WH-4-023,compound,BRD-K50199947-001-03-4,,['src inhibitor'],2.3730648,11.097329
BR00117026,A19,U2OS,24,flupirtine,compound,BRD-K50720187-051-03-1,,['glutamate receptor antagonist'],2.286122,-4.8737693
BR00117026,A20,U2OS,24,ZK811752,compound,BRD-K91825936-001-03-9,,,0.7904669,-3.56473
BR00117026,A21,U2OS,24,dexamethasone,compound,BRD-K38775274-001-22-1,,['glucocorticoid receptor agonist'],5.2456126,-6.5067596
BR00117026,A22,U2OS,24,PP-1,compound,BRD-K47598052-001-14-1,,['src inhibitor'],2.315324,10.637543
BR00117026,A23,U2OS,24,DDR1-IN-1,compound,BRD-K61845293-300-01-9,,,4.8867264,6.0775447
BR00117026,A24,U2OS,24,AVL-292,compound,BRD-K87782578-001-01-4,,"[""Bruton's tyrosine kinase (BTK) inhibitor""]",1.9413769,11.492303
BR00117026,B01,U2OS,24,H2L-5765834,compound,BRD-K26439554-001-01-3,,['lysophosphatidic acid receptor antagonist'],3.5517087,-5.1599965
BR00117026,B02,U2OS,24,thiostrepton,compound,BRD-K58049875-001-03-9,,['protein synthesis inhibitor'],0.2038813,15.342977
BR00117026,B03,U2OS,24,DMSO,compound,,negcon,,0.66471314,-3.8160863
BR00117026,B04,U2OS,24,arcyriaflavin-a,compound,BRD-K72726508-001-02-1,,['CDK inhibitor'],1.1060573,11.320391
BR00117026,B05,U2OS,24,CYM-5520,compound,BRD-K29151923-001-01-5,,['sphingosine 1 phosphate receptor agonist'],1.1928833,-3.3137317
BR00117026,B06,U2OS,24,fludarabine,compound,BRD-K66788707-001-14-3,,['ribonucleotide reductase inhibitor'],-1.7445245,7.521653
BR00117026,B07,U2OS,24,alda-1,compound,BRD-K06890060-001-09-1,,,1.3453218,-5.174497
BR00117026,B08,U2OS,24,meclofenamic-acid,compound,BRD-K50398167-236-22-7,,"['cyclooxygenase inhibitor', 'prostanoid receptor antagonist']",1.2826161,-3.5214303
BR00117026,B09,U2OS,24,GNF-5,compound,BRD-K87632963-001-03-0,,['Bcr-Abl kinase inhibitor'],4.281166,-5.0929976
BR00117026,B10,U2OS,24,NS-309,compound,BRD-K37602296-001-01-6,,['calcium-activated potassium channel activator'],3.1961722,-6.6332173
BR00117026,B11,U2OS,24,AK-7,compound,BRD-K09143580-001-01-0,,['SIRT inhibitor'],4.9985294,-4.5346117
BR00117026,B12,U2OS,24,BVT-948,compound,BRD-A22713669-001-04-3,,,-1.3217559,13.646069
BR00117026,B13,U2OS,24,SirReal-2,compound,BRD-K16472653-001-01-6,,['SIRT inhibitor'],1.8169978,-5.2494593
BR00117026,B14,U2OS,24,DMSO,compound,,negcon,,0.6229074,-3.9446962
BR00117026,B15,U2OS,24,BMS-536924,compound,BRD-K34581968-001-05-3,,['IGF-1 inhibitor'],1.9919914,11.358058
BR00117026,B16,U2OS,24,PP-121,compound,BRD-K81801188-001-02-8,,['protein tyrosine kinase inhibitor'],1.9795094,11.591133
BR00117026,B17,U2OS,24,MCOPPB,compound,BRD-K73276278-305-01-1,,,5.238458,7.073698
BR00117026,B18,U2OS,24,ozagrel,compound,BRD-K53061490-003-13-9,,,1.5867463,-5.1557803
BR00117026,B19,U2OS,24,CYM-5442,compound,BRD-A43005764-003-01-5,,['sphingosine 1 phosphate receptor agonist'],4.762714,6.589536
BR00117026,B20,U2OS,24,CVT-10216,compound,BRD-K60659193-001-01-0,,,2.0179174,-4.715343
BR00117026,B21,U2OS,24,TCN201,compound,BRD-K09787262-001-02-7,,['glutamate receptor antagonist'],1.3232539,-3.6708305
BR00117026,B22,U2OS,24,fomepizole,compound,BRD-K56810756-003-07-7,,['alcohol dehydrogenase inhibitor'],2.227041,-4.8036323
BR00117026,B23,U2OS,24,benzamil,compound,BRD-K87158025-003-08-7,,['sodium channel blocker'],1.5750502,-5.640424
BR00117026,B24,U2OS,24,lercanidipine,compound,BRD-A18992208-003-02-7,,['calcium channel blocker'],2.7476232,-4.3652368
BR00117026,C01,U2OS,24,4-CMTB,compound,BRD-A54139254-001-09-2,,['free fatty acid receptor agonist'],0.28151,-3.0450997
BR00117026,C02,U2OS,24,ML-228,compound,BRD-K44432556-001-05-5,,,1.102965,-3.4764953
BR00117026,C03,U2OS,24,DMSO,compound,,negcon,,0.55012256,-4.055187
BR00117026,C04,U2OS,24,GSK1070916,compound,BRD-K36740062-001-06-6,,['Aurora kinase inhibitor'],2.1411605,12.3277645
BR00117026,C05,U2OS,24,ML-193,compound,BRD-K27539181-001-08-5,,,1.8838105,-4.618955
BR00117026,C06,U2OS,24,DMSO,compound,,negcon,,0.97804296,-3.3558311
BR00117026,C07,U2OS,24,M-25,compound,BRD-K51265828-001-01-0,,['smoothened receptor antagonist'],1.4760041,-4.5704627
BR00117026,C08,U2OS,24,azeliragon,compound,BRD-K51899933-001-02-6,,['RAGE receptor antagonist'],4.316181,7.3448443
BR00117026,C09,U2OS,24,CYT-997,compound,BRD-K23363278-001-02-1,poscon_diverse,['tubulin polymerization inhibitor'],3.4036148,14.5789585
BR00117026,C10,U2OS,24,AR-12,compound,BRD-K90497590-001-05-9,,,-0.06722508,16.400541
BR00117026,C11,U2OS,24,CYM-50260,compound,BRD-K69877120-001-01-7,,['sphingosine 1 phosphate receptor agonist'],0.41709337,-2.8915777
BR00117026,C12,U2OS,24,DMSO,compound,,negcon,,0.89198285,-3.987932
BR00117026,C13,U2OS,24,KG-5,compound,BRD-K90747162-001-01-4,poscon_cp,['RAF inhibitor'],3.2638822,14.478056
BR00117026,C14,U2OS,24,JTE-607,compound,BRD-K81405859-300-01-4,,,-1.5737725,7.7222652
BR00117026,C15,U2OS,24,DMSO,compound,,negcon,,0.75648755,-4.0510297
BR00117026,C16,U2OS,24,ilomastat,compound,BRD-K51662849-001-05-4,,['matrix metalloprotease inhibitor'],2.7245154,-4.727941
BR00117026,C17,U2OS,24,RX-821002,compound,BRD-A65597028-003-08-1,,['adrenergic receptor antagonist'],4.6238794,-5.534984
BR00117026,C18,U2OS,24,DMSO,compound,,negcon,,0.5574536,-3.8018703
BR00117026,C19,U2OS,24,TUG-891,compound,BRD-K24282351-001-01-4,,['free fatty acid receptor agonist'],3.5053213,-4.7204356
BR00117026,C20,U2OS,24,ponatinib,compound,BRD-K44227013-001-08-0,,"['PDGFR tyrosine kinase receptor inhibitor', 'FLT3 inhibitor', 'Bcr-Abl kinase inhibitor']",-0.13229707,15.53627
BR00117026,C21,U2OS,24,DMSO,compound,,negcon,,0.84684694,-3.9913397
BR00117026,C22,U2OS,24,puromycin,compound,BRD-K01824976-300-02-9,,['protein synthesis inhibitor'],0.29728764,15.251475
BR00117026,C23,U2OS,24,SRC-kinase-inhibitor-I,compound,BRD-K50495309-001-02-0,,['src inhibitor'],5.020101,6.42228
BR00117026,C24,U2OS,24,acetylcysteine,compound,BRD-K59058747-001-19-1,,,2.5628757,-4.862621
BR00117026,D01,U2OS,24,NSC-625987,compound,BRD-K62949423-001-03-1,,['CDK inhibitor'],1.9512974,-4.8608885
BR00117026,D02,U2OS,24,dalfampridine,compound,BRD-K22482860-001-20-6,,['potassium channel blocker'],1.5799676,-5.055243
BR00117026,D03,U2OS,24,NSC-95397,compound,BRD-K68143200-001-11-7,,['CDC inhibitor'],-1.3410943,13.6435375
BR00117026,D04,U2OS,24,alrestatin,compound,BRD-K35498378-001-06-1,,['aldose reductase inhibitor'],0.8166134,-2.9783082
BR00117026,D05,U2OS,24,PF-03758309,compound,BRD-K37764012-001-03-3,poscon_diverse,['p21 activated kinase inhibitor'],1.6163462,-4.771371
BR00117026,D06,U2OS,24,IRL-2500,compound,BRD-K98357249-001-02-9,,['endothelin receptor antagonist'],1.1117191,-3.237469
BR00117026,D07,U2OS,24,PF-04217903,compound,BRD-K73319509-001-08-0,poscon_cp,,0.34962186,-4.1886888
BR00117026,D08,U2OS,24,FK-866,compound,BRD-K58550667-001-08-7,poscon_diverse,,2.3690228,-4.547904
BR00117026,D09,U2OS,24,amlexanox,compound,BRD-K29530284-001-06-2,,,3.8091576,-5.1631727
BR00117026,D10,U2OS,24,GW-311616,compound,BRD-K37864785-001-01-0,,['elastase inhibitor'],1.6258545,-5.3451037
BR00117026,D11,U2OS,24,buparlisib,compound,BRD-K42191735-001-08-7,poscon_diverse,,3.1154203,14.830141
BR00117026,D12,U2OS,24,amiloride,compound,BRD-K97181089-003-24-7,,['sodium channel blocker'],1.117239,-3.4550424
BR00117026,D13,U2OS,24,DG-172,compound,BRD-K75748943-300-01-3,,,4.885646,6.1742134
BR00117026,D14,U2OS,24,DMSO,compound,,negcon,,0.8544275,-4.5797873
BR00117026,D15,U2OS,24,DMSO,compound,,negcon,,0.54387933,-3.9931836
BR00117026,D16,U2OS,24,NVP-ADW742,compound,BRD-K15179513-001-04-2,poscon_cp,,4.7746577,7.077777
BR00117026,D17,U2OS,24,misoprostol,compound,BRD-A72351335-001-04-5,,['prostanoid receptor agonist'],1.7111511,-5.375546
BR00117026,D18,U2OS,24,conivaptan,compound,BRD-K37385792-003-02-1,,,3.416381,-4.068937
BR00117026,D19,U2OS,24,spiroxatrine,compound,BRD-A72483914-001-03-7,,['serotonin receptor antagonist'],1.4475244,-5.545703
BR00117026,D20,U2OS,24,diacerein,compound,BRD-K69122748-001-10-1,,,1.9091257,-5.4927096
BR00117026,D21,U2OS,24,DMSO,compound,,negcon,,0.8759019,-4.2943454
BR00117026,D22,U2OS,24,DMSO,compound,,negcon,,0.49294412,-3.9511044
BR00117026,D23,U2OS,24,glyburide,compound,BRD-K36927236-001-36-7,,['ATP channel blocker'],0.5484972,-3.0788105
BR00117026,D24,U2OS,24,ANR-94,compound,BRD-K31170746-001-01-6,,,1.6981231,-5.5483084
BR00117026,E01,U2OS,24,TFC-007,compound,BRD-K57708067-001-01-3,,,0.9222856,-3.8901799
BR00117026,E02,U2OS,24,trihexyphenidyl,compound,BRD-A48180038-003-24-3,,['acetylcholine receptor antagonist'],0.6604812,-2.965335
BR00117026,E03,U2OS,24,epoprostenol,compound,BRD-K64054020-001-02-7,,,1.7809001,-4.6281314
BR00117026,E04,U2OS,24,sacubitril,compound,BRD-K91456750-001-01-9,,,1.9031509,-4.68096
BR00117026,E05,U2OS,24,danusertib,compound,BRD-K07881437-001-03-8,poscon_diverse,"['growth factor receptor inhibitor', 'Aurora kinase inhibitor']",-1.4230088,8.599423
BR00117026,E06,U2OS,24,CYT-997,compound,BRD-K23363278-001-02-1,poscon_diverse,['tubulin polymerization inhibitor'],3.4002488,14.615863
BR00117026,E07,U2OS,24,DMSO,compound,,negcon,,0.6626917,-3.9464698
BR00117026,E08,U2OS,24,BQ-788,compound,BRD-K02490038-236-03-8,,['endothelin receptor antagonist'],1.5332577,-4.1127677
BR00117026,E09,U2OS,24,SB-202190,compound,BRD-K54330070-001-19-6,poscon_orf,['p38 MAPK inhibitor'],6.2951794,-4.2268257
BR00117026,E10,U2OS,24,GSK2110183,compound,BRD-K25412176-001-01-9,poscon_diverse,,8.485433,-3.706033
BR00117026,E11,U2OS,24,GSK3787,compound,BRD-K03155172-001-03-0,,['PPAR receptor antagonist'],1.268254,-3.6256368
BR00117026,E12,U2OS,24,BAM7,compound,BRD-K07442505-001-03-6,,,0.45292932,-3.1527178
BR00117026,E13,U2OS,24,PHA-793887,compound,BRD-K64800655-001-09-0,poscon_diverse,['CDK inhibitor'],-0.1423613,13.71427
BR00117026,E14,U2OS,24,DMSO,compound,,negcon,,0.5300207,-4.0408883
BR00117026,E15,U2OS,24,GSK-37647,compound,BRD-K26514105-001-01-7,,['free fatty acid receptor agonist'],0.39866114,-3.6773303
BR00117026,E16,U2OS,24,desonide,compound,BRD-K21528677-001-04-4,,['glucocorticoid receptor agonist'],1.8987267,-6.2238355
BR00117026,E17,U2OS,24,DMSO,compound,,negcon,,0.82117337,-4.089886
BR00117026,E18,U2OS,24,aloxistatin,compound,BRD-K91188791-001-17-5,,,5.1351323,6.5633683
BR00117026,E19,U2OS,24,azathioprine,compound,BRD-K32821942-001-22-1,,,2.2062404,-5.057885
BR00117026,E20,U2OS,24,ZK-93423,compound,BRD-K33882852-003-02-8,poscon_diverse,['benzodiazepine receptor agonist'],0.38450104,-2.4441845
BR00117026,E21,U2OS,24,BI-2536,compound,BRD-K64890080-001-02-1,poscon_diverse,,3.7710817,15.394824
BR00117026,E22,U2OS,24,EI1,compound,BRD-K91535048-001-01-2,poscon_cp,['histone lysine methyltransferase inhibitor'],1.4771192,-5.546896
BR00117026,E23,U2OS,24,NVP-HSP990,compound,BRD-K67915505-001-01-2,,['HSP inhibitor'],-7.9425044,13.296871
BR00117026,E24,U2OS,24,DMSO,compound,,negcon,,0.66167927,-3.9106066
BR00117026,F01,U2OS,24,DMSO,compound,,negcon,,0.34520996,-4.1829476
BR00117026,F02,U2OS,24,nialamide,compound,BRD-K12102668-001-25-5,,,0.029850833,-3.0151482
BR00117026,F03,U2OS,24,DMSO,compound,,negcon,,0.35600683,-4.0270634
BR00117026,F04,U2OS,24,arundic-acid,compound,BRD-K49223707-001-01-0,,,0.8520372,-4.9969025
BR00117026,F05,U2OS,24,torcitabine,compound,BRD-K91822704-003-07-2,,,1.7330049,-5.0919523
BR00117026,F06,U2OS,24,DMSO,compound,,negcon,,0.71746707,-4.050079
BR00117026,F07,U2OS,24,epothilone-b,compound,BRD-K68164687-001-01-6,,"['microtubule stabilizing agent', 'tubulin polymerization inhibitor']",2.9354575,13.897291
BR00117026,F08,U2OS,24,dyphylline,compound,BRD-A00827783-001-24-6,,['phosphodiesterase inhibitor'],1.3204465,-4.428821
BR00117026,F09,U2OS,24,DMSO,compound,,negcon,,0.8404396,-4.5464334
BR00117026,F10,U2OS,24,quinidine,compound,BRD-K59632282-052-03-1,,['sodium channel blocker'],1.5257789,-5.8373313
BR00117026,F11,U2OS,24,halopemide,compound,BRD-K50055394-001-03-6,,,6.6597333,-2.4241965
BR00117026,F12,U2OS,24,sulfinpyrazone,compound,BRD-A36217750-001-16-3,,,0.81449115,-4.666357
BR00117026,F13,U2OS,24,ML-323,compound,BRD-K93942811-001-01-3,poscon_cp,['ubiquitin specific protease inhibitor'],1.0759133,-3.725096
BR00117026,F14,U2OS,24,racecadotril,compound,BRD-A08187463-001-12-9,,,1.7362988,-5.251935
BR00117026,F15,U2OS,24,BRL-50481,compound,BRD-K84266862-001-03-2,,['phosphodiesterase inhibitor'],1.8462569,-5.048553
BR00117026,F16,U2OS,24,GSK2110183,compound,BRD-K25412176-001-01-9,poscon_diverse,,8.480916,-3.7122884
BR00117026,F17,U2OS,24,bufexamac,compound,BRD-K36660044-001-24-2,,['cyclooxygenase inhibitor'],0.8211872,-2.856368
BR00117026,F18,U2OS,24,anandamide,compound,BRD-K42352790-001-05-3,,,1.6066191,-5.388399
BR00117026,F19,U2OS,24,thioguanine,compound,BRD-K49350383-001-13-7,poscon_diverse,,-0.04043364,11.040422
BR00117026,F20,U2OS,24,IWP-L6,compound,BRD-K53234107-001-01-6,,['porcupine inhibitor'],0.23857477,-3.9238157
BR00117026,F21,U2OS,24,edoxaban,compound,BRD-K29322660-001-01-9,,['coagulation factor inhibitor'],1.8795733,-5.193208
BR00117026,F22,U2OS,24,lonafarnib,compound,BRD-K41599323-001-02-3,poscon_diverse,,4.3593845,11.929413
BR00117026,F23,U2OS,24,ibutamoren,compound,BRD-K44771174-066-01-0,,,1.4799902,-5.607377
BR00117026,F24,U2OS,24,somatostatin,compound,BRD-K14681867-001-01-6,,['somatostatin receptor agonist'],0.7515866,-3.5357547
BR00117026,G01,U2OS,24,L-proline,compound,BRD-K01666412-001-02-0,,,0.31318846,-3.9682553
BR00117026,G02,U2OS,24,zamifenacin,compound,BRD-K80451230-051-02-6,,['acetylcholine receptor antagonist'],0.876019,-3.7891347
BR00117026,G03,U2OS,24,YC-1,compound,BRD-K60476892-001-16-1,,,-0.5049154,13.433568
BR00117026,G04,U2OS,24,DMSO,compound,,negcon,,0.5464061,-3.968999
BR00117026,G05,U2OS,24,ME-0328,compound,BRD-K24283677-001-01-9,,['PPAR receptor antagonist'],2.035248,-5.0499434
BR00117026,G06,U2OS,24,NSC-663284,compound,BRD-K03109492-001-02-2,,['CDC inhibitor'],-0.33621758,16.481438
BR00117026,G07,U2OS,24,CYM-50358,compound,BRD-K80666802-003-01-0,,,1.8112967,-5.2739396
BR00117026,G08,U2OS,24,trazodone,compound,BRD-K70778732-003-27-5,,"['adrenergic receptor antagonist', 'serotonin receptor antagonist']",1.51632,-5.8982944
BR00117026,G09,U2OS,24,DMSO,compound,,negcon,,0.52036947,-4.3211126
BR00117026,G10,U2OS,24,DMSO,compound,,negcon,,0.5249454,-4.133511
BR00117026,G11,U2OS,24,sulfasalazine,compound,BRD-K10670311-001-17-1,,['cyclooxygenase inhibitor'],3.4822736,-5.1658645
BR00117026,G12,U2OS,24,"2,5-furandimethanol",compound,BRD-K29791386-001-01-8,,,0.25675777,-3.761402
BR00117026,G13,U2OS,24,DMSO,compound,,negcon,,0.5498051,-4.1862445
BR00117026,G14,U2OS,24,dilazep,compound,BRD-K48722258-300-11-0,,,1.7058545,-6.0274134
BR00117026,G15,U2OS,24,felodipine,compound,BRD-A30815329-001-12-1,,['calcium channel blocker'],1.3364563,-4.322006
BR00117026,G16,U2OS,24,paliperidone,compound,BRD-A99888680-001-05-3,,"['dopamine receptor antagonist', 'serotonin receptor antagonist']",0.3487283,-3.8854296
BR00117026,G17,U2OS,24,purvalanol-a,compound,BRD-K50836978-001-03-3,poscon_orf,['CDK inhibitor'],-0.0021626565,7.3825974
BR00117026,G18,U2OS,24,DMSO,compound,,negcon,,0.36345902,-3.9774694
BR00117026,G19,U2OS,24,Ro-1138452,compound,BRD-K77220725-003-01-5,,['prostanoid receptor antagonist'],0.59214705,-2.8917153
BR00117026,G20,U2OS,24,sorbinil,compound,BRD-A89164055-001-03-3,,['aldose reductase inhibitor'],1.2607068,-4.4332685
BR00117026,G21,U2OS,24,TC-S-7004,compound,BRD-K89517477-001-01-4,poscon_cp,['DYRK inhibitor'],5.3254204,-3.4997368
BR00117026,G22,U2OS,24,saclofen,compound,BRD-A24122750-001-03-7,,['GABA receptor antagonist'],1.5458182,-5.6351337
BR00117026,G23,U2OS,24,BAY-87-2243,compound,BRD-K70463136-001-01-5,,,3.9934244,-3.2588499
BR00117026,G24,U2OS,24,ibudilast,compound,BRD-K16444452-001-09-1,,['phosphodiesterase inhibitor'],6.4862204,-6.886751
BR00117026,H01,U2OS,24,briciclib,compound,BRD-K05531427-001-01-7,,,3.4050753,14.581499
BR00117026,H02,U2OS,24,2-Oleoylglycerol,compound,BRD-K77087341-001-02-4,,,0.9054925,-4.5210366
BR00117026,H03,U2OS,24,RGFP966,compound,BRD-K61688984-001-02-9,poscon_cp,['HDAC inhibitor'],5.582927,-1.5260218
BR00117026,H04,U2OS,24,DMSO,compound,,negcon,,0.51232564,-3.9719248
BR00117026,H05,U2OS,24,azacitidine,compound,BRD-K03406345-001-21-1,poscon_diverse,,5.091038,-3.2530005
BR00117026,H06,U2OS,24,N6-cyclopentyladenosine,compound,BRD-K60150510-001-15-6,,,3.0338426,-4.9625816
BR00117026,H07,U2OS,24,filgotinib,compound,BRD-K16803204-001-01-6,poscon_cp,['JAK inhibitor'],1.334749,-5.708835
BR00117026,H08,U2OS,24,guanidine,compound,BRD-K76037122-001-02-5,,['HSP inhibitor'],1.1876572,-4.477216
BR00117026,H09,U2OS,24,coumarin,compound,BRD-K23913458-001-20-7,,,1.770575,-5.1952524
BR00117026,H10,U2OS,24,DMSO,compound,,negcon,,0.5084112,-4.088751
BR00117026,H11,U2OS,24,ZM-336372,compound,BRD-K73789395-001-09-9,poscon_orf,['RAF inhibitor'],1.6276292,-4.754622
BR00117026,H12,U2OS,24,citric-acid,compound,BRD-K76792669-001-08-1,,['coagulation factor inhibitor'],1.0217652,-3.2271154
BR00117026,H13,U2OS,24,DMSO,compound,,negcon,,0.6426447,-3.846619
BR00117026,H14,U2OS,24,CCG-63802,compound,BRD-K26970495-001-02-7,,['G protein signaling inhibitor'],1.5104283,-5.0484676
BR00117026,H15,U2OS,24,ibutilide,compound,BRD-A74391928-051-03-9,,['potassium channel blocker'],0.90963984,-3.2780733
BR00117026,H16,U2OS,24,batimastat,compound,BRD-K82818427-001-04-8,,['matrix metalloprotease inhibitor'],4.8861876,-2.8535552
BR00117026,H17,U2OS,24,DMSO,compound,,negcon,,0.66744286,-4.2023115
BR00117026,H18,U2OS,24,DMSO,compound,,negcon,,0.52056414,-4.151658
BR00117026,H19,U2OS,24,UNC1999,compound,BRD-K26989966-001-04-3,poscon_cp,['histone lysine methyltransferase inhibitor'],1.3147985,15.383726
BR00117026,H20,U2OS,24,glutamine-(l),compound,BRD-K83896451-001-06-7,,,0.19815862,-3.5043988
BR00117026,H21,U2OS,24,PD-98059,compound,BRD-K62810658-001-11-4,poscon_orf,,1.0951874,-3.4553726
BR00117026,H22,U2OS,24,enilconazole,compound,BRD-K01825690-065-01-9,,,0.05458246,-2.8895435
BR00117026,H23,U2OS,24,N-alpha-Methylhistamine-dihydrochloride,compound,BRD-K75390981-300-04-9,,['histamine receptor agonist'],1.4879949,-5.573036
BR00117026,H24,U2OS,24,GK921,compound,BRD-K38272302-001-02-7,,,-1.424057,14.161192
BR00117026,I01,U2OS,24,nilvadipine,compound,BRD-A84687895-001-03-2,,['calcium channel blocker'],1.5070026,-5.581998
BR00117026,I02,U2OS,24,DMSO,compound,,negcon,,0.7880369,-4.1709366
BR00117026,I03,U2OS,24,AC-710,compound,BRD-K15819326-001-01-6,,['PDGFR tyrosine kinase receptor inhibitor'],4.2125344,7.3091493
BR00117026,I04,U2OS,24,PETCM,compound,BRD-A93477898-001-04-2,,,0.12563701,-3.8363018
BR00117026,I05,U2OS,24,AZD7762,compound,BRD-K86525559-001-07-8,poscon_diverse,['CHK inhibitor'],-0.053361807,15.5893955
BR00117026,I06,U2OS,24,PHA-793887,compound,BRD-K64800655-001-09-0,poscon_diverse,['CDK inhibitor'],-0.15179661,13.7279825
BR00117026,I07,U2OS,24,KU-60019,compound,BRD-K36016295-001-05-2,,['ATM kinase inhibitor'],-1.4711407,14.170964
BR00117026,I08,U2OS,24,nafamostat,compound,BRD-K06674495-334-04-0,,,4.8282986,-3.2791724
BR00117026,I09,U2OS,24,DMSO,compound,,negcon,,0.95840865,-3.8256752
BR00117026,I10,U2OS,24,DMSO,compound,,negcon,,0.32759866,-3.9512486
BR00117026,I11,U2OS,24,taladegib,compound,BRD-K50498985-001-03-3,,['smoothened receptor antagonist'],0.20107295,-4.3316936
BR00117026,I12,U2OS,24,acetohexamide,compound,BRD-K52960356-001-13-0,,['ATP channel blocker'],0.56782055,-4.1936693
BR00117026,I13,U2OS,24,minocycline,compound,BRD-A69651145-003-11-4,,,4.074159,-4.0355644
BR00117026,I14,U2OS,24,BI-2536,compound,BRD-K64890080-001-02-1,poscon_diverse,,3.806334,15.351439
BR00117026,I15,U2OS,24,riociguat,compound,BRD-K84783599-001-01-0,,,1.1068336,-3.81317
BR00117026,I16,U2OS,24,CP-724714,compound,BRD-K76908866-001-07-6,poscon_cp,"['EGFR inhibitor', 'protein tyrosine kinase inhibitor']",0.5991682,-2.4881127
BR00117026,I17,U2OS,24,ganetespib,compound,BRD-K38852836-001-04-9,poscon_diverse,['HSP inhibitor'],-7.9418116,13.296835
BR00117026,I18,U2OS,24,AZ191,compound,BRD-K80935598-001-01-1,poscon_cp,['DYRK inhibitor'],5.2793193,7.3789754
BR00117026,I19,U2OS,24,BAX-channel-blocker,compound,BRD-A18763547-300-06-3,,,4.3338933,7.3938236
BR00117026,I20,U2OS,24,SU3327,compound,BRD-K32730239-001-01-0,,['JNK inhibitor'],0.015312128,15.797243
BR00117026,I21,U2OS,24,DMSO,compound,,negcon,,0.86482424,-3.6940475
BR00117026,I22,U2OS,24,DMSO,compound,,negcon,,0.4547179,-4.0299244
BR00117026,I23,U2OS,24,octreotide,compound,BRD-A64173453-015-03-1,,['somatostatin receptor agonist'],1.2694699,-5.0832486
BR00117026,I24,U2OS,24,1-octanol,compound,BRD-K09338665-001-08-9,,,1.4943997,-5.230297
BR00117026,J01,U2OS,24,acalabrutinib,compound,BRD-K64034691-001-01-9,,"[""Bruton's tyrosine kinase (BTK) inhibitor""]",4.0814004,-4.975952
BR00117026,J02,U2OS,24,rifamycin,compound,BRD-K38512030-001-01-7,,,0.13757186,-3.576197
BR00117026,J03,U2OS,24,pazopanib,compound,BRD-K74514084-003-09-2,,"['KIT inhibitor', 'VEGFR inhibitor', 'PDGFR tyrosine kinase receptor inhibitor']",7.6195817,-4.386805
BR00117026,J04,U2OS,24,RKI-1447,compound,BRD-K19333160-001-01-3,poscon_cp,,12.420674,0.49460262
BR00117026,J05,U2OS,24,vitamin-E,compound,BRD-K97091514-001-11-4,,['PKC inhibitor'],0.74976265,-3.9668467
BR00117026,J06,U2OS,24,lonafarnib,compound,BRD-K41599323-001-02-3,poscon_diverse,,4.3280964,11.942226
BR00117026,J07,U2OS,24,ethyl-pyruvate,compound,BRD-K47738867-001-01-5,,,0.17428671,-3.0626726
BR00117026,J08,U2OS,24,picrotin,compound,BRD-A91822151-001-05-0,,['GABA receptor antagonist'],1.1911286,-4.492997
BR00117026,J09,U2OS,24,SGX523,compound,BRD-K19477839-001-07-6,poscon_cp,,0.65821385,-4.4445996
BR00117026,J10,U2OS,24,PP-2,compound,BRD-K95785537-001-22-3,,['src inhibitor'],2.320725,10.634322
BR00117026,J11,U2OS,24,ME-0328,compound,BRD-A63444178-001-01-5,,['PPAR receptor antagonist'],1.4208913,-4.5301075
BR00117026,J12,U2OS,24,AZD9668,compound,BRD-K31476763-001-01-5,,['elastase inhibitor'],0.765934,-4.2864532
BR00117026,J13,U2OS,24,NQDI-1,compound,BRD-K61918008-001-07-1,,,1.4985554,-5.61668
BR00117026,J14,U2OS,24,DMSO,compound,,negcon,,0.6769801,-3.969763
BR00117026,J15,U2OS,24,carzenide,compound,BRD-K09295674-001-09-8,,,0.96642107,-3.7657347
BR00117026,J16,U2OS,24,KU-55933,compound,BRD-K25311561-001-10-7,,['ATM kinase inhibitor'],1.8834715,-7.393619
BR00117026,J17,U2OS,24,NVP-AEW541,compound,BRD-K24696047-001-02-3,poscon_cp,['IGF-1 inhibitor'],4.845148,6.5590873
BR00117026,J18,U2OS,24,leflunomide,compound,BRD-K78692225-001-24-5,,['PDGFR tyrosine kinase receptor inhibitor'],1.0350447,-4.804309
BR00117026,J19,U2OS,24,DMSO,compound,,negcon,,0.5597727,-4.1497397
BR00117026,J20,U2OS,24,azacitidine,compound,BRD-K03406345-001-21-1,poscon_diverse,,5.148453,-3.3040988
BR00117026,J21,U2OS,24,ixabepilone,compound,BRD-K03601870-001-01-2,,['microtubule stabilizing agent'],3.3513145,14.600783
BR00117026,J22,U2OS,24,KH-CB19,compound,BRD-K66430217-001-03-8,poscon_cp,['CDC inhibitor'],0.8186662,-4.1848745
BR00117026,J23,U2OS,24,DMSO,compound,,negcon,,0.41187143,-3.8672316
BR00117026,J24,U2OS,24,PF-05190457,compound,BRD-K02554563-001-01-6,,,1.4298594,-4.9004726
BR00117026,K01,U2OS,24,LDN-212854,compound,BRD-K59831625-001-03-9,,,0.3367779,15.943199
BR00117026,K02,U2OS,24,formononetin,compound,BRD-K55567017-001-12-3,,['alcohol dehydrogenase inhibitor'],4.100115,-5.6685653
BR00117026,K03,U2OS,24,aminopurvalanol-a,compound,BRD-K07762753-001-05-1,poscon_orf,['CDK inhibitor'],-0.05854051,7.4706464
BR00117026,K04,U2OS,24,ruxolitinib,compound,BRD-K53972329-001-01-3,poscon_cp,['JAK inhibitor'],2.911193,-5.4015083
BR00117026,K05,U2OS,24,DMSO,compound,,negcon,,0.8188075,-4.2695756
BR00117026,K06,U2OS,24,DMSO,compound,,negcon,,0.45282498,-4.2007523
BR00117026,K07,U2OS,24,LGK-974,compound,BRD-K16810791-001-01-0,,['porcupine inhibitor'],0.9131717,-4.617064
BR00117026,K08,U2OS,24,polydatin,compound,BRD-K43236057-001-07-1,,['ICAM1 expression inhibitor'],3.7007272,11.824466
BR00117026,K09,U2OS,24,enflurane,compound,BRD-A51831848-001-01-7,,,0.50454336,-4.182888
BR00117026,K10,U2OS,24,PFI-1,compound,BRD-K13094524-001-04-2,poscon_cp,,0.62280196,-4.067839
BR00117026,K11,U2OS,24,AZD7762,compound,BRD-K86525559-001-07-8,poscon_diverse,['CHK inhibitor'],-0.18543495,15.486047
BR00117026,K12,U2OS,24,sotrastaurin,compound,BRD-K16761703-001-03-8,,['PKC inhibitor'],6.4623146,-4.3269734
BR00117026,K13,U2OS,24,DMSO,compound,,negcon,,0.5140928,-4.165878
BR00117026,K14,U2OS,24,cycloheximide,compound,BRD-K36055864-001-20-0,,['protein synthesis inhibitor'],-0.8126022,13.109489
BR00117026,K15,U2OS,24,oxytocin,compound,BRD-K25243230-001-01-2,,,0.8158454,-3.7619457
BR00117026,K16,U2OS,24,DMSO,compound,,negcon,,0.32480773,-4.0870833
BR00117026,K17,U2OS,24,colchicine,compound,BRD-K00259736-001-16-4,,,3.4124413,14.605205
BR00117026,K18,U2OS,24,afimoxifene,compound,BRD-K04210847-001-21-9,,,0.5914425,-3.7670195
BR00117026,K19,U2OS,24,DMSO,compound,,negcon,,0.6013818,-4.0755277
BR00117026,K20,U2OS,24,ZK-93423,compound,BRD-K33882852-003-02-8,poscon_diverse,['benzodiazepine receptor agonist'],0.286245,-2.5813293
BR00117026,K21,U2OS,24,RGB-286638,compound,BRD-K20986415-001-02-6,,['CDK inhibitor'],-1.5509342,13.948204
BR00117026,K22,U2OS,24,FPS-ZM1,compound,BRD-K87691185-001-01-2,,['RAGE receptor antagonist'],1.1464096,-4.2578864
BR00117026,K23,U2OS,24,flindokalner,compound,BRD-K56740996-001-02-1,,,0.8766132,-3.4461153
BR00117026,K24,U2OS,24,motesanib,compound,BRD-K99616396-316-05-3,,"['KIT inhibitor', 'VEGFR inhibitor', 'PDGFR tyrosine kinase receptor inhibitor']",2.839427,-4.9241586
BR00117026,L01,U2OS,24,geldanamycin,compound,BRD-K43570081-001-02-4,,['HSP inhibitor'],-7.9569273,13.311803
BR00117026,L02,U2OS,24,DMSO,compound,,negcon,,0.68347585,-4.291738
BR00117026,L03,U2OS,24,CGP-53353,compound,BRD-K32292990-001-03-6,,"['PKC inhibitor', 'EGFR inhibitor']",0.48795086,-3.7848446
BR00117026,L04,U2OS,24,7-hydroxystaurosporine,compound,BRD-K45293975-001-02-0,,"['CDK inhibitor', 'PKC inhibitor', 'CHK inhibitor']",0.0022010691,15.173811
BR00117026,L05,U2OS,24,DMSO,compound,,negcon,,0.3988198,-4.3078394
BR00117026,L06,U2OS,24,DMSO,compound,,negcon,,0.32171524,-4.1225677
BR00117026,L07,U2OS,24,efaproxiral,compound,BRD-K37355418-236-01-6,,,0.43865573,-4.21361
BR00117026,L08,U2OS,24,SB-203580,compound,BRD-A37704979-001-12-3,poscon_orf,['p38 MAPK inhibitor'],6.6782074,-4.106579
BR00117026,L09,U2OS,24,FK-866,compound,BRD-K58550667-001-08-7,poscon_diverse,,1.8101535,-4.3693166
BR00117026,L10,U2OS,24,bepridil,compound,BRD-A91008255-003-24-8,,['calcium channel blocker'],1.3930868,-5.451208
BR00117026,L11,U2OS,24,delanzomib,compound,BRD-K59325863-001-04-4,,,0.15330614,15.360486
BR00117026,L12,U2OS,24,buparlisib,compound,BRD-K42191735-001-08-7,poscon_diverse,,3.0897202,14.829647
BR00117026,L13,U2OS,24,phenylbutazone,compound,BRD-K10843433-001-23-5,,"['cyclooxygenase inhibitor', 'prostanoid receptor antagonist']",2.3735557,-5.2003303
BR00117026,L14,U2OS,24,deferasirox,compound,BRD-K97010173-001-04-1,,,-1.8447654,7.3114
BR00117026,L15,U2OS,24,DMSO,compound,,negcon,,0.32699963,-3.9234295
BR00117026,L16,U2OS,24,cediranib,compound,BRD-K86930074-001-05-0,,"['KIT inhibitor', 'VEGFR inhibitor']",5.5148234,7.3086324
BR00117026,L17,U2OS,24,isoflurane,compound,BRD-A31564021-001-02-6,,,0.19445057,-3.9805567
BR00117026,L18,U2OS,24,DMSO,compound,,negcon,,0.43848753,-4.0649214
BR00117026,L19,U2OS,24,CCG-50014,compound,BRD-K08893438-001-06-4,,['G protein signaling inhibitor'],0.062723376,-3.770423
BR00117026,L20,U2OS,24,PF-431396,compound,BRD-K93788137-001-04-1,,,-1.429911,8.674898
BR00117026,L21,U2OS,24,TG-02,compound,BRD-K14560436-001-01-4,,"['CDK inhibitor', 'FLT3 inhibitor', 'JAK inhibitor']",-0.07234921,13.721771
BR00117026,L22,U2OS,24,baclofen,compound,BRD-K01826724-003-07-9,,['benzodiazepine receptor agonist'],1.2761469,-4.506934
BR00117026,L23,U2OS,24,thiostrepton,compound,BRD-A20697603-001-07-2,,['protein synthesis inhibitor'],5.2949023,-1.5436169
BR00117026,L24,U2OS,24,flufenamic-acid,compound,BRD-K44067360-001-29-5,,,1.5946094,-5.360372
BR00117026,M01,U2OS,24,DMSO,compound,,negcon,,0.45171952,-4.3100157
BR00117026,M02,U2OS,24,LY2109761,compound,BRD-K47557313-001-02-7,,,7.4087133,-9.199692
BR00117026,M03,U2OS,24,olopatadine,compound,BRD-K67637637-003-11-8,,['histamine receptor antagonist'],1.6052091,-4.642947
BR00117026,M04,U2OS,24,DMSO,compound,,negcon,,0.19030541,-4.0903525
BR00117026,M05,U2OS,24,castanospermine,compound,BRD-K20897876-001-11-8,,['glucosidase inhibitor'],2.2409182,-4.5832667
BR00117026,M06,U2OS,24,A205804,compound,BRD-K77627880-001-04-0,,['ICAM1 expression inhibitor'],3.9364767,-8.048471
BR00117026,M07,U2OS,24,VU591,compound,BRD-K72063794-003-01-0,,['potassium channel blocker'],1.5020337,-5.0754256
BR00117026,M08,U2OS,24,dalbavancin,compound,BRD-K30177383-001-01-0,,['bacterial cell wall synthesis inhibitor'],0.56459516,-4.2446384
BR00117026,M09,U2OS,24,CC-401,compound,BRD-K45746021-003-01-9,,['JNK inhibitor'],2.1111293,-6.4604125
BR00117026,M10,U2OS,24,ganetespib,compound,BRD-K38852836-001-04-9,poscon_diverse,['HSP inhibitor'],-7.929371,13.284355
BR00117026,M11,U2OS,24,ingenol-mebutate,compound,BRD-K93779381-001-01-9,,,6.1485114,-5.0873866
BR00117026,M12,U2OS,24,menadione,compound,BRD-K78126613-001-27-7,,,5.0248036,-2.2572713
BR00117026,M13,U2OS,24,cetilistat,compound,BRD-K94863486-001-02-2,,,0.9361025,-3.8990767
BR00117026,M14,U2OS,24,methoxsalen,compound,BRD-K63430059-001-16-4,,['DNA synthesis inhibitor'],1.2218243,-4.562306
BR00117026,M15,U2OS,24,cyclosporine,compound,BRD-K13533483-001-16-2,,,5.4081955,1.0759645
BR00117026,M16,U2OS,24,NSC-632839,compound,BRD-K81197548-003-01-4,poscon_cp,['ubiquitin specific protease inhibitor'],0.06890953,15.453761
BR00117026,M17,U2OS,24,DMSO,compound,,negcon,,0.62967926,-4.051725
BR00117026,M18,U2OS,24,TG-003,compound,BRD-K97072811-001-11-4,poscon_cp,,1.6561927,-4.460747
BR00117026,M19,U2OS,24,oxibendazole,compound,BRD-K52075715-001-06-7,,['tubulin polymerization inhibitor'],3.3602254,14.596799
BR00117026,M20,U2OS,24,TG-101348,compound,BRD-K12502280-001-11-4,poscon_cp,"['JAK inhibitor', 'FLT3 inhibitor']",1.5455692,15.408883
BR00117026,M21,U2OS,24,miglitol,compound,BRD-A63310107-001-04-8,,['glucosidase inhibitor'],1.1221807,-4.6447377
BR00117026,M22,U2OS,24,DMSO,compound,,negcon,,0.39586625,-4.0968547
BR00117026,M23,U2OS,24,DMSO,compound,,negcon,,0.49091226,-4.166111
BR00117026,M24,U2OS,24,tranilast,compound,BRD-K17849083-001-32-9,,,0.7231279,-4.0752277
BR00117026,N01,U2OS,24,4-methylhistamine,compound,BRD-K70821460-300-02-4,,['histamine receptor agonist'],1.5726066,-5.64601
BR00117026,N02,U2OS,24,LDN-27219,compound,BRD-K51485109-001-01-4,,,0.30359197,-3.8220103
BR00117026,N03,U2OS,24,anisomycin,compound,BRD-K91370081-001-25-1,,['DNA synthesis inhibitor'],-0.011402882,14.786336
BR00117026,N04,U2OS,24,thioguanine,compound,BRD-K49350383-001-13-7,poscon_diverse,,-0.060412377,11.028614
BR00117026,N05,U2OS,24,droxinostat,compound,BRD-K11558771-001-13-9,,['HDAC inhibitor'],2.755003,-3.0964303
BR00117026,N06,U2OS,24,UNC2025,compound,BRD-K91283740-003-01-6,poscon_cp,['FLT3 inhibitor'],2.0919921,12.1444025
BR00117026,N07,U2OS,24,DMSO,compound,,negcon,,0.5860408,-4.1576033
BR00117026,N08,U2OS,24,DMSO,compound,,negcon,,0.43524805,-3.9688647
BR00117026,N09,U2OS,24,AMG900,compound,BRD-K21728777-001-02-3,poscon_cp,['Aurora kinase inhibitor'],-1.4115723,8.6658
BR00117026,N10,U2OS,24,PF-06463922,compound,BRD-A23124853-001-01-4,,['ALK tyrosine kinase receptor inhibitor'],6.871754,-5.416809
BR00117026,N11,U2OS,24,orantinib,compound,BRD-K55966568-001-09-6,poscon_cp,"['FGFR inhibitor', 'PDGFR tyrosine kinase receptor inhibitor', 'VEGFR inhibitor']",0.73553383,-3.333029
BR00117026,N12,U2OS,24,fludarabine-phosphate,compound,BRD-K71106091-001-09-5,,['ribonucleotide reductase inhibitor'],-1.6651239,7.6251884
BR00117026,N13,U2OS,24,ceritinib,compound,BRD-K22149900-001-06-2,,['ALK tyrosine kinase receptor inhibitor'],6.1646733,-5.5441446
BR00117026,N14,U2OS,24,NVS-PAK1-1,compound,BRD-K28132190-001-02-0,poscon_cp,['p21 activated kinase inhibitor'],2.3298304,10.082845
BR00117026,N15,U2OS,24,homoharringtonine,compound,BRD-K76674262-001-03-3,,['protein synthesis inhibitor'],-0.03392238,14.761749
BR00117026,N16,U2OS,24,picrotoxinin,compound,BRD-K36461289-001-05-8,,['GABA receptor antagonist'],1.4385676,-4.7701364
BR00117026,N17,U2OS,24,DMSO,compound,,negcon,,0.6474231,-4.2683496
BR00117026,N18,U2OS,24,danusertib,compound,BRD-K07881437-001-03-8,poscon_diverse,"['growth factor receptor inhibitor', 'Aurora kinase inhibitor']",-1.3847609,8.601835
BR00117026,N19,U2OS,24,romidepsin,compound,BRD-K61397605-001-01-8,poscon_cp,['HDAC inhibitor'],1.1284949,15.463361
BR00117026,N20,U2OS,24,FERb-033,compound,BRD-K61642990-001-01-0,poscon_cp,['EGFR inhibitor'],1.6319504,-5.3718896
BR00117026,N21,U2OS,24,PF-03758309,compound,BRD-K37764012-001-03-3,poscon_diverse,['p21 activated kinase inhibitor'],-0.18304563,13.750914
BR00117026,N22,U2OS,24,DMSO,compound,,negcon,,0.28324714,-4.1814446
BR00117026,N23,U2OS,24,trometamol,compound,BRD-K47978074-001-03-2,,,0.4464939,-3.9009695
BR00117026,N24,U2OS,24,simvastatin,compound,BRD-K22134346-001-22-3,,['HMGCR inhibitor'],2.3012905,10.1298065
BR00117026,O01,U2OS,24,zaprinast,compound,BRD-K16542329-001-16-8,,['phosphodiesterase inhibitor'],3.8358123,-4.1815195
BR00117026,O02,U2OS,24,dexamethasone,compound,BRD-A10188456-001-04-9,,['glucocorticoid receptor agonist'],1.5059401,-4.5080094
BR00117026,O03,U2OS,24,salicylic-acid,compound,BRD-K93632104-001-17-2,,['cyclooxygenase inhibitor'],1.6742023,-4.2321615
BR00117026,O04,U2OS,24,diltiazem,compound,BRD-A69636825-003-04-7,,['calcium channel blocker'],1.7368491,-4.568397
BR00117026,O05,U2OS,24,phenolphthalein,compound,BRD-K19227686-001-18-6,,,1.3344842,-4.9379516
BR00117026,O06,U2OS,24,niflumic-acid,compound,BRD-K98763141-001-30-8,,['cyclooxygenase inhibitor'],1.6739961,-4.9129086
BR00117026,O07,U2OS,24,DMSO,compound,,negcon,,0.5576551,-4.282881
BR00117026,O08,U2OS,24,L-Cystine,compound,BRD-A15397381-001-02-5,,,2.049971,-5.2760735
BR00117026,O09,U2OS,24,ozanimod,compound,BRD-K46625559-001-01-8,,['sphingosine 1 phosphate receptor agonist'],3.104854,-4.405918
BR00117026,O10,U2OS,24,efaroxan,compound,BRD-A10739734-003-09-8,,['adrenergic receptor antagonist'],1.1546288,-5.354638
BR00117026,O11,U2OS,24,NBQX,compound,BRD-K11796549-001-05-2,,['glutamate receptor antagonist'],0.6243918,-4.1135607
BR00117026,O12,U2OS,24,dinoprostone,compound,BRD-K26521938-001-07-2,,['prostanoid receptor agonist'],1.7976543,-5.0112605
BR00117026,O13,U2OS,24,Ro-20-1724,compound,BRD-A07207424-001-14-0,,['phosphodiesterase inhibitor'],1.7726998,-4.7340436
BR00117026,O14,U2OS,24,xanomeline,compound,BRD-K72815923-034-02-0,,['acetylcholine receptor agonist'],1.5423266,-5.1091423
BR00117026,O15,U2OS,24,terazosin,compound,BRD-K01825589-310-02-9,,['adrenergic receptor antagonist'],3.3779314,-5.6825767
BR00117026,O16,U2OS,24,BVT-948,compound,BRD-K68567222-001-01-2,,,-1.302463,13.583893
BR00117026,O17,U2OS,24,nicotine,compound,BRD-K01825660-322-01-9,,['acetylcholine receptor agonist'],1.6133758,-5.0839944
BR00117026,O18,U2OS,24,DMSO,compound,,negcon,,0.6010764,-4.4268103
BR00117026,O19,U2OS,24,U-0521,compound,BRD-K08953028-001-09-6,,,0.6690796,-4.400444
BR00117026,O20,U2OS,24,BMS-587101,compound,BRD-K20093108-001-02-3,,,1.5529467,-5.3373284
BR00117026,O21,U2OS,24,nimodipine,compound,BRD-A58048407-001-20-4,,['calcium channel blocker'],0.77726096,-3.4292574
BR00117026,O22,U2OS,24,pyrrolidine-dithiocarbamate,compound,BRD-K80970344-201-08-6,,,0.06841998,14.289282
BR00117026,O23,U2OS,24,PF-915275,compound,BRD-K18289362-001-02-2,,,1.5806812,-5.183809
BR00117026,O24,U2OS,24,JTE-013,compound,BRD-K43330982-001-02-3,,,2.8657143,-3.895004
BR00117026,P01,U2OS,24,sodium-butyrate,compound,BRD-K05878375-236-05-7,,['HDAC inhibitor'],3.977014,-4.0822515
BR00117026,P02,U2OS,24,pentostatin,compound,BRD-K91543828-001-02-0,,['ribonucleotide reductase inhibitor'],3.8953333,-4.154133
BR00117026,P03,U2OS,24,OMDM-2,compound,BRD-K48830578-001-01-9,,,3.9546998,-4.853815
BR00117026,P04,U2OS,24,nalmefene,compound,BRD-A72767275-003-01-6,,,1.9214756,-4.9114075
BR00117026,P05,U2OS,24,DMSO,compound,,negcon,,0.35175252,-4.0318646
BR00117026,P06,U2OS,24,1-EBIO,compound,BRD-K70586315-001-02-4,,,-0.0035278585,-3.4231467
BR00117026,P07,U2OS,24,SB-505124,compound,BRD-K40109029-001-02-9,,['ALK tyrosine kinase receptor inhibitor'],5.1063437,-2.0908058
BR00117026,P08,U2OS,24,prasugrel,compound,BRD-A83029242-001-06-1,,['purinergic receptor antagonist'],1.3866841,-5.275668
BR00117026,P09,U2OS,24,pidolic-acid,compound,BRD-K57313110-001-06-8,,,1.5602871,-5.8795834
BR00117026,P10,U2OS,24,DMSO,compound,,negcon,,0.295799,-4.1089
BR00117026,P11,U2OS,24,nevirapine,compound,BRD-K15502390-001-20-9,,,0.8316839,-4.504427
BR00117026,P12,U2OS,24,triamterene,compound,BRD-K92049597-001-20-8,,['sodium channel blocker'],1.4339355,-5.2347584
BR00117026,P13,U2OS,24,regorafenib,compound,BRD-K16730910-001-07-3,,"['PDGFR tyrosine kinase receptor inhibitor', 'RAF inhibitor', 'KIT inhibitor', 'RET tyrosine kinase inhibitor', 'FGFR inhibitor', 'VEGFR inhibitor']",5.600586,-5.295401
BR00117026,P14,U2OS,24,cyclophosphamide,compound,BRD-A09722536-002-18-0,,,0.63017905,-3.1989374
BR00117026,P15,U2OS,24,olanzapine,compound,BRD-K18895904-001-16-1,,"['dopamine receptor antagonist', 'serotonin receptor antagonist']",1.4353869,-4.501368
BR00117026,P16,U2OS,24,KI-16425,compound,BRD-A25569250-001-03-3,,['lysophosphatidic acid receptor antagonist'],0.23746975,-3.454827
BR00117026,P17,U2OS,24,SKLB1002,compound,BRD-K29895144-001-01-0,,['VEGFR inhibitor'],3.4391994,-3.89533
BR00117026,P18,U2OS,24,cilostazol,compound,BRD-K67017579-001-28-1,,['phosphodiesterase inhibitor'],3.752915,-4.9910793
BR00117026,P19,U2OS,24,AZD1283,compound,BRD-K77060810-001-01-5,,['purinergic receptor antagonist'],1.0436586,-4.6408906
BR00117026,P20,U2OS,24,A-987306,compound,BRD-K68982262-001-01-4,,['histamine receptor antagonist'],4.967995,6.079722
BR00117026,P21,U2OS,24,procaine,compound,BRD-K24616672-003-20-1,,['HMGCR inhibitor'],1.3084786,-4.4146557
BR00117026,P22,U2OS,24,miconazole,compound,BRD-A82396632-008-30-8,,['bacterial cell wall synthesis inhibitor'],0.8523679,-4.5441656
BR00117026,P23,U2OS,24,loperamide,compound,BRD-K61250553-003-30-6,,,3.5868158,-4.88546
BR00117026,P24,U2OS,24,aripiprazole,compound,BRD-K70358946-001-17-3,,['serotonin receptor antagonist'],2.9723074,-3.7719862
