plate,well,cell_type,timepoint,compound,perturbation,broad_sample,control_type,moas,umap_1,umap_2
BR00116991,A01,A549,24,gabapentin-enacarbil,compound,BRD-A86665761-001-01-1,,,11.044839,-13.728634
BR00116991,A02,A549,24,DMSO,compound,,negcon,,11.506693,-14.091834
BR00116991,A03,A549,24,amlodipine,compound,BRD-A22032524-074-09-9,,['calcium channel blocker'],8.696719,-11.899092
BR00116991,A04,A549,24,hexestrol,compound,BRD-A01078468-001-14-8,,,11.316506,-13.906858
BR00116991,A05,A549,24,quinine,compound,BRD-K48278478-001-01-2,,,11.345095,-11.3186655
BR00116991,A06,A549,24,LOXO-101,compound,BRD-K36574127-001-01-3,,,11.120309,-13.816374
BR00116991,A07,A549,24,brinzolamide,compound,BRD-K74913225-001-14-0,,['carbonic anhydrase inhibitor'],11.381102,-14.041588
BR00116991,A08,A549,24,NS-11021,compound,BRD-K94342292-001-01-3,,['calcium-activated potassium channel activator'],11.163387,-13.644052
BR00116991,A09,A549,24,DMSO,compound,,negcon,,11.905007,-14.141929
BR00116991,A10,A549,24,GNF-5837,compound,BRD-K19975102-001-01-2,,['growth factor receptor inhibitor'],10.920899,-10.878893
BR00116991,A11,A549,24,apatinib,compound,BRD-K25244359-066-02-6,,['RET tyrosine kinase inhibitor'],10.870392,-11.007923
BR00116991,A12,A549,24,ethoxzolamide,compound,BRD-K18131774-001-18-4,,['carbonic anhydrase inhibitor'],11.398172,-11.245694
BR00116991,A13,A549,24,ascorbic-acid,compound,BRD-A85242401-001-11-5,,,11.787615,-13.120102
BR00116991,A14,A549,24,ryuvidine,compound,BRD-K06426971-001-02-7,,['histone lysine methyltransferase inhibitor'],7.5090055,-7.399198
BR00116991,A15,A549,24,BAN-ORL-24,compound,BRD-K47049295-300-03-1,,,8.331355,-11.394706
BR00116991,A16,A549,24,NNC-55-0396,compound,BRD-K78122587-300-04-3,,,8.371408,-11.572198
BR00116991,A17,A549,24,DMSO,compound,,negcon,,12.11437,-14.150157
BR00116991,A18,A549,24,WH-4-023,compound,BRD-K50199947-001-03-4,,['src inhibitor'],8.277834,-11.343131
BR00116991,A19,A549,24,flupirtine,compound,BRD-K50720187-051-03-1,,['glutamate receptor antagonist'],11.025752,-10.955306
BR00116991,A20,A549,24,ZK811752,compound,BRD-K91825936-001-03-9,,,10.91685,-10.92791
BR00116991,A21,A549,24,dexamethasone,compound,BRD-K38775274-001-22-1,,['glucocorticoid receptor agonist'],9.913716,-13.000705
BR00116991,A22,A549,24,PP-1,compound,BRD-K47598052-001-14-1,,['src inhibitor'],9.6544695,-8.896013
BR00116991,A23,A549,24,DDR1-IN-1,compound,BRD-K61845293-300-01-9,,,8.693579,-11.849554
BR00116991,A24,A549,24,AVL-292,compound,BRD-K87782578-001-01-4,,"[""Bruton's tyrosine kinase (BTK) inhibitor""]",9.408099,-8.603836
BR00116991,B01,A549,24,H2L-5765834,compound,BRD-K26439554-001-01-3,,['lysophosphatidic acid receptor antagonist'],12.906035,-12.444587
BR00116991,B02,A549,24,thiostrepton,compound,BRD-K58049875-001-03-9,,['protein synthesis inhibitor'],8.39344,-11.234128
BR00116991,B03,A549,24,DMSO,compound,,negcon,,13.376903,-13.691064
BR00116991,B04,A549,24,arcyriaflavin-a,compound,BRD-K72726508-001-02-1,,['CDK inhibitor'],10.120309,-11.502511
BR00116991,B05,A549,24,CYM-5520,compound,BRD-K29151923-001-01-5,,['sphingosine 1 phosphate receptor agonist'],11.117744,-11.689004
BR00116991,B06,A549,24,fludarabine,compound,BRD-K66788707-001-14-3,,['ribonucleotide reductase inhibitor'],11.56359,-8.845253
BR00116991,B07,A549,24,alda-1,compound,BRD-K06890060-001-09-1,,,12.205676,-12.632722
BR00116991,B08,A549,24,meclofenamic-acid,compound,BRD-K50398167-236-22-7,,"['cyclooxygenase inhibitor', 'prostanoid receptor antagonist']",12.099847,-12.75507
BR00116991,B09,A549,24,GNF-5,compound,BRD-K87632963-001-03-0,,['Bcr-Abl kinase inhibitor'],12.87311,-12.333343
BR00116991,B10,A549,24,NS-309,compound,BRD-K37602296-001-01-6,,['calcium-activated potassium channel activator'],11.991936,-11.608128
BR00116991,B11,A549,24,AK-7,compound,BRD-K09143580-001-01-0,,['SIRT inhibitor'],11.4807415,-11.397095
BR00116991,B12,A549,24,BVT-948,compound,BRD-A22713669-001-04-3,,,12.44935,-11.259822
BR00116991,B13,A549,24,SirReal-2,compound,BRD-K16472653-001-01-6,,['SIRT inhibitor'],10.382821,-11.60389
BR00116991,B14,A549,24,DMSO,compound,,negcon,,12.764096,-14.119624
BR00116991,B15,A549,24,BMS-536924,compound,BRD-K34581968-001-05-3,,['IGF-1 inhibitor'],9.124695,-8.813015
BR00116991,B16,A549,24,PP-121,compound,BRD-K81801188-001-02-8,,['protein tyrosine kinase inhibitor'],7.6616025,-8.132459
BR00116991,B17,A549,24,MCOPPB,compound,BRD-K73276278-305-01-1,,,8.438805,-11.513189
BR00116991,B18,A549,24,ozagrel,compound,BRD-K53061490-003-13-9,,,11.427021,-13.182473
BR00116991,B19,A549,24,CYM-5442,compound,BRD-A43005764-003-01-5,,['sphingosine 1 phosphate receptor agonist'],9.396251,-12.334025
BR00116991,B20,A549,24,CVT-10216,compound,BRD-K60659193-001-01-0,,,10.972028,-13.637541
BR00116991,B21,A549,24,TCN201,compound,BRD-K09787262-001-02-7,,['glutamate receptor antagonist'],10.985953,-13.635924
BR00116991,B22,A549,24,fomepizole,compound,BRD-K56810756-003-07-7,,['alcohol dehydrogenase inhibitor'],10.854229,-13.276177
BR00116991,B23,A549,24,benzamil,compound,BRD-K87158025-003-08-7,,['sodium channel blocker'],10.596167,-13.299979
BR00116991,B24,A549,24,lercanidipine,compound,BRD-A18992208-003-02-7,,['calcium channel blocker'],10.011765,-11.859111
BR00116991,C01,A549,24,4-CMTB,compound,BRD-A54139254-001-09-2,,['free fatty acid receptor agonist'],11.597864,-13.499819
BR00116991,C02,A549,24,ML-228,compound,BRD-K44432556-001-05-5,,,11.570613,-13.952011
BR00116991,C03,A549,24,DMSO,compound,,negcon,,11.461963,-14.085291
BR00116991,C04,A549,24,GSK1070916,compound,BRD-K36740062-001-06-6,,['Aurora kinase inhibitor'],7.881348,-11.128139
BR00116991,C05,A549,24,ML-193,compound,BRD-K27539181-001-08-5,,,11.031194,-14.055347
BR00116991,C06,A549,24,DMSO,compound,,negcon,,11.830687,-14.177569
BR00116991,C07,A549,24,M-25,compound,BRD-K51265828-001-01-0,,['smoothened receptor antagonist'],11.10665,-13.299895
BR00116991,C08,A549,24,azeliragon,compound,BRD-K51899933-001-02-6,,['RAGE receptor antagonist'],8.071669,-11.231168
BR00116991,C09,A549,24,CYT-997,compound,BRD-K23363278-001-02-1,poscon_diverse,['tubulin polymerization inhibitor'],8.067243,-8.180374
BR00116991,C10,A549,24,AR-12,compound,BRD-K90497590-001-05-9,,,7.01486,-7.2651796
BR00116991,C11,A549,24,CYM-50260,compound,BRD-K69877120-001-01-7,,['sphingosine 1 phosphate receptor agonist'],10.460625,-12.015599
BR00116991,C12,A549,24,DMSO,compound,,negcon,,12.158438,-14.002932
BR00116991,C13,A549,24,KG-5,compound,BRD-K90747162-001-01-4,poscon_cp,['RAF inhibitor'],6.910305,-8.764753
BR00116991,C14,A549,24,JTE-607,compound,BRD-K81405859-300-01-4,,,11.311552,-9.349677
BR00116991,C15,A549,24,DMSO,compound,,negcon,,12.202555,-14.09382
BR00116991,C16,A549,24,ilomastat,compound,BRD-K51662849-001-05-4,,['matrix metalloprotease inhibitor'],11.492442,-12.980651
BR00116991,C17,A549,24,RX-821002,compound,BRD-A65597028-003-08-1,,['adrenergic receptor antagonist'],12.069533,-13.73004
BR00116991,C18,A549,24,DMSO,compound,,negcon,,12.167269,-14.13473
BR00116991,C19,A549,24,TUG-891,compound,BRD-K24282351-001-01-4,,['free fatty acid receptor agonist'],11.122841,-12.931164
BR00116991,C20,A549,24,ponatinib,compound,BRD-K44227013-001-08-0,,"['PDGFR tyrosine kinase receptor inhibitor', 'FLT3 inhibitor', 'Bcr-Abl kinase inhibitor']",7.1154737,-7.233699
BR00116991,C21,A549,24,DMSO,compound,,negcon,,12.275709,-14.248262
BR00116991,C22,A549,24,puromycin,compound,BRD-K01824976-300-02-9,,['protein synthesis inhibitor'],7.3074265,-7.486952
BR00116991,C23,A549,24,SRC-kinase-inhibitor-I,compound,BRD-K50495309-001-02-0,,['src inhibitor'],9.151934,-11.443805
BR00116991,C24,A549,24,acetylcysteine,compound,BRD-K59058747-001-19-1,,,11.0941105,-13.326774
BR00116991,D01,A549,24,NSC-625987,compound,BRD-K62949423-001-03-1,,['CDK inhibitor'],12.885904,-12.716652
BR00116991,D02,A549,24,dalfampridine,compound,BRD-K22482860-001-20-6,,['potassium channel blocker'],12.4397745,-12.697165
BR00116991,D03,A549,24,NSC-95397,compound,BRD-K68143200-001-11-7,,['CDC inhibitor'],10.089013,-8.82176
BR00116991,D04,A549,24,alrestatin,compound,BRD-K35498378-001-06-1,,['aldose reductase inhibitor'],12.878441,-12.563132
BR00116991,D05,A549,24,PF-03758309,compound,BRD-K37764012-001-03-3,poscon_diverse,['p21 activated kinase inhibitor'],12.765907,-13.395422
BR00116991,D06,A549,24,IRL-2500,compound,BRD-K98357249-001-02-9,,['endothelin receptor antagonist'],12.914628,-13.227153
BR00116991,D07,A549,24,PF-04217903,compound,BRD-K73319509-001-08-0,poscon_cp,,12.287885,-12.153231
BR00116991,D08,A549,24,FK-866,compound,BRD-K58550667-001-08-7,poscon_diverse,,10.5264015,-9.531673
BR00116991,D09,A549,24,amlexanox,compound,BRD-K29530284-001-06-2,,,11.123728,-12.397455
BR00116991,D10,A549,24,GW-311616,compound,BRD-K37864785-001-01-0,,['elastase inhibitor'],11.905769,-12.036119
BR00116991,D11,A549,24,buparlisib,compound,BRD-K42191735-001-08-7,poscon_diverse,,7.449368,-8.846251
BR00116991,D12,A549,24,amiloride,compound,BRD-K97181089-003-24-7,,['sodium channel blocker'],11.69571,-12.088776
BR00116991,D13,A549,24,DG-172,compound,BRD-K75748943-300-01-3,,,9.046957,-11.890552
BR00116991,D14,A549,24,DMSO,compound,,negcon,,12.742703,-14.224138
BR00116991,D15,A549,24,DMSO,compound,,negcon,,12.689342,-14.058716
BR00116991,D16,A549,24,NVP-ADW742,compound,BRD-K15179513-001-04-2,poscon_cp,,8.174571,-11.0247345
BR00116991,D17,A549,24,misoprostol,compound,BRD-A72351335-001-04-5,,['prostanoid receptor agonist'],12.533419,-12.681636
BR00116991,D18,A549,24,conivaptan,compound,BRD-K37385792-003-02-1,,,9.506853,-11.754401
BR00116991,D19,A549,24,spiroxatrine,compound,BRD-A72483914-001-03-7,,['serotonin receptor antagonist'],9.806837,-11.962565
BR00116991,D20,A549,24,diacerein,compound,BRD-K69122748-001-10-1,,,10.992917,-13.249319
BR00116991,D21,A549,24,DMSO,compound,,negcon,,11.297381,-13.71544
BR00116991,D22,A549,24,DMSO,compound,,negcon,,11.086902,-13.746941
BR00116991,D23,A549,24,glyburide,compound,BRD-K36927236-001-36-7,,['ATP channel blocker'],10.875951,-13.488623
BR00116991,D24,A549,24,ANR-94,compound,BRD-K31170746-001-01-6,,,11.193511,-13.289625
BR00116991,E01,A549,24,TFC-007,compound,BRD-K57708067-001-01-3,,,11.781311,-13.498516
BR00116991,E02,A549,24,trihexyphenidyl,compound,BRD-A48180038-003-24-3,,['acetylcholine receptor antagonist'],11.321376,-13.661286
BR00116991,E03,A549,24,epoprostenol,compound,BRD-K64054020-001-02-7,,,11.404167,-13.780359
BR00116991,E04,A549,24,sacubitril,compound,BRD-K91456750-001-01-9,,,11.263612,-14.035679
BR00116991,E05,A549,24,danusertib,compound,BRD-K07881437-001-03-8,poscon_diverse,"['growth factor receptor inhibitor', 'Aurora kinase inhibitor']",9.965023,-8.265749
BR00116991,E06,A549,24,CYT-997,compound,BRD-K23363278-001-02-1,poscon_diverse,['tubulin polymerization inhibitor'],7.6543064,-8.309412
BR00116991,E07,A549,24,DMSO,compound,,negcon,,11.644753,-14.1250925
BR00116991,E08,A549,24,BQ-788,compound,BRD-K02490038-236-03-8,,['endothelin receptor antagonist'],11.665508,-11.292015
BR00116991,E09,A549,24,SB-202190,compound,BRD-K54330070-001-19-6,poscon_orf,['p38 MAPK inhibitor'],9.805584,-14.089972
BR00116991,E10,A549,24,GSK2110183,compound,BRD-K25412176-001-01-9,poscon_diverse,,8.558639,-11.690557
BR00116991,E11,A549,24,GSK3787,compound,BRD-K03155172-001-03-0,,['PPAR receptor antagonist'],10.662989,-12.336428
BR00116991,E12,A549,24,BAM7,compound,BRD-K07442505-001-03-6,,,11.229076,-12.095061
BR00116991,E13,A549,24,PHA-793887,compound,BRD-K64800655-001-09-0,poscon_diverse,['CDK inhibitor'],9.526782,-7.2608867
BR00116991,E14,A549,24,DMSO,compound,,negcon,,12.211787,-14.244647
BR00116991,E15,A549,24,GSK-37647,compound,BRD-K26514105-001-01-7,,['free fatty acid receptor agonist'],8.974396,-11.774861
BR00116991,E16,A549,24,desonide,compound,BRD-K21528677-001-04-4,,['glucocorticoid receptor agonist'],10.047714,-13.036226
BR00116991,E17,A549,24,DMSO,compound,,negcon,,12.2834,-14.272308
BR00116991,E18,A549,24,aloxistatin,compound,BRD-K91188791-001-17-5,,,8.624225,-11.470177
BR00116991,E19,A549,24,azathioprine,compound,BRD-K32821942-001-22-1,,,10.79637,-12.904003
BR00116991,E20,A549,24,ZK-93423,compound,BRD-K33882852-003-02-8,poscon_diverse,['benzodiazepine receptor agonist'],10.833084,-11.0358925
BR00116991,E21,A549,24,BI-2536,compound,BRD-K64890080-001-02-1,poscon_diverse,,7.7197156,-8.651607
BR00116991,E22,A549,24,EI1,compound,BRD-K91535048-001-01-2,poscon_cp,['histone lysine methyltransferase inhibitor'],10.944749,-12.939042
BR00116991,E23,A549,24,NVP-HSP990,compound,BRD-K67915505-001-01-2,,['HSP inhibitor'],11.058445,-7.98795
BR00116991,E24,A549,24,DMSO,compound,,negcon,,11.570658,-13.963463
BR00116991,F01,A549,24,DMSO,compound,,negcon,,13.462895,-13.477809
BR00116991,F02,A549,24,nialamide,compound,BRD-K12102668-001-25-5,,,12.641332,-12.600164
BR00116991,F03,A549,24,DMSO,compound,,negcon,,13.467929,-13.707477
BR00116991,F04,A549,24,arundic-acid,compound,BRD-K49223707-001-01-0,,,12.808544,-12.408265
BR00116991,F05,A549,24,torcitabine,compound,BRD-K91822704-003-07-2,,,12.672955,-12.806982
BR00116991,F06,A549,24,DMSO,compound,,negcon,,13.219126,-13.455042
BR00116991,F07,A549,24,epothilone-b,compound,BRD-K68164687-001-01-6,,"['microtubule stabilizing agent', 'tubulin polymerization inhibitor']",7.096151,-8.770048
BR00116991,F08,A549,24,dyphylline,compound,BRD-A00827783-001-24-6,,['phosphodiesterase inhibitor'],12.200609,-12.505051
BR00116991,F09,A549,24,DMSO,compound,,negcon,,12.939749,-13.240999
BR00116991,F10,A549,24,quinidine,compound,BRD-K59632282-052-03-1,,['sodium channel blocker'],9.426778,-11.804712
BR00116991,F11,A549,24,halopemide,compound,BRD-K50055394-001-03-6,,,10.549797,-10.98083
BR00116991,F12,A549,24,sulfinpyrazone,compound,BRD-A36217750-001-16-3,,,12.440585,-13.240291
BR00116991,F13,A549,24,ML-323,compound,BRD-K93942811-001-01-3,poscon_cp,['ubiquitin specific protease inhibitor'],10.953711,-11.25146
BR00116991,F14,A549,24,racecadotril,compound,BRD-A08187463-001-12-9,,,9.391001,-11.38951
BR00116991,F15,A549,24,BRL-50481,compound,BRD-K84266862-001-03-2,,['phosphodiesterase inhibitor'],12.795227,-12.395073
BR00116991,F16,A549,24,GSK2110183,compound,BRD-K25412176-001-01-9,poscon_diverse,,8.5636425,-11.6696415
BR00116991,F17,A549,24,bufexamac,compound,BRD-K36660044-001-24-2,,['cyclooxygenase inhibitor'],10.725731,-12.318048
BR00116991,F18,A549,24,anandamide,compound,BRD-K42352790-001-05-3,,,13.343456,-11.890009
BR00116991,F19,A549,24,thioguanine,compound,BRD-K49350383-001-13-7,poscon_diverse,,9.418445,-9.51902
BR00116991,F20,A549,24,IWP-L6,compound,BRD-K53234107-001-01-6,,['porcupine inhibitor'],10.644503,-12.707551
BR00116991,F21,A549,24,edoxaban,compound,BRD-K29322660-001-01-9,,['coagulation factor inhibitor'],10.822863,-13.269788
BR00116991,F22,A549,24,lonafarnib,compound,BRD-K41599323-001-02-3,poscon_diverse,,9.532515,-11.342006
BR00116991,F23,A549,24,ibutamoren,compound,BRD-K44771174-066-01-0,,,8.874895,-11.910194
BR00116991,F24,A549,24,somatostatin,compound,BRD-K14681867-001-01-6,,['somatostatin receptor agonist'],11.129275,-13.260714
BR00116991,G01,A549,24,L-proline,compound,BRD-K01666412-001-02-0,,,11.7706,-13.498537
BR00116991,G02,A549,24,zamifenacin,compound,BRD-K80451230-051-02-6,,['acetylcholine receptor antagonist'],11.538253,-13.598524
BR00116991,G03,A549,24,YC-1,compound,BRD-K60476892-001-16-1,,,11.413321,-13.502323
BR00116991,G04,A549,24,DMSO,compound,,negcon,,11.981346,-14.304979
BR00116991,G05,A549,24,ME-0328,compound,BRD-K24283677-001-01-9,,['PPAR receptor antagonist'],11.12983,-13.852903
BR00116991,G06,A549,24,NSC-663284,compound,BRD-K03109492-001-02-2,,['CDC inhibitor'],8.219567,-7.8709664
BR00116991,G07,A549,24,CYM-50358,compound,BRD-K80666802-003-01-0,,,8.638249,-12.041538
BR00116991,G08,A549,24,trazodone,compound,BRD-K70778732-003-27-5,,"['adrenergic receptor antagonist', 'serotonin receptor antagonist']",11.426966,-13.634493
BR00116991,G09,A549,24,DMSO,compound,,negcon,,12.440422,-14.2309265
BR00116991,G10,A549,24,DMSO,compound,,negcon,,12.603614,-14.27056
BR00116991,G11,A549,24,sulfasalazine,compound,BRD-K10670311-001-17-1,,['cyclooxygenase inhibitor'],11.149017,-12.571514
BR00116991,G12,A549,24,"2,5-furandimethanol",compound,BRD-K29791386-001-01-8,,,11.205975,-12.859736
BR00116991,G13,A549,24,DMSO,compound,,negcon,,12.297103,-14.187797
BR00116991,G14,A549,24,dilazep,compound,BRD-K48722258-300-11-0,,,11.521013,-12.976553
BR00116991,G15,A549,24,felodipine,compound,BRD-A30815329-001-12-1,,['calcium channel blocker'],10.99814,-12.83852
BR00116991,G16,A549,24,paliperidone,compound,BRD-A99888680-001-05-3,,"['dopamine receptor antagonist', 'serotonin receptor antagonist']",11.040564,-12.618186
BR00116991,G17,A549,24,purvalanol-a,compound,BRD-K50836978-001-03-3,poscon_orf,['CDK inhibitor'],10.5699625,-8.8627825
BR00116991,G18,A549,24,DMSO,compound,,negcon,,12.085091,-14.187626
BR00116991,G19,A549,24,Ro-1138452,compound,BRD-K77220725-003-01-5,,['prostanoid receptor antagonist'],8.828153,-11.709417
BR00116991,G20,A549,24,sorbinil,compound,BRD-A89164055-001-03-3,,['aldose reductase inhibitor'],11.748033,-12.50765
BR00116991,G21,A549,24,TC-S-7004,compound,BRD-K89517477-001-01-4,poscon_cp,['DYRK inhibitor'],10.417268,-12.14423
BR00116991,G22,A549,24,saclofen,compound,BRD-A24122750-001-03-7,,['GABA receptor antagonist'],11.782642,-13.209282
BR00116991,G23,A549,24,BAY-87-2243,compound,BRD-K70463136-001-01-5,,,10.684125,-11.186026
BR00116991,G24,A549,24,ibudilast,compound,BRD-K16444452-001-09-1,,['phosphodiesterase inhibitor'],11.17924,-13.062008
BR00116991,H01,A549,24,briciclib,compound,BRD-K05531427-001-01-7,,,6.898118,-8.768504
BR00116991,H02,A549,24,2-Oleoylglycerol,compound,BRD-K77087341-001-02-4,,,12.222141,-12.691459
BR00116991,H03,A549,24,RGFP966,compound,BRD-K61688984-001-02-9,poscon_cp,['HDAC inhibitor'],10.554446,-11.520586
BR00116991,H04,A549,24,DMSO,compound,,negcon,,13.59771,-13.743472
BR00116991,H05,A549,24,azacitidine,compound,BRD-K03406345-001-21-1,poscon_diverse,,10.267159,-9.154598
BR00116991,H06,A549,24,N6-cyclopentyladenosine,compound,BRD-K60150510-001-15-6,,,12.273672,-12.456191
BR00116991,H07,A549,24,filgotinib,compound,BRD-K16803204-001-01-6,poscon_cp,['JAK inhibitor'],11.692023,-12.276983
BR00116991,H08,A549,24,guanidine,compound,BRD-K76037122-001-02-5,,['HSP inhibitor'],12.097196,-12.786643
BR00116991,H09,A549,24,coumarin,compound,BRD-K23913458-001-20-7,,,12.191946,-12.4385
BR00116991,H10,A549,24,DMSO,compound,,negcon,,13.350151,-12.883675
BR00116991,H11,A549,24,ZM-336372,compound,BRD-K73789395-001-09-9,poscon_orf,['RAF inhibitor'],11.538964,-10.882399
BR00116991,H12,A549,24,citric-acid,compound,BRD-K76792669-001-08-1,,['coagulation factor inhibitor'],11.981094,-12.057513
BR00116991,H13,A549,24,DMSO,compound,,negcon,,12.771146,-14.089587
BR00116991,H14,A549,24,CCG-63802,compound,BRD-K26970495-001-02-7,,['G protein signaling inhibitor'],12.282211,-11.709979
BR00116991,H15,A549,24,ibutilide,compound,BRD-A74391928-051-03-9,,['potassium channel blocker'],9.2671795,-11.703867
BR00116991,H16,A549,24,batimastat,compound,BRD-K82818427-001-04-8,,['matrix metalloprotease inhibitor'],9.9148,-11.662285
BR00116991,H17,A549,24,DMSO,compound,,negcon,,12.8249,-14.066832
BR00116991,H18,A549,24,DMSO,compound,,negcon,,12.538032,-14.351834
BR00116991,H19,A549,24,UNC1999,compound,BRD-K26989966-001-04-3,poscon_cp,['histone lysine methyltransferase inhibitor'],7.288406,-7.720154
BR00116991,H20,A549,24,glutamine-(l),compound,BRD-K83896451-001-06-7,,,11.127261,-13.344949
BR00116991,H21,A549,24,PD-98059,compound,BRD-K62810658-001-11-4,poscon_orf,,10.595301,-13.212853
BR00116991,H22,A549,24,enilconazole,compound,BRD-K01825690-065-01-9,,,11.0138445,-13.537441
BR00116991,H23,A549,24,N-alpha-Methylhistamine-dihydrochloride,compound,BRD-K75390981-300-04-9,,['histamine receptor agonist'],10.940296,-13.47298
BR00116991,H24,A549,24,GK921,compound,BRD-K38272302-001-02-7,,,7.6112757,-8.036689
BR00116991,I01,A549,24,nilvadipine,compound,BRD-A84687895-001-03-2,,['calcium channel blocker'],11.722327,-13.530046
BR00116991,I02,A549,24,DMSO,compound,,negcon,,11.671848,-14.171063
BR00116991,I03,A549,24,AC-710,compound,BRD-K15819326-001-01-6,,['PDGFR tyrosine kinase receptor inhibitor'],8.271342,-11.648019
BR00116991,I04,A549,24,PETCM,compound,BRD-A93477898-001-04-2,,,11.166745,-14.041646
BR00116991,I05,A549,24,AZD7762,compound,BRD-K86525559-001-07-8,poscon_diverse,['CHK inhibitor'],6.848276,-7.519423
BR00116991,I06,A549,24,PHA-793887,compound,BRD-K64800655-001-09-0,poscon_diverse,['CDK inhibitor'],8.180058,-7.8997827
BR00116991,I07,A549,24,KU-60019,compound,BRD-K36016295-001-05-2,,['ATM kinase inhibitor'],7.900435,-9.048851
BR00116991,I08,A549,24,nafamostat,compound,BRD-K06674495-334-04-0,,,10.375319,-11.088864
BR00116991,I09,A549,24,DMSO,compound,,negcon,,12.614732,-14.258976
BR00116991,I10,A549,24,DMSO,compound,,negcon,,12.3818655,-14.198712
BR00116991,I11,A549,24,taladegib,compound,BRD-K50498985-001-03-3,,['smoothened receptor antagonist'],11.132632,-12.194328
BR00116991,I12,A549,24,acetohexamide,compound,BRD-K52960356-001-13-0,,['ATP channel blocker'],11.666664,-13.420591
BR00116991,I13,A549,24,minocycline,compound,BRD-A69651145-003-11-4,,,11.821756,-13.291651
BR00116991,I14,A549,24,BI-2536,compound,BRD-K64890080-001-02-1,poscon_diverse,,7.716493,-8.647594
BR00116991,I15,A549,24,riociguat,compound,BRD-K84783599-001-01-0,,,12.01989,-13.785806
BR00116991,I16,A549,24,CP-724714,compound,BRD-K76908866-001-07-6,poscon_cp,"['EGFR inhibitor', 'protein tyrosine kinase inhibitor']",10.030684,-11.751813
BR00116991,I17,A549,24,ganetespib,compound,BRD-K38852836-001-04-9,poscon_diverse,['HSP inhibitor'],10.982756,-7.961938
BR00116991,I18,A549,24,AZ191,compound,BRD-K80935598-001-01-1,poscon_cp,['DYRK inhibitor'],8.373136,-10.797904
BR00116991,I19,A549,24,BAX-channel-blocker,compound,BRD-A18763547-300-06-3,,,8.249166,-11.347474
BR00116991,I20,A549,24,SU3327,compound,BRD-K32730239-001-01-0,,['JNK inhibitor'],9.330626,-7.802161
BR00116991,I21,A549,24,DMSO,compound,,negcon,,12.122152,-14.021447
BR00116991,I22,A549,24,DMSO,compound,,negcon,,11.739968,-13.819513
BR00116991,I23,A549,24,octreotide,compound,BRD-A64173453-015-03-1,,['somatostatin receptor agonist'],11.22149,-13.288783
BR00116991,I24,A549,24,1-octanol,compound,BRD-K09338665-001-08-9,,,11.49774,-13.204658
BR00116991,J01,A549,24,acalabrutinib,compound,BRD-K64034691-001-01-9,,"[""Bruton's tyrosine kinase (BTK) inhibitor""]",12.351469,-12.682159
BR00116991,J02,A549,24,rifamycin,compound,BRD-K38512030-001-01-7,,,12.520158,-12.509752
BR00116991,J03,A549,24,pazopanib,compound,BRD-K74514084-003-09-2,,"['KIT inhibitor', 'VEGFR inhibitor', 'PDGFR tyrosine kinase receptor inhibitor']",11.056348,-10.426249
BR00116991,J04,A549,24,RKI-1447,compound,BRD-K19333160-001-01-3,poscon_cp,,10.421861,-10.181764
BR00116991,J05,A549,24,vitamin-E,compound,BRD-K97091514-001-11-4,,['PKC inhibitor'],12.287958,-12.48344
BR00116991,J06,A549,24,lonafarnib,compound,BRD-K41599323-001-02-3,poscon_diverse,,9.545912,-11.194706
BR00116991,J07,A549,24,ethyl-pyruvate,compound,BRD-K47738867-001-01-5,,,12.09339,-12.546321
BR00116991,J08,A549,24,picrotin,compound,BRD-A91822151-001-05-0,,['GABA receptor antagonist'],12.126297,-12.539596
BR00116991,J09,A549,24,SGX523,compound,BRD-K19477839-001-07-6,poscon_cp,,11.371505,-12.218165
BR00116991,J10,A549,24,PP-2,compound,BRD-K95785537-001-22-3,,['src inhibitor'],9.797424,-8.93086
BR00116991,J11,A549,24,ME-0328,compound,BRD-A63444178-001-01-5,,['PPAR receptor antagonist'],11.754049,-12.2490635
BR00116991,J12,A549,24,AZD9668,compound,BRD-K31476763-001-01-5,,['elastase inhibitor'],11.374397,-11.7099495
BR00116991,J13,A549,24,NQDI-1,compound,BRD-K61918008-001-07-1,,,11.430867,-11.712414
BR00116991,J14,A549,24,DMSO,compound,,negcon,,13.514558,-14.000366
BR00116991,J15,A549,24,carzenide,compound,BRD-K09295674-001-09-8,,,11.561869,-8.810169
BR00116991,J16,A549,24,KU-55933,compound,BRD-K25311561-001-10-7,,['ATM kinase inhibitor'],9.912179,-13.974741
BR00116991,J17,A549,24,NVP-AEW541,compound,BRD-K24696047-001-02-3,poscon_cp,['IGF-1 inhibitor'],8.26877,-11.317308
BR00116991,J18,A549,24,leflunomide,compound,BRD-K78692225-001-24-5,,['PDGFR tyrosine kinase receptor inhibitor'],10.075573,-12.638122
BR00116991,J19,A549,24,DMSO,compound,,negcon,,11.867675,-13.722014
BR00116991,J20,A549,24,azacitidine,compound,BRD-K03406345-001-21-1,poscon_diverse,,10.220475,-9.129399
BR00116991,J21,A549,24,ixabepilone,compound,BRD-K03601870-001-01-2,,['microtubule stabilizing agent'],6.94972,-8.626577
BR00116991,J22,A549,24,KH-CB19,compound,BRD-K66430217-001-03-8,poscon_cp,['CDC inhibitor'],10.69871,-13.300366
BR00116991,J23,A549,24,DMSO,compound,,negcon,,11.575211,-14.003201
BR00116991,J24,A549,24,PF-05190457,compound,BRD-K02554563-001-01-6,,,9.484967,-12.149498
BR00116991,K01,A549,24,LDN-212854,compound,BRD-K59831625-001-03-9,,,7.1302304,-7.448002
BR00116991,K02,A549,24,formononetin,compound,BRD-K55567017-001-12-3,,['alcohol dehydrogenase inhibitor'],11.39815,-13.682551
BR00116991,K03,A549,24,aminopurvalanol-a,compound,BRD-K07762753-001-05-1,poscon_orf,['CDK inhibitor'],9.800239,-8.015738
BR00116991,K04,A549,24,ruxolitinib,compound,BRD-K53972329-001-01-3,poscon_cp,['JAK inhibitor'],11.238574,-13.4420805
BR00116991,K05,A549,24,DMSO,compound,,negcon,,11.732892,-14.284175
BR00116991,K06,A549,24,DMSO,compound,,negcon,,12.90179,-14.409592
BR00116991,K07,A549,24,LGK-974,compound,BRD-K16810791-001-01-0,,['porcupine inhibitor'],10.972377,-12.975517
BR00116991,K08,A549,24,polydatin,compound,BRD-K43236057-001-07-1,,['ICAM1 expression inhibitor'],9.474981,-8.186893
BR00116991,K09,A549,24,enflurane,compound,BRD-A51831848-001-01-7,,,12.384748,-13.578688
BR00116991,K10,A549,24,PFI-1,compound,BRD-K13094524-001-04-2,poscon_cp,,11.881488,-13.038389
BR00116991,K11,A549,24,AZD7762,compound,BRD-K86525559-001-07-8,poscon_diverse,['CHK inhibitor'],6.846332,-7.5003304
BR00116991,K12,A549,24,sotrastaurin,compound,BRD-K16761703-001-03-8,,['PKC inhibitor'],11.621349,-12.146118
BR00116991,K13,A549,24,DMSO,compound,,negcon,,12.142847,-13.8688545
BR00116991,K14,A549,24,cycloheximide,compound,BRD-K36055864-001-20-0,,['protein synthesis inhibitor'],9.331295,-7.5012197
BR00116991,K15,A549,24,oxytocin,compound,BRD-K25243230-001-01-2,,,11.858954,-13.094509
BR00116991,K16,A549,24,DMSO,compound,,negcon,,12.419213,-14.367927
BR00116991,K17,A549,24,colchicine,compound,BRD-K00259736-001-16-4,,,6.952132,-8.70503
BR00116991,K18,A549,24,afimoxifene,compound,BRD-K04210847-001-21-9,,,9.439347,-12.288454
BR00116991,K19,A549,24,DMSO,compound,,negcon,,12.397837,-14.313392
BR00116991,K20,A549,24,ZK-93423,compound,BRD-K33882852-003-02-8,poscon_diverse,['benzodiazepine receptor agonist'],10.791032,-10.895163
BR00116991,K21,A549,24,RGB-286638,compound,BRD-K20986415-001-02-6,,['CDK inhibitor'],7.8898716,-7.702066
BR00116991,K22,A549,24,FPS-ZM1,compound,BRD-K87691185-001-01-2,,['RAGE receptor antagonist'],11.009079,-13.294052
BR00116991,K23,A549,24,flindokalner,compound,BRD-K56740996-001-02-1,,,10.794511,-13.17065
BR00116991,K24,A549,24,motesanib,compound,BRD-K99616396-316-05-3,,"['KIT inhibitor', 'VEGFR inhibitor', 'PDGFR tyrosine kinase receptor inhibitor']",10.451339,-11.644991
BR00116991,L01,A549,24,geldanamycin,compound,BRD-K43570081-001-02-4,,['HSP inhibitor'],10.924749,-7.887888
BR00116991,L02,A549,24,DMSO,compound,,negcon,,13.388948,-13.607143
BR00116991,L03,A549,24,CGP-53353,compound,BRD-K32292990-001-03-6,,"['PKC inhibitor', 'EGFR inhibitor']",11.266278,-11.180035
BR00116991,L04,A549,24,7-hydroxystaurosporine,compound,BRD-K45293975-001-02-0,,"['CDK inhibitor', 'PKC inhibitor', 'CHK inhibitor']",7.905691,-10.578031
BR00116991,L05,A549,24,DMSO,compound,,negcon,,13.036857,-13.736852
BR00116991,L06,A549,24,DMSO,compound,,negcon,,13.034762,-13.851332
BR00116991,L07,A549,24,efaproxiral,compound,BRD-K37355418-236-01-6,,,11.553324,-11.495987
BR00116991,L08,A549,24,SB-203580,compound,BRD-A37704979-001-12-3,poscon_orf,['p38 MAPK inhibitor'],9.689585,-14.137673
BR00116991,L09,A549,24,FK-866,compound,BRD-K58550667-001-08-7,poscon_diverse,,10.452208,-9.648378
BR00116991,L10,A549,24,bepridil,compound,BRD-A91008255-003-24-8,,['calcium channel blocker'],9.798432,-12.12394
BR00116991,L11,A549,24,delanzomib,compound,BRD-K59325863-001-04-4,,,7.8272085,-7.4617567
BR00116991,L12,A549,24,buparlisib,compound,BRD-K42191735-001-08-7,poscon_diverse,,7.4363194,-8.7411585
BR00116991,L13,A549,24,phenylbutazone,compound,BRD-K10843433-001-23-5,,"['cyclooxygenase inhibitor', 'prostanoid receptor antagonist']",12.065592,-12.197932
BR00116991,L14,A549,24,deferasirox,compound,BRD-K97010173-001-04-1,,,11.370962,-9.498416
BR00116991,L15,A549,24,DMSO,compound,,negcon,,13.02146,-14.050052
BR00116991,L16,A549,24,cediranib,compound,BRD-K86930074-001-05-0,,"['KIT inhibitor', 'VEGFR inhibitor']",8.379338,-10.795093
BR00116991,L17,A549,24,isoflurane,compound,BRD-A31564021-001-02-6,,,11.729245,-12.969396
BR00116991,L18,A549,24,DMSO,compound,,negcon,,11.891477,-13.556352
BR00116991,L19,A549,24,CCG-50014,compound,BRD-K08893438-001-06-4,,['G protein signaling inhibitor'],11.480085,-13.036964
BR00116991,L20,A549,24,PF-431396,compound,BRD-K93788137-001-04-1,,,10.679279,-8.298679
BR00116991,L21,A549,24,TG-02,compound,BRD-K14560436-001-01-4,,"['CDK inhibitor', 'FLT3 inhibitor', 'JAK inhibitor']",9.479109,-7.2791986
BR00116991,L22,A549,24,baclofen,compound,BRD-K01826724-003-07-9,,['benzodiazepine receptor agonist'],10.945714,-13.428525
BR00116991,L23,A549,24,thiostrepton,compound,BRD-A20697603-001-07-2,,['protein synthesis inhibitor'],8.709163,-11.354738
BR00116991,L24,A549,24,flufenamic-acid,compound,BRD-K44067360-001-29-5,,,10.830698,-13.322264
BR00116991,M01,A549,24,DMSO,compound,,negcon,,11.69021,-13.927314
BR00116991,M02,A549,24,LY2109761,compound,BRD-K47557313-001-02-7,,,11.46359,-12.863112
BR00116991,M03,A549,24,olopatadine,compound,BRD-K67637637-003-11-8,,['histamine receptor antagonist'],11.421802,-13.686253
BR00116991,M04,A549,24,DMSO,compound,,negcon,,12.953241,-14.398501
BR00116991,M05,A549,24,castanospermine,compound,BRD-K20897876-001-11-8,,['glucosidase inhibitor'],11.014916,-14.06715
BR00116991,M06,A549,24,A205804,compound,BRD-K77627880-001-04-0,,['ICAM1 expression inhibitor'],10.938658,-13.957571
BR00116991,M07,A549,24,VU591,compound,BRD-K72063794-003-01-0,,['potassium channel blocker'],11.413677,-13.326306
BR00116991,M08,A549,24,dalbavancin,compound,BRD-K30177383-001-01-0,,['bacterial cell wall synthesis inhibitor'],11.45747,-12.948429
BR00116991,M09,A549,24,CC-401,compound,BRD-K45746021-003-01-9,,['JNK inhibitor'],11.102745,-12.63018
BR00116991,M10,A549,24,ganetespib,compound,BRD-K38852836-001-04-9,poscon_diverse,['HSP inhibitor'],10.999882,-7.9132843
BR00116991,M11,A549,24,ingenol-mebutate,compound,BRD-K93779381-001-01-9,,,7.584026,-8.273723
BR00116991,M12,A549,24,menadione,compound,BRD-K78126613-001-27-7,,,12.127806,-11.516041
BR00116991,M13,A549,24,cetilistat,compound,BRD-K94863486-001-02-2,,,11.460809,-13.02143
BR00116991,M14,A549,24,methoxsalen,compound,BRD-K63430059-001-16-4,,['DNA synthesis inhibitor'],11.3196125,-13.20367
BR00116991,M15,A549,24,cyclosporine,compound,BRD-K13533483-001-16-2,,,9.177246,-7.707437
BR00116991,M16,A549,24,NSC-632839,compound,BRD-K81197548-003-01-4,poscon_cp,['ubiquitin specific protease inhibitor'],7.7637253,-7.654942
BR00116991,M17,A549,24,DMSO,compound,,negcon,,12.262241,-14.312673
BR00116991,M18,A549,24,TG-003,compound,BRD-K97072811-001-11-4,poscon_cp,,10.833156,-12.661651
BR00116991,M19,A549,24,oxibendazole,compound,BRD-K52075715-001-06-7,,['tubulin polymerization inhibitor'],6.943759,-8.671044
BR00116991,M20,A549,24,TG-101348,compound,BRD-K12502280-001-11-4,poscon_cp,"['JAK inhibitor', 'FLT3 inhibitor']",7.2454042,-7.5009995
BR00116991,M21,A549,24,miglitol,compound,BRD-A63310107-001-04-8,,['glucosidase inhibitor'],11.551843,-13.137561
BR00116991,M22,A549,24,DMSO,compound,,negcon,,12.056368,-14.118552
BR00116991,M23,A549,24,DMSO,compound,,negcon,,11.8542,-14.127856
BR00116991,M24,A549,24,tranilast,compound,BRD-K17849083-001-32-9,,,10.782767,-13.18875
BR00116991,N01,A549,24,4-methylhistamine,compound,BRD-K70821460-300-02-4,,['histamine receptor agonist'],12.937507,-13.0587435
BR00116991,N02,A549,24,LDN-27219,compound,BRD-K51485109-001-01-4,,,12.319891,-12.615922
BR00116991,N03,A549,24,anisomycin,compound,BRD-K91370081-001-25-1,,['DNA synthesis inhibitor'],8.346075,-7.1298375
BR00116991,N04,A549,24,thioguanine,compound,BRD-K49350383-001-13-7,poscon_diverse,,9.398126,-9.538322
BR00116991,N05,A549,24,droxinostat,compound,BRD-K11558771-001-13-9,,['HDAC inhibitor'],10.665062,-11.40316
BR00116991,N06,A549,24,UNC2025,compound,BRD-K91283740-003-01-6,poscon_cp,['FLT3 inhibitor'],7.941764,-10.947768
BR00116991,N07,A549,24,DMSO,compound,,negcon,,13.120685,-13.666079
BR00116991,N08,A549,24,DMSO,compound,,negcon,,13.268286,-14.0386
BR00116991,N09,A549,24,AMG900,compound,BRD-K21728777-001-02-3,poscon_cp,['Aurora kinase inhibitor'],10.479597,-8.351368
BR00116991,N10,A549,24,PF-06463922,compound,BRD-A23124853-001-01-4,,['ALK tyrosine kinase receptor inhibitor'],9.600186,-11.378129
BR00116991,N11,A549,24,orantinib,compound,BRD-K55966568-001-09-6,poscon_cp,"['FGFR inhibitor', 'PDGFR tyrosine kinase receptor inhibitor', 'VEGFR inhibitor']",11.816209,-11.751976
BR00116991,N12,A549,24,fludarabine-phosphate,compound,BRD-K71106091-001-09-5,,['ribonucleotide reductase inhibitor'],11.315153,-8.659833
BR00116991,N13,A549,24,ceritinib,compound,BRD-K22149900-001-06-2,,['ALK tyrosine kinase receptor inhibitor'],8.825732,-11.595321
BR00116991,N14,A549,24,NVS-PAK1-1,compound,BRD-K28132190-001-02-0,poscon_cp,['p21 activated kinase inhibitor'],10.167651,-11.820758
BR00116991,N15,A549,24,homoharringtonine,compound,BRD-K76674262-001-03-3,,['protein synthesis inhibitor'],8.523705,-7.048771
BR00116991,N16,A549,24,picrotoxinin,compound,BRD-K36461289-001-05-8,,['GABA receptor antagonist'],12.610748,-12.974213
BR00116991,N17,A549,24,DMSO,compound,,negcon,,12.616693,-14.162545
BR00116991,N18,A549,24,danusertib,compound,BRD-K07881437-001-03-8,poscon_diverse,"['growth factor receptor inhibitor', 'Aurora kinase inhibitor']",10.136729,-8.428662
BR00116991,N19,A549,24,romidepsin,compound,BRD-K61397605-001-01-8,poscon_cp,['HDAC inhibitor'],7.300521,-7.6047435
BR00116991,N20,A549,24,FERb-033,compound,BRD-K61642990-001-01-0,poscon_cp,['EGFR inhibitor'],11.22615,-12.875352
BR00116991,N21,A549,24,PF-03758309,compound,BRD-K37764012-001-03-3,poscon_diverse,['p21 activated kinase inhibitor'],9.47991,-7.250007
BR00116991,N22,A549,24,DMSO,compound,,negcon,,11.061088,-13.694425
BR00116991,N23,A549,24,trometamol,compound,BRD-K47978074-001-03-2,,,10.738079,-13.517762
BR00116991,N24,A549,24,simvastatin,compound,BRD-K22134346-001-22-3,,['HMGCR inhibitor'],10.606614,-13.419066
BR00116991,O01,A549,24,zaprinast,compound,BRD-K16542329-001-16-8,,['phosphodiesterase inhibitor'],11.332071,-13.935892
BR00116991,O02,A549,24,dexamethasone,compound,BRD-A10188456-001-04-9,,['glucocorticoid receptor agonist'],9.970012,-13.273251
BR00116991,O03,A549,24,salicylic-acid,compound,BRD-K93632104-001-17-2,,['cyclooxygenase inhibitor'],11.196886,-13.927292
BR00116991,O04,A549,24,diltiazem,compound,BRD-A69636825-003-04-7,,['calcium channel blocker'],10.548097,-13.643016
BR00116991,O05,A549,24,phenolphthalein,compound,BRD-K19227686-001-18-6,,,11.193244,-13.995489
BR00116991,O06,A549,24,niflumic-acid,compound,BRD-K98763141-001-30-8,,['cyclooxygenase inhibitor'],11.023801,-14.079428
BR00116991,O07,A549,24,DMSO,compound,,negcon,,12.850019,-14.486844
BR00116991,O08,A549,24,L-Cystine,compound,BRD-A15397381-001-02-5,,,10.9921,-13.959927
BR00116991,O09,A549,24,ozanimod,compound,BRD-K46625559-001-01-8,,['sphingosine 1 phosphate receptor agonist'],9.887859,-12.819968
BR00116991,O10,A549,24,efaroxan,compound,BRD-A10739734-003-09-8,,['adrenergic receptor antagonist'],11.94469,-13.631883
BR00116991,O11,A549,24,NBQX,compound,BRD-K11796549-001-05-2,,['glutamate receptor antagonist'],11.888576,-13.55125
BR00116991,O12,A549,24,dinoprostone,compound,BRD-K26521938-001-07-2,,['prostanoid receptor agonist'],11.858411,-13.334281
BR00116991,O13,A549,24,Ro-20-1724,compound,BRD-A07207424-001-14-0,,['phosphodiesterase inhibitor'],11.834956,-13.342151
BR00116991,O14,A549,24,xanomeline,compound,BRD-K72815923-034-02-0,,['acetylcholine receptor agonist'],11.982973,-13.444639
BR00116991,O15,A549,24,terazosin,compound,BRD-K01825589-310-02-9,,['adrenergic receptor antagonist'],11.929391,-13.31106
BR00116991,O16,A549,24,BVT-948,compound,BRD-K68567222-001-01-2,,,12.155421,-13.380251
BR00116991,O17,A549,24,nicotine,compound,BRD-K01825660-322-01-9,,['acetylcholine receptor agonist'],11.860017,-13.514531
BR00116991,O18,A549,24,DMSO,compound,,negcon,,11.85591,-13.857936
BR00116991,O19,A549,24,U-0521,compound,BRD-K08953028-001-09-6,,,11.617549,-13.393845
BR00116991,O20,A549,24,BMS-587101,compound,BRD-K20093108-001-02-3,,,11.478432,-13.478406
BR00116991,O21,A549,24,nimodipine,compound,BRD-A58048407-001-20-4,,['calcium channel blocker'],11.218475,-12.982193
BR00116991,O22,A549,24,pyrrolidine-dithiocarbamate,compound,BRD-K80970344-201-08-6,,,9.681294,-7.651127
BR00116991,O23,A549,24,PF-915275,compound,BRD-K18289362-001-02-2,,,10.756409,-13.443581
BR00116991,O24,A549,24,JTE-013,compound,BRD-K43330982-001-02-3,,,10.972512,-13.27892
BR00116991,P01,A549,24,sodium-butyrate,compound,BRD-K05878375-236-05-7,,['HDAC inhibitor'],12.17199,-11.37086
BR00116991,P02,A549,24,pentostatin,compound,BRD-K91543828-001-02-0,,['ribonucleotide reductase inhibitor'],13.578247,-12.959343
BR00116991,P03,A549,24,OMDM-2,compound,BRD-K48830578-001-01-9,,,11.656261,-11.775666
BR00116991,P04,A549,24,nalmefene,compound,BRD-A72767275-003-01-6,,,13.213498,-12.539973
BR00116991,P05,A549,24,DMSO,compound,,negcon,,13.862341,-13.226838
BR00116991,P06,A549,24,1-EBIO,compound,BRD-K70586315-001-02-4,,,13.772273,-12.892736
BR00116991,P07,A549,24,SB-505124,compound,BRD-K40109029-001-02-9,,['ALK tyrosine kinase receptor inhibitor'],10.563898,-9.93044
BR00116991,P08,A549,24,prasugrel,compound,BRD-A83029242-001-06-1,,['purinergic receptor antagonist'],9.336659,-11.944099
BR00116991,P09,A549,24,pidolic-acid,compound,BRD-K57313110-001-06-8,,,13.221653,-12.719884
BR00116991,P10,A549,24,DMSO,compound,,negcon,,13.763192,-13.338955
BR00116991,P11,A549,24,nevirapine,compound,BRD-K15502390-001-20-9,,,12.57688,-12.988843
BR00116991,P12,A549,24,triamterene,compound,BRD-K92049597-001-20-8,,['sodium channel blocker'],13.21909,-12.486284
BR00116991,P13,A549,24,regorafenib,compound,BRD-K16730910-001-07-3,,"['PDGFR tyrosine kinase receptor inhibitor', 'RAF inhibitor', 'KIT inhibitor', 'RET tyrosine kinase inhibitor', 'FGFR inhibitor', 'VEGFR inhibitor']",10.445565,-11.818769
BR00116991,P14,A549,24,cyclophosphamide,compound,BRD-A09722536-002-18-0,,,13.325255,-12.74142
BR00116991,P15,A549,24,olanzapine,compound,BRD-K18895904-001-16-1,,"['dopamine receptor antagonist', 'serotonin receptor antagonist']",9.350601,-11.892672
BR00116991,P16,A549,24,KI-16425,compound,BRD-A25569250-001-03-3,,['lysophosphatidic acid receptor antagonist'],10.507394,-9.4988165
BR00116991,P17,A549,24,SKLB1002,compound,BRD-K29895144-001-01-0,,['VEGFR inhibitor'],13.114783,-12.772671
BR00116991,P18,A549,24,cilostazol,compound,BRD-K67017579-001-28-1,,['phosphodiesterase inhibitor'],12.791075,-13.042802
BR00116991,P19,A549,24,AZD1283,compound,BRD-K77060810-001-01-5,,['purinergic receptor antagonist'],12.239355,-12.909017
BR00116991,P20,A549,24,A-987306,compound,BRD-K68982262-001-01-4,,['histamine receptor antagonist'],8.683741,-11.73106
BR00116991,P21,A549,24,procaine,compound,BRD-K24616672-003-20-1,,['HMGCR inhibitor'],11.392994,-13.03282
BR00116991,P22,A549,24,miconazole,compound,BRD-A82396632-008-30-8,,['bacterial cell wall synthesis inhibitor'],10.870961,-12.730729
BR00116991,P23,A549,24,loperamide,compound,BRD-K61250553-003-30-6,,,8.587673,-11.866702
BR00116991,P24,A549,24,aripiprazole,compound,BRD-K70358946-001-17-3,,['serotonin receptor antagonist'],8.623972,-11.649018
BR00116992,A01,A549,24,gabapentin-enacarbil,compound,BRD-A86665761-001-01-1,,,12.996874,-12.024416
BR00116992,A02,A549,24,DMSO,compound,,negcon,,13.614457,-13.416616
BR00116992,A03,A549,24,amlodipine,compound,BRD-A22032524-074-09-9,,['calcium channel blocker'],8.867367,-11.67806
BR00116992,A04,A549,24,hexestrol,compound,BRD-A01078468-001-14-8,,,12.82739,-12.261369
BR00116992,A05,A549,24,quinine,compound,BRD-K48278478-001-01-2,,,10.212422,-11.9485855
BR00116992,A06,A549,24,LOXO-101,compound,BRD-K36574127-001-01-3,,,12.932586,-12.650632
BR00116992,A07,A549,24,brinzolamide,compound,BRD-K74913225-001-14-0,,['carbonic anhydrase inhibitor'],12.635256,-12.310573
BR00116992,A08,A549,24,NS-11021,compound,BRD-K94342292-001-01-3,,['calcium-activated potassium channel activator'],11.847267,-10.178498
BR00116992,A09,A549,24,DMSO,compound,,negcon,,13.571371,-13.59723
BR00116992,A10,A549,24,GNF-5837,compound,BRD-K19975102-001-01-2,,['growth factor receptor inhibitor'],11.193923,-10.81486
BR00116992,A11,A549,24,apatinib,compound,BRD-K25244359-066-02-6,,['RET tyrosine kinase inhibitor'],10.804686,-11.081955
BR00116992,A12,A549,24,ethoxzolamide,compound,BRD-K18131774-001-18-4,,['carbonic anhydrase inhibitor'],12.765888,-12.18522
BR00116992,A13,A549,24,ascorbic-acid,compound,BRD-A85242401-001-11-5,,,12.439295,-12.335437
BR00116992,A14,A549,24,ryuvidine,compound,BRD-K06426971-001-02-7,,['histone lysine methyltransferase inhibitor'],8.071137,-7.4355817
BR00116992,A15,A549,24,BAN-ORL-24,compound,BRD-K47049295-300-03-1,,,7.9653435,-10.552639
BR00116992,A16,A549,24,NNC-55-0396,compound,BRD-K78122587-300-04-3,,,8.35465,-11.405221
BR00116992,A17,A549,24,DMSO,compound,,negcon,,13.604286,-13.769376
BR00116992,A18,A549,24,WH-4-023,compound,BRD-K50199947-001-03-4,,['src inhibitor'],8.300559,-11.212811
BR00116992,A19,A549,24,flupirtine,compound,BRD-K50720187-051-03-1,,['glutamate receptor antagonist'],11.433319,-10.687286
BR00116992,A20,A549,24,ZK811752,compound,BRD-K91825936-001-03-9,,,10.910698,-10.7588
BR00116992,A21,A549,24,dexamethasone,compound,BRD-K38775274-001-22-1,,['glucocorticoid receptor agonist'],9.865239,-13.108438
BR00116992,A22,A549,24,PP-1,compound,BRD-K47598052-001-14-1,,['src inhibitor'],9.4938755,-8.713141
BR00116992,A23,A549,24,DDR1-IN-1,compound,BRD-K61845293-300-01-9,,,8.8622,-11.634544
BR00116992,A24,A549,24,AVL-292,compound,BRD-K87782578-001-01-4,,"[""Bruton's tyrosine kinase (BTK) inhibitor""]",9.326167,-8.582324
BR00116992,B01,A549,24,H2L-5765834,compound,BRD-K26439554-001-01-3,,['lysophosphatidic acid receptor antagonist'],13.363537,-12.599143
BR00116992,B02,A549,24,thiostrepton,compound,BRD-K58049875-001-03-9,,['protein synthesis inhibitor'],8.433355,-11.240015
BR00116992,B03,A549,24,DMSO,compound,,negcon,,13.769333,-13.756069
BR00116992,B04,A549,24,arcyriaflavin-a,compound,BRD-K72726508-001-02-1,,['CDK inhibitor'],10.156737,-11.406498
BR00116992,B05,A549,24,CYM-5520,compound,BRD-K29151923-001-01-5,,['sphingosine 1 phosphate receptor agonist'],12.917552,-12.044172
BR00116992,B06,A549,24,fludarabine,compound,BRD-K66788707-001-14-3,,['ribonucleotide reductase inhibitor'],11.517922,-8.800378
BR00116992,B07,A549,24,alda-1,compound,BRD-K06890060-001-09-1,,,12.479603,-11.860188
BR00116992,B08,A549,24,meclofenamic-acid,compound,BRD-K50398167-236-22-7,,"['cyclooxygenase inhibitor', 'prostanoid receptor antagonist']",13.199048,-12.28641
BR00116992,B09,A549,24,GNF-5,compound,BRD-K87632963-001-03-0,,['Bcr-Abl kinase inhibitor'],12.787469,-12.032561
BR00116992,B10,A549,24,NS-309,compound,BRD-K37602296-001-01-6,,['calcium-activated potassium channel activator'],12.21725,-11.625198
BR00116992,B11,A549,24,AK-7,compound,BRD-K09143580-001-01-0,,['SIRT inhibitor'],11.553933,-11.392788
BR00116992,B12,A549,24,BVT-948,compound,BRD-A22713669-001-04-3,,,12.347545,-11.077262
BR00116992,B13,A549,24,SirReal-2,compound,BRD-K16472653-001-01-6,,['SIRT inhibitor'],10.663085,-11.50675
BR00116992,B14,A549,24,DMSO,compound,,negcon,,13.701421,-13.695322
BR00116992,B15,A549,24,BMS-536924,compound,BRD-K34581968-001-05-3,,['IGF-1 inhibitor'],9.026337,-8.84204
BR00116992,B16,A549,24,PP-121,compound,BRD-K81801188-001-02-8,,['protein tyrosine kinase inhibitor'],7.6976576,-8.298509
BR00116992,B17,A549,24,MCOPPB,compound,BRD-K73276278-305-01-1,,,8.363707,-11.228581
BR00116992,B18,A549,24,ozagrel,compound,BRD-K53061490-003-13-9,,,13.385707,-12.999904
BR00116992,B19,A549,24,CYM-5442,compound,BRD-A43005764-003-01-5,,['sphingosine 1 phosphate receptor agonist'],9.314481,-12.379786
BR00116992,B20,A549,24,CVT-10216,compound,BRD-K60659193-001-01-0,,,12.401837,-12.635237
BR00116992,B21,A549,24,TCN201,compound,BRD-K09787262-001-02-7,,['glutamate receptor antagonist'],11.537727,-12.021017
BR00116992,B22,A549,24,fomepizole,compound,BRD-K56810756-003-07-7,,['alcohol dehydrogenase inhibitor'],12.396876,-12.712313
BR00116992,B23,A549,24,benzamil,compound,BRD-K87158025-003-08-7,,['sodium channel blocker'],10.51654,-11.462667
BR00116992,B24,A549,24,lercanidipine,compound,BRD-A18992208-003-02-7,,['calcium channel blocker'],11.136232,-11.389534
BR00116992,C01,A549,24,4-CMTB,compound,BRD-A54139254-001-09-2,,['free fatty acid receptor agonist'],12.271815,-11.91999
BR00116992,C02,A549,24,ML-228,compound,BRD-K44432556-001-05-5,,,13.009587,-13.124281
BR00116992,C03,A549,24,DMSO,compound,,negcon,,12.781959,-14.148893
BR00116992,C04,A549,24,GSK1070916,compound,BRD-K36740062-001-06-6,,['Aurora kinase inhibitor'],7.9572396,-11.0247345
BR00116992,C05,A549,24,ML-193,compound,BRD-K27539181-001-08-5,,,11.633732,-13.2528925
BR00116992,C06,A549,24,DMSO,compound,,negcon,,12.941266,-14.582783
BR00116992,C07,A549,24,M-25,compound,BRD-K51265828-001-01-0,,['smoothened receptor antagonist'],10.444659,-11.962411
BR00116992,C08,A549,24,azeliragon,compound,BRD-K51899933-001-02-6,,['RAGE receptor antagonist'],7.9852986,-9.894815
BR00116992,C09,A549,24,CYT-997,compound,BRD-K23363278-001-02-1,poscon_diverse,['tubulin polymerization inhibitor'],6.8874893,-8.768305
BR00116992,C10,A549,24,AR-12,compound,BRD-K90497590-001-05-9,,,6.9706655,-7.323977
BR00116992,C11,A549,24,CYM-50260,compound,BRD-K69877120-001-01-7,,['sphingosine 1 phosphate receptor agonist'],10.751457,-12.029451
BR00116992,C12,A549,24,DMSO,compound,,negcon,,14.732931,-12.396712
BR00116992,C13,A549,24,KG-5,compound,BRD-K90747162-001-01-4,poscon_cp,['RAF inhibitor'],6.9343414,-8.781523
BR00116992,C14,A549,24,JTE-607,compound,BRD-K81405859-300-01-4,,,11.40061,-9.001669
BR00116992,C15,A549,24,DMSO,compound,,negcon,,13.407218,-14.039285
BR00116992,C16,A549,24,ilomastat,compound,BRD-K51662849-001-05-4,,['matrix metalloprotease inhibitor'],12.661532,-11.674177
BR00116992,C17,A549,24,RX-821002,compound,BRD-A65597028-003-08-1,,['adrenergic receptor antagonist'],12.583874,-11.90929
BR00116992,C18,A549,24,DMSO,compound,,negcon,,13.43516,-14.131071
BR00116992,C19,A549,24,TUG-891,compound,BRD-K24282351-001-01-4,,['free fatty acid receptor agonist'],11.739789,-12.401895
BR00116992,C20,A549,24,ponatinib,compound,BRD-K44227013-001-08-0,,"['PDGFR tyrosine kinase receptor inhibitor', 'FLT3 inhibitor', 'Bcr-Abl kinase inhibitor']",7.111381,-7.480805
BR00116992,C21,A549,24,DMSO,compound,,negcon,,13.137624,-13.807423
BR00116992,C22,A549,24,puromycin,compound,BRD-K01824976-300-02-9,,['protein synthesis inhibitor'],7.4647655,-7.4673977
BR00116992,C23,A549,24,SRC-kinase-inhibitor-I,compound,BRD-K50495309-001-02-0,,['src inhibitor'],9.210655,-11.656327
BR00116992,C24,A549,24,acetylcysteine,compound,BRD-K59058747-001-19-1,,,12.845202,-12.526189
BR00116992,D01,A549,24,NSC-625987,compound,BRD-K62949423-001-03-1,,['CDK inhibitor'],12.845859,-12.156723
BR00116992,D02,A549,24,dalfampridine,compound,BRD-K22482860-001-20-6,,['potassium channel blocker'],13.353232,-12.348662
BR00116992,D03,A549,24,NSC-95397,compound,BRD-K68143200-001-11-7,,['CDC inhibitor'],10.369086,-8.85049
BR00116992,D04,A549,24,alrestatin,compound,BRD-K35498378-001-06-1,,['aldose reductase inhibitor'],11.919901,-9.746832
BR00116992,D05,A549,24,PF-03758309,compound,BRD-K37764012-001-03-3,poscon_diverse,['p21 activated kinase inhibitor'],12.610529,-12.730683
BR00116992,D06,A549,24,IRL-2500,compound,BRD-K98357249-001-02-9,,['endothelin receptor antagonist'],12.842083,-12.768492
BR00116992,D07,A549,24,PF-04217903,compound,BRD-K73319509-001-08-0,poscon_cp,,12.281525,-11.837182
BR00116992,D08,A549,24,FK-866,compound,BRD-K58550667-001-08-7,poscon_diverse,,10.599025,-9.532063
BR00116992,D09,A549,24,amlexanox,compound,BRD-K29530284-001-06-2,,,12.035033,-11.870904
BR00116992,D10,A549,24,GW-311616,compound,BRD-K37864785-001-01-0,,['elastase inhibitor'],11.22115,-12.195648
BR00116992,D11,A549,24,buparlisib,compound,BRD-K42191735-001-08-7,poscon_diverse,,7.537202,-8.790303
BR00116992,D12,A549,24,amiloride,compound,BRD-K97181089-003-24-7,,['sodium channel blocker'],11.4887085,-12.336049
BR00116992,D13,A549,24,DG-172,compound,BRD-K75748943-300-01-3,,,9.142565,-11.982446
BR00116992,D14,A549,24,DMSO,compound,,negcon,,13.089086,-13.930887
BR00116992,D15,A549,24,DMSO,compound,,negcon,,13.501811,-13.891557
BR00116992,D16,A549,24,NVP-ADW742,compound,BRD-K15179513-001-04-2,poscon_cp,,8.101811,-10.926826
BR00116992,D17,A549,24,misoprostol,compound,BRD-A72351335-001-04-5,,['prostanoid receptor agonist'],11.697202,-11.569384
BR00116992,D18,A549,24,conivaptan,compound,BRD-K37385792-003-02-1,,,9.376723,-11.661248
BR00116992,D19,A549,24,spiroxatrine,compound,BRD-A72483914-001-03-7,,['serotonin receptor antagonist'],10.257088,-11.606581
BR00116992,D20,A549,24,diacerein,compound,BRD-K69122748-001-10-1,,,12.653969,-12.184266
BR00116992,D21,A549,24,DMSO,compound,,negcon,,12.813688,-14.4602785
BR00116992,D22,A549,24,DMSO,compound,,negcon,,13.077415,-14.317515
BR00116992,D23,A549,24,glyburide,compound,BRD-K36927236-001-36-7,,['ATP channel blocker'],11.494434,-11.36456
BR00116992,D24,A549,24,ANR-94,compound,BRD-K31170746-001-01-6,,,12.5884695,-12.2963085
BR00116992,E01,A549,24,TFC-007,compound,BRD-K57708067-001-01-3,,,13.0681,-12.673996
BR00116992,E02,A549,24,trihexyphenidyl,compound,BRD-A48180038-003-24-3,,['acetylcholine receptor antagonist'],9.473019,-11.872386
BR00116992,E03,A549,24,epoprostenol,compound,BRD-K64054020-001-02-7,,,12.822942,-13.825245
BR00116992,E04,A549,24,sacubitril,compound,BRD-K91456750-001-01-9,,,12.454425,-13.575526
BR00116992,E05,A549,24,danusertib,compound,BRD-K07881437-001-03-8,poscon_diverse,"['growth factor receptor inhibitor', 'Aurora kinase inhibitor']",10.215568,-8.55673
BR00116992,E06,A549,24,CYT-997,compound,BRD-K23363278-001-02-1,poscon_diverse,['tubulin polymerization inhibitor'],6.925832,-8.692003
BR00116992,E07,A549,24,DMSO,compound,,negcon,,13.57707,-14.364787
BR00116992,E08,A549,24,BQ-788,compound,BRD-K02490038-236-03-8,,['endothelin receptor antagonist'],12.322739,-12.772746
BR00116992,E09,A549,24,SB-202190,compound,BRD-K54330070-001-19-6,poscon_orf,['p38 MAPK inhibitor'],9.735926,-14.146836
BR00116992,E10,A549,24,GSK2110183,compound,BRD-K25412176-001-01-9,poscon_diverse,,8.421377,-11.572309
BR00116992,E11,A549,24,GSK3787,compound,BRD-K03155172-001-03-0,,['PPAR receptor antagonist'],10.59524,-12.410347
BR00116992,E12,A549,24,BAM7,compound,BRD-K07442505-001-03-6,,,10.87856,-11.50722
BR00116992,E13,A549,24,PHA-793887,compound,BRD-K64800655-001-09-0,poscon_diverse,['CDK inhibitor'],9.466418,-7.285517
BR00116992,E14,A549,24,DMSO,compound,,negcon,,13.046791,-14.268258
BR00116992,E15,A549,24,GSK-37647,compound,BRD-K26514105-001-01-7,,['free fatty acid receptor agonist'],12.207606,-12.247801
BR00116992,E16,A549,24,desonide,compound,BRD-K21528677-001-04-4,,['glucocorticoid receptor agonist'],9.83272,-12.927024
BR00116992,E17,A549,24,DMSO,compound,,negcon,,13.541969,-13.879991
BR00116992,E18,A549,24,aloxistatin,compound,BRD-K91188791-001-17-5,,,8.531573,-11.0454
BR00116992,E19,A549,24,azathioprine,compound,BRD-K32821942-001-22-1,,,11.282622,-12.411309
BR00116992,E20,A549,24,ZK-93423,compound,BRD-K33882852-003-02-8,poscon_diverse,['benzodiazepine receptor agonist'],10.943915,-10.848355
BR00116992,E21,A549,24,BI-2536,compound,BRD-K64890080-001-02-1,poscon_diverse,,7.819546,-8.631728
BR00116992,E22,A549,24,EI1,compound,BRD-K91535048-001-01-2,poscon_cp,['histone lysine methyltransferase inhibitor'],11.149868,-11.568496
BR00116992,E23,A549,24,NVP-HSP990,compound,BRD-K67915505-001-01-2,,['HSP inhibitor'],11.0988655,-7.895012
BR00116992,E24,A549,24,DMSO,compound,,negcon,,12.962527,-13.235135
BR00116992,F01,A549,24,DMSO,compound,,negcon,,13.978239,-13.681792
BR00116992,F02,A549,24,nialamide,compound,BRD-K12102668-001-25-5,,,12.990242,-12.885265
BR00116992,F03,A549,24,DMSO,compound,,negcon,,13.907161,-13.920462
BR00116992,F04,A549,24,arundic-acid,compound,BRD-K49223707-001-01-0,,,13.06817,-13.040903
BR00116992,F05,A549,24,torcitabine,compound,BRD-K91822704-003-07-2,,,12.247458,-12.445844
BR00116992,F06,A549,24,DMSO,compound,,negcon,,13.672485,-13.8450165
BR00116992,F07,A549,24,epothilone-b,compound,BRD-K68164687-001-01-6,,"['microtubule stabilizing agent', 'tubulin polymerization inhibitor']",7.1210766,-8.736094
BR00116992,F08,A549,24,dyphylline,compound,BRD-A00827783-001-24-6,,['phosphodiesterase inhibitor'],12.813045,-12.624195
BR00116992,F09,A549,24,DMSO,compound,,negcon,,13.481338,-14.119088
BR00116992,F10,A549,24,quinidine,compound,BRD-K59632282-052-03-1,,['sodium channel blocker'],9.461127,-11.582136
BR00116992,F11,A549,24,halopemide,compound,BRD-K50055394-001-03-6,,,10.504914,-10.942914
BR00116992,F12,A549,24,sulfinpyrazone,compound,BRD-A36217750-001-16-3,,,12.8478155,-13.216141
BR00116992,F13,A549,24,ML-323,compound,BRD-K93942811-001-01-3,poscon_cp,['ubiquitin specific protease inhibitor'],10.833167,-11.240067
BR00116992,F14,A549,24,racecadotril,compound,BRD-A08187463-001-12-9,,,11.573687,-11.794046
BR00116992,F15,A549,24,BRL-50481,compound,BRD-K84266862-001-03-2,,['phosphodiesterase inhibitor'],12.889338,-12.529534
BR00116992,F16,A549,24,GSK2110183,compound,BRD-K25412176-001-01-9,poscon_diverse,,8.486354,-11.652522
BR00116992,F17,A549,24,bufexamac,compound,BRD-K36660044-001-24-2,,['cyclooxygenase inhibitor'],10.899936,-11.594432
BR00116992,F18,A549,24,anandamide,compound,BRD-K42352790-001-05-3,,,13.348796,-11.887742
BR00116992,F19,A549,24,thioguanine,compound,BRD-K49350383-001-13-7,poscon_diverse,,9.376914,-9.491472
BR00116992,F20,A549,24,IWP-L6,compound,BRD-K53234107-001-01-6,,['porcupine inhibitor'],10.854803,-11.7079935
BR00116992,F21,A549,24,edoxaban,compound,BRD-K29322660-001-01-9,,['coagulation factor inhibitor'],12.469825,-13.644469
BR00116992,F22,A549,24,lonafarnib,compound,BRD-K41599323-001-02-3,poscon_diverse,,9.371835,-11.132498
BR00116992,F23,A549,24,ibutamoren,compound,BRD-K44771174-066-01-0,,,8.732949,-11.686632
BR00116992,F24,A549,24,somatostatin,compound,BRD-K14681867-001-01-6,,['somatostatin receptor agonist'],12.950795,-12.643006
BR00116992,G01,A549,24,L-proline,compound,BRD-K01666412-001-02-0,,,13.045394,-12.460822
BR00116992,G02,A549,24,zamifenacin,compound,BRD-K80451230-051-02-6,,['acetylcholine receptor antagonist'],12.143231,-12.792579
BR00116992,G03,A549,24,YC-1,compound,BRD-K60476892-001-16-1,,,11.244853,-12.49629
BR00116992,G04,A549,24,DMSO,compound,,negcon,,13.031909,-14.351028
BR00116992,G05,A549,24,ME-0328,compound,BRD-K24283677-001-01-9,,['PPAR receptor antagonist'],11.542081,-12.8080225
BR00116992,G06,A549,24,NSC-663284,compound,BRD-K03109492-001-02-2,,['CDC inhibitor'],10.869272,-8.7424135
BR00116992,G07,A549,24,CYM-50358,compound,BRD-K80666802-003-01-0,,,8.461833,-11.599703
BR00116992,G08,A549,24,trazodone,compound,BRD-K70778732-003-27-5,,"['adrenergic receptor antagonist', 'serotonin receptor antagonist']",9.702707,-11.71905
BR00116992,G09,A549,24,DMSO,compound,,negcon,,12.910032,-14.38122
BR00116992,G10,A549,24,DMSO,compound,,negcon,,13.404821,-14.321157
BR00116992,G11,A549,24,sulfasalazine,compound,BRD-K10670311-001-17-1,,['cyclooxygenase inhibitor'],10.983043,-12.169539
BR00116992,G12,A549,24,"2,5-furandimethanol",compound,BRD-K29791386-001-01-8,,,12.995758,-13.894167
BR00116992,G13,A549,24,DMSO,compound,,negcon,,13.752063,-14.424363
BR00116992,G14,A549,24,dilazep,compound,BRD-K48722258-300-11-0,,,11.943218,-11.627915
BR00116992,G15,A549,24,felodipine,compound,BRD-A30815329-001-12-1,,['calcium channel blocker'],10.955572,-12.485798
BR00116992,G16,A549,24,paliperidone,compound,BRD-A99888680-001-05-3,,"['dopamine receptor antagonist', 'serotonin receptor antagonist']",10.844843,-11.813683
BR00116992,G17,A549,24,purvalanol-a,compound,BRD-K50836978-001-03-3,poscon_orf,['CDK inhibitor'],10.524299,-8.907415
BR00116992,G18,A549,24,DMSO,compound,,negcon,,13.371495,-14.170934
BR00116992,G19,A549,24,Ro-1138452,compound,BRD-K77220725-003-01-5,,['prostanoid receptor antagonist'],8.945714,-11.632669
BR00116992,G20,A549,24,sorbinil,compound,BRD-A89164055-001-03-3,,['aldose reductase inhibitor'],13.040715,-12.962075
BR00116992,G21,A549,24,TC-S-7004,compound,BRD-K89517477-001-01-4,poscon_cp,['DYRK inhibitor'],10.515289,-12.196696
BR00116992,G22,A549,24,saclofen,compound,BRD-A24122750-001-03-7,,['GABA receptor antagonist'],12.489631,-12.483011
BR00116992,G23,A549,24,BAY-87-2243,compound,BRD-K70463136-001-01-5,,,10.804523,-10.755198
BR00116992,G24,A549,24,ibudilast,compound,BRD-K16444452-001-09-1,,['phosphodiesterase inhibitor'],13.15848,-12.527754
BR00116992,H01,A549,24,briciclib,compound,BRD-K05531427-001-01-7,,,6.9507504,-8.717657
BR00116992,H02,A549,24,2-Oleoylglycerol,compound,BRD-K77087341-001-02-4,,,13.127185,-12.777285
BR00116992,H03,A549,24,RGFP966,compound,BRD-K61688984-001-02-9,poscon_cp,['HDAC inhibitor'],10.542861,-11.549876
BR00116992,H04,A549,24,DMSO,compound,,negcon,,13.402792,-13.651657
BR00116992,H05,A549,24,azacitidine,compound,BRD-K03406345-001-21-1,poscon_diverse,,10.20873,-9.166496
BR00116992,H06,A549,24,N6-cyclopentyladenosine,compound,BRD-K60150510-001-15-6,,,12.888404,-11.813021
BR00116992,H07,A549,24,filgotinib,compound,BRD-K16803204-001-01-6,poscon_cp,['JAK inhibitor'],11.751536,-12.309503
BR00116992,H08,A549,24,guanidine,compound,BRD-K76037122-001-02-5,,['HSP inhibitor'],13.341897,-12.027069
BR00116992,H09,A549,24,coumarin,compound,BRD-K23913458-001-20-7,,,13.475207,-12.12234
BR00116992,H10,A549,24,DMSO,compound,,negcon,,13.449994,-14.181714
BR00116992,H11,A549,24,ZM-336372,compound,BRD-K73789395-001-09-9,poscon_orf,['RAF inhibitor'],11.322112,-10.917024
BR00116992,H12,A549,24,citric-acid,compound,BRD-K76792669-001-08-1,,['coagulation factor inhibitor'],12.826252,-12.23504
BR00116992,H13,A549,24,DMSO,compound,,negcon,,13.220381,-14.402051
BR00116992,H14,A549,24,CCG-63802,compound,BRD-K26970495-001-02-7,,['G protein signaling inhibitor'],12.564876,-11.655526
BR00116992,H15,A549,24,ibutilide,compound,BRD-A74391928-051-03-9,,['potassium channel blocker'],9.633685,-11.664182
BR00116992,H16,A549,24,batimastat,compound,BRD-K82818427-001-04-8,,['matrix metalloprotease inhibitor'],9.8758955,-11.587596
BR00116992,H17,A549,24,DMSO,compound,,negcon,,13.457287,-14.140341
BR00116992,H18,A549,24,DMSO,compound,,negcon,,13.159698,-14.210254
BR00116992,H19,A549,24,UNC1999,compound,BRD-K26989966-001-04-3,poscon_cp,['histone lysine methyltransferase inhibitor'],7.2692347,-7.6412387
BR00116992,H20,A549,24,glutamine-(l),compound,BRD-K83896451-001-06-7,,,12.945735,-11.962988
BR00116992,H21,A549,24,PD-98059,compound,BRD-K62810658-001-11-4,poscon_orf,,10.518442,-12.656079
BR00116992,H22,A549,24,enilconazole,compound,BRD-K01825690-065-01-9,,,11.343298,-12.188423
BR00116992,H23,A549,24,N-alpha-Methylhistamine-dihydrochloride,compound,BRD-K75390981-300-04-9,,['histamine receptor agonist'],12.279294,-12.7298155
BR00116992,H24,A549,24,GK921,compound,BRD-K38272302-001-02-7,,,7.484154,-8.043335
BR00116992,I01,A549,24,nilvadipine,compound,BRD-A84687895-001-03-2,,['calcium channel blocker'],11.236538,-11.29814
BR00116992,I02,A549,24,DMSO,compound,,negcon,,12.777687,-14.159682
BR00116992,I03,A549,24,AC-710,compound,BRD-K15819326-001-01-6,,['PDGFR tyrosine kinase receptor inhibitor'],8.20989,-11.435404
BR00116992,I04,A549,24,PETCM,compound,BRD-A93477898-001-04-2,,,12.929615,-13.055302
BR00116992,I05,A549,24,AZD7762,compound,BRD-K86525559-001-07-8,poscon_diverse,['CHK inhibitor'],6.910538,-7.5626273
BR00116992,I06,A549,24,PHA-793887,compound,BRD-K64800655-001-09-0,poscon_diverse,['CDK inhibitor'],9.360796,-7.2136574
BR00116992,I07,A549,24,KU-60019,compound,BRD-K36016295-001-05-2,,['ATM kinase inhibitor'],8.003544,-9.20335
BR00116992,I08,A549,24,nafamostat,compound,BRD-K06674495-334-04-0,,,10.609132,-10.849391
BR00116992,I09,A549,24,DMSO,compound,,negcon,,13.018527,-14.13074
BR00116992,I10,A549,24,DMSO,compound,,negcon,,13.405318,-14.351961
BR00116992,I11,A549,24,taladegib,compound,BRD-K50498985-001-03-3,,['smoothened receptor antagonist'],10.982102,-11.716924
BR00116992,I12,A549,24,acetohexamide,compound,BRD-K52960356-001-13-0,,['ATP channel blocker'],12.784526,-13.977828
BR00116992,I13,A549,24,minocycline,compound,BRD-A69651145-003-11-4,,,12.714602,-13.816457
BR00116992,I14,A549,24,BI-2536,compound,BRD-K64890080-001-02-1,poscon_diverse,,7.6272755,-8.632698
BR00116992,I15,A549,24,riociguat,compound,BRD-K84783599-001-01-0,,,11.016189,-12.109272
BR00116992,I16,A549,24,CP-724714,compound,BRD-K76908866-001-07-6,poscon_cp,"['EGFR inhibitor', 'protein tyrosine kinase inhibitor']",9.94016,-11.604961
BR00116992,I17,A549,24,ganetespib,compound,BRD-K38852836-001-04-9,poscon_diverse,['HSP inhibitor'],11.115809,-7.8885336
BR00116992,I18,A549,24,AZ191,compound,BRD-K80935598-001-01-1,poscon_cp,['DYRK inhibitor'],8.403901,-10.639303
BR00116992,I19,A549,24,BAX-channel-blocker,compound,BRD-A18763547-300-06-3,,,8.144193,-11.14474
BR00116992,I20,A549,24,SU3327,compound,BRD-K32730239-001-01-0,,['JNK inhibitor'],9.0395,-7.7920494
BR00116992,I21,A549,24,DMSO,compound,,negcon,,13.624504,-14.151853
BR00116992,I22,A549,24,DMSO,compound,,negcon,,13.108449,-14.092547
BR00116992,I23,A549,24,octreotide,compound,BRD-A64173453-015-03-1,,['somatostatin receptor agonist'],12.870822,-12.660408
BR00116992,I24,A549,24,1-octanol,compound,BRD-K09338665-001-08-9,,,12.992413,-12.308579
BR00116992,J01,A549,24,acalabrutinib,compound,BRD-K64034691-001-01-9,,"[""Bruton's tyrosine kinase (BTK) inhibitor""]",12.275151,-12.487412
BR00116992,J02,A549,24,rifamycin,compound,BRD-K38512030-001-01-7,,,12.206237,-13.41272
BR00116992,J03,A549,24,pazopanib,compound,BRD-K74514084-003-09-2,,"['KIT inhibitor', 'VEGFR inhibitor', 'PDGFR tyrosine kinase receptor inhibitor']",10.947576,-10.54804
BR00116992,J04,A549,24,RKI-1447,compound,BRD-K19333160-001-01-3,poscon_cp,,10.448673,-10.179164
BR00116992,J05,A549,24,vitamin-E,compound,BRD-K97091514-001-11-4,,['PKC inhibitor'],11.875284,-12.417011
BR00116992,J06,A549,24,lonafarnib,compound,BRD-K41599323-001-02-3,poscon_diverse,,9.50434,-11.099788
BR00116992,J07,A549,24,ethyl-pyruvate,compound,BRD-K47738867-001-01-5,,,12.562539,-13.342264
BR00116992,J08,A549,24,picrotin,compound,BRD-A91822151-001-05-0,,['GABA receptor antagonist'],12.862248,-12.8432865
BR00116992,J09,A549,24,SGX523,compound,BRD-K19477839-001-07-6,poscon_cp,,10.665206,-11.909615
BR00116992,J10,A549,24,PP-2,compound,BRD-K95785537-001-22-3,,['src inhibitor'],9.674256,-8.973218
BR00116992,J11,A549,24,ME-0328,compound,BRD-A63444178-001-01-5,,['PPAR receptor antagonist'],11.742043,-12.010642
BR00116992,J12,A549,24,AZD9668,compound,BRD-K31476763-001-01-5,,['elastase inhibitor'],11.713056,-11.916741
BR00116992,J13,A549,24,NQDI-1,compound,BRD-K61918008-001-07-1,,,10.834223,-11.470952
BR00116992,J14,A549,24,DMSO,compound,,negcon,,13.800635,-14.103835
BR00116992,J15,A549,24,carzenide,compound,BRD-K09295674-001-09-8,,,11.829274,-9.238945
BR00116992,J16,A549,24,KU-55933,compound,BRD-K25311561-001-10-7,,['ATM kinase inhibitor'],10.121841,-13.732082
BR00116992,J17,A549,24,NVP-AEW541,compound,BRD-K24696047-001-02-3,poscon_cp,['IGF-1 inhibitor'],8.207177,-11.166701
BR00116992,J18,A549,24,leflunomide,compound,BRD-K78692225-001-24-5,,['PDGFR tyrosine kinase receptor inhibitor'],9.936404,-12.817908
BR00116992,J19,A549,24,DMSO,compound,,negcon,,13.555607,-13.715009
BR00116992,J20,A549,24,azacitidine,compound,BRD-K03406345-001-21-1,poscon_diverse,,10.167466,-9.15524
BR00116992,J21,A549,24,ixabepilone,compound,BRD-K03601870-001-01-2,,['microtubule stabilizing agent'],7.0312076,-8.664635
BR00116992,J22,A549,24,KH-CB19,compound,BRD-K66430217-001-03-8,poscon_cp,['CDC inhibitor'],11.0805435,-11.45919
BR00116992,J23,A549,24,DMSO,compound,,negcon,,13.290702,-14.137716
BR00116992,J24,A549,24,PF-05190457,compound,BRD-K02554563-001-01-6,,,9.280018,-11.807275
BR00116992,K01,A549,24,LDN-212854,compound,BRD-K59831625-001-03-9,,,7.1965675,-7.4972067
BR00116992,K02,A549,24,formononetin,compound,BRD-K55567017-001-12-3,,['alcohol dehydrogenase inhibitor'],12.783366,-13.734396
BR00116992,K03,A549,24,aminopurvalanol-a,compound,BRD-K07762753-001-05-1,poscon_orf,['CDK inhibitor'],10.661282,-8.527005
BR00116992,K04,A549,24,ruxolitinib,compound,BRD-K53972329-001-01-3,poscon_cp,['JAK inhibitor'],10.460375,-10.482352
BR00116992,K05,A549,24,DMSO,compound,,negcon,,13.781268,-14.109136
BR00116992,K06,A549,24,DMSO,compound,,negcon,,13.397374,-14.203852
BR00116992,K07,A549,24,LGK-974,compound,BRD-K16810791-001-01-0,,['porcupine inhibitor'],10.758734,-12.634255
BR00116992,K08,A549,24,polydatin,compound,BRD-K43236057-001-07-1,,['ICAM1 expression inhibitor'],9.47012,-8.240291
BR00116992,K09,A549,24,enflurane,compound,BRD-A51831848-001-01-7,,,13.324657,-13.249709
BR00116992,K10,A549,24,PFI-1,compound,BRD-K13094524-001-04-2,poscon_cp,,11.9092655,-11.409368
BR00116992,K11,A549,24,AZD7762,compound,BRD-K86525559-001-07-8,poscon_diverse,['CHK inhibitor'],7.0077143,-7.4915924
BR00116992,K12,A549,24,sotrastaurin,compound,BRD-K16761703-001-03-8,,['PKC inhibitor'],11.535479,-12.206274
BR00116992,K13,A549,24,DMSO,compound,,negcon,,13.341417,-14.205052
BR00116992,K14,A549,24,cycloheximide,compound,BRD-K36055864-001-20-0,,['protein synthesis inhibitor'],9.430262,-7.566229
BR00116992,K15,A549,24,oxytocin,compound,BRD-K25243230-001-01-2,,,13.196224,-12.065203
BR00116992,K16,A549,24,DMSO,compound,,negcon,,13.767019,-14.257216
BR00116992,K17,A549,24,colchicine,compound,BRD-K00259736-001-16-4,,,6.906814,-8.684477
BR00116992,K18,A549,24,afimoxifene,compound,BRD-K04210847-001-21-9,,,8.994644,-11.670925
BR00116992,K19,A549,24,DMSO,compound,,negcon,,13.865229,-14.048548
BR00116992,K20,A549,24,ZK-93423,compound,BRD-K33882852-003-02-8,poscon_diverse,['benzodiazepine receptor agonist'],10.985157,-10.901561
BR00116992,K21,A549,24,RGB-286638,compound,BRD-K20986415-001-02-6,,['CDK inhibitor'],7.932057,-7.54254
BR00116992,K22,A549,24,FPS-ZM1,compound,BRD-K87691185-001-01-2,,['RAGE receptor antagonist'],11.850494,-12.538294
BR00116992,K23,A549,24,flindokalner,compound,BRD-K56740996-001-02-1,,,11.7900915,-12.681575
BR00116992,K24,A549,24,motesanib,compound,BRD-K99616396-316-05-3,,"['KIT inhibitor', 'VEGFR inhibitor', 'PDGFR tyrosine kinase receptor inhibitor']",10.957767,-10.591829
BR00116992,L01,A549,24,geldanamycin,compound,BRD-K43570081-001-02-4,,['HSP inhibitor'],11.079498,-7.9686446
BR00116992,L02,A549,24,DMSO,compound,,negcon,,13.81686,-13.77919
BR00116992,L03,A549,24,CGP-53353,compound,BRD-K32292990-001-03-6,,"['PKC inhibitor', 'EGFR inhibitor']",10.674418,-11.852872
BR00116992,L04,A549,24,7-hydroxystaurosporine,compound,BRD-K45293975-001-02-0,,"['CDK inhibitor', 'PKC inhibitor', 'CHK inhibitor']",7.8656263,-10.450712
BR00116992,L05,A549,24,DMSO,compound,,negcon,,13.702392,-13.962301
BR00116992,L06,A549,24,DMSO,compound,,negcon,,13.55764,-13.944416
BR00116992,L07,A549,24,efaproxiral,compound,BRD-K37355418-236-01-6,,,12.242248,-12.244168
BR00116992,L08,A549,24,SB-203580,compound,BRD-A37704979-001-12-3,poscon_orf,['p38 MAPK inhibitor'],9.657618,-14.085175
BR00116992,L09,A549,24,FK-866,compound,BRD-K58550667-001-08-7,poscon_diverse,,10.523247,-9.567667
BR00116992,L10,A549,24,bepridil,compound,BRD-A91008255-003-24-8,,['calcium channel blocker'],9.792108,-12.147184
BR00116992,L11,A549,24,delanzomib,compound,BRD-K59325863-001-04-4,,,7.9657745,-7.5506654
BR00116992,L12,A549,24,buparlisib,compound,BRD-K42191735-001-08-7,poscon_diverse,,7.476603,-8.869013
BR00116992,L13,A549,24,phenylbutazone,compound,BRD-K10843433-001-23-5,,"['cyclooxygenase inhibitor', 'prostanoid receptor antagonist']",8.900857,-10.800961
BR00116992,L14,A549,24,deferasirox,compound,BRD-K97010173-001-04-1,,,11.347027,-9.48787
BR00116992,L15,A549,24,DMSO,compound,,negcon,,13.612076,-14.214636
BR00116992,L16,A549,24,cediranib,compound,BRD-K86930074-001-05-0,,"['KIT inhibitor', 'VEGFR inhibitor']",8.391271,-10.731869
BR00116992,L17,A549,24,isoflurane,compound,BRD-A31564021-001-02-6,,,11.873707,-11.816438
BR00116992,L18,A549,24,DMSO,compound,,negcon,,13.790968,-14.322248
BR00116992,L19,A549,24,CCG-50014,compound,BRD-K08893438-001-06-4,,['G protein signaling inhibitor'],13.460238,-13.442275
BR00116992,L20,A549,24,PF-431396,compound,BRD-K93788137-001-04-1,,,10.721335,-8.394547
BR00116992,L21,A549,24,TG-02,compound,BRD-K14560436-001-01-4,,"['CDK inhibitor', 'FLT3 inhibitor', 'JAK inhibitor']",9.571164,-7.320728
BR00116992,L22,A549,24,baclofen,compound,BRD-K01826724-003-07-9,,['benzodiazepine receptor agonist'],13.373673,-12.376767
BR00116992,L23,A549,24,thiostrepton,compound,BRD-A20697603-001-07-2,,['protein synthesis inhibitor'],8.66789,-11.20762
BR00116992,L24,A549,24,flufenamic-acid,compound,BRD-K44067360-001-29-5,,,12.178573,-11.934027
BR00116992,M01,A549,24,DMSO,compound,,negcon,,12.960012,-13.576796
BR00116992,M02,A549,24,LY2109761,compound,BRD-K47557313-001-02-7,,,11.37235,-12.471309
BR00116992,M03,A549,24,olopatadine,compound,BRD-K67637637-003-11-8,,['histamine receptor antagonist'],11.703553,-12.72832
BR00116992,M04,A549,24,DMSO,compound,,negcon,,13.50208,-14.45286
BR00116992,M05,A549,24,castanospermine,compound,BRD-K20897876-001-11-8,,['glucosidase inhibitor'],12.744145,-13.80578
BR00116992,M06,A549,24,A205804,compound,BRD-K77627880-001-04-0,,['ICAM1 expression inhibitor'],11.313067,-11.835756
BR00116992,M07,A549,24,VU591,compound,BRD-K72063794-003-01-0,,['potassium channel blocker'],12.119722,-13.098558
BR00116992,M08,A549,24,dalbavancin,compound,BRD-K30177383-001-01-0,,['bacterial cell wall synthesis inhibitor'],12.184719,-12.548087
BR00116992,M09,A549,24,CC-401,compound,BRD-K45746021-003-01-9,,['JNK inhibitor'],10.812114,-12.385823
BR00116992,M10,A549,24,ganetespib,compound,BRD-K38852836-001-04-9,poscon_diverse,['HSP inhibitor'],11.103418,-7.9118023
BR00116992,M11,A549,24,ingenol-mebutate,compound,BRD-K93779381-001-01-9,,,7.670221,-8.322563
BR00116992,M12,A549,24,menadione,compound,BRD-K78126613-001-27-7,,,12.371952,-11.834066
BR00116992,M13,A549,24,cetilistat,compound,BRD-K94863486-001-02-2,,,11.936667,-13.053561
BR00116992,M14,A549,24,methoxsalen,compound,BRD-K63430059-001-16-4,,['DNA synthesis inhibitor'],10.955679,-12.74179
BR00116992,M15,A549,24,cyclosporine,compound,BRD-K13533483-001-16-2,,,9.203395,-7.7549763
BR00116992,M16,A549,24,NSC-632839,compound,BRD-K81197548-003-01-4,poscon_cp,['ubiquitin specific protease inhibitor'],7.664149,-7.5980496
BR00116992,M17,A549,24,DMSO,compound,,negcon,,13.828893,-14.297907
BR00116992,M18,A549,24,TG-003,compound,BRD-K97072811-001-11-4,poscon_cp,,10.719698,-12.49874
BR00116992,M19,A549,24,oxibendazole,compound,BRD-K52075715-001-06-7,,['tubulin polymerization inhibitor'],6.9666204,-8.722067
BR00116992,M20,A549,24,TG-101348,compound,BRD-K12502280-001-11-4,poscon_cp,"['JAK inhibitor', 'FLT3 inhibitor']",7.279636,-7.624702
BR00116992,M21,A549,24,miglitol,compound,BRD-A63310107-001-04-8,,['glucosidase inhibitor'],12.628337,-13.382911
BR00116992,M22,A549,24,DMSO,compound,,negcon,,13.418784,-13.924974
BR00116992,M23,A549,24,DMSO,compound,,negcon,,12.822144,-14.0185795
BR00116992,M24,A549,24,tranilast,compound,BRD-K17849083-001-32-9,,,11.322561,-10.641271
BR00116992,N01,A549,24,4-methylhistamine,compound,BRD-K70821460-300-02-4,,['histamine receptor agonist'],13.31462,-12.786634
BR00116992,N02,A549,24,LDN-27219,compound,BRD-K51485109-001-01-4,,,12.800997,-12.861197
BR00116992,N03,A549,24,anisomycin,compound,BRD-K91370081-001-25-1,,['DNA synthesis inhibitor'],8.454206,-7.081237
BR00116992,N04,A549,24,thioguanine,compound,BRD-K49350383-001-13-7,poscon_diverse,,9.31648,-9.56685
BR00116992,N05,A549,24,droxinostat,compound,BRD-K11558771-001-13-9,,['HDAC inhibitor'],10.69419,-11.380017
BR00116992,N06,A549,24,UNC2025,compound,BRD-K91283740-003-01-6,poscon_cp,['FLT3 inhibitor'],7.923474,-10.933691
BR00116992,N07,A549,24,DMSO,compound,,negcon,,13.827795,-13.880965
BR00116992,N08,A549,24,DMSO,compound,,negcon,,13.473905,-13.361119
BR00116992,N09,A549,24,AMG900,compound,BRD-K21728777-001-02-3,poscon_cp,['Aurora kinase inhibitor'],10.504713,-8.320254
BR00116992,N10,A549,24,PF-06463922,compound,BRD-A23124853-001-01-4,,['ALK tyrosine kinase receptor inhibitor'],9.419779,-11.512426
BR00116992,N11,A549,24,orantinib,compound,BRD-K55966568-001-09-6,poscon_cp,"['FGFR inhibitor', 'PDGFR tyrosine kinase receptor inhibitor', 'VEGFR inhibitor']",11.964346,-12.061038
BR00116992,N12,A549,24,fludarabine-phosphate,compound,BRD-K71106091-001-09-5,,['ribonucleotide reductase inhibitor'],11.360258,-8.634951
BR00116992,N13,A549,24,ceritinib,compound,BRD-K22149900-001-06-2,,['ALK tyrosine kinase receptor inhibitor'],8.659618,-11.5261135
BR00116992,N14,A549,24,NVS-PAK1-1,compound,BRD-K28132190-001-02-0,poscon_cp,['p21 activated kinase inhibitor'],9.872623,-11.547329
BR00116992,N15,A549,24,homoharringtonine,compound,BRD-K76674262-001-03-3,,['protein synthesis inhibitor'],8.365476,-7.108766
BR00116992,N16,A549,24,picrotoxinin,compound,BRD-K36461289-001-05-8,,['GABA receptor antagonist'],12.689365,-13.3038225
BR00116992,N17,A549,24,DMSO,compound,,negcon,,13.982609,-14.043726
BR00116992,N18,A549,24,danusertib,compound,BRD-K07881437-001-03-8,poscon_diverse,"['growth factor receptor inhibitor', 'Aurora kinase inhibitor']",10.211363,-8.448804
BR00116992,N19,A549,24,romidepsin,compound,BRD-K61397605-001-01-8,poscon_cp,['HDAC inhibitor'],7.347577,-7.718241
BR00116992,N20,A549,24,FERb-033,compound,BRD-K61642990-001-01-0,poscon_cp,['EGFR inhibitor'],11.534663,-11.92591
BR00116992,N21,A549,24,PF-03758309,compound,BRD-K37764012-001-03-3,poscon_diverse,['p21 activated kinase inhibitor'],9.425305,-7.3435636
BR00116992,N22,A549,24,DMSO,compound,,negcon,,13.047585,-14.273014
BR00116992,N23,A549,24,trometamol,compound,BRD-K47978074-001-03-2,,,13.0870695,-12.959523
BR00116992,N24,A549,24,simvastatin,compound,BRD-K22134346-001-22-3,,['HMGCR inhibitor'],11.685703,-11.639473
BR00116992,O01,A549,24,zaprinast,compound,BRD-K16542329-001-16-8,,['phosphodiesterase inhibitor'],12.635609,-12.223187
BR00116992,O02,A549,24,dexamethasone,compound,BRD-A10188456-001-04-9,,['glucocorticoid receptor agonist'],9.94127,-13.048148
BR00116992,O03,A549,24,salicylic-acid,compound,BRD-K93632104-001-17-2,,['cyclooxygenase inhibitor'],12.012808,-12.2005415
BR00116992,O04,A549,24,diltiazem,compound,BRD-A69636825-003-04-7,,['calcium channel blocker'],9.84804,-11.922082
BR00116992,O05,A549,24,phenolphthalein,compound,BRD-K19227686-001-18-6,,,12.860565,-13.655551
BR00116992,O06,A549,24,niflumic-acid,compound,BRD-K98763141-001-30-8,,['cyclooxygenase inhibitor'],12.836906,-13.360391
BR00116992,O07,A549,24,DMSO,compound,,negcon,,13.147461,-13.874612
BR00116992,O08,A549,24,L-Cystine,compound,BRD-A15397381-001-02-5,,,12.633471,-13.419919
BR00116992,O09,A549,24,ozanimod,compound,BRD-K46625559-001-01-8,,['sphingosine 1 phosphate receptor agonist'],9.766944,-12.489849
BR00116992,O10,A549,24,efaroxan,compound,BRD-A10739734-003-09-8,,['adrenergic receptor antagonist'],12.51735,-13.656921
BR00116992,O11,A549,24,NBQX,compound,BRD-K11796549-001-05-2,,['glutamate receptor antagonist'],13.012485,-13.575068
BR00116992,O12,A549,24,dinoprostone,compound,BRD-K26521938-001-07-2,,['prostanoid receptor agonist'],11.933174,-12.759704
BR00116992,O13,A549,24,Ro-20-1724,compound,BRD-A07207424-001-14-0,,['phosphodiesterase inhibitor'],12.387744,-12.827092
BR00116992,O14,A549,24,xanomeline,compound,BRD-K72815923-034-02-0,,['acetylcholine receptor agonist'],12.378147,-12.909724
BR00116992,O15,A549,24,terazosin,compound,BRD-K01825589-310-02-9,,['adrenergic receptor antagonist'],12.103376,-12.733759
BR00116992,O16,A549,24,BVT-948,compound,BRD-K68567222-001-01-2,,,12.611809,-11.297657
BR00116992,O17,A549,24,nicotine,compound,BRD-K01825660-322-01-9,,['acetylcholine receptor agonist'],12.393711,-13.112939
BR00116992,O18,A549,24,DMSO,compound,,negcon,,12.798134,-13.926734
BR00116992,O19,A549,24,U-0521,compound,BRD-K08953028-001-09-6,,,12.912166,-12.895176
BR00116992,O20,A549,24,BMS-587101,compound,BRD-K20093108-001-02-3,,,12.102166,-12.710183
BR00116992,O21,A549,24,nimodipine,compound,BRD-A58048407-001-20-4,,['calcium channel blocker'],11.306017,-11.468481
BR00116992,O22,A549,24,pyrrolidine-dithiocarbamate,compound,BRD-K80970344-201-08-6,,,9.544751,-7.675175
BR00116992,O23,A549,24,PF-915275,compound,BRD-K18289362-001-02-2,,,12.880872,-13.767105
BR00116992,O24,A549,24,JTE-013,compound,BRD-K43330982-001-02-3,,,12.08334,-11.2074795
BR00116992,P01,A549,24,sodium-butyrate,compound,BRD-K05878375-236-05-7,,['HDAC inhibitor'],12.96833,-11.617846
BR00116992,P02,A549,24,pentostatin,compound,BRD-K91543828-001-02-0,,['ribonucleotide reductase inhibitor'],13.779583,-12.722232
BR00116992,P03,A549,24,OMDM-2,compound,BRD-K48830578-001-01-9,,,12.079254,-11.789737
BR00116992,P04,A549,24,nalmefene,compound,BRD-A72767275-003-01-6,,,13.794099,-12.958263
BR00116992,P05,A549,24,DMSO,compound,,negcon,,13.91356,-13.416072
BR00116992,P06,A549,24,1-EBIO,compound,BRD-K70586315-001-02-4,,,13.565279,-12.719889
BR00116992,P07,A549,24,SB-505124,compound,BRD-K40109029-001-02-9,,['ALK tyrosine kinase receptor inhibitor'],10.415842,-9.850618
BR00116992,P08,A549,24,prasugrel,compound,BRD-A83029242-001-06-1,,['purinergic receptor antagonist'],9.544368,-11.9193535
BR00116992,P09,A549,24,pidolic-acid,compound,BRD-K57313110-001-06-8,,,13.522684,-12.698586
BR00116992,P10,A549,24,DMSO,compound,,negcon,,13.903028,-13.229272
BR00116992,P11,A549,24,nevirapine,compound,BRD-K15502390-001-20-9,,,13.599766,-12.708244
BR00116992,P12,A549,24,triamterene,compound,BRD-K92049597-001-20-8,,['sodium channel blocker'],13.323143,-12.569261
BR00116992,P13,A549,24,regorafenib,compound,BRD-K16730910-001-07-3,,"['PDGFR tyrosine kinase receptor inhibitor', 'RAF inhibitor', 'KIT inhibitor', 'RET tyrosine kinase inhibitor', 'FGFR inhibitor', 'VEGFR inhibitor']",10.605408,-11.878983
BR00116992,P14,A549,24,cyclophosphamide,compound,BRD-A09722536-002-18-0,,,12.061173,-11.7475605
BR00116992,P15,A549,24,olanzapine,compound,BRD-K18895904-001-16-1,,"['dopamine receptor antagonist', 'serotonin receptor antagonist']",9.252829,-11.985501
BR00116992,P16,A549,24,KI-16425,compound,BRD-A25569250-001-03-3,,['lysophosphatidic acid receptor antagonist'],10.4461155,-9.282617
BR00116992,P17,A549,24,SKLB1002,compound,BRD-K29895144-001-01-0,,['VEGFR inhibitor'],13.390431,-12.66921
BR00116992,P18,A549,24,cilostazol,compound,BRD-K67017579-001-28-1,,['phosphodiesterase inhibitor'],13.06155,-12.540375
BR00116992,P19,A549,24,AZD1283,compound,BRD-K77060810-001-01-5,,['purinergic receptor antagonist'],13.147671,-12.918755
BR00116992,P20,A549,24,A-987306,compound,BRD-K68982262-001-01-4,,['histamine receptor antagonist'],9.0510235,-11.800496
BR00116992,P21,A549,24,procaine,compound,BRD-K24616672-003-20-1,,['HMGCR inhibitor'],12.830859,-12.481301
BR00116992,P22,A549,24,miconazole,compound,BRD-A82396632-008-30-8,,['bacterial cell wall synthesis inhibitor'],10.830205,-11.883957
BR00116992,P23,A549,24,loperamide,compound,BRD-K61250553-003-30-6,,,8.733393,-11.812109
BR00116992,P24,A549,24,aripiprazole,compound,BRD-K70358946-001-17-3,,['serotonin receptor antagonist'],8.90982,-11.823051
BR00116993,A01,A549,24,gabapentin-enacarbil,compound,BRD-A86665761-001-01-1,,,12.406402,-11.541161
BR00116993,A02,A549,24,DMSO,compound,,negcon,,13.543788,-13.390565
BR00116993,A03,A549,24,amlodipine,compound,BRD-A22032524-074-09-9,,['calcium channel blocker'],8.905205,-11.704667
BR00116993,A04,A549,24,hexestrol,compound,BRD-A01078468-001-14-8,,,12.360332,-12.135708
BR00116993,A05,A549,24,quinine,compound,BRD-K48278478-001-01-2,,,11.629098,-11.666044
BR00116993,A06,A549,24,LOXO-101,compound,BRD-K36574127-001-01-3,,,12.854431,-12.248359
BR00116993,A07,A549,24,brinzolamide,compound,BRD-K74913225-001-14-0,,['carbonic anhydrase inhibitor'],12.570639,-11.912266
BR00116993,A08,A549,24,NS-11021,compound,BRD-K94342292-001-01-3,,['calcium-activated potassium channel activator'],11.945318,-10.33644
BR00116993,A09,A549,24,DMSO,compound,,negcon,,13.422063,-13.35751
BR00116993,A10,A549,24,GNF-5837,compound,BRD-K19975102-001-01-2,,['growth factor receptor inhibitor'],11.092053,-10.808537
BR00116993,A11,A549,24,apatinib,compound,BRD-K25244359-066-02-6,,['RET tyrosine kinase inhibitor'],10.947818,-10.970078
BR00116993,A12,A549,24,ethoxzolamide,compound,BRD-K18131774-001-18-4,,['carbonic anhydrase inhibitor'],12.57843,-12.067441
BR00116993,A13,A549,24,ascorbic-acid,compound,BRD-A85242401-001-11-5,,,12.190815,-12.05128
BR00116993,A14,A549,24,ryuvidine,compound,BRD-K06426971-001-02-7,,['histone lysine methyltransferase inhibitor'],8.044359,-7.3356576
BR00116993,A15,A549,24,BAN-ORL-24,compound,BRD-K47049295-300-03-1,,,8.3325,-11.196645
BR00116993,A16,A549,24,NNC-55-0396,compound,BRD-K78122587-300-04-3,,,8.447486,-11.408578
BR00116993,A17,A549,24,DMSO,compound,,negcon,,13.625799,-13.526107
BR00116993,A18,A549,24,WH-4-023,compound,BRD-K50199947-001-03-4,,['src inhibitor'],8.383785,-11.177153
BR00116993,A19,A549,24,flupirtine,compound,BRD-K50720187-051-03-1,,['glutamate receptor antagonist'],11.5266485,-10.776746
BR00116993,A20,A549,24,ZK811752,compound,BRD-K91825936-001-03-9,,,10.91234,-10.67894
BR00116993,A21,A549,24,dexamethasone,compound,BRD-K38775274-001-22-1,,['glucocorticoid receptor agonist'],9.832752,-13.071856
BR00116993,A22,A549,24,PP-1,compound,BRD-K47598052-001-14-1,,['src inhibitor'],9.738444,-8.991223
BR00116993,A23,A549,24,DDR1-IN-1,compound,BRD-K61845293-300-01-9,,,9.101324,-11.837635
BR00116993,A24,A549,24,AVL-292,compound,BRD-K87782578-001-01-4,,"[""Bruton's tyrosine kinase (BTK) inhibitor""]",9.43397,-8.552017
BR00116993,B01,A549,24,H2L-5765834,compound,BRD-K26439554-001-01-3,,['lysophosphatidic acid receptor antagonist'],13.358672,-12.732882
BR00116993,B02,A549,24,thiostrepton,compound,BRD-K58049875-001-03-9,,['protein synthesis inhibitor'],8.373434,-11.394384
BR00116993,B03,A549,24,DMSO,compound,,negcon,,13.866869,-13.843481
BR00116993,B04,A549,24,arcyriaflavin-a,compound,BRD-K72726508-001-02-1,,['CDK inhibitor'],9.935695,-11.440351
BR00116993,B05,A549,24,CYM-5520,compound,BRD-K29151923-001-01-5,,['sphingosine 1 phosphate receptor agonist'],12.122765,-11.953765
BR00116993,B06,A549,24,fludarabine,compound,BRD-K66788707-001-14-3,,['ribonucleotide reductase inhibitor'],11.572522,-8.87255
BR00116993,B07,A549,24,alda-1,compound,BRD-K06890060-001-09-1,,,11.963955,-11.722012
BR00116993,B08,A549,24,meclofenamic-acid,compound,BRD-K50398167-236-22-7,,"['cyclooxygenase inhibitor', 'prostanoid receptor antagonist']",13.0276785,-13.065033
BR00116993,B09,A549,24,GNF-5,compound,BRD-K87632963-001-03-0,,['Bcr-Abl kinase inhibitor'],13.048888,-12.07193
BR00116993,B10,A549,24,NS-309,compound,BRD-K37602296-001-01-6,,['calcium-activated potassium channel activator'],12.568785,-11.752377
BR00116993,B11,A549,24,AK-7,compound,BRD-K09143580-001-01-0,,['SIRT inhibitor'],11.268931,-11.376914
BR00116993,B12,A549,24,BVT-948,compound,BRD-A22713669-001-04-3,,,12.445201,-11.284264
BR00116993,B13,A549,24,SirReal-2,compound,BRD-K16472653-001-01-6,,['SIRT inhibitor'],10.584047,-11.67465
BR00116993,B14,A549,24,DMSO,compound,,negcon,,13.387454,-13.867291
BR00116993,B15,A549,24,BMS-536924,compound,BRD-K34581968-001-05-3,,['IGF-1 inhibitor'],9.112925,-8.812043
BR00116993,B16,A549,24,PP-121,compound,BRD-K81801188-001-02-8,,['protein tyrosine kinase inhibitor'],7.5949135,-8.255887
BR00116993,B17,A549,24,MCOPPB,compound,BRD-K73276278-305-01-1,,,8.514072,-11.327355
BR00116993,B18,A549,24,ozagrel,compound,BRD-K53061490-003-13-9,,,11.787829,-11.749739
BR00116993,B19,A549,24,CYM-5442,compound,BRD-A43005764-003-01-5,,['sphingosine 1 phosphate receptor agonist'],9.170663,-12.269054
BR00116993,B20,A549,24,CVT-10216,compound,BRD-K60659193-001-01-0,,,12.464431,-12.7445135
BR00116993,B21,A549,24,TCN201,compound,BRD-K09787262-001-02-7,,['glutamate receptor antagonist'],11.643992,-12.701279
BR00116993,B22,A549,24,fomepizole,compound,BRD-K56810756-003-07-7,,['alcohol dehydrogenase inhibitor'],11.750349,-11.992719
BR00116993,B23,A549,24,benzamil,compound,BRD-K87158025-003-08-7,,['sodium channel blocker'],10.093236,-11.314494
BR00116993,B24,A549,24,lercanidipine,compound,BRD-A18992208-003-02-7,,['calcium channel blocker'],10.475402,-11.360659
BR00116993,C01,A549,24,4-CMTB,compound,BRD-A54139254-001-09-2,,['free fatty acid receptor agonist'],12.331035,-11.797352
BR00116993,C02,A549,24,ML-228,compound,BRD-K44432556-001-05-5,,,13.051146,-13.082539
BR00116993,C03,A549,24,DMSO,compound,,negcon,,13.076039,-14.582689
BR00116993,C04,A549,24,GSK1070916,compound,BRD-K36740062-001-06-6,,['Aurora kinase inhibitor'],7.995741,-10.968526
BR00116993,C05,A549,24,ML-193,compound,BRD-K27539181-001-08-5,,,11.8540325,-11.963452
BR00116993,C06,A549,24,DMSO,compound,,negcon,,13.088975,-14.349384
BR00116993,C07,A549,24,M-25,compound,BRD-K51265828-001-01-0,,['smoothened receptor antagonist'],11.062557,-12.063752
BR00116993,C08,A549,24,azeliragon,compound,BRD-K51899933-001-02-6,,['RAGE receptor antagonist'],7.738292,-9.268252
BR00116993,C09,A549,24,CYT-997,compound,BRD-K23363278-001-02-1,poscon_diverse,['tubulin polymerization inhibitor'],6.9713044,-8.685468
BR00116993,C10,A549,24,AR-12,compound,BRD-K90497590-001-05-9,,,7.038851,-7.3781033
BR00116993,C11,A549,24,CYM-50260,compound,BRD-K69877120-001-01-7,,['sphingosine 1 phosphate receptor agonist'],10.673156,-12.099055
BR00116993,C12,A549,24,DMSO,compound,,negcon,,12.789891,-14.119386
BR00116993,C13,A549,24,KG-5,compound,BRD-K90747162-001-01-4,poscon_cp,['RAF inhibitor'],6.9916368,-8.79632
BR00116993,C14,A549,24,JTE-607,compound,BRD-K81405859-300-01-4,,,11.389176,-9.014439
BR00116993,C15,A549,24,DMSO,compound,,negcon,,12.85515,-14.277562
BR00116993,C16,A549,24,ilomastat,compound,BRD-K51662849-001-05-4,,['matrix metalloprotease inhibitor'],12.358827,-11.744504
BR00116993,C17,A549,24,RX-821002,compound,BRD-A65597028-003-08-1,,['adrenergic receptor antagonist'],12.364427,-12.615962
BR00116993,C18,A549,24,DMSO,compound,,negcon,,13.807005,-14.273206
BR00116993,C19,A549,24,TUG-891,compound,BRD-K24282351-001-01-4,,['free fatty acid receptor agonist'],12.1536875,-13.688808
BR00116993,C20,A549,24,ponatinib,compound,BRD-K44227013-001-08-0,,"['PDGFR tyrosine kinase receptor inhibitor', 'FLT3 inhibitor', 'Bcr-Abl kinase inhibitor']",7.2191343,-7.4571657
BR00116993,C21,A549,24,DMSO,compound,,negcon,,12.80776,-14.54745
BR00116993,C22,A549,24,puromycin,compound,BRD-K01824976-300-02-9,,['protein synthesis inhibitor'],7.4130535,-7.453549
BR00116993,C23,A549,24,SRC-kinase-inhibitor-I,compound,BRD-K50495309-001-02-0,,['src inhibitor'],8.87196,-11.649394
BR00116993,C24,A549,24,acetylcysteine,compound,BRD-K59058747-001-19-1,,,13.16135,-12.836359
BR00116993,D01,A549,24,NSC-625987,compound,BRD-K62949423-001-03-1,,['CDK inhibitor'],13.43201,-12.750993
BR00116993,D02,A549,24,dalfampridine,compound,BRD-K22482860-001-20-6,,['potassium channel blocker'],12.662505,-12.256951
BR00116993,D03,A549,24,NSC-95397,compound,BRD-K68143200-001-11-7,,['CDC inhibitor'],10.2467,-8.866367
BR00116993,D04,A549,24,alrestatin,compound,BRD-K35498378-001-06-1,,['aldose reductase inhibitor'],13.162385,-12.602209
BR00116993,D05,A549,24,PF-03758309,compound,BRD-K37764012-001-03-3,poscon_diverse,['p21 activated kinase inhibitor'],13.344535,-13.109585
BR00116993,D06,A549,24,IRL-2500,compound,BRD-K98357249-001-02-9,,['endothelin receptor antagonist'],12.694159,-11.664351
BR00116993,D07,A549,24,PF-04217903,compound,BRD-K73319509-001-08-0,poscon_cp,,12.816895,-12.057179
BR00116993,D08,A549,24,FK-866,compound,BRD-K58550667-001-08-7,poscon_diverse,,10.520371,-9.549951
BR00116993,D09,A549,24,amlexanox,compound,BRD-K29530284-001-06-2,,,12.95326,-13.454401
BR00116993,D10,A549,24,GW-311616,compound,BRD-K37864785-001-01-0,,['elastase inhibitor'],8.845468,-11.128664
BR00116993,D11,A549,24,buparlisib,compound,BRD-K42191735-001-08-7,poscon_diverse,,7.4962687,-8.838164
BR00116993,D12,A549,24,amiloride,compound,BRD-K97181089-003-24-7,,['sodium channel blocker'],11.175899,-12.2347975
BR00116993,D13,A549,24,DG-172,compound,BRD-K75748943-300-01-3,,,9.090337,-12.084451
BR00116993,D14,A549,24,DMSO,compound,,negcon,,13.072091,-14.023161
BR00116993,D15,A549,24,DMSO,compound,,negcon,,13.85251,-14.013886
BR00116993,D16,A549,24,NVP-ADW742,compound,BRD-K15179513-001-04-2,poscon_cp,,8.1435795,-11.012325
BR00116993,D17,A549,24,misoprostol,compound,BRD-A72351335-001-04-5,,['prostanoid receptor agonist'],12.12795,-11.897201
BR00116993,D18,A549,24,conivaptan,compound,BRD-K37385792-003-02-1,,,9.553982,-11.588394
BR00116993,D19,A549,24,spiroxatrine,compound,BRD-A72483914-001-03-7,,['serotonin receptor antagonist'],10.570964,-11.781204
BR00116993,D20,A549,24,diacerein,compound,BRD-K69122748-001-10-1,,,12.3956785,-13.013859
BR00116993,D21,A549,24,DMSO,compound,,negcon,,13.131422,-14.441527
BR00116993,D22,A549,24,DMSO,compound,,negcon,,12.888356,-14.369848
BR00116993,D23,A549,24,glyburide,compound,BRD-K36927236-001-36-7,,['ATP channel blocker'],10.992406,-11.354833
BR00116993,D24,A549,24,ANR-94,compound,BRD-K31170746-001-01-6,,,12.447106,-12.725371
BR00116993,E01,A549,24,TFC-007,compound,BRD-K57708067-001-01-3,,,12.808331,-12.29881
BR00116993,E02,A549,24,trihexyphenidyl,compound,BRD-A48180038-003-24-3,,['acetylcholine receptor antagonist'],11.519949,-12.32224
BR00116993,E03,A549,24,epoprostenol,compound,BRD-K64054020-001-02-7,,,12.315221,-13.845795
BR00116993,E04,A549,24,sacubitril,compound,BRD-K91456750-001-01-9,,,12.483259,-14.026594
BR00116993,E05,A549,24,danusertib,compound,BRD-K07881437-001-03-8,poscon_diverse,"['growth factor receptor inhibitor', 'Aurora kinase inhibitor']",10.064391,-8.405858
BR00116993,E06,A549,24,CYT-997,compound,BRD-K23363278-001-02-1,poscon_diverse,['tubulin polymerization inhibitor'],6.83691,-8.664001
BR00116993,E07,A549,24,DMSO,compound,,negcon,,12.896956,-14.259289
BR00116993,E08,A549,24,BQ-788,compound,BRD-K02490038-236-03-8,,['endothelin receptor antagonist'],12.64918,-13.827255
BR00116993,E09,A549,24,SB-202190,compound,BRD-K54330070-001-19-6,poscon_orf,['p38 MAPK inhibitor'],9.735324,-14.116618
BR00116993,E10,A549,24,GSK2110183,compound,BRD-K25412176-001-01-9,poscon_diverse,,8.51372,-11.588713
BR00116993,E11,A549,24,GSK3787,compound,BRD-K03155172-001-03-0,,['PPAR receptor antagonist'],11.094924,-12.487337
BR00116993,E12,A549,24,BAM7,compound,BRD-K07442505-001-03-6,,,11.175648,-11.652339
BR00116993,E13,A549,24,PHA-793887,compound,BRD-K64800655-001-09-0,poscon_diverse,['CDK inhibitor'],9.514786,-7.2618446
BR00116993,E14,A549,24,DMSO,compound,,negcon,,12.749528,-14.168779
BR00116993,E15,A549,24,GSK-37647,compound,BRD-K26514105-001-01-7,,['free fatty acid receptor agonist'],8.78849,-12.030044
BR00116993,E16,A549,24,desonide,compound,BRD-K21528677-001-04-4,,['glucocorticoid receptor agonist'],9.941234,-12.986752
BR00116993,E17,A549,24,DMSO,compound,,negcon,,13.05725,-14.244025
BR00116993,E18,A549,24,aloxistatin,compound,BRD-K91188791-001-17-5,,,8.525325,-10.985828
BR00116993,E19,A549,24,azathioprine,compound,BRD-K32821942-001-22-1,,,9.432216,-12.082353
BR00116993,E20,A549,24,ZK-93423,compound,BRD-K33882852-003-02-8,poscon_diverse,['benzodiazepine receptor agonist'],10.8989,-10.716233
BR00116993,E21,A549,24,BI-2536,compound,BRD-K64890080-001-02-1,poscon_diverse,,7.77289,-8.723152
BR00116993,E22,A549,24,EI1,compound,BRD-K91535048-001-01-2,poscon_cp,['histone lysine methyltransferase inhibitor'],11.027097,-11.6430645
BR00116993,E23,A549,24,NVP-HSP990,compound,BRD-K67915505-001-01-2,,['HSP inhibitor'],11.117738,-7.8783875
BR00116993,E24,A549,24,DMSO,compound,,negcon,,13.153778,-13.48265
BR00116993,F01,A549,24,DMSO,compound,,negcon,,13.974506,-13.72632
BR00116993,F02,A549,24,nialamide,compound,BRD-K12102668-001-25-5,,,12.971292,-12.842675
BR00116993,F03,A549,24,DMSO,compound,,negcon,,13.860087,-13.922927
BR00116993,F04,A549,24,arundic-acid,compound,BRD-K49223707-001-01-0,,,13.161578,-12.913081
BR00116993,F05,A549,24,torcitabine,compound,BRD-K91822704-003-07-2,,,13.1619425,-12.817763
BR00116993,F06,A549,24,DMSO,compound,,negcon,,13.832423,-13.7318125
BR00116993,F07,A549,24,epothilone-b,compound,BRD-K68164687-001-01-6,,"['microtubule stabilizing agent', 'tubulin polymerization inhibitor']",7.1631722,-8.786195
BR00116993,F08,A549,24,dyphylline,compound,BRD-A00827783-001-24-6,,['phosphodiesterase inhibitor'],13.399207,-13.41546
BR00116993,F09,A549,24,DMSO,compound,,negcon,,13.885636,-13.762417
BR00116993,F10,A549,24,quinidine,compound,BRD-K59632282-052-03-1,,['sodium channel blocker'],9.578797,-11.754204
BR00116993,F11,A549,24,halopemide,compound,BRD-K50055394-001-03-6,,,10.50903,-11.066202
BR00116993,F12,A549,24,sulfinpyrazone,compound,BRD-A36217750-001-16-3,,,12.803483,-11.912179
BR00116993,F13,A549,24,ML-323,compound,BRD-K93942811-001-01-3,poscon_cp,['ubiquitin specific protease inhibitor'],11.808433,-11.133875
BR00116993,F14,A549,24,racecadotril,compound,BRD-A08187463-001-12-9,,,12.453885,-12.331968
BR00116993,F15,A549,24,BRL-50481,compound,BRD-K84266862-001-03-2,,['phosphodiesterase inhibitor'],13.013606,-12.842419
BR00116993,F16,A549,24,GSK2110183,compound,BRD-K25412176-001-01-9,poscon_diverse,,8.531837,-11.652011
BR00116993,F17,A549,24,bufexamac,compound,BRD-K36660044-001-24-2,,['cyclooxygenase inhibitor'],10.804957,-11.400062
BR00116993,F18,A549,24,anandamide,compound,BRD-K42352790-001-05-3,,,13.090963,-11.976013
BR00116993,F19,A549,24,thioguanine,compound,BRD-K49350383-001-13-7,poscon_diverse,,9.455527,-9.506569
BR00116993,F20,A549,24,IWP-L6,compound,BRD-K53234107-001-01-6,,['porcupine inhibitor'],10.984403,-11.5270815
BR00116993,F21,A549,24,edoxaban,compound,BRD-K29322660-001-01-9,,['coagulation factor inhibitor'],12.558486,-13.318813
BR00116993,F22,A549,24,lonafarnib,compound,BRD-K41599323-001-02-3,poscon_diverse,,9.475691,-11.113091
BR00116993,F23,A549,24,ibutamoren,compound,BRD-K44771174-066-01-0,,,9.131918,-11.788163
BR00116993,F24,A549,24,somatostatin,compound,BRD-K14681867-001-01-6,,['somatostatin receptor agonist'],12.783033,-12.734453
BR00116993,G01,A549,24,L-proline,compound,BRD-K01666412-001-02-0,,,12.872266,-12.539779
BR00116993,G02,A549,24,zamifenacin,compound,BRD-K80451230-051-02-6,,['acetylcholine receptor antagonist'],11.853746,-13.076212
BR00116993,G03,A549,24,YC-1,compound,BRD-K60476892-001-16-1,,,11.53094,-12.580109
BR00116993,G04,A549,24,DMSO,compound,,negcon,,12.885342,-14.526858
BR00116993,G05,A549,24,ME-0328,compound,BRD-K24283677-001-01-9,,['PPAR receptor antagonist'],12.376839,-13.813118
BR00116993,G06,A549,24,NSC-663284,compound,BRD-K03109492-001-02-2,,['CDC inhibitor'],10.659984,-8.695012
BR00116993,G07,A549,24,CYM-50358,compound,BRD-K80666802-003-01-0,,,8.727942,-11.523058
BR00116993,G08,A549,24,trazodone,compound,BRD-K70778732-003-27-5,,"['adrenergic receptor antagonist', 'serotonin receptor antagonist']",11.8279505,-12.391549
BR00116993,G09,A549,24,DMSO,compound,,negcon,,13.10848,-14.609767
BR00116993,G10,A549,24,DMSO,compound,,negcon,,13.069658,-14.43722
BR00116993,G11,A549,24,sulfasalazine,compound,BRD-K10670311-001-17-1,,['cyclooxygenase inhibitor'],10.872922,-12.484028
BR00116993,G12,A549,24,"2,5-furandimethanol",compound,BRD-K29791386-001-01-8,,,12.0850935,-12.781982
BR00116993,G13,A549,24,DMSO,compound,,negcon,,13.294457,-14.202261
BR00116993,G14,A549,24,dilazep,compound,BRD-K48722258-300-11-0,,,12.3940935,-13.314169
BR00116993,G15,A549,24,felodipine,compound,BRD-A30815329-001-12-1,,['calcium channel blocker'],10.901224,-12.530605
BR00116993,G16,A549,24,paliperidone,compound,BRD-A99888680-001-05-3,,"['dopamine receptor antagonist', 'serotonin receptor antagonist']",10.587097,-13.145961
BR00116993,G17,A549,24,purvalanol-a,compound,BRD-K50836978-001-03-3,poscon_orf,['CDK inhibitor'],10.660952,-9.097285
BR00116993,G18,A549,24,DMSO,compound,,negcon,,12.770171,-14.3523
BR00116993,G19,A549,24,Ro-1138452,compound,BRD-K77220725-003-01-5,,['prostanoid receptor antagonist'],8.854322,-11.863515
BR00116993,G20,A549,24,sorbinil,compound,BRD-A89164055-001-03-3,,['aldose reductase inhibitor'],12.280097,-12.1434965
BR00116993,G21,A549,24,TC-S-7004,compound,BRD-K89517477-001-01-4,poscon_cp,['DYRK inhibitor'],10.567345,-12.033041
BR00116993,G22,A549,24,saclofen,compound,BRD-A24122750-001-03-7,,['GABA receptor antagonist'],12.356428,-11.68401
BR00116993,G23,A549,24,BAY-87-2243,compound,BRD-K70463136-001-01-5,,,10.703299,-10.967039
BR00116993,G24,A549,24,ibudilast,compound,BRD-K16444452-001-09-1,,['phosphodiesterase inhibitor'],12.463596,-12.319536
BR00116993,H01,A549,24,briciclib,compound,BRD-K05531427-001-01-7,,,6.93588,-8.672716
BR00116993,H02,A549,24,2-Oleoylglycerol,compound,BRD-K77087341-001-02-4,,,12.570917,-12.498309
BR00116993,H03,A549,24,RGFP966,compound,BRD-K61688984-001-02-9,poscon_cp,['HDAC inhibitor'],10.575102,-11.433943
BR00116993,H04,A549,24,DMSO,compound,,negcon,,13.566845,-13.915959
BR00116993,H05,A549,24,azacitidine,compound,BRD-K03406345-001-21-1,poscon_diverse,,10.330843,-9.166382
BR00116993,H06,A549,24,N6-cyclopentyladenosine,compound,BRD-K60150510-001-15-6,,,13.312536,-13.49167
BR00116993,H07,A549,24,filgotinib,compound,BRD-K16803204-001-01-6,poscon_cp,['JAK inhibitor'],11.554164,-12.294515
BR00116993,H08,A549,24,guanidine,compound,BRD-K76037122-001-02-5,,['HSP inhibitor'],13.036599,-12.254078
BR00116993,H09,A549,24,coumarin,compound,BRD-K23913458-001-20-7,,,13.064299,-12.55817
BR00116993,H10,A549,24,DMSO,compound,,negcon,,13.77819,-13.74429
BR00116993,H11,A549,24,ZM-336372,compound,BRD-K73789395-001-09-9,poscon_orf,['RAF inhibitor'],11.433845,-10.925486
BR00116993,H12,A549,24,citric-acid,compound,BRD-K76792669-001-08-1,,['coagulation factor inhibitor'],13.1927185,-13.475333
BR00116993,H13,A549,24,DMSO,compound,,negcon,,13.377104,-14.026987
BR00116993,H14,A549,24,CCG-63802,compound,BRD-K26970495-001-02-7,,['G protein signaling inhibitor'],12.675626,-11.560482
BR00116993,H15,A549,24,ibutilide,compound,BRD-A74391928-051-03-9,,['potassium channel blocker'],9.712214,-11.589902
BR00116993,H16,A549,24,batimastat,compound,BRD-K82818427-001-04-8,,['matrix metalloprotease inhibitor'],9.761643,-11.571406
BR00116993,H17,A549,24,DMSO,compound,,negcon,,13.726229,-14.404492
BR00116993,H18,A549,24,DMSO,compound,,negcon,,13.243023,-14.058765
BR00116993,H19,A549,24,UNC1999,compound,BRD-K26989966-001-04-3,poscon_cp,['histone lysine methyltransferase inhibitor'],7.308716,-7.8906927
BR00116993,H20,A549,24,glutamine-(l),compound,BRD-K83896451-001-06-7,,,13.292712,-12.484091
BR00116993,H21,A549,24,PD-98059,compound,BRD-K62810658-001-11-4,poscon_orf,,10.481718,-12.652091
BR00116993,H22,A549,24,enilconazole,compound,BRD-K01825690-065-01-9,,,10.631075,-11.32785
BR00116993,H23,A549,24,N-alpha-Methylhistamine-dihydrochloride,compound,BRD-K75390981-300-04-9,,['histamine receptor agonist'],12.534588,-12.845686
BR00116993,H24,A549,24,GK921,compound,BRD-K38272302-001-02-7,,,7.437177,-8.164317
BR00116993,I01,A549,24,nilvadipine,compound,BRD-A84687895-001-03-2,,['calcium channel blocker'],11.638872,-11.548719
BR00116993,I02,A549,24,DMSO,compound,,negcon,,12.636405,-14.12739
BR00116993,I03,A549,24,AC-710,compound,BRD-K15819326-001-01-6,,['PDGFR tyrosine kinase receptor inhibitor'],8.288309,-11.546683
BR00116993,I04,A549,24,PETCM,compound,BRD-A93477898-001-04-2,,,12.291734,-13.206119
BR00116993,I05,A549,24,AZD7762,compound,BRD-K86525559-001-07-8,poscon_diverse,['CHK inhibitor'],6.847528,-7.5714574
BR00116993,I06,A549,24,PHA-793887,compound,BRD-K64800655-001-09-0,poscon_diverse,['CDK inhibitor'],9.501623,-7.2140408
BR00116993,I07,A549,24,KU-60019,compound,BRD-K36016295-001-05-2,,['ATM kinase inhibitor'],8.024737,-9.145108
BR00116993,I08,A549,24,nafamostat,compound,BRD-K06674495-334-04-0,,,10.480744,-10.944482
BR00116993,I09,A549,24,DMSO,compound,,negcon,,13.344232,-14.341946
BR00116993,I10,A549,24,DMSO,compound,,negcon,,13.332746,-14.615026
BR00116993,I11,A549,24,taladegib,compound,BRD-K50498985-001-03-3,,['smoothened receptor antagonist'],10.591253,-11.62113
BR00116993,I12,A549,24,acetohexamide,compound,BRD-K52960356-001-13-0,,['ATP channel blocker'],13.234625,-14.206568
BR00116993,I13,A549,24,minocycline,compound,BRD-A69651145-003-11-4,,,12.762302,-13.408914
BR00116993,I14,A549,24,BI-2536,compound,BRD-K64890080-001-02-1,poscon_diverse,,7.728629,-8.564329
BR00116993,I15,A549,24,riociguat,compound,BRD-K84783599-001-01-0,,,11.589152,-12.439762
BR00116993,I16,A549,24,CP-724714,compound,BRD-K76908866-001-07-6,poscon_cp,"['EGFR inhibitor', 'protein tyrosine kinase inhibitor']",10.041682,-11.62476
BR00116993,I17,A549,24,ganetespib,compound,BRD-K38852836-001-04-9,poscon_diverse,['HSP inhibitor'],11.144723,-7.934858
BR00116993,I18,A549,24,AZ191,compound,BRD-K80935598-001-01-1,poscon_cp,['DYRK inhibitor'],8.289614,-10.568192
BR00116993,I19,A549,24,BAX-channel-blocker,compound,BRD-A18763547-300-06-3,,,8.130457,-11.146282
BR00116993,I20,A549,24,SU3327,compound,BRD-K32730239-001-01-0,,['JNK inhibitor'],9.202503,-7.6736465
BR00116993,I21,A549,24,DMSO,compound,,negcon,,13.577737,-14.3652935
BR00116993,I22,A549,24,DMSO,compound,,negcon,,12.805878,-14.597441
BR00116993,I23,A549,24,octreotide,compound,BRD-A64173453-015-03-1,,['somatostatin receptor agonist'],12.022878,-12.889362
BR00116993,I24,A549,24,1-octanol,compound,BRD-K09338665-001-08-9,,,12.188464,-12.148347
BR00116993,J01,A549,24,acalabrutinib,compound,BRD-K64034691-001-01-9,,"[""Bruton's tyrosine kinase (BTK) inhibitor""]",11.735354,-12.416305
BR00116993,J02,A549,24,rifamycin,compound,BRD-K38512030-001-01-7,,,12.316067,-12.3216915
BR00116993,J03,A549,24,pazopanib,compound,BRD-K74514084-003-09-2,,"['KIT inhibitor', 'VEGFR inhibitor', 'PDGFR tyrosine kinase receptor inhibitor']",11.067405,-10.62522
BR00116993,J04,A549,24,RKI-1447,compound,BRD-K19333160-001-01-3,poscon_cp,,10.354363,-10.157635
BR00116993,J05,A549,24,vitamin-E,compound,BRD-K97091514-001-11-4,,['PKC inhibitor'],12.04433,-12.491598
BR00116993,J06,A549,24,lonafarnib,compound,BRD-K41599323-001-02-3,poscon_diverse,,9.429648,-11.178013
BR00116993,J07,A549,24,ethyl-pyruvate,compound,BRD-K47738867-001-01-5,,,12.793807,-12.684952
BR00116993,J08,A549,24,picrotin,compound,BRD-A91822151-001-05-0,,['GABA receptor antagonist'],12.32852,-12.259365
BR00116993,J09,A549,24,SGX523,compound,BRD-K19477839-001-07-6,poscon_cp,,10.987316,-11.949941
BR00116993,J10,A549,24,PP-2,compound,BRD-K95785537-001-22-3,,['src inhibitor'],9.678472,-9.057026
BR00116993,J11,A549,24,ME-0328,compound,BRD-A63444178-001-01-5,,['PPAR receptor antagonist'],12.257662,-11.616732
BR00116993,J12,A549,24,AZD9668,compound,BRD-K31476763-001-01-5,,['elastase inhibitor'],11.795125,-12.333919
BR00116993,J13,A549,24,NQDI-1,compound,BRD-K61918008-001-07-1,,,11.691972,-12.1488495
BR00116993,J14,A549,24,DMSO,compound,,negcon,,13.868522,-14.056244
BR00116993,J15,A549,24,carzenide,compound,BRD-K09295674-001-09-8,,,11.791203,-9.064145
BR00116993,J16,A549,24,KU-55933,compound,BRD-K25311561-001-10-7,,['ATM kinase inhibitor'],10.037419,-13.7587805
BR00116993,J17,A549,24,NVP-AEW541,compound,BRD-K24696047-001-02-3,poscon_cp,['IGF-1 inhibitor'],8.263282,-11.274926
BR00116993,J18,A549,24,leflunomide,compound,BRD-K78692225-001-24-5,,['PDGFR tyrosine kinase receptor inhibitor'],10.090114,-12.673713
BR00116993,J19,A549,24,DMSO,compound,,negcon,,13.355681,-14.182946
BR00116993,J20,A549,24,azacitidine,compound,BRD-K03406345-001-21-1,poscon_diverse,,10.326927,-9.250379
BR00116993,J21,A549,24,ixabepilone,compound,BRD-K03601870-001-01-2,,['microtubule stabilizing agent'],7.0847673,-8.679997
BR00116993,J22,A549,24,KH-CB19,compound,BRD-K66430217-001-03-8,poscon_cp,['CDC inhibitor'],11.095601,-11.677607
BR00116993,J23,A549,24,DMSO,compound,,negcon,,13.625046,-14.300324
BR00116993,J24,A549,24,PF-05190457,compound,BRD-K02554563-001-01-6,,,9.522466,-11.663651
BR00116993,K01,A549,24,LDN-212854,compound,BRD-K59831625-001-03-9,,,7.6701503,-8.534452
BR00116993,K02,A549,24,formononetin,compound,BRD-K55567017-001-12-3,,['alcohol dehydrogenase inhibitor'],10.966184,-12.787379
BR00116993,K03,A549,24,aminopurvalanol-a,compound,BRD-K07762753-001-05-1,poscon_orf,['CDK inhibitor'],10.771749,-8.510601
BR00116993,K04,A549,24,ruxolitinib,compound,BRD-K53972329-001-01-3,poscon_cp,['JAK inhibitor'],10.360487,-10.593743
BR00116993,K05,A549,24,DMSO,compound,,negcon,,13.120996,-14.542702
BR00116993,K06,A549,24,DMSO,compound,,negcon,,13.197418,-14.48198
BR00116993,K07,A549,24,LGK-974,compound,BRD-K16810791-001-01-0,,['porcupine inhibitor'],10.927166,-12.887564
BR00116993,K08,A549,24,polydatin,compound,BRD-K43236057-001-07-1,,['ICAM1 expression inhibitor'],9.448949,-8.324261
BR00116993,K09,A549,24,enflurane,compound,BRD-A51831848-001-01-7,,,12.273996,-13.267439
BR00116993,K10,A549,24,PFI-1,compound,BRD-K13094524-001-04-2,poscon_cp,,12.03525,-11.534731
BR00116993,K11,A549,24,AZD7762,compound,BRD-K86525559-001-07-8,poscon_diverse,['CHK inhibitor'],6.923592,-7.5023685
BR00116993,K12,A549,24,sotrastaurin,compound,BRD-K16761703-001-03-8,,['PKC inhibitor'],11.637548,-12.116029
BR00116993,K13,A549,24,DMSO,compound,,negcon,,13.46587,-14.390422
BR00116993,K14,A549,24,cycloheximide,compound,BRD-K36055864-001-20-0,,['protein synthesis inhibitor'],9.555111,-7.6656637
BR00116993,K15,A549,24,oxytocin,compound,BRD-K25243230-001-01-2,,,12.71308,-13.310809
BR00116993,K16,A549,24,DMSO,compound,,negcon,,13.18355,-14.356588
BR00116993,K17,A549,24,colchicine,compound,BRD-K00259736-001-16-4,,,6.8993177,-8.704345
BR00116993,K18,A549,24,afimoxifene,compound,BRD-K04210847-001-21-9,,,9.200615,-11.614694
BR00116993,K19,A549,24,DMSO,compound,,negcon,,13.797014,-14.292992
BR00116993,K20,A549,24,ZK-93423,compound,BRD-K33882852-003-02-8,poscon_diverse,['benzodiazepine receptor agonist'],10.927687,-10.842087
BR00116993,K21,A549,24,RGB-286638,compound,BRD-K20986415-001-02-6,,['CDK inhibitor'],8.084544,-7.6376953
BR00116993,K22,A549,24,FPS-ZM1,compound,BRD-K87691185-001-01-2,,['RAGE receptor antagonist'],11.158704,-12.122825
BR00116993,K23,A549,24,flindokalner,compound,BRD-K56740996-001-02-1,,,11.240077,-12.480993
BR00116993,K24,A549,24,motesanib,compound,BRD-K99616396-316-05-3,,"['KIT inhibitor', 'VEGFR inhibitor', 'PDGFR tyrosine kinase receptor inhibitor']",10.979739,-10.716022
BR00116993,L01,A549,24,geldanamycin,compound,BRD-K43570081-001-02-4,,['HSP inhibitor'],11.466073,-9.3818
BR00116993,L02,A549,24,DMSO,compound,,negcon,,13.927269,-13.696594
BR00116993,L03,A549,24,CGP-53353,compound,BRD-K32292990-001-03-6,,"['PKC inhibitor', 'EGFR inhibitor']",10.814135,-11.712992
BR00116993,L04,A549,24,7-hydroxystaurosporine,compound,BRD-K45293975-001-02-0,,"['CDK inhibitor', 'PKC inhibitor', 'CHK inhibitor']",7.892377,-10.439861
BR00116993,L05,A549,24,DMSO,compound,,negcon,,13.785625,-13.900799
BR00116993,L06,A549,24,DMSO,compound,,negcon,,13.98112,-14.1053705
BR00116993,L07,A549,24,efaproxiral,compound,BRD-K37355418-236-01-6,,,11.913977,-12.337556
BR00116993,L08,A549,24,SB-203580,compound,BRD-A37704979-001-12-3,poscon_orf,['p38 MAPK inhibitor'],9.688265,-14.139419
BR00116993,L09,A549,24,FK-866,compound,BRD-K58550667-001-08-7,poscon_diverse,,10.575866,-9.556614
BR00116993,L10,A549,24,bepridil,compound,BRD-A91008255-003-24-8,,['calcium channel blocker'],9.688839,-11.963081
BR00116993,L11,A549,24,delanzomib,compound,BRD-K59325863-001-04-4,,,8.065275,-7.4418573
BR00116993,L12,A549,24,buparlisib,compound,BRD-K42191735-001-08-7,poscon_diverse,,7.412505,-8.866697
BR00116993,L13,A549,24,phenylbutazone,compound,BRD-K10843433-001-23-5,,"['cyclooxygenase inhibitor', 'prostanoid receptor antagonist']",11.854968,-12.083739
BR00116993,L14,A549,24,deferasirox,compound,BRD-K97010173-001-04-1,,,11.510007,-9.707301
BR00116993,L15,A549,24,DMSO,compound,,negcon,,14.0191145,-14.030504
BR00116993,L16,A549,24,cediranib,compound,BRD-K86930074-001-05-0,,"['KIT inhibitor', 'VEGFR inhibitor']",8.393665,-10.938576
BR00116993,L17,A549,24,isoflurane,compound,BRD-A31564021-001-02-6,,,12.757257,-13.1084385
BR00116993,L18,A549,24,DMSO,compound,,negcon,,13.7028265,-14.290063
BR00116993,L19,A549,24,CCG-50014,compound,BRD-K08893438-001-06-4,,['G protein signaling inhibitor'],8.290834,-10.062187
BR00116993,L20,A549,24,PF-431396,compound,BRD-K93788137-001-04-1,,,10.732502,-8.43856
BR00116993,L21,A549,24,TG-02,compound,BRD-K14560436-001-01-4,,"['CDK inhibitor', 'FLT3 inhibitor', 'JAK inhibitor']",9.482711,-7.4022007
BR00116993,L22,A549,24,baclofen,compound,BRD-K01826724-003-07-9,,['benzodiazepine receptor agonist'],12.44761,-13.277311
BR00116993,L23,A549,24,thiostrepton,compound,BRD-A20697603-001-07-2,,['protein synthesis inhibitor'],8.618151,-11.154101
BR00116993,L24,A549,24,flufenamic-acid,compound,BRD-K44067360-001-29-5,,,12.63927,-11.900947
BR00116993,M01,A549,24,DMSO,compound,,negcon,,13.161704,-14.386833
BR00116993,M02,A549,24,LY2109761,compound,BRD-K47557313-001-02-7,,,11.393127,-12.429855
BR00116993,M03,A549,24,olopatadine,compound,BRD-K67637637-003-11-8,,['histamine receptor antagonist'],11.7316065,-13.303166
BR00116993,M04,A549,24,DMSO,compound,,negcon,,13.073901,-14.645984
BR00116993,M05,A549,24,castanospermine,compound,BRD-K20897876-001-11-8,,['glucosidase inhibitor'],12.267243,-13.131176
BR00116993,M06,A549,24,A205804,compound,BRD-K77627880-001-04-0,,['ICAM1 expression inhibitor'],11.220331,-12.0218935
BR00116993,M07,A549,24,VU591,compound,BRD-K72063794-003-01-0,,['potassium channel blocker'],11.28209,-12.50036
BR00116993,M08,A549,24,dalbavancin,compound,BRD-K30177383-001-01-0,,['bacterial cell wall synthesis inhibitor'],12.318124,-13.175406
BR00116993,M09,A549,24,CC-401,compound,BRD-K45746021-003-01-9,,['JNK inhibitor'],10.950291,-12.537751
BR00116993,M10,A549,24,ganetespib,compound,BRD-K38852836-001-04-9,poscon_diverse,['HSP inhibitor'],11.110478,-7.8626423
BR00116993,M11,A549,24,ingenol-mebutate,compound,BRD-K93779381-001-01-9,,,7.551781,-8.339195
BR00116993,M12,A549,24,menadione,compound,BRD-K78126613-001-27-7,,,12.601748,-11.519266
BR00116993,M13,A549,24,cetilistat,compound,BRD-K94863486-001-02-2,,,11.818807,-12.8528385
BR00116993,M14,A549,24,methoxsalen,compound,BRD-K63430059-001-16-4,,['DNA synthesis inhibitor'],10.98145,-13.007546
BR00116993,M15,A549,24,cyclosporine,compound,BRD-K13533483-001-16-2,,,9.1848755,-7.72063
BR00116993,M16,A549,24,NSC-632839,compound,BRD-K81197548-003-01-4,poscon_cp,['ubiquitin specific protease inhibitor'],7.6451726,-7.691832
BR00116993,M17,A549,24,DMSO,compound,,negcon,,13.438668,-14.278115
BR00116993,M18,A549,24,TG-003,compound,BRD-K97072811-001-11-4,poscon_cp,,10.700209,-12.393484
BR00116993,M19,A549,24,oxibendazole,compound,BRD-K52075715-001-06-7,,['tubulin polymerization inhibitor'],6.928085,-8.717117
BR00116993,M20,A549,24,TG-101348,compound,BRD-K12502280-001-11-4,poscon_cp,"['JAK inhibitor', 'FLT3 inhibitor']",7.1776094,-7.7257223
BR00116993,M21,A549,24,miglitol,compound,BRD-A63310107-001-04-8,,['glucosidase inhibitor'],12.81081,-11.702858
BR00116993,M22,A549,24,DMSO,compound,,negcon,,12.676347,-13.736215
BR00116993,M23,A549,24,DMSO,compound,,negcon,,12.783681,-14.222001
BR00116993,M24,A549,24,tranilast,compound,BRD-K17849083-001-32-9,,,11.208307,-10.453259
BR00116993,N02,A549,24,LDN-27219,compound,BRD-K51485109-001-01-4,,,13.400192,-12.891852
BR00116993,N03,A549,24,anisomycin,compound,BRD-K91370081-001-25-1,,['DNA synthesis inhibitor'],8.563013,-7.075683
BR00116993,N04,A549,24,thioguanine,compound,BRD-K49350383-001-13-7,poscon_diverse,,9.437685,-9.530977
BR00116993,N05,A549,24,droxinostat,compound,BRD-K11558771-001-13-9,,['HDAC inhibitor'],10.565227,-11.471869
BR00116993,N06,A549,24,UNC2025,compound,BRD-K91283740-003-01-6,poscon_cp,['FLT3 inhibitor'],7.9243717,-10.952074
BR00116993,N07,A549,24,DMSO,compound,,negcon,,14.004963,-14.02867
BR00116993,N08,A549,24,DMSO,compound,,negcon,,13.468742,-14.059867
BR00116993,N09,A549,24,AMG900,compound,BRD-K21728777-001-02-3,poscon_cp,['Aurora kinase inhibitor'],10.482223,-8.320278
BR00116993,N10,A549,24,PF-06463922,compound,BRD-A23124853-001-01-4,,['ALK tyrosine kinase receptor inhibitor'],9.658553,-11.464861
BR00116993,N11,A549,24,orantinib,compound,BRD-K55966568-001-09-6,poscon_cp,"['FGFR inhibitor', 'PDGFR tyrosine kinase receptor inhibitor', 'VEGFR inhibitor']",11.959467,-11.911496
BR00116993,N12,A549,24,fludarabine-phosphate,compound,BRD-K71106091-001-09-5,,['ribonucleotide reductase inhibitor'],11.270489,-8.685147
BR00116993,N13,A549,24,ceritinib,compound,BRD-K22149900-001-06-2,,['ALK tyrosine kinase receptor inhibitor'],8.843185,-11.714562
BR00116993,N14,A549,24,NVS-PAK1-1,compound,BRD-K28132190-001-02-0,poscon_cp,['p21 activated kinase inhibitor'],9.779012,-11.608945
BR00116993,N15,A549,24,homoharringtonine,compound,BRD-K76674262-001-03-3,,['protein synthesis inhibitor'],8.386401,-7.0550814
BR00116993,N16,A549,24,picrotoxinin,compound,BRD-K36461289-001-05-8,,['GABA receptor antagonist'],13.455697,-12.474728
BR00116993,N17,A549,24,DMSO,compound,,negcon,,13.999306,-14.243291
BR00116993,N18,A549,24,danusertib,compound,BRD-K07881437-001-03-8,poscon_diverse,"['growth factor receptor inhibitor', 'Aurora kinase inhibitor']",10.289698,-8.469759
BR00116993,N19,A549,24,romidepsin,compound,BRD-K61397605-001-01-8,poscon_cp,['HDAC inhibitor'],7.2372584,-7.756452
BR00116993,N20,A549,24,FERb-033,compound,BRD-K61642990-001-01-0,poscon_cp,['EGFR inhibitor'],11.734243,-13.002011
BR00116993,N21,A549,24,PF-03758309,compound,BRD-K37764012-001-03-3,poscon_diverse,['p21 activated kinase inhibitor'],9.385245,-7.239549
BR00116993,N22,A549,24,DMSO,compound,,negcon,,13.342254,-14.314406
BR00116993,N23,A549,24,trometamol,compound,BRD-K47978074-001-03-2,,,11.375179,-12.133948
BR00116993,N24,A549,24,simvastatin,compound,BRD-K22134346-001-22-3,,['HMGCR inhibitor'],11.231796,-11.5902405
BR00116993,O01,A549,24,zaprinast,compound,BRD-K16542329-001-16-8,,['phosphodiesterase inhibitor'],11.515512,-9.485414
BR00116993,O02,A549,24,dexamethasone,compound,BRD-A10188456-001-04-9,,['glucocorticoid receptor agonist'],9.974345,-13.022922
BR00116993,O03,A549,24,salicylic-acid,compound,BRD-K93632104-001-17-2,,['cyclooxygenase inhibitor'],11.982467,-12.28937
BR00116993,O04,A549,24,diltiazem,compound,BRD-A69636825-003-04-7,,['calcium channel blocker'],9.743403,-11.947885
BR00116993,O05,A549,24,phenolphthalein,compound,BRD-K19227686-001-18-6,,,12.621352,-13.678364
BR00116993,O06,A549,24,niflumic-acid,compound,BRD-K98763141-001-30-8,,['cyclooxygenase inhibitor'],12.619912,-13.6196165
BR00116993,O07,A549,24,DMSO,compound,,negcon,,12.9532585,-14.14438
BR00116993,O08,A549,24,L-Cystine,compound,BRD-A15397381-001-02-5,,,12.633109,-13.600342
BR00116993,O09,A549,24,ozanimod,compound,BRD-K46625559-001-01-8,,['sphingosine 1 phosphate receptor agonist'],9.616087,-12.562709
BR00116993,O10,A549,24,efaroxan,compound,BRD-A10739734-003-09-8,,['adrenergic receptor antagonist'],12.60927,-13.483718
BR00116993,O11,A549,24,NBQX,compound,BRD-K11796549-001-05-2,,['glutamate receptor antagonist'],12.612212,-13.828546
BR00116993,O12,A549,24,dinoprostone,compound,BRD-K26521938-001-07-2,,['prostanoid receptor agonist'],12.098294,-12.783185
BR00116993,O13,A549,24,Ro-20-1724,compound,BRD-A07207424-001-14-0,,['phosphodiesterase inhibitor'],12.672944,-13.1946335
BR00116993,O14,A549,24,xanomeline,compound,BRD-K72815923-034-02-0,,['acetylcholine receptor agonist'],13.132214,-11.75512
BR00116993,O15,A549,24,terazosin,compound,BRD-K01825589-310-02-9,,['adrenergic receptor antagonist'],12.154234,-13.26816
BR00116993,O16,A549,24,BVT-948,compound,BRD-K68567222-001-01-2,,,12.712956,-13.037618
BR00116993,O17,A549,24,nicotine,compound,BRD-K01825660-322-01-9,,['acetylcholine receptor agonist'],12.571035,-13.225856
BR00116993,O18,A549,24,DMSO,compound,,negcon,,13.433416,-14.466758
BR00116993,O19,A549,24,U-0521,compound,BRD-K08953028-001-09-6,,,12.43145,-12.665805
BR00116993,O20,A549,24,BMS-587101,compound,BRD-K20093108-001-02-3,,,12.536914,-13.297025
BR00116993,O21,A549,24,nimodipine,compound,BRD-A58048407-001-20-4,,['calcium channel blocker'],11.407168,-11.02948
BR00116993,O22,A549,24,pyrrolidine-dithiocarbamate,compound,BRD-K80970344-201-08-6,,,9.484141,-7.571725
BR00116993,O23,A549,24,PF-915275,compound,BRD-K18289362-001-02-2,,,12.600239,-13.091459
BR00116993,O24,A549,24,JTE-013,compound,BRD-K43330982-001-02-3,,,11.738748,-11.829118
BR00116993,P01,A549,24,sodium-butyrate,compound,BRD-K05878375-236-05-7,,['HDAC inhibitor'],11.650431,-9.504037
BR00116993,P02,A549,24,pentostatin,compound,BRD-K91543828-001-02-0,,['ribonucleotide reductase inhibitor'],13.81194,-12.757357
BR00116993,P03,A549,24,OMDM-2,compound,BRD-K48830578-001-01-9,,,11.400648,-11.484931
BR00116993,P04,A549,24,nalmefene,compound,BRD-A72767275-003-01-6,,,13.804089,-12.824006
BR00116993,P05,A549,24,DMSO,compound,,negcon,,13.911909,-13.143945
BR00116993,P06,A549,24,1-EBIO,compound,BRD-K70586315-001-02-4,,,13.933431,-12.957311
BR00116993,P07,A549,24,SB-505124,compound,BRD-K40109029-001-02-9,,['ALK tyrosine kinase receptor inhibitor'],10.574001,-9.747304
BR00116993,P08,A549,24,prasugrel,compound,BRD-A83029242-001-06-1,,['purinergic receptor antagonist'],12.1396055,-11.940022
BR00116993,P09,A549,24,pidolic-acid,compound,BRD-K57313110-001-06-8,,,13.805675,-12.724766
BR00116993,P10,A549,24,DMSO,compound,,negcon,,13.977257,-13.365219
BR00116993,P11,A549,24,nevirapine,compound,BRD-K15502390-001-20-9,,,13.64633,-12.574891
BR00116993,P12,A549,24,triamterene,compound,BRD-K92049597-001-20-8,,['sodium channel blocker'],13.520502,-12.489554
BR00116993,P13,A549,24,regorafenib,compound,BRD-K16730910-001-07-3,,"['PDGFR tyrosine kinase receptor inhibitor', 'RAF inhibitor', 'KIT inhibitor', 'RET tyrosine kinase inhibitor', 'FGFR inhibitor', 'VEGFR inhibitor']",10.774054,-11.912062
BR00116993,P14,A549,24,cyclophosphamide,compound,BRD-A09722536-002-18-0,,,13.943803,-12.613805
BR00116993,P15,A549,24,olanzapine,compound,BRD-K18895904-001-16-1,,"['dopamine receptor antagonist', 'serotonin receptor antagonist']",9.335306,-11.8577585
BR00116993,P16,A549,24,KI-16425,compound,BRD-A25569250-001-03-3,,['lysophosphatidic acid receptor antagonist'],10.537919,-9.4137945
BR00116993,P17,A549,24,SKLB1002,compound,BRD-K29895144-001-01-0,,['VEGFR inhibitor'],13.516611,-12.691578
BR00116993,P18,A549,24,cilostazol,compound,BRD-K67017579-001-28-1,,['phosphodiesterase inhibitor'],13.625646,-12.57161
BR00116993,P19,A549,24,AZD1283,compound,BRD-K77060810-001-01-5,,['purinergic receptor antagonist'],12.217064,-12.168901
BR00116993,P20,A549,24,A-987306,compound,BRD-K68982262-001-01-4,,['histamine receptor antagonist'],8.998689,-11.738308
BR00116993,P21,A549,24,procaine,compound,BRD-K24616672-003-20-1,,['HMGCR inhibitor'],12.558527,-12.656727
BR00116993,P22,A549,24,miconazole,compound,BRD-A82396632-008-30-8,,['bacterial cell wall synthesis inhibitor'],10.919872,-11.986436
BR00116993,P23,A549,24,loperamide,compound,BRD-K61250553-003-30-6,,,8.923824,-11.862291
BR00116993,P24,A549,24,aripiprazole,compound,BRD-K70358946-001-17-3,,['serotonin receptor antagonist'],9.16829,-11.915815
BR00116994,A01,A549,24,gabapentin-enacarbil,compound,BRD-A86665761-001-01-1,,,12.585649,-11.490835
BR00116994,A02,A549,24,DMSO,compound,,negcon,,13.625757,-13.366985
BR00116994,A03,A549,24,amlodipine,compound,BRD-A22032524-074-09-9,,['calcium channel blocker'],8.833182,-11.677302
BR00116994,A04,A549,24,hexestrol,compound,BRD-A01078468-001-14-8,,,12.25008,-11.763366
BR00116994,A05,A549,24,quinine,compound,BRD-K48278478-001-01-2,,,12.239786,-12.0377245
BR00116994,A06,A549,24,LOXO-101,compound,BRD-K36574127-001-01-3,,,12.534063,-11.40842
BR00116994,A07,A549,24,brinzolamide,compound,BRD-K74913225-001-14-0,,['carbonic anhydrase inhibitor'],12.391406,-11.974882
BR00116994,A08,A549,24,NS-11021,compound,BRD-K94342292-001-01-3,,['calcium-activated potassium channel activator'],11.911187,-10.208193
BR00116994,A09,A549,24,DMSO,compound,,negcon,,13.646747,-13.412354
BR00116994,A10,A549,24,GNF-5837,compound,BRD-K19975102-001-01-2,,['growth factor receptor inhibitor'],11.162405,-10.697352
BR00116994,A11,A549,24,apatinib,compound,BRD-K25244359-066-02-6,,['RET tyrosine kinase inhibitor'],10.940272,-11.125287
BR00116994,A12,A549,24,ethoxzolamide,compound,BRD-K18131774-001-18-4,,['carbonic anhydrase inhibitor'],12.550846,-12.042859
BR00116994,A13,A549,24,ascorbic-acid,compound,BRD-A85242401-001-11-5,,,12.461558,-11.843234
BR00116994,A14,A549,24,ryuvidine,compound,BRD-K06426971-001-02-7,,['histone lysine methyltransferase inhibitor'],7.9635363,-7.3957872
BR00116994,A15,A549,24,BAN-ORL-24,compound,BRD-K47049295-300-03-1,,,7.9651647,-10.702164
BR00116994,A16,A549,24,NNC-55-0396,compound,BRD-K78122587-300-04-3,,,8.579261,-11.557858
BR00116994,A17,A549,24,DMSO,compound,,negcon,,13.258905,-13.906093
BR00116994,A18,A549,24,WH-4-023,compound,BRD-K50199947-001-03-4,,['src inhibitor'],8.331724,-11.102247
BR00116994,A19,A549,24,flupirtine,compound,BRD-K50720187-051-03-1,,['glutamate receptor antagonist'],11.671754,-10.972165
BR00116994,A20,A549,24,ZK811752,compound,BRD-K91825936-001-03-9,,,10.9725275,-10.654468
BR00116994,A21,A549,24,dexamethasone,compound,BRD-K38775274-001-22-1,,['glucocorticoid receptor agonist'],9.760515,-13.118219
BR00116994,A22,A549,24,PP-1,compound,BRD-K47598052-001-14-1,,['src inhibitor'],9.782521,-9.011227
BR00116994,A23,A549,24,DDR1-IN-1,compound,BRD-K61845293-300-01-9,,,9.179341,-11.641819
BR00116994,A24,A549,24,AVL-292,compound,BRD-K87782578-001-01-4,,"[""Bruton's tyrosine kinase (BTK) inhibitor""]",9.407978,-8.569051
BR00116994,B01,A549,24,H2L-5765834,compound,BRD-K26439554-001-01-3,,['lysophosphatidic acid receptor antagonist'],12.952277,-12.449467
BR00116994,B02,A549,24,thiostrepton,compound,BRD-K58049875-001-03-9,,['protein synthesis inhibitor'],8.511328,-11.399209
BR00116994,B03,A549,24,DMSO,compound,,negcon,,13.770405,-13.758227
BR00116994,B04,A549,24,arcyriaflavin-a,compound,BRD-K72726508-001-02-1,,['CDK inhibitor'],9.803219,-11.430109
BR00116994,B05,A549,24,CYM-5520,compound,BRD-K29151923-001-01-5,,['sphingosine 1 phosphate receptor agonist'],11.457816,-11.848697
BR00116994,B06,A549,24,fludarabine,compound,BRD-K66788707-001-14-3,,['ribonucleotide reductase inhibitor'],11.577268,-8.764419
BR00116994,B07,A549,24,alda-1,compound,BRD-K06890060-001-09-1,,,12.555565,-12.303505
BR00116994,B08,A549,24,meclofenamic-acid,compound,BRD-K50398167-236-22-7,,"['cyclooxygenase inhibitor', 'prostanoid receptor antagonist']",13.416109,-12.128821
BR00116994,B09,A549,24,GNF-5,compound,BRD-K87632963-001-03-0,,['Bcr-Abl kinase inhibitor'],12.553064,-12.047627
BR00116994,B10,A549,24,NS-309,compound,BRD-K37602296-001-01-6,,['calcium-activated potassium channel activator'],12.690805,-11.8500395
BR00116994,B11,A549,24,AK-7,compound,BRD-K09143580-001-01-0,,['SIRT inhibitor'],11.375017,-11.285636
BR00116994,B12,A549,24,BVT-948,compound,BRD-A22713669-001-04-3,,,12.43245,-11.370614
BR00116994,B13,A549,24,SirReal-2,compound,BRD-K16472653-001-01-6,,['SIRT inhibitor'],12.3312235,-11.741838
BR00116994,B14,A549,24,DMSO,compound,,negcon,,13.12883,-14.004924
BR00116994,B15,A549,24,BMS-536924,compound,BRD-K34581968-001-05-3,,['IGF-1 inhibitor'],9.200854,-8.812085
BR00116994,B16,A549,24,PP-121,compound,BRD-K81801188-001-02-8,,['protein tyrosine kinase inhibitor'],7.695072,-8.28625
BR00116994,B17,A549,24,MCOPPB,compound,BRD-K73276278-305-01-1,,,8.459848,-11.348172
BR00116994,B18,A549,24,ozagrel,compound,BRD-K53061490-003-13-9,,,13.0445385,-12.7734585
BR00116994,B19,A549,24,CYM-5442,compound,BRD-A43005764-003-01-5,,['sphingosine 1 phosphate receptor agonist'],9.105394,-12.236791
BR00116994,B20,A549,24,CVT-10216,compound,BRD-K60659193-001-01-0,,,12.644475,-13.207889
BR00116994,B21,A549,24,TCN201,compound,BRD-K09787262-001-02-7,,['glutamate receptor antagonist'],11.051866,-11.783263
BR00116994,B22,A549,24,fomepizole,compound,BRD-K56810756-003-07-7,,['alcohol dehydrogenase inhibitor'],13.367939,-11.782199
BR00116994,B23,A549,24,benzamil,compound,BRD-K87158025-003-08-7,,['sodium channel blocker'],9.304492,-11.864497
BR00116994,B24,A549,24,lercanidipine,compound,BRD-A18992208-003-02-7,,['calcium channel blocker'],10.970253,-11.4409075
BR00116994,C01,A549,24,4-CMTB,compound,BRD-A54139254-001-09-2,,['free fatty acid receptor agonist'],12.367097,-12.334146
BR00116994,C02,A549,24,ML-228,compound,BRD-K44432556-001-05-5,,,12.492052,-13.330018
BR00116994,C03,A549,24,DMSO,compound,,negcon,,12.830897,-14.701233
BR00116994,C04,A549,24,GSK1070916,compound,BRD-K36740062-001-06-6,,['Aurora kinase inhibitor'],7.969184,-11.08684
BR00116994,C05,A549,24,ML-193,compound,BRD-K27539181-001-08-5,,,11.963688,-12.26426
BR00116994,C06,A549,24,DMSO,compound,,negcon,,12.888319,-14.489254
BR00116994,C07,A549,24,M-25,compound,BRD-K51265828-001-01-0,,['smoothened receptor antagonist'],10.785396,-11.86792
BR00116994,C08,A549,24,azeliragon,compound,BRD-K51899933-001-02-6,,['RAGE receptor antagonist'],7.888906,-9.224009
BR00116994,C09,A549,24,CYT-997,compound,BRD-K23363278-001-02-1,poscon_diverse,['tubulin polymerization inhibitor'],6.9046955,-8.742824
BR00116994,C10,A549,24,AR-12,compound,BRD-K90497590-001-05-9,,,6.957794,-7.3583655
BR00116994,C11,A549,24,CYM-50260,compound,BRD-K69877120-001-01-7,,['sphingosine 1 phosphate receptor agonist'],10.549967,-12.183188
BR00116994,C12,A549,24,DMSO,compound,,negcon,,12.99539,-14.491507
BR00116994,C13,A549,24,KG-5,compound,BRD-K90747162-001-01-4,poscon_cp,['RAF inhibitor'],6.872949,-8.788543
BR00116994,C14,A549,24,JTE-607,compound,BRD-K81405859-300-01-4,,,11.304805,-9.2044
BR00116994,C15,A549,24,DMSO,compound,,negcon,,13.081522,-14.448539
BR00116994,C16,A549,24,ilomastat,compound,BRD-K51662849-001-05-4,,['matrix metalloprotease inhibitor'],11.18836,-12.026363
BR00116994,C17,A549,24,RX-821002,compound,BRD-A65597028-003-08-1,,['adrenergic receptor antagonist'],12.5126705,-13.109017
BR00116994,C18,A549,24,DMSO,compound,,negcon,,12.772695,-14.590278
BR00116994,C19,A549,24,TUG-891,compound,BRD-K24282351-001-01-4,,['free fatty acid receptor agonist'],12.158501,-13.265092
BR00116994,C20,A549,24,ponatinib,compound,BRD-K44227013-001-08-0,,"['PDGFR tyrosine kinase receptor inhibitor', 'FLT3 inhibitor', 'Bcr-Abl kinase inhibitor']",7.1715403,-7.4233575
BR00116994,C21,A549,24,DMSO,compound,,negcon,,12.884734,-14.494179
BR00116994,C22,A549,24,puromycin,compound,BRD-K01824976-300-02-9,,['protein synthesis inhibitor'],7.4444165,-7.512543
BR00116994,C23,A549,24,SRC-kinase-inhibitor-I,compound,BRD-K50495309-001-02-0,,['src inhibitor'],9.02391,-11.742043
BR00116994,C24,A549,24,acetylcysteine,compound,BRD-K59058747-001-19-1,,,12.666087,-12.413438
BR00116994,D01,A549,24,NSC-625987,compound,BRD-K62949423-001-03-1,,['CDK inhibitor'],13.137159,-12.458757
BR00116994,D02,A549,24,dalfampridine,compound,BRD-K22482860-001-20-6,,['potassium channel blocker'],13.286711,-12.98369
BR00116994,D03,A549,24,NSC-95397,compound,BRD-K68143200-001-11-7,,['CDC inhibitor'],10.117891,-8.6473055
BR00116994,D04,A549,24,alrestatin,compound,BRD-K35498378-001-06-1,,['aldose reductase inhibitor'],13.241678,-12.017086
BR00116994,D05,A549,24,PF-03758309,compound,BRD-K37764012-001-03-3,poscon_diverse,['p21 activated kinase inhibitor'],12.657854,-12.322462
BR00116994,D06,A549,24,IRL-2500,compound,BRD-K98357249-001-02-9,,['endothelin receptor antagonist'],13.408202,-12.416655
BR00116994,D07,A549,24,PF-04217903,compound,BRD-K73319509-001-08-0,poscon_cp,,12.764589,-11.935142
BR00116994,D08,A549,24,FK-866,compound,BRD-K58550667-001-08-7,poscon_diverse,,10.499343,-9.56306
BR00116994,D09,A549,24,amlexanox,compound,BRD-K29530284-001-06-2,,,12.445432,-12.536526
BR00116994,D10,A549,24,GW-311616,compound,BRD-K37864785-001-01-0,,['elastase inhibitor'],12.8030205,-11.548263
BR00116994,D11,A549,24,buparlisib,compound,BRD-K42191735-001-08-7,poscon_diverse,,7.423951,-8.807775
BR00116994,D12,A549,24,amiloride,compound,BRD-K97181089-003-24-7,,['sodium channel blocker'],11.581333,-12.468105
BR00116994,D13,A549,24,DG-172,compound,BRD-K75748943-300-01-3,,,9.165119,-12.100738
BR00116994,D14,A549,24,DMSO,compound,,negcon,,13.758582,-13.969478
BR00116994,D15,A549,24,DMSO,compound,,negcon,,12.832815,-14.401861
BR00116994,D16,A549,24,NVP-ADW742,compound,BRD-K15179513-001-04-2,poscon_cp,,8.0172615,-10.997474
BR00116994,D17,A549,24,misoprostol,compound,BRD-A72351335-001-04-5,,['prostanoid receptor agonist'],12.894939,-12.068149
BR00116994,D18,A549,24,conivaptan,compound,BRD-K37385792-003-02-1,,,9.688555,-11.473464
BR00116994,D19,A549,24,spiroxatrine,compound,BRD-A72483914-001-03-7,,['serotonin receptor antagonist'],10.867304,-11.457926
BR00116994,D20,A549,24,diacerein,compound,BRD-K69122748-001-10-1,,,12.706586,-13.539441
BR00116994,D21,A549,24,DMSO,compound,,negcon,,13.004804,-14.383258
BR00116994,D22,A549,24,DMSO,compound,,negcon,,12.799674,-14.555952
BR00116994,D23,A549,24,glyburide,compound,BRD-K36927236-001-36-7,,['ATP channel blocker'],12.554741,-12.83028
BR00116994,D24,A549,24,ANR-94,compound,BRD-K31170746-001-01-6,,,12.5623665,-12.981884
BR00116994,E01,A549,24,TFC-007,compound,BRD-K57708067-001-01-3,,,13.13593,-12.231613
BR00116994,E02,A549,24,trihexyphenidyl,compound,BRD-A48180038-003-24-3,,['acetylcholine receptor antagonist'],11.830633,-12.008557
BR00116994,E03,A549,24,epoprostenol,compound,BRD-K64054020-001-02-7,,,12.395772,-13.783201
BR00116994,E04,A549,24,sacubitril,compound,BRD-K91456750-001-01-9,,,12.810699,-13.875617
BR00116994,E05,A549,24,danusertib,compound,BRD-K07881437-001-03-8,poscon_diverse,"['growth factor receptor inhibitor', 'Aurora kinase inhibitor']",10.21776,-8.502372
BR00116994,E06,A549,24,CYT-997,compound,BRD-K23363278-001-02-1,poscon_diverse,['tubulin polymerization inhibitor'],6.9772496,-8.720882
BR00116994,E07,A549,24,DMSO,compound,,negcon,,12.775733,-14.656477
BR00116994,E08,A549,24,BQ-788,compound,BRD-K02490038-236-03-8,,['endothelin receptor antagonist'],12.568916,-12.432776
BR00116994,E09,A549,24,SB-202190,compound,BRD-K54330070-001-19-6,poscon_orf,['p38 MAPK inhibitor'],9.723999,-14.137808
BR00116994,E10,A549,24,GSK2110183,compound,BRD-K25412176-001-01-9,poscon_diverse,,8.572152,-11.742742
BR00116994,E11,A549,24,GSK3787,compound,BRD-K03155172-001-03-0,,['PPAR receptor antagonist'],10.145439,-11.402056
BR00116994,E12,A549,24,BAM7,compound,BRD-K07442505-001-03-6,,,11.076327,-11.583308
BR00116994,E13,A549,24,PHA-793887,compound,BRD-K64800655-001-09-0,poscon_diverse,['CDK inhibitor'],9.502642,-7.204241
BR00116994,E14,A549,24,DMSO,compound,,negcon,,12.901067,-14.636065
BR00116994,E15,A549,24,GSK-37647,compound,BRD-K26514105-001-01-7,,['free fatty acid receptor agonist'],8.64298,-11.812807
BR00116994,E16,A549,24,desonide,compound,BRD-K21528677-001-04-4,,['glucocorticoid receptor agonist'],9.883741,-12.986666
BR00116994,E17,A549,24,DMSO,compound,,negcon,,12.694896,-14.6990385
BR00116994,E18,A549,24,aloxistatin,compound,BRD-K91188791-001-17-5,,,8.631185,-10.994438
BR00116994,E19,A549,24,azathioprine,compound,BRD-K32821942-001-22-1,,,11.430889,-12.588562
BR00116994,E20,A549,24,ZK-93423,compound,BRD-K33882852-003-02-8,poscon_diverse,['benzodiazepine receptor agonist'],10.913575,-10.876895
BR00116994,E21,A549,24,BI-2536,compound,BRD-K64890080-001-02-1,poscon_diverse,,7.8721724,-8.634257
BR00116994,E22,A549,24,EI1,compound,BRD-K91535048-001-01-2,poscon_cp,['histone lysine methyltransferase inhibitor'],10.778925,-11.964106
BR00116994,E23,A549,24,NVP-HSP990,compound,BRD-K67915505-001-01-2,,['HSP inhibitor'],11.163661,-7.877248
BR00116994,E24,A549,24,DMSO,compound,,negcon,,13.3067,-13.604277
BR00116994,F01,A549,24,DMSO,compound,,negcon,,13.869336,-13.500207
BR00116994,F02,A549,24,nialamide,compound,BRD-K12102668-001-25-5,,,13.217671,-13.077548
BR00116994,F03,A549,24,DMSO,compound,,negcon,,13.599721,-13.6334715
BR00116994,F04,A549,24,arundic-acid,compound,BRD-K49223707-001-01-0,,,13.492711,-12.939539
BR00116994,F05,A549,24,torcitabine,compound,BRD-K91822704-003-07-2,,,13.41317,-12.827342
BR00116994,F06,A549,24,DMSO,compound,,negcon,,13.9617815,-13.822823
BR00116994,F07,A549,24,epothilone-b,compound,BRD-K68164687-001-01-6,,"['microtubule stabilizing agent', 'tubulin polymerization inhibitor']",7.1304564,-8.788361
BR00116994,F08,A549,24,dyphylline,compound,BRD-A00827783-001-24-6,,['phosphodiesterase inhibitor'],12.41902,-12.131688
BR00116994,F09,A549,24,DMSO,compound,,negcon,,13.899559,-14.053246
BR00116994,F10,A549,24,quinidine,compound,BRD-K59632282-052-03-1,,['sodium channel blocker'],9.681437,-11.654157
BR00116994,F11,A549,24,halopemide,compound,BRD-K50055394-001-03-6,,,10.407337,-11.132471
BR00116994,F12,A549,24,sulfinpyrazone,compound,BRD-A36217750-001-16-3,,,12.766184,-11.711391
BR00116994,F13,A549,24,ML-323,compound,BRD-K93942811-001-01-3,poscon_cp,['ubiquitin specific protease inhibitor'],11.13434,-11.170029
BR00116994,F14,A549,24,racecadotril,compound,BRD-A08187463-001-12-9,,,11.86105,-11.231767
BR00116994,F15,A549,24,BRL-50481,compound,BRD-K84266862-001-03-2,,['phosphodiesterase inhibitor'],12.996984,-12.245231
BR00116994,F16,A549,24,GSK2110183,compound,BRD-K25412176-001-01-9,poscon_diverse,,8.493996,-11.62248
BR00116994,F17,A549,24,bufexamac,compound,BRD-K36660044-001-24-2,,['cyclooxygenase inhibitor'],10.118644,-11.161924
BR00116994,F18,A549,24,anandamide,compound,BRD-K42352790-001-05-3,,,12.826879,-11.646281
BR00116994,F19,A549,24,thioguanine,compound,BRD-K49350383-001-13-7,poscon_diverse,,9.423339,-9.465925
BR00116994,F20,A549,24,IWP-L6,compound,BRD-K53234107-001-01-6,,['porcupine inhibitor'],10.845598,-11.633911
BR00116994,F21,A549,24,edoxaban,compound,BRD-K29322660-001-01-9,,['coagulation factor inhibitor'],12.086568,-11.574867
BR00116994,F22,A549,24,lonafarnib,compound,BRD-K41599323-001-02-3,poscon_diverse,,9.389427,-11.115326
BR00116994,F23,A549,24,ibutamoren,compound,BRD-K44771174-066-01-0,,,8.992441,-12.056745
BR00116994,F24,A549,24,somatostatin,compound,BRD-K14681867-001-01-6,,['somatostatin receptor agonist'],13.014414,-13.22373
BR00116994,G01,A549,24,L-proline,compound,BRD-K01666412-001-02-0,,,12.874761,-12.323595
BR00116994,G02,A549,24,zamifenacin,compound,BRD-K80451230-051-02-6,,['acetylcholine receptor antagonist'],11.842382,-12.329148
BR00116994,G03,A549,24,YC-1,compound,BRD-K60476892-001-16-1,,,10.984298,-12.522728
BR00116994,G04,A549,24,DMSO,compound,,negcon,,13.024079,-14.672872
BR00116994,G05,A549,24,ME-0328,compound,BRD-K24283677-001-01-9,,['PPAR receptor antagonist'],12.400481,-12.630526
BR00116994,G06,A549,24,NSC-663284,compound,BRD-K03109492-001-02-2,,['CDC inhibitor'],10.717584,-8.648986
BR00116994,G07,A549,24,CYM-50358,compound,BRD-K80666802-003-01-0,,,8.478306,-11.665389
BR00116994,G08,A549,24,trazodone,compound,BRD-K70778732-003-27-5,,"['adrenergic receptor antagonist', 'serotonin receptor antagonist']",11.825727,-12.671903
BR00116994,G09,A549,24,DMSO,compound,,negcon,,13.169035,-14.690741
BR00116994,G10,A549,24,DMSO,compound,,negcon,,12.731499,-14.190168
BR00116994,G11,A549,24,sulfasalazine,compound,BRD-K10670311-001-17-1,,['cyclooxygenase inhibitor'],11.019481,-12.571935
BR00116994,G12,A549,24,"2,5-furandimethanol",compound,BRD-K29791386-001-01-8,,,11.983361,-13.568701
BR00116994,G13,A549,24,DMSO,compound,,negcon,,12.831423,-14.630616
BR00116994,G14,A549,24,dilazep,compound,BRD-K48722258-300-11-0,,,11.106921,-12.361607
BR00116994,G15,A549,24,felodipine,compound,BRD-A30815329-001-12-1,,['calcium channel blocker'],11.295443,-12.020613
BR00116994,G16,A549,24,paliperidone,compound,BRD-A99888680-001-05-3,,"['dopamine receptor antagonist', 'serotonin receptor antagonist']",12.313638,-13.250538
BR00116994,G17,A549,24,purvalanol-a,compound,BRD-K50836978-001-03-3,poscon_orf,['CDK inhibitor'],10.519026,-9.245683
BR00116994,G18,A549,24,DMSO,compound,,negcon,,13.329246,-14.552553
BR00116994,G19,A549,24,Ro-1138452,compound,BRD-K77220725-003-01-5,,['prostanoid receptor antagonist'],9.122095,-11.517585
BR00116994,G20,A549,24,sorbinil,compound,BRD-A89164055-001-03-3,,['aldose reductase inhibitor'],12.626926,-11.472858
BR00116994,G21,A549,24,TC-S-7004,compound,BRD-K89517477-001-01-4,poscon_cp,['DYRK inhibitor'],10.58262,-12.08617
BR00116994,G22,A549,24,saclofen,compound,BRD-A24122750-001-03-7,,['GABA receptor antagonist'],13.377807,-11.916107
BR00116994,G23,A549,24,BAY-87-2243,compound,BRD-K70463136-001-01-5,,,10.809668,-10.846634
BR00116994,G24,A549,24,ibudilast,compound,BRD-K16444452-001-09-1,,['phosphodiesterase inhibitor'],12.564804,-12.817544
BR00116994,H01,A549,24,briciclib,compound,BRD-K05531427-001-01-7,,,6.8150578,-8.779951
BR00116994,H02,A549,24,2-Oleoylglycerol,compound,BRD-K77087341-001-02-4,,,12.625144,-12.522801
BR00116994,H03,A549,24,RGFP966,compound,BRD-K61688984-001-02-9,poscon_cp,['HDAC inhibitor'],10.574041,-11.502754
BR00116994,H04,A549,24,DMSO,compound,,negcon,,13.5810175,-13.858985
BR00116994,H05,A549,24,azacitidine,compound,BRD-K03406345-001-21-1,poscon_diverse,,10.316345,-9.141389
BR00116994,H06,A549,24,N6-cyclopentyladenosine,compound,BRD-K60150510-001-15-6,,,12.8185215,-12.499609
BR00116994,H07,A549,24,filgotinib,compound,BRD-K16803204-001-01-6,poscon_cp,['JAK inhibitor'],11.867327,-12.147446
BR00116994,H08,A549,24,guanidine,compound,BRD-K76037122-001-02-5,,['HSP inhibitor'],12.608401,-12.054916
BR00116994,H09,A549,24,coumarin,compound,BRD-K23913458-001-20-7,,,12.421305,-12.186355
BR00116994,H10,A549,24,DMSO,compound,,negcon,,13.655147,-14.249087
BR00116994,H11,A549,24,ZM-336372,compound,BRD-K73789395-001-09-9,poscon_orf,['RAF inhibitor'],11.577986,-11.01612
BR00116994,H12,A549,24,citric-acid,compound,BRD-K76792669-001-08-1,,['coagulation factor inhibitor'],13.008687,-12.424716
BR00116994,H13,A549,24,DMSO,compound,,negcon,,13.569261,-14.296172
BR00116994,H14,A549,24,CCG-63802,compound,BRD-K26970495-001-02-7,,['G protein signaling inhibitor'],12.701135,-11.676853
BR00116994,H15,A549,24,ibutilide,compound,BRD-A74391928-051-03-9,,['potassium channel blocker'],9.539115,-11.738173
BR00116994,H16,A549,24,batimastat,compound,BRD-K82818427-001-04-8,,['matrix metalloprotease inhibitor'],10.023216,-11.548038
BR00116994,H17,A549,24,DMSO,compound,,negcon,,13.207192,-14.273569
BR00116994,H18,A549,24,DMSO,compound,,negcon,,13.171757,-14.195115
BR00116994,H19,A549,24,UNC1999,compound,BRD-K26989966-001-04-3,poscon_cp,['histone lysine methyltransferase inhibitor'],7.3026743,-7.7606206
BR00116994,H20,A549,24,glutamine-(l),compound,BRD-K83896451-001-06-7,,,12.62599,-12.02441
BR00116994,H21,A549,24,PD-98059,compound,BRD-K62810658-001-11-4,poscon_orf,,10.552982,-12.498951
BR00116994,H22,A549,24,enilconazole,compound,BRD-K01825690-065-01-9,,,11.705082,-11.233573
BR00116994,H23,A549,24,N-alpha-Methylhistamine-dihydrochloride,compound,BRD-K75390981-300-04-9,,['histamine receptor agonist'],12.834523,-12.314125
BR00116994,H24,A549,24,GK921,compound,BRD-K38272302-001-02-7,,,7.5812874,-7.942893
BR00116994,I01,A549,24,nilvadipine,compound,BRD-A84687895-001-03-2,,['calcium channel blocker'],12.162712,-11.670254
BR00116994,I02,A549,24,DMSO,compound,,negcon,,12.693617,-14.060303
BR00116994,I03,A549,24,AC-710,compound,BRD-K15819326-001-01-6,,['PDGFR tyrosine kinase receptor inhibitor'],8.205873,-11.463192
BR00116994,I04,A549,24,PETCM,compound,BRD-A93477898-001-04-2,,,12.664199,-13.478873
BR00116994,I05,A549,24,AZD7762,compound,BRD-K86525559-001-07-8,poscon_diverse,['CHK inhibitor'],6.8607345,-7.6021023
BR00116994,I06,A549,24,PHA-793887,compound,BRD-K64800655-001-09-0,poscon_diverse,['CDK inhibitor'],9.51064,-7.3057895
BR00116994,I07,A549,24,KU-60019,compound,BRD-K36016295-001-05-2,,['ATM kinase inhibitor'],8.068547,-9.140991
BR00116994,I08,A549,24,nafamostat,compound,BRD-K06674495-334-04-0,,,10.402707,-11.059351
BR00116994,I09,A549,24,DMSO,compound,,negcon,,13.035096,-14.366096
BR00116994,I10,A549,24,DMSO,compound,,negcon,,13.131711,-14.633344
BR00116994,I11,A549,24,taladegib,compound,BRD-K50498985-001-03-3,,['smoothened receptor antagonist'],10.641263,-11.947113
BR00116994,I12,A549,24,acetohexamide,compound,BRD-K52960356-001-13-0,,['ATP channel blocker'],12.3383255,-13.920081
BR00116994,I13,A549,24,minocycline,compound,BRD-A69651145-003-11-4,,,12.532987,-13.708679
BR00116994,I14,A549,24,BI-2536,compound,BRD-K64890080-001-02-1,poscon_diverse,,7.787987,-8.680968
BR00116994,I15,A549,24,riociguat,compound,BRD-K84783599-001-01-0,,,11.310569,-12.779266
BR00116994,I16,A549,24,CP-724714,compound,BRD-K76908866-001-07-6,poscon_cp,"['EGFR inhibitor', 'protein tyrosine kinase inhibitor']",10.13598,-11.713965
BR00116994,I17,A549,24,ganetespib,compound,BRD-K38852836-001-04-9,poscon_diverse,['HSP inhibitor'],11.1094,-7.873548
BR00116994,I18,A549,24,AZ191,compound,BRD-K80935598-001-01-1,poscon_cp,['DYRK inhibitor'],8.327999,-10.62768
BR00116994,I19,A549,24,BAX-channel-blocker,compound,BRD-A18763547-300-06-3,,,8.249843,-11.192158
BR00116994,I20,A549,24,SU3327,compound,BRD-K32730239-001-01-0,,['JNK inhibitor'],9.072482,-7.8812346
BR00116994,I21,A549,24,DMSO,compound,,negcon,,13.642758,-14.414592
BR00116994,I22,A549,24,DMSO,compound,,negcon,,13.692884,-14.434502
BR00116994,I23,A549,24,octreotide,compound,BRD-A64173453-015-03-1,,['somatostatin receptor agonist'],8.942027,-10.086461
BR00116994,I24,A549,24,1-octanol,compound,BRD-K09338665-001-08-9,,,12.362259,-13.075388
BR00116994,J01,A549,24,acalabrutinib,compound,BRD-K64034691-001-01-9,,"[""Bruton's tyrosine kinase (BTK) inhibitor""]",13.20161,-12.167928
BR00116994,J02,A549,24,rifamycin,compound,BRD-K38512030-001-01-7,,,13.080805,-12.911212
BR00116994,J03,A549,24,pazopanib,compound,BRD-K74514084-003-09-2,,"['KIT inhibitor', 'VEGFR inhibitor', 'PDGFR tyrosine kinase receptor inhibitor']",11.051183,-10.333199
BR00116994,J04,A549,24,RKI-1447,compound,BRD-K19333160-001-01-3,poscon_cp,,10.457165,-10.178472
BR00116994,J05,A549,24,vitamin-E,compound,BRD-K97091514-001-11-4,,['PKC inhibitor'],12.322912,-12.044694
BR00116994,J06,A549,24,lonafarnib,compound,BRD-K41599323-001-02-3,poscon_diverse,,9.542061,-11.246676
BR00116994,J07,A549,24,ethyl-pyruvate,compound,BRD-K47738867-001-01-5,,,12.959271,-11.796369
BR00116994,J08,A549,24,picrotin,compound,BRD-A91822151-001-05-0,,['GABA receptor antagonist'],12.510587,-12.801418
BR00116994,J09,A549,24,SGX523,compound,BRD-K19477839-001-07-6,poscon_cp,,11.130569,-11.980497
BR00116994,J10,A549,24,PP-2,compound,BRD-K95785537-001-22-3,,['src inhibitor'],9.717532,-9.059419
BR00116994,J11,A549,24,ME-0328,compound,BRD-A63444178-001-01-5,,['PPAR receptor antagonist'],10.767918,-9.91666
BR00116994,J12,A549,24,AZD9668,compound,BRD-K31476763-001-01-5,,['elastase inhibitor'],10.957456,-11.903293
BR00116994,J13,A549,24,NQDI-1,compound,BRD-K61918008-001-07-1,,,11.539005,-12.017733
BR00116994,J14,A549,24,DMSO,compound,,negcon,,13.82448,-14.340398
BR00116994,J15,A549,24,carzenide,compound,BRD-K09295674-001-09-8,,,11.96382,-9.641774
BR00116994,J16,A549,24,KU-55933,compound,BRD-K25311561-001-10-7,,['ATM kinase inhibitor'],9.888081,-13.955358
BR00116994,J17,A549,24,NVP-AEW541,compound,BRD-K24696047-001-02-3,poscon_cp,['IGF-1 inhibitor'],8.151221,-11.408189
BR00116994,J18,A549,24,leflunomide,compound,BRD-K78692225-001-24-5,,['PDGFR tyrosine kinase receptor inhibitor'],9.895944,-12.663179
BR00116994,J19,A549,24,DMSO,compound,,negcon,,13.133828,-14.354311
BR00116994,J20,A549,24,azacitidine,compound,BRD-K03406345-001-21-1,poscon_diverse,,10.416887,-9.089848
BR00116994,J21,A549,24,ixabepilone,compound,BRD-K03601870-001-01-2,,['microtubule stabilizing agent'],7.0138397,-8.6274
BR00116994,J22,A549,24,KH-CB19,compound,BRD-K66430217-001-03-8,poscon_cp,['CDC inhibitor'],11.463362,-11.067851
BR00116994,J23,A549,24,DMSO,compound,,negcon,,12.361178,-14.247135
BR00116994,J24,A549,24,PF-05190457,compound,BRD-K02554563-001-01-6,,,9.611439,-12.058186
BR00116994,K01,A549,24,LDN-212854,compound,BRD-K59831625-001-03-9,,,7.241139,-7.5363016
BR00116994,K02,A549,24,formononetin,compound,BRD-K55567017-001-12-3,,['alcohol dehydrogenase inhibitor'],12.214684,-13.553782
BR00116994,K03,A549,24,aminopurvalanol-a,compound,BRD-K07762753-001-05-1,poscon_orf,['CDK inhibitor'],10.812634,-8.566312
BR00116994,K04,A549,24,ruxolitinib,compound,BRD-K53972329-001-01-3,poscon_cp,['JAK inhibitor'],10.313297,-10.455472
BR00116994,K05,A549,24,DMSO,compound,,negcon,,12.887557,-14.646064
BR00116994,K06,A549,24,DMSO,compound,,negcon,,12.989079,-14.413522
BR00116994,K07,A549,24,LGK-974,compound,BRD-K16810791-001-01-0,,['porcupine inhibitor'],10.791873,-12.759897
BR00116994,K08,A549,24,polydatin,compound,BRD-K43236057-001-07-1,,['ICAM1 expression inhibitor'],9.5609455,-8.207541
BR00116994,K09,A549,24,enflurane,compound,BRD-A51831848-001-01-7,,,13.04593,-13.925534
BR00116994,K10,A549,24,PFI-1,compound,BRD-K13094524-001-04-2,poscon_cp,,12.131619,-11.287175
BR00116994,K11,A549,24,AZD7762,compound,BRD-K86525559-001-07-8,poscon_diverse,['CHK inhibitor'],6.8799396,-7.632791
BR00116994,K12,A549,24,sotrastaurin,compound,BRD-K16761703-001-03-8,,['PKC inhibitor'],11.672941,-12.208423
BR00116994,K13,A549,24,DMSO,compound,,negcon,,13.106899,-14.729018
BR00116994,K14,A549,24,cycloheximide,compound,BRD-K36055864-001-20-0,,['protein synthesis inhibitor'],9.391602,-7.5624733
BR00116994,K15,A549,24,oxytocin,compound,BRD-K25243230-001-01-2,,,11.633457,-12.039399
BR00116994,K16,A549,24,DMSO,compound,,negcon,,13.460031,-14.5549135
BR00116994,K17,A549,24,colchicine,compound,BRD-K00259736-001-16-4,,,6.904356,-8.718636
BR00116994,K18,A549,24,afimoxifene,compound,BRD-K04210847-001-21-9,,,8.786116,-11.788625
BR00116994,K19,A549,24,DMSO,compound,,negcon,,13.473437,-14.584992
BR00116994,K20,A549,24,ZK-93423,compound,BRD-K33882852-003-02-8,poscon_diverse,['benzodiazepine receptor agonist'],11.043881,-10.7865095
BR00116994,K21,A549,24,RGB-286638,compound,BRD-K20986415-001-02-6,,['CDK inhibitor'],7.850945,-7.4980073
BR00116994,K22,A549,24,FPS-ZM1,compound,BRD-K87691185-001-01-2,,['RAGE receptor antagonist'],11.258781,-10.892073
BR00116994,K23,A549,24,flindokalner,compound,BRD-K56740996-001-02-1,,,10.796707,-11.699216
BR00116994,K24,A549,24,motesanib,compound,BRD-K99616396-316-05-3,,"['KIT inhibitor', 'VEGFR inhibitor', 'PDGFR tyrosine kinase receptor inhibitor']",11.014935,-10.770522
BR00116994,L01,A549,24,geldanamycin,compound,BRD-K43570081-001-02-4,,['HSP inhibitor'],10.960299,-7.8906627
BR00116994,L02,A549,24,DMSO,compound,,negcon,,13.95128,-13.9701395
BR00116994,L03,A549,24,CGP-53353,compound,BRD-K32292990-001-03-6,,"['PKC inhibitor', 'EGFR inhibitor']",10.723962,-11.721961
BR00116994,L04,A549,24,7-hydroxystaurosporine,compound,BRD-K45293975-001-02-0,,"['CDK inhibitor', 'PKC inhibitor', 'CHK inhibitor']",7.847633,-10.358055
BR00116994,L05,A549,24,DMSO,compound,,negcon,,13.981519,-14.132119
BR00116994,L06,A549,24,DMSO,compound,,negcon,,13.469717,-14.0457735
BR00116994,L07,A549,24,efaproxiral,compound,BRD-K37355418-236-01-6,,,12.061701,-11.912799
BR00116994,L08,A549,24,SB-203580,compound,BRD-A37704979-001-12-3,poscon_orf,['p38 MAPK inhibitor'],9.69644,-14.134377
BR00116994,L09,A549,24,FK-866,compound,BRD-K58550667-001-08-7,poscon_diverse,,10.434178,-9.475927
BR00116994,L10,A549,24,bepridil,compound,BRD-A91008255-003-24-8,,['calcium channel blocker'],9.990522,-11.967582
BR00116994,L11,A549,24,delanzomib,compound,BRD-K59325863-001-04-4,,,8.105171,-7.4951596
BR00116994,L12,A549,24,buparlisib,compound,BRD-K42191735-001-08-7,poscon_diverse,,7.5147405,-8.780771
BR00116994,L13,A549,24,phenylbutazone,compound,BRD-K10843433-001-23-5,,"['cyclooxygenase inhibitor', 'prostanoid receptor antagonist']",11.729712,-12.456447
BR00116994,L14,A549,24,deferasirox,compound,BRD-K97010173-001-04-1,,,11.476512,-9.58702
BR00116994,L15,A549,24,DMSO,compound,,negcon,,13.433723,-14.461122
BR00116994,L16,A549,24,cediranib,compound,BRD-K86930074-001-05-0,,"['KIT inhibitor', 'VEGFR inhibitor']",8.411828,-10.822754
BR00116994,L17,A549,24,isoflurane,compound,BRD-A31564021-001-02-6,,,12.089996,-13.049667
BR00116994,L18,A549,24,DMSO,compound,,negcon,,13.644002,-14.388737
BR00116994,L19,A549,24,CCG-50014,compound,BRD-K08893438-001-06-4,,['G protein signaling inhibitor'],11.224954,-12.593662
BR00116994,L20,A549,24,PF-431396,compound,BRD-K93788137-001-04-1,,,10.642624,-8.460266
BR00116994,L21,A549,24,TG-02,compound,BRD-K14560436-001-01-4,,"['CDK inhibitor', 'FLT3 inhibitor', 'JAK inhibitor']",9.467717,-7.255273
BR00116994,L22,A549,24,baclofen,compound,BRD-K01826724-003-07-9,,['benzodiazepine receptor agonist'],12.999744,-13.258859
BR00116994,L23,A549,24,thiostrepton,compound,BRD-A20697603-001-07-2,,['protein synthesis inhibitor'],8.846685,-11.265745
BR00116994,L24,A549,24,flufenamic-acid,compound,BRD-K44067360-001-29-5,,,12.899739,-13.213533
BR00116994,M01,A549,24,DMSO,compound,,negcon,,13.421095,-14.182209
BR00116994,M02,A549,24,LY2109761,compound,BRD-K47557313-001-02-7,,,11.3554,-12.3253
BR00116994,M03,A549,24,olopatadine,compound,BRD-K67637637-003-11-8,,['histamine receptor antagonist'],12.171982,-13.65904
BR00116994,M04,A549,24,DMSO,compound,,negcon,,12.993967,-14.694191
BR00116994,M05,A549,24,castanospermine,compound,BRD-K20897876-001-11-8,,['glucosidase inhibitor'],11.666923,-12.916562
BR00116994,M06,A549,24,A205804,compound,BRD-K77627880-001-04-0,,['ICAM1 expression inhibitor'],11.17472,-11.7795
BR00116994,M07,A549,24,VU591,compound,BRD-K72063794-003-01-0,,['potassium channel blocker'],11.600066,-12.724627
BR00116994,M08,A549,24,dalbavancin,compound,BRD-K30177383-001-01-0,,['bacterial cell wall synthesis inhibitor'],12.274767,-12.90081
BR00116994,M09,A549,24,CC-401,compound,BRD-K45746021-003-01-9,,['JNK inhibitor'],10.922931,-12.596513
BR00116994,M10,A549,24,ganetespib,compound,BRD-K38852836-001-04-9,poscon_diverse,['HSP inhibitor'],11.098608,-7.87864
BR00116994,M11,A549,24,ingenol-mebutate,compound,BRD-K93779381-001-01-9,,,7.666404,-8.272002
BR00116994,M12,A549,24,menadione,compound,BRD-K78126613-001-27-7,,,12.464091,-11.845582
BR00116994,M13,A549,24,cetilistat,compound,BRD-K94863486-001-02-2,,,12.243296,-12.185999
BR00116994,M14,A549,24,methoxsalen,compound,BRD-K63430059-001-16-4,,['DNA synthesis inhibitor'],11.455778,-13.309203
BR00116994,M15,A549,24,cyclosporine,compound,BRD-K13533483-001-16-2,,,9.221882,-7.7275686
BR00116994,M16,A549,24,NSC-632839,compound,BRD-K81197548-003-01-4,poscon_cp,['ubiquitin specific protease inhibitor'],7.7152452,-7.5246754
BR00116994,M17,A549,24,DMSO,compound,,negcon,,12.567211,-14.259059
BR00116994,M18,A549,24,TG-003,compound,BRD-K97072811-001-11-4,poscon_cp,,10.637712,-12.442485
BR00116994,M19,A549,24,oxibendazole,compound,BRD-K52075715-001-06-7,,['tubulin polymerization inhibitor'],6.80934,-8.621172
BR00116994,M20,A549,24,TG-101348,compound,BRD-K12502280-001-11-4,poscon_cp,"['JAK inhibitor', 'FLT3 inhibitor']",7.3372593,-7.6459846
BR00116994,M21,A549,24,miglitol,compound,BRD-A63310107-001-04-8,,['glucosidase inhibitor'],13.053881,-12.013951
BR00116994,M22,A549,24,DMSO,compound,,negcon,,13.320125,-14.595879
BR00116994,M23,A549,24,DMSO,compound,,negcon,,12.730149,-14.449404
BR00116994,M24,A549,24,tranilast,compound,BRD-K17849083-001-32-9,,,11.291246,-10.584816
BR00116994,N01,A549,24,4-methylhistamine,compound,BRD-K70821460-300-02-4,,['histamine receptor agonist'],13.638436,-12.859132
BR00116994,N02,A549,24,LDN-27219,compound,BRD-K51485109-001-01-4,,,13.538863,-13.015673
BR00116994,N03,A549,24,anisomycin,compound,BRD-K91370081-001-25-1,,['DNA synthesis inhibitor'],8.41959,-7.13336
BR00116994,N04,A549,24,thioguanine,compound,BRD-K49350383-001-13-7,poscon_diverse,,9.363171,-9.514021
BR00116994,N05,A549,24,droxinostat,compound,BRD-K11558771-001-13-9,,['HDAC inhibitor'],10.60486,-11.426027
BR00116994,N06,A549,24,UNC2025,compound,BRD-K91283740-003-01-6,poscon_cp,['FLT3 inhibitor'],7.92532,-10.878442
BR00116994,N07,A549,24,DMSO,compound,,negcon,,13.806467,-14.186017
BR00116994,N08,A549,24,DMSO,compound,,negcon,,13.6968775,-14.273293
BR00116994,N09,A549,24,AMG900,compound,BRD-K21728777-001-02-3,poscon_cp,['Aurora kinase inhibitor'],10.520564,-8.327289
BR00116994,N10,A549,24,PF-06463922,compound,BRD-A23124853-001-01-4,,['ALK tyrosine kinase receptor inhibitor'],9.228233,-11.509679
BR00116994,N11,A549,24,orantinib,compound,BRD-K55966568-001-09-6,poscon_cp,"['FGFR inhibitor', 'PDGFR tyrosine kinase receptor inhibitor', 'VEGFR inhibitor']",12.049021,-12.03265
BR00116994,N12,A549,24,fludarabine-phosphate,compound,BRD-K71106091-001-09-5,,['ribonucleotide reductase inhibitor'],11.359066,-8.659631
BR00116994,N13,A549,24,ceritinib,compound,BRD-K22149900-001-06-2,,['ALK tyrosine kinase receptor inhibitor'],8.934023,-11.714344
BR00116994,N14,A549,24,NVS-PAK1-1,compound,BRD-K28132190-001-02-0,poscon_cp,['p21 activated kinase inhibitor'],9.851796,-11.810952
BR00116994,N15,A549,24,homoharringtonine,compound,BRD-K76674262-001-03-3,,['protein synthesis inhibitor'],8.370638,-7.024656
BR00116994,N16,A549,24,picrotoxinin,compound,BRD-K36461289-001-05-8,,['GABA receptor antagonist'],13.071041,-13.09793
BR00116994,N17,A549,24,DMSO,compound,,negcon,,13.668054,-14.485036
BR00116994,N18,A549,24,danusertib,compound,BRD-K07881437-001-03-8,poscon_diverse,"['growth factor receptor inhibitor', 'Aurora kinase inhibitor']",10.174548,-8.429644
BR00116994,N19,A549,24,romidepsin,compound,BRD-K61397605-001-01-8,poscon_cp,['HDAC inhibitor'],7.309195,-7.619741
BR00116994,N20,A549,24,FERb-033,compound,BRD-K61642990-001-01-0,poscon_cp,['EGFR inhibitor'],12.231751,-13.375764
BR00116994,N21,A549,24,PF-03758309,compound,BRD-K37764012-001-03-3,poscon_diverse,['p21 activated kinase inhibitor'],9.539019,-7.312047
BR00116994,N22,A549,24,DMSO,compound,,negcon,,12.605663,-14.162829
BR00116994,N23,A549,24,trometamol,compound,BRD-K47978074-001-03-2,,,13.132143,-13.309297
BR00116994,N24,A549,24,simvastatin,compound,BRD-K22134346-001-22-3,,['HMGCR inhibitor'],9.1505,-11.943507
BR00116994,O01,A549,24,zaprinast,compound,BRD-K16542329-001-16-8,,['phosphodiesterase inhibitor'],13.163731,-12.918115
BR00116994,O02,A549,24,dexamethasone,compound,BRD-A10188456-001-04-9,,['glucocorticoid receptor agonist'],9.790953,-13.140894
BR00116994,O03,A549,24,salicylic-acid,compound,BRD-K93632104-001-17-2,,['cyclooxygenase inhibitor'],12.575911,-13.762195
BR00116994,O04,A549,24,diltiazem,compound,BRD-A69636825-003-04-7,,['calcium channel blocker'],10.182702,-12.089671
BR00116994,O05,A549,24,phenolphthalein,compound,BRD-K19227686-001-18-6,,,12.691106,-13.477383
BR00116994,O06,A549,24,niflumic-acid,compound,BRD-K98763141-001-30-8,,['cyclooxygenase inhibitor'],12.513348,-13.290783
BR00116994,O07,A549,24,DMSO,compound,,negcon,,12.844414,-14.364956
BR00116994,O08,A549,24,L-Cystine,compound,BRD-A15397381-001-02-5,,,12.73276,-13.644698
BR00116994,O09,A549,24,ozanimod,compound,BRD-K46625559-001-01-8,,['sphingosine 1 phosphate receptor agonist'],9.600463,-12.584164
BR00116994,O10,A549,24,efaroxan,compound,BRD-A10739734-003-09-8,,['adrenergic receptor antagonist'],12.159712,-13.484561
BR00116994,O11,A549,24,NBQX,compound,BRD-K11796549-001-05-2,,['glutamate receptor antagonist'],13.051061,-13.315919
BR00116994,O12,A549,24,dinoprostone,compound,BRD-K26521938-001-07-2,,['prostanoid receptor agonist'],12.543674,-13.621154
BR00116994,O13,A549,24,Ro-20-1724,compound,BRD-A07207424-001-14-0,,['phosphodiesterase inhibitor'],12.400998,-12.84992
BR00116994,O14,A549,24,xanomeline,compound,BRD-K72815923-034-02-0,,['acetylcholine receptor agonist'],12.69948,-13.629577
BR00116994,O15,A549,24,terazosin,compound,BRD-K01825589-310-02-9,,['adrenergic receptor antagonist'],12.649105,-12.997904
BR00116994,O16,A549,24,BVT-948,compound,BRD-K68567222-001-01-2,,,12.445703,-13.080256
BR00116994,O17,A549,24,nicotine,compound,BRD-K01825660-322-01-9,,['acetylcholine receptor agonist'],12.607888,-13.330938
BR00116994,O18,A549,24,DMSO,compound,,negcon,,13.436223,-14.426062
BR00116994,O19,A549,24,U-0521,compound,BRD-K08953028-001-09-6,,,12.364873,-12.988729
BR00116994,O20,A549,24,BMS-587101,compound,BRD-K20093108-001-02-3,,,12.63508,-13.254948
BR00116994,O21,A549,24,nimodipine,compound,BRD-A58048407-001-20-4,,['calcium channel blocker'],11.105125,-11.2286005
BR00116994,O22,A549,24,pyrrolidine-dithiocarbamate,compound,BRD-K80970344-201-08-6,,,9.562254,-7.748397
BR00116994,O23,A549,24,PF-915275,compound,BRD-K18289362-001-02-2,,,12.656146,-13.404782
BR00116994,O24,A549,24,JTE-013,compound,BRD-K43330982-001-02-3,,,11.836004,-12.785969
BR00116994,P01,A549,24,sodium-butyrate,compound,BRD-K05878375-236-05-7,,['HDAC inhibitor'],11.576979,-9.720067
BR00116994,P02,A549,24,pentostatin,compound,BRD-K91543828-001-02-0,,['ribonucleotide reductase inhibitor'],13.711071,-12.834261
BR00116994,P03,A549,24,OMDM-2,compound,BRD-K48830578-001-01-9,,,11.600092,-11.696732
BR00116994,P04,A549,24,nalmefene,compound,BRD-A72767275-003-01-6,,,13.783215,-12.991731
BR00116994,P05,A549,24,DMSO,compound,,negcon,,13.950531,-13.556658
BR00116994,P06,A549,24,1-EBIO,compound,BRD-K70586315-001-02-4,,,13.549159,-12.807369
BR00116994,P07,A549,24,SB-505124,compound,BRD-K40109029-001-02-9,,['ALK tyrosine kinase receptor inhibitor'],10.567713,-9.797039
BR00116994,P08,A549,24,prasugrel,compound,BRD-A83029242-001-06-1,,['purinergic receptor antagonist'],11.991003,-11.854689
BR00116994,P09,A549,24,pidolic-acid,compound,BRD-K57313110-001-06-8,,,13.579801,-12.8491125
BR00116994,P10,A549,24,DMSO,compound,,negcon,,13.840958,-13.359868
BR00116994,P11,A549,24,nevirapine,compound,BRD-K15502390-001-20-9,,,13.747408,-12.876925
BR00116994,P12,A549,24,triamterene,compound,BRD-K92049597-001-20-8,,['sodium channel blocker'],13.536176,-12.593673
BR00116994,P13,A549,24,regorafenib,compound,BRD-K16730910-001-07-3,,"['PDGFR tyrosine kinase receptor inhibitor', 'RAF inhibitor', 'KIT inhibitor', 'RET tyrosine kinase inhibitor', 'FGFR inhibitor', 'VEGFR inhibitor']",10.589227,-11.8226185
BR00116994,P14,A549,24,cyclophosphamide,compound,BRD-A09722536-002-18-0,,,13.750112,-12.809024
BR00116994,P15,A549,24,olanzapine,compound,BRD-K18895904-001-16-1,,"['dopamine receptor antagonist', 'serotonin receptor antagonist']",9.503056,-11.805051
BR00116994,P16,A549,24,KI-16425,compound,BRD-A25569250-001-03-3,,['lysophosphatidic acid receptor antagonist'],10.305145,-9.317444
BR00116994,P17,A549,24,SKLB1002,compound,BRD-K29895144-001-01-0,,['VEGFR inhibitor'],13.346041,-12.56134
BR00116994,P18,A549,24,cilostazol,compound,BRD-K67017579-001-28-1,,['phosphodiesterase inhibitor'],13.114129,-12.75636
BR00116994,P19,A549,24,AZD1283,compound,BRD-K77060810-001-01-5,,['purinergic receptor antagonist'],12.999781,-13.01993
BR00116994,P20,A549,24,A-987306,compound,BRD-K68982262-001-01-4,,['histamine receptor antagonist'],9.051157,-11.917582
BR00116994,P21,A549,24,procaine,compound,BRD-K24616672-003-20-1,,['HMGCR inhibitor'],12.751296,-12.943678
BR00116994,P22,A549,24,miconazole,compound,BRD-A82396632-008-30-8,,['bacterial cell wall synthesis inhibitor'],11.1150055,-12.278602
BR00116994,P23,A549,24,loperamide,compound,BRD-K61250553-003-30-6,,,9.21098,-11.8216
BR00116994,P24,A549,24,aripiprazole,compound,BRD-K70358946-001-17-3,,['serotonin receptor antagonist'],9.18802,-12.006806
BR00117015,A01,A549,48,gabapentin-enacarbil,compound,BRD-A86665761-001-01-1,,,13.904934,-9.522174
BR00117015,A02,A549,48,DMSO,compound,,negcon,,14.768777,-9.91023
BR00117015,A03,A549,48,amlodipine,compound,BRD-A22032524-074-09-9,,['calcium channel blocker'],9.820851,-10.508455
BR00117015,A04,A549,48,hexestrol,compound,BRD-A01078468-001-14-8,,,13.628916,-10.168728
BR00117015,A05,A549,48,quinine,compound,BRD-K48278478-001-01-2,,,9.885891,-10.457984
BR00117015,A06,A549,48,LOXO-101,compound,BRD-K36574127-001-01-3,,,13.2140465,-10.599658
BR00117015,A07,A549,48,brinzolamide,compound,BRD-K74913225-001-14-0,,['carbonic anhydrase inhibitor'],14.347136,-9.959608
BR00117015,A08,A549,48,NS-11021,compound,BRD-K94342292-001-01-3,,['calcium-activated potassium channel activator'],11.88665,-10.118685
BR00117015,A09,A549,48,DMSO,compound,,negcon,,14.822928,-9.915403
BR00117015,A10,A549,48,GNF-5837,compound,BRD-K19975102-001-01-2,,['growth factor receptor inhibitor'],11.213812,-10.441608
BR00117015,A11,A549,48,apatinib,compound,BRD-K25244359-066-02-6,,['RET tyrosine kinase inhibitor'],10.973461,-10.378138
BR00117015,A12,A549,48,ethoxzolamide,compound,BRD-K18131774-001-18-4,,['carbonic anhydrase inhibitor'],13.631656,-9.869477
BR00117015,A13,A549,48,ascorbic-acid,compound,BRD-A85242401-001-11-5,,,14.066359,-9.877019
BR00117015,A14,A549,48,ryuvidine,compound,BRD-K06426971-001-02-7,,['histone lysine methyltransferase inhibitor'],7.6395683,-7.2090774
BR00117015,A15,A549,48,BAN-ORL-24,compound,BRD-K47049295-300-03-1,,,8.854876,-9.834306
BR00117015,A16,A549,48,NNC-55-0396,compound,BRD-K78122587-300-04-3,,,8.650658,-10.327386
BR00117015,A17,A549,48,DMSO,compound,,negcon,,15.069853,-10.057038
BR00117015,A18,A549,48,WH-4-023,compound,BRD-K50199947-001-03-4,,['src inhibitor'],8.709741,-9.905612
BR00117015,A19,A549,48,flupirtine,compound,BRD-K50720187-051-03-1,,['glutamate receptor antagonist'],11.672711,-10.450701
BR00117015,A20,A549,48,ZK811752,compound,BRD-K91825936-001-03-9,,,11.132562,-10.309121
BR00117015,A21,A549,48,dexamethasone,compound,BRD-K38775274-001-22-1,,['glucocorticoid receptor agonist'],9.6234455,-13.070832
BR00117015,A22,A549,48,PP-1,compound,BRD-K47598052-001-14-1,,['src inhibitor'],9.618677,-8.862011
BR00117015,A23,A549,48,DDR1-IN-1,compound,BRD-K61845293-300-01-9,,,9.715801,-10.413574
BR00117015,A24,A549,48,AVL-292,compound,BRD-K87782578-001-01-4,,"[""Bruton's tyrosine kinase (BTK) inhibitor""]",9.446479,-8.424876
BR00117015,B01,A549,48,H2L-5765834,compound,BRD-K26439554-001-01-3,,['lysophosphatidic acid receptor antagonist'],13.584517,-10.144656
BR00117015,B02,A549,48,thiostrepton,compound,BRD-K58049875-001-03-9,,['protein synthesis inhibitor'],8.574751,-10.140052
BR00117015,B03,A549,48,DMSO,compound,,negcon,,15.275196,-10.638513
BR00117015,B04,A549,48,arcyriaflavin-a,compound,BRD-K72726508-001-02-1,,['CDK inhibitor'],10.626922,-9.924556
BR00117015,B05,A549,48,CYM-5520,compound,BRD-K29151923-001-01-5,,['sphingosine 1 phosphate receptor agonist'],13.094184,-10.672979
BR00117015,B06,A549,48,fludarabine,compound,BRD-K66788707-001-14-3,,['ribonucleotide reductase inhibitor'],11.59556,-8.934813
BR00117015,B07,A549,48,alda-1,compound,BRD-K06890060-001-09-1,,,13.700895,-10.849971
BR00117015,B08,A549,48,meclofenamic-acid,compound,BRD-K50398167-236-22-7,,"['cyclooxygenase inhibitor', 'prostanoid receptor antagonist']",14.07608,-10.614534
BR00117015,B09,A549,48,GNF-5,compound,BRD-K87632963-001-03-0,,['Bcr-Abl kinase inhibitor'],13.717055,-10.732421
BR00117015,B10,A549,48,NS-309,compound,BRD-K37602296-001-01-6,,['calcium-activated potassium channel activator'],13.521511,-10.815245
BR00117015,B11,A549,48,AK-7,compound,BRD-K09143580-001-01-0,,['SIRT inhibitor'],12.111793,-10.551042
BR00117015,B12,A549,48,BVT-948,compound,BRD-A22713669-001-04-3,,,12.786665,-10.816991
BR00117015,B13,A549,48,SirReal-2,compound,BRD-K16472653-001-01-6,,['SIRT inhibitor'],11.435107,-10.977158
BR00117015,B14,A549,48,DMSO,compound,,negcon,,15.191912,-10.46639
BR00117015,B15,A549,48,BMS-536924,compound,BRD-K34581968-001-05-3,,['IGF-1 inhibitor'],9.157966,-8.644119
BR00117015,B16,A549,48,PP-121,compound,BRD-K81801188-001-02-8,,['protein tyrosine kinase inhibitor'],7.4380574,-7.6091056
BR00117015,B17,A549,48,MCOPPB,compound,BRD-K73276278-305-01-1,,,8.645992,-10.407458
BR00117015,B18,A549,48,ozagrel,compound,BRD-K53061490-003-13-9,,,13.763465,-10.768834
BR00117015,B19,A549,48,CYM-5442,compound,BRD-A43005764-003-01-5,,['sphingosine 1 phosphate receptor agonist'],8.822997,-10.580203
BR00117015,B20,A549,48,CVT-10216,compound,BRD-K60659193-001-01-0,,,14.660259,-10.485818
BR00117015,B21,A549,48,TCN201,compound,BRD-K09787262-001-02-7,,['glutamate receptor antagonist'],13.566272,-11.0154705
BR00117015,B22,A549,48,fomepizole,compound,BRD-K56810756-003-07-7,,['alcohol dehydrogenase inhibitor'],14.266577,-10.456204
BR00117015,B23,A549,48,benzamil,compound,BRD-K87158025-003-08-7,,['sodium channel blocker'],9.877502,-10.655754
BR00117015,B24,A549,48,lercanidipine,compound,BRD-A18992208-003-02-7,,['calcium channel blocker'],9.639326,-10.338123
BR00117015,C01,A549,48,4-CMTB,compound,BRD-A54139254-001-09-2,,['free fatty acid receptor agonist'],13.238088,-10.307206
BR00117015,C02,A549,48,ML-228,compound,BRD-K44432556-001-05-5,,,14.622164,-11.152685
BR00117015,C03,A549,48,DMSO,compound,,negcon,,15.13989,-11.121489
BR00117015,C04,A549,48,GSK1070916,compound,BRD-K36740062-001-06-6,,['Aurora kinase inhibitor'],8.352348,-9.634902
BR00117015,C05,A549,48,ML-193,compound,BRD-K27539181-001-08-5,,,13.115535,-11.298099
BR00117015,C06,A549,48,DMSO,compound,,negcon,,15.440186,-11.1517105
BR00117015,C07,A549,48,M-25,compound,BRD-K51265828-001-01-0,,['smoothened receptor antagonist'],11.445905,-11.271507
BR00117015,C08,A549,48,azeliragon,compound,BRD-K51899933-001-02-6,,['RAGE receptor antagonist'],7.2187023,-7.688511
BR00117015,C09,A549,48,CYT-997,compound,BRD-K23363278-001-02-1,poscon_diverse,['tubulin polymerization inhibitor'],8.61242,-7.9256086
BR00117015,C10,A549,48,AR-12,compound,BRD-K90497590-001-05-9,,,7.109833,-7.056691
BR00117015,C11,A549,48,CYM-50260,compound,BRD-K69877120-001-01-7,,['sphingosine 1 phosphate receptor agonist'],10.330496,-12.558497
BR00117015,C12,A549,48,DMSO,compound,,negcon,,15.422364,-11.0367155
BR00117015,C13,A549,48,KG-5,compound,BRD-K90747162-001-01-4,poscon_cp,['RAF inhibitor'],8.718737,-7.9564414
BR00117015,C14,A549,48,JTE-607,compound,BRD-K81405859-300-01-4,,,11.3714285,-9.286033
BR00117015,C15,A549,48,DMSO,compound,,negcon,,15.488158,-11.058596
BR00117015,C16,A549,48,ilomastat,compound,BRD-K51662849-001-05-4,,['matrix metalloprotease inhibitor'],13.240582,-11.124132
BR00117015,C17,A549,48,RX-821002,compound,BRD-A65597028-003-08-1,,['adrenergic receptor antagonist'],13.500915,-10.446721
BR00117015,C18,A549,48,DMSO,compound,,negcon,,15.403059,-10.838123
BR00117015,C19,A549,48,TUG-891,compound,BRD-K24282351-001-01-4,,['free fatty acid receptor agonist'],13.456283,-11.22614
BR00117015,C20,A549,48,ponatinib,compound,BRD-K44227013-001-08-0,,"['PDGFR tyrosine kinase receptor inhibitor', 'FLT3 inhibitor', 'Bcr-Abl kinase inhibitor']",7.120901,-6.919575
BR00117015,C21,A549,48,DMSO,compound,,negcon,,15.136215,-10.717891
BR00117015,C22,A549,48,puromycin,compound,BRD-K01824976-300-02-9,,['protein synthesis inhibitor'],7.2400923,-6.9858522
BR00117015,C23,A549,48,SRC-kinase-inhibitor-I,compound,BRD-K50495309-001-02-0,,['src inhibitor'],9.281766,-10.369824
BR00117015,C24,A549,48,acetylcysteine,compound,BRD-K59058747-001-19-1,,,14.611459,-10.009483
BR00117015,D01,A549,48,NSC-625987,compound,BRD-K62949423-001-03-1,,['CDK inhibitor'],13.628574,-10.302915
BR00117015,D02,A549,48,dalfampridine,compound,BRD-K22482860-001-20-6,,['potassium channel blocker'],14.628436,-11.081509
BR00117015,D03,A549,48,NSC-95397,compound,BRD-K68143200-001-11-7,,['CDC inhibitor'],8.6645,-7.7712116
BR00117015,D04,A549,48,alrestatin,compound,BRD-K35498378-001-06-1,,['aldose reductase inhibitor'],14.738298,-10.840978
BR00117015,D05,A549,48,PF-03758309,compound,BRD-K37764012-001-03-3,poscon_diverse,['p21 activated kinase inhibitor'],14.418435,-10.761385
BR00117015,D06,A549,48,IRL-2500,compound,BRD-K98357249-001-02-9,,['endothelin receptor antagonist'],14.245678,-11.233442
BR00117015,D07,A549,48,PF-04217903,compound,BRD-K73319509-001-08-0,poscon_cp,,13.701914,-10.736442
BR00117015,D08,A549,48,FK-866,compound,BRD-K58550667-001-08-7,poscon_diverse,,10.035579,-7.2984886
BR00117015,D09,A549,48,amlexanox,compound,BRD-K29530284-001-06-2,,,15.095601,-11.147986
BR00117015,D10,A549,48,GW-311616,compound,BRD-K37864785-001-01-0,,['elastase inhibitor'],13.078958,-11.351238
BR00117015,D11,A549,48,buparlisib,compound,BRD-K42191735-001-08-7,poscon_diverse,,8.567775,-8.550712
BR00117015,D12,A549,48,amiloride,compound,BRD-K97181089-003-24-7,,['sodium channel blocker'],12.043391,-10.954967
BR00117015,D13,A549,48,DG-172,compound,BRD-K75748943-300-01-3,,,9.377004,-10.676686
BR00117015,D14,A549,48,DMSO,compound,,negcon,,15.271292,-11.093883
BR00117015,D15,A549,48,DMSO,compound,,negcon,,15.662381,-10.874536
BR00117015,D16,A549,48,NVP-ADW742,compound,BRD-K15179513-001-04-2,poscon_cp,,8.294816,-9.806355
BR00117015,D17,A549,48,misoprostol,compound,BRD-A72351335-001-04-5,,['prostanoid receptor agonist'],13.147048,-10.874593
BR00117015,D18,A549,48,conivaptan,compound,BRD-K37385792-003-02-1,,,10.1059065,-10.597183
BR00117015,D19,A549,48,spiroxatrine,compound,BRD-A72483914-001-03-7,,['serotonin receptor antagonist'],11.68551,-10.731421
BR00117015,D20,A549,48,diacerein,compound,BRD-K69122748-001-10-1,,,13.778457,-11.391934
BR00117015,D21,A549,48,DMSO,compound,,negcon,,15.836728,-10.589298
BR00117015,D22,A549,48,DMSO,compound,,negcon,,15.813289,-10.422225
BR00117015,D23,A549,48,glyburide,compound,BRD-K36927236-001-36-7,,['ATP channel blocker'],13.711353,-10.955294
BR00117015,D24,A549,48,ANR-94,compound,BRD-K31170746-001-01-6,,,14.468381,-9.823663
BR00117015,E01,A549,48,TFC-007,compound,BRD-K57708067-001-01-3,,,13.470705,-10.640713
BR00117015,E02,A549,48,trihexyphenidyl,compound,BRD-A48180038-003-24-3,,['acetylcholine receptor antagonist'],10.286036,-10.738755
BR00117015,E03,A549,48,epoprostenol,compound,BRD-K64054020-001-02-7,,,14.836053,-11.668273
BR00117015,E04,A549,48,sacubitril,compound,BRD-K91456750-001-01-9,,,14.820796,-11.049397
BR00117015,E05,A549,48,danusertib,compound,BRD-K07881437-001-03-8,poscon_diverse,"['growth factor receptor inhibitor', 'Aurora kinase inhibitor']",9.876865,-8.411764
BR00117015,E06,A549,48,CYT-997,compound,BRD-K23363278-001-02-1,poscon_diverse,['tubulin polymerization inhibitor'],8.582381,-7.9171867
BR00117015,E07,A549,48,DMSO,compound,,negcon,,15.317001,-11.296718
BR00117015,E08,A549,48,BQ-788,compound,BRD-K02490038-236-03-8,,['endothelin receptor antagonist'],14.958997,-11.275755
BR00117015,E09,A549,48,SB-202190,compound,BRD-K54330070-001-19-6,poscon_orf,['p38 MAPK inhibitor'],9.793723,-14.092464
BR00117015,E10,A549,48,GSK2110183,compound,BRD-K25412176-001-01-9,poscon_diverse,,8.956667,-10.471961
BR00117015,E11,A549,48,GSK3787,compound,BRD-K03155172-001-03-0,,['PPAR receptor antagonist'],13.562789,-11.242456
BR00117015,E12,A549,48,BAM7,compound,BRD-K07442505-001-03-6,,,11.67006,-10.794158
BR00117015,E13,A549,48,PHA-793887,compound,BRD-K64800655-001-09-0,poscon_diverse,['CDK inhibitor'],9.251339,-7.1939898
BR00117015,E14,A549,48,DMSO,compound,,negcon,,15.516762,-11.407468
BR00117015,E15,A549,48,GSK-37647,compound,BRD-K26514105-001-01-7,,['free fatty acid receptor agonist'],9.447946,-10.596718
BR00117015,E16,A549,48,desonide,compound,BRD-K21528677-001-04-4,,['glucocorticoid receptor agonist'],9.634457,-13.056983
BR00117015,E17,A549,48,DMSO,compound,,negcon,,15.628763,-10.751018
BR00117015,E18,A549,48,aloxistatin,compound,BRD-K91188791-001-17-5,,,8.849789,-10.622453
BR00117015,E19,A549,48,azathioprine,compound,BRD-K32821942-001-22-1,,,12.946671,-11.421144
BR00117015,E20,A549,48,ZK-93423,compound,BRD-K33882852-003-02-8,poscon_diverse,['benzodiazepine receptor agonist'],10.991994,-10.291822
BR00117015,E21,A549,48,BI-2536,compound,BRD-K64890080-001-02-1,poscon_diverse,,8.247892,-8.178957
BR00117015,E22,A549,48,EI1,compound,BRD-K91535048-001-01-2,poscon_cp,['histone lysine methyltransferase inhibitor'],10.36073,-11.095753
BR00117015,E23,A549,48,NVP-HSP990,compound,BRD-K67915505-001-01-2,,['HSP inhibitor'],10.396894,-7.7422056
BR00117015,E24,A549,48,DMSO,compound,,negcon,,14.987773,-9.938006
BR00117015,F01,A549,48,DMSO,compound,,negcon,,15.113204,-10.431774
BR00117015,F02,A549,48,nialamide,compound,BRD-K12102668-001-25-5,,,14.835535,-10.978184
BR00117015,F03,A549,48,DMSO,compound,,negcon,,15.392966,-10.853999
BR00117015,F04,A549,48,arundic-acid,compound,BRD-K49223707-001-01-0,,,14.659874,-10.59519
BR00117015,F05,A549,48,torcitabine,compound,BRD-K91822704-003-07-2,,,14.984721,-11.358934
BR00117015,F06,A549,48,DMSO,compound,,negcon,,15.400754,-11.3035145
BR00117015,F07,A549,48,epothilone-b,compound,BRD-K68164687-001-01-6,,"['microtubule stabilizing agent', 'tubulin polymerization inhibitor']",9.007278,-8.171294
BR00117015,F08,A549,48,dyphylline,compound,BRD-A00827783-001-24-6,,['phosphodiesterase inhibitor'],14.457154,-11.363675
BR00117015,F09,A549,48,DMSO,compound,,negcon,,15.166239,-11.342258
BR00117015,F10,A549,48,quinidine,compound,BRD-K59632282-052-03-1,,['sodium channel blocker'],9.24519,-10.616014
BR00117015,F11,A549,48,halopemide,compound,BRD-K50055394-001-03-6,,,10.048803,-10.161921
BR00117015,F12,A549,48,sulfinpyrazone,compound,BRD-A36217750-001-16-3,,,14.362809,-10.680489
BR00117015,F13,A549,48,ML-323,compound,BRD-K93942811-001-01-3,poscon_cp,['ubiquitin specific protease inhibitor'],12.214942,-10.578889
BR00117015,F14,A549,48,racecadotril,compound,BRD-A08187463-001-12-9,,,13.202207,-10.7916975
BR00117015,F15,A549,48,BRL-50481,compound,BRD-K84266862-001-03-2,,['phosphodiesterase inhibitor'],14.60525,-10.661168
BR00117015,F16,A549,48,GSK2110183,compound,BRD-K25412176-001-01-9,poscon_diverse,,8.9251995,-10.449383
BR00117015,F17,A549,48,bufexamac,compound,BRD-K36660044-001-24-2,,['cyclooxygenase inhibitor'],10.034736,-10.787534
BR00117015,F18,A549,48,anandamide,compound,BRD-K42352790-001-05-3,,,13.727359,-11.880501
BR00117015,F19,A549,48,thioguanine,compound,BRD-K49350383-001-13-7,poscon_diverse,,9.143491,-9.493171
BR00117015,F20,A549,48,IWP-L6,compound,BRD-K53234107-001-01-6,,['porcupine inhibitor'],11.412236,-10.585933
BR00117015,F21,A549,48,edoxaban,compound,BRD-K29322660-001-01-9,,['coagulation factor inhibitor'],14.188966,-10.934604
BR00117015,F22,A549,48,lonafarnib,compound,BRD-K41599323-001-02-3,poscon_diverse,,9.269284,-10.86706
BR00117015,F23,A549,48,ibutamoren,compound,BRD-K44771174-066-01-0,,,9.425762,-10.478882
BR00117015,F24,A549,48,somatostatin,compound,BRD-K14681867-001-01-6,,['somatostatin receptor agonist'],14.576171,-10.064969
BR00117015,G01,A549,48,L-proline,compound,BRD-K01666412-001-02-0,,,13.396309,-10.332562
BR00117015,G02,A549,48,zamifenacin,compound,BRD-K80451230-051-02-6,,['acetylcholine receptor antagonist'],14.191347,-11.63304
BR00117015,G03,A549,48,YC-1,compound,BRD-K60476892-001-16-1,,,13.604316,-11.198807
BR00117015,G04,A549,48,DMSO,compound,,negcon,,15.098209,-11.287005
BR00117015,G05,A549,48,ME-0328,compound,BRD-K24283677-001-01-9,,['PPAR receptor antagonist'],13.07463,-11.257127
BR00117015,G06,A549,48,NSC-663284,compound,BRD-K03109492-001-02-2,,['CDC inhibitor'],11.242089,-9.010871
BR00117015,G07,A549,48,CYM-50358,compound,BRD-K80666802-003-01-0,,,8.907567,-10.585909
BR00117015,G08,A549,48,trazodone,compound,BRD-K70778732-003-27-5,,"['adrenergic receptor antagonist', 'serotonin receptor antagonist']",14.012906,-11.7616625
BR00117015,G09,A549,48,DMSO,compound,,negcon,,15.691033,-11.610912
BR00117015,G10,A549,48,DMSO,compound,,negcon,,15.371982,-11.489849
BR00117015,G11,A549,48,sulfasalazine,compound,BRD-K10670311-001-17-1,,['cyclooxygenase inhibitor'],13.718386,-11.453713
BR00117015,G12,A549,48,"2,5-furandimethanol",compound,BRD-K29791386-001-01-8,,,15.081663,-11.664453
BR00117015,G13,A549,48,DMSO,compound,,negcon,,15.550413,-11.38515
BR00117015,G14,A549,48,dilazep,compound,BRD-K48722258-300-11-0,,,14.517226,-11.703751
BR00117015,G15,A549,48,felodipine,compound,BRD-A30815329-001-12-1,,['calcium channel blocker'],11.9148035,-11.290015
BR00117015,G16,A549,48,paliperidone,compound,BRD-A99888680-001-05-3,,"['dopamine receptor antagonist', 'serotonin receptor antagonist']",13.92741,-11.500327
BR00117015,G17,A549,48,purvalanol-a,compound,BRD-K50836978-001-03-3,poscon_orf,['CDK inhibitor'],10.833974,-9.17327
BR00117015,G18,A549,48,DMSO,compound,,negcon,,15.781287,-10.911121
BR00117015,G19,A549,48,Ro-1138452,compound,BRD-K77220725-003-01-5,,['prostanoid receptor antagonist'],9.446981,-10.47315
BR00117015,G20,A549,48,sorbinil,compound,BRD-A89164055-001-03-3,,['aldose reductase inhibitor'],14.058549,-11.885652
BR00117015,G21,A549,48,TC-S-7004,compound,BRD-K89517477-001-01-4,poscon_cp,['DYRK inhibitor'],10.169357,-12.192647
BR00117015,G22,A549,48,saclofen,compound,BRD-A24122750-001-03-7,,['GABA receptor antagonist'],14.900068,-10.626858
BR00117015,G23,A549,48,BAY-87-2243,compound,BRD-K70463136-001-01-5,,,10.952289,-10.216802
BR00117015,G24,A549,48,ibudilast,compound,BRD-K16444452-001-09-1,,['phosphodiesterase inhibitor'],14.558436,-9.955608
BR00117015,H01,A549,48,briciclib,compound,BRD-K05531427-001-01-7,,,8.675461,-7.8656774
BR00117015,H02,A549,48,2-Oleoylglycerol,compound,BRD-K77087341-001-02-4,,,14.002777,-11.718838
BR00117015,H03,A549,48,RGFP966,compound,BRD-K61688984-001-02-9,poscon_cp,['HDAC inhibitor'],10.417671,-11.155545
BR00117015,H04,A549,48,DMSO,compound,,negcon,,15.273497,-11.080393
BR00117015,H05,A549,48,azacitidine,compound,BRD-K03406345-001-21-1,poscon_diverse,,11.0128565,-9.125264
BR00117015,H06,A549,48,N6-cyclopentyladenosine,compound,BRD-K60150510-001-15-6,,,14.073959,-11.160299
BR00117015,H07,A549,48,filgotinib,compound,BRD-K16803204-001-01-6,poscon_cp,['JAK inhibitor'],11.4705,-11.891964
BR00117015,H08,A549,48,guanidine,compound,BRD-K76037122-001-02-5,,['HSP inhibitor'],14.495664,-10.864754
BR00117015,H09,A549,48,coumarin,compound,BRD-K23913458-001-20-7,,,14.988286,-11.281536
BR00117015,H10,A549,48,DMSO,compound,,negcon,,15.354254,-11.299973
BR00117015,H11,A549,48,ZM-336372,compound,BRD-K73789395-001-09-9,poscon_orf,['RAF inhibitor'],11.630145,-10.324467
BR00117015,H12,A549,48,citric-acid,compound,BRD-K76792669-001-08-1,,['coagulation factor inhibitor'],14.822897,-11.091021
BR00117015,H13,A549,48,DMSO,compound,,negcon,,15.464692,-11.409184
BR00117015,H14,A549,48,CCG-63802,compound,BRD-K26970495-001-02-7,,['G protein signaling inhibitor'],13.349642,-10.961057
BR00117015,H15,A549,48,ibutilide,compound,BRD-A74391928-051-03-9,,['potassium channel blocker'],10.245339,-10.715892
BR00117015,H16,A549,48,batimastat,compound,BRD-K82818427-001-04-8,,['matrix metalloprotease inhibitor'],10.197066,-11.348435
BR00117015,H17,A549,48,DMSO,compound,,negcon,,15.830275,-11.0830765
BR00117015,H18,A549,48,DMSO,compound,,negcon,,15.62395,-10.615531
BR00117015,H19,A549,48,UNC1999,compound,BRD-K26989966-001-04-3,poscon_cp,['histone lysine methyltransferase inhibitor'],7.0060234,-6.877466
BR00117015,H20,A549,48,glutamine-(l),compound,BRD-K83896451-001-06-7,,,14.380025,-10.9428005
BR00117015,H21,A549,48,PD-98059,compound,BRD-K62810658-001-11-4,poscon_orf,,10.159526,-12.595165
BR00117015,H22,A549,48,enilconazole,compound,BRD-K01825690-065-01-9,,,12.374679,-10.427467
BR00117015,H23,A549,48,N-alpha-Methylhistamine-dihydrochloride,compound,BRD-K75390981-300-04-9,,['histamine receptor agonist'],13.696656,-10.5558605
BR00117015,H24,A549,48,GK921,compound,BRD-K38272302-001-02-7,,,7.568682,-6.931746
BR00117015,I01,A549,48,nilvadipine,compound,BRD-A84687895-001-03-2,,['calcium channel blocker'],12.560251,-10.700926
BR00117015,I02,A549,48,DMSO,compound,,negcon,,15.159749,-10.965289
BR00117015,I03,A549,48,AC-710,compound,BRD-K15819326-001-01-6,,['PDGFR tyrosine kinase receptor inhibitor'],8.546821,-10.178699
BR00117015,I04,A549,48,PETCM,compound,BRD-A93477898-001-04-2,,,14.508697,-10.958033
BR00117015,I05,A549,48,AZD7762,compound,BRD-K86525559-001-07-8,poscon_diverse,['CHK inhibitor'],7.3264647,-7.29034
BR00117015,I06,A549,48,PHA-793887,compound,BRD-K64800655-001-09-0,poscon_diverse,['CDK inhibitor'],9.18826,-7.1301675
BR00117015,I07,A549,48,KU-60019,compound,BRD-K36016295-001-05-2,,['ATM kinase inhibitor'],8.18213,-9.386474
BR00117015,I08,A549,48,nafamostat,compound,BRD-K06674495-334-04-0,,,10.561209,-10.294485
BR00117015,I09,A549,48,DMSO,compound,,negcon,,15.605142,-11.357202
BR00117015,I10,A549,48,DMSO,compound,,negcon,,15.539904,-11.312258
BR00117015,I11,A549,48,taladegib,compound,BRD-K50498985-001-03-3,,['smoothened receptor antagonist'],11.817092,-10.586866
BR00117015,I12,A549,48,acetohexamide,compound,BRD-K52960356-001-13-0,,['ATP channel blocker'],14.89417,-11.60139
BR00117015,I13,A549,48,minocycline,compound,BRD-A69651145-003-11-4,,,14.308383,-11.517956
BR00117015,I14,A549,48,BI-2536,compound,BRD-K64890080-001-02-1,poscon_diverse,,8.126544,-8.107731
BR00117015,I15,A549,48,riociguat,compound,BRD-K84783599-001-01-0,,,13.8415,-11.539152
BR00117015,I16,A549,48,CP-724714,compound,BRD-K76908866-001-07-6,poscon_cp,"['EGFR inhibitor', 'protein tyrosine kinase inhibitor']",10.118125,-11.004679
BR00117015,I17,A549,48,ganetespib,compound,BRD-K38852836-001-04-9,poscon_diverse,['HSP inhibitor'],10.461936,-7.770229
BR00117015,I18,A549,48,AZ191,compound,BRD-K80935598-001-01-1,poscon_cp,['DYRK inhibitor'],8.42427,-10.178021
BR00117015,I19,A549,48,BAX-channel-blocker,compound,BRD-A18763547-300-06-3,,,8.258074,-9.573098
BR00117015,I20,A549,48,SU3327,compound,BRD-K32730239-001-01-0,,['JNK inhibitor'],7.5770082,-7.204025
BR00117015,I21,A549,48,DMSO,compound,,negcon,,15.712769,-10.651423
BR00117015,I22,A549,48,DMSO,compound,,negcon,,15.814377,-10.736007
BR00117015,I23,A549,48,octreotide,compound,BRD-A64173453-015-03-1,,['somatostatin receptor agonist'],12.648531,-9.835752
BR00117015,I24,A549,48,1-octanol,compound,BRD-K09338665-001-08-9,,,12.137869,-9.682917
BR00117015,J01,A549,48,acalabrutinib,compound,BRD-K64034691-001-01-9,,"[""Bruton's tyrosine kinase (BTK) inhibitor""]",10.544481,-11.330027
BR00117015,J02,A549,48,rifamycin,compound,BRD-K38512030-001-01-7,,,14.500092,-11.028936
BR00117015,J03,A549,48,pazopanib,compound,BRD-K74514084-003-09-2,,"['KIT inhibitor', 'VEGFR inhibitor', 'PDGFR tyrosine kinase receptor inhibitor']",11.083524,-10.165706
BR00117015,J04,A549,48,RKI-1447,compound,BRD-K19333160-001-01-3,poscon_cp,,10.477027,-10.028474
BR00117015,J05,A549,48,vitamin-E,compound,BRD-K97091514-001-11-4,,['PKC inhibitor'],13.627783,-11.404265
BR00117015,J06,A549,48,lonafarnib,compound,BRD-K41599323-001-02-3,poscon_diverse,,9.344419,-10.910811
BR00117015,J07,A549,48,ethyl-pyruvate,compound,BRD-K47738867-001-01-5,,,15.170555,-11.200801
BR00117015,J08,A549,48,picrotin,compound,BRD-A91822151-001-05-0,,['GABA receptor antagonist'],14.062194,-11.373349
BR00117015,J09,A549,48,SGX523,compound,BRD-K19477839-001-07-6,poscon_cp,,11.046158,-11.652775
BR00117015,J10,A549,48,PP-2,compound,BRD-K95785537-001-22-3,,['src inhibitor'],9.476551,-8.883964
BR00117015,J11,A549,48,ME-0328,compound,BRD-A63444178-001-01-5,,['PPAR receptor antagonist'],12.278902,-10.362607
BR00117015,J12,A549,48,AZD9668,compound,BRD-K31476763-001-01-5,,['elastase inhibitor'],11.92924,-10.76986
BR00117015,J13,A549,48,NQDI-1,compound,BRD-K61918008-001-07-1,,,11.538234,-9.7369585
BR00117015,J14,A549,48,DMSO,compound,,negcon,,15.873432,-10.862298
BR00117015,J15,A549,48,carzenide,compound,BRD-K09295674-001-09-8,,,11.941267,-9.093934
BR00117015,J16,A549,48,KU-55933,compound,BRD-K25311561-001-10-7,,['ATM kinase inhibitor'],9.836223,-14.04235
BR00117015,J17,A549,48,NVP-AEW541,compound,BRD-K24696047-001-02-3,poscon_cp,['IGF-1 inhibitor'],8.65985,-10.288243
BR00117015,J18,A549,48,leflunomide,compound,BRD-K78692225-001-24-5,,['PDGFR tyrosine kinase receptor inhibitor'],10.042552,-12.348279
BR00117015,J19,A549,48,DMSO,compound,,negcon,,15.5648155,-11.197377
BR00117015,J20,A549,48,azacitidine,compound,BRD-K03406345-001-21-1,poscon_diverse,,10.914681,-9.041864
BR00117015,J21,A549,48,ixabepilone,compound,BRD-K03601870-001-01-2,,['microtubule stabilizing agent'],8.7351,-7.78263
BR00117015,J22,A549,48,KH-CB19,compound,BRD-K66430217-001-03-8,poscon_cp,['CDC inhibitor'],11.225955,-11.255662
BR00117015,J23,A549,48,DMSO,compound,,negcon,,15.486259,-10.344268
BR00117015,J24,A549,48,PF-05190457,compound,BRD-K02554563-001-01-6,,,9.615894,-10.688819
BR00117015,K01,A549,48,LDN-212854,compound,BRD-K59831625-001-03-9,,,7.052754,-6.89984
BR00117015,K02,A549,48,formononetin,compound,BRD-K55567017-001-12-3,,['alcohol dehydrogenase inhibitor'],10.271119,-12.767715
BR00117015,K03,A549,48,aminopurvalanol-a,compound,BRD-K07762753-001-05-1,poscon_orf,['CDK inhibitor'],10.066937,-8.47894
BR00117015,K04,A549,48,ruxolitinib,compound,BRD-K53972329-001-01-3,poscon_cp,['JAK inhibitor'],10.289651,-10.269437
BR00117015,K05,A549,48,DMSO,compound,,negcon,,15.508457,-11.506606
BR00117015,K06,A549,48,DMSO,compound,,negcon,,15.437445,-11.594411
BR00117015,K07,A549,48,LGK-974,compound,BRD-K16810791-001-01-0,,['porcupine inhibitor'],10.239699,-12.570798
BR00117015,K08,A549,48,polydatin,compound,BRD-K43236057-001-07-1,,['ICAM1 expression inhibitor'],9.144389,-8.139611
BR00117015,K09,A549,48,enflurane,compound,BRD-A51831848-001-01-7,,,14.719699,-11.372205
BR00117015,K10,A549,48,PFI-1,compound,BRD-K13094524-001-04-2,poscon_cp,,11.92999,-9.854754
BR00117015,K11,A549,48,AZD7762,compound,BRD-K86525559-001-07-8,poscon_diverse,['CHK inhibitor'],7.200514,-7.264239
BR00117015,K12,A549,48,sotrastaurin,compound,BRD-K16761703-001-03-8,,['PKC inhibitor'],13.404629,-11.4607525
BR00117015,K13,A549,48,DMSO,compound,,negcon,,15.442472,-11.19226
BR00117015,K14,A549,48,cycloheximide,compound,BRD-K36055864-001-20-0,,['protein synthesis inhibitor'],8.825009,-7.309058
BR00117015,K15,A549,48,oxytocin,compound,BRD-K25243230-001-01-2,,,14.405739,-11.427698
BR00117015,K16,A549,48,DMSO,compound,,negcon,,15.752395,-10.917401
BR00117015,K17,A549,48,colchicine,compound,BRD-K00259736-001-16-4,,,8.633061,-7.847855
BR00117015,K18,A549,48,afimoxifene,compound,BRD-K04210847-001-21-9,,,9.992356,-10.797898
BR00117015,K19,A549,48,DMSO,compound,,negcon,,15.351661,-10.966024
BR00117015,K20,A549,48,ZK-93423,compound,BRD-K33882852-003-02-8,poscon_diverse,['benzodiazepine receptor agonist'],11.118729,-10.459625
BR00117015,K21,A549,48,RGB-286638,compound,BRD-K20986415-001-02-6,,['CDK inhibitor'],7.967172,-7.455656
BR00117015,K22,A549,48,FPS-ZM1,compound,BRD-K87691185-001-01-2,,['RAGE receptor antagonist'],12.535351,-9.980271
BR00117015,K23,A549,48,flindokalner,compound,BRD-K56740996-001-02-1,,,12.917336,-10.757812
BR00117015,K24,A549,48,motesanib,compound,BRD-K99616396-316-05-3,,"['KIT inhibitor', 'VEGFR inhibitor', 'PDGFR tyrosine kinase receptor inhibitor']",11.081459,-10.205937
BR00117015,L01,A549,48,geldanamycin,compound,BRD-K43570081-001-02-4,,['HSP inhibitor'],10.336397,-7.832909
BR00117015,L02,A549,48,DMSO,compound,,negcon,,15.299121,-10.787591
BR00117015,L03,A549,48,CGP-53353,compound,BRD-K32292990-001-03-6,,"['PKC inhibitor', 'EGFR inhibitor']",12.362535,-10.632362
BR00117015,L04,A549,48,7-hydroxystaurosporine,compound,BRD-K45293975-001-02-0,,"['CDK inhibitor', 'PKC inhibitor', 'CHK inhibitor']",7.7595305,-9.661188
BR00117015,L05,A549,48,DMSO,compound,,negcon,,15.3218975,-11.08786
BR00117015,L06,A549,48,DMSO,compound,,negcon,,15.366654,-11.394726
BR00117015,L07,A549,48,efaproxiral,compound,BRD-K37355418-236-01-6,,,12.943682,-10.57524
BR00117015,L08,A549,48,SB-203580,compound,BRD-A37704979-001-12-3,poscon_orf,['p38 MAPK inhibitor'],9.64093,-14.199646
BR00117015,L09,A549,48,FK-866,compound,BRD-K58550667-001-08-7,poscon_diverse,,10.003469,-7.3074985
BR00117015,L10,A549,48,bepridil,compound,BRD-A91008255-003-24-8,,['calcium channel blocker'],10.036935,-11.796972
BR00117015,L11,A549,48,delanzomib,compound,BRD-K59325863-001-04-4,,,7.4321446,-7.0431767
BR00117015,L12,A549,48,buparlisib,compound,BRD-K42191735-001-08-7,poscon_diverse,,8.5049715,-8.527208
BR00117015,L13,A549,48,phenylbutazone,compound,BRD-K10843433-001-23-5,,"['cyclooxygenase inhibitor', 'prostanoid receptor antagonist']",12.597968,-10.529233
BR00117015,L14,A549,48,deferasirox,compound,BRD-K97010173-001-04-1,,,11.43463,-9.23007
BR00117015,L15,A549,48,DMSO,compound,,negcon,,15.724714,-11.046902
BR00117015,L16,A549,48,cediranib,compound,BRD-K86930074-001-05-0,,"['KIT inhibitor', 'VEGFR inhibitor']",8.604127,-10.273956
BR00117015,L17,A549,48,isoflurane,compound,BRD-A31564021-001-02-6,,,14.385291,-10.85329
BR00117015,L18,A549,48,DMSO,compound,,negcon,,15.614176,-10.82426
BR00117015,L19,A549,48,CCG-50014,compound,BRD-K08893438-001-06-4,,['G protein signaling inhibitor'],15.55516,-10.968091
BR00117015,L20,A549,48,PF-431396,compound,BRD-K93788137-001-04-1,,,10.874484,-8.3158245
BR00117015,L21,A549,48,TG-02,compound,BRD-K14560436-001-01-4,,"['CDK inhibitor', 'FLT3 inhibitor', 'JAK inhibitor']",8.914492,-7.345544
BR00117015,L22,A549,48,baclofen,compound,BRD-K01826724-003-07-9,,['benzodiazepine receptor agonist'],14.872042,-10.490064
BR00117015,L23,A549,48,thiostrepton,compound,BRD-A20697603-001-07-2,,['protein synthesis inhibitor'],10.769391,-9.75451
BR00117015,L24,A549,48,flufenamic-acid,compound,BRD-K44067360-001-29-5,,,12.362015,-9.580953
BR00117015,M01,A549,48,DMSO,compound,,negcon,,14.843076,-10.384749
BR00117015,M02,A549,48,LY2109761,compound,BRD-K47557313-001-02-7,,,11.518644,-11.828026
BR00117015,M03,A549,48,olopatadine,compound,BRD-K67637637-003-11-8,,['histamine receptor antagonist'],13.444573,-11.359065
BR00117015,M04,A549,48,DMSO,compound,,negcon,,15.222116,-11.184204
BR00117015,M05,A549,48,castanospermine,compound,BRD-K20897876-001-11-8,,['glucosidase inhibitor'],14.527553,-11.256329
BR00117015,M06,A549,48,A205804,compound,BRD-K77627880-001-04-0,,['ICAM1 expression inhibitor'],11.457258,-11.070871
BR00117015,M07,A549,48,VU591,compound,BRD-K72063794-003-01-0,,['potassium channel blocker'],13.236299,-11.156495
BR00117015,M08,A549,48,dalbavancin,compound,BRD-K30177383-001-01-0,,['bacterial cell wall synthesis inhibitor'],13.431788,-10.992104
BR00117015,M09,A549,48,CC-401,compound,BRD-K45746021-003-01-9,,['JNK inhibitor'],10.78994,-11.887304
BR00117015,M10,A549,48,ganetespib,compound,BRD-K38852836-001-04-9,poscon_diverse,['HSP inhibitor'],10.427241,-7.710769
BR00117015,M11,A549,48,ingenol-mebutate,compound,BRD-K93779381-001-01-9,,,7.9511423,-7.927683
BR00117015,M12,A549,48,menadione,compound,BRD-K78126613-001-27-7,,,13.021462,-10.625093
BR00117015,M13,A549,48,cetilistat,compound,BRD-K94863486-001-02-2,,,14.94477,-11.233653
BR00117015,M14,A549,48,methoxsalen,compound,BRD-K63430059-001-16-4,,['DNA synthesis inhibitor'],10.101817,-12.602318
BR00117015,M15,A549,48,cyclosporine,compound,BRD-K13533483-001-16-2,,,8.921764,-7.743953
BR00117015,M16,A549,48,NSC-632839,compound,BRD-K81197548-003-01-4,poscon_cp,['ubiquitin specific protease inhibitor'],7.444768,-6.9228625
BR00117015,M17,A549,48,DMSO,compound,,negcon,,15.875799,-11.00452
BR00117015,M18,A549,48,TG-003,compound,BRD-K97072811-001-11-4,poscon_cp,,10.442205,-12.136059
BR00117015,M19,A549,48,oxibendazole,compound,BRD-K52075715-001-06-7,,['tubulin polymerization inhibitor'],8.563274,-7.840705
BR00117015,M20,A549,48,TG-101348,compound,BRD-K12502280-001-11-4,poscon_cp,"['JAK inhibitor', 'FLT3 inhibitor']",7.101483,-6.980836
BR00117015,M21,A549,48,miglitol,compound,BRD-A63310107-001-04-8,,['glucosidase inhibitor'],14.151394,-10.708464
BR00117015,M22,A549,48,DMSO,compound,,negcon,,15.782979,-10.399896
BR00117015,M23,A549,48,DMSO,compound,,negcon,,15.736334,-10.5219965
BR00117015,M24,A549,48,tranilast,compound,BRD-K17849083-001-32-9,,,11.361848,-10.1944685
BR00117015,N01,A549,48,4-methylhistamine,compound,BRD-K70821460-300-02-4,,['histamine receptor agonist'],13.533696,-10.063453
BR00117015,N02,A549,48,LDN-27219,compound,BRD-K51485109-001-01-4,,,14.224517,-10.182495
BR00117015,N03,A549,48,anisomycin,compound,BRD-K91370081-001-25-1,,['DNA synthesis inhibitor'],7.8847423,-7.1416545
BR00117015,N04,A549,48,thioguanine,compound,BRD-K49350383-001-13-7,poscon_diverse,,9.209767,-9.410872
BR00117015,N05,A549,48,droxinostat,compound,BRD-K11558771-001-13-9,,['HDAC inhibitor'],9.974853,-10.653971
BR00117015,N06,A549,48,UNC2025,compound,BRD-K91283740-003-01-6,poscon_cp,['FLT3 inhibitor'],8.065024,-9.503449
BR00117015,N07,A549,48,DMSO,compound,,negcon,,15.223473,-10.819787
BR00117015,N08,A549,48,DMSO,compound,,negcon,,15.392027,-10.99175
BR00117015,N09,A549,48,AMG900,compound,BRD-K21728777-001-02-3,poscon_cp,['Aurora kinase inhibitor'],10.612635,-8.382981
BR00117015,N10,A549,48,PF-06463922,compound,BRD-A23124853-001-01-4,,['ALK tyrosine kinase receptor inhibitor'],10.088915,-10.683897
BR00117015,N11,A549,48,orantinib,compound,BRD-K55966568-001-09-6,poscon_cp,"['FGFR inhibitor', 'PDGFR tyrosine kinase receptor inhibitor', 'VEGFR inhibitor']",13.323454,-10.821138
BR00117015,N12,A549,48,fludarabine-phosphate,compound,BRD-K71106091-001-09-5,,['ribonucleotide reductase inhibitor'],10.11481,-8.16821
BR00117015,N13,A549,48,ceritinib,compound,BRD-K22149900-001-06-2,,['ALK tyrosine kinase receptor inhibitor'],9.076435,-10.298705
BR00117015,N14,A549,48,NVS-PAK1-1,compound,BRD-K28132190-001-02-0,poscon_cp,['p21 activated kinase inhibitor'],10.516653,-10.623025
BR00117015,N15,A549,48,homoharringtonine,compound,BRD-K76674262-001-03-3,,['protein synthesis inhibitor'],7.8364863,-7.1511793
BR00117015,N16,A549,48,picrotoxinin,compound,BRD-K36461289-001-05-8,,['GABA receptor antagonist'],14.291318,-10.86671
BR00117015,N17,A549,48,DMSO,compound,,negcon,,15.4264345,-10.619588
BR00117015,N18,A549,48,danusertib,compound,BRD-K07881437-001-03-8,poscon_diverse,"['growth factor receptor inhibitor', 'Aurora kinase inhibitor']",9.937506,-8.4219675
BR00117015,N19,A549,48,romidepsin,compound,BRD-K61397605-001-01-8,poscon_cp,['HDAC inhibitor'],7.176325,-6.858263
BR00117015,N20,A549,48,FERb-033,compound,BRD-K61642990-001-01-0,poscon_cp,['EGFR inhibitor'],13.401957,-10.371674
BR00117015,N21,A549,48,PF-03758309,compound,BRD-K37764012-001-03-3,poscon_diverse,['p21 activated kinase inhibitor'],8.919671,-7.201626
BR00117015,N22,A549,48,DMSO,compound,,negcon,,15.713599,-10.423926
BR00117015,N23,A549,48,trometamol,compound,BRD-K47978074-001-03-2,,,14.774885,-10.423168
BR00117015,N24,A549,48,simvastatin,compound,BRD-K22134346-001-22-3,,['HMGCR inhibitor'],13.220269,-9.662254
BR00117015,O01,A549,48,zaprinast,compound,BRD-K16542329-001-16-8,,['phosphodiesterase inhibitor'],13.34818,-9.783193
BR00117015,O02,A549,48,dexamethasone,compound,BRD-A10188456-001-04-9,,['glucocorticoid receptor agonist'],9.612994,-13.077039
BR00117015,O03,A549,48,salicylic-acid,compound,BRD-K93632104-001-17-2,,['cyclooxygenase inhibitor'],8.751654,-9.048253
BR00117015,O04,A549,48,diltiazem,compound,BRD-A69636825-003-04-7,,['calcium channel blocker'],9.986458,-11.58874
BR00117015,O05,A549,48,phenolphthalein,compound,BRD-K19227686-001-18-6,,,14.861584,-11.368808
BR00117015,O06,A549,48,niflumic-acid,compound,BRD-K98763141-001-30-8,,['cyclooxygenase inhibitor'],13.838795,-11.074498
BR00117015,O07,A549,48,DMSO,compound,,negcon,,15.313035,-11.068127
BR00117015,O08,A549,48,L-Cystine,compound,BRD-A15397381-001-02-5,,,14.47591,-11.013676
BR00117015,O09,A549,48,ozanimod,compound,BRD-K46625559-001-01-8,,['sphingosine 1 phosphate receptor agonist'],9.943069,-12.583067
BR00117015,O10,A549,48,efaroxan,compound,BRD-A10739734-003-09-8,,['adrenergic receptor antagonist'],14.172362,-11.237389
BR00117015,O11,A549,48,NBQX,compound,BRD-K11796549-001-05-2,,['glutamate receptor antagonist'],14.254273,-11.166259
BR00117015,O12,A549,48,dinoprostone,compound,BRD-K26521938-001-07-2,,['prostanoid receptor agonist'],12.612972,-10.365673
BR00117015,O13,A549,48,Ro-20-1724,compound,BRD-A07207424-001-14-0,,['phosphodiesterase inhibitor'],13.90697,-11.005032
BR00117015,O14,A549,48,xanomeline,compound,BRD-K72815923-034-02-0,,['acetylcholine receptor agonist'],13.90263,-11.023437
BR00117015,O15,A549,48,terazosin,compound,BRD-K01825589-310-02-9,,['adrenergic receptor antagonist'],13.512684,-11.139316
BR00117015,O16,A549,48,BVT-948,compound,BRD-K68567222-001-01-2,,,13.197068,-10.64705
BR00117015,O17,A549,48,nicotine,compound,BRD-K01825660-322-01-9,,['acetylcholine receptor agonist'],13.956549,-10.885868
BR00117015,O18,A549,48,DMSO,compound,,negcon,,15.550383,-10.416481
BR00117015,O19,A549,48,U-0521,compound,BRD-K08953028-001-09-6,,,13.485975,-10.133197
BR00117015,O20,A549,48,BMS-587101,compound,BRD-K20093108-001-02-3,,,12.784623,-9.995283
BR00117015,O21,A549,48,nimodipine,compound,BRD-A58048407-001-20-4,,['calcium channel blocker'],12.016354,-9.579799
BR00117015,O22,A549,48,pyrrolidine-dithiocarbamate,compound,BRD-K80970344-201-08-6,,,7.4925613,-6.869519
BR00117015,O23,A549,48,PF-915275,compound,BRD-K18289362-001-02-2,,,12.320459,-9.681179
BR00117015,O24,A549,48,JTE-013,compound,BRD-K43330982-001-02-3,,,13.282305,-9.801574
BR00117015,P01,A549,48,sodium-butyrate,compound,BRD-K05878375-236-05-7,,['HDAC inhibitor'],13.161243,-9.582058
BR00117015,P02,A549,48,pentostatin,compound,BRD-K91543828-001-02-0,,['ribonucleotide reductase inhibitor'],13.728582,-9.894858
BR00117015,P03,A549,48,OMDM-2,compound,BRD-K48830578-001-01-9,,,11.946285,-10.44546
BR00117015,P04,A549,48,nalmefene,compound,BRD-A72767275-003-01-6,,,13.916576,-9.849971
BR00117015,P05,A549,48,DMSO,compound,,negcon,,14.86915,-10.247788
BR00117015,P06,A549,48,1-EBIO,compound,BRD-K70586315-001-02-4,,,13.569928,-9.694481
BR00117015,P07,A549,48,SB-505124,compound,BRD-K40109029-001-02-9,,['ALK tyrosine kinase receptor inhibitor'],10.143835,-9.741369
BR00117015,P08,A549,48,prasugrel,compound,BRD-A83029242-001-06-1,,['purinergic receptor antagonist'],12.950133,-9.716826
BR00117015,P09,A549,48,pidolic-acid,compound,BRD-K57313110-001-06-8,,,13.2635765,-9.4683485
BR00117015,P10,A549,48,DMSO,compound,,negcon,,15.271055,-10.254787
BR00117015,P11,A549,48,nevirapine,compound,BRD-K15502390-001-20-9,,,13.586918,-9.45572
BR00117015,P12,A549,48,triamterene,compound,BRD-K92049597-001-20-8,,['sodium channel blocker'],12.30166,-9.70852
BR00117015,P13,A549,48,regorafenib,compound,BRD-K16730910-001-07-3,,"['PDGFR tyrosine kinase receptor inhibitor', 'RAF inhibitor', 'KIT inhibitor', 'RET tyrosine kinase inhibitor', 'FGFR inhibitor', 'VEGFR inhibitor']",10.483197,-11.707122
BR00117015,P14,A549,48,cyclophosphamide,compound,BRD-A09722536-002-18-0,,,13.461362,-10.11309
BR00117015,P15,A549,48,olanzapine,compound,BRD-K18895904-001-16-1,,"['dopamine receptor antagonist', 'serotonin receptor antagonist']",10.310284,-11.122848
BR00117015,P16,A549,48,KI-16425,compound,BRD-A25569250-001-03-3,,['lysophosphatidic acid receptor antagonist'],10.143517,-9.149955
BR00117015,P17,A549,48,SKLB1002,compound,BRD-K29895144-001-01-0,,['VEGFR inhibitor'],12.356873,-9.23759
BR00117015,P18,A549,48,cilostazol,compound,BRD-K67017579-001-28-1,,['phosphodiesterase inhibitor'],13.390233,-9.277677
BR00117015,P19,A549,48,AZD1283,compound,BRD-K77060810-001-01-5,,['purinergic receptor antagonist'],12.165602,-9.633105
BR00117015,P20,A549,48,A-987306,compound,BRD-K68982262-001-01-4,,['histamine receptor antagonist'],11.838692,-9.326713
BR00117015,P21,A549,48,procaine,compound,BRD-K24616672-003-20-1,,['HMGCR inhibitor'],13.112662,-10.961717
BR00117015,P22,A549,48,miconazole,compound,BRD-A82396632-008-30-8,,['bacterial cell wall synthesis inhibitor'],12.618408,-9.361491
BR00117015,P23,A549,48,loperamide,compound,BRD-K61250553-003-30-6,,,9.772067,-10.634887
BR00117015,P24,A549,48,aripiprazole,compound,BRD-K70358946-001-17-3,,['serotonin receptor antagonist'],12.143079,-8.993267
BR00117016,A01,A549,48,gabapentin-enacarbil,compound,BRD-A86665761-001-01-1,,,13.370316,-9.596862
BR00117016,A02,A549,48,DMSO,compound,,negcon,,15.085988,-10.171409
BR00117016,A03,A549,48,amlodipine,compound,BRD-A22032524-074-09-9,,['calcium channel blocker'],9.75364,-10.492105
BR00117016,A04,A549,48,hexestrol,compound,BRD-A01078468-001-14-8,,,14.213141,-10.413513
BR00117016,A05,A549,48,quinine,compound,BRD-K48278478-001-01-2,,,9.920433,-10.510157
BR00117016,A06,A549,48,LOXO-101,compound,BRD-K36574127-001-01-3,,,14.179463,-9.902566
BR00117016,A07,A549,48,brinzolamide,compound,BRD-K74913225-001-14-0,,['carbonic anhydrase inhibitor'],14.534436,-9.727685
BR00117016,A08,A549,48,NS-11021,compound,BRD-K94342292-001-01-3,,['calcium-activated potassium channel activator'],11.842938,-10.137888
BR00117016,A09,A549,48,DMSO,compound,,negcon,,14.870758,-9.952664
BR00117016,A10,A549,48,GNF-5837,compound,BRD-K19975102-001-01-2,,['growth factor receptor inhibitor'],11.342972,-10.424265
BR00117016,A11,A549,48,apatinib,compound,BRD-K25244359-066-02-6,,['RET tyrosine kinase inhibitor'],10.921179,-10.272337
BR00117016,A12,A549,48,ethoxzolamide,compound,BRD-K18131774-001-18-4,,['carbonic anhydrase inhibitor'],12.899709,-9.651352
BR00117016,A13,A549,48,ascorbic-acid,compound,BRD-A85242401-001-11-5,,,13.778497,-9.869182
BR00117016,A14,A549,48,ryuvidine,compound,BRD-K06426971-001-02-7,,['histone lysine methyltransferase inhibitor'],7.7365003,-7.275821
BR00117016,A15,A549,48,BAN-ORL-24,compound,BRD-K47049295-300-03-1,,,8.836761,-9.909491
BR00117016,A16,A549,48,NNC-55-0396,compound,BRD-K78122587-300-04-3,,,8.598009,-10.162735
BR00117016,A17,A549,48,DMSO,compound,,negcon,,15.050217,-10.006678
BR00117016,A18,A549,48,WH-4-023,compound,BRD-K50199947-001-03-4,,['src inhibitor'],8.697195,-9.951781
BR00117016,A19,A549,48,flupirtine,compound,BRD-K50720187-051-03-1,,['glutamate receptor antagonist'],11.911414,-10.16673
BR00117016,A20,A549,48,ZK811752,compound,BRD-K91825936-001-03-9,,,11.095813,-10.2441025
BR00117016,A21,A549,48,dexamethasone,compound,BRD-K38775274-001-22-1,,['glucocorticoid receptor agonist'],9.551667,-13.102346
BR00117016,A22,A549,48,PP-1,compound,BRD-K47598052-001-14-1,,['src inhibitor'],9.6810465,-8.925004
BR00117016,A23,A549,48,DDR1-IN-1,compound,BRD-K61845293-300-01-9,,,9.704814,-10.291511
BR00117016,A24,A549,48,AVL-292,compound,BRD-K87782578-001-01-4,,"[""Bruton's tyrosine kinase (BTK) inhibitor""]",9.506257,-8.267893
BR00117016,B01,A549,48,H2L-5765834,compound,BRD-K26439554-001-01-3,,['lysophosphatidic acid receptor antagonist'],13.886044,-10.166356
BR00117016,B02,A549,48,thiostrepton,compound,BRD-K58049875-001-03-9,,['protein synthesis inhibitor'],8.611435,-10.0836935
BR00117016,B03,A549,48,DMSO,compound,,negcon,,15.235905,-10.730802
BR00117016,B04,A549,48,arcyriaflavin-a,compound,BRD-K72726508-001-02-1,,['CDK inhibitor'],10.714955,-9.887504
BR00117016,B05,A549,48,CYM-5520,compound,BRD-K29151923-001-01-5,,['sphingosine 1 phosphate receptor agonist'],12.734683,-10.778837
BR00117016,B06,A549,48,fludarabine,compound,BRD-K66788707-001-14-3,,['ribonucleotide reductase inhibitor'],11.632803,-8.874932
BR00117016,B07,A549,48,alda-1,compound,BRD-K06890060-001-09-1,,,13.911409,-10.764599
BR00117016,B08,A549,48,meclofenamic-acid,compound,BRD-K50398167-236-22-7,,"['cyclooxygenase inhibitor', 'prostanoid receptor antagonist']",13.949386,-10.800123
BR00117016,B09,A549,48,GNF-5,compound,BRD-K87632963-001-03-0,,['Bcr-Abl kinase inhibitor'],13.422698,-10.866011
BR00117016,B10,A549,48,NS-309,compound,BRD-K37602296-001-01-6,,['calcium-activated potassium channel activator'],13.755306,-10.73303
BR00117016,B11,A549,48,AK-7,compound,BRD-K09143580-001-01-0,,['SIRT inhibitor'],11.882955,-10.596939
BR00117016,B12,A549,48,BVT-948,compound,BRD-A22713669-001-04-3,,,12.585121,-10.928288
BR00117016,B13,A549,48,SirReal-2,compound,BRD-K16472653-001-01-6,,['SIRT inhibitor'],11.610311,-10.713616
BR00117016,B14,A549,48,DMSO,compound,,negcon,,15.538408,-10.543817
BR00117016,B15,A549,48,BMS-536924,compound,BRD-K34581968-001-05-3,,['IGF-1 inhibitor'],9.274252,-8.728999
BR00117016,B16,A549,48,PP-121,compound,BRD-K81801188-001-02-8,,['protein tyrosine kinase inhibitor'],7.42844,-7.47295
BR00117016,B17,A549,48,MCOPPB,compound,BRD-K73276278-305-01-1,,,8.623754,-10.370825
BR00117016,B18,A549,48,ozagrel,compound,BRD-K53061490-003-13-9,,,13.949624,-10.744389
BR00117016,B19,A549,48,CYM-5442,compound,BRD-A43005764-003-01-5,,['sphingosine 1 phosphate receptor agonist'],8.944596,-10.59371
BR00117016,B20,A549,48,CVT-10216,compound,BRD-K60659193-001-01-0,,,14.436837,-10.427593
BR00117016,B21,A549,48,TCN201,compound,BRD-K09787262-001-02-7,,['glutamate receptor antagonist'],12.662388,-10.363207
BR00117016,B22,A549,48,fomepizole,compound,BRD-K56810756-003-07-7,,['alcohol dehydrogenase inhibitor'],14.094084,-10.023269
BR00117016,B23,A549,48,benzamil,compound,BRD-K87158025-003-08-7,,['sodium channel blocker'],10.121796,-10.728864
BR00117016,B24,A549,48,lercanidipine,compound,BRD-A18992208-003-02-7,,['calcium channel blocker'],9.634175,-10.296133
BR00117016,C01,A549,48,4-CMTB,compound,BRD-A54139254-001-09-2,,['free fatty acid receptor agonist'],12.994189,-10.291469
BR00117016,C02,A549,48,ML-228,compound,BRD-K44432556-001-05-5,,,14.44601,-10.734635
BR00117016,C03,A549,48,DMSO,compound,,negcon,,15.238197,-10.871458
BR00117016,C04,A549,48,GSK1070916,compound,BRD-K36740062-001-06-6,,['Aurora kinase inhibitor'],8.338546,-9.6491785
BR00117016,C05,A549,48,ML-193,compound,BRD-K27539181-001-08-5,,,13.04389,-11.163397
BR00117016,C06,A549,48,DMSO,compound,,negcon,,15.248864,-10.792158
BR00117016,C07,A549,48,M-25,compound,BRD-K51265828-001-01-0,,['smoothened receptor antagonist'],11.562462,-11.22068
BR00117016,C08,A549,48,azeliragon,compound,BRD-K51899933-001-02-6,,['RAGE receptor antagonist'],7.2520504,-7.8127193
BR00117016,C09,A549,48,CYT-997,compound,BRD-K23363278-001-02-1,poscon_diverse,['tubulin polymerization inhibitor'],8.549557,-8.062338
BR00117016,C10,A549,48,AR-12,compound,BRD-K90497590-001-05-9,,,7.112179,-7.1415243
BR00117016,C11,A549,48,CYM-50260,compound,BRD-K69877120-001-01-7,,['sphingosine 1 phosphate receptor agonist'],10.228841,-12.721662
BR00117016,C12,A549,48,DMSO,compound,,negcon,,15.740921,-10.822504
BR00117016,C13,A549,48,KG-5,compound,BRD-K90747162-001-01-4,poscon_cp,['RAF inhibitor'],8.663961,-8.065185
BR00117016,C14,A549,48,JTE-607,compound,BRD-K81405859-300-01-4,,,11.320084,-9.270213
BR00117016,C15,A549,48,DMSO,compound,,negcon,,15.545728,-10.855003
BR00117016,C16,A549,48,ilomastat,compound,BRD-K51662849-001-05-4,,['matrix metalloprotease inhibitor'],13.435453,-10.960392
BR00117016,C17,A549,48,RX-821002,compound,BRD-A65597028-003-08-1,,['adrenergic receptor antagonist'],14.344675,-10.774767
BR00117016,C18,A549,48,DMSO,compound,,negcon,,15.20095,-10.856061
BR00117016,C19,A549,48,TUG-891,compound,BRD-K24282351-001-01-4,,['free fatty acid receptor agonist'],13.415267,-11.164008
BR00117016,C20,A549,48,ponatinib,compound,BRD-K44227013-001-08-0,,"['PDGFR tyrosine kinase receptor inhibitor', 'FLT3 inhibitor', 'Bcr-Abl kinase inhibitor']",7.217657,-6.889121
BR00117016,C21,A549,48,DMSO,compound,,negcon,,15.900399,-10.616017
BR00117016,C22,A549,48,puromycin,compound,BRD-K01824976-300-02-9,,['protein synthesis inhibitor'],7.147239,-6.905829
BR00117016,C23,A549,48,SRC-kinase-inhibitor-I,compound,BRD-K50495309-001-02-0,,['src inhibitor'],9.275279,-10.293968
BR00117016,C24,A549,48,acetylcysteine,compound,BRD-K59058747-001-19-1,,,14.470583,-9.981831
BR00117016,D01,A549,48,NSC-625987,compound,BRD-K62949423-001-03-1,,['CDK inhibitor'],13.886136,-10.039874
BR00117016,D02,A549,48,dalfampridine,compound,BRD-K22482860-001-20-6,,['potassium channel blocker'],14.562115,-11.017818
BR00117016,D03,A549,48,NSC-95397,compound,BRD-K68143200-001-11-7,,['CDC inhibitor'],8.785982,-7.8042555
BR00117016,D04,A549,48,alrestatin,compound,BRD-K35498378-001-06-1,,['aldose reductase inhibitor'],14.379023,-10.801527
BR00117016,D05,A549,48,PF-03758309,compound,BRD-K37764012-001-03-3,poscon_diverse,['p21 activated kinase inhibitor'],14.286806,-10.618458
BR00117016,D06,A549,48,IRL-2500,compound,BRD-K98357249-001-02-9,,['endothelin receptor antagonist'],14.477309,-10.603671
BR00117016,D07,A549,48,PF-04217903,compound,BRD-K73319509-001-08-0,poscon_cp,,13.397946,-10.68677
BR00117016,D08,A549,48,FK-866,compound,BRD-K58550667-001-08-7,poscon_diverse,,10.018899,-7.238244
BR00117016,D09,A549,48,amlexanox,compound,BRD-K29530284-001-06-2,,,12.836933,-11.232266
BR00117016,D10,A549,48,GW-311616,compound,BRD-K37864785-001-01-0,,['elastase inhibitor'],13.137247,-11.402661
BR00117016,D11,A549,48,buparlisib,compound,BRD-K42191735-001-08-7,poscon_diverse,,8.490544,-8.498634
BR00117016,D12,A549,48,amiloride,compound,BRD-K97181089-003-24-7,,['sodium channel blocker'],11.748211,-11.180253
BR00117016,D13,A549,48,DG-172,compound,BRD-K75748943-300-01-3,,,9.544277,-10.879582
BR00117016,D14,A549,48,DMSO,compound,,negcon,,15.369661,-10.631388
BR00117016,D15,A549,48,DMSO,compound,,negcon,,15.538223,-10.832744
BR00117016,D16,A549,48,NVP-ADW742,compound,BRD-K15179513-001-04-2,poscon_cp,,8.311233,-9.841859
BR00117016,D17,A549,48,misoprostol,compound,BRD-A72351335-001-04-5,,['prostanoid receptor agonist'],13.01336,-10.929693
BR00117016,D18,A549,48,conivaptan,compound,BRD-K37385792-003-02-1,,,9.774762,-10.671935
BR00117016,D19,A549,48,spiroxatrine,compound,BRD-A72483914-001-03-7,,['serotonin receptor antagonist'],10.448324,-10.658667
BR00117016,D20,A549,48,diacerein,compound,BRD-K69122748-001-10-1,,,13.557825,-10.521922
BR00117016,D21,A549,48,DMSO,compound,,negcon,,15.910383,-10.498081
BR00117016,D22,A549,48,DMSO,compound,,negcon,,15.817842,-10.57857
BR00117016,D23,A549,48,glyburide,compound,BRD-K36927236-001-36-7,,['ATP channel blocker'],13.724128,-10.96911
BR00117016,D24,A549,48,ANR-94,compound,BRD-K31170746-001-01-6,,,14.4214735,-9.87372
BR00117016,E01,A549,48,TFC-007,compound,BRD-K57708067-001-01-3,,,13.33985,-10.383203
BR00117016,E02,A549,48,trihexyphenidyl,compound,BRD-A48180038-003-24-3,,['acetylcholine receptor antagonist'],12.220357,-11.199378
BR00117016,E03,A549,48,epoprostenol,compound,BRD-K64054020-001-02-7,,,14.747043,-11.466806
BR00117016,E04,A549,48,sacubitril,compound,BRD-K91456750-001-01-9,,,14.7074375,-11.190978
BR00117016,E05,A549,48,danusertib,compound,BRD-K07881437-001-03-8,poscon_diverse,"['growth factor receptor inhibitor', 'Aurora kinase inhibitor']",9.889387,-8.4066515
BR00117016,E06,A549,48,CYT-997,compound,BRD-K23363278-001-02-1,poscon_diverse,['tubulin polymerization inhibitor'],8.578153,-7.8478336
BR00117016,E07,A549,48,DMSO,compound,,negcon,,15.772783,-10.95623
BR00117016,E08,A549,48,BQ-788,compound,BRD-K02490038-236-03-8,,['endothelin receptor antagonist'],14.964672,-11.227038
BR00117016,E09,A549,48,SB-202190,compound,BRD-K54330070-001-19-6,poscon_orf,['p38 MAPK inhibitor'],9.690014,-14.169291
BR00117016,E10,A549,48,GSK2110183,compound,BRD-K25412176-001-01-9,poscon_diverse,,9.091176,-10.559927
BR00117016,E11,A549,48,GSK3787,compound,BRD-K03155172-001-03-0,,['PPAR receptor antagonist'],12.549812,-11.109814
BR00117016,E12,A549,48,BAM7,compound,BRD-K07442505-001-03-6,,,11.84107,-10.648872
BR00117016,E13,A549,48,PHA-793887,compound,BRD-K64800655-001-09-0,poscon_diverse,['CDK inhibitor'],9.164631,-7.15935
BR00117016,E14,A549,48,DMSO,compound,,negcon,,15.348686,-11.14641
BR00117016,E15,A549,48,GSK-37647,compound,BRD-K26514105-001-01-7,,['free fatty acid receptor agonist'],13.371378,-11.610492
BR00117016,E16,A549,48,desonide,compound,BRD-K21528677-001-04-4,,['glucocorticoid receptor agonist'],9.599174,-13.004511
BR00117016,E17,A549,48,DMSO,compound,,negcon,,15.767324,-10.772353
BR00117016,E18,A549,48,aloxistatin,compound,BRD-K91188791-001-17-5,,,9.005459,-10.496294
BR00117016,E19,A549,48,azathioprine,compound,BRD-K32821942-001-22-1,,,12.224778,-10.987153
BR00117016,E20,A549,48,ZK-93423,compound,BRD-K33882852-003-02-8,poscon_diverse,['benzodiazepine receptor agonist'],11.072029,-10.222203
BR00117016,E21,A549,48,BI-2536,compound,BRD-K64890080-001-02-1,poscon_diverse,,8.229024,-8.193815
BR00117016,E22,A549,48,EI1,compound,BRD-K91535048-001-01-2,poscon_cp,['histone lysine methyltransferase inhibitor'],10.474362,-11.086261
BR00117016,E23,A549,48,NVP-HSP990,compound,BRD-K67915505-001-01-2,,['HSP inhibitor'],10.438391,-7.7177806
BR00117016,E24,A549,48,DMSO,compound,,negcon,,14.826854,-10.008273
BR00117016,F01,A549,48,DMSO,compound,,negcon,,15.161305,-10.265972
BR00117016,F02,A549,48,nialamide,compound,BRD-K12102668-001-25-5,,,14.421541,-10.964268
BR00117016,F03,A549,48,DMSO,compound,,negcon,,15.188823,-11.133137
BR00117016,F04,A549,48,arundic-acid,compound,BRD-K49223707-001-01-0,,,14.529198,-10.922721
BR00117016,F05,A549,48,torcitabine,compound,BRD-K91822704-003-07-2,,,14.444571,-10.822333
BR00117016,F06,A549,48,DMSO,compound,,negcon,,15.267903,-11.249503
BR00117016,F07,A549,48,epothilone-b,compound,BRD-K68164687-001-01-6,,"['microtubule stabilizing agent', 'tubulin polymerization inhibitor']",9.015389,-8.147879
BR00117016,F08,A549,48,dyphylline,compound,BRD-A00827783-001-24-6,,['phosphodiesterase inhibitor'],14.473411,-10.995426
BR00117016,F09,A549,48,DMSO,compound,,negcon,,15.532069,-11.295127
BR00117016,F10,A549,48,quinidine,compound,BRD-K59632282-052-03-1,,['sodium channel blocker'],9.249508,-10.585583
BR00117016,F11,A549,48,halopemide,compound,BRD-K50055394-001-03-6,,,10.165751,-10.153767
BR00117016,F12,A549,48,sulfinpyrazone,compound,BRD-A36217750-001-16-3,,,14.650137,-10.875987
BR00117016,F13,A549,48,ML-323,compound,BRD-K93942811-001-01-3,poscon_cp,['ubiquitin specific protease inhibitor'],12.155582,-10.611562
BR00117016,F14,A549,48,racecadotril,compound,BRD-A08187463-001-12-9,,,12.507873,-10.557953
BR00117016,F15,A549,48,BRL-50481,compound,BRD-K84266862-001-03-2,,['phosphodiesterase inhibitor'],14.649543,-10.981894
BR00117016,F16,A549,48,GSK2110183,compound,BRD-K25412176-001-01-9,poscon_diverse,,8.919272,-10.523913
BR00117016,F17,A549,48,bufexamac,compound,BRD-K36660044-001-24-2,,['cyclooxygenase inhibitor'],9.974357,-10.795406
BR00117016,F18,A549,48,anandamide,compound,BRD-K42352790-001-05-3,,,13.60802,-11.833532
BR00117016,F19,A549,48,thioguanine,compound,BRD-K49350383-001-13-7,poscon_diverse,,9.114964,-9.464999
BR00117016,F20,A549,48,IWP-L6,compound,BRD-K53234107-001-01-6,,['porcupine inhibitor'],11.605389,-10.447415
BR00117016,F21,A549,48,edoxaban,compound,BRD-K29322660-001-01-9,,['coagulation factor inhibitor'],14.361541,-11.086534
BR00117016,F22,A549,48,lonafarnib,compound,BRD-K41599323-001-02-3,poscon_diverse,,9.247989,-10.980253
BR00117016,F23,A549,48,ibutamoren,compound,BRD-K44771174-066-01-0,,,9.645939,-10.739948
BR00117016,F24,A549,48,somatostatin,compound,BRD-K14681867-001-01-6,,['somatostatin receptor agonist'],14.272773,-9.841229
BR00117016,G01,A549,48,L-proline,compound,BRD-K01666412-001-02-0,,,13.605991,-10.368044
BR00117016,G02,A549,48,zamifenacin,compound,BRD-K80451230-051-02-6,,['acetylcholine receptor antagonist'],13.69659,-11.595503
BR00117016,G03,A549,48,YC-1,compound,BRD-K60476892-001-16-1,,,12.937343,-10.155719
BR00117016,G04,A549,48,DMSO,compound,,negcon,,15.352861,-11.362344
BR00117016,G05,A549,48,ME-0328,compound,BRD-K24283677-001-01-9,,['PPAR receptor antagonist'],11.701865,-11.594876
BR00117016,G06,A549,48,NSC-663284,compound,BRD-K03109492-001-02-2,,['CDC inhibitor'],11.342936,-8.840378
BR00117016,G07,A549,48,CYM-50358,compound,BRD-K80666802-003-01-0,,,8.885039,-10.493645
BR00117016,G08,A549,48,trazodone,compound,BRD-K70778732-003-27-5,,"['adrenergic receptor antagonist', 'serotonin receptor antagonist']",10.400999,-11.873851
BR00117016,G09,A549,48,DMSO,compound,,negcon,,15.842714,-11.357081
BR00117016,G10,A549,48,DMSO,compound,,negcon,,15.374871,-11.498467
BR00117016,G11,A549,48,sulfasalazine,compound,BRD-K10670311-001-17-1,,['cyclooxygenase inhibitor'],12.813491,-11.219007
BR00117016,G12,A549,48,"2,5-furandimethanol",compound,BRD-K29791386-001-01-8,,,15.01696,-11.544755
BR00117016,G13,A549,48,DMSO,compound,,negcon,,15.250658,-10.891401
BR00117016,G14,A549,48,dilazep,compound,BRD-K48722258-300-11-0,,,14.183381,-11.954039
BR00117016,G15,A549,48,felodipine,compound,BRD-A30815329-001-12-1,,['calcium channel blocker'],11.63362,-11.110786
BR00117016,G16,A549,48,paliperidone,compound,BRD-A99888680-001-05-3,,"['dopamine receptor antagonist', 'serotonin receptor antagonist']",14.231159,-11.819921
BR00117016,G17,A549,48,purvalanol-a,compound,BRD-K50836978-001-03-3,poscon_orf,['CDK inhibitor'],10.770487,-9.034328
BR00117016,G18,A549,48,DMSO,compound,,negcon,,15.681124,-10.836592
BR00117016,G19,A549,48,Ro-1138452,compound,BRD-K77220725-003-01-5,,['prostanoid receptor antagonist'],9.426743,-10.384816
BR00117016,G20,A549,48,sorbinil,compound,BRD-A89164055-001-03-3,,['aldose reductase inhibitor'],14.630932,-11.014352
BR00117016,G21,A549,48,TC-S-7004,compound,BRD-K89517477-001-01-4,poscon_cp,['DYRK inhibitor'],10.290294,-12.182214
BR00117016,G22,A549,48,saclofen,compound,BRD-A24122750-001-03-7,,['GABA receptor antagonist'],14.695359,-10.69802
BR00117016,G23,A549,48,BAY-87-2243,compound,BRD-K70463136-001-01-5,,,10.974273,-10.244315
BR00117016,G24,A549,48,ibudilast,compound,BRD-K16444452-001-09-1,,['phosphodiesterase inhibitor'],14.225174,-9.831088
BR00117016,H01,A549,48,briciclib,compound,BRD-K05531427-001-01-7,,,8.542781,-7.806752
BR00117016,H02,A549,48,2-Oleoylglycerol,compound,BRD-K77087341-001-02-4,,,13.9588375,-11.446381
BR00117016,H03,A549,48,RGFP966,compound,BRD-K61688984-001-02-9,poscon_cp,['HDAC inhibitor'],10.43339,-11.183218
BR00117016,H04,A549,48,DMSO,compound,,negcon,,15.437215,-10.793536
BR00117016,H05,A549,48,azacitidine,compound,BRD-K03406345-001-21-1,poscon_diverse,,10.968454,-9.158594
BR00117016,H06,A549,48,N6-cyclopentyladenosine,compound,BRD-K60150510-001-15-6,,,14.041649,-11.694314
BR00117016,H07,A549,48,filgotinib,compound,BRD-K16803204-001-01-6,poscon_cp,['JAK inhibitor'],11.411748,-11.855466
BR00117016,H08,A549,48,guanidine,compound,BRD-K76037122-001-02-5,,['HSP inhibitor'],13.986187,-11.189041
BR00117016,H09,A549,48,coumarin,compound,BRD-K23913458-001-20-7,,,15.062263,-10.955424
BR00117016,H10,A549,48,DMSO,compound,,negcon,,15.437451,-11.394332
BR00117016,H11,A549,48,ZM-336372,compound,BRD-K73789395-001-09-9,poscon_orf,['RAF inhibitor'],11.642064,-10.365037
BR00117016,H12,A549,48,citric-acid,compound,BRD-K76792669-001-08-1,,['coagulation factor inhibitor'],14.592099,-11.247652
BR00117016,H13,A549,48,DMSO,compound,,negcon,,15.318429,-11.010601
BR00117016,H14,A549,48,CCG-63802,compound,BRD-K26970495-001-02-7,,['G protein signaling inhibitor'],13.288794,-11.035521
BR00117016,H15,A549,48,ibutilide,compound,BRD-A74391928-051-03-9,,['potassium channel blocker'],10.435572,-10.750721
BR00117016,H16,A549,48,batimastat,compound,BRD-K82818427-001-04-8,,['matrix metalloprotease inhibitor'],10.069504,-11.184846
BR00117016,H17,A549,48,DMSO,compound,,negcon,,15.626386,-10.8384
BR00117016,H18,A549,48,DMSO,compound,,negcon,,15.261484,-11.173193
BR00117016,H19,A549,48,UNC1999,compound,BRD-K26989966-001-04-3,poscon_cp,['histone lysine methyltransferase inhibitor'],7.2098327,-6.9346757
BR00117016,H20,A549,48,glutamine-(l),compound,BRD-K83896451-001-06-7,,,13.856362,-10.786878
BR00117016,H21,A549,48,PD-98059,compound,BRD-K62810658-001-11-4,poscon_orf,,10.056252,-12.53794
BR00117016,H22,A549,48,enilconazole,compound,BRD-K01825690-065-01-9,,,12.893337,-10.446085
BR00117016,H23,A549,48,N-alpha-Methylhistamine-dihydrochloride,compound,BRD-K75390981-300-04-9,,['histamine receptor agonist'],14.236691,-10.547643
BR00117016,H24,A549,48,GK921,compound,BRD-K38272302-001-02-7,,,7.365444,-6.8272986
BR00117016,I01,A549,48,nilvadipine,compound,BRD-A84687895-001-03-2,,['calcium channel blocker'],12.500107,-10.363264
BR00117016,I02,A549,48,DMSO,compound,,negcon,,15.276847,-11.123893
BR00117016,I03,A549,48,AC-710,compound,BRD-K15819326-001-01-6,,['PDGFR tyrosine kinase receptor inhibitor'],8.531317,-10.31019
BR00117016,I04,A549,48,PETCM,compound,BRD-A93477898-001-04-2,,,14.697393,-11.513887
BR00117016,I05,A549,48,AZD7762,compound,BRD-K86525559-001-07-8,poscon_diverse,['CHK inhibitor'],7.16785,-7.36917
BR00117016,I06,A549,48,PHA-793887,compound,BRD-K64800655-001-09-0,poscon_diverse,['CDK inhibitor'],9.1712475,-7.1348205
BR00117016,I07,A549,48,KU-60019,compound,BRD-K36016295-001-05-2,,['ATM kinase inhibitor'],8.267973,-9.324922
BR00117016,I08,A549,48,nafamostat,compound,BRD-K06674495-334-04-0,,,10.53057,-10.319668
BR00117016,I09,A549,48,DMSO,compound,,negcon,,15.559327,-10.979282
BR00117016,I10,A549,48,DMSO,compound,,negcon,,15.298463,-10.983263
BR00117016,I11,A549,48,taladegib,compound,BRD-K50498985-001-03-3,,['smoothened receptor antagonist'],12.007523,-10.721569
BR00117016,I12,A549,48,acetohexamide,compound,BRD-K52960356-001-13-0,,['ATP channel blocker'],14.594961,-11.852853
BR00117016,I13,A549,48,minocycline,compound,BRD-A69651145-003-11-4,,,14.651093,-10.980258
BR00117016,I14,A549,48,BI-2536,compound,BRD-K64890080-001-02-1,poscon_diverse,,8.088995,-8.087003
BR00117016,I15,A549,48,riociguat,compound,BRD-K84783599-001-01-0,,,14.94094,-10.9886875
BR00117016,I16,A549,48,CP-724714,compound,BRD-K76908866-001-07-6,poscon_cp,"['EGFR inhibitor', 'protein tyrosine kinase inhibitor']",10.163284,-11.131005
BR00117016,I17,A549,48,ganetespib,compound,BRD-K38852836-001-04-9,poscon_diverse,['HSP inhibitor'],10.407591,-7.7081456
BR00117016,I18,A549,48,AZ191,compound,BRD-K80935598-001-01-1,poscon_cp,['DYRK inhibitor'],8.295045,-10.119273
BR00117016,I19,A549,48,BAX-channel-blocker,compound,BRD-A18763547-300-06-3,,,8.153814,-9.512309
BR00117016,I20,A549,48,SU3327,compound,BRD-K32730239-001-01-0,,['JNK inhibitor'],7.5545664,-7.021508
BR00117016,I21,A549,48,DMSO,compound,,negcon,,15.762022,-10.5826
BR00117016,I22,A549,48,DMSO,compound,,negcon,,15.854555,-10.561966
BR00117016,I23,A549,48,octreotide,compound,BRD-A64173453-015-03-1,,['somatostatin receptor agonist'],14.034739,-10.604276
BR00117016,I24,A549,48,1-octanol,compound,BRD-K09338665-001-08-9,,,13.790943,-9.575959
BR00117016,J01,A549,48,acalabrutinib,compound,BRD-K64034691-001-01-9,,"[""Bruton's tyrosine kinase (BTK) inhibitor""]",11.106474,-10.894793
BR00117016,J02,A549,48,rifamycin,compound,BRD-K38512030-001-01-7,,,14.236179,-11.010233
BR00117016,J03,A549,48,pazopanib,compound,BRD-K74514084-003-09-2,,"['KIT inhibitor', 'VEGFR inhibitor', 'PDGFR tyrosine kinase receptor inhibitor']",11.141996,-10.151516
BR00117016,J04,A549,48,RKI-1447,compound,BRD-K19333160-001-01-3,poscon_cp,,10.375381,-9.974741
BR00117016,J05,A549,48,vitamin-E,compound,BRD-K97091514-001-11-4,,['PKC inhibitor'],13.73061,-10.935165
BR00117016,J06,A549,48,lonafarnib,compound,BRD-K41599323-001-02-3,poscon_diverse,,9.2843685,-10.919428
BR00117016,J07,A549,48,ethyl-pyruvate,compound,BRD-K47738867-001-01-5,,,14.944524,-11.019856
BR00117016,J08,A549,48,picrotin,compound,BRD-A91822151-001-05-0,,['GABA receptor antagonist'],13.968116,-11.62538
BR00117016,J09,A549,48,SGX523,compound,BRD-K19477839-001-07-6,poscon_cp,,10.447395,-12.171921
BR00117016,J10,A549,48,PP-2,compound,BRD-K95785537-001-22-3,,['src inhibitor'],9.50428,-8.982057
BR00117016,J11,A549,48,ME-0328,compound,BRD-A63444178-001-01-5,,['PPAR receptor antagonist'],12.318157,-10.219121
BR00117016,J12,A549,48,AZD9668,compound,BRD-K31476763-001-01-5,,['elastase inhibitor'],12.43888,-10.863917
BR00117016,J13,A549,48,NQDI-1,compound,BRD-K61918008-001-07-1,,,11.56198,-9.892154
BR00117016,J14,A549,48,DMSO,compound,,negcon,,15.451305,-10.886164
BR00117016,J15,A549,48,carzenide,compound,BRD-K09295674-001-09-8,,,12.3862705,-9.257369
BR00117016,J16,A549,48,KU-55933,compound,BRD-K25311561-001-10-7,,['ATM kinase inhibitor'],9.858718,-13.966047
BR00117016,J17,A549,48,NVP-AEW541,compound,BRD-K24696047-001-02-3,poscon_cp,['IGF-1 inhibitor'],8.691239,-10.292093
BR00117016,J18,A549,48,leflunomide,compound,BRD-K78692225-001-24-5,,['PDGFR tyrosine kinase receptor inhibitor'],9.909291,-12.555026
BR00117016,J19,A549,48,DMSO,compound,,negcon,,15.712901,-10.637509
BR00117016,J20,A549,48,azacitidine,compound,BRD-K03406345-001-21-1,poscon_diverse,,11.072389,-9.208834
BR00117016,J21,A549,48,ixabepilone,compound,BRD-K03601870-001-01-2,,['microtubule stabilizing agent'],8.655401,-7.77601
BR00117016,J22,A549,48,KH-CB19,compound,BRD-K66430217-001-03-8,poscon_cp,['CDC inhibitor'],11.425352,-11.081224
BR00117016,J23,A549,48,DMSO,compound,,negcon,,15.738978,-10.4199
BR00117016,J24,A549,48,PF-05190457,compound,BRD-K02554563-001-01-6,,,9.516062,-10.350093
BR00117016,K01,A549,48,LDN-212854,compound,BRD-K59831625-001-03-9,,,7.0382576,-6.9258575
BR00117016,K02,A549,48,formononetin,compound,BRD-K55567017-001-12-3,,['alcohol dehydrogenase inhibitor'],10.235672,-12.835249
BR00117016,K03,A549,48,aminopurvalanol-a,compound,BRD-K07762753-001-05-1,poscon_orf,['CDK inhibitor'],9.9854555,-8.513226
BR00117016,K04,A549,48,ruxolitinib,compound,BRD-K53972329-001-01-3,poscon_cp,['JAK inhibitor'],10.565826,-10.320498
BR00117016,K05,A549,48,DMSO,compound,,negcon,,15.601929,-11.014843
BR00117016,K06,A549,48,DMSO,compound,,negcon,,15.472289,-11.148818
BR00117016,K07,A549,48,LGK-974,compound,BRD-K16810791-001-01-0,,['porcupine inhibitor'],10.22691,-12.455078
BR00117016,K08,A549,48,polydatin,compound,BRD-K43236057-001-07-1,,['ICAM1 expression inhibitor'],9.263455,-8.241263
BR00117016,K09,A549,48,enflurane,compound,BRD-A51831848-001-01-7,,,13.680515,-11.4442835
BR00117016,K10,A549,48,PFI-1,compound,BRD-K13094524-001-04-2,poscon_cp,,11.731267,-9.5944605
BR00117016,K11,A549,48,AZD7762,compound,BRD-K86525559-001-07-8,poscon_diverse,['CHK inhibitor'],7.191598,-7.1327157
BR00117016,K12,A549,48,sotrastaurin,compound,BRD-K16761703-001-03-8,,['PKC inhibitor'],13.501907,-11.53294
BR00117016,K13,A549,48,DMSO,compound,,negcon,,15.6903515,-11.398831
BR00117016,K14,A549,48,cycloheximide,compound,BRD-K36055864-001-20-0,,['protein synthesis inhibitor'],8.696721,-7.308102
BR00117016,K15,A549,48,oxytocin,compound,BRD-K25243230-001-01-2,,,14.738179,-10.544204
BR00117016,K16,A549,48,DMSO,compound,,negcon,,15.772557,-10.984564
BR00117016,K17,A549,48,colchicine,compound,BRD-K00259736-001-16-4,,,8.65339,-7.8905454
BR00117016,K18,A549,48,afimoxifene,compound,BRD-K04210847-001-21-9,,,9.933619,-10.683022
BR00117016,K19,A549,48,DMSO,compound,,negcon,,15.605348,-10.43775
BR00117016,K20,A549,48,ZK-93423,compound,BRD-K33882852-003-02-8,poscon_diverse,['benzodiazepine receptor agonist'],11.057785,-10.386791
BR00117016,K21,A549,48,RGB-286638,compound,BRD-K20986415-001-02-6,,['CDK inhibitor'],7.8372464,-7.445855
BR00117016,K22,A549,48,FPS-ZM1,compound,BRD-K87691185-001-01-2,,['RAGE receptor antagonist'],13.179161,-10.251507
BR00117016,K23,A549,48,flindokalner,compound,BRD-K56740996-001-02-1,,,12.931235,-10.113956
BR00117016,K24,A549,48,motesanib,compound,BRD-K99616396-316-05-3,,"['KIT inhibitor', 'VEGFR inhibitor', 'PDGFR tyrosine kinase receptor inhibitor']",11.035917,-10.183291
BR00117016,L01,A549,48,geldanamycin,compound,BRD-K43570081-001-02-4,,['HSP inhibitor'],10.381587,-7.786474
BR00117016,L02,A549,48,DMSO,compound,,negcon,,15.224706,-10.8898735
BR00117016,L03,A549,48,CGP-53353,compound,BRD-K32292990-001-03-6,,"['PKC inhibitor', 'EGFR inhibitor']",11.533198,-11.237847
BR00117016,L04,A549,48,7-hydroxystaurosporine,compound,BRD-K45293975-001-02-0,,"['CDK inhibitor', 'PKC inhibitor', 'CHK inhibitor']",7.7446136,-9.546321
BR00117016,L05,A549,48,DMSO,compound,,negcon,,15.699405,-10.865773
BR00117016,L06,A549,48,DMSO,compound,,negcon,,15.415716,-11.023734
BR00117016,L07,A549,48,efaproxiral,compound,BRD-K37355418-236-01-6,,,12.725923,-10.5265255
BR00117016,L08,A549,48,SB-203580,compound,BRD-A37704979-001-12-3,poscon_orf,['p38 MAPK inhibitor'],9.653271,-14.245844
BR00117016,L09,A549,48,FK-866,compound,BRD-K58550667-001-08-7,poscon_diverse,,9.989328,-7.220314
BR00117016,L10,A549,48,bepridil,compound,BRD-A91008255-003-24-8,,['calcium channel blocker'],10.033399,-11.913233
BR00117016,L11,A549,48,delanzomib,compound,BRD-K59325863-001-04-4,,,7.3693995,-6.9131007
BR00117016,L12,A549,48,buparlisib,compound,BRD-K42191735-001-08-7,poscon_diverse,,8.475866,-8.462434
BR00117016,L13,A549,48,phenylbutazone,compound,BRD-K10843433-001-23-5,,"['cyclooxygenase inhibitor', 'prostanoid receptor antagonist']",12.790463,-10.414596
BR00117016,L14,A549,48,deferasirox,compound,BRD-K97010173-001-04-1,,,11.390396,-9.223032
BR00117016,L15,A549,48,DMSO,compound,,negcon,,15.711177,-10.865908
BR00117016,L16,A549,48,cediranib,compound,BRD-K86930074-001-05-0,,"['KIT inhibitor', 'VEGFR inhibitor']",8.656613,-10.200361
BR00117016,L17,A549,48,isoflurane,compound,BRD-A31564021-001-02-6,,,13.499216,-11.1510725
BR00117016,L18,A549,48,DMSO,compound,,negcon,,15.515318,-10.625555
BR00117016,L19,A549,48,CCG-50014,compound,BRD-K08893438-001-06-4,,['G protein signaling inhibitor'],14.985133,-10.6564665
BR00117016,L20,A549,48,PF-431396,compound,BRD-K93788137-001-04-1,,,10.757431,-8.421613
BR00117016,L21,A549,48,TG-02,compound,BRD-K14560436-001-01-4,,"['CDK inhibitor', 'FLT3 inhibitor', 'JAK inhibitor']",8.8123865,-7.316827
BR00117016,L22,A549,48,baclofen,compound,BRD-K01826724-003-07-9,,['benzodiazepine receptor agonist'],14.447886,-10.368124
BR00117016,L23,A549,48,thiostrepton,compound,BRD-A20697603-001-07-2,,['protein synthesis inhibitor'],9.344676,-10.146942
BR00117016,L24,A549,48,flufenamic-acid,compound,BRD-K44067360-001-29-5,,,14.021108,-10.04355
BR00117016,M01,A549,48,DMSO,compound,,negcon,,15.078826,-10.180232
BR00117016,M02,A549,48,LY2109761,compound,BRD-K47557313-001-02-7,,,11.63959,-11.598456
BR00117016,M03,A549,48,olopatadine,compound,BRD-K67637637-003-11-8,,['histamine receptor antagonist'],13.689959,-11.613086
BR00117016,M04,A549,48,DMSO,compound,,negcon,,15.65924,-10.823218
BR00117016,M05,A549,48,castanospermine,compound,BRD-K20897876-001-11-8,,['glucosidase inhibitor'],14.79813,-11.473521
BR00117016,M06,A549,48,A205804,compound,BRD-K77627880-001-04-0,,['ICAM1 expression inhibitor'],11.698178,-11.044544
BR00117016,M07,A549,48,VU591,compound,BRD-K72063794-003-01-0,,['potassium channel blocker'],13.041009,-10.855665
BR00117016,M08,A549,48,dalbavancin,compound,BRD-K30177383-001-01-0,,['bacterial cell wall synthesis inhibitor'],13.1587925,-10.9935665
BR00117016,M09,A549,48,CC-401,compound,BRD-K45746021-003-01-9,,['JNK inhibitor'],10.627545,-12.069984
BR00117016,M10,A549,48,ganetespib,compound,BRD-K38852836-001-04-9,poscon_diverse,['HSP inhibitor'],10.39274,-7.687213
BR00117016,M11,A549,48,ingenol-mebutate,compound,BRD-K93779381-001-01-9,,,7.7761006,-7.9684877
BR00117016,M12,A549,48,menadione,compound,BRD-K78126613-001-27-7,,,12.794048,-10.411824
BR00117016,M13,A549,48,cetilistat,compound,BRD-K94863486-001-02-2,,,13.052905,-10.90971
BR00117016,M14,A549,48,methoxsalen,compound,BRD-K63430059-001-16-4,,['DNA synthesis inhibitor'],10.175797,-12.678786
BR00117016,M15,A549,48,cyclosporine,compound,BRD-K13533483-001-16-2,,,8.987334,-7.8534393
BR00117016,M16,A549,48,NSC-632839,compound,BRD-K81197548-003-01-4,poscon_cp,['ubiquitin specific protease inhibitor'],7.542172,-6.8705883
BR00117016,M17,A549,48,DMSO,compound,,negcon,,15.429424,-10.842678
BR00117016,M18,A549,48,TG-003,compound,BRD-K97072811-001-11-4,poscon_cp,,10.4899845,-12.129249
BR00117016,M19,A549,48,oxibendazole,compound,BRD-K52075715-001-06-7,,['tubulin polymerization inhibitor'],8.608513,-7.824922
BR00117016,M20,A549,48,TG-101348,compound,BRD-K12502280-001-11-4,poscon_cp,"['JAK inhibitor', 'FLT3 inhibitor']",7.1000147,-6.89665
BR00117016,M21,A549,48,miglitol,compound,BRD-A63310107-001-04-8,,['glucosidase inhibitor'],13.8645735,-10.402725
BR00117016,M22,A549,48,DMSO,compound,,negcon,,15.803519,-10.451749
BR00117016,M23,A549,48,DMSO,compound,,negcon,,15.9539795,-10.447945
BR00117016,M24,A549,48,tranilast,compound,BRD-K17849083-001-32-9,,,11.365404,-10.115775
BR00117016,N01,A549,48,4-methylhistamine,compound,BRD-K70821460-300-02-4,,['histamine receptor agonist'],13.759147,-9.855847
BR00117016,N02,A549,48,LDN-27219,compound,BRD-K51485109-001-01-4,,,14.142976,-11.719676
BR00117016,N03,A549,48,anisomycin,compound,BRD-K91370081-001-25-1,,['DNA synthesis inhibitor'],8.006571,-7.092911
BR00117016,N04,A549,48,thioguanine,compound,BRD-K49350383-001-13-7,poscon_diverse,,9.246689,-9.4110985
BR00117016,N05,A549,48,droxinostat,compound,BRD-K11558771-001-13-9,,['HDAC inhibitor'],10.151813,-10.779019
BR00117016,N06,A549,48,UNC2025,compound,BRD-K91283740-003-01-6,poscon_cp,['FLT3 inhibitor'],8.14213,-9.515222
BR00117016,N07,A549,48,DMSO,compound,,negcon,,15.340437,-10.708796
BR00117016,N08,A549,48,DMSO,compound,,negcon,,15.600948,-10.963319
BR00117016,N09,A549,48,AMG900,compound,BRD-K21728777-001-02-3,poscon_cp,['Aurora kinase inhibitor'],10.683156,-8.413632
BR00117016,N10,A549,48,PF-06463922,compound,BRD-A23124853-001-01-4,,['ALK tyrosine kinase receptor inhibitor'],9.830347,-10.471308
BR00117016,N11,A549,48,orantinib,compound,BRD-K55966568-001-09-6,poscon_cp,"['FGFR inhibitor', 'PDGFR tyrosine kinase receptor inhibitor', 'VEGFR inhibitor']",13.432648,-10.656899
BR00117016,N12,A549,48,fludarabine-phosphate,compound,BRD-K71106091-001-09-5,,['ribonucleotide reductase inhibitor'],10.121653,-8.154881
BR00117016,N13,A549,48,ceritinib,compound,BRD-K22149900-001-06-2,,['ALK tyrosine kinase receptor inhibitor'],9.171404,-10.313099
BR00117016,N14,A549,48,NVS-PAK1-1,compound,BRD-K28132190-001-02-0,poscon_cp,['p21 activated kinase inhibitor'],10.419899,-10.4886675
BR00117016,N15,A549,48,homoharringtonine,compound,BRD-K76674262-001-03-3,,['protein synthesis inhibitor'],7.913292,-7.1530204
BR00117016,N16,A549,48,picrotoxinin,compound,BRD-K36461289-001-05-8,,['GABA receptor antagonist'],14.082571,-11.36119
BR00117016,N17,A549,48,DMSO,compound,,negcon,,15.528112,-10.868185
BR00117016,N18,A549,48,danusertib,compound,BRD-K07881437-001-03-8,poscon_diverse,"['growth factor receptor inhibitor', 'Aurora kinase inhibitor']",9.903417,-8.340024
BR00117016,N19,A549,48,romidepsin,compound,BRD-K61397605-001-01-8,poscon_cp,['HDAC inhibitor'],7.143775,-6.8476825
BR00117016,N20,A549,48,FERb-033,compound,BRD-K61642990-001-01-0,poscon_cp,['EGFR inhibitor'],13.17788,-10.502389
BR00117016,N21,A549,48,PF-03758309,compound,BRD-K37764012-001-03-3,poscon_diverse,['p21 activated kinase inhibitor'],8.806543,-7.2491593
BR00117016,N22,A549,48,DMSO,compound,,negcon,,15.750276,-10.4002
BR00117016,N23,A549,48,trometamol,compound,BRD-K47978074-001-03-2,,,13.938132,-10.53053
BR00117016,N24,A549,48,simvastatin,compound,BRD-K22134346-001-22-3,,['HMGCR inhibitor'],12.630137,-9.376444
BR00117016,O01,A549,48,zaprinast,compound,BRD-K16542329-001-16-8,,['phosphodiesterase inhibitor'],13.427092,-9.565281
BR00117016,O02,A549,48,dexamethasone,compound,BRD-A10188456-001-04-9,,['glucocorticoid receptor agonist'],9.570138,-13.125507
BR00117016,O03,A549,48,salicylic-acid,compound,BRD-K93632104-001-17-2,,['cyclooxygenase inhibitor'],14.552964,-10.593094
BR00117016,O04,A549,48,diltiazem,compound,BRD-A69636825-003-04-7,,['calcium channel blocker'],10.083242,-11.562306
BR00117016,O05,A549,48,phenolphthalein,compound,BRD-K19227686-001-18-6,,,13.628899,-9.789175
BR00117016,O06,A549,48,niflumic-acid,compound,BRD-K98763141-001-30-8,,['cyclooxygenase inhibitor'],13.914788,-10.769302
BR00117016,O07,A549,48,DMSO,compound,,negcon,,15.54794,-10.780757
BR00117016,O08,A549,48,L-Cystine,compound,BRD-A15397381-001-02-5,,,13.654417,-10.341782
BR00117016,O09,A549,48,ozanimod,compound,BRD-K46625559-001-01-8,,['sphingosine 1 phosphate receptor agonist'],10.053528,-12.665791
BR00117016,O10,A549,48,efaroxan,compound,BRD-A10739734-003-09-8,,['adrenergic receptor antagonist'],14.196939,-11.204461
BR00117016,O11,A549,48,NBQX,compound,BRD-K11796549-001-05-2,,['glutamate receptor antagonist'],13.650135,-10.454585
BR00117016,O12,A549,48,dinoprostone,compound,BRD-K26521938-001-07-2,,['prostanoid receptor agonist'],12.7663765,-10.642935
BR00117016,O13,A549,48,Ro-20-1724,compound,BRD-A07207424-001-14-0,,['phosphodiesterase inhibitor'],12.783331,-10.846449
BR00117016,O14,A549,48,xanomeline,compound,BRD-K72815923-034-02-0,,['acetylcholine receptor agonist'],13.985345,-10.5157385
BR00117016,O15,A549,48,terazosin,compound,BRD-K01825589-310-02-9,,['adrenergic receptor antagonist'],12.705014,-10.673506
BR00117016,O16,A549,48,BVT-948,compound,BRD-K68567222-001-01-2,,,13.229292,-10.513482
BR00117016,O17,A549,48,nicotine,compound,BRD-K01825660-322-01-9,,['acetylcholine receptor agonist'],13.902106,-10.531323
BR00117016,O18,A549,48,DMSO,compound,,negcon,,14.726253,-10.417687
BR00117016,O19,A549,48,U-0521,compound,BRD-K08953028-001-09-6,,,13.469747,-10.464026
BR00117016,O20,A549,48,BMS-587101,compound,BRD-K20093108-001-02-3,,,13.956432,-10.869029
BR00117016,O21,A549,48,nimodipine,compound,BRD-A58048407-001-20-4,,['calcium channel blocker'],11.944683,-10.677586
BR00117016,O22,A549,48,pyrrolidine-dithiocarbamate,compound,BRD-K80970344-201-08-6,,,7.5532537,-6.9049277
BR00117016,O23,A549,48,PF-915275,compound,BRD-K18289362-001-02-2,,,13.038132,-10.507139
BR00117016,O24,A549,48,JTE-013,compound,BRD-K43330982-001-02-3,,,13.640119,-9.696401
BR00117016,P01,A549,48,sodium-butyrate,compound,BRD-K05878375-236-05-7,,['HDAC inhibitor'],12.948801,-9.604459
BR00117016,P02,A549,48,pentostatin,compound,BRD-K91543828-001-02-0,,['ribonucleotide reductase inhibitor'],13.463209,-9.604851
BR00117016,P03,A549,48,OMDM-2,compound,BRD-K48830578-001-01-9,,,12.182176,-10.171289
BR00117016,P04,A549,48,nalmefene,compound,BRD-A72767275-003-01-6,,,13.594926,-9.543674
BR00117016,P05,A549,48,DMSO,compound,,negcon,,14.957901,-10.027252
BR00117016,P06,A549,48,1-EBIO,compound,BRD-K70586315-001-02-4,,,13.925169,-9.6090765
BR00117016,P07,A549,48,SB-505124,compound,BRD-K40109029-001-02-9,,['ALK tyrosine kinase receptor inhibitor'],10.085006,-9.804098
BR00117016,P08,A549,48,prasugrel,compound,BRD-A83029242-001-06-1,,['purinergic receptor antagonist'],13.443524,-9.557885
BR00117016,P09,A549,48,pidolic-acid,compound,BRD-K57313110-001-06-8,,,13.576791,-9.584569
BR00117016,P10,A549,48,DMSO,compound,,negcon,,15.168105,-10.132642
BR00117016,P11,A549,48,nevirapine,compound,BRD-K15502390-001-20-9,,,13.539613,-9.3555565
BR00117016,P12,A549,48,triamterene,compound,BRD-K92049597-001-20-8,,['sodium channel blocker'],12.382439,-9.746381
BR00117016,P13,A549,48,regorafenib,compound,BRD-K16730910-001-07-3,,"['PDGFR tyrosine kinase receptor inhibitor', 'RAF inhibitor', 'KIT inhibitor', 'RET tyrosine kinase inhibitor', 'FGFR inhibitor', 'VEGFR inhibitor']",10.705709,-11.568832
BR00117016,P14,A549,48,cyclophosphamide,compound,BRD-A09722536-002-18-0,,,13.412355,-9.252962
BR00117016,P15,A549,48,olanzapine,compound,BRD-K18895904-001-16-1,,"['dopamine receptor antagonist', 'serotonin receptor antagonist']",10.177339,-10.9087925
BR00117016,P16,A549,48,KI-16425,compound,BRD-A25569250-001-03-3,,['lysophosphatidic acid receptor antagonist'],10.420026,-9.16723
BR00117016,P17,A549,48,SKLB1002,compound,BRD-K29895144-001-01-0,,['VEGFR inhibitor'],12.1199465,-9.199156
BR00117016,P18,A549,48,cilostazol,compound,BRD-K67017579-001-28-1,,['phosphodiesterase inhibitor'],13.41289,-9.332353
BR00117016,P19,A549,48,AZD1283,compound,BRD-K77060810-001-01-5,,['purinergic receptor antagonist'],13.586941,-9.410796
BR00117016,P20,A549,48,A-987306,compound,BRD-K68982262-001-01-4,,['histamine receptor antagonist'],9.600746,-10.18184
BR00117016,P21,A549,48,procaine,compound,BRD-K24616672-003-20-1,,['HMGCR inhibitor'],13.463361,-9.401275
BR00117016,P22,A549,48,miconazole,compound,BRD-A82396632-008-30-8,,['bacterial cell wall synthesis inhibitor'],12.17654,-9.859899
BR00117016,P23,A549,48,loperamide,compound,BRD-K61250553-003-30-6,,,9.559821,-10.432724
BR00117016,P24,A549,48,aripiprazole,compound,BRD-K70358946-001-17-3,,['serotonin receptor antagonist'],11.984371,-9.010779
BR00117017,A01,A549,48,gabapentin-enacarbil,compound,BRD-A86665761-001-01-1,,,14.079011,-9.748773
BR00117017,A02,A549,48,DMSO,compound,,negcon,,14.801526,-9.940564
BR00117017,A03,A549,48,amlodipine,compound,BRD-A22032524-074-09-9,,['calcium channel blocker'],9.869547,-10.548711
BR00117017,A04,A549,48,hexestrol,compound,BRD-A01078468-001-14-8,,,14.37316,-9.966839
BR00117017,A05,A549,48,quinine,compound,BRD-K48278478-001-01-2,,,9.905212,-10.562854
BR00117017,A06,A549,48,LOXO-101,compound,BRD-K36574127-001-01-3,,,13.267805,-10.168672
BR00117017,A07,A549,48,brinzolamide,compound,BRD-K74913225-001-14-0,,['carbonic anhydrase inhibitor'],13.432696,-10.239951
BR00117017,A08,A549,48,NS-11021,compound,BRD-K94342292-001-01-3,,['calcium-activated potassium channel activator'],11.921031,-10.082782
BR00117017,A09,A549,48,DMSO,compound,,negcon,,14.96969,-10.139479
BR00117017,A10,A549,48,GNF-5837,compound,BRD-K19975102-001-01-2,,['growth factor receptor inhibitor'],11.400746,-10.343037
BR00117017,A11,A549,48,apatinib,compound,BRD-K25244359-066-02-6,,['RET tyrosine kinase inhibitor'],10.824922,-10.44037
BR00117017,A12,A549,48,ethoxzolamide,compound,BRD-K18131774-001-18-4,,['carbonic anhydrase inhibitor'],14.458514,-9.782964
BR00117017,A13,A549,48,ascorbic-acid,compound,BRD-A85242401-001-11-5,,,13.303256,-9.74674
BR00117017,A14,A549,48,ryuvidine,compound,BRD-K06426971-001-02-7,,['histone lysine methyltransferase inhibitor'],7.6439304,-7.232919
BR00117017,A15,A549,48,BAN-ORL-24,compound,BRD-K47049295-300-03-1,,,8.9140215,-9.895248
BR00117017,A16,A549,48,NNC-55-0396,compound,BRD-K78122587-300-04-3,,,8.528647,-10.333742
BR00117017,A17,A549,48,DMSO,compound,,negcon,,14.176886,-9.829361
BR00117017,A18,A549,48,WH-4-023,compound,BRD-K50199947-001-03-4,,['src inhibitor'],8.64285,-9.996953
BR00117017,A19,A549,48,flupirtine,compound,BRD-K50720187-051-03-1,,['glutamate receptor antagonist'],11.623495,-10.347321
BR00117017,A20,A549,48,ZK811752,compound,BRD-K91825936-001-03-9,,,11.264645,-10.382891
BR00117017,A21,A549,48,dexamethasone,compound,BRD-K38775274-001-22-1,,['glucocorticoid receptor agonist'],9.568426,-13.141114
BR00117017,A22,A549,48,PP-1,compound,BRD-K47598052-001-14-1,,['src inhibitor'],9.555158,-8.796601
BR00117017,A23,A549,48,DDR1-IN-1,compound,BRD-K61845293-300-01-9,,,9.794234,-10.52778
BR00117017,A24,A549,48,AVL-292,compound,BRD-K87782578-001-01-4,,"[""Bruton's tyrosine kinase (BTK) inhibitor""]",9.403482,-8.360448
BR00117017,B01,A549,48,H2L-5765834,compound,BRD-K26439554-001-01-3,,['lysophosphatidic acid receptor antagonist'],13.631252,-10.056296
BR00117017,B02,A549,48,thiostrepton,compound,BRD-K58049875-001-03-9,,['protein synthesis inhibitor'],8.527275,-10.12201
BR00117017,B03,A549,48,DMSO,compound,,negcon,,14.58495,-10.548162
BR00117017,B04,A549,48,arcyriaflavin-a,compound,BRD-K72726508-001-02-1,,['CDK inhibitor'],10.711825,-10.025943
BR00117017,B05,A549,48,CYM-5520,compound,BRD-K29151923-001-01-5,,['sphingosine 1 phosphate receptor agonist'],13.588253,-10.34329
BR00117017,B06,A549,48,fludarabine,compound,BRD-K66788707-001-14-3,,['ribonucleotide reductase inhibitor'],11.651691,-8.932077
BR00117017,B07,A549,48,alda-1,compound,BRD-K06890060-001-09-1,,,13.924131,-10.368686
BR00117017,B08,A549,48,meclofenamic-acid,compound,BRD-K50398167-236-22-7,,"['cyclooxygenase inhibitor', 'prostanoid receptor antagonist']",14.329897,-10.518862
BR00117017,B09,A549,48,GNF-5,compound,BRD-K87632963-001-03-0,,['Bcr-Abl kinase inhibitor'],13.586544,-10.743606
BR00117017,B10,A549,48,NS-309,compound,BRD-K37602296-001-01-6,,['calcium-activated potassium channel activator'],13.663039,-10.992051
BR00117017,B11,A549,48,AK-7,compound,BRD-K09143580-001-01-0,,['SIRT inhibitor'],12.227798,-10.558393
BR00117017,B12,A549,48,BVT-948,compound,BRD-A22713669-001-04-3,,,12.827627,-10.955669
BR00117017,B13,A549,48,SirReal-2,compound,BRD-K16472653-001-01-6,,['SIRT inhibitor'],11.557422,-10.805019
BR00117017,B14,A549,48,DMSO,compound,,negcon,,15.318802,-10.505081
BR00117017,B15,A549,48,BMS-536924,compound,BRD-K34581968-001-05-3,,['IGF-1 inhibitor'],9.233713,-8.641562
BR00117017,B16,A549,48,PP-121,compound,BRD-K81801188-001-02-8,,['protein tyrosine kinase inhibitor'],7.3591385,-7.4284205
BR00117017,B17,A549,48,MCOPPB,compound,BRD-K73276278-305-01-1,,,8.588296,-10.463764
BR00117017,B18,A549,48,ozagrel,compound,BRD-K53061490-003-13-9,,,13.601491,-11.09446
BR00117017,B19,A549,48,CYM-5442,compound,BRD-A43005764-003-01-5,,['sphingosine 1 phosphate receptor agonist'],8.830345,-10.622339
BR00117017,B20,A549,48,CVT-10216,compound,BRD-K60659193-001-01-0,,,13.524113,-10.805328
BR00117017,B21,A549,48,TCN201,compound,BRD-K09787262-001-02-7,,['glutamate receptor antagonist'],12.830479,-10.923362
BR00117017,B22,A549,48,fomepizole,compound,BRD-K56810756-003-07-7,,['alcohol dehydrogenase inhibitor'],13.587057,-10.847521
BR00117017,B23,A549,48,benzamil,compound,BRD-K87158025-003-08-7,,['sodium channel blocker'],9.908332,-10.915733
BR00117017,B24,A549,48,lercanidipine,compound,BRD-A18992208-003-02-7,,['calcium channel blocker'],9.679129,-10.346894
BR00117017,C01,A549,48,4-CMTB,compound,BRD-A54139254-001-09-2,,['free fatty acid receptor agonist'],13.36803,-10.250212
BR00117017,C02,A549,48,ML-228,compound,BRD-K44432556-001-05-5,,,14.294618,-11.432777
BR00117017,C03,A549,48,DMSO,compound,,negcon,,15.318496,-11.78112
BR00117017,C04,A549,48,GSK1070916,compound,BRD-K36740062-001-06-6,,['Aurora kinase inhibitor'],8.4096365,-9.696791
BR00117017,C05,A549,48,ML-193,compound,BRD-K27539181-001-08-5,,,13.094336,-11.4429035
BR00117017,C06,A549,48,DMSO,compound,,negcon,,15.452623,-11.191703
BR00117017,C07,A549,48,M-25,compound,BRD-K51265828-001-01-0,,['smoothened receptor antagonist'],10.727938,-11.261864
BR00117017,C08,A549,48,azeliragon,compound,BRD-K51899933-001-02-6,,['RAGE receptor antagonist'],7.2711215,-7.675643
BR00117017,C09,A549,48,CYT-997,compound,BRD-K23363278-001-02-1,poscon_diverse,['tubulin polymerization inhibitor'],8.473611,-7.9264445
BR00117017,C10,A549,48,AR-12,compound,BRD-K90497590-001-05-9,,,7.0445695,-7.1401243
BR00117017,C11,A549,48,CYM-50260,compound,BRD-K69877120-001-01-7,,['sphingosine 1 phosphate receptor agonist'],10.063932,-12.735302
BR00117017,C12,A549,48,DMSO,compound,,negcon,,15.574517,-11.043118
BR00117017,C13,A549,48,KG-5,compound,BRD-K90747162-001-01-4,poscon_cp,['RAF inhibitor'],8.6680355,-8.095079
BR00117017,C14,A549,48,JTE-607,compound,BRD-K81405859-300-01-4,,,11.326792,-9.195856
BR00117017,C15,A549,48,DMSO,compound,,negcon,,15.854629,-10.9976635
BR00117017,C16,A549,48,ilomastat,compound,BRD-K51662849-001-05-4,,['matrix metalloprotease inhibitor'],13.184793,-11.122322
BR00117017,C17,A549,48,RX-821002,compound,BRD-A65597028-003-08-1,,['adrenergic receptor antagonist'],13.707863,-11.306457
BR00117017,C18,A549,48,DMSO,compound,,negcon,,15.844284,-10.96642
BR00117017,C19,A549,48,TUG-891,compound,BRD-K24282351-001-01-4,,['free fatty acid receptor agonist'],12.963086,-10.8847475
BR00117017,C20,A549,48,ponatinib,compound,BRD-K44227013-001-08-0,,"['PDGFR tyrosine kinase receptor inhibitor', 'FLT3 inhibitor', 'Bcr-Abl kinase inhibitor']",7.1553373,-6.973318
BR00117017,C21,A549,48,DMSO,compound,,negcon,,15.8499565,-10.998805
BR00117017,C22,A549,48,puromycin,compound,BRD-K01824976-300-02-9,,['protein synthesis inhibitor'],7.1772966,-6.874952
BR00117017,C23,A549,48,SRC-kinase-inhibitor-I,compound,BRD-K50495309-001-02-0,,['src inhibitor'],9.30602,-10.697953
BR00117017,C24,A549,48,acetylcysteine,compound,BRD-K59058747-001-19-1,,,14.50417,-9.780661
BR00117017,D01,A549,48,NSC-625987,compound,BRD-K62949423-001-03-1,,['CDK inhibitor'],14.132406,-10.275084
BR00117017,D02,A549,48,dalfampridine,compound,BRD-K22482860-001-20-6,,['potassium channel blocker'],14.127008,-10.897781
BR00117017,D03,A549,48,NSC-95397,compound,BRD-K68143200-001-11-7,,['CDC inhibitor'],8.723728,-7.885246
BR00117017,D04,A549,48,alrestatin,compound,BRD-K35498378-001-06-1,,['aldose reductase inhibitor'],14.319562,-10.803618
BR00117017,D05,A549,48,PF-03758309,compound,BRD-K37764012-001-03-3,poscon_diverse,['p21 activated kinase inhibitor'],14.353886,-11.186311
BR00117017,D06,A549,48,IRL-2500,compound,BRD-K98357249-001-02-9,,['endothelin receptor antagonist'],14.349119,-10.855186
BR00117017,D07,A549,48,PF-04217903,compound,BRD-K73319509-001-08-0,poscon_cp,,13.574924,-10.874956
BR00117017,D08,A549,48,FK-866,compound,BRD-K58550667-001-08-7,poscon_diverse,,9.953609,-7.229281
BR00117017,D09,A549,48,amlexanox,compound,BRD-K29530284-001-06-2,,,15.124836,-11.736779
BR00117017,D10,A549,48,GW-311616,compound,BRD-K37864785-001-01-0,,['elastase inhibitor'],13.039404,-11.424504
BR00117017,D11,A549,48,buparlisib,compound,BRD-K42191735-001-08-7,poscon_diverse,,8.4325905,-8.42641
BR00117017,D12,A549,48,amiloride,compound,BRD-K97181089-003-24-7,,['sodium channel blocker'],12.041759,-10.846237
BR00117017,D13,A549,48,DG-172,compound,BRD-K75748943-300-01-3,,,9.265015,-10.742391
BR00117017,D14,A549,48,DMSO,compound,,negcon,,15.64969,-11.242103
BR00117017,D15,A549,48,DMSO,compound,,negcon,,15.8826475,-11.2507515
BR00117017,D16,A549,48,NVP-ADW742,compound,BRD-K15179513-001-04-2,poscon_cp,,8.330632,-9.95872
BR00117017,D17,A549,48,misoprostol,compound,BRD-A72351335-001-04-5,,['prostanoid receptor agonist'],13.014699,-11.167705
BR00117017,D18,A549,48,conivaptan,compound,BRD-K37385792-003-02-1,,,9.861271,-10.718583
BR00117017,D19,A549,48,spiroxatrine,compound,BRD-A72483914-001-03-7,,['serotonin receptor antagonist'],9.986435,-10.726299
BR00117017,D20,A549,48,diacerein,compound,BRD-K69122748-001-10-1,,,13.525959,-11.186682
BR00117017,D21,A549,48,DMSO,compound,,negcon,,15.970386,-10.803057
BR00117017,D22,A549,48,DMSO,compound,,negcon,,15.991072,-10.892898
BR00117017,D23,A549,48,glyburide,compound,BRD-K36927236-001-36-7,,['ATP channel blocker'],13.233817,-10.839298
BR00117017,D24,A549,48,ANR-94,compound,BRD-K31170746-001-01-6,,,14.50014,-9.8227
BR00117017,E01,A549,48,TFC-007,compound,BRD-K57708067-001-01-3,,,13.3874655,-10.373366
BR00117017,E02,A549,48,trihexyphenidyl,compound,BRD-A48180038-003-24-3,,['acetylcholine receptor antagonist'],10.235145,-10.644572
BR00117017,E03,A549,48,epoprostenol,compound,BRD-K64054020-001-02-7,,,14.65028,-11.997991
BR00117017,E04,A549,48,sacubitril,compound,BRD-K91456750-001-01-9,,,14.629656,-11.325843
BR00117017,E05,A549,48,danusertib,compound,BRD-K07881437-001-03-8,poscon_diverse,"['growth factor receptor inhibitor', 'Aurora kinase inhibitor']",9.775647,-8.422846
BR00117017,E06,A549,48,CYT-997,compound,BRD-K23363278-001-02-1,poscon_diverse,['tubulin polymerization inhibitor'],8.653334,-7.8687925
BR00117017,E07,A549,48,DMSO,compound,,negcon,,15.53674,-11.735739
BR00117017,E08,A549,48,BQ-788,compound,BRD-K02490038-236-03-8,,['endothelin receptor antagonist'],14.758772,-11.429379
BR00117017,E09,A549,48,SB-202190,compound,BRD-K54330070-001-19-6,poscon_orf,['p38 MAPK inhibitor'],9.689285,-14.17473
BR00117017,E10,A549,48,GSK2110183,compound,BRD-K25412176-001-01-9,poscon_diverse,,9.02051,-10.681236
BR00117017,E11,A549,48,GSK3787,compound,BRD-K03155172-001-03-0,,['PPAR receptor antagonist'],12.73008,-11.236022
BR00117017,E12,A549,48,BAM7,compound,BRD-K07442505-001-03-6,,,11.716685,-10.724158
BR00117017,E13,A549,48,PHA-793887,compound,BRD-K64800655-001-09-0,poscon_diverse,['CDK inhibitor'],9.092404,-7.198946
BR00117017,E14,A549,48,DMSO,compound,,negcon,,15.788219,-11.400759
BR00117017,E15,A549,48,GSK-37647,compound,BRD-K26514105-001-01-7,,['free fatty acid receptor agonist'],12.790646,-10.146282
BR00117017,E16,A549,48,desonide,compound,BRD-K21528677-001-04-4,,['glucocorticoid receptor agonist'],9.559426,-13.126304
BR00117017,E17,A549,48,DMSO,compound,,negcon,,15.736677,-10.830641
BR00117017,E18,A549,48,aloxistatin,compound,BRD-K91188791-001-17-5,,,8.866768,-10.588637
BR00117017,E19,A549,48,azathioprine,compound,BRD-K32821942-001-22-1,,,9.832846,-10.922801
BR00117017,E20,A549,48,ZK-93423,compound,BRD-K33882852-003-02-8,poscon_diverse,['benzodiazepine receptor agonist'],11.071095,-10.38258
BR00117017,E21,A549,48,BI-2536,compound,BRD-K64890080-001-02-1,poscon_diverse,,8.182294,-8.210828
BR00117017,E22,A549,48,EI1,compound,BRD-K91535048-001-01-2,poscon_cp,['histone lysine methyltransferase inhibitor'],10.283645,-11.116901
BR00117017,E23,A549,48,NVP-HSP990,compound,BRD-K67915505-001-01-2,,['HSP inhibitor'],10.416364,-7.751715
BR00117017,E24,A549,48,DMSO,compound,,negcon,,14.709448,-9.89322
BR00117017,F01,A549,48,DMSO,compound,,negcon,,15.009777,-10.398925
BR00117017,F02,A549,48,nialamide,compound,BRD-K12102668-001-25-5,,,14.423516,-11.192611
BR00117017,F03,A549,48,DMSO,compound,,negcon,,15.34528,-11.355366
BR00117017,F04,A549,48,arundic-acid,compound,BRD-K49223707-001-01-0,,,14.3963585,-11.415013
BR00117017,F05,A549,48,torcitabine,compound,BRD-K91822704-003-07-2,,,14.030365,-11.182175
BR00117017,F06,A549,48,DMSO,compound,,negcon,,15.683563,-11.524564
BR00117017,F07,A549,48,epothilone-b,compound,BRD-K68164687-001-01-6,,"['microtubule stabilizing agent', 'tubulin polymerization inhibitor']",8.998854,-8.136244
BR00117017,F08,A549,48,dyphylline,compound,BRD-A00827783-001-24-6,,['phosphodiesterase inhibitor'],14.156931,-11.424444
BR00117017,F09,A549,48,DMSO,compound,,negcon,,15.366551,-11.623944
BR00117017,F10,A549,48,quinidine,compound,BRD-K59632282-052-03-1,,['sodium channel blocker'],9.280105,-10.6542015
BR00117017,F11,A549,48,halopemide,compound,BRD-K50055394-001-03-6,,,10.120495,-10.256332
BR00117017,F12,A549,48,sulfinpyrazone,compound,BRD-A36217750-001-16-3,,,14.7271805,-11.560124
BR00117017,F13,A549,48,ML-323,compound,BRD-K93942811-001-01-3,poscon_cp,['ubiquitin specific protease inhibitor'],12.298705,-10.465206
BR00117017,F14,A549,48,racecadotril,compound,BRD-A08187463-001-12-9,,,13.90347,-11.419942
BR00117017,F15,A549,48,BRL-50481,compound,BRD-K84266862-001-03-2,,['phosphodiesterase inhibitor'],14.168133,-11.436436
BR00117017,F16,A549,48,GSK2110183,compound,BRD-K25412176-001-01-9,poscon_diverse,,9.013861,-10.497377
BR00117017,F17,A549,48,bufexamac,compound,BRD-K36660044-001-24-2,,['cyclooxygenase inhibitor'],9.786166,-10.615775
BR00117017,F18,A549,48,anandamide,compound,BRD-K42352790-001-05-3,,,13.658065,-11.818986
BR00117017,F19,A549,48,thioguanine,compound,BRD-K49350383-001-13-7,poscon_diverse,,9.130078,-9.511507
BR00117017,F20,A549,48,IWP-L6,compound,BRD-K53234107-001-01-6,,['porcupine inhibitor'],11.581028,-10.532269
BR00117017,F21,A549,48,edoxaban,compound,BRD-K29322660-001-01-9,,['coagulation factor inhibitor'],13.911142,-10.863366
BR00117017,F22,A549,48,lonafarnib,compound,BRD-K41599323-001-02-3,poscon_diverse,,9.306721,-10.947696
BR00117017,F23,A549,48,ibutamoren,compound,BRD-K44771174-066-01-0,,,9.64447,-10.678527
BR00117017,F24,A549,48,somatostatin,compound,BRD-K14681867-001-01-6,,['somatostatin receptor agonist'],14.300071,-10.125175
BR00117017,G01,A549,48,L-proline,compound,BRD-K01666412-001-02-0,,,14.192326,-10.98594
BR00117017,G02,A549,48,zamifenacin,compound,BRD-K80451230-051-02-6,,['acetylcholine receptor antagonist'],14.494073,-11.849887
BR00117017,G03,A549,48,YC-1,compound,BRD-K60476892-001-16-1,,,14.2590885,-12.012999
BR00117017,G04,A549,48,DMSO,compound,,negcon,,15.294397,-11.977105
BR00117017,G05,A549,48,ME-0328,compound,BRD-K24283677-001-01-9,,['PPAR receptor antagonist'],10.876461,-12.123627
BR00117017,G06,A549,48,NSC-663284,compound,BRD-K03109492-001-02-2,,['CDC inhibitor'],11.41674,-9.020816
BR00117017,G07,A549,48,CYM-50358,compound,BRD-K80666802-003-01-0,,,8.844025,-10.591835
BR00117017,G08,A549,48,trazodone,compound,BRD-K70778732-003-27-5,,"['adrenergic receptor antagonist', 'serotonin receptor antagonist']",10.128142,-12.34638
BR00117017,G09,A549,48,DMSO,compound,,negcon,,15.586196,-11.853573
BR00117017,G10,A549,48,DMSO,compound,,negcon,,15.475091,-11.822665
BR00117017,G11,A549,48,sulfasalazine,compound,BRD-K10670311-001-17-1,,['cyclooxygenase inhibitor'],11.161503,-12.022569
BR00117017,G12,A549,48,"2,5-furandimethanol",compound,BRD-K29791386-001-01-8,,,14.988941,-11.97193
BR00117017,G13,A549,48,DMSO,compound,,negcon,,15.164025,-11.602336
BR00117017,G14,A549,48,dilazep,compound,BRD-K48722258-300-11-0,,,14.95847,-11.885931
BR00117017,G15,A549,48,felodipine,compound,BRD-A30815329-001-12-1,,['calcium channel blocker'],11.78642,-11.283684
BR00117017,G16,A549,48,paliperidone,compound,BRD-A99888680-001-05-3,,"['dopamine receptor antagonist', 'serotonin receptor antagonist']",14.981696,-11.7610235
BR00117017,G17,A549,48,purvalanol-a,compound,BRD-K50836978-001-03-3,poscon_orf,['CDK inhibitor'],10.610219,-9.189498
BR00117017,G18,A549,48,DMSO,compound,,negcon,,15.956977,-11.313852
BR00117017,G19,A549,48,Ro-1138452,compound,BRD-K77220725-003-01-5,,['prostanoid receptor antagonist'],9.339778,-10.7110815
BR00117017,G20,A549,48,sorbinil,compound,BRD-A89164055-001-03-3,,['aldose reductase inhibitor'],13.967362,-10.966597
BR00117017,G21,A549,48,TC-S-7004,compound,BRD-K89517477-001-01-4,poscon_cp,['DYRK inhibitor'],10.384125,-12.268733
BR00117017,G22,A549,48,saclofen,compound,BRD-A24122750-001-03-7,,['GABA receptor antagonist'],14.018876,-10.514394
BR00117017,G23,A549,48,BAY-87-2243,compound,BRD-K70463136-001-01-5,,,10.8805275,-10.318515
BR00117017,G24,A549,48,ibudilast,compound,BRD-K16444452-001-09-1,,['phosphodiesterase inhibitor'],14.527742,-10.000725
BR00117017,H01,A549,48,briciclib,compound,BRD-K05531427-001-01-7,,,8.552118,-7.8333473
BR00117017,H02,A549,48,2-Oleoylglycerol,compound,BRD-K77087341-001-02-4,,,14.060783,-11.404679
BR00117017,H03,A549,48,RGFP966,compound,BRD-K61688984-001-02-9,poscon_cp,['HDAC inhibitor'],10.546474,-11.234075
BR00117017,H04,A549,48,DMSO,compound,,negcon,,15.603205,-11.805816
BR00117017,H05,A549,48,azacitidine,compound,BRD-K03406345-001-21-1,poscon_diverse,,11.006406,-9.144071
BR00117017,H06,A549,48,N6-cyclopentyladenosine,compound,BRD-K60150510-001-15-6,,,14.390612,-11.234091
BR00117017,H07,A549,48,filgotinib,compound,BRD-K16803204-001-01-6,poscon_cp,['JAK inhibitor'],11.552791,-11.857198
BR00117017,H08,A549,48,guanidine,compound,BRD-K76037122-001-02-5,,['HSP inhibitor'],14.222163,-11.192757
BR00117017,H09,A549,48,coumarin,compound,BRD-K23913458-001-20-7,,,14.529804,-11.594816
BR00117017,H11,A549,48,ZM-336372,compound,BRD-K73789395-001-09-9,poscon_orf,['RAF inhibitor'],11.788752,-10.3414
BR00117017,H12,A549,48,citric-acid,compound,BRD-K76792669-001-08-1,,['coagulation factor inhibitor'],15.147236,-11.628813
BR00117017,H13,A549,48,DMSO,compound,,negcon,,15.770365,-11.4193735
BR00117017,H14,A549,48,CCG-63802,compound,BRD-K26970495-001-02-7,,['G protein signaling inhibitor'],13.332175,-10.710429
BR00117017,H15,A549,48,ibutilide,compound,BRD-A74391928-051-03-9,,['potassium channel blocker'],10.646695,-10.887509
BR00117017,H16,A549,48,batimastat,compound,BRD-K82818427-001-04-8,,['matrix metalloprotease inhibitor'],10.128326,-11.24172
BR00117017,H17,A549,48,DMSO,compound,,negcon,,15.7954,-11.686729
BR00117017,H18,A549,48,DMSO,compound,,negcon,,15.841766,-11.441593
BR00117017,H19,A549,48,UNC1999,compound,BRD-K26989966-001-04-3,poscon_cp,['histone lysine methyltransferase inhibitor'],6.93233,-6.8266673
BR00117017,H20,A549,48,glutamine-(l),compound,BRD-K83896451-001-06-7,,,14.319334,-10.842829
BR00117017,H21,A549,48,PD-98059,compound,BRD-K62810658-001-11-4,poscon_orf,,10.20596,-12.549017
BR00117017,H22,A549,48,enilconazole,compound,BRD-K01825690-065-01-9,,,12.365343,-10.735153
BR00117017,H23,A549,48,N-alpha-Methylhistamine-dihydrochloride,compound,BRD-K75390981-300-04-9,,['histamine receptor agonist'],14.394318,-10.35043
BR00117017,H24,A549,48,GK921,compound,BRD-K38272302-001-02-7,,,7.2802696,-6.8892045
BR00117017,I01,A549,48,nilvadipine,compound,BRD-A84687895-001-03-2,,['calcium channel blocker'],12.507861,-10.568963
BR00117017,I02,A549,48,DMSO,compound,,negcon,,15.523093,-11.910425
BR00117017,I03,A549,48,AC-710,compound,BRD-K15819326-001-01-6,,['PDGFR tyrosine kinase receptor inhibitor'],8.79545,-10.473848
BR00117017,I04,A549,48,PETCM,compound,BRD-A93477898-001-04-2,,,15.024012,-12.071947
BR00117017,I05,A549,48,AZD7762,compound,BRD-K86525559-001-07-8,poscon_diverse,['CHK inhibitor'],7.199776,-7.415738
BR00117017,I06,A549,48,PHA-793887,compound,BRD-K64800655-001-09-0,poscon_diverse,['CDK inhibitor'],9.175564,-7.141619
BR00117017,I07,A549,48,KU-60019,compound,BRD-K36016295-001-05-2,,['ATM kinase inhibitor'],8.181571,-9.31752
BR00117017,I08,A549,48,nafamostat,compound,BRD-K06674495-334-04-0,,,10.573011,-10.305695
BR00117017,I09,A549,48,DMSO,compound,,negcon,,15.641448,-11.673556
BR00117017,I10,A549,48,DMSO,compound,,negcon,,15.5018425,-11.809617
BR00117017,I11,A549,48,taladegib,compound,BRD-K50498985-001-03-3,,['smoothened receptor antagonist'],11.886147,-10.786522
BR00117017,I12,A549,48,acetohexamide,compound,BRD-K52960356-001-13-0,,['ATP channel blocker'],15.005281,-11.836089
BR00117017,I13,A549,48,minocycline,compound,BRD-A69651145-003-11-4,,,13.504387,-10.714065
BR00117017,I14,A549,48,BI-2536,compound,BRD-K64890080-001-02-1,poscon_diverse,,8.13583,-8.104064
BR00117017,I15,A549,48,riociguat,compound,BRD-K84783599-001-01-0,,,14.989558,-12.0640545
BR00117017,I16,A549,48,CP-724714,compound,BRD-K76908866-001-07-6,poscon_cp,"['EGFR inhibitor', 'protein tyrosine kinase inhibitor']",10.220201,-11.398545
BR00117017,I17,A549,48,ganetespib,compound,BRD-K38852836-001-04-9,poscon_diverse,['HSP inhibitor'],10.336997,-7.778887
BR00117017,I18,A549,48,AZ191,compound,BRD-K80935598-001-01-1,poscon_cp,['DYRK inhibitor'],8.355203,-10.306611
BR00117017,I19,A549,48,BAX-channel-blocker,compound,BRD-A18763547-300-06-3,,,8.295845,-9.721573
BR00117017,I20,A549,48,SU3327,compound,BRD-K32730239-001-01-0,,['JNK inhibitor'],7.535645,-7.10157
BR00117017,I21,A549,48,DMSO,compound,,negcon,,15.874104,-11.270441
BR00117017,I22,A549,48,DMSO,compound,,negcon,,15.92196,-11.357312
BR00117017,I23,A549,48,octreotide,compound,BRD-A64173453-015-03-1,,['somatostatin receptor agonist'],14.212741,-10.900941
BR00117017,I24,A549,48,1-octanol,compound,BRD-K09338665-001-08-9,,,14.081664,-10.153262
BR00117017,J01,A549,48,acalabrutinib,compound,BRD-K64034691-001-01-9,,"[""Bruton's tyrosine kinase (BTK) inhibitor""]",10.715866,-11.388441
BR00117017,J02,A549,48,rifamycin,compound,BRD-K38512030-001-01-7,,,14.041407,-11.567174
BR00117017,J03,A549,48,pazopanib,compound,BRD-K74514084-003-09-2,,"['KIT inhibitor', 'VEGFR inhibitor', 'PDGFR tyrosine kinase receptor inhibitor']",11.178002,-10.088144
BR00117017,J04,A549,48,RKI-1447,compound,BRD-K19333160-001-01-3,poscon_cp,,10.480471,-9.990952
BR00117017,J05,A549,48,vitamin-E,compound,BRD-K97091514-001-11-4,,['PKC inhibitor'],13.479592,-11.404666
BR00117017,J06,A549,48,lonafarnib,compound,BRD-K41599323-001-02-3,poscon_diverse,,9.421817,-10.972595
BR00117017,J07,A549,48,ethyl-pyruvate,compound,BRD-K47738867-001-01-5,,,14.62179,-11.322121
BR00117017,J08,A549,48,picrotin,compound,BRD-A91822151-001-05-0,,['GABA receptor antagonist'],14.127674,-11.166018
BR00117017,J09,A549,48,SGX523,compound,BRD-K19477839-001-07-6,poscon_cp,,11.124339,-11.460706
BR00117017,J10,A549,48,PP-2,compound,BRD-K95785537-001-22-3,,['src inhibitor'],9.41918,-8.805976
BR00117017,J11,A549,48,ME-0328,compound,BRD-A63444178-001-01-5,,['PPAR receptor antagonist'],12.539943,-10.513839
BR00117017,J12,A549,48,AZD9668,compound,BRD-K31476763-001-01-5,,['elastase inhibitor'],12.059102,-10.78228
BR00117017,J13,A549,48,NQDI-1,compound,BRD-K61918008-001-07-1,,,12.005976,-10.138098
BR00117017,J14,A549,48,DMSO,compound,,negcon,,15.564101,-11.718939
BR00117017,J15,A549,48,carzenide,compound,BRD-K09295674-001-09-8,,,12.114121,-9.127138
BR00117017,J16,A549,48,KU-55933,compound,BRD-K25311561-001-10-7,,['ATM kinase inhibitor'],9.827146,-14.079669
BR00117017,J17,A549,48,NVP-AEW541,compound,BRD-K24696047-001-02-3,poscon_cp,['IGF-1 inhibitor'],8.540681,-10.3523655
BR00117017,J18,A549,48,leflunomide,compound,BRD-K78692225-001-24-5,,['PDGFR tyrosine kinase receptor inhibitor'],9.930755,-12.429349
BR00117017,J19,A549,48,DMSO,compound,,negcon,,15.660226,-11.64882
BR00117017,J20,A549,48,azacitidine,compound,BRD-K03406345-001-21-1,poscon_diverse,,10.912118,-9.246168
BR00117017,J21,A549,48,ixabepilone,compound,BRD-K03601870-001-01-2,,['microtubule stabilizing agent'],8.597806,-7.7933116
BR00117017,J22,A549,48,KH-CB19,compound,BRD-K66430217-001-03-8,poscon_cp,['CDC inhibitor'],11.633923,-11.024999
BR00117017,J23,A549,48,DMSO,compound,,negcon,,15.926927,-10.979189
BR00117017,J24,A549,48,PF-05190457,compound,BRD-K02554563-001-01-6,,,9.976529,-10.570164
BR00117017,K01,A549,48,LDN-212854,compound,BRD-K59831625-001-03-9,,,7.0440226,-6.888963
BR00117017,K02,A549,48,formononetin,compound,BRD-K55567017-001-12-3,,['alcohol dehydrogenase inhibitor'],10.246233,-12.799316
BR00117017,K03,A549,48,aminopurvalanol-a,compound,BRD-K07762753-001-05-1,poscon_orf,['CDK inhibitor'],9.987894,-8.426077
BR00117017,K04,A549,48,ruxolitinib,compound,BRD-K53972329-001-01-3,poscon_cp,['JAK inhibitor'],10.480153,-10.280763
BR00117017,K05,A549,48,DMSO,compound,,negcon,,15.480948,-11.974903
BR00117017,K06,A549,48,DMSO,compound,,negcon,,15.352776,-12.030589
BR00117017,K07,A549,48,LGK-974,compound,BRD-K16810791-001-01-0,,['porcupine inhibitor'],10.355555,-12.656785
BR00117017,K08,A549,48,polydatin,compound,BRD-K43236057-001-07-1,,['ICAM1 expression inhibitor'],9.227453,-8.169275
BR00117017,K09,A549,48,enflurane,compound,BRD-A51831848-001-01-7,,,14.699827,-11.940719
BR00117017,K10,A549,48,PFI-1,compound,BRD-K13094524-001-04-2,poscon_cp,,11.806223,-9.758743
BR00117017,K11,A549,48,AZD7762,compound,BRD-K86525559-001-07-8,poscon_diverse,['CHK inhibitor'],7.1649637,-7.2616696
BR00117017,K12,A549,48,sotrastaurin,compound,BRD-K16761703-001-03-8,,['PKC inhibitor'],13.5859165,-11.543174
BR00117017,K13,A549,48,DMSO,compound,,negcon,,15.617796,-11.932283
BR00117017,K14,A549,48,cycloheximide,compound,BRD-K36055864-001-20-0,,['protein synthesis inhibitor'],8.644571,-7.3457174
BR00117017,K15,A549,48,oxytocin,compound,BRD-K25243230-001-01-2,,,14.72314,-11.614225
BR00117017,K16,A549,48,DMSO,compound,,negcon,,15.791281,-11.641988
BR00117017,K17,A549,48,colchicine,compound,BRD-K00259736-001-16-4,,,8.63604,-7.9456286
BR00117017,K18,A549,48,afimoxifene,compound,BRD-K04210847-001-21-9,,,9.830799,-10.928926
BR00117017,K19,A549,48,DMSO,compound,,negcon,,15.848412,-11.494361
BR00117017,K20,A549,48,ZK-93423,compound,BRD-K33882852-003-02-8,poscon_diverse,['benzodiazepine receptor agonist'],11.044199,-10.243715
BR00117017,K21,A549,48,RGB-286638,compound,BRD-K20986415-001-02-6,,['CDK inhibitor'],7.8395343,-7.4286437
BR00117017,K22,A549,48,FPS-ZM1,compound,BRD-K87691185-001-01-2,,['RAGE receptor antagonist'],13.106672,-9.938018
BR00117017,K23,A549,48,flindokalner,compound,BRD-K56740996-001-02-1,,,13.143763,-9.892043
BR00117017,K24,A549,48,motesanib,compound,BRD-K99616396-316-05-3,,"['KIT inhibitor', 'VEGFR inhibitor', 'PDGFR tyrosine kinase receptor inhibitor']",11.051119,-10.25816
BR00117017,L01,A549,48,geldanamycin,compound,BRD-K43570081-001-02-4,,['HSP inhibitor'],10.424981,-7.724428
BR00117017,L02,A549,48,DMSO,compound,,negcon,,15.916891,-11.582709
BR00117017,L03,A549,48,CGP-53353,compound,BRD-K32292990-001-03-6,,"['PKC inhibitor', 'EGFR inhibitor']",11.33175,-11.409028
BR00117017,L04,A549,48,7-hydroxystaurosporine,compound,BRD-K45293975-001-02-0,,"['CDK inhibitor', 'PKC inhibitor', 'CHK inhibitor']",7.8276243,-9.569823
BR00117017,L05,A549,48,DMSO,compound,,negcon,,15.562396,-11.574538
BR00117017,L06,A549,48,DMSO,compound,,negcon,,15.753813,-11.757889
BR00117017,L07,A549,48,efaproxiral,compound,BRD-K37355418-236-01-6,,,13.585582,-10.814683
BR00117017,L08,A549,48,SB-203580,compound,BRD-A37704979-001-12-3,poscon_orf,['p38 MAPK inhibitor'],9.68145,-14.200389
BR00117017,L09,A549,48,FK-866,compound,BRD-K58550667-001-08-7,poscon_diverse,,10.014055,-7.2227325
BR00117017,L10,A549,48,bepridil,compound,BRD-A91008255-003-24-8,,['calcium channel blocker'],9.979892,-11.798843
BR00117017,L11,A549,48,delanzomib,compound,BRD-K59325863-001-04-4,,,7.3990765,-6.9620223
BR00117017,L12,A549,48,buparlisib,compound,BRD-K42191735-001-08-7,poscon_diverse,,8.493559,-8.585153
BR00117017,L13,A549,48,phenylbutazone,compound,BRD-K10843433-001-23-5,,"['cyclooxygenase inhibitor', 'prostanoid receptor antagonist']",13.569905,-11.00503
BR00117017,L14,A549,48,deferasirox,compound,BRD-K97010173-001-04-1,,,11.460512,-9.229697
BR00117017,L15,A549,48,DMSO,compound,,negcon,,15.88549,-11.56123
BR00117017,L16,A549,48,cediranib,compound,BRD-K86930074-001-05-0,,"['KIT inhibitor', 'VEGFR inhibitor']",8.570139,-10.121598
BR00117017,L17,A549,48,isoflurane,compound,BRD-A31564021-001-02-6,,,14.275695,-11.632653
BR00117017,L18,A549,48,DMSO,compound,,negcon,,15.784896,-11.583643
BR00117017,L19,A549,48,CCG-50014,compound,BRD-K08893438-001-06-4,,['G protein signaling inhibitor'],14.730228,-11.463522
BR00117017,L20,A549,48,PF-431396,compound,BRD-K93788137-001-04-1,,,10.7267,-8.361423
BR00117017,L21,A549,48,TG-02,compound,BRD-K14560436-001-01-4,,"['CDK inhibitor', 'FLT3 inhibitor', 'JAK inhibitor']",8.801074,-7.257761
BR00117017,L22,A549,48,baclofen,compound,BRD-K01826724-003-07-9,,['benzodiazepine receptor agonist'],13.803304,-9.992333
BR00117017,L23,A549,48,thiostrepton,compound,BRD-A20697603-001-07-2,,['protein synthesis inhibitor'],9.425028,-10.09719
BR00117017,L24,A549,48,flufenamic-acid,compound,BRD-K44067360-001-29-5,,,13.954439,-10.104494
BR00117017,M01,A549,48,DMSO,compound,,negcon,,15.669804,-11.604228
BR00117017,M02,A549,48,LY2109761,compound,BRD-K47557313-001-02-7,,,11.530395,-11.752955
BR00117017,M03,A549,48,olopatadine,compound,BRD-K67637637-003-11-8,,['histamine receptor antagonist'],14.588176,-12.071551
BR00117017,M04,A549,48,DMSO,compound,,negcon,,15.188131,-12.003611
BR00117017,M05,A549,48,castanospermine,compound,BRD-K20897876-001-11-8,,['glucosidase inhibitor'],14.953709,-11.992366
BR00117017,M06,A549,48,A205804,compound,BRD-K77627880-001-04-0,,['ICAM1 expression inhibitor'],11.511704,-11.190733
BR00117017,M07,A549,48,VU591,compound,BRD-K72063794-003-01-0,,['potassium channel blocker'],13.769365,-11.308418
BR00117017,M08,A549,48,dalbavancin,compound,BRD-K30177383-001-01-0,,['bacterial cell wall synthesis inhibitor'],13.653095,-11.308801
BR00117017,M09,A549,48,CC-401,compound,BRD-K45746021-003-01-9,,['JNK inhibitor'],10.759642,-12.10274
BR00117017,M10,A549,48,ganetespib,compound,BRD-K38852836-001-04-9,poscon_diverse,['HSP inhibitor'],10.41206,-7.710813
BR00117017,M11,A549,48,ingenol-mebutate,compound,BRD-K93779381-001-01-9,,,7.7597456,-8.082298
BR00117017,M12,A549,48,menadione,compound,BRD-K78126613-001-27-7,,,13.11106,-10.554244
BR00117017,M13,A549,48,cetilistat,compound,BRD-K94863486-001-02-2,,,14.868623,-11.491409
BR00117017,M14,A549,48,methoxsalen,compound,BRD-K63430059-001-16-4,,['DNA synthesis inhibitor'],10.116475,-12.632264
BR00117017,M15,A549,48,cyclosporine,compound,BRD-K13533483-001-16-2,,,8.978642,-7.804744
BR00117017,M16,A549,48,NSC-632839,compound,BRD-K81197548-003-01-4,poscon_cp,['ubiquitin specific protease inhibitor'],7.606496,-6.795418
BR00117017,M17,A549,48,DMSO,compound,,negcon,,15.811403,-11.228115
BR00117017,M18,A549,48,TG-003,compound,BRD-K97072811-001-11-4,poscon_cp,,10.320362,-12.137164
BR00117017,M19,A549,48,oxibendazole,compound,BRD-K52075715-001-06-7,,['tubulin polymerization inhibitor'],8.7785425,-8.013319
BR00117017,M20,A549,48,TG-101348,compound,BRD-K12502280-001-11-4,poscon_cp,"['JAK inhibitor', 'FLT3 inhibitor']",7.0685544,-6.965059
BR00117017,M21,A549,48,miglitol,compound,BRD-A63310107-001-04-8,,['glucosidase inhibitor'],13.686658,-10.681136
BR00117017,M22,A549,48,DMSO,compound,,negcon,,15.718652,-10.940304
BR00117017,M23,A549,48,DMSO,compound,,negcon,,15.920548,-10.8025055
BR00117017,M24,A549,48,tranilast,compound,BRD-K17849083-001-32-9,,,11.4003105,-10.191893
BR00117017,N01,A549,48,4-methylhistamine,compound,BRD-K70821460-300-02-4,,['histamine receptor agonist'],13.865212,-9.845486
BR00117017,N02,A549,48,LDN-27219,compound,BRD-K51485109-001-01-4,,,14.298438,-11.230202
BR00117017,N03,A549,48,anisomycin,compound,BRD-K91370081-001-25-1,,['DNA synthesis inhibitor'],8.094679,-7.096396
BR00117017,N04,A549,48,thioguanine,compound,BRD-K49350383-001-13-7,poscon_diverse,,9.218266,-9.466342
BR00117017,N05,A549,48,droxinostat,compound,BRD-K11558771-001-13-9,,['HDAC inhibitor'],10.160922,-10.900567
BR00117017,N06,A549,48,UNC2025,compound,BRD-K91283740-003-01-6,poscon_cp,['FLT3 inhibitor'],8.149768,-9.628557
BR00117017,N07,A549,48,DMSO,compound,,negcon,,15.589788,-11.606395
BR00117017,N08,A549,48,DMSO,compound,,negcon,,15.796468,-11.52764
BR00117017,N09,A549,48,AMG900,compound,BRD-K21728777-001-02-3,poscon_cp,['Aurora kinase inhibitor'],10.625021,-8.414808
BR00117017,N10,A549,48,PF-06463922,compound,BRD-A23124853-001-01-4,,['ALK tyrosine kinase receptor inhibitor'],9.907292,-10.579483
BR00117017,N11,A549,48,orantinib,compound,BRD-K55966568-001-09-6,poscon_cp,"['FGFR inhibitor', 'PDGFR tyrosine kinase receptor inhibitor', 'VEGFR inhibitor']",13.261273,-11.023084
BR00117017,N12,A549,48,fludarabine-phosphate,compound,BRD-K71106091-001-09-5,,['ribonucleotide reductase inhibitor'],10.090058,-8.197132
BR00117017,N13,A549,48,ceritinib,compound,BRD-K22149900-001-06-2,,['ALK tyrosine kinase receptor inhibitor'],9.127411,-10.456914
BR00117017,N14,A549,48,NVS-PAK1-1,compound,BRD-K28132190-001-02-0,poscon_cp,['p21 activated kinase inhibitor'],10.564139,-10.423493
BR00117017,N15,A549,48,homoharringtonine,compound,BRD-K76674262-001-03-3,,['protein synthesis inhibitor'],8.072605,-7.0396605
BR00117017,N16,A549,48,picrotoxinin,compound,BRD-K36461289-001-05-8,,['GABA receptor antagonist'],13.686436,-11.120939
BR00117017,N17,A549,48,DMSO,compound,,negcon,,15.810301,-11.388065
BR00117017,N18,A549,48,danusertib,compound,BRD-K07881437-001-03-8,poscon_diverse,"['growth factor receptor inhibitor', 'Aurora kinase inhibitor']",9.892862,-8.422089
BR00117017,N19,A549,48,romidepsin,compound,BRD-K61397605-001-01-8,poscon_cp,['HDAC inhibitor'],7.135392,-6.750113
BR00117017,N20,A549,48,FERb-033,compound,BRD-K61642990-001-01-0,poscon_cp,['EGFR inhibitor'],13.473526,-10.488673
BR00117017,N21,A549,48,PF-03758309,compound,BRD-K37764012-001-03-3,poscon_diverse,['p21 activated kinase inhibitor'],9.008455,-7.200203
BR00117017,N22,A549,48,DMSO,compound,,negcon,,15.994077,-11.093191
BR00117017,N23,A549,48,trometamol,compound,BRD-K47978074-001-03-2,,,13.192706,-10.54279
BR00117017,N24,A549,48,simvastatin,compound,BRD-K22134346-001-22-3,,['HMGCR inhibitor'],10.235482,-10.4439945
BR00117017,O01,A549,48,zaprinast,compound,BRD-K16542329-001-16-8,,['phosphodiesterase inhibitor'],13.979194,-9.846637
BR00117017,O02,A549,48,dexamethasone,compound,BRD-A10188456-001-04-9,,['glucocorticoid receptor agonist'],9.563659,-13.108734
BR00117017,O03,A549,48,salicylic-acid,compound,BRD-K93632104-001-17-2,,['cyclooxygenase inhibitor'],14.730348,-11.906225
BR00117017,O04,A549,48,diltiazem,compound,BRD-A69636825-003-04-7,,['calcium channel blocker'],9.951482,-11.72019
BR00117017,O05,A549,48,phenolphthalein,compound,BRD-K19227686-001-18-6,,,14.486315,-11.968092
BR00117017,O06,A549,48,niflumic-acid,compound,BRD-K98763141-001-30-8,,['cyclooxygenase inhibitor'],14.280167,-11.529912
BR00117017,O07,A549,48,DMSO,compound,,negcon,,15.355544,-11.582823
BR00117017,O08,A549,48,L-Cystine,compound,BRD-A15397381-001-02-5,,,14.790628,-11.653314
BR00117017,O09,A549,48,ozanimod,compound,BRD-K46625559-001-01-8,,['sphingosine 1 phosphate receptor agonist'],10.017045,-12.659641
BR00117017,O10,A549,48,efaroxan,compound,BRD-A10739734-003-09-8,,['adrenergic receptor antagonist'],14.880333,-11.430984
BR00117017,O11,A549,48,NBQX,compound,BRD-K11796549-001-05-2,,['glutamate receptor antagonist'],13.477468,-11.044705
BR00117017,O12,A549,48,dinoprostone,compound,BRD-K26521938-001-07-2,,['prostanoid receptor agonist'],13.306848,-11.473008
BR00117017,O13,A549,48,Ro-20-1724,compound,BRD-A07207424-001-14-0,,['phosphodiesterase inhibitor'],13.051972,-10.747302
BR00117017,O14,A549,48,xanomeline,compound,BRD-K72815923-034-02-0,,['acetylcholine receptor agonist'],13.931492,-11.30169
BR00117017,O15,A549,48,terazosin,compound,BRD-K01825589-310-02-9,,['adrenergic receptor antagonist'],13.579668,-10.652621
BR00117017,O16,A549,48,BVT-948,compound,BRD-K68567222-001-01-2,,,13.365779,-10.773074
BR00117017,O17,A549,48,nicotine,compound,BRD-K01825660-322-01-9,,['acetylcholine receptor agonist'],13.609999,-10.428046
BR00117017,O18,A549,48,DMSO,compound,,negcon,,15.333301,-10.784106
BR00117017,O19,A549,48,U-0521,compound,BRD-K08953028-001-09-6,,,13.600655,-10.251831
BR00117017,O20,A549,48,BMS-587101,compound,BRD-K20093108-001-02-3,,,13.861867,-10.58951
BR00117017,O21,A549,48,nimodipine,compound,BRD-A58048407-001-20-4,,['calcium channel blocker'],11.845852,-10.796638
BR00117017,O22,A549,48,pyrrolidine-dithiocarbamate,compound,BRD-K80970344-201-08-6,,,7.360974,-6.9405274
BR00117017,O23,A549,48,PF-915275,compound,BRD-K18289362-001-02-2,,,13.185962,-10.65311
BR00117017,O24,A549,48,JTE-013,compound,BRD-K43330982-001-02-3,,,13.516748,-9.739044
BR00117017,P01,A549,48,sodium-butyrate,compound,BRD-K05878375-236-05-7,,['HDAC inhibitor'],12.986192,-9.510211
BR00117017,P02,A549,48,pentostatin,compound,BRD-K91543828-001-02-0,,['ribonucleotide reductase inhibitor'],13.964149,-9.586919
BR00117017,P03,A549,48,OMDM-2,compound,BRD-K48830578-001-01-9,,,12.276172,-10.210186
BR00117017,P04,A549,48,nalmefene,compound,BRD-A72767275-003-01-6,,,13.870892,-9.607695
BR00117017,P05,A549,48,DMSO,compound,,negcon,,14.250564,-9.633363
BR00117017,P06,A549,48,1-EBIO,compound,BRD-K70586315-001-02-4,,,14.039956,-9.630461
BR00117017,P07,A549,48,SB-505124,compound,BRD-K40109029-001-02-9,,['ALK tyrosine kinase receptor inhibitor'],10.254474,-9.819857
BR00117017,P08,A549,48,prasugrel,compound,BRD-A83029242-001-06-1,,['purinergic receptor antagonist'],13.92364,-9.575067
BR00117017,P09,A549,48,pidolic-acid,compound,BRD-K57313110-001-06-8,,,13.639004,-9.79485
BR00117017,P10,A549,48,DMSO,compound,,negcon,,14.896104,-9.913894
BR00117017,P11,A549,48,nevirapine,compound,BRD-K15502390-001-20-9,,,13.810718,-9.540341
BR00117017,P12,A549,48,triamterene,compound,BRD-K92049597-001-20-8,,['sodium channel blocker'],12.417239,-9.753489
BR00117017,P13,A549,48,regorafenib,compound,BRD-K16730910-001-07-3,,"['PDGFR tyrosine kinase receptor inhibitor', 'RAF inhibitor', 'KIT inhibitor', 'RET tyrosine kinase inhibitor', 'FGFR inhibitor', 'VEGFR inhibitor']",10.374367,-11.578167
BR00117017,P14,A549,48,cyclophosphamide,compound,BRD-A09722536-002-18-0,,,13.818624,-9.874027
BR00117017,P15,A549,48,olanzapine,compound,BRD-K18895904-001-16-1,,"['dopamine receptor antagonist', 'serotonin receptor antagonist']",10.014562,-11.06085
BR00117017,P16,A549,48,KI-16425,compound,BRD-A25569250-001-03-3,,['lysophosphatidic acid receptor antagonist'],10.19153,-9.339518
BR00117017,P17,A549,48,SKLB1002,compound,BRD-K29895144-001-01-0,,['VEGFR inhibitor'],12.531105,-9.43202
BR00117017,P18,A549,48,cilostazol,compound,BRD-K67017579-001-28-1,,['phosphodiesterase inhibitor'],12.958622,-9.848723
BR00117017,P19,A549,48,AZD1283,compound,BRD-K77060810-001-01-5,,['purinergic receptor antagonist'],13.716834,-9.843844
BR00117017,P20,A549,48,A-987306,compound,BRD-K68982262-001-01-4,,['histamine receptor antagonist'],9.664821,-10.411463
BR00117017,P21,A549,48,procaine,compound,BRD-K24616672-003-20-1,,['HMGCR inhibitor'],13.423125,-9.773638
BR00117017,P22,A549,48,miconazole,compound,BRD-A82396632-008-30-8,,['bacterial cell wall synthesis inhibitor'],12.873614,-9.8667755
BR00117017,P23,A549,48,loperamide,compound,BRD-K61250553-003-30-6,,,9.617582,-10.461865
BR00117017,P24,A549,48,aripiprazole,compound,BRD-K70358946-001-17-3,,['serotonin receptor antagonist'],9.800262,-10.233004
BR00117019,A01,A549,48,gabapentin-enacarbil,compound,BRD-A86665761-001-01-1,,,13.298962,-9.565214
BR00117019,A02,A549,48,DMSO,compound,,negcon,,14.726814,-9.812521
BR00117019,A03,A549,48,amlodipine,compound,BRD-A22032524-074-09-9,,['calcium channel blocker'],9.834844,-10.575878
BR00117019,A04,A549,48,hexestrol,compound,BRD-A01078468-001-14-8,,,13.090115,-10.4197855
BR00117019,A05,A549,48,quinine,compound,BRD-K48278478-001-01-2,,,9.920144,-10.44126
BR00117019,A06,A549,48,LOXO-101,compound,BRD-K36574127-001-01-3,,,14.418328,-9.716541
BR00117019,A07,A549,48,brinzolamide,compound,BRD-K74913225-001-14-0,,['carbonic anhydrase inhibitor'],14.243964,-9.610333
BR00117019,A08,A549,48,NS-11021,compound,BRD-K94342292-001-01-3,,['calcium-activated potassium channel activator'],11.880216,-10.070812
BR00117019,A09,A549,48,DMSO,compound,,negcon,,15.205244,-10.280698
BR00117019,A10,A549,48,GNF-5837,compound,BRD-K19975102-001-01-2,,['growth factor receptor inhibitor'],11.250355,-10.321793
BR00117019,A11,A549,48,apatinib,compound,BRD-K25244359-066-02-6,,['RET tyrosine kinase inhibitor'],11.040684,-10.251068
BR00117019,A12,A549,48,ethoxzolamide,compound,BRD-K18131774-001-18-4,,['carbonic anhydrase inhibitor'],12.957301,-9.734534
BR00117019,A13,A549,48,ascorbic-acid,compound,BRD-A85242401-001-11-5,,,13.197301,-10.01373
BR00117019,A14,A549,48,ryuvidine,compound,BRD-K06426971-001-02-7,,['histone lysine methyltransferase inhibitor'],7.700232,-7.1981316
BR00117019,A15,A549,48,BAN-ORL-24,compound,BRD-K47049295-300-03-1,,,8.850688,-9.746904
BR00117019,A16,A549,48,NNC-55-0396,compound,BRD-K78122587-300-04-3,,,8.600201,-10.161723
BR00117019,A17,A549,48,DMSO,compound,,negcon,,15.184818,-10.040143
BR00117019,A18,A549,48,WH-4-023,compound,BRD-K50199947-001-03-4,,['src inhibitor'],8.774875,-9.996257
BR00117019,A19,A549,48,flupirtine,compound,BRD-K50720187-051-03-1,,['glutamate receptor antagonist'],11.6332855,-10.300319
BR00117019,A20,A549,48,ZK811752,compound,BRD-K91825936-001-03-9,,,11.173912,-10.226257
BR00117019,A21,A549,48,dexamethasone,compound,BRD-K38775274-001-22-1,,['glucocorticoid receptor agonist'],9.570466,-13.090542
BR00117019,A22,A549,48,PP-1,compound,BRD-K47598052-001-14-1,,['src inhibitor'],9.659128,-8.7432995
BR00117019,A23,A549,48,DDR1-IN-1,compound,BRD-K61845293-300-01-9,,,9.711458,-10.432692
BR00117019,A24,A549,48,AVL-292,compound,BRD-K87782578-001-01-4,,"[""Bruton's tyrosine kinase (BTK) inhibitor""]",9.461367,-8.432891
BR00117019,B01,A549,48,H2L-5765834,compound,BRD-K26439554-001-01-3,,['lysophosphatidic acid receptor antagonist'],13.673475,-10.155647
BR00117019,B02,A549,48,thiostrepton,compound,BRD-K58049875-001-03-9,,['protein synthesis inhibitor'],8.511454,-10.239088
BR00117019,B03,A549,48,DMSO,compound,,negcon,,15.3425665,-10.600941
BR00117019,B04,A549,48,arcyriaflavin-a,compound,BRD-K72726508-001-02-1,,['CDK inhibitor'],10.679368,-9.894384
BR00117019,B05,A549,48,CYM-5520,compound,BRD-K29151923-001-01-5,,['sphingosine 1 phosphate receptor agonist'],12.898871,-11.104455
BR00117019,B06,A549,48,fludarabine,compound,BRD-K66788707-001-14-3,,['ribonucleotide reductase inhibitor'],11.503716,-8.826509
BR00117019,B07,A549,48,alda-1,compound,BRD-K06890060-001-09-1,,,13.5021925,-10.809089
BR00117019,B08,A549,48,meclofenamic-acid,compound,BRD-K50398167-236-22-7,,"['cyclooxygenase inhibitor', 'prostanoid receptor antagonist']",13.903723,-10.393193
BR00117019,B09,A549,48,GNF-5,compound,BRD-K87632963-001-03-0,,['Bcr-Abl kinase inhibitor'],13.568297,-10.881109
BR00117019,B10,A549,48,NS-309,compound,BRD-K37602296-001-01-6,,['calcium-activated potassium channel activator'],13.333097,-11.096575
BR00117019,B11,A549,48,AK-7,compound,BRD-K09143580-001-01-0,,['SIRT inhibitor'],12.00488,-10.488845
BR00117019,B12,A549,48,BVT-948,compound,BRD-A22713669-001-04-3,,,12.587226,-10.823627
BR00117019,B13,A549,48,SirReal-2,compound,BRD-K16472653-001-01-6,,['SIRT inhibitor'],11.698608,-10.738876
BR00117019,B14,A549,48,DMSO,compound,,negcon,,15.501497,-10.319414
BR00117019,B15,A549,48,BMS-536924,compound,BRD-K34581968-001-05-3,,['IGF-1 inhibitor'],9.15431,-8.644266
BR00117019,B16,A549,48,PP-121,compound,BRD-K81801188-001-02-8,,['protein tyrosine kinase inhibitor'],7.379865,-7.5188384
BR00117019,B17,A549,48,MCOPPB,compound,BRD-K73276278-305-01-1,,,8.5095215,-10.529076
BR00117019,B18,A549,48,ozagrel,compound,BRD-K53061490-003-13-9,,,14.202104,-10.846388
BR00117019,B19,A549,48,CYM-5442,compound,BRD-A43005764-003-01-5,,['sphingosine 1 phosphate receptor agonist'],8.786039,-10.552335
BR00117019,B20,A549,48,CVT-10216,compound,BRD-K60659193-001-01-0,,,15.2865505,-10.57889
BR00117019,B21,A549,48,TCN201,compound,BRD-K09787262-001-02-7,,['glutamate receptor antagonist'],13.578,-10.900188
BR00117019,B22,A549,48,fomepizole,compound,BRD-K56810756-003-07-7,,['alcohol dehydrogenase inhibitor'],14.031281,-10.199492
BR00117019,B23,A549,48,benzamil,compound,BRD-K87158025-003-08-7,,['sodium channel blocker'],10.10951,-10.64268
BR00117019,B24,A549,48,lercanidipine,compound,BRD-A18992208-003-02-7,,['calcium channel blocker'],9.589086,-10.279686
BR00117019,C01,A549,48,4-CMTB,compound,BRD-A54139254-001-09-2,,['free fatty acid receptor agonist'],13.3564005,-10.382987
BR00117019,C02,A549,48,ML-228,compound,BRD-K44432556-001-05-5,,,14.106921,-11.505926
BR00117019,C03,A549,48,DMSO,compound,,negcon,,15.184555,-11.613872
BR00117019,C04,A549,48,GSK1070916,compound,BRD-K36740062-001-06-6,,['Aurora kinase inhibitor'],8.391041,-9.597275
BR00117019,C05,A549,48,ML-193,compound,BRD-K27539181-001-08-5,,,13.3484,-11.394083
BR00117019,C06,A549,48,DMSO,compound,,negcon,,15.253053,-11.704414
BR00117019,C07,A549,48,M-25,compound,BRD-K51265828-001-01-0,,['smoothened receptor antagonist'],11.360706,-11.226761
BR00117019,C08,A549,48,azeliragon,compound,BRD-K51899933-001-02-6,,['RAGE receptor antagonist'],7.294763,-7.574648
BR00117019,C09,A549,48,CYT-997,compound,BRD-K23363278-001-02-1,poscon_diverse,['tubulin polymerization inhibitor'],8.585457,-7.9374733
BR00117019,C10,A549,48,AR-12,compound,BRD-K90497590-001-05-9,,,7.1329293,-7.0347576
BR00117019,C11,A549,48,CYM-50260,compound,BRD-K69877120-001-01-7,,['sphingosine 1 phosphate receptor agonist'],10.170999,-12.644746
BR00117019,C12,A549,48,DMSO,compound,,negcon,,15.611832,-11.216774
BR00117019,C13,A549,48,KG-5,compound,BRD-K90747162-001-01-4,poscon_cp,['RAF inhibitor'],8.763438,-8.006259
BR00117019,C14,A549,48,JTE-607,compound,BRD-K81405859-300-01-4,,,11.261962,-9.316747
BR00117019,C15,A549,48,DMSO,compound,,negcon,,15.971999,-11.319341
BR00117019,C16,A549,48,ilomastat,compound,BRD-K51662849-001-05-4,,['matrix metalloprotease inhibitor'],13.069522,-11.285257
BR00117019,C17,A549,48,RX-821002,compound,BRD-A65597028-003-08-1,,['adrenergic receptor antagonist'],14.242842,-11.073857
BR00117019,C18,A549,48,DMSO,compound,,negcon,,15.838691,-10.786044
BR00117019,C19,A549,48,TUG-891,compound,BRD-K24282351-001-01-4,,['free fatty acid receptor agonist'],13.352654,-11.033041
BR00117019,C20,A549,48,ponatinib,compound,BRD-K44227013-001-08-0,,"['PDGFR tyrosine kinase receptor inhibitor', 'FLT3 inhibitor', 'Bcr-Abl kinase inhibitor']",7.1277328,-6.9321156
BR00117019,C21,A549,48,DMSO,compound,,negcon,,16.003672,-10.894374
BR00117019,C22,A549,48,puromycin,compound,BRD-K01824976-300-02-9,,['protein synthesis inhibitor'],7.233817,-6.946709
BR00117019,C23,A549,48,SRC-kinase-inhibitor-I,compound,BRD-K50495309-001-02-0,,['src inhibitor'],9.283142,-10.297005
BR00117019,C24,A549,48,acetylcysteine,compound,BRD-K59058747-001-19-1,,,14.331231,-9.787335
BR00117019,D01,A549,48,NSC-625987,compound,BRD-K62949423-001-03-1,,['CDK inhibitor'],13.765155,-10.036102
BR00117019,D02,A549,48,dalfampridine,compound,BRD-K22482860-001-20-6,,['potassium channel blocker'],14.638164,-11.631569
BR00117019,D03,A549,48,NSC-95397,compound,BRD-K68143200-001-11-7,,['CDC inhibitor'],8.815581,-7.9107747
BR00117019,D04,A549,48,alrestatin,compound,BRD-K35498378-001-06-1,,['aldose reductase inhibitor'],14.62824,-10.552438
BR00117019,D05,A549,48,PF-03758309,compound,BRD-K37764012-001-03-3,poscon_diverse,['p21 activated kinase inhibitor'],14.137128,-10.50454
BR00117019,D06,A549,48,IRL-2500,compound,BRD-K98357249-001-02-9,,['endothelin receptor antagonist'],14.357487,-10.804218
BR00117019,D07,A549,48,PF-04217903,compound,BRD-K73319509-001-08-0,poscon_cp,,13.654189,-11.001541
BR00117019,D08,A549,48,FK-866,compound,BRD-K58550667-001-08-7,poscon_diverse,,9.934847,-7.2644796
BR00117019,D09,A549,48,amlexanox,compound,BRD-K29530284-001-06-2,,,15.005014,-10.5736065
BR00117019,D10,A549,48,GW-311616,compound,BRD-K37864785-001-01-0,,['elastase inhibitor'],13.155986,-11.290461
BR00117019,D11,A549,48,buparlisib,compound,BRD-K42191735-001-08-7,poscon_diverse,,8.551655,-8.509892
BR00117019,D12,A549,48,amiloride,compound,BRD-K97181089-003-24-7,,['sodium channel blocker'],12.073848,-11.057565
BR00117019,D13,A549,48,DG-172,compound,BRD-K75748943-300-01-3,,,9.285615,-10.853292
BR00117019,D14,A549,48,DMSO,compound,,negcon,,15.539504,-11.107605
BR00117019,D15,A549,48,DMSO,compound,,negcon,,15.744727,-11.098576
BR00117019,D16,A549,48,NVP-ADW742,compound,BRD-K15179513-001-04-2,poscon_cp,,8.347681,-9.928723
BR00117019,D17,A549,48,misoprostol,compound,BRD-A72351335-001-04-5,,['prostanoid receptor agonist'],12.706686,-10.952377
BR00117019,D18,A549,48,conivaptan,compound,BRD-K37385792-003-02-1,,,10.056141,-10.746698
BR00117019,D19,A549,48,spiroxatrine,compound,BRD-A72483914-001-03-7,,['serotonin receptor antagonist'],10.825352,-10.718439
BR00117019,D20,A549,48,diacerein,compound,BRD-K69122748-001-10-1,,,14.261779,-11.193644
BR00117019,D21,A549,48,DMSO,compound,,negcon,,15.987763,-10.707411
BR00117019,D22,A549,48,DMSO,compound,,negcon,,15.701926,-10.385643
BR00117019,D23,A549,48,glyburide,compound,BRD-K36927236-001-36-7,,['ATP channel blocker'],13.648739,-11.232246
BR00117019,D24,A549,48,ANR-94,compound,BRD-K31170746-001-01-6,,,14.377955,-9.862022
BR00117019,E01,A549,48,TFC-007,compound,BRD-K57708067-001-01-3,,,13.201287,-10.37876
BR00117019,E02,A549,48,trihexyphenidyl,compound,BRD-A48180038-003-24-3,,['acetylcholine receptor antagonist'],10.375268,-10.691491
BR00117019,E03,A549,48,epoprostenol,compound,BRD-K64054020-001-02-7,,,15.020828,-12.081848
BR00117019,E04,A549,48,sacubitril,compound,BRD-K91456750-001-01-9,,,14.914273,-11.983665
BR00117019,E05,A549,48,danusertib,compound,BRD-K07881437-001-03-8,poscon_diverse,"['growth factor receptor inhibitor', 'Aurora kinase inhibitor']",9.893904,-8.429291
BR00117019,E06,A549,48,CYT-997,compound,BRD-K23363278-001-02-1,poscon_diverse,['tubulin polymerization inhibitor'],8.657133,-7.964606
BR00117019,E07,A549,48,DMSO,compound,,negcon,,15.517043,-11.523454
BR00117019,E08,A549,48,BQ-788,compound,BRD-K02490038-236-03-8,,['endothelin receptor antagonist'],14.168203,-11.81608
BR00117019,E09,A549,48,SB-202190,compound,BRD-K54330070-001-19-6,poscon_orf,['p38 MAPK inhibitor'],9.768451,-14.098108
BR00117019,E10,A549,48,GSK2110183,compound,BRD-K25412176-001-01-9,poscon_diverse,,9.007522,-10.504191
BR00117019,E11,A549,48,GSK3787,compound,BRD-K03155172-001-03-0,,['PPAR receptor antagonist'],13.033694,-11.23477
BR00117019,E12,A549,48,BAM7,compound,BRD-K07442505-001-03-6,,,11.779221,-10.700456
BR00117019,E13,A549,48,PHA-793887,compound,BRD-K64800655-001-09-0,poscon_diverse,['CDK inhibitor'],9.17338,-7.100701
BR00117019,E14,A549,48,DMSO,compound,,negcon,,15.623524,-11.409091
BR00117019,E15,A549,48,GSK-37647,compound,BRD-K26514105-001-01-7,,['free fatty acid receptor agonist'],12.894512,-11.29941
BR00117019,E16,A549,48,desonide,compound,BRD-K21528677-001-04-4,,['glucocorticoid receptor agonist'],9.594903,-13.087121
BR00117019,E17,A549,48,DMSO,compound,,negcon,,15.962354,-11.013783
BR00117019,E18,A549,48,aloxistatin,compound,BRD-K91188791-001-17-5,,,8.686204,-10.510112
BR00117019,E19,A549,48,azathioprine,compound,BRD-K32821942-001-22-1,,,12.477203,-10.945078
BR00117019,E20,A549,48,ZK-93423,compound,BRD-K33882852-003-02-8,poscon_diverse,['benzodiazepine receptor agonist'],10.978341,-10.343667
BR00117019,E21,A549,48,BI-2536,compound,BRD-K64890080-001-02-1,poscon_diverse,,8.254932,-8.284347
BR00117019,E22,A549,48,EI1,compound,BRD-K91535048-001-01-2,poscon_cp,['histone lysine methyltransferase inhibitor'],10.459365,-11.256597
BR00117019,E23,A549,48,NVP-HSP990,compound,BRD-K67915505-001-01-2,,['HSP inhibitor'],10.437349,-7.6686163
BR00117019,E24,A549,48,DMSO,compound,,negcon,,14.5883,-9.827403
BR00117019,F01,A549,48,DMSO,compound,,negcon,,15.52183,-10.571071
BR00117019,F02,A549,48,nialamide,compound,BRD-K12102668-001-25-5,,,13.808977,-11.511268
BR00117019,F03,A549,48,DMSO,compound,,negcon,,15.1748085,-11.150547
BR00117019,F04,A549,48,arundic-acid,compound,BRD-K49223707-001-01-0,,,13.934472,-11.240865
BR00117019,F05,A549,48,torcitabine,compound,BRD-K91822704-003-07-2,,,14.146468,-10.957615
BR00117019,F06,A549,48,DMSO,compound,,negcon,,15.639973,-11.115168
BR00117019,F07,A549,48,epothilone-b,compound,BRD-K68164687-001-01-6,,"['microtubule stabilizing agent', 'tubulin polymerization inhibitor']",9.045298,-8.21353
BR00117019,F08,A549,48,dyphylline,compound,BRD-A00827783-001-24-6,,['phosphodiesterase inhibitor'],14.329982,-11.267541
BR00117019,F09,A549,48,DMSO,compound,,negcon,,15.734021,-11.273731
BR00117019,F10,A549,48,quinidine,compound,BRD-K59632282-052-03-1,,['sodium channel blocker'],9.419027,-10.901754
BR00117019,F11,A549,48,halopemide,compound,BRD-K50055394-001-03-6,,,10.22282,-10.308062
BR00117019,F12,A549,48,sulfinpyrazone,compound,BRD-A36217750-001-16-3,,,14.917334,-11.212005
BR00117019,F13,A549,48,ML-323,compound,BRD-K93942811-001-01-3,poscon_cp,['ubiquitin specific protease inhibitor'],12.126541,-10.474638
BR00117019,F14,A549,48,racecadotril,compound,BRD-A08187463-001-12-9,,,13.277685,-10.647765
BR00117019,F15,A549,48,BRL-50481,compound,BRD-K84266862-001-03-2,,['phosphodiesterase inhibitor'],14.486855,-10.75268
BR00117019,F16,A549,48,GSK2110183,compound,BRD-K25412176-001-01-9,poscon_diverse,,8.908964,-10.495161
BR00117019,F17,A549,48,bufexamac,compound,BRD-K36660044-001-24-2,,['cyclooxygenase inhibitor'],9.919207,-10.750661
BR00117019,F18,A549,48,anandamide,compound,BRD-K42352790-001-05-3,,,13.713279,-11.82207
BR00117019,F19,A549,48,thioguanine,compound,BRD-K49350383-001-13-7,poscon_diverse,,9.165828,-9.475509
BR00117019,F20,A549,48,IWP-L6,compound,BRD-K53234107-001-01-6,,['porcupine inhibitor'],11.408216,-10.566324
BR00117019,F21,A549,48,edoxaban,compound,BRD-K29322660-001-01-9,,['coagulation factor inhibitor'],13.7937355,-10.550878
BR00117019,F22,A549,48,lonafarnib,compound,BRD-K41599323-001-02-3,poscon_diverse,,9.353256,-10.840038
BR00117019,F23,A549,48,ibutamoren,compound,BRD-K44771174-066-01-0,,,9.571922,-10.625585
BR00117019,F24,A549,48,somatostatin,compound,BRD-K14681867-001-01-6,,['somatostatin receptor agonist'],14.142625,-9.753106
BR00117019,G01,A549,48,L-proline,compound,BRD-K01666412-001-02-0,,,13.199419,-10.303686
BR00117019,G02,A549,48,zamifenacin,compound,BRD-K80451230-051-02-6,,['acetylcholine receptor antagonist'],13.717143,-11.586926
BR00117019,G03,A549,48,YC-1,compound,BRD-K60476892-001-16-1,,,14.221852,-11.975196
BR00117019,G04,A549,48,DMSO,compound,,negcon,,15.378875,-11.849633
BR00117019,G05,A549,48,ME-0328,compound,BRD-K24283677-001-01-9,,['PPAR receptor antagonist'],12.99002,-11.5412655
BR00117019,G06,A549,48,NSC-663284,compound,BRD-K03109492-001-02-2,,['CDC inhibitor'],11.489446,-9.0799265
BR00117019,G07,A549,48,CYM-50358,compound,BRD-K80666802-003-01-0,,,8.844939,-10.596894
BR00117019,G08,A549,48,trazodone,compound,BRD-K70778732-003-27-5,,"['adrenergic receptor antagonist', 'serotonin receptor antagonist']",10.406031,-12.3259115
BR00117019,G09,A549,48,DMSO,compound,,negcon,,15.776099,-11.632548
BR00117019,G10,A549,48,DMSO,compound,,negcon,,15.657784,-11.792273
BR00117019,G11,A549,48,sulfasalazine,compound,BRD-K10670311-001-17-1,,['cyclooxygenase inhibitor'],13.020154,-11.379078
BR00117019,G12,A549,48,"2,5-furandimethanol",compound,BRD-K29791386-001-01-8,,,15.802715,-11.303657
BR00117019,G13,A549,48,DMSO,compound,,negcon,,15.989052,-11.4421835
BR00117019,G14,A549,48,dilazep,compound,BRD-K48722258-300-11-0,,,14.822773,-11.904322
BR00117019,G15,A549,48,felodipine,compound,BRD-A30815329-001-12-1,,['calcium channel blocker'],11.96011,-11.33498
BR00117019,G16,A549,48,paliperidone,compound,BRD-A99888680-001-05-3,,"['dopamine receptor antagonist', 'serotonin receptor antagonist']",12.746055,-10.627034
BR00117019,G17,A549,48,purvalanol-a,compound,BRD-K50836978-001-03-3,poscon_orf,['CDK inhibitor'],10.675694,-9.072826
BR00117019,G18,A549,48,DMSO,compound,,negcon,,15.800646,-11.106435
BR00117019,G19,A549,48,Ro-1138452,compound,BRD-K77220725-003-01-5,,['prostanoid receptor antagonist'],9.271677,-10.538816
BR00117019,G20,A549,48,sorbinil,compound,BRD-A89164055-001-03-3,,['aldose reductase inhibitor'],14.07835,-11.1244335
BR00117019,G21,A549,48,TC-S-7004,compound,BRD-K89517477-001-01-4,poscon_cp,['DYRK inhibitor'],10.369649,-12.171441
BR00117019,G22,A549,48,saclofen,compound,BRD-A24122750-001-03-7,,['GABA receptor antagonist'],14.766064,-10.736372
BR00117019,G23,A549,48,BAY-87-2243,compound,BRD-K70463136-001-01-5,,,10.763563,-10.332644
BR00117019,G24,A549,48,ibudilast,compound,BRD-K16444452-001-09-1,,['phosphodiesterase inhibitor'],13.685124,-9.733581
BR00117019,H01,A549,48,briciclib,compound,BRD-K05531427-001-01-7,,,8.559226,-7.7561336
BR00117019,H02,A549,48,2-Oleoylglycerol,compound,BRD-K77087341-001-02-4,,,13.933597,-11.790971
BR00117019,H03,A549,48,RGFP966,compound,BRD-K61688984-001-02-9,poscon_cp,['HDAC inhibitor'],10.459382,-11.0815735
BR00117019,H04,A549,48,DMSO,compound,,negcon,,15.362006,-11.325648
BR00117019,H05,A549,48,azacitidine,compound,BRD-K03406345-001-21-1,poscon_diverse,,11.02831,-9.115465
BR00117019,H06,A549,48,N6-cyclopentyladenosine,compound,BRD-K60150510-001-15-6,,,13.425301,-11.665541
BR00117019,H07,A549,48,filgotinib,compound,BRD-K16803204-001-01-6,poscon_cp,['JAK inhibitor'],11.6277,-11.852999
BR00117019,H08,A549,48,guanidine,compound,BRD-K76037122-001-02-5,,['HSP inhibitor'],14.724329,-11.158092
BR00117019,H09,A549,48,coumarin,compound,BRD-K23913458-001-20-7,,,15.025767,-11.072973
BR00117019,H10,A549,48,DMSO,compound,,negcon,,15.48212,-11.693205
BR00117019,H11,A549,48,ZM-336372,compound,BRD-K73789395-001-09-9,poscon_orf,['RAF inhibitor'],11.506441,-10.326248
BR00117019,H12,A549,48,citric-acid,compound,BRD-K76792669-001-08-1,,['coagulation factor inhibitor'],14.481065,-11.26307
BR00117019,H13,A549,48,DMSO,compound,,negcon,,15.394143,-11.510114
BR00117019,H14,A549,48,CCG-63802,compound,BRD-K26970495-001-02-7,,['G protein signaling inhibitor'],13.528709,-10.739363
BR00117019,H15,A549,48,ibutilide,compound,BRD-A74391928-051-03-9,,['potassium channel blocker'],10.458993,-10.926532
BR00117019,H16,A549,48,batimastat,compound,BRD-K82818427-001-04-8,,['matrix metalloprotease inhibitor'],10.093159,-11.208467
BR00117019,H17,A549,48,DMSO,compound,,negcon,,15.956137,-11.215781
BR00117019,H19,A549,48,UNC1999,compound,BRD-K26989966-001-04-3,poscon_cp,['histone lysine methyltransferase inhibitor'],7.1256313,-6.9695606
BR00117019,H20,A549,48,glutamine-(l),compound,BRD-K83896451-001-06-7,,,13.157815,-10.755626
BR00117019,H21,A549,48,PD-98059,compound,BRD-K62810658-001-11-4,poscon_orf,,10.179552,-12.419109
BR00117019,H22,A549,48,enilconazole,compound,BRD-K01825690-065-01-9,,,12.920869,-10.429966
BR00117019,H23,A549,48,N-alpha-Methylhistamine-dihydrochloride,compound,BRD-K75390981-300-04-9,,['histamine receptor agonist'],13.822355,-10.304138
BR00117019,H24,A549,48,GK921,compound,BRD-K38272302-001-02-7,,,7.4319086,-6.7913575
BR00117019,I01,A549,48,nilvadipine,compound,BRD-A84687895-001-03-2,,['calcium channel blocker'],12.622665,-10.47121
BR00117019,I02,A549,48,DMSO,compound,,negcon,,15.54924,-11.297828
BR00117019,I03,A549,48,AC-710,compound,BRD-K15819326-001-01-6,,['PDGFR tyrosine kinase receptor inhibitor'],8.532889,-10.263029
BR00117019,I04,A549,48,PETCM,compound,BRD-A93477898-001-04-2,,,14.989728,-11.879487
BR00117019,I05,A549,48,AZD7762,compound,BRD-K86525559-001-07-8,poscon_diverse,['CHK inhibitor'],7.0816145,-7.2856603
BR00117019,I06,A549,48,PHA-793887,compound,BRD-K64800655-001-09-0,poscon_diverse,['CDK inhibitor'],9.194835,-7.1322017
BR00117019,I07,A549,48,KU-60019,compound,BRD-K36016295-001-05-2,,['ATM kinase inhibitor'],8.23174,-9.4016695
BR00117019,I08,A549,48,nafamostat,compound,BRD-K06674495-334-04-0,,,10.5020895,-10.324931
BR00117019,I09,A549,48,DMSO,compound,,negcon,,15.710927,-11.441833
BR00117019,I10,A549,48,DMSO,compound,,negcon,,15.674642,-11.691279
BR00117019,I11,A549,48,taladegib,compound,BRD-K50498985-001-03-3,,['smoothened receptor antagonist'],11.889044,-10.7718935
BR00117019,I12,A549,48,acetohexamide,compound,BRD-K52960356-001-13-0,,['ATP channel blocker'],15.098525,-11.7597275
BR00117019,I13,A549,48,minocycline,compound,BRD-A69651145-003-11-4,,,14.869376,-11.473097
BR00117019,I14,A549,48,BI-2536,compound,BRD-K64890080-001-02-1,poscon_diverse,,8.257658,-8.273904
BR00117019,I15,A549,48,riociguat,compound,BRD-K84783599-001-01-0,,,14.721552,-11.273038
BR00117019,I16,A549,48,CP-724714,compound,BRD-K76908866-001-07-6,poscon_cp,"['EGFR inhibitor', 'protein tyrosine kinase inhibitor']",10.00615,-11.366865
BR00117019,I17,A549,48,ganetespib,compound,BRD-K38852836-001-04-9,poscon_diverse,['HSP inhibitor'],10.373034,-7.7469244
BR00117019,I18,A549,48,AZ191,compound,BRD-K80935598-001-01-1,poscon_cp,['DYRK inhibitor'],8.251031,-10.132076
BR00117019,I19,A549,48,BAX-channel-blocker,compound,BRD-A18763547-300-06-3,,,8.313528,-9.588967
BR00117019,I20,A549,48,SU3327,compound,BRD-K32730239-001-01-0,,['JNK inhibitor'],7.5738792,-7.014531
BR00117019,I21,A549,48,DMSO,compound,,negcon,,15.805469,-10.475362
BR00117019,I22,A549,48,DMSO,compound,,negcon,,15.956128,-11.12866
BR00117019,I23,A549,48,octreotide,compound,BRD-A64173453-015-03-1,,['somatostatin receptor agonist'],13.921571,-10.119834
BR00117019,I24,A549,48,1-octanol,compound,BRD-K09338665-001-08-9,,,13.625655,-9.630085
BR00117019,J01,A549,48,acalabrutinib,compound,BRD-K64034691-001-01-9,,"[""Bruton's tyrosine kinase (BTK) inhibitor""]",10.715933,-11.383166
BR00117019,J02,A549,48,rifamycin,compound,BRD-K38512030-001-01-7,,,14.526248,-11.639094
BR00117019,J03,A549,48,pazopanib,compound,BRD-K74514084-003-09-2,,"['KIT inhibitor', 'VEGFR inhibitor', 'PDGFR tyrosine kinase receptor inhibitor']",11.05894,-10.051966
BR00117019,J04,A549,48,RKI-1447,compound,BRD-K19333160-001-01-3,poscon_cp,,10.346207,-10.0387335
BR00117019,J05,A549,48,vitamin-E,compound,BRD-K97091514-001-11-4,,['PKC inhibitor'],13.600851,-11.521559
BR00117019,J06,A549,48,lonafarnib,compound,BRD-K41599323-001-02-3,poscon_diverse,,9.356571,-10.965318
BR00117019,J07,A549,48,ethyl-pyruvate,compound,BRD-K47738867-001-01-5,,,15.155741,-11.532125
BR00117019,J08,A549,48,picrotin,compound,BRD-A91822151-001-05-0,,['GABA receptor antagonist'],14.544245,-11.629121
BR00117019,J09,A549,48,SGX523,compound,BRD-K19477839-001-07-6,poscon_cp,,11.83276,-10.939928
BR00117019,J10,A549,48,PP-2,compound,BRD-K95785537-001-22-3,,['src inhibitor'],9.448304,-8.949311
BR00117019,J11,A549,48,ME-0328,compound,BRD-A63444178-001-01-5,,['PPAR receptor antagonist'],12.876487,-10.788357
BR00117019,J12,A549,48,AZD9668,compound,BRD-K31476763-001-01-5,,['elastase inhibitor'],11.952822,-10.8050375
BR00117019,J13,A549,48,NQDI-1,compound,BRD-K61918008-001-07-1,,,12.463255,-10.472746
BR00117019,J14,A549,48,DMSO,compound,,negcon,,15.808149,-11.288829
BR00117019,J15,A549,48,carzenide,compound,BRD-K09295674-001-09-8,,,12.022388,-9.157711
BR00117019,J16,A549,48,KU-55933,compound,BRD-K25311561-001-10-7,,['ATM kinase inhibitor'],9.839698,-13.990426
BR00117019,J17,A549,48,NVP-AEW541,compound,BRD-K24696047-001-02-3,poscon_cp,['IGF-1 inhibitor'],8.564263,-10.327804
BR00117019,J18,A549,48,leflunomide,compound,BRD-K78692225-001-24-5,,['PDGFR tyrosine kinase receptor inhibitor'],9.91896,-12.402078
BR00117019,J19,A549,48,DMSO,compound,,negcon,,15.61776,-11.465896
BR00117019,J20,A549,48,azacitidine,compound,BRD-K03406345-001-21-1,poscon_diverse,,10.998904,-9.142505
BR00117019,J21,A549,48,ixabepilone,compound,BRD-K03601870-001-01-2,,['microtubule stabilizing agent'],8.530227,-7.7988605
BR00117019,J22,A549,48,KH-CB19,compound,BRD-K66430217-001-03-8,poscon_cp,['CDC inhibitor'],11.287206,-11.189813
BR00117019,J23,A549,48,DMSO,compound,,negcon,,15.947899,-10.6991825
BR00117019,J24,A549,48,PF-05190457,compound,BRD-K02554563-001-01-6,,,12.873568,-9.602345
BR00117019,K01,A549,48,LDN-212854,compound,BRD-K59831625-001-03-9,,,7.008506,-6.8388667
BR00117019,K02,A549,48,formononetin,compound,BRD-K55567017-001-12-3,,['alcohol dehydrogenase inhibitor'],10.201535,-12.771242
BR00117019,K03,A549,48,aminopurvalanol-a,compound,BRD-K07762753-001-05-1,poscon_orf,['CDK inhibitor'],10.050704,-8.394743
BR00117019,K04,A549,48,ruxolitinib,compound,BRD-K53972329-001-01-3,poscon_cp,['JAK inhibitor'],10.132134,-10.319711
BR00117019,K05,A549,48,DMSO,compound,,negcon,,15.534579,-11.615498
BR00117019,K06,A549,48,DMSO,compound,,negcon,,15.55748,-11.834116
BR00117019,K07,A549,48,LGK-974,compound,BRD-K16810791-001-01-0,,['porcupine inhibitor'],10.360351,-12.530431
BR00117019,K08,A549,48,polydatin,compound,BRD-K43236057-001-07-1,,['ICAM1 expression inhibitor'],9.204858,-8.131737
BR00117019,K09,A549,48,enflurane,compound,BRD-A51831848-001-01-7,,,15.166108,-11.8422365
BR00117019,K10,A549,48,PFI-1,compound,BRD-K13094524-001-04-2,poscon_cp,,11.830862,-9.683083
BR00117019,K11,A549,48,AZD7762,compound,BRD-K86525559-001-07-8,poscon_diverse,['CHK inhibitor'],7.2751193,-7.23369
BR00117019,K12,A549,48,sotrastaurin,compound,BRD-K16761703-001-03-8,,['PKC inhibitor'],13.178425,-11.3818
BR00117019,K13,A549,48,DMSO,compound,,negcon,,15.623418,-11.491211
BR00117019,K14,A549,48,cycloheximide,compound,BRD-K36055864-001-20-0,,['protein synthesis inhibitor'],8.751008,-7.250849
BR00117019,K15,A549,48,oxytocin,compound,BRD-K25243230-001-01-2,,,14.682702,-11.653058
BR00117019,K16,A549,48,DMSO,compound,,negcon,,15.623053,-11.62022
BR00117019,K17,A549,48,colchicine,compound,BRD-K00259736-001-16-4,,,8.503157,-7.8653865
BR00117019,K18,A549,48,afimoxifene,compound,BRD-K04210847-001-21-9,,,9.874774,-10.872563
BR00117019,K19,A549,48,DMSO,compound,,negcon,,15.536036,-11.200926
BR00117019,K20,A549,48,ZK-93423,compound,BRD-K33882852-003-02-8,poscon_diverse,['benzodiazepine receptor agonist'],11.088137,-10.370862
BR00117019,K21,A549,48,RGB-286638,compound,BRD-K20986415-001-02-6,,['CDK inhibitor'],7.9412093,-7.4128947
BR00117019,K22,A549,48,FPS-ZM1,compound,BRD-K87691185-001-01-2,,['RAGE receptor antagonist'],13.1109705,-10.011207
BR00117019,K23,A549,48,flindokalner,compound,BRD-K56740996-001-02-1,,,13.151891,-10.290369
BR00117019,K24,A549,48,motesanib,compound,BRD-K99616396-316-05-3,,"['KIT inhibitor', 'VEGFR inhibitor', 'PDGFR tyrosine kinase receptor inhibitor']",11.092617,-10.278535
BR00117019,L01,A549,48,geldanamycin,compound,BRD-K43570081-001-02-4,,['HSP inhibitor'],10.376433,-7.78078
BR00117019,L02,A549,48,DMSO,compound,,negcon,,15.696226,-10.864286
BR00117019,L03,A549,48,CGP-53353,compound,BRD-K32292990-001-03-6,,"['PKC inhibitor', 'EGFR inhibitor']",12.245807,-10.899582
BR00117019,L04,A549,48,7-hydroxystaurosporine,compound,BRD-K45293975-001-02-0,,"['CDK inhibitor', 'PKC inhibitor', 'CHK inhibitor']",7.789825,-9.525152
BR00117019,L05,A549,48,DMSO,compound,,negcon,,15.6552515,-11.04283
BR00117019,L06,A549,48,DMSO,compound,,negcon,,15.963883,-11.286705
BR00117019,L07,A549,48,efaproxiral,compound,BRD-K37355418-236-01-6,,,13.256426,-10.59849
BR00117019,L08,A549,48,SB-203580,compound,BRD-A37704979-001-12-3,poscon_orf,['p38 MAPK inhibitor'],9.701541,-14.217124
BR00117019,L09,A549,48,FK-866,compound,BRD-K58550667-001-08-7,poscon_diverse,,9.964788,-7.21235
BR00117019,L10,A549,48,bepridil,compound,BRD-A91008255-003-24-8,,['calcium channel blocker'],9.916691,-11.994277
BR00117019,L11,A549,48,delanzomib,compound,BRD-K59325863-001-04-4,,,7.396703,-6.940138
BR00117019,L12,A549,48,buparlisib,compound,BRD-K42191735-001-08-7,poscon_diverse,,8.472816,-8.552436
BR00117019,L13,A549,48,phenylbutazone,compound,BRD-K10843433-001-23-5,,"['cyclooxygenase inhibitor', 'prostanoid receptor antagonist']",13.649152,-10.793853
BR00117019,L14,A549,48,deferasirox,compound,BRD-K97010173-001-04-1,,,11.396167,-9.220632
BR00117019,L15,A549,48,DMSO,compound,,negcon,,15.823751,-10.714136
BR00117019,L16,A549,48,cediranib,compound,BRD-K86930074-001-05-0,,"['KIT inhibitor', 'VEGFR inhibitor']",8.609737,-10.168084
BR00117019,L17,A549,48,isoflurane,compound,BRD-A31564021-001-02-6,,,13.849034,-10.987908
BR00117019,L18,A549,48,DMSO,compound,,negcon,,15.86415,-10.783889
BR00117019,L19,A549,48,CCG-50014,compound,BRD-K08893438-001-06-4,,['G protein signaling inhibitor'],14.399802,-11.627749
BR00117019,L20,A549,48,PF-431396,compound,BRD-K93788137-001-04-1,,,10.769344,-8.502754
BR00117019,L21,A549,48,TG-02,compound,BRD-K14560436-001-01-4,,"['CDK inhibitor', 'FLT3 inhibitor', 'JAK inhibitor']",8.984027,-7.2785482
BR00117019,L22,A549,48,baclofen,compound,BRD-K01826724-003-07-9,,['benzodiazepine receptor agonist'],14.005853,-10.3656645
BR00117019,L23,A549,48,thiostrepton,compound,BRD-A20697603-001-07-2,,['protein synthesis inhibitor'],9.399722,-10.21431
BR00117019,L24,A549,48,flufenamic-acid,compound,BRD-K44067360-001-29-5,,,13.507669,-9.692516
BR00117019,M01,A549,48,DMSO,compound,,negcon,,15.064041,-10.386218
BR00117019,M02,A549,48,LY2109761,compound,BRD-K47557313-001-02-7,,,11.565667,-11.631095
BR00117019,M03,A549,48,olopatadine,compound,BRD-K67637637-003-11-8,,['histamine receptor antagonist'],14.603691,-12.120006
BR00117019,M04,A549,48,DMSO,compound,,negcon,,15.314613,-11.906276
BR00117019,M05,A549,48,castanospermine,compound,BRD-K20897876-001-11-8,,['glucosidase inhibitor'],15.259256,-11.8585415
BR00117019,M06,A549,48,A205804,compound,BRD-K77627880-001-04-0,,['ICAM1 expression inhibitor'],11.294849,-11.19272
BR00117019,M07,A549,48,VU591,compound,BRD-K72063794-003-01-0,,['potassium channel blocker'],13.060625,-11.263091
BR00117019,M08,A549,48,dalbavancin,compound,BRD-K30177383-001-01-0,,['bacterial cell wall synthesis inhibitor'],13.561379,-11.341487
BR00117019,M09,A549,48,CC-401,compound,BRD-K45746021-003-01-9,,['JNK inhibitor'],10.768628,-11.933087
BR00117019,M10,A549,48,ganetespib,compound,BRD-K38852836-001-04-9,poscon_diverse,['HSP inhibitor'],10.388761,-7.7049637
BR00117019,M11,A549,48,ingenol-mebutate,compound,BRD-K93779381-001-01-9,,,7.8631625,-7.8804345
BR00117019,M12,A549,48,menadione,compound,BRD-K78126613-001-27-7,,,12.837472,-10.341993
BR00117019,M13,A549,48,cetilistat,compound,BRD-K94863486-001-02-2,,,13.726212,-11.468791
BR00117019,M14,A549,48,methoxsalen,compound,BRD-K63430059-001-16-4,,['DNA synthesis inhibitor'],10.047647,-12.645666
BR00117019,M15,A549,48,cyclosporine,compound,BRD-K13533483-001-16-2,,,8.987079,-7.6912465
BR00117019,M16,A549,48,NSC-632839,compound,BRD-K81197548-003-01-4,poscon_cp,['ubiquitin specific protease inhibitor'],7.55767,-6.8435926
BR00117019,M17,A549,48,DMSO,compound,,negcon,,14.577143,-11.467983
BR00117019,M18,A549,48,TG-003,compound,BRD-K97072811-001-11-4,poscon_cp,,10.412249,-12.262675
BR00117019,M19,A549,48,oxibendazole,compound,BRD-K52075715-001-06-7,,['tubulin polymerization inhibitor'],8.6468935,-7.883264
BR00117019,M20,A549,48,TG-101348,compound,BRD-K12502280-001-11-4,poscon_cp,"['JAK inhibitor', 'FLT3 inhibitor']",7.028719,-6.932421
BR00117019,M21,A549,48,miglitol,compound,BRD-A63310107-001-04-8,,['glucosidase inhibitor'],13.833694,-10.463651
BR00117019,M22,A549,48,DMSO,compound,,negcon,,15.758142,-10.510729
BR00117019,M23,A549,48,DMSO,compound,,negcon,,15.619885,-10.431857
BR00117019,M24,A549,48,tranilast,compound,BRD-K17849083-001-32-9,,,11.713175,-10.019348
BR00117019,N01,A549,48,4-methylhistamine,compound,BRD-K70821460-300-02-4,,['histamine receptor agonist'],14.152925,-10.177207
BR00117019,N02,A549,48,LDN-27219,compound,BRD-K51485109-001-01-4,,,13.968664,-10.489429
BR00117019,N03,A549,48,anisomycin,compound,BRD-K91370081-001-25-1,,['DNA synthesis inhibitor'],7.9824896,-7.0607862
BR00117019,N04,A549,48,thioguanine,compound,BRD-K49350383-001-13-7,poscon_diverse,,9.202591,-9.388551
BR00117019,N05,A549,48,droxinostat,compound,BRD-K11558771-001-13-9,,['HDAC inhibitor'],10.000629,-10.883279
BR00117019,N06,A549,48,UNC2025,compound,BRD-K91283740-003-01-6,poscon_cp,['FLT3 inhibitor'],8.197985,-9.63018
BR00117019,N07,A549,48,DMSO,compound,,negcon,,15.515222,-10.784773
BR00117019,N08,A549,48,DMSO,compound,,negcon,,15.555371,-11.291211
BR00117019,N09,A549,48,AMG900,compound,BRD-K21728777-001-02-3,poscon_cp,['Aurora kinase inhibitor'],10.68128,-8.37872
BR00117019,N10,A549,48,PF-06463922,compound,BRD-A23124853-001-01-4,,['ALK tyrosine kinase receptor inhibitor'],9.97562,-10.551203
BR00117019,N11,A549,48,orantinib,compound,BRD-K55966568-001-09-6,poscon_cp,"['FGFR inhibitor', 'PDGFR tyrosine kinase receptor inhibitor', 'VEGFR inhibitor']",12.965066,-10.664606
BR00117019,N12,A549,48,fludarabine-phosphate,compound,BRD-K71106091-001-09-5,,['ribonucleotide reductase inhibitor'],10.032061,-8.1549425
BR00117019,N13,A549,48,ceritinib,compound,BRD-K22149900-001-06-2,,['ALK tyrosine kinase receptor inhibitor'],9.204533,-10.434822
BR00117019,N14,A549,48,NVS-PAK1-1,compound,BRD-K28132190-001-02-0,poscon_cp,['p21 activated kinase inhibitor'],10.30642,-10.651837
BR00117019,N15,A549,48,homoharringtonine,compound,BRD-K76674262-001-03-3,,['protein synthesis inhibitor'],7.835927,-7.0764213
BR00117019,N16,A549,48,picrotoxinin,compound,BRD-K36461289-001-05-8,,['GABA receptor antagonist'],14.296328,-10.728701
BR00117019,N17,A549,48,DMSO,compound,,negcon,,15.91564,-10.690706
BR00117019,N18,A549,48,danusertib,compound,BRD-K07881437-001-03-8,poscon_diverse,"['growth factor receptor inhibitor', 'Aurora kinase inhibitor']",9.842582,-8.440248
BR00117019,N19,A549,48,romidepsin,compound,BRD-K61397605-001-01-8,poscon_cp,['HDAC inhibitor'],7.038819,-6.787457
BR00117019,N20,A549,48,FERb-033,compound,BRD-K61642990-001-01-0,poscon_cp,['EGFR inhibitor'],13.163286,-10.512146
BR00117019,N21,A549,48,PF-03758309,compound,BRD-K37764012-001-03-3,poscon_diverse,['p21 activated kinase inhibitor'],8.961508,-7.1743064
BR00117019,N22,A549,48,DMSO,compound,,negcon,,15.6637745,-10.378371
BR00117019,N23,A549,48,trometamol,compound,BRD-K47978074-001-03-2,,,14.127772,-10.2871065
BR00117019,N24,A549,48,simvastatin,compound,BRD-K22134346-001-22-3,,['HMGCR inhibitor'],13.180272,-9.607074
BR00117019,O01,A549,48,zaprinast,compound,BRD-K16542329-001-16-8,,['phosphodiesterase inhibitor'],13.325676,-9.663241
BR00117019,O02,A549,48,dexamethasone,compound,BRD-A10188456-001-04-9,,['glucocorticoid receptor agonist'],9.489948,-13.145889
BR00117019,O03,A549,48,salicylic-acid,compound,BRD-K93632104-001-17-2,,['cyclooxygenase inhibitor'],14.578772,-12.15834
BR00117019,O04,A549,48,diltiazem,compound,BRD-A69636825-003-04-7,,['calcium channel blocker'],9.991865,-11.641925
BR00117019,O05,A549,48,phenolphthalein,compound,BRD-K19227686-001-18-6,,,14.777973,-12.03505
BR00117019,O06,A549,48,niflumic-acid,compound,BRD-K98763141-001-30-8,,['cyclooxygenase inhibitor'],14.465413,-11.401517
BR00117019,O07,A549,48,DMSO,compound,,negcon,,15.644521,-11.64524
BR00117019,O08,A549,48,L-Cystine,compound,BRD-A15397381-001-02-5,,,14.400574,-11.300036
BR00117019,O09,A549,48,ozanimod,compound,BRD-K46625559-001-01-8,,['sphingosine 1 phosphate receptor agonist'],9.935445,-12.680414
BR00117019,O10,A549,48,efaroxan,compound,BRD-A10739734-003-09-8,,['adrenergic receptor antagonist'],14.140595,-11.004352
BR00117019,O11,A549,48,NBQX,compound,BRD-K11796549-001-05-2,,['glutamate receptor antagonist'],14.168589,-11.448155
BR00117019,O12,A549,48,dinoprostone,compound,BRD-K26521938-001-07-2,,['prostanoid receptor agonist'],13.169034,-10.983446
BR00117019,O13,A549,48,Ro-20-1724,compound,BRD-A07207424-001-14-0,,['phosphodiesterase inhibitor'],13.150134,-11.012199
BR00117019,O14,A549,48,xanomeline,compound,BRD-K72815923-034-02-0,,['acetylcholine receptor agonist'],14.052524,-10.725768
BR00117019,O15,A549,48,terazosin,compound,BRD-K01825589-310-02-9,,['adrenergic receptor antagonist'],12.415772,-11.023279
BR00117019,O16,A549,48,BVT-948,compound,BRD-K68567222-001-01-2,,,13.08561,-10.51711
BR00117019,O17,A549,48,nicotine,compound,BRD-K01825660-322-01-9,,['acetylcholine receptor agonist'],14.535117,-11.13479
BR00117019,O18,A549,48,DMSO,compound,,negcon,,15.484511,-10.697417
BR00117019,O19,A549,48,U-0521,compound,BRD-K08953028-001-09-6,,,13.486466,-10.305808
BR00117019,O20,A549,48,BMS-587101,compound,BRD-K20093108-001-02-3,,,13.612731,-10.727105
BR00117019,O21,A549,48,nimodipine,compound,BRD-A58048407-001-20-4,,['calcium channel blocker'],12.026814,-10.679172
BR00117019,O22,A549,48,pyrrolidine-dithiocarbamate,compound,BRD-K80970344-201-08-6,,,7.4719224,-6.801748
BR00117019,O23,A549,48,PF-915275,compound,BRD-K18289362-001-02-2,,,13.320566,-10.790006
BR00117019,O24,A549,48,JTE-013,compound,BRD-K43330982-001-02-3,,,13.294654,-9.490493
BR00117019,P01,A549,48,sodium-butyrate,compound,BRD-K05878375-236-05-7,,['HDAC inhibitor'],12.67283,-9.227267
BR00117019,P02,A549,48,pentostatin,compound,BRD-K91543828-001-02-0,,['ribonucleotide reductase inhibitor'],13.766785,-9.620756
BR00117019,P03,A549,48,OMDM-2,compound,BRD-K48830578-001-01-9,,,12.212668,-10.215734
BR00117019,P04,A549,48,nalmefene,compound,BRD-A72767275-003-01-6,,,13.474884,-9.366285
BR00117019,P05,A549,48,DMSO,compound,,negcon,,14.851543,-9.865249
BR00117019,P06,A549,48,1-EBIO,compound,BRD-K70586315-001-02-4,,,14.146546,-9.56038
BR00117019,P07,A549,48,SB-505124,compound,BRD-K40109029-001-02-9,,['ALK tyrosine kinase receptor inhibitor'],10.1733885,-9.881629
BR00117019,P08,A549,48,prasugrel,compound,BRD-A83029242-001-06-1,,['purinergic receptor antagonist'],12.93886,-9.3337
BR00117019,P09,A549,48,pidolic-acid,compound,BRD-K57313110-001-06-8,,,13.047818,-9.33106
BR00117019,P10,A549,48,DMSO,compound,,negcon,,15.083999,-10.077176
BR00117019,P11,A549,48,nevirapine,compound,BRD-K15502390-001-20-9,,,13.058545,-9.196247
BR00117019,P12,A549,48,triamterene,compound,BRD-K92049597-001-20-8,,['sodium channel blocker'],12.322929,-9.4070635
BR00117019,P13,A549,48,regorafenib,compound,BRD-K16730910-001-07-3,,"['PDGFR tyrosine kinase receptor inhibitor', 'RAF inhibitor', 'KIT inhibitor', 'RET tyrosine kinase inhibitor', 'FGFR inhibitor', 'VEGFR inhibitor']",10.438116,-11.644486
BR00117019,P14,A549,48,cyclophosphamide,compound,BRD-A09722536-002-18-0,,,12.69708,-9.210056
BR00117019,P15,A549,48,olanzapine,compound,BRD-K18895904-001-16-1,,"['dopamine receptor antagonist', 'serotonin receptor antagonist']",10.03377,-10.756708
BR00117019,P16,A549,48,KI-16425,compound,BRD-A25569250-001-03-3,,['lysophosphatidic acid receptor antagonist'],12.034917,-9.3691025
BR00117019,P17,A549,48,SKLB1002,compound,BRD-K29895144-001-01-0,,['VEGFR inhibitor'],12.319383,-9.144791
BR00117019,P18,A549,48,cilostazol,compound,BRD-K67017579-001-28-1,,['phosphodiesterase inhibitor'],12.78211,-9.302367
BR00117019,P19,A549,48,AZD1283,compound,BRD-K77060810-001-01-5,,['purinergic receptor antagonist'],13.20207,-9.442689
BR00117019,P20,A549,48,A-987306,compound,BRD-K68982262-001-01-4,,['histamine receptor antagonist'],9.698315,-10.135806
BR00117019,P21,A549,48,procaine,compound,BRD-K24616672-003-20-1,,['HMGCR inhibitor'],13.325388,-9.263264
BR00117019,P22,A549,48,miconazole,compound,BRD-A82396632-008-30-8,,['bacterial cell wall synthesis inhibitor'],12.664968,-9.550587
BR00117019,P23,A549,48,loperamide,compound,BRD-K61250553-003-30-6,,,9.300152,-10.377997
BR00117019,P24,A549,48,aripiprazole,compound,BRD-K70358946-001-17-3,,['serotonin receptor antagonist'],12.351149,-9.045721
