plate,well,cell_type,timepoint,compound,perturbation,broad_sample,control_type,moas,umap_1,umap_2
BR00116991,A01,A549,24,gabapentin-enacarbil,compound,BRD-A86665761-001-01-1,,,1.1942313,-13.548185
BR00116991,A02,A549,24,DMSO,compound,,negcon,,0.76855844,-14.533747
BR00116991,A03,A549,24,amlodipine,compound,BRD-A22032524-074-09-9,,['calcium channel blocker'],-0.59017634,-8.729635
BR00116991,A04,A549,24,hexestrol,compound,BRD-A01078468-001-14-8,,,-0.020126808,-13.247541
BR00116991,A05,A549,24,quinine,compound,BRD-K48278478-001-01-2,,,1.3573697,-14.258314
BR00116991,A06,A549,24,LOXO-101,compound,BRD-K36574127-001-01-3,,,1.4158654,-14.083051
BR00116991,A07,A549,24,brinzolamide,compound,BRD-K74913225-001-14-0,,['carbonic anhydrase inhibitor'],-0.13537487,-13.104216
BR00116991,A08,A549,24,NS-11021,compound,BRD-K94342292-001-01-3,,['calcium-activated potassium channel activator'],-0.3276066,-12.774982
BR00116991,A09,A549,24,DMSO,compound,,negcon,,0.67024153,-14.486206
BR00116991,A10,A549,24,GNF-5837,compound,BRD-K19975102-001-01-2,,['growth factor receptor inhibitor'],-0.28983313,-11.491272
BR00116991,A11,A549,24,apatinib,compound,BRD-K25244359-066-02-6,,['RET tyrosine kinase inhibitor'],-0.43888593,-11.264395
BR00116991,A12,A549,24,ethoxzolamide,compound,BRD-K18131774-001-18-4,,['carbonic anhydrase inhibitor'],1.093907,-14.369959
BR00116991,A13,A549,24,ascorbic-acid,compound,BRD-A85242401-001-11-5,,,2.2135472,-13.669375
BR00116991,A14,A549,24,ryuvidine,compound,BRD-K06426971-001-02-7,,['histone lysine methyltransferase inhibitor'],0.9084953,-4.5911303
BR00116991,A15,A549,24,BAN-ORL-24,compound,BRD-K47049295-300-03-1,,,0.2541706,-7.5031953
BR00116991,A16,A549,24,NNC-55-0396,compound,BRD-K78122587-300-04-3,,,-0.3992144,-8.105017
BR00116991,A17,A549,24,DMSO,compound,,negcon,,0.629545,-14.316085
BR00116991,A18,A549,24,WH-4-023,compound,BRD-K50199947-001-03-4,,['src inhibitor'],0.1588597,-7.7715034
BR00116991,A19,A549,24,flupirtine,compound,BRD-K50720187-051-03-1,,['glutamate receptor antagonist'],-3.1257808,-12.200609
BR00116991,A20,A549,24,ZK811752,compound,BRD-K91825936-001-03-9,,,-0.8751215,-11.516334
BR00116991,A21,A549,24,dexamethasone,compound,BRD-K38775274-001-22-1,,['glucocorticoid receptor agonist'],2.5352273,-10.168337
BR00116991,A22,A549,24,PP-1,compound,BRD-K47598052-001-14-1,,['src inhibitor'],0.9701619,-8.292772
BR00116991,A23,A549,24,DDR1-IN-1,compound,BRD-K61845293-300-01-9,,,-0.6140437,-8.77342
BR00116991,A24,A549,24,AVL-292,compound,BRD-K87782578-001-01-4,,"[""Bruton's tyrosine kinase (BTK) inhibitor""]",1.0472382,-7.8872623
BR00116991,B01,A549,24,H2L-5765834,compound,BRD-K26439554-001-01-3,,['lysophosphatidic acid receptor antagonist'],0.606183,-14.825809
BR00116991,B02,A549,24,thiostrepton,compound,BRD-K58049875-001-03-9,,['protein synthesis inhibitor'],-0.83372253,-7.6159496
BR00116991,B03,A549,24,DMSO,compound,,negcon,,0.56198436,-14.7637825
BR00116991,B04,A549,24,arcyriaflavin-a,compound,BRD-K72726508-001-02-1,,['CDK inhibitor'],1.019745,-9.920504
BR00116991,B05,A549,24,CYM-5520,compound,BRD-K29151923-001-01-5,,['sphingosine 1 phosphate receptor agonist'],0.33315995,-15.008632
BR00116991,B06,A549,24,fludarabine,compound,BRD-K66788707-001-14-3,,['ribonucleotide reductase inhibitor'],2.199683,-9.147701
BR00116991,B07,A549,24,alda-1,compound,BRD-K06890060-001-09-1,,,0.45867676,-14.636688
BR00116991,B08,A549,24,meclofenamic-acid,compound,BRD-K50398167-236-22-7,,"['cyclooxygenase inhibitor', 'prostanoid receptor antagonist']",1.7167239,-14.654067
BR00116991,B09,A549,24,GNF-5,compound,BRD-K87632963-001-03-0,,['Bcr-Abl kinase inhibitor'],1.0894042,-14.303274
BR00116991,B10,A549,24,NS-309,compound,BRD-K37602296-001-01-6,,['calcium-activated potassium channel activator'],0.9798537,-14.837495
BR00116991,B11,A549,24,AK-7,compound,BRD-K09143580-001-01-0,,['SIRT inhibitor'],-3.9537778,-12.213466
BR00116991,B12,A549,24,BVT-948,compound,BRD-A22713669-001-04-3,,,0.5227901,-14.826676
BR00116991,B13,A549,24,SirReal-2,compound,BRD-K16472653-001-01-6,,['SIRT inhibitor'],0.1288622,-14.807685
BR00116991,B14,A549,24,DMSO,compound,,negcon,,0.6825967,-14.861977
BR00116991,B15,A549,24,BMS-536924,compound,BRD-K34581968-001-05-3,,['IGF-1 inhibitor'],0.9288149,-7.8376665
BR00116991,B16,A549,24,PP-121,compound,BRD-K81801188-001-02-8,,['protein tyrosine kinase inhibitor'],1.1942863,-4.599467
BR00116991,B17,A549,24,MCOPPB,compound,BRD-K73276278-305-01-1,,,-0.9566139,-7.6691704
BR00116991,B18,A549,24,ozagrel,compound,BRD-K53061490-003-13-9,,,0.87244153,-14.593377
BR00116991,B19,A549,24,CYM-5442,compound,BRD-A43005764-003-01-5,,['sphingosine 1 phosphate receptor agonist'],-1.54703,-8.435468
BR00116991,B20,A549,24,CVT-10216,compound,BRD-K60659193-001-01-0,,,1.6182356,-14.810628
BR00116991,B21,A549,24,TCN201,compound,BRD-K09787262-001-02-7,,['glutamate receptor antagonist'],1.1266489,-14.264252
BR00116991,B22,A549,24,fomepizole,compound,BRD-K56810756-003-07-7,,['alcohol dehydrogenase inhibitor'],2.4666684,-14.783892
BR00116991,B23,A549,24,benzamil,compound,BRD-K87158025-003-08-7,,['sodium channel blocker'],1.3099303,-14.475975
BR00116991,B24,A549,24,lercanidipine,compound,BRD-A18992208-003-02-7,,['calcium channel blocker'],-0.41515747,-11.22144
BR00116991,C01,A549,24,4-CMTB,compound,BRD-A54139254-001-09-2,,['free fatty acid receptor agonist'],0.6416028,-14.567919
BR00116991,C02,A549,24,ML-228,compound,BRD-K44432556-001-05-5,,,0.814576,-14.438433
BR00116991,C03,A549,24,DMSO,compound,,negcon,,0.71986586,-14.888547
BR00116991,C04,A549,24,GSK1070916,compound,BRD-K36740062-001-06-6,,['Aurora kinase inhibitor'],0.6896679,-7.0263834
BR00116991,C05,A549,24,ML-193,compound,BRD-K27539181-001-08-5,,,-2.3836658,-12.005074
BR00116991,C06,A549,24,DMSO,compound,,negcon,,0.85383314,-14.577826
BR00116991,C07,A549,24,M-25,compound,BRD-K51265828-001-01-0,,['smoothened receptor antagonist'],0.9868029,-14.706372
BR00116991,C08,A549,24,azeliragon,compound,BRD-K51899933-001-02-6,,['RAGE receptor antagonist'],-0.34366116,-7.63654
BR00116991,C09,A549,24,CYT-997,compound,BRD-K23363278-001-02-1,poscon_diverse,['tubulin polymerization inhibitor'],0.12932335,-5.249505
BR00116991,C10,A549,24,AR-12,compound,BRD-K90497590-001-05-9,,,1.3077091,-4.009486
BR00116991,C11,A549,24,CYM-50260,compound,BRD-K69877120-001-01-7,,['sphingosine 1 phosphate receptor agonist'],0.9356197,-14.429863
BR00116991,C12,A549,24,DMSO,compound,,negcon,,0.6270787,-14.3136
BR00116991,C13,A549,24,KG-5,compound,BRD-K90747162-001-01-4,poscon_cp,['RAF inhibitor'],-0.24745703,-4.47294
BR00116991,C14,A549,24,JTE-607,compound,BRD-K81405859-300-01-4,,,1.2406142,-14.543632
BR00116991,C15,A549,24,DMSO,compound,,negcon,,0.6395553,-14.28064
BR00116991,C16,A549,24,ilomastat,compound,BRD-K51662849-001-05-4,,['matrix metalloprotease inhibitor'],0.6730741,-14.336386
BR00116991,C17,A549,24,RX-821002,compound,BRD-A65597028-003-08-1,,['adrenergic receptor antagonist'],0.6429799,-14.329522
BR00116991,C18,A549,24,DMSO,compound,,negcon,,0.57095003,-14.41244
BR00116991,C19,A549,24,TUG-891,compound,BRD-K24282351-001-01-4,,['free fatty acid receptor agonist'],1.0299889,-14.330903
BR00116991,C20,A549,24,ponatinib,compound,BRD-K44227013-001-08-0,,"['PDGFR tyrosine kinase receptor inhibitor', 'FLT3 inhibitor', 'Bcr-Abl kinase inhibitor']",0.88197786,-3.800832
BR00116991,C21,A549,24,DMSO,compound,,negcon,,0.69822276,-14.530767
BR00116991,C22,A549,24,puromycin,compound,BRD-K01824976-300-02-9,,['protein synthesis inhibitor'],1.0910343,-3.9082074
BR00116991,C23,A549,24,SRC-kinase-inhibitor-I,compound,BRD-K50495309-001-02-0,,['src inhibitor'],-0.32751063,-10.204578
BR00116991,C24,A549,24,acetylcysteine,compound,BRD-K59058747-001-19-1,,,2.0618157,-14.556439
BR00116991,D01,A549,24,NSC-625987,compound,BRD-K62949423-001-03-1,,['CDK inhibitor'],0.5556096,-14.817813
BR00116991,D02,A549,24,dalfampridine,compound,BRD-K22482860-001-20-6,,['potassium channel blocker'],0.54426855,-14.697553
BR00116991,D03,A549,24,NSC-95397,compound,BRD-K68143200-001-11-7,,['CDC inhibitor'],0.75005984,-13.178229
BR00116991,D04,A549,24,alrestatin,compound,BRD-K35498378-001-06-1,,['aldose reductase inhibitor'],0.532227,-14.74634
BR00116991,D05,A549,24,PF-03758309,compound,BRD-K37764012-001-03-3,poscon_diverse,['p21 activated kinase inhibitor'],0.44089565,-14.98824
BR00116991,D06,A549,24,IRL-2500,compound,BRD-K98357249-001-02-9,,['endothelin receptor antagonist'],0.3384942,-14.631738
BR00116991,D07,A549,24,PF-04217903,compound,BRD-K73319509-001-08-0,poscon_cp,,0.5680418,-15.006731
BR00116991,D08,A549,24,FK-866,compound,BRD-K58550667-001-08-7,poscon_diverse,,-1.0075557,-13.59056
BR00116991,D09,A549,24,amlexanox,compound,BRD-K29530284-001-06-2,,,0.3298134,-14.886613
BR00116991,D10,A549,24,GW-311616,compound,BRD-K37864785-001-01-0,,['elastase inhibitor'],0.37616578,-14.665116
BR00116991,D11,A549,24,buparlisib,compound,BRD-K42191735-001-08-7,poscon_diverse,,-0.163668,-5.1275554
BR00116991,D12,A549,24,amiloride,compound,BRD-K97181089-003-24-7,,['sodium channel blocker'],0.23186581,-14.371876
BR00116991,D13,A549,24,DG-172,compound,BRD-K75748943-300-01-3,,,-1.422865,-9.593149
BR00116991,D14,A549,24,DMSO,compound,,negcon,,0.6795605,-14.774543
BR00116991,D15,A549,24,DMSO,compound,,negcon,,0.36863962,-14.623244
BR00116991,D16,A549,24,NVP-ADW742,compound,BRD-K15179513-001-04-2,poscon_cp,,-0.22735871,-7.2544975
BR00116991,D17,A549,24,misoprostol,compound,BRD-A72351335-001-04-5,,['prostanoid receptor agonist'],0.7248486,-14.713312
BR00116991,D18,A549,24,conivaptan,compound,BRD-K37385792-003-02-1,,,-0.8548615,-9.532046
BR00116991,D19,A549,24,spiroxatrine,compound,BRD-A72483914-001-03-7,,['serotonin receptor antagonist'],2.8269055,-14.388885
BR00116991,D20,A549,24,diacerein,compound,BRD-K69122748-001-10-1,,,1.5279967,-14.359956
BR00116991,D21,A549,24,DMSO,compound,,negcon,,0.6955699,-14.47117
BR00116991,D22,A549,24,DMSO,compound,,negcon,,0.9052227,-14.317605
BR00116991,D23,A549,24,glyburide,compound,BRD-K36927236-001-36-7,,['ATP channel blocker'],0.8035696,-14.342994
BR00116991,D24,A549,24,ANR-94,compound,BRD-K31170746-001-01-6,,,1.9464462,-14.85337
BR00116991,E01,A549,24,TFC-007,compound,BRD-K57708067-001-01-3,,,0.7285935,-14.064661
BR00116991,E02,A549,24,trihexyphenidyl,compound,BRD-A48180038-003-24-3,,['acetylcholine receptor antagonist'],-1.9683416,-12.430006
BR00116991,E03,A549,24,epoprostenol,compound,BRD-K64054020-001-02-7,,,1.4536651,-15.04026
BR00116991,E04,A549,24,sacubitril,compound,BRD-K91456750-001-01-9,,,1.072,-14.962096
BR00116991,E05,A549,24,danusertib,compound,BRD-K07881437-001-03-8,poscon_diverse,"['growth factor receptor inhibitor', 'Aurora kinase inhibitor']",1.357816,-7.040494
BR00116991,E06,A549,24,CYT-997,compound,BRD-K23363278-001-02-1,poscon_diverse,['tubulin polymerization inhibitor'],0.0080993185,-4.9369564
BR00116991,E07,A549,24,DMSO,compound,,negcon,,0.8052979,-14.6725855
BR00116991,E08,A549,24,BQ-788,compound,BRD-K02490038-236-03-8,,['endothelin receptor antagonist'],-3.3908782,-12.238076
BR00116991,E09,A549,24,SB-202190,compound,BRD-K54330070-001-19-6,poscon_orf,['p38 MAPK inhibitor'],0.60239327,-10.11908
BR00116991,E10,A549,24,GSK2110183,compound,BRD-K25412176-001-01-9,poscon_diverse,,-0.47785118,-8.343917
BR00116991,E11,A549,24,GSK3787,compound,BRD-K03155172-001-03-0,,['PPAR receptor antagonist'],0.97572637,-14.265954
BR00116991,E12,A549,24,BAM7,compound,BRD-K07442505-001-03-6,,,0.78292614,-14.1257105
BR00116991,E13,A549,24,PHA-793887,compound,BRD-K64800655-001-09-0,poscon_diverse,['CDK inhibitor'],2.6497447,-5.8939753
BR00116991,E14,A549,24,DMSO,compound,,negcon,,0.58082175,-14.369734
BR00116991,E15,A549,24,GSK-37647,compound,BRD-K26514105-001-01-7,,['free fatty acid receptor agonist'],3.00083,-14.086688
BR00116991,E16,A549,24,desonide,compound,BRD-K21528677-001-04-4,,['glucocorticoid receptor agonist'],2.5132122,-10.172734
BR00116991,E17,A549,24,DMSO,compound,,negcon,,0.8043942,-14.452834
BR00116991,E18,A549,24,aloxistatin,compound,BRD-K91188791-001-17-5,,,-0.98731923,-7.5981245
BR00116991,E19,A549,24,azathioprine,compound,BRD-K32821942-001-22-1,,,0.695871,-14.486363
BR00116991,E20,A549,24,ZK-93423,compound,BRD-K33882852-003-02-8,poscon_diverse,['benzodiazepine receptor agonist'],1.0194843,-13.163757
BR00116991,E21,A549,24,BI-2536,compound,BRD-K64890080-001-02-1,poscon_diverse,,1.0878764,-5.601654
BR00116991,E22,A549,24,EI1,compound,BRD-K91535048-001-01-2,poscon_cp,['histone lysine methyltransferase inhibitor'],2.8888054,-14.507662
BR00116991,E23,A549,24,NVP-HSP990,compound,BRD-K67915505-001-01-2,,['HSP inhibitor'],2.5509348,-7.8849926
BR00116991,E24,A549,24,DMSO,compound,,negcon,,0.6101451,-14.316343
BR00116991,F01,A549,24,DMSO,compound,,negcon,,0.66950655,-14.773676
BR00116991,F02,A549,24,nialamide,compound,BRD-K12102668-001-25-5,,,0.5068313,-14.95251
BR00116991,F03,A549,24,DMSO,compound,,negcon,,0.41119513,-14.919697
BR00116991,F04,A549,24,arundic-acid,compound,BRD-K49223707-001-01-0,,,0.6662711,-15.000416
BR00116991,F05,A549,24,torcitabine,compound,BRD-K91822704-003-07-2,,,0.51175505,-14.8580475
BR00116991,F06,A549,24,DMSO,compound,,negcon,,0.5112472,-14.905607
BR00116991,F07,A549,24,epothilone-b,compound,BRD-K68164687-001-01-6,,"['microtubule stabilizing agent', 'tubulin polymerization inhibitor']",-0.082733184,-4.7616205
BR00116991,F08,A549,24,dyphylline,compound,BRD-A00827783-001-24-6,,['phosphodiesterase inhibitor'],0.3483392,-14.981684
BR00116991,F09,A549,24,DMSO,compound,,negcon,,0.26488414,-14.637341
BR00116991,F10,A549,24,quinidine,compound,BRD-K59632282-052-03-1,,['sodium channel blocker'],0.25303587,-14.682624
BR00116991,F11,A549,24,halopemide,compound,BRD-K50055394-001-03-6,,,-0.30022186,-10.420934
BR00116991,F12,A549,24,sulfinpyrazone,compound,BRD-A36217750-001-16-3,,,0.54039896,-15.046479
BR00116991,F13,A549,24,ML-323,compound,BRD-K93942811-001-01-3,poscon_cp,['ubiquitin specific protease inhibitor'],0.323954,-14.854514
BR00116991,F14,A549,24,racecadotril,compound,BRD-A08187463-001-12-9,,,0.5201969,-14.827996
BR00116991,F15,A549,24,BRL-50481,compound,BRD-K84266862-001-03-2,,['phosphodiesterase inhibitor'],0.38228223,-14.563922
BR00116991,F16,A549,24,GSK2110183,compound,BRD-K25412176-001-01-9,poscon_diverse,,-0.42402792,-8.366043
BR00116991,F17,A549,24,bufexamac,compound,BRD-K36660044-001-24-2,,['cyclooxygenase inhibitor'],0.5234222,-14.729894
BR00116991,F18,A549,24,anandamide,compound,BRD-K42352790-001-05-3,,,0.34281623,-14.808059
BR00116991,F19,A549,24,thioguanine,compound,BRD-K49350383-001-13-7,poscon_diverse,,1.4169979,-9.408203
BR00116991,F20,A549,24,IWP-L6,compound,BRD-K53234107-001-01-6,,['porcupine inhibitor'],-1.4611944,-12.240651
BR00116991,F21,A549,24,edoxaban,compound,BRD-K29322660-001-01-9,,['coagulation factor inhibitor'],0.7097584,-14.360132
BR00116991,F22,A549,24,lonafarnib,compound,BRD-K41599323-001-02-3,poscon_diverse,,-2.0739017,-7.50855
BR00116991,F23,A549,24,ibutamoren,compound,BRD-K44771174-066-01-0,,,-1.0069861,-9.608497
BR00116991,F24,A549,24,somatostatin,compound,BRD-K14681867-001-01-6,,['somatostatin receptor agonist'],2.1306202,-14.119294
BR00116991,G01,A549,24,L-proline,compound,BRD-K01666412-001-02-0,,,0.13139701,-13.7912445
BR00116991,G02,A549,24,zamifenacin,compound,BRD-K80451230-051-02-6,,['acetylcholine receptor antagonist'],1.285404,-15.112432
BR00116991,G03,A549,24,YC-1,compound,BRD-K60476892-001-16-1,,,1.1024898,-15.079408
BR00116991,G04,A549,24,DMSO,compound,,negcon,,0.9507178,-14.779293
BR00116991,G05,A549,24,ME-0328,compound,BRD-K24283677-001-01-9,,['PPAR receptor antagonist'],1.3590763,-14.907658
BR00116991,G06,A549,24,NSC-663284,compound,BRD-K03109492-001-02-2,,['CDC inhibitor'],0.19543193,-10.260951
BR00116991,G07,A549,24,CYM-50358,compound,BRD-K80666802-003-01-0,,,-0.6343823,-8.505981
BR00116991,G08,A549,24,trazodone,compound,BRD-K70778732-003-27-5,,"['adrenergic receptor antagonist', 'serotonin receptor antagonist']",1.667806,-14.422964
BR00116991,G09,A549,24,DMSO,compound,,negcon,,0.6463524,-14.602138
BR00116991,G10,A549,24,DMSO,compound,,negcon,,0.6633639,-14.536572
BR00116991,G11,A549,24,sulfasalazine,compound,BRD-K10670311-001-17-1,,['cyclooxygenase inhibitor'],-1.4808621,-13.572159
BR00116991,G12,A549,24,"2,5-furandimethanol",compound,BRD-K29791386-001-01-8,,,0.7612324,-14.541621
BR00116991,G13,A549,24,DMSO,compound,,negcon,,0.56366485,-14.42885
BR00116991,G14,A549,24,dilazep,compound,BRD-K48722258-300-11-0,,,0.690491,-14.428304
BR00116991,G15,A549,24,felodipine,compound,BRD-A30815329-001-12-1,,['calcium channel blocker'],0.5012443,-14.275036
BR00116991,G16,A549,24,paliperidone,compound,BRD-A99888680-001-05-3,,"['dopamine receptor antagonist', 'serotonin receptor antagonist']",0.6694251,-14.426044
BR00116991,G17,A549,24,purvalanol-a,compound,BRD-K50836978-001-03-3,poscon_orf,['CDK inhibitor'],0.7843703,-8.823036
BR00116991,G18,A549,24,DMSO,compound,,negcon,,0.6237031,-14.343654
BR00116991,G19,A549,24,Ro-1138452,compound,BRD-K77220725-003-01-5,,['prostanoid receptor antagonist'],0.4673927,-14.026858
BR00116991,G20,A549,24,sorbinil,compound,BRD-A89164055-001-03-3,,['aldose reductase inhibitor'],0.5737052,-14.305898
BR00116991,G21,A549,24,TC-S-7004,compound,BRD-K89517477-001-01-4,poscon_cp,['DYRK inhibitor'],-1.4446057,-11.436363
BR00116991,G22,A549,24,saclofen,compound,BRD-A24122750-001-03-7,,['GABA receptor antagonist'],1.3555368,-14.254804
BR00116991,G23,A549,24,BAY-87-2243,compound,BRD-K70463136-001-01-5,,,0.28565037,-11.929152
BR00116991,G24,A549,24,ibudilast,compound,BRD-K16444452-001-09-1,,['phosphodiesterase inhibitor'],2.5012555,-13.978366
BR00116991,H01,A549,24,briciclib,compound,BRD-K05531427-001-01-7,,,-0.3102717,-4.5222564
BR00116991,H02,A549,24,2-Oleoylglycerol,compound,BRD-K77087341-001-02-4,,,0.47946036,-14.898711
BR00116991,H03,A549,24,RGFP966,compound,BRD-K61688984-001-02-9,poscon_cp,['HDAC inhibitor'],-0.6333697,-10.336331
BR00116991,H04,A549,24,DMSO,compound,,negcon,,0.25533152,-14.798093
BR00116991,H05,A549,24,azacitidine,compound,BRD-K03406345-001-21-1,poscon_diverse,,1.3896477,-11.265534
BR00116991,H06,A549,24,N6-cyclopentyladenosine,compound,BRD-K60150510-001-15-6,,,0.37908515,-14.794529
BR00116991,H07,A549,24,filgotinib,compound,BRD-K16803204-001-01-6,poscon_cp,['JAK inhibitor'],0.9209332,-15.189828
BR00116991,H08,A549,24,guanidine,compound,BRD-K76037122-001-02-5,,['HSP inhibitor'],0.7199926,-15.04366
BR00116991,H09,A549,24,coumarin,compound,BRD-K23913458-001-20-7,,,0.4853522,-14.985342
BR00116991,H10,A549,24,DMSO,compound,,negcon,,0.2986856,-14.760035
BR00116991,H11,A549,24,ZM-336372,compound,BRD-K73789395-001-09-9,poscon_orf,['RAF inhibitor'],-0.31608957,-12.170106
BR00116991,H12,A549,24,citric-acid,compound,BRD-K76792669-001-08-1,,['coagulation factor inhibitor'],0.2921842,-14.836102
BR00116991,H13,A549,24,DMSO,compound,,negcon,,0.6152089,-15.014598
BR00116991,H14,A549,24,CCG-63802,compound,BRD-K26970495-001-02-7,,['G protein signaling inhibitor'],0.60028744,-15.1067505
BR00116991,H15,A549,24,ibutilide,compound,BRD-A74391928-051-03-9,,['potassium channel blocker'],-1.4623928,-10.062574
BR00116991,H16,A549,24,batimastat,compound,BRD-K82818427-001-04-8,,['matrix metalloprotease inhibitor'],-0.93119675,-12.46676
BR00116991,H17,A549,24,DMSO,compound,,negcon,,0.27792415,-14.844632
BR00116991,H18,A549,24,DMSO,compound,,negcon,,0.75058925,-14.711314
BR00116991,H19,A549,24,UNC1999,compound,BRD-K26989966-001-04-3,poscon_cp,['histone lysine methyltransferase inhibitor'],0.9710911,-3.837461
BR00116991,H20,A549,24,glutamine-(l),compound,BRD-K83896451-001-06-7,,,0.5032655,-14.781346
BR00116991,H21,A549,24,PD-98059,compound,BRD-K62810658-001-11-4,poscon_orf,,0.35342547,-14.223204
BR00116991,H22,A549,24,enilconazole,compound,BRD-K01825690-065-01-9,,,2.400997,-14.192806
BR00116991,H23,A549,24,N-alpha-Methylhistamine-dihydrochloride,compound,BRD-K75390981-300-04-9,,['histamine receptor agonist'],2.5978699,-14.538748
BR00116991,H24,A549,24,GK921,compound,BRD-K38272302-001-02-7,,,0.4442214,-4.7873096
BR00116991,I01,A549,24,nilvadipine,compound,BRD-A84687895-001-03-2,,['calcium channel blocker'],0.7214782,-13.949092
BR00116991,I02,A549,24,DMSO,compound,,negcon,,0.90781426,-14.842283
BR00116991,I03,A549,24,AC-710,compound,BRD-K15819326-001-01-6,,['PDGFR tyrosine kinase receptor inhibitor'],-0.48548487,-7.8915634
BR00116991,I04,A549,24,PETCM,compound,BRD-A93477898-001-04-2,,,-2.2896264,-12.302851
BR00116991,I05,A549,24,AZD7762,compound,BRD-K86525559-001-07-8,poscon_diverse,['CHK inhibitor'],1.4416642,-4.187516
BR00116991,I06,A549,24,PHA-793887,compound,BRD-K64800655-001-09-0,poscon_diverse,['CDK inhibitor'],1.3574301,-5.065997
BR00116991,I07,A549,24,KU-60019,compound,BRD-K36016295-001-05-2,,['ATM kinase inhibitor'],0.1418556,-6.472883
BR00116991,I08,A549,24,nafamostat,compound,BRD-K06674495-334-04-0,,,0.37355694,-10.861037
BR00116991,I09,A549,24,DMSO,compound,,negcon,,0.45692268,-14.388711
BR00116991,I10,A549,24,DMSO,compound,,negcon,,0.62894326,-14.394494
BR00116991,I11,A549,24,taladegib,compound,BRD-K50498985-001-03-3,,['smoothened receptor antagonist'],0.55128825,-14.339319
BR00116991,I12,A549,24,acetohexamide,compound,BRD-K52960356-001-13-0,,['ATP channel blocker'],0.52397925,-14.173138
BR00116991,I13,A549,24,minocycline,compound,BRD-A69651145-003-11-4,,,0.25229952,-14.382176
BR00116991,I14,A549,24,BI-2536,compound,BRD-K64890080-001-02-1,poscon_diverse,,1.076003,-5.5514965
BR00116991,I15,A549,24,riociguat,compound,BRD-K84783599-001-01-0,,,0.5226851,-14.704365
BR00116991,I16,A549,24,CP-724714,compound,BRD-K76908866-001-07-6,poscon_cp,"['EGFR inhibitor', 'protein tyrosine kinase inhibitor']",-0.26652673,-10.482501
BR00116991,I17,A549,24,ganetespib,compound,BRD-K38852836-001-04-9,poscon_diverse,['HSP inhibitor'],2.4859693,-7.880777
BR00116991,I18,A549,24,AZ191,compound,BRD-K80935598-001-01-1,poscon_cp,['DYRK inhibitor'],-0.63718975,-7.1798716
BR00116991,I19,A549,24,BAX-channel-blocker,compound,BRD-A18763547-300-06-3,,,-0.26457092,-7.6383224
BR00116991,I20,A549,24,SU3327,compound,BRD-K32730239-001-01-0,,['JNK inhibitor'],1.95588,-7.353851
BR00116991,I21,A549,24,DMSO,compound,,negcon,,0.62069273,-14.430134
BR00116991,I22,A549,24,DMSO,compound,,negcon,,0.55775344,-14.6698065
BR00116991,I23,A549,24,octreotide,compound,BRD-A64173453-015-03-1,,['somatostatin receptor agonist'],1.1642386,-14.907192
BR00116991,I24,A549,24,1-octanol,compound,BRD-K09338665-001-08-9,,,1.7784475,-14.264073
BR00116991,J01,A549,24,acalabrutinib,compound,BRD-K64034691-001-01-9,,"[""Bruton's tyrosine kinase (BTK) inhibitor""]",3.0408604,-14.159442
BR00116991,J02,A549,24,rifamycin,compound,BRD-K38512030-001-01-7,,,0.33220094,-14.798022
BR00116991,J03,A549,24,pazopanib,compound,BRD-K74514084-003-09-2,,"['KIT inhibitor', 'VEGFR inhibitor', 'PDGFR tyrosine kinase receptor inhibitor']",-0.084314846,-11.703344
BR00116991,J04,A549,24,RKI-1447,compound,BRD-K19333160-001-01-3,poscon_cp,,-1.423,-13.197995
BR00116991,J05,A549,24,vitamin-E,compound,BRD-K97091514-001-11-4,,['PKC inhibitor'],0.39978415,-14.961858
BR00116991,J06,A549,24,lonafarnib,compound,BRD-K41599323-001-02-3,poscon_diverse,,-2.1066263,-7.505561
BR00116991,J07,A549,24,ethyl-pyruvate,compound,BRD-K47738867-001-01-5,,,0.36410907,-14.864435
BR00116991,J08,A549,24,picrotin,compound,BRD-A91822151-001-05-0,,['GABA receptor antagonist'],0.30972198,-14.903987
BR00116991,J09,A549,24,SGX523,compound,BRD-K19477839-001-07-6,poscon_cp,,0.91903394,-14.316309
BR00116991,J10,A549,24,PP-2,compound,BRD-K95785537-001-22-3,,['src inhibitor'],0.8355271,-8.322342
BR00116991,J11,A549,24,ME-0328,compound,BRD-A63444178-001-01-5,,['PPAR receptor antagonist'],0.48737672,-14.89284
BR00116991,J12,A549,24,AZD9668,compound,BRD-K31476763-001-01-5,,['elastase inhibitor'],0.465718,-14.926984
BR00116991,J13,A549,24,NQDI-1,compound,BRD-K61918008-001-07-1,,,0.2106271,-14.790271
BR00116991,J14,A549,24,DMSO,compound,,negcon,,0.25987852,-14.550609
BR00116991,J15,A549,24,carzenide,compound,BRD-K09295674-001-09-8,,,0.4002458,-14.914913
BR00116991,J16,A549,24,KU-55933,compound,BRD-K25311561-001-10-7,,['ATM kinase inhibitor'],0.15162583,-10.521864
BR00116991,J17,A549,24,NVP-AEW541,compound,BRD-K24696047-001-02-3,poscon_cp,['IGF-1 inhibitor'],-0.3116302,-7.5773897
BR00116991,J18,A549,24,leflunomide,compound,BRD-K78692225-001-24-5,,['PDGFR tyrosine kinase receptor inhibitor'],0.3968678,-14.959963
BR00116991,J19,A549,24,DMSO,compound,,negcon,,0.453551,-14.9357605
BR00116991,J20,A549,24,azacitidine,compound,BRD-K03406345-001-21-1,poscon_diverse,,1.4067153,-11.251018
BR00116991,J21,A549,24,ixabepilone,compound,BRD-K03601870-001-01-2,,['microtubule stabilizing agent'],-0.16226761,-4.3587885
BR00116991,J22,A549,24,KH-CB19,compound,BRD-K66430217-001-03-8,poscon_cp,['CDC inhibitor'],1.0081623,-14.457892
BR00116991,J23,A549,24,DMSO,compound,,negcon,,0.46459332,-14.5354395
BR00116991,J24,A549,24,PF-05190457,compound,BRD-K02554563-001-01-6,,,1.8556232,-14.104749
BR00116991,K01,A549,24,LDN-212854,compound,BRD-K59831625-001-03-9,,,1.1305954,-3.8508117
BR00116991,K02,A549,24,formononetin,compound,BRD-K55567017-001-12-3,,['alcohol dehydrogenase inhibitor'],0.8733793,-14.82088
BR00116991,K03,A549,24,aminopurvalanol-a,compound,BRD-K07762753-001-05-1,poscon_orf,['CDK inhibitor'],2.0591865,-7.5844903
BR00116991,K04,A549,24,ruxolitinib,compound,BRD-K53972329-001-01-3,poscon_cp,['JAK inhibitor'],-1.2829139,-13.169697
BR00116991,K05,A549,24,DMSO,compound,,negcon,,0.74631304,-14.792135
BR00116991,K06,A549,24,DMSO,compound,,negcon,,0.9043198,-14.59274
BR00116991,K07,A549,24,LGK-974,compound,BRD-K16810791-001-01-0,,['porcupine inhibitor'],1.1120044,-14.690111
BR00116991,K08,A549,24,polydatin,compound,BRD-K43236057-001-07-1,,['ICAM1 expression inhibitor'],1.0166289,-6.6212463
BR00116991,K09,A549,24,enflurane,compound,BRD-A51831848-001-01-7,,,0.2975817,-14.415916
BR00116991,K10,A549,24,PFI-1,compound,BRD-K13094524-001-04-2,poscon_cp,,0.52569616,-14.336389
BR00116991,K11,A549,24,AZD7762,compound,BRD-K86525559-001-07-8,poscon_diverse,['CHK inhibitor'],1.328639,-4.1573925
BR00116991,K12,A549,24,sotrastaurin,compound,BRD-K16761703-001-03-8,,['PKC inhibitor'],-2.162105,-14.013027
BR00116991,K13,A549,24,DMSO,compound,,negcon,,0.6225095,-14.381551
BR00116991,K14,A549,24,cycloheximide,compound,BRD-K36055864-001-20-0,,['protein synthesis inhibitor'],1.2270627,-11.070581
BR00116991,K15,A549,24,oxytocin,compound,BRD-K25243230-001-01-2,,,2.08568,-14.199184
BR00116991,K16,A549,24,DMSO,compound,,negcon,,0.56870323,-14.348565
BR00116991,K17,A549,24,colchicine,compound,BRD-K00259736-001-16-4,,,-0.22757809,-4.3580465
BR00116991,K18,A549,24,afimoxifene,compound,BRD-K04210847-001-21-9,,,0.6806904,-13.387094
BR00116991,K19,A549,24,DMSO,compound,,negcon,,0.39457175,-14.608191
BR00116991,K20,A549,24,ZK-93423,compound,BRD-K33882852-003-02-8,poscon_diverse,['benzodiazepine receptor agonist'],0.62240803,-12.739934
BR00116991,K21,A549,24,RGB-286638,compound,BRD-K20986415-001-02-6,,['CDK inhibitor'],1.4735086,-4.2601557
BR00116991,K22,A549,24,FPS-ZM1,compound,BRD-K87691185-001-01-2,,['RAGE receptor antagonist'],1.606724,-14.186312
BR00116991,K23,A549,24,flindokalner,compound,BRD-K56740996-001-02-1,,,2.0654185,-13.74758
BR00116991,K24,A549,24,motesanib,compound,BRD-K99616396-316-05-3,,"['KIT inhibitor', 'VEGFR inhibitor', 'PDGFR tyrosine kinase receptor inhibitor']",-0.027054856,-11.569293
BR00116991,L01,A549,24,geldanamycin,compound,BRD-K43570081-001-02-4,,['HSP inhibitor'],2.44847,-7.758523
BR00116991,L02,A549,24,DMSO,compound,,negcon,,0.37296608,-14.948605
BR00116991,L03,A549,24,CGP-53353,compound,BRD-K32292990-001-03-6,,"['PKC inhibitor', 'EGFR inhibitor']",0.46016362,-14.95323
BR00116991,L04,A549,24,7-hydroxystaurosporine,compound,BRD-K45293975-001-02-0,,"['CDK inhibitor', 'PKC inhibitor', 'CHK inhibitor']",-0.0009803717,-6.8310847
BR00116991,L05,A549,24,DMSO,compound,,negcon,,0.46224865,-14.831049
BR00116991,L06,A549,24,DMSO,compound,,negcon,,0.37387472,-14.617016
BR00116991,L07,A549,24,efaproxiral,compound,BRD-K37355418-236-01-6,,,0.11726773,-14.886599
BR00116991,L08,A549,24,SB-203580,compound,BRD-A37704979-001-12-3,poscon_orf,['p38 MAPK inhibitor'],0.7969987,-9.871887
BR00116991,L09,A549,24,FK-866,compound,BRD-K58550667-001-08-7,poscon_diverse,,-1.0689793,-13.546862
BR00116991,L10,A549,24,bepridil,compound,BRD-A91008255-003-24-8,,['calcium channel blocker'],-0.94277793,-10.815221
BR00116991,L11,A549,24,delanzomib,compound,BRD-K59325863-001-04-4,,,0.74102455,-4.5986896
BR00116991,L12,A549,24,buparlisib,compound,BRD-K42191735-001-08-7,poscon_diverse,,-0.17762257,-4.859664
BR00116991,L13,A549,24,phenylbutazone,compound,BRD-K10843433-001-23-5,,"['cyclooxygenase inhibitor', 'prostanoid receptor antagonist']",0.7655641,-15.052609
BR00116991,L14,A549,24,deferasirox,compound,BRD-K97010173-001-04-1,,,-0.49854195,-13.611979
BR00116991,L15,A549,24,DMSO,compound,,negcon,,0.23800316,-14.689909
BR00116991,L16,A549,24,cediranib,compound,BRD-K86930074-001-05-0,,"['KIT inhibitor', 'VEGFR inhibitor']",-0.59569436,-7.609969
BR00116991,L17,A549,24,isoflurane,compound,BRD-A31564021-001-02-6,,,0.5736137,-15.069764
BR00116991,L18,A549,24,DMSO,compound,,negcon,,0.40487128,-14.584513
BR00116991,L19,A549,24,CCG-50014,compound,BRD-K08893438-001-06-4,,['G protein signaling inhibitor'],0.3573638,-14.680968
BR00116991,L20,A549,24,PF-431396,compound,BRD-K93788137-001-04-1,,,1.3288577,-6.7806187
BR00116991,L21,A549,24,TG-02,compound,BRD-K14560436-001-01-4,,"['CDK inhibitor', 'FLT3 inhibitor', 'JAK inhibitor']",2.496657,-6.0185437
BR00116991,L22,A549,24,baclofen,compound,BRD-K01826724-003-07-9,,['benzodiazepine receptor agonist'],0.82881373,-14.378403
BR00116991,L23,A549,24,thiostrepton,compound,BRD-A20697603-001-07-2,,['protein synthesis inhibitor'],-0.68647844,-8.176281
BR00116991,L24,A549,24,flufenamic-acid,compound,BRD-K44067360-001-29-5,,,1.284838,-14.332794
BR00116991,M01,A549,24,DMSO,compound,,negcon,,0.468415,-14.735698
BR00116991,M02,A549,24,LY2109761,compound,BRD-K47557313-001-02-7,,,1.2587198,-13.452686
BR00116991,M03,A549,24,olopatadine,compound,BRD-K67637637-003-11-8,,['histamine receptor antagonist'],1.1641867,-15.120053
BR00116991,M04,A549,24,DMSO,compound,,negcon,,0.9346733,-14.628995
BR00116991,M05,A549,24,castanospermine,compound,BRD-K20897876-001-11-8,,['glucosidase inhibitor'],1.9147928,-14.809189
BR00116991,M06,A549,24,A205804,compound,BRD-K77627880-001-04-0,,['ICAM1 expression inhibitor'],-1.9424218,-13.089062
BR00116991,M07,A549,24,VU591,compound,BRD-K72063794-003-01-0,,['potassium channel blocker'],1.1984808,-14.43862
BR00116991,M08,A549,24,dalbavancin,compound,BRD-K30177383-001-01-0,,['bacterial cell wall synthesis inhibitor'],0.561774,-14.367594
BR00116991,M09,A549,24,CC-401,compound,BRD-K45746021-003-01-9,,['JNK inhibitor'],-0.97438496,-11.562238
BR00116991,M10,A549,24,ganetespib,compound,BRD-K38852836-001-04-9,poscon_diverse,['HSP inhibitor'],2.5460935,-7.87221
BR00116991,M11,A549,24,ingenol-mebutate,compound,BRD-K93779381-001-01-9,,,1.2190903,-5.368704
BR00116991,M12,A549,24,menadione,compound,BRD-K78126613-001-27-7,,,0.72211355,-13.607935
BR00116991,M13,A549,24,cetilistat,compound,BRD-K94863486-001-02-2,,,0.48191488,-14.348727
BR00116991,M14,A549,24,methoxsalen,compound,BRD-K63430059-001-16-4,,['DNA synthesis inhibitor'],0.7353834,-14.258132
BR00116991,M15,A549,24,cyclosporine,compound,BRD-K13533483-001-16-2,,,0.88323724,-7.8225455
BR00116991,M16,A549,24,NSC-632839,compound,BRD-K81197548-003-01-4,poscon_cp,['ubiquitin specific protease inhibitor'],0.4444076,-4.3688374
BR00116991,M17,A549,24,DMSO,compound,,negcon,,0.413502,-14.487327
BR00116991,M18,A549,24,TG-003,compound,BRD-K97072811-001-11-4,poscon_cp,,0.3535009,-14.300985
BR00116991,M19,A549,24,oxibendazole,compound,BRD-K52075715-001-06-7,,['tubulin polymerization inhibitor'],-0.238701,-4.3963666
BR00116991,M20,A549,24,TG-101348,compound,BRD-K12502280-001-11-4,poscon_cp,"['JAK inhibitor', 'FLT3 inhibitor']",1.0443748,-3.8947713
BR00116991,M21,A549,24,miglitol,compound,BRD-A63310107-001-04-8,,['glucosidase inhibitor'],0.5980448,-14.562032
BR00116991,M22,A549,24,DMSO,compound,,negcon,,0.5707462,-14.3644
BR00116991,M23,A549,24,DMSO,compound,,negcon,,0.9457201,-14.436289
BR00116991,M24,A549,24,tranilast,compound,BRD-K17849083-001-32-9,,,1.4050287,-13.675546
BR00116991,N01,A549,24,4-methylhistamine,compound,BRD-K70821460-300-02-4,,['histamine receptor agonist'],0.5592192,-14.752088
BR00116991,N02,A549,24,LDN-27219,compound,BRD-K51485109-001-01-4,,,1.0544542,-14.587633
BR00116991,N03,A549,24,anisomycin,compound,BRD-K91370081-001-25-1,,['DNA synthesis inhibitor'],1.7755817,-3.835393
BR00116991,N04,A549,24,thioguanine,compound,BRD-K49350383-001-13-7,poscon_diverse,,1.425267,-9.354966
BR00116991,N05,A549,24,droxinostat,compound,BRD-K11558771-001-13-9,,['HDAC inhibitor'],-1.2441134,-11.022771
BR00116991,N06,A549,24,UNC2025,compound,BRD-K91283740-003-01-6,poscon_cp,['FLT3 inhibitor'],0.19323882,-7.1638303
BR00116991,N07,A549,24,DMSO,compound,,negcon,,0.23881853,-14.687032
BR00116991,N08,A549,24,DMSO,compound,,negcon,,0.3258236,-15.034458
BR00116991,N09,A549,24,AMG900,compound,BRD-K21728777-001-02-3,poscon_cp,['Aurora kinase inhibitor'],1.2593874,-6.6053514
BR00116991,N10,A549,24,PF-06463922,compound,BRD-A23124853-001-01-4,,['ALK tyrosine kinase receptor inhibitor'],-0.6275439,-10.022242
BR00116991,N11,A549,24,orantinib,compound,BRD-K55966568-001-09-6,poscon_cp,"['FGFR inhibitor', 'PDGFR tyrosine kinase receptor inhibitor', 'VEGFR inhibitor']",-2.4018252,-13.241099
BR00116991,N12,A549,24,fludarabine-phosphate,compound,BRD-K71106091-001-09-5,,['ribonucleotide reductase inhibitor'],2.0891929,-8.843242
BR00116991,N13,A549,24,ceritinib,compound,BRD-K22149900-001-06-2,,['ALK tyrosine kinase receptor inhibitor'],-0.4087365,-8.499661
BR00116991,N14,A549,24,NVS-PAK1-1,compound,BRD-K28132190-001-02-0,poscon_cp,['p21 activated kinase inhibitor'],-1.5720792,-12.706717
BR00116991,N15,A549,24,homoharringtonine,compound,BRD-K76674262-001-03-3,,['protein synthesis inhibitor'],1.8687835,-3.8871105
BR00116991,N16,A549,24,picrotoxinin,compound,BRD-K36461289-001-05-8,,['GABA receptor antagonist'],0.38552216,-14.903882
BR00116991,N17,A549,24,DMSO,compound,,negcon,,0.32130858,-14.68671
BR00116991,N18,A549,24,danusertib,compound,BRD-K07881437-001-03-8,poscon_diverse,"['growth factor receptor inhibitor', 'Aurora kinase inhibitor']",1.3035347,-6.9565115
BR00116991,N19,A549,24,romidepsin,compound,BRD-K61397605-001-01-8,poscon_cp,['HDAC inhibitor'],0.82009244,-3.8243563
BR00116991,N20,A549,24,FERb-033,compound,BRD-K61642990-001-01-0,poscon_cp,['EGFR inhibitor'],0.1956643,-14.397388
BR00116991,N21,A549,24,PF-03758309,compound,BRD-K37764012-001-03-3,poscon_diverse,['p21 activated kinase inhibitor'],2.3380175,-6.2261763
BR00116991,N22,A549,24,DMSO,compound,,negcon,,0.47873983,-14.72128
BR00116991,N23,A549,24,trometamol,compound,BRD-K47978074-001-03-2,,,1.5988797,-14.073046
BR00116991,N24,A549,24,simvastatin,compound,BRD-K22134346-001-22-3,,['HMGCR inhibitor'],1.4102135,-14.158319
BR00116991,O01,A549,24,zaprinast,compound,BRD-K16542329-001-16-8,,['phosphodiesterase inhibitor'],0.74272877,-13.746446
BR00116991,O02,A549,24,dexamethasone,compound,BRD-A10188456-001-04-9,,['glucocorticoid receptor agonist'],2.5569787,-10.242159
BR00116991,O03,A549,24,salicylic-acid,compound,BRD-K93632104-001-17-2,,['cyclooxygenase inhibitor'],1.0704408,-14.95664
BR00116991,O04,A549,24,diltiazem,compound,BRD-A69636825-003-04-7,,['calcium channel blocker'],-0.69398856,-11.020958
BR00116991,O05,A549,24,phenolphthalein,compound,BRD-K19227686-001-18-6,,,-2.1102128,-13.037937
BR00116991,O06,A549,24,niflumic-acid,compound,BRD-K98763141-001-30-8,,['cyclooxygenase inhibitor'],0.38996607,-13.98878
BR00116991,O07,A549,24,DMSO,compound,,negcon,,0.8691358,-14.680991
BR00116991,O08,A549,24,L-Cystine,compound,BRD-A15397381-001-02-5,,,1.7596469,-14.902716
BR00116991,O09,A549,24,ozanimod,compound,BRD-K46625559-001-01-8,,['sphingosine 1 phosphate receptor agonist'],0.019823758,-13.704919
BR00116991,O10,A549,24,efaroxan,compound,BRD-A10739734-003-09-8,,['adrenergic receptor antagonist'],1.0699853,-14.316742
BR00116991,O11,A549,24,NBQX,compound,BRD-K11796549-001-05-2,,['glutamate receptor antagonist'],0.50919557,-14.368955
BR00116991,O12,A549,24,dinoprostone,compound,BRD-K26521938-001-07-2,,['prostanoid receptor agonist'],0.8420017,-14.696757
BR00116991,O13,A549,24,Ro-20-1724,compound,BRD-A07207424-001-14-0,,['phosphodiesterase inhibitor'],0.48454794,-14.409007
BR00116991,O14,A549,24,xanomeline,compound,BRD-K72815923-034-02-0,,['acetylcholine receptor agonist'],0.88823575,-14.358908
BR00116991,O15,A549,24,terazosin,compound,BRD-K01825589-310-02-9,,['adrenergic receptor antagonist'],2.9113414,-14.041363
BR00116991,O16,A549,24,BVT-948,compound,BRD-K68567222-001-01-2,,,1.6926019,-14.182352
BR00116991,O17,A549,24,nicotine,compound,BRD-K01825660-322-01-9,,['acetylcholine receptor agonist'],0.55892164,-14.436989
BR00116991,O18,A549,24,DMSO,compound,,negcon,,0.8673416,-14.360097
BR00116991,O19,A549,24,U-0521,compound,BRD-K08953028-001-09-6,,,0.8220083,-14.222048
BR00116991,O20,A549,24,BMS-587101,compound,BRD-K20093108-001-02-3,,,1.1580304,-14.633244
BR00116991,O21,A549,24,nimodipine,compound,BRD-A58048407-001-20-4,,['calcium channel blocker'],0.8533431,-14.317777
BR00116991,O22,A549,24,pyrrolidine-dithiocarbamate,compound,BRD-K80970344-201-08-6,,,2.2412426,-7.548827
BR00116991,O23,A549,24,PF-915275,compound,BRD-K18289362-001-02-2,,,1.4228185,-14.333344
BR00116991,O24,A549,24,JTE-013,compound,BRD-K43330982-001-02-3,,,1.6355608,-14.185983
BR00116991,P01,A549,24,sodium-butyrate,compound,BRD-K05878375-236-05-7,,['HDAC inhibitor'],-2.7073827,-12.332015
BR00116991,P02,A549,24,pentostatin,compound,BRD-K91543828-001-02-0,,['ribonucleotide reductase inhibitor'],0.15707798,-14.815299
BR00116991,P03,A549,24,OMDM-2,compound,BRD-K48830578-001-01-9,,,0.49427012,-14.759676
BR00116991,P04,A549,24,nalmefene,compound,BRD-A72767275-003-01-6,,,0.3075608,-14.950641
BR00116991,P05,A549,24,DMSO,compound,,negcon,,0.25282604,-15.038921
BR00116991,P06,A549,24,1-EBIO,compound,BRD-K70586315-001-02-4,,,0.34563187,-15.061349
BR00116991,P07,A549,24,SB-505124,compound,BRD-K40109029-001-02-9,,['ALK tyrosine kinase receptor inhibitor'],1.7609241,-15.098015
BR00116991,P08,A549,24,prasugrel,compound,BRD-A83029242-001-06-1,,['purinergic receptor antagonist'],0.16669309,-14.757067
BR00116991,P09,A549,24,pidolic-acid,compound,BRD-K57313110-001-06-8,,,0.094152786,-14.694436
BR00116991,P10,A549,24,DMSO,compound,,negcon,,0.08726413,-14.764686
BR00116991,P11,A549,24,nevirapine,compound,BRD-K15502390-001-20-9,,,0.27397206,-14.842233
BR00116991,P12,A549,24,triamterene,compound,BRD-K92049597-001-20-8,,['sodium channel blocker'],0.2709117,-15.015988
BR00116991,P13,A549,24,regorafenib,compound,BRD-K16730910-001-07-3,,"['PDGFR tyrosine kinase receptor inhibitor', 'RAF inhibitor', 'KIT inhibitor', 'RET tyrosine kinase inhibitor', 'FGFR inhibitor', 'VEGFR inhibitor']",-1.0143886,-11.932978
BR00116991,P14,A549,24,cyclophosphamide,compound,BRD-A09722536-002-18-0,,,0.1436172,-15.040775
BR00116991,P15,A549,24,olanzapine,compound,BRD-K18895904-001-16-1,,"['dopamine receptor antagonist', 'serotonin receptor antagonist']",-0.23078048,-14.235619
BR00116991,P16,A549,24,KI-16425,compound,BRD-A25569250-001-03-3,,['lysophosphatidic acid receptor antagonist'],-2.267876,-12.4471
BR00116991,P17,A549,24,SKLB1002,compound,BRD-K29895144-001-01-0,,['VEGFR inhibitor'],0.76770574,-15.060495
BR00116991,P18,A549,24,cilostazol,compound,BRD-K67017579-001-28-1,,['phosphodiesterase inhibitor'],0.50734794,-14.93131
BR00116991,P19,A549,24,AZD1283,compound,BRD-K77060810-001-01-5,,['purinergic receptor antagonist'],0.07078813,-14.780244
BR00116991,P20,A549,24,A-987306,compound,BRD-K68982262-001-01-4,,['histamine receptor antagonist'],-0.79318875,-8.862445
BR00116991,P21,A549,24,procaine,compound,BRD-K24616672-003-20-1,,['HMGCR inhibitor'],0.18502437,-14.547921
BR00116991,P22,A549,24,miconazole,compound,BRD-A82396632-008-30-8,,['bacterial cell wall synthesis inhibitor'],-2.227109,-13.090457
BR00116991,P23,A549,24,loperamide,compound,BRD-K61250553-003-30-6,,,-0.5909911,-8.656785
BR00116991,P24,A549,24,aripiprazole,compound,BRD-K70358946-001-17-3,,['serotonin receptor antagonist'],-0.8630919,-8.876844
BR00116992,A01,A549,24,gabapentin-enacarbil,compound,BRD-A86665761-001-01-1,,,1.5828536,-14.391472
BR00116992,A02,A549,24,DMSO,compound,,negcon,,1.9535159,-14.10673
BR00116992,A03,A549,24,amlodipine,compound,BRD-A22032524-074-09-9,,['calcium channel blocker'],-0.63805664,-8.621757
BR00116992,A04,A549,24,hexestrol,compound,BRD-A01078468-001-14-8,,,2.0028083,-14.467445
BR00116992,A05,A549,24,quinine,compound,BRD-K48278478-001-01-2,,,2.0719337,-14.910849
BR00116992,A06,A549,24,LOXO-101,compound,BRD-K36574127-001-01-3,,,2.2564898,-14.916439
BR00116992,A07,A549,24,brinzolamide,compound,BRD-K74913225-001-14-0,,['carbonic anhydrase inhibitor'],1.2178992,-14.52613
BR00116992,A08,A549,24,NS-11021,compound,BRD-K94342292-001-01-3,,['calcium-activated potassium channel activator'],-0.34100384,-12.437698
BR00116992,A09,A549,24,DMSO,compound,,negcon,,2.1930785,-14.329005
BR00116992,A10,A549,24,GNF-5837,compound,BRD-K19975102-001-01-2,,['growth factor receptor inhibitor'],-0.25055996,-11.544239
BR00116992,A11,A549,24,apatinib,compound,BRD-K25244359-066-02-6,,['RET tyrosine kinase inhibitor'],-0.3354759,-11.285335
BR00116992,A12,A549,24,ethoxzolamide,compound,BRD-K18131774-001-18-4,,['carbonic anhydrase inhibitor'],2.197312,-14.818064
BR00116992,A13,A549,24,ascorbic-acid,compound,BRD-A85242401-001-11-5,,,1.8139027,-14.472548
BR00116992,A14,A549,24,ryuvidine,compound,BRD-K06426971-001-02-7,,['histone lysine methyltransferase inhibitor'],1.0576174,-4.7818794
BR00116992,A15,A549,24,BAN-ORL-24,compound,BRD-K47049295-300-03-1,,,0.32798758,-7.4750648
BR00116992,A16,A549,24,NNC-55-0396,compound,BRD-K78122587-300-04-3,,,-0.4469871,-7.9045997
BR00116992,A17,A549,24,DMSO,compound,,negcon,,2.2565606,-14.222245
BR00116992,A18,A549,24,WH-4-023,compound,BRD-K50199947-001-03-4,,['src inhibitor'],0.19818784,-7.649968
BR00116992,A19,A549,24,flupirtine,compound,BRD-K50720187-051-03-1,,['glutamate receptor antagonist'],2.5175612,-14.619508
BR00116992,A20,A549,24,ZK811752,compound,BRD-K91825936-001-03-9,,,1.714322,-14.133388
BR00116992,A21,A549,24,dexamethasone,compound,BRD-K38775274-001-22-1,,['glucocorticoid receptor agonist'],2.552199,-10.174984
BR00116992,A22,A549,24,PP-1,compound,BRD-K47598052-001-14-1,,['src inhibitor'],0.8761438,-8.298273
BR00116992,A23,A549,24,DDR1-IN-1,compound,BRD-K61845293-300-01-9,,,-0.64484185,-8.84742
BR00116992,A24,A549,24,AVL-292,compound,BRD-K87782578-001-01-4,,"[""Bruton's tyrosine kinase (BTK) inhibitor""]",1.1581117,-7.8625875
BR00116992,B01,A549,24,H2L-5765834,compound,BRD-K26439554-001-01-3,,['lysophosphatidic acid receptor antagonist'],1.8865601,-14.777633
BR00116992,B02,A549,24,thiostrepton,compound,BRD-K58049875-001-03-9,,['protein synthesis inhibitor'],-0.6383974,-7.962261
BR00116992,B03,A549,24,DMSO,compound,,negcon,,2.1358833,-14.229041
BR00116992,B04,A549,24,arcyriaflavin-a,compound,BRD-K72726508-001-02-1,,['CDK inhibitor'],0.99123865,-9.877832
BR00116992,B05,A549,24,CYM-5520,compound,BRD-K29151923-001-01-5,,['sphingosine 1 phosphate receptor agonist'],2.5078392,-13.960437
BR00116992,B06,A549,24,fludarabine,compound,BRD-K66788707-001-14-3,,['ribonucleotide reductase inhibitor'],2.1987326,-9.326308
BR00116992,B07,A549,24,alda-1,compound,BRD-K06890060-001-09-1,,,2.1002908,-13.948105
BR00116992,B08,A549,24,meclofenamic-acid,compound,BRD-K50398167-236-22-7,,"['cyclooxygenase inhibitor', 'prostanoid receptor antagonist']",2.2234788,-14.296358
BR00116992,B09,A549,24,GNF-5,compound,BRD-K87632963-001-03-0,,['Bcr-Abl kinase inhibitor'],1.387689,-13.967109
BR00116992,B10,A549,24,NS-309,compound,BRD-K37602296-001-01-6,,['calcium-activated potassium channel activator'],1.9091622,-14.438774
BR00116992,B11,A549,24,AK-7,compound,BRD-K09143580-001-01-0,,['SIRT inhibitor'],-3.9757237,-12.308809
BR00116992,B12,A549,24,BVT-948,compound,BRD-A22713669-001-04-3,,,2.7361174,-14.300075
BR00116992,B13,A549,24,SirReal-2,compound,BRD-K16472653-001-01-6,,['SIRT inhibitor'],-2.6230454,-12.382839
BR00116992,B14,A549,24,DMSO,compound,,negcon,,2.093202,-13.83549
BR00116992,B15,A549,24,BMS-536924,compound,BRD-K34581968-001-05-3,,['IGF-1 inhibitor'],0.8323387,-7.7567167
BR00116992,B16,A549,24,PP-121,compound,BRD-K81801188-001-02-8,,['protein tyrosine kinase inhibitor'],1.1701837,-4.7039104
BR00116992,B17,A549,24,MCOPPB,compound,BRD-K73276278-305-01-1,,,-0.8487548,-7.554233
BR00116992,B18,A549,24,ozagrel,compound,BRD-K53061490-003-13-9,,,2.329855,-13.896704
BR00116992,B19,A549,24,CYM-5442,compound,BRD-A43005764-003-01-5,,['sphingosine 1 phosphate receptor agonist'],-1.4935219,-8.37652
BR00116992,B20,A549,24,CVT-10216,compound,BRD-K60659193-001-01-0,,,2.4215286,-14.288227
BR00116992,B21,A549,24,TCN201,compound,BRD-K09787262-001-02-7,,['glutamate receptor antagonist'],2.547581,-14.1896925
BR00116992,B22,A549,24,fomepizole,compound,BRD-K56810756-003-07-7,,['alcohol dehydrogenase inhibitor'],2.2945054,-13.959929
BR00116992,B23,A549,24,benzamil,compound,BRD-K87158025-003-08-7,,['sodium channel blocker'],-1.9977608,-12.171132
BR00116992,B24,A549,24,lercanidipine,compound,BRD-A18992208-003-02-7,,['calcium channel blocker'],-0.31214637,-11.572457
BR00116992,C01,A549,24,4-CMTB,compound,BRD-A54139254-001-09-2,,['free fatty acid receptor agonist'],1.8220414,-14.578012
BR00116992,C02,A549,24,ML-228,compound,BRD-K44432556-001-05-5,,,1.9184662,-14.63781
BR00116992,C03,A549,24,DMSO,compound,,negcon,,2.0912538,-13.953137
BR00116992,C04,A549,24,GSK1070916,compound,BRD-K36740062-001-06-6,,['Aurora kinase inhibitor'],0.32640368,-7.2259865
BR00116992,C05,A549,24,ML-193,compound,BRD-K27539181-001-08-5,,,2.2011468,-13.957626
BR00116992,C06,A549,24,DMSO,compound,,negcon,,2.09556,-14.469087
BR00116992,C07,A549,24,M-25,compound,BRD-K51265828-001-01-0,,['smoothened receptor antagonist'],1.8099357,-14.311837
BR00116992,C08,A549,24,azeliragon,compound,BRD-K51899933-001-02-6,,['RAGE receptor antagonist'],-0.35542995,-7.4521656
BR00116992,C09,A549,24,CYT-997,compound,BRD-K23363278-001-02-1,poscon_diverse,['tubulin polymerization inhibitor'],-0.25620234,-4.4293795
BR00116992,C10,A549,24,AR-12,compound,BRD-K90497590-001-05-9,,,1.2110364,-3.8719134
BR00116992,C11,A549,24,CYM-50260,compound,BRD-K69877120-001-01-7,,['sphingosine 1 phosphate receptor agonist'],2.0997264,-13.948023
BR00116992,C12,A549,24,DMSO,compound,,negcon,,1.9640715,-14.354577
BR00116992,C13,A549,24,KG-5,compound,BRD-K90747162-001-01-4,poscon_cp,['RAF inhibitor'],-0.3246932,-4.449232
BR00116992,C14,A549,24,JTE-607,compound,BRD-K81405859-300-01-4,,,1.7636483,-14.485913
BR00116992,C15,A549,24,DMSO,compound,,negcon,,1.9139496,-13.843526
BR00116992,C16,A549,24,ilomastat,compound,BRD-K51662849-001-05-4,,['matrix metalloprotease inhibitor'],1.8432052,-14.531584
BR00116992,C17,A549,24,RX-821002,compound,BRD-A65597028-003-08-1,,['adrenergic receptor antagonist'],1.8311222,-14.123646
BR00116992,C18,A549,24,DMSO,compound,,negcon,,2.0166914,-14.105013
BR00116992,C19,A549,24,TUG-891,compound,BRD-K24282351-001-01-4,,['free fatty acid receptor agonist'],2.1693857,-14.60981
BR00116992,C20,A549,24,ponatinib,compound,BRD-K44227013-001-08-0,,"['PDGFR tyrosine kinase receptor inhibitor', 'FLT3 inhibitor', 'Bcr-Abl kinase inhibitor']",1.0027757,-4.000726
BR00116992,C21,A549,24,DMSO,compound,,negcon,,2.064907,-13.96068
BR00116992,C22,A549,24,puromycin,compound,BRD-K01824976-300-02-9,,['protein synthesis inhibitor'],0.8051363,-3.8811479
BR00116992,C23,A549,24,SRC-kinase-inhibitor-I,compound,BRD-K50495309-001-02-0,,['src inhibitor'],-0.3520154,-10.10092
BR00116992,C24,A549,24,acetylcysteine,compound,BRD-K59058747-001-19-1,,,1.8572137,-14.098152
BR00116992,D01,A549,24,NSC-625987,compound,BRD-K62949423-001-03-1,,['CDK inhibitor'],2.0973084,-14.433768
BR00116992,D02,A549,24,dalfampridine,compound,BRD-K22482860-001-20-6,,['potassium channel blocker'],2.139551,-14.328399
BR00116992,D03,A549,24,NSC-95397,compound,BRD-K68143200-001-11-7,,['CDC inhibitor'],1.453983,-12.00725
BR00116992,D04,A549,24,alrestatin,compound,BRD-K35498378-001-06-1,,['aldose reductase inhibitor'],-2.3549697,-12.681132
BR00116992,D05,A549,24,PF-03758309,compound,BRD-K37764012-001-03-3,poscon_diverse,['p21 activated kinase inhibitor'],2.433875,-15.100968
BR00116992,D06,A549,24,IRL-2500,compound,BRD-K98357249-001-02-9,,['endothelin receptor antagonist'],2.4617424,-14.496249
BR00116992,D07,A549,24,PF-04217903,compound,BRD-K73319509-001-08-0,poscon_cp,,1.7050037,-14.549848
BR00116992,D08,A549,24,FK-866,compound,BRD-K58550667-001-08-7,poscon_diverse,,-1.0584917,-13.553825
BR00116992,D09,A549,24,amlexanox,compound,BRD-K29530284-001-06-2,,,2.223889,-14.241868
BR00116992,D10,A549,24,GW-311616,compound,BRD-K37864785-001-01-0,,['elastase inhibitor'],2.918438,-14.578919
BR00116992,D11,A549,24,buparlisib,compound,BRD-K42191735-001-08-7,poscon_diverse,,-0.19535212,-5.0382977
BR00116992,D12,A549,24,amiloride,compound,BRD-K97181089-003-24-7,,['sodium channel blocker'],3.3690763,-14.188352
BR00116992,D13,A549,24,DG-172,compound,BRD-K75748943-300-01-3,,,-1.4219662,-9.571082
BR00116992,D14,A549,24,DMSO,compound,,negcon,,2.0025272,-14.053027
BR00116992,D15,A549,24,DMSO,compound,,negcon,,2.0153239,-14.199425
BR00116992,D16,A549,24,NVP-ADW742,compound,BRD-K15179513-001-04-2,poscon_cp,,-0.25549722,-7.1852217
BR00116992,D17,A549,24,misoprostol,compound,BRD-A72351335-001-04-5,,['prostanoid receptor agonist'],2.7487345,-14.24038
BR00116992,D18,A549,24,conivaptan,compound,BRD-K37385792-003-02-1,,,-0.8088926,-9.521364
BR00116992,D19,A549,24,spiroxatrine,compound,BRD-A72483914-001-03-7,,['serotonin receptor antagonist'],3.1201694,-14.041993
BR00116992,D20,A549,24,diacerein,compound,BRD-K69122748-001-10-1,,,1.909898,-14.595389
BR00116992,D21,A549,24,DMSO,compound,,negcon,,2.2804291,-14.043296
BR00116992,D22,A549,24,DMSO,compound,,negcon,,2.2196145,-14.12964
BR00116992,D23,A549,24,glyburide,compound,BRD-K36927236-001-36-7,,['ATP channel blocker'],3.2476032,-13.961716
BR00116992,D24,A549,24,ANR-94,compound,BRD-K31170746-001-01-6,,,2.3482132,-13.988871
BR00116992,E01,A549,24,TFC-007,compound,BRD-K57708067-001-01-3,,,2.227452,-14.961583
BR00116992,E02,A549,24,trihexyphenidyl,compound,BRD-A48180038-003-24-3,,['acetylcholine receptor antagonist'],1.5797426,-13.785515
BR00116992,E03,A549,24,epoprostenol,compound,BRD-K64054020-001-02-7,,,1.9380511,-14.44804
BR00116992,E04,A549,24,sacubitril,compound,BRD-K91456750-001-01-9,,,2.198567,-14.3507185
BR00116992,E05,A549,24,danusertib,compound,BRD-K07881437-001-03-8,poscon_diverse,"['growth factor receptor inhibitor', 'Aurora kinase inhibitor']",1.3199953,-7.08889
BR00116992,E06,A549,24,CYT-997,compound,BRD-K23363278-001-02-1,poscon_diverse,['tubulin polymerization inhibitor'],-0.33324665,-4.397835
BR00116992,E07,A549,24,DMSO,compound,,negcon,,2.0917578,-14.052861
BR00116992,E08,A549,24,BQ-788,compound,BRD-K02490038-236-03-8,,['endothelin receptor antagonist'],2.043009,-14.281726
BR00116992,E09,A549,24,SB-202190,compound,BRD-K54330070-001-19-6,poscon_orf,['p38 MAPK inhibitor'],0.66319937,-10.108793
BR00116992,E10,A549,24,GSK2110183,compound,BRD-K25412176-001-01-9,poscon_diverse,,-0.4624948,-8.3295
BR00116992,E11,A549,24,GSK3787,compound,BRD-K03155172-001-03-0,,['PPAR receptor antagonist'],2.8076377,-14.431575
BR00116992,E12,A549,24,BAM7,compound,BRD-K07442505-001-03-6,,,1.9443142,-14.03099
BR00116992,E13,A549,24,PHA-793887,compound,BRD-K64800655-001-09-0,poscon_diverse,['CDK inhibitor'],2.5845723,-5.9955935
BR00116992,E14,A549,24,DMSO,compound,,negcon,,2.0896552,-14.151216
BR00116992,E15,A549,24,GSK-37647,compound,BRD-K26514105-001-01-7,,['free fatty acid receptor agonist'],2.4614296,-14.730467
BR00116992,E16,A549,24,desonide,compound,BRD-K21528677-001-04-4,,['glucocorticoid receptor agonist'],2.5082378,-10.146723
BR00116992,E17,A549,24,DMSO,compound,,negcon,,2.0947895,-14.000668
BR00116992,E18,A549,24,aloxistatin,compound,BRD-K91188791-001-17-5,,,-1.0529203,-7.626228
BR00116992,E19,A549,24,azathioprine,compound,BRD-K32821942-001-22-1,,,2.9503102,-13.954139
BR00116992,E20,A549,24,ZK-93423,compound,BRD-K33882852-003-02-8,poscon_diverse,['benzodiazepine receptor agonist'],0.3250099,-11.925184
BR00116992,E21,A549,24,BI-2536,compound,BRD-K64890080-001-02-1,poscon_diverse,,1.1034503,-5.6339192
BR00116992,E22,A549,24,EI1,compound,BRD-K91535048-001-01-2,poscon_cp,['histone lysine methyltransferase inhibitor'],2.4416492,-14.468129
BR00116992,E23,A549,24,NVP-HSP990,compound,BRD-K67915505-001-01-2,,['HSP inhibitor'],2.589266,-7.833696
BR00116992,E24,A549,24,DMSO,compound,,negcon,,2.2511058,-14.305873
BR00116992,F01,A549,24,DMSO,compound,,negcon,,2.7374833,-14.3057995
BR00116992,F02,A549,24,nialamide,compound,BRD-K12102668-001-25-5,,,2.3584533,-14.197448
BR00116992,F03,A549,24,DMSO,compound,,negcon,,2.1131513,-14.232597
BR00116992,F04,A549,24,arundic-acid,compound,BRD-K49223707-001-01-0,,,2.3565252,-14.538172
BR00116992,F05,A549,24,torcitabine,compound,BRD-K91822704-003-07-2,,,2.3464859,-14.703348
BR00116992,F06,A549,24,DMSO,compound,,negcon,,2.129751,-14.147039
BR00116992,F07,A549,24,epothilone-b,compound,BRD-K68164687-001-01-6,,"['microtubule stabilizing agent', 'tubulin polymerization inhibitor']",-0.205708,-4.6584687
BR00116992,F08,A549,24,dyphylline,compound,BRD-A00827783-001-24-6,,['phosphodiesterase inhibitor'],2.267649,-14.074738
BR00116992,F09,A549,24,DMSO,compound,,negcon,,2.1482701,-14.34637
BR00116992,F10,A549,24,quinidine,compound,BRD-K59632282-052-03-1,,['sodium channel blocker'],2.2511659,-13.385018
BR00116992,F11,A549,24,halopemide,compound,BRD-K50055394-001-03-6,,,-0.32942733,-10.282192
BR00116992,F12,A549,24,sulfinpyrazone,compound,BRD-A36217750-001-16-3,,,2.4814508,-14.183692
BR00116992,F13,A549,24,ML-323,compound,BRD-K93942811-001-01-3,poscon_cp,['ubiquitin specific protease inhibitor'],2.058721,-14.364816
BR00116992,F14,A549,24,racecadotril,compound,BRD-A08187463-001-12-9,,,2.7604442,-14.356974
BR00116992,F15,A549,24,BRL-50481,compound,BRD-K84266862-001-03-2,,['phosphodiesterase inhibitor'],2.2320714,-14.867022
BR00116992,F16,A549,24,GSK2110183,compound,BRD-K25412176-001-01-9,poscon_diverse,,-0.46489677,-8.272973
BR00116992,F17,A549,24,bufexamac,compound,BRD-K36660044-001-24-2,,['cyclooxygenase inhibitor'],2.108856,-14.491575
BR00116992,F18,A549,24,anandamide,compound,BRD-K42352790-001-05-3,,,3.0125427,-14.009569
BR00116992,F19,A549,24,thioguanine,compound,BRD-K49350383-001-13-7,poscon_diverse,,1.4036771,-9.395254
BR00116992,F20,A549,24,IWP-L6,compound,BRD-K53234107-001-01-6,,['porcupine inhibitor'],-1.4205209,-11.768203
BR00116992,F21,A549,24,edoxaban,compound,BRD-K29322660-001-01-9,,['coagulation factor inhibitor'],2.3623068,-14.146375
BR00116992,F22,A549,24,lonafarnib,compound,BRD-K41599323-001-02-3,poscon_diverse,,-2.146778,-7.4374046
BR00116992,F23,A549,24,ibutamoren,compound,BRD-K44771174-066-01-0,,,-0.88075465,-9.08467
BR00116992,F24,A549,24,somatostatin,compound,BRD-K14681867-001-01-6,,['somatostatin receptor agonist'],3.1419458,-14.079916
BR00116992,G01,A549,24,L-proline,compound,BRD-K01666412-001-02-0,,,2.8089576,-14.382823
BR00116992,G02,A549,24,zamifenacin,compound,BRD-K80451230-051-02-6,,['acetylcholine receptor antagonist'],2.3614218,-14.885294
BR00116992,G03,A549,24,YC-1,compound,BRD-K60476892-001-16-1,,,3.2411375,-13.993779
BR00116992,G04,A549,24,DMSO,compound,,negcon,,1.9904406,-14.167775
BR00116992,G05,A549,24,ME-0328,compound,BRD-K24283677-001-01-9,,['PPAR receptor antagonist'],2.3799884,-14.388604
BR00116992,G06,A549,24,NSC-663284,compound,BRD-K03109492-001-02-2,,['CDC inhibitor'],1.8422744,-11.824034
BR00116992,G07,A549,24,CYM-50358,compound,BRD-K80666802-003-01-0,,,-0.98946464,-7.873962
BR00116992,G08,A549,24,trazodone,compound,BRD-K70778732-003-27-5,,"['adrenergic receptor antagonist', 'serotonin receptor antagonist']",2.1425245,-15.069522
BR00116992,G09,A549,24,DMSO,compound,,negcon,,2.198023,-14.224971
BR00116992,G10,A549,24,DMSO,compound,,negcon,,2.1869729,-14.1675
BR00116992,G11,A549,24,sulfasalazine,compound,BRD-K10670311-001-17-1,,['cyclooxygenase inhibitor'],2.038945,-14.418449
BR00116992,G12,A549,24,"2,5-furandimethanol",compound,BRD-K29791386-001-01-8,,,2.3206913,-15.147203
BR00116992,G13,A549,24,DMSO,compound,,negcon,,2.0972223,-13.977508
BR00116992,G14,A549,24,dilazep,compound,BRD-K48722258-300-11-0,,,2.4439392,-14.079326
BR00116992,G15,A549,24,felodipine,compound,BRD-A30815329-001-12-1,,['calcium channel blocker'],1.8038576,-14.45948
BR00116992,G16,A549,24,paliperidone,compound,BRD-A99888680-001-05-3,,"['dopamine receptor antagonist', 'serotonin receptor antagonist']",2.203095,-14.037715
BR00116992,G17,A549,24,purvalanol-a,compound,BRD-K50836978-001-03-3,poscon_orf,['CDK inhibitor'],0.71903056,-8.933445
BR00116992,G18,A549,24,DMSO,compound,,negcon,,2.1907804,-14.010027
BR00116992,G19,A549,24,Ro-1138452,compound,BRD-K77220725-003-01-5,,['prostanoid receptor antagonist'],-1.3290384,-9.889539
BR00116992,G20,A549,24,sorbinil,compound,BRD-A89164055-001-03-3,,['aldose reductase inhibitor'],2.008813,-14.285921
BR00116992,G21,A549,24,TC-S-7004,compound,BRD-K89517477-001-01-4,poscon_cp,['DYRK inhibitor'],-1.4587542,-11.539215
BR00116992,G22,A549,24,saclofen,compound,BRD-A24122750-001-03-7,,['GABA receptor antagonist'],1.949121,-14.013486
BR00116992,G23,A549,24,BAY-87-2243,compound,BRD-K70463136-001-01-5,,,0.18850622,-11.594904
BR00116992,G24,A549,24,ibudilast,compound,BRD-K16444452-001-09-1,,['phosphodiesterase inhibitor'],2.8474925,-14.045499
BR00116992,H01,A549,24,briciclib,compound,BRD-K05531427-001-01-7,,,-0.15768969,-4.512546
BR00116992,H02,A549,24,2-Oleoylglycerol,compound,BRD-K77087341-001-02-4,,,2.2392952,-13.969375
BR00116992,H03,A549,24,RGFP966,compound,BRD-K61688984-001-02-9,poscon_cp,['HDAC inhibitor'],-0.7020427,-10.343213
BR00116992,H04,A549,24,DMSO,compound,,negcon,,2.1629512,-13.959772
BR00116992,H05,A549,24,azacitidine,compound,BRD-K03406345-001-21-1,poscon_diverse,,1.3521659,-11.253373
BR00116992,H06,A549,24,N6-cyclopentyladenosine,compound,BRD-K60150510-001-15-6,,,2.5391314,-14.716042
BR00116992,H07,A549,24,filgotinib,compound,BRD-K16803204-001-01-6,poscon_cp,['JAK inhibitor'],1.2208089,-15.109359
BR00116992,H08,A549,24,guanidine,compound,BRD-K76037122-001-02-5,,['HSP inhibitor'],3.2648442,-14.463872
BR00116992,H09,A549,24,coumarin,compound,BRD-K23913458-001-20-7,,,1.750548,-14.1697855
BR00116992,H10,A549,24,DMSO,compound,,negcon,,1.8782259,-13.879208
BR00116992,H11,A549,24,ZM-336372,compound,BRD-K73789395-001-09-9,poscon_orf,['RAF inhibitor'],-0.69648224,-12.003357
BR00116992,H12,A549,24,citric-acid,compound,BRD-K76792669-001-08-1,,['coagulation factor inhibitor'],2.5837567,-14.134974
BR00116992,H13,A549,24,DMSO,compound,,negcon,,2.2614818,-14.203862
BR00116992,H14,A549,24,CCG-63802,compound,BRD-K26970495-001-02-7,,['G protein signaling inhibitor'],2.1139143,-14.126891
BR00116992,H15,A549,24,ibutilide,compound,BRD-A74391928-051-03-9,,['potassium channel blocker'],-1.1250916,-10.173669
BR00116992,H16,A549,24,batimastat,compound,BRD-K82818427-001-04-8,,['matrix metalloprotease inhibitor'],-0.5359188,-12.740623
BR00116992,H17,A549,24,DMSO,compound,,negcon,,1.9020921,-13.929204
BR00116992,H18,A549,24,DMSO,compound,,negcon,,1.816522,-13.967946
BR00116992,H19,A549,24,UNC1999,compound,BRD-K26989966-001-04-3,poscon_cp,['histone lysine methyltransferase inhibitor'],0.97726554,-3.8337674
BR00116992,H20,A549,24,glutamine-(l),compound,BRD-K83896451-001-06-7,,,2.5131457,-14.34472
BR00116992,H21,A549,24,PD-98059,compound,BRD-K62810658-001-11-4,poscon_orf,,0.082026765,-13.080123
BR00116992,H22,A549,24,enilconazole,compound,BRD-K01825690-065-01-9,,,1.6602169,-14.0328045
BR00116992,H23,A549,24,N-alpha-Methylhistamine-dihydrochloride,compound,BRD-K75390981-300-04-9,,['histamine receptor agonist'],2.4083862,-13.762625
BR00116992,H24,A549,24,GK921,compound,BRD-K38272302-001-02-7,,,0.29057193,-4.687962
BR00116992,I01,A549,24,nilvadipine,compound,BRD-A84687895-001-03-2,,['calcium channel blocker'],2.2245262,-14.803416
BR00116992,I02,A549,24,DMSO,compound,,negcon,,2.0014224,-13.730658
BR00116992,I03,A549,24,AC-710,compound,BRD-K15819326-001-01-6,,['PDGFR tyrosine kinase receptor inhibitor'],-0.47011426,-7.6621566
BR00116992,I04,A549,24,PETCM,compound,BRD-A93477898-001-04-2,,,2.361058,-13.510888
BR00116992,I05,A549,24,AZD7762,compound,BRD-K86525559-001-07-8,poscon_diverse,['CHK inhibitor'],1.3467017,-4.215529
BR00116992,I06,A549,24,PHA-793887,compound,BRD-K64800655-001-09-0,poscon_diverse,['CDK inhibitor'],2.5407414,-5.9921684
BR00116992,I07,A549,24,KU-60019,compound,BRD-K36016295-001-05-2,,['ATM kinase inhibitor'],0.16177663,-6.4972906
BR00116992,I08,A549,24,nafamostat,compound,BRD-K06674495-334-04-0,,,0.427069,-11.218278
BR00116992,I09,A549,24,DMSO,compound,,negcon,,2.196325,-13.826933
BR00116992,I10,A549,24,DMSO,compound,,negcon,,2.246608,-14.375654
BR00116992,I11,A549,24,taladegib,compound,BRD-K50498985-001-03-3,,['smoothened receptor antagonist'],2.855641,-14.250954
BR00116992,I12,A549,24,acetohexamide,compound,BRD-K52960356-001-13-0,,['ATP channel blocker'],2.5320761,-14.563985
BR00116992,I13,A549,24,minocycline,compound,BRD-A69651145-003-11-4,,,2.7151637,-14.612365
BR00116992,I14,A549,24,BI-2536,compound,BRD-K64890080-001-02-1,poscon_diverse,,1.1050879,-5.513205
BR00116992,I15,A549,24,riociguat,compound,BRD-K84783599-001-01-0,,,2.1649842,-13.779388
BR00116992,I16,A549,24,CP-724714,compound,BRD-K76908866-001-07-6,poscon_cp,"['EGFR inhibitor', 'protein tyrosine kinase inhibitor']",-0.22544226,-10.684449
BR00116992,I17,A549,24,ganetespib,compound,BRD-K38852836-001-04-9,poscon_diverse,['HSP inhibitor'],2.5215054,-7.8804064
BR00116992,I18,A549,24,AZ191,compound,BRD-K80935598-001-01-1,poscon_cp,['DYRK inhibitor'],-0.6295233,-7.071966
BR00116992,I19,A549,24,BAX-channel-blocker,compound,BRD-A18763547-300-06-3,,,-0.36307487,-7.5914526
BR00116992,I20,A549,24,SU3327,compound,BRD-K32730239-001-01-0,,['JNK inhibitor'],1.961865,-7.2612076
BR00116992,I21,A549,24,DMSO,compound,,negcon,,1.9680655,-14.111573
BR00116992,I22,A549,24,DMSO,compound,,negcon,,2.1053753,-14.282114
BR00116992,I23,A549,24,octreotide,compound,BRD-A64173453-015-03-1,,['somatostatin receptor agonist'],2.3275096,-14.18301
BR00116992,I24,A549,24,1-octanol,compound,BRD-K09338665-001-08-9,,,2.523802,-14.302194
BR00116992,J01,A549,24,acalabrutinib,compound,BRD-K64034691-001-01-9,,"[""Bruton's tyrosine kinase (BTK) inhibitor""]",2.6938639,-14.500815
BR00116992,J02,A549,24,rifamycin,compound,BRD-K38512030-001-01-7,,,2.5112267,-14.396006
BR00116992,J03,A549,24,pazopanib,compound,BRD-K74514084-003-09-2,,"['KIT inhibitor', 'VEGFR inhibitor', 'PDGFR tyrosine kinase receptor inhibitor']",-0.102153465,-11.65268
BR00116992,J04,A549,24,RKI-1447,compound,BRD-K19333160-001-01-3,poscon_cp,,-1.3685769,-13.2840395
BR00116992,J05,A549,24,vitamin-E,compound,BRD-K97091514-001-11-4,,['PKC inhibitor'],2.479017,-14.0974245
BR00116992,J06,A549,24,lonafarnib,compound,BRD-K41599323-001-02-3,poscon_diverse,,-2.0861948,-7.478889
BR00116992,J07,A549,24,ethyl-pyruvate,compound,BRD-K47738867-001-01-5,,,2.2479239,-14.674887
BR00116992,J08,A549,24,picrotin,compound,BRD-A91822151-001-05-0,,['GABA receptor antagonist'],2.619062,-14.192696
BR00116992,J09,A549,24,SGX523,compound,BRD-K19477839-001-07-6,poscon_cp,,2.4130008,-14.193623
BR00116992,J10,A549,24,PP-2,compound,BRD-K95785537-001-22-3,,['src inhibitor'],0.81951725,-8.283927
BR00116992,J11,A549,24,ME-0328,compound,BRD-A63444178-001-01-5,,['PPAR receptor antagonist'],2.458382,-14.292482
BR00116992,J12,A549,24,AZD9668,compound,BRD-K31476763-001-01-5,,['elastase inhibitor'],2.0145025,-13.901695
BR00116992,J13,A549,24,NQDI-1,compound,BRD-K61918008-001-07-1,,,2.5858393,-14.037923
BR00116992,J14,A549,24,DMSO,compound,,negcon,,2.1707997,-13.718712
BR00116992,J15,A549,24,carzenide,compound,BRD-K09295674-001-09-8,,,2.0769465,-14.005363
BR00116992,J16,A549,24,KU-55933,compound,BRD-K25311561-001-10-7,,['ATM kinase inhibitor'],0.25716093,-10.459929
BR00116992,J17,A549,24,NVP-AEW541,compound,BRD-K24696047-001-02-3,poscon_cp,['IGF-1 inhibitor'],-0.3635724,-7.6901293
BR00116992,J18,A549,24,leflunomide,compound,BRD-K78692225-001-24-5,,['PDGFR tyrosine kinase receptor inhibitor'],2.0611181,-13.569585
BR00116992,J19,A549,24,DMSO,compound,,negcon,,1.9574536,-13.984471
BR00116992,J20,A549,24,azacitidine,compound,BRD-K03406345-001-21-1,poscon_diverse,,1.3747835,-11.27492
BR00116992,J21,A549,24,ixabepilone,compound,BRD-K03601870-001-01-2,,['microtubule stabilizing agent'],-0.16532749,-4.481955
BR00116992,J22,A549,24,KH-CB19,compound,BRD-K66430217-001-03-8,poscon_cp,['CDC inhibitor'],2.2096906,-13.82426
BR00116992,J23,A549,24,DMSO,compound,,negcon,,1.896887,-13.976851
BR00116992,J24,A549,24,PF-05190457,compound,BRD-K02554563-001-01-6,,,3.2025871,-14.136462
BR00116992,K01,A549,24,LDN-212854,compound,BRD-K59831625-001-03-9,,,1.1626403,-3.9900978
BR00116992,K02,A549,24,formononetin,compound,BRD-K55567017-001-12-3,,['alcohol dehydrogenase inhibitor'],2.5668278,-14.410974
BR00116992,K03,A549,24,aminopurvalanol-a,compound,BRD-K07762753-001-05-1,poscon_orf,['CDK inhibitor'],1.5730329,-7.77986
BR00116992,K04,A549,24,ruxolitinib,compound,BRD-K53972329-001-01-3,poscon_cp,['JAK inhibitor'],-1.3760004,-13.073319
BR00116992,K05,A549,24,DMSO,compound,,negcon,,2.075155,-14.195449
BR00116992,K06,A549,24,DMSO,compound,,negcon,,2.1601753,-14.175928
BR00116992,K07,A549,24,LGK-974,compound,BRD-K16810791-001-01-0,,['porcupine inhibitor'],1.9488059,-13.860473
BR00116992,K08,A549,24,polydatin,compound,BRD-K43236057-001-07-1,,['ICAM1 expression inhibitor'],1.0394491,-6.584845
BR00116992,K09,A549,24,enflurane,compound,BRD-A51831848-001-01-7,,,2.085954,-14.015504
BR00116992,K10,A549,24,PFI-1,compound,BRD-K13094524-001-04-2,poscon_cp,,2.6147375,-14.275308
BR00116992,K11,A549,24,AZD7762,compound,BRD-K86525559-001-07-8,poscon_diverse,['CHK inhibitor'],1.4355679,-4.1695814
BR00116992,K12,A549,24,sotrastaurin,compound,BRD-K16761703-001-03-8,,['PKC inhibitor'],-2.0914302,-14.0560055
BR00116992,K13,A549,24,DMSO,compound,,negcon,,1.9205664,-13.863686
BR00116992,K14,A549,24,cycloheximide,compound,BRD-K36055864-001-20-0,,['protein synthesis inhibitor'],1.168555,-11.017336
BR00116992,K15,A549,24,oxytocin,compound,BRD-K25243230-001-01-2,,,2.1089041,-14.59821
BR00116992,K16,A549,24,DMSO,compound,,negcon,,2.0193071,-13.918544
BR00116992,K17,A549,24,colchicine,compound,BRD-K00259736-001-16-4,,,-0.27901927,-4.394902
BR00116992,K18,A549,24,afimoxifene,compound,BRD-K04210847-001-21-9,,,-2.0146785,-10.354221
BR00116992,K19,A549,24,DMSO,compound,,negcon,,2.1265135,-13.619001
BR00116992,K20,A549,24,ZK-93423,compound,BRD-K33882852-003-02-8,poscon_diverse,['benzodiazepine receptor agonist'],0.43028006,-12.063065
BR00116992,K21,A549,24,RGB-286638,compound,BRD-K20986415-001-02-6,,['CDK inhibitor'],1.5629163,-4.270746
BR00116992,K22,A549,24,FPS-ZM1,compound,BRD-K87691185-001-01-2,,['RAGE receptor antagonist'],1.2258052,-14.1466875
BR00116992,K23,A549,24,flindokalner,compound,BRD-K56740996-001-02-1,,,2.0091166,-13.657652
BR00116992,K24,A549,24,motesanib,compound,BRD-K99616396-316-05-3,,"['KIT inhibitor', 'VEGFR inhibitor', 'PDGFR tyrosine kinase receptor inhibitor']",0.041747674,-11.521904
BR00116992,L01,A549,24,geldanamycin,compound,BRD-K43570081-001-02-4,,['HSP inhibitor'],2.480049,-7.798764
BR00116992,L02,A549,24,DMSO,compound,,negcon,,2.10107,-14.28609
BR00116992,L03,A549,24,CGP-53353,compound,BRD-K32292990-001-03-6,,"['PKC inhibitor', 'EGFR inhibitor']",2.5374725,-14.283587
BR00116992,L04,A549,24,7-hydroxystaurosporine,compound,BRD-K45293975-001-02-0,,"['CDK inhibitor', 'PKC inhibitor', 'CHK inhibitor']",-0.0055506863,-6.7492185
BR00116992,L05,A549,24,DMSO,compound,,negcon,,1.9093524,-13.836832
BR00116992,L06,A549,24,DMSO,compound,,negcon,,2.1733196,-13.875101
BR00116992,L07,A549,24,efaproxiral,compound,BRD-K37355418-236-01-6,,,2.5502925,-13.654006
BR00116992,L08,A549,24,SB-203580,compound,BRD-A37704979-001-12-3,poscon_orf,['p38 MAPK inhibitor'],0.78178126,-9.906027
BR00116992,L09,A549,24,FK-866,compound,BRD-K58550667-001-08-7,poscon_diverse,,-1.0492514,-13.610786
BR00116992,L10,A549,24,bepridil,compound,BRD-A91008255-003-24-8,,['calcium channel blocker'],-0.8453274,-10.703802
BR00116992,L11,A549,24,delanzomib,compound,BRD-K59325863-001-04-4,,,0.87477607,-4.759119
BR00116992,L12,A549,24,buparlisib,compound,BRD-K42191735-001-08-7,poscon_diverse,,-0.26000646,-5.0025353
BR00116992,L13,A549,24,phenylbutazone,compound,BRD-K10843433-001-23-5,,"['cyclooxygenase inhibitor', 'prostanoid receptor antagonist']",2.4975884,-14.111024
BR00116992,L14,A549,24,deferasirox,compound,BRD-K97010173-001-04-1,,,-0.12375497,-13.498503
BR00116992,L15,A549,24,DMSO,compound,,negcon,,2.199884,-13.800668
BR00116992,L16,A549,24,cediranib,compound,BRD-K86930074-001-05-0,,"['KIT inhibitor', 'VEGFR inhibitor']",-0.5876036,-7.653463
BR00116992,L17,A549,24,isoflurane,compound,BRD-A31564021-001-02-6,,,2.1365635,-13.865127
BR00116992,L18,A549,24,DMSO,compound,,negcon,,2.050039,-13.829421
BR00116992,L19,A549,24,CCG-50014,compound,BRD-K08893438-001-06-4,,['G protein signaling inhibitor'],2.629506,-13.981555
BR00116992,L20,A549,24,PF-431396,compound,BRD-K93788137-001-04-1,,,1.35423,-6.6949105
BR00116992,L21,A549,24,TG-02,compound,BRD-K14560436-001-01-4,,"['CDK inhibitor', 'FLT3 inhibitor', 'JAK inhibitor']",2.492964,-6.0861278
BR00116992,L22,A549,24,baclofen,compound,BRD-K01826724-003-07-9,,['benzodiazepine receptor agonist'],2.3474355,-13.64597
BR00116992,L23,A549,24,thiostrepton,compound,BRD-A20697603-001-07-2,,['protein synthesis inhibitor'],-0.87051827,-8.104877
BR00116992,L24,A549,24,flufenamic-acid,compound,BRD-K44067360-001-29-5,,,1.7986815,-13.74536
BR00116992,M01,A549,24,DMSO,compound,,negcon,,2.3042338,-14.061559
BR00116992,M02,A549,24,LY2109761,compound,BRD-K47557313-001-02-7,,,-0.9783999,-11.226056
BR00116992,M03,A549,24,olopatadine,compound,BRD-K67637637-003-11-8,,['histamine receptor antagonist'],2.429117,-14.734835
BR00116992,M04,A549,24,DMSO,compound,,negcon,,1.8775598,-13.980507
BR00116992,M05,A549,24,castanospermine,compound,BRD-K20897876-001-11-8,,['glucosidase inhibitor'],2.1000707,-13.648243
BR00116992,M06,A549,24,A205804,compound,BRD-K77627880-001-04-0,,['ICAM1 expression inhibitor'],-1.7391051,-13.539413
BR00116992,M07,A549,24,VU591,compound,BRD-K72063794-003-01-0,,['potassium channel blocker'],2.0468233,-14.092686
BR00116992,M08,A549,24,dalbavancin,compound,BRD-K30177383-001-01-0,,['bacterial cell wall synthesis inhibitor'],2.6563935,-13.958657
BR00116992,M09,A549,24,CC-401,compound,BRD-K45746021-003-01-9,,['JNK inhibitor'],-1.0628753,-11.425453
BR00116992,M10,A549,24,ganetespib,compound,BRD-K38852836-001-04-9,poscon_diverse,['HSP inhibitor'],2.5304837,-7.82607
BR00116992,M11,A549,24,ingenol-mebutate,compound,BRD-K93779381-001-01-9,,,1.3102758,-5.522371
BR00116992,M12,A549,24,menadione,compound,BRD-K78126613-001-27-7,,,3.0199492,-13.8545265
BR00116992,M13,A549,24,cetilistat,compound,BRD-K94863486-001-02-2,,,2.7381089,-14.0942545
BR00116992,M14,A549,24,methoxsalen,compound,BRD-K63430059-001-16-4,,['DNA synthesis inhibitor'],2.2144954,-14.058669
BR00116992,M15,A549,24,cyclosporine,compound,BRD-K13533483-001-16-2,,,0.904157,-7.788663
BR00116992,M16,A549,24,NSC-632839,compound,BRD-K81197548-003-01-4,poscon_cp,['ubiquitin specific protease inhibitor'],0.39820167,-4.381235
BR00116992,M17,A549,24,DMSO,compound,,negcon,,2.0048912,-13.864198
BR00116992,M18,A549,24,TG-003,compound,BRD-K97072811-001-11-4,poscon_cp,,1.9210693,-14.228947
BR00116992,M19,A549,24,oxibendazole,compound,BRD-K52075715-001-06-7,,['tubulin polymerization inhibitor'],-0.23509154,-4.563656
BR00116992,M20,A549,24,TG-101348,compound,BRD-K12502280-001-11-4,poscon_cp,"['JAK inhibitor', 'FLT3 inhibitor']",0.99659926,-3.9431827
BR00116992,M21,A549,24,miglitol,compound,BRD-A63310107-001-04-8,,['glucosidase inhibitor'],2.389846,-14.107879
BR00116992,M22,A549,24,DMSO,compound,,negcon,,2.1763954,-13.876979
BR00116992,M23,A549,24,DMSO,compound,,negcon,,1.856178,-14.0514145
BR00116992,M24,A549,24,tranilast,compound,BRD-K17849083-001-32-9,,,1.4972694,-13.447925
BR00116992,N01,A549,24,4-methylhistamine,compound,BRD-K70821460-300-02-4,,['histamine receptor agonist'],2.4068418,-14.694963
BR00116992,N02,A549,24,LDN-27219,compound,BRD-K51485109-001-01-4,,,1.9896874,-13.668275
BR00116992,N03,A549,24,anisomycin,compound,BRD-K91370081-001-25-1,,['DNA synthesis inhibitor'],1.8545808,-3.8758929
BR00116992,N04,A549,24,thioguanine,compound,BRD-K49350383-001-13-7,poscon_diverse,,1.3812782,-9.400063
BR00116992,N05,A549,24,droxinostat,compound,BRD-K11558771-001-13-9,,['HDAC inhibitor'],-1.5698055,-10.775973
BR00116992,N06,A549,24,UNC2025,compound,BRD-K91283740-003-01-6,poscon_cp,['FLT3 inhibitor'],0.07925449,-7.1578436
BR00116992,N07,A549,24,DMSO,compound,,negcon,,1.9398928,-13.778409
BR00116992,N08,A549,24,DMSO,compound,,negcon,,2.154185,-13.740212
BR00116992,N09,A549,24,AMG900,compound,BRD-K21728777-001-02-3,poscon_cp,['Aurora kinase inhibitor'],1.291128,-6.61456
BR00116992,N10,A549,24,PF-06463922,compound,BRD-A23124853-001-01-4,,['ALK tyrosine kinase receptor inhibitor'],-0.65079874,-9.940568
BR00116992,N11,A549,24,orantinib,compound,BRD-K55966568-001-09-6,poscon_cp,"['FGFR inhibitor', 'PDGFR tyrosine kinase receptor inhibitor', 'VEGFR inhibitor']",3.0581572,-13.925141
BR00116992,N12,A549,24,fludarabine-phosphate,compound,BRD-K71106091-001-09-5,,['ribonucleotide reductase inhibitor'],2.083118,-8.871433
BR00116992,N13,A549,24,ceritinib,compound,BRD-K22149900-001-06-2,,['ALK tyrosine kinase receptor inhibitor'],-0.2626472,-8.474708
BR00116992,N14,A549,24,NVS-PAK1-1,compound,BRD-K28132190-001-02-0,poscon_cp,['p21 activated kinase inhibitor'],-1.6734089,-12.728496
BR00116992,N15,A549,24,homoharringtonine,compound,BRD-K76674262-001-03-3,,['protein synthesis inhibitor'],1.7739171,-3.9216747
BR00116992,N16,A549,24,picrotoxinin,compound,BRD-K36461289-001-05-8,,['GABA receptor antagonist'],2.173469,-14.009964
BR00116992,N17,A549,24,DMSO,compound,,negcon,,2.0444047,-13.652266
BR00116992,N18,A549,24,danusertib,compound,BRD-K07881437-001-03-8,poscon_diverse,"['growth factor receptor inhibitor', 'Aurora kinase inhibitor']",1.3262733,-7.039148
BR00116992,N19,A549,24,romidepsin,compound,BRD-K61397605-001-01-8,poscon_cp,['HDAC inhibitor'],0.7837189,-3.893471
BR00116992,N20,A549,24,FERb-033,compound,BRD-K61642990-001-01-0,poscon_cp,['EGFR inhibitor'],2.35567,-13.691914
BR00116992,N21,A549,24,PF-03758309,compound,BRD-K37764012-001-03-3,poscon_diverse,['p21 activated kinase inhibitor'],2.3761115,-6.3271155
BR00116992,N22,A549,24,DMSO,compound,,negcon,,2.1260018,-13.754031
BR00116992,N23,A549,24,trometamol,compound,BRD-K47978074-001-03-2,,,2.9029021,-14.040145
BR00116992,N24,A549,24,simvastatin,compound,BRD-K22134346-001-22-3,,['HMGCR inhibitor'],2.4624686,-13.765702
BR00116992,O01,A549,24,zaprinast,compound,BRD-K16542329-001-16-8,,['phosphodiesterase inhibitor'],1.8318099,-14.004058
BR00116992,O02,A549,24,dexamethasone,compound,BRD-A10188456-001-04-9,,['glucocorticoid receptor agonist'],2.5533626,-10.183042
BR00116992,O03,A549,24,salicylic-acid,compound,BRD-K93632104-001-17-2,,['cyclooxygenase inhibitor'],1.5516294,-14.111843
BR00116992,O04,A549,24,diltiazem,compound,BRD-A69636825-003-04-7,,['calcium channel blocker'],-0.8224425,-10.799742
BR00116992,O05,A549,24,phenolphthalein,compound,BRD-K19227686-001-18-6,,,2.7722242,-13.81527
BR00116992,O06,A549,24,niflumic-acid,compound,BRD-K98763141-001-30-8,,['cyclooxygenase inhibitor'],2.712801,-13.975429
BR00116992,O07,A549,24,DMSO,compound,,negcon,,1.9774588,-13.809527
BR00116992,O08,A549,24,L-Cystine,compound,BRD-A15397381-001-02-5,,,2.5007024,-13.698269
BR00116992,O09,A549,24,ozanimod,compound,BRD-K46625559-001-01-8,,['sphingosine 1 phosphate receptor agonist'],-0.5889669,-13.135419
BR00116992,O10,A549,24,efaroxan,compound,BRD-A10739734-003-09-8,,['adrenergic receptor antagonist'],2.0983474,-13.943008
BR00116992,O11,A549,24,NBQX,compound,BRD-K11796549-001-05-2,,['glutamate receptor antagonist'],2.124308,-13.778674
BR00116992,O12,A549,24,dinoprostone,compound,BRD-K26521938-001-07-2,,['prostanoid receptor agonist'],2.8384795,-14.474529
BR00116992,O13,A549,24,Ro-20-1724,compound,BRD-A07207424-001-14-0,,['phosphodiesterase inhibitor'],2.8833544,-13.4538
BR00116992,O14,A549,24,xanomeline,compound,BRD-K72815923-034-02-0,,['acetylcholine receptor agonist'],1.8430443,-13.791435
BR00116992,O15,A549,24,terazosin,compound,BRD-K01825589-310-02-9,,['adrenergic receptor antagonist'],1.4449328,-14.096026
BR00116992,O16,A549,24,BVT-948,compound,BRD-K68567222-001-01-2,,,2.6247299,-14.058656
BR00116992,O17,A549,24,nicotine,compound,BRD-K01825660-322-01-9,,['acetylcholine receptor agonist'],3.0373056,-13.863996
BR00116992,O18,A549,24,DMSO,compound,,negcon,,2.1124568,-13.678252
BR00116992,O19,A549,24,U-0521,compound,BRD-K08953028-001-09-6,,,2.6477733,-14.141443
BR00116992,O20,A549,24,BMS-587101,compound,BRD-K20093108-001-02-3,,,2.876443,-13.935477
BR00116992,O21,A549,24,nimodipine,compound,BRD-A58048407-001-20-4,,['calcium channel blocker'],1.5598272,-13.857897
BR00116992,O22,A549,24,pyrrolidine-dithiocarbamate,compound,BRD-K80970344-201-08-6,,,2.255157,-7.5284395
BR00116992,O23,A549,24,PF-915275,compound,BRD-K18289362-001-02-2,,,2.4681838,-13.601854
BR00116992,O24,A549,24,JTE-013,compound,BRD-K43330982-001-02-3,,,2.7670927,-13.7507715
BR00116992,P01,A549,24,sodium-butyrate,compound,BRD-K05878375-236-05-7,,['HDAC inhibitor'],-2.7897842,-12.09071
BR00116992,P02,A549,24,pentostatin,compound,BRD-K91543828-001-02-0,,['ribonucleotide reductase inhibitor'],2.244624,-13.8098545
BR00116992,P03,A549,24,OMDM-2,compound,BRD-K48830578-001-01-9,,,1.7417388,-13.447322
BR00116992,P04,A549,24,nalmefene,compound,BRD-A72767275-003-01-6,,,2.2215135,-13.867642
BR00116992,P05,A549,24,DMSO,compound,,negcon,,2.127044,-13.851774
BR00116992,P06,A549,24,1-EBIO,compound,BRD-K70586315-001-02-4,,,2.351246,-14.574923
BR00116992,P07,A549,24,SB-505124,compound,BRD-K40109029-001-02-9,,['ALK tyrosine kinase receptor inhibitor'],2.883151,-15.026228
BR00116992,P08,A549,24,prasugrel,compound,BRD-A83029242-001-06-1,,['purinergic receptor antagonist'],2.2883894,-14.241021
BR00116992,P09,A549,24,pidolic-acid,compound,BRD-K57313110-001-06-8,,,2.4128497,-13.543917
BR00116992,P10,A549,24,DMSO,compound,,negcon,,2.3701723,-13.870213
BR00116992,P11,A549,24,nevirapine,compound,BRD-K15502390-001-20-9,,,2.5630379,-14.787986
BR00116992,P12,A549,24,triamterene,compound,BRD-K92049597-001-20-8,,['sodium channel blocker'],1.9269029,-14.830247
BR00116992,P13,A549,24,regorafenib,compound,BRD-K16730910-001-07-3,,"['PDGFR tyrosine kinase receptor inhibitor', 'RAF inhibitor', 'KIT inhibitor', 'RET tyrosine kinase inhibitor', 'FGFR inhibitor', 'VEGFR inhibitor']",-1.0108607,-11.952208
BR00116992,P14,A549,24,cyclophosphamide,compound,BRD-A09722536-002-18-0,,,1.4775383,-14.828971
BR00116992,P15,A549,24,olanzapine,compound,BRD-K18895904-001-16-1,,"['dopamine receptor antagonist', 'serotonin receptor antagonist']",-1.6228079,-10.496654
BR00116992,P16,A549,24,KI-16425,compound,BRD-A25569250-001-03-3,,['lysophosphatidic acid receptor antagonist'],-2.2423084,-12.089202
BR00116992,P17,A549,24,SKLB1002,compound,BRD-K29895144-001-01-0,,['VEGFR inhibitor'],2.910652,-14.815234
BR00116992,P18,A549,24,cilostazol,compound,BRD-K67017579-001-28-1,,['phosphodiesterase inhibitor'],2.8466926,-14.224718
BR00116992,P19,A549,24,AZD1283,compound,BRD-K77060810-001-01-5,,['purinergic receptor antagonist'],2.2702374,-13.631879
BR00116992,P20,A549,24,A-987306,compound,BRD-K68982262-001-01-4,,['histamine receptor antagonist'],-0.7810113,-8.756145
BR00116992,P21,A549,24,procaine,compound,BRD-K24616672-003-20-1,,['HMGCR inhibitor'],0.37533155,-14.068791
BR00116992,P22,A549,24,miconazole,compound,BRD-A82396632-008-30-8,,['bacterial cell wall synthesis inhibitor'],1.6656913,-13.623387
BR00116992,P23,A549,24,loperamide,compound,BRD-K61250553-003-30-6,,,-0.81336546,-8.791901
BR00116992,P24,A549,24,aripiprazole,compound,BRD-K70358946-001-17-3,,['serotonin receptor antagonist'],-0.8804387,-8.97202
BR00116993,A01,A549,24,gabapentin-enacarbil,compound,BRD-A86665761-001-01-1,,,0.25467974,-13.458656
BR00116993,A02,A549,24,DMSO,compound,,negcon,,2.196605,-15.563014
BR00116993,A03,A549,24,amlodipine,compound,BRD-A22032524-074-09-9,,['calcium channel blocker'],-0.6864515,-8.80584
BR00116993,A04,A549,24,hexestrol,compound,BRD-A01078468-001-14-8,,,2.3431566,-15.710274
BR00116993,A05,A549,24,quinine,compound,BRD-K48278478-001-01-2,,,2.1497214,-14.981698
BR00116993,A06,A549,24,LOXO-101,compound,BRD-K36574127-001-01-3,,,2.4689357,-15.181507
BR00116993,A07,A549,24,brinzolamide,compound,BRD-K74913225-001-14-0,,['carbonic anhydrase inhibitor'],2.3487213,-15.363022
BR00116993,A08,A549,24,NS-11021,compound,BRD-K94342292-001-01-3,,['calcium-activated potassium channel activator'],-0.4101768,-12.274154
BR00116993,A09,A549,24,DMSO,compound,,negcon,,2.3287237,-15.700572
BR00116993,A10,A549,24,GNF-5837,compound,BRD-K19975102-001-01-2,,['growth factor receptor inhibitor'],-0.26791397,-11.453368
BR00116993,A11,A549,24,apatinib,compound,BRD-K25244359-066-02-6,,['RET tyrosine kinase inhibitor'],-0.34984553,-11.476757
BR00116993,A12,A549,24,ethoxzolamide,compound,BRD-K18131774-001-18-4,,['carbonic anhydrase inhibitor'],2.756341,-15.665542
BR00116993,A13,A549,24,ascorbic-acid,compound,BRD-A85242401-001-11-5,,,2.4872382,-15.530344
BR00116993,A14,A549,24,ryuvidine,compound,BRD-K06426971-001-02-7,,['histone lysine methyltransferase inhibitor'],1.2658417,-4.869544
BR00116993,A15,A549,24,BAN-ORL-24,compound,BRD-K47049295-300-03-1,,,0.08740054,-7.631908
BR00116993,A16,A549,24,NNC-55-0396,compound,BRD-K78122587-300-04-3,,,-0.4507047,-7.982084
BR00116993,A17,A549,24,DMSO,compound,,negcon,,2.2515278,-15.558521
BR00116993,A18,A549,24,WH-4-023,compound,BRD-K50199947-001-03-4,,['src inhibitor'],0.1161333,-7.6509657
BR00116993,A19,A549,24,flupirtine,compound,BRD-K50720187-051-03-1,,['glutamate receptor antagonist'],1.7509558,-13.651592
BR00116993,A20,A549,24,ZK811752,compound,BRD-K91825936-001-03-9,,,0.06116918,-11.928445
BR00116993,A21,A549,24,dexamethasone,compound,BRD-K38775274-001-22-1,,['glucocorticoid receptor agonist'],2.5465002,-10.140338
BR00116993,A22,A549,24,PP-1,compound,BRD-K47598052-001-14-1,,['src inhibitor'],0.9404951,-8.313618
BR00116993,A23,A549,24,DDR1-IN-1,compound,BRD-K61845293-300-01-9,,,-0.63992655,-8.874284
BR00116993,A24,A549,24,AVL-292,compound,BRD-K87782578-001-01-4,,"[""Bruton's tyrosine kinase (BTK) inhibitor""]",1.1541783,-7.9393773
BR00116993,B01,A549,24,H2L-5765834,compound,BRD-K26439554-001-01-3,,['lysophosphatidic acid receptor antagonist'],2.32027,-15.414315
BR00116993,B02,A549,24,thiostrepton,compound,BRD-K58049875-001-03-9,,['protein synthesis inhibitor'],-0.7363876,-7.9114738
BR00116993,B03,A549,24,DMSO,compound,,negcon,,2.3396816,-15.605595
BR00116993,B04,A549,24,arcyriaflavin-a,compound,BRD-K72726508-001-02-1,,['CDK inhibitor'],1.0767497,-9.770275
BR00116993,B05,A549,24,CYM-5520,compound,BRD-K29151923-001-01-5,,['sphingosine 1 phosphate receptor agonist'],2.1318157,-15.831754
BR00116993,B06,A549,24,fludarabine,compound,BRD-K66788707-001-14-3,,['ribonucleotide reductase inhibitor'],2.1829867,-9.217624
BR00116993,B07,A549,24,alda-1,compound,BRD-K06890060-001-09-1,,,2.1443522,-15.332815
BR00116993,B08,A549,24,meclofenamic-acid,compound,BRD-K50398167-236-22-7,,"['cyclooxygenase inhibitor', 'prostanoid receptor antagonist']",2.4697385,-15.455704
BR00116993,B09,A549,24,GNF-5,compound,BRD-K87632963-001-03-0,,['Bcr-Abl kinase inhibitor'],1.5459753,-14.762168
BR00116993,B10,A549,24,NS-309,compound,BRD-K37602296-001-01-6,,['calcium-activated potassium channel activator'],2.5742738,-15.168028
BR00116993,B11,A549,24,AK-7,compound,BRD-K09143580-001-01-0,,['SIRT inhibitor'],-3.8610802,-12.165879
BR00116993,B12,A549,24,BVT-948,compound,BRD-A22713669-001-04-3,,,2.4170547,-15.553148
BR00116993,B13,A549,24,SirReal-2,compound,BRD-K16472653-001-01-6,,['SIRT inhibitor'],1.9780852,-15.95068
BR00116993,B14,A549,24,DMSO,compound,,negcon,,2.408302,-15.759691
BR00116993,B15,A549,24,BMS-536924,compound,BRD-K34581968-001-05-3,,['IGF-1 inhibitor'],0.8953282,-7.9580727
BR00116993,B16,A549,24,PP-121,compound,BRD-K81801188-001-02-8,,['protein tyrosine kinase inhibitor'],1.210424,-4.6383524
BR00116993,B17,A549,24,MCOPPB,compound,BRD-K73276278-305-01-1,,,-0.88596386,-7.570636
BR00116993,B18,A549,24,ozagrel,compound,BRD-K53061490-003-13-9,,,2.4262345,-15.539296
BR00116993,B19,A549,24,CYM-5442,compound,BRD-A43005764-003-01-5,,['sphingosine 1 phosphate receptor agonist'],-1.5321214,-8.445057
BR00116993,B20,A549,24,CVT-10216,compound,BRD-K60659193-001-01-0,,,2.1005347,-15.048198
BR00116993,B21,A549,24,TCN201,compound,BRD-K09787262-001-02-7,,['glutamate receptor antagonist'],2.4178152,-15.504697
BR00116993,B22,A549,24,fomepizole,compound,BRD-K56810756-003-07-7,,['alcohol dehydrogenase inhibitor'],2.6770139,-15.658073
BR00116993,B23,A549,24,benzamil,compound,BRD-K87158025-003-08-7,,['sodium channel blocker'],2.3881924,-15.259109
BR00116993,B24,A549,24,lercanidipine,compound,BRD-A18992208-003-02-7,,['calcium channel blocker'],1.4272718,-13.429036
BR00116993,C01,A549,24,4-CMTB,compound,BRD-A54139254-001-09-2,,['free fatty acid receptor agonist'],2.2463794,-15.409903
BR00116993,C02,A549,24,ML-228,compound,BRD-K44432556-001-05-5,,,2.2367585,-15.408607
BR00116993,C03,A549,24,DMSO,compound,,negcon,,2.3798592,-15.601717
BR00116993,C04,A549,24,GSK1070916,compound,BRD-K36740062-001-06-6,,['Aurora kinase inhibitor'],0.53989995,-7.0794168
BR00116993,C05,A549,24,ML-193,compound,BRD-K27539181-001-08-5,,,2.2894359,-15.596056
BR00116993,C06,A549,24,DMSO,compound,,negcon,,2.203795,-15.763394
BR00116993,C07,A549,24,M-25,compound,BRD-K51265828-001-01-0,,['smoothened receptor antagonist'],2.1206467,-15.614368
BR00116993,C08,A549,24,azeliragon,compound,BRD-K51899933-001-02-6,,['RAGE receptor antagonist'],-0.28440815,-7.371406
BR00116993,C09,A549,24,CYT-997,compound,BRD-K23363278-001-02-1,poscon_diverse,['tubulin polymerization inhibitor'],-0.33658352,-4.433145
BR00116993,C10,A549,24,AR-12,compound,BRD-K90497590-001-05-9,,,1.2562654,-3.9976325
BR00116993,C11,A549,24,CYM-50260,compound,BRD-K69877120-001-01-7,,['sphingosine 1 phosphate receptor agonist'],2.399405,-15.4671
BR00116993,C12,A549,24,DMSO,compound,,negcon,,2.5473278,-15.776686
BR00116993,C13,A549,24,KG-5,compound,BRD-K90747162-001-01-4,poscon_cp,['RAF inhibitor'],-0.20384313,-4.650708
BR00116993,C14,A549,24,JTE-607,compound,BRD-K81405859-300-01-4,,,1.6340617,-14.869235
BR00116993,C15,A549,24,DMSO,compound,,negcon,,2.4916303,-15.926776
BR00116993,C16,A549,24,ilomastat,compound,BRD-K51662849-001-05-4,,['matrix metalloprotease inhibitor'],2.202257,-15.260612
BR00116993,C17,A549,24,RX-821002,compound,BRD-A65597028-003-08-1,,['adrenergic receptor antagonist'],2.1430936,-15.559484
BR00116993,C18,A549,24,DMSO,compound,,negcon,,2.3976903,-15.609886
BR00116993,C19,A549,24,TUG-891,compound,BRD-K24282351-001-01-4,,['free fatty acid receptor agonist'],2.3312802,-15.712244
BR00116993,C20,A549,24,ponatinib,compound,BRD-K44227013-001-08-0,,"['PDGFR tyrosine kinase receptor inhibitor', 'FLT3 inhibitor', 'Bcr-Abl kinase inhibitor']",1.0047977,-4.167398
BR00116993,C21,A549,24,DMSO,compound,,negcon,,2.223721,-15.877592
BR00116993,C22,A549,24,puromycin,compound,BRD-K01824976-300-02-9,,['protein synthesis inhibitor'],0.91215754,-3.992245
BR00116993,C23,A549,24,SRC-kinase-inhibitor-I,compound,BRD-K50495309-001-02-0,,['src inhibitor'],-0.45574015,-9.889403
BR00116993,C24,A549,24,acetylcysteine,compound,BRD-K59058747-001-19-1,,,2.122148,-15.518939
BR00116993,D01,A549,24,NSC-625987,compound,BRD-K62949423-001-03-1,,['CDK inhibitor'],2.6564195,-15.756155
BR00116993,D02,A549,24,dalfampridine,compound,BRD-K22482860-001-20-6,,['potassium channel blocker'],2.3581264,-15.545494
BR00116993,D03,A549,24,NSC-95397,compound,BRD-K68143200-001-11-7,,['CDC inhibitor'],1.5536547,-11.9443655
BR00116993,D04,A549,24,alrestatin,compound,BRD-K35498378-001-06-1,,['aldose reductase inhibitor'],2.4920073,-15.641146
BR00116993,D05,A549,24,PF-03758309,compound,BRD-K37764012-001-03-3,poscon_diverse,['p21 activated kinase inhibitor'],2.2819254,-15.576834
BR00116993,D06,A549,24,IRL-2500,compound,BRD-K98357249-001-02-9,,['endothelin receptor antagonist'],2.1406996,-15.652695
BR00116993,D07,A549,24,PF-04217903,compound,BRD-K73319509-001-08-0,poscon_cp,,2.4061756,-15.770442
BR00116993,D08,A549,24,FK-866,compound,BRD-K58550667-001-08-7,poscon_diverse,,-0.9006196,-13.690811
BR00116993,D09,A549,24,amlexanox,compound,BRD-K29530284-001-06-2,,,2.2856066,-15.85049
BR00116993,D10,A549,24,GW-311616,compound,BRD-K37864785-001-01-0,,['elastase inhibitor'],2.0589473,-15.6556635
BR00116993,D11,A549,24,buparlisib,compound,BRD-K42191735-001-08-7,poscon_diverse,,-0.13738067,-5.1241603
BR00116993,D12,A549,24,amiloride,compound,BRD-K97181089-003-24-7,,['sodium channel blocker'],2.412016,-15.883051
BR00116993,D13,A549,24,DG-172,compound,BRD-K75748943-300-01-3,,,-1.357712,-9.551537
BR00116993,D14,A549,24,DMSO,compound,,negcon,,2.367759,-15.829584
BR00116993,D15,A549,24,DMSO,compound,,negcon,,2.077147,-15.900235
BR00116993,D16,A549,24,NVP-ADW742,compound,BRD-K15179513-001-04-2,poscon_cp,,-0.28044882,-7.2404246
BR00116993,D17,A549,24,misoprostol,compound,BRD-A72351335-001-04-5,,['prostanoid receptor agonist'],2.0506127,-15.803964
BR00116993,D18,A549,24,conivaptan,compound,BRD-K37385792-003-02-1,,,-0.8466395,-9.462171
BR00116993,D19,A549,24,spiroxatrine,compound,BRD-A72483914-001-03-7,,['serotonin receptor antagonist'],2.5901415,-15.407401
BR00116993,D20,A549,24,diacerein,compound,BRD-K69122748-001-10-1,,,2.4690235,-15.58197
BR00116993,D21,A549,24,DMSO,compound,,negcon,,2.4820442,-15.754274
BR00116993,D22,A549,24,DMSO,compound,,negcon,,2.3520374,-15.759416
BR00116993,D23,A549,24,glyburide,compound,BRD-K36927236-001-36-7,,['ATP channel blocker'],2.4585187,-15.394212
BR00116993,D24,A549,24,ANR-94,compound,BRD-K31170746-001-01-6,,,2.5487106,-14.623307
BR00116993,E01,A549,24,TFC-007,compound,BRD-K57708067-001-01-3,,,2.5136504,-15.525459
BR00116993,E02,A549,24,trihexyphenidyl,compound,BRD-A48180038-003-24-3,,['acetylcholine receptor antagonist'],2.0941126,-15.62118
BR00116993,E03,A549,24,epoprostenol,compound,BRD-K64054020-001-02-7,,,2.4112327,-15.44583
BR00116993,E04,A549,24,sacubitril,compound,BRD-K91456750-001-01-9,,,2.4667878,-15.506456
BR00116993,E05,A549,24,danusertib,compound,BRD-K07881437-001-03-8,poscon_diverse,"['growth factor receptor inhibitor', 'Aurora kinase inhibitor']",1.3309673,-7.0174274
BR00116993,E06,A549,24,CYT-997,compound,BRD-K23363278-001-02-1,poscon_diverse,['tubulin polymerization inhibitor'],-0.23002715,-4.3610134
BR00116993,E07,A549,24,DMSO,compound,,negcon,,2.0832603,-15.583772
BR00116993,E08,A549,24,BQ-788,compound,BRD-K02490038-236-03-8,,['endothelin receptor antagonist'],2.1476989,-15.576023
BR00116993,E09,A549,24,SB-202190,compound,BRD-K54330070-001-19-6,poscon_orf,['p38 MAPK inhibitor'],0.646858,-10.114351
BR00116993,E10,A549,24,GSK2110183,compound,BRD-K25412176-001-01-9,poscon_diverse,,-0.38138852,-8.342206
BR00116993,E11,A549,24,GSK3787,compound,BRD-K03155172-001-03-0,,['PPAR receptor antagonist'],2.2617452,-15.627526
BR00116993,E12,A549,24,BAM7,compound,BRD-K07442505-001-03-6,,,2.5196786,-15.3693285
BR00116993,E13,A549,24,PHA-793887,compound,BRD-K64800655-001-09-0,poscon_diverse,['CDK inhibitor'],2.5915632,-6.068819
BR00116993,E14,A549,24,DMSO,compound,,negcon,,2.041213,-15.781503
BR00116993,E15,A549,24,GSK-37647,compound,BRD-K26514105-001-01-7,,['free fatty acid receptor agonist'],2.3563743,-15.5844145
BR00116993,E16,A549,24,desonide,compound,BRD-K21528677-001-04-4,,['glucocorticoid receptor agonist'],2.5339897,-10.186833
BR00116993,E17,A549,24,DMSO,compound,,negcon,,2.5041852,-15.962264
BR00116993,E18,A549,24,aloxistatin,compound,BRD-K91188791-001-17-5,,,-1.0801977,-7.5872364
BR00116993,E19,A549,24,azathioprine,compound,BRD-K32821942-001-22-1,,,2.0950737,-15.235126
BR00116993,E20,A549,24,ZK-93423,compound,BRD-K33882852-003-02-8,poscon_diverse,['benzodiazepine receptor agonist'],0.61331326,-12.314644
BR00116993,E21,A549,24,BI-2536,compound,BRD-K64890080-001-02-1,poscon_diverse,,1.0192436,-5.567637
BR00116993,E22,A549,24,EI1,compound,BRD-K91535048-001-01-2,poscon_cp,['histone lysine methyltransferase inhibitor'],1.9951118,-15.745789
BR00116993,E23,A549,24,NVP-HSP990,compound,BRD-K67915505-001-01-2,,['HSP inhibitor'],2.5334551,-7.8693137
BR00116993,E24,A549,24,DMSO,compound,,negcon,,2.1174617,-15.669898
BR00116993,F01,A549,24,DMSO,compound,,negcon,,2.367055,-15.704995
BR00116993,F02,A549,24,nialamide,compound,BRD-K12102668-001-25-5,,,2.2049744,-15.850199
BR00116993,F03,A549,24,DMSO,compound,,negcon,,2.4318345,-15.992774
BR00116993,F04,A549,24,arundic-acid,compound,BRD-K49223707-001-01-0,,,2.1443174,-16.043331
BR00116993,F05,A549,24,torcitabine,compound,BRD-K91822704-003-07-2,,,2.5827382,-15.9319515
BR00116993,F06,A549,24,DMSO,compound,,negcon,,1.9254112,-15.729615
BR00116993,F07,A549,24,epothilone-b,compound,BRD-K68164687-001-01-6,,"['microtubule stabilizing agent', 'tubulin polymerization inhibitor']",-0.007961666,-4.968468
BR00116993,F08,A549,24,dyphylline,compound,BRD-A00827783-001-24-6,,['phosphodiesterase inhibitor'],2.2820628,-16.00891
BR00116993,F09,A549,24,DMSO,compound,,negcon,,2.324742,-15.850727
BR00116993,F10,A549,24,quinidine,compound,BRD-K59632282-052-03-1,,['sodium channel blocker'],2.5338879,-16.104305
BR00116993,F11,A549,24,halopemide,compound,BRD-K50055394-001-03-6,,,-0.3312983,-10.359281
BR00116993,F12,A549,24,sulfinpyrazone,compound,BRD-A36217750-001-16-3,,,2.130886,-15.659749
BR00116993,F13,A549,24,ML-323,compound,BRD-K93942811-001-01-3,poscon_cp,['ubiquitin specific protease inhibitor'],2.0498443,-15.639176
BR00116993,F14,A549,24,racecadotril,compound,BRD-A08187463-001-12-9,,,2.268302,-15.975651
BR00116993,F15,A549,24,BRL-50481,compound,BRD-K84266862-001-03-2,,['phosphodiesterase inhibitor'],1.9481503,-15.569683
BR00116993,F16,A549,24,GSK2110183,compound,BRD-K25412176-001-01-9,poscon_diverse,,-0.42869022,-8.306144
BR00116993,F17,A549,24,bufexamac,compound,BRD-K36660044-001-24-2,,['cyclooxygenase inhibitor'],2.4547503,-15.673002
BR00116993,F18,A549,24,anandamide,compound,BRD-K42352790-001-05-3,,,1.9747348,-15.845737
BR00116993,F19,A549,24,thioguanine,compound,BRD-K49350383-001-13-7,poscon_diverse,,1.4069432,-9.393271
BR00116993,F20,A549,24,IWP-L6,compound,BRD-K53234107-001-01-6,,['porcupine inhibitor'],-1.2225924,-11.960225
BR00116993,F21,A549,24,edoxaban,compound,BRD-K29322660-001-01-9,,['coagulation factor inhibitor'],2.1153436,-15.662969
BR00116993,F22,A549,24,lonafarnib,compound,BRD-K41599323-001-02-3,poscon_diverse,,-2.0965705,-7.4919953
BR00116993,F23,A549,24,ibutamoren,compound,BRD-K44771174-066-01-0,,,-1.072201,-9.511619
BR00116993,F24,A549,24,somatostatin,compound,BRD-K14681867-001-01-6,,['somatostatin receptor agonist'],2.0003273,-15.182843
BR00116993,G01,A549,24,L-proline,compound,BRD-K01666412-001-02-0,,,2.0986514,-15.476257
BR00116993,G02,A549,24,zamifenacin,compound,BRD-K80451230-051-02-6,,['acetylcholine receptor antagonist'],2.2326634,-15.723104
BR00116993,G03,A549,24,YC-1,compound,BRD-K60476892-001-16-1,,,1.8206376,-15.941601
BR00116993,G04,A549,24,DMSO,compound,,negcon,,2.155738,-15.7859335
BR00116993,G05,A549,24,ME-0328,compound,BRD-K24283677-001-01-9,,['PPAR receptor antagonist'],2.2646143,-15.899906
BR00116993,G06,A549,24,NSC-663284,compound,BRD-K03109492-001-02-2,,['CDC inhibitor'],1.7948678,-11.82472
BR00116993,G07,A549,24,CYM-50358,compound,BRD-K80666802-003-01-0,,,-0.91072506,-7.977058
BR00116993,G08,A549,24,trazodone,compound,BRD-K70778732-003-27-5,,"['adrenergic receptor antagonist', 'serotonin receptor antagonist']",2.2572029,-15.906788
BR00116993,G09,A549,24,DMSO,compound,,negcon,,2.2433476,-15.946358
BR00116993,G10,A549,24,DMSO,compound,,negcon,,1.9788263,-15.802347
BR00116993,G11,A549,24,sulfasalazine,compound,BRD-K10670311-001-17-1,,['cyclooxygenase inhibitor'],2.668459,-15.514709
BR00116993,G12,A549,24,"2,5-furandimethanol",compound,BRD-K29791386-001-01-8,,,2.5168626,-15.558389
BR00116993,G13,A549,24,DMSO,compound,,negcon,,2.7107987,-15.907392
BR00116993,G14,A549,24,dilazep,compound,BRD-K48722258-300-11-0,,,2.6330671,-15.962854
BR00116993,G15,A549,24,felodipine,compound,BRD-A30815329-001-12-1,,['calcium channel blocker'],1.7639331,-15.518799
BR00116993,G16,A549,24,paliperidone,compound,BRD-A99888680-001-05-3,,"['dopamine receptor antagonist', 'serotonin receptor antagonist']",2.5983772,-15.773181
BR00116993,G17,A549,24,purvalanol-a,compound,BRD-K50836978-001-03-3,poscon_orf,['CDK inhibitor'],0.77275467,-8.852081
BR00116993,G18,A549,24,DMSO,compound,,negcon,,2.4341862,-15.694501
BR00116993,G19,A549,24,Ro-1138452,compound,BRD-K77220725-003-01-5,,['prostanoid receptor antagonist'],-1.3565503,-9.903727
BR00116993,G20,A549,24,sorbinil,compound,BRD-A89164055-001-03-3,,['aldose reductase inhibitor'],2.4470367,-15.905591
BR00116993,G21,A549,24,TC-S-7004,compound,BRD-K89517477-001-01-4,poscon_cp,['DYRK inhibitor'],-1.3783231,-11.426878
BR00116993,G22,A549,24,saclofen,compound,BRD-A24122750-001-03-7,,['GABA receptor antagonist'],2.1322858,-15.637729
BR00116993,G23,A549,24,BAY-87-2243,compound,BRD-K70463136-001-01-5,,,0.12820554,-11.491921
BR00116993,G24,A549,24,ibudilast,compound,BRD-K16444452-001-09-1,,['phosphodiesterase inhibitor'],2.2007895,-15.612157
BR00116993,H01,A549,24,briciclib,compound,BRD-K05531427-001-01-7,,,-0.3460848,-4.378473
BR00116993,H02,A549,24,2-Oleoylglycerol,compound,BRD-K77087341-001-02-4,,,2.6605246,-15.660256
BR00116993,H03,A549,24,RGFP966,compound,BRD-K61688984-001-02-9,poscon_cp,['HDAC inhibitor'],-0.62179375,-10.346661
BR00116993,H04,A549,24,DMSO,compound,,negcon,,2.1439517,-15.862386
BR00116993,H05,A549,24,azacitidine,compound,BRD-K03406345-001-21-1,poscon_diverse,,1.3859824,-11.271745
BR00116993,H06,A549,24,N6-cyclopentyladenosine,compound,BRD-K60150510-001-15-6,,,1.8620597,-16.11373
BR00116993,H07,A549,24,filgotinib,compound,BRD-K16803204-001-01-6,poscon_cp,['JAK inhibitor'],1.2689936,-15.43512
BR00116993,H08,A549,24,guanidine,compound,BRD-K76037122-001-02-5,,['HSP inhibitor'],2.7410867,-15.531918
BR00116993,H09,A549,24,coumarin,compound,BRD-K23913458-001-20-7,,,2.4503658,-15.89034
BR00116993,H10,A549,24,DMSO,compound,,negcon,,2.2696447,-15.702577
BR00116993,H11,A549,24,ZM-336372,compound,BRD-K73789395-001-09-9,poscon_orf,['RAF inhibitor'],-0.16386202,-12.334549
BR00116993,H12,A549,24,citric-acid,compound,BRD-K76792669-001-08-1,,['coagulation factor inhibitor'],2.1511297,-15.884581
BR00116993,H13,A549,24,DMSO,compound,,negcon,,2.409063,-16.094578
BR00116993,H14,A549,24,CCG-63802,compound,BRD-K26970495-001-02-7,,['G protein signaling inhibitor'],2.4809668,-15.747138
BR00116993,H15,A549,24,ibutilide,compound,BRD-A74391928-051-03-9,,['potassium channel blocker'],-1.2019547,-11.3374815
BR00116993,H16,A549,24,batimastat,compound,BRD-K82818427-001-04-8,,['matrix metalloprotease inhibitor'],-0.77547073,-12.597261
BR00116993,H17,A549,24,DMSO,compound,,negcon,,2.0134807,-16.146996
BR00116993,H18,A549,24,DMSO,compound,,negcon,,2.3156822,-15.871775
BR00116993,H19,A549,24,UNC1999,compound,BRD-K26989966-001-04-3,poscon_cp,['histone lysine methyltransferase inhibitor'],1.0576785,-4.0376015
BR00116993,H20,A549,24,glutamine-(l),compound,BRD-K83896451-001-06-7,,,2.4187875,-15.773018
BR00116993,H21,A549,24,PD-98059,compound,BRD-K62810658-001-11-4,poscon_orf,,-1.1024331,-12.612118
BR00116993,H22,A549,24,enilconazole,compound,BRD-K01825690-065-01-9,,,2.635995,-15.843325
BR00116993,H23,A549,24,N-alpha-Methylhistamine-dihydrochloride,compound,BRD-K75390981-300-04-9,,['histamine receptor agonist'],1.9617085,-15.427036
BR00116993,H24,A549,24,GK921,compound,BRD-K38272302-001-02-7,,,0.25492418,-4.4386787
BR00116993,I01,A549,24,nilvadipine,compound,BRD-A84687895-001-03-2,,['calcium channel blocker'],2.350058,-15.811235
BR00116993,I02,A549,24,DMSO,compound,,negcon,,2.2313466,-15.723309
BR00116993,I03,A549,24,AC-710,compound,BRD-K15819326-001-01-6,,['PDGFR tyrosine kinase receptor inhibitor'],-0.5310903,-7.7530565
BR00116993,I04,A549,24,PETCM,compound,BRD-A93477898-001-04-2,,,2.6046243,-15.700395
BR00116993,I05,A549,24,AZD7762,compound,BRD-K86525559-001-07-8,poscon_diverse,['CHK inhibitor'],1.4234936,-4.2297726
BR00116993,I06,A549,24,PHA-793887,compound,BRD-K64800655-001-09-0,poscon_diverse,['CDK inhibitor'],2.5748434,-6.0472183
BR00116993,I07,A549,24,KU-60019,compound,BRD-K36016295-001-05-2,,['ATM kinase inhibitor'],0.11663806,-6.5726247
BR00116993,I08,A549,24,nafamostat,compound,BRD-K06674495-334-04-0,,,0.38286743,-10.963599
BR00116993,I09,A549,24,DMSO,compound,,negcon,,2.3545072,-16.127644
BR00116993,I10,A549,24,DMSO,compound,,negcon,,2.7296827,-15.858147
BR00116993,I11,A549,24,taladegib,compound,BRD-K50498985-001-03-3,,['smoothened receptor antagonist'],2.2882257,-16.025757
BR00116993,I12,A549,24,acetohexamide,compound,BRD-K52960356-001-13-0,,['ATP channel blocker'],2.594869,-15.866037
BR00116993,I13,A549,24,minocycline,compound,BRD-A69651145-003-11-4,,,2.6323252,-15.807345
BR00116993,I14,A549,24,BI-2536,compound,BRD-K64890080-001-02-1,poscon_diverse,,1.0721859,-5.556222
BR00116993,I15,A549,24,riociguat,compound,BRD-K84783599-001-01-0,,,2.5156455,-15.577471
BR00116993,I16,A549,24,CP-724714,compound,BRD-K76908866-001-07-6,poscon_cp,"['EGFR inhibitor', 'protein tyrosine kinase inhibitor']",-0.17083567,-10.550189
BR00116993,I17,A549,24,ganetespib,compound,BRD-K38852836-001-04-9,poscon_diverse,['HSP inhibitor'],2.5309904,-7.834849
BR00116993,I18,A549,24,AZ191,compound,BRD-K80935598-001-01-1,poscon_cp,['DYRK inhibitor'],-0.45149222,-7.0781765
BR00116993,I19,A549,24,BAX-channel-blocker,compound,BRD-A18763547-300-06-3,,,-0.28261945,-7.5385475
BR00116993,I20,A549,24,SU3327,compound,BRD-K32730239-001-01-0,,['JNK inhibitor'],1.8851594,-7.29173
BR00116993,I21,A549,24,DMSO,compound,,negcon,,2.0501688,-16.023556
BR00116993,I22,A549,24,DMSO,compound,,negcon,,2.1531875,-16.01337
BR00116993,I23,A549,24,octreotide,compound,BRD-A64173453-015-03-1,,['somatostatin receptor agonist'],2.1145885,-15.911962
BR00116993,I24,A549,24,1-octanol,compound,BRD-K09338665-001-08-9,,,2.0507088,-15.987439
BR00116993,J01,A549,24,acalabrutinib,compound,BRD-K64034691-001-01-9,,"[""Bruton's tyrosine kinase (BTK) inhibitor""]",2.0083945,-16.088055
BR00116993,J02,A549,24,rifamycin,compound,BRD-K38512030-001-01-7,,,2.1579435,-15.019746
BR00116993,J03,A549,24,pazopanib,compound,BRD-K74514084-003-09-2,,"['KIT inhibitor', 'VEGFR inhibitor', 'PDGFR tyrosine kinase receptor inhibitor']",-0.06121932,-11.673961
BR00116993,J04,A549,24,RKI-1447,compound,BRD-K19333160-001-01-3,poscon_cp,,-1.4177634,-13.271505
BR00116993,J05,A549,24,vitamin-E,compound,BRD-K97091514-001-11-4,,['PKC inhibitor'],2.1653628,-16.153475
BR00116993,J06,A549,24,lonafarnib,compound,BRD-K41599323-001-02-3,poscon_diverse,,-2.0872254,-7.490378
BR00116993,J07,A549,24,ethyl-pyruvate,compound,BRD-K47738867-001-01-5,,,1.9033052,-16.012037
BR00116993,J08,A549,24,picrotin,compound,BRD-A91822151-001-05-0,,['GABA receptor antagonist'],2.3916698,-15.793251
BR00116993,J09,A549,24,SGX523,compound,BRD-K19477839-001-07-6,poscon_cp,,2.18982,-15.880528
BR00116993,J10,A549,24,PP-2,compound,BRD-K95785537-001-22-3,,['src inhibitor'],0.8934317,-8.2357855
BR00116993,J11,A549,24,ME-0328,compound,BRD-A63444178-001-01-5,,['PPAR receptor antagonist'],2.3987076,-16.149178
BR00116993,J12,A549,24,AZD9668,compound,BRD-K31476763-001-01-5,,['elastase inhibitor'],1.9740016,-15.883052
BR00116993,J13,A549,24,NQDI-1,compound,BRD-K61918008-001-07-1,,,2.4642,-15.815446
BR00116993,J14,A549,24,DMSO,compound,,negcon,,2.357813,-15.788308
BR00116993,J15,A549,24,carzenide,compound,BRD-K09295674-001-09-8,,,2.1993513,-16.172972
BR00116993,J16,A549,24,KU-55933,compound,BRD-K25311561-001-10-7,,['ATM kinase inhibitor'],0.2419646,-10.554835
BR00116993,J17,A549,24,NVP-AEW541,compound,BRD-K24696047-001-02-3,poscon_cp,['IGF-1 inhibitor'],-0.36587304,-7.6623893
BR00116993,J18,A549,24,leflunomide,compound,BRD-K78692225-001-24-5,,['PDGFR tyrosine kinase receptor inhibitor'],1.9215156,-15.741286
BR00116993,J19,A549,24,DMSO,compound,,negcon,,2.1018388,-15.94863
BR00116993,J20,A549,24,azacitidine,compound,BRD-K03406345-001-21-1,poscon_diverse,,1.382736,-11.24546
BR00116993,J21,A549,24,ixabepilone,compound,BRD-K03601870-001-01-2,,['microtubule stabilizing agent'],-0.15301676,-4.35276
BR00116993,J22,A549,24,KH-CB19,compound,BRD-K66430217-001-03-8,poscon_cp,['CDC inhibitor'],2.3687105,-15.201553
BR00116993,J23,A549,24,DMSO,compound,,negcon,,2.252898,-15.823274
BR00116993,J24,A549,24,PF-05190457,compound,BRD-K02554563-001-01-6,,,2.3628993,-16.279034
BR00116993,K01,A549,24,LDN-212854,compound,BRD-K59831625-001-03-9,,,0.7756099,-5.7008977
BR00116993,K02,A549,24,formononetin,compound,BRD-K55567017-001-12-3,,['alcohol dehydrogenase inhibitor'],2.469851,-15.451355
BR00116993,K03,A549,24,aminopurvalanol-a,compound,BRD-K07762753-001-05-1,poscon_orf,['CDK inhibitor'],1.7503822,-7.6517377
BR00116993,K04,A549,24,ruxolitinib,compound,BRD-K53972329-001-01-3,poscon_cp,['JAK inhibitor'],-1.4570557,-12.916268
BR00116993,K05,A549,24,DMSO,compound,,negcon,,2.6808906,-15.88838
BR00116993,K06,A549,24,DMSO,compound,,negcon,,2.2754047,-16.090374
BR00116993,K07,A549,24,LGK-974,compound,BRD-K16810791-001-01-0,,['porcupine inhibitor'],1.6656373,-14.965817
BR00116993,K08,A549,24,polydatin,compound,BRD-K43236057-001-07-1,,['ICAM1 expression inhibitor'],1.0208939,-6.514092
BR00116993,K09,A549,24,enflurane,compound,BRD-A51831848-001-01-7,,,2.6097028,-16.001364
BR00116993,K10,A549,24,PFI-1,compound,BRD-K13094524-001-04-2,poscon_cp,,2.4677675,-15.467598
BR00116993,K11,A549,24,AZD7762,compound,BRD-K86525559-001-07-8,poscon_diverse,['CHK inhibitor'],1.4144602,-4.2212358
BR00116993,K12,A549,24,sotrastaurin,compound,BRD-K16761703-001-03-8,,['PKC inhibitor'],-2.1162748,-14.078665
BR00116993,K13,A549,24,DMSO,compound,,negcon,,2.602617,-15.868169
BR00116993,K14,A549,24,cycloheximide,compound,BRD-K36055864-001-20-0,,['protein synthesis inhibitor'],1.1800815,-11.060144
BR00116993,K15,A549,24,oxytocin,compound,BRD-K25243230-001-01-2,,,2.6513946,-16.095125
BR00116993,K16,A549,24,DMSO,compound,,negcon,,2.1306098,-16.037878
BR00116993,K17,A549,24,colchicine,compound,BRD-K00259736-001-16-4,,,-0.20185496,-4.4575977
BR00116993,K18,A549,24,afimoxifene,compound,BRD-K04210847-001-21-9,,,1.8106,-15.791111
BR00116993,K19,A549,24,DMSO,compound,,negcon,,1.9085461,-15.815888
BR00116993,K20,A549,24,ZK-93423,compound,BRD-K33882852-003-02-8,poscon_diverse,['benzodiazepine receptor agonist'],0.4794643,-12.167279
BR00116993,K21,A549,24,RGB-286638,compound,BRD-K20986415-001-02-6,,['CDK inhibitor'],1.4488912,-4.2650385
BR00116993,K22,A549,24,FPS-ZM1,compound,BRD-K87691185-001-01-2,,['RAGE receptor antagonist'],2.0540543,-15.95104
BR00116993,K23,A549,24,flindokalner,compound,BRD-K56740996-001-02-1,,,2.3781385,-15.623385
BR00116993,K24,A549,24,motesanib,compound,BRD-K99616396-316-05-3,,"['KIT inhibitor', 'VEGFR inhibitor', 'PDGFR tyrosine kinase receptor inhibitor']",-0.021560187,-11.523297
BR00116993,L01,A549,24,geldanamycin,compound,BRD-K43570081-001-02-4,,['HSP inhibitor'],0.9432361,-5.873809
BR00116993,L02,A549,24,DMSO,compound,,negcon,,2.021836,-15.614619
BR00116993,L03,A549,24,CGP-53353,compound,BRD-K32292990-001-03-6,,"['PKC inhibitor', 'EGFR inhibitor']",2.2770865,-16.300638
BR00116993,L04,A549,24,7-hydroxystaurosporine,compound,BRD-K45293975-001-02-0,,"['CDK inhibitor', 'PKC inhibitor', 'CHK inhibitor']",0.050530877,-6.7447596
BR00116993,L05,A549,24,DMSO,compound,,negcon,,1.9676725,-15.9626
BR00116993,L06,A549,24,DMSO,compound,,negcon,,1.8941643,-16.003206
BR00116993,L07,A549,24,efaproxiral,compound,BRD-K37355418-236-01-6,,,2.4132075,-16.118193
BR00116993,L08,A549,24,SB-203580,compound,BRD-A37704979-001-12-3,poscon_orf,['p38 MAPK inhibitor'],0.77268565,-9.864602
BR00116993,L09,A549,24,FK-866,compound,BRD-K58550667-001-08-7,poscon_diverse,,-0.99270976,-13.624361
BR00116993,L10,A549,24,bepridil,compound,BRD-A91008255-003-24-8,,['calcium channel blocker'],-0.87907565,-10.649874
BR00116993,L11,A549,24,delanzomib,compound,BRD-K59325863-001-04-4,,,0.8568864,-4.814504
BR00116993,L12,A549,24,buparlisib,compound,BRD-K42191735-001-08-7,poscon_diverse,,-0.1467875,-5.1255436
BR00116993,L13,A549,24,phenylbutazone,compound,BRD-K10843433-001-23-5,,"['cyclooxygenase inhibitor', 'prostanoid receptor antagonist']",2.185782,-15.821262
BR00116993,L14,A549,24,deferasirox,compound,BRD-K97010173-001-04-1,,,-0.74795353,-13.271475
BR00116993,L15,A549,24,DMSO,compound,,negcon,,2.0313625,-16.14693
BR00116993,L16,A549,24,cediranib,compound,BRD-K86930074-001-05-0,,"['KIT inhibitor', 'VEGFR inhibitor']",-0.6543104,-7.663941
BR00116993,L17,A549,24,isoflurane,compound,BRD-A31564021-001-02-6,,,2.3944774,-16.137686
BR00116993,L18,A549,24,DMSO,compound,,negcon,,2.1008253,-15.82535
BR00116993,L19,A549,24,CCG-50014,compound,BRD-K08893438-001-06-4,,['G protein signaling inhibitor'],2.285769,-16.145319
BR00116993,L20,A549,24,PF-431396,compound,BRD-K93788137-001-04-1,,,1.3071059,-6.733526
BR00116993,L21,A549,24,TG-02,compound,BRD-K14560436-001-01-4,,"['CDK inhibitor', 'FLT3 inhibitor', 'JAK inhibitor']",2.4661486,-5.9307284
BR00116993,L22,A549,24,baclofen,compound,BRD-K01826724-003-07-9,,['benzodiazepine receptor agonist'],2.1841466,-16.107044
BR00116993,L23,A549,24,thiostrepton,compound,BRD-A20697603-001-07-2,,['protein synthesis inhibitor'],-0.94703305,-7.9253283
BR00116993,L24,A549,24,flufenamic-acid,compound,BRD-K44067360-001-29-5,,,2.6856935,-15.326505
BR00116993,M01,A549,24,DMSO,compound,,negcon,,1.8362317,-15.564988
BR00116993,M02,A549,24,LY2109761,compound,BRD-K47557313-001-02-7,,,-1.200511,-11.111152
BR00116993,M03,A549,24,olopatadine,compound,BRD-K67637637-003-11-8,,['histamine receptor antagonist'],2.72769,-15.754971
BR00116993,M04,A549,24,DMSO,compound,,negcon,,2.2504995,-15.840849
BR00116993,M05,A549,24,castanospermine,compound,BRD-K20897876-001-11-8,,['glucosidase inhibitor'],2.323966,-15.942182
BR00116993,M06,A549,24,A205804,compound,BRD-K77627880-001-04-0,,['ICAM1 expression inhibitor'],-1.835745,-13.536196
BR00116993,M07,A549,24,VU591,compound,BRD-K72063794-003-01-0,,['potassium channel blocker'],2.8207872,-15.774852
BR00116993,M08,A549,24,dalbavancin,compound,BRD-K30177383-001-01-0,,['bacterial cell wall synthesis inhibitor'],2.454012,-15.765205
BR00116993,M09,A549,24,CC-401,compound,BRD-K45746021-003-01-9,,['JNK inhibitor'],-1.2212701,-11.328489
BR00116993,M10,A549,24,ganetespib,compound,BRD-K38852836-001-04-9,poscon_diverse,['HSP inhibitor'],2.5372531,-7.838598
BR00116993,M11,A549,24,ingenol-mebutate,compound,BRD-K93779381-001-01-9,,,1.2759501,-5.366491
BR00116993,M12,A549,24,menadione,compound,BRD-K78126613-001-27-7,,,1.8035878,-15.75489
BR00116993,M13,A549,24,cetilistat,compound,BRD-K94863486-001-02-2,,,2.544933,-16.12325
BR00116993,M14,A549,24,methoxsalen,compound,BRD-K63430059-001-16-4,,['DNA synthesis inhibitor'],2.217099,-15.5467825
BR00116993,M15,A549,24,cyclosporine,compound,BRD-K13533483-001-16-2,,,0.8698863,-7.9226313
BR00116993,M16,A549,24,NSC-632839,compound,BRD-K81197548-003-01-4,poscon_cp,['ubiquitin specific protease inhibitor'],0.40428025,-4.2997975
BR00116993,M17,A549,24,DMSO,compound,,negcon,,2.025766,-15.731196
BR00116993,M18,A549,24,TG-003,compound,BRD-K97072811-001-11-4,poscon_cp,,1.5794213,-15.643295
BR00116993,M19,A549,24,oxibendazole,compound,BRD-K52075715-001-06-7,,['tubulin polymerization inhibitor'],-0.34155178,-4.509945
BR00116993,M20,A549,24,TG-101348,compound,BRD-K12502280-001-11-4,poscon_cp,"['JAK inhibitor', 'FLT3 inhibitor']",1.036576,-3.9726732
BR00116993,M21,A549,24,miglitol,compound,BRD-A63310107-001-04-8,,['glucosidase inhibitor'],2.5604537,-15.924161
BR00116993,M22,A549,24,DMSO,compound,,negcon,,2.0844858,-16.075354
BR00116993,M23,A549,24,DMSO,compound,,negcon,,2.3414562,-15.969729
BR00116993,M24,A549,24,tranilast,compound,BRD-K17849083-001-32-9,,,1.4832848,-13.155759
BR00116993,N02,A549,24,LDN-27219,compound,BRD-K51485109-001-01-4,,,1.9079475,-15.95206
BR00116993,N03,A549,24,anisomycin,compound,BRD-K91370081-001-25-1,,['DNA synthesis inhibitor'],1.9017566,-3.9012856
BR00116993,N04,A549,24,thioguanine,compound,BRD-K49350383-001-13-7,poscon_diverse,,1.4679769,-9.368432
BR00116993,N05,A549,24,droxinostat,compound,BRD-K11558771-001-13-9,,['HDAC inhibitor'],-1.1461498,-10.88366
BR00116993,N06,A549,24,UNC2025,compound,BRD-K91283740-003-01-6,poscon_cp,['FLT3 inhibitor'],0.11369371,-7.2271404
BR00116993,N07,A549,24,DMSO,compound,,negcon,,2.1984892,-15.989361
BR00116993,N08,A549,24,DMSO,compound,,negcon,,2.0717402,-16.054235
BR00116993,N09,A549,24,AMG900,compound,BRD-K21728777-001-02-3,poscon_cp,['Aurora kinase inhibitor'],1.276067,-6.6049933
BR00116993,N10,A549,24,PF-06463922,compound,BRD-A23124853-001-01-4,,['ALK tyrosine kinase receptor inhibitor'],-0.5568513,-9.990125
BR00116993,N11,A549,24,orantinib,compound,BRD-K55966568-001-09-6,poscon_cp,"['FGFR inhibitor', 'PDGFR tyrosine kinase receptor inhibitor', 'VEGFR inhibitor']",2.4938035,-15.901424
BR00116993,N12,A549,24,fludarabine-phosphate,compound,BRD-K71106091-001-09-5,,['ribonucleotide reductase inhibitor'],2.134415,-8.82845
BR00116993,N13,A549,24,ceritinib,compound,BRD-K22149900-001-06-2,,['ALK tyrosine kinase receptor inhibitor'],-0.44384408,-8.523512
BR00116993,N14,A549,24,NVS-PAK1-1,compound,BRD-K28132190-001-02-0,poscon_cp,['p21 activated kinase inhibitor'],-1.4926608,-12.6579075
BR00116993,N15,A549,24,homoharringtonine,compound,BRD-K76674262-001-03-3,,['protein synthesis inhibitor'],1.70203,-3.868373
BR00116993,N16,A549,24,picrotoxinin,compound,BRD-K36461289-001-05-8,,['GABA receptor antagonist'],2.5187178,-15.946808
BR00116993,N17,A549,24,DMSO,compound,,negcon,,2.1339526,-16.16842
BR00116993,N18,A549,24,danusertib,compound,BRD-K07881437-001-03-8,poscon_diverse,"['growth factor receptor inhibitor', 'Aurora kinase inhibitor']",1.415077,-6.9639125
BR00116993,N19,A549,24,romidepsin,compound,BRD-K61397605-001-01-8,poscon_cp,['HDAC inhibitor'],0.830704,-3.9754357
BR00116993,N20,A549,24,FERb-033,compound,BRD-K61642990-001-01-0,poscon_cp,['EGFR inhibitor'],2.1298566,-15.957555
BR00116993,N21,A549,24,PF-03758309,compound,BRD-K37764012-001-03-3,poscon_diverse,['p21 activated kinase inhibitor'],2.332702,-6.412306
BR00116993,N22,A549,24,DMSO,compound,,negcon,,2.424141,-16.069342
BR00116993,N23,A549,24,trometamol,compound,BRD-K47978074-001-03-2,,,1.9132341,-15.786376
BR00116993,N24,A549,24,simvastatin,compound,BRD-K22134346-001-22-3,,['HMGCR inhibitor'],2.243908,-16.237988
BR00116993,O01,A549,24,zaprinast,compound,BRD-K16542329-001-16-8,,['phosphodiesterase inhibitor'],0.93205947,-5.836673
BR00116993,O02,A549,24,dexamethasone,compound,BRD-A10188456-001-04-9,,['glucocorticoid receptor agonist'],2.5354178,-10.248794
BR00116993,O03,A549,24,salicylic-acid,compound,BRD-K93632104-001-17-2,,['cyclooxygenase inhibitor'],1.9260511,-15.809268
BR00116993,O04,A549,24,diltiazem,compound,BRD-A69636825-003-04-7,,['calcium channel blocker'],-0.68262476,-10.878596
BR00116993,O05,A549,24,phenolphthalein,compound,BRD-K19227686-001-18-6,,,2.2511826,-16.128649
BR00116993,O06,A549,24,niflumic-acid,compound,BRD-K98763141-001-30-8,,['cyclooxygenase inhibitor'],1.9081138,-15.854624
BR00116993,O07,A549,24,DMSO,compound,,negcon,,2.658342,-15.979562
BR00116993,O08,A549,24,L-Cystine,compound,BRD-A15397381-001-02-5,,,2.0553718,-16.003832
BR00116993,O09,A549,24,ozanimod,compound,BRD-K46625559-001-01-8,,['sphingosine 1 phosphate receptor agonist'],-0.7242073,-13.097752
BR00116993,O10,A549,24,efaroxan,compound,BRD-A10739734-003-09-8,,['adrenergic receptor antagonist'],2.0855606,-16.141205
BR00116993,O11,A549,24,NBQX,compound,BRD-K11796549-001-05-2,,['glutamate receptor antagonist'],2.1962068,-15.745048
BR00116993,O12,A549,24,dinoprostone,compound,BRD-K26521938-001-07-2,,['prostanoid receptor agonist'],2.010981,-15.160881
BR00116993,O13,A549,24,Ro-20-1724,compound,BRD-A07207424-001-14-0,,['phosphodiesterase inhibitor'],2.766107,-15.851652
BR00116993,O14,A549,24,xanomeline,compound,BRD-K72815923-034-02-0,,['acetylcholine receptor agonist'],2.5746784,-15.896236
BR00116993,O15,A549,24,terazosin,compound,BRD-K01825589-310-02-9,,['adrenergic receptor antagonist'],2.1492615,-15.861957
BR00116993,O16,A549,24,BVT-948,compound,BRD-K68567222-001-01-2,,,1.999955,-16.058146
BR00116993,O17,A549,24,nicotine,compound,BRD-K01825660-322-01-9,,['acetylcholine receptor agonist'],2.158338,-16.123611
BR00116993,O18,A549,24,DMSO,compound,,negcon,,1.9511487,-15.885387
BR00116993,O19,A549,24,U-0521,compound,BRD-K08953028-001-09-6,,,2.5064514,-15.963472
BR00116993,O20,A549,24,BMS-587101,compound,BRD-K20093108-001-02-3,,,2.3396032,-16.20397
BR00116993,O21,A549,24,nimodipine,compound,BRD-A58048407-001-20-4,,['calcium channel blocker'],2.0586846,-16.022919
BR00116993,O22,A549,24,pyrrolidine-dithiocarbamate,compound,BRD-K80970344-201-08-6,,,2.2301004,-7.436172
BR00116993,O23,A549,24,PF-915275,compound,BRD-K18289362-001-02-2,,,2.442548,-16.117756
BR00116993,O24,A549,24,JTE-013,compound,BRD-K43330982-001-02-3,,,2.0293877,-16.163103
BR00116993,P01,A549,24,sodium-butyrate,compound,BRD-K05878375-236-05-7,,['HDAC inhibitor'],0.96686125,-5.9601574
BR00116993,P02,A549,24,pentostatin,compound,BRD-K91543828-001-02-0,,['ribonucleotide reductase inhibitor'],2.6120267,-15.882228
BR00116993,P03,A549,24,OMDM-2,compound,BRD-K48830578-001-01-9,,,2.3949192,-15.476245
BR00116993,P04,A549,24,nalmefene,compound,BRD-A72767275-003-01-6,,,2.0342126,-15.889949
BR00116993,P05,A549,24,DMSO,compound,,negcon,,2.3561783,-16.211977
BR00116993,P06,A549,24,1-EBIO,compound,BRD-K70586315-001-02-4,,,2.536728,-15.9176
BR00116993,P07,A549,24,SB-505124,compound,BRD-K40109029-001-02-9,,['ALK tyrosine kinase receptor inhibitor'],2.5461175,-15.955813
BR00116993,P08,A549,24,prasugrel,compound,BRD-A83029242-001-06-1,,['purinergic receptor antagonist'],2.0707986,-16.020384
BR00116993,P09,A549,24,pidolic-acid,compound,BRD-K57313110-001-06-8,,,2.417054,-16.253021
BR00116993,P10,A549,24,DMSO,compound,,negcon,,2.2344244,-15.872243
BR00116993,P11,A549,24,nevirapine,compound,BRD-K15502390-001-20-9,,,2.384967,-16.186855
BR00116993,P12,A549,24,triamterene,compound,BRD-K92049597-001-20-8,,['sodium channel blocker'],2.3540046,-16.122093
BR00116993,P13,A549,24,regorafenib,compound,BRD-K16730910-001-07-3,,"['PDGFR tyrosine kinase receptor inhibitor', 'RAF inhibitor', 'KIT inhibitor', 'RET tyrosine kinase inhibitor', 'FGFR inhibitor', 'VEGFR inhibitor']",-0.877542,-11.907124
BR00116993,P14,A549,24,cyclophosphamide,compound,BRD-A09722536-002-18-0,,,2.4838333,-16.193476
BR00116993,P15,A549,24,olanzapine,compound,BRD-K18895904-001-16-1,,"['dopamine receptor antagonist', 'serotonin receptor antagonist']",2.203864,-16.253193
BR00116993,P16,A549,24,KI-16425,compound,BRD-A25569250-001-03-3,,['lysophosphatidic acid receptor antagonist'],2.6155834,-16.421957
BR00116993,P17,A549,24,SKLB1002,compound,BRD-K29895144-001-01-0,,['VEGFR inhibitor'],2.4249,-15.969488
BR00116993,P18,A549,24,cilostazol,compound,BRD-K67017579-001-28-1,,['phosphodiesterase inhibitor'],2.257983,-16.210196
BR00116993,P19,A549,24,AZD1283,compound,BRD-K77060810-001-01-5,,['purinergic receptor antagonist'],2.713127,-15.878726
BR00116993,P20,A549,24,A-987306,compound,BRD-K68982262-001-01-4,,['histamine receptor antagonist'],-0.7135904,-8.776511
BR00116993,P21,A549,24,procaine,compound,BRD-K24616672-003-20-1,,['HMGCR inhibitor'],1.5369375,-15.388346
BR00116993,P22,A549,24,miconazole,compound,BRD-A82396632-008-30-8,,['bacterial cell wall synthesis inhibitor'],2.3991208,-16.279753
BR00116993,P23,A549,24,loperamide,compound,BRD-K61250553-003-30-6,,,-0.7311716,-8.953984
BR00116993,P24,A549,24,aripiprazole,compound,BRD-K70358946-001-17-3,,['serotonin receptor antagonist'],-0.95222247,-9.041745
BR00116994,A01,A549,24,gabapentin-enacarbil,compound,BRD-A86665761-001-01-1,,,0.21371056,-13.182062
BR00116994,A02,A549,24,DMSO,compound,,negcon,,3.2616093,-14.163802
BR00116994,A03,A549,24,amlodipine,compound,BRD-A22032524-074-09-9,,['calcium channel blocker'],-0.6537186,-8.612692
BR00116994,A04,A549,24,hexestrol,compound,BRD-A01078468-001-14-8,,,2.6721137,-14.026279
BR00116994,A05,A549,24,quinine,compound,BRD-K48278478-001-01-2,,,2.3821805,-13.953008
BR00116994,A06,A549,24,LOXO-101,compound,BRD-K36574127-001-01-3,,,3.024552,-14.611921
BR00116994,A07,A549,24,brinzolamide,compound,BRD-K74913225-001-14-0,,['carbonic anhydrase inhibitor'],3.462517,-14.644796
BR00116994,A08,A549,24,NS-11021,compound,BRD-K94342292-001-01-3,,['calcium-activated potassium channel activator'],-0.43640482,-12.359581
BR00116994,A09,A549,24,DMSO,compound,,negcon,,3.008154,-14.358837
BR00116994,A10,A549,24,GNF-5837,compound,BRD-K19975102-001-01-2,,['growth factor receptor inhibitor'],-0.2796502,-11.502236
BR00116994,A11,A549,24,apatinib,compound,BRD-K25244359-066-02-6,,['RET tyrosine kinase inhibitor'],-0.3833412,-11.378402
BR00116994,A12,A549,24,ethoxzolamide,compound,BRD-K18131774-001-18-4,,['carbonic anhydrase inhibitor'],1.4670157,-14.386912
BR00116994,A13,A549,24,ascorbic-acid,compound,BRD-A85242401-001-11-5,,,1.5340391,-13.613356
BR00116994,A14,A549,24,ryuvidine,compound,BRD-K06426971-001-02-7,,['histone lysine methyltransferase inhibitor'],0.951108,-4.6717515
BR00116994,A15,A549,24,BAN-ORL-24,compound,BRD-K47049295-300-03-1,,,0.28187394,-7.4537735
BR00116994,A16,A549,24,NNC-55-0396,compound,BRD-K78122587-300-04-3,,,-0.51669425,-7.9859757
BR00116994,A17,A549,24,DMSO,compound,,negcon,,3.1348484,-14.381895
BR00116994,A18,A549,24,WH-4-023,compound,BRD-K50199947-001-03-4,,['src inhibitor'],0.12326974,-7.6740084
BR00116994,A19,A549,24,flupirtine,compound,BRD-K50720187-051-03-1,,['glutamate receptor antagonist'],0.25500563,-14.341707
BR00116994,A20,A549,24,ZK811752,compound,BRD-K91825936-001-03-9,,,-0.32634905,-11.919373
BR00116994,A21,A549,24,dexamethasone,compound,BRD-K38775274-001-22-1,,['glucocorticoid receptor agonist'],2.5464501,-10.121758
BR00116994,A22,A549,24,PP-1,compound,BRD-K47598052-001-14-1,,['src inhibitor'],0.9239328,-8.281554
BR00116994,A23,A549,24,DDR1-IN-1,compound,BRD-K61845293-300-01-9,,,-0.67676324,-8.912667
BR00116994,A24,A549,24,AVL-292,compound,BRD-K87782578-001-01-4,,"[""Bruton's tyrosine kinase (BTK) inhibitor""]",1.1909646,-7.917005
BR00116994,B01,A549,24,H2L-5765834,compound,BRD-K26439554-001-01-3,,['lysophosphatidic acid receptor antagonist'],2.7506504,-14.629669
BR00116994,B02,A549,24,thiostrepton,compound,BRD-K58049875-001-03-9,,['protein synthesis inhibitor'],-0.613509,-7.840794
BR00116994,B03,A549,24,DMSO,compound,,negcon,,3.1626282,-14.109513
BR00116994,B04,A549,24,arcyriaflavin-a,compound,BRD-K72726508-001-02-1,,['CDK inhibitor'],0.9390016,-9.909569
BR00116994,B05,A549,24,CYM-5520,compound,BRD-K29151923-001-01-5,,['sphingosine 1 phosphate receptor agonist'],2.894029,-14.444328
BR00116994,B06,A549,24,fludarabine,compound,BRD-K66788707-001-14-3,,['ribonucleotide reductase inhibitor'],2.1384857,-9.228948
BR00116994,B07,A549,24,alda-1,compound,BRD-K06890060-001-09-1,,,2.8990083,-14.63458
BR00116994,B08,A549,24,meclofenamic-acid,compound,BRD-K50398167-236-22-7,,"['cyclooxygenase inhibitor', 'prostanoid receptor antagonist']",2.6332521,-14.129348
BR00116994,B09,A549,24,GNF-5,compound,BRD-K87632963-001-03-0,,['Bcr-Abl kinase inhibitor'],1.5746073,-14.035001
BR00116994,B10,A549,24,NS-309,compound,BRD-K37602296-001-01-6,,['calcium-activated potassium channel activator'],1.8505759,-14.590209
BR00116994,B11,A549,24,AK-7,compound,BRD-K09143580-001-01-0,,['SIRT inhibitor'],-4.0500774,-12.2142725
BR00116994,B12,A549,24,BVT-948,compound,BRD-A22713669-001-04-3,,,2.7147636,-14.419912
BR00116994,B13,A549,24,SirReal-2,compound,BRD-K16472653-001-01-6,,['SIRT inhibitor'],-1.819898,-11.908338
BR00116994,B14,A549,24,DMSO,compound,,negcon,,3.2428544,-14.142156
BR00116994,B15,A549,24,BMS-536924,compound,BRD-K34581968-001-05-3,,['IGF-1 inhibitor'],0.96031564,-7.885134
BR00116994,B16,A549,24,PP-121,compound,BRD-K81801188-001-02-8,,['protein tyrosine kinase inhibitor'],1.2502208,-4.506442
BR00116994,B17,A549,24,MCOPPB,compound,BRD-K73276278-305-01-1,,,-0.9661718,-7.6839356
BR00116994,B18,A549,24,ozagrel,compound,BRD-K53061490-003-13-9,,,2.7329998,-14.277203
BR00116994,B19,A549,24,CYM-5442,compound,BRD-A43005764-003-01-5,,['sphingosine 1 phosphate receptor agonist'],-1.5331674,-8.55786
BR00116994,B20,A549,24,CVT-10216,compound,BRD-K60659193-001-01-0,,,2.77859,-14.480722
BR00116994,B21,A549,24,TCN201,compound,BRD-K09787262-001-02-7,,['glutamate receptor antagonist'],3.388736,-14.23641
BR00116994,B22,A549,24,fomepizole,compound,BRD-K56810756-003-07-7,,['alcohol dehydrogenase inhibitor'],2.9889462,-14.311986
BR00116994,B23,A549,24,benzamil,compound,BRD-K87158025-003-08-7,,['sodium channel blocker'],2.2631454,-14.339325
BR00116994,B24,A549,24,lercanidipine,compound,BRD-A18992208-003-02-7,,['calcium channel blocker'],2.5164716,-13.835933
BR00116994,C01,A549,24,4-CMTB,compound,BRD-A54139254-001-09-2,,['free fatty acid receptor agonist'],-2.8823771,-13.344618
BR00116994,C02,A549,24,ML-228,compound,BRD-K44432556-001-05-5,,,3.2936752,-14.496775
BR00116994,C03,A549,24,DMSO,compound,,negcon,,2.9651833,-13.962293
BR00116994,C04,A549,24,GSK1070916,compound,BRD-K36740062-001-06-6,,['Aurora kinase inhibitor'],0.47197086,-7.1803784
BR00116994,C05,A549,24,ML-193,compound,BRD-K27539181-001-08-5,,,3.2599888,-14.365096
BR00116994,C06,A549,24,DMSO,compound,,negcon,,3.3163655,-14.028932
BR00116994,C07,A549,24,M-25,compound,BRD-K51265828-001-01-0,,['smoothened receptor antagonist'],2.7669406,-14.803876
BR00116994,C08,A549,24,azeliragon,compound,BRD-K51899933-001-02-6,,['RAGE receptor antagonist'],-0.296648,-7.3083773
BR00116994,C09,A549,24,CYT-997,compound,BRD-K23363278-001-02-1,poscon_diverse,['tubulin polymerization inhibitor'],-0.3089457,-4.412183
BR00116994,C10,A549,24,AR-12,compound,BRD-K90497590-001-05-9,,,1.2767613,-4.1596165
BR00116994,C11,A549,24,CYM-50260,compound,BRD-K69877120-001-01-7,,['sphingosine 1 phosphate receptor agonist'],2.923083,-14.327858
BR00116994,C12,A549,24,DMSO,compound,,negcon,,3.2099516,-14.217658
BR00116994,C13,A549,24,KG-5,compound,BRD-K90747162-001-01-4,poscon_cp,['RAF inhibitor'],-0.23899491,-4.5156264
BR00116994,C14,A549,24,JTE-607,compound,BRD-K81405859-300-01-4,,,1.3310457,-14.666895
BR00116994,C15,A549,24,DMSO,compound,,negcon,,3.1368904,-14.421009
BR00116994,C16,A549,24,ilomastat,compound,BRD-K51662849-001-05-4,,['matrix metalloprotease inhibitor'],3.0199983,-14.655348
BR00116994,C17,A549,24,RX-821002,compound,BRD-A65597028-003-08-1,,['adrenergic receptor antagonist'],2.9328487,-14.130653
BR00116994,C18,A549,24,DMSO,compound,,negcon,,3.4065037,-14.15314
BR00116994,C19,A549,24,TUG-891,compound,BRD-K24282351-001-01-4,,['free fatty acid receptor agonist'],2.4779694,-14.983283
BR00116994,C20,A549,24,ponatinib,compound,BRD-K44227013-001-08-0,,"['PDGFR tyrosine kinase receptor inhibitor', 'FLT3 inhibitor', 'Bcr-Abl kinase inhibitor']",1.0700634,-4.064997
BR00116994,C21,A549,24,DMSO,compound,,negcon,,3.2077718,-14.016048
BR00116994,C22,A549,24,puromycin,compound,BRD-K01824976-300-02-9,,['protein synthesis inhibitor'],0.9053017,-3.97795
BR00116994,C23,A549,24,SRC-kinase-inhibitor-I,compound,BRD-K50495309-001-02-0,,['src inhibitor'],-0.37044677,-10.117075
BR00116994,C24,A549,24,acetylcysteine,compound,BRD-K59058747-001-19-1,,,0.69592226,-13.900968
BR00116994,D01,A549,24,NSC-625987,compound,BRD-K62949423-001-03-1,,['CDK inhibitor'],1.0990204,-13.590899
BR00116994,D02,A549,24,dalfampridine,compound,BRD-K22482860-001-20-6,,['potassium channel blocker'],2.2877882,-14.092258
BR00116994,D03,A549,24,NSC-95397,compound,BRD-K68143200-001-11-7,,['CDC inhibitor'],1.5737643,-11.611545
BR00116994,D04,A549,24,alrestatin,compound,BRD-K35498378-001-06-1,,['aldose reductase inhibitor'],-2.4858422,-13.339836
BR00116994,D05,A549,24,PF-03758309,compound,BRD-K37764012-001-03-3,poscon_diverse,['p21 activated kinase inhibitor'],3.2449682,-14.770286
BR00116994,D06,A549,24,IRL-2500,compound,BRD-K98357249-001-02-9,,['endothelin receptor antagonist'],3.0148814,-14.280948
BR00116994,D07,A549,24,PF-04217903,compound,BRD-K73319509-001-08-0,poscon_cp,,2.7075613,-14.631897
BR00116994,D08,A549,24,FK-866,compound,BRD-K58550667-001-08-7,poscon_diverse,,-1.0349208,-13.578728
BR00116994,D09,A549,24,amlexanox,compound,BRD-K29530284-001-06-2,,,3.323174,-14.413706
BR00116994,D10,A549,24,GW-311616,compound,BRD-K37864785-001-01-0,,['elastase inhibitor'],2.8775318,-14.220268
BR00116994,D11,A549,24,buparlisib,compound,BRD-K42191735-001-08-7,poscon_diverse,,-0.14612043,-5.040125
BR00116994,D12,A549,24,amiloride,compound,BRD-K97181089-003-24-7,,['sodium channel blocker'],3.2758865,-14.292621
BR00116994,D13,A549,24,DG-172,compound,BRD-K75748943-300-01-3,,,-1.3712702,-9.518864
BR00116994,D14,A549,24,DMSO,compound,,negcon,,3.3772767,-14.202999
BR00116994,D15,A549,24,DMSO,compound,,negcon,,3.1237907,-14.274979
BR00116994,D16,A549,24,NVP-ADW742,compound,BRD-K15179513-001-04-2,poscon_cp,,-0.29971677,-7.291806
BR00116994,D17,A549,24,misoprostol,compound,BRD-A72351335-001-04-5,,['prostanoid receptor agonist'],3.2116783,-14.376033
BR00116994,D18,A549,24,conivaptan,compound,BRD-K37385792-003-02-1,,,-0.91854423,-9.686386
BR00116994,D19,A549,24,spiroxatrine,compound,BRD-A72483914-001-03-7,,['serotonin receptor antagonist'],1.3568008,-14.626241
BR00116994,D20,A549,24,diacerein,compound,BRD-K69122748-001-10-1,,,3.1390288,-13.979454
BR00116994,D21,A549,24,DMSO,compound,,negcon,,3.286036,-14.0322275
BR00116994,D22,A549,24,DMSO,compound,,negcon,,3.249279,-14.513177
BR00116994,D23,A549,24,glyburide,compound,BRD-K36927236-001-36-7,,['ATP channel blocker'],2.5450718,-14.142863
BR00116994,D24,A549,24,ANR-94,compound,BRD-K31170746-001-01-6,,,2.0330055,-14.223893
BR00116994,E01,A549,24,TFC-007,compound,BRD-K57708067-001-01-3,,,2.978213,-14.4286375
BR00116994,E02,A549,24,trihexyphenidyl,compound,BRD-A48180038-003-24-3,,['acetylcholine receptor antagonist'],1.2866393,-14.312448
BR00116994,E03,A549,24,epoprostenol,compound,BRD-K64054020-001-02-7,,,2.9036026,-14.326188
BR00116994,E04,A549,24,sacubitril,compound,BRD-K91456750-001-01-9,,,2.2693517,-14.197498
BR00116994,E05,A549,24,danusertib,compound,BRD-K07881437-001-03-8,poscon_diverse,"['growth factor receptor inhibitor', 'Aurora kinase inhibitor']",1.375525,-6.939143
BR00116994,E06,A549,24,CYT-997,compound,BRD-K23363278-001-02-1,poscon_diverse,['tubulin polymerization inhibitor'],-0.32265484,-4.457998
BR00116994,E07,A549,24,DMSO,compound,,negcon,,3.0661237,-14.547902
BR00116994,E08,A549,24,BQ-788,compound,BRD-K02490038-236-03-8,,['endothelin receptor antagonist'],2.695779,-14.254974
BR00116994,E09,A549,24,SB-202190,compound,BRD-K54330070-001-19-6,poscon_orf,['p38 MAPK inhibitor'],0.6355439,-10.112088
BR00116994,E10,A549,24,GSK2110183,compound,BRD-K25412176-001-01-9,poscon_diverse,,-0.48815584,-8.284955
BR00116994,E11,A549,24,GSK3787,compound,BRD-K03155172-001-03-0,,['PPAR receptor antagonist'],2.7497523,-14.452829
BR00116994,E12,A549,24,BAM7,compound,BRD-K07442505-001-03-6,,,-2.0782063,-12.697393
BR00116994,E13,A549,24,PHA-793887,compound,BRD-K64800655-001-09-0,poscon_diverse,['CDK inhibitor'],2.5683575,-5.991206
BR00116994,E14,A549,24,DMSO,compound,,negcon,,3.201162,-14.167517
BR00116994,E15,A549,24,GSK-37647,compound,BRD-K26514105-001-01-7,,['free fatty acid receptor agonist'],3.3000033,-14.497428
BR00116994,E16,A549,24,desonide,compound,BRD-K21528677-001-04-4,,['glucocorticoid receptor agonist'],2.5797167,-10.2108
BR00116994,E17,A549,24,DMSO,compound,,negcon,,3.2536423,-13.946649
BR00116994,E18,A549,24,aloxistatin,compound,BRD-K91188791-001-17-5,,,-1.1230047,-7.635148
BR00116994,E19,A549,24,azathioprine,compound,BRD-K32821942-001-22-1,,,2.8180578,-14.093171
BR00116994,E20,A549,24,ZK-93423,compound,BRD-K33882852-003-02-8,poscon_diverse,['benzodiazepine receptor agonist'],0.35181686,-12.0253315
BR00116994,E21,A549,24,BI-2536,compound,BRD-K64890080-001-02-1,poscon_diverse,,1.130781,-5.574209
BR00116994,E22,A549,24,EI1,compound,BRD-K91535048-001-01-2,poscon_cp,['histone lysine methyltransferase inhibitor'],0.48553303,-14.830963
BR00116994,E23,A549,24,NVP-HSP990,compound,BRD-K67915505-001-01-2,,['HSP inhibitor'],2.6034813,-7.831453
BR00116994,E24,A549,24,DMSO,compound,,negcon,,3.27207,-14.380955
BR00116994,F01,A549,24,DMSO,compound,,negcon,,3.4909995,-14.138591
BR00116994,F02,A549,24,nialamide,compound,BRD-K12102668-001-25-5,,,2.7591114,-14.3382435
BR00116994,F03,A549,24,DMSO,compound,,negcon,,3.1675107,-14.355989
BR00116994,F04,A549,24,arundic-acid,compound,BRD-K49223707-001-01-0,,,3.0868802,-14.136464
BR00116994,F05,A549,24,torcitabine,compound,BRD-K91822704-003-07-2,,,2.7255554,-15.148155
BR00116994,F06,A549,24,DMSO,compound,,negcon,,3.037924,-14.407562
BR00116994,F07,A549,24,epothilone-b,compound,BRD-K68164687-001-01-6,,"['microtubule stabilizing agent', 'tubulin polymerization inhibitor']",-0.16210362,-4.6613183
BR00116994,F08,A549,24,dyphylline,compound,BRD-A00827783-001-24-6,,['phosphodiesterase inhibitor'],3.2004433,-14.053498
BR00116994,F09,A549,24,DMSO,compound,,negcon,,3.2721076,-14.270706
BR00116994,F10,A549,24,quinidine,compound,BRD-K59632282-052-03-1,,['sodium channel blocker'],3.1966355,-14.442004
BR00116994,F11,A549,24,halopemide,compound,BRD-K50055394-001-03-6,,,-0.39941192,-10.385281
BR00116994,F12,A549,24,sulfinpyrazone,compound,BRD-A36217750-001-16-3,,,3.2228262,-14.358223
BR00116994,F13,A549,24,ML-323,compound,BRD-K93942811-001-01-3,poscon_cp,['ubiquitin specific protease inhibitor'],2.5649867,-14.61448
BR00116994,F14,A549,24,racecadotril,compound,BRD-A08187463-001-12-9,,,3.3647451,-14.340451
BR00116994,F15,A549,24,BRL-50481,compound,BRD-K84266862-001-03-2,,['phosphodiesterase inhibitor'],2.6895263,-13.862021
BR00116994,F16,A549,24,GSK2110183,compound,BRD-K25412176-001-01-9,poscon_diverse,,-0.45763725,-8.312878
BR00116994,F17,A549,24,bufexamac,compound,BRD-K36660044-001-24-2,,['cyclooxygenase inhibitor'],2.7471519,-14.90486
BR00116994,F18,A549,24,anandamide,compound,BRD-K42352790-001-05-3,,,3.3740602,-14.202037
BR00116994,F19,A549,24,thioguanine,compound,BRD-K49350383-001-13-7,poscon_diverse,,1.3930889,-9.351543
BR00116994,F20,A549,24,IWP-L6,compound,BRD-K53234107-001-01-6,,['porcupine inhibitor'],-1.3744031,-11.930281
BR00116994,F21,A549,24,edoxaban,compound,BRD-K29322660-001-01-9,,['coagulation factor inhibitor'],3.0530553,-14.100703
BR00116994,F22,A549,24,lonafarnib,compound,BRD-K41599323-001-02-3,poscon_diverse,,-2.1243515,-7.409849
BR00116994,F23,A549,24,ibutamoren,compound,BRD-K44771174-066-01-0,,,-0.89628744,-9.336479
BR00116994,F24,A549,24,somatostatin,compound,BRD-K14681867-001-01-6,,['somatostatin receptor agonist'],2.7273564,-13.923236
BR00116994,G01,A549,24,L-proline,compound,BRD-K01666412-001-02-0,,,-2.3260667,-11.118345
BR00116994,G02,A549,24,zamifenacin,compound,BRD-K80451230-051-02-6,,['acetylcholine receptor antagonist'],3.4148622,-14.700442
BR00116994,G03,A549,24,YC-1,compound,BRD-K60476892-001-16-1,,,2.2657135,-13.732115
BR00116994,G04,A549,24,DMSO,compound,,negcon,,3.2480206,-14.555657
BR00116994,G05,A549,24,ME-0328,compound,BRD-K24283677-001-01-9,,['PPAR receptor antagonist'],2.817555,-14.885027
BR00116994,G06,A549,24,NSC-663284,compound,BRD-K03109492-001-02-2,,['CDC inhibitor'],1.852716,-12.002825
BR00116994,G07,A549,24,CYM-50358,compound,BRD-K80666802-003-01-0,,,-0.84980637,-8.079393
BR00116994,G08,A549,24,trazodone,compound,BRD-K70778732-003-27-5,,"['adrenergic receptor antagonist', 'serotonin receptor antagonist']",3.3350735,-14.04404
BR00116994,G09,A549,24,DMSO,compound,,negcon,,3.2060895,-14.560639
BR00116994,G10,A549,24,DMSO,compound,,negcon,,3.3858702,-13.949895
BR00116994,G11,A549,24,sulfasalazine,compound,BRD-K10670311-001-17-1,,['cyclooxygenase inhibitor'],3.189134,-13.910273
BR00116994,G12,A549,24,"2,5-furandimethanol",compound,BRD-K29791386-001-01-8,,,3.063928,-14.017371
BR00116994,G13,A549,24,DMSO,compound,,negcon,,3.1615121,-13.86005
BR00116994,G14,A549,24,dilazep,compound,BRD-K48722258-300-11-0,,,2.8717496,-14.290386
BR00116994,G15,A549,24,felodipine,compound,BRD-A30815329-001-12-1,,['calcium channel blocker'],3.155252,-14.063119
BR00116994,G16,A549,24,paliperidone,compound,BRD-A99888680-001-05-3,,"['dopamine receptor antagonist', 'serotonin receptor antagonist']",3.2993102,-14.430143
BR00116994,G17,A549,24,purvalanol-a,compound,BRD-K50836978-001-03-3,poscon_orf,['CDK inhibitor'],0.71272534,-8.8882675
BR00116994,G18,A549,24,DMSO,compound,,negcon,,3.1181362,-14.026329
BR00116994,G19,A549,24,Ro-1138452,compound,BRD-K77220725-003-01-5,,['prostanoid receptor antagonist'],0.9453099,-14.737137
BR00116994,G20,A549,24,sorbinil,compound,BRD-A89164055-001-03-3,,['aldose reductase inhibitor'],3.0853312,-14.002804
BR00116994,G21,A549,24,TC-S-7004,compound,BRD-K89517477-001-01-4,poscon_cp,['DYRK inhibitor'],-1.5129186,-11.454397
BR00116994,G22,A549,24,saclofen,compound,BRD-A24122750-001-03-7,,['GABA receptor antagonist'],3.0330434,-13.698428
BR00116994,G23,A549,24,BAY-87-2243,compound,BRD-K70463136-001-01-5,,,0.15382077,-11.853931
BR00116994,G24,A549,24,ibudilast,compound,BRD-K16444452-001-09-1,,['phosphodiesterase inhibitor'],2.5989492,-13.882276
BR00116994,H01,A549,24,briciclib,compound,BRD-K05531427-001-01-7,,,-0.31621101,-4.438101
BR00116994,H02,A549,24,2-Oleoylglycerol,compound,BRD-K77087341-001-02-4,,,3.2304325,-14.4705305
BR00116994,H03,A549,24,RGFP966,compound,BRD-K61688984-001-02-9,poscon_cp,['HDAC inhibitor'],-0.73665315,-10.276059
BR00116994,H04,A549,24,DMSO,compound,,negcon,,3.3212214,-14.309707
BR00116994,H05,A549,24,azacitidine,compound,BRD-K03406345-001-21-1,poscon_diverse,,1.406315,-11.298396
BR00116994,H06,A549,24,N6-cyclopentyladenosine,compound,BRD-K60150510-001-15-6,,,3.1975842,-13.853008
BR00116994,H07,A549,24,filgotinib,compound,BRD-K16803204-001-01-6,poscon_cp,['JAK inhibitor'],1.1661481,-15.176047
BR00116994,H08,A549,24,guanidine,compound,BRD-K76037122-001-02-5,,['HSP inhibitor'],3.291995,-14.48093
BR00116994,H09,A549,24,coumarin,compound,BRD-K23913458-001-20-7,,,2.879352,-14.707224
BR00116994,H10,A549,24,DMSO,compound,,negcon,,3.171357,-13.90281
BR00116994,H11,A549,24,ZM-336372,compound,BRD-K73789395-001-09-9,poscon_orf,['RAF inhibitor'],-0.16939686,-12.173706
BR00116994,H12,A549,24,citric-acid,compound,BRD-K76792669-001-08-1,,['coagulation factor inhibitor'],2.97338,-14.864472
BR00116994,H13,A549,24,DMSO,compound,,negcon,,3.2297835,-13.942858
BR00116994,H14,A549,24,CCG-63802,compound,BRD-K26970495-001-02-7,,['G protein signaling inhibitor'],3.0357866,-13.726052
BR00116994,H15,A549,24,ibutilide,compound,BRD-A74391928-051-03-9,,['potassium channel blocker'],-1.2708697,-10.40679
BR00116994,H16,A549,24,batimastat,compound,BRD-K82818427-001-04-8,,['matrix metalloprotease inhibitor'],-0.66807723,-12.596369
BR00116994,H17,A549,24,DMSO,compound,,negcon,,3.0273254,-13.984312
BR00116994,H18,A549,24,DMSO,compound,,negcon,,3.4066467,-14.109722
BR00116994,H19,A549,24,UNC1999,compound,BRD-K26989966-001-04-3,poscon_cp,['histone lysine methyltransferase inhibitor'],1.0313964,-3.9770272
BR00116994,H20,A549,24,glutamine-(l),compound,BRD-K83896451-001-06-7,,,2.3401544,-13.774632
BR00116994,H21,A549,24,PD-98059,compound,BRD-K62810658-001-11-4,poscon_orf,,0.5392667,-13.06409
BR00116994,H22,A549,24,enilconazole,compound,BRD-K01825690-065-01-9,,,2.2403152,-14.14265
BR00116994,H23,A549,24,N-alpha-Methylhistamine-dihydrochloride,compound,BRD-K75390981-300-04-9,,['histamine receptor agonist'],2.6569746,-14.473283
BR00116994,H24,A549,24,GK921,compound,BRD-K38272302-001-02-7,,,0.3661227,-4.657338
BR00116994,I01,A549,24,nilvadipine,compound,BRD-A84687895-001-03-2,,['calcium channel blocker'],2.9687624,-14.978016
BR00116994,I02,A549,24,DMSO,compound,,negcon,,3.22872,-14.583981
BR00116994,I03,A549,24,AC-710,compound,BRD-K15819326-001-01-6,,['PDGFR tyrosine kinase receptor inhibitor'],-0.5476916,-7.761495
BR00116994,I04,A549,24,PETCM,compound,BRD-A93477898-001-04-2,,,2.9646063,-14.729134
BR00116994,I05,A549,24,AZD7762,compound,BRD-K86525559-001-07-8,poscon_diverse,['CHK inhibitor'],1.4563662,-4.303114
BR00116994,I06,A549,24,PHA-793887,compound,BRD-K64800655-001-09-0,poscon_diverse,['CDK inhibitor'],2.5437114,-5.9842024
BR00116994,I07,A549,24,KU-60019,compound,BRD-K36016295-001-05-2,,['ATM kinase inhibitor'],0.11547973,-6.5572143
BR00116994,I08,A549,24,nafamostat,compound,BRD-K06674495-334-04-0,,,0.32652897,-11.184128
BR00116994,I09,A549,24,DMSO,compound,,negcon,,3.4888287,-14.263062
BR00116994,I10,A549,24,DMSO,compound,,negcon,,3.3695354,-14.342535
BR00116994,I11,A549,24,taladegib,compound,BRD-K50498985-001-03-3,,['smoothened receptor antagonist'],2.5318956,-13.763603
BR00116994,I12,A549,24,acetohexamide,compound,BRD-K52960356-001-13-0,,['ATP channel blocker'],3.0270956,-13.803866
BR00116994,I13,A549,24,minocycline,compound,BRD-A69651145-003-11-4,,,3.5763814,-14.230589
BR00116994,I14,A549,24,BI-2536,compound,BRD-K64890080-001-02-1,poscon_diverse,,1.08743,-5.628913
BR00116994,I15,A549,24,riociguat,compound,BRD-K84783599-001-01-0,,,3.4434268,-14.566393
BR00116994,I16,A549,24,CP-724714,compound,BRD-K76908866-001-07-6,poscon_cp,"['EGFR inhibitor', 'protein tyrosine kinase inhibitor']",-0.26872605,-10.725799
BR00116994,I17,A549,24,ganetespib,compound,BRD-K38852836-001-04-9,poscon_diverse,['HSP inhibitor'],2.5460484,-7.879474
BR00116994,I18,A549,24,AZ191,compound,BRD-K80935598-001-01-1,poscon_cp,['DYRK inhibitor'],-0.6229354,-7.0706077
BR00116994,I19,A549,24,BAX-channel-blocker,compound,BRD-A18763547-300-06-3,,,-0.2782478,-7.4025
BR00116994,I20,A549,24,SU3327,compound,BRD-K32730239-001-01-0,,['JNK inhibitor'],1.7623854,-7.3686695
BR00116994,I21,A549,24,DMSO,compound,,negcon,,3.111838,-14.285334
BR00116994,I22,A549,24,DMSO,compound,,negcon,,3.2341363,-14.290038
BR00116994,I23,A549,24,octreotide,compound,BRD-A64173453-015-03-1,,['somatostatin receptor agonist'],2.3174593,-13.96356
BR00116994,I24,A549,24,1-octanol,compound,BRD-K09338665-001-08-9,,,3.0726068,-13.652103
BR00116994,J01,A549,24,acalabrutinib,compound,BRD-K64034691-001-01-9,,"[""Bruton's tyrosine kinase (BTK) inhibitor""]",2.8928971,-14.732313
BR00116994,J02,A549,24,rifamycin,compound,BRD-K38512030-001-01-7,,,3.572417,-14.456764
BR00116994,J03,A549,24,pazopanib,compound,BRD-K74514084-003-09-2,,"['KIT inhibitor', 'VEGFR inhibitor', 'PDGFR tyrosine kinase receptor inhibitor']",-0.029855452,-11.715551
BR00116994,J04,A549,24,RKI-1447,compound,BRD-K19333160-001-01-3,poscon_cp,,-1.31972,-13.245043
BR00116994,J05,A549,24,vitamin-E,compound,BRD-K97091514-001-11-4,,['PKC inhibitor'],3.3139231,-14.53774
BR00116994,J06,A549,24,lonafarnib,compound,BRD-K41599323-001-02-3,poscon_diverse,,-2.1049097,-7.4998403
BR00116994,J07,A549,24,ethyl-pyruvate,compound,BRD-K47738867-001-01-5,,,3.2117963,-14.4075165
BR00116994,J08,A549,24,picrotin,compound,BRD-A91822151-001-05-0,,['GABA receptor antagonist'],2.88092,-14.536296
BR00116994,J09,A549,24,SGX523,compound,BRD-K19477839-001-07-6,poscon_cp,,3.082958,-14.667785
BR00116994,J10,A549,24,PP-2,compound,BRD-K95785537-001-22-3,,['src inhibitor'],0.85503954,-8.3176775
BR00116994,J11,A549,24,ME-0328,compound,BRD-A63444178-001-01-5,,['PPAR receptor antagonist'],3.2917097,-14.834966
BR00116994,J12,A549,24,AZD9668,compound,BRD-K31476763-001-01-5,,['elastase inhibitor'],-2.4976506,-13.140253
BR00116994,J13,A549,24,NQDI-1,compound,BRD-K61918008-001-07-1,,,2.7612455,-14.750979
BR00116994,J14,A549,24,DMSO,compound,,negcon,,3.2439857,-14.152046
BR00116994,J15,A549,24,carzenide,compound,BRD-K09295674-001-09-8,,,2.8799014,-14.437997
BR00116994,J16,A549,24,KU-55933,compound,BRD-K25311561-001-10-7,,['ATM kinase inhibitor'],0.19504865,-10.530006
BR00116994,J17,A549,24,NVP-AEW541,compound,BRD-K24696047-001-02-3,poscon_cp,['IGF-1 inhibitor'],-0.2626815,-7.6666226
BR00116994,J18,A549,24,leflunomide,compound,BRD-K78692225-001-24-5,,['PDGFR tyrosine kinase receptor inhibitor'],1.9072453,-14.337129
BR00116994,J19,A549,24,DMSO,compound,,negcon,,3.385276,-14.0340605
BR00116994,J20,A549,24,azacitidine,compound,BRD-K03406345-001-21-1,poscon_diverse,,1.4127893,-11.311712
BR00116994,J21,A549,24,ixabepilone,compound,BRD-K03601870-001-01-2,,['microtubule stabilizing agent'],-0.21080649,-4.48146
BR00116994,J22,A549,24,KH-CB19,compound,BRD-K66430217-001-03-8,poscon_cp,['CDC inhibitor'],-0.8297607,-13.744779
BR00116994,J23,A549,24,DMSO,compound,,negcon,,3.0091426,-14.050221
BR00116994,J24,A549,24,PF-05190457,compound,BRD-K02554563-001-01-6,,,0.8367718,-14.331485
BR00116994,K01,A549,24,LDN-212854,compound,BRD-K59831625-001-03-9,,,1.0885859,-3.8623238
BR00116994,K02,A549,24,formononetin,compound,BRD-K55567017-001-12-3,,['alcohol dehydrogenase inhibitor'],2.1411884,-13.729244
BR00116994,K03,A549,24,aminopurvalanol-a,compound,BRD-K07762753-001-05-1,poscon_orf,['CDK inhibitor'],1.7868097,-7.6263585
BR00116994,K04,A549,24,ruxolitinib,compound,BRD-K53972329-001-01-3,poscon_cp,['JAK inhibitor'],-1.3935866,-12.962206
BR00116994,K05,A549,24,DMSO,compound,,negcon,,3.5998726,-14.173147
BR00116994,K06,A549,24,DMSO,compound,,negcon,,3.5095131,-14.344405
BR00116994,K07,A549,24,LGK-974,compound,BRD-K16810791-001-01-0,,['porcupine inhibitor'],1.0455991,-13.299631
BR00116994,K08,A549,24,polydatin,compound,BRD-K43236057-001-07-1,,['ICAM1 expression inhibitor'],1.0132184,-6.614484
BR00116994,K09,A549,24,enflurane,compound,BRD-A51831848-001-01-7,,,2.6113234,-13.758714
BR00116994,K10,A549,24,PFI-1,compound,BRD-K13094524-001-04-2,poscon_cp,,2.7853975,-14.000939
BR00116994,K11,A549,24,AZD7762,compound,BRD-K86525559-001-07-8,poscon_diverse,['CHK inhibitor'],1.3730127,-4.156861
BR00116994,K12,A549,24,sotrastaurin,compound,BRD-K16761703-001-03-8,,['PKC inhibitor'],-2.1802692,-13.993276
BR00116994,K13,A549,24,DMSO,compound,,negcon,,3.3534024,-14.191791
BR00116994,K14,A549,24,cycloheximide,compound,BRD-K36055864-001-20-0,,['protein synthesis inhibitor'],1.0908035,-11.027627
BR00116994,K15,A549,24,oxytocin,compound,BRD-K25243230-001-01-2,,,2.621397,-13.972216
BR00116994,K16,A549,24,DMSO,compound,,negcon,,3.1503854,-14.223966
BR00116994,K17,A549,24,colchicine,compound,BRD-K00259736-001-16-4,,,-0.3028902,-4.471208
BR00116994,K18,A549,24,afimoxifene,compound,BRD-K04210847-001-21-9,,,2.7704315,-13.4764185
BR00116994,K19,A549,24,DMSO,compound,,negcon,,3.0833175,-14.178161
BR00116994,K20,A549,24,ZK-93423,compound,BRD-K33882852-003-02-8,poscon_diverse,['benzodiazepine receptor agonist'],0.35838738,-12.01014
BR00116994,K21,A549,24,RGB-286638,compound,BRD-K20986415-001-02-6,,['CDK inhibitor'],1.4244283,-4.0780177
BR00116994,K22,A549,24,FPS-ZM1,compound,BRD-K87691185-001-01-2,,['RAGE receptor antagonist'],2.6664026,-14.595933
BR00116994,K23,A549,24,flindokalner,compound,BRD-K56740996-001-02-1,,,2.6246798,-13.736603
BR00116994,K24,A549,24,motesanib,compound,BRD-K99616396-316-05-3,,"['KIT inhibitor', 'VEGFR inhibitor', 'PDGFR tyrosine kinase receptor inhibitor']",0.0017623529,-11.477932
BR00116994,L01,A549,24,geldanamycin,compound,BRD-K43570081-001-02-4,,['HSP inhibitor'],2.5039332,-7.798739
BR00116994,L02,A549,24,DMSO,compound,,negcon,,3.212749,-14.111533
BR00116994,L03,A549,24,CGP-53353,compound,BRD-K32292990-001-03-6,,"['PKC inhibitor', 'EGFR inhibitor']",3.7253437,-14.064185
BR00116994,L04,A549,24,7-hydroxystaurosporine,compound,BRD-K45293975-001-02-0,,"['CDK inhibitor', 'PKC inhibitor', 'CHK inhibitor']",0.087306984,-6.702028
BR00116994,L05,A549,24,DMSO,compound,,negcon,,3.4922998,-14.524761
BR00116994,L06,A549,24,DMSO,compound,,negcon,,3.2074208,-13.794923
BR00116994,L07,A549,24,efaproxiral,compound,BRD-K37355418-236-01-6,,,3.1169493,-13.79872
BR00116994,L08,A549,24,SB-203580,compound,BRD-A37704979-001-12-3,poscon_orf,['p38 MAPK inhibitor'],0.82190585,-9.841396
BR00116994,L09,A549,24,FK-866,compound,BRD-K58550667-001-08-7,poscon_diverse,,-1.1651094,-13.474317
BR00116994,L10,A549,24,bepridil,compound,BRD-A91008255-003-24-8,,['calcium channel blocker'],-0.81780463,-10.805219
BR00116994,L11,A549,24,delanzomib,compound,BRD-K59325863-001-04-4,,,0.8500825,-4.7622137
BR00116994,L12,A549,24,buparlisib,compound,BRD-K42191735-001-08-7,poscon_diverse,,-0.23086219,-5.0276046
BR00116994,L13,A549,24,phenylbutazone,compound,BRD-K10843433-001-23-5,,"['cyclooxygenase inhibitor', 'prostanoid receptor antagonist']",2.8674283,-13.601873
BR00116994,L14,A549,24,deferasirox,compound,BRD-K97010173-001-04-1,,,-0.41117057,-13.319336
BR00116994,L15,A549,24,DMSO,compound,,negcon,,3.3124888,-14.553395
BR00116994,L16,A549,24,cediranib,compound,BRD-K86930074-001-05-0,,"['KIT inhibitor', 'VEGFR inhibitor']",-0.7050339,-7.632337
BR00116994,L17,A549,24,isoflurane,compound,BRD-A31564021-001-02-6,,,3.4366846,-14.35772
BR00116994,L18,A549,24,DMSO,compound,,negcon,,3.2602084,-14.187315
BR00116994,L19,A549,24,CCG-50014,compound,BRD-K08893438-001-06-4,,['G protein signaling inhibitor'],2.4739213,-14.000003
BR00116994,L20,A549,24,PF-431396,compound,BRD-K93788137-001-04-1,,,1.3265393,-6.710793
BR00116994,L21,A549,24,TG-02,compound,BRD-K14560436-001-01-4,,"['CDK inhibitor', 'FLT3 inhibitor', 'JAK inhibitor']",2.456297,-5.9912786
BR00116994,L22,A549,24,baclofen,compound,BRD-K01826724-003-07-9,,['benzodiazepine receptor agonist'],2.4379451,-13.76598
BR00116994,L23,A549,24,thiostrepton,compound,BRD-A20697603-001-07-2,,['protein synthesis inhibitor'],-1.0436959,-8.584788
BR00116994,L24,A549,24,flufenamic-acid,compound,BRD-K44067360-001-29-5,,,2.7147384,-13.918624
BR00116994,M01,A549,24,DMSO,compound,,negcon,,3.350178,-14.260961
BR00116994,M02,A549,24,LY2109761,compound,BRD-K47557313-001-02-7,,,-1.0926306,-11.191243
BR00116994,M03,A549,24,olopatadine,compound,BRD-K67637637-003-11-8,,['histamine receptor antagonist'],3.6021678,-14.362813
BR00116994,M04,A549,24,DMSO,compound,,negcon,,3.2508364,-13.870773
BR00116994,M05,A549,24,castanospermine,compound,BRD-K20897876-001-11-8,,['glucosidase inhibitor'],3.3898287,-14.533377
BR00116994,M06,A549,24,A205804,compound,BRD-K77627880-001-04-0,,['ICAM1 expression inhibitor'],-1.930099,-13.421947
BR00116994,M07,A549,24,VU591,compound,BRD-K72063794-003-01-0,,['potassium channel blocker'],3.4801552,-14.02696
BR00116994,M08,A549,24,dalbavancin,compound,BRD-K30177383-001-01-0,,['bacterial cell wall synthesis inhibitor'],3.1779232,-13.819752
BR00116994,M09,A549,24,CC-401,compound,BRD-K45746021-003-01-9,,['JNK inhibitor'],-1.0040783,-11.428369
BR00116994,M10,A549,24,ganetespib,compound,BRD-K38852836-001-04-9,poscon_diverse,['HSP inhibitor'],2.5174472,-7.8316307
BR00116994,M11,A549,24,ingenol-mebutate,compound,BRD-K93779381-001-01-9,,,1.2641189,-5.4604516
BR00116994,M12,A549,24,menadione,compound,BRD-K78126613-001-27-7,,,3.1556897,-13.77166
BR00116994,M13,A549,24,cetilistat,compound,BRD-K94863486-001-02-2,,,3.3695889,-13.790877
BR00116994,M14,A549,24,methoxsalen,compound,BRD-K63430059-001-16-4,,['DNA synthesis inhibitor'],3.2797558,-14.131151
BR00116994,M15,A549,24,cyclosporine,compound,BRD-K13533483-001-16-2,,,0.8957433,-7.8838573
BR00116994,M16,A549,24,NSC-632839,compound,BRD-K81197548-003-01-4,poscon_cp,['ubiquitin specific protease inhibitor'],0.26562023,-4.3587565
BR00116994,M17,A549,24,DMSO,compound,,negcon,,3.2224088,-14.528258
BR00116994,M18,A549,24,TG-003,compound,BRD-K97072811-001-11-4,poscon_cp,,3.128205,-13.474708
BR00116994,M19,A549,24,oxibendazole,compound,BRD-K52075715-001-06-7,,['tubulin polymerization inhibitor'],-0.27996612,-4.3824816
BR00116994,M20,A549,24,TG-101348,compound,BRD-K12502280-001-11-4,poscon_cp,"['JAK inhibitor', 'FLT3 inhibitor']",1.0790434,-3.9482403
BR00116994,M21,A549,24,miglitol,compound,BRD-A63310107-001-04-8,,['glucosidase inhibitor'],2.7209315,-14.488055
BR00116994,M22,A549,24,DMSO,compound,,negcon,,3.4733858,-14.467978
BR00116994,M23,A549,24,DMSO,compound,,negcon,,3.3190904,-13.809005
BR00116994,M24,A549,24,tranilast,compound,BRD-K17849083-001-32-9,,,1.2533586,-13.2729
BR00116994,N01,A549,24,4-methylhistamine,compound,BRD-K70821460-300-02-4,,['histamine receptor agonist'],3.1107485,-13.8331175
BR00116994,N02,A549,24,LDN-27219,compound,BRD-K51485109-001-01-4,,,3.554809,-14.092024
BR00116994,N03,A549,24,anisomycin,compound,BRD-K91370081-001-25-1,,['DNA synthesis inhibitor'],1.7909571,-3.8623981
BR00116994,N04,A549,24,thioguanine,compound,BRD-K49350383-001-13-7,poscon_diverse,,1.432106,-9.378789
BR00116994,N05,A549,24,droxinostat,compound,BRD-K11558771-001-13-9,,['HDAC inhibitor'],-1.3101319,-10.811918
BR00116994,N06,A549,24,UNC2025,compound,BRD-K91283740-003-01-6,poscon_cp,['FLT3 inhibitor'],0.15310836,-7.214152
BR00116994,N07,A549,24,DMSO,compound,,negcon,,3.4268787,-14.119526
BR00116994,N08,A549,24,DMSO,compound,,negcon,,3.469243,-14.184013
BR00116994,N09,A549,24,AMG900,compound,BRD-K21728777-001-02-3,poscon_cp,['Aurora kinase inhibitor'],1.254489,-6.6477985
BR00116994,N10,A549,24,PF-06463922,compound,BRD-A23124853-001-01-4,,['ALK tyrosine kinase receptor inhibitor'],-0.67259103,-9.693962
BR00116994,N11,A549,24,orantinib,compound,BRD-K55966568-001-09-6,poscon_cp,"['FGFR inhibitor', 'PDGFR tyrosine kinase receptor inhibitor', 'VEGFR inhibitor']",-2.6434715,-12.327204
BR00116994,N12,A549,24,fludarabine-phosphate,compound,BRD-K71106091-001-09-5,,['ribonucleotide reductase inhibitor'],2.1526942,-8.691342
BR00116994,N13,A549,24,ceritinib,compound,BRD-K22149900-001-06-2,,['ALK tyrosine kinase receptor inhibitor'],-0.45198056,-8.623324
BR00116994,N14,A549,24,NVS-PAK1-1,compound,BRD-K28132190-001-02-0,poscon_cp,['p21 activated kinase inhibitor'],-1.5666038,-12.625118
BR00116994,N15,A549,24,homoharringtonine,compound,BRD-K76674262-001-03-3,,['protein synthesis inhibitor'],1.7849597,-3.8423817
BR00116994,N16,A549,24,picrotoxinin,compound,BRD-K36461289-001-05-8,,['GABA receptor antagonist'],2.7857804,-13.841821
BR00116994,N17,A549,24,DMSO,compound,,negcon,,3.2760818,-14.166444
BR00116994,N18,A549,24,danusertib,compound,BRD-K07881437-001-03-8,poscon_diverse,"['growth factor receptor inhibitor', 'Aurora kinase inhibitor']",1.3595748,-6.930469
BR00116994,N19,A549,24,romidepsin,compound,BRD-K61397605-001-01-8,poscon_cp,['HDAC inhibitor'],0.84371483,-3.8979309
BR00116994,N20,A549,24,FERb-033,compound,BRD-K61642990-001-01-0,poscon_cp,['EGFR inhibitor'],2.9752083,-14.599256
BR00116994,N21,A549,24,PF-03758309,compound,BRD-K37764012-001-03-3,poscon_diverse,['p21 activated kinase inhibitor'],2.3688931,-6.324155
BR00116994,N22,A549,24,DMSO,compound,,negcon,,3.1145465,-14.48483
BR00116994,N23,A549,24,trometamol,compound,BRD-K47978074-001-03-2,,,3.1349218,-13.81324
BR00116994,N24,A549,24,simvastatin,compound,BRD-K22134346-001-22-3,,['HMGCR inhibitor'],2.6367955,-13.773197
BR00116994,O01,A549,24,zaprinast,compound,BRD-K16542329-001-16-8,,['phosphodiesterase inhibitor'],2.9733636,-14.309165
BR00116994,O02,A549,24,dexamethasone,compound,BRD-A10188456-001-04-9,,['glucocorticoid receptor agonist'],2.5385833,-10.183856
BR00116994,O03,A549,24,salicylic-acid,compound,BRD-K93632104-001-17-2,,['cyclooxygenase inhibitor'],3.163481,-13.781518
BR00116994,O04,A549,24,diltiazem,compound,BRD-A69636825-003-04-7,,['calcium channel blocker'],-0.8486545,-10.962726
BR00116994,O05,A549,24,phenolphthalein,compound,BRD-K19227686-001-18-6,,,3.5641155,-14.358948
BR00116994,O06,A549,24,niflumic-acid,compound,BRD-K98763141-001-30-8,,['cyclooxygenase inhibitor'],3.5463648,-14.550736
BR00116994,O07,A549,24,DMSO,compound,,negcon,,3.48766,-14.24569
BR00116994,O08,A549,24,L-Cystine,compound,BRD-A15397381-001-02-5,,,3.622254,-14.141965
BR00116994,O09,A549,24,ozanimod,compound,BRD-K46625559-001-01-8,,['sphingosine 1 phosphate receptor agonist'],-0.4148688,-13.33045
BR00116994,O10,A549,24,efaroxan,compound,BRD-A10739734-003-09-8,,['adrenergic receptor antagonist'],3.5153015,-13.990696
BR00116994,O11,A549,24,NBQX,compound,BRD-K11796549-001-05-2,,['glutamate receptor antagonist'],3.466764,-14.095234
BR00116994,O12,A549,24,dinoprostone,compound,BRD-K26521938-001-07-2,,['prostanoid receptor agonist'],3.4764216,-14.025084
BR00116994,O13,A549,24,Ro-20-1724,compound,BRD-A07207424-001-14-0,,['phosphodiesterase inhibitor'],3.5355022,-14.033176
BR00116994,O14,A549,24,xanomeline,compound,BRD-K72815923-034-02-0,,['acetylcholine receptor agonist'],3.4942353,-14.050513
BR00116994,O15,A549,24,terazosin,compound,BRD-K01825589-310-02-9,,['adrenergic receptor antagonist'],2.9399233,-15.034522
BR00116994,O16,A549,24,BVT-948,compound,BRD-K68567222-001-01-2,,,3.623211,-14.315483
BR00116994,O17,A549,24,nicotine,compound,BRD-K01825660-322-01-9,,['acetylcholine receptor agonist'],3.526167,-14.1866045
BR00116994,O18,A549,24,DMSO,compound,,negcon,,3.5891776,-14.310352
BR00116994,O19,A549,24,U-0521,compound,BRD-K08953028-001-09-6,,,2.2751052,-14.514061
BR00116994,O20,A549,24,BMS-587101,compound,BRD-K20093108-001-02-3,,,3.294792,-14.370066
BR00116994,O21,A549,24,nimodipine,compound,BRD-A58048407-001-20-4,,['calcium channel blocker'],1.3116801,-14.303355
BR00116994,O22,A549,24,pyrrolidine-dithiocarbamate,compound,BRD-K80970344-201-08-6,,,2.2619226,-7.431808
BR00116994,O23,A549,24,PF-915275,compound,BRD-K18289362-001-02-2,,,2.8381922,-13.61069
BR00116994,O24,A549,24,JTE-013,compound,BRD-K43330982-001-02-3,,,2.5394652,-13.737645
BR00116994,P01,A549,24,sodium-butyrate,compound,BRD-K05878375-236-05-7,,['HDAC inhibitor'],0.832125,-5.785873
BR00116994,P02,A549,24,pentostatin,compound,BRD-K91543828-001-02-0,,['ribonucleotide reductase inhibitor'],2.9654696,-15.169042
BR00116994,P03,A549,24,OMDM-2,compound,BRD-K48830578-001-01-9,,,2.659338,-13.370869
BR00116994,P04,A549,24,nalmefene,compound,BRD-A72767275-003-01-6,,,2.9687192,-13.57958
BR00116994,P05,A549,24,DMSO,compound,,negcon,,3.3185027,-14.52539
BR00116994,P06,A549,24,1-EBIO,compound,BRD-K70586315-001-02-4,,,3.25139,-13.866339
BR00116994,P07,A549,24,SB-505124,compound,BRD-K40109029-001-02-9,,['ALK tyrosine kinase receptor inhibitor'],2.9730716,-15.208351
BR00116994,P08,A549,24,prasugrel,compound,BRD-A83029242-001-06-1,,['purinergic receptor antagonist'],3.6648297,-14.249821
BR00116994,P09,A549,24,pidolic-acid,compound,BRD-K57313110-001-06-8,,,3.6586199,-14.354957
BR00116994,P10,A549,24,DMSO,compound,,negcon,,3.6082213,-14.008437
BR00116994,P11,A549,24,nevirapine,compound,BRD-K15502390-001-20-9,,,3.567875,-14.28849
BR00116994,P12,A549,24,triamterene,compound,BRD-K92049597-001-20-8,,['sodium channel blocker'],3.2963235,-14.663174
BR00116994,P13,A549,24,regorafenib,compound,BRD-K16730910-001-07-3,,"['PDGFR tyrosine kinase receptor inhibitor', 'RAF inhibitor', 'KIT inhibitor', 'RET tyrosine kinase inhibitor', 'FGFR inhibitor', 'VEGFR inhibitor']",-0.9135565,-12.087555
BR00116994,P14,A549,24,cyclophosphamide,compound,BRD-A09722536-002-18-0,,,0.9441155,-14.551421
BR00116994,P15,A549,24,olanzapine,compound,BRD-K18895904-001-16-1,,"['dopamine receptor antagonist', 'serotonin receptor antagonist']",1.633569,-13.313618
BR00116994,P16,A549,24,KI-16425,compound,BRD-A25569250-001-03-3,,['lysophosphatidic acid receptor antagonist'],3.6491456,-14.284249
BR00116994,P17,A549,24,SKLB1002,compound,BRD-K29895144-001-01-0,,['VEGFR inhibitor'],2.7629812,-14.965115
BR00116994,P18,A549,24,cilostazol,compound,BRD-K67017579-001-28-1,,['phosphodiesterase inhibitor'],3.6289947,-14.108585
BR00116994,P19,A549,24,AZD1283,compound,BRD-K77060810-001-01-5,,['purinergic receptor antagonist'],3.6914482,-14.027957
BR00116994,P20,A549,24,A-987306,compound,BRD-K68982262-001-01-4,,['histamine receptor antagonist'],-0.7598084,-9.074414
BR00116994,P21,A549,24,procaine,compound,BRD-K24616672-003-20-1,,['HMGCR inhibitor'],3.3917267,-14.3548355
BR00116994,P22,A549,24,miconazole,compound,BRD-A82396632-008-30-8,,['bacterial cell wall synthesis inhibitor'],2.2069433,-14.462993
BR00116994,P23,A549,24,loperamide,compound,BRD-K61250553-003-30-6,,,-0.665226,-8.9563465
BR00116994,P24,A549,24,aripiprazole,compound,BRD-K70358946-001-17-3,,['serotonin receptor antagonist'],-0.7549077,-8.997439
BR00117015,A01,A549,48,gabapentin-enacarbil,compound,BRD-A86665761-001-01-1,,,-3.766146,-11.56177
BR00117015,A02,A549,48,DMSO,compound,,negcon,,-2.4927166,-11.466143
BR00117015,A03,A549,48,amlodipine,compound,BRD-A22032524-074-09-9,,['calcium channel blocker'],-0.9494954,-9.236712
BR00117015,A04,A549,48,hexestrol,compound,BRD-A01078468-001-14-8,,,-2.8279564,-11.595013
BR00117015,A05,A549,48,quinine,compound,BRD-K48278478-001-01-2,,,-3.1472802,-11.605762
BR00117015,A06,A549,48,LOXO-101,compound,BRD-K36574127-001-01-3,,,-3.0851226,-12.264322
BR00117015,A07,A549,48,brinzolamide,compound,BRD-K74913225-001-14-0,,['carbonic anhydrase inhibitor'],-2.694093,-11.333685
BR00117015,A08,A549,48,NS-11021,compound,BRD-K94342292-001-01-3,,['calcium-activated potassium channel activator'],-0.46050856,-12.187603
BR00117015,A09,A549,48,DMSO,compound,,negcon,,-2.4601812,-11.632409
BR00117015,A10,A549,48,GNF-5837,compound,BRD-K19975102-001-01-2,,['growth factor receptor inhibitor'],-0.24951068,-11.523651
BR00117015,A11,A549,48,apatinib,compound,BRD-K25244359-066-02-6,,['RET tyrosine kinase inhibitor'],-0.4307204,-11.354092
BR00117015,A12,A549,48,ethoxzolamide,compound,BRD-K18131774-001-18-4,,['carbonic anhydrase inhibitor'],-2.57669,-11.224322
BR00117015,A13,A549,48,ascorbic-acid,compound,BRD-A85242401-001-11-5,,,-2.3765936,-11.501577
BR00117015,A14,A549,48,ryuvidine,compound,BRD-K06426971-001-02-7,,['histone lysine methyltransferase inhibitor'],0.8902349,-4.479628
BR00117015,A15,A549,48,BAN-ORL-24,compound,BRD-K47049295-300-03-1,,,0.29115826,-7.3455544
BR00117015,A16,A549,48,NNC-55-0396,compound,BRD-K78122587-300-04-3,,,-0.53202903,-7.4015355
BR00117015,A17,A549,48,DMSO,compound,,negcon,,-2.363582,-11.67208
BR00117015,A18,A549,48,WH-4-023,compound,BRD-K50199947-001-03-4,,['src inhibitor'],0.52050436,-7.792438
BR00117015,A19,A549,48,flupirtine,compound,BRD-K50720187-051-03-1,,['glutamate receptor antagonist'],-2.074259,-12.0196295
BR00117015,A20,A549,48,ZK811752,compound,BRD-K91825936-001-03-9,,,-1.3582462,-11.942278
BR00117015,A21,A549,48,dexamethasone,compound,BRD-K38775274-001-22-1,,['glucocorticoid receptor agonist'],2.4143786,-10.037666
BR00117015,A22,A549,48,PP-1,compound,BRD-K47598052-001-14-1,,['src inhibitor'],0.8383858,-8.359375
BR00117015,A23,A549,48,DDR1-IN-1,compound,BRD-K61845293-300-01-9,,,-0.64500725,-9.017968
BR00117015,A24,A549,48,AVL-292,compound,BRD-K87782578-001-01-4,,"[""Bruton's tyrosine kinase (BTK) inhibitor""]",1.0310885,-7.8709497
BR00117015,B01,A549,48,H2L-5765834,compound,BRD-K26439554-001-01-3,,['lysophosphatidic acid receptor antagonist'],-3.3000271,-10.829468
BR00117015,B02,A549,48,thiostrepton,compound,BRD-K58049875-001-03-9,,['protein synthesis inhibitor'],-0.7781978,-7.3164153
BR00117015,B03,A549,48,DMSO,compound,,negcon,,-2.3928273,-10.806011
BR00117015,B04,A549,48,arcyriaflavin-a,compound,BRD-K72726508-001-02-1,,['CDK inhibitor'],0.8433908,-10.13131
BR00117015,B05,A549,48,CYM-5520,compound,BRD-K29151923-001-01-5,,['sphingosine 1 phosphate receptor agonist'],-3.1774142,-10.708774
BR00117015,B06,A549,48,fludarabine,compound,BRD-K66788707-001-14-3,,['ribonucleotide reductase inhibitor'],2.1017704,-9.163148
BR00117015,B07,A549,48,alda-1,compound,BRD-K06890060-001-09-1,,,-2.7239323,-11.364352
BR00117015,B08,A549,48,meclofenamic-acid,compound,BRD-K50398167-236-22-7,,"['cyclooxygenase inhibitor', 'prostanoid receptor antagonist']",-2.4959538,-11.117213
BR00117015,B09,A549,48,GNF-5,compound,BRD-K87632963-001-03-0,,['Bcr-Abl kinase inhibitor'],-2.363614,-11.890029
BR00117015,B10,A549,48,NS-309,compound,BRD-K37602296-001-01-6,,['calcium-activated potassium channel activator'],-2.7168412,-11.043973
BR00117015,B11,A549,48,AK-7,compound,BRD-K09143580-001-01-0,,['SIRT inhibitor'],-3.966996,-12.038864
BR00117015,B12,A549,48,BVT-948,compound,BRD-A22713669-001-04-3,,,-2.2610898,-10.448618
BR00117015,B13,A549,48,SirReal-2,compound,BRD-K16472653-001-01-6,,['SIRT inhibitor'],-2.29925,-11.431013
BR00117015,B14,A549,48,DMSO,compound,,negcon,,-2.6893146,-11.189913
BR00117015,B15,A549,48,BMS-536924,compound,BRD-K34581968-001-05-3,,['IGF-1 inhibitor'],0.88341856,-7.611246
BR00117015,B16,A549,48,PP-121,compound,BRD-K81801188-001-02-8,,['protein tyrosine kinase inhibitor'],1.180716,-4.231131
BR00117015,B17,A549,48,MCOPPB,compound,BRD-K73276278-305-01-1,,,-0.9054812,-7.4778395
BR00117015,B18,A549,48,ozagrel,compound,BRD-K53061490-003-13-9,,,-2.7016282,-11.030695
BR00117015,B19,A549,48,CYM-5442,compound,BRD-A43005764-003-01-5,,['sphingosine 1 phosphate receptor agonist'],-1.2719343,-8.108872
BR00117015,B20,A549,48,CVT-10216,compound,BRD-K60659193-001-01-0,,,-2.5485325,-11.259146
BR00117015,B21,A549,48,TCN201,compound,BRD-K09787262-001-02-7,,['glutamate receptor antagonist'],-2.622052,-10.928581
BR00117015,B22,A549,48,fomepizole,compound,BRD-K56810756-003-07-7,,['alcohol dehydrogenase inhibitor'],-2.496729,-10.76852
BR00117015,B23,A549,48,benzamil,compound,BRD-K87158025-003-08-7,,['sodium channel blocker'],-2.0537188,-10.90603
BR00117015,B24,A549,48,lercanidipine,compound,BRD-A18992208-003-02-7,,['calcium channel blocker'],-1.3057011,-10.196587
BR00117015,C01,A549,48,4-CMTB,compound,BRD-A54139254-001-09-2,,['free fatty acid receptor agonist'],-2.732484,-11.196055
BR00117015,C02,A549,48,ML-228,compound,BRD-K44432556-001-05-5,,,-2.9272807,-10.964388
BR00117015,C03,A549,48,DMSO,compound,,negcon,,-2.4595692,-10.894778
BR00117015,C04,A549,48,GSK1070916,compound,BRD-K36740062-001-06-6,,['Aurora kinase inhibitor'],0.08310117,-7.1679983
BR00117015,C05,A549,48,ML-193,compound,BRD-K27539181-001-08-5,,,-2.5693986,-10.965249
BR00117015,C06,A549,48,DMSO,compound,,negcon,,-2.8564818,-11.167983
BR00117015,C07,A549,48,M-25,compound,BRD-K51265828-001-01-0,,['smoothened receptor antagonist'],-2.4939277,-11.258056
BR00117015,C08,A549,48,azeliragon,compound,BRD-K51899933-001-02-6,,['RAGE receptor antagonist'],0.64318323,-3.8877141
BR00117015,C09,A549,48,CYT-997,compound,BRD-K23363278-001-02-1,poscon_diverse,['tubulin polymerization inhibitor'],0.38079202,-5.560341
BR00117015,C10,A549,48,AR-12,compound,BRD-K90497590-001-05-9,,,1.137579,-3.9513738
BR00117015,C11,A549,48,CYM-50260,compound,BRD-K69877120-001-01-7,,['sphingosine 1 phosphate receptor agonist'],-1.8045478,-11.942401
BR00117015,C12,A549,48,DMSO,compound,,negcon,,-2.7087188,-11.073335
BR00117015,C13,A549,48,KG-5,compound,BRD-K90747162-001-01-4,poscon_cp,['RAF inhibitor'],0.29853272,-5.6845975
BR00117015,C14,A549,48,JTE-607,compound,BRD-K81405859-300-01-4,,,2.034345,-9.70124
BR00117015,C15,A549,48,DMSO,compound,,negcon,,-2.5519624,-11.005781
BR00117015,C16,A549,48,ilomastat,compound,BRD-K51662849-001-05-4,,['matrix metalloprotease inhibitor'],-3.109729,-11.214185
BR00117015,C17,A549,48,RX-821002,compound,BRD-A65597028-003-08-1,,['adrenergic receptor antagonist'],-2.4376507,-11.127642
BR00117015,C18,A549,48,DMSO,compound,,negcon,,-2.411956,-11.0014
BR00117015,C19,A549,48,TUG-891,compound,BRD-K24282351-001-01-4,,['free fatty acid receptor agonist'],-2.785465,-11.028222
BR00117015,C20,A549,48,ponatinib,compound,BRD-K44227013-001-08-0,,"['PDGFR tyrosine kinase receptor inhibitor', 'FLT3 inhibitor', 'Bcr-Abl kinase inhibitor']",0.76790524,-3.6538963
BR00117015,C21,A549,48,DMSO,compound,,negcon,,-2.4446027,-10.885066
BR00117015,C22,A549,48,puromycin,compound,BRD-K01824976-300-02-9,,['protein synthesis inhibitor'],0.9151136,-3.6038156
BR00117015,C23,A549,48,SRC-kinase-inhibitor-I,compound,BRD-K50495309-001-02-0,,['src inhibitor'],-0.25934848,-9.995528
BR00117015,C24,A549,48,acetylcysteine,compound,BRD-K59058747-001-19-1,,,-3.0792148,-11.249197
BR00117015,D01,A549,48,NSC-625987,compound,BRD-K62949423-001-03-1,,['CDK inhibitor'],-2.5507305,-11.324158
BR00117015,D02,A549,48,dalfampridine,compound,BRD-K22482860-001-20-6,,['potassium channel blocker'],-2.915178,-10.755186
BR00117015,D03,A549,48,NSC-95397,compound,BRD-K68143200-001-11-7,,['CDC inhibitor'],1.3255645,-5.781916
BR00117015,D04,A549,48,alrestatin,compound,BRD-K35498378-001-06-1,,['aldose reductase inhibitor'],-2.7226818,-11.009843
BR00117015,D05,A549,48,PF-03758309,compound,BRD-K37764012-001-03-3,poscon_diverse,['p21 activated kinase inhibitor'],-2.950069,-10.988118
BR00117015,D06,A549,48,IRL-2500,compound,BRD-K98357249-001-02-9,,['endothelin receptor antagonist'],-2.3573053,-11.27421
BR00117015,D07,A549,48,PF-04217903,compound,BRD-K73319509-001-08-0,poscon_cp,,-2.7611358,-10.900006
BR00117015,D08,A549,48,FK-866,compound,BRD-K58550667-001-08-7,poscon_diverse,,2.1097388,-7.9641004
BR00117015,D09,A549,48,amlexanox,compound,BRD-K29530284-001-06-2,,,-2.877998,-11.284652
BR00117015,D10,A549,48,GW-311616,compound,BRD-K37864785-001-01-0,,['elastase inhibitor'],-2.9944847,-11.486834
BR00117015,D11,A549,48,buparlisib,compound,BRD-K42191735-001-08-7,poscon_diverse,,0.049557474,-6.0397906
BR00117015,D12,A549,48,amiloride,compound,BRD-K97181089-003-24-7,,['sodium channel blocker'],-2.2247276,-10.781814
BR00117015,D13,A549,48,DG-172,compound,BRD-K75748943-300-01-3,,,-1.4824262,-9.549086
BR00117015,D14,A549,48,DMSO,compound,,negcon,,-2.4850287,-11.0402975
BR00117015,D15,A549,48,DMSO,compound,,negcon,,-2.6105738,-11.30339
BR00117015,D16,A549,48,NVP-ADW742,compound,BRD-K15179513-001-04-2,poscon_cp,,-0.25164402,-7.111802
BR00117015,D17,A549,48,misoprostol,compound,BRD-A72351335-001-04-5,,['prostanoid receptor agonist'],-2.5541873,-11.28272
BR00117015,D18,A549,48,conivaptan,compound,BRD-K37385792-003-02-1,,,-0.8836198,-9.83619
BR00117015,D19,A549,48,spiroxatrine,compound,BRD-A72483914-001-03-7,,['serotonin receptor antagonist'],-2.34536,-10.959115
BR00117015,D20,A549,48,diacerein,compound,BRD-K69122748-001-10-1,,,-2.9755976,-11.342761
BR00117015,D21,A549,48,DMSO,compound,,negcon,,-2.2559156,-10.812774
BR00117015,D22,A549,48,DMSO,compound,,negcon,,-2.6413162,-11.297028
BR00117015,D23,A549,48,glyburide,compound,BRD-K36927236-001-36-7,,['ATP channel blocker'],-2.380367,-11.081978
BR00117015,D24,A549,48,ANR-94,compound,BRD-K31170746-001-01-6,,,-2.632008,-11.408169
BR00117015,E01,A549,48,TFC-007,compound,BRD-K57708067-001-01-3,,,-2.891783,-11.458187
BR00117015,E02,A549,48,trihexyphenidyl,compound,BRD-A48180038-003-24-3,,['acetylcholine receptor antagonist'],-2.5906916,-11.153303
BR00117015,E03,A549,48,epoprostenol,compound,BRD-K64054020-001-02-7,,,-2.680817,-11.177992
BR00117015,E04,A549,48,sacubitril,compound,BRD-K91456750-001-01-9,,,-2.8237116,-10.713717
BR00117015,E05,A549,48,danusertib,compound,BRD-K07881437-001-03-8,poscon_diverse,"['growth factor receptor inhibitor', 'Aurora kinase inhibitor']",1.312124,-6.9562287
BR00117015,E06,A549,48,CYT-997,compound,BRD-K23363278-001-02-1,poscon_diverse,['tubulin polymerization inhibitor'],0.36206773,-5.5105357
BR00117015,E07,A549,48,DMSO,compound,,negcon,,-2.5727859,-10.887128
BR00117015,E08,A549,48,BQ-788,compound,BRD-K02490038-236-03-8,,['endothelin receptor antagonist'],-2.9226003,-10.724947
BR00117015,E09,A549,48,SB-202190,compound,BRD-K54330070-001-19-6,poscon_orf,['p38 MAPK inhibitor'],0.4953976,-10.295174
BR00117015,E10,A549,48,GSK2110183,compound,BRD-K25412176-001-01-9,poscon_diverse,,-0.45052746,-8.181223
BR00117015,E11,A549,48,GSK3787,compound,BRD-K03155172-001-03-0,,['PPAR receptor antagonist'],-2.9842882,-11.072444
BR00117015,E12,A549,48,BAM7,compound,BRD-K07442505-001-03-6,,,-2.2466533,-10.5970745
BR00117015,E13,A549,48,PHA-793887,compound,BRD-K64800655-001-09-0,poscon_diverse,['CDK inhibitor'],2.4300628,-5.796195
BR00117015,E14,A549,48,DMSO,compound,,negcon,,-2.8623981,-11.208296
BR00117015,E15,A549,48,GSK-37647,compound,BRD-K26514105-001-01-7,,['free fatty acid receptor agonist'],-2.1762083,-10.585436
BR00117015,E16,A549,48,desonide,compound,BRD-K21528677-001-04-4,,['glucocorticoid receptor agonist'],2.3935235,-10.035508
BR00117015,E17,A549,48,DMSO,compound,,negcon,,-2.3744674,-10.774666
BR00117015,E18,A549,48,aloxistatin,compound,BRD-K91188791-001-17-5,,,-1.1600009,-7.6776514
BR00117015,E19,A549,48,azathioprine,compound,BRD-K32821942-001-22-1,,,-2.11385,-11.105195
BR00117015,E20,A549,48,ZK-93423,compound,BRD-K33882852-003-02-8,poscon_diverse,['benzodiazepine receptor agonist'],-0.009701825,-11.77839
BR00117015,E21,A549,48,BI-2536,compound,BRD-K64890080-001-02-1,poscon_diverse,,1.3020831,-5.7230945
BR00117015,E22,A549,48,EI1,compound,BRD-K91535048-001-01-2,poscon_cp,['histone lysine methyltransferase inhibitor'],-1.9482753,-11.21573
BR00117015,E23,A549,48,NVP-HSP990,compound,BRD-K67915505-001-01-2,,['HSP inhibitor'],2.3810375,-7.0124016
BR00117015,E24,A549,48,DMSO,compound,,negcon,,-2.6214156,-11.528175
BR00117015,F01,A549,48,DMSO,compound,,negcon,,-2.3696065,-11.086993
BR00117015,F02,A549,48,nialamide,compound,BRD-K12102668-001-25-5,,,-3.0409203,-10.560656
BR00117015,F03,A549,48,DMSO,compound,,negcon,,-2.3874323,-10.856004
BR00117015,F04,A549,48,arundic-acid,compound,BRD-K49223707-001-01-0,,,-2.542607,-10.826124
BR00117015,F05,A549,48,torcitabine,compound,BRD-K91822704-003-07-2,,,-2.4599385,-11.311449
BR00117015,F06,A549,48,DMSO,compound,,negcon,,-2.5935936,-11.467902
BR00117015,F07,A549,48,epothilone-b,compound,BRD-K68164687-001-01-6,,"['microtubule stabilizing agent', 'tubulin polymerization inhibitor']",0.53764874,-6.0681887
BR00117015,F08,A549,48,dyphylline,compound,BRD-A00827783-001-24-6,,['phosphodiesterase inhibitor'],-3.1310248,-11.208295
BR00117015,F09,A549,48,DMSO,compound,,negcon,,-2.839782,-11.346813
BR00117015,F10,A549,48,quinidine,compound,BRD-K59632282-052-03-1,,['sodium channel blocker'],-1.9337355,-9.830341
BR00117015,F11,A549,48,halopemide,compound,BRD-K50055394-001-03-6,,,-0.34740806,-9.931532
BR00117015,F12,A549,48,sulfinpyrazone,compound,BRD-A36217750-001-16-3,,,-2.7247288,-11.240323
BR00117015,F13,A549,48,ML-323,compound,BRD-K93942811-001-01-3,poscon_cp,['ubiquitin specific protease inhibitor'],-2.4712539,-10.9280405
BR00117015,F14,A549,48,racecadotril,compound,BRD-A08187463-001-12-9,,,-2.7465444,-10.912246
BR00117015,F15,A549,48,BRL-50481,compound,BRD-K84266862-001-03-2,,['phosphodiesterase inhibitor'],-2.6146035,-11.383903
BR00117015,F16,A549,48,GSK2110183,compound,BRD-K25412176-001-01-9,poscon_diverse,,-0.45551002,-8.226643
BR00117015,F17,A549,48,bufexamac,compound,BRD-K36660044-001-24-2,,['cyclooxygenase inhibitor'],-2.3927603,-10.531938
BR00117015,F18,A549,48,anandamide,compound,BRD-K42352790-001-05-3,,,-3.07869,-12.024996
BR00117015,F19,A549,48,thioguanine,compound,BRD-K49350383-001-13-7,poscon_diverse,,1.3045614,-9.251092
BR00117015,F20,A549,48,IWP-L6,compound,BRD-K53234107-001-01-6,,['porcupine inhibitor'],-1.5712966,-11.730956
BR00117015,F21,A549,48,edoxaban,compound,BRD-K29322660-001-01-9,,['coagulation factor inhibitor'],-2.4193523,-10.85016
BR00117015,F22,A549,48,lonafarnib,compound,BRD-K41599323-001-02-3,poscon_diverse,,-2.0194046,-7.427837
BR00117015,F23,A549,48,ibutamoren,compound,BRD-K44771174-066-01-0,,,-1.2309285,-9.726089
BR00117015,F24,A549,48,somatostatin,compound,BRD-K14681867-001-01-6,,['somatostatin receptor agonist'],-2.356233,-11.38755
BR00117015,G01,A549,48,L-proline,compound,BRD-K01666412-001-02-0,,,-3.3839905,-10.656095
BR00117015,G02,A549,48,zamifenacin,compound,BRD-K80451230-051-02-6,,['acetylcholine receptor antagonist'],-2.7909644,-11.077786
BR00117015,G03,A549,48,YC-1,compound,BRD-K60476892-001-16-1,,,-2.741828,-10.860009
BR00117015,G04,A549,48,DMSO,compound,,negcon,,-2.5255513,-11.232454
BR00117015,G05,A549,48,ME-0328,compound,BRD-K24283677-001-01-9,,['PPAR receptor antagonist'],-2.2086585,-11.125445
BR00117015,G06,A549,48,NSC-663284,compound,BRD-K03109492-001-02-2,,['CDC inhibitor'],-2.5694165,-9.872292
BR00117015,G07,A549,48,CYM-50358,compound,BRD-K80666802-003-01-0,,,-0.9903917,-7.7288375
BR00117015,G08,A549,48,trazodone,compound,BRD-K70778732-003-27-5,,"['adrenergic receptor antagonist', 'serotonin receptor antagonist']",-2.7756793,-11.13136
BR00117015,G09,A549,48,DMSO,compound,,negcon,,-2.5798202,-11.310759
BR00117015,G10,A549,48,DMSO,compound,,negcon,,-2.4596298,-11.081154
BR00117015,G11,A549,48,sulfasalazine,compound,BRD-K10670311-001-17-1,,['cyclooxygenase inhibitor'],-3.1484544,-11.222035
BR00117015,G12,A549,48,"2,5-furandimethanol",compound,BRD-K29791386-001-01-8,,,-2.941689,-11.212649
BR00117015,G13,A549,48,DMSO,compound,,negcon,,-2.217974,-11.199078
BR00117015,G14,A549,48,dilazep,compound,BRD-K48722258-300-11-0,,,-2.5905063,-11.049167
BR00117015,G15,A549,48,felodipine,compound,BRD-A30815329-001-12-1,,['calcium channel blocker'],-3.0308578,-10.932313
BR00117015,G16,A549,48,paliperidone,compound,BRD-A99888680-001-05-3,,"['dopamine receptor antagonist', 'serotonin receptor antagonist']",-2.9975224,-10.920112
BR00117015,G17,A549,48,purvalanol-a,compound,BRD-K50836978-001-03-3,poscon_orf,['CDK inhibitor'],0.626956,-8.945396
BR00117015,G18,A549,48,DMSO,compound,,negcon,,-2.57633,-11.052932
BR00117015,G19,A549,48,Ro-1138452,compound,BRD-K77220725-003-01-5,,['prostanoid receptor antagonist'],-1.8263018,-10.115724
BR00117015,G20,A549,48,sorbinil,compound,BRD-A89164055-001-03-3,,['aldose reductase inhibitor'],-3.23367,-11.289109
BR00117015,G21,A549,48,TC-S-7004,compound,BRD-K89517477-001-01-4,poscon_cp,['DYRK inhibitor'],-1.5636138,-11.165058
BR00117015,G22,A549,48,saclofen,compound,BRD-A24122750-001-03-7,,['GABA receptor antagonist'],-2.954891,-11.024666
BR00117015,G23,A549,48,BAY-87-2243,compound,BRD-K70463136-001-01-5,,,-0.1286206,-11.282478
BR00117015,G24,A549,48,ibudilast,compound,BRD-K16444452-001-09-1,,['phosphodiesterase inhibitor'],-3.6104221,-11.627906
BR00117015,H01,A549,48,briciclib,compound,BRD-K05531427-001-01-7,,,0.341155,-5.5051894
BR00117015,H02,A549,48,2-Oleoylglycerol,compound,BRD-K77087341-001-02-4,,,-2.6815796,-11.05048
BR00117015,H03,A549,48,RGFP966,compound,BRD-K61688984-001-02-9,poscon_cp,['HDAC inhibitor'],-0.7107279,-10.322113
BR00117015,H04,A549,48,DMSO,compound,,negcon,,-2.258386,-11.088371
BR00117015,H05,A549,48,azacitidine,compound,BRD-K03406345-001-21-1,poscon_diverse,,1.0384392,-11.405669
BR00117015,H06,A549,48,N6-cyclopentyladenosine,compound,BRD-K60150510-001-15-6,,,-2.6773856,-11.395753
BR00117015,H07,A549,48,filgotinib,compound,BRD-K16803204-001-01-6,poscon_cp,['JAK inhibitor'],-2.6395366,-9.994188
BR00117015,H08,A549,48,guanidine,compound,BRD-K76037122-001-02-5,,['HSP inhibitor'],-2.7304478,-11.160146
BR00117015,H09,A549,48,coumarin,compound,BRD-K23913458-001-20-7,,,-2.9546013,-11.17601
BR00117015,H10,A549,48,DMSO,compound,,negcon,,-2.470154,-11.309216
BR00117015,H11,A549,48,ZM-336372,compound,BRD-K73789395-001-09-9,poscon_orf,['RAF inhibitor'],-0.45165634,-11.889331
BR00117015,H12,A549,48,citric-acid,compound,BRD-K76792669-001-08-1,,['coagulation factor inhibitor'],-2.4473748,-11.075247
BR00117015,H13,A549,48,DMSO,compound,,negcon,,-2.1225574,-11.11255
BR00117015,H14,A549,48,CCG-63802,compound,BRD-K26970495-001-02-7,,['G protein signaling inhibitor'],-2.579432,-10.463653
BR00117015,H15,A549,48,ibutilide,compound,BRD-A74391928-051-03-9,,['potassium channel blocker'],-1.4059165,-10.13291
BR00117015,H16,A549,48,batimastat,compound,BRD-K82818427-001-04-8,,['matrix metalloprotease inhibitor'],-1.3687729,-12.279221
BR00117015,H17,A549,48,DMSO,compound,,negcon,,-2.6226504,-10.847059
BR00117015,H18,A549,48,DMSO,compound,,negcon,,-2.6040814,-11.356305
BR00117015,H19,A549,48,UNC1999,compound,BRD-K26989966-001-04-3,poscon_cp,['histone lysine methyltransferase inhibitor'],0.7718209,-3.6168845
BR00117015,H20,A549,48,glutamine-(l),compound,BRD-K83896451-001-06-7,,,-2.3781345,-11.192864
BR00117015,H21,A549,48,PD-98059,compound,BRD-K62810658-001-11-4,poscon_orf,,-1.3704151,-12.383145
BR00117015,H22,A549,48,enilconazole,compound,BRD-K01825690-065-01-9,,,-2.7310193,-11.223516
BR00117015,H23,A549,48,N-alpha-Methylhistamine-dihydrochloride,compound,BRD-K75390981-300-04-9,,['histamine receptor agonist'],-2.5927045,-11.134061
BR00117015,H24,A549,48,GK921,compound,BRD-K38272302-001-02-7,,,0.21937475,-3.8939896
BR00117015,I01,A549,48,nilvadipine,compound,BRD-A84687895-001-03-2,,['calcium channel blocker'],-2.5878758,-11.319907
BR00117015,I02,A549,48,DMSO,compound,,negcon,,-2.238982,-10.923286
BR00117015,I03,A549,48,AC-710,compound,BRD-K15819326-001-01-6,,['PDGFR tyrosine kinase receptor inhibitor'],-0.5814273,-7.2771792
BR00117015,I04,A549,48,PETCM,compound,BRD-A93477898-001-04-2,,,-2.3925374,-11.532287
BR00117015,I05,A549,48,AZD7762,compound,BRD-K86525559-001-07-8,poscon_diverse,['CHK inhibitor'],1.3803126,-4.357582
BR00117015,I06,A549,48,PHA-793887,compound,BRD-K64800655-001-09-0,poscon_diverse,['CDK inhibitor'],2.433575,-5.750645
BR00117015,I07,A549,48,KU-60019,compound,BRD-K36016295-001-05-2,,['ATM kinase inhibitor'],0.11975845,-6.6650634
BR00117015,I08,A549,48,nafamostat,compound,BRD-K06674495-334-04-0,,,0.3619506,-10.5869875
BR00117015,I09,A549,48,DMSO,compound,,negcon,,-2.6489856,-11.376343
BR00117015,I10,A549,48,DMSO,compound,,negcon,,-2.547033,-11.073589
BR00117015,I11,A549,48,taladegib,compound,BRD-K50498985-001-03-3,,['smoothened receptor antagonist'],-2.518618,-10.930265
BR00117015,I12,A549,48,acetohexamide,compound,BRD-K52960356-001-13-0,,['ATP channel blocker'],-3.2662144,-11.462521
BR00117015,I13,A549,48,minocycline,compound,BRD-A69651145-003-11-4,,,-2.8135276,-10.883417
BR00117015,I14,A549,48,BI-2536,compound,BRD-K64890080-001-02-1,poscon_diverse,,1.2803887,-5.7185035
BR00117015,I15,A549,48,riociguat,compound,BRD-K84783599-001-01-0,,,-2.585439,-10.839486
BR00117015,I16,A549,48,CP-724714,compound,BRD-K76908866-001-07-6,poscon_cp,"['EGFR inhibitor', 'protein tyrosine kinase inhibitor']",-0.37333885,-10.587058
BR00117015,I17,A549,48,ganetespib,compound,BRD-K38852836-001-04-9,poscon_diverse,['HSP inhibitor'],2.3324866,-7.0186415
BR00117015,I18,A549,48,AZ191,compound,BRD-K80935598-001-01-1,poscon_cp,['DYRK inhibitor'],-0.6065603,-7.0952845
BR00117015,I19,A549,48,BAX-channel-blocker,compound,BRD-A18763547-300-06-3,,,-0.13982724,-6.643174
BR00117015,I20,A549,48,SU3327,compound,BRD-K32730239-001-01-0,,['JNK inhibitor'],0.3438542,-3.9928403
BR00117015,I21,A549,48,DMSO,compound,,negcon,,-2.3359063,-11.522915
BR00117015,I22,A549,48,DMSO,compound,,negcon,,-2.152785,-11.3040285
BR00117015,I23,A549,48,octreotide,compound,BRD-A64173453-015-03-1,,['somatostatin receptor agonist'],-3.914588,-11.583891
BR00117015,I24,A549,48,1-octanol,compound,BRD-K09338665-001-08-9,,,-4.1460633,-12.337383
BR00117015,J01,A549,48,acalabrutinib,compound,BRD-K64034691-001-01-9,,"[""Bruton's tyrosine kinase (BTK) inhibitor""]",-2.2506747,-10.964502
BR00117015,J02,A549,48,rifamycin,compound,BRD-K38512030-001-01-7,,,-2.705561,-11.356927
BR00117015,J03,A549,48,pazopanib,compound,BRD-K74514084-003-09-2,,"['KIT inhibitor', 'VEGFR inhibitor', 'PDGFR tyrosine kinase receptor inhibitor']",-0.17126319,-11.669793
BR00117015,J04,A549,48,RKI-1447,compound,BRD-K19333160-001-01-3,poscon_cp,,-1.4875641,-13.293023
BR00117015,J05,A549,48,vitamin-E,compound,BRD-K97091514-001-11-4,,['PKC inhibitor'],-2.7776783,-10.71817
BR00117015,J06,A549,48,lonafarnib,compound,BRD-K41599323-001-02-3,poscon_diverse,,-2.036312,-7.4544687
BR00117015,J07,A549,48,ethyl-pyruvate,compound,BRD-K47738867-001-01-5,,,-2.4577465,-11.35316
BR00117015,J08,A549,48,picrotin,compound,BRD-A91822151-001-05-0,,['GABA receptor antagonist'],-2.619584,-11.310803
BR00117015,J09,A549,48,SGX523,compound,BRD-K19477839-001-07-6,poscon_cp,,-2.2373447,-11.699607
BR00117015,J10,A549,48,PP-2,compound,BRD-K95785537-001-22-3,,['src inhibitor'],0.7460207,-8.240978
BR00117015,J11,A549,48,ME-0328,compound,BRD-A63444178-001-01-5,,['PPAR receptor antagonist'],-2.7100148,-10.845658
BR00117015,J12,A549,48,AZD9668,compound,BRD-K31476763-001-01-5,,['elastase inhibitor'],-2.8313217,-11.467889
BR00117015,J13,A549,48,NQDI-1,compound,BRD-K61918008-001-07-1,,,-3.0051248,-11.274152
BR00117015,J14,A549,48,DMSO,compound,,negcon,,-2.1679306,-11.249191
BR00117015,J15,A549,48,carzenide,compound,BRD-K09295674-001-09-8,,,-2.7867067,-10.861558
BR00117015,J16,A549,48,KU-55933,compound,BRD-K25311561-001-10-7,,['ATM kinase inhibitor'],0.06975413,-10.489778
BR00117015,J17,A549,48,NVP-AEW541,compound,BRD-K24696047-001-02-3,poscon_cp,['IGF-1 inhibitor'],-0.47105807,-7.538516
BR00117015,J18,A549,48,leflunomide,compound,BRD-K78692225-001-24-5,,['PDGFR tyrosine kinase receptor inhibitor'],-1.0867286,-11.055761
BR00117015,J19,A549,48,DMSO,compound,,negcon,,-2.626954,-10.995028
BR00117015,J20,A549,48,azacitidine,compound,BRD-K03406345-001-21-1,poscon_diverse,,0.93535084,-11.460102
BR00117015,J21,A549,48,ixabepilone,compound,BRD-K03601870-001-01-2,,['microtubule stabilizing agent'],0.3051073,-5.450216
BR00117015,J22,A549,48,KH-CB19,compound,BRD-K66430217-001-03-8,poscon_cp,['CDC inhibitor'],-1.9664152,-11.5181465
BR00117015,J23,A549,48,DMSO,compound,,negcon,,-2.1764042,-11.111952
BR00117015,J24,A549,48,PF-05190457,compound,BRD-K02554563-001-01-6,,,-1.8732858,-11.046344
BR00117015,K01,A549,48,LDN-212854,compound,BRD-K59831625-001-03-9,,,0.9100639,-3.6847484
BR00117015,K02,A549,48,formononetin,compound,BRD-K55567017-001-12-3,,['alcohol dehydrogenase inhibitor'],-3.330758,-11.688243
BR00117015,K03,A549,48,aminopurvalanol-a,compound,BRD-K07762753-001-05-1,poscon_orf,['CDK inhibitor'],1.4637172,-7.4140267
BR00117015,K04,A549,48,ruxolitinib,compound,BRD-K53972329-001-01-3,poscon_cp,['JAK inhibitor'],-1.5453731,-12.715213
BR00117015,K05,A549,48,DMSO,compound,,negcon,,-2.2468536,-10.894347
BR00117015,K06,A549,48,DMSO,compound,,negcon,,-2.5187454,-11.162659
BR00117015,K07,A549,48,LGK-974,compound,BRD-K16810791-001-01-0,,['porcupine inhibitor'],-1.5876244,-12.006958
BR00117015,K08,A549,48,polydatin,compound,BRD-K43236057-001-07-1,,['ICAM1 expression inhibitor'],1.0215625,-6.577084
BR00117015,K09,A549,48,enflurane,compound,BRD-A51831848-001-01-7,,,-2.6313152,-11.034079
BR00117015,K10,A549,48,PFI-1,compound,BRD-K13094524-001-04-2,poscon_cp,,-2.183999,-11.4965105
BR00117015,K11,A549,48,AZD7762,compound,BRD-K86525559-001-07-8,poscon_diverse,['CHK inhibitor'],1.3522438,-4.214723
BR00117015,K12,A549,48,sotrastaurin,compound,BRD-K16761703-001-03-8,,['PKC inhibitor'],-2.2644212,-13.878805
BR00117015,K13,A549,48,DMSO,compound,,negcon,,-2.4405055,-11.245461
BR00117015,K14,A549,48,cycloheximide,compound,BRD-K36055864-001-20-0,,['protein synthesis inhibitor'],1.1259763,-11.133612
BR00117015,K15,A549,48,oxytocin,compound,BRD-K25243230-001-01-2,,,-2.9841194,-10.923841
BR00117015,K16,A549,48,DMSO,compound,,negcon,,-2.2042742,-11.13867
BR00117015,K17,A549,48,colchicine,compound,BRD-K00259736-001-16-4,,,0.3964945,-5.5231204
BR00117015,K18,A549,48,afimoxifene,compound,BRD-K04210847-001-21-9,,,-1.8833314,-10.327161
BR00117015,K19,A549,48,DMSO,compound,,negcon,,-2.716836,-11.432998
BR00117015,K20,A549,48,ZK-93423,compound,BRD-K33882852-003-02-8,poscon_diverse,['benzodiazepine receptor agonist'],0.047981538,-11.805735
BR00117015,K21,A549,48,RGB-286638,compound,BRD-K20986415-001-02-6,,['CDK inhibitor'],1.5193933,-4.182736
BR00117015,K22,A549,48,FPS-ZM1,compound,BRD-K87691185-001-01-2,,['RAGE receptor antagonist'],-2.1596637,-11.259271
BR00117015,K23,A549,48,flindokalner,compound,BRD-K56740996-001-02-1,,,-2.3889503,-11.21746
BR00117015,K24,A549,48,motesanib,compound,BRD-K99616396-316-05-3,,"['KIT inhibitor', 'VEGFR inhibitor', 'PDGFR tyrosine kinase receptor inhibitor']",-0.1669198,-11.542062
BR00117015,L01,A549,48,geldanamycin,compound,BRD-K43570081-001-02-4,,['HSP inhibitor'],2.4079976,-7.0623293
BR00117015,L02,A549,48,DMSO,compound,,negcon,,-2.6260796,-11.42196
BR00117015,L03,A549,48,CGP-53353,compound,BRD-K32292990-001-03-6,,"['PKC inhibitor', 'EGFR inhibitor']",-2.7508337,-11.123316
BR00117015,L04,A549,48,7-hydroxystaurosporine,compound,BRD-K45293975-001-02-0,,"['CDK inhibitor', 'PKC inhibitor', 'CHK inhibitor']",-0.053448483,-6.7354503
BR00117015,L05,A549,48,DMSO,compound,,negcon,,-2.176654,-11.1957245
BR00117015,L06,A549,48,DMSO,compound,,negcon,,-2.302477,-11.350588
BR00117015,L07,A549,48,efaproxiral,compound,BRD-K37355418-236-01-6,,,-2.1769483,-11.362051
BR00117015,L08,A549,48,SB-203580,compound,BRD-A37704979-001-12-3,poscon_orf,['p38 MAPK inhibitor'],0.8028408,-9.899878
BR00117015,L09,A549,48,FK-866,compound,BRD-K58550667-001-08-7,poscon_diverse,,2.0520804,-7.952852
BR00117015,L10,A549,48,bepridil,compound,BRD-A91008255-003-24-8,,['calcium channel blocker'],-0.8908653,-10.770562
BR00117015,L11,A549,48,delanzomib,compound,BRD-K59325863-001-04-4,,,1.0283766,-3.6903105
BR00117015,L12,A549,48,buparlisib,compound,BRD-K42191735-001-08-7,poscon_diverse,,0.13603343,-6.1003795
BR00117015,L13,A549,48,phenylbutazone,compound,BRD-K10843433-001-23-5,,"['cyclooxygenase inhibitor', 'prostanoid receptor antagonist']",-2.8140364,-10.722873
BR00117015,L14,A549,48,deferasirox,compound,BRD-K97010173-001-04-1,,,-1.2143302,-12.680615
BR00117015,L15,A549,48,DMSO,compound,,negcon,,-2.284717,-11.327887
BR00117015,L16,A549,48,cediranib,compound,BRD-K86930074-001-05-0,,"['KIT inhibitor', 'VEGFR inhibitor']",-0.4641943,-7.569958
BR00117015,L17,A549,48,isoflurane,compound,BRD-A31564021-001-02-6,,,-2.2243712,-11.078018
BR00117015,L18,A549,48,DMSO,compound,,negcon,,-2.35597,-11.471826
BR00117015,L19,A549,48,CCG-50014,compound,BRD-K08893438-001-06-4,,['G protein signaling inhibitor'],-2.4560437,-10.832957
BR00117015,L20,A549,48,PF-431396,compound,BRD-K93788137-001-04-1,,,1.4501648,-6.7858295
BR00117015,L21,A549,48,TG-02,compound,BRD-K14560436-001-01-4,,"['CDK inhibitor', 'FLT3 inhibitor', 'JAK inhibitor']",2.294846,-5.708689
BR00117015,L22,A549,48,baclofen,compound,BRD-K01826724-003-07-9,,['benzodiazepine receptor agonist'],-2.5381486,-10.804826
BR00117015,L23,A549,48,thiostrepton,compound,BRD-A20697603-001-07-2,,['protein synthesis inhibitor'],-1.1530391,-10.300951
BR00117015,L24,A549,48,flufenamic-acid,compound,BRD-K44067360-001-29-5,,,-4.126922,-12.211332
BR00117015,M01,A549,48,DMSO,compound,,negcon,,-2.0807276,-10.955722
BR00117015,M02,A549,48,LY2109761,compound,BRD-K47557313-001-02-7,,,-1.1799883,-10.843268
BR00117015,M03,A549,48,olopatadine,compound,BRD-K67637637-003-11-8,,['histamine receptor antagonist'],-3.419651,-11.190476
BR00117015,M04,A549,48,DMSO,compound,,negcon,,-2.7722175,-11.4701395
BR00117015,M05,A549,48,castanospermine,compound,BRD-K20897876-001-11-8,,['glucosidase inhibitor'],-2.589396,-11.093249
BR00117015,M06,A549,48,A205804,compound,BRD-K77627880-001-04-0,,['ICAM1 expression inhibitor'],-1.9199237,-13.390864
BR00117015,M07,A549,48,VU591,compound,BRD-K72063794-003-01-0,,['potassium channel blocker'],-2.4894834,-11.387059
BR00117015,M08,A549,48,dalbavancin,compound,BRD-K30177383-001-01-0,,['bacterial cell wall synthesis inhibitor'],-2.4983475,-11.337302
BR00117015,M09,A549,48,CC-401,compound,BRD-K45746021-003-01-9,,['JNK inhibitor'],-1.3748426,-11.038673
BR00117015,M10,A549,48,ganetespib,compound,BRD-K38852836-001-04-9,poscon_diverse,['HSP inhibitor'],2.317728,-7.0441155
BR00117015,M11,A549,48,ingenol-mebutate,compound,BRD-K93779381-001-01-9,,,1.3327371,-5.4069715
BR00117015,M12,A549,48,menadione,compound,BRD-K78126613-001-27-7,,,-2.4284477,-10.0801325
BR00117015,M13,A549,48,cetilistat,compound,BRD-K94863486-001-02-2,,,-2.5103474,-10.963914
BR00117015,M14,A549,48,methoxsalen,compound,BRD-K63430059-001-16-4,,['DNA synthesis inhibitor'],-2.2131288,-11.62493
BR00117015,M15,A549,48,cyclosporine,compound,BRD-K13533483-001-16-2,,,0.5839909,-7.615302
BR00117015,M16,A549,48,NSC-632839,compound,BRD-K81197548-003-01-4,poscon_cp,['ubiquitin specific protease inhibitor'],0.20343289,-3.913627
BR00117015,M17,A549,48,DMSO,compound,,negcon,,-2.0509245,-11.353684
BR00117015,M18,A549,48,TG-003,compound,BRD-K97072811-001-11-4,poscon_cp,,-1.6738557,-11.269157
BR00117015,M19,A549,48,oxibendazole,compound,BRD-K52075715-001-06-7,,['tubulin polymerization inhibitor'],0.38169265,-5.538329
BR00117015,M20,A549,48,TG-101348,compound,BRD-K12502280-001-11-4,poscon_cp,"['JAK inhibitor', 'FLT3 inhibitor']",1.008677,-3.7396588
BR00117015,M21,A549,48,miglitol,compound,BRD-A63310107-001-04-8,,['glucosidase inhibitor'],-2.0819566,-10.991914
BR00117015,M22,A549,48,DMSO,compound,,negcon,,-2.1003711,-11.163193
BR00117015,M23,A549,48,DMSO,compound,,negcon,,-2.265123,-11.081403
BR00117015,M24,A549,48,tranilast,compound,BRD-K17849083-001-32-9,,,-2.5208614,-12.11971
BR00117015,N01,A549,48,4-methylhistamine,compound,BRD-K70821460-300-02-4,,['histamine receptor agonist'],-2.3975487,-10.701193
BR00117015,N02,A549,48,LDN-27219,compound,BRD-K51485109-001-01-4,,,-2.3340025,-11.187684
BR00117015,N03,A549,48,anisomycin,compound,BRD-K91370081-001-25-1,,['DNA synthesis inhibitor'],1.7290107,-3.8597586
BR00117015,N04,A549,48,thioguanine,compound,BRD-K49350383-001-13-7,poscon_diverse,,1.3484627,-9.37663
BR00117015,N05,A549,48,droxinostat,compound,BRD-K11558771-001-13-9,,['HDAC inhibitor'],-1.5807083,-10.095144
BR00117015,N06,A549,48,UNC2025,compound,BRD-K91283740-003-01-6,poscon_cp,['FLT3 inhibitor'],-0.09193686,-6.974563
BR00117015,N07,A549,48,DMSO,compound,,negcon,,-2.2590933,-11.246425
BR00117015,N08,A549,48,DMSO,compound,,negcon,,-2.491422,-11.163057
BR00117015,N09,A549,48,AMG900,compound,BRD-K21728777-001-02-3,poscon_cp,['Aurora kinase inhibitor'],1.3414352,-6.719808
BR00117015,N10,A549,48,PF-06463922,compound,BRD-A23124853-001-01-4,,['ALK tyrosine kinase receptor inhibitor'],-0.7401941,-10.043373
BR00117015,N11,A549,48,orantinib,compound,BRD-K55966568-001-09-6,poscon_cp,"['FGFR inhibitor', 'PDGFR tyrosine kinase receptor inhibitor', 'VEGFR inhibitor']",-3.490901,-10.627636
BR00117015,N12,A549,48,fludarabine-phosphate,compound,BRD-K71106091-001-09-5,,['ribonucleotide reductase inhibitor'],1.8402307,-7.0627627
BR00117015,N13,A549,48,ceritinib,compound,BRD-K22149900-001-06-2,,['ALK tyrosine kinase receptor inhibitor'],-0.47851864,-8.222813
BR00117015,N14,A549,48,NVS-PAK1-1,compound,BRD-K28132190-001-02-0,poscon_cp,['p21 activated kinase inhibitor'],-1.665317,-12.687479
BR00117015,N15,A549,48,homoharringtonine,compound,BRD-K76674262-001-03-3,,['protein synthesis inhibitor'],1.7079719,-3.87387
BR00117015,N16,A549,48,picrotoxinin,compound,BRD-K36461289-001-05-8,,['GABA receptor antagonist'],-2.3497002,-10.927897
BR00117015,N17,A549,48,DMSO,compound,,negcon,,-2.2588081,-11.489031
BR00117015,N18,A549,48,danusertib,compound,BRD-K07881437-001-03-8,poscon_diverse,"['growth factor receptor inhibitor', 'Aurora kinase inhibitor']",1.2319932,-7.0281925
BR00117015,N19,A549,48,romidepsin,compound,BRD-K61397605-001-01-8,poscon_cp,['HDAC inhibitor'],0.54234785,-3.7092106
BR00117015,N20,A549,48,FERb-033,compound,BRD-K61642990-001-01-0,poscon_cp,['EGFR inhibitor'],-2.2002418,-11.235382
BR00117015,N21,A549,48,PF-03758309,compound,BRD-K37764012-001-03-3,poscon_diverse,['p21 activated kinase inhibitor'],2.2850919,-5.9560027
BR00117015,N22,A549,48,DMSO,compound,,negcon,,-2.5862226,-11.492737
BR00117015,N23,A549,48,trometamol,compound,BRD-K47978074-001-03-2,,,-2.107653,-11.128595
BR00117015,N24,A549,48,simvastatin,compound,BRD-K22134346-001-22-3,,['HMGCR inhibitor'],-2.366016,-11.654667
BR00117015,O01,A549,48,zaprinast,compound,BRD-K16542329-001-16-8,,['phosphodiesterase inhibitor'],-2.8164937,-11.731831
BR00117015,O02,A549,48,dexamethasone,compound,BRD-A10188456-001-04-9,,['glucocorticoid receptor agonist'],2.35501,-10.000892
BR00117015,O03,A549,48,salicylic-acid,compound,BRD-K93632104-001-17-2,,['cyclooxygenase inhibitor'],-3.177008,-11.79852
BR00117015,O04,A549,48,diltiazem,compound,BRD-A69636825-003-04-7,,['calcium channel blocker'],-0.8527844,-10.718159
BR00117015,O05,A549,48,phenolphthalein,compound,BRD-K19227686-001-18-6,,,-2.3623924,-11.2521925
BR00117015,O06,A549,48,niflumic-acid,compound,BRD-K98763141-001-30-8,,['cyclooxygenase inhibitor'],-2.2833762,-10.846797
BR00117015,O07,A549,48,DMSO,compound,,negcon,,-2.6072588,-10.911197
BR00117015,O08,A549,48,L-Cystine,compound,BRD-A15397381-001-02-5,,,-2.8253775,-11.473599
BR00117015,O09,A549,48,ozanimod,compound,BRD-K46625559-001-01-8,,['sphingosine 1 phosphate receptor agonist'],-1.1655272,-12.748309
BR00117015,O10,A549,48,efaroxan,compound,BRD-A10739734-003-09-8,,['adrenergic receptor antagonist'],-2.319728,-10.750201
BR00117015,O11,A549,48,NBQX,compound,BRD-K11796549-001-05-2,,['glutamate receptor antagonist'],-2.2645454,-10.947637
BR00117015,O12,A549,48,dinoprostone,compound,BRD-K26521938-001-07-2,,['prostanoid receptor agonist'],-3.339575,-11.498927
BR00117015,O13,A549,48,Ro-20-1724,compound,BRD-A07207424-001-14-0,,['phosphodiesterase inhibitor'],-3.6755676,-11.14441
BR00117015,O14,A549,48,xanomeline,compound,BRD-K72815923-034-02-0,,['acetylcholine receptor agonist'],-2.5419395,-11.360565
BR00117015,O15,A549,48,terazosin,compound,BRD-K01825589-310-02-9,,['adrenergic receptor antagonist'],-2.3857448,-10.849938
BR00117015,O16,A549,48,BVT-948,compound,BRD-K68567222-001-01-2,,,-2.2630925,-10.4511385
BR00117015,O17,A549,48,nicotine,compound,BRD-K01825660-322-01-9,,['acetylcholine receptor agonist'],-2.0870185,-11.141212
BR00117015,O18,A549,48,DMSO,compound,,negcon,,-2.4218926,-11.387485
BR00117015,O19,A549,48,U-0521,compound,BRD-K08953028-001-09-6,,,-2.1557586,-11.637735
BR00117015,O20,A549,48,BMS-587101,compound,BRD-K20093108-001-02-3,,,-3.537419,-11.659379
BR00117015,O21,A549,48,nimodipine,compound,BRD-A58048407-001-20-4,,['calcium channel blocker'],-4.1378527,-12.390911
BR00117015,O22,A549,48,pyrrolidine-dithiocarbamate,compound,BRD-K80970344-201-08-6,,,0.29328078,-3.8302197
BR00117015,O23,A549,48,PF-915275,compound,BRD-K18289362-001-02-2,,,-4.002413,-12.441221
BR00117015,O24,A549,48,JTE-013,compound,BRD-K43330982-001-02-3,,,-2.3516734,-10.168019
BR00117015,P01,A549,48,sodium-butyrate,compound,BRD-K05878375-236-05-7,,['HDAC inhibitor'],-2.9248254,-12.249291
BR00117015,P02,A549,48,pentostatin,compound,BRD-K91543828-001-02-0,,['ribonucleotide reductase inhibitor'],-2.7300982,-11.684553
BR00117015,P03,A549,48,OMDM-2,compound,BRD-K48830578-001-01-9,,,-3.0457518,-10.867393
BR00117015,P04,A549,48,nalmefene,compound,BRD-A72767275-003-01-6,,,-2.8897257,-11.274489
BR00117015,P05,A549,48,DMSO,compound,,negcon,,-2.321667,-11.605017
BR00117015,P06,A549,48,1-EBIO,compound,BRD-K70586315-001-02-4,,,-2.2132459,-11.283928
BR00117015,P07,A549,48,SB-505124,compound,BRD-K40109029-001-02-9,,['ALK tyrosine kinase receptor inhibitor'],0.3510447,-9.481348
BR00117015,P08,A549,48,prasugrel,compound,BRD-A83029242-001-06-1,,['purinergic receptor antagonist'],-2.0667045,-11.569649
BR00117015,P09,A549,48,pidolic-acid,compound,BRD-K57313110-001-06-8,,,-2.4029899,-11.822725
BR00117015,P10,A549,48,DMSO,compound,,negcon,,-2.0527444,-11.42733
BR00117015,P11,A549,48,nevirapine,compound,BRD-K15502390-001-20-9,,,-2.282311,-11.268167
BR00117015,P12,A549,48,triamterene,compound,BRD-K92049597-001-20-8,,['sodium channel blocker'],-3.7193964,-12.30944
BR00117015,P13,A549,48,regorafenib,compound,BRD-K16730910-001-07-3,,"['PDGFR tyrosine kinase receptor inhibitor', 'RAF inhibitor', 'KIT inhibitor', 'RET tyrosine kinase inhibitor', 'FGFR inhibitor', 'VEGFR inhibitor']",-1.2291833,-11.931266
BR00117015,P14,A549,48,cyclophosphamide,compound,BRD-A09722536-002-18-0,,,-2.2720106,-10.829269
BR00117015,P15,A549,48,olanzapine,compound,BRD-K18895904-001-16-1,,"['dopamine receptor antagonist', 'serotonin receptor antagonist']",-2.0707912,-11.003508
BR00117015,P16,A549,48,KI-16425,compound,BRD-A25569250-001-03-3,,['lysophosphatidic acid receptor antagonist'],-1.7818016,-11.054116
BR00117015,P17,A549,48,SKLB1002,compound,BRD-K29895144-001-01-0,,['VEGFR inhibitor'],-2.7098417,-11.925434
BR00117015,P18,A549,48,cilostazol,compound,BRD-K67017579-001-28-1,,['phosphodiesterase inhibitor'],-2.0971606,-11.475865
BR00117015,P19,A549,48,AZD1283,compound,BRD-K77060810-001-01-5,,['purinergic receptor antagonist'],-4.0148783,-12.491968
BR00117015,P20,A549,48,A-987306,compound,BRD-K68982262-001-01-4,,['histamine receptor antagonist'],-4.1493874,-12.450357
BR00117015,P21,A549,48,procaine,compound,BRD-K24616672-003-20-1,,['HMGCR inhibitor'],-2.3740952,-11.547689
BR00117015,P22,A549,48,miconazole,compound,BRD-A82396632-008-30-8,,['bacterial cell wall synthesis inhibitor'],-2.215376,-11.925938
BR00117015,P23,A549,48,loperamide,compound,BRD-K61250553-003-30-6,,,-0.8397319,-9.0137825
BR00117015,P24,A549,48,aripiprazole,compound,BRD-K70358946-001-17-3,,['serotonin receptor antagonist'],-1.1698651,-9.221819
BR00117016,A01,A549,48,gabapentin-enacarbil,compound,BRD-A86665761-001-01-1,,,-3.053507,-11.369471
BR00117016,A02,A549,48,DMSO,compound,,negcon,,-3.2172542,-10.371593
BR00117016,A03,A549,48,amlodipine,compound,BRD-A22032524-074-09-9,,['calcium channel blocker'],-0.95415103,-9.141275
BR00117016,A04,A549,48,hexestrol,compound,BRD-A01078468-001-14-8,,,-3.2775748,-10.621427
BR00117016,A05,A549,48,quinine,compound,BRD-K48278478-001-01-2,,,-2.408282,-11.574616
BR00117016,A06,A549,48,LOXO-101,compound,BRD-K36574127-001-01-3,,,-3.4150505,-11.053199
BR00117016,A07,A549,48,brinzolamide,compound,BRD-K74913225-001-14-0,,['carbonic anhydrase inhibitor'],-3.2133825,-11.009553
BR00117016,A08,A549,48,NS-11021,compound,BRD-K94342292-001-01-3,,['calcium-activated potassium channel activator'],-0.551641,-12.136104
BR00117016,A09,A549,48,DMSO,compound,,negcon,,-3.6413577,-10.53972
BR00117016,A10,A549,48,GNF-5837,compound,BRD-K19975102-001-01-2,,['growth factor receptor inhibitor'],-0.31942096,-11.464014
BR00117016,A11,A549,48,apatinib,compound,BRD-K25244359-066-02-6,,['RET tyrosine kinase inhibitor'],-0.29482588,-11.411938
BR00117016,A12,A549,48,ethoxzolamide,compound,BRD-K18131774-001-18-4,,['carbonic anhydrase inhibitor'],-3.672142,-11.06657
BR00117016,A13,A549,48,ascorbic-acid,compound,BRD-A85242401-001-11-5,,,-3.402223,-10.968955
BR00117016,A14,A549,48,ryuvidine,compound,BRD-K06426971-001-02-7,,['histone lysine methyltransferase inhibitor'],0.90794426,-4.4271574
BR00117016,A15,A549,48,BAN-ORL-24,compound,BRD-K47049295-300-03-1,,,0.12147785,-7.3567796
BR00117016,A16,A549,48,NNC-55-0396,compound,BRD-K78122587-300-04-3,,,-0.45104998,-7.386397
BR00117016,A17,A549,48,DMSO,compound,,negcon,,-3.551169,-10.7108555
BR00117016,A18,A549,48,WH-4-023,compound,BRD-K50199947-001-03-4,,['src inhibitor'],0.5523211,-7.8151293
BR00117016,A19,A549,48,flupirtine,compound,BRD-K50720187-051-03-1,,['glutamate receptor antagonist'],-2.112175,-12.212448
BR00117016,A20,A549,48,ZK811752,compound,BRD-K91825936-001-03-9,,,-1.9065819,-12.316155
BR00117016,A21,A549,48,dexamethasone,compound,BRD-K38775274-001-22-1,,['glucocorticoid receptor agonist'],2.3448393,-9.952592
BR00117016,A22,A549,48,PP-1,compound,BRD-K47598052-001-14-1,,['src inhibitor'],0.8075185,-8.387839
BR00117016,A23,A549,48,DDR1-IN-1,compound,BRD-K61845293-300-01-9,,,-0.79755133,-9.120531
BR00117016,A24,A549,48,AVL-292,compound,BRD-K87782578-001-01-4,,"[""Bruton's tyrosine kinase (BTK) inhibitor""]",1.0682379,-7.804289
BR00117016,B01,A549,48,H2L-5765834,compound,BRD-K26439554-001-01-3,,['lysophosphatidic acid receptor antagonist'],-3.5071354,-11.080249
BR00117016,B02,A549,48,thiostrepton,compound,BRD-K58049875-001-03-9,,['protein synthesis inhibitor'],-0.77699614,-7.4054675
BR00117016,B03,A549,48,DMSO,compound,,negcon,,-3.0469012,-10.144183
BR00117016,B04,A549,48,arcyriaflavin-a,compound,BRD-K72726508-001-02-1,,['CDK inhibitor'],1.0328776,-10.282613
BR00117016,B05,A549,48,CYM-5520,compound,BRD-K29151923-001-01-5,,['sphingosine 1 phosphate receptor agonist'],-3.0724306,-10.377899
BR00117016,B06,A549,48,fludarabine,compound,BRD-K66788707-001-14-3,,['ribonucleotide reductase inhibitor'],2.0570724,-9.240055
BR00117016,B07,A549,48,alda-1,compound,BRD-K06890060-001-09-1,,,-3.2009811,-10.643543
BR00117016,B08,A549,48,meclofenamic-acid,compound,BRD-K50398167-236-22-7,,"['cyclooxygenase inhibitor', 'prostanoid receptor antagonist']",-3.2088125,-10.53855
BR00117016,B09,A549,48,GNF-5,compound,BRD-K87632963-001-03-0,,['Bcr-Abl kinase inhibitor'],-2.8108728,-11.831786
BR00117016,B10,A549,48,NS-309,compound,BRD-K37602296-001-01-6,,['calcium-activated potassium channel activator'],-2.9800968,-10.247062
BR00117016,B11,A549,48,AK-7,compound,BRD-K09143580-001-01-0,,['SIRT inhibitor'],-4.034426,-12.097228
BR00117016,B12,A549,48,BVT-948,compound,BRD-A22713669-001-04-3,,,-2.5660675,-10.204209
BR00117016,B13,A549,48,SirReal-2,compound,BRD-K16472653-001-01-6,,['SIRT inhibitor'],-2.9096913,-11.782581
BR00117016,B14,A549,48,DMSO,compound,,negcon,,-3.3799274,-10.049506
BR00117016,B15,A549,48,BMS-536924,compound,BRD-K34581968-001-05-3,,['IGF-1 inhibitor'],0.8981609,-7.7806525
BR00117016,B16,A549,48,PP-121,compound,BRD-K81801188-001-02-8,,['protein tyrosine kinase inhibitor'],1.2930678,-4.269303
BR00117016,B17,A549,48,MCOPPB,compound,BRD-K73276278-305-01-1,,,-0.8866596,-7.4737964
BR00117016,B18,A549,48,ozagrel,compound,BRD-K53061490-003-13-9,,,-3.1025622,-10.469831
BR00117016,B19,A549,48,CYM-5442,compound,BRD-A43005764-003-01-5,,['sphingosine 1 phosphate receptor agonist'],-1.4266644,-8.28553
BR00117016,B20,A549,48,CVT-10216,compound,BRD-K60659193-001-01-0,,,-3.1731837,-10.751436
BR00117016,B21,A549,48,TCN201,compound,BRD-K09787262-001-02-7,,['glutamate receptor antagonist'],-3.089377,-10.321748
BR00117016,B22,A549,48,fomepizole,compound,BRD-K56810756-003-07-7,,['alcohol dehydrogenase inhibitor'],-3.828225,-11.601501
BR00117016,B23,A549,48,benzamil,compound,BRD-K87158025-003-08-7,,['sodium channel blocker'],-1.8959928,-10.805203
BR00117016,B24,A549,48,lercanidipine,compound,BRD-A18992208-003-02-7,,['calcium channel blocker'],-1.4330275,-10.438736
BR00117016,C01,A549,48,4-CMTB,compound,BRD-A54139254-001-09-2,,['free fatty acid receptor agonist'],-3.4363205,-10.371138
BR00117016,C02,A549,48,ML-228,compound,BRD-K44432556-001-05-5,,,-2.8656306,-10.899622
BR00117016,C03,A549,48,DMSO,compound,,negcon,,-2.9192834,-10.565719
BR00117016,C04,A549,48,GSK1070916,compound,BRD-K36740062-001-06-6,,['Aurora kinase inhibitor'],0.06769416,-7.1449413
BR00117016,C05,A549,48,ML-193,compound,BRD-K27539181-001-08-5,,,-3.1070638,-10.310863
BR00117016,C06,A549,48,DMSO,compound,,negcon,,-3.013814,-10.079442
BR00117016,C07,A549,48,M-25,compound,BRD-K51265828-001-01-0,,['smoothened receptor antagonist'],-3.1348984,-10.896898
BR00117016,C08,A549,48,azeliragon,compound,BRD-K51899933-001-02-6,,['RAGE receptor antagonist'],0.60061795,-3.9204118
BR00117016,C09,A549,48,CYT-997,compound,BRD-K23363278-001-02-1,poscon_diverse,['tubulin polymerization inhibitor'],0.3675022,-5.4876285
BR00117016,C10,A549,48,AR-12,compound,BRD-K90497590-001-05-9,,,1.1596371,-4.0535617
BR00117016,C11,A549,48,CYM-50260,compound,BRD-K69877120-001-01-7,,['sphingosine 1 phosphate receptor agonist'],-1.8504113,-12.298123
BR00117016,C12,A549,48,DMSO,compound,,negcon,,-3.071097,-10.188624
BR00117016,C13,A549,48,KG-5,compound,BRD-K90747162-001-01-4,poscon_cp,['RAF inhibitor'],0.3225381,-5.748931
BR00117016,C14,A549,48,JTE-607,compound,BRD-K81405859-300-01-4,,,2.0917807,-9.7427225
BR00117016,C15,A549,48,DMSO,compound,,negcon,,-3.0501208,-10.4848585
BR00117016,C16,A549,48,ilomastat,compound,BRD-K51662849-001-05-4,,['matrix metalloprotease inhibitor'],-3.3483727,-10.677221
BR00117016,C17,A549,48,RX-821002,compound,BRD-A65597028-003-08-1,,['adrenergic receptor antagonist'],-3.133339,-11.129264
BR00117016,C18,A549,48,DMSO,compound,,negcon,,-3.1045036,-10.449683
BR00117016,C19,A549,48,TUG-891,compound,BRD-K24282351-001-01-4,,['free fatty acid receptor agonist'],-2.9296658,-10.451492
BR00117016,C20,A549,48,ponatinib,compound,BRD-K44227013-001-08-0,,"['PDGFR tyrosine kinase receptor inhibitor', 'FLT3 inhibitor', 'Bcr-Abl kinase inhibitor']",0.71567255,-3.645971
BR00117016,C21,A549,48,DMSO,compound,,negcon,,-3.2913537,-10.42131
BR00117016,C22,A549,48,puromycin,compound,BRD-K01824976-300-02-9,,['protein synthesis inhibitor'],0.9427302,-3.6285675
BR00117016,C23,A549,48,SRC-kinase-inhibitor-I,compound,BRD-K50495309-001-02-0,,['src inhibitor'],-0.27461526,-9.993718
BR00117016,C24,A549,48,acetylcysteine,compound,BRD-K59058747-001-19-1,,,-3.5283108,-11.426686
BR00117016,D01,A549,48,NSC-625987,compound,BRD-K62949423-001-03-1,,['CDK inhibitor'],-3.6009667,-10.93544
BR00117016,D02,A549,48,dalfampridine,compound,BRD-K22482860-001-20-6,,['potassium channel blocker'],-3.2218156,-10.69545
BR00117016,D03,A549,48,NSC-95397,compound,BRD-K68143200-001-11-7,,['CDC inhibitor'],1.3551285,-6.0138497
BR00117016,D04,A549,48,alrestatin,compound,BRD-K35498378-001-06-1,,['aldose reductase inhibitor'],-3.7875433,-11.229321
BR00117016,D05,A549,48,PF-03758309,compound,BRD-K37764012-001-03-3,poscon_diverse,['p21 activated kinase inhibitor'],-3.2707841,-10.067407
BR00117016,D06,A549,48,IRL-2500,compound,BRD-K98357249-001-02-9,,['endothelin receptor antagonist'],-3.2349048,-10.406376
BR00117016,D07,A549,48,PF-04217903,compound,BRD-K73319509-001-08-0,poscon_cp,,-3.2490659,-10.093877
BR00117016,D08,A549,48,FK-866,compound,BRD-K58550667-001-08-7,poscon_diverse,,2.1093311,-8.003444
BR00117016,D09,A549,48,amlexanox,compound,BRD-K29530284-001-06-2,,,-3.7194908,-10.962489
BR00117016,D10,A549,48,GW-311616,compound,BRD-K37864785-001-01-0,,['elastase inhibitor'],-3.4522824,-10.712787
BR00117016,D11,A549,48,buparlisib,compound,BRD-K42191735-001-08-7,poscon_diverse,,0.099317655,-6.088326
BR00117016,D12,A549,48,amiloride,compound,BRD-K97181089-003-24-7,,['sodium channel blocker'],-2.684508,-10.267248
BR00117016,D13,A549,48,DG-172,compound,BRD-K75748943-300-01-3,,,-1.4278997,-9.685982
BR00117016,D14,A549,48,DMSO,compound,,negcon,,-2.9113238,-10.136391
BR00117016,D15,A549,48,DMSO,compound,,negcon,,-2.7835405,-10.159622
BR00117016,D16,A549,48,NVP-ADW742,compound,BRD-K15179513-001-04-2,poscon_cp,,-0.29172865,-7.0038958
BR00117016,D17,A549,48,misoprostol,compound,BRD-A72351335-001-04-5,,['prostanoid receptor agonist'],-2.5623527,-10.694308
BR00117016,D18,A549,48,conivaptan,compound,BRD-K37385792-003-02-1,,,-0.9238032,-9.542529
BR00117016,D19,A549,48,spiroxatrine,compound,BRD-A72483914-001-03-7,,['serotonin receptor antagonist'],-3.0520182,-10.509368
BR00117016,D20,A549,48,diacerein,compound,BRD-K69122748-001-10-1,,,-3.322153,-10.123972
BR00117016,D21,A549,48,DMSO,compound,,negcon,,-2.6575398,-10.192418
BR00117016,D22,A549,48,DMSO,compound,,negcon,,-3.287542,-10.2696905
BR00117016,D23,A549,48,glyburide,compound,BRD-K36927236-001-36-7,,['ATP channel blocker'],-2.8022559,-10.458832
BR00117016,D24,A549,48,ANR-94,compound,BRD-K31170746-001-01-6,,,-3.6769931,-10.735847
BR00117016,E01,A549,48,TFC-007,compound,BRD-K57708067-001-01-3,,,-3.6076224,-10.790222
BR00117016,E02,A549,48,trihexyphenidyl,compound,BRD-A48180038-003-24-3,,['acetylcholine receptor antagonist'],-2.9593174,-10.182688
BR00117016,E03,A549,48,epoprostenol,compound,BRD-K64054020-001-02-7,,,-3.1013079,-10.164301
BR00117016,E04,A549,48,sacubitril,compound,BRD-K91456750-001-01-9,,,-3.2502675,-10.377606
BR00117016,E05,A549,48,danusertib,compound,BRD-K07881437-001-03-8,poscon_diverse,"['growth factor receptor inhibitor', 'Aurora kinase inhibitor']",1.2858449,-7.056401
BR00117016,E06,A549,48,CYT-997,compound,BRD-K23363278-001-02-1,poscon_diverse,['tubulin polymerization inhibitor'],0.46865043,-5.5747128
BR00117016,E07,A549,48,DMSO,compound,,negcon,,-3.2294133,-10.423703
BR00117016,E08,A549,48,BQ-788,compound,BRD-K02490038-236-03-8,,['endothelin receptor antagonist'],-3.0778856,-10.322682
BR00117016,E09,A549,48,SB-202190,compound,BRD-K54330070-001-19-6,poscon_orf,['p38 MAPK inhibitor'],0.5355195,-10.26581
BR00117016,E10,A549,48,GSK2110183,compound,BRD-K25412176-001-01-9,poscon_diverse,,-0.44060802,-8.257904
BR00117016,E11,A549,48,GSK3787,compound,BRD-K03155172-001-03-0,,['PPAR receptor antagonist'],-3.730637,-10.966658
BR00117016,E12,A549,48,BAM7,compound,BRD-K07442505-001-03-6,,,-2.6633797,-10.39753
BR00117016,E13,A549,48,PHA-793887,compound,BRD-K64800655-001-09-0,poscon_diverse,['CDK inhibitor'],2.4608045,-5.777501
BR00117016,E14,A549,48,DMSO,compound,,negcon,,-3.1202726,-10.492725
BR00117016,E15,A549,48,GSK-37647,compound,BRD-K26514105-001-01-7,,['free fatty acid receptor agonist'],-3.1639338,-10.310479
BR00117016,E16,A549,48,desonide,compound,BRD-K21528677-001-04-4,,['glucocorticoid receptor agonist'],2.3371093,-10.016582
BR00117016,E17,A549,48,DMSO,compound,,negcon,,-3.0908284,-10.519405
BR00117016,E18,A549,48,aloxistatin,compound,BRD-K91188791-001-17-5,,,-1.1526668,-7.7080064
BR00117016,E19,A549,48,azathioprine,compound,BRD-K32821942-001-22-1,,,-2.3276231,-10.464297
BR00117016,E20,A549,48,ZK-93423,compound,BRD-K33882852-003-02-8,poscon_diverse,['benzodiazepine receptor agonist'],0.033257943,-11.745045
BR00117016,E21,A549,48,BI-2536,compound,BRD-K64890080-001-02-1,poscon_diverse,,1.3360481,-5.733998
BR00117016,E22,A549,48,EI1,compound,BRD-K91535048-001-01-2,poscon_cp,['histone lysine methyltransferase inhibitor'],-2.8235223,-10.69638
BR00117016,E23,A549,48,NVP-HSP990,compound,BRD-K67915505-001-01-2,,['HSP inhibitor'],2.3794236,-6.9734774
BR00117016,E24,A549,48,DMSO,compound,,negcon,,-3.5505424,-10.666812
BR00117016,F01,A549,48,DMSO,compound,,negcon,,-3.3809335,-10.21809
BR00117016,F02,A549,48,nialamide,compound,BRD-K12102668-001-25-5,,,-3.5366702,-10.10852
BR00117016,F03,A549,48,DMSO,compound,,negcon,,-3.4204545,-10.178494
BR00117016,F04,A549,48,arundic-acid,compound,BRD-K49223707-001-01-0,,,-3.7871695,-10.714294
BR00117016,F05,A549,48,torcitabine,compound,BRD-K91822704-003-07-2,,,-3.1396313,-10.551825
BR00117016,F06,A549,48,DMSO,compound,,negcon,,-3.535244,-10.567902
BR00117016,F07,A549,48,epothilone-b,compound,BRD-K68164687-001-01-6,,"['microtubule stabilizing agent', 'tubulin polymerization inhibitor']",0.58864254,-6.053377
BR00117016,F08,A549,48,dyphylline,compound,BRD-A00827783-001-24-6,,['phosphodiesterase inhibitor'],-3.6325336,-11.050655
BR00117016,F09,A549,48,DMSO,compound,,negcon,,-3.0654967,-10.350907
BR00117016,F10,A549,48,quinidine,compound,BRD-K59632282-052-03-1,,['sodium channel blocker'],-2.0121732,-9.862291
BR00117016,F11,A549,48,halopemide,compound,BRD-K50055394-001-03-6,,,-0.34578696,-9.98245
BR00117016,F12,A549,48,sulfinpyrazone,compound,BRD-A36217750-001-16-3,,,-3.4522653,-10.26748
BR00117016,F13,A549,48,ML-323,compound,BRD-K93942811-001-01-3,poscon_cp,['ubiquitin specific protease inhibitor'],-2.8694115,-10.598984
BR00117016,F14,A549,48,racecadotril,compound,BRD-A08187463-001-12-9,,,-2.9215503,-10.267442
BR00117016,F15,A549,48,BRL-50481,compound,BRD-K84266862-001-03-2,,['phosphodiesterase inhibitor'],-3.2154624,-10.223363
BR00117016,F16,A549,48,GSK2110183,compound,BRD-K25412176-001-01-9,poscon_diverse,,-0.43905553,-8.242526
BR00117016,F17,A549,48,bufexamac,compound,BRD-K36660044-001-24-2,,['cyclooxygenase inhibitor'],-3.0966022,-10.562275
BR00117016,F18,A549,48,anandamide,compound,BRD-K42352790-001-05-3,,,-3.1710277,-9.947206
BR00117016,F19,A549,48,thioguanine,compound,BRD-K49350383-001-13-7,poscon_diverse,,1.4185412,-9.321218
BR00117016,F20,A549,48,IWP-L6,compound,BRD-K53234107-001-01-6,,['porcupine inhibitor'],-1.4094036,-11.881121
BR00117016,F21,A549,48,edoxaban,compound,BRD-K29322660-001-01-9,,['coagulation factor inhibitor'],-3.0290024,-10.055431
BR00117016,F22,A549,48,lonafarnib,compound,BRD-K41599323-001-02-3,poscon_diverse,,-1.9724519,-7.4629545
BR00117016,F23,A549,48,ibutamoren,compound,BRD-K44771174-066-01-0,,,-1.2549613,-9.79252
BR00117016,F24,A549,48,somatostatin,compound,BRD-K14681867-001-01-6,,['somatostatin receptor agonist'],-3.820067,-10.801333
BR00117016,G01,A549,48,L-proline,compound,BRD-K01666412-001-02-0,,,-3.6446116,-10.436192
BR00117016,G02,A549,48,zamifenacin,compound,BRD-K80451230-051-02-6,,['acetylcholine receptor antagonist'],-2.5715244,-10.797081
BR00117016,G03,A549,48,YC-1,compound,BRD-K60476892-001-16-1,,,-2.8765666,-10.506075
BR00117016,G04,A549,48,DMSO,compound,,negcon,,-3.06019,-10.409813
BR00117016,G05,A549,48,ME-0328,compound,BRD-K24283677-001-01-9,,['PPAR receptor antagonist'],-3.6424217,-11.01735
BR00117016,G06,A549,48,NSC-663284,compound,BRD-K03109492-001-02-2,,['CDC inhibitor'],-2.3241997,-9.821236
BR00117016,G07,A549,48,CYM-50358,compound,BRD-K80666802-003-01-0,,,-0.9728716,-7.6990867
BR00117016,G08,A549,48,trazodone,compound,BRD-K70778732-003-27-5,,"['adrenergic receptor antagonist', 'serotonin receptor antagonist']",-2.7097886,-10.800788
BR00117016,G09,A549,48,DMSO,compound,,negcon,,-3.1918738,-10.439271
BR00117016,G10,A549,48,DMSO,compound,,negcon,,-2.8164704,-10.398248
BR00117016,G11,A549,48,sulfasalazine,compound,BRD-K10670311-001-17-1,,['cyclooxygenase inhibitor'],-2.7397366,-10.309589
BR00117016,G12,A549,48,"2,5-furandimethanol",compound,BRD-K29791386-001-01-8,,,-3.0686927,-10.043749
BR00117016,G13,A549,48,DMSO,compound,,negcon,,-3.5463388,-10.468154
BR00117016,G14,A549,48,dilazep,compound,BRD-K48722258-300-11-0,,,-3.2144167,-10.587629
BR00117016,G15,A549,48,felodipine,compound,BRD-A30815329-001-12-1,,['calcium channel blocker'],-2.9942174,-10.359535
BR00117016,G16,A549,48,paliperidone,compound,BRD-A99888680-001-05-3,,"['dopamine receptor antagonist', 'serotonin receptor antagonist']",-3.5490823,-10.311475
BR00117016,G17,A549,48,purvalanol-a,compound,BRD-K50836978-001-03-3,poscon_orf,['CDK inhibitor'],0.5422129,-9.053159
BR00117016,G18,A549,48,DMSO,compound,,negcon,,-3.4472342,-10.314513
BR00117016,G19,A549,48,Ro-1138452,compound,BRD-K77220725-003-01-5,,['prostanoid receptor antagonist'],-1.6297883,-9.930207
BR00117016,G20,A549,48,sorbinil,compound,BRD-A89164055-001-03-3,,['aldose reductase inhibitor'],-3.4971125,-10.045474
BR00117016,G21,A549,48,TC-S-7004,compound,BRD-K89517477-001-01-4,poscon_cp,['DYRK inhibitor'],-1.4096357,-11.18129
BR00117016,G22,A549,48,saclofen,compound,BRD-A24122750-001-03-7,,['GABA receptor antagonist'],-2.8586879,-10.448488
BR00117016,G23,A549,48,BAY-87-2243,compound,BRD-K70463136-001-01-5,,,-0.18882923,-11.364347
BR00117016,G24,A549,48,ibudilast,compound,BRD-K16444452-001-09-1,,['phosphodiesterase inhibitor'],-3.373461,-11.113797
BR00117016,H01,A549,48,briciclib,compound,BRD-K05531427-001-01-7,,,0.40796018,-5.4830794
BR00117016,H02,A549,48,2-Oleoylglycerol,compound,BRD-K77087341-001-02-4,,,-3.0260162,-10.14213
BR00117016,H03,A549,48,RGFP966,compound,BRD-K61688984-001-02-9,poscon_cp,['HDAC inhibitor'],-0.65787065,-10.413534
BR00117016,H04,A549,48,DMSO,compound,,negcon,,-3.2904587,-10.113011
BR00117016,H05,A549,48,azacitidine,compound,BRD-K03406345-001-21-1,poscon_diverse,,1.0014622,-11.400377
BR00117016,H06,A549,48,N6-cyclopentyladenosine,compound,BRD-K60150510-001-15-6,,,-3.4449368,-10.773216
BR00117016,H07,A549,48,filgotinib,compound,BRD-K16803204-001-01-6,poscon_cp,['JAK inhibitor'],-2.7911022,-9.99271
BR00117016,H08,A549,48,guanidine,compound,BRD-K76037122-001-02-5,,['HSP inhibitor'],-3.024444,-10.369694
BR00117016,H09,A549,48,coumarin,compound,BRD-K23913458-001-20-7,,,-3.2521799,-10.580499
BR00117016,H10,A549,48,DMSO,compound,,negcon,,-3.0022664,-10.207034
BR00117016,H11,A549,48,ZM-336372,compound,BRD-K73789395-001-09-9,poscon_orf,['RAF inhibitor'],-0.3547419,-11.819383
BR00117016,H12,A549,48,citric-acid,compound,BRD-K76792669-001-08-1,,['coagulation factor inhibitor'],-3.6235561,-10.490159
BR00117016,H13,A549,48,DMSO,compound,,negcon,,-3.4433863,-10.385071
BR00117016,H14,A549,48,CCG-63802,compound,BRD-K26970495-001-02-7,,['G protein signaling inhibitor'],-2.9432683,-10.128693
BR00117016,H15,A549,48,ibutilide,compound,BRD-A74391928-051-03-9,,['potassium channel blocker'],-1.2138957,-10.175433
BR00117016,H16,A549,48,batimastat,compound,BRD-K82818427-001-04-8,,['matrix metalloprotease inhibitor'],-1.4256028,-12.135288
BR00117016,H17,A549,48,DMSO,compound,,negcon,,-3.3298376,-10.289737
BR00117016,H18,A549,48,DMSO,compound,,negcon,,-3.467829,-10.548557
BR00117016,H19,A549,48,UNC1999,compound,BRD-K26989966-001-04-3,poscon_cp,['histone lysine methyltransferase inhibitor'],0.7584362,-3.560065
BR00117016,H20,A549,48,glutamine-(l),compound,BRD-K83896451-001-06-7,,,-2.4409747,-11.553612
BR00117016,H21,A549,48,PD-98059,compound,BRD-K62810658-001-11-4,poscon_orf,,-1.2157456,-12.372425
BR00117016,H22,A549,48,enilconazole,compound,BRD-K01825690-065-01-9,,,-3.6639926,-10.25873
BR00117016,H23,A549,48,N-alpha-Methylhistamine-dihydrochloride,compound,BRD-K75390981-300-04-9,,['histamine receptor agonist'],-3.3215735,-10.491263
BR00117016,H24,A549,48,GK921,compound,BRD-K38272302-001-02-7,,,0.18464753,-3.8686702
BR00117016,I01,A549,48,nilvadipine,compound,BRD-A84687895-001-03-2,,['calcium channel blocker'],-3.5258827,-10.944171
BR00117016,I02,A549,48,DMSO,compound,,negcon,,-3.4023497,-10.401067
BR00117016,I03,A549,48,AC-710,compound,BRD-K15819326-001-01-6,,['PDGFR tyrosine kinase receptor inhibitor'],-0.6934788,-7.3380823
BR00117016,I04,A549,48,PETCM,compound,BRD-A93477898-001-04-2,,,-3.2060509,-10.074644
BR00117016,I05,A549,48,AZD7762,compound,BRD-K86525559-001-07-8,poscon_diverse,['CHK inhibitor'],1.4139454,-4.280011
BR00117016,I06,A549,48,PHA-793887,compound,BRD-K64800655-001-09-0,poscon_diverse,['CDK inhibitor'],2.4566584,-5.787174
BR00117016,I07,A549,48,KU-60019,compound,BRD-K36016295-001-05-2,,['ATM kinase inhibitor'],0.0116579905,-6.6384287
BR00117016,I08,A549,48,nafamostat,compound,BRD-K06674495-334-04-0,,,0.27256498,-10.713549
BR00117016,I09,A549,48,DMSO,compound,,negcon,,-3.4980495,-10.140223
BR00117016,I10,A549,48,DMSO,compound,,negcon,,-3.4038293,-10.560439
BR00117016,I11,A549,48,taladegib,compound,BRD-K50498985-001-03-3,,['smoothened receptor antagonist'],-2.3125746,-10.5440855
BR00117016,I12,A549,48,acetohexamide,compound,BRD-K52960356-001-13-0,,['ATP channel blocker'],-3.7268255,-11.118947
BR00117016,I13,A549,48,minocycline,compound,BRD-A69651145-003-11-4,,,-3.1486325,-10.224812
BR00117016,I14,A549,48,BI-2536,compound,BRD-K64890080-001-02-1,poscon_diverse,,1.320066,-5.651568
BR00117016,I15,A549,48,riociguat,compound,BRD-K84783599-001-01-0,,,-3.2196805,-10.260187
BR00117016,I16,A549,48,CP-724714,compound,BRD-K76908866-001-07-6,poscon_cp,"['EGFR inhibitor', 'protein tyrosine kinase inhibitor']",-0.48236582,-10.438469
BR00117016,I17,A549,48,ganetespib,compound,BRD-K38852836-001-04-9,poscon_diverse,['HSP inhibitor'],2.3541694,-7.012313
BR00117016,I18,A549,48,AZ191,compound,BRD-K80935598-001-01-1,poscon_cp,['DYRK inhibitor'],-0.5339027,-7.099968
BR00117016,I19,A549,48,BAX-channel-blocker,compound,BRD-A18763547-300-06-3,,,-0.069502525,-6.659956
BR00117016,I20,A549,48,SU3327,compound,BRD-K32730239-001-01-0,,['JNK inhibitor'],0.33224416,-3.9580295
BR00117016,I21,A549,48,DMSO,compound,,negcon,,-3.2652605,-10.309823
BR00117016,I22,A549,48,DMSO,compound,,negcon,,-3.3315156,-10.169737
BR00117016,I23,A549,48,octreotide,compound,BRD-A64173453-015-03-1,,['somatostatin receptor agonist'],-2.4994774,-11.212677
BR00117016,I24,A549,48,1-octanol,compound,BRD-K09338665-001-08-9,,,-2.937452,-10.351498
BR00117016,J01,A549,48,acalabrutinib,compound,BRD-K64034691-001-01-9,,"[""Bruton's tyrosine kinase (BTK) inhibitor""]",-2.0226078,-11.1029
BR00117016,J02,A549,48,rifamycin,compound,BRD-K38512030-001-01-7,,,-3.575807,-10.443244
BR00117016,J03,A549,48,pazopanib,compound,BRD-K74514084-003-09-2,,"['KIT inhibitor', 'VEGFR inhibitor', 'PDGFR tyrosine kinase receptor inhibitor']",-0.18872462,-11.689802
BR00117016,J04,A549,48,RKI-1447,compound,BRD-K19333160-001-01-3,poscon_cp,,-1.4405608,-13.248406
BR00117016,J05,A549,48,vitamin-E,compound,BRD-K97091514-001-11-4,,['PKC inhibitor'],-3.4795566,-10.882888
BR00117016,J06,A549,48,lonafarnib,compound,BRD-K41599323-001-02-3,poscon_diverse,,-2.0314991,-7.4019437
BR00117016,J07,A549,48,ethyl-pyruvate,compound,BRD-K47738867-001-01-5,,,-3.3579834,-10.004711
BR00117016,J08,A549,48,picrotin,compound,BRD-A91822151-001-05-0,,['GABA receptor antagonist'],-3.3181257,-10.315701
BR00117016,J09,A549,48,SGX523,compound,BRD-K19477839-001-07-6,poscon_cp,,-2.047344,-11.976211
BR00117016,J10,A549,48,PP-2,compound,BRD-K95785537-001-22-3,,['src inhibitor'],0.7055917,-8.359831
BR00117016,J11,A549,48,ME-0328,compound,BRD-A63444178-001-01-5,,['PPAR receptor antagonist'],-2.9042864,-10.488379
BR00117016,J12,A549,48,AZD9668,compound,BRD-K31476763-001-01-5,,['elastase inhibitor'],-3.814913,-11.03458
BR00117016,J13,A549,48,NQDI-1,compound,BRD-K61918008-001-07-1,,,-2.65867,-10.517615
BR00117016,J14,A549,48,DMSO,compound,,negcon,,-3.5314977,-10.160573
BR00117016,J15,A549,48,carzenide,compound,BRD-K09295674-001-09-8,,,-3.0914037,-10.475297
BR00117016,J16,A549,48,KU-55933,compound,BRD-K25311561-001-10-7,,['ATM kinase inhibitor'],0.033548243,-10.487297
BR00117016,J17,A549,48,NVP-AEW541,compound,BRD-K24696047-001-02-3,poscon_cp,['IGF-1 inhibitor'],-0.26567844,-7.5949697
BR00117016,J18,A549,48,leflunomide,compound,BRD-K78692225-001-24-5,,['PDGFR tyrosine kinase receptor inhibitor'],-1.2663065,-10.926458
BR00117016,J19,A549,48,DMSO,compound,,negcon,,-3.095205,-10.130327
BR00117016,J20,A549,48,azacitidine,compound,BRD-K03406345-001-21-1,poscon_diverse,,1.0534111,-11.427371
BR00117016,J21,A549,48,ixabepilone,compound,BRD-K03601870-001-01-2,,['microtubule stabilizing agent'],0.2832308,-5.5326056
BR00117016,J22,A549,48,KH-CB19,compound,BRD-K66430217-001-03-8,poscon_cp,['CDC inhibitor'],-3.1919034,-11.081504
BR00117016,J23,A549,48,DMSO,compound,,negcon,,-3.3677623,-10.316808
BR00117016,J24,A549,48,PF-05190457,compound,BRD-K02554563-001-01-6,,,-2.6653957,-11.997933
BR00117016,K01,A549,48,LDN-212854,compound,BRD-K59831625-001-03-9,,,0.87348783,-3.5994234
BR00117016,K02,A549,48,formononetin,compound,BRD-K55567017-001-12-3,,['alcohol dehydrogenase inhibitor'],-3.3665988,-10.345533
BR00117016,K03,A549,48,aminopurvalanol-a,compound,BRD-K07762753-001-05-1,poscon_orf,['CDK inhibitor'],1.4473845,-7.4674764
BR00117016,K04,A549,48,ruxolitinib,compound,BRD-K53972329-001-01-3,poscon_cp,['JAK inhibitor'],-1.6496607,-12.686525
BR00117016,K05,A549,48,DMSO,compound,,negcon,,-3.256012,-10.247034
BR00117016,K06,A549,48,DMSO,compound,,negcon,,-3.7110777,-10.331368
BR00117016,K07,A549,48,LGK-974,compound,BRD-K16810791-001-01-0,,['porcupine inhibitor'],-1.6165512,-12.074438
BR00117016,K08,A549,48,polydatin,compound,BRD-K43236057-001-07-1,,['ICAM1 expression inhibitor'],1.0940456,-6.582668
BR00117016,K09,A549,48,enflurane,compound,BRD-A51831848-001-01-7,,,-2.9947515,-9.906752
BR00117016,K10,A549,48,PFI-1,compound,BRD-K13094524-001-04-2,poscon_cp,,-2.4870183,-11.766922
BR00117016,K11,A549,48,AZD7762,compound,BRD-K86525559-001-07-8,poscon_diverse,['CHK inhibitor'],1.2426995,-3.8956678
BR00117016,K12,A549,48,sotrastaurin,compound,BRD-K16761703-001-03-8,,['PKC inhibitor'],-2.300444,-13.821029
BR00117016,K13,A549,48,DMSO,compound,,negcon,,-3.6911135,-10.557926
BR00117016,K14,A549,48,cycloheximide,compound,BRD-K36055864-001-20-0,,['protein synthesis inhibitor'],1.1370167,-11.232787
BR00117016,K15,A549,48,oxytocin,compound,BRD-K25243230-001-01-2,,,-3.394341,-9.853743
BR00117016,K16,A549,48,DMSO,compound,,negcon,,-3.0908158,-9.946407
BR00117016,K17,A549,48,colchicine,compound,BRD-K00259736-001-16-4,,,0.33901158,-5.521296
BR00117016,K18,A549,48,afimoxifene,compound,BRD-K04210847-001-21-9,,,-1.6482375,-10.037742
BR00117016,K19,A549,48,DMSO,compound,,negcon,,-2.8008482,-10.406854
BR00117016,K20,A549,48,ZK-93423,compound,BRD-K33882852-003-02-8,poscon_diverse,['benzodiazepine receptor agonist'],-0.057393085,-11.767426
BR00117016,K21,A549,48,RGB-286638,compound,BRD-K20986415-001-02-6,,['CDK inhibitor'],1.5259571,-4.214851
BR00117016,K22,A549,48,FPS-ZM1,compound,BRD-K87691185-001-01-2,,['RAGE receptor antagonist'],-2.3714104,-11.539111
BR00117016,K23,A549,48,flindokalner,compound,BRD-K56740996-001-02-1,,,-3.4544015,-10.661355
BR00117016,K24,A549,48,motesanib,compound,BRD-K99616396-316-05-3,,"['KIT inhibitor', 'VEGFR inhibitor', 'PDGFR tyrosine kinase receptor inhibitor']",-0.047083482,-11.495748
BR00117016,L01,A549,48,geldanamycin,compound,BRD-K43570081-001-02-4,,['HSP inhibitor'],2.4514072,-7.0947437
BR00117016,L02,A549,48,DMSO,compound,,negcon,,-3.4851089,-10.429628
BR00117016,L03,A549,48,CGP-53353,compound,BRD-K32292990-001-03-6,,"['PKC inhibitor', 'EGFR inhibitor']",-3.4605327,-9.999412
BR00117016,L04,A549,48,7-hydroxystaurosporine,compound,BRD-K45293975-001-02-0,,"['CDK inhibitor', 'PKC inhibitor', 'CHK inhibitor']",-0.047567096,-6.682308
BR00117016,L05,A549,48,DMSO,compound,,negcon,,-3.5462642,-10.497355
BR00117016,L06,A549,48,DMSO,compound,,negcon,,-3.0445366,-9.939144
BR00117016,L07,A549,48,efaproxiral,compound,BRD-K37355418-236-01-6,,,-3.0718255,-10.836213
BR00117016,L08,A549,48,SB-203580,compound,BRD-A37704979-001-12-3,poscon_orf,['p38 MAPK inhibitor'],0.7373559,-9.901076
BR00117016,L09,A549,48,FK-866,compound,BRD-K58550667-001-08-7,poscon_diverse,,2.1275039,-7.939407
BR00117016,L10,A549,48,bepridil,compound,BRD-A91008255-003-24-8,,['calcium channel blocker'],-0.95599335,-10.722507
BR00117016,L11,A549,48,delanzomib,compound,BRD-K59325863-001-04-4,,,0.8621823,-3.5052984
BR00117016,L12,A549,48,buparlisib,compound,BRD-K42191735-001-08-7,poscon_diverse,,0.07348542,-6.086263
BR00117016,L13,A549,48,phenylbutazone,compound,BRD-K10843433-001-23-5,,"['cyclooxygenase inhibitor', 'prostanoid receptor antagonist']",-3.2145848,-10.367078
BR00117016,L14,A549,48,deferasirox,compound,BRD-K97010173-001-04-1,,,-1.3048733,-12.699839
BR00117016,L15,A549,48,DMSO,compound,,negcon,,-3.3376656,-10.831796
BR00117016,L16,A549,48,cediranib,compound,BRD-K86930074-001-05-0,,"['KIT inhibitor', 'VEGFR inhibitor']",-0.40628272,-7.6915727
BR00117016,L17,A549,48,isoflurane,compound,BRD-A31564021-001-02-6,,,-3.564314,-10.104534
BR00117016,L18,A549,48,DMSO,compound,,negcon,,-3.6325455,-10.267847
BR00117016,L19,A549,48,CCG-50014,compound,BRD-K08893438-001-06-4,,['G protein signaling inhibitor'],-3.0258436,-10.032663
BR00117016,L20,A549,48,PF-431396,compound,BRD-K93788137-001-04-1,,,1.4018096,-6.723937
BR00117016,L21,A549,48,TG-02,compound,BRD-K14560436-001-01-4,,"['CDK inhibitor', 'FLT3 inhibitor', 'JAK inhibitor']",2.2956338,-5.697635
BR00117016,L22,A549,48,baclofen,compound,BRD-K01826724-003-07-9,,['benzodiazepine receptor agonist'],-3.277254,-10.295116
BR00117016,L23,A549,48,thiostrepton,compound,BRD-A20697603-001-07-2,,['protein synthesis inhibitor'],-1.4203576,-10.212712
BR00117016,L24,A549,48,flufenamic-acid,compound,BRD-K44067360-001-29-5,,,-3.7697577,-10.4338045
BR00117016,M01,A549,48,DMSO,compound,,negcon,,-3.4202287,-9.852863
BR00117016,M02,A549,48,LY2109761,compound,BRD-K47557313-001-02-7,,,-1.1815448,-10.88816
BR00117016,M03,A549,48,olopatadine,compound,BRD-K67637637-003-11-8,,['histamine receptor antagonist'],-3.2873244,-9.885754
BR00117016,M04,A549,48,DMSO,compound,,negcon,,-2.9316127,-9.919138
BR00117016,M05,A549,48,castanospermine,compound,BRD-K20897876-001-11-8,,['glucosidase inhibitor'],-3.2451484,-9.963079
BR00117016,M06,A549,48,A205804,compound,BRD-K77627880-001-04-0,,['ICAM1 expression inhibitor'],-2.0150414,-13.314345
BR00117016,M07,A549,48,VU591,compound,BRD-K72063794-003-01-0,,['potassium channel blocker'],-3.1661117,-9.874145
BR00117016,M08,A549,48,dalbavancin,compound,BRD-K30177383-001-01-0,,['bacterial cell wall synthesis inhibitor'],-3.0483181,-10.001143
BR00117016,M09,A549,48,CC-401,compound,BRD-K45746021-003-01-9,,['JNK inhibitor'],-1.3390459,-11.105397
BR00117016,M10,A549,48,ganetespib,compound,BRD-K38852836-001-04-9,poscon_diverse,['HSP inhibitor'],2.3596125,-6.998407
BR00117016,M11,A549,48,ingenol-mebutate,compound,BRD-K93779381-001-01-9,,,1.3786052,-5.38472
BR00117016,M12,A549,48,menadione,compound,BRD-K78126613-001-27-7,,,-2.4813633,-10.122349
BR00117016,M13,A549,48,cetilistat,compound,BRD-K94863486-001-02-2,,,-3.1926355,-10.355287
BR00117016,M14,A549,48,methoxsalen,compound,BRD-K63430059-001-16-4,,['DNA synthesis inhibitor'],-2.112596,-11.134984
BR00117016,M15,A549,48,cyclosporine,compound,BRD-K13533483-001-16-2,,,0.7010221,-7.7370024
BR00117016,M16,A549,48,NSC-632839,compound,BRD-K81197548-003-01-4,poscon_cp,['ubiquitin specific protease inhibitor'],0.177632,-3.917071
BR00117016,M17,A549,48,DMSO,compound,,negcon,,-3.1801386,-10.473109
BR00117016,M18,A549,48,TG-003,compound,BRD-K97072811-001-11-4,poscon_cp,,-1.6605531,-11.194779
BR00117016,M19,A549,48,oxibendazole,compound,BRD-K52075715-001-06-7,,['tubulin polymerization inhibitor'],0.40728924,-5.492947
BR00117016,M20,A549,48,TG-101348,compound,BRD-K12502280-001-11-4,poscon_cp,"['JAK inhibitor', 'FLT3 inhibitor']",0.9628154,-3.676045
BR00117016,M21,A549,48,miglitol,compound,BRD-A63310107-001-04-8,,['glucosidase inhibitor'],-3.5780401,-11.061509
BR00117016,M22,A549,48,DMSO,compound,,negcon,,-3.5148242,-10.316185
BR00117016,M23,A549,48,DMSO,compound,,negcon,,-3.5543644,-10.090803
BR00117016,M24,A549,48,tranilast,compound,BRD-K17849083-001-32-9,,,-2.257244,-12.616626
BR00117016,N01,A549,48,4-methylhistamine,compound,BRD-K70821460-300-02-4,,['histamine receptor agonist'],-3.4436216,-10.765455
BR00117016,N02,A549,48,LDN-27219,compound,BRD-K51485109-001-01-4,,,-3.7182827,-10.303053
BR00117016,N03,A549,48,anisomycin,compound,BRD-K91370081-001-25-1,,['DNA synthesis inhibitor'],1.7399004,-3.8634934
BR00117016,N04,A549,48,thioguanine,compound,BRD-K49350383-001-13-7,poscon_diverse,,1.3233073,-9.373277
BR00117016,N05,A549,48,droxinostat,compound,BRD-K11558771-001-13-9,,['HDAC inhibitor'],-1.6008835,-10.284255
BR00117016,N06,A549,48,UNC2025,compound,BRD-K91283740-003-01-6,poscon_cp,['FLT3 inhibitor'],-0.092054345,-6.9097395
BR00117016,N07,A549,48,DMSO,compound,,negcon,,-3.5620959,-10.265662
BR00117016,N08,A549,48,DMSO,compound,,negcon,,-3.611135,-10.141704
BR00117016,N09,A549,48,AMG900,compound,BRD-K21728777-001-02-3,poscon_cp,['Aurora kinase inhibitor'],1.3135754,-6.6944323
BR00117016,N10,A549,48,PF-06463922,compound,BRD-A23124853-001-01-4,,['ALK tyrosine kinase receptor inhibitor'],-1.1235032,-10.125247
BR00117016,N11,A549,48,orantinib,compound,BRD-K55966568-001-09-6,poscon_cp,"['FGFR inhibitor', 'PDGFR tyrosine kinase receptor inhibitor', 'VEGFR inhibitor']",-3.7057102,-10.601449
BR00117016,N12,A549,48,fludarabine-phosphate,compound,BRD-K71106091-001-09-5,,['ribonucleotide reductase inhibitor'],1.6459343,-6.8960147
BR00117016,N13,A549,48,ceritinib,compound,BRD-K22149900-001-06-2,,['ALK tyrosine kinase receptor inhibitor'],-0.63193864,-8.413758
BR00117016,N14,A549,48,NVS-PAK1-1,compound,BRD-K28132190-001-02-0,poscon_cp,['p21 activated kinase inhibitor'],-1.7448436,-12.738999
BR00117016,N15,A549,48,homoharringtonine,compound,BRD-K76674262-001-03-3,,['protein synthesis inhibitor'],1.7007425,-3.8770692
BR00117016,N16,A549,48,picrotoxinin,compound,BRD-K36461289-001-05-8,,['GABA receptor antagonist'],-3.3711665,-10.101679
BR00117016,N17,A549,48,DMSO,compound,,negcon,,-3.748743,-10.321241
BR00117016,N18,A549,48,danusertib,compound,BRD-K07881437-001-03-8,poscon_diverse,"['growth factor receptor inhibitor', 'Aurora kinase inhibitor']",1.3207824,-6.963886
BR00117016,N19,A549,48,romidepsin,compound,BRD-K61397605-001-01-8,poscon_cp,['HDAC inhibitor'],0.49813285,-3.7174067
BR00117016,N20,A549,48,FERb-033,compound,BRD-K61642990-001-01-0,poscon_cp,['EGFR inhibitor'],-3.5784698,-9.9906225
BR00117016,N21,A549,48,PF-03758309,compound,BRD-K37764012-001-03-3,poscon_diverse,['p21 activated kinase inhibitor'],2.2407782,-6.0172663
BR00117016,N22,A549,48,DMSO,compound,,negcon,,-3.320118,-9.901218
BR00117016,N23,A549,48,trometamol,compound,BRD-K47978074-001-03-2,,,-3.4267192,-10.689
BR00117016,N24,A549,48,simvastatin,compound,BRD-K22134346-001-22-3,,['HMGCR inhibitor'],-3.0030737,-12.223252
BR00117016,O01,A549,48,zaprinast,compound,BRD-K16542329-001-16-8,,['phosphodiesterase inhibitor'],-3.6534488,-10.282202
BR00117016,O02,A549,48,dexamethasone,compound,BRD-A10188456-001-04-9,,['glucocorticoid receptor agonist'],2.4304285,-10.059599
BR00117016,O03,A549,48,salicylic-acid,compound,BRD-K93632104-001-17-2,,['cyclooxygenase inhibitor'],-3.3399034,-10.057819
BR00117016,O04,A549,48,diltiazem,compound,BRD-A69636825-003-04-7,,['calcium channel blocker'],-0.86657023,-10.718708
BR00117016,O05,A549,48,phenolphthalein,compound,BRD-K19227686-001-18-6,,,-2.8046842,-11.724283
BR00117016,O06,A549,48,niflumic-acid,compound,BRD-K98763141-001-30-8,,['cyclooxygenase inhibitor'],-3.4647799,-10.251194
BR00117016,O07,A549,48,DMSO,compound,,negcon,,-3.313536,-10.062366
BR00117016,O08,A549,48,L-Cystine,compound,BRD-A15397381-001-02-5,,,-2.8469603,-10.635243
BR00117016,O09,A549,48,ozanimod,compound,BRD-K46625559-001-01-8,,['sphingosine 1 phosphate receptor agonist'],-1.3035233,-12.805647
BR00117016,O10,A549,48,efaroxan,compound,BRD-A10739734-003-09-8,,['adrenergic receptor antagonist'],-3.033081,-10.841213
BR00117016,O11,A549,48,NBQX,compound,BRD-K11796549-001-05-2,,['glutamate receptor antagonist'],-3.189721,-9.858227
BR00117016,O12,A549,48,dinoprostone,compound,BRD-K26521938-001-07-2,,['prostanoid receptor agonist'],-3.0862715,-9.947678
BR00117016,O13,A549,48,Ro-20-1724,compound,BRD-A07207424-001-14-0,,['phosphodiesterase inhibitor'],-3.2001383,-10.403117
BR00117016,O14,A549,48,xanomeline,compound,BRD-K72815923-034-02-0,,['acetylcholine receptor agonist'],-3.3823295,-10.582602
BR00117016,O15,A549,48,terazosin,compound,BRD-K01825589-310-02-9,,['adrenergic receptor antagonist'],-3.2905328,-11.358811
BR00117016,O16,A549,48,BVT-948,compound,BRD-K68567222-001-01-2,,,-2.3569968,-10.284371
BR00117016,O17,A549,48,nicotine,compound,BRD-K01825660-322-01-9,,['acetylcholine receptor agonist'],-2.5397956,-10.725049
BR00117016,O18,A549,48,DMSO,compound,,negcon,,-3.5016456,-10.11827
BR00117016,O19,A549,48,U-0521,compound,BRD-K08953028-001-09-6,,,-2.396955,-10.805469
BR00117016,O20,A549,48,BMS-587101,compound,BRD-K20093108-001-02-3,,,-3.1421669,-10.3025055
BR00117016,O21,A549,48,nimodipine,compound,BRD-A58048407-001-20-4,,['calcium channel blocker'],-3.160621,-11.24787
BR00117016,O22,A549,48,pyrrolidine-dithiocarbamate,compound,BRD-K80970344-201-08-6,,,0.27280954,-3.964697
BR00117016,O23,A549,48,PF-915275,compound,BRD-K18289362-001-02-2,,,-3.579651,-10.411332
BR00117016,O24,A549,48,JTE-013,compound,BRD-K43330982-001-02-3,,,-2.395118,-10.134705
BR00117016,P01,A549,48,sodium-butyrate,compound,BRD-K05878375-236-05-7,,['HDAC inhibitor'],-2.705237,-12.386203
BR00117016,P02,A549,48,pentostatin,compound,BRD-K91543828-001-02-0,,['ribonucleotide reductase inhibitor'],-3.0701432,-12.122242
BR00117016,P03,A549,48,OMDM-2,compound,BRD-K48830578-001-01-9,,,-2.924376,-11.7681875
BR00117016,P04,A549,48,nalmefene,compound,BRD-A72767275-003-01-6,,,-3.870563,-10.604071
BR00117016,P05,A549,48,DMSO,compound,,negcon,,-3.8584287,-10.37583
BR00117016,P06,A549,48,1-EBIO,compound,BRD-K70586315-001-02-4,,,-3.7051687,-9.9647
BR00117016,P07,A549,48,SB-505124,compound,BRD-K40109029-001-02-9,,['ALK tyrosine kinase receptor inhibitor'],0.19406322,-9.729163
BR00117016,P08,A549,48,prasugrel,compound,BRD-A83029242-001-06-1,,['purinergic receptor antagonist'],-3.7302952,-10.768513
BR00117016,P09,A549,48,pidolic-acid,compound,BRD-K57313110-001-06-8,,,-3.8202872,-10.36281
BR00117016,P10,A549,48,DMSO,compound,,negcon,,-3.613909,-10.456825
BR00117016,P11,A549,48,nevirapine,compound,BRD-K15502390-001-20-9,,,-3.9177637,-10.566931
BR00117016,P12,A549,48,triamterene,compound,BRD-K92049597-001-20-8,,['sodium channel blocker'],-3.689491,-12.420509
BR00117016,P13,A549,48,regorafenib,compound,BRD-K16730910-001-07-3,,"['PDGFR tyrosine kinase receptor inhibitor', 'RAF inhibitor', 'KIT inhibitor', 'RET tyrosine kinase inhibitor', 'FGFR inhibitor', 'VEGFR inhibitor']",-1.3439426,-12.025094
BR00117016,P14,A549,48,cyclophosphamide,compound,BRD-A09722536-002-18-0,,,-3.8280864,-10.611824
BR00117016,P15,A549,48,olanzapine,compound,BRD-K18895904-001-16-1,,"['dopamine receptor antagonist', 'serotonin receptor antagonist']",-1.589231,-10.672744
BR00117016,P16,A549,48,KI-16425,compound,BRD-A25569250-001-03-3,,['lysophosphatidic acid receptor antagonist'],-1.9262148,-11.098786
BR00117016,P17,A549,48,SKLB1002,compound,BRD-K29895144-001-01-0,,['VEGFR inhibitor'],-2.7905867,-11.906556
BR00117016,P18,A549,48,cilostazol,compound,BRD-K67017579-001-28-1,,['phosphodiesterase inhibitor'],-2.687423,-11.136858
BR00117016,P19,A549,48,AZD1283,compound,BRD-K77060810-001-01-5,,['purinergic receptor antagonist'],-3.0764232,-10.36632
BR00117016,P20,A549,48,A-987306,compound,BRD-K68982262-001-01-4,,['histamine receptor antagonist'],-0.88197434,-9.0592985
BR00117016,P21,A549,48,procaine,compound,BRD-K24616672-003-20-1,,['HMGCR inhibitor'],-3.001668,-12.463396
BR00117016,P22,A549,48,miconazole,compound,BRD-A82396632-008-30-8,,['bacterial cell wall synthesis inhibitor'],-2.8107555,-12.596022
BR00117016,P23,A549,48,loperamide,compound,BRD-K61250553-003-30-6,,,-0.8951386,-9.059331
BR00117016,P24,A549,48,aripiprazole,compound,BRD-K70358946-001-17-3,,['serotonin receptor antagonist'],-1.0783278,-9.193184
BR00117017,A01,A549,48,gabapentin-enacarbil,compound,BRD-A86665761-001-01-1,,,-2.731229,-12.861017
BR00117017,A02,A549,48,DMSO,compound,,negcon,,-2.6442122,-13.075915
BR00117017,A03,A549,48,amlodipine,compound,BRD-A22032524-074-09-9,,['calcium channel blocker'],-0.78166723,-9.309268
BR00117017,A04,A549,48,hexestrol,compound,BRD-A01078468-001-14-8,,,-3.4093852,-11.576238
BR00117017,A05,A549,48,quinine,compound,BRD-K48278478-001-01-2,,,-2.77013,-12.103385
BR00117017,A06,A549,48,LOXO-101,compound,BRD-K36574127-001-01-3,,,-3.3381894,-12.059806
BR00117017,A07,A549,48,brinzolamide,compound,BRD-K74913225-001-14-0,,['carbonic anhydrase inhibitor'],-2.7168322,-12.475145
BR00117017,A08,A549,48,NS-11021,compound,BRD-K94342292-001-01-3,,['calcium-activated potassium channel activator'],-0.53684247,-12.125612
BR00117017,A09,A549,48,DMSO,compound,,negcon,,-2.9531662,-12.660607
BR00117017,A10,A549,48,GNF-5837,compound,BRD-K19975102-001-01-2,,['growth factor receptor inhibitor'],-0.221332,-11.483908
BR00117017,A11,A549,48,apatinib,compound,BRD-K25244359-066-02-6,,['RET tyrosine kinase inhibitor'],-0.26865768,-11.263065
BR00117017,A12,A549,48,ethoxzolamide,compound,BRD-K18131774-001-18-4,,['carbonic anhydrase inhibitor'],-3.5344908,-11.789042
BR00117017,A13,A549,48,ascorbic-acid,compound,BRD-A85242401-001-11-5,,,-2.5695958,-12.88303
BR00117017,A14,A549,48,ryuvidine,compound,BRD-K06426971-001-02-7,,['histone lysine methyltransferase inhibitor'],0.8271868,-4.335644
BR00117017,A15,A549,48,BAN-ORL-24,compound,BRD-K47049295-300-03-1,,,0.17405139,-7.417666
BR00117017,A16,A549,48,NNC-55-0396,compound,BRD-K78122587-300-04-3,,,-0.46968085,-7.452725
BR00117017,A17,A549,48,DMSO,compound,,negcon,,-3.2254193,-12.767592
BR00117017,A18,A549,48,WH-4-023,compound,BRD-K50199947-001-03-4,,['src inhibitor'],0.4743325,-7.750121
BR00117017,A19,A549,48,flupirtine,compound,BRD-K50720187-051-03-1,,['glutamate receptor antagonist'],-1.8068627,-12.134511
BR00117017,A20,A549,48,ZK811752,compound,BRD-K91825936-001-03-9,,,-1.1377258,-11.859649
BR00117017,A21,A549,48,dexamethasone,compound,BRD-K38775274-001-22-1,,['glucocorticoid receptor agonist'],2.3716192,-9.994314
BR00117017,A22,A549,48,PP-1,compound,BRD-K47598052-001-14-1,,['src inhibitor'],0.8573461,-8.386575
BR00117017,A23,A549,48,DDR1-IN-1,compound,BRD-K61845293-300-01-9,,,-0.8029569,-9.192246
BR00117017,A24,A549,48,AVL-292,compound,BRD-K87782578-001-01-4,,"[""Bruton's tyrosine kinase (BTK) inhibitor""]",1.0798603,-7.9271984
BR00117017,B01,A549,48,H2L-5765834,compound,BRD-K26439554-001-01-3,,['lysophosphatidic acid receptor antagonist'],-3.3142228,-12.873692
BR00117017,B02,A549,48,thiostrepton,compound,BRD-K58049875-001-03-9,,['protein synthesis inhibitor'],-0.7211541,-7.440705
BR00117017,B03,A549,48,DMSO,compound,,negcon,,-3.1437583,-12.696273
BR00117017,B04,A549,48,arcyriaflavin-a,compound,BRD-K72726508-001-02-1,,['CDK inhibitor'],0.8814361,-10.142885
BR00117017,B05,A549,48,CYM-5520,compound,BRD-K29151923-001-01-5,,['sphingosine 1 phosphate receptor agonist'],-2.9301376,-12.600802
BR00117017,B06,A549,48,fludarabine,compound,BRD-K66788707-001-14-3,,['ribonucleotide reductase inhibitor'],2.047739,-9.150842
BR00117017,B07,A549,48,alda-1,compound,BRD-K06890060-001-09-1,,,-3.3044536,-12.414102
BR00117017,B08,A549,48,meclofenamic-acid,compound,BRD-K50398167-236-22-7,,"['cyclooxygenase inhibitor', 'prostanoid receptor antagonist']",-3.4010901,-12.38932
BR00117017,B09,A549,48,GNF-5,compound,BRD-K87632963-001-03-0,,['Bcr-Abl kinase inhibitor'],-2.7494428,-12.106415
BR00117017,B10,A549,48,NS-309,compound,BRD-K37602296-001-01-6,,['calcium-activated potassium channel activator'],-2.5838325,-12.8611145
BR00117017,B11,A549,48,AK-7,compound,BRD-K09143580-001-01-0,,['SIRT inhibitor'],-3.738638,-12.146746
BR00117017,B12,A549,48,BVT-948,compound,BRD-A22713669-001-04-3,,,-2.2107913,-10.4198065
BR00117017,B13,A549,48,SirReal-2,compound,BRD-K16472653-001-01-6,,['SIRT inhibitor'],-2.5522861,-11.9532385
BR00117017,B14,A549,48,DMSO,compound,,negcon,,-2.464278,-12.974075
BR00117017,B15,A549,48,BMS-536924,compound,BRD-K34581968-001-05-3,,['IGF-1 inhibitor'],0.9383419,-7.8150826
BR00117017,B16,A549,48,PP-121,compound,BRD-K81801188-001-02-8,,['protein tyrosine kinase inhibitor'],1.1722298,-4.252267
BR00117017,B17,A549,48,MCOPPB,compound,BRD-K73276278-305-01-1,,,-0.82830864,-7.383806
BR00117017,B18,A549,48,ozagrel,compound,BRD-K53061490-003-13-9,,,-3.0047994,-12.638623
BR00117017,B19,A549,48,CYM-5442,compound,BRD-A43005764-003-01-5,,['sphingosine 1 phosphate receptor agonist'],-1.3853862,-8.166478
BR00117017,B20,A549,48,CVT-10216,compound,BRD-K60659193-001-01-0,,,-2.6004927,-12.57288
BR00117017,B21,A549,48,TCN201,compound,BRD-K09787262-001-02-7,,['glutamate receptor antagonist'],-2.9458928,-12.433352
BR00117017,B22,A549,48,fomepizole,compound,BRD-K56810756-003-07-7,,['alcohol dehydrogenase inhibitor'],-2.8792067,-12.162235
BR00117017,B23,A549,48,benzamil,compound,BRD-K87158025-003-08-7,,['sodium channel blocker'],-2.5949054,-12.075346
BR00117017,B24,A549,48,lercanidipine,compound,BRD-A18992208-003-02-7,,['calcium channel blocker'],-1.6987016,-10.3930855
BR00117017,C01,A549,48,4-CMTB,compound,BRD-A54139254-001-09-2,,['free fatty acid receptor agonist'],-2.760066,-13.127789
BR00117017,C02,A549,48,ML-228,compound,BRD-K44432556-001-05-5,,,-2.991286,-12.979534
BR00117017,C03,A549,48,DMSO,compound,,negcon,,-2.709079,-12.811064
BR00117017,C04,A549,48,GSK1070916,compound,BRD-K36740062-001-06-6,,['Aurora kinase inhibitor'],0.1296967,-7.168794
BR00117017,C05,A549,48,ML-193,compound,BRD-K27539181-001-08-5,,,-3.1130638,-10.500275
BR00117017,C06,A549,48,DMSO,compound,,negcon,,-2.5256705,-12.692194
BR00117017,C07,A549,48,M-25,compound,BRD-K51265828-001-01-0,,['smoothened receptor antagonist'],-2.6453576,-12.400406
BR00117017,C08,A549,48,azeliragon,compound,BRD-K51899933-001-02-6,,['RAGE receptor antagonist'],0.6541694,-3.947827
BR00117017,C09,A549,48,CYT-997,compound,BRD-K23363278-001-02-1,poscon_diverse,['tubulin polymerization inhibitor'],0.43431085,-5.5481267
BR00117017,C10,A549,48,AR-12,compound,BRD-K90497590-001-05-9,,,1.1525384,-3.9532807
BR00117017,C11,A549,48,CYM-50260,compound,BRD-K69877120-001-01-7,,['sphingosine 1 phosphate receptor agonist'],-1.9326752,-12.359083
BR00117017,C12,A549,48,DMSO,compound,,negcon,,-2.5965047,-12.545759
BR00117017,C13,A549,48,KG-5,compound,BRD-K90747162-001-01-4,poscon_cp,['RAF inhibitor'],0.26115748,-5.7257643
BR00117017,C14,A549,48,JTE-607,compound,BRD-K81405859-300-01-4,,,2.031467,-9.69225
BR00117017,C15,A549,48,DMSO,compound,,negcon,,-2.7730143,-12.762037
BR00117017,C16,A549,48,ilomastat,compound,BRD-K51662849-001-05-4,,['matrix metalloprotease inhibitor'],-3.6263762,-11.728953
BR00117017,C17,A549,48,RX-821002,compound,BRD-A65597028-003-08-1,,['adrenergic receptor antagonist'],-3.2644947,-11.998686
BR00117017,C18,A549,48,DMSO,compound,,negcon,,-3.1188092,-12.852308
BR00117017,C19,A549,48,TUG-891,compound,BRD-K24282351-001-01-4,,['free fatty acid receptor agonist'],-3.1735718,-12.619711
BR00117017,C20,A549,48,ponatinib,compound,BRD-K44227013-001-08-0,,"['PDGFR tyrosine kinase receptor inhibitor', 'FLT3 inhibitor', 'Bcr-Abl kinase inhibitor']",0.7182065,-3.672614
BR00117017,C21,A549,48,DMSO,compound,,negcon,,-2.9665856,-12.66388
BR00117017,C22,A549,48,puromycin,compound,BRD-K01824976-300-02-9,,['protein synthesis inhibitor'],1.0206854,-3.61646
BR00117017,C23,A549,48,SRC-kinase-inhibitor-I,compound,BRD-K50495309-001-02-0,,['src inhibitor'],-0.4172763,-10.0532675
BR00117017,C24,A549,48,acetylcysteine,compound,BRD-K59058747-001-19-1,,,-3.3415024,-12.166906
BR00117017,D01,A549,48,NSC-625987,compound,BRD-K62949423-001-03-1,,['CDK inhibitor'],-2.9531202,-13.078599
BR00117017,D02,A549,48,dalfampridine,compound,BRD-K22482860-001-20-6,,['potassium channel blocker'],-3.2081583,-13.129211
BR00117017,D03,A549,48,NSC-95397,compound,BRD-K68143200-001-11-7,,['CDC inhibitor'],1.3561095,-6.0140696
BR00117017,D04,A549,48,alrestatin,compound,BRD-K35498378-001-06-1,,['aldose reductase inhibitor'],-2.5358748,-13.03076
BR00117017,D05,A549,48,PF-03758309,compound,BRD-K37764012-001-03-3,poscon_diverse,['p21 activated kinase inhibitor'],-2.9167511,-12.510927
BR00117017,D06,A549,48,IRL-2500,compound,BRD-K98357249-001-02-9,,['endothelin receptor antagonist'],-2.6011827,-13.038298
BR00117017,D07,A549,48,PF-04217903,compound,BRD-K73319509-001-08-0,poscon_cp,,-2.255577,-12.543991
BR00117017,D08,A549,48,FK-866,compound,BRD-K58550667-001-08-7,poscon_diverse,,2.1213424,-7.987991
BR00117017,D09,A549,48,amlexanox,compound,BRD-K29530284-001-06-2,,,-2.5897841,-12.723131
BR00117017,D10,A549,48,GW-311616,compound,BRD-K37864785-001-01-0,,['elastase inhibitor'],-2.7073991,-12.634856
BR00117017,D11,A549,48,buparlisib,compound,BRD-K42191735-001-08-7,poscon_diverse,,0.08281055,-6.052829
BR00117017,D12,A549,48,amiloride,compound,BRD-K97181089-003-24-7,,['sodium channel blocker'],-3.2256744,-11.894527
BR00117017,D13,A549,48,DG-172,compound,BRD-K75748943-300-01-3,,,-1.3816804,-9.716441
BR00117017,D14,A549,48,DMSO,compound,,negcon,,-2.4896255,-13.065519
BR00117017,D15,A549,48,DMSO,compound,,negcon,,-2.6393194,-12.978886
BR00117017,D16,A549,48,NVP-ADW742,compound,BRD-K15179513-001-04-2,poscon_cp,,-0.22526687,-7.0982184
BR00117017,D17,A549,48,misoprostol,compound,BRD-A72351335-001-04-5,,['prostanoid receptor agonist'],-2.7561047,-12.33162
BR00117017,D18,A549,48,conivaptan,compound,BRD-K37385792-003-02-1,,,-0.88905555,-9.576445
BR00117017,D19,A549,48,spiroxatrine,compound,BRD-A72483914-001-03-7,,['serotonin receptor antagonist'],-2.5004466,-12.274916
BR00117017,D20,A549,48,diacerein,compound,BRD-K69122748-001-10-1,,,-3.151799,-11.11735
BR00117017,D21,A549,48,DMSO,compound,,negcon,,-2.6936638,-13.172289
BR00117017,D22,A549,48,DMSO,compound,,negcon,,-2.8921897,-12.769447
BR00117017,D23,A549,48,glyburide,compound,BRD-K36927236-001-36-7,,['ATP channel blocker'],-2.9743257,-12.569393
BR00117017,D24,A549,48,ANR-94,compound,BRD-K31170746-001-01-6,,,-3.4708223,-11.624078
BR00117017,E01,A549,48,TFC-007,compound,BRD-K57708067-001-01-3,,,-2.8928368,-13.203502
BR00117017,E02,A549,48,trihexyphenidyl,compound,BRD-A48180038-003-24-3,,['acetylcholine receptor antagonist'],-2.466802,-12.834982
BR00117017,E03,A549,48,epoprostenol,compound,BRD-K64054020-001-02-7,,,-2.6669977,-12.966869
BR00117017,E04,A549,48,sacubitril,compound,BRD-K91456750-001-01-9,,,-2.8356838,-12.798577
BR00117017,E05,A549,48,danusertib,compound,BRD-K07881437-001-03-8,poscon_diverse,"['growth factor receptor inhibitor', 'Aurora kinase inhibitor']",1.240534,-6.981797
BR00117017,E06,A549,48,CYT-997,compound,BRD-K23363278-001-02-1,poscon_diverse,['tubulin polymerization inhibitor'],0.34922868,-5.4919257
BR00117017,E07,A549,48,DMSO,compound,,negcon,,-2.5637202,-12.732467
BR00117017,E08,A549,48,BQ-788,compound,BRD-K02490038-236-03-8,,['endothelin receptor antagonist'],-2.6786082,-13.155084
BR00117017,E09,A549,48,SB-202190,compound,BRD-K54330070-001-19-6,poscon_orf,['p38 MAPK inhibitor'],0.55202806,-10.27956
BR00117017,E10,A549,48,GSK2110183,compound,BRD-K25412176-001-01-9,poscon_diverse,,-0.47870237,-8.277566
BR00117017,E11,A549,48,GSK3787,compound,BRD-K03155172-001-03-0,,['PPAR receptor antagonist'],-2.7160697,-12.771308
BR00117017,E12,A549,48,BAM7,compound,BRD-K07442505-001-03-6,,,-2.4288585,-12.39986
BR00117017,E13,A549,48,PHA-793887,compound,BRD-K64800655-001-09-0,poscon_diverse,['CDK inhibitor'],2.479673,-5.805264
BR00117017,E14,A549,48,DMSO,compound,,negcon,,-2.9159539,-13.075033
BR00117017,E15,A549,48,GSK-37647,compound,BRD-K26514105-001-01-7,,['free fatty acid receptor agonist'],-3.4887838,-12.15128
BR00117017,E16,A549,48,desonide,compound,BRD-K21528677-001-04-4,,['glucocorticoid receptor agonist'],2.299472,-9.984627
BR00117017,E17,A549,48,DMSO,compound,,negcon,,-2.5036662,-12.925423
BR00117017,E18,A549,48,aloxistatin,compound,BRD-K91188791-001-17-5,,,-1.1579779,-7.608017
BR00117017,E19,A549,48,azathioprine,compound,BRD-K32821942-001-22-1,,,-3.0852382,-12.25507
BR00117017,E20,A549,48,ZK-93423,compound,BRD-K33882852-003-02-8,poscon_diverse,['benzodiazepine receptor agonist'],0.0820821,-11.906559
BR00117017,E21,A549,48,BI-2536,compound,BRD-K64890080-001-02-1,poscon_diverse,,1.2478325,-5.89294
BR00117017,E22,A549,48,EI1,compound,BRD-K91535048-001-01-2,poscon_cp,['histone lysine methyltransferase inhibitor'],-2.9286125,-11.526025
BR00117017,E23,A549,48,NVP-HSP990,compound,BRD-K67915505-001-01-2,,['HSP inhibitor'],2.3864002,-7.0349493
BR00117017,E24,A549,48,DMSO,compound,,negcon,,-3.3481274,-12.621895
BR00117017,F01,A549,48,DMSO,compound,,negcon,,-2.808832,-12.857986
BR00117017,F02,A549,48,nialamide,compound,BRD-K12102668-001-25-5,,,-2.785241,-12.825468
BR00117017,F03,A549,48,DMSO,compound,,negcon,,-2.8497233,-13.240315
BR00117017,F04,A549,48,arundic-acid,compound,BRD-K49223707-001-01-0,,,-2.5144627,-12.756802
BR00117017,F05,A549,48,torcitabine,compound,BRD-K91822704-003-07-2,,,-2.6074815,-12.774675
BR00117017,F06,A549,48,DMSO,compound,,negcon,,-2.9223235,-13.060357
BR00117017,F07,A549,48,epothilone-b,compound,BRD-K68164687-001-01-6,,"['microtubule stabilizing agent', 'tubulin polymerization inhibitor']",0.5443432,-5.947204
BR00117017,F08,A549,48,dyphylline,compound,BRD-A00827783-001-24-6,,['phosphodiesterase inhibitor'],-2.9505975,-12.46083
BR00117017,F09,A549,48,DMSO,compound,,negcon,,-2.812954,-12.91148
BR00117017,F10,A549,48,quinidine,compound,BRD-K59632282-052-03-1,,['sodium channel blocker'],-2.0054698,-9.824373
BR00117017,F11,A549,48,halopemide,compound,BRD-K50055394-001-03-6,,,-0.23769626,-10.059468
BR00117017,F12,A549,48,sulfinpyrazone,compound,BRD-A36217750-001-16-3,,,-2.684832,-12.917106
BR00117017,F13,A549,48,ML-323,compound,BRD-K93942811-001-01-3,poscon_cp,['ubiquitin specific protease inhibitor'],-2.662307,-11.996235
BR00117017,F14,A549,48,racecadotril,compound,BRD-A08187463-001-12-9,,,-2.524789,-12.578249
BR00117017,F15,A549,48,BRL-50481,compound,BRD-K84266862-001-03-2,,['phosphodiesterase inhibitor'],-2.6458614,-12.8783245
BR00117017,F16,A549,48,GSK2110183,compound,BRD-K25412176-001-01-9,poscon_diverse,,-0.5201928,-8.27164
BR00117017,F17,A549,48,bufexamac,compound,BRD-K36660044-001-24-2,,['cyclooxygenase inhibitor'],-2.5486615,-12.800583
BR00117017,F18,A549,48,anandamide,compound,BRD-K42352790-001-05-3,,,-3.0872457,-13.010975
BR00117017,F19,A549,48,thioguanine,compound,BRD-K49350383-001-13-7,poscon_diverse,,1.3587393,-9.281849
BR00117017,F20,A549,48,IWP-L6,compound,BRD-K53234107-001-01-6,,['porcupine inhibitor'],-1.3941493,-11.782942
BR00117017,F21,A549,48,edoxaban,compound,BRD-K29322660-001-01-9,,['coagulation factor inhibitor'],-3.1905348,-12.651983
BR00117017,F22,A549,48,lonafarnib,compound,BRD-K41599323-001-02-3,poscon_diverse,,-2.0569117,-7.431526
BR00117017,F23,A549,48,ibutamoren,compound,BRD-K44771174-066-01-0,,,-1.2001565,-9.750259
BR00117017,F24,A549,48,somatostatin,compound,BRD-K14681867-001-01-6,,['somatostatin receptor agonist'],-3.2619698,-12.101656
BR00117017,G01,A549,48,L-proline,compound,BRD-K01666412-001-02-0,,,-3.1870205,-12.798364
BR00117017,G02,A549,48,zamifenacin,compound,BRD-K80451230-051-02-6,,['acetylcholine receptor antagonist'],-2.745647,-12.863066
BR00117017,G03,A549,48,YC-1,compound,BRD-K60476892-001-16-1,,,-2.651203,-13.106738
BR00117017,G04,A549,48,DMSO,compound,,negcon,,-2.34208,-12.614726
BR00117017,G05,A549,48,ME-0328,compound,BRD-K24283677-001-01-9,,['PPAR receptor antagonist'],-2.7349837,-12.477815
BR00117017,G06,A549,48,NSC-663284,compound,BRD-K03109492-001-02-2,,['CDC inhibitor'],-2.5109482,-9.897649
BR00117017,G07,A549,48,CYM-50358,compound,BRD-K80666802-003-01-0,,,-1.0061382,-7.7350283
BR00117017,G08,A549,48,trazodone,compound,BRD-K70778732-003-27-5,,"['adrenergic receptor antagonist', 'serotonin receptor antagonist']",-2.5761194,-12.379914
BR00117017,G09,A549,48,DMSO,compound,,negcon,,-2.6381886,-12.921694
BR00117017,G10,A549,48,DMSO,compound,,negcon,,-2.7014918,-12.624669
BR00117017,G11,A549,48,sulfasalazine,compound,BRD-K10670311-001-17-1,,['cyclooxygenase inhibitor'],-2.8810947,-12.475837
BR00117017,G12,A549,48,"2,5-furandimethanol",compound,BRD-K29791386-001-01-8,,,-3.1544511,-12.334272
BR00117017,G13,A549,48,DMSO,compound,,negcon,,-2.86423,-12.838322
BR00117017,G14,A549,48,dilazep,compound,BRD-K48722258-300-11-0,,,-3.1131847,-12.936808
BR00117017,G15,A549,48,felodipine,compound,BRD-A30815329-001-12-1,,['calcium channel blocker'],-2.8414392,-13.05142
BR00117017,G16,A549,48,paliperidone,compound,BRD-A99888680-001-05-3,,"['dopamine receptor antagonist', 'serotonin receptor antagonist']",-2.698578,-12.730861
BR00117017,G17,A549,48,purvalanol-a,compound,BRD-K50836978-001-03-3,poscon_orf,['CDK inhibitor'],0.5820307,-8.965598
BR00117017,G18,A549,48,DMSO,compound,,negcon,,-2.5803607,-12.705001
BR00117017,G19,A549,48,Ro-1138452,compound,BRD-K77220725-003-01-5,,['prostanoid receptor antagonist'],-1.5464221,-10.007754
BR00117017,G20,A549,48,sorbinil,compound,BRD-A89164055-001-03-3,,['aldose reductase inhibitor'],-2.94004,-12.78151
BR00117017,G21,A549,48,TC-S-7004,compound,BRD-K89517477-001-01-4,poscon_cp,['DYRK inhibitor'],-1.5693917,-11.164125
BR00117017,G22,A549,48,saclofen,compound,BRD-A24122750-001-03-7,,['GABA receptor antagonist'],-2.9456682,-12.842884
BR00117017,G23,A549,48,BAY-87-2243,compound,BRD-K70463136-001-01-5,,,0.12654345,-11.558015
BR00117017,G24,A549,48,ibudilast,compound,BRD-K16444452-001-09-1,,['phosphodiesterase inhibitor'],-3.231305,-12.578391
BR00117017,H01,A549,48,briciclib,compound,BRD-K05531427-001-01-7,,,0.37265894,-5.432562
BR00117017,H02,A549,48,2-Oleoylglycerol,compound,BRD-K77087341-001-02-4,,,-3.1067595,-12.996948
BR00117017,H03,A549,48,RGFP966,compound,BRD-K61688984-001-02-9,poscon_cp,['HDAC inhibitor'],-0.7710104,-10.365128
BR00117017,H04,A549,48,DMSO,compound,,negcon,,-2.4325655,-12.949669
BR00117017,H05,A549,48,azacitidine,compound,BRD-K03406345-001-21-1,poscon_diverse,,0.9337017,-11.439437
BR00117017,H06,A549,48,N6-cyclopentyladenosine,compound,BRD-K60150510-001-15-6,,,-2.4417741,-13.078793
BR00117017,H07,A549,48,filgotinib,compound,BRD-K16803204-001-01-6,poscon_cp,['JAK inhibitor'],-2.6903937,-9.940426
BR00117017,H08,A549,48,guanidine,compound,BRD-K76037122-001-02-5,,['HSP inhibitor'],-2.5492532,-12.707919
BR00117017,H09,A549,48,coumarin,compound,BRD-K23913458-001-20-7,,,-2.723321,-13.1258335
BR00117017,H10,A549,48,DMSO,compound,,negcon,,-2.9710102,-12.723018
BR00117017,H11,A549,48,ZM-336372,compound,BRD-K73789395-001-09-9,poscon_orf,['RAF inhibitor'],-0.4705551,-11.834515
BR00117017,H12,A549,48,citric-acid,compound,BRD-K76792669-001-08-1,,['coagulation factor inhibitor'],-3.0505598,-12.570226
BR00117017,H13,A549,48,DMSO,compound,,negcon,,-2.9742486,-13.062876
BR00117017,H14,A549,48,CCG-63802,compound,BRD-K26970495-001-02-7,,['G protein signaling inhibitor'],-2.493553,-10.113574
BR00117017,H15,A549,48,ibutilide,compound,BRD-A74391928-051-03-9,,['potassium channel blocker'],-1.4791873,-10.371928
BR00117017,H16,A549,48,batimastat,compound,BRD-K82818427-001-04-8,,['matrix metalloprotease inhibitor'],-1.3250115,-12.23638
BR00117017,H17,A549,48,DMSO,compound,,negcon,,-3.2125442,-12.641394
BR00117017,H18,A549,48,DMSO,compound,,negcon,,-2.6694396,-12.797154
BR00117017,H19,A549,48,UNC1999,compound,BRD-K26989966-001-04-3,poscon_cp,['histone lysine methyltransferase inhibitor'],0.8585806,-3.6295931
BR00117017,H20,A549,48,glutamine-(l),compound,BRD-K83896451-001-06-7,,,-2.6495254,-12.952278
BR00117017,H21,A549,48,PD-98059,compound,BRD-K62810658-001-11-4,poscon_orf,,-1.4538105,-12.471841
BR00117017,H22,A549,48,enilconazole,compound,BRD-K01825690-065-01-9,,,-2.593553,-12.9471245
BR00117017,H23,A549,48,N-alpha-Methylhistamine-dihydrochloride,compound,BRD-K75390981-300-04-9,,['histamine receptor agonist'],-3.2931557,-12.553686
BR00117017,H24,A549,48,GK921,compound,BRD-K38272302-001-02-7,,,0.21283932,-3.8291767
BR00117017,I01,A549,48,nilvadipine,compound,BRD-A84687895-001-03-2,,['calcium channel blocker'],-3.3253572,-12.377263
BR00117017,I02,A549,48,DMSO,compound,,negcon,,-2.9144008,-13.229
BR00117017,I03,A549,48,AC-710,compound,BRD-K15819326-001-01-6,,['PDGFR tyrosine kinase receptor inhibitor'],-0.72209126,-7.4089184
BR00117017,I04,A549,48,PETCM,compound,BRD-A93477898-001-04-2,,,-2.9358711,-12.292602
BR00117017,I05,A549,48,AZD7762,compound,BRD-K86525559-001-07-8,poscon_diverse,['CHK inhibitor'],1.3498484,-4.2929277
BR00117017,I06,A549,48,PHA-793887,compound,BRD-K64800655-001-09-0,poscon_diverse,['CDK inhibitor'],2.443424,-5.8125997
BR00117017,I07,A549,48,KU-60019,compound,BRD-K36016295-001-05-2,,['ATM kinase inhibitor'],0.07457903,-6.719055
BR00117017,I08,A549,48,nafamostat,compound,BRD-K06674495-334-04-0,,,0.43776557,-10.693771
BR00117017,I09,A549,48,DMSO,compound,,negcon,,-2.6592996,-13.120926
BR00117017,I10,A549,48,DMSO,compound,,negcon,,-3.0915675,-13.023166
BR00117017,I11,A549,48,taladegib,compound,BRD-K50498985-001-03-3,,['smoothened receptor antagonist'],-2.344351,-12.24825
BR00117017,I12,A549,48,acetohexamide,compound,BRD-K52960356-001-13-0,,['ATP channel blocker'],-2.944176,-12.462527
BR00117017,I13,A549,48,minocycline,compound,BRD-A69651145-003-11-4,,,-3.4055653,-11.861484
BR00117017,I14,A549,48,BI-2536,compound,BRD-K64890080-001-02-1,poscon_diverse,,1.3382539,-5.773198
BR00117017,I15,A549,48,riociguat,compound,BRD-K84783599-001-01-0,,,-3.0151784,-13.032054
BR00117017,I16,A549,48,CP-724714,compound,BRD-K76908866-001-07-6,poscon_cp,"['EGFR inhibitor', 'protein tyrosine kinase inhibitor']",-0.37069,-10.640728
BR00117017,I17,A549,48,ganetespib,compound,BRD-K38852836-001-04-9,poscon_diverse,['HSP inhibitor'],2.3255847,-7.028131
BR00117017,I18,A549,48,AZ191,compound,BRD-K80935598-001-01-1,poscon_cp,['DYRK inhibitor'],-0.6342993,-7.1118174
BR00117017,I19,A549,48,BAX-channel-blocker,compound,BRD-A18763547-300-06-3,,,-0.15698108,-6.623622
BR00117017,I20,A549,48,SU3327,compound,BRD-K32730239-001-01-0,,['JNK inhibitor'],0.31712282,-3.9709842
BR00117017,I21,A549,48,DMSO,compound,,negcon,,-2.8852327,-12.753625
BR00117017,I22,A549,48,DMSO,compound,,negcon,,-2.5697265,-12.734383
BR00117017,I23,A549,48,octreotide,compound,BRD-A64173453-015-03-1,,['somatostatin receptor agonist'],-2.9493585,-12.801915
BR00117017,I24,A549,48,1-octanol,compound,BRD-K09338665-001-08-9,,,-2.7601385,-12.8595495
BR00117017,J01,A549,48,acalabrutinib,compound,BRD-K64034691-001-01-9,,"[""Bruton's tyrosine kinase (BTK) inhibitor""]",-3.2719924,-12.410553
BR00117017,J02,A549,48,rifamycin,compound,BRD-K38512030-001-01-7,,,-2.6946247,-13.072659
BR00117017,J03,A549,48,pazopanib,compound,BRD-K74514084-003-09-2,,"['KIT inhibitor', 'VEGFR inhibitor', 'PDGFR tyrosine kinase receptor inhibitor']",-0.13210905,-11.669794
BR00117017,J04,A549,48,RKI-1447,compound,BRD-K19333160-001-01-3,poscon_cp,,-1.3880382,-13.261853
BR00117017,J05,A549,48,vitamin-E,compound,BRD-K97091514-001-11-4,,['PKC inhibitor'],-2.8678367,-12.949088
BR00117017,J06,A549,48,lonafarnib,compound,BRD-K41599323-001-02-3,poscon_diverse,,-2.0325265,-7.5062766
BR00117017,J07,A549,48,ethyl-pyruvate,compound,BRD-K47738867-001-01-5,,,-3.303299,-12.319751
BR00117017,J08,A549,48,picrotin,compound,BRD-A91822151-001-05-0,,['GABA receptor antagonist'],-2.7380574,-12.592162
BR00117017,J09,A549,48,SGX523,compound,BRD-K19477839-001-07-6,poscon_cp,,-2.1111321,-12.393261
BR00117017,J10,A549,48,PP-2,compound,BRD-K95785537-001-22-3,,['src inhibitor'],0.78802156,-8.273685
BR00117017,J11,A549,48,ME-0328,compound,BRD-A63444178-001-01-5,,['PPAR receptor antagonist'],-3.211189,-12.768764
BR00117017,J12,A549,48,AZD9668,compound,BRD-K31476763-001-01-5,,['elastase inhibitor'],-3.343396,-12.21197
BR00117017,J13,A549,48,NQDI-1,compound,BRD-K61918008-001-07-1,,,-2.6623938,-12.698076
BR00117017,J14,A549,48,DMSO,compound,,negcon,,-2.9716763,-13.004516
BR00117017,J15,A549,48,carzenide,compound,BRD-K09295674-001-09-8,,,-3.1958342,-13.07983
BR00117017,J16,A549,48,KU-55933,compound,BRD-K25311561-001-10-7,,['ATM kinase inhibitor'],0.13965105,-10.533158
BR00117017,J17,A549,48,NVP-AEW541,compound,BRD-K24696047-001-02-3,poscon_cp,['IGF-1 inhibitor'],-0.3279284,-7.6417794
BR00117017,J18,A549,48,leflunomide,compound,BRD-K78692225-001-24-5,,['PDGFR tyrosine kinase receptor inhibitor'],-1.1954511,-11.037907
BR00117017,J19,A549,48,DMSO,compound,,negcon,,-2.3871005,-12.794788
BR00117017,J20,A549,48,azacitidine,compound,BRD-K03406345-001-21-1,poscon_diverse,,0.99587655,-11.43734
BR00117017,J21,A549,48,ixabepilone,compound,BRD-K03601870-001-01-2,,['microtubule stabilizing agent'],0.26002505,-5.424874
BR00117017,J22,A549,48,KH-CB19,compound,BRD-K66430217-001-03-8,poscon_cp,['CDC inhibitor'],-2.7430022,-12.196435
BR00117017,J23,A549,48,DMSO,compound,,negcon,,-3.164733,-13.032915
BR00117017,J24,A549,48,PF-05190457,compound,BRD-K02554563-001-01-6,,,-2.159769,-12.16478
BR00117017,K01,A549,48,LDN-212854,compound,BRD-K59831625-001-03-9,,,0.86324453,-3.5893483
BR00117017,K02,A549,48,formononetin,compound,BRD-K55567017-001-12-3,,['alcohol dehydrogenase inhibitor'],-2.3243651,-12.65161
BR00117017,K03,A549,48,aminopurvalanol-a,compound,BRD-K07762753-001-05-1,poscon_orf,['CDK inhibitor'],1.4170936,-7.298513
BR00117017,K04,A549,48,ruxolitinib,compound,BRD-K53972329-001-01-3,poscon_cp,['JAK inhibitor'],-1.5983142,-12.895175
BR00117017,K05,A549,48,DMSO,compound,,negcon,,-2.4833388,-13.236862
BR00117017,K06,A549,48,DMSO,compound,,negcon,,-2.3167996,-12.937449
BR00117017,K07,A549,48,LGK-974,compound,BRD-K16810791-001-01-0,,['porcupine inhibitor'],-1.6237924,-12.156023
BR00117017,K08,A549,48,polydatin,compound,BRD-K43236057-001-07-1,,['ICAM1 expression inhibitor'],1.0699333,-6.6682243
BR00117017,K09,A549,48,enflurane,compound,BRD-A51831848-001-01-7,,,-2.7849724,-12.715561
BR00117017,K10,A549,48,PFI-1,compound,BRD-K13094524-001-04-2,poscon_cp,,-2.3202894,-11.953202
BR00117017,K11,A549,48,AZD7762,compound,BRD-K86525559-001-07-8,poscon_diverse,['CHK inhibitor'],1.429249,-4.1934247
BR00117017,K12,A549,48,sotrastaurin,compound,BRD-K16761703-001-03-8,,['PKC inhibitor'],-2.295561,-13.8615885
BR00117017,K13,A549,48,DMSO,compound,,negcon,,-2.857522,-13.149278
BR00117017,K14,A549,48,cycloheximide,compound,BRD-K36055864-001-20-0,,['protein synthesis inhibitor'],1.1743056,-11.130643
BR00117017,K15,A549,48,oxytocin,compound,BRD-K25243230-001-01-2,,,-2.620049,-12.813273
BR00117017,K16,A549,48,DMSO,compound,,negcon,,-2.9653378,-12.860295
BR00117017,K17,A549,48,colchicine,compound,BRD-K00259736-001-16-4,,,0.32981023,-5.4966044
BR00117017,K18,A549,48,afimoxifene,compound,BRD-K04210847-001-21-9,,,-1.6705189,-10.050385
BR00117017,K19,A549,48,DMSO,compound,,negcon,,-3.1205847,-13.051693
BR00117017,K20,A549,48,ZK-93423,compound,BRD-K33882852-003-02-8,poscon_diverse,['benzodiazepine receptor agonist'],0.1204603,-11.916062
BR00117017,K21,A549,48,RGB-286638,compound,BRD-K20986415-001-02-6,,['CDK inhibitor'],1.6363108,-4.065929
BR00117017,K22,A549,48,FPS-ZM1,compound,BRD-K87691185-001-01-2,,['RAGE receptor antagonist'],-2.548751,-13.038726
BR00117017,K23,A549,48,flindokalner,compound,BRD-K56740996-001-02-1,,,-3.19069,-12.609774
BR00117017,K24,A549,48,motesanib,compound,BRD-K99616396-316-05-3,,"['KIT inhibitor', 'VEGFR inhibitor', 'PDGFR tyrosine kinase receptor inhibitor']",-0.06388825,-11.508239
BR00117017,L01,A549,48,geldanamycin,compound,BRD-K43570081-001-02-4,,['HSP inhibitor'],2.446464,-7.0948343
BR00117017,L02,A549,48,DMSO,compound,,negcon,,-2.9863658,-12.92173
BR00117017,L03,A549,48,CGP-53353,compound,BRD-K32292990-001-03-6,,"['PKC inhibitor', 'EGFR inhibitor']",-2.8127403,-12.523438
BR00117017,L04,A549,48,7-hydroxystaurosporine,compound,BRD-K45293975-001-02-0,,"['CDK inhibitor', 'PKC inhibitor', 'CHK inhibitor']",-0.079518266,-6.751027
BR00117017,L05,A549,48,DMSO,compound,,negcon,,-2.8391733,-13.182131
BR00117017,L06,A549,48,DMSO,compound,,negcon,,-3.0541162,-12.871337
BR00117017,L07,A549,48,efaproxiral,compound,BRD-K37355418-236-01-6,,,-2.7284281,-12.835715
BR00117017,L08,A549,48,SB-203580,compound,BRD-A37704979-001-12-3,poscon_orf,['p38 MAPK inhibitor'],0.757369,-9.917386
BR00117017,L09,A549,48,FK-866,compound,BRD-K58550667-001-08-7,poscon_diverse,,2.1175096,-7.951203
BR00117017,L10,A549,48,bepridil,compound,BRD-A91008255-003-24-8,,['calcium channel blocker'],-0.8107184,-10.734727
BR00117017,L11,A549,48,delanzomib,compound,BRD-K59325863-001-04-4,,,0.8605288,-3.5941782
BR00117017,L12,A549,48,buparlisib,compound,BRD-K42191735-001-08-7,poscon_diverse,,0.12607953,-6.134578
BR00117017,L13,A549,48,phenylbutazone,compound,BRD-K10843433-001-23-5,,"['cyclooxygenase inhibitor', 'prostanoid receptor antagonist']",-2.3856585,-12.822887
BR00117017,L14,A549,48,deferasirox,compound,BRD-K97010173-001-04-1,,,-1.2365243,-12.643969
BR00117017,L15,A549,48,DMSO,compound,,negcon,,-2.5133502,-12.944187
BR00117017,L16,A549,48,cediranib,compound,BRD-K86930074-001-05-0,,"['KIT inhibitor', 'VEGFR inhibitor']",-0.2666445,-7.7037473
BR00117017,L17,A549,48,isoflurane,compound,BRD-A31564021-001-02-6,,,-2.6145253,-13.077933
BR00117017,L18,A549,48,DMSO,compound,,negcon,,-2.622884,-12.777303
BR00117017,L19,A549,48,CCG-50014,compound,BRD-K08893438-001-06-4,,['G protein signaling inhibitor'],-2.659564,-13.085087
BR00117017,L20,A549,48,PF-431396,compound,BRD-K93788137-001-04-1,,,1.3529491,-6.779883
BR00117017,L21,A549,48,TG-02,compound,BRD-K14560436-001-01-4,,"['CDK inhibitor', 'FLT3 inhibitor', 'JAK inhibitor']",2.1730185,-5.5345845
BR00117017,L22,A549,48,baclofen,compound,BRD-K01826724-003-07-9,,['benzodiazepine receptor agonist'],-2.6817565,-12.735594
BR00117017,L23,A549,48,thiostrepton,compound,BRD-A20697603-001-07-2,,['protein synthesis inhibitor'],-1.5260396,-10.310966
BR00117017,L24,A549,48,flufenamic-acid,compound,BRD-K44067360-001-29-5,,,-3.124235,-12.760885
BR00117017,M01,A549,48,DMSO,compound,,negcon,,-3.2889721,-12.954832
BR00117017,M02,A549,48,LY2109761,compound,BRD-K47557313-001-02-7,,,-1.0489812,-10.83698
BR00117017,M03,A549,48,olopatadine,compound,BRD-K67637637-003-11-8,,['histamine receptor antagonist'],-2.878812,-11.8111725
BR00117017,M04,A549,48,DMSO,compound,,negcon,,-2.4510608,-13.013231
BR00117017,M05,A549,48,castanospermine,compound,BRD-K20897876-001-11-8,,['glucosidase inhibitor'],-2.6400647,-12.911661
BR00117017,M06,A549,48,A205804,compound,BRD-K77627880-001-04-0,,['ICAM1 expression inhibitor'],-2.0087316,-13.508285
BR00117017,M07,A549,48,VU591,compound,BRD-K72063794-003-01-0,,['potassium channel blocker'],-2.8444505,-12.210197
BR00117017,M08,A549,48,dalbavancin,compound,BRD-K30177383-001-01-0,,['bacterial cell wall synthesis inhibitor'],-3.440984,-11.907353
BR00117017,M09,A549,48,CC-401,compound,BRD-K45746021-003-01-9,,['JNK inhibitor'],-1.3351588,-11.081109
BR00117017,M10,A549,48,ganetespib,compound,BRD-K38852836-001-04-9,poscon_diverse,['HSP inhibitor'],2.3650188,-6.96865
BR00117017,M11,A549,48,ingenol-mebutate,compound,BRD-K93779381-001-01-9,,,1.2987399,-5.4290833
BR00117017,M12,A549,48,menadione,compound,BRD-K78126613-001-27-7,,,-2.3883655,-10.116733
BR00117017,M13,A549,48,cetilistat,compound,BRD-K94863486-001-02-2,,,-3.6842844,-11.106026
BR00117017,M14,A549,48,methoxsalen,compound,BRD-K63430059-001-16-4,,['DNA synthesis inhibitor'],-2.199503,-12.755508
BR00117017,M15,A549,48,cyclosporine,compound,BRD-K13533483-001-16-2,,,0.7024612,-7.7001047
BR00117017,M16,A549,48,NSC-632839,compound,BRD-K81197548-003-01-4,poscon_cp,['ubiquitin specific protease inhibitor'],0.123973474,-3.9224305
BR00117017,M17,A549,48,DMSO,compound,,negcon,,-2.3660932,-13.042275
BR00117017,M18,A549,48,TG-003,compound,BRD-K97072811-001-11-4,poscon_cp,,-1.5923418,-11.468601
BR00117017,M19,A549,48,oxibendazole,compound,BRD-K52075715-001-06-7,,['tubulin polymerization inhibitor'],0.3471784,-5.5204873
BR00117017,M20,A549,48,TG-101348,compound,BRD-K12502280-001-11-4,poscon_cp,"['JAK inhibitor', 'FLT3 inhibitor']",1.0602993,-3.7054715
BR00117017,M21,A549,48,miglitol,compound,BRD-A63310107-001-04-8,,['glucosidase inhibitor'],-3.091305,-13.345086
BR00117017,M22,A549,48,DMSO,compound,,negcon,,-2.945328,-12.893824
BR00117017,M23,A549,48,DMSO,compound,,negcon,,-3.2198465,-12.84345
BR00117017,M24,A549,48,tranilast,compound,BRD-K17849083-001-32-9,,,-2.435933,-12.899588
BR00117017,N01,A549,48,4-methylhistamine,compound,BRD-K70821460-300-02-4,,['histamine receptor agonist'],-3.637187,-12.013135
BR00117017,N02,A549,48,LDN-27219,compound,BRD-K51485109-001-01-4,,,-3.0761557,-13.028952
BR00117017,N03,A549,48,anisomycin,compound,BRD-K91370081-001-25-1,,['DNA synthesis inhibitor'],1.6593711,-3.8436637
BR00117017,N04,A549,48,thioguanine,compound,BRD-K49350383-001-13-7,poscon_diverse,,1.3695877,-9.373046
BR00117017,N05,A549,48,droxinostat,compound,BRD-K11558771-001-13-9,,['HDAC inhibitor'],-1.4109367,-10.604169
BR00117017,N06,A549,48,UNC2025,compound,BRD-K91283740-003-01-6,poscon_cp,['FLT3 inhibitor'],-0.11868882,-7.0280027
BR00117017,N07,A549,48,DMSO,compound,,negcon,,-3.1922073,-12.813618
BR00117017,N08,A549,48,DMSO,compound,,negcon,,-2.7689302,-13.190924
BR00117017,N09,A549,48,AMG900,compound,BRD-K21728777-001-02-3,poscon_cp,['Aurora kinase inhibitor'],1.2288185,-6.5792575
BR00117017,N10,A549,48,PF-06463922,compound,BRD-A23124853-001-01-4,,['ALK tyrosine kinase receptor inhibitor'],-0.8611834,-10.127186
BR00117017,N11,A549,48,orantinib,compound,BRD-K55966568-001-09-6,poscon_cp,"['FGFR inhibitor', 'PDGFR tyrosine kinase receptor inhibitor', 'VEGFR inhibitor']",-3.2945068,-12.986049
BR00117017,N12,A549,48,fludarabine-phosphate,compound,BRD-K71106091-001-09-5,,['ribonucleotide reductase inhibitor'],1.7495033,-7.009476
BR00117017,N13,A549,48,ceritinib,compound,BRD-K22149900-001-06-2,,['ALK tyrosine kinase receptor inhibitor'],-0.5068243,-8.405646
BR00117017,N14,A549,48,NVS-PAK1-1,compound,BRD-K28132190-001-02-0,poscon_cp,['p21 activated kinase inhibitor'],-1.6914979,-12.638857
BR00117017,N15,A549,48,homoharringtonine,compound,BRD-K76674262-001-03-3,,['protein synthesis inhibitor'],1.7278128,-3.8431368
BR00117017,N16,A549,48,picrotoxinin,compound,BRD-K36461289-001-05-8,,['GABA receptor antagonist'],-3.0625212,-12.996787
BR00117017,N17,A549,48,DMSO,compound,,negcon,,-2.5970972,-12.730588
BR00117017,N18,A549,48,danusertib,compound,BRD-K07881437-001-03-8,poscon_diverse,"['growth factor receptor inhibitor', 'Aurora kinase inhibitor']",1.3574431,-6.9366784
BR00117017,N19,A549,48,romidepsin,compound,BRD-K61397605-001-01-8,poscon_cp,['HDAC inhibitor'],0.58916533,-3.627443
BR00117017,N20,A549,48,FERb-033,compound,BRD-K61642990-001-01-0,poscon_cp,['EGFR inhibitor'],-2.8677785,-13.031023
BR00117017,N21,A549,48,PF-03758309,compound,BRD-K37764012-001-03-3,poscon_diverse,['p21 activated kinase inhibitor'],2.2067082,-6.015408
BR00117017,N22,A549,48,DMSO,compound,,negcon,,-3.143863,-13.210001
BR00117017,N23,A549,48,trometamol,compound,BRD-K47978074-001-03-2,,,-2.9784744,-13.185803
BR00117017,N24,A549,48,simvastatin,compound,BRD-K22134346-001-22-3,,['HMGCR inhibitor'],-3.356528,-12.795472
BR00117017,O01,A549,48,zaprinast,compound,BRD-K16542329-001-16-8,,['phosphodiesterase inhibitor'],-3.208276,-12.963287
BR00117017,O02,A549,48,dexamethasone,compound,BRD-A10188456-001-04-9,,['glucocorticoid receptor agonist'],2.405127,-10.037678
BR00117017,O03,A549,48,salicylic-acid,compound,BRD-K93632104-001-17-2,,['cyclooxygenase inhibitor'],-2.5354545,-13.006252
BR00117017,O04,A549,48,diltiazem,compound,BRD-A69636825-003-04-7,,['calcium channel blocker'],-0.7976416,-10.782797
BR00117017,O05,A549,48,phenolphthalein,compound,BRD-K19227686-001-18-6,,,-3.2658012,-12.618684
BR00117017,O06,A549,48,niflumic-acid,compound,BRD-K98763141-001-30-8,,['cyclooxygenase inhibitor'],-2.6089237,-12.858329
BR00117017,O07,A549,48,DMSO,compound,,negcon,,-2.6268277,-12.961781
BR00117017,O08,A549,48,L-Cystine,compound,BRD-A15397381-001-02-5,,,-2.8116355,-12.892685
BR00117017,O09,A549,48,ozanimod,compound,BRD-K46625559-001-01-8,,['sphingosine 1 phosphate receptor agonist'],-1.5537964,-12.771954
BR00117017,O10,A549,48,efaroxan,compound,BRD-A10739734-003-09-8,,['adrenergic receptor antagonist'],-2.9440749,-13.199863
BR00117017,O11,A549,48,NBQX,compound,BRD-K11796549-001-05-2,,['glutamate receptor antagonist'],-2.8697278,-13.023075
BR00117017,O12,A549,48,dinoprostone,compound,BRD-K26521938-001-07-2,,['prostanoid receptor agonist'],-3.0186305,-12.235283
BR00117017,O13,A549,48,Ro-20-1724,compound,BRD-A07207424-001-14-0,,['phosphodiesterase inhibitor'],-3.1743946,-11.575378
BR00117017,O14,A549,48,xanomeline,compound,BRD-K72815923-034-02-0,,['acetylcholine receptor agonist'],-2.6450605,-12.546059
BR00117017,O15,A549,48,terazosin,compound,BRD-K01825589-310-02-9,,['adrenergic receptor antagonist'],-3.13859,-12.380317
BR00117017,O16,A549,48,BVT-948,compound,BRD-K68567222-001-01-2,,,-2.2468038,-10.143781
BR00117017,O17,A549,48,nicotine,compound,BRD-K01825660-322-01-9,,['acetylcholine receptor agonist'],-3.0629687,-13.094873
BR00117017,O18,A549,48,DMSO,compound,,negcon,,-3.1633215,-13.13933
BR00117017,O19,A549,48,U-0521,compound,BRD-K08953028-001-09-6,,,-2.7797182,-13.38479
BR00117017,O20,A549,48,BMS-587101,compound,BRD-K20093108-001-02-3,,,-3.0000415,-12.88376
BR00117017,O21,A549,48,nimodipine,compound,BRD-A58048407-001-20-4,,['calcium channel blocker'],-2.5126755,-12.296726
BR00117017,O22,A549,48,pyrrolidine-dithiocarbamate,compound,BRD-K80970344-201-08-6,,,0.21299554,-3.8442085
BR00117017,O23,A549,48,PF-915275,compound,BRD-K18289362-001-02-2,,,-3.1726582,-13.225453
BR00117017,O24,A549,48,JTE-013,compound,BRD-K43330982-001-02-3,,,-3.237412,-12.86033
BR00117017,P01,A549,48,sodium-butyrate,compound,BRD-K05878375-236-05-7,,['HDAC inhibitor'],-2.8915212,-12.198052
BR00117017,P02,A549,48,pentostatin,compound,BRD-K91543828-001-02-0,,['ribonucleotide reductase inhibitor'],-2.849453,-13.13134
BR00117017,P03,A549,48,OMDM-2,compound,BRD-K48830578-001-01-9,,,-3.3562152,-12.088571
BR00117017,P04,A549,48,nalmefene,compound,BRD-A72767275-003-01-6,,,-3.3007746,-12.04544
BR00117017,P05,A549,48,DMSO,compound,,negcon,,-2.8915236,-13.25392
BR00117017,P06,A549,48,1-EBIO,compound,BRD-K70586315-001-02-4,,,-3.386208,-12.360572
BR00117017,P07,A549,48,SB-505124,compound,BRD-K40109029-001-02-9,,['ALK tyrosine kinase receptor inhibitor'],0.17222242,-9.518631
BR00117017,P08,A549,48,prasugrel,compound,BRD-A83029242-001-06-1,,['purinergic receptor antagonist'],-3.1408286,-13.024338
BR00117017,P09,A549,48,pidolic-acid,compound,BRD-K57313110-001-06-8,,,-3.4029846,-12.456202
BR00117017,P10,A549,48,DMSO,compound,,negcon,,-3.38759,-12.944563
BR00117017,P11,A549,48,nevirapine,compound,BRD-K15502390-001-20-9,,,-3.386429,-12.773741
BR00117017,P12,A549,48,triamterene,compound,BRD-K92049597-001-20-8,,['sodium channel blocker'],-3.7540677,-12.429775
BR00117017,P13,A549,48,regorafenib,compound,BRD-K16730910-001-07-3,,"['PDGFR tyrosine kinase receptor inhibitor', 'RAF inhibitor', 'KIT inhibitor', 'RET tyrosine kinase inhibitor', 'FGFR inhibitor', 'VEGFR inhibitor']",-1.1989168,-11.910797
BR00117017,P14,A549,48,cyclophosphamide,compound,BRD-A09722536-002-18-0,,,-3.080821,-13.199155
BR00117017,P15,A549,48,olanzapine,compound,BRD-K18895904-001-16-1,,"['dopamine receptor antagonist', 'serotonin receptor antagonist']",-1.4099078,-10.757014
BR00117017,P16,A549,48,KI-16425,compound,BRD-A25569250-001-03-3,,['lysophosphatidic acid receptor antagonist'],-1.7788599,-11.227126
BR00117017,P17,A549,48,SKLB1002,compound,BRD-K29895144-001-01-0,,['VEGFR inhibitor'],-2.9112046,-11.864107
BR00117017,P18,A549,48,cilostazol,compound,BRD-K67017579-001-28-1,,['phosphodiesterase inhibitor'],-3.2061222,-12.126371
BR00117017,P19,A549,48,AZD1283,compound,BRD-K77060810-001-01-5,,['purinergic receptor antagonist'],-3.3181891,-12.980254
BR00117017,P20,A549,48,A-987306,compound,BRD-K68982262-001-01-4,,['histamine receptor antagonist'],-0.90941054,-9.07636
BR00117017,P21,A549,48,procaine,compound,BRD-K24616672-003-20-1,,['HMGCR inhibitor'],-3.000224,-13.145071
BR00117017,P22,A549,48,miconazole,compound,BRD-A82396632-008-30-8,,['bacterial cell wall synthesis inhibitor'],-3.2486563,-12.842101
BR00117017,P23,A549,48,loperamide,compound,BRD-K61250553-003-30-6,,,-0.79779035,-8.904619
BR00117017,P24,A549,48,aripiprazole,compound,BRD-K70358946-001-17-3,,['serotonin receptor antagonist'],-0.922611,-9.261259
BR00117019,A01,A549,48,gabapentin-enacarbil,compound,BRD-A86665761-001-01-1,,,-3.2316933,-11.653346
BR00117019,A02,A549,48,DMSO,compound,,negcon,,-3.7023065,-11.846614
BR00117019,A03,A549,48,amlodipine,compound,BRD-A22032524-074-09-9,,['calcium channel blocker'],-0.92042214,-9.266606
BR00117019,A04,A549,48,hexestrol,compound,BRD-A01078468-001-14-8,,,-3.4199674,-10.718201
BR00117019,A05,A549,48,quinine,compound,BRD-K48278478-001-01-2,,,-2.702958,-11.581121
BR00117019,A06,A549,48,LOXO-101,compound,BRD-K36574127-001-01-3,,,-3.4043925,-11.537293
BR00117019,A07,A549,48,brinzolamide,compound,BRD-K74913225-001-14-0,,['carbonic anhydrase inhibitor'],-3.8220549,-11.99647
BR00117019,A08,A549,48,NS-11021,compound,BRD-K94342292-001-01-3,,['calcium-activated potassium channel activator'],-0.7125811,-12.280104
BR00117019,A09,A549,48,DMSO,compound,,negcon,,-3.673122,-11.548385
BR00117019,A10,A549,48,GNF-5837,compound,BRD-K19975102-001-01-2,,['growth factor receptor inhibitor'],-0.22786762,-11.521935
BR00117019,A11,A549,48,apatinib,compound,BRD-K25244359-066-02-6,,['RET tyrosine kinase inhibitor'],-0.28457698,-11.275974
BR00117019,A12,A549,48,ethoxzolamide,compound,BRD-K18131774-001-18-4,,['carbonic anhydrase inhibitor'],-3.8180509,-11.689613
BR00117019,A13,A549,48,ascorbic-acid,compound,BRD-A85242401-001-11-5,,,-3.3924153,-12.029592
BR00117019,A14,A549,48,ryuvidine,compound,BRD-K06426971-001-02-7,,['histone lysine methyltransferase inhibitor'],0.82532763,-4.453395
BR00117019,A15,A549,48,BAN-ORL-24,compound,BRD-K47049295-300-03-1,,,0.28963125,-7.3902626
BR00117019,A16,A549,48,NNC-55-0396,compound,BRD-K78122587-300-04-3,,,-0.49385405,-7.2559357
BR00117019,A17,A549,48,DMSO,compound,,negcon,,-3.9710464,-11.65034
BR00117019,A18,A549,48,WH-4-023,compound,BRD-K50199947-001-03-4,,['src inhibitor'],0.35725647,-7.7164216
BR00117019,A19,A549,48,flupirtine,compound,BRD-K50720187-051-03-1,,['glutamate receptor antagonist'],-2.0712285,-12.29148
BR00117019,A20,A549,48,ZK811752,compound,BRD-K91825936-001-03-9,,,-1.1509584,-11.92234
BR00117019,A21,A549,48,dexamethasone,compound,BRD-K38775274-001-22-1,,['glucocorticoid receptor agonist'],2.408035,-10.030054
BR00117019,A22,A549,48,PP-1,compound,BRD-K47598052-001-14-1,,['src inhibitor'],0.8012311,-8.37719
BR00117019,A23,A549,48,DDR1-IN-1,compound,BRD-K61845293-300-01-9,,,-0.7646801,-9.102872
BR00117019,A24,A549,48,AVL-292,compound,BRD-K87782578-001-01-4,,"[""Bruton's tyrosine kinase (BTK) inhibitor""]",1.0698509,-7.9999266
BR00117019,B01,A549,48,H2L-5765834,compound,BRD-K26439554-001-01-3,,['lysophosphatidic acid receptor antagonist'],-3.7555766,-10.80968
BR00117019,B02,A549,48,thiostrepton,compound,BRD-K58049875-001-03-9,,['protein synthesis inhibitor'],-0.7701044,-7.33777
BR00117019,B03,A549,48,DMSO,compound,,negcon,,-3.8265395,-11.492605
BR00117019,B04,A549,48,arcyriaflavin-a,compound,BRD-K72726508-001-02-1,,['CDK inhibitor'],0.91971,-10.127787
BR00117019,B05,A549,48,CYM-5520,compound,BRD-K29151923-001-01-5,,['sphingosine 1 phosphate receptor agonist'],-3.9642313,-10.90718
BR00117019,B06,A549,48,fludarabine,compound,BRD-K66788707-001-14-3,,['ribonucleotide reductase inhibitor'],2.0804093,-9.102096
BR00117019,B07,A549,48,alda-1,compound,BRD-K06890060-001-09-1,,,-3.3052943,-11.112137
BR00117019,B08,A549,48,meclofenamic-acid,compound,BRD-K50398167-236-22-7,,"['cyclooxygenase inhibitor', 'prostanoid receptor antagonist']",-3.744157,-10.988227
BR00117019,B09,A549,48,GNF-5,compound,BRD-K87632963-001-03-0,,['Bcr-Abl kinase inhibitor'],-2.6130826,-11.892863
BR00117019,B10,A549,48,NS-309,compound,BRD-K37602296-001-01-6,,['calcium-activated potassium channel activator'],-3.7843592,-11.121136
BR00117019,B11,A549,48,AK-7,compound,BRD-K09143580-001-01-0,,['SIRT inhibitor'],-3.9847841,-12.071293
BR00117019,B12,A549,48,BVT-948,compound,BRD-A22713669-001-04-3,,,-2.3693225,-10.355731
BR00117019,B13,A549,48,SirReal-2,compound,BRD-K16472653-001-01-6,,['SIRT inhibitor'],-3.128361,-11.595805
BR00117019,B14,A549,48,DMSO,compound,,negcon,,-3.56994,-11.246338
BR00117019,B15,A549,48,BMS-536924,compound,BRD-K34581968-001-05-3,,['IGF-1 inhibitor'],0.92612165,-7.6986904
BR00117019,B16,A549,48,PP-121,compound,BRD-K81801188-001-02-8,,['protein tyrosine kinase inhibitor'],1.2471738,-4.2926145
BR00117019,B17,A549,48,MCOPPB,compound,BRD-K73276278-305-01-1,,,-0.92767334,-7.4684176
BR00117019,B18,A549,48,ozagrel,compound,BRD-K53061490-003-13-9,,,-3.7361217,-11.540715
BR00117019,B19,A549,48,CYM-5442,compound,BRD-A43005764-003-01-5,,['sphingosine 1 phosphate receptor agonist'],-1.342342,-8.156432
BR00117019,B20,A549,48,CVT-10216,compound,BRD-K60659193-001-01-0,,,-3.8795497,-10.606461
BR00117019,B21,A549,48,TCN201,compound,BRD-K09787262-001-02-7,,['glutamate receptor antagonist'],-3.8704922,-10.99322
BR00117019,B22,A549,48,fomepizole,compound,BRD-K56810756-003-07-7,,['alcohol dehydrogenase inhibitor'],-3.0416713,-11.137545
BR00117019,B23,A549,48,benzamil,compound,BRD-K87158025-003-08-7,,['sodium channel blocker'],-1.9486041,-10.7586355
BR00117019,B24,A549,48,lercanidipine,compound,BRD-A18992208-003-02-7,,['calcium channel blocker'],-1.4430219,-10.335944
BR00117019,C01,A549,48,4-CMTB,compound,BRD-A54139254-001-09-2,,['free fatty acid receptor agonist'],-3.634981,-10.075579
BR00117019,C02,A549,48,ML-228,compound,BRD-K44432556-001-05-5,,,-3.4967487,-11.016117
BR00117019,C03,A549,48,DMSO,compound,,negcon,,-3.5174687,-11.064758
BR00117019,C04,A549,48,GSK1070916,compound,BRD-K36740062-001-06-6,,['Aurora kinase inhibitor'],0.11303868,-7.045975
BR00117019,C05,A549,48,ML-193,compound,BRD-K27539181-001-08-5,,,-2.8605494,-11.102441
BR00117019,C06,A549,48,DMSO,compound,,negcon,,-3.7367787,-11.3357525
BR00117019,C07,A549,48,M-25,compound,BRD-K51265828-001-01-0,,['smoothened receptor antagonist'],-2.2210565,-11.231143
BR00117019,C08,A549,48,azeliragon,compound,BRD-K51899933-001-02-6,,['RAGE receptor antagonist'],0.7217167,-3.8856864
BR00117019,C09,A549,48,CYT-997,compound,BRD-K23363278-001-02-1,poscon_diverse,['tubulin polymerization inhibitor'],0.37675956,-5.4684653
BR00117019,C10,A549,48,AR-12,compound,BRD-K90497590-001-05-9,,,1.1946931,-3.955685
BR00117019,C11,A549,48,CYM-50260,compound,BRD-K69877120-001-01-7,,['sphingosine 1 phosphate receptor agonist'],-1.8711141,-12.16157
BR00117019,C12,A549,48,DMSO,compound,,negcon,,-3.4974113,-11.496792
BR00117019,C13,A549,48,KG-5,compound,BRD-K90747162-001-01-4,poscon_cp,['RAF inhibitor'],0.25897297,-5.7535157
BR00117019,C14,A549,48,JTE-607,compound,BRD-K81405859-300-01-4,,,2.0312946,-9.70638
BR00117019,C15,A549,48,DMSO,compound,,negcon,,-3.676622,-11.428874
BR00117019,C16,A549,48,ilomastat,compound,BRD-K51662849-001-05-4,,['matrix metalloprotease inhibitor'],-3.5162454,-11.651037
BR00117019,C17,A549,48,RX-821002,compound,BRD-A65597028-003-08-1,,['adrenergic receptor antagonist'],-3.4175463,-11.473514
BR00117019,C18,A549,48,DMSO,compound,,negcon,,-3.770042,-11.208986
BR00117019,C19,A549,48,TUG-891,compound,BRD-K24282351-001-01-4,,['free fatty acid receptor agonist'],-3.3703108,-11.60691
BR00117019,C20,A549,48,ponatinib,compound,BRD-K44227013-001-08-0,,"['PDGFR tyrosine kinase receptor inhibitor', 'FLT3 inhibitor', 'Bcr-Abl kinase inhibitor']",0.76219803,-3.6078029
BR00117019,C21,A549,48,DMSO,compound,,negcon,,-3.6699224,-11.231048
BR00117019,C22,A549,48,puromycin,compound,BRD-K01824976-300-02-9,,['protein synthesis inhibitor'],1.0388646,-3.6936514
BR00117019,C23,A549,48,SRC-kinase-inhibitor-I,compound,BRD-K50495309-001-02-0,,['src inhibitor'],-0.25664815,-10.106579
BR00117019,C24,A549,48,acetylcysteine,compound,BRD-K59058747-001-19-1,,,-2.9799669,-11.366826
BR00117019,D01,A549,48,NSC-625987,compound,BRD-K62949423-001-03-1,,['CDK inhibitor'],-3.8445833,-11.133569
BR00117019,D02,A549,48,dalfampridine,compound,BRD-K22482860-001-20-6,,['potassium channel blocker'],-3.6149752,-11.093075
BR00117019,D03,A549,48,NSC-95397,compound,BRD-K68143200-001-11-7,,['CDC inhibitor'],1.383794,-5.994885
BR00117019,D04,A549,48,alrestatin,compound,BRD-K35498378-001-06-1,,['aldose reductase inhibitor'],-3.887175,-11.160992
BR00117019,D05,A549,48,PF-03758309,compound,BRD-K37764012-001-03-3,poscon_diverse,['p21 activated kinase inhibitor'],-3.9148462,-11.659956
BR00117019,D06,A549,48,IRL-2500,compound,BRD-K98357249-001-02-9,,['endothelin receptor antagonist'],-3.928446,-10.805854
BR00117019,D07,A549,48,PF-04217903,compound,BRD-K73319509-001-08-0,poscon_cp,,-3.3981056,-10.96482
BR00117019,D08,A549,48,FK-866,compound,BRD-K58550667-001-08-7,poscon_diverse,,2.0967443,-7.982294
BR00117019,D09,A549,48,amlexanox,compound,BRD-K29530284-001-06-2,,,-3.960483,-11.6347475
BR00117019,D10,A549,48,GW-311616,compound,BRD-K37864785-001-01-0,,['elastase inhibitor'],-3.8436515,-11.484337
BR00117019,D11,A549,48,buparlisib,compound,BRD-K42191735-001-08-7,poscon_diverse,,0.06816504,-6.067899
BR00117019,D12,A549,48,amiloride,compound,BRD-K97181089-003-24-7,,['sodium channel blocker'],-3.5467362,-11.117147
BR00117019,D13,A549,48,DG-172,compound,BRD-K75748943-300-01-3,,,-1.4181257,-9.612641
BR00117019,D14,A549,48,DMSO,compound,,negcon,,-3.8644266,-11.409581
BR00117019,D15,A549,48,DMSO,compound,,negcon,,-3.6135046,-11.5567875
BR00117019,D16,A549,48,NVP-ADW742,compound,BRD-K15179513-001-04-2,poscon_cp,,-0.31229815,-7.115016
BR00117019,D17,A549,48,misoprostol,compound,BRD-A72351335-001-04-5,,['prostanoid receptor agonist'],-3.790382,-11.385043
BR00117019,D18,A549,48,conivaptan,compound,BRD-K37385792-003-02-1,,,-1.0091406,-9.783577
BR00117019,D19,A549,48,spiroxatrine,compound,BRD-A72483914-001-03-7,,['serotonin receptor antagonist'],-3.5144656,-11.580337
BR00117019,D20,A549,48,diacerein,compound,BRD-K69122748-001-10-1,,,-3.5420895,-11.119052
BR00117019,D21,A549,48,DMSO,compound,,negcon,,-3.68717,-11.363681
BR00117019,D22,A549,48,DMSO,compound,,negcon,,-3.4868765,-11.446019
BR00117019,D23,A549,48,glyburide,compound,BRD-K36927236-001-36-7,,['ATP channel blocker'],-3.2713692,-10.925724
BR00117019,D24,A549,48,ANR-94,compound,BRD-K31170746-001-01-6,,,-3.6379662,-12.276147
BR00117019,E01,A549,48,TFC-007,compound,BRD-K57708067-001-01-3,,,-4.086518,-10.912843
BR00117019,E02,A549,48,trihexyphenidyl,compound,BRD-A48180038-003-24-3,,['acetylcholine receptor antagonist'],-3.3446934,-11.167676
BR00117019,E03,A549,48,epoprostenol,compound,BRD-K64054020-001-02-7,,,-3.5374122,-11.198724
BR00117019,E04,A549,48,sacubitril,compound,BRD-K91456750-001-01-9,,,-3.4504929,-11.137222
BR00117019,E05,A549,48,danusertib,compound,BRD-K07881437-001-03-8,poscon_diverse,"['growth factor receptor inhibitor', 'Aurora kinase inhibitor']",1.3287733,-6.98884
BR00117019,E06,A549,48,CYT-997,compound,BRD-K23363278-001-02-1,poscon_diverse,['tubulin polymerization inhibitor'],0.3772313,-5.543537
BR00117019,E07,A549,48,DMSO,compound,,negcon,,-3.6289518,-11.684765
BR00117019,E08,A549,48,BQ-788,compound,BRD-K02490038-236-03-8,,['endothelin receptor antagonist'],-3.4772449,-11.712446
BR00117019,E09,A549,48,SB-202190,compound,BRD-K54330070-001-19-6,poscon_orf,['p38 MAPK inhibitor'],0.6070062,-10.206409
BR00117019,E10,A549,48,GSK2110183,compound,BRD-K25412176-001-01-9,poscon_diverse,,-0.42695484,-8.197469
BR00117019,E11,A549,48,GSK3787,compound,BRD-K03155172-001-03-0,,['PPAR receptor antagonist'],-3.3432772,-11.469113
BR00117019,E12,A549,48,BAM7,compound,BRD-K07442505-001-03-6,,,-3.6503737,-11.856444
BR00117019,E13,A549,48,PHA-793887,compound,BRD-K64800655-001-09-0,poscon_diverse,['CDK inhibitor'],2.4652073,-5.7768335
BR00117019,E14,A549,48,DMSO,compound,,negcon,,-3.6189895,-11.540828
BR00117019,E15,A549,48,GSK-37647,compound,BRD-K26514105-001-01-7,,['free fatty acid receptor agonist'],-3.26291,-11.280285
BR00117019,E16,A549,48,desonide,compound,BRD-K21528677-001-04-4,,['glucocorticoid receptor agonist'],2.3113198,-10.002842
BR00117019,E17,A549,48,DMSO,compound,,negcon,,-3.7718732,-11.127864
BR00117019,E18,A549,48,aloxistatin,compound,BRD-K91188791-001-17-5,,,-1.180048,-7.6103964
BR00117019,E19,A549,48,azathioprine,compound,BRD-K32821942-001-22-1,,,-3.785789,-11.793538
BR00117019,E20,A549,48,ZK-93423,compound,BRD-K33882852-003-02-8,poscon_diverse,['benzodiazepine receptor agonist'],0.13771829,-11.845406
BR00117019,E21,A549,48,BI-2536,compound,BRD-K64890080-001-02-1,poscon_diverse,,1.2588443,-5.74098
BR00117019,E22,A549,48,EI1,compound,BRD-K91535048-001-01-2,poscon_cp,['histone lysine methyltransferase inhibitor'],-3.155227,-11.687511
BR00117019,E23,A549,48,NVP-HSP990,compound,BRD-K67915505-001-01-2,,['HSP inhibitor'],2.3908627,-7.0005183
BR00117019,E24,A549,48,DMSO,compound,,negcon,,-3.7128627,-11.839476
BR00117019,F01,A549,48,DMSO,compound,,negcon,,-3.975714,-11.328407
BR00117019,F02,A549,48,nialamide,compound,BRD-K12102668-001-25-5,,,-3.4408686,-10.576231
BR00117019,F03,A549,48,DMSO,compound,,negcon,,-4.060269,-11.220338
BR00117019,F04,A549,48,arundic-acid,compound,BRD-K49223707-001-01-0,,,-3.6720357,-11.385924
BR00117019,F05,A549,48,torcitabine,compound,BRD-K91822704-003-07-2,,,-3.6048684,-11.50934
BR00117019,F06,A549,48,DMSO,compound,,negcon,,-3.6110046,-11.630274
BR00117019,F07,A549,48,epothilone-b,compound,BRD-K68164687-001-01-6,,"['microtubule stabilizing agent', 'tubulin polymerization inhibitor']",0.5849309,-6.034814
BR00117019,F08,A549,48,dyphylline,compound,BRD-A00827783-001-24-6,,['phosphodiesterase inhibitor'],-3.6783504,-11.499067
BR00117019,F09,A549,48,DMSO,compound,,negcon,,-3.907179,-11.269865
BR00117019,F10,A549,48,quinidine,compound,BRD-K59632282-052-03-1,,['sodium channel blocker'],-2.1749072,-9.905404
BR00117019,F11,A549,48,halopemide,compound,BRD-K50055394-001-03-6,,,-0.34470525,-10.164559
BR00117019,F12,A549,48,sulfinpyrazone,compound,BRD-A36217750-001-16-3,,,-3.4412458,-11.366639
BR00117019,F13,A549,48,ML-323,compound,BRD-K93942811-001-01-3,poscon_cp,['ubiquitin specific protease inhibitor'],-2.7169192,-11.536365
BR00117019,F14,A549,48,racecadotril,compound,BRD-A08187463-001-12-9,,,-4.0872808,-10.874536
BR00117019,F15,A549,48,BRL-50481,compound,BRD-K84266862-001-03-2,,['phosphodiesterase inhibitor'],-3.8384683,-11.361318
BR00117019,F16,A549,48,GSK2110183,compound,BRD-K25412176-001-01-9,poscon_diverse,,-0.3886051,-8.274694
BR00117019,F17,A549,48,bufexamac,compound,BRD-K36660044-001-24-2,,['cyclooxygenase inhibitor'],-2.9728818,-10.99677
BR00117019,F18,A549,48,anandamide,compound,BRD-K42352790-001-05-3,,,-3.5860012,-11.449381
BR00117019,F19,A549,48,thioguanine,compound,BRD-K49350383-001-13-7,poscon_diverse,,1.3047795,-9.287336
BR00117019,F20,A549,48,IWP-L6,compound,BRD-K53234107-001-01-6,,['porcupine inhibitor'],-1.5820401,-11.77221
BR00117019,F21,A549,48,edoxaban,compound,BRD-K29322660-001-01-9,,['coagulation factor inhibitor'],-3.4137096,-11.646219
BR00117019,F22,A549,48,lonafarnib,compound,BRD-K41599323-001-02-3,poscon_diverse,,-1.9707208,-7.435871
BR00117019,F23,A549,48,ibutamoren,compound,BRD-K44771174-066-01-0,,,-1.2608688,-9.743768
BR00117019,F24,A549,48,somatostatin,compound,BRD-K14681867-001-01-6,,['somatostatin receptor agonist'],-3.6547937,-12.310913
BR00117019,G01,A549,48,L-proline,compound,BRD-K01666412-001-02-0,,,-4.0878634,-11.076484
BR00117019,G02,A549,48,zamifenacin,compound,BRD-K80451230-051-02-6,,['acetylcholine receptor antagonist'],-3.873131,-11.338046
BR00117019,G03,A549,48,YC-1,compound,BRD-K60476892-001-16-1,,,-3.4764042,-11.166583
BR00117019,G04,A549,48,DMSO,compound,,negcon,,-3.8256762,-11.46722
BR00117019,G05,A549,48,ME-0328,compound,BRD-K24283677-001-01-9,,['PPAR receptor antagonist'],-3.5999243,-10.418135
BR00117019,G06,A549,48,NSC-663284,compound,BRD-K03109492-001-02-2,,['CDC inhibitor'],-2.5284116,-9.769023
BR00117019,G07,A549,48,CYM-50358,compound,BRD-K80666802-003-01-0,,,-1.0897893,-7.7918797
BR00117019,G08,A549,48,trazodone,compound,BRD-K70778732-003-27-5,,"['adrenergic receptor antagonist', 'serotonin receptor antagonist']",-3.2135468,-11.30268
BR00117019,G09,A549,48,DMSO,compound,,negcon,,-3.9554327,-11.70068
BR00117019,G10,A549,48,DMSO,compound,,negcon,,-3.7160094,-11.484206
BR00117019,G11,A549,48,sulfasalazine,compound,BRD-K10670311-001-17-1,,['cyclooxygenase inhibitor'],-3.9940856,-11.477912
BR00117019,G12,A549,48,"2,5-furandimethanol",compound,BRD-K29791386-001-01-8,,,-3.6930575,-11.027014
BR00117019,G13,A549,48,DMSO,compound,,negcon,,-3.8104646,-11.622301
BR00117019,G14,A549,48,dilazep,compound,BRD-K48722258-300-11-0,,,-3.569239,-11.592139
BR00117019,G15,A549,48,felodipine,compound,BRD-A30815329-001-12-1,,['calcium channel blocker'],-3.7554045,-11.365475
BR00117019,G16,A549,48,paliperidone,compound,BRD-A99888680-001-05-3,,"['dopamine receptor antagonist', 'serotonin receptor antagonist']",-3.9088988,-11.552286
BR00117019,G17,A549,48,purvalanol-a,compound,BRD-K50836978-001-03-3,poscon_orf,['CDK inhibitor'],0.57576615,-9.096395
BR00117019,G18,A549,48,DMSO,compound,,negcon,,-3.869993,-11.488862
BR00117019,G19,A549,48,Ro-1138452,compound,BRD-K77220725-003-01-5,,['prostanoid receptor antagonist'],-1.5151825,-9.846881
BR00117019,G20,A549,48,sorbinil,compound,BRD-A89164055-001-03-3,,['aldose reductase inhibitor'],-3.9174643,-11.335431
BR00117019,G21,A549,48,TC-S-7004,compound,BRD-K89517477-001-01-4,poscon_cp,['DYRK inhibitor'],-1.6043463,-11.143603
BR00117019,G22,A549,48,saclofen,compound,BRD-A24122750-001-03-7,,['GABA receptor antagonist'],-3.841908,-11.644519
BR00117019,G23,A549,48,BAY-87-2243,compound,BRD-K70463136-001-01-5,,,-0.15548334,-11.237919
BR00117019,G24,A549,48,ibudilast,compound,BRD-K16444452-001-09-1,,['phosphodiesterase inhibitor'],-3.606324,-11.738253
BR00117019,H01,A549,48,briciclib,compound,BRD-K05531427-001-01-7,,,0.33258662,-5.4691563
BR00117019,H02,A549,48,2-Oleoylglycerol,compound,BRD-K77087341-001-02-4,,,-3.4392414,-11.348725
BR00117019,H03,A549,48,RGFP966,compound,BRD-K61688984-001-02-9,poscon_cp,['HDAC inhibitor'],-0.71516937,-10.359157
BR00117019,H04,A549,48,DMSO,compound,,negcon,,-3.462192,-11.353241
BR00117019,H05,A549,48,azacitidine,compound,BRD-K03406345-001-21-1,poscon_diverse,,0.978967,-11.411359
BR00117019,H06,A549,48,N6-cyclopentyladenosine,compound,BRD-K60150510-001-15-6,,,-4.0542693,-11.659269
BR00117019,H07,A549,48,filgotinib,compound,BRD-K16803204-001-01-6,poscon_cp,['JAK inhibitor'],-2.911148,-9.834974
BR00117019,H08,A549,48,guanidine,compound,BRD-K76037122-001-02-5,,['HSP inhibitor'],-3.9832032,-11.565429
BR00117019,H09,A549,48,coumarin,compound,BRD-K23913458-001-20-7,,,-3.9193208,-11.529369
BR00117019,H10,A549,48,DMSO,compound,,negcon,,-3.7703052,-11.711168
BR00117019,H11,A549,48,ZM-336372,compound,BRD-K73789395-001-09-9,poscon_orf,['RAF inhibitor'],-0.47241274,-11.93499
BR00117019,H12,A549,48,citric-acid,compound,BRD-K76792669-001-08-1,,['coagulation factor inhibitor'],-4.0103197,-11.107881
BR00117019,H13,A549,48,DMSO,compound,,negcon,,-4.027962,-11.186942
BR00117019,H14,A549,48,CCG-63802,compound,BRD-K26970495-001-02-7,,['G protein signaling inhibitor'],-3.6861904,-10.662781
BR00117019,H15,A549,48,ibutilide,compound,BRD-A74391928-051-03-9,,['potassium channel blocker'],-1.4523152,-10.31032
BR00117019,H16,A549,48,batimastat,compound,BRD-K82818427-001-04-8,,['matrix metalloprotease inhibitor'],-1.3414364,-12.337097
BR00117019,H17,A549,48,DMSO,compound,,negcon,,-3.9309638,-11.440731
BR00117019,H18,A549,48,DMSO,compound,,negcon,,-3.4021285,-11.466939
BR00117019,H19,A549,48,UNC1999,compound,BRD-K26989966-001-04-3,poscon_cp,['histone lysine methyltransferase inhibitor'],0.8990724,-3.640392
BR00117019,H20,A549,48,glutamine-(l),compound,BRD-K83896451-001-06-7,,,-4.0480037,-11.789553
BR00117019,H21,A549,48,PD-98059,compound,BRD-K62810658-001-11-4,poscon_orf,,-1.5929528,-12.258938
BR00117019,H22,A549,48,enilconazole,compound,BRD-K01825690-065-01-9,,,-3.9536827,-11.935407
BR00117019,H23,A549,48,N-alpha-Methylhistamine-dihydrochloride,compound,BRD-K75390981-300-04-9,,['histamine receptor agonist'],-3.0840156,-11.792209
BR00117019,H24,A549,48,GK921,compound,BRD-K38272302-001-02-7,,,0.21645889,-3.9130623
BR00117019,I01,A549,48,nilvadipine,compound,BRD-A84687895-001-03-2,,['calcium channel blocker'],-4.1221576,-11.21962
BR00117019,I02,A549,48,DMSO,compound,,negcon,,-3.8314395,-11.623071
BR00117019,I03,A549,48,AC-710,compound,BRD-K15819326-001-01-6,,['PDGFR tyrosine kinase receptor inhibitor'],-0.5211164,-7.3355865
BR00117019,I04,A549,48,PETCM,compound,BRD-A93477898-001-04-2,,,-3.4854004,-11.22065
BR00117019,I05,A549,48,AZD7762,compound,BRD-K86525559-001-07-8,poscon_diverse,['CHK inhibitor'],1.3829687,-4.2635183
BR00117019,I06,A549,48,PHA-793887,compound,BRD-K64800655-001-09-0,poscon_diverse,['CDK inhibitor'],2.484611,-5.8387976
BR00117019,I07,A549,48,KU-60019,compound,BRD-K36016295-001-05-2,,['ATM kinase inhibitor'],0.0022245338,-6.70827
BR00117019,I08,A549,48,nafamostat,compound,BRD-K06674495-334-04-0,,,0.458273,-10.608108
BR00117019,I09,A549,48,DMSO,compound,,negcon,,-3.8304968,-11.189599
BR00117019,I10,A549,48,DMSO,compound,,negcon,,-4.124615,-11.441095
BR00117019,I11,A549,48,taladegib,compound,BRD-K50498985-001-03-3,,['smoothened receptor antagonist'],-2.5284858,-11.848601
BR00117019,I12,A549,48,acetohexamide,compound,BRD-K52960356-001-13-0,,['ATP channel blocker'],-4.126925,-11.478903
BR00117019,I13,A549,48,minocycline,compound,BRD-A69651145-003-11-4,,,-4.133483,-11.585581
BR00117019,I14,A549,48,BI-2536,compound,BRD-K64890080-001-02-1,poscon_diverse,,1.3689369,-5.7857685
BR00117019,I15,A549,48,riociguat,compound,BRD-K84783599-001-01-0,,,-3.9906192,-11.240508
BR00117019,I16,A549,48,CP-724714,compound,BRD-K76908866-001-07-6,poscon_cp,"['EGFR inhibitor', 'protein tyrosine kinase inhibitor']",-0.31417263,-10.554313
BR00117019,I17,A549,48,ganetespib,compound,BRD-K38852836-001-04-9,poscon_diverse,['HSP inhibitor'],2.363965,-6.9828057
BR00117019,I18,A549,48,AZ191,compound,BRD-K80935598-001-01-1,poscon_cp,['DYRK inhibitor'],-0.4569798,-6.986277
BR00117019,I19,A549,48,BAX-channel-blocker,compound,BRD-A18763547-300-06-3,,,-0.19417489,-6.368013
BR00117019,I20,A549,48,SU3327,compound,BRD-K32730239-001-01-0,,['JNK inhibitor'],0.41612625,-4.050291
BR00117019,I21,A549,48,DMSO,compound,,negcon,,-3.9561067,-11.770848
BR00117019,I22,A549,48,DMSO,compound,,negcon,,-4.112599,-11.659059
BR00117019,I23,A549,48,octreotide,compound,BRD-A64173453-015-03-1,,['somatostatin receptor agonist'],-4.0698175,-10.844888
BR00117019,I24,A549,48,1-octanol,compound,BRD-K09338665-001-08-9,,,-3.3035774,-12.297853
BR00117019,J01,A549,48,acalabrutinib,compound,BRD-K64034691-001-01-9,,"[""Bruton's tyrosine kinase (BTK) inhibitor""]",-4.0024486,-11.537051
BR00117019,J02,A549,48,rifamycin,compound,BRD-K38512030-001-01-7,,,-4.1273174,-11.678034
BR00117019,J03,A549,48,pazopanib,compound,BRD-K74514084-003-09-2,,"['KIT inhibitor', 'VEGFR inhibitor', 'PDGFR tyrosine kinase receptor inhibitor']",-0.058812294,-11.653176
BR00117019,J04,A549,48,RKI-1447,compound,BRD-K19333160-001-01-3,poscon_cp,,-1.3830192,-13.256245
BR00117019,J05,A549,48,vitamin-E,compound,BRD-K97091514-001-11-4,,['PKC inhibitor'],-4.089382,-11.376582
BR00117019,J06,A549,48,lonafarnib,compound,BRD-K41599323-001-02-3,poscon_diverse,,-2.086526,-7.440617
BR00117019,J07,A549,48,ethyl-pyruvate,compound,BRD-K47738867-001-01-5,,,-4.317205,-11.469506
BR00117019,J08,A549,48,picrotin,compound,BRD-A91822151-001-05-0,,['GABA receptor antagonist'],-3.6790843,-11.101818
BR00117019,J09,A549,48,SGX523,compound,BRD-K19477839-001-07-6,poscon_cp,,-4.209784,-11.422653
BR00117019,J10,A549,48,PP-2,compound,BRD-K95785537-001-22-3,,['src inhibitor'],0.83304536,-8.229803
BR00117019,J11,A549,48,ME-0328,compound,BRD-A63444178-001-01-5,,['PPAR receptor antagonist'],-4.0033875,-11.450899
BR00117019,J12,A549,48,AZD9668,compound,BRD-K31476763-001-01-5,,['elastase inhibitor'],-4.3462973,-11.362512
BR00117019,J13,A549,48,NQDI-1,compound,BRD-K61918008-001-07-1,,,-4.1763015,-11.598973
BR00117019,J14,A549,48,DMSO,compound,,negcon,,-4.0616064,-11.582341
BR00117019,J15,A549,48,carzenide,compound,BRD-K09295674-001-09-8,,,-4.117299,-11.936449
BR00117019,J16,A549,48,KU-55933,compound,BRD-K25311561-001-10-7,,['ATM kinase inhibitor'],0.09603976,-10.550701
BR00117019,J17,A549,48,NVP-AEW541,compound,BRD-K24696047-001-02-3,poscon_cp,['IGF-1 inhibitor'],-0.44718516,-7.703305
BR00117019,J18,A549,48,leflunomide,compound,BRD-K78692225-001-24-5,,['PDGFR tyrosine kinase receptor inhibitor'],-1.2096,-10.924552
BR00117019,J19,A549,48,DMSO,compound,,negcon,,-4.1071477,-11.723726
BR00117019,J20,A549,48,azacitidine,compound,BRD-K03406345-001-21-1,poscon_diverse,,1.0530806,-11.3780365
BR00117019,J21,A549,48,ixabepilone,compound,BRD-K03601870-001-01-2,,['microtubule stabilizing agent'],0.31172317,-5.435226
BR00117019,J22,A549,48,KH-CB19,compound,BRD-K66430217-001-03-8,poscon_cp,['CDC inhibitor'],-3.975547,-10.494298
BR00117019,J23,A549,48,DMSO,compound,,negcon,,-4.1250005,-11.875577
BR00117019,J24,A549,48,PF-05190457,compound,BRD-K02554563-001-01-6,,,-2.9093072,-12.219348
BR00117019,K01,A549,48,LDN-212854,compound,BRD-K59831625-001-03-9,,,0.86763173,-3.508548
BR00117019,K02,A549,48,formononetin,compound,BRD-K55567017-001-12-3,,['alcohol dehydrogenase inhibitor'],-3.8132815,-12.036042
BR00117019,K03,A549,48,aminopurvalanol-a,compound,BRD-K07762753-001-05-1,poscon_orf,['CDK inhibitor'],1.3486139,-7.390923
BR00117019,K04,A549,48,ruxolitinib,compound,BRD-K53972329-001-01-3,poscon_cp,['JAK inhibitor'],-1.4746861,-12.705718
BR00117019,K05,A549,48,DMSO,compound,,negcon,,-3.7209942,-11.407339
BR00117019,K06,A549,48,DMSO,compound,,negcon,,-3.7116878,-11.734376
BR00117019,K07,A549,48,LGK-974,compound,BRD-K16810791-001-01-0,,['porcupine inhibitor'],-1.5736802,-12.064892
BR00117019,K08,A549,48,polydatin,compound,BRD-K43236057-001-07-1,,['ICAM1 expression inhibitor'],1.0558002,-6.5887527
BR00117019,K09,A549,48,enflurane,compound,BRD-A51831848-001-01-7,,,-4.0988665,-11.024345
BR00117019,K10,A549,48,PFI-1,compound,BRD-K13094524-001-04-2,poscon_cp,,-2.7331004,-11.023103
BR00117019,K11,A549,48,AZD7762,compound,BRD-K86525559-001-07-8,poscon_diverse,['CHK inhibitor'],1.2997445,-4.107049
BR00117019,K12,A549,48,sotrastaurin,compound,BRD-K16761703-001-03-8,,['PKC inhibitor'],-2.323367,-13.846189
BR00117019,K13,A549,48,DMSO,compound,,negcon,,-3.9013715,-11.723247
BR00117019,K14,A549,48,cycloheximide,compound,BRD-K36055864-001-20-0,,['protein synthesis inhibitor'],1.1425549,-11.115413
BR00117019,K15,A549,48,oxytocin,compound,BRD-K25243230-001-01-2,,,-4.279944,-11.123495
BR00117019,K16,A549,48,DMSO,compound,,negcon,,-4.1498737,-11.437097
BR00117019,K17,A549,48,colchicine,compound,BRD-K00259736-001-16-4,,,0.42367294,-5.5588646
BR00117019,K18,A549,48,afimoxifene,compound,BRD-K04210847-001-21-9,,,-1.6002707,-9.949305
BR00117019,K19,A549,48,DMSO,compound,,negcon,,-3.6281085,-11.753268
BR00117019,K20,A549,48,ZK-93423,compound,BRD-K33882852-003-02-8,poscon_diverse,['benzodiazepine receptor agonist'],-0.00054433785,-11.805589
BR00117019,K21,A549,48,RGB-286638,compound,BRD-K20986415-001-02-6,,['CDK inhibitor'],1.46935,-4.20825
BR00117019,K22,A549,48,FPS-ZM1,compound,BRD-K87691185-001-01-2,,['RAGE receptor antagonist'],-3.06034,-11.6169615
BR00117019,K23,A549,48,flindokalner,compound,BRD-K56740996-001-02-1,,,-4.154536,-11.244582
BR00117019,K24,A549,48,motesanib,compound,BRD-K99616396-316-05-3,,"['KIT inhibitor', 'VEGFR inhibitor', 'PDGFR tyrosine kinase receptor inhibitor']",-0.14816202,-11.551927
BR00117019,L01,A549,48,geldanamycin,compound,BRD-K43570081-001-02-4,,['HSP inhibitor'],2.4645367,-7.093773
BR00117019,L02,A549,48,DMSO,compound,,negcon,,-4.2243724,-11.525487
BR00117019,L03,A549,48,CGP-53353,compound,BRD-K32292990-001-03-6,,"['PKC inhibitor', 'EGFR inhibitor']",-4.1811666,-11.40392
BR00117019,L04,A549,48,7-hydroxystaurosporine,compound,BRD-K45293975-001-02-0,,"['CDK inhibitor', 'PKC inhibitor', 'CHK inhibitor']",-0.048591737,-6.6651487
BR00117019,L05,A549,48,DMSO,compound,,negcon,,-3.9680634,-11.628379
BR00117019,L06,A549,48,DMSO,compound,,negcon,,-3.9691913,-11.87292
BR00117019,L07,A549,48,efaproxiral,compound,BRD-K37355418-236-01-6,,,-3.404387,-11.614487
BR00117019,L08,A549,48,SB-203580,compound,BRD-A37704979-001-12-3,poscon_orf,['p38 MAPK inhibitor'],0.8248207,-9.848026
BR00117019,L09,A549,48,FK-866,compound,BRD-K58550667-001-08-7,poscon_diverse,,2.0322626,-7.9132853
BR00117019,L10,A549,48,bepridil,compound,BRD-A91008255-003-24-8,,['calcium channel blocker'],-0.82599705,-10.692159
BR00117019,L11,A549,48,delanzomib,compound,BRD-K59325863-001-04-4,,,0.80906516,-3.702349
BR00117019,L12,A549,48,buparlisib,compound,BRD-K42191735-001-08-7,poscon_diverse,,0.0995399,-6.1029024
BR00117019,L13,A549,48,phenylbutazone,compound,BRD-K10843433-001-23-5,,"['cyclooxygenase inhibitor', 'prostanoid receptor antagonist']",-4.1646404,-11.496432
BR00117019,L14,A549,48,deferasirox,compound,BRD-K97010173-001-04-1,,,-1.1696688,-12.604068
BR00117019,L15,A549,48,DMSO,compound,,negcon,,-4.0414014,-11.101061
BR00117019,L16,A549,48,cediranib,compound,BRD-K86930074-001-05-0,,"['KIT inhibitor', 'VEGFR inhibitor']",-0.4931876,-7.68563
BR00117019,L17,A549,48,isoflurane,compound,BRD-A31564021-001-02-6,,,-3.9213674,-10.701901
BR00117019,L18,A549,48,DMSO,compound,,negcon,,-3.9830668,-11.270171
BR00117019,L19,A549,48,CCG-50014,compound,BRD-K08893438-001-06-4,,['G protein signaling inhibitor'],-4.1105146,-11.774534
BR00117019,L20,A549,48,PF-431396,compound,BRD-K93788137-001-04-1,,,1.3202723,-6.7640357
BR00117019,L21,A549,48,TG-02,compound,BRD-K14560436-001-01-4,,"['CDK inhibitor', 'FLT3 inhibitor', 'JAK inhibitor']",2.371882,-5.7021866
BR00117019,L22,A549,48,baclofen,compound,BRD-K01826724-003-07-9,,['benzodiazepine receptor agonist'],-3.7308817,-10.6228895
BR00117019,L23,A549,48,thiostrepton,compound,BRD-A20697603-001-07-2,,['protein synthesis inhibitor'],-1.5027868,-10.303892
BR00117019,L24,A549,48,flufenamic-acid,compound,BRD-K44067360-001-29-5,,,-3.1700373,-12.624905
BR00117019,M01,A549,48,DMSO,compound,,negcon,,-4.1653786,-11.297641
BR00117019,M02,A549,48,LY2109761,compound,BRD-K47557313-001-02-7,,,-1.0756519,-10.875412
BR00117019,M03,A549,48,olopatadine,compound,BRD-K67637637-003-11-8,,['histamine receptor antagonist'],-3.700206,-11.028588
BR00117019,M04,A549,48,DMSO,compound,,negcon,,-3.84171,-11.585313
BR00117019,M05,A549,48,castanospermine,compound,BRD-K20897876-001-11-8,,['glucosidase inhibitor'],-3.4623435,-11.2427435
BR00117019,M06,A549,48,A205804,compound,BRD-K77627880-001-04-0,,['ICAM1 expression inhibitor'],-1.9115722,-13.416848
BR00117019,M07,A549,48,VU591,compound,BRD-K72063794-003-01-0,,['potassium channel blocker'],-4.0583677,-11.311258
BR00117019,M08,A549,48,dalbavancin,compound,BRD-K30177383-001-01-0,,['bacterial cell wall synthesis inhibitor'],-4.0606017,-11.41896
BR00117019,M09,A549,48,CC-401,compound,BRD-K45746021-003-01-9,,['JNK inhibitor'],-1.31648,-11.097913
BR00117019,M10,A549,48,ganetespib,compound,BRD-K38852836-001-04-9,poscon_diverse,['HSP inhibitor'],2.3868828,-6.952079
BR00117019,M11,A549,48,ingenol-mebutate,compound,BRD-K93779381-001-01-9,,,1.333726,-5.4451284
BR00117019,M12,A549,48,menadione,compound,BRD-K78126613-001-27-7,,,-2.5374873,-10.08953
BR00117019,M13,A549,48,cetilistat,compound,BRD-K94863486-001-02-2,,,-4.1242595,-11.15065
BR00117019,M14,A549,48,methoxsalen,compound,BRD-K63430059-001-16-4,,['DNA synthesis inhibitor'],-3.504608,-11.878645
BR00117019,M15,A549,48,cyclosporine,compound,BRD-K13533483-001-16-2,,,0.6219822,-7.598505
BR00117019,M16,A549,48,NSC-632839,compound,BRD-K81197548-003-01-4,poscon_cp,['ubiquitin specific protease inhibitor'],0.17409086,-3.8756273
BR00117019,M17,A549,48,DMSO,compound,,negcon,,-4.0361714,-11.092406
BR00117019,M18,A549,48,TG-003,compound,BRD-K97072811-001-11-4,poscon_cp,,-1.6871259,-11.332417
BR00117019,M19,A549,48,oxibendazole,compound,BRD-K52075715-001-06-7,,['tubulin polymerization inhibitor'],0.33400238,-5.59841
BR00117019,M20,A549,48,TG-101348,compound,BRD-K12502280-001-11-4,poscon_cp,"['JAK inhibitor', 'FLT3 inhibitor']",0.9239583,-3.6340575
BR00117019,M21,A549,48,miglitol,compound,BRD-A63310107-001-04-8,,['glucosidase inhibitor'],-4.2262645,-11.688062
BR00117019,M22,A549,48,DMSO,compound,,negcon,,-4.1508403,-11.561104
BR00117019,M23,A549,48,DMSO,compound,,negcon,,-3.772109,-11.871613
BR00117019,M24,A549,48,tranilast,compound,BRD-K17849083-001-32-9,,,-3.6154091,-12.644425
BR00117019,N01,A549,48,4-methylhistamine,compound,BRD-K70821460-300-02-4,,['histamine receptor agonist'],-3.2241967,-10.169144
BR00117019,N02,A549,48,LDN-27219,compound,BRD-K51485109-001-01-4,,,-4.3509107,-11.2250595
BR00117019,N03,A549,48,anisomycin,compound,BRD-K91370081-001-25-1,,['DNA synthesis inhibitor'],1.7134933,-3.9246395
BR00117019,N04,A549,48,thioguanine,compound,BRD-K49350383-001-13-7,poscon_diverse,,1.3587788,-9.327722
BR00117019,N05,A549,48,droxinostat,compound,BRD-K11558771-001-13-9,,['HDAC inhibitor'],-1.3589157,-9.988353
BR00117019,N06,A549,48,UNC2025,compound,BRD-K91283740-003-01-6,poscon_cp,['FLT3 inhibitor'],0.009955584,-6.941973
BR00117019,N07,A549,48,DMSO,compound,,negcon,,-4.057595,-11.523158
BR00117019,N08,A549,48,DMSO,compound,,negcon,,-4.160636,-11.083111
BR00117019,N09,A549,48,AMG900,compound,BRD-K21728777-001-02-3,poscon_cp,['Aurora kinase inhibitor'],1.2185593,-6.684918
BR00117019,N10,A549,48,PF-06463922,compound,BRD-A23124853-001-01-4,,['ALK tyrosine kinase receptor inhibitor'],-0.8335875,-10.141169
BR00117019,N11,A549,48,orantinib,compound,BRD-K55966568-001-09-6,poscon_cp,"['FGFR inhibitor', 'PDGFR tyrosine kinase receptor inhibitor', 'VEGFR inhibitor']",-3.8688397,-10.47231
BR00117019,N12,A549,48,fludarabine-phosphate,compound,BRD-K71106091-001-09-5,,['ribonucleotide reductase inhibitor'],1.6782246,-6.7698154
BR00117019,N13,A549,48,ceritinib,compound,BRD-K22149900-001-06-2,,['ALK tyrosine kinase receptor inhibitor'],-0.4367537,-8.354976
BR00117019,N14,A549,48,NVS-PAK1-1,compound,BRD-K28132190-001-02-0,poscon_cp,['p21 activated kinase inhibitor'],-1.6120641,-12.659766
BR00117019,N15,A549,48,homoharringtonine,compound,BRD-K76674262-001-03-3,,['protein synthesis inhibitor'],1.7391603,-3.7976074
BR00117019,N16,A549,48,picrotoxinin,compound,BRD-K36461289-001-05-8,,['GABA receptor antagonist'],-4.2688923,-11.401741
BR00117019,N17,A549,48,DMSO,compound,,negcon,,-3.767581,-11.8061905
BR00117019,N18,A549,48,danusertib,compound,BRD-K07881437-001-03-8,poscon_diverse,"['growth factor receptor inhibitor', 'Aurora kinase inhibitor']",1.2960237,-6.871512
BR00117019,N19,A549,48,romidepsin,compound,BRD-K61397605-001-01-8,poscon_cp,['HDAC inhibitor'],0.6200343,-3.6609762
BR00117019,N20,A549,48,FERb-033,compound,BRD-K61642990-001-01-0,poscon_cp,['EGFR inhibitor'],-3.9410107,-12.05221
BR00117019,N21,A549,48,PF-03758309,compound,BRD-K37764012-001-03-3,poscon_diverse,['p21 activated kinase inhibitor'],2.2634854,-5.9914465
BR00117019,N22,A549,48,DMSO,compound,,negcon,,-4.2197213,-11.392599
BR00117019,N23,A549,48,trometamol,compound,BRD-K47978074-001-03-2,,,-3.3800998,-11.46019
BR00117019,N24,A549,48,simvastatin,compound,BRD-K22134346-001-22-3,,['HMGCR inhibitor'],-2.8018954,-12.886307
BR00117019,O01,A549,48,zaprinast,compound,BRD-K16542329-001-16-8,,['phosphodiesterase inhibitor'],-3.775481,-10.154946
BR00117019,O02,A549,48,dexamethasone,compound,BRD-A10188456-001-04-9,,['glucocorticoid receptor agonist'],2.3624082,-10.004727
BR00117019,O03,A549,48,salicylic-acid,compound,BRD-K93632104-001-17-2,,['cyclooxygenase inhibitor'],-3.3082418,-11.271841
BR00117019,O04,A549,48,diltiazem,compound,BRD-A69636825-003-04-7,,['calcium channel blocker'],-0.8698455,-10.734531
BR00117019,O05,A549,48,phenolphthalein,compound,BRD-K19227686-001-18-6,,,-3.8882017,-11.092527
BR00117019,O06,A549,48,niflumic-acid,compound,BRD-K98763141-001-30-8,,['cyclooxygenase inhibitor'],-4.203987,-11.123643
BR00117019,O07,A549,48,DMSO,compound,,negcon,,-3.7200997,-11.238271
BR00117019,O08,A549,48,L-Cystine,compound,BRD-A15397381-001-02-5,,,-4.043248,-10.948294
BR00117019,O09,A549,48,ozanimod,compound,BRD-K46625559-001-01-8,,['sphingosine 1 phosphate receptor agonist'],-1.3235528,-12.932569
BR00117019,O10,A549,48,efaroxan,compound,BRD-A10739734-003-09-8,,['adrenergic receptor antagonist'],-3.9934418,-10.884451
BR00117019,O11,A549,48,NBQX,compound,BRD-K11796549-001-05-2,,['glutamate receptor antagonist'],-3.9572666,-10.610948
BR00117019,O12,A549,48,dinoprostone,compound,BRD-K26521938-001-07-2,,['prostanoid receptor agonist'],-4.052629,-10.968095
BR00117019,O13,A549,48,Ro-20-1724,compound,BRD-A07207424-001-14-0,,['phosphodiesterase inhibitor'],-3.457814,-11.414765
BR00117019,O14,A549,48,xanomeline,compound,BRD-K72815923-034-02-0,,['acetylcholine receptor agonist'],-4.2798243,-11.729593
BR00117019,O15,A549,48,terazosin,compound,BRD-K01825589-310-02-9,,['adrenergic receptor antagonist'],-3.819591,-11.767501
BR00117019,O16,A549,48,BVT-948,compound,BRD-K68567222-001-01-2,,,-2.306774,-10.181345
BR00117019,O17,A549,48,nicotine,compound,BRD-K01825660-322-01-9,,['acetylcholine receptor agonist'],-3.981493,-11.829282
BR00117019,O18,A549,48,DMSO,compound,,negcon,,-4.1500363,-11.459663
BR00117019,O19,A549,48,U-0521,compound,BRD-K08953028-001-09-6,,,-3.679237,-11.171679
BR00117019,O20,A549,48,BMS-587101,compound,BRD-K20093108-001-02-3,,,-3.1485476,-11.331231
BR00117019,O21,A549,48,nimodipine,compound,BRD-A58048407-001-20-4,,['calcium channel blocker'],-4.1401186,-11.639067
BR00117019,O22,A549,48,pyrrolidine-dithiocarbamate,compound,BRD-K80970344-201-08-6,,,0.21622573,-3.7920198
BR00117019,O23,A549,48,PF-915275,compound,BRD-K18289362-001-02-2,,,-4.2803197,-11.057632
BR00117019,O24,A549,48,JTE-013,compound,BRD-K43330982-001-02-3,,,-2.316472,-9.9123955
BR00117019,P01,A549,48,sodium-butyrate,compound,BRD-K05878375-236-05-7,,['HDAC inhibitor'],-1.9235176,-9.646049
BR00117019,P02,A549,48,pentostatin,compound,BRD-K91543828-001-02-0,,['ribonucleotide reductase inhibitor'],-3.8472407,-10.326666
BR00117019,P03,A549,48,OMDM-2,compound,BRD-K48830578-001-01-9,,,-3.7794347,-10.7242565
BR00117019,P04,A549,48,nalmefene,compound,BRD-A72767275-003-01-6,,,-3.5215068,-12.413547
BR00117019,P05,A549,48,DMSO,compound,,negcon,,-3.8431277,-11.9820595
BR00117019,P06,A549,48,1-EBIO,compound,BRD-K70586315-001-02-4,,,-3.576142,-12.385048
BR00117019,P07,A549,48,SB-505124,compound,BRD-K40109029-001-02-9,,['ALK tyrosine kinase receptor inhibitor'],0.28667733,-9.639163
BR00117019,P08,A549,48,prasugrel,compound,BRD-A83029242-001-06-1,,['purinergic receptor antagonist'],-3.9834795,-12.09376
BR00117019,P09,A549,48,pidolic-acid,compound,BRD-K57313110-001-06-8,,,-3.149275,-10.650538
BR00117019,P10,A549,48,DMSO,compound,,negcon,,-3.9584372,-12.068307
BR00117019,P11,A549,48,nevirapine,compound,BRD-K15502390-001-20-9,,,-3.66232,-12.650268
BR00117019,P12,A549,48,triamterene,compound,BRD-K92049597-001-20-8,,['sodium channel blocker'],-3.7191997,-12.627844
BR00117019,P13,A549,48,regorafenib,compound,BRD-K16730910-001-07-3,,"['PDGFR tyrosine kinase receptor inhibitor', 'RAF inhibitor', 'KIT inhibitor', 'RET tyrosine kinase inhibitor', 'FGFR inhibitor', 'VEGFR inhibitor']",-1.3992765,-11.926469
BR00117019,P14,A549,48,cyclophosphamide,compound,BRD-A09722536-002-18-0,,,-4.120192,-10.793913
BR00117019,P15,A549,48,olanzapine,compound,BRD-K18895904-001-16-1,,"['dopamine receptor antagonist', 'serotonin receptor antagonist']",-2.1424162,-10.546502
BR00117019,P16,A549,48,KI-16425,compound,BRD-A25569250-001-03-3,,['lysophosphatidic acid receptor antagonist'],-1.9572128,-11.03176
BR00117019,P17,A549,48,SKLB1002,compound,BRD-K29895144-001-01-0,,['VEGFR inhibitor'],-2.525866,-11.998242
BR00117019,P18,A549,48,cilostazol,compound,BRD-K67017579-001-28-1,,['phosphodiesterase inhibitor'],-3.5990498,-12.421946
BR00117019,P19,A549,48,AZD1283,compound,BRD-K77060810-001-01-5,,['purinergic receptor antagonist'],-3.221216,-12.629521
BR00117019,P20,A549,48,A-987306,compound,BRD-K68982262-001-01-4,,['histamine receptor antagonist'],-0.9241963,-9.132647
BR00117019,P21,A549,48,procaine,compound,BRD-K24616672-003-20-1,,['HMGCR inhibitor'],-2.786045,-12.320605
BR00117019,P22,A549,48,miconazole,compound,BRD-A82396632-008-30-8,,['bacterial cell wall synthesis inhibitor'],-3.1437685,-12.098491
BR00117019,P23,A549,48,loperamide,compound,BRD-K61250553-003-30-6,,,-0.95877206,-8.954598
BR00117019,P24,A549,48,aripiprazole,compound,BRD-K70358946-001-17-3,,['serotonin receptor antagonist'],-1.3152646,-9.098026
